state,state_ansi,county,county_ansi,fips5,ag_district,ag_district_code,year,produced_soy,acres_planted,acres_harvested,production_bu,yield_bu_ac,yield_kg_ha,production_tonnes,area_harvested_ha
IOWA,19,ADAIR,001,19001,SOUTHWEST,70,1980,1.0,59300.0,56500.0,2120000.0,37.5,2521.911192490491,57696.86,22864.738773
IOWA,19,ADAIR,001,19001,SOUTHWEST,70,1981,1.0,61400.0,61400.0,2639000.0,43.0,2891.7915007224296,71821.7045,24847.698418800002
IOWA,19,ADAIR,001,19001,SOUTHWEST,70,1982,1.0,62100.0,61900.0,2026000.0,32.7,2199.1065598517084,55138.603,25050.0412398
IOWA,19,ADAIR,001,19001,SOUTHWEST,70,1983,1.0,65200.0,65200.0,2290000.0,35.1,2360.5088761710995,62323.495,26385.5038584
IOWA,19,ADAIR,001,19001,SOUTHWEST,70,1984,1.0,63100.0,62900.0,1597000.0,25.4,1708.174514380226,43463.1535,25454.7268818
IOWA,19,ADAIR,001,19001,SOUTHWEST,70,1985,1.0,64300.0,64000.0,2529000.0,39.5,2656.4131227566504,68827.9995,25899.881088000002
IOWA,19,ADAIR,001,19001,SOUTHWEST,70,1986,1.0,69400.0,69200.0,2906000.0,42.0,2824.54053558935,79088.243,28004.2464264
IOWA,19,ADAIR,001,19001,SOUTHWEST,70,1987,1.0,63400.0,63100.0,2771000.0,43.9,2952.3173693422013,75414.1505,25535.664010200002
IOWA,19,ADAIR,001,19001,SOUTHWEST,70,1988,1.0,68100.0,67800.0,1936000.0,28.6,1923.3776028060813,52689.208,27437.686527600003
IOWA,19,ADAIR,001,19001,SOUTHWEST,70,1989,1.0,67900.0,67000.0,2573000.0,38.4,2582.4370611102627,70025.4815,27113.938014
IOWA,19,ADAIR,001,19001,SOUTHWEST,70,1990,1.0,66200.0,65800.0,2415000.0,36.7,2468.1104203840273,65725.4325,26628.315243600002
IOWA,19,ADAIR,001,19001,SOUTHWEST,70,1991,1.0,69400.0,68900.0,2920000.0,42.4,2851.4409216425815,79469.26,27882.8407338
IOWA,19,ADAIR,001,19001,SOUTHWEST,70,1992,1.0,70000.0,69800.0,2902000.0,41.6,2797.6401495361183,78979.381,28247.0578116
IOWA,19,ADAIR,001,19001,SOUTHWEST,70,1993,1.0,77000.0,76700.0,2406000.0,31.4,2111.680305178704,65480.493,31039.388741400002
IOWA,19,ADAIR,001,19001,SOUTHWEST,70,1994,1.0,77000.0,76900.0,3831000.0,49.8,3349.0980636273716,104262.5805,31120.325869800003
IOWA,19,ADAIR,001,19001,SOUTHWEST,70,1995,1.0,86000.0,85800.0,2633000.0,30.7,2064.6046295855485,71658.4115,34722.0280836
IOWA,19,ADAIR,001,19001,SOUTHWEST,70,1996,1.0,96000.0,95800.0,3550000.0,37.1,2495.0108064372594,96615.025,38768.8845036
IOWA,19,ADAIR,001,19001,SOUTHWEST,70,1997,1.0,95900.0,94500.0,3791000.0,40.1,2696.7637018364985,103173.9605,38242.793169000004
IOWA,19,ADAIR,001,19001,SOUTHWEST,70,1998,1.0,95100.0,94500.0,4098000.0,43.4,2918.6918867756613,111529.119,38242.793169000004
IOWA,19,ADAIR,001,19001,SOUTHWEST,70,1999,1.0,101000.0,100800.0,4249000.0,42.2,2837.990728615966,115638.6595,40792.312713600004
IOWA,19,ADAIR,001,19001,SOUTHWEST,70,2000,1.0,102000.0,101800.0,4070000.0,40.0,2690.0386053231905,110767.085,41196.9983556
IOWA,19,ADAIR,001,19001,SOUTHWEST,70,2001,1.0,99000.0,98400.0,3856000.0,39.2,2636.237833216727,104942.968,39821.0671728
IOWA,19,ADAIR,001,19001,SOUTHWEST,70,2002,1.0,97000.0,96300.0,4547000.0,47.2,3174.245554281365,123748.8785,38971.227324600004
IOWA,19,ADAIR,001,19001,SOUTHWEST,70,2003,1.0,101000.0,100600.0,2822000.0,28.1,1889.7521202395412,76802.141,40711.3755852
IOWA,19,ADAIR,001,19001,SOUTHWEST,70,2004,1.0,98000.0,97700.0,5049000.0,51.7,3476.874897380224,137411.0595,39537.7872234
IOWA,19,ADAIR,001,19001,SOUTHWEST,70,2005,1.0,96500.0,96000.0,4685400.0,48.8,3281.847098494292,127515.50369999999,38849.821632
IOWA,19,ADAIR,001,19001,SOUTHWEST,70,2006,1.0,101500.0,101000.0,5154100.0,51.0,3429.799221787068,140271.40855,40873.249842000005
IOWA,19,ADAIR,001,19001,SOUTHWEST,70,2007,1.0,91000.0,90900.0,4843000.0,53.3,3584.476441593151,131804.6665,36785.924857800004
IOWA,19,ADAIR,001,19001,SOUTHWEST,70,2008,1.0,106000.0,105300.0,4816000.0,45.5,3059.918913555129,131069.848,42613.398102600004
IOWA,19,ADAIR,001,19001,SOUTHWEST,70,2009,1.0,94500.0,93900.0,4836000.0,51.5,3463.4247043536075,131614.158,37999.9817838
IOWA,19,ADAIR,001,19001,SOUTHWEST,70,2010,1.0,102000.0,101300.0,4935000.0,48.7,3275.1220019809844,134308.4925,40994.6555346
IOWA,19,ADAIR,001,19001,SOUTHWEST,70,2011,1.0,103500.0,101900.0,5130000.0,50.3,3382.7235461939117,139615.515,41237.466919800005
IOWA,19,ADAIR,001,19001,SOUTHWEST,70,2012,1.0,105500.0,105200.0,4063000.0,38.6,2595.8872541368787,110576.5765,42572.9295384
IOWA,19,ADAIR,001,19001,SOUTHWEST,70,2013,1.0,104000.0,103500.0,3806000.0,36.8,2474.835516897335,103582.193,41884.963947000004
IOWA,19,ADAIR,001,19001,SOUTHWEST,70,2014,1.0,106000.0,102700.0,5139000.0,50.0,3362.548256653988,139860.4545,41561.2154334
IOWA,19,ADAIR,001,19001,SOUTHWEST,70,2015,1.0,106500.0,106100.0,5849000.0,55.1,3705.5281788326947,159183.4595,42937.1466162
IOWA,19,ADAIR,001,19001,SOUTHWEST,70,2016,1.0,107000.0,106700.0,6332000.0,59.3,3987.9822323916296,172328.546,43179.9580014
IOWA,19,ADAIR,001,19001,SOUTHWEST,70,2017,1.0,110500.0,109900.0,5554000.0,50.5,3396.1737392205278,151154.887,44474.9520558
IOWA,19,ADAIR,001,19001,SOUTHWEST,70,2018,1.0,106500.0,105700.0,5300000.0,50.1,3369.273353167296,144242.15,42775.2723594
IOWA,19,ADAIR,001,19001,SOUTHWEST,70,2019,1.0,101500.0,100900.0,5376000.0,53.3,3584.476441593151,146310.528,40832.7812778
IOWA,19,ADAIR,001,19001,SOUTHWEST,70,2020,1.0,106000.0,105200.0,5060000.0,48.1,3234.7714229011367,137710.43,42572.9295384
IOWA,19,ADAIR,001,19001,SOUTHWEST,70,2022,1.0,107500.0,106800.0,5076000.0,47.5,3194.4208438212886,138145.878,43220.4265656
IOWA,19,ADAIR,001,19001,SOUTHWEST,70,2024,1.0,107000.0,106300.0,6399000.0,60.2,4048.508101011402,174151.9845,43018.0837446
IOWA,19,ADAIR,001,19001,SOUTHWEST,70,2025,1.0,104000.0,103200.0,6419000.0,62.2,4183.010031277561,174696.2945,41763.5582544
IOWA,19,ADAMS,003,19003,SOUTHWEST,70,1980,1.0,40100.0,38900.0,1370000.0,35.2,2367.233972684408,37285.235,15742.271473800001
IOWA,19,ADAMS,003,19003,SOUTHWEST,70,1981,1.0,44100.0,44100.0,1769000.0,40.1,2696.7637018364985,48144.2195,17846.636812200002
IOWA,19,ADAMS,003,19003,SOUTHWEST,70,1982,1.0,47600.0,47500.0,1390000.0,29.3,1970.453278399237,37829.545,19222.567995
IOWA,19,ADAMS,003,19003,SOUTHWEST,70,1983,1.0,44500.0,44500.0,1196000.0,26.9,1809.0509620798455,32549.738,18008.511069
IOWA,19,ADAMS,003,19003,SOUTHWEST,70,1984,1.0,49300.0,48600.0,954000.0,19.6,1318.1189166083634,25963.587,19667.722201200002
IOWA,19,ADAMS,003,19003,SOUTHWEST,70,1985,1.0,50200.0,50000.0,1923000.0,38.5,2589.1621576235707,52335.4065,20234.2821
IOWA,19,ADAMS,003,19003,SOUTHWEST,70,1986,1.0,52900.0,52500.0,2098000.0,40.0,2690.0386053231905,57098.119,21245.996205
IOWA,19,ADAMS,003,19003,SOUTHWEST,70,1987,1.0,44200.0,44000.0,1794000.0,40.8,2743.839377429654,48824.607,17806.168248
IOWA,19,ADAMS,003,19003,SOUTHWEST,70,1988,1.0,42100.0,41900.0,949000.0,22.6,1519.8718120076026,25827.5095,16956.3283998
IOWA,19,ADAMS,003,19003,SOUTHWEST,70,1989,1.0,43700.0,43600.0,1549000.0,35.5,2387.4092622243315,42156.8095,17644.2939912
IOWA,19,ADAMS,003,19003,SOUTHWEST,70,1990,1.0,41900.0,41700.0,1606000.0,38.5,2589.1621576235707,43708.093,16875.3912714
IOWA,19,ADAMS,003,19003,SOUTHWEST,70,1991,1.0,44100.0,44000.0,1797000.0,40.8,2743.839377429654,48906.2535,17806.168248
IOWA,19,ADAMS,003,19003,SOUTHWEST,70,1992,1.0,44000.0,43800.0,1802000.0,41.1,2764.0146669695782,49042.331,17725.2311196
IOWA,19,ADAMS,003,19003,SOUTHWEST,70,1993,1.0,45000.0,44700.0,1480000.0,33.1,2226.00694590494,40278.94,18089.4481974
IOWA,19,ADAMS,003,19003,SOUTHWEST,70,1994,1.0,45000.0,44900.0,2176000.0,48.5,3261.6718089543683,59220.928,18170.3853258
IOWA,19,ADAMS,003,19003,SOUTHWEST,70,1995,1.0,55000.0,54800.0,1572000.0,28.7,1930.102699319389,42782.766,22176.7731816
IOWA,19,ADAMS,003,19003,SOUTHWEST,70,1996,1.0,53000.0,52900.0,2117000.0,40.0,2690.0386053231905,57615.2135,21407.8704618
IOWA,19,ADAMS,003,19003,SOUTHWEST,70,1997,1.0,57000.0,56400.0,2387000.0,42.3,2844.7158251292735,64963.3985,22824.2702088
IOWA,19,ADAMS,003,19003,SOUTHWEST,70,1998,1.0,56500.0,56300.0,2460000.0,43.7,2938.8671763155858,66950.13,22783.8016446
IOWA,19,ADAMS,003,19003,SOUTHWEST,70,1999,1.0,60000.0,59900.0,2359000.0,39.4,2649.6880262433424,64201.3645,24240.6699558
IOWA,19,ADAMS,003,19003,SOUTHWEST,70,2000,1.0,60000.0,59800.0,2494000.0,41.7,2804.3652460494263,67875.457,24200.2013916
IOWA,19,ADAMS,003,19003,SOUTHWEST,70,2001,1.0,62000.0,61500.0,2504000.0,40.7,2737.1142809163466,68147.612,24888.166983
IOWA,19,ADAMS,003,19003,SOUTHWEST,70,2002,1.0,59000.0,58600.0,2550000.0,43.5,2925.4169832889697,69399.525,23714.578621200002
IOWA,19,ADAMS,003,19003,SOUTHWEST,70,2003,1.0,62000.0,61800.0,1702000.0,27.5,1849.4015411596934,46320.781,25009.5726756
IOWA,19,ADAMS,003,19003,SOUTHWEST,70,2004,1.0,62000.0,61800.0,3135000.0,50.7,3409.623932247144,85320.5925,25009.5726756
IOWA,19,ADAMS,003,19003,SOUTHWEST,70,2005,1.0,61000.0,60700.0,3047300.0,50.2,3375.998449680604,82933.79315,24564.4184694
IOWA,19,ADAMS,003,19003,SOUTHWEST,70,2006,1.0,61000.0,60800.0,2749600.0,45.2,3039.743624015205,74831.73879999999,24604.8870336
IOWA,19,ADAMS,003,19003,SOUTHWEST,70,2007,1.0,57000.0,56900.0,2928000.0,51.5,3463.4247043536075,79686.984,23026.6130298
IOWA,19,ADAMS,003,19003,SOUTHWEST,70,2008,1.0,63700.0,63200.0,2472000.0,39.0,2622.787640190111,67276.716,25576.132574400002
IOWA,19,ADAMS,003,19003,SOUTHWEST,70,2009,1.0,62500.0,62200.0,3172000.0,51.0,3429.799221787068,86327.566,25171.446932400002
IOWA,19,ADAMS,003,19003,SOUTHWEST,70,2010,1.0,65000.0,64200.0,3064000.0,47.7,3207.8710368479046,83388.292,25980.8182164
IOWA,19,ADAMS,003,19003,SOUTHWEST,70,2011,1.0,67800.0,66800.0,3134000.0,46.9,3154.0702647414405,85293.377,27033.000885600002
IOWA,19,ADAMS,003,19003,SOUTHWEST,70,2012,1.0,68000.0,67800.0,2770000.0,40.9,2750.564473942962,75386.935,27437.686527600003
IOWA,19,ADAMS,003,19003,SOUTHWEST,70,2013,1.0,70100.0,69800.0,3075000.0,44.1,2965.7675623688174,83687.6625,28247.0578116
IOWA,19,ADAMS,003,19003,SOUTHWEST,70,2014,1.0,70000.0,69700.0,3315000.0,47.6,3201.1459403345966,90219.3825,28206.5892474
IOWA,19,ADAMS,003,19003,SOUTHWEST,70,2015,1.0,66800.0,66500.0,3348000.0,50.3,3382.7235461939117,91117.494,26911.595193
IOWA,19,ADAMS,003,19003,SOUTHWEST,70,2016,1.0,69400.0,69200.0,3907000.0,56.5,3799.6795300190065,106330.9585,28004.2464264
IOWA,19,ADAMS,003,19003,SOUTHWEST,70,2017,1.0,71500.0,71100.0,3742000.0,52.6,3537.4007659999957,101840.401,28773.1491462
IOWA,19,ADAMS,003,19003,SOUTHWEST,70,2018,1.0,69500.0,69000.0,3674000.0,53.2,3577.7513450798433,99989.747,27923.309298
IOWA,19,ALLAMAKEE,005,19005,NORTHEAST,30,1980,1.0,3400.0,3400.0,130000.0,38.2,2568.986868083647,3538.015,1375.9311828
IOWA,19,ALLAMAKEE,005,19005,NORTHEAST,30,1981,1.0,3800.0,3800.0,146000.0,38.4,2582.4370611102627,3973.463,1537.8054396
IOWA,19,ALLAMAKEE,005,19005,NORTHEAST,30,1982,1.0,4000.0,4000.0,132000.0,33.0,2219.281849391632,3592.446,1618.7425680000001
IOWA,19,ALLAMAKEE,005,19005,NORTHEAST,30,1983,1.0,4200.0,4100.0,154000.0,37.6,2528.636289003799,4191.187,1659.2111322
IOWA,19,ALLAMAKEE,005,19005,NORTHEAST,30,1984,1.0,4200.0,4200.0,127000.0,30.2,2030.9791470190087,3456.3685,1699.6796964
IOWA,19,ALLAMAKEE,005,19005,NORTHEAST,30,1985,1.0,3900.0,3800.0,123000.0,32.4,2178.931270311784,3347.5065,1537.8054396
IOWA,19,ALLAMAKEE,005,19005,NORTHEAST,30,1986,1.0,4200.0,4200.0,161000.0,38.3,2575.7119645969547,4381.6955,1699.6796964
IOWA,19,ALLAMAKEE,005,19005,NORTHEAST,30,1987,1.0,3600.0,3600.0,158000.0,43.9,2952.3173693422013,4300.049,1456.8683112
IOWA,19,ALLAMAKEE,005,19005,NORTHEAST,30,1988,1.0,6000.0,5900.0,175000.0,29.7,1997.3536644524688,4762.7125,2387.6452878
IOWA,19,ALLAMAKEE,005,19005,NORTHEAST,30,1989,1.0,4700.0,4700.0,199000.0,42.3,2844.7158251292735,5415.8845,1902.0225174
IOWA,19,ALLAMAKEE,005,19005,NORTHEAST,30,1990,1.0,4400.0,4400.0,185000.0,42.0,2824.54053558935,5034.8675,1780.6168248000001
IOWA,19,ALLAMAKEE,005,19005,NORTHEAST,30,1991,1.0,4900.0,4900.0,212000.0,43.3,2911.9667902623532,5769.686,1982.9596458
IOWA,19,ALLAMAKEE,005,19005,NORTHEAST,30,1992,1.0,5000.0,4800.0,179000.0,37.3,2508.460999463875,4871.5745,1942.4910816000001
IOWA,19,ALLAMAKEE,005,19005,NORTHEAST,30,1993,1.0,7000.0,6900.0,246000.0,35.7,2400.8594552509476,6695.013,2792.3309298
IOWA,19,ALLAMAKEE,005,19005,NORTHEAST,30,1994,1.0,8000.0,8000.0,392000.0,49.0,3295.2972915209084,10668.476,3237.4851360000002
IOWA,19,ALLAMAKEE,005,19005,NORTHEAST,30,1995,1.0,10000.0,10000.0,437000.0,43.7,2938.8671763155858,11893.1735,4046.85642
IOWA,19,ALLAMAKEE,005,19005,NORTHEAST,30,1996,1.0,12000.0,12000.0,565000.0,47.1,3167.520457768057,15376.7575,4856.227704
IOWA,19,ALLAMAKEE,005,19005,NORTHEAST,30,1997,1.0,21200.0,19500.0,891000.0,45.7,3073.369106581745,24249.0105,7891.370019
IOWA,19,ALLAMAKEE,005,19005,NORTHEAST,30,1998,1.0,22800.0,22600.0,1188000.0,52.6,3537.4007659999957,32332.014,9145.8955092
IOWA,19,ALLAMAKEE,005,19005,NORTHEAST,30,1999,1.0,26000.0,26000.0,1229000.0,47.3,3180.9706507946726,33447.8495,10521.826692
IOWA,19,ALLAMAKEE,005,19005,NORTHEAST,30,2000,1.0,28000.0,27900.0,1319000.0,47.3,3180.9706507946726,35897.2445,11290.7294118
IOWA,19,ALLAMAKEE,005,19005,NORTHEAST,30,2001,1.0,32000.0,31700.0,1300000.0,41.0,2757.28957045627,35380.15,12828.5348514
IOWA,19,ALLAMAKEE,005,19005,NORTHEAST,30,2002,1.0,27000.0,26800.0,1366000.0,51.0,3429.799221787068,37176.373,10845.5752056
IOWA,19,ALLAMAKEE,005,19005,NORTHEAST,30,2003,1.0,29000.0,28800.0,914000.0,31.7,2131.8555947186283,24874.967,11654.9464896
IOWA,19,ALLAMAKEE,005,19005,NORTHEAST,30,2004,1.0,30000.0,29900.0,1275000.0,42.6,2864.891114669198,34699.7625,12100.1006958
IOWA,19,ALLAMAKEE,005,19005,NORTHEAST,30,2005,1.0,28000.0,27800.0,1578000.0,56.8,3819.85481955893,42946.059,11250.2608476
IOWA,19,ALLAMAKEE,005,19005,NORTHEAST,30,2006,1.0,31000.0,30700.0,1500700.0,48.9,3288.5721950076,40842.30085,12423.849209400001
IOWA,19,ALLAMAKEE,005,19005,NORTHEAST,30,2007,1.0,24000.0,23900.0,1156000.0,48.4,3254.9467124410603,31461.118,9671.9868438
IOWA,19,ALLAMAKEE,005,19005,NORTHEAST,30,2008,1.0,33000.0,32800.0,1374000.0,42.0,2824.54053558935,37394.097,13273.6890576
IOWA,19,ALLAMAKEE,005,19005,NORTHEAST,30,2009,1.0,30500.0,30400.0,1390000.0,45.5,3059.918913555129,37829.545,12302.4435168
IOWA,19,ALLAMAKEE,005,19005,NORTHEAST,30,2010,1.0,32500.0,32400.0,1690000.0,52.2,3510.5003799467636,45994.195,13111.8148008
IOWA,19,ALLAMAKEE,005,19005,NORTHEAST,30,2011,1.0,29900.0,29700.0,1548000.0,52.1,3503.7752834334556,42129.594,12019.1635674
IOWA,19,ALLAMAKEE,005,19005,NORTHEAST,30,2012,1.0,30500.0,30400.0,1587000.0,52.2,3510.5003799467636,43190.9985,12302.4435168
IOWA,19,ALLAMAKEE,005,19005,NORTHEAST,30,2013,1.0,31700.0,31500.0,1596000.0,50.7,3409.623932247144,43435.938,12747.597723
IOWA,19,ALLAMAKEE,005,19005,NORTHEAST,30,2014,1.0,30600.0,30400.0,1539000.0,50.6,3402.8988357338358,41884.6545,12302.4435168
IOWA,19,ALLAMAKEE,005,19005,NORTHEAST,30,2015,1.0,34600.0,34400.0,1861000.0,54.1,3638.277213699615,50648.0455,13921.1860848
IOWA,19,ALLAMAKEE,005,19005,NORTHEAST,30,2016,1.0,32200.0,31800.0,1805000.0,56.8,3819.85481955893,49123.9775,12869.0034156
IOWA,19,ALLAMAKEE,005,19005,NORTHEAST,30,2017,1.0,34700.0,34500.0,1815000.0,52.6,3537.4007659999957,49396.1325,13961.654649
IOWA,19,ALLAMAKEE,005,19005,NORTHEAST,30,2018,1.0,32700.0,32400.0,1712000.0,52.8,3550.8509590266112,46592.936,13111.8148008
IOWA,19,ALLAMAKEE,005,19005,NORTHEAST,30,2020,1.0,30800.0,30500.0,1793000.0,58.8,3954.3567498250895,48797.3915,12342.912081
IOWA,19,ALLAMAKEE,005,19005,NORTHEAST,30,2021,1.0,34700.0,34500.0,2136000.0,61.9,4162.834741737637,58132.308,13961.654649
IOWA,19,ALLAMAKEE,005,19005,NORTHEAST,30,2022,1.0,36700.0,36500.0,2234000.0,61.2,4115.759066144481,60799.427,14771.025933
IOWA,19,ALLAMAKEE,005,19005,NORTHEAST,30,2023,1.0,35500.0,35300.0,1843000.0,52.2,3510.5003799467636,50158.1665,14285.4031626
IOWA,19,ALLAMAKEE,005,19005,NORTHEAST,30,2024,1.0,36700.0,36400.0,2078000.0,57.1,3840.030109098854,56553.809,14730.5573688
IOWA,19,ALLAMAKEE,005,19005,NORTHEAST,30,2025,1.0,31800.0,31600.0,1956000.0,61.9,4162.834741737637,53233.518,12788.066287200001
IOWA,19,APPANOOSE,007,19007,SOUTH CENTRAL,80,1980,1.0,41100.0,41000.0,1130000.0,27.6,1856.1266376730014,30753.515,16592.111322
IOWA,19,APPANOOSE,007,19007,SOUTH CENTRAL,80,1981,1.0,34700.0,33500.0,1051000.0,31.4,2111.680305178704,28603.4905,13556.969007
IOWA,19,APPANOOSE,007,19007,SOUTH CENTRAL,80,1982,1.0,30200.0,29000.0,754000.0,26.0,1748.5250934600738,20520.487,11735.883618
IOWA,19,APPANOOSE,007,19007,SOUTH CENTRAL,80,1983,1.0,30600.0,30600.0,612000.0,20.0,1345.0193026615952,16655.886,12383.3806452
IOWA,19,APPANOOSE,007,19007,SOUTH CENTRAL,80,1984,1.0,31100.0,31100.0,730000.0,23.5,1580.3976806273743,19867.315,12585.723466200001
IOWA,19,APPANOOSE,007,19007,SOUTH CENTRAL,80,1985,1.0,28400.0,27900.0,999000.0,35.8,2407.584551764255,27188.2845,11290.7294118
IOWA,19,APPANOOSE,007,19007,SOUTH CENTRAL,80,1986,1.0,29400.0,29200.0,1099000.0,37.6,2528.636289003799,29909.8345,11816.8207464
IOWA,19,APPANOOSE,007,19007,SOUTH CENTRAL,80,1987,1.0,25800.0,25600.0,972000.0,38.0,2555.536675057031,26453.466,10359.9524352
IOWA,19,APPANOOSE,007,19007,SOUTH CENTRAL,80,1988,1.0,26500.0,26100.0,610000.0,23.4,1573.6725841140662,16601.455,10562.295256200001
IOWA,19,APPANOOSE,007,19007,SOUTH CENTRAL,80,1989,1.0,26000.0,25900.0,726000.0,28.0,1883.0270237262332,19758.453,10481.3581278
IOWA,19,APPANOOSE,007,19007,SOUTH CENTRAL,80,1990,1.0,25400.0,25000.0,825000.0,33.0,2219.281849391632,22452.7875,10117.14105
IOWA,19,APPANOOSE,007,19007,SOUTH CENTRAL,80,1991,1.0,27000.0,26900.0,834000.0,31.0,2084.7799191254726,22697.727,10886.0437698
IOWA,19,APPANOOSE,007,19007,SOUTH CENTRAL,80,1992,1.0,25000.0,24900.0,933000.0,37.5,2521.911192490491,25392.0615,10076.6724858
IOWA,19,APPANOOSE,007,19007,SOUTH CENTRAL,80,1993,1.0,28000.0,27700.0,759000.0,27.4,1842.6764446463853,20656.5645,11209.7922834
IOWA,19,APPANOOSE,007,19007,SOUTH CENTRAL,80,1994,1.0,25000.0,24900.0,1016000.0,40.8,2743.839377429654,27650.948,10076.6724858
IOWA,19,APPANOOSE,007,19007,SOUTH CENTRAL,80,1995,1.0,38000.0,37600.0,1133000.0,30.1,2024.254050505701,30835.1615,15216.1801392
IOWA,19,APPANOOSE,007,19007,SOUTH CENTRAL,80,1996,1.0,29000.0,28900.0,1059000.0,36.6,2461.3853238707193,28821.2145,11695.4150538
IOWA,19,APPANOOSE,007,19007,SOUTH CENTRAL,80,1997,1.0,33000.0,32700.0,1378000.0,42.1,2831.265632102658,37502.959,13233.2204934
IOWA,19,APPANOOSE,007,19007,SOUTH CENTRAL,80,1998,1.0,36000.0,35800.0,1449000.0,40.5,2723.66408788973,39435.2595,14487.7459836
IOWA,19,APPANOOSE,007,19007,SOUTH CENTRAL,80,1999,1.0,37000.0,36800.0,1295000.0,35.2,2367.233972684408,35244.0725,14892.4316256
IOWA,19,APPANOOSE,007,19007,SOUTH CENTRAL,80,2000,1.0,39500.0,39300.0,1629000.0,41.5,2790.91505302281,44334.0495,15904.145730600001
IOWA,19,APPANOOSE,007,19007,SOUTH CENTRAL,80,2001,1.0,33000.0,32700.0,1348000.0,41.2,2770.7397634828862,36686.494,13233.2204934
IOWA,19,APPANOOSE,007,19007,SOUTH CENTRAL,80,2002,1.0,39000.0,38900.0,1563000.0,40.2,2703.4887983498065,42537.8265,15742.271473800001
IOWA,19,APPANOOSE,007,19007,SOUTH CENTRAL,80,2003,1.0,36000.0,35800.0,1117000.0,31.2,2098.2301121520886,30399.7135,14487.7459836
IOWA,19,APPANOOSE,007,19007,SOUTH CENTRAL,80,2004,1.0,35500.0,35300.0,1848000.0,52.4,3523.950572973379,50294.244,14285.4031626
IOWA,19,APPANOOSE,007,19007,SOUTH CENTRAL,80,2005,1.0,38000.0,37700.0,1664800.0,44.2,2972.4926588821254,45308.3644,15256.6487034
IOWA,19,APPANOOSE,007,19007,SOUTH CENTRAL,80,2006,1.0,40000.0,39700.0,1680800.0,42.3,2844.7158251292735,45743.812399999995,16066.0199874
IOWA,19,APPANOOSE,007,19007,SOUTH CENTRAL,80,2007,1.0,32500.0,32300.0,1472000.0,45.6,3066.644010068437,40061.216,13071.3462366
IOWA,19,APPANOOSE,007,19007,SOUTH CENTRAL,80,2008,1.0,44500.0,43900.0,1371000.0,31.0,2084.7799191254726,37312.4505,17765.6996838
IOWA,19,APPANOOSE,007,19007,SOUTH CENTRAL,80,2009,1.0,41000.0,40600.0,1736000.0,43.0,2891.7915007224296,47246.108,16430.2370652
IOWA,19,APPANOOSE,007,19007,SOUTH CENTRAL,80,2010,1.0,38600.0,37700.0,1606000.0,42.6,2864.891114669198,43708.093,15256.6487034
IOWA,19,APPANOOSE,007,19007,SOUTH CENTRAL,80,2011,1.0,45500.0,44900.0,1936000.0,43.1,2898.5165972357377,52689.208,18170.3853258
IOWA,19,APPANOOSE,007,19007,SOUTH CENTRAL,80,2012,1.0,50100.0,49600.0,1220000.0,24.6,1654.3737422737622,33202.91,20072.407843200002
IOWA,19,APPANOOSE,007,19007,SOUTH CENTRAL,80,2013,1.0,45400.0,45200.0,1334000.0,29.5,1983.903471425853,36305.477,18291.7910184
IOWA,19,APPANOOSE,007,19007,SOUTH CENTRAL,80,2014,1.0,45400.0,45200.0,2112000.0,46.7,3140.620071714825,57479.136,18291.7910184
IOWA,19,APPANOOSE,007,19007,SOUTH CENTRAL,80,2015,1.0,35400.0,35100.0,1692000.0,48.2,3241.4965194144447,46048.626,14204.4660342
IOWA,19,APPANOOSE,007,19007,SOUTH CENTRAL,80,2016,1.0,45600.0,45400.0,2539000.0,55.9,3759.3289509391584,69100.1545,18372.7281468
IOWA,19,APPANOOSE,007,19007,SOUTH CENTRAL,80,2017,1.0,46200.0,46000.0,2332000.0,50.7,3409.623932247144,63466.546,18615.539532
IOWA,19,APPANOOSE,007,19007,SOUTH CENTRAL,80,2018,1.0,47200.0,46700.0,2106000.0,45.1,3033.018527501897,57315.843,18898.8194814
IOWA,19,APPANOOSE,007,19007,SOUTH CENTRAL,80,2020,1.0,47300.0,46600.0,1823000.0,39.1,2629.512736703419,49613.8565,18858.3509172
IOWA,19,APPANOOSE,007,19007,SOUTH CENTRAL,80,2021,1.0,44000.0,43700.0,2513000.0,57.5,3866.930495152086,68392.5515,17684.7625554
IOWA,19,APPANOOSE,007,19007,SOUTH CENTRAL,80,2022,1.0,50200.0,49900.0,2016000.0,40.4,2716.938991376422,54866.448,20193.8135358
IOWA,19,APPANOOSE,007,19007,SOUTH CENTRAL,80,2023,1.0,43100.0,42700.0,2165000.0,50.7,3409.623932247144,58921.5575,17280.0769134
IOWA,19,AUDUBON,009,19009,WEST CENTRAL,40,1980,1.0,54000.0,53900.0,1910000.0,35.4,2380.6841657110235,51981.605,21812.5561038
IOWA,19,AUDUBON,009,19009,WEST CENTRAL,40,1981,1.0,55600.0,55600.0,2434000.0,43.8,2945.5922728288933,66242.527,22500.5216952
IOWA,19,AUDUBON,009,19009,WEST CENTRAL,40,1982,1.0,62000.0,61900.0,2274000.0,36.7,2468.1104203840273,61888.047,25050.0412398
IOWA,19,AUDUBON,009,19009,WEST CENTRAL,40,1983,1.0,64200.0,64200.0,2367000.0,36.9,2481.560613410643,64419.0885,25980.8182164
IOWA,19,AUDUBON,009,19009,WEST CENTRAL,40,1984,1.0,73800.0,73100.0,2242000.0,30.7,2064.6046295855485,61017.151,29582.520430200002
IOWA,19,AUDUBON,009,19009,WEST CENTRAL,40,1985,1.0,68300.0,68000.0,2703000.0,39.8,2676.5884122965745,73563.4965,27518.623656
IOWA,19,AUDUBON,009,19009,WEST CENTRAL,40,1986,1.0,70800.0,70600.0,2882000.0,40.8,2743.839377429654,78435.071,28570.8063252
IOWA,19,AUDUBON,009,19009,WEST CENTRAL,40,1987,1.0,68300.0,68000.0,3049000.0,44.8,3012.843237961973,82980.0595,27518.623656
IOWA,19,AUDUBON,009,19009,WEST CENTRAL,40,1988,1.0,70700.0,70400.0,2276000.0,32.3,2172.206173798476,61942.478,28489.869196800002
IOWA,19,AUDUBON,009,19009,WEST CENTRAL,40,1989,1.0,72400.0,72200.0,2955000.0,40.9,2750.564473942962,80421.8025,29218.303352400002
IOWA,19,AUDUBON,009,19009,WEST CENTRAL,40,1990,1.0,68600.0,68300.0,2742000.0,40.1,2696.7637018364985,74624.901,27640.0293486
IOWA,19,AUDUBON,009,19009,WEST CENTRAL,40,1991,1.0,73100.0,72500.0,3255000.0,44.9,3019.568334475281,88586.4525,29339.709045
IOWA,19,AUDUBON,009,19009,WEST CENTRAL,40,1992,1.0,72000.0,71900.0,3223000.0,44.8,3012.843237961973,87715.5565,29096.8976598
IOWA,19,AUDUBON,009,19009,WEST CENTRAL,40,1993,1.0,76000.0,74800.0,2595000.0,34.7,2333.608490117868,70624.2225,30270.4860216
IOWA,19,AUDUBON,009,19009,WEST CENTRAL,40,1994,1.0,77000.0,76800.0,4020000.0,52.3,3517.225476460071,109406.31,31079.857305600002
IOWA,19,AUDUBON,009,19009,WEST CENTRAL,40,1995,1.0,84000.0,83600.0,3801000.0,45.5,3059.918913555129,103446.1155,33831.7196712
IOWA,19,AUDUBON,009,19009,WEST CENTRAL,40,1996,1.0,94000.0,93800.0,3934000.0,41.9,2817.815439076042,107065.777,37959.5132196
IOWA,19,AUDUBON,009,19009,WEST CENTRAL,40,1997,1.0,103200.0,102400.0,4622000.0,45.1,3033.018527501897,125790.041,41439.8097408
IOWA,19,AUDUBON,009,19009,WEST CENTRAL,40,1998,1.0,101000.0,100300.0,4340000.0,43.3,2911.9667902623532,118115.27,40589.9698926
IOWA,19,AUDUBON,009,19009,WEST CENTRAL,40,1999,1.0,102000.0,101800.0,4008000.0,39.4,2649.6880262433424,109079.724,41196.9983556
IOWA,19,AUDUBON,009,19009,WEST CENTRAL,40,2000,1.0,100000.0,99800.0,3988000.0,40.0,2690.0386053231905,108535.414,40387.6270716
IOWA,19,AUDUBON,009,19009,WEST CENTRAL,40,2001,1.0,101000.0,100400.0,4005000.0,39.9,2683.3135088098825,108998.0775,40630.4384568
IOWA,19,AUDUBON,009,19009,WEST CENTRAL,40,2002,1.0,97000.0,96800.0,4621000.0,47.7,3207.8710368479046,125762.8255,39173.5701456
IOWA,19,AUDUBON,009,19009,WEST CENTRAL,40,2003,1.0,101000.0,100500.0,3093000.0,30.8,2071.3297260988566,84177.5415,40670.907021
IOWA,19,AUDUBON,009,19009,WEST CENTRAL,40,2004,1.0,98500.0,98100.0,5073000.0,51.7,3476.874897380224,138064.2315,39699.661480200004
IOWA,19,AUDUBON,009,19009,WEST CENTRAL,40,2005,1.0,99500.0,99100.0,5469000.0,55.2,3712.2532753460027,148841.5695,40104.3471222
IOWA,19,AUDUBON,009,19009,WEST CENTRAL,40,2006,1.0,100000.0,99700.0,5086800.0,51.0,3429.799221787068,138439.8054,40347.1585074
IOWA,19,AUDUBON,009,19009,WEST CENTRAL,40,2007,1.0,90000.0,89900.0,4772000.0,53.1,3571.0262485665353,129872.366,36381.2392158
IOWA,19,AUDUBON,009,19009,WEST CENTRAL,40,2008,1.0,94000.0,93700.0,4679000.0,50.0,3362.548256653988,127341.3245,37919.0446554
IOWA,19,AUDUBON,009,19009,WEST CENTRAL,40,2009,1.0,93000.0,92800.0,5151000.0,55.5,3732.428564885927,140187.0405,37554.8275776
IOWA,19,AUDUBON,009,19009,WEST CENTRAL,40,2010,1.0,97000.0,96900.0,5355000.0,55.3,3718.9783718593103,145739.0025,39214.0387098
IOWA,19,AUDUBON,009,19009,WEST CENTRAL,40,2011,1.0,95400.0,94900.0,5229000.0,55.1,3705.5281788326947,142309.8495,38404.6674258
IOWA,19,AUDUBON,009,19009,WEST CENTRAL,40,2012,1.0,92500.0,92200.0,3571000.0,38.7,2602.6123506501867,97186.5505,37312.0161924
IOWA,19,AUDUBON,009,19009,WEST CENTRAL,40,2013,1.0,93800.0,93300.0,4203000.0,45.0,3026.293430988589,114386.7465,37757.1703986
IOWA,19,AUDUBON,009,19009,WEST CENTRAL,40,2014,1.0,97400.0,96800.0,5345000.0,55.2,3712.2532753460027,145466.8475,39173.5701456
IOWA,19,AUDUBON,009,19009,WEST CENTRAL,40,2015,1.0,99600.0,99200.0,5729000.0,57.8,3887.10578469201,155917.5995,40144.815686400005
IOWA,19,AUDUBON,009,19009,WEST CENTRAL,40,2016,1.0,91400.0,91000.0,5639000.0,62.0,4169.559838250945,153468.2045,36826.393422
IOWA,19,AUDUBON,009,19009,WEST CENTRAL,40,2017,1.0,96800.0,96300.0,5506000.0,57.2,3846.7552056121626,149848.543,38971.227324600004
IOWA,19,AUDUBON,009,19009,WEST CENTRAL,40,2018,1.0,91600.0,90800.0,4746000.0,52.3,3517.225476460071,129164.763,36745.4562936
IOWA,19,AUDUBON,009,19009,WEST CENTRAL,40,2019,1.0,94000.0,93200.0,5487000.0,58.9,3961.0818463383976,149331.4485,37716.7018344
IOWA,19,AUDUBON,009,19009,WEST CENTRAL,40,2020,1.0,92300.0,91500.0,4419000.0,48.3,3248.2216159277523,120265.2945,37028.736243
IOWA,19,AUDUBON,009,19009,WEST CENTRAL,40,2021,1.0,98600.0,98000.0,6595000.0,67.3,4525.989953456267,179486.2225,39659.192916
IOWA,19,AUDUBON,009,19009,WEST CENTRAL,40,2022,1.0,95000.0,94400.0,5466000.0,57.9,3893.830881205318,148759.923,38202.3246048
IOWA,19,AUDUBON,009,19009,WEST CENTRAL,40,2023,1.0,99100.0,98400.0,5274000.0,53.6,3604.6517311330754,143534.547,39821.0671728
IOWA,19,AUDUBON,009,19009,WEST CENTRAL,40,2024,1.0,95700.0,95100.0,6143000.0,64.6,4344.412347596952,167184.8165,38485.6045542
IOWA,19,AUDUBON,009,19009,WEST CENTRAL,40,2025,1.0,96100.0,95400.0,6258000.0,65.6,4411.663312730032,170314.599,38607.010246800004
IOWA,19,BENTON,011,19011,EAST CENTRAL,60,1980,1.0,114500.0,114400.0,4730000.0,41.3,2777.464859996194,128729.315,46296.0374448
IOWA,19,BENTON,011,19011,EAST CENTRAL,60,1981,1.0,117000.0,116900.0,4956000.0,42.4,2851.4409216425815,134880.018,47307.7515498
IOWA,19,BENTON,011,19011,EAST CENTRAL,60,1982,1.0,129000.0,128500.0,5100000.0,39.7,2669.8633157832664,138799.05,52002.104997
IOWA,19,BENTON,011,19011,EAST CENTRAL,60,1983,1.0,127000.0,127000.0,4897000.0,38.6,2595.8872541368787,133274.3035,51395.076534
IOWA,19,BENTON,011,19011,EAST CENTRAL,60,1984,1.0,126000.0,125600.0,4292000.0,34.2,2299.983007551328,116808.926,50828.5166352
IOWA,19,BENTON,011,19011,EAST CENTRAL,60,1985,1.0,127000.0,126300.0,4822000.0,38.2,2568.986868083647,131233.141,51111.7965846
IOWA,19,BENTON,011,19011,EAST CENTRAL,60,1986,1.0,130000.0,129300.0,5680000.0,43.9,2952.3173693422013,154584.04,52325.8535106
IOWA,19,BENTON,011,19011,EAST CENTRAL,60,1987,1.0,123000.0,122400.0,5848000.0,47.8,3214.596133361212,159156.244,49533.5225808
IOWA,19,BENTON,011,19011,EAST CENTRAL,60,1988,1.0,131000.0,130300.0,3159000.0,24.2,1627.4733562205301,85973.7645,52730.5391526
IOWA,19,BENTON,011,19011,EAST CENTRAL,60,1989,1.0,132000.0,131800.0,5316000.0,40.3,2710.213894863114,144677.598,53337.567615600005
IOWA,19,BENTON,011,19011,EAST CENTRAL,60,1990,1.0,128000.0,126000.0,5718000.0,45.4,3053.193817041821,155618.229,50990.390892
IOWA,19,BENTON,011,19011,EAST CENTRAL,60,1991,1.0,134000.0,133500.0,5954000.0,44.6,2999.3930449353575,162041.087,54025.533207
IOWA,19,BENTON,011,19011,EAST CENTRAL,60,1992,1.0,135000.0,134600.0,5965000.0,44.3,2979.217755395433,162340.4575,54470.6874132
IOWA,19,BENTON,011,19011,EAST CENTRAL,60,1993,1.0,140000.0,139000.0,4982000.0,35.8,2407.584551764255,135587.621,56251.304238000004
IOWA,19,BENTON,011,19011,EAST CENTRAL,60,1994,1.0,141000.0,140600.0,7247000.0,51.5,3463.4247043536075,197230.7285,56898.8012652
IOWA,19,BENTON,011,19011,EAST CENTRAL,60,1995,1.0,145000.0,144300.0,6444000.0,44.7,3006.1181414486655,175376.682,58396.1381406
IOWA,19,BENTON,011,19011,EAST CENTRAL,60,1996,1.0,154000.0,153600.0,7123000.0,46.4,3120.444782174901,193856.0065,62159.714611200005
IOWA,19,BENTON,011,19011,EAST CENTRAL,60,1997,1.0,160100.0,158700.0,8008000.0,50.5,3396.1737392205278,217941.724,64223.6113854
IOWA,19,BENTON,011,19011,EAST CENTRAL,60,1998,1.0,158400.0,157900.0,8485000.0,53.7,3611.3768276463834,230923.5175,63899.8628718
IOWA,19,BENTON,011,19011,EAST CENTRAL,60,1999,1.0,167000.0,166900.0,7866000.0,47.1,3167.520457768057,214077.123,67542.0336498
IOWA,19,BENTON,011,19011,EAST CENTRAL,60,2000,1.0,166000.0,165700.0,7246000.0,43.7,2938.8671763155858,197203.513,67056.4108794
IOWA,19,BENTON,011,19011,EAST CENTRAL,60,2001,1.0,169000.0,168100.0,8507000.0,50.6,3402.8988357338358,231522.2585,68027.6564202
IOWA,19,BENTON,011,19011,EAST CENTRAL,60,2002,1.0,164000.0,163700.0,8254000.0,50.4,3389.4486427072197,224636.737,66247.0395954
IOWA,19,BENTON,011,19011,EAST CENTRAL,60,2003,1.0,165000.0,164400.0,4862000.0,29.6,1990.628567939161,132321.761,66530.3195448
IOWA,19,BENTON,011,19011,EAST CENTRAL,60,2004,1.0,161000.0,160300.0,8027000.0,50.1,3369.273353167296,218458.8185,64871.1084126
IOWA,19,BENTON,011,19011,EAST CENTRAL,60,2005,1.0,160000.0,159100.0,8530100.0,53.6,3604.6517311330754,232150.93654999998,64385.4856422
IOWA,19,BENTON,011,19011,EAST CENTRAL,60,2006,1.0,161000.0,160100.0,8422500.0,52.6,3537.4007659999957,229222.54875,64790.171284200005
IOWA,19,BENTON,011,19011,EAST CENTRAL,60,2007,1.0,140500.0,140400.0,7646000.0,54.5,3665.177599752847,208089.713,56817.8641368
IOWA,19,BENTON,011,19011,EAST CENTRAL,60,2008,1.0,154500.0,153800.0,7863000.0,51.0,3429.799221787068,213995.4765,62240.651739600005
IOWA,19,BENTON,011,19011,EAST CENTRAL,60,2009,1.0,152500.0,151800.0,8082000.0,53.0,3564.3011520532273,219955.671,61431.280455600005
IOWA,19,BENTON,011,19011,EAST CENTRAL,60,2010,1.0,151500.0,151100.0,7960000.0,52.7,3544.1258625133037,216635.38,61148.0005062
IOWA,19,BENTON,011,19011,EAST CENTRAL,60,2011,1.0,143000.0,142300.0,8154000.0,57.3,3853.48030212547,221915.187,57586.7668566
IOWA,19,BENTON,011,19011,EAST CENTRAL,60,2012,1.0,148000.0,147600.0,7017000.0,47.5,3194.4208438212886,190971.1635,59731.6007592
IOWA,19,BENTON,011,19011,EAST CENTRAL,60,2013,1.0,153000.0,152200.0,7088000.0,46.6,3133.894975201517,192903.464,61593.1547124
IOWA,19,BENTON,011,19011,EAST CENTRAL,60,2014,1.0,161000.0,160300.0,8446000.0,52.7,3544.1258625133037,229862.113,64871.1084126
IOWA,19,BENTON,011,19011,EAST CENTRAL,60,2015,1.0,160500.0,159900.0,9039000.0,56.5,3799.6795300190065,246000.9045,64709.234155800004
IOWA,19,BENTON,011,19011,EAST CENTRAL,60,2016,1.0,154000.0,149000.0,9107000.0,61.1,4109.033969631173,247851.5585,60298.160658
IOWA,19,BENTON,011,19011,EAST CENTRAL,60,2017,1.0,159500.0,158600.0,9133000.0,57.6,3873.6555916653942,248559.1615,64183.1428212
IOWA,19,BENTON,011,19011,EAST CENTRAL,60,2018,1.0,154000.0,152500.0,9299000.0,61.0,4102.308873117865,253076.9345,61714.560405000004
IOWA,19,BENTON,011,19011,EAST CENTRAL,60,2019,1.0,149000.0,147900.0,8564000.0,57.9,3893.830881205318,233073.542,59853.0064518
IOWA,19,BENTON,011,19011,EAST CENTRAL,60,2020,1.0,150500.0,149300.0,8465000.0,56.7,3813.1297230456225,230379.2075,60419.5663506
IOWA,19,BENTON,011,19011,EAST CENTRAL,60,2021,1.0,161000.0,159800.0,10723000.0,67.1,4512.539760429651,291831.8065,64668.7655916
IOWA,19,BENTON,011,19011,EAST CENTRAL,60,2022,1.0,153500.0,152400.0,10074000.0,66.1,4445.288795296572,274168.947,61674.0918408
IOWA,19,BENTON,011,19011,EAST CENTRAL,60,2023,1.0,152000.0,151000.0,8154000.0,54.0,3631.552117186307,221915.187,61107.531942
IOWA,19,BLACK HAWK,013,19013,NORTHEAST,30,1980,1.0,94600.0,94500.0,3950000.0,41.8,2811.090342562734,107501.225,38242.793169000004
IOWA,19,BLACK HAWK,013,19013,NORTHEAST,30,1981,1.0,88800.0,88500.0,3692000.0,41.7,2804.3652460494263,100479.626,35814.679317
IOWA,19,BLACK HAWK,013,19013,NORTHEAST,30,1982,1.0,95100.0,94800.0,3588000.0,37.8,2542.0864820304146,97649.214,38364.1988616
IOWA,19,BLACK HAWK,013,19013,NORTHEAST,30,1983,1.0,86100.0,85600.0,3395000.0,39.7,2669.8633157832664,92396.6225,34641.0909552
IOWA,19,BLACK HAWK,013,19013,NORTHEAST,30,1984,1.0,90000.0,89500.0,2787000.0,31.1,2091.5050156387806,75849.5985,36219.364959
IOWA,19,BLACK HAWK,013,19013,NORTHEAST,30,1985,1.0,90900.0,90400.0,3554000.0,39.3,2642.9629297300344,96723.887,36583.5820368
IOWA,19,BLACK HAWK,013,19013,NORTHEAST,30,1986,1.0,91400.0,89800.0,4068000.0,45.3,3046.468720528513,110712.654,36340.7706516
IOWA,19,BLACK HAWK,013,19013,NORTHEAST,30,1987,1.0,91400.0,91000.0,4410000.0,48.5,3261.6718089543683,120020.355,36826.393422
IOWA,19,BLACK HAWK,013,19013,NORTHEAST,30,1988,1.0,85600.0,85100.0,2332000.0,27.4,1842.6764446463853,63466.546,34438.7481342
IOWA,19,BLACK HAWK,013,19013,NORTHEAST,30,1989,1.0,89000.0,88800.0,3144000.0,35.4,2380.6841657110235,85565.532,35936.0850096
IOWA,19,BLACK HAWK,013,19013,NORTHEAST,30,1990,1.0,85300.0,84200.0,3812000.0,45.3,3046.468720528513,103745.486,34074.5310564
IOWA,19,BLACK HAWK,013,19013,NORTHEAST,30,1991,1.0,99300.0,98800.0,4124000.0,41.7,2804.3652460494263,112236.722,39982.9414296
IOWA,19,BLACK HAWK,013,19013,NORTHEAST,30,1992,1.0,91000.0,90800.0,4231000.0,46.6,3133.894975201517,115148.7805,36745.4562936
IOWA,19,BLACK HAWK,013,19013,NORTHEAST,30,1993,1.0,97000.0,95900.0,3285000.0,34.3,2306.7081040646353,89402.9175,38809.3530678
IOWA,19,BLACK HAWK,013,19013,NORTHEAST,30,1994,1.0,102000.0,101600.0,5373000.0,52.9,3557.5760555399193,146228.8815,41116.0612272
IOWA,19,BLACK HAWK,013,19013,NORTHEAST,30,1995,1.0,103000.0,102400.0,5182000.0,50.6,3402.8988357338358,141030.721,41439.8097408
IOWA,19,BLACK HAWK,013,19013,NORTHEAST,30,1996,1.0,115000.0,114800.0,5225000.0,45.5,3059.918913555129,142200.9875,46457.9117016
IOWA,19,BLACK HAWK,013,19013,NORTHEAST,30,1997,1.0,113500.0,112400.0,5421000.0,48.2,3241.4965194144447,147535.2255,45486.6661608
IOWA,19,BLACK HAWK,013,19013,NORTHEAST,30,1998,1.0,114900.0,114400.0,6009000.0,52.5,3530.675669486687,163537.9395,46296.0374448
IOWA,19,BLACK HAWK,013,19013,NORTHEAST,30,1999,1.0,119000.0,118800.0,6019000.0,50.7,3409.623932247144,163810.0945,48076.6542696
IOWA,19,BLACK HAWK,013,19013,NORTHEAST,30,2000,1.0,117000.0,116600.0,5350000.0,45.9,3086.819299608361,145602.925,47186.3458572
IOWA,19,BLACK HAWK,013,19013,NORTHEAST,30,2001,1.0,120000.0,118700.0,5478000.0,46.1,3100.269492634977,149086.509,48036.1857054
IOWA,19,BLACK HAWK,013,19013,NORTHEAST,30,2002,1.0,116000.0,115400.0,5936000.0,51.4,3456.6996078402994,161551.208,46700.723086800004
IOWA,19,BLACK HAWK,013,19013,NORTHEAST,30,2003,1.0,114000.0,113500.0,2809000.0,24.7,1661.09883878707,76448.3395,45931.820367
IOWA,19,BLACK HAWK,013,19013,NORTHEAST,30,2004,1.0,112000.0,111500.0,5641000.0,50.6,3402.8988357338358,153522.6355,45122.449083
IOWA,19,BLACK HAWK,013,19013,NORTHEAST,30,2005,1.0,108500.0,107800.0,5859700.0,54.4,3658.4525032395386,159474.66535,43625.1122076
IOWA,19,BLACK HAWK,013,19013,NORTHEAST,30,2006,1.0,110500.0,109700.0,5857700.0,53.4,3591.201538106459,159420.23434999998,44394.0149274
IOWA,19,BLACK HAWK,013,19013,NORTHEAST,30,2007,1.0,90500.0,90400.0,4775000.0,52.8,3550.8509590266112,129954.0125,36583.5820368
IOWA,19,BLACK HAWK,013,19013,NORTHEAST,30,2008,1.0,106000.0,105500.0,5269000.0,50.0,3362.548256653988,143398.4695,42694.335231000005
IOWA,19,BLACK HAWK,013,19013,NORTHEAST,30,2009,1.0,98000.0,97400.0,4648000.0,47.5,3194.4208438212886,126497.644,39416.3815308
IOWA,19,BLACK HAWK,013,19013,NORTHEAST,30,2010,1.0,102500.0,102000.0,5322000.0,52.2,3510.5003799467636,144840.891,41277.935484
IOWA,19,BLACK HAWK,013,19013,NORTHEAST,30,2011,1.0,93000.0,92400.0,5146000.0,55.7,3745.878757912543,140050.963,37392.9533208
IOWA,19,BLACK HAWK,013,19013,NORTHEAST,30,2012,1.0,94000.0,93500.0,4159000.0,44.5,2992.6679484220494,113189.2645,37838.107527
IOWA,19,BLACK HAWK,013,19013,NORTHEAST,30,2013,1.0,95500.0,94900.0,4475000.0,47.2,3174.245554281365,121789.3625,38404.6674258
IOWA,19,BLACK HAWK,013,19013,NORTHEAST,30,2014,1.0,96600.0,95700.0,4710000.0,49.2,3308.7474845475244,128185.005,38728.4159394
IOWA,19,BLACK HAWK,013,19013,NORTHEAST,30,2015,1.0,99300.0,98900.0,5541000.0,56.0,3766.0540474524664,150801.0855,40023.4099938
IOWA,19,BLACK HAWK,013,19013,NORTHEAST,30,2016,1.0,90200.0,89300.0,5522000.0,61.8,4156.109645224329,150283.991,36138.4278306
IOWA,19,BLACK HAWK,013,19013,NORTHEAST,30,2017,1.0,94200.0,93600.0,5566000.0,59.5,4001.4324254182457,151481.473,37878.576091200004
IOWA,19,BLACK HAWK,013,19013,NORTHEAST,30,2018,1.0,93400.0,92500.0,5403000.0,58.4,3927.456363771858,147045.3465,37433.421885
IOWA,19,BLACK HAWK,013,19013,NORTHEAST,30,2019,1.0,89600.0,88700.0,4605000.0,51.9,3490.3250904068395,125327.3775,35895.6164454
IOWA,19,BLACK HAWK,013,19013,NORTHEAST,30,2020,1.0,85100.0,84400.0,4574000.0,54.2,3645.002310212923,124483.697,34155.468184800004
IOWA,19,BLACK HAWK,013,19013,NORTHEAST,30,2021,1.0,94300.0,93600.0,5625000.0,60.1,4041.7830044980938,153087.1875,37878.576091200004
IOWA,19,BLACK HAWK,013,19013,NORTHEAST,30,2022,1.0,99500.0,98800.0,6373000.0,64.5,4337.687251083645,173444.3815,39982.9414296
IOWA,19,BLACK HAWK,013,19013,NORTHEAST,30,2023,1.0,94600.0,93900.0,4798000.0,51.1,3436.524318300376,130579.969,37999.9817838
IOWA,19,BLACK HAWK,013,19013,NORTHEAST,30,2024,1.0,96900.0,96300.0,5508000.0,57.2,3846.7552056121626,149902.974,38971.227324600004
IOWA,19,BLACK HAWK,013,19013,NORTHEAST,30,2025,1.0,93600.0,92900.0,5760000.0,62.0,4169.559838250945,156761.28,37595.2961418
IOWA,19,BOONE,015,19015,CENTRAL,50,1980,1.0,120400.0,120100.0,5180000.0,43.1,2898.5165972357377,140976.29,48602.745604200005
IOWA,19,BOONE,015,19015,CENTRAL,50,1981,1.0,122000.0,121300.0,5091000.0,42.0,2824.54053558935,138554.1105,49088.3683746
IOWA,19,BOONE,015,19015,CENTRAL,50,1982,1.0,120000.0,119600.0,4727000.0,39.5,2656.4131227566504,128647.6685,48400.4027832
IOWA,19,BOONE,015,19015,CENTRAL,50,1983,1.0,120000.0,119900.0,5014000.0,41.8,2811.090342562734,136458.517,48521.808475800004
IOWA,19,BOONE,015,19015,CENTRAL,50,1984,1.0,122000.0,121700.0,4256000.0,35.0,2353.7837796577915,115829.168,49250.242631400004
IOWA,19,BOONE,015,19015,CENTRAL,50,1985,1.0,117000.0,116500.0,4647000.0,39.9,2683.3135088098825,126470.4285,47145.877293000005
IOWA,19,BOONE,015,19015,CENTRAL,50,1986,1.0,116000.0,114800.0,4858000.0,42.3,2844.7158251292735,132212.899,46457.9117016
IOWA,19,BOONE,015,19015,CENTRAL,50,1987,1.0,117000.0,116600.0,5426000.0,46.5,3127.169878688209,147671.303,47186.3458572
IOWA,19,BOONE,015,19015,CENTRAL,50,1988,1.0,116000.0,115600.0,2771000.0,24.0,1614.0231631939141,75414.1505,46781.6602152
IOWA,19,BOONE,015,19015,CENTRAL,50,1989,1.0,117000.0,116900.0,4851000.0,41.5,2790.91505302281,132022.3905,47307.7515498
IOWA,19,BOONE,015,19015,CENTRAL,50,1990,1.0,115000.0,112400.0,4529000.0,40.3,2710.213894863114,123258.9995,45486.6661608
IOWA,19,BOONE,015,19015,CENTRAL,50,1991,1.0,122000.0,121000.0,5044000.0,41.7,2804.3652460494263,137274.982,48966.962682000005
IOWA,19,BOONE,015,19015,CENTRAL,50,1992,1.0,119000.0,118700.0,5473000.0,46.1,3100.269492634977,148950.4315,48036.1857054
IOWA,19,BOONE,015,19015,CENTRAL,50,1993,1.0,124000.0,115600.0,3766000.0,32.6,2192.3814633384004,102493.573,46781.6602152
IOWA,19,BOONE,015,19015,CENTRAL,50,1994,1.0,124000.0,123800.0,6441000.0,52.0,3497.0501869201476,175295.0355,50100.0824796
IOWA,19,BOONE,015,19015,CENTRAL,50,1995,1.0,125000.0,124800.0,6252000.0,50.1,3369.273353167296,170151.306,50504.7681216
IOWA,19,BOONE,015,19015,CENTRAL,50,1996,1.0,127000.0,126700.0,5870000.0,46.3,3113.719685661593,159754.985,51273.6708414
IOWA,19,BOONE,015,19015,CENTRAL,50,1997,1.0,144600.0,143400.0,6458000.0,45.0,3026.293430988589,175757.699,58031.9210628
IOWA,19,BOONE,015,19015,CENTRAL,50,1998,1.0,135700.0,135300.0,6359000.0,47.0,3160.7953612547485,173063.3645,54753.9673626
IOWA,19,BOONE,015,19015,CENTRAL,50,1999,1.0,134000.0,133500.0,5721000.0,42.9,2885.0664042091216,155699.8755,54025.533207
IOWA,19,BOONE,015,19015,CENTRAL,50,2000,1.0,132000.0,131900.0,5300000.0,40.2,2703.4887983498065,144242.15,53378.0361798
IOWA,19,BOONE,015,19015,CENTRAL,50,2001,1.0,134000.0,133200.0,5342000.0,40.1,2696.7637018364985,145385.201,53904.1275144
IOWA,19,BOONE,015,19015,CENTRAL,50,2002,1.0,124000.0,123800.0,5907000.0,47.7,3207.8710368479046,160761.9585,50100.0824796
IOWA,19,BOONE,015,19015,CENTRAL,50,2003,1.0,125000.0,124300.0,4331000.0,34.8,2340.3335866311754,117870.3305,50302.4253006
IOWA,19,BOONE,015,19015,CENTRAL,50,2004,1.0,120000.0,119600.0,6224000.0,52.0,3497.0501869201476,169389.272,48400.4027832
IOWA,19,BOONE,015,19015,CENTRAL,50,2005,1.0,120500.0,119900.0,6751400.0,56.3,3786.2293369923905,183742.7267,48521.808475800004
IOWA,19,BOONE,015,19015,CENTRAL,50,2006,1.0,116000.0,115600.0,5784400.0,50.0,3362.548256653988,157425.3382,46781.6602152
IOWA,19,BOONE,015,19015,CENTRAL,50,2007,1.0,98000.0,97800.0,5298000.0,54.2,3645.002310212923,144187.719,39578.2557876
IOWA,19,BOONE,015,19015,CENTRAL,50,2008,1.0,103000.0,102000.0,4464000.0,44.0,2959.0424658555094,121489.992,41277.935484
IOWA,19,BOONE,015,19015,CENTRAL,50,2009,1.0,105000.0,104700.0,5438000.0,52.0,3497.0501869201476,147997.889,42370.5867174
IOWA,19,BOONE,015,19015,CENTRAL,50,2010,1.0,103000.0,102600.0,4783000.0,46.6,3133.894975201517,130171.7365,41520.746869200004
IOWA,19,BOONE,015,19015,CENTRAL,50,2011,1.0,101000.0,100300.0,5134000.0,51.2,3443.249414813684,139724.377,40589.9698926
IOWA,19,BOONE,015,19015,CENTRAL,50,2012,1.0,91700.0,91300.0,4172000.0,45.7,3073.369106581745,113543.066,36947.7991146
IOWA,19,BOONE,015,19015,CENTRAL,50,2013,1.0,101000.0,100200.0,4208000.0,42.0,2824.54053558935,114522.824,40549.5013284
IOWA,19,BOONE,015,19015,CENTRAL,50,2014,1.0,102000.0,101300.0,5081000.0,50.2,3375.998449680604,138281.9555,40994.6555346
IOWA,19,BOONE,015,19015,CENTRAL,50,2015,1.0,102500.0,102100.0,5486000.0,53.7,3611.3768276463834,149304.233,41318.4040482
IOWA,19,BOONE,015,19015,CENTRAL,50,2016,1.0,96500.0,96200.0,5793000.0,60.2,4048.508101011402,157659.3915,38930.7587604
IOWA,19,BOONE,015,19015,CENTRAL,50,2017,1.0,107500.0,106900.0,6058000.0,56.7,3813.1297230456225,164871.499,43260.8951298
IOWA,19,BOONE,015,19015,CENTRAL,50,2018,1.0,111000.0,109900.0,5996000.0,54.6,3671.902696266155,163184.138,44474.9520558
IOWA,19,BOONE,015,19015,CENTRAL,50,2019,1.0,101500.0,100800.0,5359000.0,53.2,3577.7513450798433,145847.8645,40792.312713600004
IOWA,19,BOONE,015,19015,CENTRAL,50,2020,1.0,102500.0,101700.0,5177000.0,50.9,3423.07412527376,140894.6435,41156.529791400004
IOWA,19,BOONE,015,19015,CENTRAL,50,2021,1.0,119500.0,118800.0,7651000.0,64.4,4330.962154570337,208225.7905,48076.6542696
IOWA,19,BOONE,015,19015,CENTRAL,50,2022,1.0,111000.0,110200.0,6656000.0,60.4,4061.9582940380174,181146.368,44596.3577484
IOWA,19,BOONE,015,19015,CENTRAL,50,2023,1.0,113000.0,112300.0,7760000.0,69.1,4647.041690695811,211192.28,45446.1975966
IOWA,19,BOONE,015,19015,CENTRAL,50,2024,1.0,110000.0,109300.0,7247000.0,66.3,4458.738988323188,197230.7285,44232.1406706
IOWA,19,BOONE,015,19015,CENTRAL,50,2025,1.0,108000.0,107200.0,7097000.0,66.2,4452.01389180988,193148.4035,43382.3008224
IOWA,19,BREMER,017,19017,NORTHEAST,30,1980,1.0,75400.0,75300.0,2730000.0,36.3,2441.210034330795,74298.315,30472.8288426
IOWA,19,BREMER,017,19017,NORTHEAST,30,1981,1.0,65100.0,63800.0,2182000.0,34.2,2299.983007551328,59384.221,25818.9439596
IOWA,19,BREMER,017,19017,NORTHEAST,30,1982,1.0,60000.0,59800.0,2113000.0,35.3,2373.9590691977155,57506.3515,24200.2013916
IOWA,19,BREMER,017,19017,NORTHEAST,30,1983,1.0,57400.0,57100.0,2181000.0,38.2,2568.986868083647,59357.0055,23107.5501582
IOWA,19,BREMER,017,19017,NORTHEAST,30,1984,1.0,56300.0,56200.0,1744000.0,31.0,2084.7799191254726,47463.832,22743.3330804
IOWA,19,BREMER,017,19017,NORTHEAST,30,1985,1.0,56000.0,55500.0,2178000.0,39.2,2636.237833216727,59275.359,22460.053131
IOWA,19,BREMER,017,19017,NORTHEAST,30,1986,1.0,61100.0,60900.0,2633000.0,43.2,2905.2416937490457,71658.4115,24645.3555978
IOWA,19,BREMER,017,19017,NORTHEAST,30,1987,1.0,55200.0,55000.0,2492000.0,45.3,3046.468720528513,67821.026,22257.710310000002
IOWA,19,BREMER,017,19017,NORTHEAST,30,1988,1.0,54800.0,54200.0,1409000.0,26.0,1748.5250934600738,38346.6395,21933.9617964
IOWA,19,BREMER,017,19017,NORTHEAST,30,1989,1.0,54900.0,54600.0,1867000.0,34.2,2299.983007551328,50811.3385,22095.8360532
IOWA,19,BREMER,017,19017,NORTHEAST,30,1990,1.0,53200.0,52500.0,2461000.0,46.9,3154.0702647414405,66977.3455,21245.996205
IOWA,19,BREMER,017,19017,NORTHEAST,30,1991,1.0,62600.0,61900.0,2634000.0,42.6,2864.891114669198,71685.627,25050.0412398
IOWA,19,BREMER,017,19017,NORTHEAST,30,1992,1.0,60000.0,59900.0,2798000.0,46.7,3140.620071714825,76148.969,24240.6699558
IOWA,19,BREMER,017,19017,NORTHEAST,30,1993,1.0,66000.0,65200.0,2146000.0,32.9,2212.556752878324,58404.463,26385.5038584
IOWA,19,BREMER,017,19017,NORTHEAST,30,1994,1.0,70000.0,69800.0,3600000.0,51.6,3470.1498008669155,97975.8,28247.0578116
IOWA,19,BREMER,017,19017,NORTHEAST,30,1995,1.0,70000.0,69800.0,3551000.0,50.9,3423.07412527376,96642.2405,28247.0578116
IOWA,19,BREMER,017,19017,NORTHEAST,30,1996,1.0,80000.0,79900.0,3463000.0,43.3,2911.9667902623532,94247.2765,32334.3827958
IOWA,19,BREMER,017,19017,NORTHEAST,30,1997,1.0,85500.0,84500.0,4104000.0,48.6,3268.3969054676763,111692.412,34195.936749
IOWA,19,BREMER,017,19017,NORTHEAST,30,1998,1.0,86200.0,85800.0,4608000.0,53.7,3611.3768276463834,125409.024,34722.0280836
IOWA,19,BREMER,017,19017,NORTHEAST,30,1999,1.0,89000.0,88100.0,4585000.0,52.0,3497.0501869201476,124783.0675,35652.8050602
IOWA,19,BREMER,017,19017,NORTHEAST,30,2000,1.0,91000.0,90800.0,4794000.0,52.8,3550.8509590266112,130471.107,36745.4562936
IOWA,19,BREMER,017,19017,NORTHEAST,30,2001,1.0,95000.0,94500.0,4213000.0,44.6,2999.3930449353575,114658.9015,38242.793169000004
IOWA,19,BREMER,017,19017,NORTHEAST,30,2002,1.0,89000.0,88800.0,4664000.0,52.5,3530.675669486687,126933.092,35936.0850096
IOWA,19,BREMER,017,19017,NORTHEAST,30,2003,1.0,89000.0,88600.0,2099000.0,23.7,1593.8478736539903,57125.3345,35855.1478812
IOWA,19,BREMER,017,19017,NORTHEAST,30,2004,1.0,85000.0,84600.0,4208000.0,49.7,3342.372967114064,114522.824,34236.405313200004
IOWA,19,BREMER,017,19017,NORTHEAST,30,2005,1.0,84500.0,84100.0,4948500.0,58.8,3954.3567498250895,134675.90175,34034.0624922
IOWA,19,BREMER,017,19017,NORTHEAST,30,2006,1.0,84500.0,84100.0,4380300.0,52.1,3503.7752834334556,119212.05464999999,34034.0624922
IOWA,19,BREMER,017,19017,NORTHEAST,30,2007,1.0,66000.0,65900.0,3562000.0,54.1,3638.277213699615,96941.611,26668.783807800002
IOWA,19,BREMER,017,19017,NORTHEAST,30,2008,1.0,76500.0,76100.0,3417000.0,45.0,3026.293430988589,92995.3635,30796.5773562
IOWA,19,BREMER,017,19017,NORTHEAST,30,2009,1.0,76000.0,74500.0,3816000.0,51.0,3429.799221787068,103854.348,30149.080329
IOWA,19,BREMER,017,19017,NORTHEAST,30,2010,1.0,73500.0,73200.0,3856000.0,52.7,3544.1258625133037,104942.968,29622.988994400002
IOWA,19,BREMER,017,19017,NORTHEAST,30,2011,1.0,68600.0,68100.0,3814000.0,56.0,3766.0540474524664,103799.917,27559.0922202
IOWA,19,BREMER,017,19017,NORTHEAST,30,2012,1.0,66200.0,65900.0,3079000.0,46.7,3140.620071714825,83796.5245,26668.783807800002
IOWA,19,BREMER,017,19017,NORTHEAST,30,2013,1.0,68900.0,68600.0,3422000.0,49.9,3355.82316014068,93131.441,27761.435041200002
IOWA,19,BREMER,017,19017,NORTHEAST,30,2014,1.0,74800.0,74400.0,3583000.0,48.2,3241.4965194144447,97513.1365,30108.6117648
IOWA,19,BREMER,017,19017,NORTHEAST,30,2015,1.0,75400.0,75100.0,4461000.0,59.4,3994.7073289049376,121408.3455,30391.8917142
IOWA,19,BREMER,017,19017,NORTHEAST,30,2016,1.0,68600.0,67100.0,4167000.0,62.1,4176.284934764253,113406.9885,27154.4065782
IOWA,19,BREMER,017,19017,NORTHEAST,30,2017,1.0,75200.0,74700.0,4242000.0,56.8,3819.85481955893,115448.151,30230.0174574
IOWA,19,BREMER,017,19017,NORTHEAST,30,2018,1.0,68300.0,67400.0,3865000.0,57.3,3853.48030212547,105187.9075,27275.8122708
IOWA,19,BREMER,017,19017,NORTHEAST,30,2019,1.0,63000.0,62600.0,3287000.0,52.5,3530.675669486687,89457.3485,25333.3211892
IOWA,19,BREMER,017,19017,NORTHEAST,30,2021,1.0,68500.0,67900.0,4210000.0,62.0,4169.559838250945,114577.255,27478.1550918
IOWA,19,BREMER,017,19017,NORTHEAST,30,2022,1.0,75500.0,75000.0,5006000.0,66.7,4485.63937437642,136240.793,30351.423150000002
IOWA,19,BREMER,017,19017,NORTHEAST,30,2023,1.0,69700.0,69200.0,3771000.0,54.5,3665.177599752847,102629.6505,28004.2464264
IOWA,19,BREMER,017,19017,NORTHEAST,30,2024,1.0,76000.0,75700.0,4307000.0,56.9,3826.579916072238,117217.1585,30634.7030994
IOWA,19,BREMER,017,19017,NORTHEAST,30,2025,1.0,68800.0,68300.0,4460000.0,65.3,4391.488023190108,121381.13,27640.0293486
IOWA,19,BUCHANAN,019,19019,NORTHEAST,30,1980,1.0,93300.0,93200.0,3710000.0,39.8,2676.5884122965745,100969.505,37716.7018344
IOWA,19,BUCHANAN,019,19019,NORTHEAST,30,1981,1.0,82500.0,82300.0,3138000.0,38.1,2562.261771570339,85402.239,33305.6283366
IOWA,19,BUCHANAN,019,19019,NORTHEAST,30,1982,1.0,75800.0,75600.0,2733000.0,36.2,2434.4849378174877,74379.9615,30594.2345352
IOWA,19,BUCHANAN,019,19019,NORTHEAST,30,1983,1.0,66300.0,66100.0,2395000.0,36.2,2434.4849378174877,65181.1225,26749.7209362
IOWA,19,BUCHANAN,019,19019,NORTHEAST,30,1984,1.0,66500.0,66500.0,2060000.0,31.0,2084.7799191254726,56063.93,26911.595193
IOWA,19,BUCHANAN,019,19019,NORTHEAST,30,1985,1.0,61600.0,61400.0,2126000.0,34.6,2326.88339360456,57860.153,24847.698418800002
IOWA,19,BUCHANAN,019,19019,NORTHEAST,30,1986,1.0,65800.0,65600.0,2882000.0,43.9,2952.3173693422013,78435.071,26547.3781152
IOWA,19,BUCHANAN,019,19019,NORTHEAST,30,1987,1.0,68400.0,67900.0,3237000.0,47.7,3207.8710368479046,88096.5735,27478.1550918
IOWA,19,BUCHANAN,019,19019,NORTHEAST,30,1988,1.0,70300.0,69900.0,1914000.0,27.4,1842.6764446463853,52090.467,28287.5263758
IOWA,19,BUCHANAN,019,19019,NORTHEAST,30,1989,1.0,75000.0,74800.0,2751000.0,36.8,2474.835516897335,74869.8405,30270.4860216
IOWA,19,BUCHANAN,019,19019,NORTHEAST,30,1990,1.0,68500.0,68000.0,3087000.0,45.4,3053.193817041821,84014.2485,27518.623656
IOWA,19,BUCHANAN,019,19019,NORTHEAST,30,1991,1.0,75700.0,75400.0,3567000.0,47.3,3180.9706507946726,97077.6885,30513.2974068
IOWA,19,BUCHANAN,019,19019,NORTHEAST,30,1992,1.0,76000.0,75800.0,3396000.0,44.8,3012.843237961973,92423.838,30675.171663600002
IOWA,19,BUCHANAN,019,19019,NORTHEAST,30,1993,1.0,82000.0,81400.0,2961000.0,36.4,2447.9351308441032,80585.0955,32941.4112588
IOWA,19,BUCHANAN,019,19019,NORTHEAST,30,1994,1.0,85000.0,84800.0,4394000.0,51.8,3483.5999938935315,119584.907,34317.3424416
IOWA,19,BUCHANAN,019,19019,NORTHEAST,30,1995,1.0,87000.0,86700.0,3845000.0,44.3,2979.217755395433,104643.5975,35086.2451614
IOWA,19,BUCHANAN,019,19019,NORTHEAST,30,1996,1.0,98000.0,97700.0,4460000.0,45.6,3066.644010068437,121381.13,39537.7872234
IOWA,19,BUCHANAN,019,19019,NORTHEAST,30,1997,1.0,116500.0,114800.0,5537000.0,48.2,3241.4965194144447,150692.2235,46457.9117016
IOWA,19,BUCHANAN,019,19019,NORTHEAST,30,1998,1.0,115900.0,115600.0,6137000.0,53.1,3571.0262485665353,167021.5235,46781.6602152
IOWA,19,BUCHANAN,019,19019,NORTHEAST,30,1999,1.0,122000.0,121900.0,5987000.0,49.1,3302.0223880342164,162939.1985,49331.179759800005
IOWA,19,BUCHANAN,019,19019,NORTHEAST,30,2000,1.0,125000.0,124800.0,5690000.0,45.6,3066.644010068437,154856.195,50504.7681216
IOWA,19,BUCHANAN,019,19019,NORTHEAST,30,2001,1.0,131000.0,130300.0,5846000.0,44.9,3019.568334475281,159101.813,52730.5391526
IOWA,19,BUCHANAN,019,19019,NORTHEAST,30,2002,1.0,121000.0,120400.0,5935000.0,49.3,3315.472581060832,161523.9925,48724.1512968
IOWA,19,BUCHANAN,019,19019,NORTHEAST,30,2003,1.0,117000.0,116500.0,3023000.0,25.9,1741.7999969467658,82272.4565,47145.877293000005
IOWA,19,BUCHANAN,019,19019,NORTHEAST,30,2004,1.0,110000.0,108700.0,4913000.0,45.2,3039.743624015205,133709.7515,43989.3292854
IOWA,19,BUCHANAN,019,19019,NORTHEAST,30,2005,1.0,105500.0,104800.0,5619100.0,53.6,3604.6517311330754,152926.61604999998,42411.0552816
IOWA,19,BUCHANAN,019,19019,NORTHEAST,30,2006,1.0,106500.0,106000.0,5574900.0,52.6,3537.4007659999957,151723.69095,42896.678052
IOWA,19,BUCHANAN,019,19019,NORTHEAST,30,2007,1.0,77000.0,76900.0,3895000.0,50.7,3409.623932247144,106004.3725,31120.325869800003
IOWA,19,BUCHANAN,019,19019,NORTHEAST,30,2008,1.0,96500.0,95900.0,4452000.0,46.5,3127.169878688209,121163.406,38809.3530678
IOWA,19,BUCHANAN,019,19019,NORTHEAST,30,2009,1.0,95000.0,94900.0,4197000.0,44.0,2959.0424658555094,114223.4535,38404.6674258
IOWA,19,BUCHANAN,019,19019,NORTHEAST,30,2010,1.0,91500.0,90500.0,4569000.0,50.5,3396.1737392205278,124347.6195,36624.050601
IOWA,19,BUCHANAN,019,19019,NORTHEAST,30,2011,1.0,79500.0,79000.0,4351000.0,55.1,3705.5281788326947,118414.6405,31970.165718
IOWA,19,BUCHANAN,019,19019,NORTHEAST,30,2012,1.0,80800.0,80400.0,3789000.0,47.1,3167.520457768057,103119.5295,32536.725616800002
IOWA,19,BUCHANAN,019,19019,NORTHEAST,30,2013,1.0,79300.0,79000.0,3884000.0,49.2,3308.7474845475244,105705.002,31970.165718
IOWA,19,BUCHANAN,019,19019,NORTHEAST,30,2014,1.0,87700.0,87000.0,4307000.0,49.5,3328.922774087448,117217.1585,35207.650854
IOWA,19,BUCHANAN,019,19019,NORTHEAST,30,2015,1.0,85700.0,85400.0,4924000.0,57.7,3880.3806881787023,134009.122,34560.1538268
IOWA,19,BUCHANAN,019,19019,NORTHEAST,30,2016,1.0,77700.0,77500.0,4668000.0,60.2,4048.508101011402,127041.954,31363.137255
IOWA,19,BUCHANAN,019,19019,NORTHEAST,30,2017,1.0,85300.0,84800.0,4744000.0,55.9,3759.3289509391584,129110.332,34317.3424416
IOWA,19,BUCHANAN,019,19019,NORTHEAST,30,2018,1.0,82600.0,82000.0,4690000.0,57.2,3846.7552056121626,127640.695,33184.222644
IOWA,19,BUCHANAN,019,19019,NORTHEAST,30,2019,1.0,73100.0,72500.0,4003000.0,55.2,3712.2532753460027,108943.6465,29339.709045
IOWA,19,BUCHANAN,019,19019,NORTHEAST,30,2020,1.0,70000.0,69400.0,3935000.0,56.7,3813.1297230456225,107092.9925,28085.1835548
IOWA,19,BUCHANAN,019,19019,NORTHEAST,30,2021,1.0,88500.0,88000.0,5579000.0,63.4,4263.7111894372565,151835.2745,35612.336496
IOWA,19,BUCHANAN,019,19019,NORTHEAST,30,2022,1.0,96300.0,95600.0,6214000.0,65.0,4371.312733650185,169117.117,38687.9473752
IOWA,19,BUCHANAN,019,19019,NORTHEAST,30,2023,1.0,84400.0,83800.0,4341000.0,51.8,3483.5999938935315,118142.4855,33912.6567996
IOWA,19,BUCHANAN,019,19019,NORTHEAST,30,2024,1.0,88200.0,87600.0,5247000.0,59.9,4028.3328114714777,142799.7285,35450.4622392
IOWA,19,BUCHANAN,019,19019,NORTHEAST,30,2025,1.0,78000.0,77400.0,4969000.0,64.2,4317.511961543721,135233.8195,31322.6686908
IOWA,19,BUENA VISTA,021,19021,NORTHWEST,10,1980,1.0,133100.0,133000.0,5410000.0,40.7,2737.1142809163466,147235.855,53823.190386
IOWA,19,BUENA VISTA,021,19021,NORTHWEST,10,1981,1.0,127000.0,126400.0,5388000.0,42.6,2864.891114669198,146637.114,51152.265148800005
IOWA,19,BUENA VISTA,021,19021,NORTHWEST,10,1982,1.0,132000.0,131300.0,4901000.0,37.3,2508.460999463875,133383.1655,53135.2247946
IOWA,19,BUENA VISTA,021,19021,NORTHWEST,10,1983,1.0,122000.0,121500.0,3953000.0,32.5,2185.6563668250924,107582.8715,49169.305503
IOWA,19,BUENA VISTA,021,19021,NORTHWEST,10,1984,1.0,129000.0,127200.0,4005000.0,31.5,2118.405401692012,108998.0775,51476.0136624
IOWA,19,BUENA VISTA,021,19021,NORTHWEST,10,1985,1.0,124000.0,123500.0,4855000.0,39.3,2642.9629297300344,132131.2525,49978.676787000004
IOWA,19,BUENA VISTA,021,19021,NORTHWEST,10,1986,1.0,127000.0,126900.0,5331000.0,42.0,2824.54053558935,145085.8305,51354.6079698
IOWA,19,BUENA VISTA,021,19021,NORTHWEST,10,1987,1.0,124000.0,122900.0,5280000.0,43.0,2891.7915007224296,143697.84,49735.8654018
IOWA,19,BUENA VISTA,021,19021,NORTHWEST,10,1988,1.0,131000.0,130500.0,5074000.0,38.9,2616.0625436768028,138091.447,52811.476281
IOWA,19,BUENA VISTA,021,19021,NORTHWEST,10,1989,1.0,131000.0,130800.0,5777000.0,44.2,2972.4926588821254,157223.9435,52932.8819736
IOWA,19,BUENA VISTA,021,19021,NORTHWEST,10,1990,1.0,136000.0,135000.0,5588000.0,41.4,2784.189956509502,152080.214,54632.56167
IOWA,19,BUENA VISTA,021,19021,NORTHWEST,10,1991,1.0,146000.0,145200.0,5786000.0,39.8,2676.5884122965745,157468.883,58760.3552184
IOWA,19,BUENA VISTA,021,19021,NORTHWEST,10,1992,1.0,137000.0,136700.0,6370000.0,46.6,3133.894975201517,173362.735,55320.5272614
IOWA,19,BUENA VISTA,021,19021,NORTHWEST,10,1993,1.0,141000.0,137300.0,4168000.0,30.4,2044.4293400456245,113434.204,55563.3386466
IOWA,19,BUENA VISTA,021,19021,NORTHWEST,10,1994,1.0,146000.0,144900.0,7529000.0,52.0,3497.0501869201476,204905.4995,58638.9495258
IOWA,19,BUENA VISTA,021,19021,NORTHWEST,10,1995,1.0,145000.0,144600.0,7095000.0,49.1,3302.0223880342164,193093.9725,58517.543833200005
IOWA,19,BUENA VISTA,021,19021,NORTHWEST,10,1996,1.0,152000.0,151600.0,7012000.0,46.3,3113.719685661593,190835.086,61350.343327200004
IOWA,19,BUENA VISTA,021,19021,NORTHWEST,10,1997,1.0,155900.0,154700.0,7483000.0,48.4,3254.9467124410603,203653.5865,62604.868817400005
IOWA,19,BUENA VISTA,021,19021,NORTHWEST,10,1998,1.0,150600.0,150100.0,7321000.0,48.8,3281.847098494292,199244.6755,60743.3148642
IOWA,19,BUENA VISTA,021,19021,NORTHWEST,10,1999,1.0,157000.0,156800.0,7213000.0,46.0,3093.544396121669,196305.4015,63454.7086656
IOWA,19,BUENA VISTA,021,19021,NORTHWEST,10,2000,1.0,153000.0,152700.0,5859000.0,38.4,2582.4370611102627,159455.6145,61795.497533400005
IOWA,19,BUENA VISTA,021,19021,NORTHWEST,10,2001,1.0,158000.0,157200.0,7307000.0,46.5,3127.169878688209,198863.6585,63616.582922400004
IOWA,19,BUENA VISTA,021,19021,NORTHWEST,10,2002,1.0,149000.0,148100.0,7620000.0,51.5,3463.4247043536075,207382.11,59933.9435802
IOWA,19,BUENA VISTA,021,19021,NORTHWEST,10,2003,1.0,153000.0,151400.0,4803000.0,31.7,2131.8555947186283,130716.0465,61269.4061988
IOWA,19,BUENA VISTA,021,19021,NORTHWEST,10,2004,1.0,144000.0,143300.0,7078000.0,49.4,3322.19767757414,192631.309,57991.4524986
IOWA,19,BUENA VISTA,021,19021,NORTHWEST,10,2005,1.0,142500.0,141900.0,7342100.0,51.7,3476.874897380224,199818.92255,57424.892599800005
IOWA,19,BUENA VISTA,021,19021,NORTHWEST,10,2006,1.0,143000.0,142500.0,6807800.0,47.8,3214.596133361212,185277.6809,57667.703985
IOWA,19,BUENA VISTA,021,19021,NORTHWEST,10,2007,1.0,128000.0,127800.0,6725000.0,52.6,3537.4007659999957,183024.2375,51718.8250476
IOWA,19,BUENA VISTA,021,19021,NORTHWEST,10,2008,1.0,143000.0,142600.0,7195000.0,50.5,3396.1737392205278,195815.5225,57708.172549200004
IOWA,19,BUENA VISTA,021,19021,NORTHWEST,10,2009,1.0,140000.0,139600.0,7455000.0,53.5,3597.9266346197674,202891.5525,56494.1156232
IOWA,19,BUENA VISTA,021,19021,NORTHWEST,10,2010,1.0,145500.0,145000.0,7315000.0,50.4,3389.4486427072197,199081.3825,58679.41809
IOWA,19,BUENA VISTA,021,19021,NORTHWEST,10,2011,1.0,135000.0,134000.0,6601000.0,49.3,3315.472581060832,179649.5155,54227.876028
IOWA,19,BUENA VISTA,021,19021,NORTHWEST,10,2012,1.0,133000.0,132600.0,5672000.0,42.8,2878.3413076958136,154366.316,53661.3161292
IOWA,19,BUENA VISTA,021,19021,NORTHWEST,10,2013,1.0,132000.0,131500.0,5906000.0,44.9,3019.568334475281,160734.743,53216.161923
IOWA,19,BUENA VISTA,021,19021,NORTHWEST,10,2014,1.0,139000.0,137800.0,6769000.0,49.1,3302.0223880342164,184221.7195,55765.6814676
IOWA,19,BUENA VISTA,021,19021,NORTHWEST,10,2015,1.0,147000.0,146400.0,8729000.0,59.6,4008.1575219315537,237564.0995,59245.977988800005
IOWA,19,BUENA VISTA,021,19021,NORTHWEST,10,2016,1.0,139000.0,138400.0,8333000.0,60.2,4048.508101011402,226786.7615,56008.4928528
IOWA,19,BUENA VISTA,021,19021,NORTHWEST,10,2017,1.0,143500.0,142700.0,8058000.0,56.5,3799.6795300190065,219302.499,57748.6411134
IOWA,19,BUENA VISTA,021,19021,NORTHWEST,10,2018,1.0,144000.0,142300.0,7895000.0,55.5,3732.428564885927,214866.3725,57586.7668566
IOWA,19,BUENA VISTA,021,19021,NORTHWEST,10,2019,1.0,137000.0,135800.0,7268000.0,53.5,3597.9266346197674,197802.254,54956.3101836
IOWA,19,BUENA VISTA,021,19021,NORTHWEST,10,2021,1.0,146500.0,145400.0,9277000.0,63.8,4290.611575490489,252478.1935,58841.2923468
IOWA,19,BUENA VISTA,021,19021,NORTHWEST,10,2022,1.0,144500.0,143500.0,8208000.0,57.2,3846.7552056121626,223384.824,58072.389627000004
IOWA,19,BUENA VISTA,021,19021,NORTHWEST,10,2023,1.0,144500.0,143500.0,8768000.0,61.1,4109.033969631173,238625.504,58072.389627000004
IOWA,19,BUENA VISTA,021,19021,NORTHWEST,10,2025,1.0,137000.0,136000.0,8704000.0,64.0,4304.061768517105,236883.712,55037.247312
IOWA,19,BUTLER,023,19023,NORTH CENTRAL,20,1980,1.0,114400.0,114300.0,4580000.0,40.1,2696.7637018364985,124646.99,46255.5688806
IOWA,19,BUTLER,023,19023,NORTH CENTRAL,20,1981,1.0,103000.0,102700.0,3843000.0,37.4,2515.186095977183,104589.1665,41561.2154334
IOWA,19,BUTLER,023,19023,NORTH CENTRAL,20,1982,1.0,96200.0,95900.0,3403000.0,35.5,2387.4092622243315,92614.3465,38809.3530678
IOWA,19,BUTLER,023,19023,NORTH CENTRAL,20,1983,1.0,87200.0,86900.0,3220000.0,37.1,2495.0108064372594,87633.91,35167.1822898
IOWA,19,BUTLER,023,19023,NORTH CENTRAL,20,1984,1.0,88000.0,87600.0,2743000.0,31.3,2104.9552086653966,74652.1165,35450.4622392
IOWA,19,BUTLER,023,19023,NORTH CENTRAL,20,1985,1.0,85200.0,84300.0,3183000.0,37.8,2542.0864820304146,86626.9365,34114.9996206
IOWA,19,BUTLER,023,19023,NORTH CENTRAL,20,1986,1.0,93300.0,93200.0,3959000.0,42.5,2858.1660181558896,107746.1645,37716.7018344
IOWA,19,BUTLER,023,19023,NORTH CENTRAL,20,1987,1.0,81900.0,81700.0,3680000.0,45.0,3026.293430988589,100153.04,33062.816951400004
IOWA,19,BUTLER,023,19023,NORTH CENTRAL,20,1988,1.0,88800.0,88400.0,2786000.0,31.5,2118.405401692012,75822.383,35774.2107528
IOWA,19,BUTLER,023,19023,NORTH CENTRAL,20,1989,1.0,85600.0,85600.0,2906000.0,33.9,2279.8077180114037,79088.243,34641.0909552
IOWA,19,BUTLER,023,19023,NORTH CENTRAL,20,1990,1.0,82100.0,81400.0,3388000.0,41.6,2797.6401495361183,92206.114,32941.4112588
IOWA,19,BUTLER,023,19023,NORTH CENTRAL,20,1991,1.0,101000.0,100600.0,4021000.0,40.0,2690.0386053231905,109433.5255,40711.3755852
IOWA,19,BUTLER,023,19023,NORTH CENTRAL,20,1992,1.0,89000.0,88800.0,4075000.0,45.9,3086.819299608361,110903.1625,35936.0850096
IOWA,19,BUTLER,023,19023,NORTH CENTRAL,20,1993,1.0,97000.0,92500.0,2763000.0,29.9,2010.8038574790846,75196.4265,37433.421885
IOWA,19,BUTLER,023,19023,NORTH CENTRAL,20,1994,1.0,99000.0,98700.0,4850000.0,49.1,3302.0223880342164,131995.175,39942.4728654
IOWA,19,BUTLER,023,19023,NORTH CENTRAL,20,1995,1.0,101000.0,100700.0,4953000.0,49.2,3308.7474845475244,134798.3715,40751.8441494
IOWA,19,BUTLER,023,19023,NORTH CENTRAL,20,1996,1.0,116000.0,115800.0,5386000.0,46.5,3127.169878688209,146582.683,46862.5973436
IOWA,19,BUTLER,023,19023,NORTH CENTRAL,20,1997,1.0,127200.0,126400.0,5709000.0,45.2,3039.743624015205,155373.2895,51152.265148800005
IOWA,19,BUTLER,023,19023,NORTH CENTRAL,20,1998,1.0,123800.0,123400.0,6382000.0,51.7,3476.874897380224,173689.321,49938.2082228
IOWA,19,BUTLER,023,19023,NORTH CENTRAL,20,1999,1.0,132000.0,130300.0,5861000.0,45.0,3026.293430988589,159510.0455,52730.5391526
IOWA,19,BUTLER,023,19023,NORTH CENTRAL,20,2000,1.0,129000.0,128900.0,5989000.0,46.5,3127.169878688209,162993.6295,52163.979253800004
IOWA,19,BUTLER,023,19023,NORTH CENTRAL,20,2001,1.0,135000.0,133900.0,5977000.0,44.6,2999.3930449353575,162667.0435,54187.4074638
IOWA,19,BUTLER,023,19023,NORTH CENTRAL,20,2002,1.0,125000.0,124300.0,6140000.0,49.4,3322.19767757414,167103.17,50302.4253006
IOWA,19,BUTLER,023,19023,NORTH CENTRAL,20,2003,1.0,126000.0,125400.0,3066000.0,24.4,1640.923549247146,83442.723,50747.5795068
IOWA,19,BUTLER,023,19023,NORTH CENTRAL,20,2004,1.0,121000.0,120500.0,6004000.0,49.8,3349.0980636273716,163401.862,48764.619861
IOWA,19,BUTLER,023,19023,NORTH CENTRAL,20,2005,1.0,118500.0,117900.0,6355900.0,53.9,3624.827020672999,172978.99644999998,47712.4371918
IOWA,19,BUTLER,023,19023,NORTH CENTRAL,20,2006,1.0,120000.0,119600.0,6215500.0,52.0,3497.0501869201476,169157.94025,48400.4027832
IOWA,19,BUTLER,023,19023,NORTH CENTRAL,20,2007,1.0,88500.0,88300.0,4607000.0,52.2,3510.5003799467636,125381.8085,35733.7421886
IOWA,19,BUTLER,023,19023,NORTH CENTRAL,20,2008,1.0,105500.0,104300.0,4973000.0,47.5,3194.4208438212886,135342.6815,42208.7124606
IOWA,19,BUTLER,023,19023,NORTH CENTRAL,20,2009,1.0,106500.0,105900.0,5080000.0,48.0,3228.0463263878282,138254.74,42856.2094878
IOWA,19,BUTLER,023,19023,NORTH CENTRAL,20,2010,1.0,110000.0,109700.0,5982000.0,54.5,3665.177599752847,162803.121,44394.0149274
IOWA,19,BUTLER,023,19023,NORTH CENTRAL,20,2011,1.0,101000.0,100300.0,5547000.0,55.3,3718.9783718593103,150964.3785,40589.9698926
IOWA,19,BUTLER,023,19023,NORTH CENTRAL,20,2012,1.0,101000.0,100500.0,4024000.0,40.0,2690.0386053231905,109515.172,40670.907021
IOWA,19,BUTLER,023,19023,NORTH CENTRAL,20,2013,1.0,102500.0,102000.0,5040000.0,49.4,3322.19767757414,137166.12,41277.935484
IOWA,19,BUTLER,023,19023,NORTH CENTRAL,20,2014,1.0,106500.0,106100.0,4908000.0,46.3,3113.719685661593,133573.674,42937.1466162
IOWA,19,BUTLER,023,19023,NORTH CENTRAL,20,2015,1.0,106000.0,105100.0,6064000.0,57.7,3880.3806881787023,165034.792,42532.4609742
IOWA,19,BUTLER,023,19023,NORTH CENTRAL,20,2016,1.0,101000.0,100100.0,5998000.0,59.9,4028.3328114714777,163238.569,40509.032764200005
IOWA,19,BUTLER,023,19023,NORTH CENTRAL,20,2017,1.0,107500.0,106900.0,5977000.0,55.9,3759.3289509391584,162667.0435,43260.8951298
IOWA,19,BUTLER,023,19023,NORTH CENTRAL,20,2018,1.0,105500.0,104200.0,5847000.0,56.1,3772.7791439657744,159129.0285,42168.2438964
IOWA,19,BUTLER,023,19023,NORTH CENTRAL,20,2019,1.0,94600.0,93400.0,5137000.0,55.0,3698.8030823193867,139806.0235,37797.6389628
IOWA,19,BUTLER,023,19023,NORTH CENTRAL,20,2020,1.0,92400.0,91600.0,4965000.0,54.2,3645.002310212923,135124.9575,37069.2048072
IOWA,19,BUTLER,023,19023,NORTH CENTRAL,20,2021,1.0,105000.0,104400.0,6348000.0,60.8,4088.858680091249,172763.994,42249.181024800004
IOWA,19,BUTLER,023,19023,NORTH CENTRAL,20,2022,1.0,105500.0,104800.0,6456000.0,61.6,4142.659452197713,175703.268,42411.0552816
IOWA,19,BUTLER,023,19023,NORTH CENTRAL,20,2023,1.0,107500.0,106800.0,5436000.0,50.9,3423.07412527376,147943.458,43220.4265656
IOWA,19,BUTLER,023,19023,NORTH CENTRAL,20,2024,1.0,111000.0,110300.0,6430000.0,58.3,3920.73126725855,174995.665,44636.8263126
IOWA,19,BUTLER,023,19023,NORTH CENTRAL,20,2025,1.0,97800.0,97100.0,6146000.0,63.3,4256.9860929239485,167266.463,39294.9758382
IOWA,19,CALHOUN,025,19025,WEST CENTRAL,40,1980,1.0,149000.0,148900.0,6440000.0,43.3,2911.9667902623532,175267.82,60257.692093800004
IOWA,19,CALHOUN,025,19025,WEST CENTRAL,40,1981,1.0,142000.0,140300.0,5622000.0,40.1,2696.7637018364985,153005.541,56777.3955726
IOWA,19,CALHOUN,025,19025,WEST CENTRAL,40,1982,1.0,146000.0,143400.0,5497000.0,38.3,2575.7119645969547,149603.6035,58031.9210628
IOWA,19,CALHOUN,025,19025,WEST CENTRAL,40,1983,1.0,142000.0,141300.0,5155000.0,36.5,2454.6602273574113,140295.9025,57182.0812146
IOWA,19,CALHOUN,025,19025,WEST CENTRAL,40,1984,1.0,150000.0,148500.0,4625000.0,31.1,2091.5050156387806,125871.6875,60095.817837
IOWA,19,CALHOUN,025,19025,WEST CENTRAL,40,1985,1.0,139000.0,138400.0,5263000.0,38.0,2555.536675057031,143235.1765,56008.4928528
IOWA,19,CALHOUN,025,19025,WEST CENTRAL,40,1986,1.0,145000.0,144600.0,6031000.0,41.7,2804.3652460494263,164136.6805,58517.543833200005
IOWA,19,CALHOUN,025,19025,WEST CENTRAL,40,1987,1.0,145000.0,144400.0,6776000.0,46.9,3154.0702647414405,184412.228,58436.606704800004
IOWA,19,CALHOUN,025,19025,WEST CENTRAL,40,1988,1.0,150000.0,149200.0,5521000.0,37.0,2488.285709923951,150256.7755,60379.0977864
IOWA,19,CALHOUN,025,19025,WEST CENTRAL,40,1989,1.0,154000.0,152300.0,6359000.0,41.8,2811.090342562734,173063.3645,61633.6232766
IOWA,19,CALHOUN,025,19025,WEST CENTRAL,40,1990,1.0,150000.0,147800.0,5948000.0,40.2,2703.4887983498065,161877.794,59812.5378876
IOWA,19,CALHOUN,025,19025,WEST CENTRAL,40,1991,1.0,171000.0,170000.0,6290000.0,37.0,2488.285709923951,171185.495,68796.55914
IOWA,19,CALHOUN,025,19025,WEST CENTRAL,40,1992,1.0,149000.0,148800.0,6829000.0,45.9,3086.819299608361,185854.6495,60217.2235296
IOWA,19,CALHOUN,025,19025,WEST CENTRAL,40,1993,1.0,159000.0,153300.0,4426000.0,28.9,1943.552892346005,120455.803,62038.3089186
IOWA,19,CALHOUN,025,19025,WEST CENTRAL,40,1994,1.0,155000.0,154700.0,8443000.0,54.6,3671.902696266155,229780.4665,62604.868817400005
IOWA,19,CALHOUN,025,19025,WEST CENTRAL,40,1995,1.0,160000.0,159400.0,7680000.0,48.2,3241.4965194144447,209015.04,64506.8913348
IOWA,19,CALHOUN,025,19025,WEST CENTRAL,40,1996,1.0,161000.0,160500.0,7690000.0,47.9,3221.32122987452,209287.195,64952.045541
IOWA,19,CALHOUN,025,19025,WEST CENTRAL,40,1997,1.0,161800.0,160300.0,7221000.0,45.0,3026.293430988589,196523.1255,64871.1084126
IOWA,19,CALHOUN,025,19025,WEST CENTRAL,40,1998,1.0,162400.0,158900.0,6516000.0,41.0,2757.28957045627,177336.198,64304.5485138
IOWA,19,CALHOUN,025,19025,WEST CENTRAL,40,1999,1.0,164000.0,163000.0,7089000.0,43.5,2925.4169832889697,192930.6795,65963.759646
IOWA,19,CALHOUN,025,19025,WEST CENTRAL,40,2000,1.0,156000.0,155800.0,6241000.0,40.1,2696.7637018364985,169851.9355,63050.0230236
IOWA,19,CALHOUN,025,19025,WEST CENTRAL,40,2001,1.0,167000.0,166000.0,7249000.0,43.7,2938.8671763155858,197285.1595,67177.816572
IOWA,19,CALHOUN,025,19025,WEST CENTRAL,40,2002,1.0,154000.0,153300.0,7856000.0,51.2,3443.249414813684,213804.968,62038.3089186
IOWA,19,CALHOUN,025,19025,WEST CENTRAL,40,2003,1.0,159000.0,158200.0,5229000.0,33.1,2226.00694590494,142309.8495,64021.2685644
IOWA,19,CALHOUN,025,19025,WEST CENTRAL,40,2004,1.0,148000.0,147600.0,6796000.0,46.0,3093.544396121669,184956.538,59731.6007592
IOWA,19,CALHOUN,025,19025,WEST CENTRAL,40,2005,1.0,146500.0,145800.0,7582800.0,52.0,3497.0501869201476,206369.6934,59003.1666036
IOWA,19,CALHOUN,025,19025,WEST CENTRAL,40,2006,1.0,141500.0,141200.0,6972200.0,49.4,3322.19767757414,189751.9091,57141.6126504
IOWA,19,CALHOUN,025,19025,WEST CENTRAL,40,2007,1.0,126000.0,125800.0,6571000.0,52.2,3510.5003799467636,178833.0505,50909.4537636
IOWA,19,CALHOUN,025,19025,WEST CENTRAL,40,2008,1.0,127000.0,126500.0,6189000.0,49.0,3295.2972915209084,168436.7295,51192.733713
IOWA,19,CALHOUN,025,19025,WEST CENTRAL,40,2009,1.0,136500.0,135100.0,6158000.0,45.5,3059.918913555129,167593.049,54673.0302342
IOWA,19,CALHOUN,025,19025,WEST CENTRAL,40,2010,1.0,130500.0,130000.0,6190000.0,47.6,3201.1459403345966,168463.945,52609.133460000005
IOWA,19,CALHOUN,025,19025,WEST CENTRAL,40,2011,1.0,129000.0,128400.0,6640000.0,51.7,3476.874897380224,180710.92,51961.6364328
IOWA,19,CALHOUN,025,19025,WEST CENTRAL,40,2012,1.0,119500.0,119100.0,4805000.0,40.3,2710.213894863114,130770.4775,48198.0599622
IOWA,19,CALHOUN,025,19025,WEST CENTRAL,40,2013,1.0,127000.0,126400.0,4600000.0,36.4,2447.9351308441032,125191.3,51152.265148800005
IOWA,19,CALHOUN,025,19025,WEST CENTRAL,40,2014,1.0,132500.0,131900.0,6728000.0,51.0,3429.799221787068,183105.884,53378.0361798
IOWA,19,CALHOUN,025,19025,WEST CENTRAL,40,2015,1.0,139000.0,138100.0,7624000.0,55.2,3712.2532753460027,207490.972,55887.087160200004
IOWA,19,CALHOUN,025,19025,WEST CENTRAL,40,2016,1.0,127500.0,126900.0,7909000.0,62.3,4189.735127790869,215247.3895,51354.6079698
IOWA,19,CALHOUN,025,19025,WEST CENTRAL,40,2017,1.0,137500.0,136800.0,7870000.0,57.5,3866.930495152086,214185.985,55360.9958256
IOWA,19,CALHOUN,025,19025,WEST CENTRAL,40,2018,1.0,140500.0,138500.0,7355000.0,53.1,3571.0262485665353,200170.0025,56048.961417
IOWA,19,CALHOUN,025,19025,WEST CENTRAL,40,2019,1.0,132500.0,131600.0,7257000.0,55.1,3705.5281788326947,197502.8835,53256.630487200004
IOWA,19,CALHOUN,025,19025,WEST CENTRAL,40,2020,1.0,129500.0,128400.0,6125000.0,47.7,3207.8710368479046,166694.9375,51961.6364328
IOWA,19,CALHOUN,025,19025,WEST CENTRAL,40,2021,1.0,147500.0,146400.0,9296000.0,63.5,4270.4362859505645,252995.288,59245.977988800005
IOWA,19,CALHOUN,025,19025,WEST CENTRAL,40,2022,1.0,136500.0,135600.0,8298000.0,61.2,4115.759066144481,225834.219,54875.373055200005
IOWA,19,CALHOUN,025,19025,WEST CENTRAL,40,2023,1.0,144000.0,143100.0,8214000.0,57.4,3860.205398638778,223548.117,57910.5153702
IOWA,19,CALHOUN,025,19025,WEST CENTRAL,40,2024,1.0,138000.0,137100.0,8582000.0,62.6,4209.910417330793,233563.421,55482.4015182
IOWA,19,CALHOUN,025,19025,WEST CENTRAL,40,2025,1.0,138500.0,137500.0,8663000.0,63.0,4236.810803384024,235767.8765,55644.275775
IOWA,19,CARROLL,027,19027,WEST CENTRAL,40,1980,1.0,103400.0,103300.0,4210000.0,40.8,2743.839377429654,114577.255,41804.0268186
IOWA,19,CARROLL,027,19027,WEST CENTRAL,40,1981,1.0,103000.0,103000.0,4550000.0,44.2,2972.4926588821254,123830.525,41682.621126
IOWA,19,CARROLL,027,19027,WEST CENTRAL,40,1982,1.0,108000.0,107800.0,4047000.0,37.5,2521.911192490491,110141.1285,43625.1122076
IOWA,19,CARROLL,027,19027,WEST CENTRAL,40,1983,1.0,102000.0,101900.0,3675000.0,36.1,2427.759841304179,100016.9625,41237.466919800005
IOWA,19,CARROLL,027,19027,WEST CENTRAL,40,1984,1.0,104000.0,103200.0,3447000.0,33.4,2246.182235444864,93811.8285,41763.5582544
IOWA,19,CARROLL,027,19027,WEST CENTRAL,40,1985,1.0,97500.0,97100.0,3952000.0,40.7,2737.1142809163466,107555.656,39294.9758382
IOWA,19,CARROLL,027,19027,WEST CENTRAL,40,1986,1.0,105000.0,104400.0,4647000.0,44.5,2992.6679484220494,126470.4285,42249.181024800004
IOWA,19,CARROLL,027,19027,WEST CENTRAL,40,1987,1.0,110000.0,109600.0,4943000.0,45.1,3033.018527501897,134526.2165,44353.5463632
IOWA,19,CARROLL,027,19027,WEST CENTRAL,40,1988,1.0,117000.0,116500.0,4352000.0,37.4,2515.186095977183,118441.856,47145.877293000005
IOWA,19,CARROLL,027,19027,WEST CENTRAL,40,1989,1.0,115000.0,114800.0,4468000.0,38.9,2616.0625436768028,121598.854,46457.9117016
IOWA,19,CARROLL,027,19027,WEST CENTRAL,40,1990,1.0,112000.0,111300.0,4545000.0,40.8,2743.839377429654,123694.4475,45041.5119546
IOWA,19,CARROLL,027,19027,WEST CENTRAL,40,1991,1.0,115000.0,114200.0,4679000.0,41.0,2757.28957045627,127341.3245,46215.1003164
IOWA,19,CARROLL,027,19027,WEST CENTRAL,40,1992,1.0,118000.0,117800.0,5443000.0,46.2,3106.9945891482853,148133.9665,47671.9686276
IOWA,19,CARROLL,027,19027,WEST CENTRAL,40,1993,1.0,123000.0,120500.0,3832000.0,31.8,2138.5806912319363,104289.796,48764.619861
IOWA,19,CARROLL,027,19027,WEST CENTRAL,40,1994,1.0,124000.0,123800.0,6480000.0,52.3,3517.225476460071,176356.44,50100.0824796
IOWA,19,CARROLL,027,19027,WEST CENTRAL,40,1995,1.0,128000.0,127700.0,5953000.0,46.6,3133.894975201517,162013.8715,51678.3564834
IOWA,19,CARROLL,027,19027,WEST CENTRAL,40,1996,1.0,146000.0,145100.0,6260000.0,43.1,2898.5165972357377,170369.03,58719.8866542
IOWA,19,CARROLL,027,19027,WEST CENTRAL,40,1997,1.0,142300.0,141100.0,6514000.0,46.2,3106.9945891482853,177281.767,57101.1440862
IOWA,19,CARROLL,027,19027,WEST CENTRAL,40,1998,1.0,139600.0,139100.0,6500000.0,46.7,3140.620071714825,176900.75,56291.7728022
IOWA,19,CARROLL,027,19027,WEST CENTRAL,40,1999,1.0,144000.0,138800.0,5357000.0,38.6,2595.8872541368787,145793.4335,56170.3671096
IOWA,19,CARROLL,027,19027,WEST CENTRAL,40,2000,1.0,142000.0,141800.0,5540000.0,39.1,2629.512736703419,150773.87,57384.4240356
IOWA,19,CARROLL,027,19027,WEST CENTRAL,40,2001,1.0,145000.0,143700.0,6647000.0,46.3,3113.719685661593,180901.4285,58153.326755400005
IOWA,19,CARROLL,027,19027,WEST CENTRAL,40,2002,1.0,139000.0,138800.0,7225000.0,52.1,3503.7752834334556,196631.9875,56170.3671096
IOWA,19,CARROLL,027,19027,WEST CENTRAL,40,2003,1.0,142000.0,141400.0,5069000.0,35.8,2407.584551764255,137955.3695,57222.5497788
IOWA,19,CARROLL,027,19027,WEST CENTRAL,40,2004,1.0,138000.0,137500.0,7060000.0,51.3,3449.9745113269914,192141.43,55644.275775
IOWA,19,CARROLL,027,19027,WEST CENTRAL,40,2005,1.0,130500.0,129900.0,6831600.0,52.6,3537.4007659999957,185925.4098,52568.6648958
IOWA,19,CARROLL,027,19027,WEST CENTRAL,40,2006,1.0,132000.0,127000.0,6277100.0,49.4,3322.19767757414,170834.41504999998,51395.076534
IOWA,19,CARROLL,027,19027,WEST CENTRAL,40,2007,1.0,109000.0,108800.0,5499000.0,50.5,3396.1737392205278,149658.0345,44029.7978496
IOWA,19,CARROLL,027,19027,WEST CENTRAL,40,2008,1.0,116500.0,116200.0,5744000.0,49.5,3328.922774087448,156325.832,47024.4716004
IOWA,19,CARROLL,027,19027,WEST CENTRAL,40,2009,1.0,115500.0,115300.0,6343000.0,55.0,3698.8030823193867,172627.9165,46660.2545226
IOWA,19,CARROLL,027,19027,WEST CENTRAL,40,2010,1.0,113000.0,112500.0,5938000.0,52.8,3550.8509590266112,161605.639,45527.134725
IOWA,19,CARROLL,027,19027,WEST CENTRAL,40,2011,1.0,110500.0,110000.0,5745000.0,52.2,3510.5003799467636,156353.0475,44515.420620000004
IOWA,19,CARROLL,027,19027,WEST CENTRAL,40,2012,1.0,101000.0,100700.0,4012000.0,39.8,2676.5884122965745,109188.586,40751.8441494
IOWA,19,CARROLL,027,19027,WEST CENTRAL,40,2013,1.0,101500.0,101100.0,4224000.0,41.8,2811.090342562734,114958.272,40913.7184062
IOWA,19,CARROLL,027,19027,WEST CENTRAL,40,2014,1.0,113500.0,113000.0,6313000.0,55.9,3759.3289509391584,171811.4515,45729.477546
IOWA,19,CARROLL,027,19027,WEST CENTRAL,40,2015,1.0,119500.0,119000.0,6905000.0,58.0,3900.555977718626,187923.0275,48157.591398000004
IOWA,19,CARROLL,027,19027,WEST CENTRAL,40,2016,1.0,107500.0,107000.0,6280000.0,58.7,3947.631653311782,170913.34,43301.363694
IOWA,19,CARROLL,027,19027,WEST CENTRAL,40,2017,1.0,122000.0,121100.0,7318000.0,60.4,4061.9582940380174,199163.029,49007.4312462
IOWA,19,CARROLL,027,19027,WEST CENTRAL,40,2018,1.0,114000.0,112700.0,6654000.0,59.0,3967.806942851706,181091.937,45608.071853400004
IOWA,19,CARROLL,027,19027,WEST CENTRAL,40,2019,1.0,111000.0,110200.0,6484000.0,58.8,3954.3567498250895,176465.302,44596.3577484
IOWA,19,CARROLL,027,19027,WEST CENTRAL,40,2020,1.0,106000.0,104700.0,5738000.0,54.8,3685.3528892927707,156162.539,42370.5867174
IOWA,19,CARROLL,027,19027,WEST CENTRAL,40,2021,1.0,123000.0,122100.0,7973000.0,65.3,4391.488023190108,216989.1815,49412.1168882
IOWA,19,CARROLL,027,19027,WEST CENTRAL,40,2022,1.0,118500.0,117700.0,6933000.0,58.9,3961.0818463383976,188685.0615,47631.5000634
IOWA,19,CARROLL,027,19027,WEST CENTRAL,40,2023,1.0,122500.0,121700.0,6913000.0,56.8,3819.85481955893,188140.7515,49250.242631400004
IOWA,19,CARROLL,027,19027,WEST CENTRAL,40,2024,1.0,121000.0,120200.0,8126000.0,67.6,4546.165242996191,221153.153,48643.2141684
IOWA,19,CASS,029,19029,SOUTHWEST,70,1980,1.0,72800.0,70300.0,2490000.0,35.4,2380.6841657110235,67766.595,28449.4006326
IOWA,19,CASS,029,19029,SOUTHWEST,70,1981,1.0,71600.0,71600.0,3009000.0,42.0,2824.54053558935,81891.4395,28975.4919672
IOWA,19,CASS,029,19029,SOUTHWEST,70,1982,1.0,81600.0,81200.0,2747000.0,33.8,2273.0826214980957,74760.9785,32860.4741304
IOWA,19,CASS,029,19029,SOUTHWEST,70,1983,1.0,77700.0,77700.0,2738000.0,35.2,2367.233972684408,74516.039,31444.074383400002
IOWA,19,CASS,029,19029,SOUTHWEST,70,1984,1.0,75000.0,74500.0,1987000.0,26.7,1795.6007690532294,54077.1985,30149.080329
IOWA,19,CASS,029,19029,SOUTHWEST,70,1985,1.0,76500.0,75900.0,2867000.0,37.8,2542.0864820304146,78026.8385,30715.640227800002
IOWA,19,CASS,029,19029,SOUTHWEST,70,1986,1.0,78200.0,78000.0,3318000.0,42.5,2858.1660181558896,90301.029,31565.480076
IOWA,19,CASS,029,19029,SOUTHWEST,70,1987,1.0,79900.0,79500.0,3381000.0,42.5,2858.1660181558896,92015.6055,32172.508539000002
IOWA,19,CASS,029,19029,SOUTHWEST,70,1988,1.0,84500.0,84100.0,2417000.0,28.7,1930.102699319389,65779.8635,34034.0624922
IOWA,19,CASS,029,19029,SOUTHWEST,70,1989,1.0,86700.0,86500.0,3443000.0,39.8,2676.5884122965745,93702.9665,35005.308033
IOWA,19,CASS,029,19029,SOUTHWEST,70,1990,1.0,85700.0,85200.0,3361000.0,39.4,2649.6880262433424,91471.2955,34479.2166984
IOWA,19,CASS,029,19029,SOUTHWEST,70,1991,1.0,87800.0,87200.0,3671000.0,42.1,2831.265632102658,99908.1005,35288.5879824
IOWA,19,CASS,029,19029,SOUTHWEST,70,1992,1.0,87000.0,86600.0,3685000.0,42.6,2864.891114669198,100289.1175,35045.7765972
IOWA,19,CASS,029,19029,SOUTHWEST,70,1993,1.0,91000.0,89600.0,2778000.0,31.0,2084.7799191254726,75604.659,36259.8335232
IOWA,19,CASS,029,19029,SOUTHWEST,70,1994,1.0,92000.0,91700.0,4563000.0,49.8,3349.0980636273716,124184.3265,37109.6733714
IOWA,19,CASS,029,19029,SOUTHWEST,70,1995,1.0,98000.0,97200.0,3557000.0,36.6,2461.3853238707193,96805.5335,39335.444402400004
IOWA,19,CASS,029,19029,SOUTHWEST,70,1996,1.0,97000.0,96800.0,3885000.0,40.1,2696.7637018364985,105732.2175,39173.5701456
IOWA,19,CASS,029,19029,SOUTHWEST,70,1997,1.0,109200.0,108300.0,4359000.0,40.2,2703.4887983498065,118632.3645,43827.4550286
IOWA,19,CASS,029,19029,SOUTHWEST,70,1998,1.0,110900.0,110600.0,4738000.0,42.8,2878.3413076958136,128947.039,44758.2320052
IOWA,19,CASS,029,19029,SOUTHWEST,70,1999,1.0,115000.0,114700.0,4764000.0,41.5,2790.91505302281,129654.642,46417.4431374
IOWA,19,CASS,029,19029,SOUTHWEST,70,2000,1.0,113000.0,112800.0,4616000.0,40.9,2750.564473942962,125626.748,45648.5404176
IOWA,19,CASS,029,19029,SOUTHWEST,70,2001,1.0,116000.0,115300.0,5038000.0,43.7,2938.8671763155858,137111.689,46660.2545226
IOWA,19,CASS,029,19029,SOUTHWEST,70,2002,1.0,111000.0,110300.0,4582000.0,41.5,2790.91505302281,124701.421,44636.8263126
IOWA,19,CASS,029,19029,SOUTHWEST,70,2003,1.0,116000.0,115500.0,3411000.0,29.5,1983.903471425853,92832.0705,46741.191651
IOWA,19,CASS,029,19029,SOUTHWEST,70,2004,1.0,111000.0,110200.0,5823000.0,52.8,3550.8509590266112,158475.8565,44596.3577484
IOWA,19,CASS,029,19029,SOUTHWEST,70,2005,1.0,110500.0,109900.0,5715900.0,52.0,3497.0501869201476,155561.07645,44474.9520558
IOWA,19,CASS,029,19029,SOUTHWEST,70,2006,1.0,109500.0,109200.0,5691900.0,52.1,3503.7752834334556,154907.90445,44191.6721064
IOWA,19,CASS,029,19029,SOUTHWEST,70,2007,1.0,105300.0,104700.0,5289000.0,50.5,3396.1737392205278,143942.7795,42370.5867174
IOWA,19,CASS,029,19029,SOUTHWEST,70,2008,1.0,109000.0,108300.0,5007000.0,46.0,3093.544396121669,136268.0085,43827.4550286
IOWA,19,CASS,029,19029,SOUTHWEST,70,2009,1.0,105500.0,104800.0,5712000.0,54.5,3665.177599752847,155454.936,42411.0552816
IOWA,19,CASS,029,19029,SOUTHWEST,70,2010,1.0,108000.0,107300.0,5708000.0,53.2,3577.7513450798433,155346.074,43422.769386600005
IOWA,19,CASS,029,19029,SOUTHWEST,70,2011,1.0,109500.0,107900.0,5654000.0,52.4,3523.950572973379,153876.437,43665.5807718
IOWA,19,CASS,029,19029,SOUTHWEST,70,2012,1.0,109500.0,109100.0,4049000.0,37.1,2495.0108064372594,110195.5595,44151.203542200004
IOWA,19,CASS,029,19029,SOUTHWEST,70,2013,1.0,112000.0,111400.0,4991000.0,44.8,3012.843237961973,135832.5605,45081.9805188
IOWA,19,CASS,029,19029,SOUTHWEST,70,2014,1.0,123500.0,122800.0,6603000.0,53.8,3618.101924159691,179703.9465,49695.396837600005
IOWA,19,CASS,029,19029,SOUTHWEST,70,2015,1.0,117500.0,117000.0,6687000.0,57.2,3846.7552056121626,181990.0485,47348.220114
IOWA,19,CASS,029,19029,SOUTHWEST,70,2016,1.0,118000.0,117700.0,7011000.0,59.6,4008.1575219315537,190807.8705,47631.5000634
IOWA,19,CASS,029,19029,SOUTHWEST,70,2017,1.0,122000.0,121300.0,6898000.0,56.9,3826.579916072238,187732.519,49088.3683746
IOWA,19,CASS,029,19029,SOUTHWEST,70,2018,1.0,121500.0,120500.0,6339000.0,52.6,3537.4007659999957,172519.0545,48764.619861
IOWA,19,CASS,029,19029,SOUTHWEST,70,2019,1.0,112000.0,111300.0,6330000.0,56.9,3826.579916072238,172274.115,45041.5119546
IOWA,19,CASS,029,19029,SOUTHWEST,70,2020,1.0,119000.0,118000.0,5817000.0,49.3,3315.472581060832,158312.5635,47752.905756
IOWA,19,CASS,029,19029,SOUTHWEST,70,2021,1.0,118000.0,117300.0,7425000.0,63.3,4256.9860929239485,202075.0875,47469.6258066
IOWA,19,CASS,029,19029,SOUTHWEST,70,2022,1.0,120500.0,119700.0,6129000.0,51.2,3443.249414813684,166803.7995,48440.8713474
IOWA,19,CASS,029,19029,SOUTHWEST,70,2024,1.0,120000.0,119200.0,7283000.0,61.1,4109.033969631173,198210.4865,48238.528526400005
IOWA,19,CASS,029,19029,SOUTHWEST,70,2025,1.0,113000.0,112200.0,6968000.0,62.1,4176.284934764253,189637.604,45405.7290324
IOWA,19,CEDAR,031,19031,EAST CENTRAL,60,1980,1.0,75100.0,75000.0,3330000.0,44.4,2985.9428519087414,90627.615,30351.423150000002
IOWA,19,CEDAR,031,19031,EAST CENTRAL,60,1981,1.0,70500.0,70500.0,3306000.0,46.9,3154.0702647414405,89974.443,28530.337761000003
IOWA,19,CEDAR,031,19031,EAST CENTRAL,60,1982,1.0,71700.0,71700.0,3072000.0,42.8,2878.3413076958136,83606.016,29015.9605314
IOWA,19,CEDAR,031,19031,EAST CENTRAL,60,1983,1.0,70100.0,70100.0,2835000.0,40.4,2716.938991376422,77155.9425,28368.4635042
IOWA,19,CEDAR,031,19031,EAST CENTRAL,60,1984,1.0,73100.0,73000.0,2967000.0,40.6,2730.389184403038,80748.3885,29542.051866
IOWA,19,CEDAR,031,19031,EAST CENTRAL,60,1985,1.0,73500.0,73100.0,3290000.0,45.0,3026.293430988589,89538.995,29582.520430200002
IOWA,19,CEDAR,031,19031,EAST CENTRAL,60,1986,1.0,79500.0,79100.0,3392000.0,42.9,2885.0664042091216,92314.976,32010.6342822
IOWA,19,CEDAR,031,19031,EAST CENTRAL,60,1987,1.0,70300.0,70000.0,3267000.0,46.7,3140.620071714825,88913.0385,28327.99494
IOWA,19,CEDAR,031,19031,EAST CENTRAL,60,1988,1.0,75100.0,74500.0,2573000.0,34.5,2320.158297091252,70025.4815,30149.080329
IOWA,19,CEDAR,031,19031,EAST CENTRAL,60,1989,1.0,78400.0,78300.0,3675000.0,46.9,3154.0702647414405,100016.9625,31686.8857686
IOWA,19,CEDAR,031,19031,EAST CENTRAL,60,1990,1.0,75400.0,74200.0,3636000.0,49.0,3295.2972915209084,98955.558,30027.6746364
IOWA,19,CEDAR,031,19031,EAST CENTRAL,60,1991,1.0,73800.0,73500.0,3674000.0,50.0,3362.548256653988,99989.747,29744.394687
IOWA,19,CEDAR,031,19031,EAST CENTRAL,60,1992,1.0,80000.0,79600.0,3586000.0,45.1,3033.018527501897,97594.783,32212.977103200003
IOWA,19,CEDAR,031,19031,EAST CENTRAL,60,1993,1.0,83000.0,82000.0,3175000.0,38.7,2602.6123506501867,86409.2125,33184.222644
IOWA,19,CEDAR,031,19031,EAST CENTRAL,60,1994,1.0,87000.0,86700.0,4850000.0,55.9,3759.3289509391584,131995.175,35086.2451614
IOWA,19,CEDAR,031,19031,EAST CENTRAL,60,1995,1.0,90000.0,89600.0,4180000.0,46.7,3140.620071714825,113760.79,36259.8335232
IOWA,19,CEDAR,031,19031,EAST CENTRAL,60,1996,1.0,111000.0,110400.0,5201000.0,47.1,3167.520457768057,141547.8155,44677.2948768
IOWA,19,CEDAR,031,19031,EAST CENTRAL,60,1997,1.0,116100.0,115100.0,5956000.0,51.7,3476.874897380224,162095.518,46579.3173942
IOWA,19,CEDAR,031,19031,EAST CENTRAL,60,1998,1.0,118800.0,118400.0,6481000.0,54.7,3678.627792779463,176383.6555,47914.7800128
IOWA,19,CEDAR,031,19031,EAST CENTRAL,60,1999,1.0,125000.0,124900.0,6382000.0,51.1,3436.524318300376,173689.321,50545.2366858
IOWA,19,CEDAR,031,19031,EAST CENTRAL,60,2000,1.0,126000.0,125800.0,5862000.0,46.6,3133.894975201517,159537.261,50909.4537636
IOWA,19,CEDAR,031,19031,EAST CENTRAL,60,2001,1.0,128000.0,127200.0,6425000.0,50.5,3396.1737392205278,174859.5875,51476.0136624
IOWA,19,CEDAR,031,19031,EAST CENTRAL,60,2002,1.0,123000.0,122400.0,6189000.0,50.6,3402.8988357338358,168436.7295,49533.5225808
IOWA,19,CEDAR,031,19031,EAST CENTRAL,60,2003,1.0,119000.0,118500.0,4294000.0,36.2,2434.4849378174877,116863.357,47955.248577
IOWA,19,CEDAR,031,19031,EAST CENTRAL,60,2004,1.0,118000.0,117500.0,5850000.0,49.8,3349.0980636273716,159210.675,47550.562935
IOWA,19,CEDAR,031,19031,EAST CENTRAL,60,2005,1.0,111500.0,110900.0,5296100.0,47.8,3214.596133361212,144136.00955,44879.637697800004
IOWA,19,CEDAR,031,19031,EAST CENTRAL,60,2006,1.0,119000.0,118000.0,6047500.0,51.3,3449.9745113269914,164585.73625,47752.905756
IOWA,19,CEDAR,031,19031,EAST CENTRAL,60,2007,1.0,91000.0,90900.0,4748000.0,52.2,3510.5003799467636,129219.194,36785.924857800004
IOWA,19,CEDAR,031,19031,EAST CENTRAL,60,2008,1.0,106000.0,105600.0,5132000.0,48.5,3261.6718089543683,139669.946,42734.8037952
IOWA,19,CEDAR,031,19031,EAST CENTRAL,60,2009,1.0,108000.0,107500.0,5734000.0,53.5,3597.9266346197674,156053.677,43503.706515
IOWA,19,CEDAR,031,19031,EAST CENTRAL,60,2010,1.0,110000.0,109600.0,5818000.0,53.1,3571.0262485665353,158339.779,44353.5463632
IOWA,19,CEDAR,031,19031,EAST CENTRAL,60,2011,1.0,99700.0,99200.0,6187000.0,62.4,4196.460224304177,168382.2985,40144.815686400005
IOWA,19,CEDAR,031,19031,EAST CENTRAL,60,2012,1.0,108500.0,108200.0,6127000.0,56.6,3806.4046265323145,166749.3685,43786.986464400004
IOWA,19,CEDAR,031,19031,EAST CENTRAL,60,2013,1.0,110500.0,109900.0,5521000.0,50.2,3375.998449680604,150256.7755,44474.9520558
IOWA,19,CEDAR,031,19031,EAST CENTRAL,60,2014,1.0,117500.0,116900.0,6524000.0,55.8,3752.6038544258504,177553.922,47307.7515498
IOWA,19,CEDAR,031,19031,EAST CENTRAL,60,2015,1.0,116000.0,115500.0,6575000.0,56.9,3826.579916072238,178941.9125,46741.191651
IOWA,19,CEDAR,031,19031,EAST CENTRAL,60,2016,1.0,115000.0,113000.0,6832000.0,60.5,4068.6833905513254,185936.296,45729.477546
IOWA,19,CEDAR,031,19031,EAST CENTRAL,60,2017,1.0,118000.0,117300.0,6986000.0,59.6,4008.1575219315537,190127.483,47469.6258066
IOWA,19,CEDAR,031,19031,EAST CENTRAL,60,2018,1.0,119000.0,118100.0,7474000.0,63.3,4256.9860929239485,203408.647,47793.374320200004
IOWA,19,CEDAR,031,19031,EAST CENTRAL,60,2020,1.0,115500.0,114600.0,6463000.0,56.4,3792.9544335056985,175893.7765,46376.9745732
IOWA,19,CEDAR,031,19031,EAST CENTRAL,60,2021,1.0,122000.0,121100.0,7908000.0,65.3,4391.488023190108,215220.174,49007.4312462
IOWA,19,CEDAR,031,19031,EAST CENTRAL,60,2022,1.0,122000.0,121000.0,8104000.0,67.0,4505.814663916344,220554.412,48966.962682000005
IOWA,19,CEDAR,031,19031,EAST CENTRAL,60,2023,1.0,116000.0,115200.0,7165000.0,62.2,4183.010031277561,194999.0575,46619.7859584
IOWA,19,CEDAR,031,19031,EAST CENTRAL,60,2024,1.0,122000.0,121200.0,8060000.0,66.5,4472.189181349804,219356.93,49047.8998104
IOWA,19,CEDAR,031,19031,EAST CENTRAL,60,2025,1.0,112500.0,111700.0,7339000.0,65.7,4418.38840924334,199734.5545,45203.3862114
IOWA,19,CERRO GORDO,033,19033,NORTH CENTRAL,20,1980,1.0,112400.0,112300.0,4240000.0,37.8,2542.0864820304146,115393.72,45446.1975966
IOWA,19,CERRO GORDO,033,19033,NORTH CENTRAL,20,1981,1.0,113000.0,109900.0,3759000.0,34.2,2299.983007551328,102303.0645,44474.9520558
IOWA,19,CERRO GORDO,033,19033,NORTH CENTRAL,20,1982,1.0,115000.0,114700.0,4120000.0,35.9,2414.309648277563,112127.86,46417.4431374
IOWA,19,CERRO GORDO,033,19033,NORTH CENTRAL,20,1983,1.0,109000.0,108800.0,4021000.0,37.0,2488.285709923951,109433.5255,44029.7978496
IOWA,19,CERRO GORDO,033,19033,NORTH CENTRAL,20,1984,1.0,119000.0,118400.0,3580000.0,30.2,2030.9791470190087,97431.49,47914.7800128
IOWA,19,CERRO GORDO,033,19033,NORTH CENTRAL,20,1985,1.0,113000.0,112300.0,3837000.0,34.2,2299.983007551328,104425.8735,45446.1975966
IOWA,19,CERRO GORDO,033,19033,NORTH CENTRAL,20,1986,1.0,120000.0,119700.0,4927000.0,41.2,2770.7397634828862,134090.7685,48440.8713474
IOWA,19,CERRO GORDO,033,19033,NORTH CENTRAL,20,1987,1.0,101000.0,100600.0,4376000.0,43.5,2925.4169832889697,119095.028,40711.3755852
IOWA,19,CERRO GORDO,033,19033,NORTH CENTRAL,20,1988,1.0,100100.0,99600.0,3395000.0,34.1,2293.2579110380198,92396.6225,40306.6899432
IOWA,19,CERRO GORDO,033,19033,NORTH CENTRAL,20,1989,1.0,104000.0,103300.0,3258000.0,31.5,2118.405401692012,88668.099,41804.0268186
IOWA,19,CERRO GORDO,033,19033,NORTH CENTRAL,20,1990,1.0,99800.0,99300.0,4374000.0,44.0,2959.0424658555094,119040.597,40185.2842506
IOWA,19,CERRO GORDO,033,19033,NORTH CENTRAL,20,1991,1.0,113200.0,112300.0,4213000.0,37.5,2521.911192490491,114658.9015,45446.1975966
IOWA,19,CERRO GORDO,033,19033,NORTH CENTRAL,20,1992,1.0,97000.0,96600.0,4076000.0,42.2,2837.990728615966,110930.378,39092.6330172
IOWA,19,CERRO GORDO,033,19033,NORTH CENTRAL,20,1993,1.0,110000.0,108000.0,2615000.0,24.2,1627.4733562205301,71168.5325,43706.049336000004
IOWA,19,CERRO GORDO,033,19033,NORTH CENTRAL,20,1994,1.0,112000.0,111500.0,5297000.0,47.5,3194.4208438212886,144160.5035,45122.449083
IOWA,19,CERRO GORDO,033,19033,NORTH CENTRAL,20,1995,1.0,111000.0,110700.0,5131000.0,46.4,3120.444782174901,139642.7305,44798.7005694
IOWA,19,CERRO GORDO,033,19033,NORTH CENTRAL,20,1996,1.0,119000.0,118800.0,4787000.0,40.3,2710.213894863114,130280.5985,48076.6542696
IOWA,19,CERRO GORDO,033,19033,NORTH CENTRAL,20,1997,1.0,131000.0,130200.0,5765000.0,44.3,2979.217755395433,156897.3575,52690.0705884
IOWA,19,CERRO GORDO,033,19033,NORTH CENTRAL,20,1998,1.0,125800.0,125400.0,6156000.0,49.1,3302.0223880342164,167538.618,50747.5795068
IOWA,19,CERRO GORDO,033,19033,NORTH CENTRAL,20,1999,1.0,143000.0,142900.0,5913000.0,41.4,2784.189956509502,160925.2515,57829.5782418
IOWA,19,CERRO GORDO,033,19033,NORTH CENTRAL,20,2000,1.0,134500.0,134400.0,6310000.0,46.9,3154.0702647414405,171729.805,54389.7502848
IOWA,19,CERRO GORDO,033,19033,NORTH CENTRAL,20,2001,1.0,144000.0,143000.0,6278000.0,43.9,2952.3173693422013,170858.909,57870.046806
IOWA,19,CERRO GORDO,033,19033,NORTH CENTRAL,20,2002,1.0,131000.0,130500.0,5873000.0,45.0,3026.293430988589,159836.6315,52811.476281
IOWA,19,CERRO GORDO,033,19033,NORTH CENTRAL,20,2003,1.0,130000.0,129400.0,3772000.0,29.1,1957.0030853726212,102656.866,52366.3220748
IOWA,19,CERRO GORDO,033,19033,NORTH CENTRAL,20,2004,1.0,118000.0,117300.0,5185000.0,44.2,2972.4926588821254,141112.3675,47469.6258066
IOWA,19,CERRO GORDO,033,19033,NORTH CENTRAL,20,2005,1.0,115500.0,114900.0,5981900.0,52.1,3503.7752834334556,162800.39945,46498.3802658
IOWA,19,CERRO GORDO,033,19033,NORTH CENTRAL,20,2006,1.0,112500.0,112300.0,5513700.0,49.1,3302.0223880342164,150058.10235,45446.1975966
IOWA,19,CERRO GORDO,033,19033,NORTH CENTRAL,20,2007,1.0,82500.0,82400.0,4200000.0,51.0,3429.799221787068,114305.1,33346.0969008
IOWA,19,CERRO GORDO,033,19033,NORTH CENTRAL,20,2008,1.0,101000.0,100100.0,4518000.0,45.0,3026.293430988589,122959.629,40509.032764200005
IOWA,19,CERRO GORDO,033,19033,NORTH CENTRAL,20,2009,1.0,103000.0,102600.0,4819000.0,47.0,3160.7953612547485,131151.4945,41520.746869200004
IOWA,19,CERRO GORDO,033,19033,NORTH CENTRAL,20,2010,1.0,104000.0,103700.0,5345000.0,51.5,3463.4247043536075,145466.8475,41965.901075400005
IOWA,19,CERRO GORDO,033,19033,NORTH CENTRAL,20,2011,1.0,96600.0,96000.0,4580000.0,47.7,3207.8710368479046,124646.99,38849.821632
IOWA,19,CERRO GORDO,033,19033,NORTH CENTRAL,20,2012,1.0,99000.0,98500.0,4183000.0,42.5,2858.1660181558896,113842.4365,39861.535737
IOWA,19,CERRO GORDO,033,19033,NORTH CENTRAL,20,2013,1.0,88700.0,88100.0,3549000.0,40.3,2710.213894863114,96587.8095,35652.8050602
IOWA,19,CERRO GORDO,033,19033,NORTH CENTRAL,20,2014,1.0,97400.0,97000.0,4871000.0,50.2,3375.998449680604,132566.7005,39254.507274
IOWA,19,CERRO GORDO,033,19033,NORTH CENTRAL,20,2015,1.0,114500.0,113900.0,6713000.0,58.9,3961.0818463383976,182697.6515,46093.6946238
IOWA,19,CERRO GORDO,033,19033,NORTH CENTRAL,20,2016,1.0,98000.0,97400.0,5707000.0,58.6,3940.906556798474,155318.8585,39416.3815308
IOWA,19,CERRO GORDO,033,19033,NORTH CENTRAL,20,2017,1.0,114000.0,113400.0,6263000.0,55.2,3712.2532753460027,170450.6765,45891.3518028
IOWA,19,CERRO GORDO,033,19033,NORTH CENTRAL,20,2018,1.0,115500.0,114200.0,5900000.0,51.7,3476.874897380224,160571.45,46215.1003164
IOWA,19,CERRO GORDO,033,19033,NORTH CENTRAL,20,2019,1.0,103000.0,102200.0,5383000.0,52.7,3544.1258625133037,146501.0365,41358.8726124
IOWA,19,CERRO GORDO,033,19033,NORTH CENTRAL,20,2020,1.0,100000.0,99200.0,5932000.0,59.8,4021.6077149581693,161442.346,40144.815686400005
IOWA,19,CERRO GORDO,033,19033,NORTH CENTRAL,20,2021,1.0,113500.0,112800.0,6881000.0,61.0,4102.308873117865,187269.8555,45648.5404176
IOWA,19,CERRO GORDO,033,19033,NORTH CENTRAL,20,2022,1.0,110500.0,109800.0,6676000.0,60.8,4088.858680091249,181690.678,44434.4834916
IOWA,19,CERRO GORDO,033,19033,NORTH CENTRAL,20,2025,1.0,99600.0,98900.0,5964000.0,60.3,4055.2331975247093,162313.242,40023.4099938
IOWA,19,CHEROKEE,035,19035,NORTHWEST,10,1980,1.0,96400.0,96400.0,4070000.0,42.2,2837.990728615966,110767.085,39011.6958888
IOWA,19,CHEROKEE,035,19035,NORTHWEST,10,1981,1.0,95000.0,94600.0,4010000.0,42.4,2851.4409216425815,109134.155,38283.2617332
IOWA,19,CHEROKEE,035,19035,NORTHWEST,10,1982,1.0,96900.0,95900.0,3735000.0,38.9,2616.0625436768028,101649.8925,38809.3530678
IOWA,19,CHEROKEE,035,19035,NORTHWEST,10,1983,1.0,93500.0,93000.0,3524000.0,37.9,2548.8115785437226,95907.422,37635.764706
IOWA,19,CHEROKEE,035,19035,NORTHWEST,10,1984,1.0,96400.0,95700.0,3435000.0,35.9,2414.309648277563,93485.2425,38728.4159394
IOWA,19,CHEROKEE,035,19035,NORTHWEST,10,1985,1.0,98300.0,96500.0,3787000.0,39.2,2636.237833216727,103065.0985,39052.164453
IOWA,19,CHEROKEE,035,19035,NORTHWEST,10,1986,1.0,103000.0,102900.0,4673000.0,45.4,3053.193817041821,127178.0315,41642.1525618
IOWA,19,CHEROKEE,035,19035,NORTHWEST,10,1987,1.0,96700.0,96300.0,4300000.0,44.7,3006.1181414486655,117026.65,38971.227324600004
IOWA,19,CHEROKEE,035,19035,NORTHWEST,10,1988,1.0,106000.0,105600.0,4540000.0,43.0,2891.7915007224296,123558.37,42734.8037952
IOWA,19,CHEROKEE,035,19035,NORTHWEST,10,1989,1.0,107000.0,106100.0,4664000.0,44.0,2959.0424658555094,126933.092,42937.1466162
IOWA,19,CHEROKEE,035,19035,NORTHWEST,10,1990,1.0,104000.0,103400.0,4702000.0,45.5,3059.918913555129,127967.281,41844.4953828
IOWA,19,CHEROKEE,035,19035,NORTHWEST,10,1991,1.0,110000.0,109100.0,5300000.0,48.6,3268.3969054676763,144242.15,44151.203542200004
IOWA,19,CHEROKEE,035,19035,NORTHWEST,10,1992,1.0,112000.0,111800.0,5223000.0,46.7,3140.620071714825,142146.5565,45243.854775600004
IOWA,19,CHEROKEE,035,19035,NORTHWEST,10,1993,1.0,115000.0,113700.0,4247000.0,37.4,2515.186095977183,115584.2285,46012.7574954
IOWA,19,CHEROKEE,035,19035,NORTHWEST,10,1994,1.0,121000.0,120600.0,6273000.0,52.0,3497.0501869201476,170722.8315,48805.0884252
IOWA,19,CHEROKEE,035,19035,NORTHWEST,10,1995,1.0,122000.0,121600.0,5902000.0,48.5,3261.6718089543683,160625.881,49209.7740672
IOWA,19,CHEROKEE,035,19035,NORTHWEST,10,1996,1.0,136000.0,135500.0,6204000.0,45.8,3080.0942030950528,168844.962,54834.904491
IOWA,19,CHEROKEE,035,19035,NORTHWEST,10,1997,1.0,131000.0,130000.0,6392000.0,49.2,3308.7474845475244,173961.476,52609.133460000005
IOWA,19,CHEROKEE,035,19035,NORTHWEST,10,1998,1.0,131800.0,131500.0,6702000.0,51.0,3429.799221787068,182398.281,53216.161923
IOWA,19,CHEROKEE,035,19035,NORTHWEST,10,1999,1.0,136000.0,135900.0,6323000.0,46.5,3127.169878688209,172083.6065,54996.7787478
IOWA,19,CHEROKEE,035,19035,NORTHWEST,10,2000,1.0,136000.0,135800.0,5499000.0,40.5,2723.66408788973,149658.0345,54956.3101836
IOWA,19,CHEROKEE,035,19035,NORTHWEST,10,2001,1.0,141000.0,140300.0,6719000.0,47.9,3221.32122987452,182860.9445,56777.3955726
IOWA,19,CHEROKEE,035,19035,NORTHWEST,10,2002,1.0,135000.0,134600.0,7654000.0,56.9,3826.579916072238,208307.437,54470.6874132
IOWA,19,CHEROKEE,035,19035,NORTHWEST,10,2003,1.0,137000.0,136000.0,5456000.0,40.1,2696.7637018364985,148487.768,55037.247312
IOWA,19,CHEROKEE,035,19035,NORTHWEST,10,2004,1.0,133500.0,133000.0,7198000.0,54.1,3638.277213699615,195897.169,53823.190386
IOWA,19,CHEROKEE,035,19035,NORTHWEST,10,2005,1.0,133000.0,132400.0,7698700.0,58.1,3907.2810742319343,209523.96985,53580.3790008
IOWA,19,CHEROKEE,035,19035,NORTHWEST,10,2006,1.0,133500.0,133000.0,7162200.0,53.9,3624.827020672999,194922.8541,53823.190386
IOWA,19,CHEROKEE,035,19035,NORTHWEST,10,2007,1.0,126500.0,126400.0,6953000.0,55.0,3698.8030823193867,189229.3715,51152.265148800005
IOWA,19,CHEROKEE,035,19035,NORTHWEST,10,2008,1.0,135500.0,135100.0,7430000.0,55.0,3698.8030823193867,202211.165,54673.0302342
IOWA,19,CHEROKEE,035,19035,NORTHWEST,10,2009,1.0,136000.0,135600.0,7512000.0,55.5,3732.428564885927,204442.836,54875.373055200005
IOWA,19,CHEROKEE,035,19035,NORTHWEST,10,2010,1.0,143500.0,142500.0,7940000.0,55.7,3745.878757912543,216091.07,57667.703985
IOWA,19,CHEROKEE,035,19035,NORTHWEST,10,2011,1.0,134000.0,132400.0,6990000.0,52.8,3550.8509590266112,190236.345,53580.3790008
IOWA,19,CHEROKEE,035,19035,NORTHWEST,10,2012,1.0,134000.0,133600.0,6849000.0,51.3,3449.9745113269914,186398.9595,54066.001771200004
IOWA,19,CHEROKEE,035,19035,NORTHWEST,10,2013,1.0,132000.0,131400.0,7054000.0,53.7,3611.3768276463834,191978.137,53175.6933588
IOWA,19,CHEROKEE,035,19035,NORTHWEST,10,2014,1.0,135000.0,132600.0,7393000.0,55.8,3752.6038544258504,201204.1915,53661.3161292
IOWA,19,CHEROKEE,035,19035,NORTHWEST,10,2015,1.0,135500.0,134700.0,8451000.0,62.7,4216.635513844101,229998.1905,54511.155977400005
IOWA,19,CHEROKEE,035,19035,NORTHWEST,10,2016,1.0,131000.0,130500.0,9078000.0,69.6,4680.667173262351,247062.309,52811.476281
IOWA,19,CHEROKEE,035,19035,NORTHWEST,10,2017,1.0,135500.0,134700.0,8400000.0,62.4,4196.460224304177,228610.2,54511.155977400005
IOWA,19,CHEROKEE,035,19035,NORTHWEST,10,2018,1.0,134500.0,132900.0,8549000.0,64.3,4324.237058057029,232665.3095,53782.7218218
IOWA,19,CHEROKEE,035,19035,NORTHWEST,10,2019,1.0,129000.0,128100.0,7536000.0,58.8,3954.3567498250895,205096.008,51840.2307402
IOWA,19,CHEROKEE,035,19035,NORTHWEST,10,2020,1.0,130000.0,128900.0,7373000.0,57.2,3846.7552056121626,200659.8815,52163.979253800004
IOWA,19,CHEROKEE,035,19035,NORTHWEST,10,2022,1.0,133000.0,132100.0,7873000.0,59.6,4008.1575219315537,214267.6315,53458.9733082
IOWA,19,CHEROKEE,035,19035,NORTHWEST,10,2023,1.0,133000.0,132100.0,8705000.0,65.9,4431.838602269957,236910.9275,53458.9733082
IOWA,19,CHEROKEE,035,19035,NORTHWEST,10,2024,1.0,132500.0,131400.0,7910000.0,60.2,4048.508101011402,215274.605,53175.6933588
IOWA,19,CHEROKEE,035,19035,NORTHWEST,10,2025,1.0,129000.0,128100.0,8480000.0,66.2,4452.01389180988,230787.44,51840.2307402
IOWA,19,CHICKASAW,037,19037,NORTHEAST,30,1980,1.0,75500.0,75300.0,2490000.0,33.1,2226.00694590494,67766.595,30472.8288426
IOWA,19,CHICKASAW,037,19037,NORTHEAST,30,1981,1.0,76300.0,76300.0,2376000.0,31.1,2091.5050156387806,64664.028,30877.5144846
IOWA,19,CHICKASAW,037,19037,NORTHEAST,30,1982,1.0,71300.0,70900.0,2207000.0,31.1,2091.5050156387806,60064.6085,28692.2120178
IOWA,19,CHICKASAW,037,19037,NORTHEAST,30,1983,1.0,68000.0,67800.0,2351000.0,34.7,2333.608490117868,63983.6405,27437.686527600003
IOWA,19,CHICKASAW,037,19037,NORTHEAST,30,1984,1.0,66700.0,66500.0,1895000.0,28.5,1916.652506292773,51573.3725,26911.595193
IOWA,19,CHICKASAW,037,19037,NORTHEAST,30,1985,1.0,60700.0,60100.0,1740000.0,29.0,1950.277988859313,47354.97,24321.6070842
IOWA,19,CHICKASAW,037,19037,NORTHEAST,30,1986,1.0,63000.0,62800.0,2406000.0,38.3,2575.7119645969547,65480.493,25414.2583176
IOWA,19,CHICKASAW,037,19037,NORTHEAST,30,1987,1.0,58500.0,58300.0,2547000.0,43.7,2938.8671763155858,69317.8785,23593.1729286
IOWA,19,CHICKASAW,037,19037,NORTHEAST,30,1988,1.0,63900.0,63200.0,1583000.0,25.0,1681.274128326994,43082.1365,25576.132574400002
IOWA,19,CHICKASAW,037,19037,NORTHEAST,30,1989,1.0,62800.0,62700.0,2189000.0,34.9,2347.0586831444834,59574.7295,25373.7897534
IOWA,19,CHICKASAW,037,19037,NORTHEAST,30,1990,1.0,61700.0,61400.0,2626000.0,42.8,2878.3413076958136,71467.903,24847.698418800002
IOWA,19,CHICKASAW,037,19037,NORTHEAST,30,1991,1.0,70700.0,70500.0,2968000.0,42.1,2831.265632102658,80775.604,28530.337761000003
IOWA,19,CHICKASAW,037,19037,NORTHEAST,30,1992,1.0,67000.0,66700.0,2806000.0,42.1,2831.265632102658,76366.693,26992.532321400002
IOWA,19,CHICKASAW,037,19037,NORTHEAST,30,1993,1.0,74000.0,73300.0,2001000.0,27.3,1835.9513481330775,54458.2155,29663.4575586
IOWA,19,CHICKASAW,037,19037,NORTHEAST,30,1994,1.0,77000.0,76700.0,3774000.0,49.2,3308.7474845475244,102711.297,31039.388741400002
IOWA,19,CHICKASAW,037,19037,NORTHEAST,30,1995,1.0,81000.0,80800.0,4116000.0,50.9,3423.07412527376,112018.998,32698.5998736
IOWA,19,CHICKASAW,037,19037,NORTHEAST,30,1996,1.0,98000.0,97400.0,3875000.0,39.8,2676.5884122965745,105460.0625,39416.3815308
IOWA,19,CHICKASAW,037,19037,NORTHEAST,30,1997,1.0,98800.0,97800.0,4481000.0,45.8,3080.0942030950528,121952.6555,39578.2557876
IOWA,19,CHICKASAW,037,19037,NORTHEAST,30,1998,1.0,101100.0,100800.0,4837000.0,48.0,3228.0463263878282,131641.3735,40792.312713600004
IOWA,19,CHICKASAW,037,19037,NORTHEAST,30,1999,1.0,107000.0,106900.0,4972000.0,46.5,3127.169878688209,135315.466,43260.8951298
IOWA,19,CHICKASAW,037,19037,NORTHEAST,30,2000,1.0,104000.0,103700.0,5222000.0,50.4,3389.4486427072197,142119.341,41965.901075400005
IOWA,19,CHICKASAW,037,19037,NORTHEAST,30,2001,1.0,113000.0,112300.0,3910000.0,34.8,2340.3335866311754,106412.605,45446.1975966
IOWA,19,CHICKASAW,037,19037,NORTHEAST,30,2002,1.0,102000.0,101800.0,5057000.0,49.7,3342.372967114064,137628.7835,41196.9983556
IOWA,19,CHICKASAW,037,19037,NORTHEAST,30,2003,1.0,106000.0,105600.0,2438000.0,23.1,1553.4972945741426,66351.389,42734.8037952
IOWA,19,CHICKASAW,037,19037,NORTHEAST,30,2004,1.0,100000.0,99700.0,4467000.0,44.8,3012.843237961973,121571.6385,40347.1585074
IOWA,19,CHICKASAW,037,19037,NORTHEAST,30,2005,1.0,99500.0,98900.0,5665600.0,57.3,3853.48030212547,154192.13679999998,40023.4099938
IOWA,19,CHICKASAW,037,19037,NORTHEAST,30,2006,1.0,100000.0,99500.0,4973000.0,50.0,3362.548256653988,135342.6815,40266.221379
IOWA,19,CHICKASAW,037,19037,NORTHEAST,30,2007,1.0,81200.0,81100.0,4087000.0,50.4,3389.4486427072197,111229.7485,32820.0055662
IOWA,19,CHICKASAW,037,19037,NORTHEAST,30,2008,1.0,94500.0,94200.0,4230000.0,45.0,3026.293430988589,115121.565,38121.3874764
IOWA,19,CHICKASAW,037,19037,NORTHEAST,30,2009,1.0,95000.0,93900.0,4387000.0,46.5,3127.169878688209,119394.3985,37999.9817838
IOWA,19,CHICKASAW,037,19037,NORTHEAST,30,2010,1.0,91200.0,90900.0,4905000.0,54.0,3631.552117186307,133492.0275,36785.924857800004
IOWA,19,CHICKASAW,037,19037,NORTHEAST,30,2011,1.0,88900.0,88300.0,4539000.0,51.4,3456.6996078402994,123531.1545,35733.7421886
IOWA,19,CHICKASAW,037,19037,NORTHEAST,30,2012,1.0,82000.0,81700.0,3553000.0,43.5,2925.4169832889697,96696.6715,33062.816951400004
IOWA,19,CHICKASAW,037,19037,NORTHEAST,30,2013,1.0,82700.0,82400.0,3887000.0,47.2,3174.245554281365,105786.6485,33346.0969008
IOWA,19,CHICKASAW,037,19037,NORTHEAST,30,2014,1.0,87000.0,86600.0,4034000.0,46.6,3133.894975201517,109787.327,35045.7765972
IOWA,19,CHICKASAW,037,19037,NORTHEAST,30,2015,1.0,92900.0,92600.0,5148000.0,55.6,3739.153661399235,140105.394,37473.8904492
IOWA,19,CHICKASAW,037,19037,NORTHEAST,30,2016,1.0,81400.0,81000.0,4540000.0,56.0,3766.0540474524664,123558.37,32779.537002000005
IOWA,19,CHICKASAW,037,19037,NORTHEAST,30,2017,1.0,89300.0,88800.0,4474000.0,50.4,3389.4486427072197,121762.147,35936.0850096
IOWA,19,CHICKASAW,037,19037,NORTHEAST,30,2018,1.0,89000.0,87900.0,4680000.0,53.2,3577.7513450798433,127368.54,35571.8679318
IOWA,19,CHICKASAW,037,19037,NORTHEAST,30,2019,1.0,81500.0,80800.0,4404000.0,54.5,3665.177599752847,119857.062,32698.5998736
IOWA,19,CHICKASAW,037,19037,NORTHEAST,30,2020,1.0,81900.0,81300.0,4545000.0,55.9,3759.3289509391584,123694.4475,32900.9426946
IOWA,19,CHICKASAW,037,19037,NORTHEAST,30,2022,1.0,88200.0,87600.0,5571000.0,63.6,4277.1613824638725,151617.5505,35450.4622392
IOWA,19,CHICKASAW,037,19037,NORTHEAST,30,2023,1.0,87600.0,87000.0,4524000.0,52.0,3497.0501869201476,123122.922,35207.650854
IOWA,19,CHICKASAW,037,19037,NORTHEAST,30,2024,1.0,89500.0,88900.0,5192000.0,58.4,3927.456363771858,141302.876,35976.5535738
IOWA,19,CHICKASAW,037,19037,NORTHEAST,30,2025,1.0,79700.0,79100.0,4991000.0,63.1,4243.535899897333,135832.5605,32010.6342822
IOWA,19,CLARKE,039,19039,SOUTH CENTRAL,80,1980,1.0,32400.0,32300.0,1050000.0,32.5,2185.6563668250924,28576.275,13071.3462366
IOWA,19,CLARKE,039,19039,SOUTH CENTRAL,80,1981,1.0,28700.0,28300.0,996000.0,35.2,2367.233972684408,27106.638,11452.6036686
IOWA,19,CLARKE,039,19039,SOUTH CENTRAL,80,1982,1.0,33900.0,33400.0,930000.0,27.8,1869.5768306996174,25310.415,13516.500442800001
IOWA,19,CLARKE,039,19039,SOUTH CENTRAL,80,1983,1.0,33800.0,33700.0,713000.0,21.2,1425.7204608212908,19404.6515,13637.9061354
IOWA,19,CLARKE,039,19039,SOUTH CENTRAL,80,1984,1.0,34400.0,34400.0,750000.0,21.8,1466.0710399011389,20411.625,13921.1860848
IOWA,19,CLARKE,039,19039,SOUTH CENTRAL,80,1985,1.0,32100.0,31900.0,1223000.0,38.3,2575.7119645969547,33284.5565,12909.4719798
IOWA,19,CLARKE,039,19039,SOUTH CENTRAL,80,1986,1.0,33600.0,31900.0,934000.0,29.3,1970.453278399237,25419.277,12909.4719798
IOWA,19,CLARKE,039,19039,SOUTH CENTRAL,80,1987,1.0,27300.0,26700.0,937000.0,35.1,2360.5088761710995,25500.9235,10805.1066414
IOWA,19,CLARKE,039,19039,SOUTH CENTRAL,80,1988,1.0,25100.0,25000.0,646000.0,25.8,1735.0749004334577,17581.213,10117.14105
IOWA,19,CLARKE,039,19039,SOUTH CENTRAL,80,1989,1.0,26100.0,26100.0,742000.0,28.4,1909.927409779465,20193.901,10562.295256200001
IOWA,19,CLARKE,039,19039,SOUTH CENTRAL,80,1990,1.0,25400.0,24600.0,843000.0,34.3,2306.7081040646353,22942.6665,9955.2667932
IOWA,19,CLARKE,039,19039,SOUTH CENTRAL,80,1991,1.0,27500.0,27200.0,948000.0,34.9,2347.0586831444834,25800.294,11007.4494624
IOWA,19,CLARKE,039,19039,SOUTH CENTRAL,80,1992,1.0,24000.0,23900.0,872000.0,36.5,2454.6602273574113,23731.916,9671.9868438
IOWA,19,CLARKE,039,19039,SOUTH CENTRAL,80,1993,1.0,23000.0,21400.0,464000.0,21.7,1459.3459433878306,12627.992,8660.2727388
IOWA,19,CLARKE,039,19039,SOUTH CENTRAL,80,1994,1.0,22000.0,21900.0,973000.0,44.4,2985.9428519087414,26480.6815,8862.6155598
IOWA,19,CLARKE,039,19039,SOUTH CENTRAL,80,1995,1.0,27000.0,26200.0,649000.0,24.8,1667.823935300378,17662.8595,10602.7638204
IOWA,19,CLARKE,039,19039,SOUTH CENTRAL,80,1996,1.0,19000.0,18900.0,588000.0,31.1,2091.5050156387806,16002.714,7648.5586338
IOWA,19,CLARKE,039,19039,SOUTH CENTRAL,80,1997,1.0,30600.0,30000.0,1270000.0,42.3,2844.7158251292735,34563.685,12140.56926
IOWA,19,CLARKE,039,19039,SOUTH CENTRAL,80,1998,1.0,28200.0,28100.0,1093000.0,38.9,2616.0625436768028,29746.5415,11371.6665402
IOWA,19,CLARKE,039,19039,SOUTH CENTRAL,80,1999,1.0,34000.0,33800.0,1281000.0,37.9,2548.8115785437226,34863.0555,13678.3746996
IOWA,19,CLARKE,039,19039,SOUTH CENTRAL,80,2000,1.0,34000.0,33900.0,1305000.0,38.5,2589.1621576235707,35516.2275,13718.843263800001
IOWA,19,CLARKE,039,19039,SOUTH CENTRAL,80,2001,1.0,30000.0,29500.0,1113000.0,37.7,2535.361385517107,30290.8515,11938.226439
IOWA,19,CLARKE,039,19039,SOUTH CENTRAL,80,2002,1.0,33000.0,32900.0,1251000.0,38.0,2555.536675057031,34046.5905,13314.157621800001
IOWA,19,CLARKE,039,19039,SOUTH CENTRAL,80,2003,1.0,33000.0,32800.0,855000.0,26.1,1755.2501899733818,23269.2525,13273.6890576
IOWA,19,CLARKE,039,19039,SOUTH CENTRAL,80,2004,1.0,32000.0,31700.0,1433000.0,45.2,3039.743624015205,38999.8115,12828.5348514
IOWA,19,CLARKE,039,19039,SOUTH CENTRAL,80,2005,1.0,34500.0,34300.0,1610600.0,47.0,3160.7953612547485,43833.2843,13880.717520600001
IOWA,19,CLARKE,039,19039,SOUTH CENTRAL,80,2006,1.0,34000.0,33800.0,1453500.0,43.0,2891.7915007224296,39557.72925,13678.3746996
IOWA,19,CLARKE,039,19039,SOUTH CENTRAL,80,2007,1.0,28100.0,28000.0,1290000.0,46.1,3100.269492634977,35107.995,11331.197976
IOWA,19,CLARKE,039,19039,SOUTH CENTRAL,80,2008,1.0,39300.0,38800.0,1035000.0,26.5,1782.1505760266136,28168.0425,15701.802909600001
IOWA,19,CLARKE,039,19039,SOUTH CENTRAL,80,2009,1.0,33500.0,33200.0,1254000.0,38.0,2555.536675057031,34128.237,13435.5633144
IOWA,19,CLARKE,039,19039,SOUTH CENTRAL,80,2010,1.0,37500.0,37000.0,1532000.0,41.4,2784.189956509502,41694.146,14973.368754000001
IOWA,19,CLARKE,039,19039,SOUTH CENTRAL,80,2011,1.0,39700.0,39200.0,1611000.0,41.1,2764.0146669695782,43844.1705,15863.6771664
IOWA,19,CLARKE,039,19039,SOUTH CENTRAL,80,2012,1.0,42900.0,42600.0,1672000.0,39.2,2636.237833216727,45504.316,17239.6083492
IOWA,19,CLARKE,039,19039,SOUTH CENTRAL,80,2013,1.0,35800.0,35700.0,1303000.0,36.5,2454.6602273574113,35461.7965,14447.277419400001
IOWA,19,CLARKE,039,19039,SOUTH CENTRAL,80,2014,1.0,42800.0,42600.0,1855000.0,43.5,2925.4169832889697,50484.7525,17239.6083492
IOWA,19,CLARKE,039,19039,SOUTH CENTRAL,80,2015,1.0,31500.0,31300.0,1292000.0,41.3,2777.464859996194,35162.426,12666.6605946
IOWA,19,CLARKE,039,19039,SOUTH CENTRAL,80,2016,1.0,41100.0,41000.0,2047000.0,49.9,3355.82316014068,55710.1285,16592.111322
IOWA,19,CLARKE,039,19039,SOUTH CENTRAL,80,2018,1.0,38800.0,38500.0,1843000.0,47.9,3221.32122987452,50158.1665,15580.397217
IOWA,19,CLARKE,039,19039,SOUTH CENTRAL,80,2020,1.0,37800.0,37500.0,1721000.0,45.9,3086.819299608361,46837.8755,15175.711575000001
IOWA,19,CLARKE,039,19039,SOUTH CENTRAL,80,2021,1.0,35600.0,35400.0,2043000.0,57.7,3880.3806881787023,55601.2665,14325.8717268
IOWA,19,CLARKE,039,19039,SOUTH CENTRAL,80,2022,1.0,40200.0,39900.0,1604000.0,40.2,2703.4887983498065,43653.662,16146.9571158
IOWA,19,CLAY,041,19041,NORTHWEST,10,1980,1.0,128300.0,128200.0,4790000.0,37.4,2515.186095977183,130362.245,51880.699304400005
IOWA,19,CLAY,041,19041,NORTHWEST,10,1981,1.0,121000.0,120400.0,4559000.0,37.9,2548.8115785437226,124075.4645,48724.1512968
IOWA,19,CLAY,041,19041,NORTHWEST,10,1982,1.0,126000.0,124700.0,4366000.0,35.0,2353.7837796577915,118822.873,50464.2995574
IOWA,19,CLAY,041,19041,NORTHWEST,10,1983,1.0,116000.0,115900.0,4071000.0,35.1,2360.5088761710995,110794.3005,46903.0659078
IOWA,19,CLAY,041,19041,NORTHWEST,10,1984,1.0,129000.0,128000.0,4127000.0,32.2,2165.4810772851683,112318.3685,51799.762176000004
IOWA,19,CLAY,041,19041,NORTHWEST,10,1985,1.0,125000.0,124500.0,4421000.0,35.5,2387.4092622243315,120319.7255,50383.362429
IOWA,19,CLAY,041,19041,NORTHWEST,10,1986,1.0,131000.0,130800.0,5052000.0,38.6,2595.8872541368787,137492.706,52932.8819736
IOWA,19,CLAY,041,19041,NORTHWEST,10,1987,1.0,120000.0,119500.0,5133000.0,43.0,2891.7915007224296,139697.1615,48359.934219
IOWA,19,CLAY,041,19041,NORTHWEST,10,1988,1.0,130000.0,129500.0,4624000.0,35.7,2400.8594552509476,125844.472,52406.790639
IOWA,19,CLAY,041,19041,NORTHWEST,10,1989,1.0,128000.0,127800.0,5310000.0,41.5,2790.91505302281,144514.305,51718.8250476
IOWA,19,CLAY,041,19041,NORTHWEST,10,1990,1.0,124000.0,123400.0,5471000.0,44.3,2979.217755395433,148896.0005,49938.2082228
IOWA,19,CLAY,041,19041,NORTHWEST,10,1991,1.0,130000.0,128800.0,5079000.0,39.4,2649.6880262433424,138227.5245,52123.5106896
IOWA,19,CLAY,041,19041,NORTHWEST,10,1992,1.0,126000.0,125800.0,5556000.0,44.2,2972.4926588821254,151209.318,50909.4537636
IOWA,19,CLAY,041,19041,NORTHWEST,10,1993,1.0,122000.0,114900.0,2268000.0,19.7,1324.8440131216712,61724.754,46498.3802658
IOWA,19,CLAY,041,19041,NORTHWEST,10,1994,1.0,130000.0,128700.0,6356000.0,49.4,3322.19767757414,172981.718,52083.0421254
IOWA,19,CLAY,041,19041,NORTHWEST,10,1995,1.0,132000.0,131600.0,6013000.0,45.7,3073.369106581745,163646.8015,53256.630487200004
IOWA,19,CLAY,041,19041,NORTHWEST,10,1996,1.0,138000.0,137700.0,6132000.0,44.5,2992.6679484220494,166885.446,55725.2129034
IOWA,19,CLAY,041,19041,NORTHWEST,10,1997,1.0,142100.0,141000.0,6502000.0,46.1,3100.269492634977,176955.181,57060.675522000005
IOWA,19,CLAY,041,19041,NORTHWEST,10,1998,1.0,139700.0,139400.0,6969000.0,50.0,3362.548256653988,189664.8195,56413.1784948
IOWA,19,CLAY,041,19041,NORTHWEST,10,1999,1.0,147000.0,146800.0,7077000.0,48.2,3241.4965194144447,192604.0935,59407.8522456
IOWA,19,CLAY,041,19041,NORTHWEST,10,2000,1.0,142000.0,141800.0,6948000.0,49.0,3295.2972915209084,189093.294,57384.4240356
IOWA,19,CLAY,041,19041,NORTHWEST,10,2001,1.0,152000.0,151200.0,6535000.0,43.2,2905.2416937490457,177853.2925,61188.4690704
IOWA,19,CLAY,041,19041,NORTHWEST,10,2002,1.0,136000.0,131800.0,5575000.0,42.3,2844.7158251292735,151726.4125,53337.567615600005
IOWA,19,CLAY,041,19041,NORTHWEST,10,2003,1.0,142000.0,141300.0,4831000.0,34.2,2299.983007551328,131478.0805,57182.0812146
IOWA,19,CLAY,041,19041,NORTHWEST,10,2004,1.0,133000.0,132300.0,6257000.0,47.3,3180.9706507946726,170287.3835,53539.9104366
IOWA,19,CLAY,041,19041,NORTHWEST,10,2005,1.0,134500.0,133900.0,6699700.0,50.0,3362.548256653988,182335.68534999999,54187.4074638
IOWA,19,CLAY,041,19041,NORTHWEST,10,2006,1.0,133000.0,132600.0,6546000.0,49.4,3322.19767757414,178152.663,53661.3161292
IOWA,19,CLAY,041,19041,NORTHWEST,10,2007,1.0,119000.0,118700.0,5986000.0,50.4,3389.4486427072197,162911.983,48036.1857054
IOWA,19,CLAY,041,19041,NORTHWEST,10,2008,1.0,135000.0,134300.0,6437000.0,48.0,3228.0463263878282,175186.1735,54349.2817206
IOWA,19,CLAY,041,19041,NORTHWEST,10,2009,1.0,130000.0,129600.0,6532000.0,50.5,3396.1737392205278,177771.646,52447.2592032
IOWA,19,CLAY,041,19041,NORTHWEST,10,2010,1.0,130500.0,130000.0,6855000.0,52.7,3544.1258625133037,186562.2525,52609.133460000005
IOWA,19,CLAY,041,19041,NORTHWEST,10,2011,1.0,126000.0,125200.0,6498000.0,51.9,3490.3250904068395,176846.319,50666.6423784
IOWA,19,CLAY,041,19041,NORTHWEST,10,2012,1.0,125500.0,125100.0,6262000.0,50.1,3369.273353167296,170423.461,50626.1738142
IOWA,19,CLAY,041,19041,NORTHWEST,10,2013,1.0,119500.0,118600.0,5261000.0,44.4,2985.9428519087414,143180.7455,47995.7171412
IOWA,19,CLAY,041,19041,NORTHWEST,10,2014,1.0,127500.0,126500.0,6043000.0,47.8,3214.596133361212,164463.2665,51192.733713
IOWA,19,CLAY,041,19041,NORTHWEST,10,2015,1.0,130500.0,130000.0,7895000.0,60.7,4082.1335835779414,214866.3725,52609.133460000005
IOWA,19,CLAY,041,19041,NORTHWEST,10,2016,1.0,126000.0,125500.0,7767000.0,61.9,4162.834741737637,211382.7885,50788.048071000005
IOWA,19,CLAY,041,19041,NORTHWEST,10,2017,1.0,128000.0,127300.0,7328000.0,57.6,3873.6555916653942,199435.184,51516.482226600005
IOWA,19,CLAY,041,19041,NORTHWEST,10,2018,1.0,128500.0,127200.0,6689000.0,52.6,3537.4007659999957,182044.4795,51476.0136624
IOWA,19,CLAY,041,19041,NORTHWEST,10,2019,1.0,115000.0,113500.0,5775000.0,50.9,3423.07412527376,157169.5125,45931.820367
IOWA,19,CLAY,041,19041,NORTHWEST,10,2020,1.0,119500.0,118500.0,5962000.0,50.3,3382.7235461939117,162258.811,47955.248577
IOWA,19,CLAY,041,19041,NORTHWEST,10,2021,1.0,125500.0,124500.0,7769000.0,62.4,4196.460224304177,211437.2195,50383.362429
IOWA,19,CLAY,041,19041,NORTHWEST,10,2022,1.0,122000.0,121200.0,6896000.0,56.9,3826.579916072238,187678.088,49047.8998104
IOWA,19,CLAY,041,19041,NORTHWEST,10,2023,1.0,126500.0,125600.0,7800000.0,62.1,4176.284934764253,212280.9,50828.5166352
IOWA,19,CLAY,041,19041,NORTHWEST,10,2024,1.0,123500.0,122200.0,6037000.0,49.4,3322.19767757414,164299.9735,49452.5854524
IOWA,19,CLAY,041,19041,NORTHWEST,10,2025,1.0,117500.0,116600.0,7218000.0,61.9,4162.834741737637,196441.479,47186.3458572
IOWA,19,CLAYTON,043,19043,NORTHEAST,30,1980,1.0,7100.0,7100.0,260000.0,36.6,2461.3853238707193,7076.03,2873.2680582000003
IOWA,19,CLAYTON,043,19043,NORTHEAST,30,1981,1.0,5800.0,5800.0,216000.0,37.2,2501.7359029505674,5878.548,2347.1767236
IOWA,19,CLAYTON,043,19043,NORTHEAST,30,1982,1.0,5200.0,5200.0,177000.0,34.0,2286.5328145247117,4817.1435,2104.3653384
IOWA,19,CLAYTON,043,19043,NORTHEAST,30,1983,1.0,5100.0,5100.0,171000.0,33.5,2252.907331958172,4653.8505,2063.8967742
IOWA,19,CLAYTON,043,19043,NORTHEAST,30,1984,1.0,5200.0,5200.0,183000.0,35.2,2367.233972684408,4980.4365,2104.3653384
IOWA,19,CLAYTON,043,19043,NORTHEAST,30,1985,1.0,4800.0,4800.0,178000.0,37.1,2495.0108064372594,4844.359,1942.4910816000001
IOWA,19,CLAYTON,043,19043,NORTHEAST,30,1986,1.0,5200.0,5100.0,197000.0,38.6,2595.8872541368787,5361.4535,2063.8967742
IOWA,19,CLAYTON,043,19043,NORTHEAST,30,1987,1.0,7000.0,7000.0,321000.0,45.9,3086.819299608361,8736.1755,2832.799494
IOWA,19,CLAYTON,043,19043,NORTHEAST,30,1988,1.0,7000.0,6900.0,167000.0,24.2,1627.4733562205301,4544.9885,2792.3309298
IOWA,19,CLAYTON,043,19043,NORTHEAST,30,1989,1.0,4900.0,4900.0,215000.0,43.9,2952.3173693422013,5851.3325,1982.9596458
IOWA,19,CLAYTON,043,19043,NORTHEAST,30,1990,1.0,4600.0,4400.0,192000.0,43.6,2932.1420798022777,5225.376,1780.6168248000001
IOWA,19,CLAYTON,043,19043,NORTHEAST,30,1991,1.0,5500.0,5300.0,240000.0,45.3,3046.468720528513,6531.72,2144.8339026
IOWA,19,CLAYTON,043,19043,NORTHEAST,30,1992,1.0,6000.0,6000.0,268000.0,44.7,3006.1181414486655,7293.754,2428.113852
IOWA,19,CLAYTON,043,19043,NORTHEAST,30,1993,1.0,8000.0,7900.0,284000.0,35.9,2414.309648277563,7729.202,3197.0165718000003
IOWA,19,CLAYTON,043,19043,NORTHEAST,30,1994,1.0,9000.0,8900.0,440000.0,49.4,3322.19767757414,11974.82,3601.7022138
IOWA,19,CLAYTON,043,19043,NORTHEAST,30,1995,1.0,12000.0,12000.0,614000.0,51.2,3443.249414813684,16710.317,4856.227704
IOWA,19,CLAYTON,043,19043,NORTHEAST,30,1996,1.0,24000.0,23800.0,1142000.0,48.0,3228.0463263878282,31080.101,9631.5182796
IOWA,19,CLAYTON,043,19043,NORTHEAST,30,1997,1.0,46000.0,45200.0,2186000.0,48.4,3254.9467124410603,59493.083,18291.7910184
IOWA,19,CLAYTON,043,19043,NORTHEAST,30,1998,1.0,45600.0,45500.0,2431000.0,53.4,3591.201538106459,66160.8805,18413.196711
IOWA,19,CLAYTON,043,19043,NORTHEAST,30,1999,1.0,39000.0,38900.0,1928000.0,49.6,3335.647870600756,52471.484,15742.271473800001
IOWA,19,CLAYTON,043,19043,NORTHEAST,30,2000,1.0,43000.0,42900.0,2232000.0,52.0,3497.0501869201476,60744.996,17361.0140418
IOWA,19,CLAYTON,043,19043,NORTHEAST,30,2001,1.0,53000.0,52600.0,2446000.0,46.5,3127.169878688209,66569.113,21286.4647692
IOWA,19,CLAYTON,043,19043,NORTHEAST,30,2002,1.0,48000.0,47800.0,2625000.0,54.9,3692.0779858060787,71440.6875,19343.9736876
IOWA,19,CLAYTON,043,19043,NORTHEAST,30,2003,1.0,52000.0,51800.0,1931000.0,37.3,2508.460999463875,52553.1305,20962.7162556
IOWA,19,CLAYTON,043,19043,NORTHEAST,30,2004,1.0,51000.0,50700.0,2493000.0,49.2,3308.7474845475244,67848.2415,20517.5620494
IOWA,19,CLAYTON,043,19043,NORTHEAST,30,2005,1.0,45500.0,45400.0,2647700.0,58.3,3920.73126725855,72058.47935,18372.7281468
IOWA,19,CLAYTON,043,19043,NORTHEAST,30,2006,1.0,53000.0,52800.0,2847900.0,53.9,3624.827020672999,77507.02245,21367.4018976
IOWA,19,CLAYTON,043,19043,NORTHEAST,30,2007,1.0,42100.0,42000.0,2195000.0,52.3,3517.225476460071,59738.0225,16996.796964
IOWA,19,CLAYTON,043,19043,NORTHEAST,30,2008,1.0,52000.0,51700.0,2610000.0,50.5,3396.1737392205278,71032.455,20922.2476914
IOWA,19,CLAYTON,043,19043,NORTHEAST,30,2009,1.0,47500.0,46700.0,2275000.0,48.5,3261.6718089543683,61915.2625,18898.8194814
IOWA,19,CLAYTON,043,19043,NORTHEAST,30,2010,1.0,51000.0,50500.0,2866000.0,56.8,3819.85481955893,77999.623,20436.624921000002
IOWA,19,CLAYTON,043,19043,NORTHEAST,30,2011,1.0,44100.0,43800.0,2588000.0,59.1,3974.532039365014,70433.714,17725.2311196
IOWA,19,CLAYTON,043,19043,NORTHEAST,30,2012,1.0,47500.0,47300.0,2589000.0,54.7,3678.627792779463,70460.9295,19141.6308666
IOWA,19,CLAYTON,043,19043,NORTHEAST,30,2013,1.0,50100.0,50000.0,2753000.0,55.1,3705.5281788326947,74924.2715,20234.2821
IOWA,19,CLAYTON,043,19043,NORTHEAST,30,2014,1.0,56000.0,55400.0,2855000.0,51.5,3463.4247043536075,77700.2525,22419.5845668
IOWA,19,CLAYTON,043,19043,NORTHEAST,30,2015,1.0,55000.0,54800.0,3115000.0,56.8,3819.85481955893,84776.2825,22176.7731816
IOWA,19,CLAYTON,043,19043,NORTHEAST,30,2016,1.0,56400.0,56300.0,3559000.0,63.2,4250.260996410641,96859.9645,22783.8016446
IOWA,19,CLAYTON,043,19043,NORTHEAST,30,2017,1.0,57800.0,57300.0,3383000.0,59.0,3967.806942851706,92070.0365,23188.4872866
IOWA,19,CLAYTON,043,19043,NORTHEAST,30,2018,1.0,59200.0,58800.0,3458000.0,58.8,3954.3567498250895,94111.199,23795.5157496
IOWA,19,CLAYTON,043,19043,NORTHEAST,30,2019,1.0,50300.0,49700.0,2802000.0,56.4,3792.9544335056985,76257.831,20112.8764074
IOWA,19,CLAYTON,043,19043,NORTHEAST,30,2020,1.0,55300.0,54800.0,3293000.0,60.1,4041.7830044980938,89620.6415,22176.7731816
IOWA,19,CLAYTON,043,19043,NORTHEAST,30,2022,1.0,68500.0,68000.0,4383000.0,64.5,4337.687251083645,119285.5365,27518.623656
IOWA,19,CLAYTON,043,19043,NORTHEAST,30,2023,1.0,65600.0,65200.0,3495000.0,53.6,3604.6517311330754,95118.1725,26385.5038584
IOWA,19,CLINTON,045,19045,EAST CENTRAL,60,1980,1.0,69100.0,68900.0,3110000.0,45.1,3033.018527501897,84640.205,27882.8407338
IOWA,19,CLINTON,045,19045,EAST CENTRAL,60,1981,1.0,67000.0,66500.0,3104000.0,46.7,3140.620071714825,84476.912,26911.595193
IOWA,19,CLINTON,045,19045,EAST CENTRAL,60,1982,1.0,67100.0,66300.0,2787000.0,42.0,2824.54053558935,75849.5985,26830.6580646
IOWA,19,CLINTON,045,19045,EAST CENTRAL,60,1983,1.0,65400.0,65400.0,2444000.0,37.4,2515.186095977183,66514.682,26466.4409868
IOWA,19,CLINTON,045,19045,EAST CENTRAL,60,1984,1.0,72400.0,72400.0,2655000.0,36.7,2468.1104203840273,72257.1525,29299.2404808
IOWA,19,CLINTON,045,19045,EAST CENTRAL,60,1985,1.0,72500.0,71300.0,2963000.0,41.6,2797.6401495361183,80639.5265,28854.086274600002
IOWA,19,CLINTON,045,19045,EAST CENTRAL,60,1986,1.0,76900.0,76200.0,3150000.0,41.3,2777.464859996194,85728.825,30837.0459204
IOWA,19,CLINTON,045,19045,EAST CENTRAL,60,1987,1.0,66500.0,66200.0,3098000.0,46.8,3147.3451682281325,84313.619,26790.1895004
IOWA,19,CLINTON,045,19045,EAST CENTRAL,60,1988,1.0,65900.0,65300.0,1836000.0,28.1,1889.7521202395412,49967.658,26425.9724226
IOWA,19,CLINTON,045,19045,EAST CENTRAL,60,1989,1.0,77000.0,76900.0,3554000.0,46.2,3106.9945891482853,96723.887,31120.325869800003
IOWA,19,CLINTON,045,19045,EAST CENTRAL,60,1990,1.0,74800.0,73100.0,3637000.0,49.8,3349.0980636273716,98982.7735,29582.520430200002
IOWA,19,CLINTON,045,19045,EAST CENTRAL,60,1991,1.0,74700.0,74500.0,3514000.0,47.2,3174.245554281365,95635.267,30149.080329
IOWA,19,CLINTON,045,19045,EAST CENTRAL,60,1992,1.0,78000.0,76900.0,3616000.0,47.0,3160.7953612547485,98411.248,31120.325869800003
IOWA,19,CLINTON,045,19045,EAST CENTRAL,60,1993,1.0,79000.0,76900.0,3020000.0,39.3,2642.9629297300344,82190.81,31120.325869800003
IOWA,19,CLINTON,045,19045,EAST CENTRAL,60,1994,1.0,83000.0,82800.0,4490000.0,54.2,3645.002310212923,122197.595,33507.971157600005
IOWA,19,CLINTON,045,19045,EAST CENTRAL,60,1995,1.0,84000.0,83700.0,4196000.0,50.1,3369.273353167296,114196.238,33872.188235400004
IOWA,19,CLINTON,045,19045,EAST CENTRAL,60,1996,1.0,96000.0,95500.0,4609000.0,48.3,3248.2216159277523,125436.2395,38647.478811
IOWA,19,CLINTON,045,19045,EAST CENTRAL,60,1997,1.0,104900.0,104000.0,5322000.0,51.2,3443.249414813684,144840.891,42087.306768
IOWA,19,CLINTON,045,19045,EAST CENTRAL,60,1998,1.0,113900.0,113500.0,6097000.0,53.7,3611.3768276463834,165932.9035,45931.820367
IOWA,19,CLINTON,045,19045,EAST CENTRAL,60,1999,1.0,121000.0,120600.0,6408000.0,53.1,3571.0262485665353,174396.924,48805.0884252
IOWA,19,CLINTON,045,19045,EAST CENTRAL,60,2000,1.0,125000.0,124700.0,5719000.0,45.9,3086.819299608361,155645.4445,50464.2995574
IOWA,19,CLINTON,045,19045,EAST CENTRAL,60,2001,1.0,129000.0,128200.0,6345000.0,49.5,3328.922774087448,172682.3475,51880.699304400005
IOWA,19,CLINTON,045,19045,EAST CENTRAL,60,2002,1.0,126000.0,125100.0,6306000.0,50.4,3389.4486427072197,171620.943,50626.1738142
IOWA,19,CLINTON,045,19045,EAST CENTRAL,60,2003,1.0,120000.0,119500.0,3859000.0,32.3,2172.206173798476,105024.6145,48359.934219
IOWA,19,CLINTON,045,19045,EAST CENTRAL,60,2004,1.0,119000.0,118400.0,5864000.0,49.5,3328.922774087448,159591.692,47914.7800128
IOWA,19,CLINTON,045,19045,EAST CENTRAL,60,2005,1.0,116000.0,115300.0,4901900.0,42.5,2858.1660181558896,133407.65944999998,46660.2545226
IOWA,19,CLINTON,045,19045,EAST CENTRAL,60,2006,1.0,126500.0,125800.0,6623500.0,52.7,3544.1258625133037,180261.86425,50909.4537636
IOWA,19,CLINTON,045,19045,EAST CENTRAL,60,2007,1.0,95500.0,95400.0,4823000.0,50.6,3402.8988357338358,131260.3565,38607.010246800004
IOWA,19,CLINTON,045,19045,EAST CENTRAL,60,2008,1.0,117500.0,116700.0,5553000.0,47.5,3194.4208438212886,151127.6715,47226.8144214
IOWA,19,CLINTON,045,19045,EAST CENTRAL,60,2009,1.0,113500.0,112900.0,5898000.0,52.0,3497.0501869201476,160517.019,45689.0089818
IOWA,19,CLINTON,045,19045,EAST CENTRAL,60,2010,1.0,111500.0,111000.0,5704000.0,51.4,3456.6996078402994,155237.212,44920.106262
IOWA,19,CLINTON,045,19045,EAST CENTRAL,60,2011,1.0,104000.0,103500.0,6385000.0,61.7,4149.384548711021,173770.9675,41884.963947000004
IOWA,19,CLINTON,045,19045,EAST CENTRAL,60,2012,1.0,112000.0,111600.0,5804000.0,52.0,3497.0501869201476,157958.762,45162.9176472
IOWA,19,CLINTON,045,19045,EAST CENTRAL,60,2013,1.0,110500.0,109200.0,5667000.0,51.9,3490.3250904068395,154230.2385,44191.6721064
IOWA,19,CLINTON,045,19045,EAST CENTRAL,60,2014,1.0,116500.0,115900.0,6668000.0,57.5,3866.930495152086,181472.954,46903.0659078
IOWA,19,CLINTON,045,19045,EAST CENTRAL,60,2015,1.0,115500.0,115000.0,6803000.0,59.2,3981.257135878322,185147.0465,46538.84883
IOWA,19,CLINTON,045,19045,EAST CENTRAL,60,2016,1.0,117500.0,117000.0,6992000.0,59.8,4021.6077149581693,190290.776,47348.220114
IOWA,19,CLINTON,045,19045,EAST CENTRAL,60,2017,1.0,116000.0,114800.0,6848000.0,59.7,4014.8826184448617,186371.744,46457.9117016
IOWA,19,CLINTON,045,19045,EAST CENTRAL,60,2018,1.0,119500.0,118600.0,6916000.0,58.3,3920.73126725855,188222.398,47995.7171412
IOWA,19,CLINTON,045,19045,EAST CENTRAL,60,2019,1.0,109500.0,108600.0,6458000.0,59.5,4001.4324254182457,175757.699,43948.8607212
IOWA,19,CLINTON,045,19045,EAST CENTRAL,60,2020,1.0,115000.0,114000.0,6498000.0,57.0,3833.305012585546,176846.319,46134.163188
IOWA,19,CLINTON,045,19045,EAST CENTRAL,60,2021,1.0,120500.0,119800.0,7655000.0,63.9,4297.336672003797,208334.6525,48481.3399116
IOWA,19,CLINTON,045,19045,EAST CENTRAL,60,2022,1.0,123000.0,122200.0,8065000.0,66.0,4438.563698783264,219493.0075,49452.5854524
IOWA,19,CLINTON,045,19045,EAST CENTRAL,60,2023,1.0,120000.0,119200.0,7009000.0,58.8,3954.3567498250895,190753.4395,48238.528526400005
IOWA,19,CLINTON,045,19045,EAST CENTRAL,60,2024,1.0,125000.0,124200.0,8098000.0,65.2,4384.762926676801,220391.119,50261.9567364
IOWA,19,CLINTON,045,19045,EAST CENTRAL,60,2025,1.0,114000.0,113200.0,7732000.0,68.3,4593.2409185893475,210430.246,45810.4146744
IOWA,19,CRAWFORD,047,19047,WEST CENTRAL,40,1980,1.0,82200.0,82000.0,2760000.0,33.7,2266.357524984788,75114.78,33184.222644
IOWA,19,CRAWFORD,047,19047,WEST CENTRAL,40,1981,1.0,87900.0,87800.0,3426000.0,39.0,2622.787640190111,93240.303,35531.3993676
IOWA,19,CRAWFORD,047,19047,WEST CENTRAL,40,1982,1.0,97000.0,96900.0,3690000.0,38.1,2562.261771570339,100425.195,39214.0387098
IOWA,19,CRAWFORD,047,19047,WEST CENTRAL,40,1983,1.0,89500.0,89100.0,3183000.0,35.7,2400.8594552509476,86626.9365,36057.490702200004
IOWA,19,CRAWFORD,047,19047,WEST CENTRAL,40,1984,1.0,89400.0,88600.0,2877000.0,32.5,2185.6563668250924,78298.9935,35855.1478812
IOWA,19,CRAWFORD,047,19047,WEST CENTRAL,40,1985,1.0,89300.0,88100.0,3251000.0,36.9,2481.560613410643,88477.5905,35652.8050602
IOWA,19,CRAWFORD,047,19047,WEST CENTRAL,40,1986,1.0,93900.0,93700.0,4108000.0,43.8,2945.5922728288933,111801.274,37919.0446554
IOWA,19,CRAWFORD,047,19047,WEST CENTRAL,40,1987,1.0,93900.0,92100.0,3711000.0,40.3,2710.213894863114,100996.7205,37271.5476282
IOWA,19,CRAWFORD,047,19047,WEST CENTRAL,40,1988,1.0,106000.0,105500.0,4006000.0,38.0,2555.536675057031,109025.293,42694.335231000005
IOWA,19,CRAWFORD,047,19047,WEST CENTRAL,40,1989,1.0,109000.0,108800.0,4050000.0,37.2,2501.7359029505674,110222.775,44029.7978496
IOWA,19,CRAWFORD,047,19047,WEST CENTRAL,40,1990,1.0,105000.0,103900.0,4488000.0,43.2,2905.2416937490457,122143.164,42046.8382038
IOWA,19,CRAWFORD,047,19047,WEST CENTRAL,40,1991,1.0,114000.0,113500.0,4766000.0,42.0,2824.54053558935,129709.073,45931.820367
IOWA,19,CRAWFORD,047,19047,WEST CENTRAL,40,1992,1.0,107000.0,106700.0,4699000.0,44.0,2959.0424658555094,127885.6345,43179.9580014
IOWA,19,CRAWFORD,047,19047,WEST CENTRAL,40,1993,1.0,113000.0,112000.0,4126000.0,36.8,2474.835516897335,112291.153,45324.791904
IOWA,19,CRAWFORD,047,19047,WEST CENTRAL,40,1994,1.0,115000.0,114700.0,6019000.0,52.5,3530.675669486687,163810.0945,46417.4431374
IOWA,19,CRAWFORD,047,19047,WEST CENTRAL,40,1995,1.0,127000.0,126700.0,5615000.0,44.3,2979.217755395433,152815.0325,51273.6708414
IOWA,19,CRAWFORD,047,19047,WEST CENTRAL,40,1996,1.0,127000.0,126800.0,5517000.0,43.5,2925.4169832889697,150147.9135,51314.1394056
IOWA,19,CRAWFORD,047,19047,WEST CENTRAL,40,1997,1.0,149700.0,148500.0,6735000.0,45.4,3053.193817041821,183296.3925,60095.817837
IOWA,19,CRAWFORD,047,19047,WEST CENTRAL,40,1998,1.0,151500.0,151100.0,7130000.0,47.2,3174.245554281365,194046.515,61148.0005062
IOWA,19,CRAWFORD,047,19047,WEST CENTRAL,40,1999,1.0,159000.0,158400.0,6180000.0,39.0,2622.787640190111,168191.79,64102.2056928
IOWA,19,CRAWFORD,047,19047,WEST CENTRAL,40,2000,1.0,159000.0,158700.0,6042000.0,38.1,2562.261771570339,164436.051,64223.6113854
IOWA,19,CRAWFORD,047,19047,WEST CENTRAL,40,2001,1.0,159000.0,158000.0,7573000.0,47.9,3221.32122987452,206102.9815,63940.331436
IOWA,19,CRAWFORD,047,19047,WEST CENTRAL,40,2002,1.0,157000.0,156200.0,7885000.0,50.5,3396.1737392205278,214594.2175,63211.8972804
IOWA,19,CRAWFORD,047,19047,WEST CENTRAL,40,2003,1.0,160000.0,159300.0,5205000.0,32.7,2199.1065598517084,141656.6775,64466.4227706
IOWA,19,CRAWFORD,047,19047,WEST CENTRAL,40,2004,1.0,156500.0,155900.0,7662000.0,49.1,3302.0223880342164,208525.161,63090.4915878
IOWA,19,CRAWFORD,047,19047,WEST CENTRAL,40,2005,1.0,152000.0,151300.0,8371100.0,55.3,3718.9783718593103,227823.67205,61228.9376346
IOWA,19,CRAWFORD,047,19047,WEST CENTRAL,40,2006,1.0,153500.0,152900.0,7703700.0,50.4,3389.4486427072197,209660.04735,61876.434661800005
IOWA,19,CRAWFORD,047,19047,WEST CENTRAL,40,2007,1.0,134000.0,133800.0,6734000.0,50.3,3382.7235461939117,183269.177,54146.938899600005
IOWA,19,CRAWFORD,047,19047,WEST CENTRAL,40,2008,1.0,148500.0,148100.0,7917000.0,53.5,3597.9266346197674,215465.1135,59933.9435802
IOWA,19,CRAWFORD,047,19047,WEST CENTRAL,40,2009,1.0,145000.0,144700.0,7671000.0,53.0,3564.3011520532273,208770.1005,58558.0123974
IOWA,19,CRAWFORD,047,19047,WEST CENTRAL,40,2010,1.0,151000.0,150500.0,8572000.0,57.0,3833.305012585546,233291.266,60905.189121
IOWA,19,CRAWFORD,047,19047,WEST CENTRAL,40,2011,1.0,142500.0,141900.0,7527000.0,53.0,3564.3011520532273,204851.0685,57424.892599800005
IOWA,19,CRAWFORD,047,19047,WEST CENTRAL,40,2012,1.0,140000.0,139500.0,6362000.0,45.6,3066.644010068437,173145.011,56453.647059
IOWA,19,CRAWFORD,047,19047,WEST CENTRAL,40,2013,1.0,140000.0,139400.0,6464000.0,46.4,3120.444782174901,175920.992,56413.1784948
IOWA,19,CRAWFORD,047,19047,WEST CENTRAL,40,2014,1.0,152000.0,151400.0,8424000.0,55.6,3739.153661399235,229263.372,61269.4061988
IOWA,19,CRAWFORD,047,19047,WEST CENTRAL,40,2015,1.0,149500.0,148900.0,8712000.0,58.5,3934.181460285166,237101.436,60257.692093800004
IOWA,19,CRAWFORD,047,19047,WEST CENTRAL,40,2016,1.0,136500.0,136000.0,8743000.0,64.3,4324.237058057029,237945.1165,55037.247312
IOWA,19,CRAWFORD,047,19047,WEST CENTRAL,40,2017,1.0,150000.0,149200.0,9147000.0,61.3,4122.484162657789,248940.1785,60379.0977864
IOWA,19,CRAWFORD,047,19047,WEST CENTRAL,40,2018,1.0,146500.0,145200.0,8959000.0,61.7,4149.384548711021,243823.6645,58760.3552184
IOWA,19,CRAWFORD,047,19047,WEST CENTRAL,40,2019,1.0,140500.0,139500.0,8639000.0,61.9,4162.834741737637,235114.7045,56453.647059
IOWA,19,CRAWFORD,047,19047,WEST CENTRAL,40,2020,1.0,136000.0,134900.0,7312000.0,54.2,3645.002310212923,198999.736,54592.0931058
IOWA,19,CRAWFORD,047,19047,WEST CENTRAL,40,2021,1.0,150000.0,148900.0,9455000.0,63.5,4270.4362859505645,257322.5525,60257.692093800004
IOWA,19,CRAWFORD,047,19047,WEST CENTRAL,40,2022,1.0,145500.0,144500.0,9072000.0,62.8,4223.360610357408,246899.016,58477.075269
IOWA,19,CRAWFORD,047,19047,WEST CENTRAL,40,2023,1.0,151500.0,150500.0,8067000.0,53.6,3604.6517311330754,219547.4385,60905.189121
IOWA,19,CRAWFORD,047,19047,WEST CENTRAL,40,2024,1.0,143000.0,142100.0,8881000.0,62.5,4203.185320817485,241700.8555,57505.8297282
IOWA,19,CRAWFORD,047,19047,WEST CENTRAL,40,2025,1.0,134500.0,133500.0,8758000.0,65.6,4411.663312730032,238353.349,54025.533207
IOWA,19,DALLAS,049,19049,CENTRAL,50,1980,1.0,105900.0,105800.0,4450000.0,42.1,2831.265632102658,121108.975,42815.7409236
IOWA,19,DALLAS,049,19049,CENTRAL,50,1981,1.0,112000.0,111600.0,5056000.0,45.3,3046.468720528513,137601.568,45162.9176472
IOWA,19,DALLAS,049,19049,CENTRAL,50,1982,1.0,118000.0,117500.0,4665000.0,39.7,2669.8633157832664,126960.3075,47550.562935
IOWA,19,DALLAS,049,19049,CENTRAL,50,1983,1.0,108000.0,108000.0,3886000.0,36.0,2421.034744790871,105759.433,43706.049336000004
IOWA,19,DALLAS,049,19049,CENTRAL,50,1984,1.0,110000.0,109400.0,3513000.0,32.1,2158.7559807718603,95608.0515,44272.6092348
IOWA,19,DALLAS,049,19049,CENTRAL,50,1985,1.0,110000.0,109400.0,3898000.0,35.6,2394.1343587376396,106086.019,44272.6092348
IOWA,19,DALLAS,049,19049,CENTRAL,50,1986,1.0,109000.0,108100.0,4452000.0,41.2,2770.7397634828862,121163.406,43746.5179002
IOWA,19,DALLAS,049,19049,CENTRAL,50,1987,1.0,102000.0,101600.0,4686000.0,46.1,3100.269492634977,127531.833,41116.0612272
IOWA,19,DALLAS,049,19049,CENTRAL,50,1988,1.0,104000.0,103600.0,2553000.0,24.6,1654.3737422737622,69481.1715,41925.4325112
IOWA,19,DALLAS,049,19049,CENTRAL,50,1989,1.0,108000.0,108000.0,4536000.0,42.0,2824.54053558935,123449.508,43706.049336000004
IOWA,19,DALLAS,049,19049,CENTRAL,50,1990,1.0,102000.0,101100.0,4211000.0,41.7,2804.3652460494263,114604.4705,40913.7184062
IOWA,19,DALLAS,049,19049,CENTRAL,50,1991,1.0,109000.0,108300.0,4460000.0,41.2,2770.7397634828862,121381.13,43827.4550286
IOWA,19,DALLAS,049,19049,CENTRAL,50,1992,1.0,107000.0,106100.0,4669000.0,44.0,2959.0424658555094,127069.1695,42937.1466162
IOWA,19,DALLAS,049,19049,CENTRAL,50,1993,1.0,111000.0,108100.0,3854000.0,35.7,2400.8594552509476,104888.537,43746.5179002
IOWA,19,DALLAS,049,19049,CENTRAL,50,1994,1.0,112000.0,111800.0,5840000.0,52.2,3510.5003799467636,158938.52,45243.854775600004
IOWA,19,DALLAS,049,19049,CENTRAL,50,1995,1.0,112000.0,111600.0,5044000.0,45.2,3039.743624015205,137274.982,45162.9176472
IOWA,19,DALLAS,049,19049,CENTRAL,50,1996,1.0,141000.0,140300.0,6532000.0,46.6,3133.894975201517,177771.646,56777.3955726
IOWA,19,DALLAS,049,19049,CENTRAL,50,1997,1.0,134100.0,132200.0,5697000.0,43.1,2898.5165972357377,155046.7035,53499.4418724
IOWA,19,DALLAS,049,19049,CENTRAL,50,1998,1.0,124800.0,124400.0,6061000.0,48.7,3275.1220019809844,164953.1455,50342.893864800004
IOWA,19,DALLAS,049,19049,CENTRAL,50,1999,1.0,122000.0,121800.0,5310000.0,43.6,2932.1420798022777,144514.305,49290.7111956
IOWA,19,DALLAS,049,19049,CENTRAL,50,2000,1.0,122000.0,121800.0,5391000.0,44.3,2979.217755395433,146718.7605,49290.7111956
IOWA,19,DALLAS,049,19049,CENTRAL,50,2001,1.0,126000.0,125300.0,4872000.0,38.9,2616.0625436768028,132593.916,50707.110942600004
IOWA,19,DALLAS,049,19049,CENTRAL,50,2002,1.0,120000.0,119100.0,5190000.0,43.6,2932.1420798022777,141248.445,48198.0599622
IOWA,19,DALLAS,049,19049,CENTRAL,50,2003,1.0,119000.0,118500.0,3808000.0,32.1,2158.7559807718603,103636.624,47955.248577
IOWA,19,DALLAS,049,19049,CENTRAL,50,2004,1.0,118000.0,117500.0,6251000.0,53.2,3577.7513450798433,170124.0905,47550.562935
IOWA,19,DALLAS,049,19049,CENTRAL,50,2005,1.0,113500.0,113000.0,6571400.0,58.2,3914.0061707452423,178843.9367,45729.477546
IOWA,19,DALLAS,049,19049,CENTRAL,50,2006,1.0,115500.0,115100.0,5673500.0,49.3,3315.472581060832,154407.13925,46579.3173942
IOWA,19,DALLAS,049,19049,CENTRAL,50,2007,1.0,97100.0,96900.0,5204000.0,53.7,3611.3768276463834,141629.462,39214.0387098
IOWA,19,DALLAS,049,19049,CENTRAL,50,2008,1.0,108500.0,107900.0,5047000.0,47.0,3160.7953612547485,137356.6285,43665.5807718
IOWA,19,DALLAS,049,19049,CENTRAL,50,2009,1.0,107000.0,106700.0,5809000.0,54.5,3665.177599752847,158094.8395,43179.9580014
IOWA,19,DALLAS,049,19049,CENTRAL,50,2010,1.0,108000.0,107600.0,5358000.0,49.8,3349.0980636273716,145820.649,43544.1750792
IOWA,19,DALLAS,049,19049,CENTRAL,50,2011,1.0,104000.0,103300.0,5393000.0,52.2,3510.5003799467636,146773.1915,41804.0268186
IOWA,19,DALLAS,049,19049,CENTRAL,50,2012,1.0,92500.0,92100.0,3697000.0,40.1,2696.7637018364985,100615.7035,37271.5476282
IOWA,19,DALLAS,049,19049,CENTRAL,50,2013,1.0,94500.0,94000.0,3919000.0,41.7,2804.3652460494263,106657.5445,38040.450348
IOWA,19,DALLAS,049,19049,CENTRAL,50,2014,1.0,100500.0,99700.0,5231000.0,52.5,3530.675669486687,142364.2805,40347.1585074
IOWA,19,DALLAS,049,19049,CENTRAL,50,2015,1.0,104000.0,103200.0,5686000.0,55.1,3705.5281788326947,154747.333,41763.5582544
IOWA,19,DALLAS,049,19049,CENTRAL,50,2016,1.0,97400.0,97100.0,5704000.0,58.7,3947.631653311782,155237.212,39294.9758382
IOWA,19,DALLAS,049,19049,CENTRAL,50,2017,1.0,104000.0,103400.0,5644000.0,54.6,3671.902696266155,153604.282,41844.4953828
IOWA,19,DALLAS,049,19049,CENTRAL,50,2018,1.0,103000.0,101200.0,5346000.0,52.8,3550.8509590266112,145494.063,40954.1869704
IOWA,19,DALLAS,049,19049,CENTRAL,50,2019,1.0,103000.0,101800.0,5535000.0,54.4,3658.4525032395386,150637.7925,41196.9983556
IOWA,19,DALLAS,049,19049,CENTRAL,50,2020,1.0,98000.0,97200.0,4578000.0,47.1,3167.520457768057,124592.559,39335.444402400004
IOWA,19,DALLAS,049,19049,CENTRAL,50,2021,1.0,110500.0,109700.0,6977000.0,63.6,4277.1613824638725,189882.5435,44394.0149274
IOWA,19,DALLAS,049,19049,CENTRAL,50,2022,1.0,99000.0,98300.0,5878000.0,59.8,4021.6077149581693,159972.709,39780.598608600005
IOWA,19,DALLAS,049,19049,CENTRAL,50,2023,1.0,106500.0,105800.0,6433000.0,60.8,4088.858680091249,175077.3115,42815.7409236
IOWA,19,DALLAS,049,19049,CENTRAL,50,2024,1.0,101000.0,100400.0,6476000.0,64.5,4337.687251083645,176247.578,40630.4384568
IOWA,19,DALLAS,049,19049,CENTRAL,50,2025,1.0,100500.0,99800.0,6427000.0,64.4,4330.962154570337,174914.0185,40387.6270716
IOWA,19,DAVIS,051,19051,SOUTHEAST,90,1980,1.0,51000.0,50800.0,1590000.0,31.3,2104.9552086653966,43272.645,20558.0306136
IOWA,19,DAVIS,051,19051,SOUTHEAST,90,1981,1.0,40800.0,40800.0,1375000.0,33.7,2266.357524984788,37421.3125,16511.1741936
IOWA,19,DAVIS,051,19051,SOUTHEAST,90,1982,1.0,42300.0,40900.0,1121000.0,27.4,1842.6764446463853,30508.5755,16551.6427578
IOWA,19,DAVIS,051,19051,SOUTHEAST,90,1983,1.0,44400.0,44400.0,796000.0,17.9,1203.7922758821276,21663.538,17968.0425048
IOWA,19,DAVIS,051,19051,SOUTHEAST,90,1984,1.0,43200.0,42900.0,1121000.0,26.1,1755.2501899733818,30508.5755,17361.0140418
IOWA,19,DAVIS,051,19051,SOUTHEAST,90,1985,1.0,42700.0,42100.0,1526000.0,36.2,2434.4849378174877,41530.853,17037.2655282
IOWA,19,DAVIS,051,19051,SOUTHEAST,90,1986,1.0,44600.0,44400.0,1584000.0,35.7,2400.8594552509476,43109.352,17968.0425048
IOWA,19,DAVIS,051,19051,SOUTHEAST,90,1987,1.0,36200.0,36100.0,1243000.0,34.4,2313.433200577944,33828.8665,14609.151676200001
IOWA,19,DAVIS,051,19051,SOUTHEAST,90,1988,1.0,33200.0,33000.0,811000.0,24.6,1654.3737422737622,22071.7705,13354.626186
IOWA,19,DAVIS,051,19051,SOUTHEAST,90,1989,1.0,30700.0,30700.0,737000.0,24.0,1614.0231631939141,20057.8235,12423.849209400001
IOWA,19,DAVIS,051,19051,SOUTHEAST,90,1990,1.0,28500.0,28400.0,1004000.0,35.4,2380.6841657110235,27324.362,11493.072232800001
IOWA,19,DAVIS,051,19051,SOUTHEAST,90,1991,1.0,29800.0,29500.0,1055000.0,35.8,2407.584551764255,28712.3525,11938.226439
IOWA,19,DAVIS,051,19051,SOUTHEAST,90,1992,1.0,25000.0,24900.0,1034000.0,41.5,2790.91505302281,28140.827,10076.6724858
IOWA,19,DAVIS,051,19051,SOUTHEAST,90,1993,1.0,29000.0,28400.0,866000.0,30.5,2051.1544365589325,23568.623,11493.072232800001
IOWA,19,DAVIS,051,19051,SOUTHEAST,90,1994,1.0,29000.0,28900.0,1211000.0,41.9,2817.815439076042,32957.9705,11695.4150538
IOWA,19,DAVIS,051,19051,SOUTHEAST,90,1995,1.0,37000.0,36900.0,1125000.0,30.5,2051.1544365589325,30617.4375,14932.9001898
IOWA,19,DAVIS,051,19051,SOUTHEAST,90,1996,1.0,33000.0,32800.0,1320000.0,40.2,2703.4887983498065,35924.46,13273.6890576
IOWA,19,DAVIS,051,19051,SOUTHEAST,90,1997,1.0,40600.0,40200.0,1831000.0,45.5,3059.918913555129,49831.5805,16268.362808400001
IOWA,19,DAVIS,051,19051,SOUTHEAST,90,1998,1.0,38600.0,38300.0,1786000.0,46.6,3133.894975201517,48606.883,15499.4600886
IOWA,19,DAVIS,051,19051,SOUTHEAST,90,1999,1.0,42000.0,41900.0,1414000.0,33.7,2266.357524984788,38482.717,16956.3283998
IOWA,19,DAVIS,051,19051,SOUTHEAST,90,2000,1.0,43000.0,42900.0,1790000.0,41.7,2804.3652460494263,48715.745,17361.0140418
IOWA,19,DAVIS,051,19051,SOUTHEAST,90,2001,1.0,37000.0,36500.0,1423000.0,39.0,2622.787640190111,38727.6565,14771.025933
IOWA,19,DAVIS,051,19051,SOUTHEAST,90,2002,1.0,40000.0,39900.0,1568000.0,39.3,2642.9629297300344,42673.904,16146.9571158
IOWA,19,DAVIS,051,19051,SOUTHEAST,90,2003,1.0,38000.0,37800.0,1240000.0,32.8,2205.831656365016,33747.22,15297.1172676
IOWA,19,DAVIS,051,19051,SOUTHEAST,90,2004,1.0,42000.0,41800.0,2204000.0,52.7,3544.1258625133037,59982.962,16915.8598356
IOWA,19,DAVIS,051,19051,SOUTHEAST,90,2005,1.0,39500.0,39300.0,1591200.0,40.5,2723.66408788973,43305.3036,15904.145730600001
IOWA,19,DAVIS,051,19051,SOUTHEAST,90,2006,1.0,40000.0,39800.0,1786000.0,44.9,3019.568334475281,48606.883,16106.488551600001
IOWA,19,DAVIS,051,19051,SOUTHEAST,90,2007,1.0,34500.0,34300.0,1653000.0,48.2,3241.4965194144447,44987.2215,13880.717520600001
IOWA,19,DAVIS,051,19051,SOUTHEAST,90,2008,1.0,45000.0,44200.0,1611000.0,36.5,2454.6602273574113,43844.1705,17887.1053764
IOWA,19,DAVIS,051,19051,SOUTHEAST,90,2009,1.0,43000.0,42500.0,1701000.0,40.0,2690.0386053231905,46293.5655,17199.139785
IOWA,19,DAVIS,051,19051,SOUTHEAST,90,2010,1.0,44600.0,44300.0,2064000.0,46.6,3133.894975201517,56172.792,17927.5739406
IOWA,19,DAVIS,051,19051,SOUTHEAST,90,2011,1.0,48100.0,47600.0,1559000.0,32.8,2205.831656365016,42428.9645,19263.0365592
IOWA,19,DAVIS,051,19051,SOUTHEAST,90,2012,1.0,48900.0,48400.0,1420000.0,29.3,1970.453278399237,38646.01,19586.7850728
IOWA,19,DAVIS,051,19051,SOUTHEAST,90,2013,1.0,49300.0,49100.0,1805000.0,36.8,2474.835516897335,49123.9775,19870.0650222
IOWA,19,DAVIS,051,19051,SOUTHEAST,90,2014,1.0,50300.0,50000.0,2287000.0,45.7,3073.369106581745,62241.8485,20234.2821
IOWA,19,DAVIS,051,19051,SOUTHEAST,90,2015,1.0,48200.0,47800.0,2338000.0,48.9,3288.5721950076,63629.839,19343.9736876
IOWA,19,DAVIS,051,19051,SOUTHEAST,90,2016,1.0,52800.0,52500.0,3015000.0,57.4,3860.205398638778,82054.7325,21245.996205
IOWA,19,DAVIS,051,19051,SOUTHEAST,90,2017,1.0,52800.0,52500.0,1975000.0,37.6,2528.636289003799,53750.6125,21245.996205
IOWA,19,DAVIS,051,19051,SOUTHEAST,90,2018,1.0,53000.0,52500.0,2635000.0,50.2,3375.998449680604,71712.8425,21245.996205
IOWA,19,DAVIS,051,19051,SOUTHEAST,90,2019,1.0,47000.0,46000.0,2512000.0,54.6,3671.902696266155,68365.336,18615.539532
IOWA,19,DAVIS,051,19051,SOUTHEAST,90,2020,1.0,53200.0,52800.0,2218000.0,42.0,2824.54053558935,60363.979,21367.4018976
IOWA,19,DAVIS,051,19051,SOUTHEAST,90,2021,1.0,49100.0,48800.0,2767000.0,56.7,3813.1297230456225,75305.2885,19748.6593296
IOWA,19,DAVIS,051,19051,SOUTHEAST,90,2022,1.0,56900.0,56500.0,2522000.0,44.6,2999.3930449353575,68637.491,22864.738773
IOWA,19,DAVIS,051,19051,SOUTHEAST,90,2023,1.0,48700.0,48300.0,2578000.0,53.4,3591.201538106459,70161.559,19546.3165086
IOWA,19,DAVIS,051,19051,SOUTHEAST,90,2024,1.0,55300.0,54700.0,3233000.0,59.1,3974.532039365014,87987.7115,22136.3046174
IOWA,19,DAVIS,051,19051,SOUTHEAST,90,2025,1.0,48200.0,47800.0,2897000.0,60.6,4075.4084870646334,78843.3035,19343.9736876
IOWA,19,DECATUR,053,19053,SOUTH CENTRAL,80,1980,1.0,40000.0,39900.0,1240000.0,31.1,2091.5050156387806,33747.22,16146.9571158
IOWA,19,DECATUR,053,19053,SOUTH CENTRAL,80,1981,1.0,38000.0,38000.0,1410000.0,37.1,2495.0108064372594,38373.855,15378.054396000001
IOWA,19,DECATUR,053,19053,SOUTH CENTRAL,80,1982,1.0,42600.0,41400.0,1191000.0,28.8,1936.8277958326971,32413.6605,16753.985578800002
IOWA,19,DECATUR,053,19053,SOUTH CENTRAL,80,1983,1.0,40000.0,39000.0,627000.0,16.1,1082.7405386425842,17064.1185,15782.740038
IOWA,19,DECATUR,053,19053,SOUTH CENTRAL,80,1984,1.0,43000.0,42700.0,863000.0,20.2,1358.469495688211,23486.9765,17280.0769134
IOWA,19,DECATUR,053,19053,SOUTH CENTRAL,80,1985,1.0,39200.0,38900.0,1388000.0,35.7,2400.8594552509476,37775.114,15742.271473800001
IOWA,19,DECATUR,053,19053,SOUTH CENTRAL,80,1986,1.0,40600.0,40500.0,1579000.0,39.0,2622.787640190111,42973.2745,16389.768501000002
IOWA,19,DECATUR,053,19053,SOUTH CENTRAL,80,1987,1.0,32900.0,32600.0,1244000.0,38.2,2568.986868083647,33856.082,13192.7519292
IOWA,19,DECATUR,053,19053,SOUTH CENTRAL,80,1988,1.0,31900.0,31500.0,599000.0,19.0,1277.7683375285155,16302.0845,12747.597723
IOWA,19,DECATUR,053,19053,SOUTH CENTRAL,80,1989,1.0,30700.0,30600.0,833000.0,27.2,1829.2262516197693,22670.5115,12383.3806452
IOWA,19,DECATUR,053,19053,SOUTH CENTRAL,80,1990,1.0,27200.0,25900.0,813000.0,31.4,2111.680305178704,22126.2015,10481.3581278
IOWA,19,DECATUR,053,19053,SOUTH CENTRAL,80,1991,1.0,27500.0,27400.0,1020000.0,37.2,2501.7359029505674,27759.81,11088.3865908
IOWA,19,DECATUR,053,19053,SOUTH CENTRAL,80,1992,1.0,25000.0,24100.0,859000.0,35.6,2394.1343587376396,23378.1145,9752.9239722
IOWA,19,DECATUR,053,19053,SOUTH CENTRAL,80,1993,1.0,29000.0,26700.0,580000.0,21.7,1459.3459433878306,15784.99,10805.1066414
IOWA,19,DECATUR,053,19053,SOUTH CENTRAL,80,1994,1.0,26000.0,25900.0,1202000.0,46.4,3120.444782174901,32713.031,10481.3581278
IOWA,19,DECATUR,053,19053,SOUTH CENTRAL,80,1995,1.0,35000.0,34400.0,991000.0,28.8,1936.8277958326971,26970.5605,13921.1860848
IOWA,19,DECATUR,053,19053,SOUTH CENTRAL,80,1996,1.0,30000.0,29900.0,1106000.0,37.0,2488.285709923951,30100.343,12100.1006958
IOWA,19,DECATUR,053,19053,SOUTH CENTRAL,80,1997,1.0,32800.0,31600.0,1414000.0,44.7,3006.1181414486655,38482.717,12788.066287200001
IOWA,19,DECATUR,053,19053,SOUTH CENTRAL,80,1998,1.0,34700.0,34500.0,1369000.0,39.7,2669.8633157832664,37258.0195,13961.654649
IOWA,19,DECATUR,053,19053,SOUTH CENTRAL,80,1999,1.0,37000.0,36800.0,1269000.0,34.5,2320.158297091252,34536.4695,14892.4316256
IOWA,19,DECATUR,053,19053,SOUTH CENTRAL,80,2000,1.0,39000.0,38800.0,1559000.0,40.2,2703.4887983498065,42428.9645,15701.802909600001
IOWA,19,DECATUR,053,19053,SOUTH CENTRAL,80,2001,1.0,32000.0,31300.0,1168000.0,37.3,2508.460999463875,31787.704,12666.6605946
IOWA,19,DECATUR,053,19053,SOUTH CENTRAL,80,2002,1.0,36000.0,35900.0,1458000.0,40.6,2730.389184403038,39680.199,14528.2145478
IOWA,19,DECATUR,053,19053,SOUTH CENTRAL,80,2003,1.0,35000.0,34800.0,911000.0,26.2,1761.9752864866896,24793.3205,14083.060341600001
IOWA,19,DECATUR,053,19053,SOUTH CENTRAL,80,2004,1.0,34000.0,33700.0,1677000.0,49.8,3349.0980636273716,45640.3935,13637.9061354
IOWA,19,DECATUR,053,19053,SOUTH CENTRAL,80,2005,1.0,33500.0,33300.0,1731900.0,52.0,3497.0501869201476,47134.52445,13476.0318786
IOWA,19,DECATUR,053,19053,SOUTH CENTRAL,80,2006,1.0,35500.0,35300.0,1612000.0,45.7,3073.369106581745,43871.386,14285.4031626
IOWA,19,DECATUR,053,19053,SOUTH CENTRAL,80,2007,1.0,29500.0,29400.0,1425000.0,48.5,3261.6718089543683,38782.0875,11897.7578748
IOWA,19,DECATUR,053,19053,SOUTH CENTRAL,80,2008,1.0,39400.0,38300.0,1214000.0,31.5,2118.405401692012,33039.617,15499.4600886
IOWA,19,DECATUR,053,19053,SOUTH CENTRAL,80,2009,1.0,34000.0,33600.0,1504000.0,45.0,3026.293430988589,40932.112,13597.4375712
IOWA,19,DECATUR,053,19053,SOUTH CENTRAL,80,2010,1.0,39900.0,39300.0,1686000.0,42.9,2885.0664042091216,45885.333,15904.145730600001
IOWA,19,DECATUR,053,19053,SOUTH CENTRAL,80,2011,1.0,42300.0,42000.0,1834000.0,43.7,2938.8671763155858,49913.227,16996.796964
IOWA,19,DECATUR,053,19053,SOUTH CENTRAL,80,2012,1.0,45100.0,44900.0,1516000.0,33.8,2273.0826214980957,41258.698,18170.3853258
IOWA,19,DECATUR,053,19053,SOUTH CENTRAL,80,2013,1.0,38300.0,38100.0,1205000.0,31.6,2125.1304982053207,32794.6775,15418.5229602
IOWA,19,DECATUR,053,19053,SOUTH CENTRAL,80,2014,1.0,47300.0,46600.0,1871000.0,40.2,2703.4887983498065,50920.2005,18858.3509172
IOWA,19,DECATUR,053,19053,SOUTH CENTRAL,80,2015,1.0,33700.0,33500.0,1554000.0,46.4,3120.444782174901,42292.887,13556.969007
IOWA,19,DECATUR,053,19053,SOUTH CENTRAL,80,2016,1.0,41600.0,41500.0,2372000.0,57.2,3846.7552056121626,64555.166,16794.454143
IOWA,19,DECATUR,053,19053,SOUTH CENTRAL,80,2018,1.0,44500.0,43800.0,2101000.0,48.0,3228.0463263878282,57179.7655,17725.2311196
IOWA,19,DECATUR,053,19053,SOUTH CENTRAL,80,2020,1.0,45000.0,44600.0,2114000.0,47.4,3187.6957473079806,57533.567,18048.9796332
IOWA,19,DECATUR,053,19053,SOUTH CENTRAL,80,2021,1.0,40700.0,40500.0,2309000.0,57.0,3833.305012585546,62840.5895,16389.768501000002
IOWA,19,DECATUR,053,19053,SOUTH CENTRAL,80,2022,1.0,46600.0,46300.0,1757000.0,37.9,2548.8115785437226,47817.6335,18736.9452246
IOWA,19,DECATUR,053,19053,SOUTH CENTRAL,80,2024,1.0,45200.0,44900.0,2299000.0,51.2,3443.249414813684,62568.4345,18170.3853258
IOWA,19,DECATUR,053,19053,SOUTH CENTRAL,80,2025,1.0,38800.0,38500.0,2194000.0,57.0,3833.305012585546,59710.807,15580.397217
IOWA,19,DELAWARE,055,19055,NORTHEAST,30,1980,1.0,32900.0,32800.0,1360000.0,41.5,2790.91505302281,37013.08,13273.6890576
IOWA,19,DELAWARE,055,19055,NORTHEAST,30,1981,1.0,28000.0,28000.0,1131000.0,40.4,2716.938991376422,30780.7305,11331.197976
IOWA,19,DELAWARE,055,19055,NORTHEAST,30,1982,1.0,24800.0,24800.0,932000.0,37.6,2528.636289003799,25364.846,10036.203921600001
IOWA,19,DELAWARE,055,19055,NORTHEAST,30,1983,1.0,24000.0,24000.0,768000.0,32.0,2152.0308842585523,20901.504,9712.455408
IOWA,19,DELAWARE,055,19055,NORTHEAST,30,1984,1.0,24700.0,24700.0,741000.0,30.0,2017.5289539923929,20166.6855,9995.7353574
IOWA,19,DELAWARE,055,19055,NORTHEAST,30,1985,1.0,25100.0,25000.0,878000.0,35.1,2360.5088761710995,23895.209,10117.14105
IOWA,19,DELAWARE,055,19055,NORTHEAST,30,1986,1.0,27400.0,27300.0,1232000.0,45.1,3033.018527501897,33529.496,11047.9180266
IOWA,19,DELAWARE,055,19055,NORTHEAST,30,1987,1.0,25000.0,24900.0,1221000.0,49.0,3295.2972915209084,33230.1255,10076.6724858
IOWA,19,DELAWARE,055,19055,NORTHEAST,30,1988,1.0,28200.0,27600.0,718000.0,26.0,1748.5250934600738,19540.729,11169.3237192
IOWA,19,DELAWARE,055,19055,NORTHEAST,30,1989,1.0,29200.0,29200.0,1210000.0,41.4,2784.189956509502,32930.755,11816.8207464
IOWA,19,DELAWARE,055,19055,NORTHEAST,30,1990,1.0,27900.0,27500.0,1246000.0,45.3,3046.468720528513,33910.513,11128.855155000001
IOWA,19,DELAWARE,055,19055,NORTHEAST,30,1991,1.0,28300.0,28100.0,1317000.0,46.9,3154.0702647414405,35842.8135,11371.6665402
IOWA,19,DELAWARE,055,19055,NORTHEAST,30,1992,1.0,31000.0,30900.0,1396000.0,45.2,3039.743624015205,37992.838,12504.7863378
IOWA,19,DELAWARE,055,19055,NORTHEAST,30,1993,1.0,35000.0,34200.0,1292000.0,37.8,2542.0864820304146,35162.426,13840.2489564
IOWA,19,DELAWARE,055,19055,NORTHEAST,30,1994,1.0,39000.0,38900.0,2057000.0,52.9,3557.5760555399193,55982.2835,15742.271473800001
IOWA,19,DELAWARE,055,19055,NORTHEAST,30,1995,1.0,42000.0,41900.0,1998000.0,47.7,3207.8710368479046,54376.569,16956.3283998
IOWA,19,DELAWARE,055,19055,NORTHEAST,30,1996,1.0,49000.0,48900.0,2430000.0,49.7,3342.372967114064,66133.665,19789.1278938
IOWA,19,DELAWARE,055,19055,NORTHEAST,30,1997,1.0,64600.0,63500.0,3296000.0,51.9,3490.3250904068395,89702.288,25697.538267
IOWA,19,DELAWARE,055,19055,NORTHEAST,30,1998,1.0,71300.0,71100.0,3820000.0,53.7,3611.3768276463834,103963.21,28773.1491462
IOWA,19,DELAWARE,055,19055,NORTHEAST,30,1999,1.0,79000.0,78900.0,4207000.0,53.3,3584.476441593151,114495.6085,31929.6971538
IOWA,19,DELAWARE,055,19055,NORTHEAST,30,2000,1.0,85000.0,84900.0,4581000.0,54.0,3631.552117186307,124674.2055,34357.8110058
IOWA,19,DELAWARE,055,19055,NORTHEAST,30,2001,1.0,93000.0,92400.0,4479000.0,48.5,3261.6718089543683,121898.2245,37392.9533208
IOWA,19,DELAWARE,055,19055,NORTHEAST,30,2002,1.0,84000.0,83800.0,4495000.0,53.6,3604.6517311330754,122333.6725,33912.6567996
IOWA,19,DELAWARE,055,19055,NORTHEAST,30,2003,1.0,79000.0,78700.0,2339000.0,29.7,1997.3536644524688,63657.0545,31848.760025400003
IOWA,19,DELAWARE,055,19055,NORTHEAST,30,2004,1.0,71000.0,70400.0,3455000.0,49.1,3302.0223880342164,94029.5525,28489.869196800002
IOWA,19,DELAWARE,055,19055,NORTHEAST,30,2005,1.0,64500.0,64100.0,3552600.0,55.4,3725.7034683726188,96685.7853,25940.349652200002
IOWA,19,DELAWARE,055,19055,NORTHEAST,30,2006,1.0,68500.0,67900.0,3781300.0,55.7,3745.878757912543,102909.97015,27478.1550918
IOWA,19,DELAWARE,055,19055,NORTHEAST,30,2007,1.0,46200.0,46100.0,2499000.0,54.2,3645.002310212923,68011.5345,18656.0080962
IOWA,19,DELAWARE,055,19055,NORTHEAST,30,2008,1.0,60500.0,60200.0,2795000.0,46.5,3127.169878688209,76067.3225,24362.0756484
IOWA,19,DELAWARE,055,19055,NORTHEAST,30,2009,1.0,61500.0,61000.0,3033000.0,49.5,3328.922774087448,82544.6115,24685.824162
IOWA,19,DELAWARE,055,19055,NORTHEAST,30,2010,1.0,53000.0,52500.0,2958000.0,56.3,3786.2293369923905,80503.449,21245.996205
IOWA,19,DELAWARE,055,19055,NORTHEAST,30,2011,1.0,45900.0,45500.0,2617000.0,57.5,3866.930495152086,71222.9635,18413.196711
IOWA,19,DELAWARE,055,19055,NORTHEAST,30,2012,1.0,48000.0,47800.0,2127000.0,44.5,2992.6679484220494,57887.3685,19343.9736876
IOWA,19,DELAWARE,055,19055,NORTHEAST,30,2013,1.0,48000.0,47900.0,2652000.0,55.4,3725.7034683726188,72175.506,19384.4422518
IOWA,19,DELAWARE,055,19055,NORTHEAST,30,2014,1.0,59100.0,58800.0,2923000.0,49.7,3342.372967114064,79550.9065,23795.5157496
IOWA,19,DELAWARE,055,19055,NORTHEAST,30,2015,1.0,59200.0,59000.0,3349000.0,56.8,3819.85481955893,91144.7095,23876.452878
IOWA,19,DELAWARE,055,19055,NORTHEAST,30,2016,1.0,56000.0,55900.0,3565000.0,63.8,4290.611575490489,97023.2575,22621.927387800002
IOWA,19,DELAWARE,055,19055,NORTHEAST,30,2017,1.0,58500.0,58100.0,3663000.0,63.0,4236.810803384024,99690.3765,23512.2358002
IOWA,19,DELAWARE,055,19055,NORTHEAST,30,2018,1.0,63300.0,62800.0,4010000.0,63.9,4297.336672003797,109134.155,25414.2583176
IOWA,19,DELAWARE,055,19055,NORTHEAST,30,2020,1.0,55800.0,55300.0,3379000.0,61.1,4109.033969631173,91961.1745,22379.1160026
IOWA,19,DELAWARE,055,19055,NORTHEAST,30,2021,1.0,67500.0,67100.0,4455000.0,66.4,4465.464084836496,121245.0525,27154.4065782
IOWA,19,DELAWARE,055,19055,NORTHEAST,30,2022,1.0,72400.0,71900.0,4849000.0,67.4,4532.715049969576,131967.9595,29096.8976598
IOWA,19,DELAWARE,055,19055,NORTHEAST,30,2023,1.0,64700.0,64300.0,3363000.0,52.3,3517.225476460071,91525.7265,26021.2867806
IOWA,19,DELAWARE,055,19055,NORTHEAST,30,2024,1.0,67000.0,66600.0,4056000.0,60.9,4095.5837766045574,110386.068,26952.0637572
IOWA,19,DELAWARE,055,19055,NORTHEAST,30,2025,1.0,59600.0,59200.0,3913000.0,66.1,4445.288795296572,106494.2515,23957.3900064
IOWA,19,DES MOINES,057,19057,SOUTHEAST,90,1980,1.0,56800.0,56600.0,2230000.0,39.4,2649.6880262433424,60690.565,22905.2073372
IOWA,19,DES MOINES,057,19057,SOUTHEAST,90,1981,1.0,48700.0,48200.0,2021000.0,41.9,2817.815439076042,55002.5255,19505.8479444
IOWA,19,DES MOINES,057,19057,SOUTHEAST,90,1982,1.0,55000.0,54700.0,2188000.0,40.0,2690.0386053231905,59547.514,22136.3046174
IOWA,19,DES MOINES,057,19057,SOUTHEAST,90,1983,1.0,48600.0,48600.0,1743000.0,35.9,2414.309648277563,47436.6165,19667.722201200002
IOWA,19,DES MOINES,057,19057,SOUTHEAST,90,1984,1.0,47300.0,46800.0,1676000.0,35.8,2407.584551764255,45613.178,18939.288045600002
IOWA,19,DES MOINES,057,19057,SOUTHEAST,90,1985,1.0,46200.0,46000.0,1918000.0,41.7,2804.3652460494263,52199.329,18615.539532
IOWA,19,DES MOINES,057,19057,SOUTHEAST,90,1986,1.0,47900.0,47800.0,2066000.0,43.2,2905.2416937490457,56227.223,19343.9736876
IOWA,19,DES MOINES,057,19057,SOUTHEAST,90,1987,1.0,48500.0,47700.0,1870000.0,39.2,2636.237833216727,50892.985,19303.505123400002
IOWA,19,DES MOINES,057,19057,SOUTHEAST,90,1988,1.0,51000.0,50500.0,1726000.0,34.2,2299.983007551328,46973.953,20436.624921000002
IOWA,19,DES MOINES,057,19057,SOUTHEAST,90,1989,1.0,58000.0,58000.0,2204000.0,38.0,2555.536675057031,59982.962,23471.767236
IOWA,19,DES MOINES,057,19057,SOUTHEAST,90,1990,1.0,54200.0,53400.0,2406000.0,45.1,3033.018527501897,65480.493,21610.2132828
IOWA,19,DES MOINES,057,19057,SOUTHEAST,90,1991,1.0,58400.0,57900.0,2424000.0,41.9,2817.815439076042,65970.372,23431.2986718
IOWA,19,DES MOINES,057,19057,SOUTHEAST,90,1992,1.0,60000.0,59900.0,2707000.0,45.2,3039.743624015205,73672.3585,24240.6699558
IOWA,19,DES MOINES,057,19057,SOUTHEAST,90,1993,1.0,61000.0,59700.0,2328000.0,39.0,2622.787640190111,63357.684,24159.7328274
IOWA,19,DES MOINES,057,19057,SOUTHEAST,90,1994,1.0,62000.0,61800.0,3131000.0,50.7,3409.623932247144,85211.7305,25009.5726756
IOWA,19,DES MOINES,057,19057,SOUTHEAST,90,1995,1.0,72000.0,71700.0,2663000.0,37.1,2495.0108064372594,72474.8765,29015.9605314
IOWA,19,DES MOINES,057,19057,SOUTHEAST,90,1996,1.0,62000.0,61900.0,2680000.0,43.3,2911.9667902623532,72937.54,25050.0412398
IOWA,19,DES MOINES,057,19057,SOUTHEAST,90,1997,1.0,68800.0,68200.0,3385000.0,49.6,3335.647870600756,92124.4675,27599.5607844
IOWA,19,DES MOINES,057,19057,SOUTHEAST,90,1998,1.0,64400.0,63500.0,3033000.0,47.8,3214.596133361212,82544.6115,25697.538267
IOWA,19,DES MOINES,057,19057,SOUTHEAST,90,1999,1.0,69000.0,68800.0,2898000.0,42.1,2831.265632102658,78870.519,27842.3721696
IOWA,19,DES MOINES,057,19057,SOUTHEAST,90,2000,1.0,67000.0,66900.0,2740000.0,41.0,2757.28957045627,74570.47,27073.469449800003
IOWA,19,DES MOINES,057,19057,SOUTHEAST,90,2001,1.0,73000.0,72400.0,3187000.0,44.0,2959.0424658555094,86735.7985,29299.2404808
IOWA,19,DES MOINES,057,19057,SOUTHEAST,90,2002,1.0,65000.0,64300.0,3038000.0,47.2,3174.245554281365,82680.689,26021.2867806
IOWA,19,DES MOINES,057,19057,SOUTHEAST,90,2003,1.0,69000.0,68700.0,2490000.0,36.2,2434.4849378174877,67766.595,27801.903605400003
IOWA,19,DES MOINES,057,19057,SOUTHEAST,90,2004,1.0,66000.0,65500.0,3639000.0,55.6,3739.153661399235,99037.2045,26506.909551
IOWA,19,DES MOINES,057,19057,SOUTHEAST,90,2005,1.0,66500.0,66100.0,3397900.0,51.4,3456.6996078402994,92475.54745,26749.7209362
IOWA,19,DES MOINES,057,19057,SOUTHEAST,90,2006,1.0,66500.0,66200.0,3175000.0,48.0,3228.0463263878282,86409.2125,26790.1895004
IOWA,19,DES MOINES,057,19057,SOUTHEAST,90,2007,1.0,56500.0,56400.0,2902000.0,51.5,3463.4247043536075,78979.381,22824.2702088
IOWA,19,DES MOINES,057,19057,SOUTHEAST,90,2008,1.0,62500.0,59900.0,2812000.0,47.0,3160.7953612547485,76529.986,24240.6699558
IOWA,19,DES MOINES,057,19057,SOUTHEAST,90,2009,1.0,64000.0,63400.0,3203000.0,50.5,3396.1737392205278,87171.2465,25657.0697028
IOWA,19,DES MOINES,057,19057,SOUTHEAST,90,2010,1.0,64700.0,64400.0,3290000.0,51.1,3436.524318300376,89538.995,26061.7553448
IOWA,19,DES MOINES,057,19057,SOUTHEAST,90,2011,1.0,64700.0,64100.0,3365000.0,52.5,3530.675669486687,91580.1575,25940.349652200002
IOWA,19,DES MOINES,057,19057,SOUTHEAST,90,2012,1.0,65300.0,65100.0,3128000.0,48.0,3228.0463263878282,85130.084,26345.0352942
IOWA,19,DES MOINES,057,19057,SOUTHEAST,90,2013,1.0,65300.0,65000.0,3027000.0,46.6,3133.894975201517,82381.3185,26304.566730000002
IOWA,19,DES MOINES,057,19057,SOUTHEAST,90,2014,1.0,63500.0,63100.0,3419000.0,54.2,3645.002310212923,93049.7945,25535.664010200002
IOWA,19,DES MOINES,057,19057,SOUTHEAST,90,2015,1.0,64500.0,64200.0,3502000.0,54.5,3665.177599752847,95308.681,25980.8182164
IOWA,19,DES MOINES,057,19057,SOUTHEAST,90,2016,1.0,63900.0,63600.0,3842000.0,60.4,4061.9582940380174,104561.951,25738.0068312
IOWA,19,DES MOINES,057,19057,SOUTHEAST,90,2017,1.0,63200.0,62800.0,3746000.0,59.6,4008.1575219315537,101949.263,25414.2583176
IOWA,19,DES MOINES,057,19057,SOUTHEAST,90,2018,1.0,68700.0,68200.0,4350000.0,63.8,4290.611575490489,118387.425,27599.5607844
IOWA,19,DES MOINES,057,19057,SOUTHEAST,90,2019,1.0,62300.0,61700.0,3398000.0,55.1,3705.5281788326947,92478.269,24969.1041114
IOWA,19,DES MOINES,057,19057,SOUTHEAST,90,2020,1.0,67200.0,66700.0,4049000.0,60.7,4082.1335835779414,110195.5595,26992.532321400002
IOWA,19,DES MOINES,057,19057,SOUTHEAST,90,2022,1.0,70100.0,69600.0,4659000.0,66.9,4499.089567403036,126797.0145,28166.120683200003
IOWA,19,DES MOINES,057,19057,SOUTHEAST,90,2023,1.0,64700.0,64300.0,4218000.0,65.6,4411.663312730032,114794.979,26021.2867806
IOWA,19,DES MOINES,057,19057,SOUTHEAST,90,2025,1.0,63900.0,63400.0,4254000.0,67.1,4512.539760429651,115774.737,25657.0697028
IOWA,19,DICKINSON,059,19059,NORTHWEST,10,1980,1.0,83600.0,83500.0,3340000.0,40.0,2690.0386053231905,90899.77,33791.251107000004
IOWA,19,DICKINSON,059,19059,NORTHWEST,10,1981,1.0,77800.0,77600.0,2880000.0,37.1,2495.0108064372594,78380.64,31403.605819200002
IOWA,19,DICKINSON,059,19059,NORTHWEST,10,1982,1.0,81100.0,79900.0,2756000.0,34.5,2320.158297091252,75005.918,32334.3827958
IOWA,19,DICKINSON,059,19059,NORTHWEST,10,1983,1.0,73400.0,73300.0,2501000.0,34.1,2293.2579110380198,68065.9655,29663.4575586
IOWA,19,DICKINSON,059,19059,NORTHWEST,10,1984,1.0,73900.0,73300.0,2324000.0,31.7,2131.8555947186283,63248.822,29663.4575586
IOWA,19,DICKINSON,059,19059,NORTHWEST,10,1985,1.0,72100.0,71800.0,2405000.0,33.5,2252.907331958172,65453.2775,29056.4290956
IOWA,19,DICKINSON,059,19059,NORTHWEST,10,1986,1.0,73600.0,73400.0,2885000.0,39.3,2642.9629297300344,78516.7175,29703.9261228
IOWA,19,DICKINSON,059,19059,NORTHWEST,10,1987,1.0,73600.0,73000.0,3014000.0,41.3,2777.464859996194,82027.517,29542.051866
IOWA,19,DICKINSON,059,19059,NORTHWEST,10,1988,1.0,74300.0,74000.0,2485000.0,33.6,2259.63242847148,67630.5175,29946.737508000002
IOWA,19,DICKINSON,059,19059,NORTHWEST,10,1989,1.0,73500.0,73400.0,2988000.0,40.7,2737.1142809163466,81319.914,29703.9261228
IOWA,19,DICKINSON,059,19059,NORTHWEST,10,1990,1.0,71600.0,71000.0,2948000.0,41.5,2790.91505302281,80231.294,28732.680582
IOWA,19,DICKINSON,059,19059,NORTHWEST,10,1991,1.0,81000.0,80500.0,3181000.0,39.5,2656.4131227566504,86572.5055,32577.194181000003
IOWA,19,DICKINSON,059,19059,NORTHWEST,10,1992,1.0,74000.0,73800.0,3014000.0,40.8,2743.839377429654,82027.517,29865.8003796
IOWA,19,DICKINSON,059,19059,NORTHWEST,10,1993,1.0,78000.0,71700.0,1185000.0,16.5,1109.640924695816,32250.3675,29015.9605314
IOWA,19,DICKINSON,059,19059,NORTHWEST,10,1994,1.0,80000.0,79800.0,3789000.0,47.5,3194.4208438212886,103119.5295,32293.9142316
IOWA,19,DICKINSON,059,19059,NORTHWEST,10,1995,1.0,77000.0,76800.0,3389000.0,44.1,2965.7675623688174,92233.3295,31079.857305600002
IOWA,19,DICKINSON,059,19059,NORTHWEST,10,1996,1.0,86000.0,85800.0,3931000.0,45.8,3080.0942030950528,106984.1305,34722.0280836
IOWA,19,DICKINSON,059,19059,NORTHWEST,10,1997,1.0,84500.0,83800.0,3434000.0,41.0,2757.28957045627,93458.027,33912.6567996
IOWA,19,DICKINSON,059,19059,NORTHWEST,10,1998,1.0,90100.0,89400.0,4494000.0,50.3,3382.7235461939117,122306.457,36178.8963948
IOWA,19,DICKINSON,059,19059,NORTHWEST,10,1999,1.0,88000.0,87900.0,3833000.0,43.6,2932.1420798022777,104317.0115,35571.8679318
IOWA,19,DICKINSON,059,19059,NORTHWEST,10,2000,1.0,86000.0,85900.0,3910000.0,45.5,3059.918913555129,106412.605,34762.4966478
IOWA,19,DICKINSON,059,19059,NORTHWEST,10,2001,1.0,95000.0,93100.0,3743000.0,40.2,2703.4887983498065,101867.6165,37676.2332702
IOWA,19,DICKINSON,059,19059,NORTHWEST,10,2002,1.0,82000.0,81700.0,3750000.0,45.9,3086.819299608361,102058.125,33062.816951400004
IOWA,19,DICKINSON,059,19059,NORTHWEST,10,2003,1.0,87000.0,86700.0,3028000.0,34.9,2347.0586831444834,82408.534,35086.2451614
IOWA,19,DICKINSON,059,19059,NORTHWEST,10,2004,1.0,83000.0,82700.0,3671000.0,44.4,2985.9428519087414,99908.1005,33467.5025934
IOWA,19,DICKINSON,059,19059,NORTHWEST,10,2005,1.0,82500.0,82100.0,4043300.0,49.2,3308.7474845475244,110040.43114999999,33224.6912082
IOWA,19,DICKINSON,059,19059,NORTHWEST,10,2006,1.0,82500.0,82200.0,3956000.0,48.1,3234.7714229011367,107664.518,33265.1597724
IOWA,19,DICKINSON,059,19059,NORTHWEST,10,2007,1.0,75000.0,74800.0,3812000.0,51.0,3429.799221787068,103745.486,30270.4860216
IOWA,19,DICKINSON,059,19059,NORTHWEST,10,2008,1.0,82500.0,82300.0,3612000.0,44.0,2959.0424658555094,98302.386,33305.6283366
IOWA,19,DICKINSON,059,19059,NORTHWEST,10,2009,1.0,83000.0,82500.0,4076000.0,49.5,3328.922774087448,110930.378,33386.565465
IOWA,19,DICKINSON,059,19059,NORTHWEST,10,2010,1.0,87000.0,86500.0,4338000.0,50.2,3375.998449680604,118060.839,35005.308033
IOWA,19,DICKINSON,059,19059,NORTHWEST,10,2011,1.0,79200.0,78600.0,3777000.0,48.1,3234.7714229011367,102792.9435,31808.291461200002
IOWA,19,DICKINSON,059,19059,NORTHWEST,10,2012,1.0,80300.0,80100.0,3864000.0,48.2,3241.4965194144447,105160.692,32415.3199242
IOWA,19,DICKINSON,059,19059,NORTHWEST,10,2013,1.0,73700.0,73400.0,3282000.0,44.7,3006.1181414486655,89321.271,29703.9261228
IOWA,19,DICKINSON,059,19059,NORTHWEST,10,2014,1.0,80100.0,79600.0,3499000.0,44.0,2959.0424658555094,95227.0345,32212.977103200003
IOWA,19,DICKINSON,059,19059,NORTHWEST,10,2015,1.0,79300.0,79000.0,4459000.0,56.4,3792.9544335056985,121353.9145,31970.165718
IOWA,19,DICKINSON,059,19059,NORTHWEST,10,2016,1.0,79800.0,79500.0,4458000.0,56.1,3772.7791439657744,121326.699,32172.508539000002
IOWA,19,DICKINSON,059,19059,NORTHWEST,10,2017,1.0,80400.0,80000.0,4616000.0,57.7,3880.3806881787023,125626.748,32374.85136
IOWA,19,DICKINSON,059,19059,NORTHWEST,10,2018,1.0,86200.0,85000.0,4231000.0,49.8,3349.0980636273716,115148.7805,34398.27957
IOWA,19,DICKINSON,059,19059,NORTHWEST,10,2019,1.0,75600.0,75100.0,3849000.0,51.3,3449.9745113269914,104752.4595,30391.8917142
IOWA,19,DICKINSON,059,19059,NORTHWEST,10,2020,1.0,78400.0,77700.0,4312000.0,55.5,3732.428564885927,117353.236,31444.074383400002
IOWA,19,DICKINSON,059,19059,NORTHWEST,10,2021,1.0,82900.0,82400.0,4612000.0,56.0,3766.0540474524664,125517.886,33346.0969008
IOWA,19,DICKINSON,059,19059,NORTHWEST,10,2022,1.0,80000.0,79500.0,4675000.0,58.8,3954.3567498250895,127232.4625,32172.508539000002
IOWA,19,DICKINSON,059,19059,NORTHWEST,10,2023,1.0,79500.0,79000.0,4487000.0,56.8,3819.85481955893,122115.9485,31970.165718
IOWA,19,DICKINSON,059,19059,NORTHWEST,10,2024,1.0,82600.0,81900.0,3776000.0,46.1,3100.269492634977,102765.728,33143.754079800005
IOWA,19,DICKINSON,059,19059,NORTHWEST,10,2025,1.0,77600.0,77500.0,4712000.0,60.8,4088.858680091249,128239.436,31363.137255
IOWA,19,DUBUQUE,061,19061,NORTHEAST,30,1980,1.0,2400.0,2400.0,110000.0,45.8,3080.0942030950528,2993.705,971.2455408000001
IOWA,19,DUBUQUE,061,19061,NORTHEAST,30,1981,1.0,2800.0,2800.0,122000.0,43.6,2932.1420798022777,3320.291,1133.1197976
IOWA,19,DUBUQUE,061,19061,NORTHEAST,30,1982,1.0,2800.0,2800.0,105000.0,37.5,2521.911192490491,2857.6275,1133.1197976
IOWA,19,DUBUQUE,061,19061,NORTHEAST,30,1983,1.0,2700.0,2700.0,91000.0,33.7,2266.357524984788,2476.6105,1092.6512334000001
IOWA,19,DUBUQUE,061,19061,NORTHEAST,30,1984,1.0,3100.0,3100.0,124000.0,40.0,2690.0386053231905,3374.722,1254.5254902000001
IOWA,19,DUBUQUE,061,19061,NORTHEAST,30,1985,1.0,2900.0,2900.0,106000.0,36.6,2461.3853238707193,2884.843,1173.5883618
IOWA,19,DUBUQUE,061,19061,NORTHEAST,30,1986,1.0,3000.0,3000.0,134000.0,44.7,3006.1181414486655,3646.877,1214.056926
IOWA,19,DUBUQUE,061,19061,NORTHEAST,30,1987,1.0,4000.0,4000.0,196000.0,49.0,3295.2972915209084,5334.238,1618.7425680000001
IOWA,19,DUBUQUE,061,19061,NORTHEAST,30,1988,1.0,5300.0,5200.0,140000.0,26.9,1809.0509620798455,3810.17,2104.3653384
IOWA,19,DUBUQUE,061,19061,NORTHEAST,30,1989,1.0,5400.0,5400.0,216000.0,40.0,2690.0386053231905,5878.548,2185.3024668000003
IOWA,19,DUBUQUE,061,19061,NORTHEAST,30,1990,1.0,4600.0,4500.0,212000.0,47.1,3167.520457768057,5769.686,1821.085389
IOWA,19,DUBUQUE,061,19061,NORTHEAST,30,1991,1.0,4800.0,4800.0,217000.0,45.2,3039.743624015205,5905.7635,1942.4910816000001
IOWA,19,DUBUQUE,061,19061,NORTHEAST,30,1992,1.0,6000.0,6000.0,243000.0,40.5,2723.66408788973,6613.3665,2428.113852
IOWA,19,DUBUQUE,061,19061,NORTHEAST,30,1993,1.0,7000.0,6900.0,250000.0,36.2,2434.4849378174877,6803.875,2792.3309298
IOWA,19,DUBUQUE,061,19061,NORTHEAST,30,1994,1.0,8000.0,8000.0,395000.0,49.4,3322.19767757414,10750.1225,3237.4851360000002
IOWA,19,DUBUQUE,061,19061,NORTHEAST,30,1995,1.0,9000.0,9000.0,413000.0,45.9,3086.819299608361,11240.0015,3642.170778
IOWA,19,DUBUQUE,061,19061,NORTHEAST,30,1996,1.0,14000.0,14000.0,718000.0,51.3,3449.9745113269914,19540.729,5665.598988
IOWA,19,DUBUQUE,061,19061,NORTHEAST,30,1997,1.0,21300.0,20600.0,1038000.0,50.4,3389.4486427072197,28249.689,8336.5242252
IOWA,19,DUBUQUE,061,19061,NORTHEAST,30,1998,1.0,24800.0,24700.0,1324000.0,53.6,3604.6517311330754,36033.322,9995.7353574
IOWA,19,DUBUQUE,061,19061,NORTHEAST,30,1999,1.0,34000.0,33900.0,1899000.0,56.0,3766.0540474524664,51682.2345,13718.843263800001
IOWA,19,DUBUQUE,061,19061,NORTHEAST,30,2000,1.0,37000.0,36900.0,1968000.0,53.3,3584.476441593151,53560.104,14932.9001898
IOWA,19,DUBUQUE,061,19061,NORTHEAST,30,2001,1.0,44000.0,43600.0,2101000.0,48.2,3241.4965194144447,57179.7655,17644.2939912
IOWA,19,DUBUQUE,061,19061,NORTHEAST,30,2002,1.0,37000.0,36900.0,1910000.0,51.8,3483.5999938935315,51981.605,14932.9001898
IOWA,19,DUBUQUE,061,19061,NORTHEAST,30,2003,1.0,37000.0,36900.0,1256000.0,34.0,2286.5328145247117,34182.668,14932.9001898
IOWA,19,DUBUQUE,061,19061,NORTHEAST,30,2004,1.0,35000.0,34600.0,1727000.0,49.9,3355.82316014068,47001.1685,14002.1232132
IOWA,19,DUBUQUE,061,19061,NORTHEAST,30,2005,1.0,34500.0,34300.0,2046400.0,59.7,4014.8826184448617,55693.799199999994,13880.717520600001
IOWA,19,DUBUQUE,061,19061,NORTHEAST,30,2006,1.0,34000.0,33800.0,1881000.0,55.7,3745.878757912543,51192.3555,13678.3746996
IOWA,19,DUBUQUE,061,19061,NORTHEAST,30,2007,1.0,26700.0,26600.0,1442000.0,54.2,3645.002310212923,39244.751,10764.638077200001
IOWA,19,DUBUQUE,061,19061,NORTHEAST,30,2008,1.0,33500.0,33200.0,1474000.0,44.5,2992.6679484220494,40115.647,13435.5633144
IOWA,19,DUBUQUE,061,19061,NORTHEAST,30,2009,1.0,34000.0,33200.0,1701000.0,51.0,3429.799221787068,46293.5655,13435.5633144
IOWA,19,DUBUQUE,061,19061,NORTHEAST,30,2010,1.0,33400.0,32700.0,1774000.0,54.3,3651.7274067262306,48280.297,13233.2204934
IOWA,19,DUBUQUE,061,19061,NORTHEAST,30,2011,1.0,31400.0,31100.0,1838000.0,59.1,3974.532039365014,50022.089,12585.723466200001
IOWA,19,DUBUQUE,061,19061,NORTHEAST,30,2012,1.0,34000.0,33900.0,1837000.0,54.2,3645.002310212923,49994.8735,13718.843263800001
IOWA,19,DUBUQUE,061,19061,NORTHEAST,30,2013,1.0,34200.0,34100.0,1950000.0,57.2,3846.7552056121626,53070.225,13799.7803922
IOWA,19,DUBUQUE,061,19061,NORTHEAST,30,2014,1.0,38300.0,38100.0,2100000.0,55.1,3705.5281788326947,57152.55,15418.5229602
IOWA,19,DUBUQUE,061,19061,NORTHEAST,30,2015,1.0,38000.0,37800.0,2235000.0,59.1,3974.532039365014,60826.6425,15297.1172676
IOWA,19,DUBUQUE,061,19061,NORTHEAST,30,2016,1.0,39200.0,39100.0,2261000.0,57.8,3887.10578469201,61534.2455,15823.2086022
IOWA,19,DUBUQUE,061,19061,NORTHEAST,30,2017,1.0,40600.0,40400.0,2408000.0,59.6,4008.1575219315537,65534.924,16349.2999368
IOWA,19,DUBUQUE,061,19061,NORTHEAST,30,2018,1.0,41200.0,40900.0,2534000.0,62.0,4169.559838250945,68964.077,16551.6427578
IOWA,19,DUBUQUE,061,19061,NORTHEAST,30,2019,1.0,36500.0,36100.0,2173000.0,60.2,4048.508101011402,59139.2815,14609.151676200001
IOWA,19,DUBUQUE,061,19061,NORTHEAST,30,2021,1.0,42400.0,42100.0,2967000.0,70.5,4741.193041882123,80748.3885,17037.2655282
IOWA,19,DUBUQUE,061,19061,NORTHEAST,30,2022,1.0,43800.0,43500.0,2984000.0,68.6,4613.416208129271,81211.052,17603.825427
IOWA,19,DUBUQUE,061,19061,NORTHEAST,30,2023,1.0,42200.0,41900.0,2387000.0,57.0,3833.305012585546,64963.3985,16956.3283998
IOWA,19,EMMET,063,19063,NORTHWEST,10,1980,1.0,97300.0,97300.0,4000000.0,41.1,2764.0146669695782,108862.0,39375.9129666
IOWA,19,EMMET,063,19063,NORTHWEST,10,1981,1.0,91700.0,91400.0,3549000.0,38.8,2609.3374471634943,96587.8095,36988.2676788
IOWA,19,EMMET,063,19063,NORTHWEST,10,1982,1.0,96000.0,95700.0,3527000.0,36.9,2481.560613410643,95989.0685,38728.4159394
IOWA,19,EMMET,063,19063,NORTHWEST,10,1983,1.0,92000.0,91900.0,3439000.0,37.4,2515.186095977183,93594.1045,37190.6104998
IOWA,19,EMMET,063,19063,NORTHWEST,10,1984,1.0,94700.0,93100.0,2793000.0,30.0,2017.5289539923929,76012.8915,37676.2332702
IOWA,19,EMMET,063,19063,NORTHWEST,10,1985,1.0,92700.0,92400.0,3337000.0,36.1,2427.759841304179,90818.1235,37392.9533208
IOWA,19,EMMET,063,19063,NORTHWEST,10,1986,1.0,93800.0,93400.0,4000000.0,42.8,2878.3413076958136,108862.0,37797.6389628
IOWA,19,EMMET,063,19063,NORTHWEST,10,1987,1.0,89100.0,88700.0,3993000.0,45.0,3026.293430988589,108671.4915,35895.6164454
IOWA,19,EMMET,063,19063,NORTHWEST,10,1988,1.0,90700.0,90300.0,3161000.0,35.0,2353.7837796577915,86028.1955,36543.1134726
IOWA,19,EMMET,063,19063,NORTHWEST,10,1989,1.0,90500.0,90300.0,3766000.0,41.7,2804.3652460494263,102493.573,36543.1134726
IOWA,19,EMMET,063,19063,NORTHWEST,10,1990,1.0,89700.0,89200.0,3981000.0,44.6,2999.3930449353575,108344.9055,36097.9592664
IOWA,19,EMMET,063,19063,NORTHWEST,10,1991,1.0,98000.0,97400.0,3433000.0,35.2,2367.233972684408,93430.8115,39416.3815308
IOWA,19,EMMET,063,19063,NORTHWEST,10,1992,1.0,89000.0,88800.0,3838000.0,43.2,2905.2416937490457,104453.089,35936.0850096
IOWA,19,EMMET,063,19063,NORTHWEST,10,1993,1.0,91000.0,81700.0,1191000.0,14.6,981.8640909429645,32413.6605,33062.816951400004
IOWA,19,EMMET,063,19063,NORTHWEST,10,1994,1.0,96000.0,95800.0,4539000.0,47.4,3187.6957473079806,123531.1545,38768.8845036
IOWA,19,EMMET,063,19063,NORTHWEST,10,1995,1.0,97000.0,96700.0,4266000.0,44.1,2965.7675623688174,116101.323,39133.1015814
IOWA,19,EMMET,063,19063,NORTHWEST,10,1996,1.0,94000.0,93800.0,3956000.0,42.2,2837.990728615966,107664.518,37959.5132196
IOWA,19,EMMET,063,19063,NORTHWEST,10,1997,1.0,102800.0,102000.0,4431000.0,43.4,2918.6918867756613,120591.8805,41277.935484
IOWA,19,EMMET,063,19063,NORTHWEST,10,1998,1.0,102000.0,101700.0,4895000.0,48.1,3234.7714229011367,133219.8725,41156.529791400004
IOWA,19,EMMET,063,19063,NORTHWEST,10,1999,1.0,105000.0,104900.0,4222000.0,40.2,2703.4887983498065,114903.841,42451.5238458
IOWA,19,EMMET,063,19063,NORTHWEST,10,2000,1.0,103000.0,102700.0,4417000.0,43.0,2891.7915007224296,120210.8635,41561.2154334
IOWA,19,EMMET,063,19063,NORTHWEST,10,2001,1.0,114000.0,111900.0,4434000.0,39.6,2663.1382192699584,120673.527,45284.3233398
IOWA,19,EMMET,063,19063,NORTHWEST,10,2002,1.0,98000.0,97800.0,4447000.0,45.5,3059.918913555129,121027.3285,39578.2557876
IOWA,19,EMMET,063,19063,NORTHWEST,10,2003,1.0,100000.0,99600.0,3510000.0,35.2,2367.233972684408,95526.405,40306.6899432
IOWA,19,EMMET,063,19063,NORTHWEST,10,2004,1.0,96000.0,95200.0,4184000.0,43.9,2952.3173693422013,113869.652,38526.0731184
IOWA,19,EMMET,063,19063,NORTHWEST,10,2005,1.0,101500.0,101100.0,5068300.0,50.1,3369.273353167296,137936.31865,40913.7184062
IOWA,19,EMMET,063,19063,NORTHWEST,10,2006,1.0,94500.0,94300.0,4680500.0,49.6,3335.647870600756,127382.14775,38161.8560406
IOWA,19,EMMET,063,19063,NORTHWEST,10,2007,1.0,85000.0,84900.0,4470000.0,52.7,3544.1258625133037,121653.285,34357.8110058
IOWA,19,EMMET,063,19063,NORTHWEST,10,2008,1.0,96000.0,95800.0,4301000.0,45.0,3026.293430988589,117053.8655,38768.8845036
IOWA,19,EMMET,063,19063,NORTHWEST,10,2009,1.0,95000.0,94300.0,4753000.0,50.5,3396.1737392205278,129355.2715,38161.8560406
IOWA,19,EMMET,063,19063,NORTHWEST,10,2010,1.0,91500.0,91000.0,4645000.0,51.0,3429.799221787068,126415.9975,36826.393422
IOWA,19,EMMET,063,19063,NORTHWEST,10,2011,1.0,86700.0,86100.0,4278000.0,49.7,3342.372967114064,116427.909,34843.4337762
IOWA,19,EMMET,063,19063,NORTHWEST,10,2012,1.0,89000.0,88700.0,4126000.0,46.5,3127.169878688209,112291.153,35895.6164454
IOWA,19,EMMET,063,19063,NORTHWEST,10,2013,1.0,82800.0,82300.0,3370000.0,40.9,2750.564473942962,91716.235,33305.6283366
IOWA,19,EMMET,063,19063,NORTHWEST,10,2014,1.0,88900.0,88400.0,3743000.0,42.3,2844.7158251292735,101867.6165,35774.2107528
IOWA,19,EMMET,063,19063,NORTHWEST,10,2015,1.0,89200.0,88800.0,5157000.0,58.1,3907.2810742319343,140350.3335,35936.0850096
IOWA,19,EMMET,063,19063,NORTHWEST,10,2016,1.0,86200.0,85800.0,5019000.0,58.5,3934.181460285166,136594.5945,34722.0280836
IOWA,19,EMMET,063,19063,NORTHWEST,10,2017,1.0,90600.0,90000.0,5305000.0,58.9,3961.0818463383976,144378.2275,36421.707780000004
IOWA,19,EMMET,063,19063,NORTHWEST,10,2018,1.0,90300.0,88000.0,4106000.0,46.7,3140.620071714825,111746.843,35612.336496
IOWA,19,EMMET,063,19063,NORTHWEST,10,2020,1.0,85100.0,84400.0,4726000.0,56.0,3766.0540474524664,128620.453,34155.468184800004
IOWA,19,EMMET,063,19063,NORTHWEST,10,2021,1.0,91200.0,90700.0,5406000.0,59.6,4008.1575219315537,147126.993,36704.9877294
IOWA,19,EMMET,063,19063,NORTHWEST,10,2022,1.0,90400.0,89800.0,5636000.0,62.8,4223.360610357408,153386.558,36340.7706516
IOWA,19,EMMET,063,19063,NORTHWEST,10,2025,1.0,84400.0,83800.0,5212000.0,62.2,4183.010031277561,141847.186,33912.6567996
IOWA,19,FAYETTE,065,19065,NORTHEAST,30,1980,1.0,88000.0,87900.0,3580000.0,40.7,2737.1142809163466,97431.49,35571.8679318
IOWA,19,FAYETTE,065,19065,NORTHEAST,30,1981,1.0,80900.0,79700.0,2946000.0,37.0,2488.285709923951,80176.863,32253.4456674
IOWA,19,FAYETTE,065,19065,NORTHEAST,30,1982,1.0,76700.0,75900.0,2613000.0,34.4,2313.433200577944,71114.1015,30715.640227800002
IOWA,19,FAYETTE,065,19065,NORTHEAST,30,1983,1.0,72200.0,71900.0,2628000.0,36.6,2461.3853238707193,71522.334,29096.8976598
IOWA,19,FAYETTE,065,19065,NORTHEAST,30,1984,1.0,77300.0,77300.0,2551000.0,33.0,2219.281849391632,69426.7405,31282.2001266
IOWA,19,FAYETTE,065,19065,NORTHEAST,30,1985,1.0,74400.0,73800.0,2829000.0,38.3,2575.7119645969547,76992.6495,29865.8003796
IOWA,19,FAYETTE,065,19065,NORTHEAST,30,1986,1.0,77100.0,76800.0,3259000.0,42.4,2851.4409216425815,88695.3145,31079.857305600002
IOWA,19,FAYETTE,065,19065,NORTHEAST,30,1987,1.0,71200.0,70900.0,3339000.0,47.1,3167.520457768057,90872.5545,28692.2120178
IOWA,19,FAYETTE,065,19065,NORTHEAST,30,1988,1.0,71100.0,70400.0,2118000.0,30.1,2024.254050505701,57642.429,28489.869196800002
IOWA,19,FAYETTE,065,19065,NORTHEAST,30,1989,1.0,68300.0,68200.0,2852000.0,41.8,2811.090342562734,77618.606,27599.5607844
IOWA,19,FAYETTE,065,19065,NORTHEAST,30,1990,1.0,67800.0,67500.0,3018000.0,44.7,3006.1181414486655,82136.379,27316.280835
IOWA,19,FAYETTE,065,19065,NORTHEAST,30,1991,1.0,75400.0,75100.0,3418000.0,45.5,3059.918913555129,93022.579,30391.8917142
IOWA,19,FAYETTE,065,19065,NORTHEAST,30,1992,1.0,74000.0,73800.0,3180000.0,43.1,2898.5165972357377,86545.29,29865.8003796
IOWA,19,FAYETTE,065,19065,NORTHEAST,30,1993,1.0,81000.0,79000.0,2634000.0,33.3,2239.4571389315556,71685.627,31970.165718
IOWA,19,FAYETTE,065,19065,NORTHEAST,30,1994,1.0,85000.0,84800.0,4199000.0,49.5,3328.922774087448,114277.8845,34317.3424416
IOWA,19,FAYETTE,065,19065,NORTHEAST,30,1995,1.0,89000.0,88700.0,4568000.0,51.5,3463.4247043536075,124320.404,35895.6164454
IOWA,19,FAYETTE,065,19065,NORTHEAST,30,1996,1.0,103000.0,102800.0,4694000.0,45.7,3073.369106581745,127749.557,41601.683997600005
IOWA,19,FAYETTE,065,19065,NORTHEAST,30,1997,1.0,116000.0,113900.0,5411000.0,47.5,3194.4208438212886,147263.0705,46093.6946238
IOWA,19,FAYETTE,065,19065,NORTHEAST,30,1998,1.0,116900.0,116600.0,6256000.0,53.7,3611.3768276463834,170260.168,47186.3458572
IOWA,19,FAYETTE,065,19065,NORTHEAST,30,1999,1.0,131000.0,130800.0,6025000.0,46.1,3100.269492634977,163973.3875,52932.8819736
IOWA,19,FAYETTE,065,19065,NORTHEAST,30,2000,1.0,129000.0,128800.0,6484000.0,50.3,3382.7235461939117,176465.302,52123.5106896
IOWA,19,FAYETTE,065,19065,NORTHEAST,30,2001,1.0,143000.0,142300.0,5971000.0,42.0,2824.54053558935,162503.7505,57586.7668566
IOWA,19,FAYETTE,065,19065,NORTHEAST,30,2002,1.0,127000.0,126600.0,6441000.0,50.9,3423.07412527376,175295.0355,51233.2022772
IOWA,19,FAYETTE,065,19065,NORTHEAST,30,2003,1.0,130000.0,129300.0,3264000.0,25.2,1694.7243213536099,88831.392,52325.8535106
IOWA,19,FAYETTE,065,19065,NORTHEAST,30,2004,1.0,123000.0,122500.0,5792000.0,47.3,3180.9706507946726,157632.176,49573.991145
IOWA,19,FAYETTE,065,19065,NORTHEAST,30,2005,1.0,123500.0,122800.0,7206200.0,58.7,3947.631653311782,196120.3361,49695.396837600005
IOWA,19,FAYETTE,065,19065,NORTHEAST,30,2006,1.0,124500.0,123800.0,6532500.0,52.8,3550.8509590266112,177785.25375,50100.0824796
IOWA,19,FAYETTE,065,19065,NORTHEAST,30,2007,1.0,96100.0,96000.0,4858000.0,50.6,3402.8988357338358,132212.899,38849.821632
IOWA,19,FAYETTE,065,19065,NORTHEAST,30,2008,1.0,112500.0,111000.0,4985000.0,45.0,3026.293430988589,135669.2675,44920.106262
IOWA,19,FAYETTE,065,19065,NORTHEAST,30,2009,1.0,116000.0,112000.0,4842000.0,43.0,2891.7915007224296,131777.451,45324.791904
IOWA,19,FAYETTE,065,19065,NORTHEAST,30,2010,1.0,107500.0,107000.0,5625000.0,52.6,3537.4007659999957,153087.1875,43301.363694
IOWA,19,FAYETTE,065,19065,NORTHEAST,30,2011,1.0,103000.0,102400.0,5925000.0,57.9,3893.830881205318,161251.8375,41439.8097408
IOWA,19,FAYETTE,065,19065,NORTHEAST,30,2012,1.0,104000.0,103600.0,5240000.0,50.6,3402.8988357338358,142609.22,41925.4325112
IOWA,19,FAYETTE,065,19065,NORTHEAST,30,2013,1.0,108500.0,108100.0,5403000.0,50.0,3362.548256653988,147045.3465,43746.5179002
IOWA,19,FAYETTE,065,19065,NORTHEAST,30,2014,1.0,112000.0,111400.0,5510000.0,49.5,3328.922774087448,149957.405,45081.9805188
IOWA,19,FAYETTE,065,19065,NORTHEAST,30,2015,1.0,120000.0,119600.0,6730000.0,56.3,3786.2293369923905,183160.315,48400.4027832
IOWA,19,FAYETTE,065,19065,NORTHEAST,30,2016,1.0,108500.0,108100.0,6738000.0,62.3,4189.735127790869,183378.039,43746.5179002
IOWA,19,FAYETTE,065,19065,NORTHEAST,30,2017,1.0,115500.0,114800.0,6463000.0,56.3,3786.2293369923905,175893.7765,46457.9117016
IOWA,19,FAYETTE,065,19065,NORTHEAST,30,2018,1.0,109000.0,108100.0,6107000.0,56.5,3799.6795300190065,166205.0585,43746.5179002
IOWA,19,FAYETTE,065,19065,NORTHEAST,30,2019,1.0,98700.0,97900.0,5435000.0,55.5,3732.428564885927,147916.2425,39618.7243518
IOWA,19,FAYETTE,065,19065,NORTHEAST,30,2020,1.0,103500.0,102600.0,5735000.0,55.9,3759.3289509391584,156080.8925,41520.746869200004
IOWA,19,FAYETTE,065,19065,NORTHEAST,30,2021,1.0,112000.0,111400.0,7174000.0,64.4,4330.962154570337,195243.997,45081.9805188
IOWA,19,FAYETTE,065,19065,NORTHEAST,30,2022,1.0,117500.0,116700.0,7399000.0,63.4,4263.7111894372565,201367.4845,47226.8144214
IOWA,19,FAYETTE,065,19065,NORTHEAST,30,2023,1.0,113500.0,112700.0,6142000.0,54.5,3665.177599752847,167157.601,45608.071853400004
IOWA,19,FAYETTE,065,19065,NORTHEAST,30,2024,1.0,115500.0,114800.0,6463000.0,56.3,3786.2293369923905,175893.7765,46457.9117016
IOWA,19,FLOYD,067,19067,NORTH CENTRAL,20,1980,1.0,105300.0,105200.0,3630000.0,34.5,2320.158297091252,98792.265,42572.9295384
IOWA,19,FLOYD,067,19067,NORTH CENTRAL,20,1981,1.0,108000.0,105600.0,3423000.0,32.4,2178.931270311784,93158.6565,42734.8037952
IOWA,19,FLOYD,067,19067,NORTH CENTRAL,20,1982,1.0,110000.0,109700.0,3668000.0,33.4,2246.182235444864,99826.454,44394.0149274
IOWA,19,FLOYD,067,19067,NORTH CENTRAL,20,1983,1.0,106000.0,105800.0,3812000.0,36.0,2421.034744790871,103745.486,42815.7409236
IOWA,19,FLOYD,067,19067,NORTH CENTRAL,20,1984,1.0,111000.0,110700.0,3527000.0,31.9,2145.3057877452443,95989.0685,44798.7005694
IOWA,19,FLOYD,067,19067,NORTH CENTRAL,20,1985,1.0,104000.0,102900.0,3462000.0,33.6,2259.63242847148,94220.061,41642.1525618
IOWA,19,FLOYD,067,19067,NORTH CENTRAL,20,1986,1.0,108000.0,107800.0,4238000.0,39.3,2642.9629297300344,115339.289,43625.1122076
IOWA,19,FLOYD,067,19067,NORTH CENTRAL,20,1987,1.0,93100.0,92800.0,3997000.0,43.1,2898.5165972357377,108780.3535,37554.8275776
IOWA,19,FLOYD,067,19067,NORTH CENTRAL,20,1988,1.0,97100.0,95800.0,2867000.0,29.9,2010.8038574790846,78026.8385,38768.8845036
IOWA,19,FLOYD,067,19067,NORTH CENTRAL,20,1989,1.0,96400.0,96300.0,2669000.0,27.7,1862.8517341863094,72638.1695,38971.227324600004
IOWA,19,FLOYD,067,19067,NORTH CENTRAL,20,1990,1.0,93500.0,93100.0,4175000.0,44.8,3012.843237961973,113624.7125,37676.2332702
IOWA,19,FLOYD,067,19067,NORTH CENTRAL,20,1991,1.0,96200.0,95400.0,3816000.0,40.0,2690.0386053231905,103854.348,38607.010246800004
IOWA,19,FLOYD,067,19067,NORTH CENTRAL,20,1992,1.0,92000.0,91800.0,3950000.0,43.0,2891.7915007224296,107501.225,37150.141935600004
IOWA,19,FLOYD,067,19067,NORTH CENTRAL,20,1993,1.0,97000.0,96100.0,2919000.0,30.4,2044.4293400456245,79442.0445,38890.2901962
IOWA,19,FLOYD,067,19067,NORTH CENTRAL,20,1994,1.0,101000.0,100700.0,4750000.0,47.2,3174.245554281365,129273.625,40751.8441494
IOWA,19,FLOYD,067,19067,NORTH CENTRAL,20,1995,1.0,103000.0,102400.0,4874000.0,47.6,3201.1459403345966,132648.347,41439.8097408
IOWA,19,FLOYD,067,19067,NORTH CENTRAL,20,1996,1.0,108000.0,107800.0,4597000.0,42.6,2864.891114669198,125109.6535,43625.1122076
IOWA,19,FLOYD,067,19067,NORTH CENTRAL,20,1997,1.0,118200.0,118000.0,5243000.0,44.4,2985.9428519087414,142690.8665,47752.905756
IOWA,19,FLOYD,067,19067,NORTH CENTRAL,20,1998,1.0,118900.0,118600.0,6193000.0,52.2,3510.5003799467636,168545.5915,47995.7171412
IOWA,19,FLOYD,067,19067,NORTH CENTRAL,20,1999,1.0,120000.0,119900.0,5179000.0,43.2,2905.2416937490457,140949.0745,48521.808475800004
IOWA,19,FLOYD,067,19067,NORTH CENTRAL,20,2000,1.0,118000.0,117600.0,5579000.0,47.4,3187.6957473079806,151835.2745,47591.0314992
IOWA,19,FLOYD,067,19067,NORTH CENTRAL,20,2001,1.0,123000.0,122000.0,5166000.0,42.3,2844.7158251292735,140595.273,49371.648324
IOWA,19,FLOYD,067,19067,NORTH CENTRAL,20,2002,1.0,116000.0,115700.0,5525000.0,47.8,3214.596133361212,150365.6375,46822.1287794
IOWA,19,FLOYD,067,19067,NORTH CENTRAL,20,2003,1.0,116000.0,115500.0,3025000.0,26.2,1761.9752864866896,82326.8875,46741.191651
IOWA,19,FLOYD,067,19067,NORTH CENTRAL,20,2004,1.0,113000.0,112300.0,5104000.0,45.4,3053.193817041821,138907.912,45446.1975966
IOWA,19,FLOYD,067,19067,NORTH CENTRAL,20,2005,1.0,111500.0,110900.0,5923800.0,53.4,3591.201538106459,161219.1789,44879.637697800004
IOWA,19,FLOYD,067,19067,NORTH CENTRAL,20,2006,1.0,112000.0,111600.0,5564900.0,49.9,3355.82316014068,151451.53595,45162.9176472
IOWA,19,FLOYD,067,19067,NORTH CENTRAL,20,2007,1.0,88500.0,88400.0,4612000.0,52.2,3510.5003799467636,125517.886,35774.2107528
IOWA,19,FLOYD,067,19067,NORTH CENTRAL,20,2008,1.0,103000.0,102700.0,4584000.0,44.5,2992.6679484220494,124755.852,41561.2154334
IOWA,19,FLOYD,067,19067,NORTH CENTRAL,20,2009,1.0,102000.0,101700.0,4874000.0,48.0,3228.0463263878282,132648.347,41156.529791400004
IOWA,19,FLOYD,067,19067,NORTH CENTRAL,20,2010,1.0,100000.0,99800.0,5293000.0,53.0,3564.3011520532273,144051.6415,40387.6270716
IOWA,19,FLOYD,067,19067,NORTH CENTRAL,20,2011,1.0,94500.0,93900.0,4933000.0,52.5,3530.675669486687,134254.0615,37999.9817838
IOWA,19,FLOYD,067,19067,NORTH CENTRAL,20,2012,1.0,92300.0,91800.0,3769000.0,41.1,2764.0146669695782,102575.2195,37150.141935600004
IOWA,19,FLOYD,067,19067,NORTH CENTRAL,20,2013,1.0,89800.0,89500.0,4194000.0,46.9,3154.0702647414405,114141.807,36219.364959
IOWA,19,FLOYD,067,19067,NORTH CENTRAL,20,2014,1.0,95600.0,95200.0,4531000.0,47.6,3201.1459403345966,123313.4305,38526.0731184
IOWA,19,FLOYD,067,19067,NORTH CENTRAL,20,2015,1.0,107000.0,106500.0,6176000.0,58.0,3900.555977718626,168082.928,43099.020873
IOWA,19,FLOYD,067,19067,NORTH CENTRAL,20,2016,1.0,95100.0,94400.0,5429000.0,57.5,3866.930495152086,147752.9495,38202.3246048
IOWA,19,FLOYD,067,19067,NORTH CENTRAL,20,2017,1.0,107500.0,106800.0,5777000.0,54.1,3638.277213699615,157223.9435,43220.4265656
IOWA,19,FLOYD,067,19067,NORTH CENTRAL,20,2018,1.0,96700.0,95900.0,4780000.0,49.8,3349.0980636273716,130090.09,38809.3530678
IOWA,19,FLOYD,067,19067,NORTH CENTRAL,20,2019,1.0,90200.0,89500.0,4857000.0,54.3,3651.7274067262306,132185.6835,36219.364959
IOWA,19,FLOYD,067,19067,NORTH CENTRAL,20,2020,1.0,90300.0,89600.0,4838000.0,54.0,3631.552117186307,131668.589,36259.8335232
IOWA,19,FLOYD,067,19067,NORTH CENTRAL,20,2022,1.0,93900.0,93300.0,5775000.0,61.9,4162.834741737637,157169.5125,37757.1703986
IOWA,19,FLOYD,067,19067,NORTH CENTRAL,20,2023,1.0,95100.0,94500.0,4990000.0,52.8,3550.8509590266112,135805.345,38242.793169000004
IOWA,19,FLOYD,067,19067,NORTH CENTRAL,20,2024,1.0,93000.0,92400.0,5137000.0,55.6,3739.153661399235,139806.0235,37392.9533208
IOWA,19,FLOYD,067,19067,NORTH CENTRAL,20,2025,1.0,85300.0,84700.0,5285000.0,62.4,4196.460224304177,143833.9175,34276.8738774
IOWA,19,FRANKLIN,069,19069,NORTH CENTRAL,20,1980,1.0,124400.0,124300.0,4960000.0,39.9,2683.3135088098825,134988.88,50302.4253006
IOWA,19,FRANKLIN,069,19069,NORTH CENTRAL,20,1981,1.0,120000.0,115800.0,4137000.0,35.7,2400.8594552509476,112590.5235,46862.5973436
IOWA,19,FRANKLIN,069,19069,NORTH CENTRAL,20,1982,1.0,125000.0,124300.0,4671000.0,37.6,2528.636289003799,127123.6005,50302.4253006
IOWA,19,FRANKLIN,069,19069,NORTH CENTRAL,20,1983,1.0,121000.0,120700.0,4635000.0,38.4,2582.4370611102627,126143.8425,48845.5569894
IOWA,19,FRANKLIN,069,19069,NORTH CENTRAL,20,1984,1.0,130000.0,129100.0,4414000.0,34.2,2299.983007551328,120129.217,52244.916382200005
IOWA,19,FRANKLIN,069,19069,NORTH CENTRAL,20,1985,1.0,129000.0,128300.0,4952000.0,38.6,2595.8872541368787,134771.156,51921.1678686
IOWA,19,FRANKLIN,069,19069,NORTH CENTRAL,20,1986,1.0,139000.0,138700.0,6014000.0,43.4,2918.6918867756613,163674.017,56129.8985454
IOWA,19,FRANKLIN,069,19069,NORTH CENTRAL,20,1987,1.0,117000.0,116700.0,5279000.0,45.2,3039.743624015205,143670.6245,47226.8144214
IOWA,19,FRANKLIN,069,19069,NORTH CENTRAL,20,1988,1.0,123000.0,122100.0,4117000.0,33.7,2266.357524984788,112046.2135,49412.1168882
IOWA,19,FRANKLIN,069,19069,NORTH CENTRAL,20,1989,1.0,124000.0,124000.0,4995000.0,40.3,2710.213894863114,135941.4225,50181.019608
IOWA,19,FRANKLIN,069,19069,NORTH CENTRAL,20,1990,1.0,118000.0,115700.0,4686000.0,40.5,2723.66408788973,127531.833,46822.1287794
IOWA,19,FRANKLIN,069,19069,NORTH CENTRAL,20,1991,1.0,145000.0,143900.0,5279000.0,36.7,2468.1104203840273,143670.6245,58234.2638838
IOWA,19,FRANKLIN,069,19069,NORTH CENTRAL,20,1992,1.0,116000.0,115700.0,5146000.0,44.5,2992.6679484220494,140050.963,46822.1287794
IOWA,19,FRANKLIN,069,19069,NORTH CENTRAL,20,1993,1.0,125000.0,122400.0,3196000.0,26.1,1755.2501899733818,86980.738,49533.5225808
IOWA,19,FRANKLIN,069,19069,NORTH CENTRAL,20,1994,1.0,126000.0,125500.0,6010000.0,47.9,3221.32122987452,163565.155,50788.048071000005
IOWA,19,FRANKLIN,069,19069,NORTH CENTRAL,20,1995,1.0,127000.0,126600.0,6014000.0,47.5,3194.4208438212886,163674.017,51233.2022772
IOWA,19,FRANKLIN,069,19069,NORTH CENTRAL,20,1996,1.0,124000.0,123800.0,5532000.0,44.7,3006.1181414486655,150556.146,50100.0824796
IOWA,19,FRANKLIN,069,19069,NORTH CENTRAL,20,1997,1.0,146900.0,143000.0,5971000.0,41.8,2811.090342562734,162503.7505,57870.046806
IOWA,19,FRANKLIN,069,19069,NORTH CENTRAL,20,1998,1.0,146600.0,146200.0,7393000.0,50.6,3402.8988357338358,201204.1915,59165.040860400004
IOWA,19,FRANKLIN,069,19069,NORTH CENTRAL,20,1999,1.0,147000.0,144800.0,6322000.0,43.7,2938.8671763155858,172056.391,58598.4809616
IOWA,19,FRANKLIN,069,19069,NORTH CENTRAL,20,2000,1.0,148000.0,147700.0,6651000.0,45.0,3026.293430988589,181010.2905,59772.0693234
IOWA,19,FRANKLIN,069,19069,NORTH CENTRAL,20,2001,1.0,153000.0,152000.0,6580000.0,43.3,2911.9667902623532,179077.99,61512.217584000005
IOWA,19,FRANKLIN,069,19069,NORTH CENTRAL,20,2002,1.0,144000.0,143600.0,6824000.0,47.5,3194.4208438212886,185718.572,58112.8581912
IOWA,19,FRANKLIN,069,19069,NORTH CENTRAL,20,2003,1.0,141000.0,140300.0,4446000.0,31.7,2131.8555947186283,121000.113,56777.3955726
IOWA,19,FRANKLIN,069,19069,NORTH CENTRAL,20,2004,1.0,134000.0,133500.0,6347000.0,47.5,3194.4208438212886,172736.7785,54025.533207
IOWA,19,FRANKLIN,069,19069,NORTH CENTRAL,20,2005,1.0,124500.0,123900.0,6383800.0,51.5,3463.4247043536075,173738.3089,50140.5510438
IOWA,19,FRANKLIN,069,19069,NORTH CENTRAL,20,2006,1.0,124000.0,123600.0,6483700.0,52.5,3530.675669486687,176457.13735,50019.1453512
IOWA,19,FRANKLIN,069,19069,NORTH CENTRAL,20,2007,1.0,93500.0,93400.0,4735000.0,50.7,3409.623932247144,128865.3925,37797.6389628
IOWA,19,FRANKLIN,069,19069,NORTH CENTRAL,20,2008,1.0,106000.0,105300.0,4753000.0,45.0,3026.293430988589,129355.2715,42613.398102600004
IOWA,19,FRANKLIN,069,19069,NORTH CENTRAL,20,2009,1.0,110000.0,109600.0,5422000.0,49.5,3328.922774087448,147562.441,44353.5463632
IOWA,19,FRANKLIN,069,19069,NORTH CENTRAL,20,2010,1.0,115000.0,114500.0,5754000.0,50.3,3382.7235461939117,156597.987,46336.506009000004
IOWA,19,FRANKLIN,069,19069,NORTH CENTRAL,20,2011,1.0,107000.0,106300.0,5573000.0,52.4,3523.950572973379,151671.9815,43018.0837446
IOWA,19,FRANKLIN,069,19069,NORTH CENTRAL,20,2012,1.0,98700.0,98200.0,4371000.0,44.5,2992.6679484220494,118958.9505,39740.1300444
IOWA,19,FRANKLIN,069,19069,NORTH CENTRAL,20,2013,1.0,101500.0,101100.0,4652000.0,46.0,3093.544396121669,126606.506,40913.7184062
IOWA,19,FRANKLIN,069,19069,NORTH CENTRAL,20,2014,1.0,109000.0,108400.0,5143000.0,47.4,3187.6957473079806,139969.3165,43867.9235928
IOWA,19,FRANKLIN,069,19069,NORTH CENTRAL,20,2015,1.0,116500.0,115900.0,6703000.0,57.8,3887.10578469201,182425.4965,46903.0659078
IOWA,19,FRANKLIN,069,19069,NORTH CENTRAL,20,2016,1.0,98100.0,97600.0,5906000.0,60.5,4068.6833905513254,160734.743,39497.3186592
IOWA,19,FRANKLIN,069,19069,NORTH CENTRAL,20,2017,1.0,114000.0,113300.0,6458000.0,57.0,3833.305012585546,175757.699,45850.8832386
IOWA,19,FRANKLIN,069,19069,NORTH CENTRAL,20,2018,1.0,109500.0,108100.0,6328000.0,58.5,3934.181460285166,172219.684,43746.5179002
IOWA,19,FRANKLIN,069,19069,NORTH CENTRAL,20,2019,1.0,99300.0,98500.0,5326000.0,54.1,3638.277213699615,144949.753,39861.535737
IOWA,19,FRANKLIN,069,19069,NORTH CENTRAL,20,2020,1.0,97200.0,96400.0,5341000.0,55.4,3725.7034683726188,145357.9855,39011.6958888
IOWA,19,FRANKLIN,069,19069,NORTH CENTRAL,20,2021,1.0,118000.0,117300.0,7003000.0,59.7,4014.8826184448617,190590.1465,47469.6258066
IOWA,19,FRANKLIN,069,19069,NORTH CENTRAL,20,2022,1.0,120000.0,119200.0,7486000.0,62.8,4223.360610357408,203735.233,48238.528526400005
IOWA,19,FRANKLIN,069,19069,NORTH CENTRAL,20,2023,1.0,119000.0,118200.0,7021000.0,59.4,3994.7073289049376,191080.0255,47833.8428844
IOWA,19,FRANKLIN,069,19069,NORTH CENTRAL,20,2024,1.0,116500.0,115800.0,6740000.0,58.2,3914.0061707452423,183432.47,46862.5973436
IOWA,19,FRANKLIN,069,19069,NORTH CENTRAL,20,2025,1.0,105000.0,104200.0,6502000.0,62.4,4196.460224304177,176955.181,42168.2438964
IOWA,19,FREMONT,071,19071,SOUTHWEST,70,1980,1.0,114100.0,113300.0,4190000.0,37.0,2488.285709923951,114032.945,45850.8832386
IOWA,19,FREMONT,071,19071,SOUTHWEST,70,1981,1.0,108000.0,108000.0,4620000.0,42.8,2878.3413076958136,125735.61,43706.049336000004
IOWA,19,FREMONT,071,19071,SOUTHWEST,70,1982,1.0,117000.0,114500.0,3719000.0,32.5,2185.6563668250924,101214.4445,46336.506009000004
IOWA,19,FREMONT,071,19071,SOUTHWEST,70,1983,1.0,101000.0,97900.0,3482000.0,35.6,2394.1343587376396,94764.371,39618.7243518
IOWA,19,FREMONT,071,19071,SOUTHWEST,70,1984,1.0,102000.0,96900.0,2291000.0,23.6,1587.1227771406825,62350.7105,39214.0387098
IOWA,19,FREMONT,071,19071,SOUTHWEST,70,1985,1.0,104000.0,103600.0,4191000.0,40.5,2723.66408788973,114060.1605,41925.4325112
IOWA,19,FREMONT,071,19071,SOUTHWEST,70,1986,1.0,110000.0,106700.0,4791000.0,44.9,3019.568334475281,130389.4605,43179.9580014
IOWA,19,FREMONT,071,19071,SOUTHWEST,70,1987,1.0,110000.0,107600.0,4257000.0,39.6,2663.1382192699584,115856.3835,43544.1750792
IOWA,19,FREMONT,071,19071,SOUTHWEST,70,1988,1.0,109000.0,108400.0,3544000.0,32.7,2199.1065598517084,96451.732,43867.9235928
IOWA,19,FREMONT,071,19071,SOUTHWEST,70,1989,1.0,107000.0,105400.0,3406000.0,32.3,2172.206173798476,92695.993,42653.8666668
IOWA,19,FREMONT,071,19071,SOUTHWEST,70,1990,1.0,107000.0,104000.0,3727000.0,35.8,2407.584551764255,101432.1685,42087.306768
IOWA,19,FREMONT,071,19071,SOUTHWEST,70,1991,1.0,108000.0,106100.0,4414000.0,41.6,2797.6401495361183,120129.217,42937.1466162
IOWA,19,FREMONT,071,19071,SOUTHWEST,70,1992,1.0,105000.0,104700.0,4565000.0,43.6,2932.1420798022777,124238.7575,42370.5867174
IOWA,19,FREMONT,071,19071,SOUTHWEST,70,1993,1.0,103000.0,67000.0,2294000.0,34.2,2299.983007551328,62432.357,27113.938014
IOWA,19,FREMONT,071,19071,SOUTHWEST,70,1994,1.0,109000.0,108800.0,5294000.0,48.7,3275.1220019809844,144078.857,44029.7978496
IOWA,19,FREMONT,071,19071,SOUTHWEST,70,1995,1.0,117000.0,116600.0,4066000.0,34.9,2347.0586831444834,110658.223,47186.3458572
IOWA,19,FREMONT,071,19071,SOUTHWEST,70,1996,1.0,119000.0,118500.0,4989000.0,42.1,2831.265632102658,135778.1295,47955.248577
IOWA,19,FREMONT,071,19071,SOUTHWEST,70,1997,1.0,120700.0,119700.0,5200000.0,43.4,2918.6918867756613,141520.6,48440.8713474
IOWA,19,FREMONT,071,19071,SOUTHWEST,70,1998,1.0,116900.0,112600.0,4475000.0,39.7,2669.8633157832664,121789.3625,45567.6032892
IOWA,19,FREMONT,071,19071,SOUTHWEST,70,1999,1.0,114000.0,113700.0,4814000.0,42.3,2844.7158251292735,131015.417,46012.7574954
IOWA,19,FREMONT,071,19071,SOUTHWEST,70,2000,1.0,121000.0,120600.0,5033000.0,41.7,2804.3652460494263,136975.6115,48805.0884252
IOWA,19,FREMONT,071,19071,SOUTHWEST,70,2001,1.0,114000.0,112900.0,5397000.0,47.8,3214.596133361212,146882.0535,45689.0089818
IOWA,19,FREMONT,071,19071,SOUTHWEST,70,2002,1.0,113000.0,112300.0,4230000.0,37.7,2535.361385517107,115121.565,45446.1975966
IOWA,19,FREMONT,071,19071,SOUTHWEST,70,2003,1.0,115000.0,114400.0,3973000.0,34.7,2333.608490117868,108127.1815,46296.0374448
IOWA,19,FREMONT,071,19071,SOUTHWEST,70,2004,1.0,112000.0,111600.0,5702000.0,51.1,3436.524318300376,155182.781,45162.9176472
IOWA,19,FREMONT,071,19071,SOUTHWEST,70,2005,1.0,112000.0,111400.0,5405000.0,48.5,3261.6718089543683,147099.7775,45081.9805188
IOWA,19,FREMONT,071,19071,SOUTHWEST,70,2006,1.0,114500.0,113900.0,5512200.0,48.4,3254.9467124410603,150017.27909999999,46093.6946238
IOWA,19,FREMONT,071,19071,SOUTHWEST,70,2007,1.0,108500.0,107700.0,5491000.0,51.0,3429.799221787068,149440.3105,43584.6436434
IOWA,19,FREMONT,071,19071,SOUTHWEST,70,2008,1.0,113500.0,110500.0,4590000.0,41.5,2790.91505302281,124919.145,44717.763441
IOWA,19,FREMONT,071,19071,SOUTHWEST,70,2009,1.0,107500.0,107000.0,5992000.0,56.0,3766.0540474524664,163075.276,43301.363694
IOWA,19,FREMONT,071,19071,SOUTHWEST,70,2010,1.0,110500.0,107900.0,5075000.0,47.0,3160.7953612547485,138118.6625,43665.5807718
IOWA,19,FREMONT,071,19071,SOUTHWEST,70,2011,1.0,103000.0,86000.0,3878000.0,45.1,3033.018527501897,105541.709,34802.965212
IOWA,19,FREMONT,071,19071,SOUTHWEST,70,2012,1.0,108500.0,108100.0,4472000.0,41.4,2784.189956509502,121707.716,43746.5179002
IOWA,19,FREMONT,071,19071,SOUTHWEST,70,2013,1.0,111500.0,111000.0,5312000.0,47.9,3221.32122987452,144568.736,44920.106262
IOWA,19,FREMONT,071,19071,SOUTHWEST,70,2014,1.0,113500.0,111700.0,6200000.0,55.5,3732.428564885927,168736.1,45203.3862114
IOWA,19,FREMONT,071,19071,SOUTHWEST,70,2015,1.0,106500.0,105700.0,5509000.0,52.1,3503.7752834334556,149930.1895,42775.2723594
IOWA,19,FREMONT,071,19071,SOUTHWEST,70,2016,1.0,106500.0,106000.0,5887000.0,55.5,3732.428564885927,160217.6485,42896.678052
IOWA,19,FREMONT,071,19071,SOUTHWEST,70,2017,1.0,115500.0,114800.0,6896000.0,60.1,4041.7830044980938,187678.088,46457.9117016
IOWA,19,FREMONT,071,19071,SOUTHWEST,70,2018,1.0,112500.0,110900.0,5613000.0,50.6,3402.8988357338358,152760.6015,44879.637697800004
IOWA,19,FREMONT,071,19071,SOUTHWEST,70,2020,1.0,108000.0,107000.0,5864000.0,54.8,3685.3528892927707,159591.692,43301.363694
IOWA,19,FREMONT,071,19071,SOUTHWEST,70,2021,1.0,110500.0,109500.0,6909000.0,63.1,4243.535899897333,188031.8895,44313.077799
IOWA,19,FREMONT,071,19071,SOUTHWEST,70,2022,1.0,112000.0,111200.0,5938000.0,53.4,3591.201538106459,161605.639,45001.0433904
IOWA,19,FREMONT,071,19071,SOUTHWEST,70,2025,1.0,102000.0,101300.0,6493000.0,64.1,4310.786865030413,176710.2415,40994.6555346
IOWA,19,GREENE,073,19073,WEST CENTRAL,40,1980,1.0,135500.0,135400.0,5680000.0,41.9,2817.815439076042,154584.04,54794.435926800004
IOWA,19,GREENE,073,19073,WEST CENTRAL,40,1981,1.0,130000.0,129700.0,5753000.0,44.4,2985.9428519087414,156570.7715,52487.7277674
IOWA,19,GREENE,073,19073,WEST CENTRAL,40,1982,1.0,139000.0,138600.0,5473000.0,39.5,2656.4131227566504,148950.4315,56089.4299812
IOWA,19,GREENE,073,19073,WEST CENTRAL,40,1983,1.0,133000.0,132800.0,5266000.0,39.7,2669.8633157832664,143316.823,53742.2532576
IOWA,19,GREENE,073,19073,WEST CENTRAL,40,1984,1.0,145000.0,143500.0,4985000.0,34.7,2333.608490117868,135669.2675,58072.389627000004
IOWA,19,GREENE,073,19073,WEST CENTRAL,40,1985,1.0,135000.0,134200.0,5513000.0,41.1,2764.0146669695782,150039.0515,54308.8131564
IOWA,19,GREENE,073,19073,WEST CENTRAL,40,1986,1.0,141000.0,139800.0,5975000.0,42.7,2871.616211182506,162612.6125,56575.0527516
IOWA,19,GREENE,073,19073,WEST CENTRAL,40,1987,1.0,141000.0,139200.0,6549000.0,47.0,3160.7953612547485,178234.3095,56332.241366400005
IOWA,19,GREENE,073,19073,WEST CENTRAL,40,1988,1.0,143000.0,142400.0,3964000.0,27.8,1869.5768306996174,107882.242,57627.2354208
IOWA,19,GREENE,073,19073,WEST CENTRAL,40,1989,1.0,143000.0,142800.0,5740000.0,40.2,2703.4887983498065,156216.97,57789.109677600005
IOWA,19,GREENE,073,19073,WEST CENTRAL,40,1990,1.0,138000.0,134100.0,5360000.0,40.0,2690.0386053231905,145875.08,54268.3445922
IOWA,19,GREENE,073,19073,WEST CENTRAL,40,1991,1.0,145000.0,144500.0,5796000.0,40.1,2696.7637018364985,157741.038,58477.075269
IOWA,19,GREENE,073,19073,WEST CENTRAL,40,1992,1.0,141000.0,140800.0,6706000.0,47.6,3201.1459403345966,182507.143,56979.738393600004
IOWA,19,GREENE,073,19073,WEST CENTRAL,40,1993,1.0,146000.0,141500.0,4570000.0,32.3,2172.206173798476,124374.835,57263.018343
IOWA,19,GREENE,073,19073,WEST CENTRAL,40,1994,1.0,145000.0,144700.0,7629000.0,52.7,3544.1258625133037,207627.0495,58558.0123974
IOWA,19,GREENE,073,19073,WEST CENTRAL,40,1995,1.0,147000.0,146600.0,7084000.0,48.3,3248.2216159277523,192794.602,59326.9151172
IOWA,19,GREENE,073,19073,WEST CENTRAL,40,1996,1.0,143000.0,142700.0,6915000.0,48.5,3261.6718089543683,188195.1825,57748.6411134
IOWA,19,GREENE,073,19073,WEST CENTRAL,40,1997,1.0,151400.0,150200.0,6896000.0,45.9,3086.819299608361,187678.088,60783.7834284
IOWA,19,GREENE,073,19073,WEST CENTRAL,40,1998,1.0,149500.0,148900.0,6878000.0,46.2,3106.9945891482853,187188.209,60257.692093800004
IOWA,19,GREENE,073,19073,WEST CENTRAL,40,1999,1.0,153000.0,152600.0,6679000.0,43.8,2945.5922728288933,181772.3245,61755.0289692
IOWA,19,GREENE,073,19073,WEST CENTRAL,40,2000,1.0,150000.0,149600.0,5881000.0,39.3,2642.9629297300344,160054.3555,60540.9720432
IOWA,19,GREENE,073,19073,WEST CENTRAL,40,2001,1.0,154000.0,153100.0,6439000.0,42.1,2831.265632102658,175240.6045,61957.3717902
IOWA,19,GREENE,073,19073,WEST CENTRAL,40,2002,1.0,147000.0,146600.0,7105000.0,48.5,3261.6718089543683,193366.1275,59326.9151172
IOWA,19,GREENE,073,19073,WEST CENTRAL,40,2003,1.0,149000.0,148100.0,5459000.0,36.9,2481.560613410643,148569.4145,59933.9435802
IOWA,19,GREENE,073,19073,WEST CENTRAL,40,2004,1.0,143000.0,142200.0,6968000.0,49.0,3295.2972915209084,189637.604,57546.2982924
IOWA,19,GREENE,073,19073,WEST CENTRAL,40,2005,1.0,143500.0,142900.0,7697600.0,53.9,3624.827020672999,209494.0328,57829.5782418
IOWA,19,GREENE,073,19073,WEST CENTRAL,40,2006,1.0,143000.0,142200.0,6830500.0,48.0,3228.0463263878282,185895.47275,57546.2982924
IOWA,19,GREENE,073,19073,WEST CENTRAL,40,2007,1.0,119000.0,118800.0,6272000.0,52.8,3550.8509590266112,170695.616,48076.6542696
IOWA,19,GREENE,073,19073,WEST CENTRAL,40,2008,1.0,123000.0,122100.0,5664000.0,46.5,3127.169878688209,154148.592,49412.1168882
IOWA,19,GREENE,073,19073,WEST CENTRAL,40,2009,1.0,126500.0,126200.0,6753000.0,53.5,3597.9266346197674,183786.2715,51071.328020400004
IOWA,19,GREENE,073,19073,WEST CENTRAL,40,2010,1.0,122500.0,122000.0,5869000.0,48.1,3234.7714229011367,159727.7695,49371.648324
IOWA,19,GREENE,073,19073,WEST CENTRAL,40,2011,1.0,120000.0,119500.0,6095000.0,51.0,3429.799221787068,165878.4725,48359.934219
IOWA,19,GREENE,073,19073,WEST CENTRAL,40,2012,1.0,111500.0,111100.0,4257000.0,38.3,2575.7119645969547,115856.3835,44960.5748262
IOWA,19,GREENE,073,19073,WEST CENTRAL,40,2013,1.0,112500.0,111700.0,4077000.0,36.5,2454.6602273574113,110957.5935,45203.3862114
IOWA,19,GREENE,073,19073,WEST CENTRAL,40,2014,1.0,124000.0,123000.0,6424000.0,52.2,3510.5003799467636,174832.372,49776.333966
IOWA,19,GREENE,073,19073,WEST CENTRAL,40,2015,1.0,125000.0,124400.0,6667000.0,53.6,3604.6517311330754,181445.7385,50342.893864800004
IOWA,19,GREENE,073,19073,WEST CENTRAL,40,2016,1.0,117000.0,116500.0,7400000.0,63.5,4270.4362859505645,201394.7,47145.877293000005
IOWA,19,GREENE,073,19073,WEST CENTRAL,40,2017,1.0,128000.0,127300.0,7215000.0,56.7,3813.1297230456225,196359.8325,51516.482226600005
IOWA,19,GREENE,073,19073,WEST CENTRAL,40,2018,1.0,129000.0,127400.0,7076000.0,55.5,3732.428564885927,192576.878,51556.9507908
IOWA,19,GREENE,073,19073,WEST CENTRAL,40,2019,1.0,119500.0,118700.0,6432000.0,54.2,3645.002310212923,175050.096,48036.1857054
IOWA,19,GREENE,073,19073,WEST CENTRAL,40,2020,1.0,123500.0,122500.0,6003000.0,49.0,3295.2972915209084,163374.6465,49573.991145
IOWA,19,GREENE,073,19073,WEST CENTRAL,40,2021,1.0,134500.0,133500.0,8557000.0,64.1,4310.786865030413,232883.0335,54025.533207
IOWA,19,GREENE,073,19073,WEST CENTRAL,40,2022,1.0,128000.0,127100.0,7499000.0,59.0,3967.806942851706,204089.0345,51435.545098200004
IOWA,19,GREENE,073,19073,WEST CENTRAL,40,2023,1.0,130000.0,129100.0,7836000.0,60.7,4082.1335835779414,213260.658,52244.916382200005
IOWA,19,GREENE,073,19073,WEST CENTRAL,40,2024,1.0,133000.0,132200.0,8170000.0,61.8,4156.109645224329,222350.635,53499.4418724
IOWA,19,GREENE,073,19073,WEST CENTRAL,40,2025,1.0,122000.0,121100.0,7690000.0,63.5,4270.4362859505645,209287.195,49007.4312462
IOWA,19,GRUNDY,075,19075,CENTRAL,50,1980,1.0,105000.0,104900.0,4570000.0,43.6,2932.1420798022777,124374.835,42451.5238458
IOWA,19,GRUNDY,075,19075,CENTRAL,50,1981,1.0,101000.0,100700.0,4270000.0,42.4,2851.4409216425815,116210.185,40751.8441494
IOWA,19,GRUNDY,075,19075,CENTRAL,50,1982,1.0,105000.0,104600.0,4326000.0,41.4,2784.189956509502,117734.253,42330.118153200005
IOWA,19,GRUNDY,075,19075,CENTRAL,50,1983,1.0,107000.0,107000.0,4601000.0,43.0,2891.7915007224296,125218.5155,43301.363694
IOWA,19,GRUNDY,075,19075,CENTRAL,50,1984,1.0,120000.0,119700.0,4091000.0,34.2,2299.983007551328,111338.6105,48440.8713474
IOWA,19,GRUNDY,075,19075,CENTRAL,50,1985,1.0,117000.0,116500.0,4857000.0,41.7,2804.3652460494263,132185.6835,47145.877293000005
IOWA,19,GRUNDY,075,19075,CENTRAL,50,1986,1.0,120000.0,119700.0,5509000.0,46.0,3093.544396121669,149930.1895,48440.8713474
IOWA,19,GRUNDY,075,19075,CENTRAL,50,1987,1.0,108000.0,107600.0,5467000.0,50.8,3416.349028760452,148787.1385,43544.1750792
IOWA,19,GRUNDY,075,19075,CENTRAL,50,1988,1.0,104000.0,103500.0,3653000.0,35.3,2373.9590691977155,99418.2215,41884.963947000004
IOWA,19,GRUNDY,075,19075,CENTRAL,50,1989,1.0,107000.0,107000.0,4301000.0,40.2,2703.4887983498065,117053.8655,43301.363694
IOWA,19,GRUNDY,075,19075,CENTRAL,50,1990,1.0,110000.0,109700.0,4847000.0,44.2,2972.4926588821254,131913.5285,44394.0149274
IOWA,19,GRUNDY,075,19075,CENTRAL,50,1991,1.0,123000.0,122500.0,5319000.0,43.4,2918.6918867756613,144759.2445,49573.991145
IOWA,19,GRUNDY,075,19075,CENTRAL,50,1992,1.0,118000.0,117700.0,5689000.0,48.3,3248.2216159277523,154828.9795,47631.5000634
IOWA,19,GRUNDY,075,19075,CENTRAL,50,1993,1.0,125000.0,123400.0,4400000.0,35.7,2400.8594552509476,119748.2,49938.2082228
IOWA,19,GRUNDY,075,19075,CENTRAL,50,1994,1.0,128000.0,127100.0,6546000.0,51.5,3463.4247043536075,178152.663,51435.545098200004
IOWA,19,GRUNDY,075,19075,CENTRAL,50,1995,1.0,126000.0,125800.0,6725000.0,53.5,3597.9266346197674,183024.2375,50909.4537636
IOWA,19,GRUNDY,075,19075,CENTRAL,50,1996,1.0,117000.0,116800.0,5678000.0,48.6,3268.3969054676763,154529.609,47267.2829856
IOWA,19,GRUNDY,075,19075,CENTRAL,50,1997,1.0,141300.0,140100.0,7065000.0,50.4,3389.4486427072197,192277.5075,56696.458444200005
IOWA,19,GRUNDY,075,19075,CENTRAL,50,1998,1.0,139600.0,139300.0,7206000.0,51.7,3476.874897380224,196114.893,56372.7099306
IOWA,19,GRUNDY,075,19075,CENTRAL,50,1999,1.0,144000.0,143900.0,7505000.0,52.2,3510.5003799467636,204252.3275,58234.2638838
IOWA,19,GRUNDY,075,19075,CENTRAL,50,2000,1.0,143000.0,142600.0,6863000.0,48.1,3234.7714229011367,186779.9765,57708.172549200004
IOWA,19,GRUNDY,075,19075,CENTRAL,50,2001,1.0,146000.0,145200.0,6983000.0,48.1,3234.7714229011367,190045.8365,58760.3552184
IOWA,19,GRUNDY,075,19075,CENTRAL,50,2002,1.0,143000.0,142400.0,7646000.0,53.7,3611.3768276463834,208089.713,57627.2354208
IOWA,19,GRUNDY,075,19075,CENTRAL,50,2003,1.0,140000.0,139400.0,5113000.0,36.7,2468.1104203840273,139152.8515,56413.1784948
IOWA,19,GRUNDY,075,19075,CENTRAL,50,2004,1.0,138000.0,137600.0,7459000.0,54.2,3645.002310212923,203000.4145,55684.7443392
IOWA,19,GRUNDY,075,19075,CENTRAL,50,2005,1.0,133500.0,132900.0,7911800.0,59.5,4001.4324254182457,215323.5929,53782.7218218
IOWA,19,GRUNDY,075,19075,CENTRAL,50,2006,1.0,136500.0,136000.0,7671500.0,56.4,3792.9544335056985,208783.70825,55037.247312
IOWA,19,GRUNDY,075,19075,CENTRAL,50,2007,1.0,118000.0,117800.0,6712000.0,57.0,3833.305012585546,182670.436,47671.9686276
IOWA,19,GRUNDY,075,19075,CENTRAL,50,2008,1.0,131500.0,130300.0,6941000.0,53.5,3597.9266346197674,188902.7855,52730.5391526
IOWA,19,GRUNDY,075,19075,CENTRAL,50,2009,1.0,126000.0,122800.0,6189000.0,50.5,3396.1737392205278,168436.7295,49695.396837600005
IOWA,19,GRUNDY,075,19075,CENTRAL,50,2010,1.0,128000.0,127100.0,7579000.0,59.6,4008.1575219315537,206266.2745,51435.545098200004
IOWA,19,GRUNDY,075,19075,CENTRAL,50,2011,1.0,120000.0,119200.0,7125000.0,59.8,4021.6077149581693,193910.4375,48238.528526400005
IOWA,19,GRUNDY,075,19075,CENTRAL,50,2012,1.0,122000.0,121500.0,6573000.0,54.1,3638.277213699615,178887.4815,49169.305503
IOWA,19,GRUNDY,075,19075,CENTRAL,50,2013,1.0,120500.0,119900.0,6307000.0,52.6,3537.4007659999957,171648.1585,48521.808475800004
IOWA,19,GRUNDY,075,19075,CENTRAL,50,2014,1.0,130000.0,128800.0,6831000.0,53.0,3564.3011520532273,185909.0805,52123.5106896
IOWA,19,GRUNDY,075,19075,CENTRAL,50,2015,1.0,124000.0,123000.0,7441000.0,60.5,4068.6833905513254,202510.5355,49776.333966
IOWA,19,GRUNDY,075,19075,CENTRAL,50,2016,1.0,121500.0,121100.0,7852000.0,64.8,4357.862540623568,213696.106,49007.4312462
IOWA,19,GRUNDY,075,19075,CENTRAL,50,2017,1.0,128000.0,127200.0,8086000.0,63.6,4277.1613824638725,220064.533,51476.0136624
IOWA,19,GRUNDY,075,19075,CENTRAL,50,2018,1.0,124500.0,123100.0,7623000.0,61.9,4162.834741737637,207463.7565,49816.8025302
IOWA,19,GRUNDY,075,19075,CENTRAL,50,2019,1.0,115000.0,114200.0,6435000.0,56.3,3786.2293369923905,175131.7425,46215.1003164
IOWA,19,GRUNDY,075,19075,CENTRAL,50,2020,1.0,116000.0,114800.0,6991000.0,60.9,4095.5837766045574,190263.5605,46457.9117016
IOWA,19,GRUNDY,075,19075,CENTRAL,50,2021,1.0,127000.0,126100.0,8386000.0,66.5,4472.189181349804,228229.183,51030.8594562
IOWA,19,GRUNDY,075,19075,CENTRAL,50,2022,1.0,124500.0,123300.0,8002000.0,64.9,4364.587637136877,217778.431,49897.7396586
IOWA,19,GRUNDY,075,19075,CENTRAL,50,2023,1.0,122500.0,120800.0,7743000.0,64.1,4310.786865030413,210729.6165,48886.025553600004
IOWA,19,GRUNDY,075,19075,CENTRAL,50,2025,1.0,118000.0,117100.0,7881000.0,67.3,4525.989953456267,214485.3555,47388.6886782
IOWA,19,GUTHRIE,077,19077,WEST CENTRAL,40,1980,1.0,65800.0,65700.0,2390000.0,36.4,2447.9351308441032,65045.045,26587.8466794
IOWA,19,GUTHRIE,077,19077,WEST CENTRAL,40,1981,1.0,70100.0,70100.0,2938000.0,41.9,2817.815439076042,79959.139,28368.4635042
IOWA,19,GUTHRIE,077,19077,WEST CENTRAL,40,1982,1.0,74300.0,74100.0,2720000.0,36.7,2468.1104203840273,74026.16,29987.206072200002
IOWA,19,GUTHRIE,077,19077,WEST CENTRAL,40,1983,1.0,72500.0,72500.0,2552000.0,35.2,2367.233972684408,69453.956,29339.709045
IOWA,19,GUTHRIE,077,19077,WEST CENTRAL,40,1984,1.0,76100.0,76100.0,2212000.0,29.1,1957.0030853726212,60200.686,30796.5773562
IOWA,19,GUTHRIE,077,19077,WEST CENTRAL,40,1985,1.0,69800.0,69300.0,2567000.0,37.0,2488.285709923951,69862.1885,28044.7149906
IOWA,19,GUTHRIE,077,19077,WEST CENTRAL,40,1986,1.0,72900.0,71900.0,2876000.0,40.0,2690.0386053231905,78271.778,29096.8976598
IOWA,19,GUTHRIE,077,19077,WEST CENTRAL,40,1987,1.0,72900.0,72500.0,3155000.0,43.5,2925.4169832889697,85864.9025,29339.709045
IOWA,19,GUTHRIE,077,19077,WEST CENTRAL,40,1988,1.0,77500.0,77100.0,2230000.0,28.9,1943.552892346005,60690.565,31201.2629982
IOWA,19,GUTHRIE,077,19077,WEST CENTRAL,40,1989,1.0,79000.0,78800.0,3049000.0,38.7,2602.6123506501867,82980.0595,31889.2285896
IOWA,19,GUTHRIE,077,19077,WEST CENTRAL,40,1990,1.0,75100.0,74700.0,2977000.0,39.9,2683.3135088098825,81020.5435,30230.0174574
IOWA,19,GUTHRIE,077,19077,WEST CENTRAL,40,1991,1.0,80100.0,79700.0,3290000.0,41.3,2777.464859996194,89538.995,32253.4456674
IOWA,19,GUTHRIE,077,19077,WEST CENTRAL,40,1992,1.0,75000.0,74900.0,3199000.0,42.7,2871.616211182506,87062.3845,30310.954585800002
IOWA,19,GUTHRIE,077,19077,WEST CENTRAL,40,1993,1.0,79000.0,76600.0,2469000.0,32.2,2165.4810772851683,67195.0695,30998.9201772
IOWA,19,GUTHRIE,077,19077,WEST CENTRAL,40,1994,1.0,78000.0,77800.0,3962000.0,50.9,3423.07412527376,107827.811,31484.542947600003
IOWA,19,GUTHRIE,077,19077,WEST CENTRAL,40,1995,1.0,86000.0,85500.0,3564000.0,41.7,2804.3652460494263,96996.042,34600.622391000004
IOWA,19,GUTHRIE,077,19077,WEST CENTRAL,40,1996,1.0,92000.0,91100.0,3885000.0,42.6,2864.891114669198,105732.2175,36866.8619862
IOWA,19,GUTHRIE,077,19077,WEST CENTRAL,40,1997,1.0,99700.0,98200.0,4004000.0,40.8,2743.839377429654,108970.862,39740.1300444
IOWA,19,GUTHRIE,077,19077,WEST CENTRAL,40,1998,1.0,99000.0,98700.0,4546000.0,46.1,3100.269492634977,123721.663,39942.4728654
IOWA,19,GUTHRIE,077,19077,WEST CENTRAL,40,1999,1.0,101000.0,100800.0,4290000.0,42.6,2864.891114669198,116754.495,40792.312713600004
IOWA,19,GUTHRIE,077,19077,WEST CENTRAL,40,2000,1.0,100000.0,99800.0,3884000.0,38.9,2616.0625436768028,105705.002,40387.6270716
IOWA,19,GUTHRIE,077,19077,WEST CENTRAL,40,2001,1.0,103000.0,102400.0,3914000.0,38.2,2568.986868083647,106521.467,41439.8097408
IOWA,19,GUTHRIE,077,19077,WEST CENTRAL,40,2002,1.0,96000.0,95400.0,4395000.0,46.1,3100.269492634977,119612.1225,38607.010246800004
IOWA,19,GUTHRIE,077,19077,WEST CENTRAL,40,2003,1.0,100000.0,99500.0,2711000.0,27.2,1829.2262516197693,73781.2205,40266.221379
IOWA,19,GUTHRIE,077,19077,WEST CENTRAL,40,2004,1.0,94000.0,93700.0,4443000.0,47.4,3187.6957473079806,120918.4665,37919.0446554
IOWA,19,GUTHRIE,077,19077,WEST CENTRAL,40,2005,1.0,93500.0,93100.0,4879600.0,52.4,3523.950572973379,132800.7538,37676.2332702
IOWA,19,GUTHRIE,077,19077,WEST CENTRAL,40,2006,1.0,95500.0,95000.0,4341000.0,45.7,3073.369106581745,118142.4855,38445.13599
IOWA,19,GUTHRIE,077,19077,WEST CENTRAL,40,2007,1.0,79000.0,78900.0,3906000.0,49.5,3328.922774087448,106303.743,31929.6971538
IOWA,19,GUTHRIE,077,19077,WEST CENTRAL,40,2008,1.0,89000.0,88500.0,3884000.0,44.0,2959.0424658555094,105705.002,35814.679317
IOWA,19,GUTHRIE,077,19077,WEST CENTRAL,40,2009,1.0,88000.0,87800.0,4215000.0,48.0,3228.0463263878282,114713.3325,35531.3993676
IOWA,19,GUTHRIE,077,19077,WEST CENTRAL,40,2010,1.0,89000.0,88800.0,4440000.0,50.0,3362.548256653988,120836.82,35936.0850096
IOWA,19,GUTHRIE,077,19077,WEST CENTRAL,40,2011,1.0,88200.0,87800.0,4675000.0,53.2,3577.7513450798433,127232.4625,35531.3993676
IOWA,19,GUTHRIE,077,19077,WEST CENTRAL,40,2012,1.0,85000.0,84700.0,3196000.0,37.7,2535.361385517107,86980.738,34276.8738774
IOWA,19,GUTHRIE,077,19077,WEST CENTRAL,40,2013,1.0,88100.0,87700.0,3411000.0,38.9,2616.0625436768028,92832.0705,35490.9308034
IOWA,19,GUTHRIE,077,19077,WEST CENTRAL,40,2014,1.0,94100.0,93000.0,4441000.0,47.8,3214.596133361212,120864.0355,37635.764706
IOWA,19,GUTHRIE,077,19077,WEST CENTRAL,40,2015,1.0,90600.0,90200.0,4904000.0,54.4,3658.4525032395386,133464.812,36502.6449084
IOWA,19,GUTHRIE,077,19077,WEST CENTRAL,40,2016,1.0,89900.0,89500.0,5223000.0,58.4,3927.456363771858,142146.5565,36219.364959
IOWA,19,GUTHRIE,077,19077,WEST CENTRAL,40,2017,1.0,93700.0,93100.0,5509000.0,59.2,3981.257135878322,149930.1895,37676.2332702
IOWA,19,GUTHRIE,077,19077,WEST CENTRAL,40,2018,1.0,94200.0,93400.0,4853000.0,52.0,3497.0501869201476,132076.8215,37797.6389628
IOWA,19,GUTHRIE,077,19077,WEST CENTRAL,40,2019,1.0,88800.0,88200.0,4779000.0,54.2,3645.002310212923,130062.8745,35693.273624400004
IOWA,19,GUTHRIE,077,19077,WEST CENTRAL,40,2020,1.0,90800.0,90100.0,4099000.0,45.5,3059.918913555129,111556.3345,36462.1763442
IOWA,19,GUTHRIE,077,19077,WEST CENTRAL,40,2022,1.0,94700.0,94100.0,5514000.0,58.6,3940.906556798474,150066.267,38080.9189122
IOWA,19,HAMILTON,079,19079,CENTRAL,50,1980,1.0,147000.0,146700.0,5880000.0,40.1,2696.7637018364985,160027.14,59367.3836814
IOWA,19,HAMILTON,079,19079,CENTRAL,50,1981,1.0,142000.0,141000.0,6204000.0,44.0,2959.0424658555094,168844.962,57060.675522000005
IOWA,19,HAMILTON,079,19079,CENTRAL,50,1982,1.0,145000.0,144300.0,5351000.0,37.1,2495.0108064372594,145630.1405,58396.1381406
IOWA,19,HAMILTON,079,19079,CENTRAL,50,1983,1.0,129000.0,129000.0,4840000.0,37.5,2521.911192490491,131723.02,52204.447818
IOWA,19,HAMILTON,079,19079,CENTRAL,50,1984,1.0,132000.0,131200.0,4480000.0,34.1,2293.2579110380198,121925.44,53094.7562304
IOWA,19,HAMILTON,079,19079,CENTRAL,50,1985,1.0,127000.0,126100.0,5065000.0,40.2,2703.4887983498065,137846.5075,51030.8594562
IOWA,19,HAMILTON,079,19079,CENTRAL,50,1986,1.0,128000.0,127300.0,5279000.0,41.5,2790.91505302281,143670.6245,51516.482226600005
IOWA,19,HAMILTON,079,19079,CENTRAL,50,1987,1.0,127000.0,126500.0,5508000.0,43.5,2925.4169832889697,149902.974,51192.733713
IOWA,19,HAMILTON,079,19079,CENTRAL,50,1988,1.0,131000.0,130500.0,3184000.0,24.4,1640.923549247146,86654.152,52811.476281
IOWA,19,HAMILTON,079,19079,CENTRAL,50,1989,1.0,131000.0,130900.0,6005000.0,45.9,3086.819299608361,163429.0775,52973.350537800005
IOWA,19,HAMILTON,079,19079,CENTRAL,50,1990,1.0,132000.0,128400.0,5024000.0,39.1,2629.512736703419,136730.672,51961.6364328
IOWA,19,HAMILTON,079,19079,CENTRAL,50,1991,1.0,148000.0,145400.0,5836000.0,40.1,2696.7637018364985,158829.658,58841.2923468
IOWA,19,HAMILTON,079,19079,CENTRAL,50,1992,1.0,134000.0,133700.0,6293000.0,47.1,3167.520457768057,171267.1415,54106.4703354
IOWA,19,HAMILTON,079,19079,CENTRAL,50,1993,1.0,140000.0,133100.0,3577000.0,26.9,1809.0509620798455,97349.8435,53863.6589502
IOWA,19,HAMILTON,079,19079,CENTRAL,50,1994,1.0,141000.0,140700.0,7355000.0,52.3,3517.225476460071,200170.0025,56939.2698294
IOWA,19,HAMILTON,079,19079,CENTRAL,50,1995,1.0,141000.0,139400.0,6852000.0,49.2,3308.7474845475244,186480.606,56413.1784948
IOWA,19,HAMILTON,079,19079,CENTRAL,50,1996,1.0,135000.0,134500.0,6139000.0,45.6,3066.644010068437,167075.9545,54430.218849000004
IOWA,19,HAMILTON,079,19079,CENTRAL,50,1997,1.0,157700.0,156300.0,7067000.0,45.2,3039.743624015205,192331.9385,63252.365844600004
IOWA,19,HAMILTON,079,19079,CENTRAL,50,1998,1.0,154500.0,154000.0,7369000.0,47.9,3221.32122987452,200551.0195,62321.588868
IOWA,19,HAMILTON,079,19079,CENTRAL,50,1999,1.0,154000.0,153800.0,6965000.0,45.3,3046.468720528513,189555.9575,62240.651739600005
IOWA,19,HAMILTON,079,19079,CENTRAL,50,2000,1.0,148000.0,147900.0,5898000.0,39.9,2683.3135088098825,160517.019,59853.0064518
IOWA,19,HAMILTON,079,19079,CENTRAL,50,2001,1.0,152000.0,151000.0,6373000.0,42.2,2837.990728615966,173444.3815,61107.531942
IOWA,19,HAMILTON,079,19079,CENTRAL,50,2002,1.0,140000.0,139400.0,6891000.0,49.4,3322.19767757414,187542.0105,56413.1784948
IOWA,19,HAMILTON,079,19079,CENTRAL,50,2003,1.0,139000.0,138400.0,4755000.0,34.4,2313.433200577944,129409.7025,56008.4928528
IOWA,19,HAMILTON,079,19079,CENTRAL,50,2004,1.0,131000.0,130500.0,6472000.0,49.6,3335.647870600756,176138.716,52811.476281
IOWA,19,HAMILTON,079,19079,CENTRAL,50,2005,1.0,129000.0,128400.0,6741800.0,52.5,3530.675669486687,183481.4579,51961.6364328
IOWA,19,HAMILTON,079,19079,CENTRAL,50,2006,1.0,124000.0,123600.0,6105200.0,49.4,3322.19767757414,166156.0706,50019.1453512
IOWA,19,HAMILTON,079,19079,CENTRAL,50,2007,1.0,99000.0,98900.0,4984000.0,50.4,3389.4486427072197,135642.052,40023.4099938
IOWA,19,HAMILTON,079,19079,CENTRAL,50,2008,1.0,107000.0,106500.0,4981000.0,47.0,3160.7953612547485,135560.4055,43099.020873
IOWA,19,HAMILTON,079,19079,CENTRAL,50,2009,1.0,112000.0,110100.0,4893000.0,44.5,2992.6679484220494,133165.4415,44555.8891842
IOWA,19,HAMILTON,079,19079,CENTRAL,50,2010,1.0,112000.0,111800.0,5378000.0,48.1,3234.7714229011367,146364.959,45243.854775600004
IOWA,19,HAMILTON,079,19079,CENTRAL,50,2011,1.0,105000.0,104300.0,5476000.0,52.5,3530.675669486687,149032.078,42208.7124606
IOWA,19,HAMILTON,079,19079,CENTRAL,50,2012,1.0,94600.0,94300.0,4320000.0,45.8,3080.0942030950528,117570.96,38161.8560406
IOWA,19,HAMILTON,079,19079,CENTRAL,50,2013,1.0,102000.0,101600.0,3860000.0,38.0,2555.536675057031,105051.83,41116.0612272
IOWA,19,HAMILTON,079,19079,CENTRAL,50,2014,1.0,114500.0,113900.0,5247000.0,46.1,3100.269492634977,142799.7285,46093.6946238
IOWA,19,HAMILTON,079,19079,CENTRAL,50,2015,1.0,115500.0,115000.0,6241000.0,54.3,3651.7274067262306,169851.9355,46538.84883
IOWA,19,HAMILTON,079,19079,CENTRAL,50,2016,1.0,103000.0,102600.0,6257000.0,61.0,4102.308873117865,170287.3835,41520.746869200004
IOWA,19,HAMILTON,079,19079,CENTRAL,50,2017,1.0,115000.0,114300.0,6541000.0,57.2,3846.7552056121626,178016.5855,46255.5688806
IOWA,19,HAMILTON,079,19079,CENTRAL,50,2018,1.0,116500.0,115100.0,5741000.0,49.9,3355.82316014068,156244.1855,46579.3173942
IOWA,19,HAMILTON,079,19079,CENTRAL,50,2019,1.0,111000.0,110200.0,5668000.0,51.4,3456.6996078402994,154257.454,44596.3577484
IOWA,19,HAMILTON,079,19079,CENTRAL,50,2020,1.0,111000.0,110100.0,5670000.0,51.5,3463.4247043536075,154311.885,44555.8891842
IOWA,19,HAMILTON,079,19079,CENTRAL,50,2021,1.0,127000.0,126100.0,7843000.0,62.2,4183.010031277561,213451.1665,51030.8594562
IOWA,19,HAMILTON,079,19079,CENTRAL,50,2022,1.0,125500.0,124600.0,7638000.0,61.3,4122.484162657789,207871.989,50423.830993200005
IOWA,19,HAMILTON,079,19079,CENTRAL,50,2023,1.0,126500.0,125700.0,7819000.0,62.2,4183.010031277561,212797.9945,50868.9851994
IOWA,19,HAMILTON,079,19079,CENTRAL,50,2024,1.0,123500.0,122700.0,7190000.0,58.6,3940.906556798474,195679.445,49654.9282734
IOWA,19,HAMILTON,079,19079,CENTRAL,50,2025,1.0,117500.0,116600.0,7591000.0,65.1,4378.037830163492,206592.8605,47186.3458572
IOWA,19,HANCOCK,081,19081,NORTH CENTRAL,20,1980,1.0,124600.0,124500.0,4890000.0,39.3,2642.9629297300344,133083.795,50383.362429
IOWA,19,HANCOCK,081,19081,NORTH CENTRAL,20,1981,1.0,124000.0,121600.0,4483000.0,36.9,2481.560613410643,122007.0865,49209.7740672
IOWA,19,HANCOCK,081,19081,NORTH CENTRAL,20,1982,1.0,132000.0,131400.0,4861000.0,37.0,2488.285709923951,132294.5455,53175.6933588
IOWA,19,HANCOCK,081,19081,NORTH CENTRAL,20,1983,1.0,127000.0,126500.0,4639000.0,36.7,2468.1104203840273,126252.7045,51192.733713
IOWA,19,HANCOCK,081,19081,NORTH CENTRAL,20,1984,1.0,138000.0,135700.0,4303000.0,31.7,2131.8555947186283,117108.2965,54915.8416194
IOWA,19,HANCOCK,081,19081,NORTH CENTRAL,20,1985,1.0,133000.0,132400.0,4662000.0,35.2,2367.233972684408,126878.661,53580.3790008
IOWA,19,HANCOCK,081,19081,NORTH CENTRAL,20,1986,1.0,135000.0,134900.0,5558000.0,41.2,2770.7397634828862,151263.749,54592.0931058
IOWA,19,HANCOCK,081,19081,NORTH CENTRAL,20,1987,1.0,117000.0,116400.0,5012000.0,43.1,2898.5165972357377,136404.086,47105.4087288
IOWA,19,HANCOCK,081,19081,NORTH CENTRAL,20,1988,1.0,118000.0,117300.0,4166000.0,35.5,2387.4092622243315,113379.773,47469.6258066
IOWA,19,HANCOCK,081,19081,NORTH CENTRAL,20,1989,1.0,123000.0,121900.0,4492000.0,36.8,2474.835516897335,122252.026,49331.179759800005
IOWA,19,HANCOCK,081,19081,NORTH CENTRAL,20,1990,1.0,118000.0,117400.0,4757000.0,40.5,2723.66408788973,129464.1335,47510.094370800005
IOWA,19,HANCOCK,081,19081,NORTH CENTRAL,20,1991,1.0,131000.0,130200.0,4459000.0,34.2,2299.983007551328,121353.9145,52690.0705884
IOWA,19,HANCOCK,081,19081,NORTH CENTRAL,20,1992,1.0,112000.0,111800.0,4631000.0,41.4,2784.189956509502,126034.9805,45243.854775600004
IOWA,19,HANCOCK,081,19081,NORTH CENTRAL,20,1993,1.0,120000.0,114100.0,2863000.0,25.1,1687.999224840302,77917.9765,46174.6317522
IOWA,19,HANCOCK,081,19081,NORTH CENTRAL,20,1994,1.0,123000.0,122300.0,5391000.0,44.1,2965.7675623688174,146718.7605,49493.0540166
IOWA,19,HANCOCK,081,19081,NORTH CENTRAL,20,1995,1.0,120000.0,119700.0,5431000.0,45.4,3053.193817041821,147807.3805,48440.8713474
IOWA,19,HANCOCK,081,19081,NORTH CENTRAL,20,1996,1.0,127000.0,126700.0,5354000.0,42.3,2844.7158251292735,145711.787,51273.6708414
IOWA,19,HANCOCK,081,19081,NORTH CENTRAL,20,1997,1.0,139100.0,138300.0,5905000.0,42.7,2871.616211182506,160707.5275,55968.024288600005
IOWA,19,HANCOCK,081,19081,NORTH CENTRAL,20,1998,1.0,135700.0,135400.0,6532000.0,48.2,3241.4965194144447,177771.646,54794.435926800004
IOWA,19,HANCOCK,081,19081,NORTH CENTRAL,20,1999,1.0,140000.0,139900.0,5997000.0,42.9,2885.0664042091216,163211.3535,56615.521315800004
IOWA,19,HANCOCK,081,19081,NORTH CENTRAL,20,2000,1.0,139000.0,138900.0,6602000.0,47.5,3194.4208438212886,179676.731,56210.8356738
IOWA,19,HANCOCK,081,19081,NORTH CENTRAL,20,2001,1.0,147000.0,145900.0,6147000.0,42.1,2831.265632102658,167293.6785,59043.6351678
IOWA,19,HANCOCK,081,19081,NORTH CENTRAL,20,2002,1.0,138000.0,137200.0,6787000.0,49.5,3328.922774087448,184711.5985,55522.870082400004
IOWA,19,HANCOCK,081,19081,NORTH CENTRAL,20,2003,1.0,137000.0,136400.0,4632000.0,34.0,2286.5328145247117,126062.196,55199.1215688
IOWA,19,HANCOCK,081,19081,NORTH CENTRAL,20,2004,1.0,130000.0,129300.0,5612000.0,43.4,2918.6918867756613,152733.386,52325.8535106
IOWA,19,HANCOCK,081,19081,NORTH CENTRAL,20,2005,1.0,128500.0,127900.0,6866700.0,53.7,3611.3768276463834,186880.67385,51759.2936118
IOWA,19,HANCOCK,081,19081,NORTH CENTRAL,20,2006,1.0,124500.0,124300.0,6238300.0,50.2,3375.998449680604,169778.45365,50302.4253006
IOWA,19,HANCOCK,081,19081,NORTH CENTRAL,20,2007,1.0,97500.0,97400.0,5163000.0,53.0,3564.3011520532273,140513.6265,39416.3815308
IOWA,19,HANCOCK,081,19081,NORTH CENTRAL,20,2008,1.0,112000.0,111500.0,5598000.0,50.0,3362.548256653988,152352.369,45122.449083
IOWA,19,HANCOCK,081,19081,NORTH CENTRAL,20,2009,1.0,116000.0,115500.0,5767000.0,50.0,3362.548256653988,156951.7885,46741.191651
IOWA,19,HANCOCK,081,19081,NORTH CENTRAL,20,2010,1.0,121000.0,120500.0,6175000.0,51.2,3443.249414813684,168055.7125,48764.619861
IOWA,19,HANCOCK,081,19081,NORTH CENTRAL,20,2011,1.0,108000.0,107200.0,5390000.0,50.3,3382.7235461939117,146691.545,43382.3008224
IOWA,19,HANCOCK,081,19081,NORTH CENTRAL,20,2012,1.0,105000.0,104400.0,4318000.0,41.4,2784.189956509502,117516.529,42249.181024800004
IOWA,19,HANCOCK,081,19081,NORTH CENTRAL,20,2013,1.0,100500.0,100000.0,4573000.0,45.7,3073.369106581745,124456.4815,40468.5642
IOWA,19,HANCOCK,081,19081,NORTH CENTRAL,20,2014,1.0,106000.0,105500.0,5024000.0,47.6,3201.1459403345966,136730.672,42694.335231000005
IOWA,19,HANCOCK,081,19081,NORTH CENTRAL,20,2015,1.0,114500.0,113600.0,6775000.0,59.6,4008.1575219315537,184385.0125,45972.288931200004
IOWA,19,HANCOCK,081,19081,NORTH CENTRAL,20,2016,1.0,101000.0,99900.0,6235000.0,62.4,4196.460224304177,169688.6425,40428.095635800004
IOWA,19,HANCOCK,081,19081,NORTH CENTRAL,20,2017,1.0,116000.0,115400.0,6625000.0,57.4,3860.205398638778,180302.6875,46700.723086800004
IOWA,19,HANCOCK,081,19081,NORTH CENTRAL,20,2018,1.0,122000.0,120500.0,6410000.0,53.2,3577.7513450798433,174451.355,48764.619861
IOWA,19,HANCOCK,081,19081,NORTH CENTRAL,20,2019,1.0,108000.0,107100.0,5309000.0,49.6,3335.647870600756,144487.0895,43341.832258200004
IOWA,19,HANCOCK,081,19081,NORTH CENTRAL,20,2020,1.0,109000.0,108100.0,6486000.0,60.0,4035.0579079847857,176519.733,43746.5179002
IOWA,19,HANCOCK,081,19081,NORTH CENTRAL,20,2021,1.0,120000.0,119300.0,7576000.0,63.5,4270.4362859505645,206184.628,48278.9970906
IOWA,19,HANCOCK,081,19081,NORTH CENTRAL,20,2022,1.0,133500.0,132600.0,8354000.0,63.0,4236.810803384024,227358.287,53661.3161292
IOWA,19,HANCOCK,081,19081,NORTH CENTRAL,20,2023,1.0,121500.0,120700.0,7266000.0,60.2,4048.508101011402,197747.823,48845.5569894
IOWA,19,HANCOCK,081,19081,NORTH CENTRAL,20,2024,1.0,124500.0,123700.0,7199000.0,58.2,3914.0061707452423,195924.3845,50059.613915400005
IOWA,19,HANCOCK,081,19081,NORTH CENTRAL,20,2025,1.0,112500.0,111600.0,6573000.0,58.9,3961.0818463383976,178887.4815,45162.9176472
IOWA,19,HARDIN,083,19083,CENTRAL,50,1980,1.0,111600.0,111400.0,4510000.0,40.5,2723.66408788973,122741.905,45081.9805188
IOWA,19,HARDIN,083,19083,CENTRAL,50,1981,1.0,109000.0,108600.0,4369000.0,40.2,2703.4887983498065,118904.5195,43948.8607212
IOWA,19,HARDIN,083,19083,CENTRAL,50,1982,1.0,115000.0,114500.0,4361000.0,38.1,2562.261771570339,118686.7955,46336.506009000004
IOWA,19,HARDIN,083,19083,CENTRAL,50,1983,1.0,107000.0,107000.0,4357000.0,40.7,2737.1142809163466,118577.9335,43301.363694
IOWA,19,HARDIN,083,19083,CENTRAL,50,1984,1.0,123000.0,122200.0,4477000.0,36.6,2461.3853238707193,121843.7935,49452.5854524
IOWA,19,HARDIN,083,19083,CENTRAL,50,1985,1.0,115000.0,114500.0,4780000.0,41.7,2804.3652460494263,130090.09,46336.506009000004
IOWA,19,HARDIN,083,19083,CENTRAL,50,1986,1.0,119000.0,118700.0,5332000.0,44.9,3019.568334475281,145113.046,48036.1857054
IOWA,19,HARDIN,083,19083,CENTRAL,50,1987,1.0,110000.0,109600.0,5208000.0,47.5,3194.4208438212886,141738.324,44353.5463632
IOWA,19,HARDIN,083,19083,CENTRAL,50,1988,1.0,111000.0,110600.0,2955000.0,26.7,1795.6007690532294,80421.8025,44758.2320052
IOWA,19,HARDIN,083,19083,CENTRAL,50,1989,1.0,112000.0,111800.0,4459000.0,39.9,2683.3135088098825,121353.9145,45243.854775600004
IOWA,19,HARDIN,083,19083,CENTRAL,50,1990,1.0,106000.0,105700.0,4801000.0,45.4,3053.193817041821,130661.6155,42775.2723594
IOWA,19,HARDIN,083,19083,CENTRAL,50,1991,1.0,125000.0,123900.0,4858000.0,39.2,2636.237833216727,132212.899,50140.5510438
IOWA,19,HARDIN,083,19083,CENTRAL,50,1992,1.0,111000.0,110700.0,5188000.0,46.9,3154.0702647414405,141194.014,44798.7005694
IOWA,19,HARDIN,083,19083,CENTRAL,50,1993,1.0,116000.0,113900.0,3403000.0,29.9,2010.8038574790846,92614.3465,46093.6946238
IOWA,19,HARDIN,083,19083,CENTRAL,50,1994,1.0,118000.0,117700.0,6225000.0,52.9,3557.5760555399193,169416.4875,47631.5000634
IOWA,19,HARDIN,083,19083,CENTRAL,50,1995,1.0,118000.0,116900.0,6050000.0,51.8,3483.5999938935315,164653.775,47307.7515498
IOWA,19,HARDIN,083,19083,CENTRAL,50,1996,1.0,120000.0,119700.0,5500000.0,45.9,3086.819299608361,149685.25,48440.8713474
IOWA,19,HARDIN,083,19083,CENTRAL,50,1997,1.0,143500.0,141800.0,6431000.0,45.4,3053.193817041821,175022.8805,57384.4240356
IOWA,19,HARDIN,083,19083,CENTRAL,50,1998,1.0,139600.0,139000.0,6673000.0,48.0,3228.0463263878282,181609.0315,56251.304238000004
IOWA,19,HARDIN,083,19083,CENTRAL,50,1999,1.0,139000.0,138700.0,6218000.0,44.8,3012.843237961973,169225.979,56129.8985454
IOWA,19,HARDIN,083,19083,CENTRAL,50,2000,1.0,136000.0,135800.0,5947000.0,43.8,2945.5922728288933,161850.5785,54956.3101836
IOWA,19,HARDIN,083,19083,CENTRAL,50,2001,1.0,138000.0,137100.0,5998000.0,43.7,2938.8671763155858,163238.569,55482.4015182
IOWA,19,HARDIN,083,19083,CENTRAL,50,2002,1.0,130000.0,129300.0,6460000.0,50.0,3362.548256653988,175812.13,52325.8535106
IOWA,19,HARDIN,083,19083,CENTRAL,50,2003,1.0,123000.0,122300.0,4132000.0,33.8,2273.0826214980957,112454.446,49493.0540166
IOWA,19,HARDIN,083,19083,CENTRAL,50,2004,1.0,117000.0,116600.0,5879000.0,50.4,3389.4486427072197,159999.9245,47186.3458572
IOWA,19,HARDIN,083,19083,CENTRAL,50,2005,1.0,110500.0,110000.0,6058500.0,55.1,3705.5281788326947,164885.10675,44515.420620000004
IOWA,19,HARDIN,083,19083,CENTRAL,50,2006,1.0,110000.0,109700.0,6192600.0,56.5,3799.6795300190065,168534.70529999997,44394.0149274
IOWA,19,HARDIN,083,19083,CENTRAL,50,2007,1.0,87500.0,87400.0,4701000.0,53.8,3618.101924159691,127940.0655,35369.5251108
IOWA,19,HARDIN,083,19083,CENTRAL,50,2008,1.0,104000.0,102900.0,4968000.0,48.5,3261.6718089543683,135206.604,41642.1525618
IOWA,19,HARDIN,083,19083,CENTRAL,50,2009,1.0,106000.0,99300.0,4553000.0,46.0,3093.544396121669,123912.1715,40185.2842506
IOWA,19,HARDIN,083,19083,CENTRAL,50,2010,1.0,104500.0,104300.0,5764000.0,55.3,3718.9783718593103,156870.142,42208.7124606
IOWA,19,HARDIN,083,19083,CENTRAL,50,2011,1.0,96200.0,95600.0,5410000.0,56.6,3806.4046265323145,147235.855,38687.9473752
IOWA,19,HARDIN,083,19083,CENTRAL,50,2012,1.0,93000.0,92700.0,4706000.0,50.8,3416.349028760452,128076.143,37514.359013400004
IOWA,19,HARDIN,083,19083,CENTRAL,50,2013,1.0,93700.0,93000.0,4381000.0,47.1,3167.520457768057,119231.1055,37635.764706
IOWA,19,HARDIN,083,19083,CENTRAL,50,2014,1.0,103500.0,102700.0,4812000.0,46.9,3154.0702647414405,130960.986,41561.2154334
IOWA,19,HARDIN,083,19083,CENTRAL,50,2015,1.0,99100.0,98700.0,5488000.0,55.6,3739.153661399235,149358.664,39942.4728654
IOWA,19,HARDIN,083,19083,CENTRAL,50,2016,1.0,89400.0,89000.0,5333000.0,59.9,4028.3328114714777,145140.2615,36017.022138
IOWA,19,HARDIN,083,19083,CENTRAL,50,2017,1.0,98000.0,97400.0,5813000.0,59.7,4014.8826184448617,158203.7015,39416.3815308
IOWA,19,HARDIN,083,19083,CENTRAL,50,2018,1.0,102000.0,101000.0,5991000.0,59.3,3987.9822323916296,163048.0605,40873.249842000005
IOWA,19,HARDIN,083,19083,CENTRAL,50,2019,1.0,87200.0,86600.0,4665000.0,53.9,3624.827020672999,126960.3075,35045.7765972
IOWA,19,HARDIN,083,19083,CENTRAL,50,2020,1.0,91100.0,90300.0,4768000.0,52.8,3550.8509590266112,129763.504,36543.1134726
IOWA,19,HARDIN,083,19083,CENTRAL,50,2021,1.0,104500.0,103900.0,6754000.0,65.0,4371.312733650185,183813.487,42046.8382038
IOWA,19,HARDIN,083,19083,CENTRAL,50,2022,1.0,108500.0,107800.0,6835000.0,63.4,4263.7111894372565,186017.9425,43625.1122076
IOWA,19,HARDIN,083,19083,CENTRAL,50,2023,1.0,103500.0,102800.0,6394000.0,62.2,4183.010031277561,174015.907,41601.683997600005
IOWA,19,HARDIN,083,19083,CENTRAL,50,2025,1.0,98700.0,98000.0,6360000.0,64.9,4364.587637136877,173090.58,39659.192916
IOWA,19,HARRISON,085,19085,WEST CENTRAL,40,1980,1.0,109600.0,109400.0,3600000.0,32.9,2212.556752878324,97975.8,44272.6092348
IOWA,19,HARRISON,085,19085,WEST CENTRAL,40,1981,1.0,113400.0,113200.0,4434000.0,39.2,2636.237833216727,120673.527,45810.4146744
IOWA,19,HARRISON,085,19085,WEST CENTRAL,40,1982,1.0,122000.0,121500.0,4402000.0,36.2,2434.4849378174877,119802.631,49169.305503
IOWA,19,HARRISON,085,19085,WEST CENTRAL,40,1983,1.0,109000.0,108200.0,3498000.0,32.3,2172.206173798476,95199.819,43786.986464400004
IOWA,19,HARRISON,085,19085,WEST CENTRAL,40,1984,1.0,118000.0,112100.0,2843000.0,25.4,1708.174514380226,77373.6665,45365.2604682
IOWA,19,HARRISON,085,19085,WEST CENTRAL,40,1985,1.0,108000.0,107600.0,4489000.0,41.7,2804.3652460494263,122170.3795,43544.1750792
IOWA,19,HARRISON,085,19085,WEST CENTRAL,40,1986,1.0,108000.0,106100.0,4246000.0,40.0,2690.0386053231905,115557.013,42937.1466162
IOWA,19,HARRISON,085,19085,WEST CENTRAL,40,1987,1.0,108000.0,107500.0,4393000.0,40.9,2750.564473942962,119557.6915,43503.706515
IOWA,19,HARRISON,085,19085,WEST CENTRAL,40,1988,1.0,119000.0,118500.0,3436000.0,29.0,1950.277988859313,93512.458,47955.248577
IOWA,19,HARRISON,085,19085,WEST CENTRAL,40,1989,1.0,123000.0,122700.0,3898000.0,31.8,2138.5806912319363,106086.019,49654.9282734
IOWA,19,HARRISON,085,19085,WEST CENTRAL,40,1990,1.0,119000.0,118300.0,4332000.0,36.6,2461.3853238707193,117897.546,47874.311448600005
IOWA,19,HARRISON,085,19085,WEST CENTRAL,40,1991,1.0,121000.0,120100.0,4480000.0,37.3,2508.460999463875,121925.44,48602.745604200005
IOWA,19,HARRISON,085,19085,WEST CENTRAL,40,1992,1.0,117000.0,116800.0,5185000.0,44.4,2985.9428519087414,141112.3675,47267.2829856
IOWA,19,HARRISON,085,19085,WEST CENTRAL,40,1993,1.0,126000.0,122000.0,4254000.0,34.9,2347.0586831444834,115774.737,49371.648324
IOWA,19,HARRISON,085,19085,WEST CENTRAL,40,1994,1.0,126000.0,125800.0,6430000.0,51.1,3436.524318300376,174995.665,50909.4537636
IOWA,19,HARRISON,085,19085,WEST CENTRAL,40,1995,1.0,132000.0,131700.0,5032000.0,38.2,2568.986868083647,136948.396,53297.0990514
IOWA,19,HARRISON,085,19085,WEST CENTRAL,40,1996,1.0,139000.0,134800.0,6011000.0,44.6,2999.3930449353575,163592.3705,54551.6245416
IOWA,19,HARRISON,085,19085,WEST CENTRAL,40,1997,1.0,145300.0,144100.0,6266000.0,43.5,2925.4169832889697,170532.323,58315.2010122
IOWA,19,HARRISON,085,19085,WEST CENTRAL,40,1998,1.0,140600.0,139800.0,5621000.0,40.2,2703.4887983498065,152978.3255,56575.0527516
IOWA,19,HARRISON,085,19085,WEST CENTRAL,40,1999,1.0,150000.0,149200.0,5880000.0,39.4,2649.6880262433424,160027.14,60379.0977864
IOWA,19,HARRISON,085,19085,WEST CENTRAL,40,2000,1.0,143000.0,142800.0,5746000.0,40.2,2703.4887983498065,156380.263,57789.109677600005
IOWA,19,HARRISON,085,19085,WEST CENTRAL,40,2001,1.0,146000.0,145100.0,6296000.0,43.4,2918.6918867756613,171348.788,58719.8866542
IOWA,19,HARRISON,085,19085,WEST CENTRAL,40,2002,1.0,141000.0,139900.0,6195000.0,44.3,2979.217755395433,168600.0225,56615.521315800004
IOWA,19,HARRISON,085,19085,WEST CENTRAL,40,2003,1.0,148000.0,147300.0,4951000.0,33.6,2259.63242847148,134743.9405,59610.195066600005
IOWA,19,HARRISON,085,19085,WEST CENTRAL,40,2004,1.0,137000.0,136600.0,6284000.0,46.0,3093.544396121669,171022.202,55280.0586972
IOWA,19,HARRISON,085,19085,WEST CENTRAL,40,2005,1.0,138500.0,137900.0,5797300.0,42.0,2824.54053558935,157776.41815,55806.1500318
IOWA,19,HARRISON,085,19085,WEST CENTRAL,40,2006,1.0,137000.0,136800.0,6033800.0,44.1,2965.7675623688174,164212.88390000002,55360.9958256
IOWA,19,HARRISON,085,19085,WEST CENTRAL,40,2007,1.0,124000.0,123800.0,6214000.0,50.2,3375.998449680604,169117.117,50100.0824796
IOWA,19,HARRISON,085,19085,WEST CENTRAL,40,2008,1.0,129500.0,128700.0,5128000.0,40.0,2690.0386053231905,139561.084,52083.0421254
IOWA,19,HARRISON,085,19085,WEST CENTRAL,40,2009,1.0,126500.0,126200.0,6501000.0,51.5,3463.4247043536075,176927.9655,51071.328020400004
IOWA,19,HARRISON,085,19085,WEST CENTRAL,40,2010,1.0,126000.0,125500.0,6013000.0,47.9,3221.32122987452,163646.8015,50788.048071000005
IOWA,19,HARRISON,085,19085,WEST CENTRAL,40,2011,1.0,120500.0,115300.0,5281000.0,45.8,3080.0942030950528,143725.0555,46660.2545226
IOWA,19,HARRISON,085,19085,WEST CENTRAL,40,2012,1.0,111500.0,111100.0,4089000.0,36.8,2474.835516897335,111284.1795,44960.5748262
IOWA,19,HARRISON,085,19085,WEST CENTRAL,40,2013,1.0,115500.0,115000.0,5680000.0,49.4,3322.19767757414,154584.04,46538.84883
IOWA,19,HARRISON,085,19085,WEST CENTRAL,40,2014,1.0,130000.0,129500.0,6373000.0,49.2,3308.7474845475244,173444.3815,52406.790639
IOWA,19,HARRISON,085,19085,WEST CENTRAL,40,2015,1.0,133500.0,132900.0,6930000.0,52.1,3503.7752834334556,188603.415,53782.7218218
IOWA,19,HARRISON,085,19085,WEST CENTRAL,40,2016,1.0,120500.0,120000.0,6986000.0,58.2,3914.0061707452423,190127.483,48562.27704
IOWA,19,HARRISON,085,19085,WEST CENTRAL,40,2017,1.0,131000.0,130100.0,6980000.0,53.7,3611.3768276463834,189964.19,52649.6020242
IOWA,19,HARRISON,085,19085,WEST CENTRAL,40,2018,1.0,135000.0,133700.0,7038000.0,52.6,3537.4007659999957,191542.689,54106.4703354
IOWA,19,HARRISON,085,19085,WEST CENTRAL,40,2020,1.0,121000.0,120000.0,6252000.0,52.1,3503.7752834334556,170151.306,48562.27704
IOWA,19,HARRISON,085,19085,WEST CENTRAL,40,2022,1.0,132000.0,131100.0,6870000.0,52.4,3523.950572973379,186970.485,53054.2876662
IOWA,19,HARRISON,085,19085,WEST CENTRAL,40,2023,1.0,133500.0,132600.0,7346000.0,55.4,3725.7034683726188,199925.063,53661.3161292
IOWA,19,HENRY,087,19087,SOUTHEAST,90,1980,1.0,57900.0,57700.0,2270000.0,39.3,2642.9629297300344,61779.185,23350.361543400002
IOWA,19,HENRY,087,19087,SOUTHEAST,90,1981,1.0,55200.0,55200.0,2336000.0,42.3,2844.7158251292735,63575.408,22338.6474384
IOWA,19,HENRY,087,19087,SOUTHEAST,90,1982,1.0,55400.0,53700.0,2107000.0,39.2,2636.237833216727,57343.0585,21731.6189754
IOWA,19,HENRY,087,19087,SOUTHEAST,90,1983,1.0,55300.0,55300.0,1754000.0,31.7,2131.8555947186283,47735.987,22379.1160026
IOWA,19,HENRY,087,19087,SOUTHEAST,90,1984,1.0,60100.0,59600.0,2108000.0,35.4,2380.6841657110235,57370.274,24119.264263200002
IOWA,19,HENRY,087,19087,SOUTHEAST,90,1985,1.0,61300.0,61100.0,2509000.0,41.1,2764.0146669695782,68283.6895,24726.2927262
IOWA,19,HENRY,087,19087,SOUTHEAST,90,1986,1.0,64900.0,64000.0,2692000.0,42.1,2831.265632102658,73264.126,25899.881088000002
IOWA,19,HENRY,087,19087,SOUTHEAST,90,1987,1.0,52600.0,52400.0,2042000.0,39.0,2622.787640190111,55574.051,21205.5276408
IOWA,19,HENRY,087,19087,SOUTHEAST,90,1988,1.0,51000.0,50700.0,1622000.0,32.0,2152.0308842585523,44143.541,20517.5620494
IOWA,19,HENRY,087,19087,SOUTHEAST,90,1989,1.0,56600.0,56400.0,2069000.0,36.7,2468.1104203840273,56308.8695,22824.2702088
IOWA,19,HENRY,087,19087,SOUTHEAST,90,1990,1.0,55200.0,54800.0,2288000.0,41.8,2811.090342562734,62269.064,22176.7731816
IOWA,19,HENRY,087,19087,SOUTHEAST,90,1991,1.0,57200.0,56200.0,2482000.0,44.2,2972.4926588821254,67548.871,22743.3330804
IOWA,19,HENRY,087,19087,SOUTHEAST,90,1992,1.0,56000.0,55900.0,2570000.0,46.0,3093.544396121669,69943.835,22621.927387800002
IOWA,19,HENRY,087,19087,SOUTHEAST,90,1993,1.0,58000.0,56800.0,2260000.0,39.8,2676.5884122965745,61507.03,22986.144465600002
IOWA,19,HENRY,087,19087,SOUTHEAST,90,1994,1.0,60000.0,59800.0,3250000.0,54.3,3651.7274067262306,88450.375,24200.2013916
IOWA,19,HENRY,087,19087,SOUTHEAST,90,1995,1.0,71000.0,70800.0,2957000.0,41.8,2811.090342562734,80476.2335,28651.7434536
IOWA,19,HENRY,087,19087,SOUTHEAST,90,1996,1.0,65000.0,64900.0,2939000.0,45.3,3046.468720528513,79986.3545,26264.098165800002
IOWA,19,HENRY,087,19087,SOUTHEAST,90,1997,1.0,72800.0,72100.0,3529000.0,48.9,3288.5721950076,96043.4995,29177.8347882
IOWA,19,HENRY,087,19087,SOUTHEAST,90,1998,1.0,71300.0,71100.0,3706000.0,52.1,3503.7752834334556,100860.643,28773.1491462
IOWA,19,HENRY,087,19087,SOUTHEAST,90,1999,1.0,77000.0,76800.0,3080000.0,40.1,2696.7637018364985,83823.74,31079.857305600002
IOWA,19,HENRY,087,19087,SOUTHEAST,90,2000,1.0,75000.0,74800.0,3052000.0,40.8,2743.839377429654,83061.706,30270.4860216
IOWA,19,HENRY,087,19087,SOUTHEAST,90,2001,1.0,78000.0,77200.0,3344000.0,43.3,2911.9667902623532,91008.632,31241.7315624
IOWA,19,HENRY,087,19087,SOUTHEAST,90,2002,1.0,72000.0,71800.0,3403000.0,47.4,3187.6957473079806,92614.3465,29056.4290956
IOWA,19,HENRY,087,19087,SOUTHEAST,90,2003,1.0,74000.0,73700.0,2628000.0,35.7,2400.8594552509476,71522.334,29825.3318154
IOWA,19,HENRY,087,19087,SOUTHEAST,90,2004,1.0,73000.0,72800.0,3939000.0,54.1,3638.277213699615,107201.8545,29461.1147376
IOWA,19,HENRY,087,19087,SOUTHEAST,90,2005,1.0,72500.0,72100.0,3702800.0,51.4,3456.6996078402994,100773.55339999999,29177.8347882
IOWA,19,HENRY,087,19087,SOUTHEAST,90,2006,1.0,74500.0,74100.0,3650000.0,49.3,3315.472581060832,99336.575,29987.206072200002
IOWA,19,HENRY,087,19087,SOUTHEAST,90,2007,1.0,63500.0,63400.0,3237000.0,51.1,3436.524318300376,88096.5735,25657.0697028
IOWA,19,HENRY,087,19087,SOUTHEAST,90,2008,1.0,70000.0,69100.0,3325000.0,48.0,3228.0463263878282,90491.5375,27963.7778622
IOWA,19,HENRY,087,19087,SOUTHEAST,90,2009,1.0,68000.0,67400.0,3506000.0,52.0,3497.0501869201476,95417.543,27275.8122708
IOWA,19,HENRY,087,19087,SOUTHEAST,90,2010,1.0,65900.0,65300.0,3245000.0,49.7,3342.372967114064,88314.2975,26425.9724226
IOWA,19,HENRY,087,19087,SOUTHEAST,90,2011,1.0,69100.0,67500.0,3002000.0,44.5,2992.6679484220494,81700.931,27316.280835
IOWA,19,HENRY,087,19087,SOUTHEAST,90,2012,1.0,67000.0,66100.0,3322000.0,50.3,3382.7235461939117,90409.891,26749.7209362
IOWA,19,HENRY,087,19087,SOUTHEAST,90,2013,1.0,70200.0,69700.0,3155000.0,45.3,3046.468720528513,85864.9025,28206.5892474
IOWA,19,HENRY,087,19087,SOUTHEAST,90,2014,1.0,69800.0,69400.0,3890000.0,56.1,3772.7791439657744,105868.295,28085.1835548
IOWA,19,HENRY,087,19087,SOUTHEAST,90,2015,1.0,70800.0,70400.0,3931000.0,55.8,3752.6038544258504,106984.1305,28489.869196800002
IOWA,19,HENRY,087,19087,SOUTHEAST,90,2016,1.0,69500.0,69200.0,3955000.0,57.2,3846.7552056121626,107637.3025,28004.2464264
IOWA,19,HENRY,087,19087,SOUTHEAST,90,2017,1.0,72500.0,72100.0,4363000.0,60.5,4068.6833905513254,118741.2265,29177.8347882
IOWA,19,HENRY,087,19087,SOUTHEAST,90,2018,1.0,67800.0,67300.0,4192000.0,62.3,4189.735127790869,114087.376,27235.3437066
IOWA,19,HENRY,087,19087,SOUTHEAST,90,2019,1.0,68800.0,68200.0,3883000.0,56.9,3826.579916072238,105677.7865,27599.5607844
IOWA,19,HENRY,087,19087,SOUTHEAST,90,2020,1.0,70300.0,69700.0,3827000.0,54.9,3692.0779858060787,104153.7185,28206.5892474
IOWA,19,HENRY,087,19087,SOUTHEAST,90,2021,1.0,71800.0,71200.0,4151000.0,58.3,3920.73126725855,112971.5405,28813.6177104
IOWA,19,HENRY,087,19087,SOUTHEAST,90,2022,1.0,72200.0,71500.0,4308000.0,60.3,4055.2331975247093,117244.374,28935.023403
IOWA,19,HENRY,087,19087,SOUTHEAST,90,2023,1.0,72300.0,71800.0,4588000.0,63.9,4297.336672003797,124864.714,29056.4290956
IOWA,19,HENRY,087,19087,SOUTHEAST,90,2024,1.0,73500.0,73000.0,4847000.0,66.4,4465.464084836496,131913.5285,29542.051866
IOWA,19,HENRY,087,19087,SOUTHEAST,90,2025,1.0,71900.0,71400.0,4627000.0,64.8,4357.862540623568,125926.1185,28894.554838800002
IOWA,19,HOWARD,089,19089,NORTHEAST,30,1980,1.0,73200.0,73000.0,2490000.0,34.1,2293.2579110380198,67766.595,29542.051866
IOWA,19,HOWARD,089,19089,NORTHEAST,30,1981,1.0,73500.0,73500.0,2513000.0,34.2,2299.983007551328,68392.5515,29744.394687
IOWA,19,HOWARD,089,19089,NORTHEAST,30,1982,1.0,75700.0,75600.0,2239000.0,29.6,1990.628567939161,60935.5045,30594.2345352
IOWA,19,HOWARD,089,19089,NORTHEAST,30,1983,1.0,73200.0,72800.0,2367000.0,32.5,2185.6563668250924,64419.0885,29461.1147376
IOWA,19,HOWARD,089,19089,NORTHEAST,30,1984,1.0,76500.0,75400.0,2198000.0,29.2,1963.728181885929,59819.669,30513.2974068
IOWA,19,HOWARD,089,19089,NORTHEAST,30,1985,1.0,71900.0,71600.0,1950000.0,27.2,1829.2262516197693,53070.225,28975.4919672
IOWA,19,HOWARD,089,19089,NORTHEAST,30,1986,1.0,78500.0,78300.0,2770000.0,35.4,2380.6841657110235,75386.935,31686.8857686
IOWA,19,HOWARD,089,19089,NORTHEAST,30,1987,1.0,67000.0,66800.0,2803000.0,42.0,2824.54053558935,76285.0465,27033.000885600002
IOWA,19,HOWARD,089,19089,NORTHEAST,30,1988,1.0,71400.0,70700.0,1689000.0,23.9,1607.298066680606,45966.9795,28611.2748894
IOWA,19,HOWARD,089,19089,NORTHEAST,30,1989,1.0,68800.0,68700.0,2554000.0,37.2,2501.7359029505674,69508.387,27801.903605400003
IOWA,19,HOWARD,089,19089,NORTHEAST,30,1990,1.0,65800.0,65500.0,2653000.0,40.5,2723.66408788973,72202.7215,26506.909551
IOWA,19,HOWARD,089,19089,NORTHEAST,30,1991,1.0,73300.0,73000.0,2818000.0,38.6,2595.8872541368787,76693.279,29542.051866
IOWA,19,HOWARD,089,19089,NORTHEAST,30,1992,1.0,66000.0,65300.0,2218000.0,34.0,2286.5328145247117,60363.979,26425.9724226
IOWA,19,HOWARD,089,19089,NORTHEAST,30,1993,1.0,71000.0,70800.0,1583000.0,22.4,1506.4216189809865,43082.1365,28651.7434536
IOWA,19,HOWARD,089,19089,NORTHEAST,30,1994,1.0,75000.0,74900.0,3479000.0,46.4,3120.444782174901,94682.7245,30310.954585800002
IOWA,19,HOWARD,089,19089,NORTHEAST,30,1995,1.0,77000.0,76800.0,3606000.0,47.0,3160.7953612547485,98139.093,31079.857305600002
IOWA,19,HOWARD,089,19089,NORTHEAST,30,1996,1.0,86000.0,85800.0,3341000.0,38.9,2616.0625436768028,90926.9855,34722.0280836
IOWA,19,HOWARD,089,19089,NORTHEAST,30,1997,1.0,98600.0,96800.0,4289000.0,44.3,2979.217755395433,116727.2795,39173.5701456
IOWA,19,HOWARD,089,19089,NORTHEAST,30,1998,1.0,95100.0,94700.0,4465000.0,47.1,3167.520457768057,121517.2075,38323.7302974
IOWA,19,HOWARD,089,19089,NORTHEAST,30,1999,1.0,104000.0,103900.0,4852000.0,46.7,3140.620071714825,132049.606,42046.8382038
IOWA,19,HOWARD,089,19089,NORTHEAST,30,2000,1.0,98000.0,97800.0,4698000.0,48.0,3228.0463263878282,127858.419,39578.2557876
IOWA,19,HOWARD,089,19089,NORTHEAST,30,2001,1.0,109000.0,108500.0,3406000.0,31.4,2111.680305178704,92695.993,43908.392157
IOWA,19,HOWARD,089,19089,NORTHEAST,30,2002,1.0,97000.0,96900.0,4768000.0,49.2,3308.7474845475244,129763.504,39214.0387098
IOWA,19,HOWARD,089,19089,NORTHEAST,30,2003,1.0,101000.0,100600.0,2659000.0,26.4,1775.4254795133056,72366.0145,40711.3755852
IOWA,19,HOWARD,089,19089,NORTHEAST,30,2004,1.0,95000.0,94800.0,3831000.0,40.4,2716.938991376422,104262.5805,38364.1988616
IOWA,19,HOWARD,089,19089,NORTHEAST,30,2005,1.0,94500.0,94000.0,5163500.0,54.9,3692.0779858060787,140527.23425,38040.450348
IOWA,19,HOWARD,089,19089,NORTHEAST,30,2006,1.0,94500.0,94100.0,4455500.0,47.3,3180.9706507946726,121258.66025,38080.9189122
IOWA,19,HOWARD,089,19089,NORTHEAST,30,2007,1.0,80000.0,79900.0,3896000.0,48.8,3281.847098494292,106031.588,32334.3827958
IOWA,19,HOWARD,089,19089,NORTHEAST,30,2008,1.0,89000.0,88700.0,3939000.0,44.5,2992.6679484220494,107201.8545,35895.6164454
IOWA,19,HOWARD,089,19089,NORTHEAST,30,2009,1.0,91500.0,90700.0,3965000.0,43.5,2925.4169832889697,107909.4575,36704.9877294
IOWA,19,HOWARD,089,19089,NORTHEAST,30,2010,1.0,90900.0,90700.0,4958000.0,54.7,3678.627792779463,134934.449,36704.9877294
IOWA,19,HOWARD,089,19089,NORTHEAST,30,2011,1.0,88500.0,87900.0,4519000.0,51.4,3456.6996078402994,122986.8445,35571.8679318
IOWA,19,HOWARD,089,19089,NORTHEAST,30,2012,1.0,85500.0,85200.0,3955000.0,46.4,3120.444782174901,107637.3025,34479.2166984
IOWA,19,HOWARD,089,19089,NORTHEAST,30,2013,1.0,80500.0,80200.0,3303000.0,41.2,2770.7397634828862,89892.7965,32455.7884884
IOWA,19,HOWARD,089,19089,NORTHEAST,30,2014,1.0,85000.0,84600.0,4119000.0,48.7,3275.1220019809844,112100.6445,34236.405313200004
IOWA,19,HOWARD,089,19089,NORTHEAST,30,2015,1.0,94900.0,94600.0,5667000.0,59.9,4028.3328114714777,154230.2385,38283.2617332
IOWA,19,HOWARD,089,19089,NORTHEAST,30,2016,1.0,85200.0,85000.0,4795000.0,56.4,3792.9544335056985,130498.3225,34398.27957
IOWA,19,HOWARD,089,19089,NORTHEAST,30,2017,1.0,89300.0,88800.0,4584000.0,51.6,3470.1498008669155,124755.852,35936.0850096
IOWA,19,HOWARD,089,19089,NORTHEAST,30,2018,1.0,87100.0,86500.0,4642000.0,53.7,3611.3768276463834,126334.351,35005.308033
IOWA,19,HOWARD,089,19089,NORTHEAST,30,2019,1.0,81500.0,81000.0,4222000.0,52.1,3503.7752834334556,114903.841,32779.537002000005
IOWA,19,HOWARD,089,19089,NORTHEAST,30,2020,1.0,82800.0,82100.0,4474000.0,54.5,3665.177599752847,121762.147,33224.6912082
IOWA,19,HOWARD,089,19089,NORTHEAST,30,2021,1.0,88700.0,88100.0,5312000.0,60.3,4055.2331975247093,144568.736,35652.8050602
IOWA,19,HOWARD,089,19089,NORTHEAST,30,2022,1.0,82400.0,81800.0,4982000.0,60.9,4095.5837766045574,135587.621,33103.2855156
IOWA,19,HOWARD,089,19089,NORTHEAST,30,2023,1.0,84700.0,84100.0,4289000.0,51.0,3429.799221787068,116727.2795,34034.0624922
IOWA,19,HOWARD,089,19089,NORTHEAST,30,2024,1.0,84600.0,84100.0,4642000.0,55.2,3712.2532753460027,126334.351,34034.0624922
IOWA,19,HOWARD,089,19089,NORTHEAST,30,2025,1.0,79300.0,78700.0,4958000.0,63.0,4236.810803384024,134934.449,31848.760025400003
IOWA,19,HUMBOLDT,091,19091,NORTH CENTRAL,20,1980,1.0,110400.0,110300.0,4290000.0,38.9,2616.0625436768028,116754.495,44636.8263126
IOWA,19,HUMBOLDT,091,19091,NORTH CENTRAL,20,1981,1.0,109000.0,108100.0,4481000.0,41.5,2790.91505302281,121952.6555,43746.5179002
IOWA,19,HUMBOLDT,091,19091,NORTH CENTRAL,20,1982,1.0,121000.0,120500.0,4721000.0,39.2,2636.237833216727,128484.3755,48764.619861
IOWA,19,HUMBOLDT,091,19091,NORTH CENTRAL,20,1983,1.0,110000.0,109300.0,3949000.0,36.1,2427.759841304179,107474.0095,44232.1406706
IOWA,19,HUMBOLDT,091,19091,NORTH CENTRAL,20,1984,1.0,113000.0,112200.0,3859000.0,34.4,2313.433200577944,105024.6145,45405.7290324
IOWA,19,HUMBOLDT,091,19091,NORTH CENTRAL,20,1985,1.0,108000.0,107400.0,4008000.0,37.3,2508.460999463875,109079.724,43463.2379508
IOWA,19,HUMBOLDT,091,19091,NORTH CENTRAL,20,1986,1.0,106000.0,105600.0,4245000.0,40.2,2703.4887983498065,115529.7975,42734.8037952
IOWA,19,HUMBOLDT,091,19091,NORTH CENTRAL,20,1987,1.0,106000.0,105700.0,4915000.0,46.5,3127.169878688209,133764.1825,42775.2723594
IOWA,19,HUMBOLDT,091,19091,NORTH CENTRAL,20,1988,1.0,107000.0,106500.0,3709000.0,34.8,2340.3335866311754,100942.2895,43099.020873
IOWA,19,HUMBOLDT,091,19091,NORTH CENTRAL,20,1989,1.0,112000.0,112000.0,5182000.0,46.3,3113.719685661593,141030.721,45324.791904
IOWA,19,HUMBOLDT,091,19091,NORTH CENTRAL,20,1990,1.0,109000.0,106400.0,4815000.0,45.3,3046.468720528513,131042.6325,43058.552308800005
IOWA,19,HUMBOLDT,091,19091,NORTH CENTRAL,20,1991,1.0,137000.0,135800.0,4927000.0,36.3,2441.210034330795,134090.7685,54956.3101836
IOWA,19,HUMBOLDT,091,19091,NORTH CENTRAL,20,1992,1.0,107000.0,106800.0,4977000.0,46.6,3133.894975201517,135451.5435,43220.4265656
IOWA,19,HUMBOLDT,091,19091,NORTH CENTRAL,20,1993,1.0,116000.0,113000.0,3053000.0,27.0,1815.7760585931535,83088.9215,45729.477546
IOWA,19,HUMBOLDT,091,19091,NORTH CENTRAL,20,1994,1.0,114000.0,113300.0,5617000.0,49.6,3335.647870600756,152869.4635,45850.8832386
IOWA,19,HUMBOLDT,091,19091,NORTH CENTRAL,20,1995,1.0,116000.0,115700.0,5809000.0,50.2,3375.998449680604,158094.8395,46822.1287794
IOWA,19,HUMBOLDT,091,19091,NORTH CENTRAL,20,1996,1.0,118000.0,117600.0,5406000.0,46.0,3093.544396121669,147126.993,47591.0314992
IOWA,19,HUMBOLDT,091,19091,NORTH CENTRAL,20,1997,1.0,123400.0,122900.0,5687000.0,46.3,3113.719685661593,154774.5485,49735.8654018
IOWA,19,HUMBOLDT,091,19091,NORTH CENTRAL,20,1998,1.0,118900.0,118600.0,5538000.0,46.7,3140.620071714825,150719.439,47995.7171412
IOWA,19,HUMBOLDT,091,19091,NORTH CENTRAL,20,1999,1.0,120000.0,119900.0,5009000.0,41.8,2811.090342562734,136322.4395,48521.808475800004
IOWA,19,HUMBOLDT,091,19091,NORTH CENTRAL,20,2000,1.0,118000.0,117900.0,5407000.0,45.9,3086.819299608361,147154.2085,47712.4371918
IOWA,19,HUMBOLDT,091,19091,NORTH CENTRAL,20,2001,1.0,122000.0,121200.0,5190000.0,42.8,2878.3413076958136,141248.445,49047.8998104
IOWA,19,HUMBOLDT,091,19091,NORTH CENTRAL,20,2002,1.0,115000.0,114700.0,5439000.0,47.4,3187.6957473079806,148025.1045,46417.4431374
IOWA,19,HUMBOLDT,091,19091,NORTH CENTRAL,20,2003,1.0,117000.0,116400.0,3937000.0,33.8,2273.0826214980957,107147.4235,47105.4087288
IOWA,19,HUMBOLDT,091,19091,NORTH CENTRAL,20,2004,1.0,114000.0,113500.0,5377000.0,47.4,3187.6957473079806,146337.7435,45931.820367
IOWA,19,HUMBOLDT,091,19091,NORTH CENTRAL,20,2005,1.0,112500.0,111900.0,5808100.0,51.9,3490.3250904068395,158070.34554999997,45284.3233398
IOWA,19,HUMBOLDT,091,19091,NORTH CENTRAL,20,2006,1.0,110500.0,110300.0,5788500.0,52.5,3530.675669486687,157536.92175,44636.8263126
IOWA,19,HUMBOLDT,091,19091,NORTH CENTRAL,20,2007,1.0,94000.0,93900.0,4860000.0,51.8,3483.5999938935315,132267.33,37999.9817838
IOWA,19,HUMBOLDT,091,19091,NORTH CENTRAL,20,2008,1.0,105000.0,104600.0,5195000.0,49.5,3328.922774087448,141384.5225,42330.118153200005
IOWA,19,HUMBOLDT,091,19091,NORTH CENTRAL,20,2009,1.0,102500.0,102100.0,5459000.0,53.5,3597.9266346197674,148569.4145,41318.4040482
IOWA,19,HUMBOLDT,091,19091,NORTH CENTRAL,20,2010,1.0,107000.0,105500.0,4852000.0,46.0,3093.544396121669,132049.606,42694.335231000005
IOWA,19,HUMBOLDT,091,19091,NORTH CENTRAL,20,2011,1.0,100000.0,99400.0,5149000.0,51.8,3483.5999938935315,140132.6095,40225.7528148
IOWA,19,HUMBOLDT,091,19091,NORTH CENTRAL,20,2012,1.0,97500.0,97000.0,4169000.0,43.0,2891.7915007224296,113461.4195,39254.507274
IOWA,19,HUMBOLDT,091,19091,NORTH CENTRAL,20,2013,1.0,99600.0,99200.0,4350000.0,43.9,2952.3173693422013,118387.425,40144.815686400005
IOWA,19,HUMBOLDT,091,19091,NORTH CENTRAL,20,2014,1.0,96400.0,95900.0,4449000.0,46.4,3120.444782174901,121081.7595,38809.3530678
IOWA,19,HUMBOLDT,091,19091,NORTH CENTRAL,20,2015,1.0,103500.0,103000.0,5828000.0,56.6,3806.4046265323145,158611.934,41682.621126
IOWA,19,HUMBOLDT,091,19091,NORTH CENTRAL,20,2016,1.0,94100.0,93600.0,5708000.0,61.0,4102.308873117865,155346.074,37878.576091200004
IOWA,19,HUMBOLDT,091,19091,NORTH CENTRAL,20,2017,1.0,105000.0,104400.0,6051000.0,58.0,3900.555977718626,164680.9905,42249.181024800004
IOWA,19,HUMBOLDT,091,19091,NORTH CENTRAL,20,2018,1.0,102500.0,100200.0,5048000.0,50.4,3389.4486427072197,137383.844,40549.5013284
IOWA,19,HUMBOLDT,091,19091,NORTH CENTRAL,20,2019,1.0,100500.0,99700.0,5469000.0,54.9,3692.0779858060787,148841.5695,40347.1585074
IOWA,19,HUMBOLDT,091,19091,NORTH CENTRAL,20,2020,1.0,95400.0,94600.0,5383000.0,56.9,3826.579916072238,146501.0365,38283.2617332
IOWA,19,HUMBOLDT,091,19091,NORTH CENTRAL,20,2021,1.0,107000.0,106400.0,6639000.0,62.4,4196.460224304177,180683.7045,43058.552308800005
IOWA,19,HUMBOLDT,091,19091,NORTH CENTRAL,20,2022,1.0,108000.0,107300.0,6331000.0,59.0,3967.806942851706,172301.3305,43422.769386600005
IOWA,19,HUMBOLDT,091,19091,NORTH CENTRAL,20,2023,1.0,107000.0,106300.0,6048000.0,56.9,3826.579916072238,164599.344,43018.0837446
IOWA,19,HUMBOLDT,091,19091,NORTH CENTRAL,20,2024,1.0,109500.0,108000.0,6124000.0,56.7,3813.1297230456225,166667.722,43706.049336000004
IOWA,19,HUMBOLDT,091,19091,NORTH CENTRAL,20,2025,1.0,103000.0,102200.0,6071000.0,59.4,3994.7073289049376,165225.3005,41358.8726124
IOWA,19,IDA,093,19093,WEST CENTRAL,40,1980,1.0,62500.0,62400.0,2130000.0,34.1,2293.2579110380198,57969.015,25252.3840608
IOWA,19,IDA,093,19093,WEST CENTRAL,40,1981,1.0,61600.0,61600.0,2543000.0,41.3,2777.464859996194,69209.0165,24928.6355472
IOWA,19,IDA,093,19093,WEST CENTRAL,40,1982,1.0,64600.0,64500.0,2497000.0,38.7,2602.6123506501867,67957.1035,26102.223909
IOWA,19,IDA,093,19093,WEST CENTRAL,40,1983,1.0,66000.0,65900.0,2339000.0,35.5,2387.4092622243315,63657.0545,26668.783807800002
IOWA,19,IDA,093,19093,WEST CENTRAL,40,1984,1.0,75600.0,74800.0,2543000.0,34.0,2286.5328145247117,69209.0165,30270.4860216
IOWA,19,IDA,093,19093,WEST CENTRAL,40,1985,1.0,74400.0,74100.0,2958000.0,39.9,2683.3135088098825,80503.449,29987.206072200002
IOWA,19,IDA,093,19093,WEST CENTRAL,40,1986,1.0,74300.0,74000.0,3371000.0,45.6,3066.644010068437,91743.4505,29946.737508000002
IOWA,19,IDA,093,19093,WEST CENTRAL,40,1987,1.0,73200.0,72900.0,2975000.0,40.8,2743.839377429654,80966.1125,29501.5833018
IOWA,19,IDA,093,19093,WEST CENTRAL,40,1988,1.0,75200.0,74900.0,2951000.0,39.4,2649.6880262433424,80312.9405,30310.954585800002
IOWA,19,IDA,093,19093,WEST CENTRAL,40,1989,1.0,75400.0,75200.0,3089000.0,41.1,2764.0146669695782,84068.6795,30432.3602784
IOWA,19,IDA,093,19093,WEST CENTRAL,40,1990,1.0,72400.0,72000.0,3106000.0,43.1,2898.5165972357377,84531.343,29137.366224
IOWA,19,IDA,093,19093,WEST CENTRAL,40,1991,1.0,77000.0,76600.0,3302000.0,43.1,2898.5165972357377,89865.581,30998.9201772
IOWA,19,IDA,093,19093,WEST CENTRAL,40,1992,1.0,79000.0,78900.0,3515000.0,44.6,2999.3930449353575,95662.4825,31929.6971538
IOWA,19,IDA,093,19093,WEST CENTRAL,40,1993,1.0,81000.0,80400.0,3166000.0,39.4,2649.6880262433424,86164.273,32536.725616800002
IOWA,19,IDA,093,19093,WEST CENTRAL,40,1994,1.0,85000.0,84800.0,4531000.0,53.4,3591.201538106459,123313.4305,34317.3424416
IOWA,19,IDA,093,19093,WEST CENTRAL,40,1995,1.0,89000.0,88800.0,4294000.0,48.4,3254.9467124410603,116863.357,35936.0850096
IOWA,19,IDA,093,19093,WEST CENTRAL,40,1996,1.0,85000.0,84900.0,3918000.0,46.1,3100.269492634977,106630.329,34357.8110058
IOWA,19,IDA,093,19093,WEST CENTRAL,40,1997,1.0,100500.0,99700.0,4619000.0,46.3,3113.719685661593,125708.3945,40347.1585074
IOWA,19,IDA,093,19093,WEST CENTRAL,40,1998,1.0,105000.0,104600.0,5095000.0,48.7,3275.1220019809844,138662.9725,42330.118153200005
IOWA,19,IDA,093,19093,WEST CENTRAL,40,1999,1.0,105000.0,104100.0,4697000.0,45.1,3033.018527501897,127831.2035,42127.7753322
IOWA,19,IDA,093,19093,WEST CENTRAL,40,2000,1.0,108000.0,107800.0,3799000.0,35.2,2367.233972684408,103391.6845,43625.1122076
IOWA,19,IDA,093,19093,WEST CENTRAL,40,2001,1.0,108000.0,107400.0,5114000.0,47.6,3201.1459403345966,139180.067,43463.2379508
IOWA,19,IDA,093,19093,WEST CENTRAL,40,2002,1.0,106000.0,104600.0,5539000.0,53.0,3564.3011520532273,150746.6545,42330.118153200005
IOWA,19,IDA,093,19093,WEST CENTRAL,40,2003,1.0,106000.0,105500.0,3850000.0,36.5,2454.6602273574113,104779.675,42694.335231000005
IOWA,19,IDA,093,19093,WEST CENTRAL,40,2004,1.0,105000.0,104600.0,5188000.0,49.6,3335.647870600756,141194.014,42330.118153200005
IOWA,19,IDA,093,19093,WEST CENTRAL,40,2005,1.0,100500.0,100100.0,5323400.0,53.2,3577.7513450798433,144878.9927,40509.032764200005
IOWA,19,IDA,093,19093,WEST CENTRAL,40,2006,1.0,104500.0,103900.0,4823000.0,46.4,3120.444782174901,131260.3565,42046.8382038
IOWA,19,IDA,093,19093,WEST CENTRAL,40,2007,1.0,91000.0,90800.0,4553000.0,50.1,3369.273353167296,123912.1715,36745.4562936
IOWA,19,IDA,093,19093,WEST CENTRAL,40,2008,1.0,102000.0,101700.0,5078000.0,50.0,3362.548256653988,138200.309,41156.529791400004
IOWA,19,IDA,093,19093,WEST CENTRAL,40,2009,1.0,96000.0,95600.0,5073000.0,53.0,3564.3011520532273,138064.2315,38687.9473752
IOWA,19,IDA,093,19093,WEST CENTRAL,40,2010,1.0,103000.0,102500.0,5675000.0,55.4,3725.7034683726188,154447.9625,41480.278305
IOWA,19,IDA,093,19093,WEST CENTRAL,40,2011,1.0,93400.0,92900.0,4956000.0,53.3,3584.476441593151,134880.018,37595.2961418
IOWA,19,IDA,093,19093,WEST CENTRAL,40,2012,1.0,92000.0,91700.0,4672000.0,50.9,3423.07412527376,127150.816,37109.6733714
IOWA,19,IDA,093,19093,WEST CENTRAL,40,2013,1.0,93100.0,92600.0,4734000.0,51.1,3436.524318300376,128838.177,37473.8904492
IOWA,19,IDA,093,19093,WEST CENTRAL,40,2014,1.0,101000.0,100600.0,5605000.0,55.7,3745.878757912543,152542.8775,40711.3755852
IOWA,19,IDA,093,19093,WEST CENTRAL,40,2015,1.0,99300.0,98900.0,5954000.0,60.2,4048.508101011402,162041.087,40023.4099938
IOWA,19,IDA,093,19093,WEST CENTRAL,40,2016,1.0,90700.0,90300.0,6101000.0,67.6,4546.165242996191,166041.7655,36543.1134726
IOWA,19,IDA,093,19093,WEST CENTRAL,40,2017,1.0,98500.0,98000.0,6084000.0,62.1,4176.284934764253,165579.102,39659.192916
IOWA,19,IDA,093,19093,WEST CENTRAL,40,2018,1.0,98200.0,97400.0,6216000.0,63.8,4290.611575490489,169171.548,39416.3815308
IOWA,19,IDA,093,19093,WEST CENTRAL,40,2020,1.0,94600.0,93800.0,5206000.0,55.5,3732.428564885927,141683.893,37959.5132196
IOWA,19,IDA,093,19093,WEST CENTRAL,40,2021,1.0,97200.0,96600.0,6337000.0,65.6,4411.663312730032,172464.6235,39092.6330172
IOWA,19,IDA,093,19093,WEST CENTRAL,40,2022,1.0,99200.0,98500.0,6211000.0,63.1,4243.535899897333,169035.4705,39861.535737
IOWA,19,IDA,093,19093,WEST CENTRAL,40,2023,1.0,96300.0,95700.0,5436000.0,56.8,3819.85481955893,147943.458,38728.4159394
IOWA,19,IDA,093,19093,WEST CENTRAL,40,2024,1.0,101000.0,100300.0,6369000.0,63.5,4270.4362859505645,173335.5195,40589.9698926
IOWA,19,IDA,093,19093,WEST CENTRAL,40,2025,1.0,90800.0,90100.0,6271000.0,69.6,4680.667173262351,170668.4005,36462.1763442
IOWA,19,IOWA,095,19095,EAST CENTRAL,60,1980,1.0,46100.0,46000.0,1760000.0,38.3,2575.7119645969547,47899.28,18615.539532
IOWA,19,IOWA,095,19095,EAST CENTRAL,60,1981,1.0,43200.0,43200.0,1809000.0,41.9,2817.815439076042,49232.8395,17482.419734400002
IOWA,19,IOWA,095,19095,EAST CENTRAL,60,1982,1.0,47000.0,46800.0,1697000.0,36.3,2441.210034330795,46184.7035,18939.288045600002
IOWA,19,IOWA,095,19095,EAST CENTRAL,60,1983,1.0,43800.0,41700.0,1429000.0,34.3,2306.7081040646353,38890.9495,16875.3912714
IOWA,19,IOWA,095,19095,EAST CENTRAL,60,1984,1.0,50300.0,50300.0,1727000.0,34.3,2306.7081040646353,47001.1685,20355.6877926
IOWA,19,IOWA,095,19095,EAST CENTRAL,60,1985,1.0,51300.0,51100.0,2061000.0,40.3,2710.213894863114,56091.1455,20679.4363062
IOWA,19,IOWA,095,19095,EAST CENTRAL,60,1986,1.0,55900.0,55700.0,2212000.0,39.7,2669.8633157832664,60200.686,22540.9902594
IOWA,19,IOWA,095,19095,EAST CENTRAL,60,1987,1.0,46300.0,46100.0,2092000.0,45.4,3053.193817041821,56934.826,18656.0080962
IOWA,19,IOWA,095,19095,EAST CENTRAL,60,1988,1.0,50100.0,48900.0,1089000.0,22.3,1499.6965224676787,29637.6795,19789.1278938
IOWA,19,IOWA,095,19095,EAST CENTRAL,60,1989,1.0,51700.0,51600.0,1927000.0,37.3,2508.460999463875,52444.2685,20881.7791272
IOWA,19,IOWA,095,19095,EAST CENTRAL,60,1990,1.0,46600.0,44800.0,1814000.0,40.5,2723.66408788973,49368.917,18129.9167616
IOWA,19,IOWA,095,19095,EAST CENTRAL,60,1991,1.0,46600.0,45700.0,1965000.0,43.0,2891.7915007224296,53478.4575,18494.1338394
IOWA,19,IOWA,095,19095,EAST CENTRAL,60,1992,1.0,51000.0,50800.0,2063000.0,40.6,2730.389184403038,56145.5765,20558.0306136
IOWA,19,IOWA,095,19095,EAST CENTRAL,60,1993,1.0,54000.0,53300.0,1767000.0,33.2,2232.732042418248,48089.7885,21569.7447186
IOWA,19,IOWA,095,19095,EAST CENTRAL,60,1994,1.0,53000.0,52800.0,2755000.0,52.2,3510.5003799467636,74978.7025,21367.4018976
IOWA,19,IOWA,095,19095,EAST CENTRAL,60,1995,1.0,65000.0,64800.0,2542000.0,39.2,2636.237833216727,69181.801,26223.6296016
IOWA,19,IOWA,095,19095,EAST CENTRAL,60,1996,1.0,70000.0,69800.0,2964000.0,42.5,2858.1660181558896,80666.742,28247.0578116
IOWA,19,IOWA,095,19095,EAST CENTRAL,60,1997,1.0,81100.0,80400.0,4057000.0,50.5,3396.1737392205278,110413.2835,32536.725616800002
IOWA,19,IOWA,095,19095,EAST CENTRAL,60,1998,1.0,80200.0,78400.0,4236000.0,54.0,3631.552117186307,115284.858,31727.3543328
IOWA,19,IOWA,095,19095,EAST CENTRAL,60,1999,1.0,88000.0,87500.0,3795000.0,43.4,2918.6918867756613,103282.8225,35409.993675
IOWA,19,IOWA,095,19095,EAST CENTRAL,60,2000,1.0,86000.0,85900.0,3782000.0,44.0,2959.0424658555094,102929.021,34762.4966478
IOWA,19,IOWA,095,19095,EAST CENTRAL,60,2001,1.0,92000.0,91400.0,4375000.0,47.9,3221.32122987452,119067.8125,36988.2676788
IOWA,19,IOWA,095,19095,EAST CENTRAL,60,2002,1.0,86000.0,85800.0,4337000.0,50.5,3396.1737392205278,118033.6235,34722.0280836
IOWA,19,IOWA,095,19095,EAST CENTRAL,60,2003,1.0,94000.0,93600.0,2909000.0,31.1,2091.5050156387806,79169.8895,37878.576091200004
IOWA,19,IOWA,095,19095,EAST CENTRAL,60,2004,1.0,86000.0,85400.0,4424000.0,51.8,3483.5999938935315,120401.372,34560.1538268
IOWA,19,IOWA,095,19095,EAST CENTRAL,60,2005,1.0,88000.0,87500.0,4280000.0,48.9,3288.5721950076,116482.34,35409.993675
IOWA,19,IOWA,095,19095,EAST CENTRAL,60,2006,1.0,88500.0,88000.0,4600000.0,52.3,3517.225476460071,125191.3,35612.336496
IOWA,19,IOWA,095,19095,EAST CENTRAL,60,2007,1.0,74500.0,74400.0,4099000.0,55.1,3705.5281788326947,111556.3345,30108.6117648
IOWA,19,IOWA,095,19095,EAST CENTRAL,60,2008,1.0,84500.0,84000.0,3955000.0,47.0,3160.7953612547485,107637.3025,33993.593928
IOWA,19,IOWA,095,19095,EAST CENTRAL,60,2009,1.0,96500.0,95700.0,5151000.0,54.0,3631.552117186307,140187.0405,38728.4159394
IOWA,19,IOWA,095,19095,EAST CENTRAL,60,2010,1.0,91500.0,91000.0,4758000.0,52.3,3517.225476460071,129491.349,36826.393422
IOWA,19,IOWA,095,19095,EAST CENTRAL,60,2011,1.0,91200.0,90600.0,4986000.0,55.0,3698.8030823193867,135696.483,36664.5191652
IOWA,19,IOWA,095,19095,EAST CENTRAL,60,2012,1.0,91700.0,91400.0,4816000.0,52.7,3544.1258625133037,131069.848,36988.2676788
IOWA,19,IOWA,095,19095,EAST CENTRAL,60,2013,1.0,95600.0,94200.0,4085000.0,43.4,2918.6918867756613,111175.3175,38121.3874764
IOWA,19,IOWA,095,19095,EAST CENTRAL,60,2014,1.0,101500.0,101000.0,5390000.0,53.4,3591.201538106459,146691.545,40873.249842000005
IOWA,19,IOWA,095,19095,EAST CENTRAL,60,2015,1.0,102000.0,101500.0,5700000.0,56.2,3779.5042404790825,155128.35,41075.592663
IOWA,19,IOWA,095,19095,EAST CENTRAL,60,2016,1.0,97000.0,95600.0,5487000.0,57.4,3860.205398638778,149331.4485,38687.9473752
IOWA,19,IOWA,095,19095,EAST CENTRAL,60,2017,1.0,103000.0,102400.0,5808000.0,56.7,3813.1297230456225,158067.624,41439.8097408
IOWA,19,IOWA,095,19095,EAST CENTRAL,60,2018,1.0,97100.0,95200.0,5330000.0,56.0,3766.0540474524664,145058.615,38526.0731184
IOWA,19,IOWA,095,19095,EAST CENTRAL,60,2019,1.0,94500.0,92800.0,4850000.0,52.3,3517.225476460071,131995.175,37554.8275776
IOWA,19,IOWA,095,19095,EAST CENTRAL,60,2020,1.0,94100.0,93400.0,4651000.0,49.8,3349.0980636273716,126579.2905,37797.6389628
IOWA,19,IOWA,095,19095,EAST CENTRAL,60,2022,1.0,99400.0,98700.0,6080000.0,61.6,4142.659452197713,165470.24,39942.4728654
IOWA,19,IOWA,095,19095,EAST CENTRAL,60,2023,1.0,103000.0,102300.0,5954000.0,58.2,3914.0061707452423,162041.087,41399.3411766
IOWA,19,IOWA,095,19095,EAST CENTRAL,60,2024,1.0,100500.0,99800.0,6078000.0,60.9,4095.5837766045574,165415.809,40387.6270716
IOWA,19,JACKSON,097,19097,EAST CENTRAL,60,1980,1.0,9900.0,9900.0,430000.0,43.4,2918.6918867756613,11702.665,4006.3878558
IOWA,19,JACKSON,097,19097,EAST CENTRAL,60,1981,1.0,8900.0,8900.0,375000.0,42.1,2831.265632102658,10205.8125,3601.7022138
IOWA,19,JACKSON,097,19097,EAST CENTRAL,60,1982,1.0,9200.0,9200.0,346000.0,37.6,2528.636289003799,9416.563,3723.1079064
IOWA,19,JACKSON,097,19097,EAST CENTRAL,60,1983,1.0,8500.0,8500.0,319000.0,37.5,2521.911192490491,8681.7445,3439.827957
IOWA,19,JACKSON,097,19097,EAST CENTRAL,60,1984,1.0,8600.0,8600.0,280000.0,32.6,2192.3814633384004,7620.34,3480.2965212
IOWA,19,JACKSON,097,19097,EAST CENTRAL,60,1985,1.0,8700.0,8500.0,309000.0,36.4,2447.9351308441032,8409.5895,3439.827957
IOWA,19,JACKSON,097,19097,EAST CENTRAL,60,1986,1.0,9500.0,9400.0,362000.0,38.5,2589.1621576235707,9852.011,3804.0450348
IOWA,19,JACKSON,097,19097,EAST CENTRAL,60,1987,1.0,9000.0,9000.0,394000.0,43.8,2945.5922728288933,10722.907,3642.170778
IOWA,19,JACKSON,097,19097,EAST CENTRAL,60,1988,1.0,10300.0,10100.0,237000.0,23.5,1580.3976806273743,6450.0735,4087.3249842
IOWA,19,JACKSON,097,19097,EAST CENTRAL,60,1989,1.0,10300.0,10300.0,413000.0,40.1,2696.7637018364985,11240.0015,4168.2621126
IOWA,19,JACKSON,097,19097,EAST CENTRAL,60,1990,1.0,9000.0,8800.0,398000.0,45.2,3039.743624015205,10831.769,3561.2336496000003
IOWA,19,JACKSON,097,19097,EAST CENTRAL,60,1991,1.0,8800.0,8800.0,414000.0,47.0,3160.7953612547485,11267.217,3561.2336496000003
IOWA,19,JACKSON,097,19097,EAST CENTRAL,60,1992,1.0,8000.0,7900.0,331000.0,41.9,2817.815439076042,9008.3305,3197.0165718000003
IOWA,19,JACKSON,097,19097,EAST CENTRAL,60,1993,1.0,9000.0,8600.0,336000.0,39.1,2629.512736703419,9144.408,3480.2965212
IOWA,19,JACKSON,097,19097,EAST CENTRAL,60,1994,1.0,10000.0,9900.0,474000.0,47.9,3221.32122987452,12900.147,4006.3878558
IOWA,19,JACKSON,097,19097,EAST CENTRAL,60,1995,1.0,12000.0,12000.0,498000.0,41.5,2790.91505302281,13553.319,4856.227704
IOWA,19,JACKSON,097,19097,EAST CENTRAL,60,1996,1.0,16000.0,16000.0,690000.0,43.1,2898.5165972357377,18778.695,6474.9702720000005
IOWA,19,JACKSON,097,19097,EAST CENTRAL,60,1997,1.0,23200.0,23000.0,1142000.0,49.7,3342.372967114064,31080.101,9307.769766
IOWA,19,JACKSON,097,19097,EAST CENTRAL,60,1998,1.0,30700.0,30600.0,1655000.0,54.1,3638.277213699615,45041.6525,12383.3806452
IOWA,19,JACKSON,097,19097,EAST CENTRAL,60,1999,1.0,38000.0,37900.0,1937000.0,51.1,3436.524318300376,52716.4235,15337.585831800001
IOWA,19,JACKSON,097,19097,EAST CENTRAL,60,2000,1.0,41000.0,40900.0,1903000.0,46.5,3127.169878688209,51791.0965,16551.6427578
IOWA,19,JACKSON,097,19097,EAST CENTRAL,60,2001,1.0,44000.0,43700.0,2163000.0,49.5,3328.922774087448,58867.1265,17684.7625554
IOWA,19,JACKSON,097,19097,EAST CENTRAL,60,2002,1.0,45000.0,43900.0,2145000.0,48.9,3288.5721950076,58377.2475,17765.6996838
IOWA,19,JACKSON,097,19097,EAST CENTRAL,60,2003,1.0,43000.0,42800.0,1412000.0,33.0,2219.281849391632,38428.286,17320.5454776
IOWA,19,JACKSON,097,19097,EAST CENTRAL,60,2004,1.0,44000.0,43800.0,2225000.0,50.8,3416.349028760452,60554.4875,17725.2311196
IOWA,19,JACKSON,097,19097,EAST CENTRAL,60,2005,1.0,43500.0,43200.0,1978800.0,45.8,3080.0942030950528,53854.0314,17482.419734400002
IOWA,19,JACKSON,097,19097,EAST CENTRAL,60,2006,1.0,49000.0,48600.0,2505500.0,51.6,3470.1498008669155,68188.43525,19667.722201200002
IOWA,19,JACKSON,097,19097,EAST CENTRAL,60,2007,1.0,38000.0,37900.0,1959000.0,51.7,3476.874897380224,53315.1645,15337.585831800001
IOWA,19,JACKSON,097,19097,EAST CENTRAL,60,2008,1.0,50100.0,49600.0,2309000.0,46.5,3127.169878688209,62840.5895,20072.407843200002
IOWA,19,JACKSON,097,19097,EAST CENTRAL,60,2009,1.0,48500.0,48300.0,2547000.0,52.5,3530.675669486687,69317.8785,19546.3165086
IOWA,19,JACKSON,097,19097,EAST CENTRAL,60,2010,1.0,54800.0,54300.0,2845000.0,52.4,3523.950572973379,77428.0975,21974.4303606
IOWA,19,JACKSON,097,19097,EAST CENTRAL,60,2011,1.0,46900.0,46500.0,2634000.0,56.6,3806.4046265323145,71685.627,18817.882353
IOWA,19,JACKSON,097,19097,EAST CENTRAL,60,2012,1.0,48300.0,48100.0,2267000.0,47.1,3167.520457768057,61697.5385,19465.3793802
IOWA,19,JACKSON,097,19097,EAST CENTRAL,60,2013,1.0,50400.0,50100.0,2508000.0,50.1,3369.273353167296,68256.474,20274.7506642
IOWA,19,JACKSON,097,19097,EAST CENTRAL,60,2014,1.0,52600.0,52400.0,2876000.0,54.9,3692.0779858060787,78271.778,21205.5276408
IOWA,19,JACKSON,097,19097,EAST CENTRAL,60,2015,1.0,52900.0,52700.0,3073000.0,58.3,3920.73126725855,83633.2315,21326.9333334
IOWA,19,JACKSON,097,19097,EAST CENTRAL,60,2016,1.0,52000.0,51800.0,3165000.0,61.1,4109.033969631173,86137.0575,20962.7162556
IOWA,19,JACKSON,097,19097,EAST CENTRAL,60,2017,1.0,54500.0,54200.0,3211000.0,59.2,3981.257135878322,87388.9705,21933.9617964
IOWA,19,JACKSON,097,19097,EAST CENTRAL,60,2018,1.0,51500.0,51100.0,2967000.0,58.1,3907.2810742319343,80748.3885,20679.4363062
IOWA,19,JACKSON,097,19097,EAST CENTRAL,60,2020,1.0,48200.0,47800.0,2615000.0,54.7,3678.627792779463,71168.5325,19343.9736876
IOWA,19,JACKSON,097,19097,EAST CENTRAL,60,2022,1.0,59000.0,58600.0,3887000.0,66.3,4458.738988323188,105786.6485,23714.578621200002
IOWA,19,JACKSON,097,19097,EAST CENTRAL,60,2024,1.0,59200.0,58700.0,3792000.0,64.6,4344.412347596952,103201.176,23755.047185400002
IOWA,19,JASPER,099,19099,CENTRAL,50,1980,1.0,88200.0,88100.0,3750000.0,42.6,2864.891114669198,102058.125,35652.8050602
IOWA,19,JASPER,099,19099,CENTRAL,50,1981,1.0,90700.0,90400.0,3966000.0,43.9,2952.3173693422013,107936.673,36583.5820368
IOWA,19,JASPER,099,19099,CENTRAL,50,1982,1.0,103000.0,100800.0,3882000.0,38.5,2589.1621576235707,105650.571,40792.312713600004
IOWA,19,JASPER,099,19099,CENTRAL,50,1983,1.0,97200.0,97200.0,3863000.0,39.7,2669.8633157832664,105133.4765,39335.444402400004
IOWA,19,JASPER,099,19099,CENTRAL,50,1984,1.0,107000.0,105700.0,3511000.0,33.2,2232.732042418248,95553.6205,42775.2723594
IOWA,19,JASPER,099,19099,CENTRAL,50,1985,1.0,104000.0,103500.0,4147000.0,40.1,2696.7637018364985,112862.6785,41884.963947000004
IOWA,19,JASPER,099,19099,CENTRAL,50,1986,1.0,113000.0,112500.0,4539000.0,40.3,2710.213894863114,123531.1545,45527.134725
IOWA,19,JASPER,099,19099,CENTRAL,50,1987,1.0,107000.0,105100.0,4923000.0,46.8,3147.3451682281325,133981.9065,42532.4609742
IOWA,19,JASPER,099,19099,CENTRAL,50,1988,1.0,102000.0,101600.0,3197000.0,31.5,2118.405401692012,87007.9535,41116.0612272
IOWA,19,JASPER,099,19099,CENTRAL,50,1989,1.0,104000.0,103700.0,4151000.0,40.0,2690.0386053231905,112971.5405,41965.901075400005
IOWA,19,JASPER,099,19099,CENTRAL,50,1990,1.0,97500.0,93900.0,4187000.0,44.6,2999.3930449353575,113951.2985,37999.9817838
IOWA,19,JASPER,099,19099,CENTRAL,50,1991,1.0,104000.0,102700.0,4469000.0,43.5,2925.4169832889697,121626.0695,41561.2154334
IOWA,19,JASPER,099,19099,CENTRAL,50,1992,1.0,101000.0,100800.0,4620000.0,45.8,3080.0942030950528,125735.61,40792.312713600004
IOWA,19,JASPER,099,19099,CENTRAL,50,1993,1.0,105000.0,97300.0,3498000.0,36.0,2421.034744790871,95199.819,39375.9129666
IOWA,19,JASPER,099,19099,CENTRAL,50,1994,1.0,109000.0,108800.0,5870000.0,54.0,3631.552117186307,159754.985,44029.7978496
IOWA,19,JASPER,099,19099,CENTRAL,50,1995,1.0,115000.0,114700.0,5633000.0,49.1,3302.0223880342164,153304.9115,46417.4431374
IOWA,19,JASPER,099,19099,CENTRAL,50,1996,1.0,119000.0,118800.0,5308000.0,44.7,3006.1181414486655,144459.874,48076.6542696
IOWA,19,JASPER,099,19099,CENTRAL,50,1997,1.0,146300.0,145100.0,7232000.0,49.8,3349.0980636273716,196822.496,58719.8866542
IOWA,19,JASPER,099,19099,CENTRAL,50,1998,1.0,144600.0,143600.0,7140000.0,49.7,3342.372967114064,194318.67,58112.8581912
IOWA,19,JASPER,099,19099,CENTRAL,50,1999,1.0,140000.0,139900.0,6908000.0,49.4,3322.19767757414,188004.674,56615.521315800004
IOWA,19,JASPER,099,19099,CENTRAL,50,2000,1.0,144000.0,143900.0,6624000.0,46.0,3093.544396121669,180275.472,58234.2638838
IOWA,19,JASPER,099,19099,CENTRAL,50,2001,1.0,143000.0,142000.0,7014000.0,49.4,3322.19767757414,190889.517,57465.361164
IOWA,19,JASPER,099,19099,CENTRAL,50,2002,1.0,143000.0,142000.0,7598000.0,53.5,3597.9266346197674,206783.369,57465.361164
IOWA,19,JASPER,099,19099,CENTRAL,50,2003,1.0,140000.0,139400.0,4490000.0,32.2,2165.4810772851683,122197.595,56413.1784948
IOWA,19,JASPER,099,19099,CENTRAL,50,2004,1.0,142000.0,141400.0,7706000.0,54.5,3665.177599752847,209722.643,57222.5497788
IOWA,19,JASPER,099,19099,CENTRAL,50,2005,1.0,134500.0,133900.0,7627300.0,57.0,3833.305012585546,207580.78314999997,54187.4074638
IOWA,19,JASPER,099,19099,CENTRAL,50,2006,1.0,138500.0,138000.0,7353500.0,53.3,3584.476441593151,200129.17925,55846.618596
IOWA,19,JASPER,099,19099,CENTRAL,50,2007,1.0,119500.0,119300.0,6813000.0,57.1,3840.030109098854,185419.2015,48278.9970906
IOWA,19,JASPER,099,19099,CENTRAL,50,2008,1.0,135000.0,133600.0,7049000.0,53.0,3564.3011520532273,191842.0595,54066.001771200004
IOWA,19,JASPER,099,19099,CENTRAL,50,2009,1.0,127500.0,127100.0,7174000.0,56.5,3799.6795300190065,195243.997,51435.545098200004
IOWA,19,JASPER,099,19099,CENTRAL,50,2010,1.0,140500.0,138000.0,6666000.0,48.3,3248.2216159277523,181418.523,55846.618596
IOWA,19,JASPER,099,19099,CENTRAL,50,2011,1.0,130000.0,129100.0,7045000.0,54.6,3671.902696266155,191733.1975,52244.916382200005
IOWA,19,JASPER,099,19099,CENTRAL,50,2012,1.0,133500.0,132900.0,6761000.0,50.9,3423.07412527376,184003.9955,53782.7218218
IOWA,19,JASPER,099,19099,CENTRAL,50,2013,1.0,139500.0,138900.0,5994000.0,43.2,2905.2416937490457,163129.707,56210.8356738
IOWA,19,JASPER,099,19099,CENTRAL,50,2014,1.0,140500.0,139800.0,7632000.0,54.6,3671.902696266155,207708.696,56575.0527516
IOWA,19,JASPER,099,19099,CENTRAL,50,2015,1.0,141000.0,140400.0,8132000.0,57.9,3893.830881205318,221316.446,56817.8641368
IOWA,19,JASPER,099,19099,CENTRAL,50,2016,1.0,134000.0,133500.0,8049000.0,60.3,4055.2331975247093,219057.5595,54025.533207
IOWA,19,JASPER,099,19099,CENTRAL,50,2017,1.0,142500.0,141500.0,8555000.0,60.5,4068.6833905513254,232828.6025,57263.018343
IOWA,19,JASPER,099,19099,CENTRAL,50,2018,1.0,143000.0,141400.0,8578000.0,60.7,4082.1335835779414,233454.559,57222.5497788
IOWA,19,JASPER,099,19099,CENTRAL,50,2019,1.0,134500.0,133600.0,7553000.0,56.5,3799.6795300190065,205558.6715,54066.001771200004
IOWA,19,JASPER,099,19099,CENTRAL,50,2021,1.0,149000.0,147900.0,9954000.0,67.3,4525.989953456267,270903.087,59853.0064518
IOWA,19,JASPER,099,19099,CENTRAL,50,2022,1.0,142500.0,141500.0,8504000.0,60.1,4041.7830044980938,231440.612,57263.018343
IOWA,19,JASPER,099,19099,CENTRAL,50,2023,1.0,145500.0,144600.0,9225000.0,63.8,4290.611575490489,251062.9875,58517.543833200005
IOWA,19,JEFFERSON,101,19101,SOUTHEAST,90,1980,1.0,57300.0,57100.0,2160000.0,37.8,2542.0864820304146,58785.48,23107.5501582
IOWA,19,JEFFERSON,101,19101,SOUTHEAST,90,1981,1.0,58300.0,58300.0,2235000.0,38.3,2575.7119645969547,60826.6425,23593.1729286
IOWA,19,JEFFERSON,101,19101,SOUTHEAST,90,1982,1.0,60900.0,60000.0,2010000.0,33.5,2252.907331958172,54703.155,24281.13852
IOWA,19,JEFFERSON,101,19101,SOUTHEAST,90,1983,1.0,57000.0,57000.0,1490000.0,26.1,1755.2501899733818,40551.095,23067.081594
IOWA,19,JEFFERSON,101,19101,SOUTHEAST,90,1984,1.0,64800.0,64700.0,2110000.0,32.6,2192.3814633384004,57424.705,26183.1610374
IOWA,19,JEFFERSON,101,19101,SOUTHEAST,90,1985,1.0,65700.0,65500.0,2494000.0,38.1,2562.261771570339,67875.457,26506.909551
IOWA,19,JEFFERSON,101,19101,SOUTHEAST,90,1986,1.0,69800.0,69500.0,2611000.0,37.6,2528.636289003799,71059.6705,28125.652119000002
IOWA,19,JEFFERSON,101,19101,SOUTHEAST,90,1987,1.0,57500.0,57000.0,2185000.0,38.3,2575.7119645969547,59465.8675,23067.081594
IOWA,19,JEFFERSON,101,19101,SOUTHEAST,90,1988,1.0,54900.0,53900.0,1295000.0,24.0,1614.0231631939141,35244.0725,21812.5561038
IOWA,19,JEFFERSON,101,19101,SOUTHEAST,90,1989,1.0,59800.0,59800.0,2032000.0,34.0,2286.5328145247117,55301.896,24200.2013916
IOWA,19,JEFFERSON,101,19101,SOUTHEAST,90,1990,1.0,54400.0,54100.0,2055000.0,38.0,2555.536675057031,55927.8525,21893.493232200002
IOWA,19,JEFFERSON,101,19101,SOUTHEAST,90,1991,1.0,56400.0,56200.0,2269000.0,40.4,2716.938991376422,61751.9695,22743.3330804
IOWA,19,JEFFERSON,101,19101,SOUTHEAST,90,1992,1.0,53000.0,52900.0,2256000.0,42.6,2864.891114669198,61398.168,21407.8704618
IOWA,19,JEFFERSON,101,19101,SOUTHEAST,90,1993,1.0,56000.0,54700.0,1910000.0,34.9,2347.0586831444834,51981.605,22136.3046174
IOWA,19,JEFFERSON,101,19101,SOUTHEAST,90,1994,1.0,56000.0,55800.0,2850000.0,51.1,3436.524318300376,77564.175,22581.4588236
IOWA,19,JEFFERSON,101,19101,SOUTHEAST,90,1995,1.0,70000.0,69800.0,2641000.0,37.8,2542.0864820304146,71876.1355,28247.0578116
IOWA,19,JEFFERSON,101,19101,SOUTHEAST,90,1996,1.0,56000.0,55800.0,2332000.0,41.8,2811.090342562734,63466.546,22581.4588236
IOWA,19,JEFFERSON,101,19101,SOUTHEAST,90,1997,1.0,65500.0,64900.0,2969000.0,45.7,3073.369106581745,80802.8195,26264.098165800002
IOWA,19,JEFFERSON,101,19101,SOUTHEAST,90,1998,1.0,62400.0,62200.0,2923000.0,47.0,3160.7953612547485,79550.9065,25171.446932400002
IOWA,19,JEFFERSON,101,19101,SOUTHEAST,90,1999,1.0,67000.0,66800.0,2169000.0,32.5,2185.6563668250924,59030.4195,27033.000885600002
IOWA,19,JEFFERSON,101,19101,SOUTHEAST,90,2000,1.0,67000.0,66800.0,2553000.0,38.2,2568.986868083647,69481.1715,27033.000885600002
IOWA,19,JEFFERSON,101,19101,SOUTHEAST,90,2001,1.0,55000.0,54400.0,2202000.0,40.5,2723.66408788973,59928.531,22014.8989248
IOWA,19,JEFFERSON,101,19101,SOUTHEAST,90,2002,1.0,61000.0,60800.0,2246000.0,36.9,2481.560613410643,61126.013,24604.8870336
IOWA,19,JEFFERSON,101,19101,SOUTHEAST,90,2003,1.0,62000.0,61600.0,1978000.0,32.1,2158.7559807718603,53832.259,24928.6355472
IOWA,19,JEFFERSON,101,19101,SOUTHEAST,90,2004,1.0,61000.0,60700.0,3256000.0,53.6,3604.6517311330754,88613.668,24564.4184694
IOWA,19,JEFFERSON,101,19101,SOUTHEAST,90,2005,1.0,60500.0,60400.0,3188900.0,52.8,3550.8509590266112,86787.50795,24443.012776800002
IOWA,19,JEFFERSON,101,19101,SOUTHEAST,90,2006,1.0,64000.0,63500.0,2951000.0,46.5,3127.169878688209,80312.9405,25697.538267
IOWA,19,JEFFERSON,101,19101,SOUTHEAST,90,2007,1.0,48500.0,48300.0,2235000.0,46.3,3113.719685661593,60826.6425,19546.3165086
IOWA,19,JEFFERSON,101,19101,SOUTHEAST,90,2008,1.0,59500.0,58900.0,2477000.0,42.0,2824.54053558935,67412.7935,23835.9843138
IOWA,19,JEFFERSON,101,19101,SOUTHEAST,90,2009,1.0,55000.0,54400.0,2803000.0,51.5,3463.4247043536075,76285.0465,22014.8989248
IOWA,19,JEFFERSON,101,19101,SOUTHEAST,90,2010,1.0,59700.0,58800.0,2751000.0,46.8,3147.3451682281325,74869.8405,23795.5157496
IOWA,19,JEFFERSON,101,19101,SOUTHEAST,90,2011,1.0,60900.0,60400.0,2532000.0,41.9,2817.815439076042,68909.646,24443.012776800002
IOWA,19,JEFFERSON,101,19101,SOUTHEAST,90,2012,1.0,65700.0,65200.0,2868000.0,44.0,2959.0424658555094,78054.054,26385.5038584
IOWA,19,JEFFERSON,101,19101,SOUTHEAST,90,2013,1.0,67100.0,66800.0,2745000.0,41.1,2764.0146669695782,74706.5475,27033.000885600002
IOWA,19,JEFFERSON,101,19101,SOUTHEAST,90,2014,1.0,67600.0,67000.0,3171000.0,47.3,3180.9706507946726,86300.3505,27113.938014
IOWA,19,JEFFERSON,101,19101,SOUTHEAST,90,2015,1.0,61200.0,60900.0,3054000.0,50.1,3369.273353167296,83116.137,24645.3555978
IOWA,19,JEFFERSON,101,19101,SOUTHEAST,90,2016,1.0,68600.0,68300.0,3765000.0,55.1,3705.5281788326947,102466.3575,27640.0293486
IOWA,19,JEFFERSON,101,19101,SOUTHEAST,90,2017,1.0,64800.0,64400.0,2969000.0,46.1,3100.269492634977,80802.8195,26061.7553448
IOWA,19,JEFFERSON,101,19101,SOUTHEAST,90,2018,1.0,69300.0,68500.0,4248000.0,62.0,4169.559838250945,115611.444,27720.966477
IOWA,19,JEFFERSON,101,19101,SOUTHEAST,90,2019,1.0,64900.0,64200.0,3422000.0,53.3,3584.476441593151,93131.441,25980.8182164
IOWA,19,JEFFERSON,101,19101,SOUTHEAST,90,2020,1.0,68000.0,67400.0,3626000.0,53.8,3618.101924159691,98683.403,27275.8122708
IOWA,19,JEFFERSON,101,19101,SOUTHEAST,90,2021,1.0,68700.0,68100.0,3673000.0,53.9,3624.827020672999,99962.5315,27559.0922202
IOWA,19,JEFFERSON,101,19101,SOUTHEAST,90,2022,1.0,70200.0,69700.0,3534000.0,50.7,3409.623932247144,96179.577,28206.5892474
IOWA,19,JEFFERSON,101,19101,SOUTHEAST,90,2023,1.0,67300.0,66400.0,3845000.0,57.9,3893.830881205318,104643.5975,26871.1266288
IOWA,19,JEFFERSON,101,19101,SOUTHEAST,90,2024,1.0,69100.0,68700.0,4156000.0,60.5,4068.6833905513254,113107.618,27801.903605400003
IOWA,19,JEFFERSON,101,19101,SOUTHEAST,90,2025,1.0,64400.0,63900.0,4019000.0,62.9,4230.085706870716,109379.0945,25859.4125238
IOWA,19,JOHNSON,103,19103,EAST CENTRAL,60,1980,1.0,61800.0,61700.0,2480000.0,40.2,2703.4887983498065,67494.44,24969.1041114
IOWA,19,JOHNSON,103,19103,EAST CENTRAL,60,1981,1.0,55300.0,55300.0,2432000.0,44.0,2959.0424658555094,66188.096,22379.1160026
IOWA,19,JOHNSON,103,19103,EAST CENTRAL,60,1982,1.0,55400.0,54200.0,2053000.0,37.9,2548.8115785437226,55873.4215,21933.9617964
IOWA,19,JOHNSON,103,19103,EAST CENTRAL,60,1983,1.0,52800.0,51200.0,1714000.0,33.5,2252.907331958172,46647.367,20719.9048704
IOWA,19,JOHNSON,103,19103,EAST CENTRAL,60,1984,1.0,57800.0,57600.0,1873000.0,32.5,2185.6563668250924,50974.6315,23309.8929792
IOWA,19,JOHNSON,103,19103,EAST CENTRAL,60,1985,1.0,54900.0,54600.0,2106000.0,38.6,2595.8872541368787,57315.843,22095.8360532
IOWA,19,JOHNSON,103,19103,EAST CENTRAL,60,1986,1.0,59900.0,59700.0,2323000.0,38.9,2616.0625436768028,63221.6065,24159.7328274
IOWA,19,JOHNSON,103,19103,EAST CENTRAL,60,1987,1.0,56900.0,56600.0,2296000.0,40.6,2730.389184403038,62486.788,22905.2073372
IOWA,19,JOHNSON,103,19103,EAST CENTRAL,60,1988,1.0,55800.0,55200.0,1466000.0,26.6,1788.8756725399217,39897.923,22338.6474384
IOWA,19,JOHNSON,103,19103,EAST CENTRAL,60,1989,1.0,59400.0,59300.0,2404000.0,40.5,2723.66408788973,65426.062,23997.8585706
IOWA,19,JOHNSON,103,19103,EAST CENTRAL,60,1990,1.0,57300.0,56500.0,2519000.0,44.6,2999.3930449353575,68555.8445,22864.738773
IOWA,19,JOHNSON,103,19103,EAST CENTRAL,60,1991,1.0,58600.0,57600.0,2384000.0,41.4,2784.189956509502,64881.752,23309.8929792
IOWA,19,JOHNSON,103,19103,EAST CENTRAL,60,1992,1.0,60000.0,59900.0,2490000.0,41.6,2797.6401495361183,67766.595,24240.6699558
IOWA,19,JOHNSON,103,19103,EAST CENTRAL,60,1993,1.0,62000.0,60400.0,1952000.0,32.3,2172.206173798476,53124.656,24443.012776800002
IOWA,19,JOHNSON,103,19103,EAST CENTRAL,60,1994,1.0,65000.0,64900.0,3343000.0,51.5,3463.4247043536075,90981.4165,26264.098165800002
IOWA,19,JOHNSON,103,19103,EAST CENTRAL,60,1995,1.0,70000.0,69700.0,2779000.0,39.9,2683.3135088098825,75631.8745,28206.5892474
IOWA,19,JOHNSON,103,19103,EAST CENTRAL,60,1996,1.0,78000.0,77500.0,3152000.0,40.7,2737.1142809163466,85783.256,31363.137255
IOWA,19,JOHNSON,103,19103,EAST CENTRAL,60,1997,1.0,80200.0,79500.0,3858000.0,48.5,3261.6718089543683,104997.399,32172.508539000002
IOWA,19,JOHNSON,103,19103,EAST CENTRAL,60,1998,1.0,80200.0,79400.0,4153000.0,52.3,3517.225476460071,113025.9715,32132.0399748
IOWA,19,JOHNSON,103,19103,EAST CENTRAL,60,1999,1.0,90000.0,89900.0,3895000.0,43.3,2911.9667902623532,106004.3725,36381.2392158
IOWA,19,JOHNSON,103,19103,EAST CENTRAL,60,2000,1.0,89000.0,88800.0,3619000.0,40.8,2743.839377429654,98492.8945,35936.0850096
IOWA,19,JOHNSON,103,19103,EAST CENTRAL,60,2001,1.0,92000.0,91500.0,4295000.0,46.9,3154.0702647414405,116890.5725,37028.736243
IOWA,19,JOHNSON,103,19103,EAST CENTRAL,60,2002,1.0,87000.0,86400.0,4254000.0,49.2,3308.7474845475244,115774.737,34964.839468800004
IOWA,19,JOHNSON,103,19103,EAST CENTRAL,60,2003,1.0,89000.0,88600.0,2808000.0,31.7,2131.8555947186283,76421.124,35855.1478812
IOWA,19,JOHNSON,103,19103,EAST CENTRAL,60,2004,1.0,84000.0,83900.0,4078000.0,48.6,3268.3969054676763,110984.809,33953.1253638
IOWA,19,JOHNSON,103,19103,EAST CENTRAL,60,2005,1.0,85000.0,84500.0,3887800.0,46.0,3093.544396121669,105808.4209,34195.936749
IOWA,19,JOHNSON,103,19103,EAST CENTRAL,60,2006,1.0,85000.0,84500.0,4124500.0,48.8,3281.847098494292,112250.32975,34195.936749
IOWA,19,JOHNSON,103,19103,EAST CENTRAL,60,2007,1.0,71500.0,71400.0,3531000.0,49.5,3328.922774087448,96097.9305,28894.554838800002
IOWA,19,JOHNSON,103,19103,EAST CENTRAL,60,2008,1.0,79000.0,78200.0,3602000.0,46.0,3093.544396121669,98030.231,31646.4172044
IOWA,19,JOHNSON,103,19103,EAST CENTRAL,60,2009,1.0,83500.0,83000.0,4294000.0,51.5,3463.4247043536075,116863.357,33588.908286
IOWA,19,JOHNSON,103,19103,EAST CENTRAL,60,2010,1.0,86500.0,86000.0,4206000.0,48.9,3288.5721950076,114468.393,34802.965212
IOWA,19,JOHNSON,103,19103,EAST CENTRAL,60,2011,1.0,82700.0,82100.0,4535000.0,55.2,3712.2532753460027,123422.2925,33224.6912082
IOWA,19,JOHNSON,103,19103,EAST CENTRAL,60,2012,1.0,88000.0,87600.0,4155000.0,47.4,3187.6957473079806,113080.4025,35450.4622392
IOWA,19,JOHNSON,103,19103,EAST CENTRAL,60,2013,1.0,85000.0,84600.0,3921000.0,46.3,3113.719685661593,106711.9755,34236.405313200004
IOWA,19,JOHNSON,103,19103,EAST CENTRAL,60,2014,1.0,91600.0,91100.0,4559000.0,50.0,3362.548256653988,124075.4645,36866.8619862
IOWA,19,JOHNSON,103,19103,EAST CENTRAL,60,2015,1.0,90300.0,89900.0,4979000.0,55.4,3725.7034683726188,135505.9745,36381.2392158
IOWA,19,JOHNSON,103,19103,EAST CENTRAL,60,2016,1.0,94900.0,94500.0,5299000.0,56.1,3772.7791439657744,144214.9345,38242.793169000004
IOWA,19,JOHNSON,103,19103,EAST CENTRAL,60,2017,1.0,92700.0,92200.0,5201000.0,56.4,3792.9544335056985,141547.8155,37312.0161924
IOWA,19,JOHNSON,103,19103,EAST CENTRAL,60,2018,1.0,91800.0,90300.0,5411000.0,59.9,4028.3328114714777,147263.0705,36543.1134726
IOWA,19,JOHNSON,103,19103,EAST CENTRAL,60,2019,1.0,85400.0,84800.0,4707000.0,55.5,3732.428564885927,128103.3585,34317.3424416
IOWA,19,JOHNSON,103,19103,EAST CENTRAL,60,2020,1.0,93600.0,92200.0,4776000.0,51.8,3483.5999938935315,129981.228,37312.0161924
IOWA,19,JOHNSON,103,19103,EAST CENTRAL,60,2022,1.0,95300.0,94700.0,5881000.0,62.1,4176.284934764253,160054.3555,38323.7302974
IOWA,19,JOHNSON,103,19103,EAST CENTRAL,60,2023,1.0,90000.0,89400.0,5051000.0,56.5,3799.6795300190065,137465.4905,36178.8963948
IOWA,19,JOHNSON,103,19103,EAST CENTRAL,60,2024,1.0,91400.0,90700.0,5759000.0,63.5,4270.4362859505645,156734.0645,36704.9877294
IOWA,19,JOHNSON,103,19103,EAST CENTRAL,60,2025,1.0,85800.0,85200.0,5640000.0,66.2,4452.01389180988,153495.42,34479.2166984
IOWA,19,JONES,105,19105,EAST CENTRAL,60,1980,1.0,43800.0,43700.0,1890000.0,43.2,2905.2416937490457,51437.295,17684.7625554
IOWA,19,JONES,105,19105,EAST CENTRAL,60,1981,1.0,42700.0,42700.0,1903000.0,44.6,2999.3930449353575,51791.0965,17280.0769134
IOWA,19,JONES,105,19105,EAST CENTRAL,60,1982,1.0,41000.0,41000.0,1682000.0,41.0,2757.28957045627,45776.471,16592.111322
IOWA,19,JONES,105,19105,EAST CENTRAL,60,1983,1.0,40800.0,40800.0,1456000.0,35.7,2400.8594552509476,39625.768,16511.1741936
IOWA,19,JONES,105,19105,EAST CENTRAL,60,1984,1.0,43900.0,43900.0,1556000.0,35.4,2380.6841657110235,42347.318,17765.6996838
IOWA,19,JONES,105,19105,EAST CENTRAL,60,1985,1.0,42100.0,41600.0,1602000.0,38.5,2589.1621576235707,43599.231,16834.9227072
IOWA,19,JONES,105,19105,EAST CENTRAL,60,1986,1.0,43200.0,43000.0,1847000.0,43.0,2891.7915007224296,50267.0285,17401.482606
IOWA,19,JONES,105,19105,EAST CENTRAL,60,1987,1.0,42200.0,42000.0,1956000.0,46.6,3133.894975201517,53233.518,16996.796964
IOWA,19,JONES,105,19105,EAST CENTRAL,60,1988,1.0,44300.0,43400.0,1022000.0,23.5,1580.3976806273743,27814.241,17563.3568628
IOWA,19,JONES,105,19105,EAST CENTRAL,60,1989,1.0,44900.0,44800.0,1712000.0,38.2,2568.986868083647,46592.936,18129.9167616
IOWA,19,JONES,105,19105,EAST CENTRAL,60,1990,1.0,43000.0,42700.0,2054000.0,48.1,3234.7714229011367,55900.637,17280.0769134
IOWA,19,JONES,105,19105,EAST CENTRAL,60,1991,1.0,45400.0,45000.0,2182000.0,48.5,3261.6718089543683,59384.221,18210.853890000002
IOWA,19,JONES,105,19105,EAST CENTRAL,60,1992,1.0,45000.0,44800.0,1943000.0,43.4,2918.6918867756613,52879.7165,18129.9167616
IOWA,19,JONES,105,19105,EAST CENTRAL,60,1993,1.0,49000.0,48400.0,1770000.0,36.6,2461.3853238707193,48171.435,19586.7850728
IOWA,19,JONES,105,19105,EAST CENTRAL,60,1994,1.0,50000.0,49900.0,2592000.0,51.9,3490.3250904068395,70542.576,20193.8135358
IOWA,19,JONES,105,19105,EAST CENTRAL,60,1995,1.0,54000.0,53800.0,2401000.0,44.6,2999.3930449353575,65344.4155,21772.0875396
IOWA,19,JONES,105,19105,EAST CENTRAL,60,1996,1.0,60000.0,59900.0,2806000.0,46.8,3147.3451682281325,76366.693,24240.6699558
IOWA,19,JONES,105,19105,EAST CENTRAL,60,1997,1.0,74300.0,73700.0,3752000.0,50.9,3423.07412527376,102112.556,29825.3318154
IOWA,19,JONES,105,19105,EAST CENTRAL,60,1998,1.0,76300.0,76000.0,4080000.0,53.7,3611.3768276463834,111039.24,30756.108792000003
IOWA,19,JONES,105,19105,EAST CENTRAL,60,1999,1.0,83000.0,80700.0,4318000.0,53.5,3597.9266346197674,117516.529,32658.1313094
IOWA,19,JONES,105,19105,EAST CENTRAL,60,2000,1.0,83000.0,82800.0,3803000.0,45.9,3086.819299608361,103500.5465,33507.971157600005
IOWA,19,JONES,105,19105,EAST CENTRAL,60,2001,1.0,89000.0,88500.0,4464000.0,50.4,3389.4486427072197,121489.992,35814.679317
IOWA,19,JONES,105,19105,EAST CENTRAL,60,2002,1.0,83000.0,82800.0,4120000.0,49.8,3349.0980636273716,112127.86,33507.971157600005
IOWA,19,JONES,105,19105,EAST CENTRAL,60,2003,1.0,83000.0,82700.0,2667000.0,32.2,2165.4810772851683,72583.7385,33467.5025934
IOWA,19,JONES,105,19105,EAST CENTRAL,60,2004,1.0,77000.0,76900.0,3597000.0,46.8,3147.3451682281325,97894.1535,31120.325869800003
IOWA,19,JONES,105,19105,EAST CENTRAL,60,2005,1.0,74500.0,74100.0,3840100.0,51.8,3483.5999938935315,104510.24154999999,29987.206072200002
IOWA,19,JONES,105,19105,EAST CENTRAL,60,2006,1.0,78500.0,77900.0,4084500.0,52.4,3523.950572973379,111161.70975,31525.0115118
IOWA,19,JONES,105,19105,EAST CENTRAL,60,2007,1.0,58000.0,57900.0,3042000.0,52.5,3530.675669486687,82789.551,23431.2986718
IOWA,19,JONES,105,19105,EAST CENTRAL,60,2008,1.0,69500.0,69000.0,3214000.0,46.5,3127.169878688209,87470.617,27923.309298
IOWA,19,JONES,105,19105,EAST CENTRAL,60,2009,1.0,70000.0,69400.0,3487000.0,50.0,3362.548256653988,94900.4485,28085.1835548
IOWA,19,JONES,105,19105,EAST CENTRAL,60,2010,1.0,66400.0,65900.0,3465000.0,52.6,3537.4007659999957,94301.7075,26668.783807800002
IOWA,19,JONES,105,19105,EAST CENTRAL,60,2011,1.0,62300.0,61900.0,3741000.0,60.4,4061.9582940380174,101813.1855,25050.0412398
IOWA,19,JONES,105,19105,EAST CENTRAL,60,2012,1.0,64300.0,64100.0,3306000.0,51.6,3470.1498008669155,89974.443,25940.349652200002
IOWA,19,JONES,105,19105,EAST CENTRAL,60,2013,1.0,68300.0,68000.0,3636000.0,53.5,3597.9266346197674,98955.558,27518.623656
IOWA,19,JONES,105,19105,EAST CENTRAL,60,2014,1.0,70900.0,70600.0,3707000.0,52.5,3530.675669486687,100887.8585,28570.8063252
IOWA,19,JONES,105,19105,EAST CENTRAL,60,2015,1.0,75400.0,75100.0,4147000.0,55.2,3712.2532753460027,112862.6785,30391.8917142
IOWA,19,JONES,105,19105,EAST CENTRAL,60,2016,1.0,70700.0,70400.0,4253000.0,60.4,4061.9582940380174,115747.5215,28489.869196800002
IOWA,19,JONES,105,19105,EAST CENTRAL,60,2017,1.0,77200.0,76800.0,4220000.0,54.9,3692.0779858060787,114849.41,31079.857305600002
IOWA,19,JONES,105,19105,EAST CENTRAL,60,2018,1.0,72400.0,71800.0,4313000.0,60.1,4041.7830044980938,117380.4515,29056.4290956
IOWA,19,JONES,105,19105,EAST CENTRAL,60,2019,1.0,68400.0,67600.0,3868000.0,57.2,3846.7552056121626,105269.554,27356.7493992
IOWA,19,JONES,105,19105,EAST CENTRAL,60,2020,1.0,68700.0,68200.0,3683000.0,54.0,3631.552117186307,100234.6865,27599.5607844
IOWA,19,JONES,105,19105,EAST CENTRAL,60,2021,1.0,82700.0,82200.0,5302000.0,64.5,4337.687251083645,144296.581,33265.1597724
IOWA,19,JONES,105,19105,EAST CENTRAL,60,2022,1.0,77200.0,76700.0,4732000.0,61.7,4149.384548711021,128783.746,31039.388741400002
IOWA,19,JONES,105,19105,EAST CENTRAL,60,2023,1.0,79000.0,78500.0,4278000.0,54.5,3665.177599752847,116427.909,31767.822897000002
IOWA,19,JONES,105,19105,EAST CENTRAL,60,2024,1.0,80300.0,79600.0,5078000.0,63.8,4290.611575490489,138200.309,32212.977103200003
IOWA,19,JONES,105,19105,EAST CENTRAL,60,2025,1.0,78300.0,78100.0,5358000.0,68.6,4613.416208129271,145820.649,31605.9486402
IOWA,19,KEOKUK,107,19107,SOUTHEAST,90,1980,1.0,64200.0,64100.0,2740000.0,42.7,2871.616211182506,74570.47,25940.349652200002
IOWA,19,KEOKUK,107,19107,SOUTHEAST,90,1981,1.0,67500.0,67500.0,2863000.0,42.4,2851.4409216425815,77917.9765,27316.280835
IOWA,19,KEOKUK,107,19107,SOUTHEAST,90,1982,1.0,68800.0,67200.0,2569000.0,38.2,2568.986868083647,69916.6195,27194.8751424
IOWA,19,KEOKUK,107,19107,SOUTHEAST,90,1983,1.0,61900.0,61200.0,1814000.0,29.6,1990.628567939161,49368.917,24766.7612904
IOWA,19,KEOKUK,107,19107,SOUTHEAST,90,1984,1.0,63400.0,62700.0,2040000.0,32.5,2185.6563668250924,55519.62,25373.7897534
IOWA,19,KEOKUK,107,19107,SOUTHEAST,90,1985,1.0,61000.0,60800.0,2459000.0,40.4,2716.938991376422,66922.9145,24604.8870336
IOWA,19,KEOKUK,107,19107,SOUTHEAST,90,1986,1.0,64700.0,63500.0,2604000.0,41.0,2757.28957045627,70869.162,25697.538267
IOWA,19,KEOKUK,107,19107,SOUTHEAST,90,1987,1.0,61300.0,61100.0,2706000.0,44.3,2979.217755395433,73645.143,24726.2927262
IOWA,19,KEOKUK,107,19107,SOUTHEAST,90,1988,1.0,65600.0,65200.0,1698000.0,26.0,1748.5250934600738,46211.919,26385.5038584
IOWA,19,KEOKUK,107,19107,SOUTHEAST,90,1989,1.0,63900.0,63900.0,2372000.0,37.1,2495.0108064372594,64555.166,25859.4125238
IOWA,19,KEOKUK,107,19107,SOUTHEAST,90,1990,1.0,57800.0,55800.0,2343000.0,42.0,2824.54053558935,63765.9165,22581.4588236
IOWA,19,KEOKUK,107,19107,SOUTHEAST,90,1991,1.0,61500.0,61100.0,3009000.0,49.2,3308.7474845475244,81891.4395,24726.2927262
IOWA,19,KEOKUK,107,19107,SOUTHEAST,90,1992,1.0,64000.0,63500.0,2657000.0,41.8,2811.090342562734,72311.5835,25697.538267
IOWA,19,KEOKUK,107,19107,SOUTHEAST,90,1993,1.0,68000.0,66200.0,2479000.0,37.4,2515.186095977183,67467.2245,26790.1895004
IOWA,19,KEOKUK,107,19107,SOUTHEAST,90,1994,1.0,70000.0,69800.0,3699000.0,53.0,3564.3011520532273,100670.1345,28247.0578116
IOWA,19,KEOKUK,107,19107,SOUTHEAST,90,1995,1.0,85000.0,84700.0,3499000.0,41.3,2777.464859996194,95227.0345,34276.8738774
IOWA,19,KEOKUK,107,19107,SOUTHEAST,90,1996,1.0,74000.0,73800.0,3174000.0,43.0,2891.7915007224296,86381.997,29865.8003796
IOWA,19,KEOKUK,107,19107,SOUTHEAST,90,1997,1.0,87000.0,86200.0,4361000.0,50.6,3402.8988357338358,118686.7955,34883.9023404
IOWA,19,KEOKUK,107,19107,SOUTHEAST,90,1998,1.0,83200.0,82100.0,3887000.0,47.3,3180.9706507946726,105786.6485,33224.6912082
IOWA,19,KEOKUK,107,19107,SOUTHEAST,90,1999,1.0,93000.0,92600.0,3654000.0,39.5,2656.4131227566504,99445.437,37473.8904492
IOWA,19,KEOKUK,107,19107,SOUTHEAST,90,2000,1.0,92000.0,91800.0,3918000.0,42.7,2871.616211182506,106630.329,37150.141935600004
IOWA,19,KEOKUK,107,19107,SOUTHEAST,90,2001,1.0,90000.0,88900.0,3791000.0,42.6,2864.891114669198,103173.9605,35976.5535738
IOWA,19,KEOKUK,107,19107,SOUTHEAST,90,2002,1.0,89000.0,88800.0,3956000.0,44.5,2992.6679484220494,107664.518,35936.0850096
IOWA,19,KEOKUK,107,19107,SOUTHEAST,90,2003,1.0,92000.0,91600.0,2884000.0,31.5,2118.405401692012,78489.502,37069.2048072
IOWA,19,KEOKUK,107,19107,SOUTHEAST,90,2004,1.0,90000.0,89700.0,4770000.0,53.2,3577.7513450798433,129817.935,36300.3020874
IOWA,19,KEOKUK,107,19107,SOUTHEAST,90,2005,1.0,89000.0,88500.0,4411300.0,49.8,3349.0980636273716,120055.73515,35814.679317
IOWA,19,KEOKUK,107,19107,SOUTHEAST,90,2006,1.0,92000.0,91400.0,4193700.0,45.9,3086.819299608361,114133.64235,36988.2676788
IOWA,19,KEOKUK,107,19107,SOUTHEAST,90,2007,1.0,73000.0,72800.0,3738000.0,51.3,3449.9745113269914,101731.539,29461.1147376
IOWA,19,KEOKUK,107,19107,SOUTHEAST,90,2008,1.0,86500.0,85700.0,4036000.0,47.0,3160.7953612547485,109841.758,34681.5595194
IOWA,19,KEOKUK,107,19107,SOUTHEAST,90,2009,1.0,89500.0,88700.0,4792000.0,54.0,3631.552117186307,130416.676,35895.6164454
IOWA,19,KEOKUK,107,19107,SOUTHEAST,90,2010,1.0,93000.0,92200.0,4185000.0,45.4,3053.193817041821,113896.8675,37312.0161924
IOWA,19,KEOKUK,107,19107,SOUTHEAST,90,2011,1.0,94700.0,93900.0,4751000.0,50.6,3402.8988357338358,129300.8405,37999.9817838
IOWA,19,KEOKUK,107,19107,SOUTHEAST,90,2012,1.0,93400.0,93100.0,4567000.0,49.1,3302.0223880342164,124293.1885,37676.2332702
IOWA,19,KEOKUK,107,19107,SOUTHEAST,90,2013,1.0,101000.0,100500.0,4127000.0,41.1,2764.0146669695782,112318.3685,40670.907021
IOWA,19,KEOKUK,107,19107,SOUTHEAST,90,2014,1.0,103000.0,101500.0,5336000.0,52.6,3537.4007659999957,145221.908,41075.592663
IOWA,19,KEOKUK,107,19107,SOUTHEAST,90,2015,1.0,104000.0,103300.0,5520000.0,53.4,3591.201538106459,150229.56,41804.0268186
IOWA,19,KEOKUK,107,19107,SOUTHEAST,90,2016,1.0,99500.0,99100.0,5662000.0,57.1,3840.030109098854,154094.161,40104.3471222
IOWA,19,KEOKUK,107,19107,SOUTHEAST,90,2017,1.0,102500.0,101600.0,5245000.0,51.6,3470.1498008669155,142745.2975,41116.0612272
IOWA,19,KEOKUK,107,19107,SOUTHEAST,90,2018,1.0,104500.0,102700.0,5929000.0,57.7,3880.3806881787023,161360.6995,41561.2154334
IOWA,19,KEOKUK,107,19107,SOUTHEAST,90,2019,1.0,97000.0,95900.0,5354000.0,55.8,3752.6038544258504,145711.787,38809.3530678
IOWA,19,KEOKUK,107,19107,SOUTHEAST,90,2020,1.0,103500.0,102600.0,5294000.0,51.6,3470.1498008669155,144078.857,41520.746869200004
IOWA,19,KEOKUK,107,19107,SOUTHEAST,90,2022,1.0,108500.0,107800.0,5724000.0,53.1,3571.0262485665353,155781.522,43625.1122076
IOWA,19,KEOKUK,107,19107,SOUTHEAST,90,2023,1.0,107000.0,106300.0,6495000.0,61.1,4109.033969631173,176764.6725,43018.0837446
IOWA,19,KEOKUK,107,19107,SOUTHEAST,90,2024,1.0,108500.0,107800.0,6802000.0,63.1,4243.535899897333,185119.831,43625.1122076
IOWA,19,KEOKUK,107,19107,SOUTHEAST,90,2025,1.0,102500.0,101700.0,6478000.0,63.7,4283.886478977181,176302.009,41156.529791400004
IOWA,19,KOSSUTH,109,19109,NORTH CENTRAL,20,1980,1.0,247100.0,247000.0,10130000.0,41.0,2757.28957045627,275693.015,99957.35357400001
IOWA,19,KOSSUTH,109,19109,NORTH CENTRAL,20,1981,1.0,244000.0,241200.0,8689000.0,36.0,2421.034744790871,236475.4795,97610.1768504
IOWA,19,KOSSUTH,109,19109,NORTH CENTRAL,20,1982,1.0,257000.0,255200.0,9655000.0,37.8,2542.0864820304146,262765.6525,103275.7758384
IOWA,19,KOSSUTH,109,19109,NORTH CENTRAL,20,1983,1.0,256000.0,255300.0,9603000.0,37.6,2528.636289003799,261350.4465,103316.2444026
IOWA,19,KOSSUTH,109,19109,NORTH CENTRAL,20,1984,1.0,268000.0,264700.0,8669000.0,32.8,2205.831656365016,235931.1695,107120.2894374
IOWA,19,KOSSUTH,109,19109,NORTH CENTRAL,20,1985,1.0,271000.0,269900.0,10244000.0,38.0,2555.536675057031,278795.582,109224.65477580001
IOWA,19,KOSSUTH,109,19109,NORTH CENTRAL,20,1986,1.0,274000.0,271200.0,11440000.0,42.2,2837.990728615966,311345.32,109750.74611040001
IOWA,19,KOSSUTH,109,19109,NORTH CENTRAL,20,1987,1.0,236000.0,235200.0,10656000.0,45.3,3046.468720528513,290008.368,95182.0629984
IOWA,19,KOSSUTH,109,19109,NORTH CENTRAL,20,1988,1.0,236000.0,234000.0,8762000.0,37.4,2515.186095977183,238462.211,94696.440228
IOWA,19,KOSSUTH,109,19109,NORTH CENTRAL,20,1989,1.0,236000.0,235900.0,9671000.0,41.0,2757.28957045627,263201.1005,95465.3429478
IOWA,19,KOSSUTH,109,19109,NORTH CENTRAL,20,1990,1.0,230000.0,228700.0,9667000.0,42.3,2844.7158251292735,263092.2385,92551.6063254
IOWA,19,KOSSUTH,109,19109,NORTH CENTRAL,20,1991,1.0,273000.0,267400.0,8436000.0,31.5,2118.405401692012,229589.958,108212.9406708
IOWA,19,KOSSUTH,109,19109,NORTH CENTRAL,20,1992,1.0,215000.0,214600.0,9183000.0,42.8,2878.3413076958136,249919.9365,86845.53877320001
IOWA,19,KOSSUTH,109,19109,NORTH CENTRAL,20,1993,1.0,235000.0,222900.0,4875000.0,21.9,1472.7961364144467,132675.5625,90204.4296018
IOWA,19,KOSSUTH,109,19109,NORTH CENTRAL,20,1994,1.0,240000.0,238000.0,10506000.0,44.1,2965.7675623688174,285926.043,96315.18279600001
IOWA,19,KOSSUTH,109,19109,NORTH CENTRAL,20,1995,1.0,240000.0,239500.0,10794000.0,45.1,3033.018527501897,293764.107,96922.211259
IOWA,19,KOSSUTH,109,19109,NORTH CENTRAL,20,1996,1.0,237000.0,236500.0,9956000.0,42.1,2831.265632102658,270957.518,95708.154333
IOWA,19,KOSSUTH,109,19109,NORTH CENTRAL,20,1997,1.0,251600.0,250500.0,10980000.0,43.8,2945.5922728288933,298826.19,101373.753321
IOWA,19,KOSSUTH,109,19109,NORTH CENTRAL,20,1998,1.0,247700.0,247100.0,11597000.0,46.9,3154.0702647414405,315618.1535,99997.8221382
IOWA,19,KOSSUTH,109,19109,NORTH CENTRAL,20,1999,1.0,259000.0,252300.0,10572000.0,41.9,2817.815439076042,287722.266,102102.1874766
IOWA,19,KOSSUTH,109,19109,NORTH CENTRAL,20,2000,1.0,251000.0,250600.0,11500000.0,45.9,3086.819299608361,312978.25,101414.22188520001
IOWA,19,KOSSUTH,109,19109,NORTH CENTRAL,20,2001,1.0,264000.0,261800.0,10628000.0,40.6,2730.389184403038,289246.334,105946.70107560001
IOWA,19,KOSSUTH,109,19109,NORTH CENTRAL,20,2002,1.0,246000.0,245500.0,11806000.0,48.1,3234.7714229011367,321306.193,99350.325111
IOWA,19,KOSSUTH,109,19109,NORTH CENTRAL,20,2003,1.0,255000.0,253900.0,8549000.0,33.7,2266.357524984788,232665.3095,102749.6845038
IOWA,19,KOSSUTH,109,19109,NORTH CENTRAL,20,2004,1.0,240000.0,238600.0,10266000.0,43.0,2891.7915007224296,279394.323,96557.9941812
IOWA,19,KOSSUTH,109,19109,NORTH CENTRAL,20,2005,1.0,231500.0,230300.0,12595600.0,54.7,3678.627792779463,342795.5518,93199.1033526
IOWA,19,KOSSUTH,109,19109,NORTH CENTRAL,20,2006,1.0,233000.0,232200.0,12326000.0,53.1,3571.0262485665353,335458.253,93968.0060724
IOWA,19,KOSSUTH,109,19109,NORTH CENTRAL,20,2007,1.0,203000.0,202600.0,10639000.0,52.5,3530.675669486687,289545.7045,81989.3110692
IOWA,19,KOSSUTH,109,19109,NORTH CENTRAL,20,2008,1.0,225500.0,224500.0,10817000.0,48.0,3228.0463263878282,294390.0635,90851.92662900001
IOWA,19,KOSSUTH,109,19109,NORTH CENTRAL,20,2009,1.0,224500.0,223500.0,11746000.0,52.5,3530.675669486687,319673.263,90447.240987
IOWA,19,KOSSUTH,109,19109,NORTH CENTRAL,20,2010,1.0,233500.0,233000.0,12335000.0,52.9,3557.5760555399193,335703.1925,94291.75458600001
IOWA,19,KOSSUTH,109,19109,NORTH CENTRAL,20,2011,1.0,220000.0,218000.0,10677000.0,49.0,3295.2972915209084,290579.8935,88221.469956
IOWA,19,KOSSUTH,109,19109,NORTH CENTRAL,20,2012,1.0,219500.0,218500.0,10407000.0,47.6,3201.1459403345966,283231.7085,88423.812777
IOWA,19,KOSSUTH,109,19109,NORTH CENTRAL,20,2013,1.0,199000.0,197900.0,8496000.0,42.9,2885.0664042091216,231222.888,80087.2885518
IOWA,19,KOSSUTH,109,19109,NORTH CENTRAL,20,2014,1.0,216000.0,213500.0,9932000.0,46.5,3127.169878688209,270304.346,86400.384567
IOWA,19,KOSSUTH,109,19109,NORTH CENTRAL,20,2015,1.0,222500.0,221500.0,13503000.0,61.0,4102.308873117865,367490.8965,89637.869703
IOWA,19,KOSSUTH,109,19109,NORTH CENTRAL,20,2016,1.0,205500.0,199400.0,12647000.0,63.4,4263.7111894372565,344194.4285,80694.3170148
IOWA,19,KOSSUTH,109,19109,NORTH CENTRAL,20,2017,1.0,218500.0,217500.0,13145000.0,60.4,4061.9582940380174,357747.7475,88019.127135
IOWA,19,KOSSUTH,109,19109,NORTH CENTRAL,20,2018,1.0,220500.0,219000.0,11880000.0,54.2,3645.002310212923,323320.14,88626.155598
IOWA,19,KOSSUTH,109,19109,NORTH CENTRAL,20,2019,1.0,204500.0,203000.0,11656000.0,57.4,3860.205398638778,317223.868,82151.185326
IOWA,19,KOSSUTH,109,19109,NORTH CENTRAL,20,2020,1.0,215000.0,213500.0,12860000.0,60.2,4048.508101011402,349991.33,86400.384567
IOWA,19,KOSSUTH,109,19109,NORTH CENTRAL,20,2021,1.0,226500.0,224500.0,13565000.0,60.4,4061.9582940380174,369178.2575,90851.92662900001
IOWA,19,KOSSUTH,109,19109,NORTH CENTRAL,20,2022,1.0,232000.0,230500.0,12949000.0,56.2,3779.5042404790825,352413.5095,93280.040481
IOWA,19,KOSSUTH,109,19109,NORTH CENTRAL,20,2025,1.0,213000.0,211500.0,12679000.0,59.9,4028.3328114714777,345065.3245,85591.01328300001
IOWA,19,LEE,111,19111,SOUTHEAST,90,1980,1.0,63700.0,63500.0,2380000.0,37.5,2521.911192490491,64772.89,25697.538267
IOWA,19,LEE,111,19111,SOUTHEAST,90,1981,1.0,63500.0,63500.0,2355000.0,37.1,2495.0108064372594,64092.5025,25697.538267
IOWA,19,LEE,111,19111,SOUTHEAST,90,1982,1.0,65700.0,65300.0,2477000.0,37.9,2548.8115785437226,67412.7935,26425.9724226
IOWA,19,LEE,111,19111,SOUTHEAST,90,1983,1.0,58100.0,57600.0,1626000.0,28.2,1896.4772167528492,44252.403,23309.8929792
IOWA,19,LEE,111,19111,SOUTHEAST,90,1984,1.0,57000.0,56800.0,1886000.0,33.2,2232.732042418248,51328.433,22986.144465600002
IOWA,19,LEE,111,19111,SOUTHEAST,90,1985,1.0,58100.0,57800.0,2308000.0,39.9,2683.3135088098825,62813.374,23390.8301076
IOWA,19,LEE,111,19111,SOUTHEAST,90,1986,1.0,63400.0,63000.0,2421000.0,38.4,2582.4370611102627,65888.7255,25495.195446
IOWA,19,LEE,111,19111,SOUTHEAST,90,1987,1.0,60600.0,60400.0,2054000.0,34.0,2286.5328145247117,55900.637,24443.012776800002
IOWA,19,LEE,111,19111,SOUTHEAST,90,1988,1.0,58100.0,57500.0,1616000.0,28.1,1889.7521202395412,43980.248,23269.424415
IOWA,19,LEE,111,19111,SOUTHEAST,90,1989,1.0,59500.0,59200.0,1654000.0,27.9,1876.3019272129252,45014.437,23957.3900064
IOWA,19,LEE,111,19111,SOUTHEAST,90,1990,1.0,54700.0,53400.0,1848000.0,34.6,2326.88339360456,50294.244,21610.2132828
IOWA,19,LEE,111,19111,SOUTHEAST,90,1991,1.0,60000.0,59700.0,2210000.0,37.0,2488.285709923951,60146.255,24159.7328274
IOWA,19,LEE,111,19111,SOUTHEAST,90,1992,1.0,57000.0,56900.0,2571000.0,45.2,3039.743624015205,69971.0505,23026.6130298
IOWA,19,LEE,111,19111,SOUTHEAST,90,1993,1.0,56000.0,52100.0,1901000.0,36.5,2454.6602273574113,51736.6655,21084.1219482
IOWA,19,LEE,111,19111,SOUTHEAST,90,1994,1.0,59000.0,58800.0,3055000.0,52.0,3497.0501869201476,83143.3525,23795.5157496
IOWA,19,LEE,111,19111,SOUTHEAST,90,1995,1.0,75000.0,74500.0,2895000.0,38.9,2616.0625436768028,78788.8725,30149.080329
IOWA,19,LEE,111,19111,SOUTHEAST,90,1996,1.0,65000.0,62700.0,2675000.0,42.7,2871.616211182506,72801.4625,25373.7897534
IOWA,19,LEE,111,19111,SOUTHEAST,90,1997,1.0,67200.0,66500.0,3275000.0,49.2,3308.7474845475244,89130.7625,26911.595193
IOWA,19,LEE,111,19111,SOUTHEAST,90,1998,1.0,66400.0,66200.0,3083000.0,46.6,3133.894975201517,83905.3865,26790.1895004
IOWA,19,LEE,111,19111,SOUTHEAST,90,1999,1.0,70000.0,69500.0,2629000.0,37.8,2542.0864820304146,71549.5495,28125.652119000002
IOWA,19,LEE,111,19111,SOUTHEAST,90,2000,1.0,69000.0,68900.0,2774000.0,40.3,2710.213894863114,75495.797,27882.8407338
IOWA,19,LEE,111,19111,SOUTHEAST,90,2001,1.0,73000.0,72300.0,3202000.0,44.3,2979.217755395433,87144.031,29258.771916600002
IOWA,19,LEE,111,19111,SOUTHEAST,90,2002,1.0,67000.0,66800.0,2772000.0,41.5,2790.91505302281,75441.366,27033.000885600002
IOWA,19,LEE,111,19111,SOUTHEAST,90,2003,1.0,70000.0,69700.0,2539000.0,36.4,2447.9351308441032,69100.1545,28206.5892474
IOWA,19,LEE,111,19111,SOUTHEAST,90,2004,1.0,69000.0,68700.0,3760000.0,54.7,3678.627792779463,102330.28,27801.903605400003
IOWA,19,LEE,111,19111,SOUTHEAST,90,2005,1.0,69500.0,69200.0,3170800.0,45.8,3080.0942030950528,86294.9074,28004.2464264
IOWA,19,LEE,111,19111,SOUTHEAST,90,2006,1.0,68500.0,68300.0,3048100.0,44.6,2999.3930449353575,82955.56555,27640.0293486
IOWA,19,LEE,111,19111,SOUTHEAST,90,2007,1.0,59500.0,59400.0,2891000.0,48.7,3275.1220019809844,78680.0105,24038.3271348
IOWA,19,LEE,111,19111,SOUTHEAST,90,2008,1.0,64500.0,63300.0,2689000.0,42.5,2858.1660181558896,73182.4795,25616.6011386
IOWA,19,LEE,111,19111,SOUTHEAST,90,2009,1.0,65000.0,64400.0,3125000.0,48.5,3261.6718089543683,85048.4375,26061.7553448
IOWA,19,LEE,111,19111,SOUTHEAST,90,2010,1.0,62000.0,61500.0,3031000.0,49.3,3315.472581060832,82490.1805,24888.166983
IOWA,19,LEE,111,19111,SOUTHEAST,90,2011,1.0,66300.0,65400.0,2655000.0,40.6,2730.389184403038,72257.1525,26466.4409868
IOWA,19,LEE,111,19111,SOUTHEAST,90,2012,1.0,67500.0,67100.0,2891000.0,43.1,2898.5165972357377,78680.0105,27154.4065782
IOWA,19,LEE,111,19111,SOUTHEAST,90,2013,1.0,66600.0,66300.0,2612000.0,39.4,2649.6880262433424,71086.886,26830.6580646
IOWA,19,LEE,111,19111,SOUTHEAST,90,2014,1.0,67900.0,65500.0,3569000.0,54.5,3665.177599752847,97132.1195,26506.909551
IOWA,19,LEE,111,19111,SOUTHEAST,90,2015,1.0,63300.0,62700.0,2949000.0,47.0,3160.7953612547485,80258.5095,25373.7897534
IOWA,19,LEE,111,19111,SOUTHEAST,90,2016,1.0,67700.0,67200.0,4123000.0,61.4,4129.209259171097,112209.5065,27194.8751424
IOWA,19,LEE,111,19111,SOUTHEAST,90,2017,1.0,68600.0,68200.0,3651000.0,53.5,3597.9266346197674,99363.7905,27599.5607844
IOWA,19,LEE,111,19111,SOUTHEAST,90,2018,1.0,71000.0,70400.0,4558000.0,64.7,4351.137444110261,124048.249,28489.869196800002
IOWA,19,LEE,111,19111,SOUTHEAST,90,2019,1.0,68100.0,67500.0,3696000.0,54.8,3685.3528892927707,100588.488,27316.280835
IOWA,19,LEE,111,19111,SOUTHEAST,90,2020,1.0,68600.0,68000.0,3543000.0,52.1,3503.7752834334556,96424.5165,27518.623656
IOWA,19,LEE,111,19111,SOUTHEAST,90,2021,1.0,70100.0,69700.0,4161000.0,59.7,4014.8826184448617,113243.6955,28206.5892474
IOWA,19,LEE,111,19111,SOUTHEAST,90,2022,1.0,73300.0,72800.0,3977000.0,54.6,3671.902696266155,108236.0435,29461.1147376
IOWA,19,LEE,111,19111,SOUTHEAST,90,2023,1.0,68800.0,68300.0,4515000.0,66.1,4445.288795296572,122877.9825,27640.0293486
IOWA,19,LEE,111,19111,SOUTHEAST,90,2024,1.0,72700.0,72200.0,4830000.0,66.9,4499.089567403036,131450.865,29218.303352400002
IOWA,19,LEE,111,19111,SOUTHEAST,90,2025,1.0,71000.0,70900.0,4466000.0,63.0,4236.810803384024,121544.423,28692.2120178
IOWA,19,LINN,113,19113,EAST CENTRAL,60,1980,1.0,95200.0,95100.0,3900000.0,41.0,2757.28957045627,106140.45,38485.6045542
IOWA,19,LINN,113,19113,EAST CENTRAL,60,1981,1.0,96200.0,95800.0,4165000.0,43.5,2925.4169832889697,113352.5575,38768.8845036
IOWA,19,LINN,113,19113,EAST CENTRAL,60,1982,1.0,99700.0,99300.0,3830000.0,38.6,2595.8872541368787,104235.365,40185.2842506
IOWA,19,LINN,113,19113,EAST CENTRAL,60,1983,1.0,91100.0,88800.0,2853000.0,32.1,2158.7559807718603,77645.8215,35936.0850096
IOWA,19,LINN,113,19113,EAST CENTRAL,60,1984,1.0,88700.0,88400.0,2871000.0,32.5,2185.6563668250924,78135.7005,35774.2107528
IOWA,19,LINN,113,19113,EAST CENTRAL,60,1985,1.0,89000.0,88400.0,3206000.0,36.3,2441.210034330795,87252.893,35774.2107528
IOWA,19,LINN,113,19113,EAST CENTRAL,60,1986,1.0,92000.0,91600.0,3763000.0,41.1,2764.0146669695782,102411.9265,37069.2048072
IOWA,19,LINN,113,19113,EAST CENTRAL,60,1987,1.0,85700.0,85300.0,3845000.0,45.1,3033.018527501897,104643.5975,34519.6852626
IOWA,19,LINN,113,19113,EAST CENTRAL,60,1988,1.0,86900.0,86400.0,1939000.0,22.4,1506.4216189809865,52770.8545,34964.839468800004
IOWA,19,LINN,113,19113,EAST CENTRAL,60,1989,1.0,90100.0,90000.0,3502000.0,38.9,2616.0625436768028,95308.681,36421.707780000004
IOWA,19,LINN,113,19113,EAST CENTRAL,60,1990,1.0,82600.0,81900.0,3558000.0,43.4,2918.6918867756613,96832.749,33143.754079800005
IOWA,19,LINN,113,19113,EAST CENTRAL,60,1991,1.0,85500.0,85100.0,3693000.0,43.4,2918.6918867756613,100506.8415,34438.7481342
IOWA,19,LINN,113,19113,EAST CENTRAL,60,1992,1.0,86000.0,85800.0,3703000.0,43.2,2905.2416937490457,100778.9965,34722.0280836
IOWA,19,LINN,113,19113,EAST CENTRAL,60,1993,1.0,90000.0,89100.0,2958000.0,33.2,2232.732042418248,80503.449,36057.490702200004
IOWA,19,LINN,113,19113,EAST CENTRAL,60,1994,1.0,92000.0,91700.0,4674000.0,51.0,3429.799221787068,127205.247,37109.6733714
IOWA,19,LINN,113,19113,EAST CENTRAL,60,1995,1.0,94000.0,93700.0,3752000.0,40.0,2690.0386053231905,102112.556,37919.0446554
IOWA,19,LINN,113,19113,EAST CENTRAL,60,1996,1.0,100000.0,99800.0,4357000.0,43.7,2938.8671763155858,118577.9335,40387.6270716
IOWA,19,LINN,113,19113,EAST CENTRAL,60,1997,1.0,111800.0,110700.0,5307000.0,47.9,3221.32122987452,144432.6585,44798.7005694
IOWA,19,LINN,113,19113,EAST CENTRAL,60,1998,1.0,111900.0,111700.0,6014000.0,53.8,3618.101924159691,163674.017,45203.3862114
IOWA,19,LINN,113,19113,EAST CENTRAL,60,1999,1.0,119000.0,117800.0,5662000.0,48.1,3234.7714229011367,154094.161,47671.9686276
IOWA,19,LINN,113,19113,EAST CENTRAL,60,2000,1.0,121000.0,120700.0,5255000.0,43.5,2925.4169832889697,143017.4525,48845.5569894
IOWA,19,LINN,113,19113,EAST CENTRAL,60,2001,1.0,121000.0,120400.0,5674000.0,47.1,3167.520457768057,154420.747,48724.1512968
IOWA,19,LINN,113,19113,EAST CENTRAL,60,2002,1.0,119000.0,118300.0,5614000.0,47.5,3194.4208438212886,152787.817,47874.311448600005
IOWA,19,LINN,113,19113,EAST CENTRAL,60,2003,1.0,118000.0,117500.0,3401000.0,28.9,1943.552892346005,92559.9155,47550.562935
IOWA,19,LINN,113,19113,EAST CENTRAL,60,2004,1.0,115000.0,114600.0,5462000.0,47.7,3207.8710368479046,148651.061,46376.9745732
IOWA,19,LINN,113,19113,EAST CENTRAL,60,2005,1.0,112500.0,111900.0,5518000.0,49.3,3315.472581060832,150175.129,45284.3233398
IOWA,19,LINN,113,19113,EAST CENTRAL,60,2006,1.0,116000.0,115300.0,5699500.0,49.4,3322.19767757414,155114.74225,46660.2545226
IOWA,19,LINN,113,19113,EAST CENTRAL,60,2007,1.0,91000.0,90900.0,4636000.0,51.0,3429.799221787068,126171.058,36785.924857800004
IOWA,19,LINN,113,19113,EAST CENTRAL,60,2008,1.0,108000.0,107200.0,5048000.0,47.0,3160.7953612547485,137383.844,43382.3008224
IOWA,19,LINN,113,19113,EAST CENTRAL,60,2009,1.0,101000.0,100500.0,5099000.0,50.5,3396.1737392205278,138771.8345,40670.907021
IOWA,19,LINN,113,19113,EAST CENTRAL,60,2010,1.0,103000.0,102600.0,5518000.0,53.8,3618.101924159691,150175.129,41520.746869200004
IOWA,19,LINN,113,19113,EAST CENTRAL,60,2011,1.0,90500.0,90000.0,5136000.0,57.1,3840.030109098854,139778.808,36421.707780000004
IOWA,19,LINN,113,19113,EAST CENTRAL,60,2012,1.0,94100.0,93700.0,4321000.0,46.1,3100.269492634977,117598.1755,37919.0446554
IOWA,19,LINN,113,19113,EAST CENTRAL,60,2013,1.0,94700.0,94200.0,4356000.0,46.2,3106.9945891482853,118550.718,38121.3874764
IOWA,19,LINN,113,19113,EAST CENTRAL,60,2014,1.0,102000.0,101500.0,5183000.0,51.1,3436.524318300376,141057.9365,41075.592663
IOWA,19,LINN,113,19113,EAST CENTRAL,60,2015,1.0,105000.0,104600.0,5876000.0,56.2,3779.5042404790825,159918.278,42330.118153200005
IOWA,19,LINN,113,19113,EAST CENTRAL,60,2016,1.0,102500.0,100800.0,6044000.0,60.0,4035.0579079847857,164490.482,40792.312713600004
IOWA,19,LINN,113,19113,EAST CENTRAL,60,2017,1.0,105000.0,104400.0,5849000.0,56.0,3766.0540474524664,159183.4595,42249.181024800004
IOWA,19,LINN,113,19113,EAST CENTRAL,60,2018,1.0,104500.0,103700.0,5979000.0,57.7,3880.3806881787023,162721.4745,41965.901075400005
IOWA,19,LINN,113,19113,EAST CENTRAL,60,2019,1.0,96300.0,95600.0,5401000.0,56.5,3799.6795300190065,146990.9155,38687.9473752
IOWA,19,LINN,113,19113,EAST CENTRAL,60,2022,1.0,106500.0,105800.0,6835000.0,64.6,4344.412347596952,186017.9425,42815.7409236
IOWA,19,LINN,113,19113,EAST CENTRAL,60,2023,1.0,99400.0,98700.0,4747000.0,48.1,3234.7714229011367,129191.9785,39942.4728654
IOWA,19,LINN,113,19113,EAST CENTRAL,60,2025,1.0,94100.0,93100.0,6182000.0,66.4,4465.464084836496,168246.221,37676.2332702
IOWA,19,LOUISA,115,19115,SOUTHEAST,90,1980,1.0,50300.0,50000.0,2120000.0,42.4,2851.4409216425815,57696.86,20234.2821
IOWA,19,LOUISA,115,19115,SOUTHEAST,90,1981,1.0,51800.0,51800.0,2197000.0,42.4,2851.4409216425815,59792.4535,20962.7162556
IOWA,19,LOUISA,115,19115,SOUTHEAST,90,1982,1.0,56300.0,56000.0,2183000.0,39.0,2622.787640190111,59411.4365,22662.395952
IOWA,19,LOUISA,115,19115,SOUTHEAST,90,1983,1.0,51200.0,51200.0,1619000.0,31.6,2125.1304982053207,44061.8945,20719.9048704
IOWA,19,LOUISA,115,19115,SOUTHEAST,90,1984,1.0,55500.0,54900.0,2065000.0,37.6,2528.636289003799,56200.0075,22217.2417458
IOWA,19,LOUISA,115,19115,SOUTHEAST,90,1985,1.0,53700.0,52900.0,2018000.0,38.1,2562.261771570339,54920.879,21407.8704618
IOWA,19,LOUISA,115,19115,SOUTHEAST,90,1986,1.0,58600.0,58400.0,2296000.0,39.3,2642.9629297300344,62486.788,23633.6414928
IOWA,19,LOUISA,115,19115,SOUTHEAST,90,1987,1.0,53000.0,52800.0,1908000.0,36.1,2427.759841304179,51927.174,21367.4018976
IOWA,19,LOUISA,115,19115,SOUTHEAST,90,1988,1.0,54500.0,54200.0,1444000.0,26.6,1788.8756725399217,39299.182,21933.9617964
IOWA,19,LOUISA,115,19115,SOUTHEAST,90,1989,1.0,58700.0,58500.0,2165000.0,37.0,2488.285709923951,58921.5575,23674.110057
IOWA,19,LOUISA,115,19115,SOUTHEAST,90,1990,1.0,54200.0,53900.0,2394000.0,44.4,2985.9428519087414,65153.907,21812.5561038
IOWA,19,LOUISA,115,19115,SOUTHEAST,90,1991,1.0,57400.0,57200.0,2387000.0,41.7,2804.3652460494263,64963.3985,23148.0187224
IOWA,19,LOUISA,115,19115,SOUTHEAST,90,1992,1.0,61000.0,60900.0,2671000.0,43.9,2952.3173693422013,72692.6005,24645.3555978
IOWA,19,LOUISA,115,19115,SOUTHEAST,90,1993,1.0,60000.0,58700.0,2131000.0,36.3,2441.210034330795,57996.2305,23755.047185400002
IOWA,19,LOUISA,115,19115,SOUTHEAST,90,1994,1.0,65000.0,64800.0,3404000.0,52.5,3530.675669486687,92641.562,26223.6296016
IOWA,19,LOUISA,115,19115,SOUTHEAST,90,1995,1.0,69000.0,68800.0,2678000.0,38.9,2616.0625436768028,72883.109,27842.3721696
IOWA,19,LOUISA,115,19115,SOUTHEAST,90,1996,1.0,65000.0,64900.0,2585000.0,39.8,2676.5884122965745,70352.0675,26264.098165800002
IOWA,19,LOUISA,115,19115,SOUTHEAST,90,1997,1.0,69700.0,69000.0,3177000.0,46.0,3093.544396121669,86463.6435,27923.309298
IOWA,19,LOUISA,115,19115,SOUTHEAST,90,1998,1.0,72300.0,72000.0,3561000.0,49.5,3328.922774087448,96914.3955,29137.366224
IOWA,19,LOUISA,115,19115,SOUTHEAST,90,1999,1.0,73000.0,72800.0,3242000.0,44.5,2992.6679484220494,88232.651,29461.1147376
IOWA,19,LOUISA,115,19115,SOUTHEAST,90,2000,1.0,72000.0,71800.0,2750000.0,38.3,2575.7119645969547,74842.625,29056.4290956
IOWA,19,LOUISA,115,19115,SOUTHEAST,90,2001,1.0,75000.0,74300.0,3159000.0,42.5,2858.1660181558896,85973.7645,30068.1432006
IOWA,19,LOUISA,115,19115,SOUTHEAST,90,2002,1.0,66000.0,65900.0,3109000.0,47.2,3174.245554281365,84612.9895,26668.783807800002
IOWA,19,LOUISA,115,19115,SOUTHEAST,90,2003,1.0,72000.0,71700.0,2121000.0,29.6,1990.628567939161,57724.0755,29015.9605314
IOWA,19,LOUISA,115,19115,SOUTHEAST,90,2004,1.0,68000.0,67700.0,3354000.0,49.5,3328.922774087448,91280.787,27397.217963400002
IOWA,19,LOUISA,115,19115,SOUTHEAST,90,2005,1.0,66500.0,66100.0,3085700.0,46.7,3140.620071714825,83978.86834999999,26749.7209362
IOWA,19,LOUISA,115,19115,SOUTHEAST,90,2006,1.0,69000.0,68500.0,3132800.0,45.7,3073.369106581745,85260.7184,27720.966477
IOWA,19,LOUISA,115,19115,SOUTHEAST,90,2007,1.0,53500.0,53400.0,2606000.0,48.8,3281.847098494292,70923.593,21610.2132828
IOWA,19,LOUISA,115,19115,SOUTHEAST,90,2008,1.0,60000.0,55700.0,2618000.0,47.0,3160.7953612547485,71250.179,22540.9902594
IOWA,19,LOUISA,115,19115,SOUTHEAST,90,2009,1.0,61000.0,60300.0,3137000.0,52.0,3497.0501869201476,85375.0235,24402.5442126
IOWA,19,LOUISA,115,19115,SOUTHEAST,90,2010,1.0,64800.0,64300.0,3067000.0,47.7,3207.8710368479046,83469.9385,26021.2867806
IOWA,19,LOUISA,115,19115,SOUTHEAST,90,2011,1.0,63300.0,62800.0,3209000.0,51.1,3436.524318300376,87334.5395,25414.2583176
IOWA,19,LOUISA,115,19115,SOUTHEAST,90,2012,1.0,65700.0,65500.0,3425000.0,52.3,3517.225476460071,93213.0875,26506.909551
IOWA,19,LOUISA,115,19115,SOUTHEAST,90,2013,1.0,69700.0,69400.0,2905000.0,41.9,2817.815439076042,79061.0275,28085.1835548
IOWA,19,LOUISA,115,19115,SOUTHEAST,90,2014,1.0,74900.0,74500.0,4005000.0,53.8,3618.101924159691,108998.0775,30149.080329
IOWA,19,LOUISA,115,19115,SOUTHEAST,90,2015,1.0,70500.0,70100.0,4028000.0,57.5,3866.930495152086,109624.034,28368.4635042
IOWA,19,LOUISA,115,19115,SOUTHEAST,90,2016,1.0,71000.0,70700.0,3984000.0,56.4,3792.9544335056985,108426.552,28611.2748894
IOWA,19,LOUISA,115,19115,SOUTHEAST,90,2017,1.0,71600.0,71200.0,4204000.0,59.0,3967.806942851706,114413.962,28813.6177104
IOWA,19,LOUISA,115,19115,SOUTHEAST,90,2018,1.0,70600.0,70100.0,4071000.0,58.1,3907.2810742319343,110794.3005,28368.4635042
IOWA,19,LOUISA,115,19115,SOUTHEAST,90,2019,1.0,66100.0,65000.0,3531000.0,54.3,3651.7274067262306,96097.9305,26304.566730000002
IOWA,19,LOUISA,115,19115,SOUTHEAST,90,2020,1.0,71100.0,70400.0,3752000.0,53.3,3584.476441593151,102112.556,28489.869196800002
IOWA,19,LOUISA,115,19115,SOUTHEAST,90,2022,1.0,71400.0,70900.0,4356000.0,61.4,4129.209259171097,118550.718,28692.2120178
IOWA,19,LOUISA,115,19115,SOUTHEAST,90,2024,1.0,72200.0,71700.0,4617000.0,64.4,4330.962154570337,125653.9635,29015.9605314
IOWA,19,LUCAS,117,19117,SOUTH CENTRAL,80,1980,1.0,25800.0,25700.0,780000.0,30.4,2044.4293400456245,21228.09,10400.420999400001
IOWA,19,LUCAS,117,19117,SOUTH CENTRAL,80,1981,1.0,22300.0,22300.0,793000.0,35.6,2394.1343587376396,21581.8915,9024.4898166
IOWA,19,LUCAS,117,19117,SOUTH CENTRAL,80,1982,1.0,26200.0,25200.0,688000.0,27.3,1835.9513481330775,18724.264,10198.078178400001
IOWA,19,LUCAS,117,19117,SOUTH CENTRAL,80,1983,1.0,25200.0,24600.0,622000.0,25.3,1701.4494178669179,16928.041,9955.2667932
IOWA,19,LUCAS,117,19117,SOUTH CENTRAL,80,1984,1.0,27900.0,27700.0,549000.0,19.8,1331.5691096349792,14941.3095,11209.7922834
IOWA,19,LUCAS,117,19117,SOUTH CENTRAL,80,1985,1.0,26000.0,25900.0,979000.0,37.8,2542.0864820304146,26643.9745,10481.3581278
IOWA,19,LUCAS,117,19117,SOUTH CENTRAL,80,1986,1.0,26600.0,26500.0,945000.0,35.7,2400.8594552509476,25718.6475,10724.169513
IOWA,19,LUCAS,117,19117,SOUTH CENTRAL,80,1987,1.0,21600.0,21400.0,808000.0,37.8,2542.0864820304146,21990.124,8660.2727388
IOWA,19,LUCAS,117,19117,SOUTH CENTRAL,80,1988,1.0,21800.0,21600.0,612000.0,28.3,1903.2023132661573,16655.886,8741.209867200001
IOWA,19,LUCAS,117,19117,SOUTH CENTRAL,80,1989,1.0,21400.0,21400.0,608000.0,28.4,1909.927409779465,16547.024,8660.2727388
IOWA,19,LUCAS,117,19117,SOUTH CENTRAL,80,1990,1.0,19500.0,19100.0,617000.0,32.3,2172.206173798476,16791.9635,7729.4957622
IOWA,19,LUCAS,117,19117,SOUTH CENTRAL,80,1991,1.0,21200.0,21100.0,734000.0,34.8,2340.3335866311754,19976.177,8538.867046200001
IOWA,19,LUCAS,117,19117,SOUTH CENTRAL,80,1992,1.0,18000.0,17900.0,689000.0,38.5,2589.1621576235707,18751.4795,7243.8729918
IOWA,19,LUCAS,117,19117,SOUTH CENTRAL,80,1993,1.0,21000.0,19400.0,467000.0,24.1,1620.7482597072224,12709.6385,7850.9014548000005
IOWA,19,LUCAS,117,19117,SOUTH CENTRAL,80,1994,1.0,18000.0,17900.0,760000.0,42.5,2858.1660181558896,20683.78,7243.8729918
IOWA,19,LUCAS,117,19117,SOUTH CENTRAL,80,1995,1.0,24000.0,23200.0,672000.0,29.0,1950.277988859313,18288.816,9388.7068944
IOWA,19,LUCAS,117,19117,SOUTH CENTRAL,80,1996,1.0,17000.0,16800.0,590000.0,35.1,2360.5088761710995,16057.145,6798.7187856
IOWA,19,LUCAS,117,19117,SOUTH CENTRAL,80,1997,1.0,27000.0,26800.0,1201000.0,44.8,3012.843237961973,32685.8155,10845.5752056
IOWA,19,LUCAS,117,19117,SOUTH CENTRAL,80,1998,1.0,23300.0,23100.0,1048000.0,45.4,3053.193817041821,28521.844,9348.2383302
IOWA,19,LUCAS,117,19117,SOUTH CENTRAL,80,1999,1.0,26000.0,25600.0,962000.0,37.6,2528.636289003799,26181.311,10359.9524352
IOWA,19,LUCAS,117,19117,SOUTH CENTRAL,80,2000,1.0,25000.0,24900.0,964000.0,38.7,2602.6123506501867,26235.742,10076.6724858
IOWA,19,LUCAS,117,19117,SOUTH CENTRAL,80,2001,1.0,21000.0,20800.0,728000.0,35.0,2353.7837796577915,19812.884,8417.4613536
IOWA,19,LUCAS,117,19117,SOUTH CENTRAL,80,2002,1.0,23000.0,22900.0,913000.0,39.9,2683.3135088098825,24847.7515,9267.3012018
IOWA,19,LUCAS,117,19117,SOUTH CENTRAL,80,2003,1.0,25000.0,24800.0,716000.0,28.9,1943.552892346005,19486.298,10036.203921600001
IOWA,19,LUCAS,117,19117,SOUTH CENTRAL,80,2004,1.0,26000.0,25800.0,1236000.0,47.9,3221.32122987452,33638.358,10440.8895636
IOWA,19,LUCAS,117,19117,SOUTH CENTRAL,80,2005,1.0,26500.0,26300.0,1270700.0,48.3,3248.2216159277523,34582.735850000005,10643.2323846
IOWA,19,LUCAS,117,19117,SOUTH CENTRAL,80,2006,1.0,27500.0,27100.0,1136700.0,41.9,2817.815439076042,30935.858849999997,10966.9808982
IOWA,19,LUCAS,117,19117,SOUTH CENTRAL,80,2007,1.0,22400.0,22300.0,990000.0,44.4,2985.9428519087414,26943.345,9024.4898166
IOWA,19,LUCAS,117,19117,SOUTH CENTRAL,80,2008,1.0,32900.0,32400.0,927000.0,28.5,1916.652506292773,25228.7685,13111.8148008
IOWA,19,LUCAS,117,19117,SOUTH CENTRAL,80,2009,1.0,28500.0,28200.0,1079000.0,38.5,2589.1621576235707,29365.5245,11412.1351044
IOWA,19,LUCAS,117,19117,SOUTH CENTRAL,80,2010,1.0,30500.0,30000.0,1254000.0,41.8,2811.090342562734,34128.237,12140.56926
IOWA,19,LUCAS,117,19117,SOUTH CENTRAL,80,2011,1.0,33700.0,33400.0,1440000.0,43.1,2898.5165972357377,39190.32,13516.500442800001
IOWA,19,LUCAS,117,19117,SOUTH CENTRAL,80,2012,1.0,38900.0,38700.0,1394000.0,36.0,2421.034744790871,37938.407,15661.3343454
IOWA,19,LUCAS,117,19117,SOUTH CENTRAL,80,2013,1.0,34100.0,34000.0,1135000.0,33.4,2246.182235444864,30889.5925,13759.311828
IOWA,19,LUCAS,117,19117,SOUTH CENTRAL,80,2014,1.0,38500.0,38200.0,1751000.0,45.8,3080.0942030950528,47654.3405,15458.9915244
IOWA,19,LUCAS,117,19117,SOUTH CENTRAL,80,2015,1.0,27600.0,27000.0,1326000.0,49.1,3302.0223880342164,36087.753,10926.512334000001
IOWA,19,LUCAS,117,19117,SOUTH CENTRAL,80,2016,1.0,39700.0,39600.0,2156000.0,54.4,3658.4525032395386,58676.618,16025.5514232
IOWA,19,LUCAS,117,19117,SOUTH CENTRAL,80,2017,1.0,37500.0,37400.0,1550000.0,41.4,2784.189956509502,42184.025,15135.2430108
IOWA,19,LUCAS,117,19117,SOUTH CENTRAL,80,2018,1.0,39200.0,38800.0,1611000.0,41.5,2790.91505302281,43844.1705,15701.802909600001
IOWA,19,LUCAS,117,19117,SOUTH CENTRAL,80,2020,1.0,38800.0,38500.0,1686000.0,43.8,2945.5922728288933,45885.333,15580.397217
IOWA,19,LUCAS,117,19117,SOUTH CENTRAL,80,2021,1.0,37000.0,36800.0,1991000.0,54.1,3638.277213699615,54186.0605,14892.4316256
IOWA,19,LUCAS,117,19117,SOUTH CENTRAL,80,2022,1.0,39900.0,39600.0,1707000.0,43.1,2898.5165972357377,46456.8585,16025.5514232
IOWA,19,LUCAS,117,19117,SOUTH CENTRAL,80,2023,1.0,37400.0,37100.0,1918000.0,51.7,3476.874897380224,52199.329,15013.8373182
IOWA,19,LUCAS,117,19117,SOUTH CENTRAL,80,2025,1.0,37300.0,37000.0,2116000.0,57.2,3846.7552056121626,57587.998,14973.368754000001
IOWA,19,LYON,119,19119,NORTHWEST,10,1980,1.0,101800.0,101700.0,3890000.0,38.2,2568.986868083647,105868.295,41156.529791400004
IOWA,19,LYON,119,19119,NORTHWEST,10,1981,1.0,105000.0,104700.0,4232000.0,40.4,2716.938991376422,115175.996,42370.5867174
IOWA,19,LYON,119,19119,NORTHWEST,10,1982,1.0,108000.0,107600.0,3946000.0,36.7,2468.1104203840273,107392.363,43544.1750792
IOWA,19,LYON,119,19119,NORTHWEST,10,1983,1.0,105000.0,104700.0,3754000.0,35.9,2414.309648277563,102166.987,42370.5867174
IOWA,19,LYON,119,19119,NORTHWEST,10,1984,1.0,120000.0,118800.0,4163000.0,35.0,2353.7837796577915,113298.1265,48076.6542696
IOWA,19,LYON,119,19119,NORTHWEST,10,1985,1.0,114000.0,113600.0,4071000.0,35.8,2407.584551764255,110794.3005,45972.288931200004
IOWA,19,LYON,119,19119,NORTHWEST,10,1986,1.0,112000.0,111900.0,4465000.0,39.9,2683.3135088098825,121517.2075,45284.3233398
IOWA,19,LYON,119,19119,NORTHWEST,10,1987,1.0,110000.0,109400.0,4638000.0,42.4,2851.4409216425815,126225.489,44272.6092348
IOWA,19,LYON,119,19119,NORTHWEST,10,1988,1.0,113000.0,112500.0,3725000.0,33.1,2226.00694590494,101377.7375,45527.134725
IOWA,19,LYON,119,19119,NORTHWEST,10,1989,1.0,120000.0,119900.0,4817000.0,40.2,2703.4887983498065,131097.0635,48521.808475800004
IOWA,19,LYON,119,19119,NORTHWEST,10,1990,1.0,114000.0,113400.0,4139000.0,36.5,2454.6602273574113,112644.9545,45891.3518028
IOWA,19,LYON,119,19119,NORTHWEST,10,1991,1.0,115000.0,114600.0,5002000.0,43.6,2932.1420798022777,136131.931,46376.9745732
IOWA,19,LYON,119,19119,NORTHWEST,10,1992,1.0,117000.0,116800.0,4780000.0,40.9,2750.564473942962,130090.09,47267.2829856
IOWA,19,LYON,119,19119,NORTHWEST,10,1993,1.0,117000.0,112600.0,2985000.0,26.5,1782.1505760266136,81238.2675,45567.6032892
IOWA,19,LYON,119,19119,NORTHWEST,10,1994,1.0,125000.0,124600.0,6561000.0,52.7,3544.1258625133037,178560.8955,50423.830993200005
IOWA,19,LYON,119,19119,NORTHWEST,10,1995,1.0,126000.0,125600.0,5595000.0,44.5,2992.6679484220494,152270.7225,50828.5166352
IOWA,19,LYON,119,19119,NORTHWEST,10,1996,1.0,138000.0,137600.0,6533000.0,47.5,3194.4208438212886,177798.8615,55684.7443392
IOWA,19,LYON,119,19119,NORTHWEST,10,1997,1.0,139500.0,138400.0,6387000.0,46.1,3100.269492634977,173825.3985,56008.4928528
IOWA,19,LYON,119,19119,NORTHWEST,10,1998,1.0,135700.0,135400.0,6756000.0,49.9,3355.82316014068,183867.918,54794.435926800004
IOWA,19,LYON,119,19119,NORTHWEST,10,1999,1.0,143000.0,142900.0,6990000.0,48.9,3288.5721950076,190236.345,57829.5782418
IOWA,19,LYON,119,19119,NORTHWEST,10,2000,1.0,141000.0,140800.0,6992000.0,49.7,3342.372967114064,190290.776,56979.738393600004
IOWA,19,LYON,119,19119,NORTHWEST,10,2001,1.0,143000.0,142300.0,6641000.0,46.7,3140.620071714825,180738.1355,57586.7668566
IOWA,19,LYON,119,19119,NORTHWEST,10,2002,1.0,139000.0,138700.0,6678000.0,48.1,3234.7714229011367,181745.109,56129.8985454
IOWA,19,LYON,119,19119,NORTHWEST,10,2003,1.0,139000.0,138400.0,5252000.0,37.9,2548.8115785437226,142935.806,56008.4928528
IOWA,19,LYON,119,19119,NORTHWEST,10,2004,1.0,138500.0,138000.0,6974000.0,50.5,3396.1737392205278,189800.897,55846.618596
IOWA,19,LYON,119,19119,NORTHWEST,10,2005,1.0,134500.0,133900.0,7377400.0,55.1,3705.5281788326947,200779.6297,54187.4074638
IOWA,19,LYON,119,19119,NORTHWEST,10,2006,1.0,134000.0,133500.0,7327500.0,54.9,3692.0779858060787,199421.57625,54025.533207
IOWA,19,LYON,119,19119,NORTHWEST,10,2007,1.0,120000.0,119900.0,6630000.0,55.3,3718.9783718593103,180438.765,48521.808475800004
IOWA,19,LYON,119,19119,NORTHWEST,10,2008,1.0,130500.0,130000.0,6560000.0,50.5,3396.1737392205278,178533.68,52609.133460000005
IOWA,19,LYON,119,19119,NORTHWEST,10,2009,1.0,126000.0,125700.0,6712000.0,53.5,3597.9266346197674,182670.436,50868.9851994
IOWA,19,LYON,119,19119,NORTHWEST,10,2010,1.0,132000.0,131500.0,7196000.0,54.7,3678.627792779463,195842.738,53216.161923
IOWA,19,LYON,119,19119,NORTHWEST,10,2011,1.0,121500.0,120800.0,6457000.0,53.5,3597.9266346197674,175730.4835,48886.025553600004
IOWA,19,LYON,119,19119,NORTHWEST,10,2012,1.0,124000.0,123600.0,6400000.0,51.8,3483.5999938935315,174179.2,50019.1453512
IOWA,19,LYON,119,19119,NORTHWEST,10,2013,1.0,116000.0,115600.0,6697000.0,57.9,3893.830881205318,182262.2035,46781.6602152
IOWA,19,LYON,119,19119,NORTHWEST,10,2014,1.0,123500.0,122900.0,6601000.0,53.7,3611.3768276463834,179649.5155,49735.8654018
IOWA,19,LYON,119,19119,NORTHWEST,10,2015,1.0,124000.0,123500.0,7548000.0,61.1,4109.033969631173,205422.594,49978.676787000004
IOWA,19,LYON,119,19119,NORTHWEST,10,2016,1.0,122000.0,121500.0,8036000.0,66.1,4445.288795296572,218703.758,49169.305503
IOWA,19,LYON,119,19119,NORTHWEST,10,2017,1.0,123500.0,122800.0,7831000.0,63.8,4290.611575490489,213124.5805,49695.396837600005
IOWA,19,LYON,119,19119,NORTHWEST,10,2018,1.0,124500.0,123100.0,7463000.0,60.6,4075.4084870646334,203109.2765,49816.8025302
IOWA,19,LYON,119,19119,NORTHWEST,10,2019,1.0,111500.0,110600.0,6063000.0,54.8,3685.3528892927707,165007.5765,44758.2320052
IOWA,19,LYON,119,19119,NORTHWEST,10,2020,1.0,114500.0,113500.0,6901000.0,60.8,4088.858680091249,187814.1655,45931.820367
IOWA,19,LYON,119,19119,NORTHWEST,10,2021,1.0,120500.0,119600.0,7607000.0,63.6,4277.1613824638725,207028.3085,48400.4027832
IOWA,19,LYON,119,19119,NORTHWEST,10,2022,1.0,123500.0,122700.0,7638000.0,62.2,4183.010031277561,207871.989,49654.9282734
IOWA,19,MADISON,121,19121,SOUTH CENTRAL,80,1980,1.0,56800.0,56700.0,2200000.0,38.8,2609.3374471634943,59874.1,22945.6759014
IOWA,19,MADISON,121,19121,SOUTH CENTRAL,80,1981,1.0,57200.0,57200.0,2372000.0,41.5,2790.91505302281,64555.166,23148.0187224
IOWA,19,MADISON,121,19121,SOUTH CENTRAL,80,1982,1.0,60000.0,58900.0,1889000.0,32.1,2158.7559807718603,51410.0795,23835.9843138
IOWA,19,MADISON,121,19121,SOUTH CENTRAL,80,1983,1.0,52500.0,51800.0,1627000.0,31.4,2111.680305178704,44279.6185,20962.7162556
IOWA,19,MADISON,121,19121,SOUTH CENTRAL,80,1984,1.0,60300.0,59500.0,1378000.0,23.2,1560.2223910874504,37502.959,24078.795699000002
IOWA,19,MADISON,121,19121,SOUTH CENTRAL,80,1985,1.0,56100.0,55500.0,1887000.0,34.0,2286.5328145247117,51355.6485,22460.053131
IOWA,19,MADISON,121,19121,SOUTH CENTRAL,80,1986,1.0,57300.0,57200.0,2360000.0,41.3,2777.464859996194,64228.58,23148.0187224
IOWA,19,MADISON,121,19121,SOUTH CENTRAL,80,1987,1.0,49700.0,49100.0,2125000.0,43.3,2911.9667902623532,57832.9375,19870.0650222
IOWA,19,MADISON,121,19121,SOUTH CENTRAL,80,1988,1.0,54100.0,53800.0,1325000.0,24.6,1654.3737422737622,36060.5375,21772.0875396
IOWA,19,MADISON,121,19121,SOUTH CENTRAL,80,1989,1.0,54300.0,54200.0,2092000.0,38.6,2595.8872541368787,56934.826,21933.9617964
IOWA,19,MADISON,121,19121,SOUTH CENTRAL,80,1990,1.0,52600.0,51700.0,1953000.0,37.8,2542.0864820304146,53151.8715,20922.2476914
IOWA,19,MADISON,121,19121,SOUTH CENTRAL,80,1991,1.0,56700.0,56200.0,2227000.0,39.6,2663.1382192699584,60608.9185,22743.3330804
IOWA,19,MADISON,121,19121,SOUTH CENTRAL,80,1992,1.0,52000.0,51500.0,2258000.0,43.8,2945.5922728288933,61452.599,20841.310563
IOWA,19,MADISON,121,19121,SOUTH CENTRAL,80,1993,1.0,59000.0,56900.0,1587000.0,27.9,1876.3019272129252,43190.9985,23026.6130298
IOWA,19,MADISON,121,19121,SOUTH CENTRAL,80,1994,1.0,54000.0,53900.0,2853000.0,52.9,3557.5760555399193,77645.8215,21812.5561038
IOWA,19,MADISON,121,19121,SOUTH CENTRAL,80,1995,1.0,61000.0,60900.0,2264000.0,37.2,2501.7359029505674,61615.892,24645.3555978
IOWA,19,MADISON,121,19121,SOUTH CENTRAL,80,1996,1.0,69000.0,68700.0,2575000.0,37.5,2521.911192490491,70079.9125,27801.903605400003
IOWA,19,MADISON,121,19121,SOUTH CENTRAL,80,1997,1.0,68100.0,67400.0,2853000.0,42.3,2844.7158251292735,77645.8215,27275.8122708
IOWA,19,MADISON,121,19121,SOUTH CENTRAL,80,1998,1.0,63400.0,63100.0,2955000.0,46.8,3147.3451682281325,80421.8025,25535.664010200002
IOWA,19,MADISON,121,19121,SOUTH CENTRAL,80,1999,1.0,71000.0,70600.0,2976000.0,42.2,2837.990728615966,80993.328,28570.8063252
IOWA,19,MADISON,121,19121,SOUTH CENTRAL,80,2000,1.0,68000.0,67800.0,2763000.0,40.8,2743.839377429654,75196.4265,27437.686527600003
IOWA,19,MADISON,121,19121,SOUTH CENTRAL,80,2001,1.0,67000.0,66600.0,2790000.0,41.9,2817.815439076042,75931.245,26952.0637572
IOWA,19,MADISON,121,19121,SOUTH CENTRAL,80,2002,1.0,63000.0,62900.0,2989000.0,47.5,3194.4208438212886,81347.1295,25454.7268818
IOWA,19,MADISON,121,19121,SOUTH CENTRAL,80,2003,1.0,65000.0,64600.0,1799000.0,27.8,1869.5768306996174,48960.6845,26142.6924732
IOWA,19,MADISON,121,19121,SOUTH CENTRAL,80,2004,1.0,62000.0,61700.0,3057000.0,49.5,3328.922774087448,83197.7835,24969.1041114
IOWA,19,MADISON,121,19121,SOUTH CENTRAL,80,2005,1.0,62000.0,61700.0,3080800.0,49.9,3355.82316014068,83845.51239999999,24969.1041114
IOWA,19,MADISON,121,19121,SOUTH CENTRAL,80,2006,1.0,67000.0,66500.0,3304800.0,49.7,3342.372967114064,89941.78439999999,26911.595193
IOWA,19,MADISON,121,19121,SOUTH CENTRAL,80,2007,1.0,57900.0,57800.0,3121000.0,54.0,3631.552117186307,84939.5755,23390.8301076
IOWA,19,MADISON,121,19121,SOUTH CENTRAL,80,2008,1.0,71500.0,70500.0,2978000.0,42.0,2824.54053558935,81047.759,28530.337761000003
IOWA,19,MADISON,121,19121,SOUTH CENTRAL,80,2009,1.0,67500.0,67000.0,3301000.0,49.5,3328.922774087448,89838.3655,27113.938014
IOWA,19,MADISON,121,19121,SOUTH CENTRAL,80,2010,1.0,73200.0,72500.0,3520000.0,48.6,3268.3969054676763,95798.56,29339.709045
IOWA,19,MADISON,121,19121,SOUTH CENTRAL,80,2011,1.0,69900.0,69400.0,3227000.0,46.5,3127.169878688209,87824.4185,28085.1835548
IOWA,19,MADISON,121,19121,SOUTH CENTRAL,80,2012,1.0,72500.0,72200.0,2649000.0,36.7,2468.1104203840273,72093.8595,29218.303352400002
IOWA,19,MADISON,121,19121,SOUTH CENTRAL,80,2013,1.0,70800.0,70500.0,2758000.0,39.1,2629.512736703419,75060.349,28530.337761000003
IOWA,19,MADISON,121,19121,SOUTH CENTRAL,80,2014,1.0,71200.0,69600.0,3233000.0,46.5,3127.169878688209,87987.7115,28166.120683200003
IOWA,19,MADISON,121,19121,SOUTH CENTRAL,80,2015,1.0,72200.0,71800.0,3869000.0,53.9,3624.827020672999,105296.7695,29056.4290956
IOWA,19,MADISON,121,19121,SOUTH CENTRAL,80,2016,1.0,71200.0,71000.0,4052000.0,57.1,3840.030109098854,110277.206,28732.680582
IOWA,19,MADISON,121,19121,SOUTH CENTRAL,80,2017,1.0,74600.0,74100.0,3887000.0,52.5,3530.675669486687,105786.6485,29987.206072200002
IOWA,19,MADISON,121,19121,SOUTH CENTRAL,80,2018,1.0,68700.0,67600.0,3438000.0,50.9,3423.07412527376,93566.889,27356.7493992
IOWA,19,MADISON,121,19121,SOUTH CENTRAL,80,2019,1.0,68500.0,67700.0,3538000.0,52.3,3517.225476460071,96288.439,27397.217963400002
IOWA,19,MADISON,121,19121,SOUTH CENTRAL,80,2020,1.0,67300.0,66700.0,3428000.0,51.4,3456.6996078402994,93294.734,26992.532321400002
IOWA,19,MADISON,121,19121,SOUTH CENTRAL,80,2021,1.0,71200.0,70800.0,4163000.0,58.8,3954.3567498250895,113298.1265,28651.7434536
IOWA,19,MADISON,121,19121,SOUTH CENTRAL,80,2022,1.0,67900.0,67400.0,3737000.0,55.4,3725.7034683726188,101704.3235,27275.8122708
IOWA,19,MADISON,121,19121,SOUTH CENTRAL,80,2023,1.0,71300.0,70800.0,4337000.0,61.3,4122.484162657789,118033.6235,28651.7434536
IOWA,19,MADISON,121,19121,SOUTH CENTRAL,80,2025,1.0,69800.0,69300.0,4179000.0,60.3,4055.2331975247093,113733.5745,28044.7149906
IOWA,19,MAHASKA,123,19123,SOUTHEAST,90,1980,1.0,76900.0,76800.0,3220000.0,41.9,2817.815439076042,87633.91,31079.857305600002
IOWA,19,MAHASKA,123,19123,SOUTHEAST,90,1981,1.0,79200.0,78900.0,3247000.0,41.2,2770.7397634828862,88368.7285,31929.6971538
IOWA,19,MAHASKA,123,19123,SOUTHEAST,90,1982,1.0,80100.0,77400.0,2972000.0,38.4,2582.4370611102627,80884.466,31322.6686908
IOWA,19,MAHASKA,123,19123,SOUTHEAST,90,1983,1.0,76800.0,74400.0,2572000.0,34.6,2326.88339360456,69998.266,30108.6117648
IOWA,19,MAHASKA,123,19123,SOUTHEAST,90,1984,1.0,75400.0,72000.0,2200000.0,30.6,2057.8795330722405,59874.1,29137.366224
IOWA,19,MAHASKA,123,19123,SOUTHEAST,90,1985,1.0,76900.0,76300.0,3155000.0,41.3,2777.464859996194,85864.9025,30877.5144846
IOWA,19,MAHASKA,123,19123,SOUTHEAST,90,1986,1.0,83800.0,83300.0,3477000.0,41.7,2804.3652460494263,94628.2935,33710.3139786
IOWA,19,MAHASKA,123,19123,SOUTHEAST,90,1987,1.0,75500.0,75100.0,3287000.0,43.8,2945.5922728288933,89457.3485,30391.8917142
IOWA,19,MAHASKA,123,19123,SOUTHEAST,90,1988,1.0,81700.0,81200.0,2346000.0,28.9,1943.552892346005,63847.563,32860.4741304
IOWA,19,MAHASKA,123,19123,SOUTHEAST,90,1989,1.0,80000.0,79800.0,3127000.0,39.2,2636.237833216727,85102.8685,32293.9142316
IOWA,19,MAHASKA,123,19123,SOUTHEAST,90,1990,1.0,73800.0,71300.0,3088000.0,43.3,2911.9667902623532,84041.464,28854.086274600002
IOWA,19,MAHASKA,123,19123,SOUTHEAST,90,1991,1.0,79100.0,78300.0,3590000.0,45.8,3080.0942030950528,97703.645,31686.8857686
IOWA,19,MAHASKA,123,19123,SOUTHEAST,90,1992,1.0,80000.0,79400.0,3445000.0,43.4,2918.6918867756613,93757.3975,32132.0399748
IOWA,19,MAHASKA,123,19123,SOUTHEAST,90,1993,1.0,80000.0,73300.0,2803000.0,38.2,2568.986868083647,76285.0465,29663.4575586
IOWA,19,MAHASKA,123,19123,SOUTHEAST,90,1994,1.0,84000.0,83800.0,4611000.0,55.0,3698.8030823193867,125490.6705,33912.6567996
IOWA,19,MAHASKA,123,19123,SOUTHEAST,90,1995,1.0,96000.0,95600.0,4198000.0,43.9,2952.3173693422013,114250.669,38687.9473752
IOWA,19,MAHASKA,123,19123,SOUTHEAST,90,1996,1.0,87000.0,86700.0,3562000.0,41.1,2764.0146669695782,96941.611,35086.2451614
IOWA,19,MAHASKA,123,19123,SOUTHEAST,90,1997,1.0,100000.0,99100.0,4916000.0,49.6,3335.647870600756,133791.398,40104.3471222
IOWA,19,MAHASKA,123,19123,SOUTHEAST,90,1998,1.0,99100.0,98800.0,5115000.0,51.8,3483.5999938935315,139207.2825,39982.9414296
IOWA,19,MAHASKA,123,19123,SOUTHEAST,90,1999,1.0,102000.0,101800.0,4700000.0,46.2,3106.9945891482853,127912.85,41196.9983556
IOWA,19,MAHASKA,123,19123,SOUTHEAST,90,2000,1.0,104000.0,103800.0,4587000.0,44.2,2972.4926588821254,124837.4985,42006.3696396
IOWA,19,MAHASKA,123,19123,SOUTHEAST,90,2001,1.0,107000.0,106000.0,4675000.0,44.1,2965.7675623688174,127232.4625,42896.678052
IOWA,19,MAHASKA,123,19123,SOUTHEAST,90,2002,1.0,103000.0,102800.0,4938000.0,48.0,3228.0463263878282,134390.139,41601.683997600005
IOWA,19,MAHASKA,123,19123,SOUTHEAST,90,2003,1.0,106000.0,105500.0,3990000.0,37.8,2542.0864820304146,108589.845,42694.335231000005
IOWA,19,MAHASKA,123,19123,SOUTHEAST,90,2004,1.0,103000.0,102300.0,5525000.0,54.0,3631.552117186307,150365.6375,41399.3411766
IOWA,19,MAHASKA,123,19123,SOUTHEAST,90,2005,1.0,102000.0,101400.0,5471800.0,54.0,3631.552117186307,148917.7729,41035.1240988
IOWA,19,MAHASKA,123,19123,SOUTHEAST,90,2006,1.0,103500.0,102900.0,5150000.0,50.0,3362.548256653988,140159.825,41642.1525618
IOWA,19,MAHASKA,123,19123,SOUTHEAST,90,2007,1.0,90500.0,90400.0,5079000.0,56.2,3779.5042404790825,138227.5245,36583.5820368
IOWA,19,MAHASKA,123,19123,SOUTHEAST,90,2008,1.0,99000.0,96800.0,4598000.0,47.5,3194.4208438212886,125136.869,39173.5701456
IOWA,19,MAHASKA,123,19123,SOUTHEAST,90,2009,1.0,95000.0,94200.0,5277000.0,56.0,3766.0540474524664,143616.1935,38121.3874764
IOWA,19,MAHASKA,123,19123,SOUTHEAST,90,2010,1.0,97000.0,94400.0,4455000.0,47.2,3174.245554281365,121245.0525,38202.3246048
IOWA,19,MAHASKA,123,19123,SOUTHEAST,90,2011,1.0,97700.0,94400.0,4975000.0,52.7,3544.1258625133037,135397.1125,38202.3246048
IOWA,19,MAHASKA,123,19123,SOUTHEAST,90,2012,1.0,94900.0,94600.0,4841000.0,51.2,3443.249414813684,131750.2355,38283.2617332
IOWA,19,MAHASKA,123,19123,SOUTHEAST,90,2013,1.0,109000.0,108400.0,4860000.0,44.8,3012.843237961973,132267.33,43867.9235928
IOWA,19,MAHASKA,123,19123,SOUTHEAST,90,2014,1.0,104000.0,102800.0,5031000.0,48.9,3288.5721950076,136921.1805,41601.683997600005
IOWA,19,MAHASKA,123,19123,SOUTHEAST,90,2015,1.0,106000.0,105400.0,5864000.0,55.6,3739.153661399235,159591.692,42653.8666668
IOWA,19,MAHASKA,123,19123,SOUTHEAST,90,2016,1.0,101500.0,101000.0,5967000.0,59.1,3974.532039365014,162394.8885,40873.249842000005
IOWA,19,MAHASKA,123,19123,SOUTHEAST,90,2017,1.0,105500.0,104800.0,5701000.0,54.4,3658.4525032395386,155155.5655,42411.0552816
IOWA,19,MAHASKA,123,19123,SOUTHEAST,90,2018,1.0,102500.0,98400.0,5876000.0,59.7,4014.8826184448617,159918.278,39821.0671728
IOWA,19,MAHASKA,123,19123,SOUTHEAST,90,2019,1.0,100500.0,99100.0,5324000.0,53.7,3611.3768276463834,144895.322,40104.3471222
IOWA,19,MAHASKA,123,19123,SOUTHEAST,90,2021,1.0,104500.0,103900.0,6442000.0,62.0,4169.559838250945,175322.251,42046.8382038
IOWA,19,MAHASKA,123,19123,SOUTHEAST,90,2022,1.0,109000.0,108300.0,6427000.0,59.3,3987.9822323916296,174914.0185,43827.4550286
IOWA,19,MAHASKA,123,19123,SOUTHEAST,90,2023,1.0,109000.0,108300.0,6790000.0,62.7,4216.635513844101,184793.245,43827.4550286
IOWA,19,MAHASKA,123,19123,SOUTHEAST,90,2024,1.0,109500.0,108600.0,7244000.0,66.7,4485.63937437642,197149.082,43948.8607212
IOWA,19,MAHASKA,123,19123,SOUTHEAST,90,2025,1.0,104000.0,103200.0,6760000.0,65.5,4404.938216216724,183976.78,41763.5582544
IOWA,19,MARION,125,19125,SOUTH CENTRAL,80,1980,1.0,56100.0,56000.0,2200000.0,39.3,2642.9629297300344,59874.1,22662.395952
IOWA,19,MARION,125,19125,SOUTH CENTRAL,80,1981,1.0,54200.0,54200.0,2309000.0,42.6,2864.891114669198,62840.5895,21933.9617964
IOWA,19,MARION,125,19125,SOUTH CENTRAL,80,1982,1.0,56200.0,55100.0,1877000.0,34.1,2293.2579110380198,51083.4935,22298.1788742
IOWA,19,MARION,125,19125,SOUTH CENTRAL,80,1983,1.0,54100.0,53900.0,1772000.0,32.9,2212.556752878324,48225.866,21812.5561038
IOWA,19,MARION,125,19125,SOUTH CENTRAL,80,1984,1.0,58200.0,55600.0,1520000.0,27.3,1835.9513481330775,41367.56,22500.5216952
IOWA,19,MARION,125,19125,SOUTH CENTRAL,80,1985,1.0,53000.0,52700.0,2117000.0,40.2,2703.4887983498065,57615.2135,21326.9333334
IOWA,19,MARION,125,19125,SOUTH CENTRAL,80,1986,1.0,57800.0,57600.0,2336000.0,40.6,2730.389184403038,63575.408,23309.8929792
IOWA,19,MARION,125,19125,SOUTH CENTRAL,80,1987,1.0,55800.0,55300.0,2421000.0,43.8,2945.5922728288933,65888.7255,22379.1160026
IOWA,19,MARION,125,19125,SOUTH CENTRAL,80,1988,1.0,57600.0,57300.0,1930000.0,33.7,2266.357524984788,52525.915,23188.4872866
IOWA,19,MARION,125,19125,SOUTH CENTRAL,80,1989,1.0,59800.0,59600.0,2127000.0,35.7,2400.8594552509476,57887.3685,24119.264263200002
IOWA,19,MARION,125,19125,SOUTH CENTRAL,80,1990,1.0,57600.0,54800.0,2253000.0,41.1,2764.0146669695782,61316.5215,22176.7731816
IOWA,19,MARION,125,19125,SOUTH CENTRAL,80,1991,1.0,58900.0,58700.0,2451000.0,41.8,2811.090342562734,66705.1905,23755.047185400002
IOWA,19,MARION,125,19125,SOUTH CENTRAL,80,1992,1.0,57000.0,56500.0,2460000.0,43.5,2925.4169832889697,66950.13,22864.738773
IOWA,19,MARION,125,19125,SOUTH CENTRAL,80,1993,1.0,61000.0,59000.0,2018000.0,34.2,2299.983007551328,54920.879,23876.452878
IOWA,19,MARION,125,19125,SOUTH CENTRAL,80,1994,1.0,61000.0,60900.0,3191000.0,52.4,3523.950572973379,86844.6605,24645.3555978
IOWA,19,MARION,125,19125,SOUTH CENTRAL,80,1995,1.0,68000.0,67500.0,2510000.0,37.2,2501.7359029505674,68310.905,27316.280835
IOWA,19,MARION,125,19125,SOUTH CENTRAL,80,1996,1.0,69000.0,68800.0,2612000.0,38.0,2555.536675057031,71086.886,27842.3721696
IOWA,19,MARION,125,19125,SOUTH CENTRAL,80,1997,1.0,72600.0,71900.0,3308000.0,46.0,3093.544396121669,90028.874,29096.8976598
IOWA,19,MARION,125,19125,SOUTH CENTRAL,80,1998,1.0,67300.0,66300.0,3057000.0,46.1,3100.269492634977,83197.7835,26830.6580646
IOWA,19,MARION,125,19125,SOUTH CENTRAL,80,1999,1.0,71000.0,70600.0,3170000.0,44.9,3019.568334475281,86273.135,28570.8063252
IOWA,19,MARION,125,19125,SOUTH CENTRAL,80,2000,1.0,72000.0,71700.0,3265000.0,45.5,3059.918913555129,88858.6075,29015.9605314
IOWA,19,MARION,125,19125,SOUTH CENTRAL,80,2001,1.0,72000.0,71500.0,3195000.0,44.7,3006.1181414486655,86953.5225,28935.023403
IOWA,19,MARION,125,19125,SOUTH CENTRAL,80,2002,1.0,72000.0,71700.0,3382000.0,47.2,3174.245554281365,92042.821,29015.9605314
IOWA,19,MARION,125,19125,SOUTH CENTRAL,80,2003,1.0,73000.0,72600.0,2150000.0,29.6,1990.628567939161,58513.325,29380.1776092
IOWA,19,MARION,125,19125,SOUTH CENTRAL,80,2004,1.0,72000.0,71400.0,3534000.0,49.5,3328.922774087448,96179.577,28894.554838800002
IOWA,19,MARION,125,19125,SOUTH CENTRAL,80,2005,1.0,73000.0,72600.0,3770300.0,51.9,3490.3250904068395,102610.59964999999,29380.1776092
IOWA,19,MARION,125,19125,SOUTH CENTRAL,80,2006,1.0,74000.0,73600.0,3455100.0,46.9,3154.0702647414405,94032.27404999999,29784.8632512
IOWA,19,MARION,125,19125,SOUTH CENTRAL,80,2007,1.0,64000.0,63900.0,3326000.0,52.1,3503.7752834334556,90518.753,25859.4125238
IOWA,19,MARION,125,19125,SOUTH CENTRAL,80,2008,1.0,79000.0,76600.0,3465000.0,45.0,3026.293430988589,94301.7075,30998.9201772
IOWA,19,MARION,125,19125,SOUTH CENTRAL,80,2009,1.0,76500.0,75900.0,3967000.0,52.5,3530.675669486687,107963.8885,30715.640227800002
IOWA,19,MARION,125,19125,SOUTH CENTRAL,80,2010,1.0,72400.0,69800.0,3272000.0,46.9,3154.0702647414405,89049.116,28247.0578116
IOWA,19,MARION,125,19125,SOUTH CENTRAL,80,2011,1.0,74400.0,73900.0,3603000.0,48.8,3281.847098494292,98057.4465,29906.2689438
IOWA,19,MARION,125,19125,SOUTH CENTRAL,80,2012,1.0,73700.0,73400.0,3348000.0,45.6,3066.644010068437,91117.494,29703.9261228
IOWA,19,MARION,125,19125,SOUTH CENTRAL,80,2013,1.0,76500.0,76300.0,3430000.0,45.0,3026.293430988589,93349.165,30877.5144846
IOWA,19,MARION,125,19125,SOUTH CENTRAL,80,2014,1.0,75500.0,73300.0,3443000.0,47.0,3160.7953612547485,93702.9665,29663.4575586
IOWA,19,MARION,125,19125,SOUTH CENTRAL,80,2015,1.0,78200.0,77500.0,4337000.0,56.0,3766.0540474524664,118033.6235,31363.137255
IOWA,19,MARION,125,19125,SOUTH CENTRAL,80,2016,1.0,75000.0,74800.0,4235000.0,56.6,3806.4046265323145,115257.6425,30270.4860216
IOWA,19,MARION,125,19125,SOUTH CENTRAL,80,2017,1.0,77800.0,77500.0,4102000.0,52.9,3557.5760555399193,111637.981,31363.137255
IOWA,19,MARION,125,19125,SOUTH CENTRAL,80,2018,1.0,74200.0,73300.0,4271000.0,58.3,3920.73126725855,116237.4005,29663.4575586
IOWA,19,MARION,125,19125,SOUTH CENTRAL,80,2019,1.0,70100.0,69400.0,3746000.0,54.0,3631.552117186307,101949.263,28085.1835548
IOWA,19,MARION,125,19125,SOUTH CENTRAL,80,2021,1.0,74300.0,73900.0,4478000.0,60.6,4075.4084870646334,121871.009,29906.2689438
IOWA,19,MARION,125,19125,SOUTH CENTRAL,80,2022,1.0,74400.0,73900.0,4273000.0,57.8,3887.10578469201,116291.8315,29906.2689438
IOWA,19,MARION,125,19125,SOUTH CENTRAL,80,2023,1.0,73000.0,72500.0,4060000.0,56.0,3766.0540474524664,110494.93,29339.709045
IOWA,19,MARION,125,19125,SOUTH CENTRAL,80,2024,1.0,72400.0,71800.0,4566000.0,63.6,4277.1613824638725,124265.973,29056.4290956
IOWA,19,MARION,125,19125,SOUTH CENTRAL,80,2025,1.0,70700.0,70500.0,4519000.0,64.1,4310.786865030413,122986.8445,28530.337761000003
IOWA,19,MARSHALL,127,19127,CENTRAL,50,1980,1.0,84400.0,84300.0,3700000.0,43.9,2952.3173693422013,100697.35,34114.9996206
IOWA,19,MARSHALL,127,19127,CENTRAL,50,1981,1.0,87100.0,86800.0,3832000.0,44.1,2965.7675623688174,104289.796,35126.7137256
IOWA,19,MARSHALL,127,19127,CENTRAL,50,1982,1.0,90300.0,90000.0,3520000.0,39.1,2629.512736703419,95798.56,36421.707780000004
IOWA,19,MARSHALL,127,19127,CENTRAL,50,1983,1.0,90000.0,89800.0,3861000.0,43.0,2891.7915007224296,105079.0455,36340.7706516
IOWA,19,MARSHALL,127,19127,CENTRAL,50,1984,1.0,92000.0,91300.0,3233000.0,35.4,2380.6841657110235,87987.7115,36947.7991146
IOWA,19,MARSHALL,127,19127,CENTRAL,50,1985,1.0,93800.0,93400.0,3889000.0,41.6,2797.6401495361183,105841.0795,37797.6389628
IOWA,19,MARSHALL,127,19127,CENTRAL,50,1986,1.0,94500.0,94300.0,4247000.0,45.0,3026.293430988589,115584.2285,38161.8560406
IOWA,19,MARSHALL,127,19127,CENTRAL,50,1987,1.0,85300.0,85000.0,4318000.0,50.8,3416.349028760452,117516.529,34398.27957
IOWA,19,MARSHALL,127,19127,CENTRAL,50,1988,1.0,85700.0,85100.0,2343000.0,27.5,1849.4015411596934,63765.9165,34438.7481342
IOWA,19,MARSHALL,127,19127,CENTRAL,50,1989,1.0,87900.0,87800.0,3855000.0,43.9,2952.3173693422013,104915.7525,35531.3993676
IOWA,19,MARSHALL,127,19127,CENTRAL,50,1990,1.0,79600.0,79000.0,3609000.0,45.7,3073.369106581745,98220.7395,31970.165718
IOWA,19,MARSHALL,127,19127,CENTRAL,50,1991,1.0,87300.0,86800.0,3897000.0,44.9,3019.568334475281,106058.8035,35126.7137256
IOWA,19,MARSHALL,127,19127,CENTRAL,50,1992,1.0,83000.0,82800.0,3936000.0,47.5,3194.4208438212886,107120.208,33507.971157600005
IOWA,19,MARSHALL,127,19127,CENTRAL,50,1993,1.0,89000.0,88000.0,3167000.0,36.0,2421.034744790871,86191.4885,35612.336496
IOWA,19,MARSHALL,127,19127,CENTRAL,50,1994,1.0,90000.0,89800.0,5000000.0,55.7,3745.878757912543,136077.5,36340.7706516
IOWA,19,MARSHALL,127,19127,CENTRAL,50,1995,1.0,96000.0,95800.0,5063000.0,52.8,3550.8509590266112,137792.0765,38768.8845036
IOWA,19,MARSHALL,127,19127,CENTRAL,50,1996,1.0,100000.0,99800.0,4922000.0,49.3,3315.472581060832,133954.691,40387.6270716
IOWA,19,MARSHALL,127,19127,CENTRAL,50,1997,1.0,127100.0,126100.0,6390000.0,50.7,3409.623932247144,173907.045,51030.8594562
IOWA,19,MARSHALL,127,19127,CENTRAL,50,1998,1.0,126800.0,126500.0,6541000.0,51.7,3476.874897380224,178016.5855,51192.733713
IOWA,19,MARSHALL,127,19127,CENTRAL,50,1999,1.0,125000.0,124300.0,6284000.0,50.6,3402.8988357338358,171022.202,50302.4253006
IOWA,19,MARSHALL,127,19127,CENTRAL,50,2000,1.0,128000.0,127900.0,5857000.0,45.8,3080.0942030950528,159401.1835,51759.2936118
IOWA,19,MARSHALL,127,19127,CENTRAL,50,2001,1.0,130000.0,129200.0,6466000.0,50.0,3362.548256653988,175975.423,52285.3849464
IOWA,19,MARSHALL,127,19127,CENTRAL,50,2002,1.0,126000.0,125400.0,6763000.0,53.9,3624.827020672999,184058.4265,50747.5795068
IOWA,19,MARSHALL,127,19127,CENTRAL,50,2003,1.0,127000.0,126500.0,4089000.0,32.3,2172.206173798476,111284.1795,51192.733713
IOWA,19,MARSHALL,127,19127,CENTRAL,50,2004,1.0,123000.0,122400.0,6350000.0,51.9,3490.3250904068395,172818.425,49533.5225808
IOWA,19,MARSHALL,127,19127,CENTRAL,50,2005,1.0,121500.0,120900.0,7349300.0,60.8,4088.858680091249,200014.87415,48926.4941178
IOWA,19,MARSHALL,127,19127,CENTRAL,50,2006,1.0,123500.0,122900.0,6990000.0,56.9,3826.579916072238,190236.345,49735.8654018
IOWA,19,MARSHALL,127,19127,CENTRAL,50,2007,1.0,108000.0,107700.0,6300000.0,58.5,3934.181460285166,171457.65,43584.6436434
IOWA,19,MARSHALL,127,19127,CENTRAL,50,2008,1.0,122500.0,122000.0,6207000.0,51.0,3429.799221787068,168926.6085,49371.648324
IOWA,19,MARSHALL,127,19127,CENTRAL,50,2009,1.0,119500.0,119100.0,6484000.0,54.5,3665.177599752847,176465.302,48198.0599622
IOWA,19,MARSHALL,127,19127,CENTRAL,50,2010,1.0,122000.0,121800.0,6997000.0,57.4,3860.205398638778,190426.8535,49290.7111956
IOWA,19,MARSHALL,127,19127,CENTRAL,50,2011,1.0,115500.0,114700.0,6539000.0,57.0,3833.305012585546,177962.1545,46417.4431374
IOWA,19,MARSHALL,127,19127,CENTRAL,50,2012,1.0,117500.0,117100.0,6585000.0,56.2,3779.5042404790825,179214.0675,47388.6886782
IOWA,19,MARSHALL,127,19127,CENTRAL,50,2013,1.0,118500.0,118000.0,5532000.0,46.9,3154.0702647414405,150556.146,47752.905756
IOWA,19,MARSHALL,127,19127,CENTRAL,50,2014,1.0,128500.0,127500.0,7028000.0,55.1,3705.5281788326947,191270.534,51597.419355
IOWA,19,MARSHALL,127,19127,CENTRAL,50,2015,1.0,126000.0,125500.0,7451000.0,59.4,3994.7073289049376,202782.6905,50788.048071000005
IOWA,19,MARSHALL,127,19127,CENTRAL,50,2016,1.0,122500.0,122000.0,7639000.0,62.6,4209.910417330793,207899.2045,49371.648324
IOWA,19,MARSHALL,127,19127,CENTRAL,50,2017,1.0,129000.0,128200.0,8144000.0,63.5,4270.4362859505645,221643.032,51880.699304400005
IOWA,19,MARSHALL,127,19127,CENTRAL,50,2018,1.0,120500.0,119400.0,7396000.0,61.9,4162.834741737637,201285.838,48319.4656548
IOWA,19,MARSHALL,127,19127,CENTRAL,50,2019,1.0,114500.0,113700.0,6894000.0,60.6,4075.4084870646334,187623.657,46012.7574954
IOWA,19,MARSHALL,127,19127,CENTRAL,50,2021,1.0,133000.0,132000.0,8857000.0,67.1,4512.539760429651,241047.6835,53418.504744
IOWA,19,MARSHALL,127,19127,CENTRAL,50,2022,1.0,119000.0,118200.0,7683000.0,65.0,4371.312733650185,209096.6865,47833.8428844
IOWA,19,MARSHALL,127,19127,CENTRAL,50,2023,1.0,121500.0,120700.0,7447000.0,61.7,4149.384548711021,202673.8285,48845.5569894
IOWA,19,MILLS,129,19129,SOUTHWEST,70,1980,1.0,80200.0,79400.0,2970000.0,37.4,2515.186095977183,80830.035,32132.0399748
IOWA,19,MILLS,129,19129,SOUTHWEST,70,1981,1.0,77400.0,77400.0,3009000.0,38.9,2616.0625436768028,81891.4395,31322.6686908
IOWA,19,MILLS,129,19129,SOUTHWEST,70,1982,1.0,87300.0,87100.0,2967000.0,34.1,2293.2579110380198,80748.3885,35248.1194182
IOWA,19,MILLS,129,19129,SOUTHWEST,70,1983,1.0,80100.0,80100.0,2740000.0,34.2,2299.983007551328,74570.47,32415.3199242
IOWA,19,MILLS,129,19129,SOUTHWEST,70,1984,1.0,91300.0,90600.0,2150000.0,23.7,1593.8478736539903,58513.325,36664.5191652
IOWA,19,MILLS,129,19129,SOUTHWEST,70,1985,1.0,93100.0,92700.0,3525000.0,38.0,2555.536675057031,95934.6375,37514.359013400004
IOWA,19,MILLS,129,19129,SOUTHWEST,70,1986,1.0,98700.0,97900.0,4093000.0,41.8,2811.090342562734,111393.0415,39618.7243518
IOWA,19,MILLS,129,19129,SOUTHWEST,70,1987,1.0,84800.0,84300.0,3268000.0,38.8,2609.3374471634943,88940.254,34114.9996206
IOWA,19,MILLS,129,19129,SOUTHWEST,70,1988,1.0,85600.0,85200.0,2332000.0,27.4,1842.6764446463853,63466.546,34479.2166984
IOWA,19,MILLS,129,19129,SOUTHWEST,70,1989,1.0,84200.0,84000.0,2740000.0,32.6,2192.3814633384004,74570.47,33993.593928
IOWA,19,MILLS,129,19129,SOUTHWEST,70,1990,1.0,81100.0,80300.0,3140000.0,39.1,2629.512736703419,85456.67,32496.2570526
IOWA,19,MILLS,129,19129,SOUTHWEST,70,1991,1.0,84100.0,83900.0,3544000.0,42.2,2837.990728615966,96451.732,33953.1253638
IOWA,19,MILLS,129,19129,SOUTHWEST,70,1992,1.0,83000.0,82800.0,3625000.0,43.8,2945.5922728288933,98656.1875,33507.971157600005
IOWA,19,MILLS,129,19129,SOUTHWEST,70,1993,1.0,83000.0,67100.0,2166000.0,32.3,2172.206173798476,58948.773,27154.4065782
IOWA,19,MILLS,129,19129,SOUTHWEST,70,1994,1.0,87000.0,86800.0,4234000.0,48.8,3281.847098494292,115230.427,35126.7137256
IOWA,19,MILLS,129,19129,SOUTHWEST,70,1995,1.0,91000.0,90600.0,3173000.0,35.0,2353.7837796577915,86354.7815,36664.5191652
IOWA,19,MILLS,129,19129,SOUTHWEST,70,1996,1.0,93000.0,92400.0,3779000.0,40.9,2750.564473942962,102847.3745,37392.9533208
IOWA,19,MILLS,129,19129,SOUTHWEST,70,1997,1.0,94700.0,93900.0,4049000.0,43.1,2898.5165972357377,110195.5595,37999.9817838
IOWA,19,MILLS,129,19129,SOUTHWEST,70,1998,1.0,93100.0,92700.0,3821000.0,41.2,2770.7397634828862,103990.4255,37514.359013400004
IOWA,19,MILLS,129,19129,SOUTHWEST,70,1999,1.0,95000.0,94800.0,3784000.0,39.9,2683.3135088098825,102983.452,38364.1988616
IOWA,19,MILLS,129,19129,SOUTHWEST,70,2000,1.0,95000.0,94800.0,3820000.0,40.3,2710.213894863114,103963.21,38364.1988616
IOWA,19,MILLS,129,19129,SOUTHWEST,70,2001,1.0,99000.0,98400.0,4351000.0,44.2,2972.4926588821254,118414.6405,39821.0671728
IOWA,19,MILLS,129,19129,SOUTHWEST,70,2002,1.0,93000.0,92200.0,3553000.0,38.5,2589.1621576235707,96696.6715,37312.0161924
IOWA,19,MILLS,129,19129,SOUTHWEST,70,2003,1.0,100000.0,99600.0,2912000.0,29.2,1963.728181885929,79251.536,40306.6899432
IOWA,19,MILLS,129,19129,SOUTHWEST,70,2004,1.0,95000.0,94700.0,4698000.0,49.6,3335.647870600756,127858.419,38323.7302974
IOWA,19,MILLS,129,19129,SOUTHWEST,70,2005,1.0,95500.0,95000.0,4741100.0,49.9,3355.82316014068,129031.40705,38445.13599
IOWA,19,MILLS,129,19129,SOUTHWEST,70,2006,1.0,96000.0,95700.0,4848500.0,50.7,3409.623932247144,131954.35175,38728.4159394
IOWA,19,MILLS,129,19129,SOUTHWEST,70,2007,1.0,91000.0,90800.0,4664000.0,51.4,3456.6996078402994,126933.092,36745.4562936
IOWA,19,MILLS,129,19129,SOUTHWEST,70,2008,1.0,98300.0,97100.0,4026000.0,41.5,2790.91505302281,109569.603,39294.9758382
IOWA,19,MILLS,129,19129,SOUTHWEST,70,2009,1.0,95000.0,94500.0,5156000.0,54.5,3665.177599752847,140323.118,38242.793169000004
IOWA,19,MILLS,129,19129,SOUTHWEST,70,2010,1.0,93200.0,92000.0,4693000.0,51.0,3429.799221787068,127722.3415,37231.079064
IOWA,19,MILLS,129,19129,SOUTHWEST,70,2011,1.0,90200.0,86000.0,3901000.0,45.4,3053.193817041821,106167.6655,34802.965212
IOWA,19,MILLS,129,19129,SOUTHWEST,70,2012,1.0,93500.0,93200.0,3542000.0,38.0,2555.536675057031,96397.301,37716.7018344
IOWA,19,MILLS,129,19129,SOUTHWEST,70,2013,1.0,93600.0,93200.0,4667000.0,50.1,3369.273353167296,127014.7385,37716.7018344
IOWA,19,MILLS,129,19129,SOUTHWEST,70,2014,1.0,95200.0,94200.0,5136000.0,54.5,3665.177599752847,139778.808,38121.3874764
IOWA,19,MILLS,129,19129,SOUTHWEST,70,2016,1.0,90700.0,90400.0,5085000.0,56.3,3786.2293369923905,138390.8175,36583.5820368
IOWA,19,MILLS,129,19129,SOUTHWEST,70,2017,1.0,99000.0,98400.0,5477000.0,55.7,3745.878757912543,149059.2935,39821.0671728
IOWA,19,MILLS,129,19129,SOUTHWEST,70,2020,1.0,89900.0,89200.0,4398000.0,49.3,3315.472581060832,119693.769,36097.9592664
IOWA,19,MILLS,129,19129,SOUTHWEST,70,2022,1.0,91300.0,90700.0,4725000.0,52.1,3503.7752834334556,128593.2375,36704.9877294
IOWA,19,MILLS,129,19129,SOUTHWEST,70,2023,1.0,93500.0,90900.0,4845000.0,53.3,3584.476441593151,131859.0975,36785.924857800004
IOWA,19,MILLS,129,19129,SOUTHWEST,70,2024,1.0,93100.0,91200.0,5572000.0,61.1,4109.033969631173,151644.766,36907.3305504
IOWA,19,MILLS,129,19129,SOUTHWEST,70,2025,1.0,88200.0,87600.0,5493000.0,62.7,4216.635513844101,149494.7415,35450.4622392
IOWA,19,MITCHELL,131,19131,NORTH CENTRAL,20,1980,1.0,93600.0,93600.0,2710000.0,29.0,1950.277988859313,73754.005,37878.576091200004
IOWA,19,MITCHELL,131,19131,NORTH CENTRAL,20,1981,1.0,88500.0,85500.0,2690000.0,31.5,2118.405401692012,73209.695,34600.622391000004
IOWA,19,MITCHELL,131,19131,NORTH CENTRAL,20,1982,1.0,86700.0,86000.0,2921000.0,34.0,2286.5328145247117,79496.4755,34802.965212
IOWA,19,MITCHELL,131,19131,NORTH CENTRAL,20,1983,1.0,83900.0,83800.0,3052000.0,36.4,2447.9351308441032,83061.706,33912.6567996
IOWA,19,MITCHELL,131,19131,NORTH CENTRAL,20,1984,1.0,89000.0,88700.0,2741000.0,30.9,2078.0548226121646,74597.6855,35895.6164454
IOWA,19,MITCHELL,131,19131,NORTH CENTRAL,20,1985,1.0,81000.0,80600.0,2568000.0,31.9,2145.3057877452443,69889.404,32617.6627452
IOWA,19,MITCHELL,131,19131,NORTH CENTRAL,20,1986,1.0,80200.0,80100.0,3232000.0,40.3,2710.213894863114,87960.496,32415.3199242
IOWA,19,MITCHELL,131,19131,NORTH CENTRAL,20,1987,1.0,75200.0,75000.0,3277000.0,43.7,2938.8671763155858,89185.1935,30351.423150000002
IOWA,19,MITCHELL,131,19131,NORTH CENTRAL,20,1988,1.0,74900.0,74600.0,2164000.0,29.0,1950.277988859313,58894.342,30189.5488932
IOWA,19,MITCHELL,131,19131,NORTH CENTRAL,20,1989,1.0,74700.0,74700.0,2824000.0,37.8,2542.0864820304146,76856.572,30230.0174574
IOWA,19,MITCHELL,131,19131,NORTH CENTRAL,20,1990,1.0,74500.0,74200.0,3233000.0,43.6,2932.1420798022777,87987.7115,30027.6746364
IOWA,19,MITCHELL,131,19131,NORTH CENTRAL,20,1991,1.0,83500.0,83200.0,3514000.0,42.2,2837.990728615966,95635.267,33669.8454144
IOWA,19,MITCHELL,131,19131,NORTH CENTRAL,20,1992,1.0,79000.0,78900.0,3233000.0,41.0,2757.28957045627,87987.7115,31929.6971538
IOWA,19,MITCHELL,131,19131,NORTH CENTRAL,20,1993,1.0,86000.0,85100.0,1878000.0,22.1,1486.2463294410627,51110.709,34438.7481342
IOWA,19,MITCHELL,131,19131,NORTH CENTRAL,20,1994,1.0,86000.0,85800.0,3828000.0,44.6,2999.3930449353575,104180.934,34722.0280836
IOWA,19,MITCHELL,131,19131,NORTH CENTRAL,20,1995,1.0,87000.0,86800.0,4316000.0,49.7,3342.372967114064,117462.098,35126.7137256
IOWA,19,MITCHELL,131,19131,NORTH CENTRAL,20,1996,1.0,89000.0,88700.0,3935000.0,44.4,2985.9428519087414,107092.9925,35895.6164454
IOWA,19,MITCHELL,131,19131,NORTH CENTRAL,20,1997,1.0,100300.0,99500.0,4627000.0,46.5,3127.169878688209,125926.1185,40266.221379
IOWA,19,MITCHELL,131,19131,NORTH CENTRAL,20,1998,1.0,100100.0,99800.0,5072000.0,50.8,3416.349028760452,138037.016,40387.6270716
IOWA,19,MITCHELL,131,19131,NORTH CENTRAL,20,1999,1.0,105000.0,103200.0,4929000.0,47.8,3214.596133361212,134145.1995,41763.5582544
IOWA,19,MITCHELL,131,19131,NORTH CENTRAL,20,2000,1.0,103000.0,102900.0,4973000.0,48.3,3248.2216159277523,135342.6815,41642.1525618
IOWA,19,MITCHELL,131,19131,NORTH CENTRAL,20,2001,1.0,111000.0,110200.0,3903000.0,35.4,2380.6841657110235,106222.0965,44596.3577484
IOWA,19,MITCHELL,131,19131,NORTH CENTRAL,20,2002,1.0,105000.0,104700.0,5188000.0,49.6,3335.647870600756,141194.014,42370.5867174
IOWA,19,MITCHELL,131,19131,NORTH CENTRAL,20,2003,1.0,106000.0,105500.0,3288000.0,31.2,2098.2301121520886,89484.564,42694.335231000005
IOWA,19,MITCHELL,131,19131,NORTH CENTRAL,20,2004,1.0,102000.0,101300.0,4436000.0,43.8,2945.5922728288933,120727.958,40994.6555346
IOWA,19,MITCHELL,131,19131,NORTH CENTRAL,20,2005,1.0,100500.0,100000.0,5362400.0,53.6,3604.6517311330754,145940.39719999998,40468.5642
IOWA,19,MITCHELL,131,19131,NORTH CENTRAL,20,2006,1.0,98500.0,96800.0,5085100.0,52.5,3530.675669486687,138393.53905,39173.5701456
IOWA,19,MITCHELL,131,19131,NORTH CENTRAL,20,2007,1.0,81000.0,80800.0,4321000.0,53.5,3597.9266346197674,117598.1755,32698.5998736
IOWA,19,MITCHELL,131,19131,NORTH CENTRAL,20,2008,1.0,87500.0,86700.0,3914000.0,45.0,3026.293430988589,106521.467,35086.2451614
IOWA,19,MITCHELL,131,19131,NORTH CENTRAL,20,2009,1.0,87500.0,87200.0,3965000.0,45.5,3059.918913555129,107909.4575,35288.5879824
IOWA,19,MITCHELL,131,19131,NORTH CENTRAL,20,2010,1.0,88500.0,88100.0,4778000.0,54.2,3645.002310212923,130035.659,35652.8050602
IOWA,19,MITCHELL,131,19131,NORTH CENTRAL,20,2011,1.0,83700.0,83100.0,4238000.0,51.0,3429.799221787068,115339.289,33629.3768502
IOWA,19,MITCHELL,131,19131,NORTH CENTRAL,20,2012,1.0,83500.0,83000.0,3525000.0,42.5,2858.1660181558896,95934.6375,33588.908286
IOWA,19,MITCHELL,131,19131,NORTH CENTRAL,20,2013,1.0,70400.0,69800.0,2845000.0,40.8,2743.839377429654,77428.0975,28247.0578116
IOWA,19,MITCHELL,131,19131,NORTH CENTRAL,20,2014,1.0,82100.0,81800.0,4025000.0,49.2,3308.7474845475244,109542.3875,33103.2855156
IOWA,19,MITCHELL,131,19131,NORTH CENTRAL,20,2015,1.0,91900.0,91400.0,5458000.0,59.7,4014.8826184448617,148542.199,36988.2676788
IOWA,19,MITCHELL,131,19131,NORTH CENTRAL,20,2016,1.0,84400.0,83900.0,5121000.0,61.0,4102.308873117865,139370.5755,33953.1253638
IOWA,19,MITCHELL,131,19131,NORTH CENTRAL,20,2017,1.0,93000.0,92500.0,5036000.0,54.4,3658.4525032395386,137057.258,37433.421885
IOWA,19,MITCHELL,131,19131,NORTH CENTRAL,20,2018,1.0,89800.0,88700.0,4932000.0,55.6,3739.153661399235,134226.846,35895.6164454
IOWA,19,MITCHELL,131,19131,NORTH CENTRAL,20,2019,1.0,77500.0,76900.0,3828000.0,49.8,3349.0980636273716,104180.934,31120.325869800003
IOWA,19,MITCHELL,131,19131,NORTH CENTRAL,20,2020,1.0,79900.0,79200.0,4704000.0,59.4,3994.7073289049376,128021.712,32051.1028464
IOWA,19,MITCHELL,131,19131,NORTH CENTRAL,20,2021,1.0,84000.0,83500.0,5219000.0,62.5,4203.185320817485,142037.6945,33791.251107000004
IOWA,19,MITCHELL,131,19131,NORTH CENTRAL,20,2022,1.0,84500.0,83900.0,5420000.0,64.6,4344.412347596952,147508.01,33953.1253638
IOWA,19,MITCHELL,131,19131,NORTH CENTRAL,20,2023,1.0,81700.0,81200.0,3808000.0,46.9,3154.0702647414405,103636.624,32860.4741304
IOWA,19,MITCHELL,131,19131,NORTH CENTRAL,20,2024,1.0,83300.0,82800.0,5134000.0,62.0,4169.559838250945,139724.377,33507.971157600005
IOWA,19,MITCHELL,131,19131,NORTH CENTRAL,20,2025,1.0,78500.0,77900.0,4861000.0,62.4,4196.460224304177,132294.5455,31525.0115118
IOWA,19,MONONA,133,19133,WEST CENTRAL,40,1980,1.0,100300.0,100200.0,2660000.0,26.5,1782.1505760266136,72393.23,40549.5013284
IOWA,19,MONONA,133,19133,WEST CENTRAL,40,1981,1.0,99800.0,99800.0,3719000.0,37.3,2508.460999463875,101214.4445,40387.6270716
IOWA,19,MONONA,133,19133,WEST CENTRAL,40,1982,1.0,105000.0,104100.0,3790000.0,36.4,2447.9351308441032,103146.745,42127.7753322
IOWA,19,MONONA,133,19133,WEST CENTRAL,40,1983,1.0,103000.0,101600.0,2657000.0,26.2,1761.9752864866896,72311.5835,41116.0612272
IOWA,19,MONONA,133,19133,WEST CENTRAL,40,1984,1.0,115000.0,109300.0,2733000.0,25.0,1681.274128326994,74379.9615,44232.1406706
IOWA,19,MONONA,133,19133,WEST CENTRAL,40,1985,1.0,106000.0,105500.0,3900000.0,37.0,2488.285709923951,106140.45,42694.335231000005
IOWA,19,MONONA,133,19133,WEST CENTRAL,40,1986,1.0,109000.0,108700.0,4360000.0,40.1,2696.7637018364985,118659.58,43989.3292854
IOWA,19,MONONA,133,19133,WEST CENTRAL,40,1987,1.0,102000.0,100500.0,3968000.0,39.5,2656.4131227566504,107991.104,40670.907021
IOWA,19,MONONA,133,19133,WEST CENTRAL,40,1988,1.0,112000.0,111500.0,3563000.0,32.0,2152.0308842585523,96968.8265,45122.449083
IOWA,19,MONONA,133,19133,WEST CENTRAL,40,1989,1.0,110000.0,109500.0,4183000.0,38.2,2568.986868083647,113842.4365,44313.077799
IOWA,19,MONONA,133,19133,WEST CENTRAL,40,1990,1.0,110000.0,109400.0,4004000.0,36.6,2461.3853238707193,108970.862,44272.6092348
IOWA,19,MONONA,133,19133,WEST CENTRAL,40,1991,1.0,117000.0,115800.0,3590000.0,31.0,2084.7799191254726,97703.645,46862.5973436
IOWA,19,MONONA,133,19133,WEST CENTRAL,40,1992,1.0,109000.0,108900.0,4815000.0,44.2,2972.4926588821254,131042.6325,44070.266413800004
IOWA,19,MONONA,133,19133,WEST CENTRAL,40,1993,1.0,109000.0,106000.0,3572000.0,33.7,2266.357524984788,97213.766,42896.678052
IOWA,19,MONONA,133,19133,WEST CENTRAL,40,1994,1.0,118000.0,117800.0,5899000.0,50.1,3369.273353167296,160544.2345,47671.9686276
IOWA,19,MONONA,133,19133,WEST CENTRAL,40,1995,1.0,127000.0,126800.0,4530000.0,35.7,2400.8594552509476,123286.215,51314.1394056
IOWA,19,MONONA,133,19133,WEST CENTRAL,40,1996,1.0,126000.0,117800.0,4869000.0,41.3,2777.464859996194,132512.2695,47671.9686276
IOWA,19,MONONA,133,19133,WEST CENTRAL,40,1997,1.0,140500.0,139400.0,5823000.0,41.8,2811.090342562734,158475.8565,56413.1784948
IOWA,19,MONONA,133,19133,WEST CENTRAL,40,1998,1.0,131700.0,130700.0,5619000.0,43.0,2891.7915007224296,152923.8945,52892.413409400004
IOWA,19,MONONA,133,19133,WEST CENTRAL,40,1999,1.0,149000.0,148000.0,6125000.0,41.4,2784.189956509502,166694.9375,59893.475016000004
IOWA,19,MONONA,133,19133,WEST CENTRAL,40,2000,1.0,144000.0,143700.0,5407000.0,37.6,2528.636289003799,147154.2085,58153.326755400005
IOWA,19,MONONA,133,19133,WEST CENTRAL,40,2001,1.0,151000.0,150100.0,6587000.0,43.9,2952.3173693422013,179268.4985,60743.3148642
IOWA,19,MONONA,133,19133,WEST CENTRAL,40,2002,1.0,143000.0,142000.0,6005000.0,42.3,2844.7158251292735,163429.0775,57465.361164
IOWA,19,MONONA,133,19133,WEST CENTRAL,40,2003,1.0,151000.0,150200.0,5358000.0,35.7,2400.8594552509476,145820.649,60783.7834284
IOWA,19,MONONA,133,19133,WEST CENTRAL,40,2004,1.0,138000.0,137700.0,5901000.0,42.9,2885.0664042091216,160598.6655,55725.2129034
IOWA,19,MONONA,133,19133,WEST CENTRAL,40,2005,1.0,134500.0,133900.0,5665600.0,42.3,2844.7158251292735,154192.13679999998,54187.4074638
IOWA,19,MONONA,133,19133,WEST CENTRAL,40,2006,1.0,141500.0,140700.0,6511900.0,46.3,3113.719685661593,177224.61445,56939.2698294
IOWA,19,MONONA,133,19133,WEST CENTRAL,40,2007,1.0,124000.0,123900.0,6010000.0,48.5,3261.6718089543683,163565.155,50140.5510438
IOWA,19,MONONA,133,19133,WEST CENTRAL,40,2008,1.0,142000.0,141300.0,6271000.0,44.5,2992.6679484220494,170668.4005,57182.0812146
IOWA,19,MONONA,133,19133,WEST CENTRAL,40,2009,1.0,130000.0,129700.0,6940000.0,53.5,3597.9266346197674,188875.57,52487.7277674
IOWA,19,MONONA,133,19133,WEST CENTRAL,40,2010,1.0,146000.0,145500.0,7087000.0,48.7,3275.1220019809844,192876.2485,58881.760911000005
IOWA,19,MONONA,133,19133,WEST CENTRAL,40,2011,1.0,127500.0,122300.0,5554000.0,45.4,3053.193817041821,151154.887,49493.0540166
IOWA,19,MONONA,133,19133,WEST CENTRAL,40,2012,1.0,133000.0,131300.0,4766000.0,36.3,2441.210034330795,129709.073,53135.2247946
IOWA,19,MONONA,133,19133,WEST CENTRAL,40,2013,1.0,124500.0,123900.0,6500000.0,52.5,3530.675669486687,176900.75,50140.5510438
IOWA,19,MONONA,133,19133,WEST CENTRAL,40,2014,1.0,147500.0,145600.0,6874000.0,47.2,3174.245554281365,187079.347,58922.2294752
IOWA,19,MONONA,133,19133,WEST CENTRAL,40,2015,1.0,141500.0,140900.0,7377000.0,52.4,3523.950572973379,200768.7435,57020.2069578
IOWA,19,MONONA,133,19133,WEST CENTRAL,40,2016,1.0,137500.0,137000.0,7684000.0,56.1,3772.7791439657744,209123.902,55441.932954
IOWA,19,MONONA,133,19133,WEST CENTRAL,40,2017,1.0,143000.0,142200.0,8126000.0,57.1,3840.030109098854,221153.153,57546.2982924
IOWA,19,MONONA,133,19133,WEST CENTRAL,40,2018,1.0,140000.0,138000.0,7635000.0,55.3,3718.9783718593103,207790.3425,55846.618596
IOWA,19,MONONA,133,19133,WEST CENTRAL,40,2019,1.0,128000.0,126600.0,7058000.0,55.8,3752.6038544258504,192086.999,51233.2022772
IOWA,19,MONONA,133,19133,WEST CENTRAL,40,2020,1.0,132000.0,130900.0,7330000.0,56.0,3766.0540474524664,199489.615,52973.350537800005
IOWA,19,MONONA,133,19133,WEST CENTRAL,40,2021,1.0,135500.0,134500.0,8312000.0,61.8,4156.109645224329,226215.236,54430.218849000004
IOWA,19,MONONA,133,19133,WEST CENTRAL,40,2022,1.0,141000.0,140000.0,6797000.0,48.6,3268.3969054676763,184983.7535,56655.98988
IOWA,19,MONONA,133,19133,WEST CENTRAL,40,2023,1.0,139000.0,138100.0,7029000.0,50.9,3423.07412527376,191297.7495,55887.087160200004
IOWA,19,MONONA,133,19133,WEST CENTRAL,40,2024,1.0,138000.0,133300.0,7358000.0,55.2,3712.2532753460027,200251.649,53944.5960786
IOWA,19,MONONA,133,19133,WEST CENTRAL,40,2025,1.0,123500.0,122500.0,7595000.0,62.0,4169.559838250945,206701.7225,49573.991145
IOWA,19,MONROE,135,19135,SOUTH CENTRAL,80,1980,1.0,26300.0,26300.0,890000.0,33.8,2273.0826214980957,24221.795,10643.2323846
IOWA,19,MONROE,135,19135,SOUTH CENTRAL,80,1981,1.0,22600.0,22600.0,819000.0,36.2,2434.4849378174877,22289.4945,9145.8955092
IOWA,19,MONROE,135,19135,SOUTH CENTRAL,80,1982,1.0,24200.0,23300.0,606000.0,26.0,1748.5250934600738,16492.593,9429.1754586
IOWA,19,MONROE,135,19135,SOUTH CENTRAL,80,1983,1.0,21900.0,21900.0,520000.0,23.7,1593.8478736539903,14152.06,8862.6155598
IOWA,19,MONROE,135,19135,SOUTH CENTRAL,80,1984,1.0,22900.0,22700.0,543000.0,23.9,1607.298066680606,14778.0165,9186.3640734
IOWA,19,MONROE,135,19135,SOUTH CENTRAL,80,1985,1.0,20900.0,20500.0,697000.0,34.0,2286.5328145247117,18969.2035,8296.055661
IOWA,19,MONROE,135,19135,SOUTH CENTRAL,80,1986,1.0,22800.0,22700.0,838000.0,36.9,2481.560613410643,22806.589,9186.3640734
IOWA,19,MONROE,135,19135,SOUTH CENTRAL,80,1987,1.0,20100.0,19900.0,787000.0,39.5,2656.4131227566504,21418.5985,8053.244275800001
IOWA,19,MONROE,135,19135,SOUTH CENTRAL,80,1988,1.0,19300.0,19200.0,446000.0,23.2,1560.2223910874504,12138.113,7769.964326400001
IOWA,19,MONROE,135,19135,SOUTH CENTRAL,80,1989,1.0,19500.0,19500.0,556000.0,28.5,1916.652506292773,15131.818,7891.370019
IOWA,19,MONROE,135,19135,SOUTH CENTRAL,80,1990,1.0,18200.0,18100.0,604000.0,33.4,2246.182235444864,16438.162,7324.8101202
IOWA,19,MONROE,135,19135,SOUTH CENTRAL,80,1991,1.0,18300.0,18200.0,692000.0,38.0,2555.536675057031,18833.126,7365.2786844
IOWA,19,MONROE,135,19135,SOUTH CENTRAL,80,1992,1.0,17000.0,16800.0,622000.0,37.0,2488.285709923951,16928.041,6798.7187856
IOWA,19,MONROE,135,19135,SOUTH CENTRAL,80,1993,1.0,20000.0,19600.0,556000.0,28.4,1909.927409779465,15131.818,7931.8385832
IOWA,19,MONROE,135,19135,SOUTH CENTRAL,80,1994,1.0,18000.0,18000.0,866000.0,48.1,3234.7714229011367,23568.623,7284.341556
IOWA,19,MONROE,135,19135,SOUTH CENTRAL,80,1995,1.0,28000.0,27900.0,851000.0,30.5,2051.1544365589325,23160.3905,11290.7294118
IOWA,19,MONROE,135,19135,SOUTH CENTRAL,80,1996,1.0,31000.0,30500.0,1128000.0,37.0,2488.285709923951,30699.084,12342.912081
IOWA,19,MONROE,135,19135,SOUTH CENTRAL,80,1997,1.0,28100.0,27800.0,1252000.0,45.0,3026.293430988589,34073.806,11250.2608476
IOWA,19,MONROE,135,19135,SOUTH CENTRAL,80,1998,1.0,29200.0,29000.0,1191000.0,41.1,2764.0146669695782,32413.6605,11735.883618
IOWA,19,MONROE,135,19135,SOUTH CENTRAL,80,1999,1.0,31000.0,30100.0,1060000.0,35.2,2367.233972684408,28848.43,12181.0378242
IOWA,19,MONROE,135,19135,SOUTH CENTRAL,80,2000,1.0,32500.0,32400.0,1246000.0,38.5,2589.1621576235707,33910.513,13111.8148008
IOWA,19,MONROE,135,19135,SOUTH CENTRAL,80,2001,1.0,22000.0,21500.0,859000.0,40.0,2690.0386053231905,23378.1145,8700.741303
IOWA,19,MONROE,135,19135,SOUTH CENTRAL,80,2002,1.0,27000.0,26900.0,1096000.0,40.7,2737.1142809163466,29828.188,10886.0437698
IOWA,19,MONROE,135,19135,SOUTH CENTRAL,80,2003,1.0,27000.0,26800.0,644000.0,24.0,1614.0231631939141,17526.782,10845.5752056
IOWA,19,MONROE,135,19135,SOUTH CENTRAL,80,2004,1.0,26000.0,25900.0,1250000.0,48.3,3248.2216159277523,34019.375,10481.3581278
IOWA,19,MONROE,135,19135,SOUTH CENTRAL,80,2005,1.0,28500.0,28300.0,1371700.0,48.5,3261.6718089543683,37331.50135,11452.6036686
IOWA,19,MONROE,135,19135,SOUTH CENTRAL,80,2006,1.0,27500.0,27400.0,1112700.0,40.6,2730.389184403038,30282.68685,11088.3865908
IOWA,19,MONROE,135,19135,SOUTH CENTRAL,80,2007,1.0,23100.0,23000.0,1134000.0,49.3,3315.472581060832,30862.377,9307.769766
IOWA,19,MONROE,135,19135,SOUTH CENTRAL,80,2008,1.0,31500.0,30900.0,1041000.0,33.5,2252.907331958172,28331.3355,12504.7863378
IOWA,19,MONROE,135,19135,SOUTH CENTRAL,80,2009,1.0,30500.0,30200.0,1412000.0,47.0,3160.7953612547485,38428.286,12221.506388400001
IOWA,19,MONROE,135,19135,SOUTH CENTRAL,80,2010,1.0,31700.0,30900.0,1384000.0,44.8,3012.843237961973,37666.252,12504.7863378
IOWA,19,MONROE,135,19135,SOUTH CENTRAL,80,2011,1.0,33800.0,33600.0,1425000.0,42.4,2851.4409216425815,38782.0875,13597.4375712
IOWA,19,MONROE,135,19135,SOUTH CENTRAL,80,2012,1.0,36000.0,35700.0,1173000.0,32.9,2212.556752878324,31923.7815,14447.277419400001
IOWA,19,MONROE,135,19135,SOUTH CENTRAL,80,2013,1.0,32900.0,32700.0,949000.0,29.0,1950.277988859313,25827.5095,13233.2204934
IOWA,19,MONROE,135,19135,SOUTH CENTRAL,80,2014,1.0,33600.0,33200.0,1624000.0,48.9,3288.5721950076,44197.972,13435.5633144
IOWA,19,MONROE,135,19135,SOUTH CENTRAL,80,2015,1.0,28200.0,27900.0,1420000.0,50.9,3423.07412527376,38646.01,11290.7294118
IOWA,19,MONROE,135,19135,SOUTH CENTRAL,80,2016,1.0,33200.0,33100.0,1895000.0,57.3,3853.48030212547,51573.3725,13395.0947502
IOWA,19,MONROE,135,19135,SOUTH CENTRAL,80,2017,1.0,29100.0,28900.0,1473000.0,51.0,3429.799221787068,40088.4315,11695.4150538
IOWA,19,MONROE,135,19135,SOUTH CENTRAL,80,2018,1.0,30900.0,30500.0,1538000.0,50.4,3389.4486427072197,41857.439,12342.912081
IOWA,19,MONROE,135,19135,SOUTH CENTRAL,80,2019,1.0,26200.0,25900.0,1454000.0,56.1,3772.7791439657744,39571.337,10481.3581278
IOWA,19,MONROE,135,19135,SOUTH CENTRAL,80,2020,1.0,32600.0,32300.0,1466000.0,45.4,3053.193817041821,39897.923,13071.3462366
IOWA,19,MONROE,135,19135,SOUTH CENTRAL,80,2021,1.0,27500.0,27300.0,1619000.0,59.3,3987.9822323916296,44061.8945,11047.9180266
IOWA,19,MONROE,135,19135,SOUTH CENTRAL,80,2022,1.0,32700.0,32400.0,1535000.0,47.4,3187.6957473079806,41775.7925,13111.8148008
IOWA,19,MONROE,135,19135,SOUTH CENTRAL,80,2023,1.0,26100.0,25900.0,1318000.0,50.9,3423.07412527376,35870.029,10481.3581278
IOWA,19,MONROE,135,19135,SOUTH CENTRAL,80,2024,1.0,30000.0,29200.0,1644000.0,56.3,3786.2293369923905,44742.282,11816.8207464
IOWA,19,MONROE,135,19135,SOUTH CENTRAL,80,2025,1.0,25400.0,25200.0,1487000.0,59.0,3967.806942851706,40469.4485,10198.078178400001
IOWA,19,MONTGOMERY,137,19137,SOUTHWEST,70,1980,1.0,69700.0,67400.0,2400000.0,35.6,2394.1343587376396,65317.2,27275.8122708
IOWA,19,MONTGOMERY,137,19137,SOUTHWEST,70,1981,1.0,69500.0,69500.0,2736000.0,39.4,2649.6880262433424,74461.608,28125.652119000002
IOWA,19,MONTGOMERY,137,19137,SOUTHWEST,70,1982,1.0,76200.0,76100.0,2426000.0,31.9,2145.3057877452443,66024.803,30796.5773562
IOWA,19,MONTGOMERY,137,19137,SOUTHWEST,70,1983,1.0,67600.0,65600.0,1859000.0,28.3,1903.2023132661573,50593.6145,26547.3781152
IOWA,19,MONTGOMERY,137,19137,SOUTHWEST,70,1984,1.0,70700.0,70300.0,1541000.0,21.9,1472.7961364144467,41939.0855,28449.4006326
IOWA,19,MONTGOMERY,137,19137,SOUTHWEST,70,1985,1.0,72100.0,71700.0,2630000.0,36.7,2468.1104203840273,71576.765,29015.9605314
IOWA,19,MONTGOMERY,137,19137,SOUTHWEST,70,1986,1.0,78600.0,78300.0,3277000.0,41.9,2817.815439076042,89185.1935,31686.8857686
IOWA,19,MONTGOMERY,137,19137,SOUTHWEST,70,1987,1.0,76200.0,75700.0,2874000.0,38.0,2555.536675057031,78217.347,30634.7030994
IOWA,19,MONTGOMERY,137,19137,SOUTHWEST,70,1988,1.0,72000.0,71500.0,2028000.0,28.4,1909.927409779465,55193.034,28935.023403
IOWA,19,MONTGOMERY,137,19137,SOUTHWEST,70,1989,1.0,74600.0,74400.0,2716000.0,36.5,2454.6602273574113,73917.298,30108.6117648
IOWA,19,MONTGOMERY,137,19137,SOUTHWEST,70,1990,1.0,71400.0,71000.0,2709000.0,38.2,2568.986868083647,73726.7895,28732.680582
IOWA,19,MONTGOMERY,137,19137,SOUTHWEST,70,1991,1.0,74700.0,74500.0,3121000.0,41.9,2817.815439076042,84939.5755,30149.080329
IOWA,19,MONTGOMERY,137,19137,SOUTHWEST,70,1992,1.0,74000.0,73800.0,3216000.0,43.6,2932.1420798022777,87525.048,29865.8003796
IOWA,19,MONTGOMERY,137,19137,SOUTHWEST,70,1993,1.0,75000.0,71300.0,2248000.0,31.5,2118.405401692012,61180.444,28854.086274600002
IOWA,19,MONTGOMERY,137,19137,SOUTHWEST,70,1994,1.0,75000.0,74800.0,3558000.0,47.6,3201.1459403345966,96832.749,30270.4860216
IOWA,19,MONTGOMERY,137,19137,SOUTHWEST,70,1995,1.0,86000.0,85500.0,2491000.0,29.1,1957.0030853726212,67793.8105,34600.622391000004
IOWA,19,MONTGOMERY,137,19137,SOUTHWEST,70,1996,1.0,91000.0,90800.0,3655000.0,40.3,2710.213894863114,99472.6525,36745.4562936
IOWA,19,MONTGOMERY,137,19137,SOUTHWEST,70,1997,1.0,84400.0,83600.0,3742000.0,44.8,3012.843237961973,101840.401,33831.7196712
IOWA,19,MONTGOMERY,137,19137,SOUTHWEST,70,1998,1.0,84200.0,83900.0,3686000.0,43.9,2952.3173693422013,100316.333,33953.1253638
IOWA,19,MONTGOMERY,137,19137,SOUTHWEST,70,1999,1.0,88000.0,87600.0,3522000.0,40.2,2703.4887983498065,95852.991,35450.4622392
IOWA,19,MONTGOMERY,137,19137,SOUTHWEST,70,2000,1.0,88000.0,87900.0,3708000.0,42.2,2837.990728615966,100915.074,35571.8679318
IOWA,19,MONTGOMERY,137,19137,SOUTHWEST,70,2001,1.0,90000.0,88800.0,3924000.0,44.2,2972.4926588821254,106793.622,35936.0850096
IOWA,19,MONTGOMERY,137,19137,SOUTHWEST,70,2002,1.0,87000.0,86800.0,3957000.0,45.6,3066.644010068437,107691.7335,35126.7137256
IOWA,19,MONTGOMERY,137,19137,SOUTHWEST,70,2003,1.0,94000.0,93600.0,2834000.0,30.3,2037.7042435323167,77128.727,37878.576091200004
IOWA,19,MONTGOMERY,137,19137,SOUTHWEST,70,2004,1.0,89000.0,88500.0,4560000.0,51.5,3463.4247043536075,124102.68,35814.679317
IOWA,19,MONTGOMERY,137,19137,SOUTHWEST,70,2005,1.0,90500.0,90000.0,4345200.0,48.3,3248.2216159277523,118256.7906,36421.707780000004
IOWA,19,MONTGOMERY,137,19137,SOUTHWEST,70,2006,1.0,89000.0,88700.0,4484300.0,50.6,3402.8988357338358,122042.46664999999,35895.6164454
IOWA,19,MONTGOMERY,137,19137,SOUTHWEST,70,2007,1.0,85500.0,85400.0,4428000.0,51.9,3490.3250904068395,120510.234,34560.1538268
IOWA,19,MONTGOMERY,137,19137,SOUTHWEST,70,2008,1.0,90000.0,89300.0,3403000.0,38.0,2555.536675057031,92614.3465,36138.4278306
IOWA,19,MONTGOMERY,137,19137,SOUTHWEST,70,2009,1.0,86500.0,86100.0,4822000.0,56.0,3766.0540474524664,131233.141,34843.4337762
IOWA,19,MONTGOMERY,137,19137,SOUTHWEST,70,2010,1.0,87500.0,86800.0,4315000.0,49.7,3342.372967114064,117434.8825,35126.7137256
IOWA,19,MONTGOMERY,137,19137,SOUTHWEST,70,2011,1.0,85800.0,84100.0,3859000.0,45.9,3086.819299608361,105024.6145,34034.0624922
IOWA,19,MONTGOMERY,137,19137,SOUTHWEST,70,2012,1.0,86500.0,85500.0,3640000.0,42.6,2864.891114669198,99064.42,34600.622391000004
IOWA,19,MONTGOMERY,137,19137,SOUTHWEST,70,2013,1.0,87600.0,87200.0,4003000.0,45.9,3086.819299608361,108943.6465,35288.5879824
IOWA,19,MONTGOMERY,137,19137,SOUTHWEST,70,2014,1.0,91400.0,90800.0,4537000.0,50.0,3362.548256653988,123476.7235,36745.4562936
IOWA,19,MONTGOMERY,137,19137,SOUTHWEST,70,2015,1.0,89600.0,89200.0,4547000.0,51.0,3429.799221787068,123748.8785,36097.9592664
IOWA,19,MONTGOMERY,137,19137,SOUTHWEST,70,2016,1.0,89100.0,88800.0,5135000.0,57.8,3887.10578469201,139751.5925,35936.0850096
IOWA,19,MONTGOMERY,137,19137,SOUTHWEST,70,2017,1.0,93500.0,93000.0,5231000.0,56.2,3779.5042404790825,142364.2805,37635.764706
IOWA,19,MONTGOMERY,137,19137,SOUTHWEST,70,2018,1.0,88700.0,87900.0,4549000.0,51.8,3483.5999938935315,123803.3095,35571.8679318
IOWA,19,MONTGOMERY,137,19137,SOUTHWEST,70,2019,1.0,87800.0,87300.0,5090000.0,58.3,3920.73126725855,138526.895,35329.056546600004
IOWA,19,MONTGOMERY,137,19137,SOUTHWEST,70,2020,1.0,88400.0,87700.0,4315000.0,49.2,3308.7474845475244,117434.8825,35490.9308034
IOWA,19,MONTGOMERY,137,19137,SOUTHWEST,70,2021,1.0,88000.0,87500.0,5513000.0,63.0,4236.810803384024,150039.0515,35409.993675
IOWA,19,MONTGOMERY,137,19137,SOUTHWEST,70,2022,1.0,88300.0,87700.0,4806000.0,54.8,3685.3528892927707,130797.693,35490.9308034
IOWA,19,MONTGOMERY,137,19137,SOUTHWEST,70,2023,1.0,86600.0,86000.0,4696000.0,54.6,3671.902696266155,127803.988,34802.965212
IOWA,19,MONTGOMERY,137,19137,SOUTHWEST,70,2024,1.0,88400.0,87800.0,5408000.0,61.6,4142.659452197713,147181.424,35531.3993676
IOWA,19,MONTGOMERY,137,19137,SOUTHWEST,70,2025,1.0,84600.0,84000.0,5267000.0,62.7,4216.635513844101,143344.0385,33993.593928
IOWA,19,MUSCATINE,139,19139,EAST CENTRAL,60,1980,1.0,50100.0,50000.0,2110000.0,42.2,2837.990728615966,57424.705,20234.2821
IOWA,19,MUSCATINE,139,19139,EAST CENTRAL,60,1981,1.0,50800.0,50800.0,2185000.0,43.0,2891.7915007224296,59465.8675,20558.0306136
IOWA,19,MUSCATINE,139,19139,EAST CENTRAL,60,1982,1.0,53300.0,52900.0,2018000.0,38.1,2562.261771570339,54920.879,21407.8704618
IOWA,19,MUSCATINE,139,19139,EAST CENTRAL,60,1983,1.0,53000.0,53000.0,1879000.0,35.5,2387.4092622243315,51137.9245,21448.339026
IOWA,19,MUSCATINE,139,19139,EAST CENTRAL,60,1984,1.0,54200.0,53200.0,1876000.0,35.3,2373.9590691977155,51056.278,21529.276154400002
IOWA,19,MUSCATINE,139,19139,EAST CENTRAL,60,1985,1.0,55200.0,54900.0,2120000.0,38.6,2595.8872541368787,57696.86,22217.2417458
IOWA,19,MUSCATINE,139,19139,EAST CENTRAL,60,1986,1.0,58400.0,57500.0,2331000.0,40.5,2723.66408788973,63439.3305,23269.424415
IOWA,19,MUSCATINE,139,19139,EAST CENTRAL,60,1987,1.0,51400.0,51000.0,1989000.0,39.0,2622.787640190111,54131.6295,20638.967742
IOWA,19,MUSCATINE,139,19139,EAST CENTRAL,60,1988,1.0,54000.0,53800.0,1504000.0,28.0,1883.0270237262332,40932.112,21772.0875396
IOWA,19,MUSCATINE,139,19139,EAST CENTRAL,60,1989,1.0,57500.0,57400.0,2296000.0,40.0,2690.0386053231905,62486.788,23228.9558508
IOWA,19,MUSCATINE,139,19139,EAST CENTRAL,60,1990,1.0,55700.0,53000.0,2336000.0,44.1,2965.7675623688174,63575.408,21448.339026
IOWA,19,MUSCATINE,139,19139,EAST CENTRAL,60,1991,1.0,58000.0,57900.0,2142000.0,37.0,2488.285709923951,58295.601,23431.2986718
IOWA,19,MUSCATINE,139,19139,EAST CENTRAL,60,1992,1.0,58000.0,57900.0,2426000.0,41.9,2817.815439076042,66024.803,23431.2986718
IOWA,19,MUSCATINE,139,19139,EAST CENTRAL,60,1993,1.0,56000.0,51700.0,1899000.0,36.7,2468.1104203840273,51682.2345,20922.2476914
IOWA,19,MUSCATINE,139,19139,EAST CENTRAL,60,1994,1.0,61000.0,60800.0,3144000.0,51.7,3476.874897380224,85565.532,24604.8870336
IOWA,19,MUSCATINE,139,19139,EAST CENTRAL,60,1995,1.0,66000.0,65600.0,2832000.0,43.2,2905.2416937490457,77074.296,26547.3781152
IOWA,19,MUSCATINE,139,19139,EAST CENTRAL,60,1996,1.0,66000.0,65700.0,2676000.0,40.7,2737.1142809163466,72828.678,26587.8466794
IOWA,19,MUSCATINE,139,19139,EAST CENTRAL,60,1997,1.0,73700.0,73100.0,3428000.0,46.9,3154.0702647414405,93294.734,29582.520430200002
IOWA,19,MUSCATINE,139,19139,EAST CENTRAL,60,1998,1.0,74300.0,74000.0,3661000.0,49.5,3328.922774087448,99635.9455,29946.737508000002
IOWA,19,MUSCATINE,139,19139,EAST CENTRAL,60,1999,1.0,77000.0,76900.0,3610000.0,46.9,3154.0702647414405,98247.955,31120.325869800003
IOWA,19,MUSCATINE,139,19139,EAST CENTRAL,60,2000,1.0,76000.0,75900.0,3184000.0,41.9,2817.815439076042,86654.152,30715.640227800002
IOWA,19,MUSCATINE,139,19139,EAST CENTRAL,60,2001,1.0,78000.0,77500.0,3548000.0,45.8,3080.0942030950528,96560.594,31363.137255
IOWA,19,MUSCATINE,139,19139,EAST CENTRAL,60,2002,1.0,73000.0,72800.0,3586000.0,49.3,3315.472581060832,97594.783,29461.1147376
IOWA,19,MUSCATINE,139,19139,EAST CENTRAL,60,2003,1.0,75000.0,74700.0,2630000.0,35.2,2367.233972684408,71576.765,30230.0174574
IOWA,19,MUSCATINE,139,19139,EAST CENTRAL,60,2004,1.0,71500.0,71100.0,3693000.0,51.9,3490.3250904068395,100506.8415,28773.1491462
IOWA,19,MUSCATINE,139,19139,EAST CENTRAL,60,2005,1.0,70500.0,70400.0,3190400.0,45.3,3046.468720528513,86828.3312,28489.869196800002
IOWA,19,MUSCATINE,139,19139,EAST CENTRAL,60,2006,1.0,71000.0,70600.0,3458000.0,49.0,3295.2972915209084,94111.199,28570.8063252
IOWA,19,MUSCATINE,139,19139,EAST CENTRAL,60,2007,1.0,55500.0,55400.0,2770000.0,50.0,3362.548256653988,75386.935,22419.5845668
IOWA,19,MUSCATINE,139,19139,EAST CENTRAL,60,2008,1.0,62200.0,61700.0,2749000.0,44.5,2992.6679484220494,74815.4095,24969.1041114
IOWA,19,MUSCATINE,139,19139,EAST CENTRAL,60,2009,1.0,65000.0,64700.0,3347000.0,51.5,3463.4247043536075,91090.2785,26183.1610374
IOWA,19,MUSCATINE,139,19139,EAST CENTRAL,60,2010,1.0,67300.0,66800.0,3267000.0,48.9,3288.5721950076,88913.0385,27033.000885600002
IOWA,19,MUSCATINE,139,19139,EAST CENTRAL,60,2011,1.0,67500.0,67100.0,3802000.0,56.7,3813.1297230456225,103473.331,27154.4065782
IOWA,19,MUSCATINE,139,19139,EAST CENTRAL,60,2012,1.0,68000.0,67800.0,3532000.0,52.1,3503.7752834334556,96125.146,27437.686527600003
IOWA,19,MUSCATINE,139,19139,EAST CENTRAL,60,2013,1.0,69900.0,69600.0,3276000.0,47.1,3167.520457768057,89157.978,28166.120683200003
IOWA,19,MUSCATINE,139,19139,EAST CENTRAL,60,2014,1.0,70000.0,69200.0,3927000.0,56.7,3813.1297230456225,106875.2685,28004.2464264
IOWA,19,MUSCATINE,139,19139,EAST CENTRAL,60,2015,1.0,71500.0,71200.0,4002000.0,56.2,3779.5042404790825,108916.431,28813.6177104
IOWA,19,MUSCATINE,139,19139,EAST CENTRAL,60,2016,1.0,71600.0,69400.0,4220000.0,60.8,4088.858680091249,114849.41,28085.1835548
IOWA,19,MUSCATINE,139,19139,EAST CENTRAL,60,2017,1.0,74700.0,74300.0,4483000.0,60.3,4055.2331975247093,122007.0865,30068.1432006
IOWA,19,MUSCATINE,139,19139,EAST CENTRAL,60,2018,1.0,72600.0,72100.0,4448000.0,61.7,4149.384548711021,121054.544,29177.8347882
IOWA,19,MUSCATINE,139,19139,EAST CENTRAL,60,2019,1.0,68800.0,68300.0,3771000.0,55.2,3712.2532753460027,102629.6505,27640.0293486
IOWA,19,MUSCATINE,139,19139,EAST CENTRAL,60,2020,1.0,72300.0,71700.0,3987000.0,55.6,3739.153661399235,108508.1985,29015.9605314
IOWA,19,MUSCATINE,139,19139,EAST CENTRAL,60,2021,1.0,76500.0,76000.0,4758000.0,62.6,4209.910417330793,129491.349,30756.108792000003
IOWA,19,MUSCATINE,139,19139,EAST CENTRAL,60,2022,1.0,76200.0,75700.0,4958000.0,65.5,4404.938216216724,134934.449,30634.7030994
IOWA,19,MUSCATINE,139,19139,EAST CENTRAL,60,2023,1.0,76200.0,75700.0,4724000.0,62.4,4196.460224304177,128566.022,30634.7030994
IOWA,19,MUSCATINE,139,19139,EAST CENTRAL,60,2024,1.0,77300.0,76800.0,4808000.0,62.6,4209.910417330793,130852.124,31079.857305600002
IOWA,19,MUSCATINE,139,19139,EAST CENTRAL,60,2025,1.0,74200.0,73700.0,4960000.0,67.3,4525.989953456267,134988.88,29825.3318154
IOWA,19,O BRIEN,141,19141,NORTHWEST,10,1980,1.0,136600.0,136500.0,5400000.0,39.6,2663.1382192699584,146963.7,55239.590133000005
IOWA,19,O BRIEN,141,19141,NORTHWEST,10,1981,1.0,128000.0,126400.0,5139000.0,40.7,2737.1142809163466,139860.4545,51152.265148800005
IOWA,19,O BRIEN,141,19141,NORTHWEST,10,1982,1.0,137000.0,135200.0,4682000.0,34.6,2326.88339360456,127422.971,54713.4987984
IOWA,19,O BRIEN,141,19141,NORTHWEST,10,1983,1.0,131000.0,130300.0,4789000.0,36.8,2474.835516897335,130335.0295,52730.5391526
IOWA,19,O BRIEN,141,19141,NORTHWEST,10,1984,1.0,140000.0,138300.0,4986000.0,36.1,2427.759841304179,135696.483,55968.024288600005
IOWA,19,O BRIEN,141,19141,NORTHWEST,10,1985,1.0,133000.0,132500.0,4894000.0,36.9,2481.560613410643,133192.657,53620.847565000004
IOWA,19,O BRIEN,141,19141,NORTHWEST,10,1986,1.0,136000.0,135900.0,5649000.0,41.6,2797.6401495361183,153740.3595,54996.7787478
IOWA,19,O BRIEN,141,19141,NORTHWEST,10,1987,1.0,127000.0,126500.0,5597000.0,44.2,2972.4926588821254,152325.1535,51192.733713
IOWA,19,O BRIEN,141,19141,NORTHWEST,10,1988,1.0,134000.0,133500.0,5754000.0,43.1,2898.5165972357377,156597.987,54025.533207
IOWA,19,O BRIEN,141,19141,NORTHWEST,10,1989,1.0,137000.0,136600.0,6069000.0,44.4,2985.9428519087414,165170.8695,55280.0586972
IOWA,19,O BRIEN,141,19141,NORTHWEST,10,1990,1.0,136000.0,135300.0,5737000.0,42.4,2851.4409216425815,156135.3235,54753.9673626
IOWA,19,O BRIEN,141,19141,NORTHWEST,10,1991,1.0,141000.0,140300.0,6546000.0,46.7,3140.620071714825,178152.663,56777.3955726
IOWA,19,O BRIEN,141,19141,NORTHWEST,10,1992,1.0,143000.0,140700.0,6227000.0,44.3,2979.217755395433,169470.9185,56939.2698294
IOWA,19,O BRIEN,141,19141,NORTHWEST,10,1993,1.0,141000.0,138800.0,3223000.0,23.2,1560.2223910874504,87715.5565,56170.3671096
IOWA,19,O BRIEN,141,19141,NORTHWEST,10,1994,1.0,147000.0,146700.0,6957000.0,47.4,3187.6957473079806,189338.2335,59367.3836814
IOWA,19,O BRIEN,141,19141,NORTHWEST,10,1995,1.0,147000.0,146600.0,6908000.0,47.1,3167.520457768057,188004.674,59326.9151172
IOWA,19,O BRIEN,141,19141,NORTHWEST,10,1996,1.0,145000.0,144700.0,6992000.0,48.3,3248.2216159277523,190290.776,58558.0123974
IOWA,19,O BRIEN,141,19141,NORTHWEST,10,1997,1.0,158800.0,157200.0,7563000.0,48.1,3234.7714229011367,205830.8265,63616.582922400004
IOWA,19,O BRIEN,141,19141,NORTHWEST,10,1998,1.0,153500.0,153100.0,7765000.0,50.7,3409.623932247144,211328.3575,61957.3717902
IOWA,19,O BRIEN,141,19141,NORTHWEST,10,1999,1.0,156000.0,155900.0,8151000.0,52.3,3517.225476460071,221833.5405,63090.4915878
IOWA,19,O BRIEN,141,19141,NORTHWEST,10,2000,1.0,153000.0,152600.0,7578000.0,49.7,3342.372967114064,206239.059,61755.0289692
IOWA,19,O BRIEN,141,19141,NORTHWEST,10,2001,1.0,162000.0,161100.0,7971000.0,49.5,3328.922774087448,216934.7505,65194.8569262
IOWA,19,O BRIEN,141,19141,NORTHWEST,10,2002,1.0,153000.0,152400.0,7380000.0,48.4,3254.9467124410603,200850.39,61674.0918408
IOWA,19,O BRIEN,141,19141,NORTHWEST,10,2003,1.0,159000.0,158400.0,6437000.0,40.6,2730.389184403038,175186.1735,64102.2056928
IOWA,19,O BRIEN,141,19141,NORTHWEST,10,2004,1.0,149000.0,148000.0,7193000.0,48.6,3268.3969054676763,195761.0915,59893.475016000004
IOWA,19,O BRIEN,141,19141,NORTHWEST,10,2005,1.0,148500.0,147900.0,8427200.0,57.0,3833.305012585546,229350.46159999998,59853.0064518
IOWA,19,O BRIEN,141,19141,NORTHWEST,10,2006,1.0,146500.0,146200.0,8389000.0,57.4,3860.205398638778,228310.8295,59165.040860400004
IOWA,19,O BRIEN,141,19141,NORTHWEST,10,2007,1.0,138500.0,138400.0,7580000.0,54.8,3685.3528892927707,206293.49,56008.4928528
IOWA,19,O BRIEN,141,19141,NORTHWEST,10,2008,1.0,145500.0,145000.0,7754000.0,53.5,3597.9266346197674,211028.987,58679.41809
IOWA,19,O BRIEN,141,19141,NORTHWEST,10,2009,1.0,146500.0,146100.0,7714000.0,53.0,3564.3011520532273,209940.367,59124.5722962
IOWA,19,O BRIEN,141,19141,NORTHWEST,10,2010,1.0,148500.0,148000.0,7834000.0,52.9,3557.5760555399193,213206.227,59893.475016000004
IOWA,19,O BRIEN,141,19141,NORTHWEST,10,2011,1.0,139500.0,138600.0,7677000.0,55.4,3725.7034683726188,208933.3935,56089.4299812
IOWA,19,O BRIEN,141,19141,NORTHWEST,10,2012,1.0,138500.0,138100.0,6969000.0,50.5,3396.1737392205278,189664.8195,55887.087160200004
IOWA,19,O BRIEN,141,19141,NORTHWEST,10,2013,1.0,132000.0,131600.0,7544000.0,57.3,3853.48030212547,205313.732,53256.630487200004
IOWA,19,O BRIEN,141,19141,NORTHWEST,10,2014,1.0,138000.0,137300.0,7651000.0,55.7,3745.878757912543,208225.7905,55563.3386466
IOWA,19,O BRIEN,141,19141,NORTHWEST,10,2015,1.0,138000.0,137200.0,8592000.0,62.6,4209.910417330793,233835.576,55522.870082400004
IOWA,19,O BRIEN,141,19141,NORTHWEST,10,2016,1.0,140000.0,139500.0,8915000.0,63.9,4297.336672003797,242626.1825,56453.647059
IOWA,19,O BRIEN,141,19141,NORTHWEST,10,2017,1.0,140500.0,139700.0,8697000.0,62.3,4189.735127790869,236693.2035,56534.5841874
IOWA,19,O BRIEN,141,19141,NORTHWEST,10,2018,1.0,145000.0,143300.0,8584000.0,59.9,4028.3328114714777,233617.852,57991.4524986
IOWA,19,O BRIEN,141,19141,NORTHWEST,10,2019,1.0,132000.0,131100.0,7344000.0,56.0,3766.0540474524664,199870.632,53054.2876662
IOWA,19,O BRIEN,141,19141,NORTHWEST,10,2020,1.0,134500.0,133400.0,8271000.0,62.0,4169.559838250945,225099.4005,53985.064642800004
IOWA,19,O BRIEN,141,19141,NORTHWEST,10,2021,1.0,138500.0,137500.0,9130000.0,66.4,4465.464084836496,248477.515,55644.275775
IOWA,19,O BRIEN,141,19141,NORTHWEST,10,2022,1.0,142500.0,141500.0,8405000.0,59.4,3994.7073289049376,228746.2775,57263.018343
IOWA,19,O BRIEN,141,19141,NORTHWEST,10,2023,1.0,140000.0,139100.0,9097000.0,65.4,4398.213119703417,247579.4035,56291.7728022
IOWA,19,O BRIEN,141,19141,NORTHWEST,10,2024,1.0,142000.0,141100.0,7958000.0,56.4,3792.9544335056985,216580.949,57101.1440862
IOWA,19,O BRIEN,141,19141,NORTHWEST,10,2025,1.0,132500.0,131500.0,8377000.0,63.7,4283.886478977181,227984.2435,53216.161923
IOWA,19,OSCEOLA,143,19143,NORTHWEST,10,1980,1.0,102600.0,102500.0,4040000.0,39.4,2649.6880262433424,109950.62,41480.278305
IOWA,19,OSCEOLA,143,19143,NORTHWEST,10,1981,1.0,98200.0,97900.0,3462000.0,35.4,2380.6841657110235,94220.061,39618.7243518
IOWA,19,OSCEOLA,143,19143,NORTHWEST,10,1982,1.0,99000.0,98500.0,3609000.0,36.6,2461.3853238707193,98220.7395,39861.535737
IOWA,19,OSCEOLA,143,19143,NORTHWEST,10,1983,1.0,94100.0,94000.0,3332000.0,35.4,2380.6841657110235,90682.046,38040.450348
IOWA,19,OSCEOLA,143,19143,NORTHWEST,10,1984,1.0,102000.0,101200.0,3630000.0,35.9,2414.309648277563,98792.265,40954.1869704
IOWA,19,OSCEOLA,143,19143,NORTHWEST,10,1985,1.0,92900.0,92500.0,3081000.0,33.3,2239.4571389315556,83850.9555,37433.421885
IOWA,19,OSCEOLA,143,19143,NORTHWEST,10,1986,1.0,94600.0,93800.0,3526000.0,37.6,2528.636289003799,95961.853,37959.5132196
IOWA,19,OSCEOLA,143,19143,NORTHWEST,10,1987,1.0,94600.0,94200.0,4109000.0,43.6,2932.1420798022777,111828.4895,38121.3874764
IOWA,19,OSCEOLA,143,19143,NORTHWEST,10,1988,1.0,101000.0,100600.0,3774000.0,37.5,2521.911192490491,102711.297,40711.3755852
IOWA,19,OSCEOLA,143,19143,NORTHWEST,10,1989,1.0,106000.0,105900.0,4236000.0,40.0,2690.0386053231905,115284.858,42856.2094878
IOWA,19,OSCEOLA,143,19143,NORTHWEST,10,1990,1.0,99700.0,99200.0,4084000.0,41.2,2770.7397634828862,111148.102,40144.815686400005
IOWA,19,OSCEOLA,143,19143,NORTHWEST,10,1991,1.0,104000.0,103000.0,4608000.0,44.7,3006.1181414486655,125409.024,41682.621126
IOWA,19,OSCEOLA,143,19143,NORTHWEST,10,1992,1.0,102000.0,101800.0,4104000.0,40.3,2710.213894863114,111692.412,41196.9983556
IOWA,19,OSCEOLA,143,19143,NORTHWEST,10,1993,1.0,102000.0,97600.0,1838000.0,18.8,1264.3181445018995,50022.089,39497.3186592
IOWA,19,OSCEOLA,143,19143,NORTHWEST,10,1994,1.0,109000.0,108600.0,4965000.0,45.7,3073.369106581745,135124.9575,43948.8607212
IOWA,19,OSCEOLA,143,19143,NORTHWEST,10,1995,1.0,109000.0,108700.0,4866000.0,44.8,3012.843237961973,132430.623,43989.3292854
IOWA,19,OSCEOLA,143,19143,NORTHWEST,10,1996,1.0,111000.0,110800.0,4880000.0,44.0,2959.0424658555094,132811.64,44839.1691336
IOWA,19,OSCEOLA,143,19143,NORTHWEST,10,1997,1.0,111900.0,111000.0,4781000.0,43.1,2898.5165972357377,130117.3055,44920.106262
IOWA,19,OSCEOLA,143,19143,NORTHWEST,10,1998,1.0,108000.0,107700.0,5335000.0,49.5,3328.922774087448,145194.6925,43584.6436434
IOWA,19,OSCEOLA,143,19143,NORTHWEST,10,1999,1.0,113000.0,112900.0,5575000.0,49.4,3322.19767757414,151726.4125,45689.0089818
IOWA,19,OSCEOLA,143,19143,NORTHWEST,10,2000,1.0,111000.0,110800.0,5119000.0,46.2,3106.9945891482853,139316.1445,44839.1691336
IOWA,19,OSCEOLA,143,19143,NORTHWEST,10,2001,1.0,123000.0,122000.0,5178000.0,42.4,2851.4409216425815,140921.859,49371.648324
IOWA,19,OSCEOLA,143,19143,NORTHWEST,10,2002,1.0,110000.0,109300.0,5622000.0,51.4,3456.6996078402994,153005.541,44232.1406706
IOWA,19,OSCEOLA,143,19143,NORTHWEST,10,2003,1.0,113000.0,112500.0,3848000.0,34.2,2299.983007551328,104725.244,45527.134725
IOWA,19,OSCEOLA,143,19143,NORTHWEST,10,2004,1.0,108000.0,107700.0,5310000.0,49.3,3315.472581060832,144514.305,43584.6436434
IOWA,19,OSCEOLA,143,19143,NORTHWEST,10,2005,1.0,109500.0,109000.0,5801400.0,53.2,3577.7513450798433,157888.0017,44110.734978
IOWA,19,OSCEOLA,143,19143,NORTHWEST,10,2006,1.0,107500.0,107300.0,5523800.0,51.5,3463.4247043536075,150332.97890000002,43422.769386600005
IOWA,19,OSCEOLA,143,19143,NORTHWEST,10,2007,1.0,96500.0,96400.0,5275000.0,54.7,3678.627792779463,143561.7625,39011.6958888
IOWA,19,OSCEOLA,143,19143,NORTHWEST,10,2008,1.0,106000.0,105600.0,5063000.0,48.0,3228.0463263878282,137792.0765,42734.8037952
IOWA,19,OSCEOLA,143,19143,NORTHWEST,10,2009,1.0,103500.0,103100.0,5197000.0,50.5,3396.1737392205278,141438.9535,41723.0896902
IOWA,19,OSCEOLA,143,19143,NORTHWEST,10,2010,1.0,104500.0,103500.0,5458000.0,52.7,3544.1258625133037,148542.199,41884.963947000004
IOWA,19,OSCEOLA,143,19143,NORTHWEST,10,2011,1.0,96600.0,96100.0,4959000.0,51.6,3470.1498008669155,134961.6645,38890.2901962
IOWA,19,OSCEOLA,143,19143,NORTHWEST,10,2012,1.0,95700.0,95400.0,4804000.0,50.4,3389.4486427072197,130743.262,38607.010246800004
IOWA,19,OSCEOLA,143,19143,NORTHWEST,10,2013,1.0,98000.0,97600.0,4780000.0,49.0,3295.2972915209084,130090.09,39497.3186592
IOWA,19,OSCEOLA,143,19143,NORTHWEST,10,2014,1.0,99500.0,99000.0,5170000.0,52.2,3510.5003799467636,140704.135,40063.878558000004
IOWA,19,OSCEOLA,143,19143,NORTHWEST,10,2015,1.0,103500.0,103000.0,6163000.0,59.8,4021.6077149581693,167729.1265,41682.621126
IOWA,19,OSCEOLA,143,19143,NORTHWEST,10,2016,1.0,101500.0,101100.0,5675000.0,56.1,3772.7791439657744,154447.9625,40913.7184062
IOWA,19,OSCEOLA,143,19143,NORTHWEST,10,2017,1.0,101500.0,100700.0,6015000.0,59.7,4014.8826184448617,163701.2325,40751.8441494
IOWA,19,OSCEOLA,143,19143,NORTHWEST,10,2018,1.0,104500.0,102900.0,5884000.0,57.2,3846.7552056121626,160136.002,41642.1525618
IOWA,19,OSCEOLA,143,19143,NORTHWEST,10,2019,1.0,91000.0,90200.0,4551000.0,50.5,3396.1737392205278,123857.7405,36502.6449084
IOWA,19,OSCEOLA,143,19143,NORTHWEST,10,2021,1.0,99200.0,98600.0,6202000.0,62.9,4230.085706870716,168790.531,39902.0043012
IOWA,19,OSCEOLA,143,19143,NORTHWEST,10,2022,1.0,100000.0,99300.0,5591000.0,56.3,3786.2293369923905,152161.8605,40185.2842506
IOWA,19,OSCEOLA,143,19143,NORTHWEST,10,2023,1.0,100500.0,99900.0,6184000.0,61.9,4162.834741737637,168300.652,40428.095635800004
IOWA,19,OSCEOLA,143,19143,NORTHWEST,10,2025,1.0,97500.0,96700.0,6247000.0,64.6,4344.412347596952,170015.2285,39133.1015814
IOWA,19,PAGE,145,19145,SOUTHWEST,70,1980,1.0,85700.0,83400.0,2600000.0,31.2,2098.2301121520886,70760.3,33750.7825428
IOWA,19,PAGE,145,19145,SOUTHWEST,70,1981,1.0,85500.0,85500.0,3418000.0,40.0,2690.0386053231905,93022.579,34600.622391000004
IOWA,19,PAGE,145,19145,SOUTHWEST,70,1982,1.0,94200.0,93600.0,2835000.0,30.3,2037.7042435323167,77155.9425,37878.576091200004
IOWA,19,PAGE,145,19145,SOUTHWEST,70,1983,1.0,86000.0,85900.0,2722000.0,31.7,2131.8555947186283,74080.591,34762.4966478
IOWA,19,PAGE,145,19145,SOUTHWEST,70,1984,1.0,92000.0,90600.0,1859000.0,20.5,1378.644785228135,50593.6145,36664.5191652
IOWA,19,PAGE,145,19145,SOUTHWEST,70,1985,1.0,83800.0,83500.0,3257000.0,39.0,2622.787640190111,88640.8835,33791.251107000004
IOWA,19,PAGE,145,19145,SOUTHWEST,70,1986,1.0,88000.0,87500.0,3771000.0,43.1,2898.5165972357377,102629.6505,35409.993675
IOWA,19,PAGE,145,19145,SOUTHWEST,70,1987,1.0,90700.0,90200.0,3353000.0,37.2,2501.7359029505674,91253.5715,36502.6449084
IOWA,19,PAGE,145,19145,SOUTHWEST,70,1988,1.0,90700.0,90100.0,2028000.0,22.5,1513.1467154942945,55193.034,36462.1763442
IOWA,19,PAGE,145,19145,SOUTHWEST,70,1989,1.0,92500.0,91500.0,3001000.0,32.8,2205.831656365016,81673.7155,37028.736243
IOWA,19,PAGE,145,19145,SOUTHWEST,70,1990,1.0,90600.0,89600.0,3310000.0,36.9,2481.560613410643,90083.305,36259.8335232
IOWA,19,PAGE,145,19145,SOUTHWEST,70,1991,1.0,92700.0,92200.0,3624000.0,39.3,2642.9629297300344,98628.972,37312.0161924
IOWA,19,PAGE,145,19145,SOUTHWEST,70,1992,1.0,87000.0,86800.0,3756000.0,43.3,2911.9667902623532,102221.418,35126.7137256
IOWA,19,PAGE,145,19145,SOUTHWEST,70,1993,1.0,86000.0,85000.0,2661000.0,31.3,2104.9552086653966,72420.4455,34398.27957
IOWA,19,PAGE,145,19145,SOUTHWEST,70,1994,1.0,87000.0,86800.0,3798000.0,43.8,2945.5922728288933,103364.469,35126.7137256
IOWA,19,PAGE,145,19145,SOUTHWEST,70,1995,1.0,99000.0,98500.0,2840000.0,28.8,1936.8277958326971,77292.02,39861.535737
IOWA,19,PAGE,145,19145,SOUTHWEST,70,1996,1.0,95000.0,94800.0,4031000.0,42.5,2858.1660181558896,109705.6805,38364.1988616
IOWA,19,PAGE,145,19145,SOUTHWEST,70,1997,1.0,102400.0,101100.0,4582000.0,45.3,3046.468720528513,124701.421,40913.7184062
IOWA,19,PAGE,145,19145,SOUTHWEST,70,1998,1.0,98000.0,97600.0,3828000.0,39.2,2636.237833216727,104180.934,39497.3186592
IOWA,19,PAGE,145,19145,SOUTHWEST,70,1999,1.0,102000.0,101800.0,4206000.0,41.3,2777.464859996194,114468.393,41196.9983556
IOWA,19,PAGE,145,19145,SOUTHWEST,70,2000,1.0,99000.0,98800.0,4257000.0,43.1,2898.5165972357377,115856.3835,39982.9414296
IOWA,19,PAGE,145,19145,SOUTHWEST,70,2001,1.0,103000.0,101600.0,4632000.0,45.6,3066.644010068437,126062.196,41116.0612272
IOWA,19,PAGE,145,19145,SOUTHWEST,70,2002,1.0,100000.0,99000.0,3648000.0,36.8,2474.835516897335,99282.144,40063.878558000004
IOWA,19,PAGE,145,19145,SOUTHWEST,70,2003,1.0,105000.0,104600.0,3144000.0,30.1,2024.254050505701,85565.532,42330.118153200005
IOWA,19,PAGE,145,19145,SOUTHWEST,70,2004,1.0,102000.0,101500.0,5105000.0,50.3,3382.7235461939117,138935.1275,41075.592663
IOWA,19,PAGE,145,19145,SOUTHWEST,70,2005,1.0,104500.0,103900.0,5276400.0,50.8,3416.349028760452,143599.86419999998,42046.8382038
IOWA,19,PAGE,145,19145,SOUTHWEST,70,2006,1.0,103500.0,103200.0,4907200.0,47.6,3201.1459403345966,133551.90159999998,41763.5582544
IOWA,19,PAGE,145,19145,SOUTHWEST,70,2007,1.0,101000.0,100700.0,5256000.0,52.2,3510.5003799467636,143044.668,40751.8441494
IOWA,19,PAGE,145,19145,SOUTHWEST,70,2008,1.0,107500.0,106600.0,4008000.0,37.5,2521.911192490491,109079.724,43139.4894372
IOWA,19,PAGE,145,19145,SOUTHWEST,70,2009,1.0,105000.0,104400.0,5533000.0,53.0,3564.3011520532273,150583.3615,42249.181024800004
IOWA,19,PAGE,145,19145,SOUTHWEST,70,2010,1.0,108000.0,107200.0,5127000.0,47.8,3214.596133361212,139533.8685,43382.3008224
IOWA,19,PAGE,145,19145,SOUTHWEST,70,2011,1.0,109500.0,101200.0,3830000.0,37.8,2542.0864820304146,104235.365,40954.1869704
IOWA,19,PAGE,145,19145,SOUTHWEST,70,2012,1.0,113000.0,112600.0,5157000.0,45.8,3080.0942030950528,140350.3335,45567.6032892
IOWA,19,PAGE,145,19145,SOUTHWEST,70,2013,1.0,111000.0,110500.0,4901000.0,44.4,2985.9428519087414,133383.1655,44717.763441
IOWA,19,PAGE,145,19145,SOUTHWEST,70,2014,1.0,115500.0,114800.0,6280000.0,54.7,3678.627792779463,170913.34,46457.9117016
IOWA,19,PAGE,145,19145,SOUTHWEST,70,2015,1.0,108500.0,108000.0,5381000.0,49.8,3349.0980636273716,146446.6055,43706.049336000004
IOWA,19,PAGE,145,19145,SOUTHWEST,70,2016,1.0,108500.0,108200.0,6223000.0,57.5,3866.930495152086,169362.0565,43786.986464400004
IOWA,19,PAGE,145,19145,SOUTHWEST,70,2017,1.0,115000.0,114200.0,6324000.0,55.4,3725.7034683726188,172110.822,46215.1003164
IOWA,19,PAGE,145,19145,SOUTHWEST,70,2018,1.0,108500.0,107700.0,5439000.0,50.5,3396.1737392205278,148025.1045,43584.6436434
IOWA,19,PAGE,145,19145,SOUTHWEST,70,2019,1.0,110500.0,109700.0,6136000.0,55.9,3759.3289509391584,166994.308,44394.0149274
IOWA,19,PAGE,145,19145,SOUTHWEST,70,2020,1.0,107000.0,106200.0,5565000.0,52.4,3523.950572973379,151454.2575,42977.615180400004
IOWA,19,PAGE,145,19145,SOUTHWEST,70,2021,1.0,117500.0,116800.0,7312000.0,62.6,4209.910417330793,198999.736,47267.2829856
IOWA,19,PAGE,145,19145,SOUTHWEST,70,2022,1.0,109500.0,108800.0,5875000.0,54.0,3631.552117186307,159891.0625,44029.7978496
IOWA,19,PAGE,145,19145,SOUTHWEST,70,2023,1.0,114500.0,113800.0,6509000.0,57.2,3846.7552056121626,177145.6895,46053.2260596
IOWA,19,PAGE,145,19145,SOUTHWEST,70,2024,1.0,110500.0,109800.0,6577000.0,59.9,4028.3328114714777,178996.3435,44434.4834916
IOWA,19,PALO ALTO,147,19147,NORTHWEST,10,1980,1.0,146100.0,146000.0,5600000.0,38.4,2582.4370611102627,152406.8,59084.103732
IOWA,19,PALO ALTO,147,19147,NORTHWEST,10,1981,1.0,136000.0,135100.0,5138000.0,38.0,2555.536675057031,139833.239,54673.0302342
IOWA,19,PALO ALTO,147,19147,NORTHWEST,10,1982,1.0,137000.0,135800.0,5102000.0,37.6,2528.636289003799,138853.481,54956.3101836
IOWA,19,PALO ALTO,147,19147,NORTHWEST,10,1983,1.0,131000.0,129300.0,4396000.0,34.0,2286.5328145247117,119639.338,52325.8535106
IOWA,19,PALO ALTO,147,19147,NORTHWEST,10,1984,1.0,143000.0,138500.0,4174000.0,30.1,2024.254050505701,113597.497,56048.961417
IOWA,19,PALO ALTO,147,19147,NORTHWEST,10,1985,1.0,131000.0,130500.0,4709000.0,36.1,2427.759841304179,128157.7895,52811.476281
IOWA,19,PALO ALTO,147,19147,NORTHWEST,10,1986,1.0,134000.0,133600.0,5609000.0,42.0,2824.54053558935,152651.7395,54066.001771200004
IOWA,19,PALO ALTO,147,19147,NORTHWEST,10,1987,1.0,132000.0,131500.0,5810000.0,44.2,2972.4926588821254,158122.055,53216.161923
IOWA,19,PALO ALTO,147,19147,NORTHWEST,10,1988,1.0,133000.0,132500.0,4761000.0,35.9,2414.309648277563,129572.9955,53620.847565000004
IOWA,19,PALO ALTO,147,19147,NORTHWEST,10,1989,1.0,135000.0,134800.0,5392000.0,40.0,2690.0386053231905,146745.976,54551.6245416
IOWA,19,PALO ALTO,147,19147,NORTHWEST,10,1990,1.0,127000.0,126200.0,5699000.0,45.2,3039.743624015205,155101.1345,51071.328020400004
IOWA,19,PALO ALTO,147,19147,NORTHWEST,10,1991,1.0,158000.0,156200.0,4997000.0,32.0,2152.0308842585523,135995.8535,63211.8972804
IOWA,19,PALO ALTO,147,19147,NORTHWEST,10,1992,1.0,124000.0,123700.0,5524000.0,44.7,3006.1181414486655,150338.422,50059.613915400005
IOWA,19,PALO ALTO,147,19147,NORTHWEST,10,1993,1.0,123000.0,116700.0,2201000.0,18.9,1271.0432410152073,59901.3155,47226.8144214
IOWA,19,PALO ALTO,147,19147,NORTHWEST,10,1994,1.0,131000.0,129600.0,5824000.0,44.9,3019.568334475281,158503.072,52447.2592032
IOWA,19,PALO ALTO,147,19147,NORTHWEST,10,1995,1.0,131000.0,130400.0,5810000.0,44.6,2999.3930449353575,158122.055,52771.0077168
IOWA,19,PALO ALTO,147,19147,NORTHWEST,10,1996,1.0,144000.0,143700.0,6219000.0,43.3,2911.9667902623532,169253.1945,58153.326755400005
IOWA,19,PALO ALTO,147,19147,NORTHWEST,10,1997,1.0,145900.0,144400.0,6473000.0,44.8,3012.843237961973,176165.9315,58436.606704800004
IOWA,19,PALO ALTO,147,19147,NORTHWEST,10,1998,1.0,145600.0,145000.0,6774000.0,46.7,3140.620071714825,184357.797,58679.41809
IOWA,19,PALO ALTO,147,19147,NORTHWEST,10,1999,1.0,147000.0,146800.0,6570000.0,44.8,3012.843237961973,178805.835,59407.8522456
IOWA,19,PALO ALTO,147,19147,NORTHWEST,10,2000,1.0,143000.0,142800.0,6505000.0,45.6,3066.644010068437,177036.8275,57789.109677600005
IOWA,19,PALO ALTO,147,19147,NORTHWEST,10,2001,1.0,148000.0,147000.0,5967000.0,40.6,2730.389184403038,162394.8885,59488.789374
IOWA,19,PALO ALTO,147,19147,NORTHWEST,10,2002,1.0,138000.0,136200.0,5868000.0,43.1,2898.5165972357377,159700.554,55118.1844404
IOWA,19,PALO ALTO,147,19147,NORTHWEST,10,2003,1.0,140000.0,139400.0,4649000.0,33.4,2246.182235444864,126524.8595,56413.1784948
IOWA,19,PALO ALTO,147,19147,NORTHWEST,10,2004,1.0,131000.0,130500.0,5779000.0,44.3,2979.217755395433,157278.3745,52811.476281
IOWA,19,PALO ALTO,147,19147,NORTHWEST,10,2005,1.0,124000.0,123500.0,6469600.0,52.4,3523.950572973379,176073.3988,49978.676787000004
IOWA,19,PALO ALTO,147,19147,NORTHWEST,10,2006,1.0,122500.0,122100.0,6188900.0,50.7,3409.623932247144,168434.00795,49412.1168882
IOWA,19,PALO ALTO,147,19147,NORTHWEST,10,2007,1.0,102500.0,102400.0,5207000.0,50.8,3416.349028760452,141711.1085,41439.8097408
IOWA,19,PALO ALTO,147,19147,NORTHWEST,10,2008,1.0,115000.0,114600.0,5550000.0,48.5,3261.6718089543683,151046.025,46376.9745732
IOWA,19,PALO ALTO,147,19147,NORTHWEST,10,2009,1.0,120000.0,119700.0,5961000.0,50.0,3362.548256653988,162231.5955,48440.8713474
IOWA,19,PALO ALTO,147,19147,NORTHWEST,10,2010,1.0,124500.0,123500.0,5997000.0,48.6,3268.3969054676763,163211.3535,49978.676787000004
IOWA,19,PALO ALTO,147,19147,NORTHWEST,10,2011,1.0,116000.0,114800.0,5785000.0,50.4,3389.4486427072197,157441.6675,46457.9117016
IOWA,19,PALO ALTO,147,19147,NORTHWEST,10,2012,1.0,117500.0,117100.0,5755000.0,49.1,3302.0223880342164,156625.2025,47388.6886782
IOWA,19,PALO ALTO,147,19147,NORTHWEST,10,2013,1.0,106000.0,105000.0,4206000.0,40.1,2696.7637018364985,114468.393,42491.99241
IOWA,19,PALO ALTO,147,19147,NORTHWEST,10,2014,1.0,108000.0,106100.0,4851000.0,45.7,3073.369106581745,132022.3905,42937.1466162
IOWA,19,PALO ALTO,147,19147,NORTHWEST,10,2015,1.0,117000.0,116500.0,6932000.0,59.5,4001.4324254182457,188657.846,47145.877293000005
IOWA,19,PALO ALTO,147,19147,NORTHWEST,10,2016,1.0,105000.0,104600.0,6246000.0,59.7,4014.8826184448617,169988.013,42330.118153200005
IOWA,19,PALO ALTO,147,19147,NORTHWEST,10,2017,1.0,111500.0,110900.0,6415000.0,57.8,3887.10578469201,174587.4325,44879.637697800004
IOWA,19,PALO ALTO,147,19147,NORTHWEST,10,2018,1.0,118000.0,114200.0,5568000.0,48.8,3281.847098494292,151535.904,46215.1003164
IOWA,19,PALO ALTO,147,19147,NORTHWEST,10,2019,1.0,108000.0,107200.0,5955000.0,55.6,3739.153661399235,162068.3025,43382.3008224
IOWA,19,PALO ALTO,147,19147,NORTHWEST,10,2021,1.0,123500.0,122600.0,7552000.0,61.6,4142.659452197713,205531.456,49614.459709200004
IOWA,19,PALO ALTO,147,19147,NORTHWEST,10,2022,1.0,118000.0,117200.0,6786000.0,57.9,3893.830881205318,184684.383,47429.157242400004
IOWA,19,PALO ALTO,147,19147,NORTHWEST,10,2023,1.0,124500.0,123700.0,7323000.0,59.2,3981.257135878322,199299.1065,50059.613915400005
IOWA,19,PALO ALTO,147,19147,NORTHWEST,10,2024,1.0,118500.0,116600.0,6261000.0,53.7,3611.3768276463834,170396.2455,47186.3458572
IOWA,19,PALO ALTO,147,19147,NORTHWEST,10,2025,1.0,119500.0,118600.0,7045000.0,59.4,3994.7073289049376,191733.1975,47995.7171412
IOWA,19,PLYMOUTH,149,19149,NORTHWEST,10,1980,1.0,118700.0,118600.0,4330000.0,36.5,2454.6602273574113,117843.115,47995.7171412
IOWA,19,PLYMOUTH,149,19149,NORTHWEST,10,1981,1.0,127000.0,126500.0,5087000.0,40.2,2703.4887983498065,138445.2485,51192.733713
IOWA,19,PLYMOUTH,149,19149,NORTHWEST,10,1982,1.0,126000.0,125600.0,4833000.0,38.5,2589.1621576235707,131532.5115,50828.5166352
IOWA,19,PLYMOUTH,149,19149,NORTHWEST,10,1983,1.0,117000.0,116800.0,3997000.0,34.2,2299.983007551328,108780.3535,47267.2829856
IOWA,19,PLYMOUTH,149,19149,NORTHWEST,10,1984,1.0,134000.0,131500.0,4706000.0,35.8,2407.584551764255,128076.143,53216.161923
IOWA,19,PLYMOUTH,149,19149,NORTHWEST,10,1985,1.0,127000.0,126300.0,5030000.0,39.8,2676.5884122965745,136893.965,51111.7965846
IOWA,19,PLYMOUTH,149,19149,NORTHWEST,10,1986,1.0,131000.0,130500.0,5653000.0,43.3,2911.9667902623532,153849.2215,52811.476281
IOWA,19,PLYMOUTH,149,19149,NORTHWEST,10,1987,1.0,131000.0,130200.0,5610000.0,43.1,2898.5165972357377,152678.955,52690.0705884
IOWA,19,PLYMOUTH,149,19149,NORTHWEST,10,1988,1.0,137000.0,136400.0,4368000.0,32.0,2152.0308842585523,118877.304,55199.1215688
IOWA,19,PLYMOUTH,149,19149,NORTHWEST,10,1989,1.0,147000.0,146800.0,5725000.0,39.0,2622.787640190111,155808.7375,59407.8522456
IOWA,19,PLYMOUTH,149,19149,NORTHWEST,10,1990,1.0,144000.0,142600.0,6460000.0,45.3,3046.468720528513,175812.13,57708.172549200004
IOWA,19,PLYMOUTH,149,19149,NORTHWEST,10,1991,1.0,153000.0,152200.0,6900000.0,45.3,3046.468720528513,187786.95,61593.1547124
IOWA,19,PLYMOUTH,149,19149,NORTHWEST,10,1992,1.0,149000.0,148600.0,6711000.0,45.2,3039.743624015205,182643.2205,60136.2864012
IOWA,19,PLYMOUTH,149,19149,NORTHWEST,10,1993,1.0,156000.0,153000.0,6305000.0,41.2,2770.7397634828862,171593.7275,61916.903226
IOWA,19,PLYMOUTH,149,19149,NORTHWEST,10,1994,1.0,165000.0,164600.0,8855000.0,53.8,3618.101924159691,240993.2525,66611.2566732
IOWA,19,PLYMOUTH,149,19149,NORTHWEST,10,1995,1.0,168000.0,167400.0,7744000.0,46.3,3113.719685661593,210756.832,67744.37647080001
IOWA,19,PLYMOUTH,149,19149,NORTHWEST,10,1996,1.0,188000.0,186900.0,8506000.0,45.5,3059.918913555129,231495.043,75635.7464898
IOWA,19,PLYMOUTH,149,19149,NORTHWEST,10,1997,1.0,187200.0,185800.0,8509000.0,45.8,3080.0942030950528,231576.6895,75190.5922836
IOWA,19,PLYMOUTH,149,19149,NORTHWEST,10,1998,1.0,190200.0,189800.0,9258000.0,48.8,3281.847098494292,251961.099,76809.3348516
IOWA,19,PLYMOUTH,149,19149,NORTHWEST,10,1999,1.0,196000.0,195900.0,9027000.0,46.1,3100.269492634977,245674.3185,79277.9172678
IOWA,19,PLYMOUTH,149,19149,NORTHWEST,10,2000,1.0,200000.0,199700.0,7668000.0,38.4,2582.4370611102627,208688.454,80815.7227074
IOWA,19,PLYMOUTH,149,19149,NORTHWEST,10,2001,1.0,200000.0,198900.0,8671000.0,43.6,2932.1420798022777,235985.6005,80491.97419380001
IOWA,19,PLYMOUTH,149,19149,NORTHWEST,10,2002,1.0,196000.0,195500.0,9396000.0,48.1,3234.7714229011367,255716.838,79116.043011
IOWA,19,PLYMOUTH,149,19149,NORTHWEST,10,2003,1.0,202000.0,201100.0,7604000.0,37.8,2542.0864820304146,206946.662,81382.28260620001
IOWA,19,PLYMOUTH,149,19149,NORTHWEST,10,2004,1.0,192000.0,191400.0,9298000.0,48.6,3268.3969054676763,253049.719,77456.8318788
IOWA,19,PLYMOUTH,149,19149,NORTHWEST,10,2005,1.0,190000.0,189200.0,9541600.0,50.4,3389.4486427072197,259679.41479999997,76566.5234664
IOWA,19,PLYMOUTH,149,19149,NORTHWEST,10,2006,1.0,191500.0,191000.0,9728900.0,50.9,3423.07412527376,264776.87795,77294.957622
IOWA,19,PLYMOUTH,149,19149,NORTHWEST,10,2007,1.0,176000.0,175700.0,8686000.0,49.4,3322.19767757414,236393.833,71103.2672994
IOWA,19,PLYMOUTH,149,19149,NORTHWEST,10,2008,1.0,194000.0,193600.0,9962000.0,51.5,3463.4247043536075,271120.811,78347.1402912
IOWA,19,PLYMOUTH,149,19149,NORTHWEST,10,2009,1.0,187500.0,187100.0,10367000.0,55.5,3732.428564885927,282143.0885,75716.6836182
IOWA,19,PLYMOUTH,149,19149,NORTHWEST,10,2010,1.0,196000.0,194500.0,10837000.0,55.7,3745.878757912543,294934.3735,78711.357369
IOWA,19,PLYMOUTH,149,19149,NORTHWEST,10,2011,1.0,183000.0,181500.0,9201000.0,50.7,3409.623932247144,250409.8155,73450.444023
IOWA,19,PLYMOUTH,149,19149,NORTHWEST,10,2012,1.0,191500.0,190900.0,7028000.0,36.8,2474.835516897335,191270.534,77254.4890578
IOWA,19,PLYMOUTH,149,19149,NORTHWEST,10,2013,1.0,184000.0,183200.0,9923000.0,54.2,3645.002310212923,270059.4065,74138.4096144
IOWA,19,PLYMOUTH,149,19149,NORTHWEST,10,2014,1.0,195500.0,193500.0,10962000.0,56.7,3813.1297230456225,298336.311,78306.67172700001
IOWA,19,PLYMOUTH,149,19149,NORTHWEST,10,2015,1.0,194500.0,193600.0,11638000.0,60.1,4041.7830044980938,316733.989,78347.1402912
IOWA,19,PLYMOUTH,149,19149,NORTHWEST,10,2016,1.0,196000.0,195200.0,12908000.0,66.1,4445.288795296572,351297.674,78994.6373184
IOWA,19,PLYMOUTH,149,19149,NORTHWEST,10,2017,1.0,196500.0,195400.0,11638000.0,59.6,4008.1575219315537,316733.989,79075.5744468
IOWA,19,PLYMOUTH,149,19149,NORTHWEST,10,2018,1.0,201500.0,197500.0,12114000.0,61.3,4122.484162657789,329688.567,79925.41429500001
IOWA,19,PLYMOUTH,149,19149,NORTHWEST,10,2022,1.0,196000.0,194700.0,9307000.0,47.8,3214.596133361212,253294.6585,78792.2944974
IOWA,19,PLYMOUTH,149,19149,NORTHWEST,10,2023,1.0,195500.0,194200.0,11671000.0,60.1,4041.7830044980938,317632.1005,78589.9516764
IOWA,19,POCAHONTAS,151,19151,NORTHWEST,10,1980,1.0,154000.0,153900.0,5890000.0,38.3,2575.7119645969547,160299.295,62281.1203038
IOWA,19,POCAHONTAS,151,19151,NORTHWEST,10,1981,1.0,148300.0,147400.0,5960000.0,40.4,2716.938991376422,162204.38,59650.6636308
IOWA,19,POCAHONTAS,151,19151,NORTHWEST,10,1982,1.0,153000.0,151800.0,5823000.0,38.4,2582.4370611102627,158475.8565,61431.280455600005
IOWA,19,POCAHONTAS,151,19151,NORTHWEST,10,1983,1.0,146000.0,145600.0,4772000.0,32.8,2205.831656365016,129872.366,58922.2294752
IOWA,19,POCAHONTAS,151,19151,NORTHWEST,10,1984,1.0,157000.0,154000.0,4853000.0,31.5,2118.405401692012,132076.8215,62321.588868
IOWA,19,POCAHONTAS,151,19151,NORTHWEST,10,1985,1.0,148000.0,147300.0,5819000.0,39.5,2656.4131227566504,158366.9945,59610.195066600005
IOWA,19,POCAHONTAS,151,19151,NORTHWEST,10,1986,1.0,149000.0,148000.0,5949000.0,40.2,2703.4887983498065,161905.0095,59893.475016000004
IOWA,19,POCAHONTAS,151,19151,NORTHWEST,10,1987,1.0,148000.0,144300.0,5586000.0,38.7,2602.6123506501867,152025.783,58396.1381406
IOWA,19,POCAHONTAS,151,19151,NORTHWEST,10,1988,1.0,149000.0,148400.0,5423000.0,36.5,2454.6602273574113,147589.6565,60055.3492728
IOWA,19,POCAHONTAS,151,19151,NORTHWEST,10,1989,1.0,152000.0,151900.0,6554000.0,43.1,2898.5165972357377,178370.387,61471.7490198
IOWA,19,POCAHONTAS,151,19151,NORTHWEST,10,1990,1.0,153000.0,145400.0,5453000.0,37.5,2521.911192490491,148406.1215,58841.2923468
IOWA,19,POCAHONTAS,151,19151,NORTHWEST,10,1991,1.0,169000.0,168100.0,5998000.0,35.7,2400.8594552509476,163238.569,68027.6564202
IOWA,19,POCAHONTAS,151,19151,NORTHWEST,10,1992,1.0,153000.0,152000.0,6823000.0,44.9,3019.568334475281,185691.3565,61512.217584000005
IOWA,19,POCAHONTAS,151,19151,NORTHWEST,10,1993,1.0,161000.0,157000.0,3964000.0,25.2,1694.7243213536099,107882.242,63535.645794000004
IOWA,19,POCAHONTAS,151,19151,NORTHWEST,10,1994,1.0,161000.0,159800.0,7999000.0,50.1,3369.273353167296,217696.7845,64668.7655916
IOWA,19,POCAHONTAS,151,19151,NORTHWEST,10,1995,1.0,163000.0,162500.0,7856000.0,48.3,3248.2216159277523,213804.968,65761.41682500001
IOWA,19,POCAHONTAS,151,19151,NORTHWEST,10,1996,1.0,163000.0,161800.0,7504000.0,46.4,3120.444782174901,204225.112,65478.1368756
IOWA,19,POCAHONTAS,151,19151,NORTHWEST,10,1997,1.0,170800.0,169500.0,7968000.0,47.0,3160.7953612547485,216853.104,68594.216319
IOWA,19,POCAHONTAS,151,19151,NORTHWEST,10,1998,1.0,163500.0,162900.0,7605000.0,46.7,3140.620071714825,206973.8775,65923.29108180001
IOWA,19,POCAHONTAS,151,19151,NORTHWEST,10,1999,1.0,168000.0,167800.0,7094000.0,42.3,2844.7158251292735,193066.757,67906.2507276
IOWA,19,POCAHONTAS,151,19151,NORTHWEST,10,2000,1.0,162000.0,161700.0,6967000.0,43.1,2898.5165972357377,189610.3885,65437.668311400004
IOWA,19,POCAHONTAS,151,19151,NORTHWEST,10,2001,1.0,168000.0,167000.0,7094000.0,42.5,2858.1660181558896,193066.757,67582.50221400001
IOWA,19,POCAHONTAS,151,19151,NORTHWEST,10,2002,1.0,157000.0,156500.0,7646000.0,48.9,3288.5721950076,208089.713,63333.302973000005
IOWA,19,POCAHONTAS,151,19151,NORTHWEST,10,2003,1.0,160000.0,158900.0,5408000.0,34.0,2286.5328145247117,147181.424,64304.5485138
IOWA,19,POCAHONTAS,151,19151,NORTHWEST,10,2004,1.0,155000.0,154400.0,7089000.0,45.9,3086.819299608361,192930.6795,62483.4631248
IOWA,19,POCAHONTAS,151,19151,NORTHWEST,10,2005,1.0,150500.0,149800.0,7432100.0,49.6,3335.647870600756,202268.31754999998,60621.909171600004
IOWA,19,POCAHONTAS,151,19151,NORTHWEST,10,2006,1.0,152500.0,151800.0,7906500.0,52.1,3503.7752834334556,215179.35075,61431.280455600005
IOWA,19,POCAHONTAS,151,19151,NORTHWEST,10,2007,1.0,137500.0,137300.0,7017000.0,51.1,3436.524318300376,190971.1635,55563.3386466
IOWA,19,POCAHONTAS,151,19151,NORTHWEST,10,2008,1.0,150000.0,149600.0,7622000.0,51.0,3429.799221787068,207436.541,60540.9720432
IOWA,19,POCAHONTAS,151,19151,NORTHWEST,10,2009,1.0,146500.0,146100.0,7364000.0,50.5,3396.1737392205278,200414.942,59124.5722962
IOWA,19,POCAHONTAS,151,19151,NORTHWEST,10,2010,1.0,148500.0,147000.0,6889000.0,46.9,3154.0702647414405,187487.5795,59488.789374
IOWA,19,POCAHONTAS,151,19151,NORTHWEST,10,2011,1.0,141000.0,140200.0,7050000.0,50.3,3382.7235461939117,191869.275,56736.9270084
IOWA,19,POCAHONTAS,151,19151,NORTHWEST,10,2012,1.0,140500.0,140000.0,6427000.0,45.9,3086.819299608361,174914.0185,56655.98988
IOWA,19,POCAHONTAS,151,19151,NORTHWEST,10,2013,1.0,133500.0,132800.0,5458000.0,41.1,2764.0146669695782,148542.199,53742.2532576
IOWA,19,POCAHONTAS,151,19151,NORTHWEST,10,2014,1.0,141000.0,140200.0,6696000.0,47.8,3214.596133361212,182234.988,56736.9270084
IOWA,19,POCAHONTAS,151,19151,NORTHWEST,10,2015,1.0,138500.0,137900.0,7992000.0,58.0,3900.555977718626,217506.276,55806.1500318
IOWA,19,POCAHONTAS,151,19151,NORTHWEST,10,2016,1.0,136000.0,135500.0,8215000.0,60.6,4075.4084870646334,223575.3325,54834.904491
IOWA,19,POCAHONTAS,151,19151,NORTHWEST,10,2017,1.0,143000.0,142200.0,8275000.0,58.2,3914.0061707452423,225208.2625,57546.2982924
IOWA,19,POCAHONTAS,151,19151,NORTHWEST,10,2018,1.0,147000.0,145000.0,7208000.0,49.7,3342.372967114064,196169.324,58679.41809
IOWA,19,POCAHONTAS,151,19151,NORTHWEST,10,2020,1.0,142500.0,141300.0,7715000.0,54.6,3671.902696266155,209967.5825,57182.0812146
IOWA,19,POCAHONTAS,151,19151,NORTHWEST,10,2021,1.0,147000.0,146000.0,9490000.0,65.0,4371.312733650185,258275.095,59084.103732
IOWA,19,POCAHONTAS,151,19151,NORTHWEST,10,2022,1.0,148000.0,146900.0,8300000.0,56.5,3799.6795300190065,225888.65,59448.3208098
IOWA,19,POCAHONTAS,151,19151,NORTHWEST,10,2023,1.0,145000.0,144000.0,8928000.0,62.0,4169.559838250945,242979.984,58274.732448
IOWA,19,POCAHONTAS,151,19151,NORTHWEST,10,2024,1.0,149000.0,147900.0,8593000.0,58.1,3907.2810742319343,233862.7915,59853.0064518
IOWA,19,POCAHONTAS,151,19151,NORTHWEST,10,2025,1.0,138500.0,137500.0,8635000.0,62.8,4223.360610357408,235005.8425,55644.275775
IOWA,19,POLK,153,19153,CENTRAL,50,1980,1.0,94500.0,94100.0,3810000.0,40.5,2723.66408788973,103691.055,38080.9189122
IOWA,19,POLK,153,19153,CENTRAL,50,1981,1.0,89600.0,89300.0,3864000.0,43.3,2911.9667902623532,105160.692,36138.4278306
IOWA,19,POLK,153,19153,CENTRAL,50,1982,1.0,90100.0,88400.0,3388000.0,38.3,2575.7119645969547,92206.114,35774.2107528
IOWA,19,POLK,153,19153,CENTRAL,50,1983,1.0,76600.0,75300.0,2809000.0,37.3,2508.460999463875,76448.3395,30472.8288426
IOWA,19,POLK,153,19153,CENTRAL,50,1984,1.0,85100.0,84300.0,2617000.0,31.0,2084.7799191254726,71222.9635,34114.9996206
IOWA,19,POLK,153,19153,CENTRAL,50,1985,1.0,81100.0,80700.0,2859000.0,35.4,2380.6841657110235,77809.1145,32658.1313094
IOWA,19,POLK,153,19153,CENTRAL,50,1986,1.0,82600.0,81000.0,3276000.0,40.4,2716.938991376422,89157.978,32779.537002000005
IOWA,19,POLK,153,19153,CENTRAL,50,1987,1.0,76600.0,76300.0,3536000.0,46.3,3113.719685661593,96234.008,30877.5144846
IOWA,19,POLK,153,19153,CENTRAL,50,1988,1.0,77500.0,77200.0,1981000.0,25.7,1728.3498039201497,53913.9055,31241.7315624
IOWA,19,POLK,153,19153,CENTRAL,50,1989,1.0,79200.0,79200.0,3229000.0,40.8,2743.839377429654,87878.8495,32051.1028464
IOWA,19,POLK,153,19153,CENTRAL,50,1990,1.0,77900.0,75200.0,3031000.0,40.3,2710.213894863114,82490.1805,30432.3602784
IOWA,19,POLK,153,19153,CENTRAL,50,1991,1.0,81700.0,80200.0,3240000.0,40.4,2716.938991376422,88178.22,32455.7884884
IOWA,19,POLK,153,19153,CENTRAL,50,1992,1.0,80000.0,79800.0,3583000.0,44.9,3019.568334475281,97513.1365,32293.9142316
IOWA,19,POLK,153,19153,CENTRAL,50,1993,1.0,76000.0,71500.0,2458000.0,34.4,2313.433200577944,66895.699,28935.023403
IOWA,19,POLK,153,19153,CENTRAL,50,1994,1.0,82000.0,81600.0,4439000.0,54.4,3658.4525032395386,120809.6045,33022.3483872
IOWA,19,POLK,153,19153,CENTRAL,50,1995,1.0,83000.0,82900.0,4182000.0,50.4,3389.4486427072197,113815.221,33548.4397218
IOWA,19,POLK,153,19153,CENTRAL,50,1996,1.0,81000.0,80800.0,3632000.0,45.0,3026.293430988589,98846.696,32698.5998736
IOWA,19,POLK,153,19153,CENTRAL,50,1997,1.0,92800.0,92000.0,4300000.0,46.7,3140.620071714825,117026.65,37231.079064
IOWA,19,POLK,153,19153,CENTRAL,50,1998,1.0,91100.0,90700.0,4150000.0,45.8,3080.0942030950528,112944.325,36704.9877294
IOWA,19,POLK,153,19153,CENTRAL,50,1999,1.0,87000.0,86800.0,3864000.0,44.5,2992.6679484220494,105160.692,35126.7137256
IOWA,19,POLK,153,19153,CENTRAL,50,2000,1.0,87000.0,86900.0,3639000.0,41.9,2817.815439076042,99037.2045,35167.1822898
IOWA,19,POLK,153,19153,CENTRAL,50,2001,1.0,85000.0,84400.0,3637000.0,43.1,2898.5165972357377,98982.7735,34155.468184800004
IOWA,19,POLK,153,19153,CENTRAL,50,2002,1.0,80000.0,79800.0,3762000.0,47.1,3167.520457768057,102384.711,32293.9142316
IOWA,19,POLK,153,19153,CENTRAL,50,2003,1.0,81000.0,80700.0,2626000.0,32.5,2185.6563668250924,71467.903,32658.1313094
IOWA,19,POLK,153,19153,CENTRAL,50,2004,1.0,74000.0,73800.0,3683000.0,49.9,3355.82316014068,100234.6865,29865.8003796
IOWA,19,POLK,153,19153,CENTRAL,50,2005,1.0,71500.0,71100.0,3632400.0,51.1,3436.524318300376,98857.58219999999,28773.1491462
IOWA,19,POLK,153,19153,CENTRAL,50,2006,1.0,72000.0,71700.0,3604000.0,50.3,3382.7235461939117,98084.662,29015.9605314
IOWA,19,POLK,153,19153,CENTRAL,50,2007,1.0,64500.0,64200.0,3319000.0,51.7,3476.874897380224,90328.2445,25980.8182164
IOWA,19,POLK,153,19153,CENTRAL,50,2008,1.0,67500.0,66100.0,2927000.0,44.5,2992.6679484220494,79659.7685,26749.7209362
IOWA,19,POLK,153,19153,CENTRAL,50,2009,1.0,67000.0,66700.0,3565000.0,53.5,3597.9266346197674,97023.2575,26992.532321400002
IOWA,19,POLK,153,19153,CENTRAL,50,2010,1.0,67500.0,65000.0,2998000.0,46.1,3100.269492634977,81592.069,26304.566730000002
IOWA,19,POLK,153,19153,CENTRAL,50,2011,1.0,65800.0,65300.0,3448000.0,52.8,3550.8509590266112,93839.044,26425.9724226
IOWA,19,POLK,153,19153,CENTRAL,50,2012,1.0,63700.0,63500.0,3153000.0,49.7,3342.372967114064,85810.4715,25697.538267
IOWA,19,POLK,153,19153,CENTRAL,50,2013,1.0,66800.0,66200.0,2817000.0,42.6,2864.891114669198,76666.0635,26790.1895004
IOWA,19,POLK,153,19153,CENTRAL,50,2014,1.0,69000.0,67100.0,3343000.0,49.8,3349.0980636273716,90981.4165,27154.4065782
IOWA,19,POLK,153,19153,CENTRAL,50,2015,1.0,70400.0,70100.0,3674000.0,52.4,3523.950572973379,99989.747,28368.4635042
IOWA,19,POLK,153,19153,CENTRAL,50,2016,1.0,66700.0,66400.0,3666000.0,55.2,3712.2532753460027,99772.023,26871.1266288
IOWA,19,POLK,153,19153,CENTRAL,50,2017,1.0,71000.0,70300.0,4016000.0,57.1,3840.030109098854,109297.448,28449.4006326
IOWA,19,POLK,153,19153,CENTRAL,50,2018,1.0,68000.0,65800.0,3516000.0,53.4,3591.201538106459,95689.698,26628.315243600002
IOWA,19,POLK,153,19153,CENTRAL,50,2019,1.0,63300.0,62800.0,3201000.0,51.0,3429.799221787068,87116.8155,25414.2583176
IOWA,19,POLK,153,19153,CENTRAL,50,2020,1.0,64800.0,64300.0,3228000.0,50.2,3375.998449680604,87851.634,26021.2867806
IOWA,19,POLK,153,19153,CENTRAL,50,2021,1.0,67000.0,66600.0,4302000.0,64.6,4344.412347596952,117081.081,26952.0637572
IOWA,19,POLK,153,19153,CENTRAL,50,2022,1.0,63300.0,62900.0,3402000.0,54.1,3638.277213699615,92587.131,25454.7268818
IOWA,19,POLK,153,19153,CENTRAL,50,2023,1.0,62700.0,62300.0,3813000.0,61.2,4115.759066144481,103772.7015,25211.915496600002
IOWA,19,POLK,153,19153,CENTRAL,50,2024,1.0,63600.0,63200.0,3899000.0,61.7,4149.384548711021,106113.2345,25576.132574400002
IOWA,19,POLK,153,19153,CENTRAL,50,2025,1.0,58600.0,58200.0,3766000.0,64.7,4351.137444110261,102493.573,23552.7043644
IOWA,19,POTTAWATTAMIE,155,19155,SOUTHWEST,70,1980,1.0,144800.0,139800.0,5025000.0,35.9,2414.309648277563,136757.8875,56575.0527516
IOWA,19,POTTAWATTAMIE,155,19155,SOUTHWEST,70,1981,1.0,143000.0,143000.0,5961000.0,41.7,2804.3652460494263,162231.5955,57870.046806
IOWA,19,POTTAWATTAMIE,155,19155,SOUTHWEST,70,1982,1.0,161000.0,159500.0,5938000.0,37.2,2501.7359029505674,161605.639,64547.359899
IOWA,19,POTTAWATTAMIE,155,19155,SOUTHWEST,70,1983,1.0,147000.0,146200.0,5177000.0,35.4,2380.6841657110235,140894.6435,59165.040860400004
IOWA,19,POTTAWATTAMIE,155,19155,SOUTHWEST,70,1984,1.0,162000.0,155200.0,4727000.0,30.5,2051.1544365589325,128647.6685,62807.211638400004
IOWA,19,POTTAWATTAMIE,155,19155,SOUTHWEST,70,1985,1.0,163000.0,161900.0,6449000.0,39.8,2676.5884122965745,175512.7595,65518.605439800005
IOWA,19,POTTAWATTAMIE,155,19155,SOUTHWEST,70,1986,1.0,161000.0,159800.0,7047000.0,44.1,2965.7675623688174,191787.6285,64668.7655916
IOWA,19,POTTAWATTAMIE,155,19155,SOUTHWEST,70,1987,1.0,159000.0,158000.0,6492000.0,41.1,2764.0146669695782,176683.026,63940.331436
IOWA,19,POTTAWATTAMIE,155,19155,SOUTHWEST,70,1988,1.0,164000.0,163200.0,4477000.0,27.4,1842.6764446463853,121843.7935,66044.6967744
IOWA,19,POTTAWATTAMIE,155,19155,SOUTHWEST,70,1989,1.0,167000.0,166500.0,5320000.0,32.0,2152.0308842585523,144786.46,67380.15939300001
IOWA,19,POTTAWATTAMIE,155,19155,SOUTHWEST,70,1990,1.0,163000.0,161800.0,6624000.0,40.9,2750.564473942962,180275.472,65478.1368756
IOWA,19,POTTAWATTAMIE,155,19155,SOUTHWEST,70,1991,1.0,172000.0,171200.0,7251000.0,42.4,2851.4409216425815,197339.5905,69282.1819104
IOWA,19,POTTAWATTAMIE,155,19155,SOUTHWEST,70,1992,1.0,166000.0,165200.0,7385000.0,44.7,3006.1181414486655,200986.4675,66854.06805840001
IOWA,19,POTTAWATTAMIE,155,19155,SOUTHWEST,70,1993,1.0,170000.0,166300.0,6071000.0,36.5,2454.6602273574113,165225.3005,67299.2222646
IOWA,19,POTTAWATTAMIE,155,19155,SOUTHWEST,70,1994,1.0,175000.0,174400.0,9072000.0,52.0,3497.0501869201476,246899.016,70577.1759648
IOWA,19,POTTAWATTAMIE,155,19155,SOUTHWEST,70,1995,1.0,185000.0,183800.0,7281000.0,39.6,2663.1382192699584,198156.0555,74381.2209996
IOWA,19,POTTAWATTAMIE,155,19155,SOUTHWEST,70,1996,1.0,178000.0,174400.0,7567000.0,43.4,2918.6918867756613,205939.6885,70577.1759648
IOWA,19,POTTAWATTAMIE,155,19155,SOUTHWEST,70,1997,1.0,207800.0,206200.0,9227000.0,44.7,3006.1181414486655,251117.4185,83446.1793804
IOWA,19,POTTAWATTAMIE,155,19155,SOUTHWEST,70,1998,1.0,202000.0,201500.0,8890000.0,44.1,2965.7675623688174,241945.795,81544.156863
IOWA,19,POTTAWATTAMIE,155,19155,SOUTHWEST,70,1999,1.0,207000.0,205900.0,8982000.0,43.6,2932.1420798022777,244449.621,83324.7736878
IOWA,19,POTTAWATTAMIE,155,19155,SOUTHWEST,70,2000,1.0,207000.0,206700.0,8945000.0,43.3,2911.9667902623532,243442.6475,83648.5222014
IOWA,19,POTTAWATTAMIE,155,19155,SOUTHWEST,70,2001,1.0,232000.0,230700.0,10575000.0,45.8,3080.0942030950528,287803.9125,93360.9776094
IOWA,19,POTTAWATTAMIE,155,19155,SOUTHWEST,70,2002,1.0,209000.0,207700.0,9309000.0,44.8,3012.843237961973,253349.0895,84053.2078434
IOWA,19,POTTAWATTAMIE,155,19155,SOUTHWEST,70,2003,1.0,214000.0,213200.0,6324000.0,29.7,1997.3536644524688,172110.822,86278.9788744
IOWA,19,POTTAWATTAMIE,155,19155,SOUTHWEST,70,2004,1.0,206000.0,205200.0,10555000.0,51.4,3456.6996078402994,287259.6025,83041.49373840001
IOWA,19,POTTAWATTAMIE,155,19155,SOUTHWEST,70,2005,1.0,205000.0,203900.0,11134500.0,54.6,3671.902696266155,303030.98475,82515.4024038
IOWA,19,POTTAWATTAMIE,155,19155,SOUTHWEST,70,2006,1.0,206500.0,205700.0,10952000.0,53.2,3577.7513450798433,298064.156,83243.8365594
IOWA,19,POTTAWATTAMIE,155,19155,SOUTHWEST,70,2007,1.0,190200.0,189100.0,9862000.0,52.2,3510.5003799467636,268399.261,76526.0549022
IOWA,19,POTTAWATTAMIE,155,19155,SOUTHWEST,70,2008,1.0,204500.0,203000.0,8438000.0,41.5,2790.91505302281,229644.389,82151.185326
IOWA,19,POTTAWATTAMIE,155,19155,SOUTHWEST,70,2009,1.0,194500.0,193500.0,10250000.0,53.0,3564.3011520532273,278958.875,78306.67172700001
IOWA,19,POTTAWATTAMIE,155,19155,SOUTHWEST,70,2010,1.0,210500.0,208500.0,10905000.0,52.3,3517.225476460071,296785.0275,84376.956357
IOWA,19,POTTAWATTAMIE,155,19155,SOUTHWEST,70,2011,1.0,190000.0,177500.0,9338000.0,52.6,3537.4007659999957,254138.339,71831.701455
IOWA,19,POTTAWATTAMIE,155,19155,SOUTHWEST,70,2012,1.0,190000.0,188300.0,6512000.0,34.6,2326.88339360456,177227.336,76202.3063886
IOWA,19,POTTAWATTAMIE,155,19155,SOUTHWEST,70,2013,1.0,185000.0,184100.0,9588000.0,52.1,3503.7752834334556,260942.214,74502.6266922
IOWA,19,POTTAWATTAMIE,155,19155,SOUTHWEST,70,2014,1.0,197500.0,196400.0,10065000.0,51.2,3443.249414813684,273924.0075,79480.2600888
IOWA,19,POTTAWATTAMIE,155,19155,SOUTHWEST,70,2015,1.0,194500.0,193700.0,11334000.0,58.5,3934.181460285166,308460.477,78387.6088554
IOWA,19,POTTAWATTAMIE,155,19155,SOUTHWEST,70,2016,1.0,182000.0,181500.0,10995000.0,60.6,4075.4084870646334,299234.4225,73450.444023
IOWA,19,POTTAWATTAMIE,155,19155,SOUTHWEST,70,2017,1.0,196000.0,194900.0,11107000.0,57.0,3833.305012585546,302282.5585,78873.2316258
IOWA,19,POTTAWATTAMIE,155,19155,SOUTHWEST,70,2019,1.0,184500.0,183200.0,10710000.0,58.5,3934.181460285166,291478.005,74138.4096144
IOWA,19,POTTAWATTAMIE,155,19155,SOUTHWEST,70,2020,1.0,193000.0,191300.0,9180000.0,48.0,3228.0463263878282,249838.29,77416.3633146
IOWA,19,POTTAWATTAMIE,155,19155,SOUTHWEST,70,2021,1.0,204500.0,203000.0,13073000.0,64.4,4330.962154570337,355788.2315,82151.185326
IOWA,19,POTTAWATTAMIE,155,19155,SOUTHWEST,70,2022,1.0,203000.0,201500.0,10277000.0,51.0,3429.799221787068,279693.6935,81544.156863
IOWA,19,POTTAWATTAMIE,155,19155,SOUTHWEST,70,2024,1.0,198500.0,191500.0,11907000.0,62.2,4183.010031277561,324054.9585,77497.300443
IOWA,19,POWESHIEK,157,19157,CENTRAL,50,1980,1.0,70100.0,70000.0,2870000.0,41.0,2757.28957045627,78108.485,28327.99494
IOWA,19,POWESHIEK,157,19157,CENTRAL,50,1981,1.0,72000.0,70800.0,3097000.0,43.7,2938.8671763155858,84286.4035,28651.7434536
IOWA,19,POWESHIEK,157,19157,CENTRAL,50,1982,1.0,78600.0,78100.0,2951000.0,37.8,2542.0864820304146,80312.9405,31605.9486402
IOWA,19,POWESHIEK,157,19157,CENTRAL,50,1983,1.0,78000.0,78000.0,2944000.0,37.7,2535.361385517107,80122.432,31565.480076
IOWA,19,POWESHIEK,157,19157,CENTRAL,50,1984,1.0,79900.0,79300.0,2697000.0,34.0,2286.5328145247117,73400.2035,32091.5714106
IOWA,19,POWESHIEK,157,19157,CENTRAL,50,1985,1.0,81400.0,81000.0,3171000.0,39.1,2629.512736703419,86300.3505,32779.537002000005
IOWA,19,POWESHIEK,157,19157,CENTRAL,50,1986,1.0,88900.0,88700.0,3471000.0,39.1,2629.512736703419,94465.0005,35895.6164454
IOWA,19,POWESHIEK,157,19157,CENTRAL,50,1987,1.0,80100.0,79800.0,3685000.0,46.2,3106.9945891482853,100289.1175,32293.9142316
IOWA,19,POWESHIEK,157,19157,CENTRAL,50,1988,1.0,79800.0,79100.0,1940000.0,24.5,1647.6486457604542,52798.07,32010.6342822
IOWA,19,POWESHIEK,157,19157,CENTRAL,50,1989,1.0,79900.0,79900.0,3073000.0,38.5,2589.1621576235707,83633.2315,32334.3827958
IOWA,19,POWESHIEK,157,19157,CENTRAL,50,1990,1.0,72000.0,71800.0,3091000.0,43.1,2898.5165972357377,84123.1105,29056.4290956
IOWA,19,POWESHIEK,157,19157,CENTRAL,50,1991,1.0,78000.0,77700.0,3481000.0,44.8,3012.843237961973,94737.1555,31444.074383400002
IOWA,19,POWESHIEK,157,19157,CENTRAL,50,1992,1.0,77000.0,76800.0,3300000.0,43.0,2891.7915007224296,89811.15,31079.857305600002
IOWA,19,POWESHIEK,157,19157,CENTRAL,50,1993,1.0,82000.0,80500.0,2737000.0,34.0,2286.5328145247117,74488.8235,32577.194181000003
IOWA,19,POWESHIEK,157,19157,CENTRAL,50,1994,1.0,80000.0,79800.0,4280000.0,53.6,3604.6517311330754,116482.34,32293.9142316
IOWA,19,POWESHIEK,157,19157,CENTRAL,50,1995,1.0,87000.0,86900.0,3666000.0,42.2,2837.990728615966,99772.023,35167.1822898
IOWA,19,POWESHIEK,157,19157,CENTRAL,50,1996,1.0,74000.0,73800.0,3258000.0,44.1,2965.7675623688174,88668.099,29865.8003796
IOWA,19,POWESHIEK,157,19157,CENTRAL,50,1997,1.0,102500.0,101600.0,4951000.0,48.7,3275.1220019809844,134743.9405,41116.0612272
IOWA,19,POWESHIEK,157,19157,CENTRAL,50,1998,1.0,106900.0,106600.0,5303000.0,49.7,3342.372967114064,144323.7965,43139.4894372
IOWA,19,POWESHIEK,157,19157,CENTRAL,50,1999,1.0,115000.0,114900.0,5085000.0,44.3,2979.217755395433,138390.8175,46498.3802658
IOWA,19,POWESHIEK,157,19157,CENTRAL,50,2000,1.0,113000.0,112900.0,5071000.0,44.9,3019.568334475281,138009.8005,45689.0089818
IOWA,19,POWESHIEK,157,19157,CENTRAL,50,2001,1.0,116000.0,115300.0,5602000.0,48.6,3268.3969054676763,152461.231,46660.2545226
IOWA,19,POWESHIEK,157,19157,CENTRAL,50,2002,1.0,112000.0,111500.0,5759000.0,51.7,3476.874897380224,156734.0645,45122.449083
IOWA,19,POWESHIEK,157,19157,CENTRAL,50,2003,1.0,116000.0,115500.0,3655000.0,31.6,2125.1304982053207,99472.6525,46741.191651
IOWA,19,POWESHIEK,157,19157,CENTRAL,50,2004,1.0,114000.0,113000.0,6037000.0,53.4,3591.201538106459,164299.9735,45729.477546
IOWA,19,POWESHIEK,157,19157,CENTRAL,50,2005,1.0,114500.0,114000.0,6335600.0,55.6,3739.153661399235,172426.5218,46134.163188
IOWA,19,POWESHIEK,157,19157,CENTRAL,50,2006,1.0,113500.0,112200.0,6027700.0,53.7,3611.3768276463834,164046.86935,45405.7290324
IOWA,19,POWESHIEK,157,19157,CENTRAL,50,2007,1.0,100400.0,100300.0,5834000.0,58.2,3914.0061707452423,158775.227,40589.9698926
IOWA,19,POWESHIEK,157,19157,CENTRAL,50,2008,1.0,112500.0,111900.0,5419000.0,48.5,3261.6718089543683,147480.7945,45284.3233398
IOWA,19,POWESHIEK,157,19157,CENTRAL,50,2009,1.0,109000.0,108500.0,6232000.0,57.5,3866.930495152086,169606.996,43908.392157
IOWA,19,POWESHIEK,157,19157,CENTRAL,50,2010,1.0,113000.0,112700.0,5780000.0,51.3,3449.9745113269914,157305.59,45608.071853400004
IOWA,19,POWESHIEK,157,19157,CENTRAL,50,2011,1.0,108000.0,107300.0,6063000.0,56.5,3799.6795300190065,165007.5765,43422.769386600005
IOWA,19,POWESHIEK,157,19157,CENTRAL,50,2012,1.0,106500.0,106100.0,5589000.0,52.7,3544.1258625133037,152107.4295,42937.1466162
IOWA,19,POWESHIEK,157,19157,CENTRAL,50,2013,1.0,111000.0,110600.0,4801000.0,43.4,2918.6918867756613,130661.6155,44758.2320052
IOWA,19,POWESHIEK,157,19157,CENTRAL,50,2014,1.0,119000.0,118400.0,6003000.0,50.7,3409.623932247144,163374.6465,47914.7800128
IOWA,19,POWESHIEK,157,19157,CENTRAL,50,2015,1.0,116000.0,115500.0,6504000.0,56.3,3786.2293369923905,177009.612,46741.191651
IOWA,19,POWESHIEK,157,19157,CENTRAL,50,2016,1.0,114000.0,113600.0,6534000.0,57.5,3866.930495152086,177826.077,45972.288931200004
IOWA,19,POWESHIEK,157,19157,CENTRAL,50,2017,1.0,112000.0,111300.0,6296000.0,56.6,3806.4046265323145,171348.788,45041.5119546
IOWA,19,POWESHIEK,157,19157,CENTRAL,50,2018,1.0,118500.0,117400.0,6827000.0,58.2,3914.0061707452423,185800.2185,47510.094370800005
IOWA,19,POWESHIEK,157,19157,CENTRAL,50,2019,1.0,106500.0,105800.0,5649000.0,53.4,3591.201538106459,153740.3595,42815.7409236
IOWA,19,POWESHIEK,157,19157,CENTRAL,50,2020,1.0,114000.0,113000.0,6192000.0,54.8,3685.3528892927707,168518.376,45729.477546
IOWA,19,POWESHIEK,157,19157,CENTRAL,50,2022,1.0,125000.0,124200.0,7502000.0,60.4,4061.9582940380174,204170.681,50261.9567364
IOWA,19,POWESHIEK,157,19157,CENTRAL,50,2023,1.0,124500.0,123700.0,7360000.0,59.5,4001.4324254182457,200306.08,50059.613915400005
IOWA,19,POWESHIEK,157,19157,CENTRAL,50,2024,1.0,125500.0,124700.0,7682000.0,61.6,4142.659452197713,209069.471,50464.2995574
IOWA,19,POWESHIEK,157,19157,CENTRAL,50,2025,1.0,115000.0,114200.0,7172000.0,62.8,4223.360610357408,195189.566,46215.1003164
IOWA,19,RINGGOLD,159,19159,SOUTH CENTRAL,80,1980,1.0,52500.0,52400.0,1760000.0,33.6,2259.63242847148,47899.28,21205.5276408
IOWA,19,RINGGOLD,159,19159,SOUTH CENTRAL,80,1981,1.0,51700.0,50600.0,1973000.0,39.0,2622.787640190111,53696.1815,20477.0934852
IOWA,19,RINGGOLD,159,19159,SOUTH CENTRAL,80,1982,1.0,60100.0,58900.0,1534000.0,26.0,1748.5250934600738,41748.577,23835.9843138
IOWA,19,RINGGOLD,159,19159,SOUTH CENTRAL,80,1983,1.0,55600.0,55400.0,1193000.0,21.5,1445.8957503612148,32468.0915,22419.5845668
IOWA,19,RINGGOLD,159,19159,SOUTH CENTRAL,80,1984,1.0,57800.0,57300.0,1277000.0,22.3,1499.6965224676787,34754.1935,23188.4872866
IOWA,19,RINGGOLD,159,19159,SOUTH CENTRAL,80,1985,1.0,52600.0,52300.0,1969000.0,37.6,2528.636289003799,53587.3195,21165.059076600002
IOWA,19,RINGGOLD,159,19159,SOUTH CENTRAL,80,1986,1.0,55500.0,55400.0,1951000.0,35.2,2367.233972684408,53097.4405,22419.5845668
IOWA,19,RINGGOLD,159,19159,SOUTH CENTRAL,80,1987,1.0,45000.0,43900.0,1604000.0,36.5,2454.6602273574113,43653.662,17765.6996838
IOWA,19,RINGGOLD,159,19159,SOUTH CENTRAL,80,1988,1.0,43300.0,43100.0,988000.0,22.9,1540.0471015475264,26888.914,17441.9511702
IOWA,19,RINGGOLD,159,19159,SOUTH CENTRAL,80,1989,1.0,41800.0,41600.0,1344000.0,32.3,2172.206173798476,36577.632,16834.9227072
IOWA,19,RINGGOLD,159,19159,SOUTH CENTRAL,80,1990,1.0,40000.0,39800.0,1151000.0,28.9,1943.552892346005,31325.0405,16106.488551600001
IOWA,19,RINGGOLD,159,19159,SOUTH CENTRAL,80,1991,1.0,40400.0,40200.0,1408000.0,35.0,2353.7837796577915,38319.424,16268.362808400001
IOWA,19,RINGGOLD,159,19159,SOUTH CENTRAL,80,1992,1.0,36000.0,35800.0,1345000.0,37.6,2528.636289003799,36604.8475,14487.7459836
IOWA,19,RINGGOLD,159,19159,SOUTH CENTRAL,80,1993,1.0,35000.0,33900.0,831000.0,24.5,1647.6486457604542,22616.0805,13718.843263800001
IOWA,19,RINGGOLD,159,19159,SOUTH CENTRAL,80,1994,1.0,38000.0,37900.0,1813000.0,47.8,3214.596133361212,49341.7015,15337.585831800001
IOWA,19,RINGGOLD,159,19159,SOUTH CENTRAL,80,1995,1.0,51000.0,50600.0,1299000.0,25.7,1728.3498039201497,35352.9345,20477.0934852
IOWA,19,RINGGOLD,159,19159,SOUTH CENTRAL,80,1996,1.0,35000.0,34500.0,1168000.0,33.9,2279.8077180114037,31787.704,13961.654649
IOWA,19,RINGGOLD,159,19159,SOUTH CENTRAL,80,1997,1.0,49500.0,49000.0,2027000.0,41.4,2784.189956509502,55165.8185,19829.596458
IOWA,19,RINGGOLD,159,19159,SOUTH CENTRAL,80,1998,1.0,50500.0,50300.0,1997000.0,39.7,2669.8633157832664,54349.3535,20355.6877926
IOWA,19,RINGGOLD,159,19159,SOUTH CENTRAL,80,1999,1.0,49000.0,48700.0,1763000.0,36.2,2434.4849378174877,47980.9265,19708.1907654
IOWA,19,RINGGOLD,159,19159,SOUTH CENTRAL,80,2000,1.0,49000.0,48800.0,1911000.0,39.2,2636.237833216727,52008.8205,19748.6593296
IOWA,19,RINGGOLD,159,19159,SOUTH CENTRAL,80,2001,1.0,46000.0,45700.0,1765000.0,38.6,2595.8872541368787,48035.3575,18494.1338394
IOWA,19,RINGGOLD,159,19159,SOUTH CENTRAL,80,2002,1.0,47000.0,46800.0,1974000.0,42.2,2837.990728615966,53723.397,18939.288045600002
IOWA,19,RINGGOLD,159,19159,SOUTH CENTRAL,80,2003,1.0,47000.0,46800.0,1248000.0,26.7,1795.6007690532294,33964.944,18939.288045600002
IOWA,19,RINGGOLD,159,19159,SOUTH CENTRAL,80,2004,1.0,45000.0,44800.0,2107000.0,47.0,3160.7953612547485,57343.0585,18129.9167616
IOWA,19,RINGGOLD,159,19159,SOUTH CENTRAL,80,2005,1.0,48000.0,47700.0,2544700.0,53.3,3584.476441593151,69255.28284999999,19303.505123400002
IOWA,19,RINGGOLD,159,19159,SOUTH CENTRAL,80,2006,1.0,49500.0,49200.0,2064600.0,42.0,2824.54053558935,56189.1213,19910.5335864
IOWA,19,RINGGOLD,159,19159,SOUTH CENTRAL,80,2007,1.0,46500.0,46400.0,2150000.0,46.3,3113.719685661593,58513.325,18777.4137888
IOWA,19,RINGGOLD,159,19159,SOUTH CENTRAL,80,2008,1.0,57900.0,57400.0,1530000.0,26.5,1782.1505760266136,41639.715,23228.9558508
IOWA,19,RINGGOLD,159,19159,SOUTH CENTRAL,80,2009,1.0,54500.0,54000.0,2444000.0,45.5,3059.918913555129,66514.682,21853.024668000002
IOWA,19,RINGGOLD,159,19159,SOUTH CENTRAL,80,2010,1.0,59100.0,58500.0,2567000.0,43.9,2952.3173693422013,69862.1885,23674.110057
IOWA,19,RINGGOLD,159,19159,SOUTH CENTRAL,80,2011,1.0,59100.0,58700.0,2566000.0,43.7,2938.8671763155858,69834.973,23755.047185400002
IOWA,19,RINGGOLD,159,19159,SOUTH CENTRAL,80,2012,1.0,64400.0,64200.0,2370000.0,36.9,2481.560613410643,64500.735,25980.8182164
IOWA,19,RINGGOLD,159,19159,SOUTH CENTRAL,80,2013,1.0,62400.0,62100.0,2100000.0,33.8,2273.0826214980957,57152.55,25130.9783682
IOWA,19,RINGGOLD,159,19159,SOUTH CENTRAL,80,2014,1.0,67700.0,67300.0,3102000.0,46.1,3100.269492634977,84422.481,27235.3437066
IOWA,19,RINGGOLD,159,19159,SOUTH CENTRAL,80,2015,1.0,47500.0,47100.0,2033000.0,43.2,2905.2416937490457,55329.1115,19060.6937382
IOWA,19,RINGGOLD,159,19159,SOUTH CENTRAL,80,2016,1.0,64400.0,64200.0,3316000.0,51.7,3476.874897380224,90246.598,25980.8182164
IOWA,19,RINGGOLD,159,19159,SOUTH CENTRAL,80,2017,1.0,64600.0,64300.0,3140000.0,48.8,3281.847098494292,85456.67,26021.2867806
IOWA,19,RINGGOLD,159,19159,SOUTH CENTRAL,80,2018,1.0,58300.0,57600.0,2718000.0,47.2,3174.245554281365,73971.729,23309.8929792
IOWA,19,RINGGOLD,159,19159,SOUTH CENTRAL,80,2020,1.0,55100.0,54600.0,2763000.0,50.6,3402.8988357338358,75196.4265,22095.8360532
IOWA,19,RINGGOLD,159,19159,SOUTH CENTRAL,80,2021,1.0,59500.0,59100.0,3191000.0,54.0,3631.552117186307,86844.6605,23916.9214422
IOWA,19,RINGGOLD,159,19159,SOUTH CENTRAL,80,2022,1.0,58900.0,58300.0,2438000.0,41.8,2811.090342562734,66351.389,23593.1729286
IOWA,19,SAC,161,19161,WEST CENTRAL,40,1980,1.0,109500.0,109400.0,3870000.0,35.4,2380.6841657110235,105323.985,44272.6092348
IOWA,19,SAC,161,19161,WEST CENTRAL,40,1981,1.0,109500.0,109500.0,4564000.0,41.7,2804.3652460494263,124211.542,44313.077799
IOWA,19,SAC,161,19161,WEST CENTRAL,40,1982,1.0,120000.0,119600.0,4475000.0,37.4,2515.186095977183,121789.3625,48400.4027832
IOWA,19,SAC,161,19161,WEST CENTRAL,40,1983,1.0,109000.0,108700.0,3746000.0,34.5,2320.158297091252,101949.263,43989.3292854
IOWA,19,SAC,161,19161,WEST CENTRAL,40,1984,1.0,125000.0,123800.0,3888000.0,31.4,2111.680305178704,105813.864,50100.0824796
IOWA,19,SAC,161,19161,WEST CENTRAL,40,1985,1.0,117000.0,116600.0,4581000.0,39.3,2642.9629297300344,124674.2055,47186.3458572
IOWA,19,SAC,161,19161,WEST CENTRAL,40,1986,1.0,124000.0,123500.0,5542000.0,44.9,3019.568334475281,150828.301,49978.676787000004
IOWA,19,SAC,161,19161,WEST CENTRAL,40,1987,1.0,123000.0,122300.0,5366000.0,43.9,2952.3173693422013,146038.373,49493.0540166
IOWA,19,SAC,161,19161,WEST CENTRAL,40,1988,1.0,124000.0,123400.0,4852000.0,39.3,2642.9629297300344,132049.606,49938.2082228
IOWA,19,SAC,161,19161,WEST CENTRAL,40,1989,1.0,125000.0,124700.0,5300000.0,42.5,2858.1660181558896,144242.15,50464.2995574
IOWA,19,SAC,161,19161,WEST CENTRAL,40,1990,1.0,120000.0,119300.0,4954000.0,41.5,2790.91505302281,134825.587,48278.9970906
IOWA,19,SAC,161,19161,WEST CENTRAL,40,1991,1.0,132000.0,131100.0,5082000.0,38.8,2609.3374471634943,138309.171,53054.2876662
IOWA,19,SAC,161,19161,WEST CENTRAL,40,1992,1.0,124000.0,123700.0,5652000.0,45.7,3073.369106581745,153822.006,50059.613915400005
IOWA,19,SAC,161,19161,WEST CENTRAL,40,1993,1.0,131000.0,130300.0,4969000.0,38.1,2562.261771570339,135233.8195,52730.5391526
IOWA,19,SAC,161,19161,WEST CENTRAL,40,1994,1.0,132000.0,131700.0,7238000.0,55.0,3698.8030823193867,196985.789,53297.0990514
IOWA,19,SAC,161,19161,WEST CENTRAL,40,1995,1.0,136000.0,134800.0,6237000.0,46.3,3113.719685661593,169743.0735,54551.6245416
IOWA,19,SAC,161,19161,WEST CENTRAL,40,1996,1.0,145000.0,144800.0,6367000.0,44.0,2959.0424658555094,173281.0885,58598.4809616
IOWA,19,SAC,161,19161,WEST CENTRAL,40,1997,1.0,148700.0,147400.0,6996000.0,47.5,3194.4208438212886,190399.638,59650.6636308
IOWA,19,SAC,161,19161,WEST CENTRAL,40,1998,1.0,153500.0,152700.0,6898000.0,45.2,3039.743624015205,187732.519,61795.497533400005
IOWA,19,SAC,161,19161,WEST CENTRAL,40,1999,1.0,149000.0,148700.0,6386000.0,42.9,2885.0664042091216,173798.183,60176.7549654
IOWA,19,SAC,161,19161,WEST CENTRAL,40,2000,1.0,146000.0,145800.0,4912000.0,33.7,2266.357524984788,133682.536,59003.1666036
IOWA,19,SAC,161,19161,WEST CENTRAL,40,2001,1.0,150000.0,149200.0,7160000.0,48.0,3228.0463263878282,194862.98,60379.0977864
IOWA,19,SAC,161,19161,WEST CENTRAL,40,2002,1.0,142000.0,141400.0,7487000.0,52.9,3557.5760555399193,203762.4485,57222.5497788
IOWA,19,SAC,161,19161,WEST CENTRAL,40,2003,1.0,138000.0,137400.0,4308000.0,31.4,2111.680305178704,117244.374,55603.807210800005
IOWA,19,SAC,161,19161,WEST CENTRAL,40,2004,1.0,137000.0,136500.0,6602000.0,48.4,3254.9467124410603,179676.731,55239.590133000005
IOWA,19,SAC,161,19161,WEST CENTRAL,40,2005,1.0,138000.0,137400.0,7568200.0,55.1,3705.5281788326947,205972.34709999998,55603.807210800005
IOWA,19,SAC,161,19161,WEST CENTRAL,40,2006,1.0,135500.0,135000.0,6366900.0,47.2,3174.245554281365,173278.36695,54632.56167
IOWA,19,SAC,161,19161,WEST CENTRAL,40,2007,1.0,121500.0,121300.0,6551000.0,54.0,3631.552117186307,178288.7405,49088.3683746
IOWA,19,SAC,161,19161,WEST CENTRAL,40,2008,1.0,125500.0,124900.0,6300000.0,50.5,3396.1737392205278,171457.65,50545.2366858
IOWA,19,SAC,161,19161,WEST CENTRAL,40,2009,1.0,130000.0,128200.0,6442000.0,50.0,3362.548256653988,175322.251,51880.699304400005
IOWA,19,SAC,161,19161,WEST CENTRAL,40,2010,1.0,135000.0,134700.0,7337000.0,54.5,3665.177599752847,199680.1235,54511.155977400005
IOWA,19,SAC,161,19161,WEST CENTRAL,40,2011,1.0,126000.0,125500.0,6426000.0,51.2,3443.249414813684,174886.803,50788.048071000005
IOWA,19,SAC,161,19161,WEST CENTRAL,40,2012,1.0,125000.0,124600.0,5430000.0,43.6,2932.1420798022777,147780.165,50423.830993200005
IOWA,19,SAC,161,19161,WEST CENTRAL,40,2013,1.0,124000.0,123200.0,5246000.0,42.6,2864.891114669198,142772.513,49857.2710944
IOWA,19,SAC,161,19161,WEST CENTRAL,40,2014,1.0,131000.0,130500.0,7199000.0,55.2,3712.2532753460027,195924.3845,52811.476281
IOWA,19,SAC,161,19161,WEST CENTRAL,40,2015,1.0,131500.0,130900.0,7941000.0,60.7,4082.1335835779414,216118.2855,52973.350537800005
IOWA,19,SAC,161,19161,WEST CENTRAL,40,2016,1.0,128500.0,128000.0,8104000.0,63.3,4256.9860929239485,220554.412,51799.762176000004
IOWA,19,SAC,161,19161,WEST CENTRAL,40,2017,1.0,134500.0,133600.0,7726000.0,57.8,3887.10578469201,210266.953,54066.001771200004
IOWA,19,SAC,161,19161,WEST CENTRAL,40,2018,1.0,143000.0,141500.0,8592000.0,60.7,4082.1335835779414,233835.576,57263.018343
IOWA,19,SAC,161,19161,WEST CENTRAL,40,2019,1.0,131000.0,130000.0,7715000.0,59.3,3987.9822323916296,209967.5825,52609.133460000005
IOWA,19,SAC,161,19161,WEST CENTRAL,40,2020,1.0,137000.0,135900.0,6401000.0,47.1,3167.520457768057,174206.4155,54996.7787478
IOWA,19,SAC,161,19161,WEST CENTRAL,40,2022,1.0,139500.0,138500.0,8491000.0,61.3,4122.484162657789,231086.8105,56048.961417
IOWA,19,SAC,161,19161,WEST CENTRAL,40,2023,1.0,138000.0,137100.0,7966000.0,58.1,3907.2810742319343,216798.673,55482.4015182
IOWA,19,SAC,161,19161,WEST CENTRAL,40,2024,1.0,137000.0,136100.0,8710000.0,64.0,4304.061768517105,237047.005,55077.7158762
IOWA,19,SAC,161,19161,WEST CENTRAL,40,2025,1.0,130000.0,129100.0,8559000.0,66.3,4458.738988323188,232937.4645,52244.916382200005
IOWA,19,SCOTT,163,19163,EAST CENTRAL,60,1980,1.0,42400.0,42300.0,1870000.0,44.2,2972.4926588821254,50892.985,17118.202656600002
IOWA,19,SCOTT,163,19163,EAST CENTRAL,60,1981,1.0,38400.0,38400.0,1764000.0,45.9,3086.819299608361,48008.142,15539.928652800001
IOWA,19,SCOTT,163,19163,EAST CENTRAL,60,1982,1.0,38600.0,38100.0,1638000.0,43.0,2891.7915007224296,44578.989,15418.5229602
IOWA,19,SCOTT,163,19163,EAST CENTRAL,60,1983,1.0,39500.0,39500.0,1655000.0,41.9,2817.815439076042,45041.6525,15985.082859
IOWA,19,SCOTT,163,19163,EAST CENTRAL,60,1984,1.0,42000.0,42000.0,1775000.0,42.3,2844.7158251292735,48307.5125,16996.796964
IOWA,19,SCOTT,163,19163,EAST CENTRAL,60,1985,1.0,42800.0,42200.0,1903000.0,45.1,3033.018527501897,51791.0965,17077.734092400002
IOWA,19,SCOTT,163,19163,EAST CENTRAL,60,1986,1.0,46700.0,46500.0,2181000.0,46.9,3154.0702647414405,59357.0055,18817.882353
IOWA,19,SCOTT,163,19163,EAST CENTRAL,60,1987,1.0,40700.0,40400.0,1930000.0,47.8,3214.596133361212,52525.915,16349.2999368
IOWA,19,SCOTT,163,19163,EAST CENTRAL,60,1988,1.0,41600.0,41100.0,1475000.0,35.9,2414.309648277563,40142.8625,16632.5798862
IOWA,19,SCOTT,163,19163,EAST CENTRAL,60,1989,1.0,48700.0,48600.0,2303000.0,47.4,3187.6957473079806,62677.2965,19667.722201200002
IOWA,19,SCOTT,163,19163,EAST CENTRAL,60,1990,1.0,48600.0,48000.0,2308000.0,48.1,3234.7714229011367,62813.374,19424.910816
IOWA,19,SCOTT,163,19163,EAST CENTRAL,60,1991,1.0,46600.0,46400.0,2350000.0,50.6,3402.8988357338358,63956.425,18777.4137888
IOWA,19,SCOTT,163,19163,EAST CENTRAL,60,1992,1.0,49000.0,48800.0,2317000.0,47.5,3194.4208438212886,63058.3135,19748.6593296
IOWA,19,SCOTT,163,19163,EAST CENTRAL,60,1993,1.0,52000.0,50600.0,2171000.0,42.9,2885.0664042091216,59084.8505,20477.0934852
IOWA,19,SCOTT,163,19163,EAST CENTRAL,60,1994,1.0,55000.0,54900.0,3121000.0,56.8,3819.85481955893,84939.5755,22217.2417458
IOWA,19,SCOTT,163,19163,EAST CENTRAL,60,1995,1.0,55000.0,54800.0,2770000.0,50.5,3396.1737392205278,75386.935,22176.7731816
IOWA,19,SCOTT,163,19163,EAST CENTRAL,60,1996,1.0,66000.0,65800.0,3275000.0,49.8,3349.0980636273716,89130.7625,26628.315243600002
IOWA,19,SCOTT,163,19163,EAST CENTRAL,60,1997,1.0,74600.0,73800.0,3889000.0,52.7,3544.1258625133037,105841.0795,29865.8003796
IOWA,19,SCOTT,163,19163,EAST CENTRAL,60,1998,1.0,73300.0,73100.0,4073000.0,55.7,3745.878757912543,110848.7315,29582.520430200002
IOWA,19,SCOTT,163,19163,EAST CENTRAL,60,1999,1.0,77000.0,76900.0,4339000.0,56.4,3792.9544335056985,118088.0545,31120.325869800003
IOWA,19,SCOTT,163,19163,EAST CENTRAL,60,2000,1.0,81000.0,80800.0,3984000.0,49.3,3315.472581060832,108426.552,32698.5998736
IOWA,19,SCOTT,163,19163,EAST CENTRAL,60,2001,1.0,82000.0,81500.0,4367000.0,53.6,3604.6517311330754,118850.0885,32981.879823
IOWA,19,SCOTT,163,19163,EAST CENTRAL,60,2002,1.0,79000.0,78800.0,4252000.0,54.0,3631.552117186307,115720.306,31889.2285896
IOWA,19,SCOTT,163,19163,EAST CENTRAL,60,2003,1.0,73000.0,72700.0,2738000.0,37.7,2535.361385517107,74516.039,29420.6461734
IOWA,19,SCOTT,163,19163,EAST CENTRAL,60,2004,1.0,73500.0,73100.0,3815000.0,52.2,3510.5003799467636,103827.1325,29582.520430200002
IOWA,19,SCOTT,163,19163,EAST CENTRAL,60,2005,1.0,68500.0,68100.0,3474800.0,51.0,3429.799221787068,94568.41939999998,27559.0922202
IOWA,19,SCOTT,163,19163,EAST CENTRAL,60,2006,1.0,76500.0,75900.0,4183000.0,55.1,3705.5281788326947,113842.4365,30715.640227800002
IOWA,19,SCOTT,163,19163,EAST CENTRAL,60,2007,1.0,58500.0,58400.0,3050000.0,52.2,3510.5003799467636,83007.275,23633.6414928
IOWA,19,SCOTT,163,19163,EAST CENTRAL,60,2008,1.0,68700.0,68200.0,3485000.0,51.0,3429.799221787068,94846.0175,27599.5607844
IOWA,19,SCOTT,163,19163,EAST CENTRAL,60,2009,1.0,66500.0,66200.0,3591000.0,54.0,3631.552117186307,97730.8605,26790.1895004
IOWA,19,SCOTT,163,19163,EAST CENTRAL,60,2010,1.0,67500.0,66700.0,3494000.0,52.4,3523.950572973379,95090.957,26992.532321400002
IOWA,19,SCOTT,163,19163,EAST CENTRAL,60,2011,1.0,63200.0,62800.0,4018000.0,64.0,4304.061768517105,109351.879,25414.2583176
IOWA,19,SCOTT,163,19163,EAST CENTRAL,60,2012,1.0,67100.0,66900.0,3322000.0,49.7,3342.372967114064,90409.891,27073.469449800003
IOWA,19,SCOTT,163,19163,EAST CENTRAL,60,2013,1.0,67100.0,66000.0,3576000.0,54.2,3645.002310212923,97322.628,26709.252372
IOWA,19,SCOTT,163,19163,EAST CENTRAL,60,2014,1.0,73400.0,73100.0,4362000.0,59.7,4014.8826184448617,118714.011,29582.520430200002
IOWA,19,SCOTT,163,19163,EAST CENTRAL,60,2015,1.0,71900.0,71600.0,4377000.0,61.1,4109.033969631173,119122.2435,28975.4919672
IOWA,19,SCOTT,163,19163,EAST CENTRAL,60,2016,1.0,71800.0,71500.0,4608000.0,64.4,4330.962154570337,125409.024,28935.023403
IOWA,19,SCOTT,163,19163,EAST CENTRAL,60,2017,1.0,70400.0,70000.0,4437000.0,63.4,4263.7111894372565,120755.1735,28327.99494
IOWA,19,SCOTT,163,19163,EAST CENTRAL,60,2018,1.0,68600.0,67600.0,4308000.0,63.7,4283.886478977181,117244.374,27356.7493992
IOWA,19,SCOTT,163,19163,EAST CENTRAL,60,2019,1.0,67300.0,66800.0,4042000.0,60.5,4068.6833905513254,110005.051,27033.000885600002
IOWA,19,SCOTT,163,19163,EAST CENTRAL,60,2020,1.0,66400.0,65800.0,4014000.0,61.0,4102.308873117865,109243.017,26628.315243600002
IOWA,19,SCOTT,163,19163,EAST CENTRAL,60,2021,1.0,70400.0,70000.0,4767000.0,68.1,4579.7907255627315,129736.2885,28327.99494
IOWA,19,SCOTT,163,19163,EAST CENTRAL,60,2022,1.0,70300.0,69800.0,4824000.0,69.1,4647.041690695811,131287.572,28247.0578116
IOWA,19,SCOTT,163,19163,EAST CENTRAL,60,2023,1.0,71100.0,70600.0,4679000.0,66.3,4458.738988323188,127341.3245,28570.8063252
IOWA,19,SCOTT,163,19163,EAST CENTRAL,60,2024,1.0,70500.0,70100.0,4914000.0,70.1,4714.292655828891,133736.967,28368.4635042
IOWA,19,SCOTT,163,19163,EAST CENTRAL,60,2025,1.0,68300.0,67800.0,4590000.0,67.7,4552.8903395095,124919.145,27437.686527600003
IOWA,19,SHELBY,165,19165,WEST CENTRAL,40,1980,1.0,79600.0,77900.0,2840000.0,36.5,2454.6602273574113,77292.02,31525.0115118
IOWA,19,SHELBY,165,19165,WEST CENTRAL,40,1981,1.0,79600.0,79600.0,3425000.0,43.0,2891.7915007224296,93213.0875,32212.977103200003
IOWA,19,SHELBY,165,19165,WEST CENTRAL,40,1982,1.0,85100.0,85000.0,3269000.0,38.5,2589.1621576235707,88967.4695,34398.27957
IOWA,19,SHELBY,165,19165,WEST CENTRAL,40,1983,1.0,83900.0,83900.0,3046000.0,36.3,2441.210034330795,82898.413,33953.1253638
IOWA,19,SHELBY,165,19165,WEST CENTRAL,40,1984,1.0,96400.0,95900.0,3001000.0,31.3,2104.9552086653966,81673.7155,38809.3530678
IOWA,19,SHELBY,165,19165,WEST CENTRAL,40,1985,1.0,87800.0,87500.0,3576000.0,40.9,2750.564473942962,97322.628,35409.993675
IOWA,19,SHELBY,165,19165,WEST CENTRAL,40,1986,1.0,88700.0,88500.0,3955000.0,44.7,3006.1181414486655,107637.3025,35814.679317
IOWA,19,SHELBY,165,19165,WEST CENTRAL,40,1987,1.0,88700.0,88400.0,3796000.0,42.9,2885.0664042091216,103310.038,35774.2107528
IOWA,19,SHELBY,165,19165,WEST CENTRAL,40,1988,1.0,94900.0,94500.0,2918000.0,30.9,2078.0548226121646,79414.829,38242.793169000004
IOWA,19,SHELBY,165,19165,WEST CENTRAL,40,1989,1.0,98300.0,97500.0,3809000.0,39.1,2629.512736703419,103663.8395,39456.850095
IOWA,19,SHELBY,165,19165,WEST CENTRAL,40,1990,1.0,92700.0,92300.0,3871000.0,41.9,2817.815439076042,105351.2005,37352.4847566
IOWA,19,SHELBY,165,19165,WEST CENTRAL,40,1991,1.0,95800.0,95500.0,4288000.0,44.9,3019.568334475281,116700.064,38647.478811
IOWA,19,SHELBY,165,19165,WEST CENTRAL,40,1992,1.0,96000.0,95900.0,4233000.0,44.1,2965.7675623688174,115203.2115,38809.3530678
IOWA,19,SHELBY,165,19165,WEST CENTRAL,40,1993,1.0,102000.0,101000.0,3686000.0,36.5,2454.6602273574113,100316.333,40873.249842000005
IOWA,19,SHELBY,165,19165,WEST CENTRAL,40,1994,1.0,104000.0,103800.0,5431000.0,52.3,3517.225476460071,147807.3805,42006.3696396
IOWA,19,SHELBY,165,19165,WEST CENTRAL,40,1995,1.0,111000.0,110700.0,5144000.0,46.5,3127.169878688209,139996.532,44798.7005694
IOWA,19,SHELBY,165,19165,WEST CENTRAL,40,1996,1.0,111000.0,110100.0,4997000.0,45.4,3053.193817041821,135995.8535,44555.8891842
IOWA,19,SHELBY,165,19165,WEST CENTRAL,40,1997,1.0,130800.0,129800.0,6205000.0,47.8,3214.596133361212,168872.1775,52528.196331600004
IOWA,19,SHELBY,165,19165,WEST CENTRAL,40,1998,1.0,138600.0,138200.0,6484000.0,46.9,3154.0702647414405,176465.302,55927.5557244
IOWA,19,SHELBY,165,19165,WEST CENTRAL,40,1999,1.0,140000.0,139800.0,6052000.0,43.3,2911.9667902623532,164708.206,56575.0527516
IOWA,19,SHELBY,165,19165,WEST CENTRAL,40,2000,1.0,139000.0,138600.0,5336000.0,38.5,2589.1621576235707,145221.908,56089.4299812
IOWA,19,SHELBY,165,19165,WEST CENTRAL,40,2001,1.0,145000.0,143600.0,6896000.0,48.0,3228.0463263878282,187678.088,58112.8581912
IOWA,19,SHELBY,165,19165,WEST CENTRAL,40,2002,1.0,140000.0,139400.0,6665000.0,47.8,3214.596133361212,181391.3075,56413.1784948
IOWA,19,SHELBY,165,19165,WEST CENTRAL,40,2003,1.0,144000.0,143400.0,4664000.0,32.5,2185.6563668250924,126933.092,58031.9210628
IOWA,19,SHELBY,165,19165,WEST CENTRAL,40,2004,1.0,141000.0,140500.0,6937000.0,49.4,3322.19767757414,188793.9235,56858.332701
IOWA,19,SHELBY,165,19165,WEST CENTRAL,40,2005,1.0,140500.0,139800.0,7548400.0,54.0,3631.552117186307,205433.4802,56575.0527516
IOWA,19,SHELBY,165,19165,WEST CENTRAL,40,2006,1.0,141000.0,140500.0,7304200.0,52.0,3497.0501869201476,198787.4551,56858.332701
IOWA,19,SHELBY,165,19165,WEST CENTRAL,40,2007,1.0,129000.0,128900.0,6847000.0,53.1,3571.0262485665353,186344.5285,52163.979253800004
IOWA,19,SHELBY,165,19165,WEST CENTRAL,40,2008,1.0,134500.0,133800.0,6477000.0,48.5,3261.6718089543683,176274.7935,54146.938899600005
IOWA,19,SHELBY,165,19165,WEST CENTRAL,40,2009,1.0,136000.0,135700.0,7466000.0,55.0,3698.8030823193867,203190.923,54915.8416194
IOWA,19,SHELBY,165,19165,WEST CENTRAL,40,2010,1.0,139000.0,138600.0,7674000.0,55.4,3725.7034683726188,208851.747,56089.4299812
IOWA,19,SHELBY,165,19165,WEST CENTRAL,40,2011,1.0,136000.0,135300.0,6928000.0,51.2,3443.249414813684,188548.984,54753.9673626
IOWA,19,SHELBY,165,19165,WEST CENTRAL,40,2012,1.0,129000.0,128500.0,5587000.0,43.5,2925.4169832889697,152052.9985,52002.104997
IOWA,19,SHELBY,165,19165,WEST CENTRAL,40,2013,1.0,133000.0,132400.0,6798000.0,51.3,3449.9745113269914,185010.969,53580.3790008
IOWA,19,SHELBY,165,19165,WEST CENTRAL,40,2014,1.0,137500.0,136900.0,7567000.0,55.3,3718.9783718593103,205939.6885,55401.4643898
IOWA,19,SHELBY,165,19165,WEST CENTRAL,40,2015,1.0,144000.0,143400.0,8202000.0,57.2,3846.7552056121626,223221.531,58031.9210628
IOWA,19,SHELBY,165,19165,WEST CENTRAL,40,2016,1.0,133500.0,133000.0,8040000.0,60.5,4068.6833905513254,218812.62,53823.190386
IOWA,19,SHELBY,165,19165,WEST CENTRAL,40,2017,1.0,143500.0,142700.0,8305000.0,58.2,3914.0061707452423,226024.7275,57748.6411134
IOWA,19,SHELBY,165,19165,WEST CENTRAL,40,2018,1.0,137000.0,135900.0,7857000.0,57.8,3887.10578469201,213832.1835,54996.7787478
IOWA,19,SHELBY,165,19165,WEST CENTRAL,40,2019,1.0,135000.0,134100.0,7878000.0,58.7,3947.631653311782,214403.709,54268.3445922
IOWA,19,SHELBY,165,19165,WEST CENTRAL,40,2020,1.0,132500.0,131400.0,6938000.0,52.8,3550.8509590266112,188821.139,53175.6933588
IOWA,19,SHELBY,165,19165,WEST CENTRAL,40,2022,1.0,140500.0,139500.0,8091000.0,58.0,3900.555977718626,220200.6105,56453.647059
IOWA,19,SHELBY,165,19165,WEST CENTRAL,40,2023,1.0,138000.0,137100.0,7307000.0,53.3,3584.476441593151,198863.6585,55482.4015182
IOWA,19,SHELBY,165,19165,WEST CENTRAL,40,2024,1.0,139500.0,138600.0,8843000.0,63.8,4290.611575490489,240666.6665,56089.4299812
IOWA,19,SIOUX,167,19167,NORTHWEST,10,1980,1.0,104500.0,104400.0,4230000.0,40.5,2723.66408788973,115121.565,42249.181024800004
IOWA,19,SIOUX,167,19167,NORTHWEST,10,1981,1.0,101000.0,100600.0,4373000.0,43.5,2925.4169832889697,119013.3815,40711.3755852
IOWA,19,SIOUX,167,19167,NORTHWEST,10,1982,1.0,112000.0,111000.0,4276000.0,38.5,2589.1621576235707,116373.478,44920.106262
IOWA,19,SIOUX,167,19167,NORTHWEST,10,1983,1.0,111000.0,110700.0,4109000.0,37.1,2495.0108064372594,111828.4895,44798.7005694
IOWA,19,SIOUX,167,19167,NORTHWEST,10,1984,1.0,127000.0,125400.0,4787000.0,38.2,2568.986868083647,130280.5985,50747.5795068
IOWA,19,SIOUX,167,19167,NORTHWEST,10,1985,1.0,117000.0,116600.0,4770000.0,40.9,2750.564473942962,129817.935,47186.3458572
IOWA,19,SIOUX,167,19167,NORTHWEST,10,1986,1.0,121000.0,120900.0,5430000.0,44.9,3019.568334475281,147780.165,48926.4941178
IOWA,19,SIOUX,167,19167,NORTHWEST,10,1987,1.0,121000.0,120500.0,5495000.0,45.6,3066.644010068437,149549.1725,48764.619861
IOWA,19,SIOUX,167,19167,NORTHWEST,10,1988,1.0,128000.0,127200.0,5180000.0,40.7,2737.1142809163466,140976.29,51476.0136624
IOWA,19,SIOUX,167,19167,NORTHWEST,10,1989,1.0,137000.0,136700.0,6210000.0,45.4,3053.193817041821,169008.255,55320.5272614
IOWA,19,SIOUX,167,19167,NORTHWEST,10,1990,1.0,130000.0,128900.0,5722000.0,44.4,2985.9428519087414,155727.091,52163.979253800004
IOWA,19,SIOUX,167,19167,NORTHWEST,10,1991,1.0,138000.0,137600.0,6715000.0,48.8,3281.847098494292,182752.0825,55684.7443392
IOWA,19,SIOUX,167,19167,NORTHWEST,10,1992,1.0,142000.0,141500.0,6425000.0,45.4,3053.193817041821,174859.5875,57263.018343
IOWA,19,SIOUX,167,19167,NORTHWEST,10,1993,1.0,146000.0,139000.0,5030000.0,36.2,2434.4849378174877,136893.965,56251.304238000004
IOWA,19,SIOUX,167,19167,NORTHWEST,10,1994,1.0,156000.0,155300.0,8643000.0,55.7,3745.878757912543,235223.5665,62847.6802026
IOWA,19,SIOUX,167,19167,NORTHWEST,10,1995,1.0,156000.0,155500.0,7538000.0,48.5,3261.6718089543683,205150.439,62928.617331
IOWA,19,SIOUX,167,19167,NORTHWEST,10,1996,1.0,173000.0,171100.0,8587000.0,50.2,3375.998449680604,233699.4985,69241.7133462
IOWA,19,SIOUX,167,19167,NORTHWEST,10,1997,1.0,186600.0,185200.0,9075000.0,49.0,3295.2972915209084,246980.6625,74947.7808984
IOWA,19,SIOUX,167,19167,NORTHWEST,10,1998,1.0,182300.0,182000.0,9409000.0,51.7,3476.874897380224,256070.6395,73652.786844
IOWA,19,SIOUX,167,19167,NORTHWEST,10,1999,1.0,188000.0,187500.0,9913000.0,52.9,3557.5760555399193,269787.2515,75878.557875
IOWA,19,SIOUX,167,19167,NORTHWEST,10,2000,1.0,186000.0,185700.0,9074000.0,48.9,3288.5721950076,246953.447,75150.1237194
IOWA,19,SIOUX,167,19167,NORTHWEST,10,2001,1.0,194000.0,193000.0,9745000.0,50.5,3396.1737392205278,265215.0475,78104.328906
IOWA,19,SIOUX,167,19167,NORTHWEST,10,2002,1.0,185000.0,184400.0,9704000.0,52.6,3537.4007659999957,264099.212,74624.0323848
IOWA,19,SIOUX,167,19167,NORTHWEST,10,2003,1.0,181000.0,180300.0,7564000.0,42.0,2824.54053558935,205858.042,72964.8212526
IOWA,19,SIOUX,167,19167,NORTHWEST,10,2004,1.0,175000.0,173500.0,9304000.0,53.6,3604.6517311330754,253213.012,70212.958887
IOWA,19,SIOUX,167,19167,NORTHWEST,10,2005,1.0,171000.0,170300.0,9856600.0,57.9,3893.830881205318,268252.2973,68917.9648326
IOWA,19,SIOUX,167,19167,NORTHWEST,10,2006,1.0,166000.0,165500.0,9320100.0,56.3,3786.2293369923905,253651.18154999998,66975.473751
IOWA,19,SIOUX,167,19167,NORTHWEST,10,2007,1.0,150500.0,150300.0,8138000.0,54.1,3638.277213699615,221479.739,60824.2519926
IOWA,19,SIOUX,167,19167,NORTHWEST,10,2008,1.0,164000.0,163500.0,8909000.0,54.5,3665.177599752847,242462.8895,66166.102467
IOWA,19,SIOUX,167,19167,NORTHWEST,10,2009,1.0,161000.0,160600.0,8737000.0,54.5,3665.177599752847,237781.8235,64992.5141052
IOWA,19,SIOUX,167,19167,NORTHWEST,10,2010,1.0,163000.0,162000.0,9236000.0,57.0,3833.305012585546,251362.358,65559.07400400001
IOWA,19,SIOUX,167,19167,NORTHWEST,10,2011,1.0,149500.0,148700.0,8282000.0,55.7,3745.878757912543,225398.771,60176.7549654
IOWA,19,SIOUX,167,19167,NORTHWEST,10,2012,1.0,152500.0,151800.0,7323000.0,48.2,3241.4965194144447,199299.1065,61431.280455600005
IOWA,19,SIOUX,167,19167,NORTHWEST,10,2013,1.0,146500.0,146000.0,8942000.0,61.2,4115.759066144481,243361.001,59084.103732
IOWA,19,SIOUX,167,19167,NORTHWEST,10,2014,1.0,154000.0,153100.0,9246000.0,60.4,4061.9582940380174,251634.513,61957.3717902
IOWA,19,SIOUX,167,19167,NORTHWEST,10,2015,1.0,153000.0,152400.0,9774000.0,64.1,4310.786865030413,266004.297,61674.0918408
IOWA,19,SIOUX,167,19167,NORTHWEST,10,2016,1.0,152500.0,151900.0,10000000.0,65.8,4425.113505756648,272155.0,61471.7490198
IOWA,19,SIOUX,167,19167,NORTHWEST,10,2017,1.0,155500.0,154600.0,10076000.0,65.2,4384.762926676801,274223.378,62564.4002532
IOWA,19,SIOUX,167,19167,NORTHWEST,10,2018,1.0,160000.0,157600.0,10370000.0,65.8,4425.113505756648,282224.735,63778.4571792
IOWA,19,SIOUX,167,19167,NORTHWEST,10,2019,1.0,138000.0,136700.0,8314000.0,60.8,4088.858680091249,226269.667,55320.5272614
IOWA,19,SIOUX,167,19167,NORTHWEST,10,2021,1.0,157500.0,156400.0,11021000.0,70.5,4741.193041882123,299942.0255,63292.8344088
IOWA,19,SIOUX,167,19167,NORTHWEST,10,2022,1.0,159500.0,158300.0,9964000.0,62.9,4230.085706870716,271175.242,64061.737128600005
IOWA,19,STORY,169,19169,CENTRAL,50,1980,1.0,131200.0,131100.0,5530000.0,42.2,2837.990728615966,150501.715,53054.2876662
IOWA,19,STORY,169,19169,CENTRAL,50,1981,1.0,133800.0,133000.0,5879000.0,44.2,2972.4926588821254,159999.9245,53823.190386
IOWA,19,STORY,169,19169,CENTRAL,50,1982,1.0,137000.0,135900.0,5248000.0,38.6,2595.8872541368787,142826.944,54996.7787478
IOWA,19,STORY,169,19169,CENTRAL,50,1983,1.0,123000.0,122800.0,4891000.0,39.8,2676.5884122965745,133111.0105,49695.396837600005
IOWA,19,STORY,169,19169,CENTRAL,50,1984,1.0,132000.0,131200.0,4309000.0,32.8,2205.831656365016,117271.5895,53094.7562304
IOWA,19,STORY,169,19169,CENTRAL,50,1985,1.0,122000.0,121500.0,4525000.0,37.2,2501.7359029505674,123150.1375,49169.305503
IOWA,19,STORY,169,19169,CENTRAL,50,1986,1.0,128000.0,125700.0,5046000.0,40.1,2696.7637018364985,137329.413,50868.9851994
IOWA,19,STORY,169,19169,CENTRAL,50,1987,1.0,121000.0,120600.0,5734000.0,47.5,3194.4208438212886,156053.677,48805.0884252
IOWA,19,STORY,169,19169,CENTRAL,50,1988,1.0,121000.0,120400.0,2898000.0,24.1,1620.7482597072224,78870.519,48724.1512968
IOWA,19,STORY,169,19169,CENTRAL,50,1989,1.0,124000.0,123900.0,5151000.0,41.6,2797.6401495361183,140187.0405,50140.5510438
IOWA,19,STORY,169,19169,CENTRAL,50,1990,1.0,123000.0,121000.0,4968000.0,41.1,2764.0146669695782,135206.604,48966.962682000005
IOWA,19,STORY,169,19169,CENTRAL,50,1991,1.0,130000.0,126900.0,5114000.0,40.3,2710.213894863114,139180.067,51354.6079698
IOWA,19,STORY,169,19169,CENTRAL,50,1992,1.0,126000.0,124600.0,5839000.0,46.9,3154.0702647414405,158911.3045,50423.830993200005
IOWA,19,STORY,169,19169,CENTRAL,50,1993,1.0,130000.0,126100.0,4035000.0,32.0,2152.0308842585523,109814.5425,51030.8594562
IOWA,19,STORY,169,19169,CENTRAL,50,1994,1.0,133000.0,132800.0,7057000.0,53.1,3571.0262485665353,192059.7835,53742.2532576
IOWA,19,STORY,169,19169,CENTRAL,50,1995,1.0,133000.0,132800.0,6634000.0,50.0,3362.548256653988,180547.627,53742.2532576
IOWA,19,STORY,169,19169,CENTRAL,50,1996,1.0,134000.0,133400.0,6316000.0,47.3,3180.9706507946726,171893.098,53985.064642800004
IOWA,19,STORY,169,19169,CENTRAL,50,1997,1.0,154100.0,152400.0,7064000.0,46.4,3120.444782174901,192250.292,61674.0918408
IOWA,19,STORY,169,19169,CENTRAL,50,1998,1.0,146600.0,146200.0,6949000.0,47.5,3194.4208438212886,189120.5095,59165.040860400004
IOWA,19,STORY,169,19169,CENTRAL,50,1999,1.0,146000.0,145800.0,6533000.0,44.8,3012.843237961973,177798.8615,59003.1666036
IOWA,19,STORY,169,19169,CENTRAL,50,2000,1.0,142000.0,141900.0,6151000.0,43.3,2911.9667902623532,167402.5405,57424.892599800005
IOWA,19,STORY,169,19169,CENTRAL,50,2001,1.0,143000.0,142200.0,6099000.0,42.9,2885.0664042091216,165987.3345,57546.2982924
IOWA,19,STORY,169,19169,CENTRAL,50,2002,1.0,134000.0,133700.0,6209000.0,46.4,3120.444782174901,168981.0395,54106.4703354
IOWA,19,STORY,169,19169,CENTRAL,50,2003,1.0,128000.0,127500.0,4099000.0,32.1,2158.7559807718603,111556.3345,51597.419355
IOWA,19,STORY,169,19169,CENTRAL,50,2004,1.0,127000.0,125700.0,6288000.0,50.0,3362.548256653988,171131.064,50868.9851994
IOWA,19,STORY,169,19169,CENTRAL,50,2005,1.0,119500.0,118900.0,6959900.0,58.5,3934.181460285166,189417.15845,48117.1228338
IOWA,19,STORY,169,19169,CENTRAL,50,2006,1.0,128500.0,128200.0,6599500.0,51.5,3463.4247043536075,179608.69225,51880.699304400005
IOWA,19,STORY,169,19169,CENTRAL,50,2007,1.0,100000.0,99900.0,5396000.0,54.0,3631.552117186307,146854.838,40428.095635800004
IOWA,19,STORY,169,19169,CENTRAL,50,2008,1.0,115000.0,114500.0,5298000.0,46.5,3127.169878688209,144187.719,46336.506009000004
IOWA,19,STORY,169,19169,CENTRAL,50,2009,1.0,113500.0,113200.0,5936000.0,52.5,3530.675669486687,161551.208,45810.4146744
IOWA,19,STORY,169,19169,CENTRAL,50,2010,1.0,117000.0,115400.0,5586000.0,48.4,3254.9467124410603,152025.783,46700.723086800004
IOWA,19,STORY,169,19169,CENTRAL,50,2011,1.0,108000.0,107300.0,5548000.0,51.7,3476.874897380224,150991.594,43422.769386600005
IOWA,19,STORY,169,19169,CENTRAL,50,2012,1.0,107000.0,106600.0,5217000.0,48.9,3288.5721950076,141983.2635,43139.4894372
IOWA,19,STORY,169,19169,CENTRAL,50,2013,1.0,117500.0,117000.0,4727000.0,40.4,2716.938991376422,128647.6685,47348.220114
IOWA,19,STORY,169,19169,CENTRAL,50,2014,1.0,117500.0,116800.0,5480000.0,46.9,3154.0702647414405,149140.94,47267.2829856
IOWA,19,STORY,169,19169,CENTRAL,50,2015,1.0,115500.0,115000.0,5865000.0,51.0,3429.799221787068,159618.9075,46538.84883
IOWA,19,STORY,169,19169,CENTRAL,50,2016,1.0,103000.0,102600.0,5990000.0,58.4,3927.456363771858,163020.845,41520.746869200004
IOWA,19,STORY,169,19169,CENTRAL,50,2017,1.0,110000.0,109300.0,6330000.0,57.9,3893.830881205318,172274.115,44232.1406706
IOWA,19,STORY,169,19169,CENTRAL,50,2018,1.0,116000.0,114900.0,6072000.0,52.8,3550.8509590266112,165252.516,46498.3802658
IOWA,19,STORY,169,19169,CENTRAL,50,2019,1.0,104000.0,103300.0,5161000.0,50.0,3362.548256653988,140459.1955,41804.0268186
IOWA,19,STORY,169,19169,CENTRAL,50,2020,1.0,105000.0,104100.0,5434000.0,52.2,3510.5003799467636,147889.027,42127.7753322
IOWA,19,STORY,169,19169,CENTRAL,50,2021,1.0,128000.0,127000.0,8077000.0,63.6,4277.1613824638725,219819.5935,51395.076534
IOWA,19,STORY,169,19169,CENTRAL,50,2022,1.0,111500.0,110700.0,6642000.0,60.0,4035.0579079847857,180765.351,44798.7005694
IOWA,19,STORY,169,19169,CENTRAL,50,2023,1.0,118000.0,117200.0,7513000.0,64.1,4310.786865030413,204470.0515,47429.157242400004
IOWA,19,STORY,169,19169,CENTRAL,50,2024,1.0,114500.0,113000.0,7142000.0,63.2,4250.260996410641,194373.101,45729.477546
IOWA,19,STORY,169,19169,CENTRAL,50,2025,1.0,106500.0,105700.0,6723000.0,63.6,4277.1613824638725,182969.8065,42775.2723594
IOWA,19,TAMA,171,19171,CENTRAL,50,1980,1.0,105400.0,105300.0,4520000.0,42.9,2885.0664042091216,123014.06,42613.398102600004
IOWA,19,TAMA,171,19171,CENTRAL,50,1981,1.0,105000.0,104700.0,4539000.0,43.4,2918.6918867756613,123531.1545,42370.5867174
IOWA,19,TAMA,171,19171,CENTRAL,50,1982,1.0,111000.0,110500.0,4138000.0,37.4,2515.186095977183,112617.739,44717.763441
IOWA,19,TAMA,171,19171,CENTRAL,50,1983,1.0,98200.0,97500.0,4030000.0,41.3,2777.464859996194,109678.465,39456.850095
IOWA,19,TAMA,171,19171,CENTRAL,50,1984,1.0,109000.0,108600.0,3628000.0,33.4,2246.182235444864,98737.834,43948.8607212
IOWA,19,TAMA,171,19171,CENTRAL,50,1985,1.0,110000.0,109200.0,4120000.0,37.7,2535.361385517107,112127.86,44191.6721064
IOWA,19,TAMA,171,19171,CENTRAL,50,1986,1.0,113000.0,112500.0,4991000.0,44.4,2985.9428519087414,135832.5605,45527.134725
IOWA,19,TAMA,171,19171,CENTRAL,50,1987,1.0,105000.0,104600.0,5056000.0,48.3,3248.2216159277523,137601.568,42330.118153200005
IOWA,19,TAMA,171,19171,CENTRAL,50,1988,1.0,105000.0,103500.0,3597000.0,34.8,2340.3335866311754,97894.1535,41884.963947000004
IOWA,19,TAMA,171,19171,CENTRAL,50,1989,1.0,107000.0,107000.0,4114000.0,38.4,2582.4370611102627,111964.567,43301.363694
IOWA,19,TAMA,171,19171,CENTRAL,50,1990,1.0,96000.0,95800.0,4214000.0,44.0,2959.0424658555094,114686.117,38768.8845036
IOWA,19,TAMA,171,19171,CENTRAL,50,1991,1.0,105000.0,104500.0,4582000.0,43.8,2945.5922728288933,124701.421,42289.649589
IOWA,19,TAMA,171,19171,CENTRAL,50,1992,1.0,100000.0,99700.0,4352000.0,43.7,2938.8671763155858,118441.856,40347.1585074
IOWA,19,TAMA,171,19171,CENTRAL,50,1993,1.0,107000.0,106000.0,3752000.0,35.4,2380.6841657110235,102112.556,42896.678052
IOWA,19,TAMA,171,19171,CENTRAL,50,1994,1.0,106000.0,105800.0,5569000.0,52.6,3537.4007659999957,151563.1195,42815.7409236
IOWA,19,TAMA,171,19171,CENTRAL,50,1995,1.0,112000.0,111800.0,5317000.0,47.6,3201.1459403345966,144704.8135,45243.854775600004
IOWA,19,TAMA,171,19171,CENTRAL,50,1996,1.0,111000.0,110800.0,5128000.0,46.3,3113.719685661593,139561.084,44839.1691336
IOWA,19,TAMA,171,19171,CENTRAL,50,1997,1.0,137800.0,136600.0,6632000.0,48.6,3268.3969054676763,180493.196,55280.0586972
IOWA,19,TAMA,171,19171,CENTRAL,50,1998,1.0,136700.0,136200.0,7043000.0,51.7,3476.874897380224,191678.7665,55118.1844404
IOWA,19,TAMA,171,19171,CENTRAL,50,1999,1.0,143000.0,142200.0,7104000.0,50.0,3362.548256653988,193338.912,57546.2982924
IOWA,19,TAMA,171,19171,CENTRAL,50,2000,1.0,143000.0,142600.0,6505000.0,45.6,3066.644010068437,177036.8275,57708.172549200004
IOWA,19,TAMA,171,19171,CENTRAL,50,2001,1.0,145000.0,144200.0,7225000.0,50.1,3369.273353167296,196631.9875,58355.6695764
IOWA,19,TAMA,171,19171,CENTRAL,50,2002,1.0,140000.0,139400.0,7404000.0,53.1,3571.0262485665353,201503.562,56413.1784948
IOWA,19,TAMA,171,19171,CENTRAL,50,2003,1.0,143000.0,142400.0,4449000.0,31.2,2098.2301121520886,121081.7595,57627.2354208
IOWA,19,TAMA,171,19171,CENTRAL,50,2004,1.0,140000.0,139600.0,7401000.0,53.0,3564.3011520532273,201421.9155,56494.1156232
IOWA,19,TAMA,171,19171,CENTRAL,50,2005,1.0,137500.0,136800.0,7857100.0,57.4,3860.205398638778,213834.90504999997,55360.9958256
IOWA,19,TAMA,171,19171,CENTRAL,50,2006,1.0,141000.0,140500.0,7696500.0,54.8,3685.3528892927707,209464.09575,56858.332701
IOWA,19,TAMA,171,19171,CENTRAL,50,2007,1.0,121500.0,117800.0,6506000.0,55.2,3712.2532753460027,177064.043,47671.9686276
IOWA,19,TAMA,171,19171,CENTRAL,50,2008,1.0,139500.0,138400.0,6817000.0,49.5,3328.922774087448,185528.0635,56008.4928528
IOWA,19,TAMA,171,19171,CENTRAL,50,2009,1.0,134000.0,133600.0,7273000.0,54.5,3665.177599752847,197938.3315,54066.001771200004
IOWA,19,TAMA,171,19171,CENTRAL,50,2010,1.0,138500.0,138100.0,7645000.0,55.4,3725.7034683726188,208062.4975,55887.087160200004
IOWA,19,TAMA,171,19171,CENTRAL,50,2011,1.0,128000.0,127200.0,7365000.0,57.9,3893.830881205318,200442.1575,51476.0136624
IOWA,19,TAMA,171,19171,CENTRAL,50,2012,1.0,138000.0,137400.0,7245000.0,52.7,3544.1258625133037,197176.2975,55603.807210800005
IOWA,19,TAMA,171,19171,CENTRAL,50,2013,1.0,136000.0,135200.0,6294000.0,46.6,3133.894975201517,171294.357,54713.4987984
IOWA,19,TAMA,171,19171,CENTRAL,50,2014,1.0,142500.0,141500.0,7555000.0,53.4,3591.201538106459,205613.1025,57263.018343
IOWA,19,TAMA,171,19171,CENTRAL,50,2015,1.0,139000.0,138300.0,8009000.0,57.9,3893.830881205318,217968.9395,55968.024288600005
IOWA,19,TAMA,171,19171,CENTRAL,50,2016,1.0,141500.0,140900.0,8948000.0,63.5,4270.4362859505645,243524.294,57020.2069578
IOWA,19,TAMA,171,19171,CENTRAL,50,2017,1.0,140500.0,139700.0,8318000.0,59.5,4001.4324254182457,226378.529,56534.5841874
IOWA,19,TAMA,171,19171,CENTRAL,50,2018,1.0,143000.0,141400.0,8500000.0,60.1,4041.7830044980938,231331.75,57222.5497788
IOWA,19,TAMA,171,19171,CENTRAL,50,2019,1.0,136500.0,135200.0,7219000.0,53.4,3591.201538106459,196468.6945,54713.4987984
IOWA,19,TAMA,171,19171,CENTRAL,50,2020,1.0,138500.0,137400.0,7722000.0,56.2,3779.5042404790825,210158.091,55603.807210800005
IOWA,19,TAMA,171,19171,CENTRAL,50,2021,1.0,154000.0,152900.0,10137000.0,66.3,4458.738988323188,275883.5235,61876.434661800005
IOWA,19,TAMA,171,19171,CENTRAL,50,2022,1.0,144000.0,143000.0,8780000.0,61.4,4129.209259171097,238952.09,57870.046806
IOWA,19,TAMA,171,19171,CENTRAL,50,2023,1.0,148500.0,147500.0,8273000.0,56.1,3772.7791439657744,225153.8315,59691.132195
IOWA,19,TAYLOR,173,19173,SOUTHWEST,70,1980,1.0,57300.0,57000.0,1710000.0,30.0,2017.5289539923929,46538.505,23067.081594
IOWA,19,TAYLOR,173,19173,SOUTHWEST,70,1981,1.0,62500.0,62500.0,2340000.0,37.4,2515.186095977183,63684.27,25292.852625
IOWA,19,TAYLOR,173,19173,SOUTHWEST,70,1982,1.0,67000.0,66600.0,1794000.0,26.9,1809.0509620798455,48824.607,26952.0637572
IOWA,19,TAYLOR,173,19173,SOUTHWEST,70,1983,1.0,64900.0,64900.0,1480000.0,22.8,1533.3220050342186,40278.94,26264.098165800002
IOWA,19,TAYLOR,173,19173,SOUTHWEST,70,1984,1.0,68600.0,67400.0,1384000.0,20.5,1378.644785228135,37666.252,27275.8122708
IOWA,19,TAYLOR,173,19173,SOUTHWEST,70,1985,1.0,69000.0,68700.0,2745000.0,40.0,2690.0386053231905,74706.5475,27801.903605400003
IOWA,19,TAYLOR,173,19173,SOUTHWEST,70,1986,1.0,75200.0,74100.0,2663000.0,35.9,2414.309648277563,72474.8765,29987.206072200002
IOWA,19,TAYLOR,173,19173,SOUTHWEST,70,1987,1.0,62800.0,62600.0,2192000.0,35.0,2353.7837796577915,59656.376,25333.3211892
IOWA,19,TAYLOR,173,19173,SOUTHWEST,70,1988,1.0,58000.0,57800.0,1149000.0,19.9,1338.2942061482872,31270.6095,23390.8301076
IOWA,19,TAYLOR,173,19173,SOUTHWEST,70,1989,1.0,56400.0,56100.0,1638000.0,29.2,1963.728181885929,44578.989,22702.8645162
IOWA,19,TAYLOR,173,19173,SOUTHWEST,70,1990,1.0,53100.0,52600.0,1532000.0,29.1,1957.0030853726212,41694.146,21286.4647692
IOWA,19,TAYLOR,173,19173,SOUTHWEST,70,1991,1.0,57200.0,57000.0,1981000.0,34.8,2340.3335866311754,53913.9055,23067.081594
IOWA,19,TAYLOR,173,19173,SOUTHWEST,70,1992,1.0,53000.0,52500.0,2024000.0,38.6,2595.8872541368787,55084.172,21245.996205
IOWA,19,TAYLOR,173,19173,SOUTHWEST,70,1993,1.0,58000.0,57300.0,1666000.0,29.1,1957.0030853726212,45341.023,23188.4872866
IOWA,19,TAYLOR,173,19173,SOUTHWEST,70,1994,1.0,58000.0,57900.0,2774000.0,47.9,3221.32122987452,75495.797,23431.2986718
IOWA,19,TAYLOR,173,19173,SOUTHWEST,70,1995,1.0,73000.0,71200.0,1747000.0,24.5,1647.6486457604542,47545.4785,28813.6177104
IOWA,19,TAYLOR,173,19173,SOUTHWEST,70,1996,1.0,55000.0,54600.0,1843000.0,33.8,2273.0826214980957,50158.1665,22095.8360532
IOWA,19,TAYLOR,173,19173,SOUTHWEST,70,1997,1.0,73900.0,73300.0,2940000.0,40.1,2696.7637018364985,80013.57,29663.4575586
IOWA,19,TAYLOR,173,19173,SOUTHWEST,70,1998,1.0,71300.0,69300.0,2753000.0,39.7,2669.8633157832664,74924.2715,28044.7149906
IOWA,19,TAYLOR,173,19173,SOUTHWEST,70,1999,1.0,75000.0,74800.0,2635000.0,35.2,2367.233972684408,71712.8425,30270.4860216
IOWA,19,TAYLOR,173,19173,SOUTHWEST,70,2000,1.0,72000.0,71800.0,2880000.0,40.1,2696.7637018364985,78380.64,29056.4290956
IOWA,19,TAYLOR,173,19173,SOUTHWEST,70,2001,1.0,73000.0,72400.0,2911000.0,40.2,2703.4887983498065,79224.3205,29299.2404808
IOWA,19,TAYLOR,173,19173,SOUTHWEST,70,2002,1.0,70000.0,69800.0,2871000.0,41.1,2764.0146669695782,78135.7005,28247.0578116
IOWA,19,TAYLOR,173,19173,SOUTHWEST,70,2003,1.0,73000.0,72700.0,2083000.0,28.7,1930.102699319389,56689.8865,29420.6461734
IOWA,19,TAYLOR,173,19173,SOUTHWEST,70,2004,1.0,69000.0,68800.0,3293000.0,47.9,3221.32122987452,89620.6415,27842.3721696
IOWA,19,TAYLOR,173,19173,SOUTHWEST,70,2005,1.0,71500.0,71200.0,3786200.0,53.2,3577.7513450798433,103043.32609999999,28813.6177104
IOWA,19,TAYLOR,173,19173,SOUTHWEST,70,2006,1.0,70500.0,70300.0,3045100.0,43.3,2911.9667902623532,82873.91905,28449.4006326
IOWA,19,TAYLOR,173,19173,SOUTHWEST,70,2007,1.0,70000.0,69800.0,3135000.0,44.9,3019.568334475281,85320.5925,28247.0578116
IOWA,19,TAYLOR,173,19173,SOUTHWEST,70,2008,1.0,80500.0,78700.0,2680000.0,34.0,2286.5328145247117,72937.54,31848.760025400003
IOWA,19,TAYLOR,173,19173,SOUTHWEST,70,2009,1.0,79000.0,78600.0,3537000.0,45.0,3026.293430988589,96261.2235,31808.291461200002
IOWA,19,TAYLOR,173,19173,SOUTHWEST,70,2010,1.0,85300.0,84800.0,3963000.0,46.7,3140.620071714825,107855.0265,34317.3424416
IOWA,19,TAYLOR,173,19173,SOUTHWEST,70,2011,1.0,81700.0,80600.0,3108000.0,38.6,2595.8872541368787,84585.774,32617.6627452
IOWA,19,TAYLOR,173,19173,SOUTHWEST,70,2012,1.0,86500.0,86200.0,3400000.0,39.4,2649.6880262433424,92532.7,34883.9023404
IOWA,19,TAYLOR,173,19173,SOUTHWEST,70,2013,1.0,91200.0,90300.0,3360000.0,37.2,2501.7359029505674,91444.08,36543.1134726
IOWA,19,TAYLOR,173,19173,SOUTHWEST,70,2014,1.0,90400.0,89900.0,4559000.0,50.7,3409.623932247144,124075.4645,36381.2392158
IOWA,19,TAYLOR,173,19173,SOUTHWEST,70,2016,1.0,83800.0,83500.0,4307000.0,51.6,3470.1498008669155,117217.1585,33791.251107000004
IOWA,19,TAYLOR,173,19173,SOUTHWEST,70,2017,1.0,84000.0,83400.0,4405000.0,52.8,3550.8509590266112,119884.2775,33750.7825428
IOWA,19,TAYLOR,173,19173,SOUTHWEST,70,2019,1.0,80700.0,80200.0,3999000.0,49.9,3355.82316014068,108834.7845,32455.7884884
IOWA,19,TAYLOR,173,19173,SOUTHWEST,70,2020,1.0,86500.0,85800.0,4033000.0,47.0,3160.7953612547485,109760.1115,34722.0280836
IOWA,19,TAYLOR,173,19173,SOUTHWEST,70,2021,1.0,86200.0,85700.0,5253000.0,61.3,4122.484162657789,142963.0215,34681.5595194
IOWA,19,TAYLOR,173,19173,SOUTHWEST,70,2022,1.0,86700.0,86100.0,4555000.0,52.9,3557.5760555399193,123966.6025,34843.4337762
IOWA,19,TAYLOR,173,19173,SOUTHWEST,70,2023,1.0,84300.0,83700.0,4578000.0,54.7,3678.627792779463,124592.559,33872.188235400004
IOWA,19,TAYLOR,173,19173,SOUTHWEST,70,2024,1.0,87500.0,86900.0,5353000.0,61.6,4142.659452197713,145684.5715,35167.1822898
IOWA,19,TAYLOR,173,19173,SOUTHWEST,70,2025,1.0,83400.0,82800.0,5018000.0,60.6,4075.4084870646334,136567.379,33507.971157600005
IOWA,19,UNION,175,19175,SOUTH CENTRAL,80,1980,1.0,30700.0,30600.0,1070000.0,35.0,2353.7837796577915,29120.585,12383.3806452
IOWA,19,UNION,175,19175,SOUTH CENTRAL,80,1981,1.0,28600.0,28600.0,1172000.0,41.0,2757.28957045627,31896.566,11574.0093612
IOWA,19,UNION,175,19175,SOUTH CENTRAL,80,1982,1.0,34400.0,33800.0,943000.0,27.9,1876.3019272129252,25664.2165,13678.3746996
IOWA,19,UNION,175,19175,SOUTH CENTRAL,80,1983,1.0,31700.0,31700.0,879000.0,27.7,1862.8517341863094,23922.4245,12828.5348514
IOWA,19,UNION,175,19175,SOUTH CENTRAL,80,1984,1.0,36400.0,36100.0,722000.0,20.0,1345.0193026615952,19649.591,14609.151676200001
IOWA,19,UNION,175,19175,SOUTH CENTRAL,80,1985,1.0,33200.0,32900.0,1227000.0,37.3,2508.460999463875,33393.4185,13314.157621800001
IOWA,19,UNION,175,19175,SOUTH CENTRAL,80,1986,1.0,36200.0,36100.0,1236000.0,34.2,2299.983007551328,33638.358,14609.151676200001
IOWA,19,UNION,175,19175,SOUTH CENTRAL,80,1987,1.0,31100.0,30800.0,1253000.0,40.7,2737.1142809163466,34101.0215,12464.3177736
IOWA,19,UNION,175,19175,SOUTH CENTRAL,80,1988,1.0,34000.0,33500.0,773000.0,23.1,1553.4972945741426,21037.5815,13556.969007
IOWA,19,UNION,175,19175,SOUTH CENTRAL,80,1989,1.0,33400.0,33300.0,1120000.0,33.6,2259.63242847148,30481.36,13476.0318786
IOWA,19,UNION,175,19175,SOUTH CENTRAL,80,1990,1.0,31800.0,31700.0,1224000.0,38.6,2595.8872541368787,33311.772,12828.5348514
IOWA,19,UNION,175,19175,SOUTH CENTRAL,80,1991,1.0,35900.0,35800.0,1464000.0,40.9,2750.564473942962,39843.492,14487.7459836
IOWA,19,UNION,175,19175,SOUTH CENTRAL,80,1992,1.0,36000.0,35700.0,1410000.0,39.5,2656.4131227566504,38373.855,14447.277419400001
IOWA,19,UNION,175,19175,SOUTH CENTRAL,80,1993,1.0,38000.0,36300.0,964000.0,26.6,1788.8756725399217,26235.742,14690.0888046
IOWA,19,UNION,175,19175,SOUTH CENTRAL,80,1994,1.0,37000.0,36900.0,1715000.0,46.5,3127.169878688209,46674.5825,14932.9001898
IOWA,19,UNION,175,19175,SOUTH CENTRAL,80,1995,1.0,49000.0,48800.0,1160000.0,23.8,1600.5729701672983,31569.98,19748.6593296
IOWA,19,UNION,175,19175,SOUTH CENTRAL,80,1996,1.0,44000.0,43800.0,1555000.0,35.5,2387.4092622243315,42320.1025,17725.2311196
IOWA,19,UNION,175,19175,SOUTH CENTRAL,80,1997,1.0,44300.0,43900.0,1846000.0,42.1,2831.265632102658,50239.813,17765.6996838
IOWA,19,UNION,175,19175,SOUTH CENTRAL,80,1998,1.0,48500.0,48300.0,1964000.0,40.7,2737.1142809163466,53451.242,19546.3165086
IOWA,19,UNION,175,19175,SOUTH CENTRAL,80,1999,1.0,51000.0,50700.0,2064000.0,40.7,2737.1142809163466,56172.792,20517.5620494
IOWA,19,UNION,175,19175,SOUTH CENTRAL,80,2000,1.0,51000.0,50800.0,2039000.0,40.1,2696.7637018364985,55492.4045,20558.0306136
IOWA,19,UNION,175,19175,SOUTH CENTRAL,80,2001,1.0,52000.0,51700.0,2145000.0,41.5,2790.91505302281,58377.2475,20922.2476914
IOWA,19,UNION,175,19175,SOUTH CENTRAL,80,2002,1.0,49000.0,48600.0,2191000.0,45.1,3033.018527501897,59629.1605,19667.722201200002
IOWA,19,UNION,175,19175,SOUTH CENTRAL,80,2003,1.0,53000.0,52700.0,1353000.0,25.7,1728.3498039201497,36822.5715,21326.9333334
IOWA,19,UNION,175,19175,SOUTH CENTRAL,80,2004,1.0,50000.0,49800.0,2387000.0,47.9,3221.32122987452,64963.3985,20153.3449716
IOWA,19,UNION,175,19175,SOUTH CENTRAL,80,2005,1.0,51000.0,50700.0,2628700.0,51.8,3483.5999938935315,71541.38484999999,20517.5620494
IOWA,19,UNION,175,19175,SOUTH CENTRAL,80,2006,1.0,50500.0,50200.0,2322000.0,46.3,3113.719685661593,63194.391,20315.2192284
IOWA,19,UNION,175,19175,SOUTH CENTRAL,80,2007,1.0,44500.0,44400.0,2295000.0,51.7,3476.874897380224,62459.5725,17968.0425048
IOWA,19,UNION,175,19175,SOUTH CENTRAL,80,2008,1.0,53000.0,52500.0,2007000.0,38.0,2555.536675057031,54621.5085,21245.996205
IOWA,19,UNION,175,19175,SOUTH CENTRAL,80,2009,1.0,50000.0,49500.0,2538000.0,51.5,3463.4247043536075,69072.939,20031.939279000002
IOWA,19,UNION,175,19175,SOUTH CENTRAL,80,2010,1.0,54500.0,54000.0,2596000.0,48.1,3234.7714229011367,70651.438,21853.024668000002
IOWA,19,UNION,175,19175,SOUTH CENTRAL,80,2011,1.0,54800.0,54300.0,2878000.0,53.0,3564.3011520532273,78326.209,21974.4303606
IOWA,19,UNION,175,19175,SOUTH CENTRAL,80,2012,1.0,58000.0,57800.0,1911000.0,33.1,2226.00694590494,52008.8205,23390.8301076
IOWA,19,UNION,175,19175,SOUTH CENTRAL,80,2013,1.0,54200.0,54000.0,2033000.0,37.6,2528.636289003799,55329.1115,21853.024668000002
IOWA,19,UNION,175,19175,SOUTH CENTRAL,80,2014,1.0,54100.0,53800.0,2662000.0,49.5,3328.922774087448,72447.661,21772.0875396
IOWA,19,UNION,175,19175,SOUTH CENTRAL,80,2015,1.0,47200.0,47000.0,2194000.0,46.7,3140.620071714825,59710.807,19020.225174
IOWA,19,UNION,175,19175,SOUTH CENTRAL,80,2016,1.0,50600.0,50400.0,2823000.0,56.0,3766.0540474524664,76829.3565,20396.156356800002
IOWA,19,UNION,175,19175,SOUTH CENTRAL,80,2017,1.0,50900.0,50700.0,2257000.0,44.5,2992.6679484220494,61425.3835,20517.5620494
IOWA,19,UNION,175,19175,SOUTH CENTRAL,80,2018,1.0,55600.0,55000.0,2671000.0,48.6,3268.3969054676763,72692.6005,22257.710310000002
IOWA,19,UNION,175,19175,SOUTH CENTRAL,80,2019,1.0,50700.0,50200.0,2696000.0,53.7,3611.3768276463834,73372.988,20315.2192284
IOWA,19,UNION,175,19175,SOUTH CENTRAL,80,2020,1.0,54500.0,54100.0,2819000.0,52.1,3503.7752834334556,76720.4945,21893.493232200002
IOWA,19,UNION,175,19175,SOUTH CENTRAL,80,2021,1.0,54400.0,54100.0,3349000.0,61.9,4162.834741737637,91144.7095,21893.493232200002
IOWA,19,UNION,175,19175,SOUTH CENTRAL,80,2022,1.0,57500.0,57100.0,2366000.0,41.4,2784.189956509502,64391.873,23107.5501582
IOWA,19,UNION,175,19175,SOUTH CENTRAL,80,2023,1.0,52600.0,52300.0,3133000.0,59.9,4028.3328114714777,85266.1615,21165.059076600002
IOWA,19,UNION,175,19175,SOUTH CENTRAL,80,2025,1.0,52600.0,52200.0,3163000.0,60.6,4075.4084870646334,86082.6265,21124.590512400002
IOWA,19,VAN BUREN,177,19177,SOUTHEAST,90,1980,1.0,47200.0,47000.0,1470000.0,31.3,2104.9552086653966,40006.785,19020.225174
IOWA,19,VAN BUREN,177,19177,SOUTHEAST,90,1981,1.0,45400.0,45400.0,1488000.0,32.8,2205.831656365016,40496.664,18372.7281468
IOWA,19,VAN BUREN,177,19177,SOUTHEAST,90,1982,1.0,47800.0,47300.0,1506000.0,31.8,2138.5806912319363,40986.543,19141.6308666
IOWA,19,VAN BUREN,177,19177,SOUTHEAST,90,1983,1.0,50100.0,49700.0,1231000.0,24.8,1667.823935300378,33502.2805,20112.8764074
IOWA,19,VAN BUREN,177,19177,SOUTHEAST,90,1984,1.0,50700.0,50400.0,1552000.0,30.8,2071.3297260988566,42238.456,20396.156356800002
IOWA,19,VAN BUREN,177,19177,SOUTHEAST,90,1985,1.0,47200.0,46700.0,1681000.0,36.0,2421.034744790871,45749.2555,18898.8194814
IOWA,19,VAN BUREN,177,19177,SOUTHEAST,90,1986,1.0,47800.0,47700.0,1719000.0,36.0,2421.034744790871,46783.4445,19303.505123400002
IOWA,19,VAN BUREN,177,19177,SOUTHEAST,90,1987,1.0,38900.0,38800.0,1398000.0,36.0,2421.034744790871,38047.269,15701.802909600001
IOWA,19,VAN BUREN,177,19177,SOUTHEAST,90,1988,1.0,37900.0,37600.0,918000.0,24.4,1640.923549247146,24983.829,15216.1801392
IOWA,19,VAN BUREN,177,19177,SOUTHEAST,90,1989,1.0,39600.0,39600.0,1127000.0,28.5,1916.652506292773,30671.8685,16025.5514232
IOWA,19,VAN BUREN,177,19177,SOUTHEAST,90,1990,1.0,37000.0,36600.0,1237000.0,33.8,2273.0826214980957,33665.5735,14811.494497200001
IOWA,19,VAN BUREN,177,19177,SOUTHEAST,90,1991,1.0,39600.0,39300.0,1461000.0,37.2,2501.7359029505674,39761.8455,15904.145730600001
IOWA,19,VAN BUREN,177,19177,SOUTHEAST,90,1992,1.0,37000.0,36800.0,1542000.0,41.9,2817.815439076042,41966.301,14892.4316256
IOWA,19,VAN BUREN,177,19177,SOUTHEAST,90,1993,1.0,40000.0,39000.0,1249000.0,32.0,2152.0308842585523,33992.1595,15782.740038
IOWA,19,VAN BUREN,177,19177,SOUTHEAST,90,1994,1.0,37000.0,36800.0,1689000.0,45.9,3086.819299608361,45966.9795,14892.4316256
IOWA,19,VAN BUREN,177,19177,SOUTHEAST,90,1995,1.0,46000.0,45900.0,1581000.0,34.4,2313.433200577944,43027.7055,18575.070967800002
IOWA,19,VAN BUREN,177,19177,SOUTHEAST,90,1996,1.0,48000.0,47800.0,1888000.0,39.5,2656.4131227566504,51382.864,19343.9736876
IOWA,19,VAN BUREN,177,19177,SOUTHEAST,90,1997,1.0,47400.0,46700.0,2194000.0,47.0,3160.7953612547485,59710.807,18898.8194814
IOWA,19,VAN BUREN,177,19177,SOUTHEAST,90,1998,1.0,47600.0,47300.0,2207000.0,46.7,3140.620071714825,60064.6085,19141.6308666
IOWA,19,VAN BUREN,177,19177,SOUTHEAST,90,1999,1.0,48000.0,47600.0,1495000.0,31.4,2111.680305178704,40687.1725,19263.0365592
IOWA,19,VAN BUREN,177,19177,SOUTHEAST,90,2000,1.0,48000.0,47800.0,1858000.0,38.9,2616.0625436768028,50566.399,19343.9736876
IOWA,19,VAN BUREN,177,19177,SOUTHEAST,90,2001,1.0,36000.0,35500.0,1367000.0,38.5,2589.1621576235707,37203.5885,14366.340291
IOWA,19,VAN BUREN,177,19177,SOUTHEAST,90,2002,1.0,44000.0,43500.0,1556000.0,35.8,2407.584551764255,42347.318,17603.825427
IOWA,19,VAN BUREN,177,19177,SOUTHEAST,90,2003,1.0,43000.0,42500.0,1452000.0,34.2,2299.983007551328,39516.906,17199.139785
IOWA,19,VAN BUREN,177,19177,SOUTHEAST,90,2004,1.0,45000.0,44800.0,2378000.0,53.1,3571.0262485665353,64718.459,18129.9167616
IOWA,19,VAN BUREN,177,19177,SOUTHEAST,90,2005,1.0,43000.0,42700.0,1966000.0,46.0,3093.544396121669,53505.673,17280.0769134
IOWA,19,VAN BUREN,177,19177,SOUTHEAST,90,2006,1.0,45000.0,44700.0,2026000.0,45.3,3046.468720528513,55138.603,18089.4481974
IOWA,19,VAN BUREN,177,19177,SOUTHEAST,90,2007,1.0,40000.0,39900.0,1897000.0,47.5,3194.4208438212886,51627.8035,16146.9571158
IOWA,19,VAN BUREN,177,19177,SOUTHEAST,90,2008,1.0,44000.0,43200.0,1772000.0,41.0,2757.28957045627,48225.866,17482.419734400002
IOWA,19,VAN BUREN,177,19177,SOUTHEAST,90,2009,1.0,45000.0,44600.0,2053000.0,46.0,3093.544396121669,55873.4215,18048.9796332
IOWA,19,VAN BUREN,177,19177,SOUTHEAST,90,2010,1.0,39300.0,38400.0,1843000.0,48.0,3228.0463263878282,50158.1665,15539.928652800001
IOWA,19,VAN BUREN,177,19177,SOUTHEAST,90,2011,1.0,48000.0,47300.0,1665000.0,35.2,2367.233972684408,45313.8075,19141.6308666
IOWA,19,VAN BUREN,177,19177,SOUTHEAST,90,2012,1.0,49900.0,49700.0,2085000.0,42.0,2824.54053558935,56744.3175,20112.8764074
IOWA,19,VAN BUREN,177,19177,SOUTHEAST,90,2013,1.0,48900.0,48500.0,1972000.0,40.7,2737.1142809163466,53668.966,19627.253637
IOWA,19,VAN BUREN,177,19177,SOUTHEAST,90,2014,1.0,47800.0,47500.0,2345000.0,49.4,3322.19767757414,63820.3475,19222.567995
IOWA,19,VAN BUREN,177,19177,SOUTHEAST,90,2015,1.0,48000.0,47700.0,2197000.0,46.1,3100.269492634977,59792.4535,19303.505123400002
IOWA,19,VAN BUREN,177,19177,SOUTHEAST,90,2016,1.0,47900.0,47700.0,2698000.0,56.6,3806.4046265323145,73427.419,19303.505123400002
IOWA,19,VAN BUREN,177,19177,SOUTHEAST,90,2017,1.0,51400.0,50600.0,1850000.0,36.6,2461.3853238707193,50348.675,20477.0934852
IOWA,19,VAN BUREN,177,19177,SOUTHEAST,90,2018,1.0,50200.0,49800.0,2699000.0,54.2,3645.002310212923,73454.6345,20153.3449716
IOWA,19,VAN BUREN,177,19177,SOUTHEAST,90,2019,1.0,50000.0,49500.0,2668000.0,53.9,3624.827020672999,72610.954,20031.939279000002
IOWA,19,VAN BUREN,177,19177,SOUTHEAST,90,2020,1.0,50000.0,49600.0,2192000.0,44.2,2972.4926588821254,59656.376,20072.407843200002
IOWA,19,VAN BUREN,177,19177,SOUTHEAST,90,2021,1.0,54200.0,53800.0,2851000.0,53.0,3564.3011520532273,77591.3905,21772.0875396
IOWA,19,VAN BUREN,177,19177,SOUTHEAST,90,2022,1.0,51300.0,50800.0,2213000.0,43.6,2932.1420798022777,60227.9015,20558.0306136
IOWA,19,VAN BUREN,177,19177,SOUTHEAST,90,2023,1.0,53200.0,52600.0,3119000.0,59.3,3987.9822323916296,84885.1445,21286.4647692
IOWA,19,VAN BUREN,177,19177,SOUTHEAST,90,2024,1.0,52900.0,52600.0,3230000.0,61.4,4129.209259171097,87906.065,21286.4647692
IOWA,19,WAPELLO,179,19179,SOUTHEAST,90,1980,1.0,54500.0,54300.0,2140000.0,39.4,2649.6880262433424,58241.17,21974.4303606
IOWA,19,WAPELLO,179,19179,SOUTHEAST,90,1981,1.0,52100.0,52100.0,2093000.0,40.2,2703.4887983498065,56962.0415,21084.1219482
IOWA,19,WAPELLO,179,19179,SOUTHEAST,90,1982,1.0,52300.0,51800.0,1722000.0,33.2,2232.732042418248,46865.091,20962.7162556
IOWA,19,WAPELLO,179,19179,SOUTHEAST,90,1983,1.0,48500.0,47500.0,1260000.0,26.5,1782.1505760266136,34291.53,19222.567995
IOWA,19,WAPELLO,179,19179,SOUTHEAST,90,1984,1.0,49300.0,47300.0,1250000.0,26.4,1775.4254795133056,34019.375,19141.6308666
IOWA,19,WAPELLO,179,19179,SOUTHEAST,90,1985,1.0,44900.0,44700.0,1687000.0,37.7,2535.361385517107,45912.5485,18089.4481974
IOWA,19,WAPELLO,179,19179,SOUTHEAST,90,1986,1.0,46200.0,45500.0,1815000.0,39.9,2683.3135088098825,49396.1325,18413.196711
IOWA,19,WAPELLO,179,19179,SOUTHEAST,90,1987,1.0,46200.0,46100.0,1866000.0,40.5,2723.66408788973,50784.123,18656.0080962
IOWA,19,WAPELLO,179,19179,SOUTHEAST,90,1988,1.0,45400.0,45000.0,1293000.0,28.7,1930.102699319389,35189.6415,18210.853890000002
IOWA,19,WAPELLO,179,19179,SOUTHEAST,90,1989,1.0,46500.0,46400.0,1620000.0,34.9,2347.0586831444834,44089.11,18777.4137888
IOWA,19,WAPELLO,179,19179,SOUTHEAST,90,1990,1.0,45200.0,44700.0,1623000.0,36.3,2441.210034330795,44170.7565,18089.4481974
IOWA,19,WAPELLO,179,19179,SOUTHEAST,90,1991,1.0,47900.0,47800.0,2041000.0,42.7,2871.616211182506,55546.8355,19343.9736876
IOWA,19,WAPELLO,179,19179,SOUTHEAST,90,1992,1.0,45000.0,45000.0,1898000.0,42.2,2837.990728615966,51655.019,18210.853890000002
IOWA,19,WAPELLO,179,19179,SOUTHEAST,90,1993,1.0,46000.0,41900.0,1494000.0,35.7,2400.8594552509476,40659.957,16956.3283998
IOWA,19,WAPELLO,179,19179,SOUTHEAST,90,1994,1.0,46000.0,45900.0,2284000.0,49.8,3349.0980636273716,62160.202,18575.070967800002
IOWA,19,WAPELLO,179,19179,SOUTHEAST,90,1995,1.0,58000.0,57800.0,2283000.0,39.5,2656.4131227566504,62132.9865,23390.8301076
IOWA,19,WAPELLO,179,19179,SOUTHEAST,90,1996,1.0,46000.0,45900.0,1857000.0,40.5,2723.66408788973,50539.1835,18575.070967800002
IOWA,19,WAPELLO,179,19179,SOUTHEAST,90,1997,1.0,54400.0,53500.0,2511000.0,46.9,3154.0702647414405,68338.1205,21650.681847
IOWA,19,WAPELLO,179,19179,SOUTHEAST,90,1998,1.0,50700.0,50100.0,2355000.0,47.0,3160.7953612547485,64092.5025,20274.7506642
IOWA,19,WAPELLO,179,19179,SOUTHEAST,90,1999,1.0,58000.0,57600.0,2150000.0,37.3,2508.460999463875,58513.325,23309.8929792
IOWA,19,WAPELLO,179,19179,SOUTHEAST,90,2000,1.0,55000.0,54700.0,2202000.0,40.3,2710.213894863114,59928.531,22136.3046174
IOWA,19,WAPELLO,179,19179,SOUTHEAST,90,2001,1.0,50000.0,49400.0,1985000.0,40.2,2703.4887983498065,54022.7675,19991.4707148
IOWA,19,WAPELLO,179,19179,SOUTHEAST,90,2002,1.0,52000.0,51800.0,1990000.0,38.4,2582.4370611102627,54158.845,20962.7162556
IOWA,19,WAPELLO,179,19179,SOUTHEAST,90,2003,1.0,53000.0,52700.0,1580000.0,30.0,2017.5289539923929,43000.49,21326.9333334
IOWA,19,WAPELLO,179,19179,SOUTHEAST,90,2004,1.0,53000.0,52900.0,2851000.0,53.9,3624.827020672999,77591.3905,21407.8704618
IOWA,19,WAPELLO,179,19179,SOUTHEAST,90,2005,1.0,51500.0,51200.0,2502500.0,48.9,3288.5721950076,68106.78875,20719.9048704
IOWA,19,WAPELLO,179,19179,SOUTHEAST,90,2006,1.0,55500.0,55000.0,2577000.0,46.9,3154.0702647414405,70134.3435,22257.710310000002
IOWA,19,WAPELLO,179,19179,SOUTHEAST,90,2007,1.0,42000.0,41900.0,1927000.0,46.0,3093.544396121669,52444.2685,16956.3283998
IOWA,19,WAPELLO,179,19179,SOUTHEAST,90,2008,1.0,50000.0,48100.0,2046000.0,42.5,2858.1660181558896,55682.913,19465.3793802
IOWA,19,WAPELLO,179,19179,SOUTHEAST,90,2009,1.0,49000.0,48400.0,2252000.0,46.5,3127.169878688209,61289.306,19586.7850728
IOWA,19,WAPELLO,179,19179,SOUTHEAST,90,2010,1.0,53000.0,51400.0,2343000.0,45.6,3066.644010068437,63765.9165,20800.841998800002
IOWA,19,WAPELLO,179,19179,SOUTHEAST,90,2011,1.0,53900.0,53100.0,2262000.0,42.6,2864.891114669198,61561.461,21488.807590200002
IOWA,19,WAPELLO,179,19179,SOUTHEAST,90,2012,1.0,55800.0,55600.0,2345000.0,42.2,2837.990728615966,63820.3475,22500.5216952
IOWA,19,WAPELLO,179,19179,SOUTHEAST,90,2013,1.0,53900.0,53700.0,2222000.0,41.4,2784.189956509502,60472.841,21731.6189754
IOWA,19,WAPELLO,179,19179,SOUTHEAST,90,2014,1.0,52700.0,52300.0,2546000.0,48.7,3275.1220019809844,69290.663,21165.059076600002
IOWA,19,WAPELLO,179,19179,SOUTHEAST,90,2015,1.0,52000.0,51500.0,2496000.0,48.5,3261.6718089543683,67929.888,20841.310563
IOWA,19,WAPELLO,179,19179,SOUTHEAST,90,2016,1.0,50600.0,50400.0,2927000.0,58.1,3907.2810742319343,79659.7685,20396.156356800002
IOWA,19,WAPELLO,179,19179,SOUTHEAST,90,2017,1.0,54900.0,54200.0,2440000.0,45.0,3026.293430988589,66405.82,21933.9617964
IOWA,19,WAPELLO,179,19179,SOUTHEAST,90,2018,1.0,54800.0,54500.0,3279000.0,60.2,4048.508101011402,89239.6245,22055.367489
IOWA,19,WAPELLO,179,19179,SOUTHEAST,90,2019,1.0,48700.0,48200.0,2677000.0,55.5,3732.428564885927,72855.8935,19505.8479444
IOWA,19,WAPELLO,179,19179,SOUTHEAST,90,2020,1.0,57000.0,56500.0,2938000.0,52.0,3497.0501869201476,79959.139,22864.738773
IOWA,19,WAPELLO,179,19179,SOUTHEAST,90,2021,1.0,55500.0,55000.0,3245000.0,59.0,3967.806942851706,88314.2975,22257.710310000002
IOWA,19,WAPELLO,179,19179,SOUTHEAST,90,2022,1.0,58300.0,57900.0,3109000.0,53.7,3611.3768276463834,84612.9895,23431.2986718
IOWA,19,WAPELLO,179,19179,SOUTHEAST,90,2023,1.0,54900.0,54200.0,3344000.0,61.7,4149.384548711021,91008.632,21933.9617964
IOWA,19,WAPELLO,179,19179,SOUTHEAST,90,2025,1.0,53100.0,52700.0,3462000.0,65.7,4418.38840924334,94220.061,21326.9333334
IOWA,19,WARREN,181,19181,SOUTH CENTRAL,80,1980,1.0,56000.0,55900.0,2090000.0,37.4,2515.186095977183,56880.395,22621.927387800002
IOWA,19,WARREN,181,19181,SOUTH CENTRAL,80,1981,1.0,53600.0,53300.0,2186000.0,41.0,2757.28957045627,59493.083,21569.7447186
IOWA,19,WARREN,181,19181,SOUTH CENTRAL,80,1982,1.0,63100.0,60600.0,1846000.0,30.5,2051.1544365589325,50239.813,24523.9499052
IOWA,19,WARREN,181,19181,SOUTH CENTRAL,80,1983,1.0,53700.0,53500.0,1690000.0,31.6,2125.1304982053207,45994.195,21650.681847
IOWA,19,WARREN,181,19181,SOUTH CENTRAL,80,1984,1.0,54400.0,52700.0,1437000.0,27.3,1835.9513481330775,39108.6735,21326.9333334
IOWA,19,WARREN,181,19181,SOUTH CENTRAL,80,1985,1.0,49600.0,48900.0,1749000.0,35.8,2407.584551764255,47599.9095,19789.1278938
IOWA,19,WARREN,181,19181,SOUTH CENTRAL,80,1986,1.0,50800.0,50600.0,2055000.0,40.6,2730.389184403038,55927.8525,20477.0934852
IOWA,19,WARREN,181,19181,SOUTH CENTRAL,80,1987,1.0,50800.0,50100.0,2092000.0,41.8,2811.090342562734,56934.826,20274.7506642
IOWA,19,WARREN,181,19181,SOUTH CENTRAL,80,1988,1.0,52200.0,51900.0,1562000.0,30.1,2024.254050505701,42510.611,21003.1848198
IOWA,19,WARREN,181,19181,SOUTH CENTRAL,80,1989,1.0,52700.0,52600.0,1807000.0,34.4,2313.433200577944,49178.4085,21286.4647692
IOWA,19,WARREN,181,19181,SOUTH CENTRAL,80,1990,1.0,50300.0,48900.0,1941000.0,39.7,2669.8633157832664,52825.2855,19789.1278938
IOWA,19,WARREN,181,19181,SOUTH CENTRAL,80,1991,1.0,59300.0,57100.0,2144000.0,37.5,2521.911192490491,58350.032,23107.5501582
IOWA,19,WARREN,181,19181,SOUTH CENTRAL,80,1992,1.0,54000.0,53100.0,2249000.0,42.4,2851.4409216425815,61207.6595,21488.807590200002
IOWA,19,WARREN,181,19181,SOUTH CENTRAL,80,1993,1.0,55000.0,53600.0,1393000.0,26.0,1748.5250934600738,37911.1915,21691.1504112
IOWA,19,WARREN,181,19181,SOUTH CENTRAL,80,1994,1.0,56000.0,55900.0,2861000.0,51.2,3443.249414813684,77863.5455,22621.927387800002
IOWA,19,WARREN,181,19181,SOUTH CENTRAL,80,1995,1.0,64000.0,63300.0,2286000.0,36.1,2427.759841304179,62214.633,25616.6011386
IOWA,19,WARREN,181,19181,SOUTH CENTRAL,80,1996,1.0,60000.0,59300.0,2241000.0,37.8,2542.0864820304146,60989.9355,23997.8585706
IOWA,19,WARREN,181,19181,SOUTH CENTRAL,80,1997,1.0,69000.0,68300.0,3040000.0,44.5,2992.6679484220494,82735.12,27640.0293486
IOWA,19,WARREN,181,19181,SOUTH CENTRAL,80,1998,1.0,64400.0,64200.0,2939000.0,45.8,3080.0942030950528,79986.3545,25980.8182164
IOWA,19,WARREN,181,19181,SOUTH CENTRAL,80,1999,1.0,67000.0,66600.0,2738000.0,41.1,2764.0146669695782,74516.039,26952.0637572
IOWA,19,WARREN,181,19181,SOUTH CENTRAL,80,2000,1.0,67000.0,66800.0,2874000.0,43.0,2891.7915007224296,78217.347,27033.000885600002
IOWA,19,WARREN,181,19181,SOUTH CENTRAL,80,2001,1.0,66000.0,65500.0,2913000.0,44.5,2992.6679484220494,79278.7515,26506.909551
IOWA,19,WARREN,181,19181,SOUTH CENTRAL,80,2002,1.0,63000.0,62900.0,2917000.0,46.4,3120.444782174901,79387.6135,25454.7268818
IOWA,19,WARREN,181,19181,SOUTH CENTRAL,80,2003,1.0,68000.0,67600.0,1850000.0,27.4,1842.6764446463853,50348.675,27356.7493992
IOWA,19,WARREN,181,19181,SOUTH CENTRAL,80,2004,1.0,63500.0,62600.0,3253000.0,52.0,3497.0501869201476,88532.0215,25333.3211892
IOWA,19,WARREN,181,19181,SOUTH CENTRAL,80,2005,1.0,65000.0,64700.0,3246500.0,50.2,3375.998449680604,88355.12075,26183.1610374
IOWA,19,WARREN,181,19181,SOUTH CENTRAL,80,2006,1.0,64000.0,63600.0,3201200.0,50.3,3382.7235461939117,87122.2586,25738.0068312
IOWA,19,WARREN,181,19181,SOUTH CENTRAL,80,2007,1.0,54500.0,54400.0,3005000.0,55.2,3712.2532753460027,81782.5775,22014.8989248
IOWA,19,WARREN,181,19181,SOUTH CENTRAL,80,2008,1.0,62000.0,60500.0,2525000.0,41.5,2790.91505302281,68719.1375,24483.481341000002
IOWA,19,WARREN,181,19181,SOUTH CENTRAL,80,2009,1.0,64900.0,64300.0,3329000.0,52.0,3497.0501869201476,90600.3995,26021.2867806
IOWA,19,WARREN,181,19181,SOUTH CENTRAL,80,2010,1.0,64400.0,63100.0,3052000.0,48.4,3254.9467124410603,83061.706,25535.664010200002
IOWA,19,WARREN,181,19181,SOUTH CENTRAL,80,2011,1.0,65400.0,64600.0,2939000.0,45.5,3059.918913555129,79986.3545,26142.6924732
IOWA,19,WARREN,181,19181,SOUTH CENTRAL,80,2012,1.0,66300.0,66100.0,2861000.0,43.3,2911.9667902623532,77863.5455,26749.7209362
IOWA,19,WARREN,181,19181,SOUTH CENTRAL,80,2013,1.0,69000.0,68400.0,2910000.0,42.5,2858.1660181558896,79197.105,27680.4979128
IOWA,19,WARREN,181,19181,SOUTH CENTRAL,80,2014,1.0,68100.0,66800.0,3111000.0,46.6,3133.894975201517,84667.4205,27033.000885600002
IOWA,19,WARREN,181,19181,SOUTH CENTRAL,80,2015,1.0,69400.0,68500.0,3672000.0,53.6,3604.6517311330754,99935.316,27720.966477
IOWA,19,WARREN,181,19181,SOUTH CENTRAL,80,2016,1.0,68600.0,68200.0,3705000.0,54.3,3651.7274067262306,100833.4275,27599.5607844
IOWA,19,WARREN,181,19181,SOUTH CENTRAL,80,2017,1.0,68800.0,68500.0,3418000.0,49.9,3355.82316014068,93022.579,27720.966477
IOWA,19,WARREN,181,19181,SOUTH CENTRAL,80,2018,1.0,71300.0,70600.0,3673000.0,52.0,3497.0501869201476,99962.5315,28570.8063252
IOWA,19,WARREN,181,19181,SOUTH CENTRAL,80,2019,1.0,64800.0,63400.0,3318000.0,52.3,3517.225476460071,90301.029,25657.0697028
IOWA,19,WARREN,181,19181,SOUTH CENTRAL,80,2020,1.0,69000.0,68500.0,3391000.0,49.5,3328.922774087448,92287.7605,27720.966477
IOWA,19,WARREN,181,19181,SOUTH CENTRAL,80,2022,1.0,66700.0,66300.0,3330000.0,50.2,3375.998449680604,90627.615,26830.6580646
IOWA,19,WARREN,181,19181,SOUTH CENTRAL,80,2023,1.0,65600.0,65200.0,3775000.0,57.9,3893.830881205318,102738.5125,26385.5038584
IOWA,19,WARREN,181,19181,SOUTH CENTRAL,80,2025,1.0,62600.0,62100.0,3751000.0,60.4,4061.9582940380174,102085.3405,25130.9783682
IOWA,19,WASHINGTON,183,19183,SOUTHEAST,90,1980,1.0,72200.0,72100.0,3240000.0,44.9,3019.568334475281,88178.22,29177.8347882
IOWA,19,WASHINGTON,183,19183,SOUTHEAST,90,1981,1.0,68500.0,68300.0,3085000.0,45.2,3039.743624015205,83959.8175,27640.0293486
IOWA,19,WASHINGTON,183,19183,SOUTHEAST,90,1982,1.0,72400.0,71700.0,2945000.0,41.1,2764.0146669695782,80149.6475,29015.9605314
IOWA,19,WASHINGTON,183,19183,SOUTHEAST,90,1983,1.0,63100.0,63100.0,2389000.0,37.9,2548.8115785437226,65017.8295,25535.664010200002
IOWA,19,WASHINGTON,183,19183,SOUTHEAST,90,1984,1.0,70300.0,69900.0,2615000.0,37.4,2515.186095977183,71168.5325,28287.5263758
IOWA,19,WASHINGTON,183,19183,SOUTHEAST,90,1985,1.0,69300.0,69100.0,2903000.0,42.0,2824.54053558935,79006.5965,27963.7778622
IOWA,19,WASHINGTON,183,19183,SOUTHEAST,90,1986,1.0,70300.0,69900.0,2981000.0,42.6,2864.891114669198,81129.4055,28287.5263758
IOWA,19,WASHINGTON,183,19183,SOUTHEAST,90,1987,1.0,69700.0,69500.0,3064000.0,44.1,2965.7675623688174,83388.292,28125.652119000002
IOWA,19,WASHINGTON,183,19183,SOUTHEAST,90,1988,1.0,73700.0,73200.0,2121000.0,29.0,1950.277988859313,57724.0755,29622.988994400002
IOWA,19,WASHINGTON,183,19183,SOUTHEAST,90,1989,1.0,73700.0,73700.0,2941000.0,39.9,2683.3135088098825,80040.7855,29825.3318154
IOWA,19,WASHINGTON,183,19183,SOUTHEAST,90,1990,1.0,69000.0,68600.0,3075000.0,44.8,3012.843237961973,83687.6625,27761.435041200002
IOWA,19,WASHINGTON,183,19183,SOUTHEAST,90,1991,1.0,72700.0,71800.0,3509000.0,48.9,3288.5721950076,95499.1895,29056.4290956
IOWA,19,WASHINGTON,183,19183,SOUTHEAST,90,1992,1.0,78000.0,77900.0,3464000.0,44.5,2992.6679484220494,94274.492,31525.0115118
IOWA,19,WASHINGTON,183,19183,SOUTHEAST,90,1993,1.0,79000.0,77200.0,3019000.0,39.1,2629.512736703419,82163.5945,31241.7315624
IOWA,19,WASHINGTON,183,19183,SOUTHEAST,90,1994,1.0,83000.0,82800.0,4636000.0,56.0,3766.0540474524664,126171.058,33507.971157600005
IOWA,19,WASHINGTON,183,19183,SOUTHEAST,90,1995,1.0,97000.0,96500.0,4086000.0,42.3,2844.7158251292735,111202.533,39052.164453
IOWA,19,WASHINGTON,183,19183,SOUTHEAST,90,1996,1.0,97000.0,96800.0,4242000.0,43.8,2945.5922728288933,115448.151,39173.5701456
IOWA,19,WASHINGTON,183,19183,SOUTHEAST,90,1997,1.0,106600.0,105600.0,5237000.0,49.6,3335.647870600756,142527.5735,42734.8037952
IOWA,19,WASHINGTON,183,19183,SOUTHEAST,90,1998,1.0,103000.0,102400.0,5201000.0,50.8,3416.349028760452,141547.8155,41439.8097408
IOWA,19,WASHINGTON,183,19183,SOUTHEAST,90,1999,1.0,105000.0,104800.0,4763000.0,45.4,3053.193817041821,129627.4265,42411.0552816
IOWA,19,WASHINGTON,183,19183,SOUTHEAST,90,2000,1.0,104000.0,103800.0,4228000.0,40.7,2737.1142809163466,115067.134,42006.3696396
IOWA,19,WASHINGTON,183,19183,SOUTHEAST,90,2001,1.0,103000.0,102100.0,4624000.0,45.3,3046.468720528513,125844.472,41318.4040482
IOWA,19,WASHINGTON,183,19183,SOUTHEAST,90,2002,1.0,96000.0,95600.0,4632000.0,48.5,3261.6718089543683,126062.196,38687.9473752
IOWA,19,WASHINGTON,183,19183,SOUTHEAST,90,2003,1.0,98000.0,97500.0,3228000.0,33.1,2226.00694590494,87851.634,39456.850095
IOWA,19,WASHINGTON,183,19183,SOUTHEAST,90,2004,1.0,95000.0,94100.0,4944000.0,52.5,3530.675669486687,134553.432,38080.9189122
IOWA,19,WASHINGTON,183,19183,SOUTHEAST,90,2005,1.0,93500.0,93000.0,4672100.0,50.2,3375.998449680604,127153.53755,37635.764706
IOWA,19,WASHINGTON,183,19183,SOUTHEAST,90,2006,1.0,95500.0,95000.0,4675000.0,49.2,3308.7474845475244,127232.4625,38445.13599
IOWA,19,WASHINGTON,183,19183,SOUTHEAST,90,2007,1.0,78500.0,78100.0,3965000.0,50.8,3416.349028760452,107909.4575,31605.9486402
IOWA,19,WASHINGTON,183,19183,SOUTHEAST,90,2008,1.0,88000.0,87100.0,4411000.0,50.5,3396.1737392205278,120047.5705,35248.1194182
IOWA,19,WASHINGTON,183,19183,SOUTHEAST,90,2009,1.0,85500.0,84700.0,4491000.0,53.0,3564.3011520532273,122224.8105,34276.8738774
IOWA,19,WASHINGTON,183,19183,SOUTHEAST,90,2010,1.0,91000.0,90000.0,4221000.0,46.9,3154.0702647414405,114876.6255,36421.707780000004
IOWA,19,WASHINGTON,183,19183,SOUTHEAST,90,2011,1.0,87300.0,86500.0,4800000.0,55.5,3732.428564885927,130634.4,35005.308033
IOWA,19,WASHINGTON,183,19183,SOUTHEAST,90,2012,1.0,88900.0,88600.0,4570000.0,51.6,3470.1498008669155,124374.835,35855.1478812
IOWA,19,WASHINGTON,183,19183,SOUTHEAST,90,2013,1.0,92000.0,91600.0,4130000.0,45.1,3033.018527501897,112400.015,37069.2048072
IOWA,19,WASHINGTON,183,19183,SOUTHEAST,90,2014,1.0,95500.0,93400.0,5040000.0,54.0,3631.552117186307,137166.12,37797.6389628
IOWA,19,WASHINGTON,183,19183,SOUTHEAST,90,2015,1.0,96500.0,96000.0,5653000.0,58.9,3961.0818463383976,153849.2215,38849.821632
IOWA,19,WASHINGTON,183,19183,SOUTHEAST,90,2016,1.0,94000.0,93300.0,5207000.0,55.8,3752.6038544258504,141711.1085,37757.1703986
IOWA,19,WASHINGTON,183,19183,SOUTHEAST,90,2017,1.0,94200.0,93600.0,5777000.0,61.7,4149.384548711021,157223.9435,37878.576091200004
IOWA,19,WASHINGTON,183,19183,SOUTHEAST,90,2018,1.0,93600.0,90600.0,5571000.0,61.5,4135.934355684405,151617.5505,36664.5191652
IOWA,19,WASHINGTON,183,19183,SOUTHEAST,90,2019,1.0,89600.0,88700.0,4853000.0,54.7,3678.627792779463,132076.8215,35895.6164454
IOWA,19,WASHINGTON,183,19183,SOUTHEAST,90,2020,1.0,93400.0,92600.0,4926000.0,53.2,3577.7513450798433,134063.553,37473.8904492
IOWA,19,WASHINGTON,183,19183,SOUTHEAST,90,2022,1.0,96900.0,96300.0,5508000.0,57.2,3846.7552056121626,149902.974,38971.227324600004
IOWA,19,WASHINGTON,183,19183,SOUTHEAST,90,2023,1.0,95500.0,94900.0,5703000.0,60.1,4041.7830044980938,155209.9965,38404.6674258
IOWA,19,WASHINGTON,183,19183,SOUTHEAST,90,2025,1.0,93200.0,92500.0,6050000.0,65.4,4398.213119703417,164653.775,37433.421885
IOWA,19,WAYNE,185,19185,SOUTH CENTRAL,80,1980,1.0,54300.0,54200.0,1710000.0,31.5,2118.405401692012,46538.505,21933.9617964
IOWA,19,WAYNE,185,19185,SOUTH CENTRAL,80,1981,1.0,54400.0,54400.0,1775000.0,32.6,2192.3814633384004,48307.5125,22014.8989248
IOWA,19,WAYNE,185,19185,SOUTH CENTRAL,80,1982,1.0,52100.0,50400.0,1311000.0,26.0,1748.5250934600738,35679.5205,20396.156356800002
IOWA,19,WAYNE,185,19185,SOUTH CENTRAL,80,1983,1.0,51900.0,51900.0,936000.0,18.0,1210.5173723954356,25473.708,21003.1848198
IOWA,19,WAYNE,185,19185,SOUTH CENTRAL,80,1984,1.0,52600.0,52200.0,1046000.0,20.0,1345.0193026615952,28467.413,21124.590512400002
IOWA,19,WAYNE,185,19185,SOUTH CENTRAL,80,1985,1.0,47900.0,47600.0,1661000.0,34.9,2347.0586831444834,45204.9455,19263.0365592
IOWA,19,WAYNE,185,19185,SOUTH CENTRAL,80,1986,1.0,50400.0,50300.0,1908000.0,37.9,2548.8115785437226,51927.174,20355.6877926
IOWA,19,WAYNE,185,19185,SOUTH CENTRAL,80,1987,1.0,40900.0,40600.0,1542000.0,38.0,2555.536675057031,41966.301,16430.2370652
IOWA,19,WAYNE,185,19185,SOUTH CENTRAL,80,1988,1.0,41200.0,41000.0,952000.0,23.2,1560.2223910874504,25909.156,16592.111322
IOWA,19,WAYNE,185,19185,SOUTH CENTRAL,80,1989,1.0,40300.0,40200.0,1118000.0,27.8,1869.5768306996174,30426.929,16268.362808400001
IOWA,19,WAYNE,185,19185,SOUTH CENTRAL,80,1990,1.0,39000.0,38400.0,1110000.0,28.9,1943.552892346005,30209.205,15539.928652800001
IOWA,19,WAYNE,185,19185,SOUTH CENTRAL,80,1991,1.0,39300.0,39200.0,1338000.0,34.1,2293.2579110380198,36414.339,15863.6771664
IOWA,19,WAYNE,185,19185,SOUTH CENTRAL,80,1992,1.0,37000.0,36800.0,1303000.0,35.4,2380.6841657110235,35461.7965,14892.4316256
IOWA,19,WAYNE,185,19185,SOUTH CENTRAL,80,1993,1.0,43000.0,42500.0,1056000.0,24.8,1667.823935300378,28739.568,17199.139785
IOWA,19,WAYNE,185,19185,SOUTH CENTRAL,80,1994,1.0,42000.0,41900.0,1775000.0,42.4,2851.4409216425815,48307.5125,16956.3283998
IOWA,19,WAYNE,185,19185,SOUTH CENTRAL,80,1995,1.0,52000.0,50600.0,1463000.0,28.9,1943.552892346005,39816.2765,20477.0934852
IOWA,19,WAYNE,185,19185,SOUTH CENTRAL,80,1996,1.0,25000.0,24900.0,899000.0,36.1,2427.759841304179,24466.7345,10076.6724858
IOWA,19,WAYNE,185,19185,SOUTH CENTRAL,80,1997,1.0,51000.0,50600.0,2039000.0,40.3,2710.213894863114,55492.4045,20477.0934852
IOWA,19,WAYNE,185,19185,SOUTH CENTRAL,80,1998,1.0,50500.0,50300.0,2005000.0,39.9,2683.3135088098825,54567.0775,20355.6877926
IOWA,19,WAYNE,185,19185,SOUTH CENTRAL,80,1999,1.0,55000.0,54700.0,1888000.0,34.5,2320.158297091252,51382.864,22136.3046174
IOWA,19,WAYNE,185,19185,SOUTH CENTRAL,80,2000,1.0,54000.0,53800.0,2108000.0,39.2,2636.237833216727,57370.274,21772.0875396
IOWA,19,WAYNE,185,19185,SOUTH CENTRAL,80,2001,1.0,41000.0,40200.0,1610000.0,40.0,2690.0386053231905,43816.955,16268.362808400001
IOWA,19,WAYNE,185,19185,SOUTH CENTRAL,80,2002,1.0,53000.0,52600.0,2061000.0,39.2,2636.237833216727,56091.1455,21286.4647692
IOWA,19,WAYNE,185,19185,SOUTH CENTRAL,80,2003,1.0,51000.0,50700.0,1357000.0,26.8,1802.3258655665377,36931.4335,20517.5620494
IOWA,19,WAYNE,185,19185,SOUTH CENTRAL,80,2004,1.0,49000.0,48300.0,2388000.0,49.4,3322.19767757414,64990.614,19546.3165086
IOWA,19,WAYNE,185,19185,SOUTH CENTRAL,80,2005,1.0,52000.0,51700.0,2690300.0,52.0,3497.0501869201476,73217.85964999998,20922.2476914
IOWA,19,WAYNE,185,19185,SOUTH CENTRAL,80,2006,1.0,50500.0,50300.0,2029500.0,40.3,2710.213894863114,55233.85725,20355.6877926
IOWA,19,WAYNE,185,19185,SOUTH CENTRAL,80,2007,1.0,47000.0,46900.0,2400000.0,51.2,3443.249414813684,65317.2,18979.7566098
IOWA,19,WAYNE,185,19185,SOUTH CENTRAL,80,2008,1.0,60000.0,58200.0,1787000.0,30.5,2051.1544365589325,48634.0985,23552.7043644
IOWA,19,WAYNE,185,19185,SOUTH CENTRAL,80,2009,1.0,54100.0,53500.0,1806000.0,34.0,2286.5328145247117,49151.193,21650.681847
IOWA,19,WAYNE,185,19185,SOUTH CENTRAL,80,2010,1.0,58200.0,57200.0,2436000.0,42.6,2864.891114669198,66296.958,23148.0187224
IOWA,19,WAYNE,185,19185,SOUTH CENTRAL,80,2011,1.0,64400.0,64000.0,2886000.0,45.1,3033.018527501897,78543.933,25899.881088000002
IOWA,19,WAYNE,185,19185,SOUTH CENTRAL,80,2012,1.0,70100.0,69800.0,1962000.0,28.1,1889.7521202395412,53396.811,28247.0578116
IOWA,19,WAYNE,185,19185,SOUTH CENTRAL,80,2013,1.0,64600.0,64000.0,2127000.0,33.2,2232.732042418248,57887.3685,25899.881088000002
IOWA,19,WAYNE,185,19185,SOUTH CENTRAL,80,2014,1.0,76800.0,76400.0,3502000.0,45.8,3080.0942030950528,95308.681,30917.9830488
IOWA,19,WAYNE,185,19185,SOUTH CENTRAL,80,2015,1.0,53100.0,52300.0,2351000.0,45.0,3026.293430988589,63983.6405,21165.059076600002
IOWA,19,WAYNE,185,19185,SOUTH CENTRAL,80,2016,1.0,73000.0,72800.0,3944000.0,54.2,3645.002310212923,107337.932,29461.1147376
IOWA,19,WAYNE,185,19185,SOUTH CENTRAL,80,2018,1.0,72300.0,71600.0,3506000.0,49.0,3295.2972915209084,95417.543,28975.4919672
IOWA,19,WAYNE,185,19185,SOUTH CENTRAL,80,2019,1.0,58900.0,57800.0,3033000.0,52.5,3530.675669486687,82544.6115,23390.8301076
IOWA,19,WAYNE,185,19185,SOUTH CENTRAL,80,2020,1.0,69500.0,68900.0,3073000.0,44.6,2999.3930449353575,83633.2315,27882.8407338
IOWA,19,WAYNE,185,19185,SOUTH CENTRAL,80,2021,1.0,67400.0,67000.0,3826000.0,57.1,3840.030109098854,104126.503,27113.938014
IOWA,19,WAYNE,185,19185,SOUTH CENTRAL,80,2024,1.0,69100.0,68700.0,3888000.0,56.6,3806.4046265323145,105813.864,27801.903605400003
IOWA,19,WEBSTER,187,19187,CENTRAL,50,1980,1.0,179300.0,179200.0,7660000.0,42.7,2871.616211182506,208470.73,72519.6670464
IOWA,19,WEBSTER,187,19187,CENTRAL,50,1981,1.0,173800.0,172800.0,7766000.0,44.9,3019.568334475281,211355.573,69929.67893760001
IOWA,19,WEBSTER,187,19187,CENTRAL,50,1982,1.0,179000.0,177800.0,7012000.0,39.4,2649.6880262433424,190835.086,71953.1071476
IOWA,19,WEBSTER,187,19187,CENTRAL,50,1983,1.0,172000.0,171500.0,6547000.0,38.2,2568.986868083647,178179.8785,69403.587603
IOWA,19,WEBSTER,187,19187,CENTRAL,50,1984,1.0,183000.0,181400.0,6202000.0,34.2,2299.983007551328,168790.531,73409.9754588
IOWA,19,WEBSTER,187,19187,CENTRAL,50,1985,1.0,169700.0,168700.0,6569000.0,38.9,2616.0625436768028,178778.6195,68270.4678054
IOWA,19,WEBSTER,187,19187,CENTRAL,50,1986,1.0,173000.0,172700.0,7343000.0,42.5,2858.1660181558896,199843.4165,69889.2103734
IOWA,19,WEBSTER,187,19187,CENTRAL,50,1987,1.0,167000.0,165700.0,7443000.0,44.9,3019.568334475281,202564.9665,67056.4108794
IOWA,19,WEBSTER,187,19187,CENTRAL,50,1988,1.0,171000.0,170300.0,4751000.0,27.9,1876.3019272129252,129300.8405,68917.9648326
IOWA,19,WEBSTER,187,19187,CENTRAL,50,1989,1.0,176000.0,175900.0,7925000.0,45.1,3033.018527501897,215682.8375,71184.2044278
IOWA,19,WEBSTER,187,19187,CENTRAL,50,1990,1.0,169000.0,166000.0,6350000.0,38.3,2575.7119645969547,172818.425,67177.816572
IOWA,19,WEBSTER,187,19187,CENTRAL,50,1991,1.0,187000.0,182100.0,7330000.0,40.3,2710.213894863114,199489.615,73693.2554082
IOWA,19,WEBSTER,187,19187,CENTRAL,50,1992,1.0,171000.0,170600.0,7743000.0,45.4,3053.193817041821,210729.6165,69039.3705252
IOWA,19,WEBSTER,187,19187,CENTRAL,50,1993,1.0,181000.0,173500.0,4683000.0,27.0,1815.7760585931535,127450.1865,70212.958887
IOWA,19,WEBSTER,187,19187,CENTRAL,50,1994,1.0,178000.0,177300.0,9183000.0,51.8,3483.5999938935315,249919.9365,71750.76432660001
IOWA,19,WEBSTER,187,19187,CENTRAL,50,1995,1.0,181000.0,180600.0,9301000.0,51.5,3463.4247043536075,253131.3655,73086.2269452
IOWA,19,WEBSTER,187,19187,CENTRAL,50,1996,1.0,174000.0,173600.0,8170000.0,47.1,3167.520457768057,222350.635,70253.4274512
IOWA,19,WEBSTER,187,19187,CENTRAL,50,1997,1.0,197200.0,195400.0,8994000.0,46.0,3093.544396121669,244776.207,79075.5744468
IOWA,19,WEBSTER,187,19187,CENTRAL,50,1998,1.0,193100.0,192200.0,8788000.0,45.7,3073.369106581745,239169.814,77780.5803924
IOWA,19,WEBSTER,187,19187,CENTRAL,50,1999,1.0,186000.0,185400.0,8430000.0,45.5,3059.918913555129,229426.665,75028.71802680001
IOWA,19,WEBSTER,187,19187,CENTRAL,50,2000,1.0,180000.0,179900.0,8286000.0,46.1,3100.269492634977,225507.633,72802.9469958
IOWA,19,WEBSTER,187,19187,CENTRAL,50,2001,1.0,184000.0,182900.0,7932000.0,43.4,2918.6918867756613,215873.346,74017.0039218
IOWA,19,WEBSTER,187,19187,CENTRAL,50,2002,1.0,176000.0,175200.0,8764000.0,50.0,3362.548256653988,238516.642,70900.9244784
IOWA,19,WEBSTER,187,19187,CENTRAL,50,2003,1.0,176000.0,175100.0,6193000.0,35.4,2380.6841657110235,168545.5915,70860.4559142
IOWA,19,WEBSTER,187,19187,CENTRAL,50,2004,1.0,169000.0,168300.0,8090000.0,48.1,3234.7714229011367,220173.395,68108.59354860001
IOWA,19,WEBSTER,187,19187,CENTRAL,50,2005,1.0,164000.0,163200.0,8338500.0,51.1,3436.524318300376,226936.44675,66044.6967744
IOWA,19,WEBSTER,187,19187,CENTRAL,50,2006,1.0,163000.0,162600.0,7992500.0,49.2,3308.7474845475244,217519.88375,65801.8853892
IOWA,19,WEBSTER,187,19187,CENTRAL,50,2007,1.0,137000.0,136900.0,6991000.0,51.1,3436.524318300376,190263.5605,55401.4643898
IOWA,19,WEBSTER,187,19187,CENTRAL,50,2008,1.0,142000.0,140900.0,6662000.0,47.5,3194.4208438212886,181309.661,57020.2069578
IOWA,19,WEBSTER,187,19187,CENTRAL,50,2009,1.0,148500.0,144200.0,6904000.0,48.0,3228.0463263878282,187895.812,58355.6695764
IOWA,19,WEBSTER,187,19187,CENTRAL,50,2010,1.0,151000.0,150600.0,6856000.0,45.5,3059.918913555129,186589.468,60945.6576852
IOWA,19,WEBSTER,187,19187,CENTRAL,50,2011,1.0,145500.0,144400.0,7494000.0,51.9,3490.3250904068395,203952.957,58436.606704800004
IOWA,19,WEBSTER,187,19187,CENTRAL,50,2012,1.0,133000.0,132500.0,6191000.0,46.7,3140.620071714825,168491.1605,53620.847565000004
IOWA,19,WEBSTER,187,19187,CENTRAL,50,2013,1.0,145000.0,144400.0,5651000.0,39.1,2629.512736703419,153794.7905,58436.606704800004
IOWA,19,WEBSTER,187,19187,CENTRAL,50,2014,1.0,151500.0,150500.0,7887000.0,52.4,3523.950572973379,214648.6485,60905.189121
IOWA,19,WEBSTER,187,19187,CENTRAL,50,2015,1.0,158000.0,157200.0,8635000.0,54.9,3692.0779858060787,235005.8425,63616.582922400004
IOWA,19,WEBSTER,187,19187,CENTRAL,50,2016,1.0,144500.0,144000.0,8408000.0,58.4,3927.456363771858,228827.924,58274.732448
IOWA,19,WEBSTER,187,19187,CENTRAL,50,2017,1.0,160500.0,159500.0,9233000.0,57.9,3893.830881205318,251280.7115,64547.359899
IOWA,19,WEBSTER,187,19187,CENTRAL,50,2018,1.0,157000.0,155400.0,7947000.0,51.1,3436.524318300376,216281.5785,62888.148766800005
IOWA,19,WEBSTER,187,19187,CENTRAL,50,2019,1.0,146000.0,145000.0,7117000.0,49.1,3302.0223880342164,193692.7135,58679.41809
IOWA,19,WEBSTER,187,19187,CENTRAL,50,2020,1.0,144000.0,142800.0,7197000.0,50.4,3389.4486427072197,195869.9535,57789.109677600005
IOWA,19,WEBSTER,187,19187,CENTRAL,50,2021,1.0,157500.0,156300.0,10097000.0,64.6,4344.412347596952,274794.9035,63252.365844600004
IOWA,19,WEBSTER,187,19187,CENTRAL,50,2022,1.0,158500.0,157400.0,9051000.0,57.5,3866.930495152086,246327.4905,63697.520050800005
IOWA,19,WEBSTER,187,19187,CENTRAL,50,2023,1.0,160000.0,159000.0,9540000.0,60.0,4035.0579079847857,259635.87,64345.017078000004
IOWA,19,WEBSTER,187,19187,CENTRAL,50,2024,1.0,155500.0,155000.0,9269000.0,59.8,4021.6077149581693,252260.4695,62726.27451
IOWA,19,WEBSTER,187,19187,CENTRAL,50,2025,1.0,149500.0,148400.0,9127000.0,61.5,4135.934355684405,248395.8685,60055.3492728
IOWA,19,WINNEBAGO,189,19189,NORTH CENTRAL,20,1980,1.0,106400.0,106300.0,3530000.0,33.2,2232.732042418248,96070.715,43018.0837446
IOWA,19,WINNEBAGO,189,19189,NORTH CENTRAL,20,1981,1.0,95800.0,92500.0,2597000.0,28.1,1889.7521202395412,70678.6535,37433.421885
IOWA,19,WINNEBAGO,189,19189,NORTH CENTRAL,20,1982,1.0,97200.0,96900.0,3351000.0,34.6,2326.88339360456,91199.1405,39214.0387098
IOWA,19,WINNEBAGO,189,19189,NORTH CENTRAL,20,1983,1.0,90800.0,90700.0,3013000.0,33.2,2232.732042418248,82000.3015,36704.9877294
IOWA,19,WINNEBAGO,189,19189,NORTH CENTRAL,20,1984,1.0,95100.0,94400.0,2962000.0,31.4,2111.680305178704,80612.311,38202.3246048
IOWA,19,WINNEBAGO,189,19189,NORTH CENTRAL,20,1985,1.0,96100.0,95500.0,3079000.0,32.2,2165.4810772851683,83796.5245,38647.478811
IOWA,19,WINNEBAGO,189,19189,NORTH CENTRAL,20,1986,1.0,99000.0,97700.0,3685000.0,37.7,2535.361385517107,100289.1175,39537.7872234
IOWA,19,WINNEBAGO,189,19189,NORTH CENTRAL,20,1987,1.0,83900.0,83600.0,3274000.0,39.2,2636.237833216727,89103.547,33831.7196712
IOWA,19,WINNEBAGO,189,19189,NORTH CENTRAL,20,1988,1.0,84500.0,84100.0,2900000.0,34.5,2320.158297091252,78924.95,34034.0624922
IOWA,19,WINNEBAGO,189,19189,NORTH CENTRAL,20,1989,1.0,84300.0,84300.0,3035000.0,36.0,2421.034744790871,82599.0425,34114.9996206
IOWA,19,WINNEBAGO,189,19189,NORTH CENTRAL,20,1990,1.0,83900.0,83600.0,3398000.0,40.6,2730.389184403038,92478.269,33831.7196712
IOWA,19,WINNEBAGO,189,19189,NORTH CENTRAL,20,1991,1.0,104000.0,103400.0,3392000.0,32.8,2205.831656365016,92314.976,41844.4953828
IOWA,19,WINNEBAGO,189,19189,NORTH CENTRAL,20,1992,1.0,76000.0,75900.0,3022000.0,39.8,2676.5884122965745,82245.241,30715.640227800002
IOWA,19,WINNEBAGO,189,19189,NORTH CENTRAL,20,1993,1.0,89000.0,85400.0,1869000.0,21.9,1472.7961364144467,50865.7695,34560.1538268
IOWA,19,WINNEBAGO,189,19189,NORTH CENTRAL,20,1994,1.0,88000.0,87800.0,3776000.0,43.0,2891.7915007224296,102765.728,35531.3993676
IOWA,19,WINNEBAGO,189,19189,NORTH CENTRAL,20,1995,1.0,89000.0,88700.0,3793000.0,42.8,2878.3413076958136,103228.3915,35895.6164454
IOWA,19,WINNEBAGO,189,19189,NORTH CENTRAL,20,1996,1.0,90000.0,89800.0,3528000.0,39.3,2642.9629297300344,96016.284,36340.7706516
IOWA,19,WINNEBAGO,189,19189,NORTH CENTRAL,20,1997,1.0,99700.0,98800.0,4309000.0,43.6,2932.1420798022777,117271.5895,39982.9414296
IOWA,19,WINNEBAGO,189,19189,NORTH CENTRAL,20,1998,1.0,101900.0,101400.0,4787000.0,47.2,3174.245554281365,130280.5985,41035.1240988
IOWA,19,WINNEBAGO,189,19189,NORTH CENTRAL,20,1999,1.0,108000.0,107400.0,4338000.0,40.4,2716.938991376422,118060.839,43463.2379508
IOWA,19,WINNEBAGO,189,19189,NORTH CENTRAL,20,2000,1.0,103000.0,102900.0,4821000.0,46.9,3154.0702647414405,131205.9255,41642.1525618
IOWA,19,WINNEBAGO,189,19189,NORTH CENTRAL,20,2001,1.0,113000.0,112100.0,4167000.0,37.2,2501.7359029505674,113406.9885,45365.2604682
IOWA,19,WINNEBAGO,189,19189,NORTH CENTRAL,20,2002,1.0,102000.0,101400.0,4838000.0,47.7,3207.8710368479046,131668.589,41035.1240988
IOWA,19,WINNEBAGO,189,19189,NORTH CENTRAL,20,2003,1.0,103000.0,102500.0,3634000.0,35.5,2387.4092622243315,98901.127,41480.278305
IOWA,19,WINNEBAGO,189,19189,NORTH CENTRAL,20,2004,1.0,99000.0,97800.0,4105000.0,42.0,2824.54053558935,111719.6275,39578.2557876
IOWA,19,WINNEBAGO,189,19189,NORTH CENTRAL,20,2005,1.0,95500.0,95000.0,5072200.0,53.4,3591.201538106459,138042.4591,38445.13599
IOWA,19,WINNEBAGO,189,19189,NORTH CENTRAL,20,2006,1.0,97000.0,96600.0,5120500.0,53.0,3564.3011520532273,139356.96775,39092.6330172
IOWA,19,WINNEBAGO,189,19189,NORTH CENTRAL,20,2007,1.0,77500.0,77300.0,4260000.0,55.1,3705.5281788326947,115938.03,31282.2001266
IOWA,19,WINNEBAGO,189,19189,NORTH CENTRAL,20,2008,1.0,90500.0,90200.0,4209000.0,46.5,3127.169878688209,114550.0395,36502.6449084
IOWA,19,WINNEBAGO,189,19189,NORTH CENTRAL,20,2009,1.0,93000.0,92600.0,4628000.0,50.0,3362.548256653988,125953.334,37473.8904492
IOWA,19,WINNEBAGO,189,19189,NORTH CENTRAL,20,2010,1.0,87900.0,87800.0,4526000.0,51.5,3463.4247043536075,123177.353,35531.3993676
IOWA,19,WINNEBAGO,189,19189,NORTH CENTRAL,20,2011,1.0,80400.0,79800.0,3772000.0,47.3,3180.9706507946726,102656.866,32293.9142316
IOWA,19,WINNEBAGO,189,19189,NORTH CENTRAL,20,2012,1.0,77500.0,77100.0,3680000.0,47.7,3207.8710368479046,100153.04,31201.2629982
IOWA,19,WINNEBAGO,189,19189,NORTH CENTRAL,20,2013,1.0,64900.0,63600.0,2467000.0,38.8,2609.3374471634943,67140.6385,25738.0068312
IOWA,19,WINNEBAGO,189,19189,NORTH CENTRAL,20,2014,1.0,78700.0,78300.0,3724000.0,47.6,3201.1459403345966,101350.522,31686.8857686
IOWA,19,WINNEBAGO,189,19189,NORTH CENTRAL,20,2015,1.0,88500.0,88100.0,5233000.0,59.4,3994.7073289049376,142418.7115,35652.8050602
IOWA,19,WINNEBAGO,189,19189,NORTH CENTRAL,20,2016,1.0,79200.0,78700.0,4919000.0,62.5,4203.185320817485,133873.0445,31848.760025400003
IOWA,19,WINNEBAGO,189,19189,NORTH CENTRAL,20,2017,1.0,90500.0,90000.0,5394000.0,59.9,4028.3328114714777,146800.407,36421.707780000004
IOWA,19,WINNEBAGO,189,19189,NORTH CENTRAL,20,2018,1.0,84400.0,83200.0,4311000.0,51.8,3483.5999938935315,117326.0205,33669.8454144
IOWA,19,WINNEBAGO,189,19189,NORTH CENTRAL,20,2019,1.0,79800.0,79200.0,4289000.0,54.2,3645.002310212923,116727.2795,32051.1028464
IOWA,19,WINNEBAGO,189,19189,NORTH CENTRAL,20,2020,1.0,81000.0,80300.0,4882000.0,60.8,4088.858680091249,132866.071,32496.2570526
IOWA,19,WINNEBAGO,189,19189,NORTH CENTRAL,20,2021,1.0,84400.0,83900.0,5168000.0,61.6,4142.659452197713,140649.704,33953.1253638
IOWA,19,WINNEBAGO,189,19189,NORTH CENTRAL,20,2022,1.0,86500.0,85900.0,5532000.0,64.4,4330.962154570337,150556.146,34762.4966478
IOWA,19,WINNEBAGO,189,19189,NORTH CENTRAL,20,2023,1.0,82200.0,81700.0,4959000.0,60.7,4082.1335835779414,134961.6645,33062.816951400004
IOWA,19,WINNEBAGO,189,19189,NORTH CENTRAL,20,2024,1.0,87500.0,87000.0,4681000.0,53.8,3618.101924159691,127395.7555,35207.650854
IOWA,19,WINNEBAGO,189,19189,NORTH CENTRAL,20,2025,1.0,80200.0,79600.0,4768000.0,59.9,4028.3328114714777,129763.504,32212.977103200003
IOWA,19,WINNESHIEK,191,19191,NORTHEAST,30,1980,1.0,18200.0,18100.0,700000.0,38.7,2602.6123506501867,19050.85,7324.8101202
IOWA,19,WINNESHIEK,191,19191,NORTHEAST,30,1981,1.0,17500.0,17500.0,639000.0,36.5,2454.6602273574113,17390.7045,7081.998735
IOWA,19,WINNESHIEK,191,19191,NORTHEAST,30,1982,1.0,18600.0,18600.0,588000.0,31.6,2125.1304982053207,16002.714,7527.1529412
IOWA,19,WINNESHIEK,191,19191,NORTHEAST,30,1983,1.0,17800.0,17800.0,625000.0,35.1,2360.5088761710995,17009.6875,7203.4044276
IOWA,19,WINNESHIEK,191,19191,NORTHEAST,30,1984,1.0,17500.0,17400.0,520000.0,29.9,2010.8038574790846,14152.06,7041.530170800001
IOWA,19,WINNESHIEK,191,19191,NORTHEAST,30,1985,1.0,16800.0,16700.0,524000.0,31.4,2111.680305178704,14260.922,6758.250221400001
IOWA,19,WINNESHIEK,191,19191,NORTHEAST,30,1986,1.0,18300.0,18200.0,724000.0,39.8,2676.5884122965745,19704.022,7365.2786844
IOWA,19,WINNESHIEK,191,19191,NORTHEAST,30,1987,1.0,17700.0,17600.0,767000.0,43.6,2932.1420798022777,20874.2885,7122.4672992000005
IOWA,19,WINNESHIEK,191,19191,NORTHEAST,30,1988,1.0,20400.0,19900.0,510000.0,25.6,1721.624707406842,13879.905,8053.244275800001
IOWA,19,WINNESHIEK,191,19191,NORTHEAST,30,1989,1.0,18000.0,18000.0,678000.0,37.7,2535.361385517107,18452.109,7284.341556
IOWA,19,WINNESHIEK,191,19191,NORTHEAST,30,1990,1.0,16200.0,16100.0,698000.0,43.4,2918.6918867756613,18996.419,6515.4388362
IOWA,19,WINNESHIEK,191,19191,NORTHEAST,30,1991,1.0,19500.0,19200.0,797000.0,41.5,2790.91505302281,21690.7535,7769.964326400001
IOWA,19,WINNESHIEK,191,19191,NORTHEAST,30,1992,1.0,20000.0,20000.0,710000.0,35.5,2387.4092622243315,19323.005,8093.71284
IOWA,19,WINNESHIEK,191,19191,NORTHEAST,30,1993,1.0,24000.0,23500.0,728000.0,31.0,2084.7799191254726,19812.884,9510.112587
IOWA,19,WINNESHIEK,191,19191,NORTHEAST,30,1994,1.0,26000.0,25600.0,1252000.0,48.9,3288.5721950076,34073.806,10359.9524352
IOWA,19,WINNESHIEK,191,19191,NORTHEAST,30,1995,1.0,33000.0,32900.0,1579000.0,48.0,3228.0463263878282,42973.2745,13314.157621800001
IOWA,19,WINNESHIEK,191,19191,NORTHEAST,30,1996,1.0,34000.0,33900.0,1435000.0,42.3,2844.7158251292735,39054.2425,13718.843263800001
IOWA,19,WINNESHIEK,191,19191,NORTHEAST,30,1997,1.0,55000.0,54000.0,2484000.0,46.0,3093.544396121669,67603.302,21853.024668000002
IOWA,19,WINNESHIEK,191,19191,NORTHEAST,30,1998,1.0,63400.0,63200.0,2826000.0,44.7,3006.1181414486655,76911.003,25576.132574400002
IOWA,19,WINNESHIEK,191,19191,NORTHEAST,30,1999,1.0,70000.0,69900.0,3289000.0,47.1,3167.520457768057,89511.7795,28287.5263758
IOWA,19,WINNESHIEK,191,19191,NORTHEAST,30,2000,1.0,74000.0,73900.0,3773000.0,51.1,3436.524318300376,102684.0815,29906.2689438
IOWA,19,WINNESHIEK,191,19191,NORTHEAST,30,2001,1.0,79000.0,78100.0,2696000.0,34.5,2320.158297091252,73372.988,31605.9486402
IOWA,19,WINNESHIEK,191,19191,NORTHEAST,30,2002,1.0,71000.0,70800.0,3691000.0,52.1,3503.7752834334556,100452.4105,28651.7434536
IOWA,19,WINNESHIEK,191,19191,NORTHEAST,30,2003,1.0,77000.0,76700.0,2443000.0,31.9,2145.3057877452443,66487.4665,31039.388741400002
IOWA,19,WINNESHIEK,191,19191,NORTHEAST,30,2004,1.0,73000.0,72600.0,3138000.0,43.2,2905.2416937490457,85402.239,29380.1776092
IOWA,19,WINNESHIEK,191,19191,NORTHEAST,30,2005,1.0,72500.0,72000.0,3994700.0,55.5,3732.428564885927,108717.75785,29137.366224
IOWA,19,WINNESHIEK,191,19191,NORTHEAST,30,2006,1.0,74000.0,73600.0,3638900.0,49.4,3322.19767757414,99034.48294999999,29784.8632512
IOWA,19,WINNESHIEK,191,19191,NORTHEAST,30,2007,1.0,55200.0,55100.0,2805000.0,50.9,3423.07412527376,76339.4775,22298.1788742
IOWA,19,WINNESHIEK,191,19191,NORTHEAST,30,2008,1.0,72000.0,71700.0,3220000.0,45.0,3026.293430988589,87633.91,29015.9605314
IOWA,19,WINNESHIEK,191,19191,NORTHEAST,30,2009,1.0,65000.0,62300.0,2786000.0,44.5,2992.6679484220494,75822.383,25211.915496600002
IOWA,19,WINNESHIEK,191,19191,NORTHEAST,30,2010,1.0,68000.0,67600.0,3722000.0,55.1,3705.5281788326947,101296.091,27356.7493992
IOWA,19,WINNESHIEK,191,19191,NORTHEAST,30,2011,1.0,60200.0,59800.0,3140000.0,52.5,3530.675669486687,85456.67,24200.2013916
IOWA,19,WINNESHIEK,191,19191,NORTHEAST,30,2012,1.0,61500.0,61300.0,2753000.0,44.9,3019.568334475281,74924.2715,24807.229854600002
IOWA,19,WINNESHIEK,191,19191,NORTHEAST,30,2013,1.0,56600.0,56300.0,2751000.0,48.9,3288.5721950076,74869.8405,22783.8016446
IOWA,19,WINNESHIEK,191,19191,NORTHEAST,30,2014,1.0,70900.0,70600.0,3536000.0,50.1,3369.273353167296,96234.008,28570.8063252
IOWA,19,WINNESHIEK,191,19191,NORTHEAST,30,2015,1.0,68000.0,67800.0,3770000.0,55.6,3739.153661399235,102602.435,27437.686527600003
IOWA,19,WINNESHIEK,191,19191,NORTHEAST,30,2016,1.0,63600.0,62900.0,3675000.0,58.4,3927.456363771858,100016.9625,25454.7268818
IOWA,19,WINNESHIEK,191,19191,NORTHEAST,30,2017,1.0,67600.0,67200.0,3671000.0,54.6,3671.902696266155,99908.1005,27194.8751424
IOWA,19,WINNESHIEK,191,19191,NORTHEAST,30,2018,1.0,66200.0,65700.0,3397000.0,51.7,3476.874897380224,92451.0535,26587.8466794
IOWA,19,WINNESHIEK,191,19191,NORTHEAST,30,2019,1.0,55400.0,55000.0,3056000.0,55.6,3739.153661399235,83170.568,22257.710310000002
IOWA,19,WINNESHIEK,191,19191,NORTHEAST,30,2020,1.0,63200.0,62700.0,3361000.0,53.6,3604.6517311330754,91471.2955,25373.7897534
IOWA,19,WINNESHIEK,191,19191,NORTHEAST,30,2021,1.0,69500.0,69100.0,4270000.0,61.8,4156.109645224329,116210.185,27963.7778622
IOWA,19,WINNESHIEK,191,19191,NORTHEAST,30,2022,1.0,74000.0,73500.0,4875000.0,66.3,4458.738988323188,132675.5625,29744.394687
IOWA,19,WINNESHIEK,191,19191,NORTHEAST,30,2023,1.0,67800.0,67100.0,3529000.0,52.6,3537.4007659999957,96043.4995,27154.4065782
IOWA,19,WINNESHIEK,191,19191,NORTHEAST,30,2024,1.0,72200.0,71700.0,3944000.0,55.0,3698.8030823193867,107337.932,29015.9605314
IOWA,19,WOODBURY,193,19193,WEST CENTRAL,40,1980,1.0,87600.0,87500.0,2700000.0,30.9,2078.0548226121646,73481.85,35409.993675
IOWA,19,WOODBURY,193,19193,WEST CENTRAL,40,1981,1.0,92500.0,91800.0,3330000.0,36.3,2441.210034330795,90627.615,37150.141935600004
IOWA,19,WOODBURY,193,19193,WEST CENTRAL,40,1982,1.0,101000.0,100600.0,3731000.0,37.1,2495.0108064372594,101541.0305,40711.3755852
IOWA,19,WOODBURY,193,19193,WEST CENTRAL,40,1983,1.0,85900.0,85900.0,2365000.0,27.5,1849.4015411596934,64364.6575,34762.4966478
IOWA,19,WOODBURY,193,19193,WEST CENTRAL,40,1984,1.0,98700.0,96100.0,2516000.0,26.2,1761.9752864866896,68474.198,38890.2901962
IOWA,19,WOODBURY,193,19193,WEST CENTRAL,40,1985,1.0,89900.0,89600.0,3405000.0,38.0,2555.536675057031,92668.7775,36259.8335232
IOWA,19,WOODBURY,193,19193,WEST CENTRAL,40,1986,1.0,93400.0,93200.0,3610000.0,38.7,2602.6123506501867,98247.955,37716.7018344
IOWA,19,WOODBURY,193,19193,WEST CENTRAL,40,1987,1.0,91000.0,90600.0,3666000.0,40.5,2723.66408788973,99772.023,36664.5191652
IOWA,19,WOODBURY,193,19193,WEST CENTRAL,40,1988,1.0,93700.0,93100.0,2823000.0,30.3,2037.7042435323167,76829.3565,37676.2332702
IOWA,19,WOODBURY,193,19193,WEST CENTRAL,40,1989,1.0,95900.0,95700.0,3914000.0,40.9,2750.564473942962,106521.467,38728.4159394
IOWA,19,WOODBURY,193,19193,WEST CENTRAL,40,1990,1.0,94200.0,93600.0,3684000.0,39.4,2649.6880262433424,100261.902,37878.576091200004
IOWA,19,WOODBURY,193,19193,WEST CENTRAL,40,1991,1.0,106000.0,105500.0,3570000.0,33.8,2273.0826214980957,97159.335,42694.335231000005
IOWA,19,WOODBURY,193,19193,WEST CENTRAL,40,1992,1.0,100000.0,99900.0,4446000.0,44.5,2992.6679484220494,121000.113,40428.095635800004
IOWA,19,WOODBURY,193,19193,WEST CENTRAL,40,1993,1.0,109000.0,107600.0,3735000.0,34.7,2333.608490117868,101649.8925,43544.1750792
IOWA,19,WOODBURY,193,19193,WEST CENTRAL,40,1994,1.0,114000.0,113600.0,5658000.0,49.8,3349.0980636273716,153985.299,45972.288931200004
IOWA,19,WOODBURY,193,19193,WEST CENTRAL,40,1995,1.0,130000.0,129700.0,5047000.0,38.9,2616.0625436768028,137356.6285,52487.7277674
IOWA,19,WOODBURY,193,19193,WEST CENTRAL,40,1996,1.0,139000.0,137600.0,5637000.0,41.0,2757.28957045627,153413.7735,55684.7443392
IOWA,19,WOODBURY,193,19193,WEST CENTRAL,40,1997,1.0,167100.0,165900.0,6802000.0,41.0,2757.28957045627,185119.831,67137.3480078
IOWA,19,WOODBURY,193,19193,WEST CENTRAL,40,1998,1.0,159600.0,159000.0,6989000.0,44.0,2959.0424658555094,190209.1295,64345.017078000004
IOWA,19,WOODBURY,193,19193,WEST CENTRAL,40,1999,1.0,169000.0,167800.0,7098000.0,42.3,2844.7158251292735,193175.619,67906.2507276
IOWA,19,WOODBURY,193,19193,WEST CENTRAL,40,2000,1.0,169000.0,168800.0,6029000.0,35.7,2400.8594552509476,164082.2495,68310.93636960001
IOWA,19,WOODBURY,193,19193,WEST CENTRAL,40,2001,1.0,165000.0,164000.0,6736000.0,41.1,2764.0146669695782,183323.608,66368.445288
IOWA,19,WOODBURY,193,19193,WEST CENTRAL,40,2002,1.0,166000.0,165600.0,7762000.0,46.9,3154.0702647414405,211246.711,67015.94231520001
IOWA,19,WOODBURY,193,19193,WEST CENTRAL,40,2003,1.0,165000.0,164200.0,5843000.0,35.6,2394.1343587376396,159020.1665,66449.3824164
IOWA,19,WOODBURY,193,19193,WEST CENTRAL,40,2004,1.0,164000.0,163100.0,7156000.0,43.9,2952.3173693422013,194754.118,66004.2282102
IOWA,19,WOODBURY,193,19193,WEST CENTRAL,40,2005,1.0,158500.0,157800.0,7598400.0,48.2,3241.4965194144447,206794.25519999999,63859.3943076
IOWA,19,WOODBURY,193,19193,WEST CENTRAL,40,2006,1.0,165000.0,164100.0,7762100.0,47.3,3180.9706507946726,211249.43254999997,66408.9138522
IOWA,19,WOODBURY,193,19193,WEST CENTRAL,40,2007,1.0,139500.0,139300.0,6279000.0,45.1,3033.018527501897,170886.1245,56372.7099306
IOWA,19,WOODBURY,193,19193,WEST CENTRAL,40,2008,1.0,175500.0,174500.0,7919000.0,45.5,3059.918913555129,215519.5445,70617.644529
IOWA,19,WOODBURY,193,19193,WEST CENTRAL,40,2009,1.0,157000.0,156700.0,7917000.0,50.5,3396.1737392205278,215465.1135,63414.2401014
IOWA,19,WOODBURY,193,19193,WEST CENTRAL,40,2010,1.0,168000.0,167500.0,8440000.0,50.4,3389.4486427072197,229698.82,67784.845035
IOWA,19,WOODBURY,193,19193,WEST CENTRAL,40,2011,1.0,162000.0,161200.0,7549000.0,46.8,3147.3451682281325,205449.8095,65235.3254904
IOWA,19,WOODBURY,193,19193,WEST CENTRAL,40,2012,1.0,157000.0,156500.0,6630000.0,42.4,2851.4409216425815,180438.765,63333.302973000005
IOWA,19,WOODBURY,193,19193,WEST CENTRAL,40,2013,1.0,157000.0,156300.0,7666000.0,49.0,3295.2972915209084,208634.023,63252.365844600004
IOWA,19,WOODBURY,193,19193,WEST CENTRAL,40,2014,1.0,171500.0,170800.0,8852000.0,51.8,3483.5999938935315,240911.606,69120.3076536
IOWA,19,WOODBURY,193,19193,WEST CENTRAL,40,2015,1.0,171000.0,170200.0,9595000.0,56.4,3792.9544335056985,261132.7225,68877.4962684
IOWA,19,WOODBURY,193,19193,WEST CENTRAL,40,2016,1.0,161500.0,160800.0,9841000.0,61.2,4115.759066144481,267827.7355,65073.451233600004
IOWA,19,WOODBURY,193,19193,WEST CENTRAL,40,2017,1.0,172500.0,171600.0,9963000.0,58.1,3907.2810742319343,271148.0265,69444.0561672
IOWA,19,WOODBURY,193,19193,WEST CENTRAL,40,2018,1.0,169000.0,167500.0,9968000.0,59.5,4001.4324254182457,271284.104,67784.845035
IOWA,19,WOODBURY,193,19193,WEST CENTRAL,40,2019,1.0,154000.0,152600.0,8670000.0,56.8,3819.85481955893,235958.385,61755.0289692
IOWA,19,WOODBURY,193,19193,WEST CENTRAL,40,2020,1.0,162500.0,161000.0,9113000.0,56.6,3806.4046265323145,248014.8515,65154.388362000005
IOWA,19,WOODBURY,193,19193,WEST CENTRAL,40,2022,1.0,170500.0,169300.0,9554000.0,56.4,3792.9544335056985,260016.887,68513.2791906
IOWA,19,WOODBURY,193,19193,WEST CENTRAL,40,2023,1.0,161500.0,160400.0,7186000.0,44.8,3012.843237961973,195570.583,64911.5769768
IOWA,19,WOODBURY,193,19193,WEST CENTRAL,40,2024,1.0,162500.0,159300.0,9367000.0,58.8,3954.3567498250895,254927.5885,64466.4227706
IOWA,19,WOODBURY,193,19193,WEST CENTRAL,40,2025,1.0,152500.0,150900.0,9718000.0,64.4,4330.962154570337,264480.229,61067.063377800005
IOWA,19,WORTH,195,19195,NORTH CENTRAL,20,1980,1.0,91700.0,91600.0,2870000.0,31.3,2104.9552086653966,78108.485,37069.2048072
IOWA,19,WORTH,195,19195,NORTH CENTRAL,20,1981,1.0,86700.0,85200.0,2386000.0,28.0,1883.0270237262332,64936.183,34479.2166984
IOWA,19,WORTH,195,19195,NORTH CENTRAL,20,1982,1.0,90900.0,90600.0,3152000.0,34.8,2340.3335866311754,85783.256,36664.5191652
IOWA,19,WORTH,195,19195,NORTH CENTRAL,20,1983,1.0,83100.0,83000.0,3039000.0,36.6,2461.3853238707193,82707.9045,33588.908286
IOWA,19,WORTH,195,19195,NORTH CENTRAL,20,1984,1.0,84900.0,84700.0,2734000.0,32.3,2172.206173798476,74407.177,34276.8738774
IOWA,19,WORTH,195,19195,NORTH CENTRAL,20,1985,1.0,82700.0,82300.0,2676000.0,32.5,2185.6563668250924,72828.678,33305.6283366
IOWA,19,WORTH,195,19195,NORTH CENTRAL,20,1986,1.0,85500.0,85400.0,3351000.0,39.2,2636.237833216727,91199.1405,34560.1538268
IOWA,19,WORTH,195,19195,NORTH CENTRAL,20,1987,1.0,72900.0,72700.0,3092000.0,42.5,2858.1660181558896,84150.326,29420.6461734
IOWA,19,WORTH,195,19195,NORTH CENTRAL,20,1988,1.0,72600.0,72300.0,2384000.0,33.0,2219.281849391632,64881.752,29258.771916600002
IOWA,19,WORTH,195,19195,NORTH CENTRAL,20,1989,1.0,72000.0,72000.0,2847000.0,39.5,2656.4131227566504,77482.5285,29137.366224
IOWA,19,WORTH,195,19195,NORTH CENTRAL,20,1990,1.0,71200.0,70900.0,3038000.0,42.8,2878.3413076958136,82680.689,28692.2120178
IOWA,19,WORTH,195,19195,NORTH CENTRAL,20,1991,1.0,80100.0,79600.0,2889000.0,36.3,2441.210034330795,78625.5795,32212.977103200003
IOWA,19,WORTH,195,19195,NORTH CENTRAL,20,1992,1.0,74000.0,73700.0,2930000.0,39.8,2676.5884122965745,79741.415,29825.3318154
IOWA,19,WORTH,195,19195,NORTH CENTRAL,20,1993,1.0,80000.0,78800.0,1820000.0,23.1,1553.4972945741426,49532.21,31889.2285896
IOWA,19,WORTH,195,19195,NORTH CENTRAL,20,1994,1.0,82000.0,81800.0,3524000.0,43.1,2898.5165972357377,95907.422,33103.2855156
IOWA,19,WORTH,195,19195,NORTH CENTRAL,20,1995,1.0,81000.0,80800.0,3761000.0,46.5,3127.169878688209,102357.4955,32698.5998736
IOWA,19,WORTH,195,19195,NORTH CENTRAL,20,1996,1.0,78000.0,77800.0,3282000.0,42.2,2837.990728615966,89321.271,31484.542947600003
IOWA,19,WORTH,195,19195,NORTH CENTRAL,20,1997,1.0,94600.0,93800.0,4154000.0,44.3,2979.217755395433,113053.187,37959.5132196
IOWA,19,WORTH,195,19195,NORTH CENTRAL,20,1998,1.0,96100.0,95900.0,4705000.0,49.1,3302.0223880342164,128048.9275,38809.3530678
IOWA,19,WORTH,195,19195,NORTH CENTRAL,20,1999,1.0,103000.0,102800.0,4325000.0,42.1,2831.265632102658,117707.0375,41601.683997600005
IOWA,19,WORTH,195,19195,NORTH CENTRAL,20,2000,1.0,99000.0,98900.0,4692000.0,47.4,3187.6957473079806,127695.126,40023.4099938
IOWA,19,WORTH,195,19195,NORTH CENTRAL,20,2001,1.0,107000.0,106100.0,4033000.0,38.0,2555.536675057031,109760.1115,42937.1466162
IOWA,19,WORTH,195,19195,NORTH CENTRAL,20,2002,1.0,96000.0,95800.0,4876000.0,50.9,3423.07412527376,132702.778,38768.8845036
IOWA,19,WORTH,195,19195,NORTH CENTRAL,20,2003,1.0,97000.0,96500.0,3186000.0,33.0,2219.281849391632,86708.583,39052.164453
IOWA,19,WORTH,195,19195,NORTH CENTRAL,20,2004,1.0,93000.0,92500.0,3782000.0,40.9,2750.564473942962,102929.021,37433.421885
IOWA,19,WORTH,195,19195,NORTH CENTRAL,20,2005,1.0,94500.0,94000.0,4956200.0,52.7,3544.1258625133037,134885.4611,38040.450348
IOWA,19,WORTH,195,19195,NORTH CENTRAL,20,2006,1.0,93000.0,92800.0,4506600.0,48.6,3268.3969054676763,122649.3723,37554.8275776
IOWA,19,WORTH,195,19195,NORTH CENTRAL,20,2007,1.0,77500.0,77300.0,4018000.0,52.0,3497.0501869201476,109351.879,31282.2001266
IOWA,19,WORTH,195,19195,NORTH CENTRAL,20,2008,1.0,85000.0,84500.0,3858000.0,45.5,3059.918913555129,104997.399,34195.936749
IOWA,19,WORTH,195,19195,NORTH CENTRAL,20,2009,1.0,88000.0,87700.0,3725000.0,42.5,2858.1660181558896,101377.7375,35490.9308034
IOWA,19,WORTH,195,19195,NORTH CENTRAL,20,2010,1.0,84600.0,84400.0,4451000.0,52.7,3544.1258625133037,121136.1905,34155.468184800004
IOWA,19,WORTH,195,19195,NORTH CENTRAL,20,2011,1.0,80800.0,79800.0,3818000.0,47.8,3214.596133361212,103908.779,32293.9142316
IOWA,19,WORTH,195,19195,NORTH CENTRAL,20,2012,1.0,75000.0,74600.0,3403000.0,45.6,3066.644010068437,92614.3465,30189.5488932
IOWA,19,WORTH,195,19195,NORTH CENTRAL,20,2013,1.0,61100.0,60400.0,2485000.0,41.1,2764.0146669695782,67630.5175,24443.012776800002
IOWA,19,WORTH,195,19195,NORTH CENTRAL,20,2014,1.0,76800.0,74500.0,3708000.0,49.8,3349.0980636273716,100915.074,30149.080329
IOWA,19,WORTH,195,19195,NORTH CENTRAL,20,2015,1.0,91600.0,91100.0,5412000.0,59.4,3994.7073289049376,147290.286,36866.8619862
IOWA,19,WORTH,195,19195,NORTH CENTRAL,20,2016,1.0,79600.0,76700.0,4467000.0,58.2,3914.0061707452423,121571.6385,31039.388741400002
IOWA,19,WORTH,195,19195,NORTH CENTRAL,20,2017,1.0,93500.0,93000.0,5100000.0,54.8,3685.3528892927707,138799.05,37635.764706
IOWA,19,WORTH,195,19195,NORTH CENTRAL,20,2018,1.0,88100.0,87200.0,4686000.0,53.7,3611.3768276463834,127531.833,35288.5879824
IOWA,19,WORTH,195,19195,NORTH CENTRAL,20,2019,1.0,83600.0,82500.0,4205000.0,51.0,3429.799221787068,114441.1775,33386.565465
IOWA,19,WORTH,195,19195,NORTH CENTRAL,20,2020,1.0,83100.0,82500.0,4802000.0,58.2,3914.0061707452423,130688.831,33386.565465
IOWA,19,WORTH,195,19195,NORTH CENTRAL,20,2021,1.0,90300.0,89800.0,5397000.0,60.1,4041.7830044980938,146882.0535,36340.7706516
IOWA,19,WORTH,195,19195,NORTH CENTRAL,20,2022,1.0,86600.0,86000.0,5332000.0,62.0,4169.559838250945,145113.046,34802.965212
IOWA,19,WORTH,195,19195,NORTH CENTRAL,20,2023,1.0,87600.0,87000.0,4435000.0,51.0,3429.799221787068,120700.7425,35207.650854
IOWA,19,WORTH,195,19195,NORTH CENTRAL,20,2024,1.0,91500.0,90900.0,5145000.0,56.6,3806.4046265323145,140023.7475,36785.924857800004
IOWA,19,WORTH,195,19195,NORTH CENTRAL,20,2025,1.0,83900.0,83300.0,4831000.0,58.0,3900.555977718626,131478.0805,33710.3139786
IOWA,19,WRIGHT,197,19197,NORTH CENTRAL,20,1980,1.0,164700.0,164600.0,6280000.0,38.2,2568.986868083647,170913.34,66611.2566732
IOWA,19,WRIGHT,197,19197,NORTH CENTRAL,20,1981,1.0,154000.0,152900.0,6312000.0,41.3,2777.464859996194,171784.236,61876.434661800005
IOWA,19,WRIGHT,197,19197,NORTH CENTRAL,20,1982,1.0,163000.0,161800.0,6226000.0,38.5,2589.1621576235707,169443.703,65478.1368756
IOWA,19,WRIGHT,197,19197,NORTH CENTRAL,20,1983,1.0,159000.0,156200.0,5712000.0,36.6,2461.3853238707193,155454.936,63211.8972804
IOWA,19,WRIGHT,197,19197,NORTH CENTRAL,20,1984,1.0,161000.0,159800.0,5429000.0,34.0,2286.5328145247117,147752.9495,64668.7655916
IOWA,19,WRIGHT,197,19197,NORTH CENTRAL,20,1985,1.0,164000.0,161100.0,5927000.0,36.8,2474.835516897335,161306.2685,65194.8569262
IOWA,19,WRIGHT,197,19197,NORTH CENTRAL,20,1986,1.0,161000.0,159700.0,6680000.0,41.8,2811.090342562734,181799.54,64628.2970274
IOWA,19,WRIGHT,197,19197,NORTH CENTRAL,20,1987,1.0,143000.0,141600.0,6194000.0,43.7,2938.8671763155858,168572.807,57303.4869072
IOWA,19,WRIGHT,197,19197,NORTH CENTRAL,20,1988,1.0,143000.0,142300.0,5018000.0,35.3,2373.9590691977155,136567.379,57586.7668566
IOWA,19,WRIGHT,197,19197,NORTH CENTRAL,20,1989,1.0,147000.0,147000.0,6585000.0,44.8,3012.843237961973,179214.0675,59488.789374
IOWA,19,WRIGHT,197,19197,NORTH CENTRAL,20,1990,1.0,142000.0,141300.0,6175000.0,43.7,2938.8671763155858,168055.7125,57182.0812146
IOWA,19,WRIGHT,197,19197,NORTH CENTRAL,20,1991,1.0,172000.0,171200.0,6402000.0,37.4,2515.186095977183,174233.631,69282.1819104
IOWA,19,WRIGHT,197,19197,NORTH CENTRAL,20,1992,1.0,143000.0,142400.0,6392000.0,44.9,3019.568334475281,173961.476,57627.2354208
IOWA,19,WRIGHT,197,19197,NORTH CENTRAL,20,1993,1.0,153000.0,149700.0,3789000.0,25.3,1701.4494178669179,103119.5295,60581.4406074
IOWA,19,WRIGHT,197,19197,NORTH CENTRAL,20,1994,1.0,154000.0,153600.0,7311000.0,47.6,3201.1459403345966,198972.5205,62159.714611200005
IOWA,19,WRIGHT,197,19197,NORTH CENTRAL,20,1995,1.0,155000.0,153400.0,7335000.0,47.8,3214.596133361212,199625.6925,62078.777482800004
IOWA,19,WRIGHT,197,19197,NORTH CENTRAL,20,1996,1.0,152000.0,151700.0,6736000.0,44.4,2985.9428519087414,183323.608,61390.8118914
IOWA,19,WRIGHT,197,19197,NORTH CENTRAL,20,1997,1.0,162000.0,161600.0,6921000.0,42.8,2878.3413076958136,188358.4755,65397.1997472
IOWA,19,WRIGHT,197,19197,NORTH CENTRAL,20,1998,1.0,160500.0,160200.0,7455000.0,46.5,3127.169878688209,202891.5525,64830.6398484
IOWA,19,WRIGHT,197,19197,NORTH CENTRAL,20,1999,1.0,164000.0,162600.0,6995000.0,43.0,2891.7915007224296,190372.4225,65801.8853892
IOWA,19,WRIGHT,197,19197,NORTH CENTRAL,20,2000,1.0,158500.0,158300.0,6777000.0,42.8,2878.3413076958136,184439.4435,64061.737128600005
IOWA,19,WRIGHT,197,19197,NORTH CENTRAL,20,2001,1.0,164000.0,162800.0,6457000.0,39.7,2669.8633157832664,175730.4835,65882.8225176
IOWA,19,WRIGHT,197,19197,NORTH CENTRAL,20,2002,1.0,155000.0,154600.0,7276000.0,47.1,3167.520457768057,198019.978,62564.4002532
IOWA,19,WRIGHT,197,19197,NORTH CENTRAL,20,2003,1.0,159000.0,158200.0,5380000.0,34.0,2286.5328145247117,146419.39,64021.2685644
IOWA,19,WRIGHT,197,19197,NORTH CENTRAL,20,2004,1.0,147000.0,146400.0,7202000.0,49.2,3308.7474845475244,196006.031,59245.977988800005
IOWA,19,WRIGHT,197,19197,NORTH CENTRAL,20,2005,1.0,145000.0,144300.0,7378400.0,51.1,3436.524318300376,200806.84519999998,58396.1381406
IOWA,19,WRIGHT,197,19197,NORTH CENTRAL,20,2006,1.0,148000.0,147500.0,7711300.0,52.3,3517.225476460071,209866.88515,59691.132195
IOWA,19,WRIGHT,197,19197,NORTH CENTRAL,20,2007,1.0,126500.0,126300.0,6492000.0,51.4,3456.6996078402994,176683.026,51111.7965846
IOWA,19,WRIGHT,197,19197,NORTH CENTRAL,20,2008,1.0,138000.0,137600.0,6421000.0,46.5,3127.169878688209,174750.7255,55684.7443392
IOWA,19,WRIGHT,197,19197,NORTH CENTRAL,20,2009,1.0,137000.0,136600.0,7095000.0,52.0,3497.0501869201476,193093.9725,55280.0586972
IOWA,19,WRIGHT,197,19197,NORTH CENTRAL,20,2010,1.0,138500.0,138000.0,5754000.0,41.7,2804.3652460494263,156597.987,55846.618596
IOWA,19,WRIGHT,197,19197,NORTH CENTRAL,20,2011,1.0,130000.0,129200.0,6913000.0,53.5,3597.9266346197674,188140.7515,52285.3849464
IOWA,19,WRIGHT,197,19197,NORTH CENTRAL,20,2012,1.0,123000.0,122400.0,5558000.0,45.4,3053.193817041821,151263.749,49533.5225808
IOWA,19,WRIGHT,197,19197,NORTH CENTRAL,20,2013,1.0,126000.0,125400.0,5450000.0,43.5,2925.4169832889697,148324.475,50747.5795068
IOWA,19,WRIGHT,197,19197,NORTH CENTRAL,20,2014,1.0,128500.0,127800.0,5459000.0,42.7,2871.616211182506,148569.4145,51718.8250476
IOWA,19,WRIGHT,197,19197,NORTH CENTRAL,20,2015,1.0,133500.0,132900.0,7838000.0,59.0,3967.806942851706,213315.089,53782.7218218
IOWA,19,WRIGHT,197,19197,NORTH CENTRAL,20,2016,1.0,121000.0,120300.0,7077000.0,58.8,3954.3567498250895,192604.0935,48683.6827326
IOWA,19,WRIGHT,197,19197,NORTH CENTRAL,20,2017,1.0,133500.0,132800.0,7689000.0,57.9,3893.830881205318,209259.9795,53742.2532576
IOWA,19,WRIGHT,197,19197,NORTH CENTRAL,20,2018,1.0,130500.0,128800.0,6775000.0,52.6,3537.4007659999957,184385.0125,52123.5106896
IOWA,19,WRIGHT,197,19197,NORTH CENTRAL,20,2019,1.0,126000.0,125000.0,6762000.0,54.1,3638.277213699615,184031.211,50585.70525
IOWA,19,WRIGHT,197,19197,NORTH CENTRAL,20,2020,1.0,124500.0,123500.0,6904000.0,55.9,3759.3289509391584,187895.812,49978.676787000004
IOWA,19,WRIGHT,197,19197,NORTH CENTRAL,20,2021,1.0,139000.0,137900.0,8412000.0,61.0,4102.308873117865,228936.786,55806.1500318
IOWA,19,WRIGHT,197,19197,NORTH CENTRAL,20,2022,1.0,136500.0,135600.0,8217000.0,60.6,4075.4084870646334,223629.7635,54875.373055200005
IOWA,19,WRIGHT,197,19197,NORTH CENTRAL,20,2023,1.0,139500.0,138600.0,8427000.0,60.8,4088.858680091249,229345.0185,56089.4299812
IOWA,19,WRIGHT,197,19197,NORTH CENTRAL,20,2024,1.0,137500.0,136200.0,7559000.0,55.5,3732.428564885927,205721.9645,55118.1844404
IOWA,19,WRIGHT,197,19197,NORTH CENTRAL,20,2025,1.0,129500.0,128600.0,7587000.0,59.0,3967.806942851706,206483.9985,52042.5735612
