state,state_ansi,county,county_ansi,ag_district,ag_district_code,year,acres_harvested,acres_planted,production_bu,yield_bu_ac,is_county_estimate
NORTH DAKOTA,38,ADAMS,001,SOUTHWEST,70,1983,200.0,200.0,2600.0,13.0,1
NORTH DAKOTA,38,ADAMS,001,SOUTHWEST,70,1984,200.0,200.0,2000.0,10.0,1
NORTH DAKOTA,38,ADAMS,001,SOUTHWEST,70,2017,4200.0,4400.0,58000.0,13.8,1
NORTH DAKOTA,38,ADAMS,001,SOUTHWEST,70,2019,6200.0,6500.0,219000.0,35.3,1
NORTH DAKOTA,38,ADAMS,001,SOUTHWEST,70,2020,14900.0,15200.0,253000.0,17.0,1
NORTH DAKOTA,38,ADAMS,001,SOUTHWEST,70,2021,15100.0,15400.0,240000.0,15.9,1
NORTH DAKOTA,38,ADAMS,001,SOUTHWEST,70,2022,11900.0,12000.0,219000.0,18.4,1
NORTH DAKOTA,38,ADAMS,001,SOUTHWEST,70,2023,10400.0,10500.0,350000.0,33.7,1
NORTH DAKOTA,38,ADAMS,001,SOUTHWEST,70,2025,9100.0,9200.0,249000.0,27.4,1
NORTH DAKOTA,38,BARNES,003,EAST CENTRAL,60,1980,1000.0,1000.0,13600.0,13.6,1
NORTH DAKOTA,38,BARNES,003,EAST CENTRAL,60,1981,1000.0,1000.0,24500.0,24.5,1
NORTH DAKOTA,38,BARNES,003,EAST CENTRAL,60,1982,2500.0,2500.0,47500.0,19.0,1
NORTH DAKOTA,38,BARNES,003,EAST CENTRAL,60,1983,5500.0,5500.0,101800.0,18.5,1
NORTH DAKOTA,38,BARNES,003,EAST CENTRAL,60,1984,11100.0,11500.0,188700.0,16.4,1
NORTH DAKOTA,38,BARNES,003,EAST CENTRAL,60,1985,6100.0,6500.0,122000.0,20.0,1
NORTH DAKOTA,38,BARNES,003,EAST CENTRAL,60,1986,4000.0,4000.0,112000.0,28.0,1
NORTH DAKOTA,38,BARNES,003,EAST CENTRAL,60,1987,16200.0,16500.0,469500.0,29.0,1
NORTH DAKOTA,38,BARNES,003,EAST CENTRAL,60,1988,27500.0,29000.0,357000.0,13.0,1
NORTH DAKOTA,38,BARNES,003,EAST CENTRAL,60,1989,23700.0,25000.0,379200.0,16.0,1
NORTH DAKOTA,38,BARNES,003,EAST CENTRAL,60,1990,13800.0,14000.0,303600.0,22.0,1
NORTH DAKOTA,38,BARNES,003,EAST CENTRAL,60,1991,21400.0,21500.0,521700.0,24.4,1
NORTH DAKOTA,38,BARNES,003,EAST CENTRAL,60,1992,21900.0,22000.0,498700.0,22.8,1
NORTH DAKOTA,38,BARNES,003,EAST CENTRAL,60,1993,11900.0,13700.0,183400.0,15.4,1
NORTH DAKOTA,38,BARNES,003,EAST CENTRAL,60,1994,10800.0,11100.0,371400.0,34.4,1
NORTH DAKOTA,38,BARNES,003,EAST CENTRAL,60,1995,10300.0,11400.0,314500.0,30.5,1
NORTH DAKOTA,38,BARNES,003,EAST CENTRAL,60,1996,14500.0,15000.0,405400.0,28.0,1
NORTH DAKOTA,38,BARNES,003,EAST CENTRAL,60,1997,30400.0,31000.0,884200.0,29.1,1
NORTH DAKOTA,38,BARNES,003,EAST CENTRAL,60,1998,81700.0,82000.0,2700000.0,33.0,1
NORTH DAKOTA,38,BARNES,003,EAST CENTRAL,60,1999,93900.0,95000.0,2974500.0,31.7,1
NORTH DAKOTA,38,BARNES,003,EAST CENTRAL,60,2000,134000.0,135000.0,4375000.0,32.6,1
NORTH DAKOTA,38,BARNES,003,EAST CENTRAL,60,2001,176600.0,180000.0,5990000.0,33.9,1
NORTH DAKOTA,38,BARNES,003,EAST CENTRAL,60,2002,234000.0,237000.0,7875000.0,33.7,1
NORTH DAKOTA,38,BARNES,003,EAST CENTRAL,60,2003,267000.0,270000.0,8030000.0,30.1,1
NORTH DAKOTA,38,BARNES,003,EAST CENTRAL,60,2004,304000.0,305000.0,7550000.0,24.8,1
NORTH DAKOTA,38,BARNES,003,EAST CENTRAL,60,2005,278000.0,280000.0,11032000.0,39.7,1
NORTH DAKOTA,38,BARNES,003,EAST CENTRAL,60,2006,349700.0,350000.0,10670000.0,30.5,1
NORTH DAKOTA,38,BARNES,003,EAST CENTRAL,60,2007,278000.0,280000.0,10005000.0,36.0,1
NORTH DAKOTA,38,BARNES,003,EAST CENTRAL,60,2008,329000.0,330000.0,9149000.0,28.0,1
NORTH DAKOTA,38,BARNES,003,EAST CENTRAL,60,2009,337500.0,338000.0,10140000.0,30.0,1
NORTH DAKOTA,38,BARNES,003,EAST CENTRAL,60,2010,329000.0,331000.0,11874000.0,36.1,1
NORTH DAKOTA,38,BARNES,003,EAST CENTRAL,60,2011,292500.0,294000.0,8394000.0,28.7,1
NORTH DAKOTA,38,BARNES,003,EAST CENTRAL,60,2012,337000.0,338000.0,11189000.0,33.2,1
NORTH DAKOTA,38,BARNES,003,EAST CENTRAL,60,2013,359000.0,359500.0,10432000.0,29.1,1
NORTH DAKOTA,38,BARNES,003,EAST CENTRAL,60,2014,381000.0,382000.0,13846000.0,36.3,1
NORTH DAKOTA,38,BARNES,003,EAST CENTRAL,60,2015,363000.0,365000.0,12614000.0,34.7,1
NORTH DAKOTA,38,BARNES,003,EAST CENTRAL,60,2016,355000.0,360000.0,15760000.0,44.4,1
NORTH DAKOTA,38,BARNES,003,EAST CENTRAL,60,2017,390500.0,391500.0,14060000.0,36.0,1
NORTH DAKOTA,38,BARNES,003,EAST CENTRAL,60,2018,358500.0,360500.0,13118000.0,36.6,1
NORTH DAKOTA,38,BARNES,003,EAST CENTRAL,60,2019,293000.0,297000.0,9195000.0,31.4,1
NORTH DAKOTA,38,BARNES,003,EAST CENTRAL,60,2020,261500.0,263500.0,9989000.0,38.2,1
NORTH DAKOTA,38,BARNES,003,EAST CENTRAL,60,2021,356000.0,359500.0,11250000.0,31.6,1
NORTH DAKOTA,38,BARNES,003,EAST CENTRAL,60,2022,289000.0,291000.0,9624000.0,33.3,1
NORTH DAKOTA,38,BARNES,003,EAST CENTRAL,60,2023,327000.0,328500.0,12263000.0,37.5,1
NORTH DAKOTA,38,BARNES,003,EAST CENTRAL,60,2024,335000.0,336500.0,13233000.0,39.5,1
NORTH DAKOTA,38,BARNES,003,EAST CENTRAL,60,2025,315000.0,319000.0,10017000.0,31.8,1
NORTH DAKOTA,38,BENSON,005,NORTH CENTRAL,20,1983,900.0,900.0,11700.0,13.0,1
NORTH DAKOTA,38,BENSON,005,NORTH CENTRAL,20,1984,1500.0,1600.0,18900.0,12.6,1
NORTH DAKOTA,38,BENSON,005,NORTH CENTRAL,20,1988,1000.0,1500.0,7500.0,7.5,1
NORTH DAKOTA,38,BENSON,005,NORTH CENTRAL,20,1989,1000.0,1500.0,8000.0,5.3,1
NORTH DAKOTA,38,BENSON,005,NORTH CENTRAL,20,1990,300.0,600.0,4200.0,14.0,1
NORTH DAKOTA,38,BENSON,005,NORTH CENTRAL,20,1991,1000.0,1000.0,16100.0,16.1,1
NORTH DAKOTA,38,BENSON,005,NORTH CENTRAL,20,1992,800.0,800.0,8000.0,10.0,1
NORTH DAKOTA,38,BENSON,005,NORTH CENTRAL,20,1993,300.0,500.0,2800.0,9.3,1
NORTH DAKOTA,38,BENSON,005,NORTH CENTRAL,20,1994,400.0,400.0,7100.0,17.8,1
NORTH DAKOTA,38,BENSON,005,NORTH CENTRAL,20,1995,200.0,200.0,3000.0,15.0,1
NORTH DAKOTA,38,BENSON,005,NORTH CENTRAL,20,1996,500.0,500.0,11700.0,23.4,1
NORTH DAKOTA,38,BENSON,005,NORTH CENTRAL,20,1997,2700.0,2700.0,51300.0,19.0,1
NORTH DAKOTA,38,BENSON,005,NORTH CENTRAL,20,1998,6800.0,7700.0,175000.0,25.7,1
NORTH DAKOTA,38,BENSON,005,NORTH CENTRAL,20,1999,600.0,600.0,15100.0,25.2,1
NORTH DAKOTA,38,BENSON,005,NORTH CENTRAL,20,2000,2600.0,2900.0,76000.0,29.2,1
NORTH DAKOTA,38,BENSON,005,NORTH CENTRAL,20,2001,8300.0,8300.0,253000.0,30.5,1
NORTH DAKOTA,38,BENSON,005,NORTH CENTRAL,20,2002,21400.0,21500.0,600000.0,28.0,1
NORTH DAKOTA,38,BENSON,005,NORTH CENTRAL,20,2003,44500.0,44500.0,1170000.0,26.3,1
NORTH DAKOTA,38,BENSON,005,NORTH CENTRAL,20,2004,63700.0,69500.0,960000.0,15.1,1
NORTH DAKOTA,38,BENSON,005,NORTH CENTRAL,20,2005,47900.0,50000.0,1500000.0,31.3,1
NORTH DAKOTA,38,BENSON,005,NORTH CENTRAL,20,2006,81000.0,82000.0,1939000.0,23.9,1
NORTH DAKOTA,38,BENSON,005,NORTH CENTRAL,20,2007,68600.0,69000.0,2249000.0,32.8,1
NORTH DAKOTA,38,BENSON,005,NORTH CENTRAL,20,2008,93800.0,95000.0,2442000.0,26.0,1
NORTH DAKOTA,38,BENSON,005,NORTH CENTRAL,20,2009,86800.0,87000.0,2488000.0,28.5,1
NORTH DAKOTA,38,BENSON,005,NORTH CENTRAL,20,2010,122700.0,123000.0,3834000.0,31.2,1
NORTH DAKOTA,38,BENSON,005,NORTH CENTRAL,20,2011,139000.0,140000.0,4095000.0,29.5,1
NORTH DAKOTA,38,BENSON,005,NORTH CENTRAL,20,2012,154500.0,155000.0,4975000.0,32.2,1
NORTH DAKOTA,38,BENSON,005,NORTH CENTRAL,20,2013,126000.0,127000.0,3936000.0,31.2,1
NORTH DAKOTA,38,BENSON,005,NORTH CENTRAL,20,2014,178000.0,179000.0,5584000.0,31.4,1
NORTH DAKOTA,38,BENSON,005,NORTH CENTRAL,20,2015,176800.0,177500.0,4517000.0,25.5,1
NORTH DAKOTA,38,BENSON,005,NORTH CENTRAL,20,2016,173800.0,176000.0,6673000.0,38.4,1
NORTH DAKOTA,38,BENSON,005,NORTH CENTRAL,20,2017,199000.0,200000.0,6593000.0,33.1,1
NORTH DAKOTA,38,BENSON,005,NORTH CENTRAL,20,2018,196500.0,199000.0,5778000.0,29.4,1
NORTH DAKOTA,38,BENSON,005,NORTH CENTRAL,20,2020,151500.0,152500.0,4848000.0,32.0,1
NORTH DAKOTA,38,BENSON,005,NORTH CENTRAL,20,2021,190200.0,193000.0,3899000.0,20.5,1
NORTH DAKOTA,38,BENSON,005,NORTH CENTRAL,20,2022,158000.0,159000.0,5862000.0,37.1,1
NORTH DAKOTA,38,BENSON,005,NORTH CENTRAL,20,2023,186600.0,187500.0,5467000.0,29.3,1
NORTH DAKOTA,38,BENSON,005,NORTH CENTRAL,20,2024,180200.0,181000.0,7695000.0,42.7,1
NORTH DAKOTA,38,BENSON,005,NORTH CENTRAL,20,2025,197900.0,200000.0,7144000.0,36.1,1
NORTH DAKOTA,38,BOTTINEAU,009,NORTH CENTRAL,20,1983,800.0,800.0,13800.0,17.3,1
NORTH DAKOTA,38,BOTTINEAU,009,NORTH CENTRAL,20,1984,200.0,300.0,1800.0,9.0,1
NORTH DAKOTA,38,BOTTINEAU,009,NORTH CENTRAL,20,1988,900.0,1100.0,8100.0,9.0,1
NORTH DAKOTA,38,BOTTINEAU,009,NORTH CENTRAL,20,1989,800.0,800.0,9600.0,12.0,1
NORTH DAKOTA,38,BOTTINEAU,009,NORTH CENTRAL,20,1990,500.0,500.0,6000.0,12.0,1
NORTH DAKOTA,38,BOTTINEAU,009,NORTH CENTRAL,20,1991,1000.0,1000.0,19600.0,19.6,1
NORTH DAKOTA,38,BOTTINEAU,009,NORTH CENTRAL,20,1992,700.0,700.0,8400.0,12.0,1
NORTH DAKOTA,38,BOTTINEAU,009,NORTH CENTRAL,20,1994,200.0,200.0,2400.0,12.0,1
NORTH DAKOTA,38,BOTTINEAU,009,NORTH CENTRAL,20,1997,2000.0,2000.0,23100.0,11.6,1
NORTH DAKOTA,38,BOTTINEAU,009,NORTH CENTRAL,20,1998,800.0,900.0,19500.0,24.4,1
NORTH DAKOTA,38,BOTTINEAU,009,NORTH CENTRAL,20,1999,500.0,500.0,16200.0,32.4,1
NORTH DAKOTA,38,BOTTINEAU,009,NORTH CENTRAL,20,2000,2300.0,2400.0,57000.0,24.8,1
NORTH DAKOTA,38,BOTTINEAU,009,NORTH CENTRAL,20,2001,4200.0,4200.0,97000.0,23.1,1
NORTH DAKOTA,38,BOTTINEAU,009,NORTH CENTRAL,20,2002,5900.0,6100.0,120000.0,20.3,1
NORTH DAKOTA,38,BOTTINEAU,009,NORTH CENTRAL,20,2003,9800.0,9900.0,171000.0,17.4,1
NORTH DAKOTA,38,BOTTINEAU,009,NORTH CENTRAL,20,2004,4000.0,6400.0,48000.0,12.0,1
NORTH DAKOTA,38,BOTTINEAU,009,NORTH CENTRAL,20,2005,2600.0,2900.0,70000.0,26.9,1
NORTH DAKOTA,38,BOTTINEAU,009,NORTH CENTRAL,20,2006,8100.0,8500.0,171000.0,21.1,1
NORTH DAKOTA,38,BOTTINEAU,009,NORTH CENTRAL,20,2007,5300.0,5500.0,139000.0,26.2,1
NORTH DAKOTA,38,BOTTINEAU,009,NORTH CENTRAL,20,2008,3900.0,4000.0,81000.0,21.0,1
NORTH DAKOTA,38,BOTTINEAU,009,NORTH CENTRAL,20,2009,4500.0,4500.0,116000.0,26.0,1
NORTH DAKOTA,38,BOTTINEAU,009,NORTH CENTRAL,20,2010,17300.0,18000.0,583000.0,33.7,1
NORTH DAKOTA,38,BOTTINEAU,009,NORTH CENTRAL,20,2011,7400.0,7600.0,207000.0,28.0,1
NORTH DAKOTA,38,BOTTINEAU,009,NORTH CENTRAL,20,2012,51700.0,52100.0,1433000.0,27.7,1
NORTH DAKOTA,38,BOTTINEAU,009,NORTH CENTRAL,20,2014,104000.0,104500.0,3374000.0,32.4,1
NORTH DAKOTA,38,BOTTINEAU,009,NORTH CENTRAL,20,2015,136500.0,137500.0,4311000.0,31.6,1
NORTH DAKOTA,38,BOTTINEAU,009,NORTH CENTRAL,20,2016,189800.0,191000.0,7648000.0,40.3,1
NORTH DAKOTA,38,BOTTINEAU,009,NORTH CENTRAL,20,2017,281500.0,282500.0,9215000.0,32.7,1
NORTH DAKOTA,38,BOTTINEAU,009,NORTH CENTRAL,20,2018,258000.0,260000.0,6194000.0,24.0,1
NORTH DAKOTA,38,BOTTINEAU,009,NORTH CENTRAL,20,2019,178500.0,185000.0,5406000.0,30.3,1
NORTH DAKOTA,38,BOTTINEAU,009,NORTH CENTRAL,20,2020,212000.0,213500.0,6381000.0,30.1,1
NORTH DAKOTA,38,BOTTINEAU,009,NORTH CENTRAL,20,2021,268000.0,271000.0,5387000.0,20.1,1
NORTH DAKOTA,38,BOTTINEAU,009,NORTH CENTRAL,20,2022,170000.0,170500.0,6171000.0,36.3,1
NORTH DAKOTA,38,BOTTINEAU,009,NORTH CENTRAL,20,2023,173000.0,174500.0,4827000.0,27.9,1
NORTH DAKOTA,38,BOTTINEAU,009,NORTH CENTRAL,20,2024,207500.0,208500.0,7781000.0,37.5,1
NORTH DAKOTA,38,BOTTINEAU,009,NORTH CENTRAL,20,2025,238500.0,241000.0,8276000.0,34.7,1
NORTH DAKOTA,38,BOWMAN,011,SOUTHWEST,70,1990,100.0,100.0,1600.0,16.0,1
NORTH DAKOTA,38,BOWMAN,011,SOUTHWEST,70,2023,1580.0,1600.0,53700.0,34.0,1
NORTH DAKOTA,38,BURKE,013,NORTHWEST,10,1988,500.0,500.0,2500.0,5.0,1
NORTH DAKOTA,38,BURKE,013,NORTHWEST,10,1989,100.0,100.0,700.0,7.0,1
NORTH DAKOTA,38,BURKE,013,NORTHWEST,10,1990,100.0,100.0,1300.0,13.0,1
NORTH DAKOTA,38,BURKE,013,NORTHWEST,10,2001,400.0,600.0,8000.0,20.0,1
NORTH DAKOTA,38,BURKE,013,NORTHWEST,10,2002,800.0,900.0,18000.0,22.5,1
NORTH DAKOTA,38,BURKE,013,NORTHWEST,10,2018,41000.0,44000.0,961000.0,23.4,1
NORTH DAKOTA,38,BURKE,013,NORTHWEST,10,2019,25100.0,32000.0,735000.0,29.3,1
NORTH DAKOTA,38,BURKE,013,NORTHWEST,10,2020,36800.0,37100.0,732000.0,19.9,1
NORTH DAKOTA,38,BURKE,013,NORTHWEST,10,2021,35000.0,35600.0,770000.0,22.0,1
NORTH DAKOTA,38,BURLEIGH,015,SOUTH CENTRAL,80,1988,500.0,700.0,7500.0,10.7,1
NORTH DAKOTA,38,BURLEIGH,015,SOUTH CENTRAL,80,1989,500.0,700.0,7000.0,14.0,1
NORTH DAKOTA,38,BURLEIGH,015,SOUTH CENTRAL,80,1990,200.0,400.0,2000.0,10.0,1
NORTH DAKOTA,38,BURLEIGH,015,SOUTH CENTRAL,80,1991,,100.0,,,1
NORTH DAKOTA,38,BURLEIGH,015,SOUTH CENTRAL,80,1992,500.0,700.0,7500.0,15.0,1
NORTH DAKOTA,38,BURLEIGH,015,SOUTH CENTRAL,80,1995,100.0,100.0,1700.0,17.0,1
NORTH DAKOTA,38,BURLEIGH,015,SOUTH CENTRAL,80,1997,600.0,700.0,15000.0,25.0,1
NORTH DAKOTA,38,BURLEIGH,015,SOUTH CENTRAL,80,1998,3000.0,3000.0,92400.0,30.8,1
NORTH DAKOTA,38,BURLEIGH,015,SOUTH CENTRAL,80,1999,2900.0,3000.0,79800.0,27.5,1
NORTH DAKOTA,38,BURLEIGH,015,SOUTH CENTRAL,80,2000,3800.0,4000.0,89000.0,23.4,1
NORTH DAKOTA,38,BURLEIGH,015,SOUTH CENTRAL,80,2001,5200.0,5500.0,179000.0,34.4,1
NORTH DAKOTA,38,BURLEIGH,015,SOUTH CENTRAL,80,2002,5000.0,5200.0,90000.0,18.0,1
NORTH DAKOTA,38,BURLEIGH,015,SOUTH CENTRAL,80,2003,5100.0,5400.0,65000.0,12.7,1
NORTH DAKOTA,38,BURLEIGH,015,SOUTH CENTRAL,80,2004,6500.0,8700.0,124000.0,19.1,1
NORTH DAKOTA,38,BURLEIGH,015,SOUTH CENTRAL,80,2005,3100.0,3200.0,93000.0,30.0,1
NORTH DAKOTA,38,BURLEIGH,015,SOUTH CENTRAL,80,2006,3600.0,5400.0,60000.0,16.7,1
NORTH DAKOTA,38,BURLEIGH,015,SOUTH CENTRAL,80,2007,3800.0,4000.0,113000.0,29.7,1
NORTH DAKOTA,38,BURLEIGH,015,SOUTH CENTRAL,80,2010,14800.0,14900.0,400000.0,27.0,1
NORTH DAKOTA,38,BURLEIGH,015,SOUTH CENTRAL,80,2011,18100.0,18300.0,525000.0,29.0,1
NORTH DAKOTA,38,BURLEIGH,015,SOUTH CENTRAL,80,2012,33300.0,33600.0,969000.0,29.1,1
NORTH DAKOTA,38,BURLEIGH,015,SOUTH CENTRAL,80,2017,97500.0,98500.0,3247000.0,33.3,1
NORTH DAKOTA,38,BURLEIGH,015,SOUTH CENTRAL,80,2018,116900.0,117500.0,3473000.0,29.7,1
NORTH DAKOTA,38,BURLEIGH,015,SOUTH CENTRAL,80,2020,109500.0,110500.0,2902000.0,26.5,1
NORTH DAKOTA,38,BURLEIGH,015,SOUTH CENTRAL,80,2021,134100.0,137500.0,1864000.0,13.9,1
NORTH DAKOTA,38,BURLEIGH,015,SOUTH CENTRAL,80,2022,87000.0,87600.0,2410000.0,27.7,1
NORTH DAKOTA,38,BURLEIGH,015,SOUTH CENTRAL,80,2023,91100.0,91500.0,3498000.0,38.4,1
NORTH DAKOTA,38,BURLEIGH,015,SOUTH CENTRAL,80,2024,119500.0,120000.0,4804000.0,40.2,1
NORTH DAKOTA,38,BURLEIGH,015,SOUTH CENTRAL,80,2025,103500.0,105000.0,3281000.0,31.7,1
NORTH DAKOTA,38,CASS,017,EAST CENTRAL,60,1980,67100.0,68700.0,1329400.0,19.8,1
NORTH DAKOTA,38,CASS,017,EAST CENTRAL,60,1981,89000.0,90000.0,2652800.0,29.8,1
NORTH DAKOTA,38,CASS,017,EAST CENTRAL,60,1982,139000.0,142000.0,3177700.0,22.9,1
NORTH DAKOTA,38,CASS,017,EAST CENTRAL,60,1983,152000.0,155000.0,4560000.0,29.4,1
NORTH DAKOTA,38,CASS,017,EAST CENTRAL,60,1984,218000.0,220000.0,4833200.0,22.0,1
NORTH DAKOTA,38,CASS,017,EAST CENTRAL,60,1985,146000.0,148000.0,4138200.0,28.0,1
NORTH DAKOTA,38,CASS,017,EAST CENTRAL,60,1986,155500.0,156000.0,5912500.0,38.0,1
NORTH DAKOTA,38,CASS,017,EAST CENTRAL,60,1987,168500.0,170000.0,5810000.0,34.5,1
NORTH DAKOTA,38,CASS,017,EAST CENTRAL,60,1988,197000.0,220000.0,2850000.0,13.0,1
NORTH DAKOTA,38,CASS,017,EAST CENTRAL,60,1989,194000.0,195000.0,3780000.0,19.5,1
NORTH DAKOTA,38,CASS,017,EAST CENTRAL,60,1990,170000.0,170000.0,4760000.0,28.0,1
NORTH DAKOTA,38,CASS,017,EAST CENTRAL,60,1991,208800.0,210000.0,6625000.0,31.7,1
NORTH DAKOTA,38,CASS,017,EAST CENTRAL,60,1992,219400.0,220000.0,5892500.0,26.9,1
NORTH DAKOTA,38,CASS,017,EAST CENTRAL,60,1993,184300.0,210000.0,3227200.0,17.5,1
NORTH DAKOTA,38,CASS,017,EAST CENTRAL,60,1994,206000.0,218000.0,6298200.0,30.6,1
NORTH DAKOTA,38,CASS,017,EAST CENTRAL,60,1995,213000.0,220000.0,6120100.0,28.7,1
NORTH DAKOTA,38,CASS,017,EAST CENTRAL,60,1996,264500.0,265000.0,8170200.0,30.9,1
NORTH DAKOTA,38,CASS,017,EAST CENTRAL,60,1997,329700.0,330000.0,10362400.0,31.4,1
NORTH DAKOTA,38,CASS,017,EAST CENTRAL,60,1998,358600.0,360000.0,12276000.0,34.2,1
NORTH DAKOTA,38,CASS,017,EAST CENTRAL,60,1999,379000.0,380000.0,13954000.0,36.8,1
NORTH DAKOTA,38,CASS,017,EAST CENTRAL,60,2000,419000.0,435000.0,13935000.0,33.3,1
NORTH DAKOTA,38,CASS,017,EAST CENTRAL,60,2001,456000.0,460000.0,15900000.0,34.9,1
NORTH DAKOTA,38,CASS,017,EAST CENTRAL,60,2002,479000.0,483000.0,17070000.0,35.6,1
NORTH DAKOTA,38,CASS,017,EAST CENTRAL,60,2003,455000.0,480000.0,13885000.0,30.5,1
NORTH DAKOTA,38,CASS,017,EAST CENTRAL,60,2004,502500.0,505000.0,12492000.0,24.9,1
NORTH DAKOTA,38,CASS,017,EAST CENTRAL,60,2005,439500.0,440000.0,16862000.0,38.4,1
NORTH DAKOTA,38,CASS,017,EAST CENTRAL,60,2006,539000.0,540000.0,19300000.0,35.8,1
NORTH DAKOTA,38,CASS,017,EAST CENTRAL,60,2007,431000.0,450000.0,14319000.0,33.2,1
NORTH DAKOTA,38,CASS,017,EAST CENTRAL,60,2008,458000.0,462000.0,14812000.0,32.5,1
NORTH DAKOTA,38,CASS,017,EAST CENTRAL,60,2009,538000.0,541000.0,17180000.0,32.0,1
NORTH DAKOTA,38,CASS,017,EAST CENTRAL,60,2010,521000.0,525000.0,18505000.0,35.5,1
NORTH DAKOTA,38,CASS,017,EAST CENTRAL,60,2011,509000.0,512000.0,13760000.0,27.0,1
NORTH DAKOTA,38,CASS,017,EAST CENTRAL,60,2012,464000.0,464500.0,15763000.0,34.0,1
NORTH DAKOTA,38,CASS,017,EAST CENTRAL,60,2013,462000.0,462500.0,15036000.0,32.5,1
NORTH DAKOTA,38,CASS,017,EAST CENTRAL,60,2014,527000.0,529000.0,20011000.0,38.0,1
NORTH DAKOTA,38,CASS,017,EAST CENTRAL,60,2015,472500.0,475000.0,18735000.0,39.7,1
NORTH DAKOTA,38,CASS,017,EAST CENTRAL,60,2016,475500.0,478000.0,21586000.0,45.4,1
NORTH DAKOTA,38,CASS,017,EAST CENTRAL,60,2017,502000.0,503000.0,18880000.0,37.6,1
NORTH DAKOTA,38,CASS,017,EAST CENTRAL,60,2018,478500.0,480000.0,20666000.0,43.2,1
NORTH DAKOTA,38,CASS,017,EAST CENTRAL,60,2019,414500.0,422500.0,14456000.0,34.9,1
NORTH DAKOTA,38,CASS,017,EAST CENTRAL,60,2020,418500.0,421000.0,15942000.0,38.1,1
NORTH DAKOTA,38,CASS,017,EAST CENTRAL,60,2021,452000.0,456500.0,15120000.0,33.5,1
NORTH DAKOTA,38,CASS,017,EAST CENTRAL,60,2022,418000.0,419500.0,19080000.0,45.6,1
NORTH DAKOTA,38,CASS,017,EAST CENTRAL,60,2023,414000.0,416000.0,16890000.0,40.8,1
NORTH DAKOTA,38,CASS,017,EAST CENTRAL,60,2024,404000.0,406500.0,17382000.0,43.0,1
NORTH DAKOTA,38,CASS,017,EAST CENTRAL,60,2025,409000.0,414000.0,15059000.0,36.8,1
NORTH DAKOTA,38,CAVALIER,019,NORTHEAST,30,1980,100.0,100.0,1500.0,15.0,1
NORTH DAKOTA,38,CAVALIER,019,NORTHEAST,30,1983,400.0,400.0,6000.0,15.0,1
NORTH DAKOTA,38,CAVALIER,019,NORTHEAST,30,1984,400.0,400.0,5200.0,13.0,1
NORTH DAKOTA,38,CAVALIER,019,NORTHEAST,30,1985,100.0,100.0,800.0,8.0,1
NORTH DAKOTA,38,CAVALIER,019,NORTHEAST,30,1988,600.0,1000.0,7200.0,7.2,1
NORTH DAKOTA,38,CAVALIER,019,NORTHEAST,30,1989,200.0,300.0,2000.0,10.0,1
NORTH DAKOTA,38,CAVALIER,019,NORTHEAST,30,1990,100.0,200.0,1000.0,10.0,1
NORTH DAKOTA,38,CAVALIER,019,NORTHEAST,30,1991,100.0,100.0,1500.0,15.0,1
NORTH DAKOTA,38,CAVALIER,019,NORTHEAST,30,1992,100.0,200.0,1400.0,14.0,1
NORTH DAKOTA,38,CAVALIER,019,NORTHEAST,30,1994,100.0,200.0,2500.0,25.0,1
NORTH DAKOTA,38,CAVALIER,019,NORTHEAST,30,1996,2900.0,3000.0,76200.0,26.3,1
NORTH DAKOTA,38,CAVALIER,019,NORTHEAST,30,1997,1900.0,2000.0,36000.0,18.9,1
NORTH DAKOTA,38,CAVALIER,019,NORTHEAST,30,1998,4700.0,5500.0,95500.0,20.3,1
NORTH DAKOTA,38,CAVALIER,019,NORTHEAST,30,1999,2800.0,3000.0,68100.0,24.3,1
NORTH DAKOTA,38,CAVALIER,019,NORTHEAST,30,2000,4400.0,4500.0,120000.0,27.3,1
NORTH DAKOTA,38,CAVALIER,019,NORTHEAST,30,2001,7900.0,8000.0,224000.0,28.4,1
NORTH DAKOTA,38,CAVALIER,019,NORTHEAST,30,2002,22000.0,22000.0,575000.0,26.1,1
NORTH DAKOTA,38,CAVALIER,019,NORTHEAST,30,2003,29500.0,31500.0,720000.0,24.4,1
NORTH DAKOTA,38,CAVALIER,019,NORTHEAST,30,2004,11000.0,46500.0,110000.0,10.0,1
NORTH DAKOTA,38,CAVALIER,019,NORTHEAST,30,2005,21500.0,22000.0,560000.0,26.0,1
NORTH DAKOTA,38,CAVALIER,019,NORTHEAST,30,2006,27900.0,29000.0,788000.0,28.2,1
NORTH DAKOTA,38,CAVALIER,019,NORTHEAST,30,2007,26100.0,27000.0,935000.0,35.8,1
NORTH DAKOTA,38,CAVALIER,019,NORTHEAST,30,2008,40100.0,44000.0,995000.0,25.0,1
NORTH DAKOTA,38,CAVALIER,019,NORTHEAST,30,2009,31500.0,32000.0,746000.0,23.5,1
NORTH DAKOTA,38,CAVALIER,019,NORTHEAST,30,2010,45200.0,45300.0,1350000.0,29.9,1
NORTH DAKOTA,38,CAVALIER,019,NORTHEAST,30,2011,28900.0,29000.0,764000.0,26.4,1
NORTH DAKOTA,38,CAVALIER,019,NORTHEAST,30,2012,54000.0,54200.0,1748000.0,32.4,1
NORTH DAKOTA,38,CAVALIER,019,NORTHEAST,30,2013,67500.0,68000.0,1876000.0,27.8,1
NORTH DAKOTA,38,CAVALIER,019,NORTHEAST,30,2014,104800.0,106000.0,2891000.0,27.6,1
NORTH DAKOTA,38,CAVALIER,019,NORTHEAST,30,2015,118600.0,119000.0,3154000.0,26.6,1
NORTH DAKOTA,38,CAVALIER,019,NORTHEAST,30,2016,130700.0,133000.0,4927000.0,37.7,1
NORTH DAKOTA,38,CAVALIER,019,NORTHEAST,30,2017,185300.0,188000.0,5893000.0,31.8,1
NORTH DAKOTA,38,CAVALIER,019,NORTHEAST,30,2018,140700.0,142000.0,4473000.0,31.8,1
NORTH DAKOTA,38,CAVALIER,019,NORTHEAST,30,2019,107000.0,115000.0,2780000.0,26.0,1
NORTH DAKOTA,38,CAVALIER,019,NORTHEAST,30,2020,116100.0,117000.0,3796000.0,32.7,1
NORTH DAKOTA,38,CAVALIER,019,NORTHEAST,30,2021,155400.0,157000.0,4382000.0,28.2,1
NORTH DAKOTA,38,CAVALIER,019,NORTHEAST,30,2022,119600.0,120500.0,4700000.0,39.3,1
NORTH DAKOTA,38,CAVALIER,019,NORTHEAST,30,2023,160200.0,161000.0,3797000.0,23.7,1
NORTH DAKOTA,38,CAVALIER,019,NORTHEAST,30,2024,151900.0,152500.0,5894000.0,38.8,1
NORTH DAKOTA,38,CAVALIER,019,NORTHEAST,30,2025,189700.0,191000.0,6696000.0,35.3,1
NORTH DAKOTA,38,DICKEY,021,SOUTHEAST,90,1980,1000.0,1000.0,14800.0,14.8,1
NORTH DAKOTA,38,DICKEY,021,SOUTHEAST,90,1982,2900.0,3000.0,40600.0,14.0,1
NORTH DAKOTA,38,DICKEY,021,SOUTHEAST,90,1983,4300.0,4300.0,86000.0,20.0,1
NORTH DAKOTA,38,DICKEY,021,SOUTHEAST,90,1984,5300.0,5400.0,79500.0,14.7,1
NORTH DAKOTA,38,DICKEY,021,SOUTHEAST,90,1985,1700.0,1800.0,27200.0,16.0,1
NORTH DAKOTA,38,DICKEY,021,SOUTHEAST,90,1986,900.0,1000.0,26600.0,29.6,1
NORTH DAKOTA,38,DICKEY,021,SOUTHEAST,90,1987,1000.0,1000.0,28000.0,28.0,1
NORTH DAKOTA,38,DICKEY,021,SOUTHEAST,90,1988,4500.0,5400.0,58500.0,10.8,1
NORTH DAKOTA,38,DICKEY,021,SOUTHEAST,90,1989,2800.0,3300.0,64400.0,23.0,1
NORTH DAKOTA,38,DICKEY,021,SOUTHEAST,90,1990,3000.0,3000.0,66000.0,22.0,1
NORTH DAKOTA,38,DICKEY,021,SOUTHEAST,90,1991,5400.0,5500.0,107200.0,19.9,1
NORTH DAKOTA,38,DICKEY,021,SOUTHEAST,90,1992,8000.0,8500.0,167900.0,21.0,1
NORTH DAKOTA,38,DICKEY,021,SOUTHEAST,90,1993,5800.0,6100.0,101600.0,17.5,1
NORTH DAKOTA,38,DICKEY,021,SOUTHEAST,90,1994,5000.0,5300.0,145900.0,29.2,1
NORTH DAKOTA,38,DICKEY,021,SOUTHEAST,90,1995,3900.0,4000.0,117300.0,30.1,1
NORTH DAKOTA,38,DICKEY,021,SOUTHEAST,90,1996,7000.0,7100.0,179900.0,25.7,1
NORTH DAKOTA,38,DICKEY,021,SOUTHEAST,90,1997,18000.0,18000.0,505300.0,28.1,1
NORTH DAKOTA,38,DICKEY,021,SOUTHEAST,90,1998,27400.0,29500.0,945500.0,34.5,1
NORTH DAKOTA,38,DICKEY,021,SOUTHEAST,90,1999,28200.0,29000.0,989800.0,35.1,1
NORTH DAKOTA,38,DICKEY,021,SOUTHEAST,90,2000,81900.0,82000.0,2490000.0,30.4,1
NORTH DAKOTA,38,DICKEY,021,SOUTHEAST,90,2001,91700.0,92000.0,3235000.0,35.3,1
NORTH DAKOTA,38,DICKEY,021,SOUTHEAST,90,2002,98500.0,99000.0,3370000.0,34.2,1
NORTH DAKOTA,38,DICKEY,021,SOUTHEAST,90,2003,103500.0,115000.0,2885000.0,27.9,1
NORTH DAKOTA,38,DICKEY,021,SOUTHEAST,90,2004,144700.0,145000.0,4158000.0,28.7,1
NORTH DAKOTA,38,DICKEY,021,SOUTHEAST,90,2005,106500.0,110000.0,4467000.0,41.9,1
NORTH DAKOTA,38,DICKEY,021,SOUTHEAST,90,2006,144500.0,145000.0,5084000.0,35.2,1
NORTH DAKOTA,38,DICKEY,021,SOUTHEAST,90,2007,109000.0,110000.0,4110000.0,37.7,1
NORTH DAKOTA,38,DICKEY,021,SOUTHEAST,90,2008,160500.0,161000.0,5170000.0,32.0,1
NORTH DAKOTA,38,DICKEY,021,SOUTHEAST,90,2009,146500.0,151000.0,5377000.0,36.5,1
NORTH DAKOTA,38,DICKEY,021,SOUTHEAST,90,2010,145600.0,147000.0,5028000.0,34.5,1
NORTH DAKOTA,38,DICKEY,021,SOUTHEAST,90,2011,138300.0,140000.0,4194000.0,30.3,1
NORTH DAKOTA,38,DICKEY,021,SOUTHEAST,90,2012,178100.0,179000.0,6083000.0,34.2,1
NORTH DAKOTA,38,DICKEY,021,SOUTHEAST,90,2013,181500.0,183000.0,5359000.0,29.5,1
NORTH DAKOTA,38,DICKEY,021,SOUTHEAST,90,2014,217500.0,218000.0,8379000.0,38.5,1
NORTH DAKOTA,38,DICKEY,021,SOUTHEAST,90,2015,170100.0,171000.0,5705000.0,33.5,1
NORTH DAKOTA,38,DICKEY,021,SOUTHEAST,90,2016,192500.0,194000.0,8858000.0,46.0,1
NORTH DAKOTA,38,DICKEY,021,SOUTHEAST,90,2017,205500.0,206000.0,8303000.0,40.4,1
NORTH DAKOTA,38,DICKEY,021,SOUTHEAST,90,2018,215500.0,216500.0,9327000.0,43.3,1
NORTH DAKOTA,38,DICKEY,021,SOUTHEAST,90,2019,134500.0,137500.0,4706000.0,35.0,1
NORTH DAKOTA,38,DICKEY,021,SOUTHEAST,90,2020,138500.0,139500.0,5969000.0,43.1,1
NORTH DAKOTA,38,DICKEY,021,SOUTHEAST,90,2021,191900.0,194000.0,6218000.0,32.4,1
NORTH DAKOTA,38,DICKEY,021,SOUTHEAST,90,2022,166300.0,166500.0,6735000.0,40.5,1
NORTH DAKOTA,38,DICKEY,021,SOUTHEAST,90,2023,174100.0,175000.0,7643000.0,43.9,1
NORTH DAKOTA,38,DICKEY,021,SOUTHEAST,90,2024,195700.0,196500.0,7593000.0,38.8,1
NORTH DAKOTA,38,DICKEY,021,SOUTHEAST,90,2025,179000.0,180500.0,6247000.0,34.9,1
NORTH DAKOTA,38,DIVIDE,023,NORTHWEST,10,1992,100.0,200.0,800.0,8.0,1
NORTH DAKOTA,38,DIVIDE,023,NORTHWEST,10,2014,10800.0,10900.0,260000.0,24.1,1
NORTH DAKOTA,38,DIVIDE,023,NORTHWEST,10,2020,50200.0,56100.0,828000.0,16.5,1
NORTH DAKOTA,38,DIVIDE,023,NORTHWEST,10,2021,41600.0,46500.0,566000.0,13.6,1
NORTH DAKOTA,38,DUNN,025,WEST CENTRAL,40,2020,3150.0,3200.0,73900.0,23.5,1
NORTH DAKOTA,38,DUNN,025,WEST CENTRAL,40,2022,2840.0,3600.0,71600.0,25.2,1
NORTH DAKOTA,38,DUNN,025,WEST CENTRAL,40,2025,1980.0,2000.0,50100.0,25.3,1
NORTH DAKOTA,38,EDDY,027,CENTRAL,50,1981,600.0,600.0,10800.0,18.0,1
NORTH DAKOTA,38,EDDY,027,CENTRAL,50,1982,500.0,500.0,6500.0,13.0,1
NORTH DAKOTA,38,EDDY,027,CENTRAL,50,1983,600.0,600.0,9600.0,16.0,1
NORTH DAKOTA,38,EDDY,027,CENTRAL,50,1984,700.0,700.0,7700.0,11.0,1
NORTH DAKOTA,38,EDDY,027,CENTRAL,50,1986,100.0,100.0,2100.0,21.0,1
NORTH DAKOTA,38,EDDY,027,CENTRAL,50,1987,500.0,500.0,12500.0,25.0,1
NORTH DAKOTA,38,EDDY,027,CENTRAL,50,1988,500.0,500.0,6000.0,12.0,1
NORTH DAKOTA,38,EDDY,027,CENTRAL,50,1989,800.0,800.0,8800.0,11.0,1
NORTH DAKOTA,38,EDDY,027,CENTRAL,50,1990,200.0,300.0,2300.0,11.5,1
NORTH DAKOTA,38,EDDY,027,CENTRAL,50,1991,400.0,400.0,7100.0,17.8,1
NORTH DAKOTA,38,EDDY,027,CENTRAL,50,1992,800.0,900.0,10400.0,13.0,1
NORTH DAKOTA,38,EDDY,027,CENTRAL,50,1993,800.0,900.0,7400.0,9.3,1
NORTH DAKOTA,38,EDDY,027,CENTRAL,50,1994,500.0,600.0,10100.0,20.2,1
NORTH DAKOTA,38,EDDY,027,CENTRAL,50,1995,900.0,900.0,25000.0,27.8,1
NORTH DAKOTA,38,EDDY,027,CENTRAL,50,1997,1900.0,1900.0,26700.0,14.1,1
NORTH DAKOTA,38,EDDY,027,CENTRAL,50,1998,1900.0,1900.0,36100.0,19.0,1
NORTH DAKOTA,38,EDDY,027,CENTRAL,50,2000,2500.0,2700.0,82000.0,32.8,1
NORTH DAKOTA,38,EDDY,027,CENTRAL,50,2001,4300.0,4300.0,142000.0,33.0,1
NORTH DAKOTA,38,EDDY,027,CENTRAL,50,2002,9700.0,10500.0,275000.0,28.4,1
NORTH DAKOTA,38,EDDY,027,CENTRAL,50,2003,20700.0,21000.0,683000.0,33.0,1
NORTH DAKOTA,38,EDDY,027,CENTRAL,50,2004,34000.0,37000.0,588000.0,17.3,1
NORTH DAKOTA,38,EDDY,027,CENTRAL,50,2005,32400.0,32500.0,1129000.0,34.8,1
NORTH DAKOTA,38,EDDY,027,CENTRAL,50,2006,42400.0,42500.0,919000.0,21.7,1
NORTH DAKOTA,38,EDDY,027,CENTRAL,50,2007,28700.0,29000.0,995000.0,34.7,1
NORTH DAKOTA,38,EDDY,027,CENTRAL,50,2008,41400.0,42000.0,1019000.0,24.5,1
NORTH DAKOTA,38,EDDY,027,CENTRAL,50,2009,50000.0,51000.0,1612000.0,32.0,1
NORTH DAKOTA,38,EDDY,027,CENTRAL,50,2010,51400.0,51500.0,1760000.0,34.2,1
NORTH DAKOTA,38,EDDY,027,CENTRAL,50,2011,58400.0,60000.0,1670000.0,28.6,1
NORTH DAKOTA,38,EDDY,027,CENTRAL,50,2012,66500.0,66800.0,2427000.0,36.5,1
NORTH DAKOTA,38,EDDY,027,CENTRAL,50,2013,82000.0,82200.0,2223000.0,27.1,1
NORTH DAKOTA,38,EDDY,027,CENTRAL,50,2014,85500.0,86000.0,3063000.0,35.8,1
NORTH DAKOTA,38,EDDY,027,CENTRAL,50,2015,79500.0,80000.0,2059000.0,25.9,1
NORTH DAKOTA,38,EDDY,027,CENTRAL,50,2017,82500.0,83000.0,2827000.0,34.3,1
NORTH DAKOTA,38,EDDY,027,CENTRAL,50,2018,87300.0,88500.0,2190000.0,25.1,1
NORTH DAKOTA,38,EDDY,027,CENTRAL,50,2019,63500.0,68500.0,2049000.0,32.3,1
NORTH DAKOTA,38,EDDY,027,CENTRAL,50,2020,64400.0,64800.0,2138000.0,33.2,1
NORTH DAKOTA,38,EDDY,027,CENTRAL,50,2021,88800.0,90100.0,1776000.0,20.0,1
NORTH DAKOTA,38,EDDY,027,CENTRAL,50,2022,73900.0,74100.0,2557000.0,34.6,1
NORTH DAKOTA,38,EDDY,027,CENTRAL,50,2023,95500.0,96000.0,3438000.0,36.0,1
NORTH DAKOTA,38,EDDY,027,CENTRAL,50,2024,90000.0,90400.0,3501000.0,38.9,1
NORTH DAKOTA,38,EDDY,027,CENTRAL,50,2025,87100.0,87700.0,2691000.0,30.9,1
NORTH DAKOTA,38,EMMONS,029,SOUTH CENTRAL,80,1988,200.0,200.0,2800.0,14.0,1
NORTH DAKOTA,38,EMMONS,029,SOUTH CENTRAL,80,1989,100.0,200.0,1800.0,18.0,1
NORTH DAKOTA,38,EMMONS,029,SOUTH CENTRAL,80,1990,100.0,200.0,2000.0,20.0,1
NORTH DAKOTA,38,EMMONS,029,SOUTH CENTRAL,80,1991,400.0,400.0,7800.0,19.5,1
NORTH DAKOTA,38,EMMONS,029,SOUTH CENTRAL,80,1992,200.0,400.0,3600.0,18.0,1
NORTH DAKOTA,38,EMMONS,029,SOUTH CENTRAL,80,1993,400.0,500.0,5900.0,14.8,1
NORTH DAKOTA,38,EMMONS,029,SOUTH CENTRAL,80,1994,300.0,300.0,7600.0,25.3,1
NORTH DAKOTA,38,EMMONS,029,SOUTH CENTRAL,80,1995,300.0,300.0,4800.0,16.0,1
NORTH DAKOTA,38,EMMONS,029,SOUTH CENTRAL,80,1997,1700.0,1800.0,44500.0,26.2,1
NORTH DAKOTA,38,EMMONS,029,SOUTH CENTRAL,80,1998,3500.0,3700.0,92800.0,26.5,1
NORTH DAKOTA,38,EMMONS,029,SOUTH CENTRAL,80,1999,4500.0,4500.0,114000.0,25.3,1
NORTH DAKOTA,38,EMMONS,029,SOUTH CENTRAL,80,2000,13000.0,13000.0,334000.0,25.7,1
NORTH DAKOTA,38,EMMONS,029,SOUTH CENTRAL,80,2001,16400.0,16500.0,533000.0,32.5,1
NORTH DAKOTA,38,EMMONS,029,SOUTH CENTRAL,80,2002,15800.0,16500.0,285000.0,18.0,1
NORTH DAKOTA,38,EMMONS,029,SOUTH CENTRAL,80,2003,14400.0,14500.0,217000.0,15.1,1
NORTH DAKOTA,38,EMMONS,029,SOUTH CENTRAL,80,2004,16500.0,17800.0,266000.0,16.1,1
NORTH DAKOTA,38,EMMONS,029,SOUTH CENTRAL,80,2005,7600.0,7800.0,214000.0,28.2,1
NORTH DAKOTA,38,EMMONS,029,SOUTH CENTRAL,80,2006,11400.0,18000.0,213000.0,18.7,1
NORTH DAKOTA,38,EMMONS,029,SOUTH CENTRAL,80,2007,10300.0,10400.0,354000.0,34.4,1
NORTH DAKOTA,38,EMMONS,029,SOUTH CENTRAL,80,2008,16600.0,17000.0,355000.0,21.5,1
NORTH DAKOTA,38,EMMONS,029,SOUTH CENTRAL,80,2010,33700.0,33900.0,1053000.0,31.2,1
NORTH DAKOTA,38,EMMONS,029,SOUTH CENTRAL,80,2011,34800.0,35100.0,1181000.0,33.9,1
NORTH DAKOTA,38,EMMONS,029,SOUTH CENTRAL,80,2012,50300.0,50500.0,1805000.0,35.9,1
NORTH DAKOTA,38,EMMONS,029,SOUTH CENTRAL,80,2013,60700.0,60700.0,1755000.0,28.9,1
NORTH DAKOTA,38,EMMONS,029,SOUTH CENTRAL,80,2014,90800.0,91300.0,3039000.0,33.5,1
NORTH DAKOTA,38,EMMONS,029,SOUTH CENTRAL,80,2015,97200.0,97700.0,3359000.0,34.6,1
NORTH DAKOTA,38,EMMONS,029,SOUTH CENTRAL,80,2016,87300.0,88200.0,3905000.0,44.7,1
NORTH DAKOTA,38,EMMONS,029,SOUTH CENTRAL,80,2017,144300.0,145000.0,5370000.0,37.2,1
NORTH DAKOTA,38,EMMONS,029,SOUTH CENTRAL,80,2018,139800.0,140500.0,4181000.0,29.9,1
NORTH DAKOTA,38,EMMONS,029,SOUTH CENTRAL,80,2019,95500.0,100500.0,3304000.0,34.6,1
NORTH DAKOTA,38,EMMONS,029,SOUTH CENTRAL,80,2020,137000.0,138000.0,4343000.0,31.7,1
NORTH DAKOTA,38,EMMONS,029,SOUTH CENTRAL,80,2021,149500.0,154000.0,3080000.0,20.6,1
NORTH DAKOTA,38,EMMONS,029,SOUTH CENTRAL,80,2022,118600.0,119000.0,3428000.0,28.9,1
NORTH DAKOTA,38,EMMONS,029,SOUTH CENTRAL,80,2023,115900.0,116500.0,4706000.0,40.6,1
NORTH DAKOTA,38,EMMONS,029,SOUTH CENTRAL,80,2024,150800.0,151500.0,5172000.0,34.3,1
NORTH DAKOTA,38,EMMONS,029,SOUTH CENTRAL,80,2025,144500.0,145500.0,5413000.0,37.5,1
NORTH DAKOTA,38,FOSTER,031,CENTRAL,50,1981,400.0,400.0,7600.0,19.0,1
NORTH DAKOTA,38,FOSTER,031,CENTRAL,50,1982,1200.0,1200.0,16800.0,14.0,1
NORTH DAKOTA,38,FOSTER,031,CENTRAL,50,1983,200.0,200.0,3200.0,16.0,1
NORTH DAKOTA,38,FOSTER,031,CENTRAL,50,1984,700.0,700.0,9500.0,13.6,1
NORTH DAKOTA,38,FOSTER,031,CENTRAL,50,1985,100.0,100.0,2000.0,20.0,1
NORTH DAKOTA,38,FOSTER,031,CENTRAL,50,1986,100.0,100.0,2800.0,28.0,1
NORTH DAKOTA,38,FOSTER,031,CENTRAL,50,1988,900.0,1000.0,15300.0,17.0,1
NORTH DAKOTA,38,FOSTER,031,CENTRAL,50,1989,1700.0,1700.0,34000.0,20.0,1
NORTH DAKOTA,38,FOSTER,031,CENTRAL,50,1990,1400.0,1500.0,16800.0,12.0,1
NORTH DAKOTA,38,FOSTER,031,CENTRAL,50,1991,1000.0,1000.0,23500.0,23.5,1
NORTH DAKOTA,38,FOSTER,031,CENTRAL,50,1992,600.0,600.0,7200.0,12.0,1
NORTH DAKOTA,38,FOSTER,031,CENTRAL,50,1993,700.0,700.0,8000.0,11.4,1
NORTH DAKOTA,38,FOSTER,031,CENTRAL,50,1994,700.0,800.0,15700.0,22.4,1
NORTH DAKOTA,38,FOSTER,031,CENTRAL,50,1995,800.0,800.0,21300.0,26.6,1
NORTH DAKOTA,38,FOSTER,031,CENTRAL,50,1996,700.0,700.0,16400.0,23.4,1
NORTH DAKOTA,38,FOSTER,031,CENTRAL,50,1997,6600.0,6600.0,152100.0,23.0,1
NORTH DAKOTA,38,FOSTER,031,CENTRAL,50,1998,12800.0,13000.0,262000.0,20.5,1
NORTH DAKOTA,38,FOSTER,031,CENTRAL,50,1999,4600.0,4700.0,115500.0,25.1,1
NORTH DAKOTA,38,FOSTER,031,CENTRAL,50,2000,10400.0,11000.0,336000.0,32.3,1
NORTH DAKOTA,38,FOSTER,031,CENTRAL,50,2001,17900.0,18000.0,618000.0,34.5,1
NORTH DAKOTA,38,FOSTER,031,CENTRAL,50,2002,45700.0,48000.0,1265000.0,27.7,1
NORTH DAKOTA,38,FOSTER,031,CENTRAL,50,2003,68000.0,68000.0,2255000.0,33.2,1
NORTH DAKOTA,38,FOSTER,031,CENTRAL,50,2004,92500.0,93000.0,1845000.0,19.9,1
NORTH DAKOTA,38,FOSTER,031,CENTRAL,50,2005,83200.0,84000.0,2727000.0,32.8,1
NORTH DAKOTA,38,FOSTER,031,CENTRAL,50,2006,116800.0,118000.0,2895000.0,24.8,1
NORTH DAKOTA,38,FOSTER,031,CENTRAL,50,2007,82200.0,83000.0,3177000.0,38.6,1
NORTH DAKOTA,38,FOSTER,031,CENTRAL,50,2008,108900.0,110000.0,2650000.0,24.5,1
NORTH DAKOTA,38,FOSTER,031,CENTRAL,50,2009,106700.0,107000.0,3020000.0,28.5,1
NORTH DAKOTA,38,FOSTER,031,CENTRAL,50,2010,116400.0,116500.0,3875000.0,33.3,1
NORTH DAKOTA,38,FOSTER,031,CENTRAL,50,2011,109000.0,112000.0,2780000.0,25.5,1
NORTH DAKOTA,38,FOSTER,031,CENTRAL,50,2012,132000.0,132500.0,4898000.0,37.1,1
NORTH DAKOTA,38,FOSTER,031,CENTRAL,50,2015,158500.0,159500.0,4706000.0,29.7,1
NORTH DAKOTA,38,FOSTER,031,CENTRAL,50,2016,153200.0,154500.0,6003000.0,39.2,1
NORTH DAKOTA,38,FOSTER,031,CENTRAL,50,2017,150500.0,163000.0,4708000.0,31.3,1
NORTH DAKOTA,38,FOSTER,031,CENTRAL,50,2019,127500.0,134000.0,4268000.0,33.5,1
NORTH DAKOTA,38,FOSTER,031,CENTRAL,50,2020,103200.0,104000.0,3168000.0,30.7,1
NORTH DAKOTA,38,FOSTER,031,CENTRAL,50,2021,156700.0,158500.0,3244000.0,20.7,1
NORTH DAKOTA,38,FOSTER,031,CENTRAL,50,2022,117200.0,118000.0,3997000.0,34.1,1
NORTH DAKOTA,38,FOSTER,031,CENTRAL,50,2023,149800.0,150500.0,5752000.0,38.4,1
NORTH DAKOTA,38,FOSTER,031,CENTRAL,50,2024,138900.0,139500.0,5139000.0,37.0,1
NORTH DAKOTA,38,FOSTER,031,CENTRAL,50,2025,151000.0,152500.0,4366000.0,28.9,1
NORTH DAKOTA,38,GOLDEN VALLEY,033,SOUTHWEST,70,1990,100.0,100.0,1700.0,17.0,1
NORTH DAKOTA,38,GRAND FORKS,035,NORTHEAST,30,1980,8800.0,10500.0,104700.0,10.0,1
NORTH DAKOTA,38,GRAND FORKS,035,NORTHEAST,30,1981,13000.0,14000.0,312000.0,24.0,1
NORTH DAKOTA,38,GRAND FORKS,035,NORTHEAST,30,1982,32000.0,33000.0,557600.0,17.4,1
NORTH DAKOTA,38,GRAND FORKS,035,NORTHEAST,30,1983,54000.0,55000.0,1296000.0,24.0,1
NORTH DAKOTA,38,GRAND FORKS,035,NORTHEAST,30,1984,71000.0,72000.0,1663100.0,23.4,1
NORTH DAKOTA,38,GRAND FORKS,035,NORTHEAST,30,1985,43300.0,44000.0,736000.0,16.7,1
NORTH DAKOTA,38,GRAND FORKS,035,NORTHEAST,30,1986,32600.0,33000.0,1027000.0,31.5,1
NORTH DAKOTA,38,GRAND FORKS,035,NORTHEAST,30,1987,36500.0,37000.0,1050500.0,28.4,1
NORTH DAKOTA,38,GRAND FORKS,035,NORTHEAST,30,1988,62300.0,66000.0,1369000.0,20.7,1
NORTH DAKOTA,38,GRAND FORKS,035,NORTHEAST,30,1989,41500.0,43000.0,568300.0,13.7,1
NORTH DAKOTA,38,GRAND FORKS,035,NORTHEAST,30,1990,24900.0,25000.0,485600.0,19.5,1
NORTH DAKOTA,38,GRAND FORKS,035,NORTHEAST,30,1991,31000.0,31000.0,966500.0,31.2,1
NORTH DAKOTA,38,GRAND FORKS,035,NORTHEAST,30,1992,40800.0,41000.0,883200.0,21.6,1
NORTH DAKOTA,38,GRAND FORKS,035,NORTHEAST,30,1993,29500.0,31500.0,535000.0,18.1,1
NORTH DAKOTA,38,GRAND FORKS,035,NORTHEAST,30,1994,33200.0,34500.0,1006500.0,30.3,1
NORTH DAKOTA,38,GRAND FORKS,035,NORTHEAST,30,1995,26800.0,28000.0,745600.0,27.8,1
NORTH DAKOTA,38,GRAND FORKS,035,NORTHEAST,30,1996,49300.0,50000.0,1231100.0,25.0,1
NORTH DAKOTA,38,GRAND FORKS,035,NORTHEAST,30,1997,72100.0,75000.0,1826500.0,25.3,1
NORTH DAKOTA,38,GRAND FORKS,035,NORTHEAST,30,1998,98300.0,100000.0,2807500.0,28.6,1
NORTH DAKOTA,38,GRAND FORKS,035,NORTHEAST,30,1999,43500.0,45000.0,1227000.0,28.2,1
NORTH DAKOTA,38,GRAND FORKS,035,NORTHEAST,30,2000,82000.0,92000.0,2245000.0,27.4,1
NORTH DAKOTA,38,GRAND FORKS,035,NORTHEAST,30,2001,86600.0,94000.0,2775000.0,32.0,1
NORTH DAKOTA,38,GRAND FORKS,035,NORTHEAST,30,2002,112500.0,115000.0,3490000.0,31.0,1
NORTH DAKOTA,38,GRAND FORKS,035,NORTHEAST,30,2003,168500.0,170000.0,5020000.0,29.8,1
NORTH DAKOTA,38,GRAND FORKS,035,NORTHEAST,30,2004,180500.0,184000.0,2974000.0,16.5,1
NORTH DAKOTA,38,GRAND FORKS,035,NORTHEAST,30,2005,90700.0,94000.0,2798000.0,30.8,1
NORTH DAKOTA,38,GRAND FORKS,035,NORTHEAST,30,2006,161000.0,162000.0,4530000.0,28.1,1
NORTH DAKOTA,38,GRAND FORKS,035,NORTHEAST,30,2007,102000.0,103000.0,3819000.0,37.4,1
NORTH DAKOTA,38,GRAND FORKS,035,NORTHEAST,30,2008,124100.0,125000.0,3244000.0,26.0,1
NORTH DAKOTA,38,GRAND FORKS,035,NORTHEAST,30,2009,133600.0,134000.0,3852000.0,29.0,1
NORTH DAKOTA,38,GRAND FORKS,035,NORTHEAST,30,2010,136600.0,137000.0,4500000.0,32.9,1
NORTH DAKOTA,38,GRAND FORKS,035,NORTHEAST,30,2011,165300.0,166000.0,4638000.0,28.1,1
NORTH DAKOTA,38,GRAND FORKS,035,NORTHEAST,30,2012,169800.0,170000.0,6321000.0,37.2,1
NORTH DAKOTA,38,GRAND FORKS,035,NORTHEAST,30,2013,147900.0,148000.0,5066000.0,34.3,1
NORTH DAKOTA,38,GRAND FORKS,035,NORTHEAST,30,2014,196000.0,196500.0,6493000.0,33.1,1
NORTH DAKOTA,38,GRAND FORKS,035,NORTHEAST,30,2015,191000.0,191500.0,6424000.0,33.6,1
NORTH DAKOTA,38,GRAND FORKS,035,NORTHEAST,30,2016,201000.0,203000.0,8077000.0,40.2,1
NORTH DAKOTA,38,GRAND FORKS,035,NORTHEAST,30,2017,247500.0,248000.0,8786000.0,35.5,1
NORTH DAKOTA,38,GRAND FORKS,035,NORTHEAST,30,2018,224500.0,226000.0,7830000.0,34.9,1
NORTH DAKOTA,38,GRAND FORKS,035,NORTHEAST,30,2019,183500.0,187500.0,6054000.0,33.0,1
NORTH DAKOTA,38,GRAND FORKS,035,NORTHEAST,30,2020,163500.0,164500.0,5608000.0,34.3,1
NORTH DAKOTA,38,GRAND FORKS,035,NORTHEAST,30,2021,208500.0,210500.0,6109000.0,29.3,1
NORTH DAKOTA,38,GRAND FORKS,035,NORTHEAST,30,2022,181000.0,181500.0,6625000.0,36.6,1
NORTH DAKOTA,38,GRAND FORKS,035,NORTHEAST,30,2023,186700.0,188000.0,6198000.0,33.2,1
NORTH DAKOTA,38,GRAND FORKS,035,NORTHEAST,30,2024,197200.0,198000.0,7001000.0,35.5,1
NORTH DAKOTA,38,GRAND FORKS,035,NORTHEAST,30,2025,193700.0,195500.0,7438000.0,38.4,1
NORTH DAKOTA,38,GRANT,037,SOUTH CENTRAL,80,1994,100.0,100.0,1200.0,12.0,1
NORTH DAKOTA,38,GRANT,037,SOUTH CENTRAL,80,1999,500.0,500.0,10000.0,20.0,1
NORTH DAKOTA,38,GRANT,037,SOUTH CENTRAL,80,2000,500.0,600.0,12000.0,24.0,1
NORTH DAKOTA,38,GRANT,037,SOUTH CENTRAL,80,2001,500.0,500.0,8000.0,16.0,1
NORTH DAKOTA,38,GRANT,037,SOUTH CENTRAL,80,2010,1280.0,1300.0,36000.0,28.1,1
NORTH DAKOTA,38,GRANT,037,SOUTH CENTRAL,80,2011,600.0,600.0,16000.0,26.7,1
NORTH DAKOTA,38,GRANT,037,SOUTH CENTRAL,80,2019,11900.0,12600.0,314000.0,26.4,1
NORTH DAKOTA,38,GRANT,037,SOUTH CENTRAL,80,2022,24800.0,25400.0,618000.0,24.9,1
NORTH DAKOTA,38,GRIGGS,039,EAST CENTRAL,60,1980,500.0,500.0,9000.0,18.0,1
NORTH DAKOTA,38,GRIGGS,039,EAST CENTRAL,60,1981,700.0,700.0,16100.0,23.0,1
NORTH DAKOTA,38,GRIGGS,039,EAST CENTRAL,60,1982,2500.0,2500.0,32500.0,13.0,1
NORTH DAKOTA,38,GRIGGS,039,EAST CENTRAL,60,1983,4500.0,4500.0,112500.0,25.0,1
NORTH DAKOTA,38,GRIGGS,039,EAST CENTRAL,60,1984,6400.0,6500.0,96000.0,14.8,1
NORTH DAKOTA,38,GRIGGS,039,EAST CENTRAL,60,1985,2400.0,2500.0,28800.0,11.5,1
NORTH DAKOTA,38,GRIGGS,039,EAST CENTRAL,60,1986,2000.0,2000.0,59000.0,29.5,1
NORTH DAKOTA,38,GRIGGS,039,EAST CENTRAL,60,1987,3000.0,3500.0,81000.0,27.0,1
NORTH DAKOTA,38,GRIGGS,039,EAST CENTRAL,60,1988,8500.0,9000.0,136000.0,15.1,1
NORTH DAKOTA,38,GRIGGS,039,EAST CENTRAL,60,1989,6500.0,7000.0,78000.0,12.0,1
NORTH DAKOTA,38,GRIGGS,039,EAST CENTRAL,60,1990,2900.0,3000.0,52200.0,18.0,1
NORTH DAKOTA,38,GRIGGS,039,EAST CENTRAL,60,1991,2400.0,2500.0,58000.0,24.2,1
NORTH DAKOTA,38,GRIGGS,039,EAST CENTRAL,60,1992,3500.0,4500.0,51000.0,14.6,1
NORTH DAKOTA,38,GRIGGS,039,EAST CENTRAL,60,1993,1700.0,1800.0,17100.0,10.1,1
NORTH DAKOTA,38,GRIGGS,039,EAST CENTRAL,60,1994,1400.0,1700.0,29600.0,21.1,1
NORTH DAKOTA,38,GRIGGS,039,EAST CENTRAL,60,1995,1300.0,1300.0,32500.0,25.0,1
NORTH DAKOTA,38,GRIGGS,039,EAST CENTRAL,60,1996,3000.0,3000.0,72300.0,24.1,1
NORTH DAKOTA,38,GRIGGS,039,EAST CENTRAL,60,1997,10800.0,11000.0,243500.0,22.5,1
NORTH DAKOTA,38,GRIGGS,039,EAST CENTRAL,60,1998,20000.0,20000.0,530000.0,26.5,1
NORTH DAKOTA,38,GRIGGS,039,EAST CENTRAL,60,1999,7900.0,8000.0,248500.0,31.5,1
NORTH DAKOTA,38,GRIGGS,039,EAST CENTRAL,60,2000,23000.0,25000.0,680000.0,29.6,1
NORTH DAKOTA,38,GRIGGS,039,EAST CENTRAL,60,2001,28900.0,30000.0,995000.0,34.4,1
NORTH DAKOTA,38,GRIGGS,039,EAST CENTRAL,60,2002,50000.0,51000.0,1580000.0,31.6,1
NORTH DAKOTA,38,GRIGGS,039,EAST CENTRAL,60,2003,64500.0,65000.0,2090000.0,32.4,1
NORTH DAKOTA,38,GRIGGS,039,EAST CENTRAL,60,2004,79000.0,85000.0,1595000.0,20.2,1
NORTH DAKOTA,38,GRIGGS,039,EAST CENTRAL,60,2005,69300.0,70000.0,2442000.0,35.2,1
NORTH DAKOTA,38,GRIGGS,039,EAST CENTRAL,60,2006,96900.0,97000.0,2901000.0,29.9,1
NORTH DAKOTA,38,GRIGGS,039,EAST CENTRAL,60,2007,79700.0,80000.0,3048000.0,38.2,1
NORTH DAKOTA,38,GRIGGS,039,EAST CENTRAL,60,2008,102800.0,103000.0,2485000.0,24.0,1
NORTH DAKOTA,38,GRIGGS,039,EAST CENTRAL,60,2009,107500.0,108000.0,3100000.0,29.0,1
NORTH DAKOTA,38,GRIGGS,039,EAST CENTRAL,60,2010,103300.0,104000.0,3677000.0,35.6,1
NORTH DAKOTA,38,GRIGGS,039,EAST CENTRAL,60,2011,93000.0,95500.0,2533000.0,27.2,1
NORTH DAKOTA,38,GRIGGS,039,EAST CENTRAL,60,2012,124100.0,125000.0,4172000.0,33.6,1
NORTH DAKOTA,38,GRIGGS,039,EAST CENTRAL,60,2013,120100.0,120500.0,3649000.0,30.4,1
NORTH DAKOTA,38,GRIGGS,039,EAST CENTRAL,60,2014,128500.0,129000.0,4208000.0,32.7,1
NORTH DAKOTA,38,GRIGGS,039,EAST CENTRAL,60,2015,115500.0,117000.0,3987000.0,34.5,1
NORTH DAKOTA,38,GRIGGS,039,EAST CENTRAL,60,2016,124700.0,126000.0,5389000.0,43.2,1
NORTH DAKOTA,38,GRIGGS,039,EAST CENTRAL,60,2017,122500.0,127500.0,4498000.0,36.7,1
NORTH DAKOTA,38,GRIGGS,039,EAST CENTRAL,60,2018,126000.0,128500.0,4850000.0,38.5,1
NORTH DAKOTA,38,GRIGGS,039,EAST CENTRAL,60,2019,104500.0,109500.0,3456000.0,33.1,1
NORTH DAKOTA,38,GRIGGS,039,EAST CENTRAL,60,2020,105800.0,106500.0,3766000.0,35.6,1
NORTH DAKOTA,38,GRIGGS,039,EAST CENTRAL,60,2021,130000.0,131500.0,3380000.0,26.0,1
NORTH DAKOTA,38,GRIGGS,039,EAST CENTRAL,60,2022,107600.0,108500.0,3454000.0,32.1,1
NORTH DAKOTA,38,GRIGGS,039,EAST CENTRAL,60,2023,122400.0,123000.0,4137000.0,33.8,1
NORTH DAKOTA,38,GRIGGS,039,EAST CENTRAL,60,2024,123000.0,123500.0,4514000.0,36.7,1
NORTH DAKOTA,38,GRIGGS,039,EAST CENTRAL,60,2025,134000.0,135000.0,4221000.0,31.5,1
NORTH DAKOTA,38,HETTINGER,041,SOUTHWEST,70,1983,1100.0,1100.0,16900.0,15.4,1
NORTH DAKOTA,38,HETTINGER,041,SOUTHWEST,70,1984,700.0,700.0,7000.0,10.0,1
NORTH DAKOTA,38,HETTINGER,041,SOUTHWEST,70,1994,200.0,200.0,2200.0,11.0,1
NORTH DAKOTA,38,HETTINGER,041,SOUTHWEST,70,1995,400.0,500.0,8000.0,20.0,1
NORTH DAKOTA,38,HETTINGER,041,SOUTHWEST,70,1996,600.0,600.0,14700.0,24.5,1
NORTH DAKOTA,38,HETTINGER,041,SOUTHWEST,70,1998,500.0,500.0,12200.0,24.4,1
NORTH DAKOTA,38,HETTINGER,041,SOUTHWEST,70,2000,500.0,500.0,11300.0,22.6,1
NORTH DAKOTA,38,HETTINGER,041,SOUTHWEST,70,2017,5100.0,5400.0,71000.0,13.9,1
NORTH DAKOTA,38,HETTINGER,041,SOUTHWEST,70,2019,8100.0,8500.0,227000.0,28.0,1
NORTH DAKOTA,38,HETTINGER,041,SOUTHWEST,70,2020,20200.0,21100.0,436000.0,21.6,1
NORTH DAKOTA,38,HETTINGER,041,SOUTHWEST,70,2021,18200.0,18400.0,362000.0,19.9,1
NORTH DAKOTA,38,HETTINGER,041,SOUTHWEST,70,2022,14700.0,15100.0,222000.0,15.1,1
NORTH DAKOTA,38,KIDDER,043,CENTRAL,50,1983,200.0,200.0,3200.0,16.0,1
NORTH DAKOTA,38,KIDDER,043,CENTRAL,50,1984,800.0,800.0,10800.0,13.5,1
NORTH DAKOTA,38,KIDDER,043,CENTRAL,50,1985,100.0,100.0,1500.0,15.0,1
NORTH DAKOTA,38,KIDDER,043,CENTRAL,50,1988,500.0,500.0,15000.0,30.0,1
NORTH DAKOTA,38,KIDDER,043,CENTRAL,50,1989,400.0,500.0,11000.0,27.5,1
NORTH DAKOTA,38,KIDDER,043,CENTRAL,50,1990,300.0,500.0,3600.0,12.0,1
NORTH DAKOTA,38,KIDDER,043,CENTRAL,50,1991,300.0,300.0,5200.0,17.3,1
NORTH DAKOTA,38,KIDDER,043,CENTRAL,50,1995,700.0,800.0,18500.0,26.4,1
NORTH DAKOTA,38,KIDDER,043,CENTRAL,50,1996,900.0,900.0,23400.0,26.0,1
NORTH DAKOTA,38,KIDDER,043,CENTRAL,50,1997,3300.0,3300.0,68100.0,20.6,1
NORTH DAKOTA,38,KIDDER,043,CENTRAL,50,1998,3000.0,3000.0,80500.0,26.8,1
NORTH DAKOTA,38,KIDDER,043,CENTRAL,50,1999,1900.0,1900.0,53000.0,27.9,1
NORTH DAKOTA,38,KIDDER,043,CENTRAL,50,2000,4000.0,4100.0,105000.0,26.3,1
NORTH DAKOTA,38,KIDDER,043,CENTRAL,50,2001,3000.0,3300.0,72000.0,24.0,1
NORTH DAKOTA,38,KIDDER,043,CENTRAL,50,2002,2600.0,5400.0,50000.0,19.2,1
NORTH DAKOTA,38,KIDDER,043,CENTRAL,50,2003,4800.0,5000.0,135000.0,28.1,1
NORTH DAKOTA,38,KIDDER,043,CENTRAL,50,2004,9500.0,11000.0,175000.0,18.4,1
NORTH DAKOTA,38,KIDDER,043,CENTRAL,50,2005,6700.0,7100.0,214000.0,31.9,1
NORTH DAKOTA,38,KIDDER,043,CENTRAL,50,2006,8900.0,10500.0,182000.0,20.4,1
NORTH DAKOTA,38,KIDDER,043,CENTRAL,50,2007,9800.0,10000.0,341000.0,34.8,1
NORTH DAKOTA,38,KIDDER,043,CENTRAL,50,2010,24300.0,25000.0,726000.0,29.9,1
NORTH DAKOTA,38,KIDDER,043,CENTRAL,50,2011,26300.0,27300.0,770000.0,29.3,1
NORTH DAKOTA,38,KIDDER,043,CENTRAL,50,2013,52500.0,53300.0,1257000.0,23.9,1
NORTH DAKOTA,38,KIDDER,043,CENTRAL,50,2014,66500.0,67000.0,2320000.0,34.9,1
NORTH DAKOTA,38,KIDDER,043,CENTRAL,50,2015,61500.0,62000.0,1675000.0,27.2,1
NORTH DAKOTA,38,KIDDER,043,CENTRAL,50,2017,77000.0,77500.0,2379000.0,30.9,1
NORTH DAKOTA,38,KIDDER,043,CENTRAL,50,2018,86300.0,88000.0,3002000.0,34.8,1
NORTH DAKOTA,38,KIDDER,043,CENTRAL,50,2020,91700.0,92300.0,2815000.0,30.7,1
NORTH DAKOTA,38,KIDDER,043,CENTRAL,50,2021,109300.0,113500.0,2426000.0,22.2,1
NORTH DAKOTA,38,KIDDER,043,CENTRAL,50,2022,90500.0,91000.0,2335000.0,25.8,1
NORTH DAKOTA,38,KIDDER,043,CENTRAL,50,2023,108000.0,109000.0,3974000.0,36.8,1
NORTH DAKOTA,38,KIDDER,043,CENTRAL,50,2024,117400.0,118000.0,4132000.0,35.2,1
NORTH DAKOTA,38,KIDDER,043,CENTRAL,50,2025,120300.0,121500.0,3705000.0,30.8,1
NORTH DAKOTA,38,LA MOURE,045,SOUTHEAST,90,1980,700.0,800.0,6900.0,8.6,1
NORTH DAKOTA,38,LA MOURE,045,SOUTHEAST,90,1981,700.0,700.0,14700.0,21.0,1
NORTH DAKOTA,38,LA MOURE,045,SOUTHEAST,90,1982,3300.0,3400.0,49500.0,15.0,1
NORTH DAKOTA,38,LA MOURE,045,SOUTHEAST,90,1983,5200.0,5200.0,93600.0,18.0,1
NORTH DAKOTA,38,LA MOURE,045,SOUTHEAST,90,1984,7900.0,8100.0,110600.0,14.0,1
NORTH DAKOTA,38,LA MOURE,045,SOUTHEAST,90,1985,1800.0,2000.0,38700.0,21.5,1
NORTH DAKOTA,38,LA MOURE,045,SOUTHEAST,90,1986,1500.0,1500.0,41300.0,27.5,1
NORTH DAKOTA,38,LA MOURE,045,SOUTHEAST,90,1987,2000.0,2000.0,54000.0,27.0,1
NORTH DAKOTA,38,LA MOURE,045,SOUTHEAST,90,1988,8500.0,10000.0,85000.0,10.0,1
NORTH DAKOTA,38,LA MOURE,045,SOUTHEAST,90,1989,9400.0,9500.0,188000.0,20.0,1
NORTH DAKOTA,38,LA MOURE,045,SOUTHEAST,90,1990,4200.0,4200.0,105000.0,25.0,1
NORTH DAKOTA,38,LA MOURE,045,SOUTHEAST,90,1991,8000.0,8000.0,233300.0,29.2,1
NORTH DAKOTA,38,LA MOURE,045,SOUTHEAST,90,1992,9300.0,9500.0,186200.0,20.0,1
NORTH DAKOTA,38,LA MOURE,045,SOUTHEAST,90,1993,6200.0,6800.0,131000.0,21.1,1
NORTH DAKOTA,38,LA MOURE,045,SOUTHEAST,90,1994,7900.0,8000.0,266400.0,33.7,1
NORTH DAKOTA,38,LA MOURE,045,SOUTHEAST,90,1995,8500.0,9000.0,281000.0,33.1,1
NORTH DAKOTA,38,LA MOURE,045,SOUTHEAST,90,1996,13900.0,14000.0,436300.0,31.4,1
NORTH DAKOTA,38,LA MOURE,045,SOUTHEAST,90,1997,25000.0,25000.0,741600.0,29.7,1
NORTH DAKOTA,38,LA MOURE,045,SOUTHEAST,90,1998,37500.0,41000.0,1315000.0,35.1,1
NORTH DAKOTA,38,LA MOURE,045,SOUTHEAST,90,1999,46800.0,47000.0,1773000.0,37.9,1
NORTH DAKOTA,38,LA MOURE,045,SOUTHEAST,90,2000,104600.0,105000.0,3500000.0,33.5,1
NORTH DAKOTA,38,LA MOURE,045,SOUTHEAST,90,2001,139800.0,140000.0,4900000.0,35.1,1
NORTH DAKOTA,38,LA MOURE,045,SOUTHEAST,90,2002,182500.0,185000.0,6135000.0,33.6,1
NORTH DAKOTA,38,LA MOURE,045,SOUTHEAST,90,2003,194500.0,205000.0,5925000.0,30.5,1
NORTH DAKOTA,38,LA MOURE,045,SOUTHEAST,90,2004,254400.0,255000.0,7425000.0,29.2,1
NORTH DAKOTA,38,LA MOURE,045,SOUTHEAST,90,2005,227000.0,230000.0,9250000.0,40.7,1
NORTH DAKOTA,38,LA MOURE,045,SOUTHEAST,90,2006,264000.0,265000.0,9795000.0,37.1,1
NORTH DAKOTA,38,LA MOURE,045,SOUTHEAST,90,2007,208000.0,210000.0,7844000.0,37.7,1
NORTH DAKOTA,38,LA MOURE,045,SOUTHEAST,90,2008,265000.0,266000.0,7022000.0,26.5,1
NORTH DAKOTA,38,LA MOURE,045,SOUTHEAST,90,2009,258000.0,259000.0,8665000.0,33.5,1
NORTH DAKOTA,38,LA MOURE,045,SOUTHEAST,90,2010,243500.0,244000.0,8300000.0,34.1,1
NORTH DAKOTA,38,LA MOURE,045,SOUTHEAST,90,2011,219000.0,220500.0,7758000.0,35.4,1
NORTH DAKOTA,38,LA MOURE,045,SOUTHEAST,90,2012,258000.0,259000.0,8379000.0,32.5,1
NORTH DAKOTA,38,LA MOURE,045,SOUTHEAST,90,2013,247500.0,248000.0,6412000.0,25.9,1
NORTH DAKOTA,38,LA MOURE,045,SOUTHEAST,90,2014,287500.0,288500.0,11900000.0,41.4,1
NORTH DAKOTA,38,LA MOURE,045,SOUTHEAST,90,2015,287500.0,289000.0,9875000.0,34.3,1
NORTH DAKOTA,38,LA MOURE,045,SOUTHEAST,90,2016,304500.0,306000.0,14614000.0,48.0,1
NORTH DAKOTA,38,LA MOURE,045,SOUTHEAST,90,2017,314500.0,315000.0,10939000.0,34.8,1
NORTH DAKOTA,38,LA MOURE,045,SOUTHEAST,90,2018,299000.0,300000.0,13986000.0,46.8,1
NORTH DAKOTA,38,LA MOURE,045,SOUTHEAST,90,2019,210000.0,217500.0,7284000.0,34.7,1
NORTH DAKOTA,38,LA MOURE,045,SOUTHEAST,90,2020,194600.0,196000.0,8134000.0,41.8,1
NORTH DAKOTA,38,LA MOURE,045,SOUTHEAST,90,2021,283500.0,286000.0,8902000.0,31.4,1
NORTH DAKOTA,38,LA MOURE,045,SOUTHEAST,90,2022,228500.0,229500.0,8432000.0,36.9,1
NORTH DAKOTA,38,LA MOURE,045,SOUTHEAST,90,2023,257500.0,258500.0,10686000.0,41.5,1
NORTH DAKOTA,38,LA MOURE,045,SOUTHEAST,90,2024,284500.0,286000.0,10640000.0,37.4,1
NORTH DAKOTA,38,LOGAN,047,SOUTHEAST,90,1984,300.0,300.0,3300.0,11.0,1
NORTH DAKOTA,38,LOGAN,047,SOUTHEAST,90,1988,100.0,100.0,400.0,4.0,1
NORTH DAKOTA,38,LOGAN,047,SOUTHEAST,90,1989,200.0,200.0,4200.0,21.0,1
NORTH DAKOTA,38,LOGAN,047,SOUTHEAST,90,1990,100.0,100.0,2500.0,25.0,1
NORTH DAKOTA,38,LOGAN,047,SOUTHEAST,90,1997,500.0,500.0,9100.0,18.2,1
NORTH DAKOTA,38,LOGAN,047,SOUTHEAST,90,1998,2000.0,2000.0,58000.0,29.0,1
NORTH DAKOTA,38,LOGAN,047,SOUTHEAST,90,1999,2000.0,2000.0,52700.0,26.4,1
NORTH DAKOTA,38,LOGAN,047,SOUTHEAST,90,2000,6000.0,6000.0,145000.0,24.2,1
NORTH DAKOTA,38,LOGAN,047,SOUTHEAST,90,2001,7900.0,8000.0,213000.0,27.0,1
NORTH DAKOTA,38,LOGAN,047,SOUTHEAST,90,2002,10500.0,11000.0,175000.0,16.7,1
NORTH DAKOTA,38,LOGAN,047,SOUTHEAST,90,2003,14700.0,15000.0,245000.0,16.7,1
NORTH DAKOTA,38,LOGAN,047,SOUTHEAST,90,2004,25300.0,26000.0,418000.0,16.5,1
NORTH DAKOTA,38,LOGAN,047,SOUTHEAST,90,2005,20600.0,21000.0,774000.0,37.6,1
NORTH DAKOTA,38,LOGAN,047,SOUTHEAST,90,2006,27000.0,28000.0,651000.0,24.1,1
NORTH DAKOTA,38,LOGAN,047,SOUTHEAST,90,2007,27800.0,28000.0,951000.0,34.2,1
NORTH DAKOTA,38,LOGAN,047,SOUTHEAST,90,2008,39800.0,40000.0,856000.0,21.5,1
NORTH DAKOTA,38,LOGAN,047,SOUTHEAST,90,2009,42900.0,43000.0,1122000.0,26.0,1
NORTH DAKOTA,38,LOGAN,047,SOUTHEAST,90,2010,58200.0,58400.0,1600000.0,27.5,1
NORTH DAKOTA,38,LOGAN,047,SOUTHEAST,90,2011,60500.0,61000.0,1858000.0,30.7,1
NORTH DAKOTA,38,LOGAN,047,SOUTHEAST,90,2013,94000.0,95000.0,1625000.0,17.3,1
NORTH DAKOTA,38,LOGAN,047,SOUTHEAST,90,2016,84900.0,86000.0,3058000.0,36.0,1
NORTH DAKOTA,38,LOGAN,047,SOUTHEAST,90,2017,111300.0,112000.0,3112000.0,28.0,1
NORTH DAKOTA,38,LOGAN,047,SOUTHEAST,90,2020,104300.0,105000.0,3358000.0,32.2,1
NORTH DAKOTA,38,LOGAN,047,SOUTHEAST,90,2021,121600.0,124000.0,2772000.0,22.8,1
NORTH DAKOTA,38,LOGAN,047,SOUTHEAST,90,2022,99800.0,100000.0,2854000.0,28.6,1
NORTH DAKOTA,38,LOGAN,047,SOUTHEAST,90,2023,102000.0,102500.0,3988000.0,39.1,1
NORTH DAKOTA,38,LOGAN,047,SOUTHEAST,90,2024,118900.0,119500.0,4364000.0,36.7,1
NORTH DAKOTA,38,MCHENRY,049,NORTH CENTRAL,20,1992,,100.0,,,1
NORTH DAKOTA,38,MCHENRY,049,NORTH CENTRAL,20,2001,1600.0,1600.0,44000.0,27.5,1
NORTH DAKOTA,38,MCHENRY,049,NORTH CENTRAL,20,2002,3500.0,3500.0,105000.0,30.0,1
NORTH DAKOTA,38,MCHENRY,049,NORTH CENTRAL,20,2003,8500.0,8500.0,217000.0,25.5,1
NORTH DAKOTA,38,MCHENRY,049,NORTH CENTRAL,20,2004,17000.0,17500.0,274000.0,16.1,1
NORTH DAKOTA,38,MCHENRY,049,NORTH CENTRAL,20,2005,8400.0,8500.0,279000.0,33.2,1
NORTH DAKOTA,38,MCHENRY,049,NORTH CENTRAL,20,2006,12400.0,12500.0,284000.0,22.9,1
NORTH DAKOTA,38,MCHENRY,049,NORTH CENTRAL,20,2007,10800.0,11000.0,275000.0,25.5,1
NORTH DAKOTA,38,MCHENRY,049,NORTH CENTRAL,20,2008,10400.0,10500.0,248000.0,24.0,1
NORTH DAKOTA,38,MCHENRY,049,NORTH CENTRAL,20,2009,17100.0,17200.0,430000.0,25.0,1
NORTH DAKOTA,38,MCHENRY,049,NORTH CENTRAL,20,2010,20800.0,21400.0,670000.0,32.2,1
NORTH DAKOTA,38,MCHENRY,049,NORTH CENTRAL,20,2011,17600.0,18000.0,485000.0,27.6,1
NORTH DAKOTA,38,MCHENRY,049,NORTH CENTRAL,20,2012,45900.0,47100.0,1237000.0,26.9,1
NORTH DAKOTA,38,MCHENRY,049,NORTH CENTRAL,20,2014,97500.0,98000.0,3613000.0,37.1,1
NORTH DAKOTA,38,MCHENRY,049,NORTH CENTRAL,20,2015,115000.0,115500.0,3286000.0,28.6,1
NORTH DAKOTA,38,MCHENRY,049,NORTH CENTRAL,20,2016,129300.0,130000.0,4888000.0,37.8,1
NORTH DAKOTA,38,MCHENRY,049,NORTH CENTRAL,20,2017,160500.0,161000.0,4265000.0,26.6,1
NORTH DAKOTA,38,MCHENRY,049,NORTH CENTRAL,20,2018,164000.0,166000.0,3968000.0,24.2,1
NORTH DAKOTA,38,MCHENRY,049,NORTH CENTRAL,20,2019,132000.0,138000.0,4010000.0,30.4,1
NORTH DAKOTA,38,MCHENRY,049,NORTH CENTRAL,20,2020,151800.0,153000.0,4645000.0,30.6,1
NORTH DAKOTA,38,MCHENRY,049,NORTH CENTRAL,20,2021,188500.0,192500.0,2997000.0,15.9,1
NORTH DAKOTA,38,MCHENRY,049,NORTH CENTRAL,20,2022,146500.0,147000.0,4747000.0,32.4,1
NORTH DAKOTA,38,MCHENRY,049,NORTH CENTRAL,20,2023,163700.0,164500.0,4764000.0,29.1,1
NORTH DAKOTA,38,MCHENRY,049,NORTH CENTRAL,20,2024,169100.0,170500.0,6426000.0,38.0,1
NORTH DAKOTA,38,MCHENRY,049,NORTH CENTRAL,20,2025,178800.0,181000.0,6616000.0,37.0,1
NORTH DAKOTA,38,MCINTOSH,051,SOUTHEAST,90,1982,100.0,100.0,1300.0,13.0,1
NORTH DAKOTA,38,MCINTOSH,051,SOUTHEAST,90,1993,100.0,100.0,1700.0,17.0,1
NORTH DAKOTA,38,MCINTOSH,051,SOUTHEAST,90,1994,300.0,300.0,9300.0,31.0,1
NORTH DAKOTA,38,MCINTOSH,051,SOUTHEAST,90,1995,900.0,1000.0,22500.0,25.0,1
NORTH DAKOTA,38,MCINTOSH,051,SOUTHEAST,90,1996,900.0,900.0,26000.0,28.9,1
NORTH DAKOTA,38,MCINTOSH,051,SOUTHEAST,90,1997,2400.0,2500.0,44600.0,18.6,1
NORTH DAKOTA,38,MCINTOSH,051,SOUTHEAST,90,1998,4500.0,5500.0,99000.0,22.0,1
NORTH DAKOTA,38,MCINTOSH,051,SOUTHEAST,90,1999,5000.0,5000.0,126000.0,25.2,1
NORTH DAKOTA,38,MCINTOSH,051,SOUTHEAST,90,2000,17000.0,17000.0,528000.0,31.1,1
NORTH DAKOTA,38,MCINTOSH,051,SOUTHEAST,90,2001,28800.0,29000.0,820000.0,28.5,1
NORTH DAKOTA,38,MCINTOSH,051,SOUTHEAST,90,2002,42500.0,43000.0,905000.0,21.3,1
NORTH DAKOTA,38,MCINTOSH,051,SOUTHEAST,90,2003,48300.0,50000.0,665000.0,13.8,1
NORTH DAKOTA,38,MCINTOSH,051,SOUTHEAST,90,2004,48500.0,50000.0,1041000.0,21.5,1
NORTH DAKOTA,38,MCINTOSH,051,SOUTHEAST,90,2005,29000.0,30000.0,1077000.0,37.1,1
NORTH DAKOTA,38,MCINTOSH,051,SOUTHEAST,90,2006,46500.0,49000.0,1157000.0,24.9,1
NORTH DAKOTA,38,MCINTOSH,051,SOUTHEAST,90,2007,46800.0,47000.0,1534000.0,32.8,1
NORTH DAKOTA,38,MCINTOSH,051,SOUTHEAST,90,2008,61200.0,62000.0,1380000.0,22.5,1
NORTH DAKOTA,38,MCINTOSH,051,SOUTHEAST,90,2009,75400.0,76000.0,2285000.0,30.5,1
NORTH DAKOTA,38,MCINTOSH,051,SOUTHEAST,90,2010,83900.0,84100.0,2400000.0,28.6,1
NORTH DAKOTA,38,MCINTOSH,051,SOUTHEAST,90,2011,77700.0,79000.0,2325000.0,29.9,1
NORTH DAKOTA,38,MCINTOSH,051,SOUTHEAST,90,2016,113900.0,115000.0,4211000.0,37.0,1
NORTH DAKOTA,38,MCINTOSH,051,SOUTHEAST,90,2017,133200.0,134000.0,4115000.0,30.9,1
NORTH DAKOTA,38,MCINTOSH,051,SOUTHEAST,90,2020,115700.0,116500.0,3645000.0,31.5,1
NORTH DAKOTA,38,MCINTOSH,051,SOUTHEAST,90,2021,133400.0,140000.0,2655000.0,19.9,1
NORTH DAKOTA,38,MCINTOSH,051,SOUTHEAST,90,2022,122900.0,124000.0,3220000.0,26.2,1
NORTH DAKOTA,38,MCINTOSH,051,SOUTHEAST,90,2023,119400.0,120000.0,4585000.0,38.4,1
NORTH DAKOTA,38,MCINTOSH,051,SOUTHEAST,90,2024,148400.0,149000.0,4868000.0,32.8,1
NORTH DAKOTA,38,MCINTOSH,051,SOUTHEAST,90,2025,130100.0,131000.0,4384000.0,33.7,1
NORTH DAKOTA,38,MCKENZIE,053,WEST CENTRAL,40,2013,1140.0,1300.0,33000.0,28.9,1
NORTH DAKOTA,38,MCKENZIE,053,WEST CENTRAL,40,2017,2500.0,2700.0,86500.0,34.6,1
NORTH DAKOTA,38,MCKENZIE,053,WEST CENTRAL,40,2018,3700.0,3800.0,76000.0,20.5,1
NORTH DAKOTA,38,MCKENZIE,053,WEST CENTRAL,40,2019,4600.0,4900.0,175000.0,38.0,1
NORTH DAKOTA,38,MCKENZIE,053,WEST CENTRAL,40,2020,10900.0,11100.0,255000.0,23.4,1
NORTH DAKOTA,38,MCKENZIE,053,WEST CENTRAL,40,2021,16400.0,20200.0,230000.0,14.0,1
NORTH DAKOTA,38,MCKENZIE,053,WEST CENTRAL,40,2022,16800.0,17900.0,320000.0,19.0,1
NORTH DAKOTA,38,MCKENZIE,053,WEST CENTRAL,40,2023,9500.0,10000.0,223000.0,23.5,1
NORTH DAKOTA,38,MCLEAN,055,WEST CENTRAL,40,1990,,100.0,,,1
NORTH DAKOTA,38,MCLEAN,055,WEST CENTRAL,40,1991,100.0,200.0,1800.0,18.0,1
NORTH DAKOTA,38,MCLEAN,055,WEST CENTRAL,40,1992,100.0,200.0,700.0,7.0,1
NORTH DAKOTA,38,MCLEAN,055,WEST CENTRAL,40,1994,100.0,100.0,1000.0,10.0,1
NORTH DAKOTA,38,MCLEAN,055,WEST CENTRAL,40,1995,300.0,300.0,6000.0,20.0,1
NORTH DAKOTA,38,MCLEAN,055,WEST CENTRAL,40,1997,1000.0,1000.0,13500.0,13.5,1
NORTH DAKOTA,38,MCLEAN,055,WEST CENTRAL,40,1998,900.0,1100.0,24300.0,27.0,1
NORTH DAKOTA,38,MCLEAN,055,WEST CENTRAL,40,1999,900.0,1000.0,19500.0,21.7,1
NORTH DAKOTA,38,MCLEAN,055,WEST CENTRAL,40,2000,1400.0,1500.0,33000.0,23.6,1
NORTH DAKOTA,38,MCLEAN,055,WEST CENTRAL,40,2001,4000.0,4100.0,72000.0,18.0,1
NORTH DAKOTA,38,MCLEAN,055,WEST CENTRAL,40,2002,2200.0,2200.0,61000.0,27.7,1
NORTH DAKOTA,38,MCLEAN,055,WEST CENTRAL,40,2003,5900.0,5900.0,129000.0,21.9,1
NORTH DAKOTA,38,MCLEAN,055,WEST CENTRAL,40,2004,8600.0,10500.0,130000.0,15.1,1
NORTH DAKOTA,38,MCLEAN,055,WEST CENTRAL,40,2013,45300.0,45400.0,1756000.0,38.8,1
NORTH DAKOTA,38,MCLEAN,055,WEST CENTRAL,40,2014,80200.0,80600.0,2880000.0,35.9,1
NORTH DAKOTA,38,MCLEAN,055,WEST CENTRAL,40,2016,105300.0,106000.0,3914000.0,37.2,1
NORTH DAKOTA,38,MCLEAN,055,WEST CENTRAL,40,2018,167800.0,170000.0,4278000.0,25.5,1
NORTH DAKOTA,38,MCLEAN,055,WEST CENTRAL,40,2019,136000.0,139500.0,4610000.0,33.9,1
NORTH DAKOTA,38,MCLEAN,055,WEST CENTRAL,40,2020,169000.0,170000.0,5053000.0,29.9,1
NORTH DAKOTA,38,MCLEAN,055,WEST CENTRAL,40,2021,229500.0,234500.0,3236000.0,14.1,1
NORTH DAKOTA,38,MCLEAN,055,WEST CENTRAL,40,2022,152800.0,153500.0,4171000.0,27.3,1
NORTH DAKOTA,38,MCLEAN,055,WEST CENTRAL,40,2023,156900.0,158000.0,5774000.0,36.8,1
NORTH DAKOTA,38,MCLEAN,055,WEST CENTRAL,40,2024,187200.0,188000.0,6252000.0,33.4,1
NORTH DAKOTA,38,MCLEAN,055,WEST CENTRAL,40,2025,154100.0,155500.0,4885000.0,31.7,1
NORTH DAKOTA,38,MERCER,057,WEST CENTRAL,40,1992,100.0,100.0,700.0,7.0,1
NORTH DAKOTA,38,MERCER,057,WEST CENTRAL,40,2016,8000.0,8100.0,265000.0,33.1,1
NORTH DAKOTA,38,MERCER,057,WEST CENTRAL,40,2020,23900.0,24100.0,808000.0,33.8,1
NORTH DAKOTA,38,MERCER,057,WEST CENTRAL,40,2021,32900.0,36900.0,329000.0,10.0,1
NORTH DAKOTA,38,MORTON,059,SOUTH CENTRAL,80,1988,100.0,100.0,500.0,5.0,1
NORTH DAKOTA,38,MORTON,059,SOUTH CENTRAL,80,1989,,100.0,,,1
NORTH DAKOTA,38,MORTON,059,SOUTH CENTRAL,80,1990,,100.0,,,1
NORTH DAKOTA,38,MORTON,059,SOUTH CENTRAL,80,1994,,100.0,,,1
NORTH DAKOTA,38,MORTON,059,SOUTH CENTRAL,80,1999,800.0,800.0,15500.0,19.4,1
NORTH DAKOTA,38,MORTON,059,SOUTH CENTRAL,80,2000,1500.0,1500.0,43000.0,28.7,1
NORTH DAKOTA,38,MORTON,059,SOUTH CENTRAL,80,2001,1900.0,2000.0,60000.0,31.6,1
NORTH DAKOTA,38,MORTON,059,SOUTH CENTRAL,80,2002,2000.0,2100.0,37000.0,18.5,1
NORTH DAKOTA,38,MORTON,059,SOUTH CENTRAL,80,2003,1200.0,1300.0,15000.0,12.5,1
NORTH DAKOTA,38,MORTON,059,SOUTH CENTRAL,80,2012,6780.0,6800.0,224000.0,33.0,1
NORTH DAKOTA,38,MORTON,059,SOUTH CENTRAL,80,2016,16700.0,16800.0,724000.0,43.4,1
NORTH DAKOTA,38,MORTON,059,SOUTH CENTRAL,80,2020,62800.0,63200.0,1664000.0,26.5,1
NORTH DAKOTA,38,MORTON,059,SOUTH CENTRAL,80,2021,66200.0,73600.0,801000.0,12.1,1
NORTH DAKOTA,38,MORTON,059,SOUTH CENTRAL,80,2022,54400.0,54900.0,1507000.0,27.7,1
NORTH DAKOTA,38,MORTON,059,SOUTH CENTRAL,80,2023,53600.0,53900.0,1940000.0,36.2,1
NORTH DAKOTA,38,MORTON,059,SOUTH CENTRAL,80,2024,77900.0,78500.0,2798000.0,35.9,1
NORTH DAKOTA,38,MOUNTRAIL,061,NORTHWEST,10,1988,200.0,200.0,1000.0,5.0,1
NORTH DAKOTA,38,MOUNTRAIL,061,NORTHWEST,10,1989,400.0,500.0,2400.0,4.8,1
NORTH DAKOTA,38,MOUNTRAIL,061,NORTHWEST,10,1994,100.0,100.0,1000.0,10.0,1
NORTH DAKOTA,38,MOUNTRAIL,061,NORTHWEST,10,1995,100.0,200.0,2000.0,20.0,1
NORTH DAKOTA,38,MOUNTRAIL,061,NORTHWEST,10,2001,1300.0,1300.0,18000.0,13.8,1
NORTH DAKOTA,38,MOUNTRAIL,061,NORTHWEST,10,2002,1100.0,1100.0,21000.0,19.1,1
NORTH DAKOTA,38,MOUNTRAIL,061,NORTHWEST,10,2015,14700.0,14800.0,432000.0,29.4,1
NORTH DAKOTA,38,MOUNTRAIL,061,NORTHWEST,10,2017,48700.0,49500.0,1456000.0,29.9,1
NORTH DAKOTA,38,MOUNTRAIL,061,NORTHWEST,10,2018,73900.0,74500.0,1980000.0,26.8,1
NORTH DAKOTA,38,MOUNTRAIL,061,NORTHWEST,10,2019,60600.0,63000.0,1744000.0,28.8,1
NORTH DAKOTA,38,MOUNTRAIL,061,NORTHWEST,10,2020,85300.0,86000.0,2175000.0,25.5,1
NORTH DAKOTA,38,MOUNTRAIL,061,NORTHWEST,10,2021,92700.0,95000.0,1326000.0,14.3,1
NORTH DAKOTA,38,MOUNTRAIL,061,NORTHWEST,10,2022,75900.0,76500.0,1564000.0,20.6,1
NORTH DAKOTA,38,MOUNTRAIL,061,NORTHWEST,10,2024,71000.0,71500.0,1754000.0,24.7,1
NORTH DAKOTA,38,NELSON,063,NORTHEAST,30,1980,300.0,300.0,4100.0,13.7,1
NORTH DAKOTA,38,NELSON,063,NORTHEAST,30,1982,2000.0,2000.0,26000.0,13.0,1
NORTH DAKOTA,38,NELSON,063,NORTHEAST,30,1983,2600.0,2600.0,58500.0,22.5,1
NORTH DAKOTA,38,NELSON,063,NORTHEAST,30,1984,5300.0,5700.0,90100.0,17.0,1
NORTH DAKOTA,38,NELSON,063,NORTHEAST,30,1985,2700.0,3000.0,35000.0,11.7,1
NORTH DAKOTA,38,NELSON,063,NORTHEAST,30,1986,1600.0,1600.0,37600.0,23.5,1
NORTH DAKOTA,38,NELSON,063,NORTHEAST,30,1987,2000.0,2000.0,51000.0,25.5,1
NORTH DAKOTA,38,NELSON,063,NORTHEAST,30,1988,5700.0,6000.0,99800.0,16.6,1
NORTH DAKOTA,38,NELSON,063,NORTHEAST,30,1989,3300.0,3400.0,36300.0,11.0,1
NORTH DAKOTA,38,NELSON,063,NORTHEAST,30,1990,1200.0,1300.0,23400.0,19.5,1
NORTH DAKOTA,38,NELSON,063,NORTHEAST,30,1991,2000.0,2000.0,57400.0,28.7,1
NORTH DAKOTA,38,NELSON,063,NORTHEAST,30,1992,2000.0,2300.0,47200.0,23.6,1
NORTH DAKOTA,38,NELSON,063,NORTHEAST,30,1993,1900.0,2100.0,24200.0,12.7,1
NORTH DAKOTA,38,NELSON,063,NORTHEAST,30,1994,1100.0,1300.0,31500.0,28.6,1
NORTH DAKOTA,38,NELSON,063,NORTHEAST,30,1995,900.0,900.0,27000.0,30.0,1
NORTH DAKOTA,38,NELSON,063,NORTHEAST,30,1996,6000.0,6000.0,130600.0,21.8,1
NORTH DAKOTA,38,NELSON,063,NORTHEAST,30,1997,10000.0,10000.0,221500.0,22.2,1
NORTH DAKOTA,38,NELSON,063,NORTHEAST,30,1998,20000.0,20000.0,500000.0,25.0,1
NORTH DAKOTA,38,NELSON,063,NORTHEAST,30,1999,7900.0,8000.0,198500.0,25.1,1
NORTH DAKOTA,38,NELSON,063,NORTHEAST,30,2000,13300.0,16000.0,340000.0,25.6,1
NORTH DAKOTA,38,NELSON,063,NORTHEAST,30,2001,18900.0,19000.0,605000.0,32.0,1
NORTH DAKOTA,38,NELSON,063,NORTHEAST,30,2002,44500.0,45000.0,1305000.0,29.3,1
NORTH DAKOTA,38,NELSON,063,NORTHEAST,30,2003,67500.0,68000.0,1945000.0,28.8,1
NORTH DAKOTA,38,NELSON,063,NORTHEAST,30,2004,98500.0,103000.0,1292000.0,13.1,1
NORTH DAKOTA,38,NELSON,063,NORTHEAST,30,2005,60100.0,61000.0,1800000.0,30.0,1
NORTH DAKOTA,38,NELSON,063,NORTHEAST,30,2006,87400.0,88000.0,1950000.0,22.3,1
NORTH DAKOTA,38,NELSON,063,NORTHEAST,30,2007,61800.0,62000.0,2061000.0,33.3,1
NORTH DAKOTA,38,NELSON,063,NORTHEAST,30,2008,84600.0,86000.0,1850000.0,22.0,1
NORTH DAKOTA,38,NELSON,063,NORTHEAST,30,2009,83000.0,85000.0,2206000.0,26.5,1
NORTH DAKOTA,38,NELSON,063,NORTHEAST,30,2010,88900.0,89100.0,2781000.0,31.3,1
NORTH DAKOTA,38,NELSON,063,NORTHEAST,30,2011,95900.0,96000.0,2702000.0,28.2,1
NORTH DAKOTA,38,NELSON,063,NORTHEAST,30,2012,107200.0,108000.0,3492000.0,32.6,1
NORTH DAKOTA,38,NELSON,063,NORTHEAST,30,2013,118900.0,120000.0,3564000.0,30.0,1
NORTH DAKOTA,38,NELSON,063,NORTHEAST,30,2014,140000.0,140500.0,3933000.0,28.1,1
NORTH DAKOTA,38,NELSON,063,NORTHEAST,30,2015,133600.0,134000.0,3752000.0,28.1,1
NORTH DAKOTA,38,NELSON,063,NORTHEAST,30,2016,142200.0,144500.0,4919000.0,34.6,1
NORTH DAKOTA,38,NELSON,063,NORTHEAST,30,2017,155600.0,156000.0,5243000.0,33.7,1
NORTH DAKOTA,38,NELSON,063,NORTHEAST,30,2018,137000.0,138000.0,4438000.0,32.4,1
NORTH DAKOTA,38,NELSON,063,NORTHEAST,30,2019,118500.0,122000.0,3446000.0,29.1,1
NORTH DAKOTA,38,NELSON,063,NORTHEAST,30,2020,117700.0,118500.0,3896000.0,33.1,1
NORTH DAKOTA,38,NELSON,063,NORTHEAST,30,2021,152300.0,154000.0,4234000.0,27.8,1
NORTH DAKOTA,38,NELSON,063,NORTHEAST,30,2022,115000.0,115500.0,3784000.0,32.9,1
NORTH DAKOTA,38,NELSON,063,NORTHEAST,30,2023,134300.0,135000.0,4110000.0,30.6,1
NORTH DAKOTA,38,NELSON,063,NORTHEAST,30,2024,132400.0,133000.0,4780000.0,36.1,1
NORTH DAKOTA,38,NELSON,063,NORTHEAST,30,2025,142000.0,143500.0,4544000.0,32.0,1
NORTH DAKOTA,38,OLIVER,065,WEST CENTRAL,40,2004,700.0,800.0,14000.0,20.0,1
NORTH DAKOTA,38,OLIVER,065,WEST CENTRAL,40,2014,10700.0,10800.0,292000.0,27.3,1
NORTH DAKOTA,38,OLIVER,065,WEST CENTRAL,40,2016,13300.0,13400.0,572000.0,43.0,1
NORTH DAKOTA,38,OLIVER,065,WEST CENTRAL,40,2018,24600.0,24900.0,667000.0,27.1,1
NORTH DAKOTA,38,OLIVER,065,WEST CENTRAL,40,2019,21200.0,22100.0,765000.0,36.1,1
NORTH DAKOTA,38,OLIVER,065,WEST CENTRAL,40,2020,28900.0,29100.0,795000.0,27.5,1
NORTH DAKOTA,38,OLIVER,065,WEST CENTRAL,40,2021,29500.0,32300.0,319000.0,10.8,1
NORTH DAKOTA,38,OLIVER,065,WEST CENTRAL,40,2023,26300.0,26400.0,1132000.0,43.0,1
NORTH DAKOTA,38,OLIVER,065,WEST CENTRAL,40,2024,35600.0,35700.0,1253000.0,35.2,1
NORTH DAKOTA,38,OTHER (COMBINED) COUNTIES,,CENTRAL,50,1996,700.0,700.0,17300.0,24.7,1
NORTH DAKOTA,38,OTHER (COMBINED) COUNTIES,,CENTRAL,50,1999,1200.0,1200.0,36600.0,30.5,1
NORTH DAKOTA,38,OTHER (COMBINED) COUNTIES,,CENTRAL,50,2000,1700.0,2200.0,42000.0,24.7,1
NORTH DAKOTA,38,OTHER (COMBINED) COUNTIES,,CENTRAL,50,2008,33400.0,34000.0,703000.0,21.0,1
NORTH DAKOTA,38,OTHER (COMBINED) COUNTIES,,CENTRAL,50,2009,41100.0,42000.0,1081000.0,26.5,1
NORTH DAKOTA,38,OTHER (COMBINED) COUNTIES,,CENTRAL,50,2012,90400.0,91200.0,2693000.0,29.8,1
NORTH DAKOTA,38,OTHER (COMBINED) COUNTIES,,CENTRAL,50,2013,193300.0,193500.0,5745000.0,29.7,1
NORTH DAKOTA,38,OTHER (COMBINED) COUNTIES,,CENTRAL,50,2014,233000.0,234000.0,7545000.0,32.4,1
NORTH DAKOTA,38,OTHER (COMBINED) COUNTIES,,CENTRAL,50,2016,127000.0,129000.0,5257000.0,41.4,1
NORTH DAKOTA,38,OTHER (COMBINED) COUNTIES,,CENTRAL,50,2018,251900.0,254500.0,8613000.0,34.2,1
NORTH DAKOTA,38,OTHER (COMBINED) COUNTIES,,CENTRAL,50,2019,159000.0,168000.0,5416000.0,34.1,1
NORTH DAKOTA,38,OTHER (COMBINED) COUNTIES,,NORTH CENTRAL,20,1984,1000.0,1000.0,9000.0,9.0,1
NORTH DAKOTA,38,OTHER (COMBINED) COUNTIES,,NORTH CENTRAL,20,1996,100.0,100.0,2200.0,22.0,1
NORTH DAKOTA,38,OTHER (COMBINED) COUNTIES,,NORTH CENTRAL,20,1997,200.0,200.0,5000.0,25.0,1
NORTH DAKOTA,38,OTHER (COMBINED) COUNTIES,,NORTH CENTRAL,20,1998,700.0,800.0,17200.0,24.6,1
NORTH DAKOTA,38,OTHER (COMBINED) COUNTIES,,NORTH CENTRAL,20,1999,200.0,200.0,5100.0,25.5,1
NORTH DAKOTA,38,OTHER (COMBINED) COUNTIES,,NORTH CENTRAL,20,2000,1200.0,1200.0,34000.0,28.3,1
NORTH DAKOTA,38,OTHER (COMBINED) COUNTIES,,NORTH CENTRAL,20,2013,66200.0,66500.0,2403000.0,36.3,1
NORTH DAKOTA,38,OTHER (COMBINED) COUNTIES,,NORTH CENTRAL,20,2019,207500.0,213500.0,5723000.0,27.6,1
NORTH DAKOTA,38,OTHER (COMBINED) COUNTIES,,NORTHEAST,30,2019,221500.0,231500.0,5343000.0,24.1,1
NORTH DAKOTA,38,OTHER (COMBINED) COUNTIES,,NORTHWEST,10,1998,800.0,800.0,15900.0,19.9,1
NORTH DAKOTA,38,OTHER (COMBINED) COUNTIES,,NORTHWEST,10,2000,600.0,600.0,14000.0,23.3,1
NORTH DAKOTA,38,OTHER (COMBINED) COUNTIES,,NORTHWEST,10,2001,400.0,500.0,6000.0,15.0,1
NORTH DAKOTA,38,OTHER (COMBINED) COUNTIES,,NORTHWEST,10,2002,500.0,500.0,6000.0,12.0,1
NORTH DAKOTA,38,OTHER (COMBINED) COUNTIES,,NORTHWEST,10,2003,1300.0,1300.0,25000.0,19.2,1
NORTH DAKOTA,38,OTHER (COMBINED) COUNTIES,,NORTHWEST,10,2004,500.0,700.0,8000.0,16.0,1
NORTH DAKOTA,38,OTHER (COMBINED) COUNTIES,,NORTHWEST,10,2005,300.0,400.0,10000.0,33.3,1
NORTH DAKOTA,38,OTHER (COMBINED) COUNTIES,,NORTHWEST,10,2006,300.0,500.0,10000.0,33.3,1
NORTH DAKOTA,38,OTHER (COMBINED) COUNTIES,,NORTHWEST,10,2007,500.0,600.0,16000.0,32.0,1
NORTH DAKOTA,38,OTHER (COMBINED) COUNTIES,,NORTHWEST,10,2008,2300.0,2500.0,66000.0,28.5,1
NORTH DAKOTA,38,OTHER (COMBINED) COUNTIES,,NORTHWEST,10,2010,1200.0,1600.0,38000.0,31.7,1
NORTH DAKOTA,38,OTHER (COMBINED) COUNTIES,,NORTHWEST,10,2011,15500.0,17300.0,430000.0,27.7,1
NORTH DAKOTA,38,OTHER (COMBINED) COUNTIES,,NORTHWEST,10,2012,2420.0,2500.0,60800.0,25.1,1
NORTH DAKOTA,38,OTHER (COMBINED) COUNTIES,,NORTHWEST,10,2014,14300.0,14800.0,483000.0,33.8,1
NORTH DAKOTA,38,OTHER (COMBINED) COUNTIES,,NORTHWEST,10,2015,34800.0,35500.0,797000.0,22.9,1
NORTH DAKOTA,38,OTHER (COMBINED) COUNTIES,,NORTHWEST,10,2016,45800.0,47300.0,1398000.0,30.5,1
NORTH DAKOTA,38,OTHER (COMBINED) COUNTIES,,NORTHWEST,10,2017,65000.0,66000.0,1289000.0,19.8,1
NORTH DAKOTA,38,OTHER (COMBINED) COUNTIES,,NORTHWEST,10,2018,38400.0,43000.0,717000.0,18.7,1
NORTH DAKOTA,38,OTHER (COMBINED) COUNTIES,,NORTHWEST,10,2019,51200.0,57000.0,1452000.0,28.4,1
NORTH DAKOTA,38,OTHER (COMBINED) COUNTIES,,SOUTH CENTRAL,80,1991,,100.0,,,1
NORTH DAKOTA,38,OTHER (COMBINED) COUNTIES,,SOUTH CENTRAL,80,1997,800.0,900.0,15400.0,19.3,1
NORTH DAKOTA,38,OTHER (COMBINED) COUNTIES,,SOUTH CENTRAL,80,1998,800.0,800.0,19500.0,24.4,1
NORTH DAKOTA,38,OTHER (COMBINED) COUNTIES,,SOUTH CENTRAL,80,2002,1200.0,1200.0,48000.0,40.0,1
NORTH DAKOTA,38,OTHER (COMBINED) COUNTIES,,SOUTH CENTRAL,80,2003,1700.0,1800.0,26000.0,15.3,1
NORTH DAKOTA,38,OTHER (COMBINED) COUNTIES,,SOUTH CENTRAL,80,2004,2000.0,2000.0,35000.0,17.5,1
NORTH DAKOTA,38,OTHER (COMBINED) COUNTIES,,SOUTH CENTRAL,80,2005,800.0,900.0,23000.0,28.8,1
NORTH DAKOTA,38,OTHER (COMBINED) COUNTIES,,SOUTH CENTRAL,80,2006,1500.0,2100.0,17000.0,11.3,1
NORTH DAKOTA,38,OTHER (COMBINED) COUNTIES,,SOUTH CENTRAL,80,2007,600.0,600.0,13000.0,21.7,1
NORTH DAKOTA,38,OTHER (COMBINED) COUNTIES,,SOUTH CENTRAL,80,2008,10600.0,11000.0,175000.0,16.5,1
NORTH DAKOTA,38,OTHER (COMBINED) COUNTIES,,SOUTH CENTRAL,80,2009,33200.0,33600.0,1075000.0,32.5,1
NORTH DAKOTA,38,OTHER (COMBINED) COUNTIES,,SOUTH CENTRAL,80,2010,4720.0,4800.0,135000.0,28.6,1
NORTH DAKOTA,38,OTHER (COMBINED) COUNTIES,,SOUTH CENTRAL,80,2011,4000.0,4500.0,116000.0,29.0,1
NORTH DAKOTA,38,OTHER (COMBINED) COUNTIES,,SOUTH CENTRAL,80,2012,2120.0,2200.0,51000.0,24.1,1
NORTH DAKOTA,38,OTHER (COMBINED) COUNTIES,,SOUTH CENTRAL,80,2013,56000.0,56300.0,1381000.0,24.7,1
NORTH DAKOTA,38,OTHER (COMBINED) COUNTIES,,SOUTH CENTRAL,80,2014,74300.0,74700.0,2327000.0,31.3,1
NORTH DAKOTA,38,OTHER (COMBINED) COUNTIES,,SOUTH CENTRAL,80,2015,83600.0,84300.0,2331000.0,27.9,1
NORTH DAKOTA,38,OTHER (COMBINED) COUNTIES,,SOUTH CENTRAL,80,2016,78500.0,80000.0,3399000.0,43.3,1
NORTH DAKOTA,38,OTHER (COMBINED) COUNTIES,,SOUTH CENTRAL,80,2017,47700.0,49500.0,1178000.0,24.7,1
NORTH DAKOTA,38,OTHER (COMBINED) COUNTIES,,SOUTH CENTRAL,80,2018,79300.0,81000.0,2141000.0,27.0,1
NORTH DAKOTA,38,OTHER (COMBINED) COUNTIES,,SOUTH CENTRAL,80,2019,123800.0,135000.0,3767000.0,30.4,1
NORTH DAKOTA,38,OTHER (COMBINED) COUNTIES,,SOUTHEAST,90,2012,187300.0,188500.0,4910000.0,26.2,1
NORTH DAKOTA,38,OTHER (COMBINED) COUNTIES,,SOUTHEAST,90,2013,242000.0,243000.0,6493000.0,26.8,1
NORTH DAKOTA,38,OTHER (COMBINED) COUNTIES,,SOUTHEAST,90,2014,226500.0,228000.0,7044000.0,31.1,1
NORTH DAKOTA,38,OTHER (COMBINED) COUNTIES,,SOUTHEAST,90,2015,211400.0,212500.0,6294000.0,29.8,1
NORTH DAKOTA,38,OTHER (COMBINED) COUNTIES,,SOUTHEAST,90,2018,248400.0,251500.0,8989000.0,36.2,1
NORTH DAKOTA,38,OTHER (COMBINED) COUNTIES,,SOUTHEAST,90,2019,195000.0,204000.0,6022000.0,30.9,1
NORTH DAKOTA,38,OTHER (COMBINED) COUNTIES,,SOUTHWEST,70,1996,100.0,100.0,2500.0,25.0,1
NORTH DAKOTA,38,OTHER (COMBINED) COUNTIES,,SOUTHWEST,70,1998,300.0,500.0,7400.0,24.7,1
NORTH DAKOTA,38,OTHER (COMBINED) COUNTIES,,SOUTHWEST,70,2000,1000.0,1000.0,22700.0,22.7,1
NORTH DAKOTA,38,OTHER (COMBINED) COUNTIES,,SOUTHWEST,70,2001,600.0,1000.0,15000.0,25.0,1
NORTH DAKOTA,38,OTHER (COMBINED) COUNTIES,,SOUTHWEST,70,2002,400.0,500.0,7000.0,17.5,1
NORTH DAKOTA,38,OTHER (COMBINED) COUNTIES,,SOUTHWEST,70,2003,500.0,500.0,7000.0,14.0,1
NORTH DAKOTA,38,OTHER (COMBINED) COUNTIES,,SOUTHWEST,70,2004,500.0,500.0,7000.0,14.0,1
NORTH DAKOTA,38,OTHER (COMBINED) COUNTIES,,SOUTHWEST,70,2014,7600.0,8000.0,168000.0,22.1,1
NORTH DAKOTA,38,OTHER (COMBINED) COUNTIES,,SOUTHWEST,70,2016,4000.0,4500.0,112000.0,28.0,1
NORTH DAKOTA,38,OTHER (COMBINED) COUNTIES,,SOUTHWEST,70,2017,4200.0,5200.0,88000.0,21.0,1
NORTH DAKOTA,38,OTHER (COMBINED) COUNTIES,,SOUTHWEST,70,2018,21500.0,23500.0,496000.0,23.1,1
NORTH DAKOTA,38,OTHER (COMBINED) COUNTIES,,SOUTHWEST,70,2019,3700.0,4000.0,99000.0,26.8,1
NORTH DAKOTA,38,OTHER (COMBINED) COUNTIES,,WEST CENTRAL,40,1997,300.0,300.0,5100.0,17.0,1
NORTH DAKOTA,38,OTHER (COMBINED) COUNTIES,,WEST CENTRAL,40,1998,500.0,600.0,14600.0,29.2,1
NORTH DAKOTA,38,OTHER (COMBINED) COUNTIES,,WEST CENTRAL,40,1999,300.0,300.0,6000.0,20.0,1
NORTH DAKOTA,38,OTHER (COMBINED) COUNTIES,,WEST CENTRAL,40,2000,400.0,400.0,8000.0,20.0,1
NORTH DAKOTA,38,OTHER (COMBINED) COUNTIES,,WEST CENTRAL,40,2001,1400.0,1400.0,38000.0,27.1,1
NORTH DAKOTA,38,OTHER (COMBINED) COUNTIES,,WEST CENTRAL,40,2002,600.0,800.0,12000.0,20.0,1
NORTH DAKOTA,38,OTHER (COMBINED) COUNTIES,,WEST CENTRAL,40,2003,500.0,600.0,11000.0,22.0,1
NORTH DAKOTA,38,OTHER (COMBINED) COUNTIES,,WEST CENTRAL,40,2004,200.0,200.0,3000.0,15.0,1
NORTH DAKOTA,38,OTHER (COMBINED) COUNTIES,,WEST CENTRAL,40,2013,6760.0,6800.0,242000.0,35.8,1
NORTH DAKOTA,38,OTHER (COMBINED) COUNTIES,,WEST CENTRAL,40,2014,11400.0,11600.0,398000.0,34.9,1
NORTH DAKOTA,38,OTHER (COMBINED) COUNTIES,,WEST CENTRAL,40,2016,1900.0,2000.0,81000.0,42.6,1
NORTH DAKOTA,38,OTHER (COMBINED) COUNTIES,,WEST CENTRAL,40,2017,183500.0,185300.0,5113500.0,27.9,1
NORTH DAKOTA,38,OTHER (COMBINED) COUNTIES,,WEST CENTRAL,40,2018,18400.0,18800.0,449000.0,24.4,1
NORTH DAKOTA,38,OTHER (COMBINED) COUNTIES,,WEST CENTRAL,40,2019,13700.0,14500.0,489000.0,35.7,1
NORTH DAKOTA,38,OTHER COUNTIES,,,99,2020,44750.0,46300.0,1009700.0,22.6,1
NORTH DAKOTA,38,OTHER COUNTIES,,,99,2021,48700.0,50300.0,770000.0,15.8,1
NORTH DAKOTA,38,OTHER COUNTIES,,,99,2022,107780.0,108800.0,2608900.0,24.2,1
NORTH DAKOTA,38,OTHER COUNTIES,,,99,2023,174630.0,182200.0,5360100.0,30.7,1
NORTH DAKOTA,38,OTHER COUNTIES,,,99,2024,200950.0,206700.0,5362000.0,26.7,1
NORTH DAKOTA,38,OTHER COUNTIES,,,99,2025,795820.0,802800.0,26134900.0,32.8,1
NORTH DAKOTA,38,PEMBINA,067,NORTHEAST,30,1980,1500.0,1500.0,35700.0,23.8,1
NORTH DAKOTA,38,PEMBINA,067,NORTHEAST,30,1981,9000.0,9500.0,220500.0,23.2,1
NORTH DAKOTA,38,PEMBINA,067,NORTHEAST,30,1982,22000.0,23000.0,363000.0,16.5,1
NORTH DAKOTA,38,PEMBINA,067,NORTHEAST,30,1983,36000.0,36000.0,792000.0,22.0,1
NORTH DAKOTA,38,PEMBINA,067,NORTHEAST,30,1984,33000.0,33500.0,759000.0,23.0,1
NORTH DAKOTA,38,PEMBINA,067,NORTHEAST,30,1985,16500.0,17500.0,297000.0,17.0,1
NORTH DAKOTA,38,PEMBINA,067,NORTHEAST,30,1986,9000.0,9000.0,243000.0,27.0,1
NORTH DAKOTA,38,PEMBINA,067,NORTHEAST,30,1987,13000.0,13000.0,403000.0,31.0,1
NORTH DAKOTA,38,PEMBINA,067,NORTHEAST,30,1988,19500.0,21000.0,263300.0,13.5,1
NORTH DAKOTA,38,PEMBINA,067,NORTHEAST,30,1989,8000.0,8000.0,144000.0,18.0,1
NORTH DAKOTA,38,PEMBINA,067,NORTHEAST,30,1990,2700.0,3100.0,51300.0,19.0,1
NORTH DAKOTA,38,PEMBINA,067,NORTHEAST,30,1991,3700.0,3700.0,102200.0,27.6,1
NORTH DAKOTA,38,PEMBINA,067,NORTHEAST,30,1992,3700.0,4400.0,70400.0,19.0,1
NORTH DAKOTA,38,PEMBINA,067,NORTHEAST,30,1993,3300.0,3800.0,53600.0,16.2,1
NORTH DAKOTA,38,PEMBINA,067,NORTHEAST,30,1994,4200.0,5600.0,115500.0,27.5,1
NORTH DAKOTA,38,PEMBINA,067,NORTHEAST,30,1995,3900.0,4000.0,125000.0,32.1,1
NORTH DAKOTA,38,PEMBINA,067,NORTHEAST,30,1996,4200.0,4200.0,115400.0,27.5,1
NORTH DAKOTA,38,PEMBINA,067,NORTHEAST,30,1997,18200.0,18500.0,474700.0,26.1,1
NORTH DAKOTA,38,PEMBINA,067,NORTHEAST,30,1998,52800.0,53000.0,1607600.0,30.4,1
NORTH DAKOTA,38,PEMBINA,067,NORTHEAST,30,1999,39800.0,40000.0,1238000.0,31.1,1
NORTH DAKOTA,38,PEMBINA,067,NORTHEAST,30,2000,40600.0,42000.0,1280000.0,31.5,1
NORTH DAKOTA,38,PEMBINA,067,NORTHEAST,30,2001,36100.0,38000.0,1143000.0,31.7,1
NORTH DAKOTA,38,PEMBINA,067,NORTHEAST,30,2002,44500.0,47000.0,1470000.0,33.0,1
NORTH DAKOTA,38,PEMBINA,067,NORTHEAST,30,2003,71500.0,72000.0,2260000.0,31.6,1
NORTH DAKOTA,38,PEMBINA,067,NORTHEAST,30,2004,64000.0,95000.0,1056000.0,16.5,1
NORTH DAKOTA,38,PEMBINA,067,NORTHEAST,30,2005,42000.0,44000.0,1175000.0,28.0,1
NORTH DAKOTA,38,PEMBINA,067,NORTHEAST,30,2006,89800.0,90000.0,3012000.0,33.5,1
NORTH DAKOTA,38,PEMBINA,067,NORTHEAST,30,2007,78200.0,79000.0,3096000.0,39.6,1
NORTH DAKOTA,38,PEMBINA,067,NORTHEAST,30,2008,97900.0,101000.0,2857000.0,29.0,1
NORTH DAKOTA,38,PEMBINA,067,NORTHEAST,30,2009,94600.0,95000.0,2433000.0,25.5,1
NORTH DAKOTA,38,PEMBINA,067,NORTHEAST,30,2010,97300.0,98000.0,3250000.0,33.4,1
NORTH DAKOTA,38,PEMBINA,067,NORTHEAST,30,2011,113500.0,114000.0,3194000.0,28.1,1
NORTH DAKOTA,38,PEMBINA,067,NORTHEAST,30,2012,123500.0,124000.0,4620000.0,37.4,1
NORTH DAKOTA,38,PEMBINA,067,NORTHEAST,30,2013,118600.0,119000.0,3990000.0,33.6,1
NORTH DAKOTA,38,PEMBINA,067,NORTHEAST,30,2014,157700.0,159000.0,4837000.0,30.7,1
NORTH DAKOTA,38,PEMBINA,067,NORTHEAST,30,2015,147500.0,148000.0,5394000.0,36.6,1
NORTH DAKOTA,38,PEMBINA,067,NORTHEAST,30,2016,175200.0,177500.0,6535000.0,37.3,1
NORTH DAKOTA,38,PEMBINA,067,NORTHEAST,30,2017,209000.0,211000.0,7195000.0,34.4,1
NORTH DAKOTA,38,PEMBINA,067,NORTHEAST,30,2018,161200.0,162000.0,5141000.0,31.9,1
NORTH DAKOTA,38,PEMBINA,067,NORTHEAST,30,2019,123000.0,128000.0,2680000.0,21.8,1
NORTH DAKOTA,38,PEMBINA,067,NORTHEAST,30,2020,118600.0,119500.0,4685000.0,39.5,1
NORTH DAKOTA,38,PEMBINA,067,NORTHEAST,30,2021,145400.0,147000.0,4246000.0,29.2,1
NORTH DAKOTA,38,PEMBINA,067,NORTHEAST,30,2022,107900.0,108500.0,4823000.0,44.7,1
NORTH DAKOTA,38,PEMBINA,067,NORTHEAST,30,2023,120900.0,121500.0,3941000.0,32.6,1
NORTH DAKOTA,38,PEMBINA,067,NORTHEAST,30,2024,121500.0,122000.0,5103000.0,42.0,1
NORTH DAKOTA,38,PEMBINA,067,NORTHEAST,30,2025,126900.0,128000.0,4695000.0,37.0,1
NORTH DAKOTA,38,PIERCE,069,NORTH CENTRAL,20,1988,400.0,400.0,2800.0,7.0,1
NORTH DAKOTA,38,PIERCE,069,NORTH CENTRAL,20,1989,200.0,200.0,1500.0,7.5,1
NORTH DAKOTA,38,PIERCE,069,NORTH CENTRAL,20,1990,100.0,100.0,1500.0,15.0,1
NORTH DAKOTA,38,PIERCE,069,NORTH CENTRAL,20,1998,2600.0,2600.0,59200.0,22.8,1
NORTH DAKOTA,38,PIERCE,069,NORTH CENTRAL,20,1999,1500.0,1500.0,41100.0,27.4,1
NORTH DAKOTA,38,PIERCE,069,NORTH CENTRAL,20,2001,3900.0,3900.0,107000.0,27.4,1
NORTH DAKOTA,38,PIERCE,069,NORTH CENTRAL,20,2002,11800.0,12000.0,310000.0,26.3,1
NORTH DAKOTA,38,PIERCE,069,NORTH CENTRAL,20,2003,21400.0,21500.0,447000.0,20.9,1
NORTH DAKOTA,38,PIERCE,069,NORTH CENTRAL,20,2004,26000.0,29000.0,409000.0,15.7,1
NORTH DAKOTA,38,PIERCE,069,NORTH CENTRAL,20,2005,21600.0,22000.0,720000.0,33.3,1
NORTH DAKOTA,38,PIERCE,069,NORTH CENTRAL,20,2006,36100.0,36500.0,849000.0,23.5,1
NORTH DAKOTA,38,PIERCE,069,NORTH CENTRAL,20,2007,36900.0,37000.0,1142000.0,30.9,1
NORTH DAKOTA,38,PIERCE,069,NORTH CENTRAL,20,2008,47100.0,47500.0,1158000.0,24.5,1
NORTH DAKOTA,38,PIERCE,069,NORTH CENTRAL,20,2009,53400.0,54000.0,1373000.0,25.5,1
NORTH DAKOTA,38,PIERCE,069,NORTH CENTRAL,20,2010,63700.0,64100.0,2165000.0,34.0,1
NORTH DAKOTA,38,PIERCE,069,NORTH CENTRAL,20,2011,64300.0,64500.0,2080000.0,32.3,1
NORTH DAKOTA,38,PIERCE,069,NORTH CENTRAL,20,2012,91100.0,91800.0,2771000.0,30.4,1
NORTH DAKOTA,38,PIERCE,069,NORTH CENTRAL,20,2013,80700.0,81300.0,2797000.0,34.7,1
NORTH DAKOTA,38,PIERCE,069,NORTH CENTRAL,20,2014,122000.0,122500.0,3828000.0,31.4,1
NORTH DAKOTA,38,PIERCE,069,NORTH CENTRAL,20,2015,115000.0,115500.0,3096000.0,26.9,1
NORTH DAKOTA,38,PIERCE,069,NORTH CENTRAL,20,2016,116800.0,118000.0,4226000.0,36.2,1
NORTH DAKOTA,38,PIERCE,069,NORTH CENTRAL,20,2017,129400.0,131500.0,4392000.0,33.9,1
NORTH DAKOTA,38,PIERCE,069,NORTH CENTRAL,20,2018,126100.0,127000.0,3611000.0,28.6,1
NORTH DAKOTA,38,PIERCE,069,NORTH CENTRAL,20,2019,110000.0,113500.0,3330000.0,30.3,1
NORTH DAKOTA,38,PIERCE,069,NORTH CENTRAL,20,2020,119700.0,120500.0,3663000.0,30.6,1
NORTH DAKOTA,38,PIERCE,069,NORTH CENTRAL,20,2021,132900.0,136500.0,2113000.0,15.9,1
NORTH DAKOTA,38,PIERCE,069,NORTH CENTRAL,20,2022,111700.0,112500.0,3910000.0,35.0,1
NORTH DAKOTA,38,PIERCE,069,NORTH CENTRAL,20,2023,125400.0,126000.0,3323000.0,26.5,1
NORTH DAKOTA,38,PIERCE,069,NORTH CENTRAL,20,2024,129000.0,129500.0,5070000.0,39.3,1
NORTH DAKOTA,38,PIERCE,069,NORTH CENTRAL,20,2025,133600.0,134500.0,4997000.0,37.4,1
NORTH DAKOTA,38,RAMSEY,071,NORTHEAST,30,1982,600.0,600.0,6900.0,11.5,1
NORTH DAKOTA,38,RAMSEY,071,NORTHEAST,30,1983,1000.0,1000.0,17500.0,17.5,1
NORTH DAKOTA,38,RAMSEY,071,NORTHEAST,30,1984,2300.0,2300.0,34500.0,15.0,1
NORTH DAKOTA,38,RAMSEY,071,NORTHEAST,30,1985,700.0,1100.0,5600.0,5.1,1
NORTH DAKOTA,38,RAMSEY,071,NORTHEAST,30,1986,400.0,400.0,7400.0,18.5,1
NORTH DAKOTA,38,RAMSEY,071,NORTHEAST,30,1987,2000.0,2000.0,51000.0,25.5,1
NORTH DAKOTA,38,RAMSEY,071,NORTHEAST,30,1988,4200.0,5000.0,37800.0,7.6,1
NORTH DAKOTA,38,RAMSEY,071,NORTHEAST,30,1989,1700.0,1900.0,15300.0,8.1,1
NORTH DAKOTA,38,RAMSEY,071,NORTHEAST,30,1990,100.0,200.0,1800.0,18.0,1
NORTH DAKOTA,38,RAMSEY,071,NORTHEAST,30,1991,600.0,700.0,12900.0,21.5,1
NORTH DAKOTA,38,RAMSEY,071,NORTHEAST,30,1992,1300.0,2000.0,16000.0,12.3,1
NORTH DAKOTA,38,RAMSEY,071,NORTHEAST,30,1993,200.0,300.0,3300.0,16.5,1
NORTH DAKOTA,38,RAMSEY,071,NORTHEAST,30,1997,2400.0,2500.0,62000.0,25.8,1
NORTH DAKOTA,38,RAMSEY,071,NORTHEAST,30,1998,10900.0,11000.0,246100.0,22.6,1
NORTH DAKOTA,38,RAMSEY,071,NORTHEAST,30,1999,2600.0,2600.0,59400.0,22.8,1
NORTH DAKOTA,38,RAMSEY,071,NORTHEAST,30,2000,5800.0,5900.0,141000.0,24.3,1
NORTH DAKOTA,38,RAMSEY,071,NORTHEAST,30,2001,17600.0,18000.0,501000.0,28.5,1
NORTH DAKOTA,38,RAMSEY,071,NORTHEAST,30,2002,51500.0,53000.0,1385000.0,26.9,1
NORTH DAKOTA,38,RAMSEY,071,NORTHEAST,30,2003,67500.0,69000.0,1720000.0,25.5,1
NORTH DAKOTA,38,RAMSEY,071,NORTHEAST,30,2004,94000.0,112000.0,1077000.0,11.5,1
NORTH DAKOTA,38,RAMSEY,071,NORTHEAST,30,2005,75200.0,80000.0,2129000.0,28.3,1
NORTH DAKOTA,38,RAMSEY,071,NORTHEAST,30,2006,89500.0,90000.0,2150000.0,24.0,1
NORTH DAKOTA,38,RAMSEY,071,NORTHEAST,30,2007,62500.0,63000.0,2161000.0,34.6,1
NORTH DAKOTA,38,RAMSEY,071,NORTHEAST,30,2008,88900.0,92000.0,2165000.0,24.5,1
NORTH DAKOTA,38,RAMSEY,071,NORTHEAST,30,2009,66700.0,68000.0,1840000.0,27.5,1
NORTH DAKOTA,38,RAMSEY,071,NORTHEAST,30,2010,97500.0,99000.0,2930000.0,30.1,1
NORTH DAKOTA,38,RAMSEY,071,NORTHEAST,30,2011,114400.0,115000.0,3231000.0,28.2,1
NORTH DAKOTA,38,RAMSEY,071,NORTHEAST,30,2012,139600.0,140000.0,5702000.0,40.8,1
NORTH DAKOTA,38,RAMSEY,071,NORTHEAST,30,2013,95600.0,96000.0,3188000.0,33.3,1
NORTH DAKOTA,38,RAMSEY,071,NORTHEAST,30,2014,139500.0,140000.0,4209000.0,30.2,1
NORTH DAKOTA,38,RAMSEY,071,NORTHEAST,30,2015,137600.0,138000.0,3421000.0,24.9,1
NORTH DAKOTA,38,RAMSEY,071,NORTHEAST,30,2016,153800.0,155000.0,5166000.0,33.6,1
NORTH DAKOTA,38,RAMSEY,071,NORTHEAST,30,2017,179600.0,180000.0,5841000.0,32.5,1
NORTH DAKOTA,38,RAMSEY,071,NORTHEAST,30,2018,167200.0,168000.0,5081000.0,30.4,1
NORTH DAKOTA,38,RAMSEY,071,NORTHEAST,30,2020,113200.0,114000.0,3792000.0,33.5,1
NORTH DAKOTA,38,RAMSEY,071,NORTHEAST,30,2021,165600.0,167500.0,5233000.0,31.6,1
NORTH DAKOTA,38,RAMSEY,071,NORTHEAST,30,2022,120100.0,120500.0,4047000.0,33.7,1
NORTH DAKOTA,38,RAMSEY,071,NORTHEAST,30,2023,146700.0,147500.0,3506000.0,23.9,1
NORTH DAKOTA,38,RAMSEY,071,NORTHEAST,30,2024,135400.0,136000.0,5226000.0,38.6,1
NORTH DAKOTA,38,RAMSEY,071,NORTHEAST,30,2025,176300.0,178000.0,5360000.0,30.4,1
NORTH DAKOTA,38,RANSOM,073,SOUTHEAST,90,1980,5000.0,6500.0,57200.0,8.8,1
NORTH DAKOTA,38,RANSOM,073,SOUTHEAST,90,1981,5300.0,5300.0,129900.0,24.5,1
NORTH DAKOTA,38,RANSOM,073,SOUTHEAST,90,1982,6800.0,7000.0,108800.0,15.5,1
NORTH DAKOTA,38,RANSOM,073,SOUTHEAST,90,1983,6200.0,6200.0,136400.0,22.0,1
NORTH DAKOTA,38,RANSOM,073,SOUTHEAST,90,1984,11700.0,12200.0,234000.0,19.2,1
NORTH DAKOTA,38,RANSOM,073,SOUTHEAST,90,1985,6900.0,7000.0,165700.0,23.7,1
NORTH DAKOTA,38,RANSOM,073,SOUTHEAST,90,1986,4500.0,5000.0,146400.0,32.5,1
NORTH DAKOTA,38,RANSOM,073,SOUTHEAST,90,1987,6800.0,7000.0,211000.0,31.0,1
NORTH DAKOTA,38,RANSOM,073,SOUTHEAST,90,1988,11400.0,12500.0,171000.0,13.7,1
NORTH DAKOTA,38,RANSOM,073,SOUTHEAST,90,1989,11600.0,12000.0,260700.0,21.7,1
NORTH DAKOTA,38,RANSOM,073,SOUTHEAST,90,1990,8700.0,9700.0,200100.0,23.0,1
NORTH DAKOTA,38,RANSOM,073,SOUTHEAST,90,1991,15400.0,15500.0,411500.0,26.7,1
NORTH DAKOTA,38,RANSOM,073,SOUTHEAST,90,1992,16800.0,17000.0,381900.0,22.7,1
NORTH DAKOTA,38,RANSOM,073,SOUTHEAST,90,1993,9000.0,10000.0,156700.0,17.4,1
NORTH DAKOTA,38,RANSOM,073,SOUTHEAST,90,1994,10400.0,11000.0,347300.0,33.4,1
NORTH DAKOTA,38,RANSOM,073,SOUTHEAST,90,1995,14300.0,15000.0,386100.0,27.0,1
NORTH DAKOTA,38,RANSOM,073,SOUTHEAST,90,1996,20900.0,21000.0,590000.0,28.2,1
NORTH DAKOTA,38,RANSOM,073,SOUTHEAST,90,1997,36500.0,37000.0,1123100.0,30.8,1
NORTH DAKOTA,38,RANSOM,073,SOUTHEAST,90,1998,41800.0,42000.0,1422000.0,34.0,1
NORTH DAKOTA,38,RANSOM,073,SOUTHEAST,90,1999,46000.0,47000.0,1650000.0,35.9,1
NORTH DAKOTA,38,RANSOM,073,SOUTHEAST,90,2000,74000.0,75000.0,2407000.0,32.5,1
NORTH DAKOTA,38,RANSOM,073,SOUTHEAST,90,2001,75900.0,76000.0,2667000.0,35.1,1
NORTH DAKOTA,38,RANSOM,073,SOUTHEAST,90,2002,90500.0,91000.0,3050000.0,33.7,1
NORTH DAKOTA,38,RANSOM,073,SOUTHEAST,90,2003,104500.0,105000.0,3490000.0,33.4,1
NORTH DAKOTA,38,RANSOM,073,SOUTHEAST,90,2004,111600.0,112000.0,3455000.0,31.0,1
NORTH DAKOTA,38,RANSOM,073,SOUTHEAST,90,2005,91400.0,93000.0,3826000.0,41.9,1
NORTH DAKOTA,38,RANSOM,073,SOUTHEAST,90,2006,114800.0,115000.0,4402000.0,38.3,1
NORTH DAKOTA,38,RANSOM,073,SOUTHEAST,90,2007,83900.0,85000.0,3086000.0,36.8,1
NORTH DAKOTA,38,RANSOM,073,SOUTHEAST,90,2008,111200.0,112000.0,3374000.0,30.5,1
NORTH DAKOTA,38,RANSOM,073,SOUTHEAST,90,2009,112300.0,113000.0,3769000.0,33.5,1
NORTH DAKOTA,38,RANSOM,073,SOUTHEAST,90,2010,104500.0,106000.0,3800000.0,36.4,1
NORTH DAKOTA,38,RANSOM,073,SOUTHEAST,90,2011,96800.0,98500.0,3281000.0,33.9,1
NORTH DAKOTA,38,RANSOM,073,SOUTHEAST,90,2012,121900.0,122000.0,5156000.0,42.3,1
NORTH DAKOTA,38,RANSOM,073,SOUTHEAST,90,2014,141500.0,142000.0,5856000.0,41.4,1
NORTH DAKOTA,38,RANSOM,073,SOUTHEAST,90,2015,132400.0,133000.0,5028000.0,38.0,1
NORTH DAKOTA,38,RANSOM,073,SOUTHEAST,90,2016,141900.0,143000.0,6993000.0,49.3,1
NORTH DAKOTA,38,RANSOM,073,SOUTHEAST,90,2017,152000.0,152500.0,6709000.0,44.1,1
NORTH DAKOTA,38,RANSOM,073,SOUTHEAST,90,2018,149100.0,150000.0,6901000.0,46.3,1
NORTH DAKOTA,38,RANSOM,073,SOUTHEAST,90,2019,106500.0,108000.0,4291000.0,40.3,1
NORTH DAKOTA,38,RANSOM,073,SOUTHEAST,90,2020,107200.0,108000.0,4685000.0,43.7,1
NORTH DAKOTA,38,RANSOM,073,SOUTHEAST,90,2021,145400.0,147000.0,5074000.0,34.9,1
NORTH DAKOTA,38,RANSOM,073,SOUTHEAST,90,2022,112300.0,112500.0,4806000.0,42.8,1
NORTH DAKOTA,38,RANSOM,073,SOUTHEAST,90,2023,135400.0,136000.0,5551000.0,41.0,1
NORTH DAKOTA,38,RANSOM,073,SOUTHEAST,90,2024,129500.0,130000.0,5361000.0,41.4,1
NORTH DAKOTA,38,RANSOM,073,SOUTHEAST,90,2025,133100.0,135000.0,5257000.0,39.5,1
NORTH DAKOTA,38,RENVILLE,075,NORTHWEST,10,1992,100.0,100.0,900.0,9.0,1
NORTH DAKOTA,38,RENVILLE,075,NORTHWEST,10,2000,1900.0,2000.0,49000.0,25.8,1
NORTH DAKOTA,38,RENVILLE,075,NORTHWEST,10,2001,2100.0,2200.0,38000.0,18.1,1
NORTH DAKOTA,38,RENVILLE,075,NORTHWEST,10,2002,3200.0,3300.0,75000.0,23.4,1
NORTH DAKOTA,38,RENVILLE,075,NORTHWEST,10,2003,4200.0,4200.0,82000.0,19.5,1
NORTH DAKOTA,38,RENVILLE,075,NORTHWEST,10,2004,2000.0,3600.0,22000.0,11.0,1
NORTH DAKOTA,38,RENVILLE,075,NORTHWEST,10,2005,2600.0,2700.0,74000.0,28.5,1
NORTH DAKOTA,38,RENVILLE,075,NORTHWEST,10,2006,5400.0,5500.0,114000.0,21.1,1
NORTH DAKOTA,38,RENVILLE,075,NORTHWEST,10,2007,2100.0,2200.0,59000.0,28.1,1
NORTH DAKOTA,38,RENVILLE,075,NORTHWEST,10,2010,3800.0,3900.0,118000.0,31.1,1
NORTH DAKOTA,38,RENVILLE,075,NORTHWEST,10,2012,16500.0,16800.0,473000.0,28.7,1
NORTH DAKOTA,38,RENVILLE,075,NORTHWEST,10,2014,38800.0,39000.0,1367000.0,35.2,1
NORTH DAKOTA,38,RENVILLE,075,NORTHWEST,10,2015,65800.0,66200.0,2194000.0,33.3,1
NORTH DAKOTA,38,RENVILLE,075,NORTHWEST,10,2016,100200.0,101000.0,3649000.0,36.4,1
NORTH DAKOTA,38,RENVILLE,075,NORTHWEST,10,2017,143500.0,144000.0,4233000.0,29.5,1
NORTH DAKOTA,38,RENVILLE,075,NORTHWEST,10,2018,108200.0,110000.0,2456000.0,22.7,1
NORTH DAKOTA,38,RENVILLE,075,NORTHWEST,10,2019,95100.0,100000.0,2919000.0,30.7,1
NORTH DAKOTA,38,RENVILLE,075,NORTHWEST,10,2020,108300.0,109000.0,3054000.0,28.2,1
NORTH DAKOTA,38,RENVILLE,075,NORTHWEST,10,2021,154000.0,157500.0,3434000.0,22.3,1
NORTH DAKOTA,38,RENVILLE,075,NORTHWEST,10,2022,67700.0,68900.0,1889000.0,27.9,1
NORTH DAKOTA,38,RENVILLE,075,NORTHWEST,10,2023,82000.0,82400.0,2599000.0,31.7,1
NORTH DAKOTA,38,RENVILLE,075,NORTHWEST,10,2024,92100.0,102500.0,2846000.0,30.9,1
NORTH DAKOTA,38,RENVILLE,075,NORTHWEST,10,2025,114500.0,115000.0,4076000.0,35.6,1
NORTH DAKOTA,38,RICHLAND,077,SOUTHEAST,90,1980,79500.0,84300.0,1411500.0,16.7,1
NORTH DAKOTA,38,RICHLAND,077,SOUTHEAST,90,1981,87000.0,88500.0,2381400.0,27.4,1
NORTH DAKOTA,38,RICHLAND,077,SOUTHEAST,90,1982,121500.0,124000.0,2591600.0,20.9,1
NORTH DAKOTA,38,RICHLAND,077,SOUTHEAST,90,1983,136000.0,140000.0,3810000.0,27.2,1
NORTH DAKOTA,38,RICHLAND,077,SOUTHEAST,90,1984,195000.0,197000.0,5125200.0,26.0,1
NORTH DAKOTA,38,RICHLAND,077,SOUTHEAST,90,1985,168500.0,170000.0,5034400.0,29.6,1
NORTH DAKOTA,38,RICHLAND,077,SOUTHEAST,90,1986,184300.0,187000.0,6377500.0,34.1,1
NORTH DAKOTA,38,RICHLAND,077,SOUTHEAST,90,1987,179500.0,180000.0,5925000.0,33.0,1
NORTH DAKOTA,38,RICHLAND,077,SOUTHEAST,90,1988,197000.0,210000.0,4043000.0,19.3,1
NORTH DAKOTA,38,RICHLAND,077,SOUTHEAST,90,1989,210000.0,210000.0,6300000.0,30.0,1
NORTH DAKOTA,38,RICHLAND,077,SOUTHEAST,90,1990,185000.0,185000.0,4788800.0,25.9,1
NORTH DAKOTA,38,RICHLAND,077,SOUTHEAST,90,1991,204200.0,206000.0,6343600.0,31.1,1
NORTH DAKOTA,38,RICHLAND,077,SOUTHEAST,90,1992,214000.0,215000.0,5796000.0,27.1,1
NORTH DAKOTA,38,RICHLAND,077,SOUTHEAST,90,1993,181300.0,200000.0,2798600.0,15.4,1
NORTH DAKOTA,38,RICHLAND,077,SOUTHEAST,90,1994,207000.0,214000.0,6611500.0,31.9,1
NORTH DAKOTA,38,RICHLAND,077,SOUTHEAST,90,1995,209500.0,215000.0,6360700.0,30.4,1
NORTH DAKOTA,38,RICHLAND,077,SOUTHEAST,90,1996,253000.0,255000.0,7383900.0,29.2,1
NORTH DAKOTA,38,RICHLAND,077,SOUTHEAST,90,1997,272800.0,275000.0,8503800.0,31.2,1
NORTH DAKOTA,38,RICHLAND,077,SOUTHEAST,90,1998,286000.0,290000.0,9115000.0,31.9,1
NORTH DAKOTA,38,RICHLAND,077,SOUTHEAST,90,1999,279000.0,280000.0,10410000.0,37.3,1
NORTH DAKOTA,38,RICHLAND,077,SOUTHEAST,90,2000,298000.0,300000.0,9620000.0,32.3,1
NORTH DAKOTA,38,RICHLAND,077,SOUTHEAST,90,2001,291500.0,300000.0,9520000.0,32.7,1
NORTH DAKOTA,38,RICHLAND,077,SOUTHEAST,90,2002,310500.0,311000.0,11275000.0,36.3,1
NORTH DAKOTA,38,RICHLAND,077,SOUTHEAST,90,2003,306500.0,310000.0,9300000.0,30.3,1
NORTH DAKOTA,38,RICHLAND,077,SOUTHEAST,90,2004,309000.0,310000.0,9005000.0,29.1,1
NORTH DAKOTA,38,RICHLAND,077,SOUTHEAST,90,2005,293500.0,300000.0,10595000.0,36.1,1
NORTH DAKOTA,38,RICHLAND,077,SOUTHEAST,90,2006,324500.0,325000.0,11910000.0,36.7,1
NORTH DAKOTA,38,RICHLAND,077,SOUTHEAST,90,2007,263000.0,265000.0,8624000.0,32.8,1
NORTH DAKOTA,38,RICHLAND,077,SOUTHEAST,90,2008,298500.0,305000.0,9778000.0,33.0,1
NORTH DAKOTA,38,RICHLAND,077,SOUTHEAST,90,2009,311500.0,315000.0,9270000.0,30.0,1
NORTH DAKOTA,38,RICHLAND,077,SOUTHEAST,90,2010,312000.0,313000.0,10980000.0,35.2,1
NORTH DAKOTA,38,RICHLAND,077,SOUTHEAST,90,2011,277000.0,280000.0,8110000.0,29.3,1
NORTH DAKOTA,38,RICHLAND,077,SOUTHEAST,90,2012,302500.0,303000.0,12259000.0,40.5,1
NORTH DAKOTA,38,RICHLAND,077,SOUTHEAST,90,2013,286000.0,289000.0,9438000.0,33.0,1
NORTH DAKOTA,38,RICHLAND,077,SOUTHEAST,90,2014,338500.0,339500.0,12300000.0,36.3,1
NORTH DAKOTA,38,RICHLAND,077,SOUTHEAST,90,2015,305000.0,307000.0,11598000.0,38.0,1
NORTH DAKOTA,38,RICHLAND,077,SOUTHEAST,90,2016,309500.0,311000.0,14420000.0,46.6,1
NORTH DAKOTA,38,RICHLAND,077,SOUTHEAST,90,2017,324500.0,325000.0,13572000.0,41.8,1
NORTH DAKOTA,38,RICHLAND,077,SOUTHEAST,90,2018,328000.0,329000.0,15540000.0,47.4,1
NORTH DAKOTA,38,RICHLAND,077,SOUTHEAST,90,2019,279500.0,282000.0,9948000.0,35.6,1
NORTH DAKOTA,38,RICHLAND,077,SOUTHEAST,90,2020,305500.0,307500.0,13717000.0,44.9,1
NORTH DAKOTA,38,RICHLAND,077,SOUTHEAST,90,2021,300500.0,303500.0,11179000.0,37.2,1
NORTH DAKOTA,38,RICHLAND,077,SOUTHEAST,90,2022,304000.0,304500.0,11765000.0,38.7,1
NORTH DAKOTA,38,RICHLAND,077,SOUTHEAST,90,2023,285500.0,286500.0,11677000.0,40.9,1
NORTH DAKOTA,38,RICHLAND,077,SOUTHEAST,90,2024,288500.0,290000.0,11973000.0,41.5,1
NORTH DAKOTA,38,RICHLAND,077,SOUTHEAST,90,2025,277500.0,278500.0,11294000.0,40.7,1
NORTH DAKOTA,38,ROLETTE,079,NORTH CENTRAL,20,1988,200.0,200.0,1600.0,8.0,1
NORTH DAKOTA,38,ROLETTE,079,NORTH CENTRAL,20,1992,,100.0,,,1
NORTH DAKOTA,38,ROLETTE,079,NORTH CENTRAL,20,1997,1500.0,1500.0,18000.0,12.0,1
NORTH DAKOTA,38,ROLETTE,079,NORTH CENTRAL,20,2000,1200.0,1200.0,33000.0,27.5,1
NORTH DAKOTA,38,ROLETTE,079,NORTH CENTRAL,20,2001,5000.0,5000.0,134000.0,26.8,1
NORTH DAKOTA,38,ROLETTE,079,NORTH CENTRAL,20,2002,7900.0,7900.0,195000.0,24.7,1
NORTH DAKOTA,38,ROLETTE,079,NORTH CENTRAL,20,2003,6600.0,6600.0,145000.0,22.0,1
NORTH DAKOTA,38,ROLETTE,079,NORTH CENTRAL,20,2004,1300.0,3600.0,14000.0,10.8,1
NORTH DAKOTA,38,ROLETTE,079,NORTH CENTRAL,20,2005,3500.0,3600.0,81000.0,23.1,1
NORTH DAKOTA,38,ROLETTE,079,NORTH CENTRAL,20,2006,7400.0,7500.0,172000.0,23.2,1
NORTH DAKOTA,38,ROLETTE,079,NORTH CENTRAL,20,2007,8400.0,8500.0,255000.0,30.4,1
NORTH DAKOTA,38,ROLETTE,079,NORTH CENTRAL,20,2008,13900.0,14000.0,341000.0,24.5,1
NORTH DAKOTA,38,ROLETTE,079,NORTH CENTRAL,20,2009,13200.0,13300.0,385000.0,29.0,1
NORTH DAKOTA,38,ROLETTE,079,NORTH CENTRAL,20,2010,18000.0,18500.0,587000.0,32.6,1
NORTH DAKOTA,38,ROLETTE,079,NORTH CENTRAL,20,2011,13700.0,13900.0,413000.0,30.1,1
NORTH DAKOTA,38,ROLETTE,079,NORTH CENTRAL,20,2012,30800.0,31000.0,896000.0,29.1,1
NORTH DAKOTA,38,ROLETTE,079,NORTH CENTRAL,20,2013,17100.0,17200.0,574000.0,33.6,1
NORTH DAKOTA,38,ROLETTE,079,NORTH CENTRAL,20,2014,49500.0,50000.0,1388000.0,28.0,1
NORTH DAKOTA,38,ROLETTE,079,NORTH CENTRAL,20,2015,50700.0,51000.0,1298000.0,25.6,1
NORTH DAKOTA,38,ROLETTE,079,NORTH CENTRAL,20,2016,50300.0,52000.0,1715000.0,34.1,1
NORTH DAKOTA,38,ROLETTE,079,NORTH CENTRAL,20,2017,68600.0,69000.0,2150000.0,31.3,1
NORTH DAKOTA,38,ROLETTE,079,NORTH CENTRAL,20,2018,61400.0,62000.0,1904000.0,31.0,1
NORTH DAKOTA,38,ROLETTE,079,NORTH CENTRAL,20,2020,50700.0,51100.0,1465000.0,28.9,1
NORTH DAKOTA,38,ROLETTE,079,NORTH CENTRAL,20,2021,71300.0,72100.0,1868000.0,26.2,1
NORTH DAKOTA,38,ROLETTE,079,NORTH CENTRAL,20,2022,52800.0,53000.0,1769000.0,33.5,1
NORTH DAKOTA,38,ROLETTE,079,NORTH CENTRAL,20,2023,68300.0,68600.0,1694000.0,24.8,1
NORTH DAKOTA,38,ROLETTE,079,NORTH CENTRAL,20,2024,70300.0,70700.0,2833000.0,40.3,1
NORTH DAKOTA,38,ROLETTE,079,NORTH CENTRAL,20,2025,82300.0,82900.0,2839000.0,34.5,1
NORTH DAKOTA,38,SARGENT,081,SOUTHEAST,90,1980,6000.0,6100.0,78700.0,12.9,1
NORTH DAKOTA,38,SARGENT,081,SOUTHEAST,90,1981,3000.0,3000.0,66000.0,22.0,1
NORTH DAKOTA,38,SARGENT,081,SOUTHEAST,90,1982,4400.0,4500.0,57200.0,12.7,1
NORTH DAKOTA,38,SARGENT,081,SOUTHEAST,90,1983,4300.0,4300.0,86000.0,20.0,1
NORTH DAKOTA,38,SARGENT,081,SOUTHEAST,90,1984,6800.0,7000.0,122400.0,17.5,1
NORTH DAKOTA,38,SARGENT,081,SOUTHEAST,90,1985,4100.0,4200.0,84000.0,20.5,1
NORTH DAKOTA,38,SARGENT,081,SOUTHEAST,90,1986,5300.0,5500.0,188200.0,35.5,1
NORTH DAKOTA,38,SARGENT,081,SOUTHEAST,90,1987,14700.0,15000.0,412000.0,28.0,1
NORTH DAKOTA,38,SARGENT,081,SOUTHEAST,90,1988,18500.0,22000.0,212900.0,11.5,1
NORTH DAKOTA,38,SARGENT,081,SOUTHEAST,90,1989,20000.0,20000.0,580000.0,29.0,1
NORTH DAKOTA,38,SARGENT,081,SOUTHEAST,90,1990,22000.0,22000.0,594000.0,27.0,1
NORTH DAKOTA,38,SARGENT,081,SOUTHEAST,90,1991,40400.0,41000.0,1109800.0,27.5,1
NORTH DAKOTA,38,SARGENT,081,SOUTHEAST,90,1992,58500.0,60000.0,1273200.0,21.8,1
NORTH DAKOTA,38,SARGENT,081,SOUTHEAST,90,1993,31600.0,35000.0,499600.0,15.8,1
NORTH DAKOTA,38,SARGENT,081,SOUTHEAST,90,1994,45500.0,45900.0,1426100.0,31.3,1
NORTH DAKOTA,38,SARGENT,081,SOUTHEAST,90,1995,53900.0,56000.0,1472400.0,27.3,1
NORTH DAKOTA,38,SARGENT,081,SOUTHEAST,90,1996,76800.0,77000.0,2063500.0,26.9,1
NORTH DAKOTA,38,SARGENT,081,SOUTHEAST,90,1997,96600.0,97000.0,2935900.0,30.4,1
NORTH DAKOTA,38,SARGENT,081,SOUTHEAST,90,1998,101600.0,105000.0,3380000.0,33.3,1
NORTH DAKOTA,38,SARGENT,081,SOUTHEAST,90,1999,99500.0,100000.0,3798500.0,38.2,1
NORTH DAKOTA,38,SARGENT,081,SOUTHEAST,90,2000,128500.0,130000.0,4335000.0,33.7,1
NORTH DAKOTA,38,SARGENT,081,SOUTHEAST,90,2001,133400.0,135000.0,4880000.0,36.6,1
NORTH DAKOTA,38,SARGENT,081,SOUTHEAST,90,2002,137000.0,140000.0,5000000.0,36.5,1
NORTH DAKOTA,38,SARGENT,081,SOUTHEAST,90,2003,119000.0,140000.0,3270000.0,27.5,1
NORTH DAKOTA,38,SARGENT,081,SOUTHEAST,90,2004,156500.0,157000.0,4676000.0,29.9,1
NORTH DAKOTA,38,SARGENT,081,SOUTHEAST,90,2005,133000.0,140000.0,5511000.0,41.4,1
NORTH DAKOTA,38,SARGENT,081,SOUTHEAST,90,2006,152700.0,153000.0,5861000.0,38.4,1
NORTH DAKOTA,38,SARGENT,081,SOUTHEAST,90,2007,129500.0,130000.0,4764000.0,36.8,1
NORTH DAKOTA,38,SARGENT,081,SOUTHEAST,90,2008,158800.0,159000.0,4600000.0,29.0,1
NORTH DAKOTA,38,SARGENT,081,SOUTHEAST,90,2009,156400.0,158000.0,5167000.0,33.0,1
NORTH DAKOTA,38,SARGENT,081,SOUTHEAST,90,2010,146300.0,146500.0,5232000.0,35.8,1
NORTH DAKOTA,38,SARGENT,081,SOUTHEAST,90,2011,135700.0,137000.0,3950000.0,29.1,1
NORTH DAKOTA,38,SARGENT,081,SOUTHEAST,90,2012,162200.0,162500.0,5858000.0,36.1,1
NORTH DAKOTA,38,SARGENT,081,SOUTHEAST,90,2013,165000.0,166000.0,5666000.0,34.3,1
NORTH DAKOTA,38,SARGENT,081,SOUTHEAST,90,2014,177500.0,178000.0,6881000.0,38.8,1
NORTH DAKOTA,38,SARGENT,081,SOUTHEAST,90,2015,169600.0,170500.0,6076000.0,35.8,1
NORTH DAKOTA,38,SARGENT,081,SOUTHEAST,90,2016,181800.0,183000.0,8671000.0,47.7,1
NORTH DAKOTA,38,SARGENT,081,SOUTHEAST,90,2017,190000.0,190500.0,8360000.0,44.0,1
NORTH DAKOTA,38,SARGENT,081,SOUTHEAST,90,2018,190000.0,191000.0,9175000.0,48.3,1
NORTH DAKOTA,38,SARGENT,081,SOUTHEAST,90,2019,137500.0,140000.0,5403000.0,39.3,1
NORTH DAKOTA,38,SARGENT,081,SOUTHEAST,90,2020,142500.0,143500.0,6185000.0,43.4,1
NORTH DAKOTA,38,SARGENT,081,SOUTHEAST,90,2021,174500.0,176500.0,5968000.0,34.2,1
NORTH DAKOTA,38,SARGENT,081,SOUTHEAST,90,2022,154600.0,155000.0,6493000.0,42.0,1
NORTH DAKOTA,38,SARGENT,081,SOUTHEAST,90,2023,165700.0,166500.0,7241000.0,43.7,1
NORTH DAKOTA,38,SARGENT,081,SOUTHEAST,90,2024,171800.0,172500.0,6941000.0,40.4,1
NORTH DAKOTA,38,SARGENT,081,SOUTHEAST,90,2025,161400.0,162500.0,6876000.0,42.6,1
NORTH DAKOTA,38,SHERIDAN,083,CENTRAL,50,1984,1500.0,1500.0,18800.0,12.5,1
NORTH DAKOTA,38,SHERIDAN,083,CENTRAL,50,1985,600.0,600.0,8400.0,14.0,1
NORTH DAKOTA,38,SHERIDAN,083,CENTRAL,50,1986,100.0,100.0,2300.0,23.0,1
NORTH DAKOTA,38,SHERIDAN,083,CENTRAL,50,1987,200.0,200.0,5500.0,27.5,1
NORTH DAKOTA,38,SHERIDAN,083,CENTRAL,50,1988,800.0,1000.0,4000.0,5.0,1
NORTH DAKOTA,38,SHERIDAN,083,CENTRAL,50,1989,200.0,200.0,1600.0,8.0,1
NORTH DAKOTA,38,SHERIDAN,083,CENTRAL,50,1990,200.0,300.0,1900.0,9.5,1
NORTH DAKOTA,38,SHERIDAN,083,CENTRAL,50,1991,300.0,300.0,4300.0,14.3,1
NORTH DAKOTA,38,SHERIDAN,083,CENTRAL,50,1995,100.0,100.0,2700.0,27.0,1
NORTH DAKOTA,38,SHERIDAN,083,CENTRAL,50,1998,1000.0,1000.0,17700.0,17.7,1
NORTH DAKOTA,38,SHERIDAN,083,CENTRAL,50,2001,900.0,900.0,28000.0,31.1,1
NORTH DAKOTA,38,SHERIDAN,083,CENTRAL,50,2002,4600.0,4600.0,130000.0,28.3,1
NORTH DAKOTA,38,SHERIDAN,083,CENTRAL,50,2003,11000.0,11000.0,289000.0,26.3,1
NORTH DAKOTA,38,SHERIDAN,083,CENTRAL,50,2004,21500.0,22000.0,412000.0,19.2,1
NORTH DAKOTA,38,SHERIDAN,083,CENTRAL,50,2005,14300.0,14400.0,440000.0,30.8,1
NORTH DAKOTA,38,SHERIDAN,083,CENTRAL,50,2006,21500.0,22000.0,339000.0,15.8,1
NORTH DAKOTA,38,SHERIDAN,083,CENTRAL,50,2007,17500.0,18000.0,508000.0,29.0,1
NORTH DAKOTA,38,SHERIDAN,083,CENTRAL,50,2010,28400.0,29000.0,840000.0,29.6,1
NORTH DAKOTA,38,SHERIDAN,083,CENTRAL,50,2011,35300.0,35700.0,1110000.0,31.4,1
NORTH DAKOTA,38,SHERIDAN,083,CENTRAL,50,2015,80500.0,81000.0,2034000.0,25.3,1
NORTH DAKOTA,38,SHERIDAN,083,CENTRAL,50,2016,83300.0,84000.0,3000000.0,36.0,1
NORTH DAKOTA,38,SHERIDAN,083,CENTRAL,50,2017,91500.0,92500.0,2650000.0,29.0,1
NORTH DAKOTA,38,SHERIDAN,083,CENTRAL,50,2020,97000.0,97700.0,2813000.0,29.0,1
NORTH DAKOTA,38,SHERIDAN,083,CENTRAL,50,2021,120600.0,122000.0,1857000.0,15.4,1
NORTH DAKOTA,38,SHERIDAN,083,CENTRAL,50,2022,92700.0,94100.0,2762000.0,29.8,1
NORTH DAKOTA,38,SHERIDAN,083,CENTRAL,50,2023,106000.0,106500.0,3509000.0,33.1,1
NORTH DAKOTA,38,SHERIDAN,083,CENTRAL,50,2024,124000.0,124500.0,4675000.0,37.7,1
NORTH DAKOTA,38,SHERIDAN,083,CENTRAL,50,2025,116200.0,117000.0,4055000.0,34.9,1
NORTH DAKOTA,38,SIOUX,085,SOUTH CENTRAL,80,1988,400.0,500.0,7200.0,14.4,1
NORTH DAKOTA,38,SIOUX,085,SOUTH CENTRAL,80,1989,500.0,500.0,10000.0,20.0,1
NORTH DAKOTA,38,SIOUX,085,SOUTH CENTRAL,80,1990,100.0,100.0,2000.0,20.0,1
NORTH DAKOTA,38,SIOUX,085,SOUTH CENTRAL,80,1991,100.0,200.0,2000.0,20.0,1
NORTH DAKOTA,38,SIOUX,085,SOUTH CENTRAL,80,1992,100.0,300.0,1000.0,10.0,1
NORTH DAKOTA,38,SIOUX,085,SOUTH CENTRAL,80,1993,400.0,400.0,3700.0,9.3,1
NORTH DAKOTA,38,SIOUX,085,SOUTH CENTRAL,80,1994,500.0,500.0,7000.0,14.0,1
NORTH DAKOTA,38,SIOUX,085,SOUTH CENTRAL,80,1995,400.0,400.0,6500.0,16.3,1
NORTH DAKOTA,38,SIOUX,085,SOUTH CENTRAL,80,1998,1300.0,1300.0,44500.0,34.2,1
NORTH DAKOTA,38,SIOUX,085,SOUTH CENTRAL,80,1999,700.0,700.0,13700.0,19.6,1
NORTH DAKOTA,38,SIOUX,085,SOUTH CENTRAL,80,2000,900.0,900.0,32000.0,35.6,1
NORTH DAKOTA,38,SIOUX,085,SOUTH CENTRAL,80,2001,1500.0,1500.0,60000.0,40.0,1
NORTH DAKOTA,38,SIOUX,085,SOUTH CENTRAL,80,2019,8300.0,8900.0,339000.0,40.8,1
NORTH DAKOTA,38,SIOUX,085,SOUTH CENTRAL,80,2021,13700.0,14900.0,234000.0,17.1,1
NORTH DAKOTA,38,SLOPE,087,SOUTHWEST,70,2020,1750.0,1800.0,30800.0,17.6,1
NORTH DAKOTA,38,SLOPE,087,SOUTHWEST,70,2022,2580.0,2600.0,49500.0,19.2,1
NORTH DAKOTA,38,SLOPE,087,SOUTHWEST,70,2023,2390.0,2400.0,98200.0,41.1,1
NORTH DAKOTA,38,STARK,089,SOUTHWEST,70,2020,3650.0,3900.0,64600.0,17.7,1
NORTH DAKOTA,38,STARK,089,SOUTHWEST,70,2022,5600.0,5700.0,107000.0,19.1,1
NORTH DAKOTA,38,STARK,089,SOUTHWEST,70,2024,7750.0,7800.0,171000.0,22.1,1
NORTH DAKOTA,38,STEELE,091,EAST CENTRAL,60,1980,2600.0,2600.0,31800.0,12.2,1
NORTH DAKOTA,38,STEELE,091,EAST CENTRAL,60,1981,4500.0,4600.0,123800.0,26.9,1
NORTH DAKOTA,38,STEELE,091,EAST CENTRAL,60,1982,12500.0,13000.0,275000.0,21.2,1
NORTH DAKOTA,38,STEELE,091,EAST CENTRAL,60,1983,20000.0,20000.0,490000.0,24.5,1
NORTH DAKOTA,38,STEELE,091,EAST CENTRAL,60,1984,29500.0,30000.0,604800.0,20.5,1
NORTH DAKOTA,38,STEELE,091,EAST CENTRAL,60,1985,14500.0,15000.0,283000.0,18.9,1
NORTH DAKOTA,38,STEELE,091,EAST CENTRAL,60,1986,11900.0,12000.0,399000.0,33.3,1
NORTH DAKOTA,38,STEELE,091,EAST CENTRAL,60,1987,14800.0,15000.0,451000.0,30.1,1
NORTH DAKOTA,38,STEELE,091,EAST CENTRAL,60,1988,27000.0,29000.0,594000.0,20.5,1
NORTH DAKOTA,38,STEELE,091,EAST CENTRAL,60,1989,22800.0,24000.0,307800.0,12.8,1
NORTH DAKOTA,38,STEELE,091,EAST CENTRAL,60,1990,12000.0,12000.0,294000.0,24.5,1
NORTH DAKOTA,38,STEELE,091,EAST CENTRAL,60,1991,17900.0,18000.0,573900.0,32.1,1
NORTH DAKOTA,38,STEELE,091,EAST CENTRAL,60,1992,21300.0,22500.0,406900.0,19.1,1
NORTH DAKOTA,38,STEELE,091,EAST CENTRAL,60,1993,14000.0,15500.0,238600.0,17.0,1
NORTH DAKOTA,38,STEELE,091,EAST CENTRAL,60,1994,13300.0,14200.0,408800.0,30.7,1
NORTH DAKOTA,38,STEELE,091,EAST CENTRAL,60,1995,15100.0,15300.0,468700.0,31.0,1
NORTH DAKOTA,38,STEELE,091,EAST CENTRAL,60,1996,25900.0,26000.0,717000.0,27.7,1
NORTH DAKOTA,38,STEELE,091,EAST CENTRAL,60,1997,42900.0,43000.0,1217400.0,28.4,1
NORTH DAKOTA,38,STEELE,091,EAST CENTRAL,60,1998,62700.0,63000.0,2069100.0,33.0,1
NORTH DAKOTA,38,STEELE,091,EAST CENTRAL,60,1999,51900.0,52000.0,1616000.0,31.1,1
NORTH DAKOTA,38,STEELE,091,EAST CENTRAL,60,2000,78000.0,80000.0,2510000.0,32.2,1
NORTH DAKOTA,38,STEELE,091,EAST CENTRAL,60,2001,96400.0,100000.0,3215000.0,33.4,1
NORTH DAKOTA,38,STEELE,091,EAST CENTRAL,60,2002,105000.0,110000.0,3495000.0,33.3,1
NORTH DAKOTA,38,STEELE,091,EAST CENTRAL,60,2003,130000.0,130000.0,4420000.0,34.0,1
NORTH DAKOTA,38,STEELE,091,EAST CENTRAL,60,2004,154000.0,155000.0,3158000.0,20.5,1
NORTH DAKOTA,38,STEELE,091,EAST CENTRAL,60,2005,88200.0,90000.0,2970000.0,33.7,1
NORTH DAKOTA,38,STEELE,091,EAST CENTRAL,60,2006,165600.0,166000.0,5054000.0,30.5,1
NORTH DAKOTA,38,STEELE,091,EAST CENTRAL,60,2007,129100.0,130000.0,4541000.0,35.2,1
NORTH DAKOTA,38,STEELE,091,EAST CENTRAL,60,2008,139500.0,141000.0,3744000.0,27.0,1
NORTH DAKOTA,38,STEELE,091,EAST CENTRAL,60,2009,139500.0,141000.0,4140000.0,29.5,1
NORTH DAKOTA,38,STEELE,091,EAST CENTRAL,60,2010,144800.0,145000.0,5087000.0,35.1,1
NORTH DAKOTA,38,STEELE,091,EAST CENTRAL,60,2011,149100.0,150000.0,3886000.0,26.1,1
NORTH DAKOTA,38,STEELE,091,EAST CENTRAL,60,2012,158600.0,161000.0,5356000.0,33.8,1
NORTH DAKOTA,38,STEELE,091,EAST CENTRAL,60,2013,158400.0,158500.0,5419000.0,34.2,1
NORTH DAKOTA,38,STEELE,091,EAST CENTRAL,60,2014,177000.0,177500.0,5922000.0,33.5,1
NORTH DAKOTA,38,STEELE,091,EAST CENTRAL,60,2015,170000.0,171000.0,6322000.0,37.2,1
NORTH DAKOTA,38,STEELE,091,EAST CENTRAL,60,2016,158800.0,160000.0,6987000.0,44.0,1
NORTH DAKOTA,38,STEELE,091,EAST CENTRAL,60,2017,178000.0,178500.0,6642000.0,37.3,1
NORTH DAKOTA,38,STEELE,091,EAST CENTRAL,60,2018,167500.0,168500.0,6564000.0,39.2,1
NORTH DAKOTA,38,STEELE,091,EAST CENTRAL,60,2019,141000.0,144500.0,4340000.0,30.8,1
NORTH DAKOTA,38,STEELE,091,EAST CENTRAL,60,2020,134200.0,135000.0,4898000.0,36.5,1
NORTH DAKOTA,38,STEELE,091,EAST CENTRAL,60,2021,164200.0,166000.0,5189000.0,31.6,1
NORTH DAKOTA,38,STEELE,091,EAST CENTRAL,60,2022,147500.0,148000.0,5620000.0,38.1,1
NORTH DAKOTA,38,STEELE,091,EAST CENTRAL,60,2023,158700.0,159500.0,5729000.0,36.1,1
NORTH DAKOTA,38,STEELE,091,EAST CENTRAL,60,2024,158300.0,159000.0,6126000.0,38.7,1
NORTH DAKOTA,38,STUTSMAN,093,CENTRAL,50,1981,800.0,800.0,15000.0,18.8,1
NORTH DAKOTA,38,STUTSMAN,093,CENTRAL,50,1982,1600.0,1600.0,24300.0,15.2,1
NORTH DAKOTA,38,STUTSMAN,093,CENTRAL,50,1983,4000.0,4000.0,56000.0,14.0,1
NORTH DAKOTA,38,STUTSMAN,093,CENTRAL,50,1984,3300.0,3300.0,44600.0,13.5,1
NORTH DAKOTA,38,STUTSMAN,093,CENTRAL,50,1985,400.0,400.0,8000.0,20.0,1
NORTH DAKOTA,38,STUTSMAN,093,CENTRAL,50,1986,300.0,300.0,8300.0,27.7,1
NORTH DAKOTA,38,STUTSMAN,093,CENTRAL,50,1987,1000.0,1100.0,29500.0,29.5,1
NORTH DAKOTA,38,STUTSMAN,093,CENTRAL,50,1988,5700.0,6000.0,51300.0,9.0,1
NORTH DAKOTA,38,STUTSMAN,093,CENTRAL,50,1989,3700.0,3800.0,59200.0,16.0,1
NORTH DAKOTA,38,STUTSMAN,093,CENTRAL,50,1990,1700.0,2500.0,27200.0,16.0,1
NORTH DAKOTA,38,STUTSMAN,093,CENTRAL,50,1991,3200.0,3200.0,57900.0,18.1,1
NORTH DAKOTA,38,STUTSMAN,093,CENTRAL,50,1992,1700.0,1800.0,38300.0,22.5,1
NORTH DAKOTA,38,STUTSMAN,093,CENTRAL,50,1993,1200.0,1300.0,17500.0,14.6,1
NORTH DAKOTA,38,STUTSMAN,093,CENTRAL,50,1994,1600.0,1900.0,57900.0,36.2,1
NORTH DAKOTA,38,STUTSMAN,093,CENTRAL,50,1995,1200.0,1300.0,35700.0,29.8,1
NORTH DAKOTA,38,STUTSMAN,093,CENTRAL,50,1996,2600.0,2600.0,63400.0,24.4,1
NORTH DAKOTA,38,STUTSMAN,093,CENTRAL,50,1997,12200.0,12300.0,256800.0,21.0,1
NORTH DAKOTA,38,STUTSMAN,093,CENTRAL,50,1998,39700.0,40500.0,1252300.0,31.5,1
NORTH DAKOTA,38,STUTSMAN,093,CENTRAL,50,1999,25000.0,25500.0,773500.0,30.9,1
NORTH DAKOTA,38,STUTSMAN,093,CENTRAL,50,2000,77900.0,80000.0,2405000.0,30.9,1
NORTH DAKOTA,38,STUTSMAN,093,CENTRAL,50,2001,107500.0,108000.0,3330000.0,31.0,1
NORTH DAKOTA,38,STUTSMAN,093,CENTRAL,50,2002,190000.0,191000.0,5785000.0,30.4,1
NORTH DAKOTA,38,STUTSMAN,093,CENTRAL,50,2003,230000.0,240000.0,5623000.0,24.4,1
NORTH DAKOTA,38,STUTSMAN,093,CENTRAL,50,2004,295000.0,298000.0,7133000.0,24.2,1
NORTH DAKOTA,38,STUTSMAN,093,CENTRAL,50,2005,277200.0,280000.0,10441000.0,37.7,1
NORTH DAKOTA,38,STUTSMAN,093,CENTRAL,50,2006,349000.0,350000.0,11090000.0,31.8,1
NORTH DAKOTA,38,STUTSMAN,093,CENTRAL,50,2007,293000.0,295000.0,10905000.0,37.2,1
NORTH DAKOTA,38,STUTSMAN,093,CENTRAL,50,2008,369500.0,372000.0,10156000.0,27.5,1
NORTH DAKOTA,38,STUTSMAN,093,CENTRAL,50,2009,376500.0,377000.0,9984000.0,26.5,1
NORTH DAKOTA,38,STUTSMAN,093,CENTRAL,50,2010,386000.0,392000.0,12927000.0,33.5,1
NORTH DAKOTA,38,STUTSMAN,093,CENTRAL,50,2011,347500.0,351000.0,9987000.0,28.7,1
NORTH DAKOTA,38,STUTSMAN,093,CENTRAL,50,2012,413000.0,414000.0,14236000.0,34.5,1
NORTH DAKOTA,38,STUTSMAN,093,CENTRAL,50,2013,433500.0,435000.0,11757000.0,27.1,1
NORTH DAKOTA,38,STUTSMAN,093,CENTRAL,50,2014,484000.0,486000.0,15782000.0,32.6,1
NORTH DAKOTA,38,STUTSMAN,093,CENTRAL,50,2015,451500.0,453000.0,14128000.0,31.3,1
NORTH DAKOTA,38,STUTSMAN,093,CENTRAL,50,2016,418500.0,421000.0,17863000.0,42.7,1
NORTH DAKOTA,38,STUTSMAN,093,CENTRAL,50,2017,469000.0,470000.0,16210000.0,34.6,1
NORTH DAKOTA,38,STUTSMAN,093,CENTRAL,50,2018,465000.0,466000.0,17984000.0,38.7,1
NORTH DAKOTA,38,STUTSMAN,093,CENTRAL,50,2019,358500.0,374000.0,9136000.0,25.5,1
NORTH DAKOTA,38,STUTSMAN,093,CENTRAL,50,2020,310000.0,312000.0,10509000.0,33.9,1
NORTH DAKOTA,38,STUTSMAN,093,CENTRAL,50,2021,459000.0,463000.0,13127000.0,28.6,1
NORTH DAKOTA,38,STUTSMAN,093,CENTRAL,50,2022,364000.0,365000.0,12048000.0,33.1,1
NORTH DAKOTA,38,STUTSMAN,093,CENTRAL,50,2023,404000.0,406000.0,15352000.0,38.0,1
NORTH DAKOTA,38,STUTSMAN,093,CENTRAL,50,2024,420500.0,422500.0,14507000.0,34.5,1
NORTH DAKOTA,38,STUTSMAN,093,CENTRAL,50,2025,414000.0,415000.0,13041000.0,31.5,1
NORTH DAKOTA,38,TOWNER,095,NORTHEAST,30,1980,500.0,500.0,6900.0,13.8,1
NORTH DAKOTA,38,TOWNER,095,NORTHEAST,30,1982,800.0,800.0,14800.0,18.5,1
NORTH DAKOTA,38,TOWNER,095,NORTHEAST,30,1983,4000.0,4000.0,60000.0,15.0,1
NORTH DAKOTA,38,TOWNER,095,NORTHEAST,30,1984,2000.0,2100.0,23000.0,11.0,1
NORTH DAKOTA,38,TOWNER,095,NORTHEAST,30,1985,200.0,300.0,2000.0,6.7,1
NORTH DAKOTA,38,TOWNER,095,NORTHEAST,30,1987,1000.0,1000.0,21000.0,21.0,1
NORTH DAKOTA,38,TOWNER,095,NORTHEAST,30,1988,2500.0,3000.0,16300.0,5.4,1
NORTH DAKOTA,38,TOWNER,095,NORTHEAST,30,1989,300.0,400.0,3600.0,9.0,1
NORTH DAKOTA,38,TOWNER,095,NORTHEAST,30,1990,100.0,100.0,900.0,9.0,1
NORTH DAKOTA,38,TOWNER,095,NORTHEAST,30,1991,100.0,200.0,1000.0,10.0,1
NORTH DAKOTA,38,TOWNER,095,NORTHEAST,30,1992,100.0,200.0,1200.0,12.0,1
NORTH DAKOTA,38,TOWNER,095,NORTHEAST,30,1993,100.0,100.0,1100.0,11.0,1
NORTH DAKOTA,38,TOWNER,095,NORTHEAST,30,1996,600.0,800.0,13000.0,21.7,1
NORTH DAKOTA,38,TOWNER,095,NORTHEAST,30,1997,2700.0,3000.0,41100.0,15.2,1
NORTH DAKOTA,38,TOWNER,095,NORTHEAST,30,1998,5300.0,5500.0,126200.0,23.8,1
NORTH DAKOTA,38,TOWNER,095,NORTHEAST,30,1999,1400.0,1400.0,37500.0,26.8,1
NORTH DAKOTA,38,TOWNER,095,NORTHEAST,30,2000,3900.0,4100.0,99000.0,25.4,1
NORTH DAKOTA,38,TOWNER,095,NORTHEAST,30,2001,11700.0,12000.0,305000.0,26.1,1
NORTH DAKOTA,38,TOWNER,095,NORTHEAST,30,2002,21000.0,21000.0,545000.0,26.0,1
NORTH DAKOTA,38,TOWNER,095,NORTHEAST,30,2003,25200.0,26500.0,540000.0,21.4,1
NORTH DAKOTA,38,TOWNER,095,NORTHEAST,30,2004,13000.0,24500.0,135000.0,10.4,1
NORTH DAKOTA,38,TOWNER,095,NORTHEAST,30,2005,22600.0,23000.0,631000.0,27.9,1
NORTH DAKOTA,38,TOWNER,095,NORTHEAST,30,2006,29900.0,30000.0,879000.0,29.4,1
NORTH DAKOTA,38,TOWNER,095,NORTHEAST,30,2007,25900.0,26000.0,858000.0,33.1,1
NORTH DAKOTA,38,TOWNER,095,NORTHEAST,30,2008,41700.0,42000.0,1086000.0,26.0,1
NORTH DAKOTA,38,TOWNER,095,NORTHEAST,30,2009,38700.0,39000.0,1079000.0,28.0,1
NORTH DAKOTA,38,TOWNER,095,NORTHEAST,30,2010,55500.0,55600.0,1800000.0,32.4,1
NORTH DAKOTA,38,TOWNER,095,NORTHEAST,30,2011,46800.0,47000.0,1499000.0,32.0,1
NORTH DAKOTA,38,TOWNER,095,NORTHEAST,30,2012,72300.0,72800.0,2524000.0,34.9,1
NORTH DAKOTA,38,TOWNER,095,NORTHEAST,30,2013,48900.0,49000.0,1614000.0,33.0,1
NORTH DAKOTA,38,TOWNER,095,NORTHEAST,30,2014,99500.0,100000.0,3212000.0,32.3,1
NORTH DAKOTA,38,TOWNER,095,NORTHEAST,30,2015,109100.0,109500.0,3195000.0,29.3,1
NORTH DAKOTA,38,TOWNER,095,NORTHEAST,30,2016,129800.0,131000.0,4374000.0,33.7,1
NORTH DAKOTA,38,TOWNER,095,NORTHEAST,30,2017,150500.0,151000.0,5194000.0,34.5,1
NORTH DAKOTA,38,TOWNER,095,NORTHEAST,30,2018,142200.0,144000.0,4265000.0,30.0,1
NORTH DAKOTA,38,TOWNER,095,NORTHEAST,30,2019,125500.0,129000.0,3550000.0,28.3,1
NORTH DAKOTA,38,TOWNER,095,NORTHEAST,30,2020,109800.0,110500.0,3492000.0,31.8,1
NORTH DAKOTA,38,TOWNER,095,NORTHEAST,30,2021,153300.0,155000.0,4798000.0,31.3,1
NORTH DAKOTA,38,TOWNER,095,NORTHEAST,30,2022,114100.0,114500.0,3982000.0,34.9,1
NORTH DAKOTA,38,TOWNER,095,NORTHEAST,30,2023,152300.0,153000.0,3381000.0,22.2,1
NORTH DAKOTA,38,TOWNER,095,NORTHEAST,30,2024,146400.0,147000.0,5549000.0,37.9,1
NORTH DAKOTA,38,TOWNER,095,NORTHEAST,30,2025,177400.0,180000.0,5907000.0,33.3,1
NORTH DAKOTA,38,TRAILL,097,EAST CENTRAL,60,1980,20700.0,20800.0,313000.0,15.1,1
NORTH DAKOTA,38,TRAILL,097,EAST CENTRAL,60,1981,24800.0,25700.0,768800.0,29.9,1
NORTH DAKOTA,38,TRAILL,097,EAST CENTRAL,60,1982,46500.0,48000.0,1139300.0,23.7,1
NORTH DAKOTA,38,TRAILL,097,EAST CENTRAL,60,1983,63000.0,65000.0,1959200.0,30.1,1
NORTH DAKOTA,38,TRAILL,097,EAST CENTRAL,60,1984,96000.0,97000.0,2400000.0,24.7,1
NORTH DAKOTA,38,TRAILL,097,EAST CENTRAL,60,1985,62000.0,63000.0,1550000.0,25.0,1
NORTH DAKOTA,38,TRAILL,097,EAST CENTRAL,60,1986,45600.0,46000.0,1620500.0,35.2,1
NORTH DAKOTA,38,TRAILL,097,EAST CENTRAL,60,1987,44500.0,45000.0,1468500.0,33.0,1
NORTH DAKOTA,38,TRAILL,097,EAST CENTRAL,60,1988,70000.0,73000.0,1853000.0,25.4,1
NORTH DAKOTA,38,TRAILL,097,EAST CENTRAL,60,1989,58000.0,59000.0,928000.0,15.7,1
NORTH DAKOTA,38,TRAILL,097,EAST CENTRAL,60,1990,35900.0,36000.0,1023200.0,28.5,1
NORTH DAKOTA,38,TRAILL,097,EAST CENTRAL,60,1991,57800.0,58000.0,1856300.0,32.1,1
NORTH DAKOTA,38,TRAILL,097,EAST CENTRAL,60,1992,59700.0,60000.0,1422800.0,23.8,1
NORTH DAKOTA,38,TRAILL,097,EAST CENTRAL,60,1993,53100.0,56000.0,1131000.0,21.3,1
NORTH DAKOTA,38,TRAILL,097,EAST CENTRAL,60,1994,56200.0,60500.0,1641500.0,29.2,1
NORTH DAKOTA,38,TRAILL,097,EAST CENTRAL,60,1995,69300.0,70000.0,1862200.0,26.9,1
NORTH DAKOTA,38,TRAILL,097,EAST CENTRAL,60,1996,90600.0,91000.0,2613800.0,28.8,1
NORTH DAKOTA,38,TRAILL,097,EAST CENTRAL,60,1997,118800.0,120000.0,3371300.0,28.4,1
NORTH DAKOTA,38,TRAILL,097,EAST CENTRAL,60,1998,142100.0,145000.0,4685000.0,33.0,1
NORTH DAKOTA,38,TRAILL,097,EAST CENTRAL,60,1999,134800.0,135000.0,4502000.0,33.4,1
NORTH DAKOTA,38,TRAILL,097,EAST CENTRAL,60,2000,173000.0,175000.0,5650000.0,32.7,1
NORTH DAKOTA,38,TRAILL,097,EAST CENTRAL,60,2001,161100.0,165000.0,5320000.0,33.0,1
NORTH DAKOTA,38,TRAILL,097,EAST CENTRAL,60,2002,177000.0,179000.0,6080000.0,34.4,1
NORTH DAKOTA,38,TRAILL,097,EAST CENTRAL,60,2003,213500.0,215000.0,6415000.0,30.0,1
NORTH DAKOTA,38,TRAILL,097,EAST CENTRAL,60,2004,218500.0,220000.0,4530000.0,20.7,1
NORTH DAKOTA,38,TRAILL,097,EAST CENTRAL,60,2005,149000.0,150000.0,5014000.0,33.7,1
NORTH DAKOTA,38,TRAILL,097,EAST CENTRAL,60,2006,226800.0,227000.0,7505000.0,33.1,1
NORTH DAKOTA,38,TRAILL,097,EAST CENTRAL,60,2007,179200.0,180000.0,6707000.0,37.4,1
NORTH DAKOTA,38,TRAILL,097,EAST CENTRAL,60,2008,193700.0,194000.0,5660000.0,29.0,1
NORTH DAKOTA,38,TRAILL,097,EAST CENTRAL,60,2009,191500.0,192000.0,5660000.0,29.5,1
NORTH DAKOTA,38,TRAILL,097,EAST CENTRAL,60,2010,190900.0,191000.0,7256000.0,38.0,1
NORTH DAKOTA,38,TRAILL,097,EAST CENTRAL,60,2011,182400.0,183500.0,4995000.0,27.4,1
NORTH DAKOTA,38,TRAILL,097,EAST CENTRAL,60,2012,195300.0,195500.0,6778000.0,34.7,1
NORTH DAKOTA,38,TRAILL,097,EAST CENTRAL,60,2013,181500.0,183000.0,5999000.0,33.1,1
NORTH DAKOTA,38,TRAILL,097,EAST CENTRAL,60,2014,208500.0,209500.0,7378000.0,35.4,1
NORTH DAKOTA,38,TRAILL,097,EAST CENTRAL,60,2015,204000.0,205000.0,7755000.0,38.0,1
NORTH DAKOTA,38,TRAILL,097,EAST CENTRAL,60,2016,198000.0,203000.0,9167000.0,46.3,1
NORTH DAKOTA,38,TRAILL,097,EAST CENTRAL,60,2017,225000.0,225500.0,8530000.0,37.9,1
NORTH DAKOTA,38,TRAILL,097,EAST CENTRAL,60,2018,192500.0,193500.0,8044000.0,41.8,1
NORTH DAKOTA,38,TRAILL,097,EAST CENTRAL,60,2019,158000.0,162500.0,5621000.0,35.6,1
NORTH DAKOTA,38,TRAILL,097,EAST CENTRAL,60,2020,155000.0,156000.0,5704000.0,36.8,1
NORTH DAKOTA,38,TRAILL,097,EAST CENTRAL,60,2021,182900.0,185000.0,4920000.0,26.9,1
NORTH DAKOTA,38,TRAILL,097,EAST CENTRAL,60,2022,168300.0,169000.0,6917000.0,41.1,1
NORTH DAKOTA,38,TRAILL,097,EAST CENTRAL,60,2023,161700.0,162500.0,6355000.0,39.3,1
NORTH DAKOTA,38,TRAILL,097,EAST CENTRAL,60,2024,165000.0,169000.0,6650000.0,40.3,1
NORTH DAKOTA,38,TRAILL,097,EAST CENTRAL,60,2025,159900.0,161000.0,5916000.0,37.0,1
NORTH DAKOTA,38,WALSH,099,NORTHEAST,30,1980,2300.0,2300.0,39100.0,17.0,1
NORTH DAKOTA,38,WALSH,099,NORTHEAST,30,1981,4500.0,4500.0,103500.0,23.0,1
NORTH DAKOTA,38,WALSH,099,NORTHEAST,30,1982,10600.0,10600.0,153700.0,14.5,1
NORTH DAKOTA,38,WALSH,099,NORTHEAST,30,1983,16000.0,16000.0,392000.0,24.5,1
NORTH DAKOTA,38,WALSH,099,NORTHEAST,30,1984,18500.0,19000.0,416300.0,22.5,1
NORTH DAKOTA,38,WALSH,099,NORTHEAST,30,1985,7800.0,9000.0,133600.0,17.1,1
NORTH DAKOTA,38,WALSH,099,NORTHEAST,30,1986,5000.0,5000.0,120000.0,24.0,1
NORTH DAKOTA,38,WALSH,099,NORTHEAST,30,1987,3000.0,3000.0,82500.0,27.5,1
NORTH DAKOTA,38,WALSH,099,NORTHEAST,30,1988,7200.0,8000.0,93600.0,13.0,1
NORTH DAKOTA,38,WALSH,099,NORTHEAST,30,1989,3000.0,3000.0,40500.0,13.5,1
NORTH DAKOTA,38,WALSH,099,NORTHEAST,30,1990,1600.0,2100.0,20800.0,13.0,1
NORTH DAKOTA,38,WALSH,099,NORTHEAST,30,1991,2300.0,2300.0,76500.0,33.3,1
NORTH DAKOTA,38,WALSH,099,NORTHEAST,30,1992,2800.0,2900.0,50000.0,17.9,1
NORTH DAKOTA,38,WALSH,099,NORTHEAST,30,1993,2100.0,2800.0,30300.0,14.4,1
NORTH DAKOTA,38,WALSH,099,NORTHEAST,30,1994,2800.0,3000.0,83000.0,29.6,1
NORTH DAKOTA,38,WALSH,099,NORTHEAST,30,1995,2800.0,3100.0,86400.0,30.9,1
NORTH DAKOTA,38,WALSH,099,NORTHEAST,30,1996,4000.0,4000.0,109000.0,27.3,1
NORTH DAKOTA,38,WALSH,099,NORTHEAST,30,1997,10700.0,11000.0,282300.0,26.4,1
NORTH DAKOTA,38,WALSH,099,NORTHEAST,30,1998,29900.0,30000.0,834200.0,27.9,1
NORTH DAKOTA,38,WALSH,099,NORTHEAST,30,1999,19000.0,20000.0,592000.0,31.2,1
NORTH DAKOTA,38,WALSH,099,NORTHEAST,30,2000,32500.0,35500.0,955000.0,29.4,1
NORTH DAKOTA,38,WALSH,099,NORTHEAST,30,2001,35700.0,36000.0,1207000.0,33.8,1
NORTH DAKOTA,38,WALSH,099,NORTHEAST,30,2002,41000.0,42000.0,1400000.0,34.1,1
NORTH DAKOTA,38,WALSH,099,NORTHEAST,30,2003,61300.0,63000.0,1915000.0,31.2,1
NORTH DAKOTA,38,WALSH,099,NORTHEAST,30,2004,75000.0,95000.0,1138000.0,15.2,1
NORTH DAKOTA,38,WALSH,099,NORTHEAST,30,2005,53900.0,54000.0,1677000.0,31.1,1
NORTH DAKOTA,38,WALSH,099,NORTHEAST,30,2006,79500.0,81000.0,2091000.0,26.3,1
NORTH DAKOTA,38,WALSH,099,NORTHEAST,30,2007,49500.0,50000.0,1904000.0,38.5,1
NORTH DAKOTA,38,WALSH,099,NORTHEAST,30,2008,68200.0,70000.0,1913000.0,28.0,1
NORTH DAKOTA,38,WALSH,099,NORTHEAST,30,2009,59900.0,62000.0,1637000.0,27.5,1
NORTH DAKOTA,38,WALSH,099,NORTHEAST,30,2010,71000.0,72000.0,2330000.0,32.8,1
NORTH DAKOTA,38,WALSH,099,NORTHEAST,30,2011,84200.0,85000.0,2542000.0,30.2,1
NORTH DAKOTA,38,WALSH,099,NORTHEAST,30,2012,100600.0,101000.0,3575000.0,35.5,1
NORTH DAKOTA,38,WALSH,099,NORTHEAST,30,2013,81600.0,82000.0,2500000.0,30.6,1
NORTH DAKOTA,38,WALSH,099,NORTHEAST,30,2014,122500.0,123000.0,3994000.0,32.6,1
NORTH DAKOTA,38,WALSH,099,NORTHEAST,30,2015,109600.0,110000.0,3330000.0,30.4,1
NORTH DAKOTA,38,WALSH,099,NORTHEAST,30,2016,128300.0,130000.0,4822000.0,37.6,1
NORTH DAKOTA,38,WALSH,099,NORTHEAST,30,2017,159500.0,160000.0,5538000.0,34.7,1
NORTH DAKOTA,38,WALSH,099,NORTHEAST,30,2018,132200.0,133000.0,4150000.0,31.4,1
NORTH DAKOTA,38,WALSH,099,NORTHEAST,30,2020,87900.0,88400.0,3419000.0,38.9,1
NORTH DAKOTA,38,WALSH,099,NORTHEAST,30,2021,122200.0,123500.0,3198000.0,26.2,1
NORTH DAKOTA,38,WALSH,099,NORTHEAST,30,2022,92000.0,92300.0,3938000.0,42.8,1
NORTH DAKOTA,38,WALSH,099,NORTHEAST,30,2023,115900.0,116500.0,3558000.0,30.7,1
NORTH DAKOTA,38,WALSH,099,NORTHEAST,30,2024,116500.0,117000.0,4753000.0,40.8,1
NORTH DAKOTA,38,WALSH,099,NORTHEAST,30,2025,131700.0,133500.0,5057000.0,38.4,1
NORTH DAKOTA,38,WARD,101,NORTHWEST,10,1988,300.0,300.0,2400.0,8.0,1
NORTH DAKOTA,38,WARD,101,NORTHWEST,10,1989,300.0,400.0,3300.0,11.0,1
NORTH DAKOTA,38,WARD,101,NORTHWEST,10,1990,300.0,400.0,2700.0,9.0,1
NORTH DAKOTA,38,WARD,101,NORTHWEST,10,1998,700.0,700.0,17500.0,25.0,1
NORTH DAKOTA,38,WARD,101,NORTHWEST,10,2000,1200.0,1300.0,27000.0,22.5,1
NORTH DAKOTA,38,WARD,101,NORTHWEST,10,2001,4800.0,4900.0,90000.0,18.8,1
NORTH DAKOTA,38,WARD,101,NORTHWEST,10,2002,9700.0,9700.0,250000.0,25.8,1
NORTH DAKOTA,38,WARD,101,NORTHWEST,10,2003,23400.0,23500.0,413000.0,17.6,1
NORTH DAKOTA,38,WARD,101,NORTHWEST,10,2004,23800.0,31500.0,312000.0,13.1,1
NORTH DAKOTA,38,WARD,101,NORTHWEST,10,2005,11300.0,11400.0,296000.0,26.2,1
NORTH DAKOTA,38,WARD,101,NORTHWEST,10,2006,16800.0,17000.0,436000.0,26.0,1
NORTH DAKOTA,38,WARD,101,NORTHWEST,10,2007,12900.0,13000.0,308000.0,23.9,1
NORTH DAKOTA,38,WARD,101,NORTHWEST,10,2008,18200.0,18300.0,524000.0,29.0,1
NORTH DAKOTA,38,WARD,101,NORTHWEST,10,2010,21800.0,22000.0,674000.0,30.9,1
NORTH DAKOTA,38,WARD,101,NORTHWEST,10,2012,53700.0,53800.0,1750000.0,32.6,1
NORTH DAKOTA,38,WARD,101,NORTHWEST,10,2014,103500.0,104000.0,3879000.0,37.5,1
NORTH DAKOTA,38,WARD,101,NORTHWEST,10,2015,127700.0,128500.0,4125000.0,32.3,1
NORTH DAKOTA,38,WARD,101,NORTHWEST,10,2016,167200.0,168500.0,6106000.0,36.5,1
NORTH DAKOTA,38,WARD,101,NORTHWEST,10,2017,215000.0,215500.0,5689000.0,26.5,1
NORTH DAKOTA,38,WARD,101,NORTHWEST,10,2018,217500.0,219500.0,4655000.0,21.4,1
NORTH DAKOTA,38,WARD,101,NORTHWEST,10,2019,156000.0,161000.0,5178000.0,33.2,1
NORTH DAKOTA,38,WARD,101,NORTHWEST,10,2020,198000.0,199500.0,6118000.0,30.9,1
NORTH DAKOTA,38,WARD,101,NORTHWEST,10,2021,241000.0,245000.0,4483000.0,18.6,1
NORTH DAKOTA,38,WARD,101,NORTHWEST,10,2022,169900.0,170500.0,5352000.0,31.5,1
NORTH DAKOTA,38,WARD,101,NORTHWEST,10,2023,167200.0,168000.0,5835000.0,34.9,1
NORTH DAKOTA,38,WARD,101,NORTHWEST,10,2024,191800.0,193500.0,6099000.0,31.8,1
NORTH DAKOTA,38,WARD,101,NORTHWEST,10,2025,176300.0,178000.0,5853000.0,33.2,1
NORTH DAKOTA,38,WELLS,103,CENTRAL,50,1981,200.0,200.0,3600.0,18.0,1
NORTH DAKOTA,38,WELLS,103,CENTRAL,50,1982,700.0,700.0,8400.0,12.0,1
NORTH DAKOTA,38,WELLS,103,CENTRAL,50,1983,6000.0,6000.0,120500.0,20.1,1
NORTH DAKOTA,38,WELLS,103,CENTRAL,50,1984,7300.0,7500.0,80200.0,11.0,1
NORTH DAKOTA,38,WELLS,103,CENTRAL,50,1985,2200.0,2300.0,26100.0,11.9,1
NORTH DAKOTA,38,WELLS,103,CENTRAL,50,1986,4600.0,4600.0,103500.0,22.5,1
NORTH DAKOTA,38,WELLS,103,CENTRAL,50,1987,3300.0,3700.0,82500.0,25.0,1
NORTH DAKOTA,38,WELLS,103,CENTRAL,50,1988,4600.0,5000.0,32200.0,6.4,1
NORTH DAKOTA,38,WELLS,103,CENTRAL,50,1989,2100.0,2500.0,18900.0,7.6,1
NORTH DAKOTA,38,WELLS,103,CENTRAL,50,1990,1000.0,1100.0,19000.0,19.0,1
NORTH DAKOTA,38,WELLS,103,CENTRAL,50,1991,700.0,800.0,11400.0,16.3,1
NORTH DAKOTA,38,WELLS,103,CENTRAL,50,1992,1000.0,1000.0,16000.0,16.0,1
NORTH DAKOTA,38,WELLS,103,CENTRAL,50,1993,100.0,100.0,700.0,7.0,1
NORTH DAKOTA,38,WELLS,103,CENTRAL,50,1994,100.0,100.0,1800.0,18.0,1
NORTH DAKOTA,38,WELLS,103,CENTRAL,50,1995,100.0,100.0,2800.0,28.0,1
NORTH DAKOTA,38,WELLS,103,CENTRAL,50,1997,1900.0,1900.0,30500.0,16.1,1
NORTH DAKOTA,38,WELLS,103,CENTRAL,50,1998,5600.0,5600.0,127700.0,22.8,1
NORTH DAKOTA,38,WELLS,103,CENTRAL,50,1999,1700.0,1700.0,44400.0,26.1,1
NORTH DAKOTA,38,WELLS,103,CENTRAL,50,2001,10400.0,10500.0,320000.0,30.8,1
NORTH DAKOTA,38,WELLS,103,CENTRAL,50,2002,30400.0,30500.0,865000.0,28.5,1
NORTH DAKOTA,38,WELLS,103,CENTRAL,50,2003,54500.0,55000.0,1585000.0,29.1,1
NORTH DAKOTA,38,WELLS,103,CENTRAL,50,2004,97500.0,99000.0,2010000.0,20.6,1
NORTH DAKOTA,38,WELLS,103,CENTRAL,50,2005,83200.0,84000.0,2879000.0,34.6,1
NORTH DAKOTA,38,WELLS,103,CENTRAL,50,2006,126400.0,127000.0,2450000.0,19.4,1
NORTH DAKOTA,38,WELLS,103,CENTRAL,50,2007,94800.0,95000.0,3344000.0,35.3,1
NORTH DAKOTA,38,WELLS,103,CENTRAL,50,2008,121800.0,122000.0,3132000.0,25.5,1
NORTH DAKOTA,38,WELLS,103,CENTRAL,50,2009,137700.0,138000.0,4233000.0,30.5,1
NORTH DAKOTA,38,WELLS,103,CENTRAL,50,2010,155500.0,158000.0,5016000.0,32.3,1
NORTH DAKOTA,38,WELLS,103,CENTRAL,50,2011,170500.0,173000.0,4798000.0,28.1,1
NORTH DAKOTA,38,WELLS,103,CENTRAL,50,2012,191100.0,191500.0,7101000.0,37.2,1
NORTH DAKOTA,38,WELLS,103,CENTRAL,50,2013,180700.0,181000.0,6206000.0,34.3,1
NORTH DAKOTA,38,WELLS,103,CENTRAL,50,2014,222000.0,223000.0,7230000.0,32.6,1
NORTH DAKOTA,38,WELLS,103,CENTRAL,50,2015,213500.0,214500.0,5891000.0,27.6,1
NORTH DAKOTA,38,WELLS,103,CENTRAL,50,2016,210000.0,211500.0,8362000.0,39.8,1
NORTH DAKOTA,38,WELLS,103,CENTRAL,50,2017,234500.0,235000.0,8276000.0,35.3,1
NORTH DAKOTA,38,WELLS,103,CENTRAL,50,2018,234500.0,236000.0,7088000.0,30.2,1
NORTH DAKOTA,38,WELLS,103,CENTRAL,50,2019,189500.0,197500.0,5851000.0,30.9,1
NORTH DAKOTA,38,WELLS,103,CENTRAL,50,2020,176700.0,178000.0,5177000.0,29.3,1
NORTH DAKOTA,38,WELLS,103,CENTRAL,50,2021,238000.0,240500.0,5331000.0,22.4,1
NORTH DAKOTA,38,WELLS,103,CENTRAL,50,2022,185000.0,185500.0,6364000.0,34.4,1
NORTH DAKOTA,38,WELLS,103,CENTRAL,50,2023,225000.0,226000.0,9180000.0,40.8,1
NORTH DAKOTA,38,WELLS,103,CENTRAL,50,2024,218000.0,219000.0,8829000.0,40.5,1
NORTH DAKOTA,38,WELLS,103,CENTRAL,50,2025,220500.0,224500.0,6902000.0,31.3,1
NORTH DAKOTA,38,WILLIAMS,105,NORTHWEST,10,2004,2700.0,2700.0,36000.0,13.3,1
NORTH DAKOTA,38,WILLIAMS,105,NORTHWEST,10,2012,2380.0,2400.0,90200.0,37.9,1
NORTH DAKOTA,38,WILLIAMS,105,NORTHWEST,10,2014,14600.0,18300.0,401000.0,27.5,1
NORTH DAKOTA,38,WILLIAMS,105,NORTHWEST,10,2016,7800.0,8200.0,291000.0,37.3,1
NORTH DAKOTA,38,WILLIAMS,105,NORTHWEST,10,2017,8800.0,9000.0,271000.0,30.8,1
NORTH DAKOTA,38,WILLIAMS,105,NORTHWEST,10,2020,52200.0,55000.0,903000.0,17.3,1
NORTH DAKOTA,38,WILLIAMS,105,NORTHWEST,10,2021,40000.0,45700.0,664000.0,16.6,1
NORTH DAKOTA,38,WILLIAMS,105,NORTHWEST,10,2022,25900.0,27000.0,492000.0,19.0,1
NORTH DAKOTA,38,WILLIAMS,105,NORTHWEST,10,2023,22800.0,24500.0,595000.0,26.1,1
NORTH DAKOTA,38,WILLIAMS,105,NORTHWEST,10,2024,26600.0,26700.0,575000.0,21.6,1
NORTH DAKOTA,38,WILLIAMS,105,NORTHWEST,10,2025,13300.0,13400.0,363000.0,27.3,1
