state,county,municipio_codigo,fips5,year,acres_planted,acres_harvested,production_bu,yield_bu_ac,yield_kg_ha,production_tonnes,area_harvested_ha,pcp_grow,pcp_critical,tmp_grow,tmp_critical,tmax_critical,tmax_grow,tmin_grow,tmp_grow_sd,n_days_grow,n_days_critical,hot_days_critical,dry_days_critical,heat_x_dry,pcp_grow_anom,pcp_grow_z,pcp_critical_anom,pcp_critical_z,tmp_grow_anom,tmp_grow_z,tmp_critical_anom,tmp_critical_z,tmax_critical_anom,tmax_critical_z,climate_normal_pcp,climate_normal_tmax,trend_slope,yield_trend,yield_anom,log_yield,n_years_muni,in_balanced_panel,is_focal
MATO GROSSO,AÇAILÂNDIA - MA,2100055,2100055,1993,291.58435030418,291.58435030418,7826.422443093091,26.839763510132094,1805.0,213.0,118.0,1955.23,657.15,26.080950413223142,24.52237288135593,27.731016949152544,30.411735537190083,22.481487603305787,2.1264650126002813,242,59.0,0,5,138.6550847457627,488.2811363636363,1.2805751592206025,138.85318181818172,0.7733668124119407,-0.5908650178321331,-0.7224440526594135,-0.5091936954288627,-0.7085955001453667,-0.9502515408320455,-0.8359225503767622,518.2968181818183,28.68126848998459,1.0011902169229645,24.543169160552452,2.2965943495796424,3.2898845009667532,14,0,0
MATO GROSSO,AÇAILÂNDIA - MA,2100055,2100055,2011,518.921301388795,518.921301388795,18959.78394664805,36.53479165894436,2457.0,516.0,210.0,1037.08,434.76,26.434279835390942,24.887833333333333,28.829833333333333,31.087448559670783,22.56855967078189,2.1776254686467884,243,60.0,8,11,317.1281666666667,-429.8688636363638,-1.1273820500105476,-83.53681818181826,-0.465272757529631,-0.2375355956643297,-0.2904321176640721,-0.1437332434514608,-0.200019620127509,0.1485648433487441,0.1306903460947466,518.2968181818183,28.68126848998459,1.0011902169229645,42.56459306516581,-6.029801406221452,3.598265002720951,14,0,0
MATO GROSSO,AÇAILÂNDIA - MA,2100055,2100055,2012,568.3423777115373,568.3423777115373,21899.285333725267,38.52732811897632,2591.0,596.0,230.0,1171.76,357.43,26.99400826446281,25.155084745762714,28.519152542372883,31.43710743801653,23.246404958677687,2.4242632554822934,242,59.0,0,6,171.1149152542373,-295.1888636363637,-0.7741677855229896,-160.86681818181825,-0.8959755676541049,0.3221928334075343,0.3939415759605659,0.1235181689779203,0.1718882608124849,-0.1621159476117064,-0.1426110567162715,518.2968181818183,28.68126848998459,1.0011902169229645,43.56578328208889,-5.038455163112566,3.6513678107618817,14,0,0
MATO GROSSO,AÇAILÂNDIA - MA,2100055,2100055,2013,6434.624137221058,6434.624137221058,287042.31044809025,44.60902522459628,3000.0,7812.0,2604.0,977.49,242.91,26.839793388429754,26.00406779661017,30.836101694915254,31.76987603305785,22.822190082644628,2.079770265071308,242,59.0,19,18,555.0498305084745,-489.4588636363637,-1.2836638885969267,-275.3868181818183,-1.5338145152223808,0.1679779573744788,0.2053847708370273,0.9725012198253752,1.353335664680109,2.1548332049306644,1.8955756353996207,518.2968181818183,28.68126848998459,1.0011902169229645,44.56697349901174,0.04205172558454251,3.7979361978500186,14,0,0
MATO GROSSO,AÇAILÂNDIA - MA,2100055,2100055,2014,13573.498612041194,13573.498612041194,575223.677683673,42.37857396336647,2850.0,15655.0,5493.0,727.12,260.83,27.43896694214876,25.97050847457627,30.55169491525424,32.583636363636366,23.15834710743801,2.293691729491999,242,59.0,17,18,549.9305084745763,-739.8288636363637,-1.9402888915650724,-257.46681818181827,-1.4340059757495942,0.7671515110934841,0.9379875774531412,0.9389418977914764,1.3066344097458322,1.870426425269649,1.6453871006980514,518.2968181818183,28.68126848998459,1.0011902169229645,45.568163715934816,-3.189589752568345,3.746642903462468,14,0,0
MATO GROSSO,AÇAILÂNDIA - MA,2100055,2100055,2015,25671.77809584853,25671.77809584853,1305506.053535669,50.854288756039765,3420.0,35530.0,10389.0,656.1,190.16,29.103251028806586,27.1565,32.31133333333334,34.34329218106996,24.692469135802472,2.8224701476268685,243,60.0,34,23,743.1606666666668,-810.8488636363637,-2.1265472600229454,-328.1368181818183,-1.8276147639494724,2.4314355977513102,2.972889126969554,2.1249334232152077,2.957063835070879,3.630064843348748,3.1933155922358445,518.2968181818183,28.68126848998459,1.0011902169229645,46.569353932857666,4.284934823182098,3.928964460256423,14,0,0
MATO GROSSO,AÇAILÂNDIA - MA,2100055,2100055,2016,40223.814019080026,40223.814019080026,1973764.950120336,49.06992774705591,3300.0,53717.0,16278.0,1473.02,669.89,27.347727272727276,24.985593220338984,28.467457627118645,31.960454545454542,23.51210743801653,2.898922714486252,242,59.0,3,5,142.3372881355932,6.071136363636242,0.0159222747645191,151.59318181818173,0.8443244459433749,0.6759118416719971,0.8264298535215292,-0.0459733564458098,-0.0639766630980036,-0.2138108628659445,-0.1880863267305624,518.2968181818183,28.68126848998459,1.0011902169229645,47.570544149780744,1.4993835972751626,3.8932463776543433,14,0,0
MATO GROSSO,AÇAILÂNDIA - MA,2100055,2100055,2017,51892.1301388795,51892.1301388795,2777828.81078797,53.53083026951554,3600.0,75600.0,21000.0,1251.5,515.23,27.17479338842975,25.04610169491525,28.758135593220334,31.87938016528926,23.22400826446281,2.7891586497960423,242,59.0,3,10,287.5813559322034,-215.4488636363637,-0.5650401834273713,-3.0668181818182347,-0.0170811743055727,0.5029779573744761,0.61498552623267,0.0145351181304604,0.0202271147380388,0.0768671032357488,0.067618880071101,518.2968181818183,28.68126848998459,1.0011902169229645,48.571734366703595,4.959095902811946,3.980257754643973,14,0,0
MATO GROSSO,AÇAILÂNDIA - MA,2100055,2100055,2018,89271.7612155857,89271.7612155857,4539839.429736732,50.854288756039765,3420.0,123554.0,36127.0,1538.39,430.92,26.617024793388428,24.823050847457623,28.045254237288137,31.049173553719008,22.93735537190083,2.480602638808744,242,59.0,0,7,196.31677966101697,71.44113636363636,0.1873628484915142,-87.37681818181824,-0.4866603017023708,-0.0547906376668478,-0.0669919002297015,-0.2085157293271677,-0.2901711251281632,-0.6360142526964516,-0.5594925483882562,518.2968181818183,28.68126848998459,1.0011902169229645,49.57292458362667,1.2813641724130918,3.928964460256423,14,0,0
MATO GROSSO,AÇAILÂNDIA - MA,2100055,2100055,2019,117819.84595341784,117819.84595341784,6306994.176112877,53.53083026951554,3600.0,171648.0,47680.0,1251.01,438.15,27.59485596707819,25.79233333333333,29.668,32.53720164609054,23.51534979423868,2.4137788606787662,243,60.0,3,9,267.012,-215.93886363636372,-0.5663252665102263,-80.14681818181828,-0.4463915661896341,0.9230405360229136,1.128591345718768,0.7607667565485379,1.058685339566997,0.9867315100154102,0.8680134521717993,518.2968181818183,28.68126848998459,1.0011902169229645,50.57411480054952,2.956715468966017,3.980257754643973,14,0,0
MATO GROSSO,AÇAILÂNDIA - MA,2100055,2100055,2020,131408.17088835585,131408.17088835585,6565413.091804303,49.96210825154783,3360.0,178681.0,53179.0,1315.03,440.2,26.613553719008262,25.212881355932204,28.721525423728814,30.964462809917357,22.936115702479334,2.378125193269187,242,59.0,0,11,315.93677966101694,-151.91886363636377,-0.3984252278074237,-78.09681818181826,-0.4349737366182495,-0.0582617120470132,-0.071235944074926,0.1813147791474101,0.2523181998659585,0.0402569337442244,0.0354134429462275,518.2968181818183,28.68126848998459,1.0011902169229645,51.5753050174726,-1.6131967659247692,3.911264883157022,14,0,0
MATO GROSSO,AÇAILÂNDIA - MA,2100055,2100055,2021,154722.56364360958,154722.56364360958,8010141.279785417,51.77620861068142,3482.0,218000.0,62614.0,1569.03,494.5,26.25388429752066,24.721525423728814,28.00406779661017,30.52623966942149,22.78119834710744,1.946362229510766,242,59.0,0,7,196.0284745762712,102.08113636363623,0.2677198804479943,-23.796818181818253,-0.1325404948005986,-0.4179311335346156,-0.5109997253705586,-0.3100411530559803,-0.4314542145505434,-0.6772006933744201,-0.5957236651537421,518.2968181818183,28.68126848998459,1.0011902169229645,52.57649523439545,-0.8002866237140296,3.946930750527906,14,0,0
MATO GROSSO,AÇAILÂNDIA - MA,2100055,2100055,2022,165842.3058162266,165842.3058162266,9025628.77771858,54.423010774007466,3660.0,245637.0,67114.0,1288.62,377.62,26.664504132231407,24.96949152542373,28.52152542372881,31.313347107438016,22.76479338842975,2.432916551819158,242,59.0,0,4,114.08610169491526,-178.32886363636362,-0.4676885833547681,-140.67681818181825,-0.7835238705583707,-0.0073112988238683,-0.0089394433468053,-0.062075051361063,-0.0863838308694985,-0.1597430662557748,-0.1405236672729931,518.2968181818183,28.68126848998459,1.0011902169229645,53.57768545131853,0.8453253226889359,3.996787056595184,14,0,0
MATO GROSSO,AÇAILÂNDIA - MA,2100055,2100055,2023,177174.55861703143,177174.55861703143,9405265.381859602,53.08474001726957,3570.0,255969.0,71700.0,1179.75,454.43,28.62353909465021,26.43733333333333,30.66283333333333,33.715061728395064,24.35979423868313,2.8119368904626287,243,60.0,18,15,459.9425,-287.19886363636374,-0.7532130634168447,-63.866818181818246,-0.3557172903739553,1.951723663594933,2.386350707259828,1.405766756548541,1.9562693075083584,1.9815648433487425,1.7431539612539082,518.2968181818183,28.68126848998459,1.0011902169229645,54.57887566824138,-1.4941356509718133,3.9718895049734564,14,0,0
MATO GROSSO,AFONSO CUNHA - MA,2100105,2100105,2003,49.42107632274238,49.42107632274238,808.3628814462347,16.35664258235197,1100.0,22.0,20.0,1532.13,735.35,27.545390946502057,25.923,29.714166666666664,32.571440329218106,23.50251028806584,1.927024896008112,243,60.0,11,5,148.57083333333333,308.24227272727285,1.0354325489426934,289.4695454545454,2.343456405335091,-0.0554529641765064,-0.0750810621811046,-0.4324718798151004,-0.5545050465341066,-1.0981115177195695,-0.9354746898413954,445.8804545454546,30.812278184386237,0.605195775547046,33.09564823805795,-16.739005655705977,2.7946340889862338,21,1,0
MATO GROSSO,AFONSO CUNHA - MA,2100105,2100105,2004,197.68430529096952,197.68430529096952,6687.365655600669,33.82851079531885,2275.0,182.0,80.0,1070.03,452.05,28.0450826446281,27.100169491525424,31.585254237288137,33.43574380165289,23.702438016528923,1.773331310006746,242,59.0,16,20,631.7050847457627,-153.8577272727273,-0.5168314433805247,6.169545454545414,0.0499467423792626,0.4442387339495361,0.6014812102876056,0.7446976117103219,0.9548333732399398,0.7729760529019032,0.658493715506129,445.8804545454546,30.812278184386237,0.605195775547046,33.700844013604865,0.12766678171398382,3.5213039615848225,21,1,0
MATO GROSSO,AFONSO CUNHA - MA,2100105,2100105,2005,271.8159197750831,271.8159197750831,10104.536018077932,37.17418768716357,2500.0,275.0,110.0,1257.33,386.75,27.90024793388429,26.71728813559322,31.176101694915257,33.239669421487605,23.60421487603306,2.1765856862244246,242,59.0,22,17,529.9937288135594,33.442272727272666,0.1123376666868602,-59.1304545454546,-0.4787019727319819,0.2994040232057315,0.4053808920300472,0.3618162557781161,0.4639121041414709,0.3638235105290235,0.309939091045999,445.8804545454546,30.812278184386237,0.605195775547046,34.30603978915201,2.868147898011557,3.615614641056064,21,1,0
MATO GROSSO,AFONSO CUNHA - MA,2100105,2100105,2006,741.3161448411357,741.3161448411357,34171.70362477265,46.09599273208283,3100.0,930.0,300.0,1315.72,471.78,27.275661157024796,27.238813559322036,32.19220338983051,32.60619834710744,23.15136363636364,1.6628393257612872,242,59.0,28,18,579.4596610169492,91.83227272727277,0.3084785334078142,25.899545454545432,0.2096747538516189,-0.3251827536537703,-0.4402842464757801,0.8833416795069304,1.13259946359963,1.3799252054442768,1.1755500991812458,445.8804545454546,30.812278184386237,0.605195775547046,34.91123556469893,11.1847571673839,3.8307260206730094,21,1,0
MATO GROSSO,AFONSO CUNHA - MA,2100105,2100105,2007,1260.2374462299308,1260.2374462299308,56217.964027851776,44.60902522459628,3000.0,1530.0,510.0,1428.42,555.47,27.65522633744856,25.9225,30.019,32.86275720164609,23.475185185185182,2.36526942060112,243,60.0,11,8,240.152,204.5322727272728,0.6870549279865347,109.58954545454544,0.8872032525906703,0.0543824267699974,0.0736315979950341,-0.4329718798151027,-0.5551461345127907,-0.7932781843862315,-0.675788980920394,445.8804545454546,30.812278184386237,0.605195775547046,35.51643134024607,9.092593884350208,3.7979361978500186,21,1,0
MATO GROSSO,AFONSO CUNHA - MA,2100105,2100105,2008,1309.658522552673,1309.658522552673,58422.59006815969,44.60902522459628,3000.0,1590.0,530.0,1328.16,490.35,27.504628099173555,26.17627118644068,30.44,32.772603305785125,23.351528925619835,2.009976379920389,242,59.0,10,11,334.84000000000003,104.27227272727282,0.3502663803338062,44.46954545454543,0.3600117621152607,-0.096215811505008,-0.1302723025484995,-0.1792006933744225,-0.2297668205872995,-0.3722781843862321,-0.3171415775664092,445.8804545454546,30.812278184386237,0.605195775547046,36.12162711579299,8.48739810880329,3.7979361978500186,21,1,0
MATO GROSSO,AFONSO CUNHA - MA,2100105,2100105,2009,1482.6322896822714,1482.6322896822714,66138.7812092374,44.60902522459628,3000.0,1800.0,600.0,802.27,276.83,27.89884297520661,27.20779661016949,31.935254237288135,33.30648760330578,23.62818181818182,1.357814444807247,242,59.0,29,20,638.7050847457627,-421.6177272727273,-1.4162778977939952,-169.0504545454546,-1.368580483681875,0.2979990645280495,0.4034786350198507,0.8523247303543897,1.09283027712552,1.1229760529019046,0.9566566399096808,445.8804545454546,30.812278184386237,0.605195775547046,36.726822891340134,7.882202333256146,3.7979361978500186,21,1,0
MATO GROSSO,AFONSO CUNHA - MA,2100105,2100105,2010,2594.606506943975,2594.606506943975,115742.86711616542,44.60902522459628,3000.0,3150.0,1050.0,1429.53,481.98,27.65512396694215,25.8371186440678,29.946779661016947,32.883016528925616,23.531322314049586,2.340534611307018,242,59.0,10,11,329.41457627118643,205.6422727272727,0.6907835863537248,36.09954545454542,0.2922508165489342,0.0542800562635861,0.0734929924854545,-0.5183532357473055,-0.6646200562960357,-0.8654985233692862,-0.7373130594135464,445.8804545454546,30.812278184386237,0.605195775547046,37.33201866688728,7.277006557709001,3.7979361978500186,21,1,0
MATO GROSSO,AFONSO CUNHA - MA,2100105,2100105,2011,2372.211663491634,2372.211663491634,84657.63994782386,35.68722017967703,2400.0,2304.0,960.0,826.42,424.98,27.499135802469137,26.232166666666668,30.73033333333333,32.88399176954733,23.264362139917694,1.71681970842414,243,60.0,19,19,583.8763333333333,-397.4677272727273,-1.3351543846699838,-20.90045454545458,-0.1692036514654752,-0.1017081082094257,-0.1377086493066079,-0.1233052131484342,-0.1580989797163295,-0.0819448510529028,-0.0698083326564196,445.8804545454546,30.812278184386237,0.605195775547046,37.9372144424342,-2.24999426275717,3.574792646535809,21,1,0
MATO GROSSO,AFONSO CUNHA - MA,2100105,2100105,2012,3088.817270171399,3088.817270171399,41336.738255773365,13.382707567378883,900.0,1125.0,1250.0,900.97,306.34,28.63929752066116,27.464067796610166,32.342372881355935,34.254586776859504,24.136735537190084,1.983272140716752,242,59.0,31,29,937.928813559322,-322.91772727272723,-1.0847296267654265,-139.54045454545462,-1.1296766003291518,1.038453609982593,1.4060240281317218,1.108595916795064,1.421415030944409,1.5300946969697016,1.3034785984652884,445.8804545454546,30.812278184386237,0.605195775547046,38.54241021798134,-25.15970265060246,2.5939633935240827,21,1,0
MATO GROSSO,AFONSO CUNHA - MA,2100105,2100105,2013,3583.0280333988226,3583.0280333988226,115081.47930407306,32.118498161709326,2160.0,3132.0,1450.0,986.75,440.75,28.011942148760333,26.227288135593223,30.5828813559322,33.34066115702479,23.809256198347107,2.254131832943852,242,59.0,13,13,397.5774576271186,-237.1377272727273,-0.7965815954702834,-5.130454545454597,-0.0415345819814887,0.4110982380817702,0.5566103243410875,-0.1281837442218787,-0.1643541149659439,-0.2293968284540319,-0.1954217977735823,445.8804545454546,30.812278184386237,0.605195775547046,39.14760599352826,-7.0291078318189335,3.4694321308779825,21,1,0
MATO GROSSO,AFONSO CUNHA - MA,2100105,2100105,2014,3632.449109721565,3632.449109721565,162040.0139626316,44.60902522459628,3000.0,4410.0,1470.0,775.17,239.86,28.39706611570248,27.703898305084746,33.15440677966102,34.09880165289256,23.86818181818182,2.0110658771943712,242,59.0,40,26,862.0145762711865,-448.7177272727273,-1.5073109083803602,-206.0204545454546,-1.6678782324975363,0.7962222050239163,1.0780525400787178,1.3484264252696434,1.7289199427524382,2.342128595274783,1.9952454608465984,445.8804545454546,30.812278184386237,0.605195775547046,39.752801769075404,4.856223455520876,3.7979361978500186,21,1,0
MATO GROSSO,AFONSO CUNHA - MA,2100105,2100105,2015,5510.450009985775,5510.450009985775,221234.22314489904,40.148122702136654,2700.0,6021.0,2230.0,869.29,355.69,28.98465020576132,27.4375,32.33983333333334,34.706378600823044,24.391604938271605,2.1588484507571946,243,60.0,32,16,517.4373333333334,-354.5977272727273,-1.1911475520560553,-90.1904545454546,-0.7301541793377286,1.3838062950827563,1.8736175429145123,1.0820281201848978,1.3873504408907678,1.5275551489471049,1.3013151725650578,445.8804545454546,30.812278184386237,0.605195775547046,40.35799754462232,-0.209874842485668,3.6925756821921922,21,1,0
MATO GROSSO,AFONSO CUNHA - MA,2100105,2100105,2016,9933.63634087122,9933.63634087122,265877.90046113427,26.76541513475777,1800.0,7236.0,4020.0,1194.57,447.89,28.304710743801653,26.509661016949156,30.93406779661017,33.68958677685951,24.035702479338845,2.481771912303255,242,59.0,26,8,247.47254237288132,-29.317727272727325,-0.0984826928851049,2.009545454545389,0.0162686619066318,0.7038668331230902,0.9530071160257556,0.1541891371340504,0.1976976045196848,0.1217896122239352,0.1037518484076084,445.8804545454546,30.812278184386237,0.605195775547046,40.96319332016947,-14.197778185411696,3.287110574084028,21,1,0
MATO GROSSO,AFONSO CUNHA - MA,2100105,2100105,2017,13837.901370367868,13837.901370367868,617295.2912862157,44.60902522459628,3000.0,16800.0,5600.0,947.52,436.42,28.295206611570247,26.573898305084743,31.35355932203389,33.857314049586776,23.86293388429752,2.274797368815017,242,59.0,23,10,313.53559322033897,-276.3677272727273,-0.9283611159611724,-9.46045454545458,-0.0765889301657411,0.6943627008916842,0.9401389068390958,0.2184264252696408,0.2800611109332795,0.5412811376476618,0.4611141912157363,445.8804545454546,30.812278184386237,0.605195775547046,41.568389095716384,3.040636128879896,3.7979361978500186,21,1,0
MATO GROSSO,AFONSO CUNHA - MA,2100105,2100105,2018,14826.322896822714,14826.322896822714,661387.8120923738,44.60902522459628,3000.0,18000.0,6000.0,1342.03,391.45,27.86119834710744,26.469661016949157,30.51677966101695,32.877272727272725,23.82971074380165,2.332354741670559,242,59.0,6,11,335.6845762711865,118.14227272727273,0.3968578141652775,-54.43045454545461,-0.4406522183518465,0.260354436428873,0.3525093368935609,0.1141891371340513,0.1464105662252026,-0.2954985233692824,-0.2517334396706177,445.8804545454546,30.812278184386237,0.605195775547046,42.17358487126353,2.4354403533327513,3.7979361978500186,21,1,0
MATO GROSSO,AFONSO CUNHA - MA,2100105,2100105,2019,16803.16594973241,16803.16594973241,762065.7345997685,45.35250897833955,3050.0,20740.0,6800.0,1433.42,648.21,28.27432098765432,26.45833333333333,30.308333333333334,33.50687242798354,24.11415637860082,2.191895819826047,243,60.0,5,7,212.15833333333333,209.5322727272728,0.7038506863973031,202.32954545454544,1.637997767742536,0.6734770769757574,0.9118606199844642,0.1028614535182299,0.131886482640392,-0.5039448510528999,-0.4293076300801268,445.8804545454546,30.812278184386237,0.605195775547046,42.778780646810674,2.5737283315288764,3.814465499801229,21,1,0
MATO GROSSO,AFONSO CUNHA - MA,2100105,2100105,2020,16790.810680651724,16790.810680651724,737079.9728096122,43.89528082100274,2952.0,20060.0,6795.0,1208.34,388.73,27.80020661157025,26.95627118644068,31.766101694915253,33.09690082644628,23.610123966942147,1.8316999900093105,242,59.0,27,16,508.25762711864405,-15.547727272727345,-0.0522271742218487,-57.15045454545458,-0.462672501737797,0.1993627008916831,0.2699290031565711,0.6007993066255786,0.7703304261551277,0.9538235105290198,0.8125565921834099,445.8804545454546,30.812278184386237,0.605195775547046,43.38397642235759,0.5113043986451515,3.781806815920135,21,1,0
MATO GROSSO,AFONSO CUNHA - MA,2100105,2100105,2021,23722.116634916343,23722.116634916343,1058220.4993477983,44.60902522459628,3000.0,28800.0,9600.0,1510.5,400.82,27.73797520661157,26.18322033898305,30.47661016949153,32.915743801652894,23.67363636363637,2.0237577592840537,242,59.0,9,5,152.38305084745764,286.61227272727274,0.9627740980577087,-45.06045454545461,-0.3647955803642146,0.1371312959330062,0.185670207351757,-0.1722515408320539,-0.2208567842734329,-0.3356680148947077,-0.2859535912849733,445.8804545454546,30.812278184386237,0.605195775547046,43.989172197904736,0.6198530266915441,3.7979361978500186,21,1,0
MATO GROSSO,AFONSO CUNHA - MA,2100105,2100105,2022,24957.6435429849,24957.6435429849,1131891.7528614209,45.35250897833955,3050.0,30805.0,10100.0,1130.35,341.13,27.39780991735537,26.448474576271188,31.08406779661017,32.64537190082645,23.20995867768595,1.7739415513536791,242,59.0,16,12,373.0088135593221,-93.53772727272737,-0.3142074139130146,-104.7504545454546,-0.8480274609919357,-0.2030339933231886,-0.2748997840594188,0.0930026964560859,0.1192458213658373,0.2717896122239374,0.2315359588662748,445.8804545454546,30.812278184386237,0.605195775547046,44.594367973451654,0.7581410048878965,3.814465499801229,21,1,0
MATO GROSSO,AFONSO CUNHA - MA,2100105,2100105,2023,19842.562143581064,19842.562143581064,973673.0907019896,49.06992774705591,3300.0,26499.0,8030.0,947.71,293.44,29.41753086419753,28.636833333333332,34.0955,35.16493827160494,24.77230452674897,2.144459821904457,243,60.0,44,22,750.101,-276.1777272727272,-0.9277228771415632,-152.4404545454546,-1.2341110325639917,1.816686953518968,2.459720380079281,2.281361453518233,2.925106805753697,3.283221815613768,2.7969571943112466,445.8804545454546,30.812278184386237,0.605195775547046,45.1995637489988,3.8703639980571083,3.8932463776543433,21,1,0
MATO GROSSO,ALDEIAS ALTAS - MA,2100303,2100303,2021,1359.0795988754155,1359.0795988754155,21237.89752163289,15.628028503683565,1051.0,578.0,550.0,1537.94,434.38,27.624297520661155,25.883220338983048,29.449322033898305,32.32619834710744,23.66615702479339,2.1780705712140875,242,59.0,2,9,265.0438983050847,329.48227272727286,1.1313796846370905,-8.509545454545446,-0.0658671867957666,-0.0865462298219412,-0.105252674467199,-0.4340322932717022,-0.5240162956649776,-1.0135249101181325,-0.8374208852670079,442.88954545454544,30.46284694401644,15.977465867943732,19.962538788022357,-4.334510284338792,2.749066001076723,3,0,0
MATO GROSSO,ALDEIAS ALTAS - MA,2100303,2100303,2022,1606.1849804891274,1606.1849804891274,71650.34631000717,44.60902522459628,3000.0,1950.0,650.0,1145.72,347.63,27.378429752066115,26.262881355932205,30.51322033898305,32.25603305785124,23.22586776859504,1.8840635470709544,242,59.0,12,11,335.6454237288136,-62.73772727272717,-0.2154294660806207,-95.25954545454545,-0.7373458791718189,-0.3324139984169818,-0.4042632756586303,-0.054371276322545,-0.0656435828641935,0.0503733949666127,0.0416208152219255,442.88954545454544,30.46284694401644,15.977465867943732,35.940004655964,8.669020568632277,3.7979361978500186,3,0,0
MATO GROSSO,ALDEIAS ALTAS - MA,2100303,2100303,2023,22113.46060061108,22113.46060061108,1052231.2652716285,47.58296023956937,3200.0,28637.0,8949.0,892.27,336.5,29.65156378600823,28.675833333333333,33.668,34.92004115226337,25.071069958847737,2.4153806449855373,243,60.0,42,22,740.696,-316.1877272727272,-1.085728734984307,-106.38954545454544,-0.8234964018939568,1.940720035525132,2.360194944960064,2.3585807010785835,2.8475639743064365,3.205153055983562,2.6482448361778963,442.88954545454544,30.46284694401644,15.977465867943732,51.91747052390929,-4.33451028433992,3.8624747189875897,3,0,0
MATO GROSSO,ALTO ALEGRE DO PINDARÉ - MA,2100477,2100477,2020,864.8688356479917,864.8688356479917,46297.146846466174,53.53083026951554,3600.0,1260.0,350.0,1249.53,464.05,27.42206611570248,26.501016949152543,30.852033898305084,32.12136363636363,23.59942148760331,2.2731400832184065,242,59.0,24,16,493.63254237288135,-49.25568181818176,-0.1525619617325775,-5.510681818181752,-0.040916620353107,0.3904385496764391,0.5126422747077435,0.8972403055983591,1.122733769406343,1.4088571520287625,1.124732180680885,469.56068181818176,29.44317674627632,1.0126248725989648,49.18293727762352,4.347892991892017,3.980257754643973,4,0,0
MATO GROSSO,ALTO ALEGRE DO PINDARÉ - MA,2100477,2100477,2021,835.2161898543462,835.2161898543462,37993.05542797304,45.48633605401334,3059.0,1034.0,338.0,1683.44,489.65,26.834586776859503,25.22508474576271,28.567966101694918,31.289256198347108,23.29152892561984,2.0077011571501204,242,59.0,0,5,142.83983050847456,384.6543181818183,1.1914080813528274,20.08931818181821,0.149162487024054,-0.197040789166536,-0.2587127691470303,-0.378691897791473,-0.4738643362298811,-0.8752106445814078,-0.6987064482851654,469.56068181818176,29.44317674627632,1.0126248725989648,50.195562150222486,-4.709226096209143,3.817411974350675,4,0,0
MATO GROSSO,ALTO ALEGRE DO PINDARÉ - MA,2100477,2100477,2022,1235.5269080685596,1235.5269080685596,58790.02774154434,47.58296023956937,3200.0,1600.0,500.0,1615.22,540.36,26.729917355371903,25.20135593220339,28.62593220338983,31.261322314049583,23.013801652892564,2.0530046782482327,242,59.0,2,5,143.12966101694914,316.4343181818183,0.9801070365756008,70.79931818181825,0.5256824688637357,-0.3017102106541394,-0.3961427702783621,-0.4024207113507927,-0.5035566495653021,-0.8172445428864918,-0.6524304011564628,469.56068181818176,29.44317674627632,1.0126248725989648,51.20818702282145,-3.6252267832520815,3.8624747189875897,4,0,0
MATO GROSSO,ALTO ALEGRE DO PINDARÉ - MA,2100477,2100477,2023,1729.737671295983,1729.737671295983,97224.00837757895,56.20737178299132,3780.0,2646.0,700.0,1488.66,594.55,28.493868312757204,26.6085,30.4785,33.251275720164614,24.514362139917694,2.428123585791325,243,60.0,19,8,243.828,189.87431818181835,0.588106740078888,124.9893181818182,0.9280413293624996,1.4622407467311618,1.9199088389090155,1.0047233564458151,1.2572293444181917,1.0353232537236785,0.826529062363371,469.56068181818176,29.44317674627632,1.0126248725989648,52.220811895420184,3.98655988757114,4.029047918813405,4,0,0
MATO GROSSO,ALTO PARNAÍBA - MA,2100501,2100501,1984,,370.6580724205679,9920.817181385608,26.76541513475777,1800.0,270.0,150.0,1344.23,598.6,25.673553719008265,23.79610169491525,27.745254237288137,30.54900826446281,21.390619834710744,2.168863541446917,242,59.0,0,1,27.745254237288137,135.12750000000003,0.5733844960830886,178.88090909090914,1.472155201277238,-0.7908209302622176,-0.9155095473279092,-1.4211131869542868,-1.7980391300245306,-1.8526795711350768,-1.833837205782978,419.7190909090909,29.59793380842321,0.778327057091777,18.861910826215308,7.9035043085424626,3.287110574084028,40,1,0
MATO GROSSO,ALTO PARNAÍBA - MA,2100501,2100501,1985,,1111.9742172617036,26786.206389741143,24.08887362128199,1620.0,729.0,450.0,1623.61,381.71,24.56570247933884,23.68949152542373,27.77525423728813,29.24636363636364,20.43880165289256,1.5227049672665491,242,59.0,0,10,277.7525423728813,414.5075,1.758873464025907,-38.0090909090909,-0.3128074491683207,-1.89867216993164,-2.198035525238123,-1.5277233564458117,-1.9329258217842031,-1.82267957113508,-1.8041423157271768,419.7190909090909,29.59793380842321,0.778327057091777,19.64023788330701,4.448635737974982,3.1817500584262017,40,1,0
MATO GROSSO,ALTO PARNAÍBA - MA,2100501,2100501,1986,,370.6580724205679,8267.347651154674,22.30451261229814,1500.0,225.0,150.0,1156.93,305.32,25.42309917355372,25.22610169491525,29.89864406779661,30.45012396694215,20.970206611570248,1.5388158615259868,242,59.0,10,13,388.682372881356,-52.1724999999999,-0.2213827875295174,-114.39909090909087,-0.941482339055066,-1.0412754757167626,-1.2054532232739663,0.0088868130457129,0.0112438880619002,0.3007102593733961,0.2976519363581719,419.7190909090909,29.59793380842321,0.778327057091777,20.41856494039871,1.8859476718994301,3.104789017290073,40,1,0
MATO GROSSO,ALTO PARNAÍBA - MA,2100501,2100501,1987,,1976.8430529096952,30864.76456431078,15.613158828608698,1050.0,840.0,800.0,1345.71,459.85,26.37543209876543,25.256666666666668,29.364166666666662,31.22740740740741,22.015514403292183,2.140842335988439,243,60.0,0,3,88.0925,136.60750000000007,0.5796645579076838,40.13090909090914,0.3302696014371291,-0.0889425505050525,-0.1029661090584322,0.0394517847971265,0.0499156952913576,-0.2337671417565481,-0.2313896524373377,419.7190909090909,29.59793380842321,0.778327057091777,21.19689199749064,-5.58373316888194,2.7481140733513407,40,1,0
MATO GROSSO,ALTO PARNAÍBA - MA,2100501,2100501,1988,617.7634540342798,617.7634540342798,16534.69530230935,26.76541513475777,1800.0,450.0,250.0,1297.64,384.42,25.70293388429752,24.446779661016947,28.60169491525424,30.499380165289256,21.460537190082643,2.0532011409190165,242,59.0,0,5,143.0084745762712,88.53750000000014,0.3756898471588427,-35.299090909090864,-0.2905046745696415,-0.7614407649729635,-0.8814970157988494,-0.770435220852594,-0.9747799731638234,-0.9962388931689752,-0.986106813398937,419.7190909090909,29.59793380842321,0.778327057091777,21.97521905458234,4.790196080175431,3.287110574084028,40,1,0
MATO GROSSO,ALTO PARNAÍBA - MA,2100501,2100501,1989,3830.1334150125344,3830.1334150125344,102515.11087431796,26.76541513475777,1800.0,2790.0,1550.0,1494.82,414.95,25.68851239669421,24.674237288135597,29.3364406779661,30.54210743801653,21.27318181818182,2.024702902710428,242,59.0,3,26,762.7474576271186,285.7175,1.212380786735637,-4.769090909090892,-0.0392486935741928,-0.7758622525762675,-0.8981923371823111,-0.5429775937339478,-0.6869931045764093,-0.2614931304571151,-0.2588336586423973,419.7190909090909,29.59793380842321,0.778327057091777,22.75354611167404,4.0118690230837295,3.287110574084028,40,1,0
MATO GROSSO,ALTO PARNAÍBA - MA,2100501,2100501,1990,1149.0400245037604,1149.0400245037604,4629.714684646617,4.014812270213666,270.0,126.0,465.0,1345.7,538.06,26.198760330578512,24.76254237288136,28.922881355932205,31.10471074380165,21.80177685950413,1.9652953998598488,242,59.0,2,1,28.922881355932205,136.59750000000008,0.5796221250575176,118.34090909090908,0.9739227384713262,-0.2656143186919699,-0.3074936883484687,-0.4546725089881853,-0.5752666079042476,-0.6750524524910091,-0.6681869452873682,419.7190909090909,29.59793380842321,0.778327057091777,23.53187316876597,-19.5170608985523,1.3899905891981468,40,1,0
MATO GROSSO,ALTO PARNAÍBA - MA,2100501,2100501,1991,1359.0795988754155,1359.0795988754155,30313.6080542338,22.30451261229814,1500.0,825.0,550.0,1391.3,730.64,25.990864197530865,24.316166666666668,28.415000000000003,31.08164609053498,21.584732510288067,2.2864251921214107,243,60.0,6,14,397.81000000000006,182.1975,0.7731159218153114,310.9209090909091,2.5588188020187728,-0.4735104517396173,-0.5481687734079463,-0.9010482152028736,-1.1400358281424108,-1.1829338084232113,-1.1709029794806736,419.7190909090909,29.59793380842321,0.778327057091777,24.31020022585767,-2.0056876135595303,3.104789017290073,40,1,0
MATO GROSSO,ALTO PARNAÍBA - MA,2100501,2100501,1992,7771.464251751239,7771.464251751239,46223.65931178924,5.947870029946171,400.0,1258.0,3145.0,1405.36,395.92,25.743223140495868,24.393389830508475,28.815593220338982,30.59309917355372,21.35826446280992,2.0574926185318136,242,59.0,0,10,288.15593220338985,196.25749999999996,0.8327765091489644,-23.79909090909092,-0.1958619041324437,-0.7211515087746143,-0.8348553586387404,-0.8238250513610659,-1.0423305421690618,-0.7823405880842316,-0.7743839249784643,419.7190909090909,29.59793380842321,0.778327057091777,25.08852728294937,-19.1406572530032,1.783033177307754,40,1,0
MATO GROSSO,ALTO PARNAÍBA - MA,2100501,2100501,1993,4564.036398405259,4564.036398405259,62868.58591611398,13.769319119325386,926.0,1711.0,1847.0,1649.27,564.46,25.84892561983471,24.469830508474576,28.43186440677966,30.669752066115706,21.500578512396697,2.013374080856662,242,59.0,0,1,28.43186440677966,440.1675,1.8677561575523327,144.74090909090916,1.191189620170634,-0.6154490294357728,-0.7124867852894573,-0.747384373394965,-0.9456152830536212,-1.1660694016435542,-1.154210089308065,419.7190909090909,29.59793380842321,0.778327057091777,25.8668543400413,-12.097535220715914,2.6224428648459512,40,1,0
MATO GROSSO,ALTO PARNAÍBA - MA,2100501,2100501,1994,10983.834212729496,10983.834212729496,330583.6747441716,30.096222351527626,2024.0,8997.0,4445.0,1361.89,432.72,25.884876033057854,24.59084745762712,28.79694915254237,30.76888429752066,21.52400826446281,1.8649059094116447,242,59.0,0,7,201.5786440677966,152.78750000000014,0.6483209094765681,13.000909090909149,0.1069949612665911,-0.5794986162126285,-0.6708680758235116,-0.6263674242424244,-0.7925006599750753,-0.8009846558808427,-0.7928383764255748,419.7190909090909,29.59793380842321,0.778327057091777,26.645181397133,3.4510409543946245,3.404399660607128,40,1,0
MATO GROSSO,ALTO PARNAÍBA - MA,2100501,2100501,1995,14159.138366465691,14159.138366465691,389483.9337877313,27.49402921342617,1849.0,10600.0,5730.0,1293.12,361.07,25.99049382716049,25.045,29.27983333333333,30.84658436213992,21.640864197530863,2.074376876208494,243,60.0,3,12,351.358,84.01749999999993,0.3565101988837271,-58.64909090909089,-0.4826706475877789,-0.4738808221099901,-0.5485975400188797,-0.1722148818695394,-0.2178919309288941,-0.3181004750898815,-0.3148652878164299,419.7190909090909,29.59793380842321,0.778327057091777,27.423508454224702,0.07052075920146805,3.3139688615868965,40,1,0
MATO GROSSO,ALTO PARNAÍBA - MA,2100501,2100501,1996,10781.20779980625,10781.20779980625,323639.10271720163,30.00700430107843,2018.0,8808.0,4363.0,1535.86,475.76,25.673305785123965,24.34237288135593,28.46169491525424,30.597561983471078,21.29388429752066,2.163473804315206,242,59.0,1,11,313.07864406779663,326.75749999999994,1.3865252038176517,56.04090909090911,0.4612058168854613,-0.7910688641465171,-0.9157965729104354,-0.8748420005136097,-1.1068788636629616,-1.1362388931689755,-1.1246829669926872,419.7190909090909,29.59793380842321,0.778327057091777,28.20183551131663,1.805168789761801,3.401430831113326,40,1,0
MATO GROSSO,ALTO PARNAÍBA - MA,2100501,2100501,1997,36448.04378802251,36448.04378802251,1083941.1364847238,29.739350149730857,2000.0,29500.0,14750.0,1108.72,488.4,27.290454545454544,25.881016949152546,29.981355932203392,32.525,22.49504132231405,1.8043642919115088,242,59.0,5,10,299.81355932203394,-100.38249999999994,-0.4259515581806855,68.6809090909091,0.5652305663051296,0.8260798961840621,0.9563277891006134,0.663802067283001,0.8398642011928673,0.3834221237801785,0.3795225936871697,419.7190909090909,29.59793380842321,0.778327057091777,28.980162568408332,0.7591875813225251,3.3924710897418544,40,1,0
MATO GROSSO,ALTO PARNAÍBA - MA,2100501,2100501,1998,40278.17720303504,40278.17720303504,1149932.9426246074,28.549776143741617,1920.0,31296.0,16300.0,1186.04,449.49,26.610661157024797,25.03101694915254,29.250169491525423,31.72479338842975,21.92,2.2967833308654493,242,59.0,1,11,321.75186440677965,-23.0625,-0.0978607606957593,29.77090909090913,0.2450088099824008,0.1462865077543114,0.1693514794176266,-0.1861979327170004,-0.2355837466207474,-0.3477643168977913,-0.3442274385203843,419.7190909090909,29.59793380842321,0.778327057091777,29.758489625500033,-1.2087134817584158,3.351649095221599,40,1,0
MATO GROSSO,ALTO PARNAÍBA - MA,2100501,2100501,1999,9019.346428900484,9019.346428900484,327239.9919163712,36.28200718267164,2440.0,8906.0,3650.0,1615.91,487.3,25.673374485596707,24.521166666666662,28.7335,30.597448559670784,21.33839506172839,2.2082606304676893,243,60.0,1,7,201.1345,406.8075000000001,1.7262001693979467,67.58090909090913,0.5561777795676587,-0.7910001636737753,-0.915717040444495,-0.6960482152028753,-0.880663087787365,-0.8644338084232146,-0.8556422300548961,419.7190909090909,29.59793380842321,0.778327057091777,30.53681668259196,5.74519050007968,3.5913219484870194,40,1,0
MATO GROSSO,ALTO PARNAÍBA - MA,2100501,2100501,2000,10625.531409389612,10625.531409389612,397053.1498594551,37.36749346313682,2513.0,10806.0,4300.0,1434.69,349.43,25.878305785123967,25.011016949152545,29.56779661016949,30.99809917355372,21.19144628099173,1.8069841514343412,242,59.0,4,15,443.5169491525424,225.5875000000001,0.9572320586863796,-70.28909090909087,-0.5784655908824734,-0.5860688641465153,-0.6784742537603934,-0.2061979327169965,-0.2608884042163568,-0.0301371982537226,-0.0298306929578082,419.7190909090909,29.59793380842321,0.778327057091777,31.315143739683663,6.052349723453155,3.620801167743364,40,1,0
MATO GROSSO,ALTO PARNAÍBA - MA,2100501,2100501,2001,12473.879663860176,12473.879663860176,410170.6747992872,32.87685159052746,2211.0,11163.0,5048.0,1418.28,637.04,26.263471074380167,24.70050847457627,29.184745762711863,31.284586776859506,21.60123966942149,2.016163198436155,242,59.0,3,10,291.8474576271187,209.1775,0.8875997515636731,217.32090909090908,1.788508948721229,-0.2009035748903151,-0.2325800113097722,-0.5167064072932703,-0.6537539357008146,-0.4131880457113475,-0.4089857863256927,419.7190909090909,29.59793380842321,0.778327057091777,32.093470796775364,0.7833807937520945,3.492768811057218,40,1,0
MATO GROSSO,ALTO PARNAÍBA - MA,2100501,2100501,2002,17438.22678047965,17438.22678047965,596130.8812992596,34.17051332204075,2298.0,16224.0,7057.0,1216.53,421.57,26.70305785123967,25.441694915254235,29.74,31.87681818181818,21.89669421487603,2.0008810685748526,242,59.0,7,13,386.62,7.427500000000009,0.0315169994609324,1.8509090909091128,0.0152326229731334,0.238683201969188,0.2763163465048051,0.2244800333846939,0.2840195190925887,0.142066191576788,0.1406213313173147,419.7190909090909,29.59793380842321,0.778327057091777,32.87179785386729,1.2987154681734552,3.531363088608473,40,1,0
MATO GROSSO,ALTO PARNAÍBA - MA,2100501,2100501,2003,38820.25545151414,38820.25545151414,1327662.5452407636,34.20025267219048,2300.0,36133.0,15710.0,1608.3,815.97,26.491111111111117,24.756666666666668,28.814166666666665,31.53469135802469,21.85864197530864,2.167549745871229,243,60.0,2,6,172.885,399.1975,1.693908770421481,396.2509090909092,3.261068158662784,0.0267364618406311,0.0309519957555372,-0.4605482152028735,-0.5827007445990029,-0.7837671417565488,-0.7757959701270697,419.7190909090909,29.59793380842321,0.778327057091777,33.65012491095899,0.5501277612314865,3.532233032117013,40,1,0
MATO GROSSO,ALTO PARNAÍBA - MA,2100501,2100501,2004,47360.21744008402,47360.21744008402,1831713.545589829,38.676024869724976,2601.0,49851.0,19166.0,1183.15,408.16,26.61768595041322,25.70237288135593,30.053898305084747,31.75681818181818,22.00871900826446,1.9186746637403067,242,59.0,5,15,450.8084745762712,-25.952499999999876,-0.1101238543937857,-11.559090909090855,-0.0951290771627644,0.1533113011427396,0.1774838709224639,0.4851579994863932,0.613837852838823,0.455964496661533,0.4513271865904672,419.7190909090909,29.59793380842321,0.778327057091777,34.428451968050695,4.247572901674282,3.655219895648423,40,1,0
MATO GROSSO,ALTO PARNAÍBA - MA,2100501,2100501,2005,52097.22760561888,52097.22760561888,2014917.969539417,38.676024869724976,2601.0,54837.0,21083.0,1178.49,303.69,26.96590909090909,26.24271186440678,30.888305084745763,32.23504132231405,22.21694214876033,2.394033082131537,242,59.0,14,22,679.5427118644068,-30.612499999999955,-0.1298975625712273,-116.02909090909088,-0.9548969230387732,0.5015344416386078,0.5806113015770474,1.0254969825372378,1.2974925004220292,1.2903712763225492,1.2772477727188325,419.7190909090909,29.59793380842321,0.778327057091777,35.20677902514262,3.4692458445823533,3.655219895648423,40,1,0
MATO GROSSO,ALTO PARNAÍBA - MA,2100501,2100501,2006,49421.07632274238,49421.07632274238,1675515.7906340137,33.902859170693176,2280.0,45600.0,20000.0,1468.35,433.92,26.170619834710745,26.02,30.57881355932204,31.16888429752066,21.49818181818182,1.439021980900107,242,59.0,20,12,366.9457627118644,259.24749999999995,1.1000610323457507,14.200909090909136,0.1168707286165595,-0.2937548145597368,-0.3400710919649104,0.8027851181304584,1.0157101268573063,0.980879750898822,0.9709038786968156,419.7190909090909,29.59793380842321,0.778327057091777,35.985106082234324,-2.082246911541148,3.5234993521482583,40,1,0
MATO GROSSO,ALTO PARNAÍBA - MA,2100501,2100501,2007,49421.07632274238,49421.07632274238,2204626.040307913,44.60902522459628,3000.0,60000.0,20000.0,1036.89,380.55,26.741522633744854,25.19783333333333,29.404,32.028189300411526,21.89378600823045,2.465502259381348,243,60.0,4,11,323.444,-172.21249999999986,-0.7307467209243772,-39.16909090909087,-0.3223540242732899,0.2771479844743716,0.3208458654791078,-0.0193815485362058,-0.0245221724690735,-0.193933808423214,-0.1919614373076868,419.7190909090909,29.59793380842321,0.778327057091777,36.763433139326025,7.845592085270255,3.7979361978500186,40,1,0
MATO GROSSO,ALTO PARNAÍBA - MA,2100501,2100501,2008,51892.1301388795,51892.1301388795,2314857.3423233083,44.60902522459628,3000.0,63000.0,21000.0,998.9,283.35,26.81309917355372,25.588474576271185,30.228474576271186,31.969421487603302,22.169421487603305,2.457133214393827,242,59.0,7,14,423.1986440677966,-210.2025,-0.8919491187057067,-136.36909090909086,-1.122291179620739,0.3487245242832379,0.4037078675482557,0.3712596944016439,0.4697299722943024,0.6305407678479718,0.6241279592315818,419.7190909090909,29.59793380842321,0.778327057091777,37.541760196417954,7.067265028178326,3.7979361978500186,40,1,0
MATO GROSSO,ALTO PARNAÍBA - MA,2100501,2100501,2009,46183.99582360275,46183.99582360275,2575297.16521835,55.76128153074535,3750.0,70088.0,18690.0,890.25,266.91,27.14595041322314,26.003389830508475,30.90576271186441,32.3596694214876,22.48818181818182,1.940958217610617,242,59.0,19,19,587.2094915254238,-318.8525,-1.3529820357612845,-152.80909090909086,-1.2575891923153075,0.6815757639526581,0.7890397120863656,0.7861749486389336,0.9946943942778984,1.3078289034411943,1.2945278499829451,419.7190909090909,29.59793380842321,0.778327057091777,38.320087253509655,17.441194277235695,4.021079749164229,40,1,0
MATO GROSSO,ALTO PARNAÍBA - MA,2100501,2100501,2010,68109.65633418741,68109.65633418741,3028164.0976649337,44.44545879877276,2989.0,82413.0,27563.0,1238.08,408.19,26.195661157024794,24.7635593220339,28.832033898305085,31.03954545454545,21.81512396694215,2.20930918420918,242,59.0,0,6,172.9922033898305,28.977499999999964,0.1229597915690564,-11.529090909090884,-0.0948821829790154,-0.2687134922456877,-0.3110815081300139,-0.4536555598356422,-0.5739799303993848,-0.7658999101181294,-0.7581104541569218,419.7190909090909,29.59793380842321,0.778327057091777,39.098414310601356,5.347044488171406,3.7942627924837096,40,1,0
MATO GROSSO,ALTO PARNAÍBA - MA,2100501,2100501,2011,72196.77934607821,72196.77934607821,3220627.9509838144,44.60902522459628,3000.0,87651.0,29217.0,1191.38,446.32,25.685061728395063,24.2365,28.184166666666663,30.551893004115225,21.332510288065844,1.720850109532978,243,60.0,0,12,338.21,-17.722499999999854,-0.075201618707017,26.600909090909116,0.2189203245662339,-0.7793129208754195,-0.9021870718329076,-0.9807148818695416,-1.24083271423161,-1.4137671417565478,-1.3993886612989428,419.7190909090909,29.59793380842321,0.778327057091777,39.876741367693285,4.7322838569029955,3.7979361978500186,40,1,0
MATO GROSSO,ALTO PARNAÍBA - MA,2100501,2100501,2012,73763.42746550914,73763.42746550914,3509874.887472213,47.58296023956937,3200.0,95523.0,29851.0,1144.3,393.09,26.84285123966942,25.667966101694915,29.804237288135592,31.8801652892562,22.1848347107438,2.151896329241596,242,59.0,3,16,476.8677966101695,-64.80250000000001,-0.2749754772894069,-26.62909090909085,-0.2191522554661188,0.3784765903989395,0.4381509374511026,0.4507512198253742,0.5703052639243311,0.2063034797123784,0.2042053049396256,419.7190909090909,29.59793380842321,0.778327057091777,40.655068424784986,6.927891814784381,3.8624747189875897,40,1,0
MATO GROSSO,ALTO PARNAÍBA - MA,2100501,2100501,2013,71475.23163176616,71475.23163176616,2997115.614263931,41.9324837111205,2820.0,81568.0,28925.0,1033.59,215.6,26.483719008264465,25.06949152542373,29.473728813559323,31.46780991735537,21.950619834710743,2.208463212969524,242,59.0,2,19,560.0008474576272,-175.51250000000005,-0.7447495614792183,-204.1190909090909,-1.6798605445877115,0.0193443589939832,0.0223943811654782,-0.1477233564458124,-0.1869044476868092,-0.1242049948638914,-0.1229417888954966,419.7190909090909,29.59793380842321,0.778327057091777,41.43339548187669,0.49908822924381013,3.736060794131931,40,1,0
MATO GROSSO,ALTO PARNAÍBA - MA,2100501,2100501,2014,103655.76547931987,103655.76547931987,4161562.344987232,40.148122702136654,2700.0,113259.0,41948.0,1096.64,375.95,27.000950413223137,25.57135593220339,30.09830508474576,32.14305785123967,22.270082644628097,2.2482615519173303,242,59.0,10,17,511.671186440678,-112.46249999999986,-0.4772104411814342,-43.76909090909089,-0.3602111324481694,0.5365757639526549,0.6211775839070655,0.3541410503338476,0.4480709009624632,0.5003712763225465,0.4952823345826701,419.7190909090909,29.59793380842321,0.778327057091777,42.211722538968615,-2.063599836831962,3.6925756821921922,40,1,0
MATO GROSSO,ALTO PARNAÍBA - MA,2100501,2100501,2015,112072.1747770829,112072.1747770829,4599474.564127061,41.04030320662857,2760.0,125177.0,45354.0,933.74,521.56,28.4801646090535,25.70833333333333,30.38133333333333,34.276008230452675,23.15946502057613,2.5004624311287054,243,60.0,14,24,729.152,-275.36249999999995,-1.168441570388555,101.84090909090908,0.8381309374092591,2.0157899597830173,2.333619259390592,0.4911184514637909,0.6213792126589806,0.78339952491012,0.7754320920658242,419.7190909090909,29.59793380842321,0.778327057091777,42.99004959606032,-1.9497463894317448,3.7145545889109672,40,1,0
MATO GROSSO,ALTO PARNAÍBA - MA,2100501,2100501,2016,110952.78739837278,110952.78739837278,2177766.346383495,19.627971098822364,1320.0,59269.0,44901.0,823.42,330.56,27.708181818181817,26.14864406779661,30.75135593220339,33.10595041322314,22.78289256198347,2.2568442697916176,242,59.0,16,13,399.767627118644,-385.6825,-1.636560773421885,-89.15909090909088,-0.7337620324607282,1.243807168911335,1.4399180580560165,0.9314291859270688,1.178474831222318,1.1534221237801745,1.1416914384527894,419.7190909090909,29.59793380842321,0.778327057091777,43.76837665315202,-24.140405554329654,2.9769556457801882,40,1,0
MATO GROSSO,ALTO PARNAÍBA - MA,2100501,2100501,2017,115390.80005215504,115390.80005215504,4632727.673568371,40.148122702136654,2700.0,126082.0,46697.0,1111.56,491.45,26.974462809917355,25.68423728813559,30.26016949152542,32.32793388429752,22.143305785123967,2.4000867724331654,242,59.0,12,9,272.3415254237288,-97.54250000000002,-0.4139006287334899,71.73090909090911,0.5903314749862996,0.5100881606468732,0.5905136841741173,0.4670224062660502,0.5908921040021166,0.6622356831022067,0.6555005266916657,419.7190909090909,29.59793380842321,0.778327057091777,44.546703710243946,-4.398581008107293,3.6925756821921922,40,1,0
MATO GROSSO,ALTO PARNAÍBA - MA,2100501,2100501,2018,128358.89047924263,128358.89047924263,5439657.548088406,42.37857396336647,2850.0,148043.0,51945.0,940.1,235.29,27.318181818181817,26.688135593220338,31.602203389830507,32.45739669421487,22.65177685950413,2.263625044093869,242,59.0,24,21,663.6462711864407,-269.00249999999994,-1.1414542776828622,-184.4290909090909,-1.5178156619869785,0.8538071689113345,0.9884268167461838,1.4709207113507965,1.861057247551475,2.004269581407293,1.983885495402697,419.7190909090909,29.59793380842321,0.778327057091777,45.32503076733565,-2.946456803969177,3.746642903462468,40,1,0
MATO GROSSO,ALTO PARNAÍBA - MA,2100501,2100501,2019,132226.08970149723,132226.08970149723,5957450.717422058,45.055115476842246,3030.0,162135.0,53510.0,932.03,308.72,27.991111111111117,26.583666666666662,31.31733333333333,33.45304526748971,23.08897119341564,2.391077595168275,243,60.0,24,12,375.808,-277.0725,-1.175697587766972,-110.99909090909084,-0.913500998230155,1.5267364618406312,1.7674567700241215,1.3664517847971247,1.7288797267603722,1.71939952491012,1.701912661806894,419.7190909090909,29.59793380842321,0.778327057091777,46.10335782442735,-1.0482423475851022,3.807886528703187,40,1,0
MATO GROSSO,ALTO PARNAÍBA - MA,2100501,2100501,2020,133523.39295496923,133523.39295496923,6194594.991824512,46.39338623358013,3120.0,168589.0,54035.0,957.79,367.31,27.65264462809917,26.99135593220339,32.06372881355932,33.27078512396694,22.537355371900823,2.234350005678518,242,59.0,33,14,448.8922033898305,-251.3125,-1.0663905657388848,-52.40909090909088,-0.4313166573679426,1.1882699788286892,1.375624327570699,1.7741410503338493,2.2447015902510894,2.4657950051361084,2.440717052588874,419.7190909090909,29.59793380842321,0.778327057091777,46.88168488151928,-0.48829864793914624,3.8371569110032997,40,1,0
MATO GROSSO,ALTO PARNAÍBA - MA,2100501,2100501,2021,137533.91329855978,137533.91329855978,6544285.425584685,47.58296023956937,3200.0,178106.0,55658.0,1237.08,339.32,26.740702479338843,25.27762711864407,29.631186440677965,31.730371900826448,22.22442148760331,2.294647913742679,242,59.0,5,18,533.3613559322034,27.977499999999964,0.1187165065524381,-80.39909090909089,-0.6616689308059582,0.2763278300683609,0.3198963974513245,0.0604122367745283,0.0764355483082312,0.0332526322547508,0.032914441962363,419.7190909090909,29.59793380842321,0.778327057091777,47.66001193861098,-0.07705169904161124,3.8624747189875897,40,1,0
MATO GROSSO,ALTO PARNAÍBA - MA,2100501,2100501,2022,143815.33209918032,143815.33209918032,7057007.955025629,49.06992774705591,3300.0,192060.0,58200.0,1084.63,295.55,26.95971074380165,26.360169491525426,31.04440677966102,32.232231404958675,22.15057851239669,2.1571899268988712,242,59.0,16,16,496.71050847457633,-124.47250000000008,-0.5281722942310209,-124.16909090909088,-1.0218875448960594,0.4953360945311722,0.5734356620139569,1.142954609655881,1.4461037522335602,1.4464729712378066,1.4317618616532706,419.7190909090909,29.59793380842321,0.778327057091777,48.43833899570268,0.6315887513532275,3.8932463776543433,40,1,0
MATO GROSSO,ALTO PARNAÍBA - MA,2100501,2100501,2023,139372.3773377658,139372.3773377658,6438022.450441844,46.20008045760688,3107.0,175214.0,56402.0,1006.63,453.9,28.818765432098765,26.480166666666666,30.831333333333337,34.4395061728395,23.52855967078189,2.3944346885660464,243,60.0,15,12,369.97600000000006,-202.4725,-0.8591485255272473,34.1809090909091,0.2813022549935349,2.354390782828282,2.725607223250175,1.2629517847971243,1.5979281237030671,1.2333995249101228,1.22085544290288,419.7190909090909,29.59793380842321,0.778327057091777,49.21666605279461,-3.0165855951877276,3.832981539592819,40,1,0
MATO GROSSO,AMARANTE DO MARANHÃO - MA,2100600,2100600,2004,370.6580724205679,370.6580724205679,12897.06233580129,34.7950396751851,2340.0,351.0,150.0,665.87,132.55,28.169338842975204,27.30915254237288,32.133050847457625,33.33078512396694,23.664380165289256,1.9373812309627243,242,59.0,32,25,803.3262711864406,-525.5204545454545,-1.840123983341725,-282.9888636363636,-2.163623467992013,1.1908490243728984,1.272037449426722,1.9160966872110947,2.3797556244596927,2.770469183359012,2.5391576813002894,415.5388636363636,29.362581664098613,0.5149546220897822,34.793283926378535,0.0017557488065662596,3.549474838551519,3,0,0
MATO GROSSO,AMARANTE DO MARANHÃO - MA,2100600,2100600,2022,1793.9850705155484,1793.9850705155484,78999.0997777002,44.02910789667653,2961.0,2150.0,726.0,1069.61,210.29,27.200371900826447,25.86813559322034,30.12084745762712,31.90623966942149,23.00202479338843,2.4957552898721787,242,59.0,3,18,542.1752542372882,-121.78045454545465,-0.4264175317498802,-205.2488636363636,-1.5692534767479986,0.2218820822241411,0.2370093203834262,0.4750797380585538,0.5900399944625168,0.7582657935285084,0.6949568057533141,415.5388636363636,29.362581664098613,0.5149546220897822,44.062467123994566,-0.0333592273180372,3.784850958301363,3,0,0
MATO GROSSO,AMARANTE DO MARANHÃO - MA,2100600,2100600,2023,1853.2903621028397,1853.2903621028397,82673.47651154673,44.60902522459628,3000.0,2250.0,750.0,1027.37,411.27,29.07781893004115,27.106333333333332,31.373,34.086748971193416,24.678930041152263,2.8296103636461067,243,60.0,24,19,596.087,-164.0204545454544,-0.5743220260165847,-4.268863636363619,-0.0326380813245091,2.099329111438845,2.242454915582756,1.7132774781715483,2.1278580262425355,2.010418335901388,1.842564859011266,415.5388636363636,29.362581664098613,0.5149546220897822,44.57742174608438,0.031603478511897265,3.7979361978500186,3,0,0
MATO GROSSO,ANAPURUS - MA,2100808,2100808,1994,74.13161448411357,74.13161448411357,1102.3130201539564,14.869675074865428,1000.0,30.0,30.0,1172.51,393.99,26.81657024793388,26.04627118644068,31.72661016949153,33.36004132231405,22.48694214876033,1.1907782825871749,242,59.0,23,12,380.7193220338983,-26.5886363636364,-0.0905198464038057,-39.92022727272723,-0.3323788248817732,-0.5312901107029937,-0.7531911188345319,-0.4937156522855694,-0.7412295838823745,-0.6872194401643519,-0.687597587880761,433.9102272727272,32.41382960965588,0.7375961097075983,24.7351641738328,-9.865489098967371,2.699323909181909,29,1,0
MATO GROSSO,ANAPURUS - MA,2100808,2100808,1995,148.26322896822714,148.26322896822714,2645.551248369496,17.843610089838513,1200.0,72.0,60.0,1461.27,526.25,26.701069958847736,26.16166666666667,31.8405,33.17440329218107,22.41456790123457,1.091291072917454,243,60.0,35,7,222.88350000000003,262.1713636363636,0.8925509094665831,92.33977272727276,0.7688279162155222,-0.6467903997891398,-0.9169317761703096,-0.3783201720595777,-0.5679830129181938,-0.5733296096558753,-0.5736450886280494,433.9102272727272,32.41382960965588,0.7375961097075983,25.472760283540538,-7.629150193702024,2.8816454659758635,29,1,0
MATO GROSSO,ANAPURUS - MA,2100808,2100808,1997,432.43441782399583,323.7080499139626,8745.016626554721,27.003329935955616,1816.0,238.0,131.0,1098.8,434.94,27.83570247933884,27.21135593220339,33.26627118644068,34.65132231404959,23.275289256198345,1.0343541504845073,242,59.0,42,11,365.9289830508474,-100.29863636363643,-0.3414623087088563,1.029772727272757,0.0085739654398223,0.4878421207019663,0.6915964466568686,0.6713690934771428,1.0079458317471186,0.8524415767847984,0.8529106392367515,433.9102272727272,32.41382960965588,0.7375961097075983,26.94795250295556,0.05537743300005715,3.2959601893610104,29,1,0
MATO GROSSO,ANAPURUS - MA,2100808,2100808,1998,432.43441782399583,323.7080499139626,8745.016626554721,27.003329935955616,1816.0,238.0,131.0,1422.89,492.42,27.656157024793387,26.26830508474576,31.769661016949154,34.21681818181818,23.192272727272726,1.9531042702819488,242,59.0,28,10,317.6966101694915,223.7913636363637,0.7618878826958898,58.509772727272775,0.4871567832099158,0.3082966661565116,0.4370612330956582,-0.2716817539804843,-0.4078836725535064,-0.6441685927067233,-0.644523051367346,433.9102272727272,32.41382960965588,0.7375961097075983,27.685548612663297,-0.6822186767076808,3.2959601893610104,29,1,0
MATO GROSSO,ANAPURUS - MA,2100808,2100808,1999,993.3636340871218,993.3636340871218,30240.120519556876,30.438224878249528,2047.0,823.0,402.0,1384.58,449.06,26.724979423868312,25.90583333333333,31.350166666666667,33.00024691358025,22.474279835390945,1.287061928838612,243,60.0,29,9,282.1515,185.48136363636357,0.6314631678552097,15.149772727272762,0.1261381510159135,-0.6228809347685633,-0.8830361768606316,-0.6341535053929164,-0.9520729933189508,-1.063662942989211,-1.0642482316021529,433.9102272727272,32.41382960965588,0.7375961097075983,28.423144722370807,2.015080155878721,3.4156992158610615,29,1,0
MATO GROSSO,ANAPURUS - MA,2100808,2100808,2000,753.6714139218213,753.6714139218213,26896.43769175654,35.68722017967703,2400.0,732.0,305.0,1283.81,499.36,26.56962809917356,25.68322033898305,30.91118644067797,32.94640495867768,22.289586776859505,1.1527899884113488,242,59.0,19,2,61.82237288135593,84.71136363636356,0.2883961223189198,65.44977272727277,0.5449397469420739,-0.7782322594633193,-1.1032722318936254,-0.8567664997431983,-1.286288318284235,-1.5026431689779116,-1.5034700097942757,433.9102272727272,32.41382960965588,0.7375961097075983,29.160740832078318,6.526479347598709,3.574792646535809,29,1,0
MATO GROSSO,ANAPURUS - MA,2100808,2100808,2001,1408.5006751981578,1408.5006751981578,31415.92107438776,22.30451261229814,1500.0,855.0,570.0,1235.44,432.62,27.194173553719008,26.33084745762712,31.917288135593218,33.77214876033058,22.70611570247934,1.3448439800772292,242,59.0,33,9,287.25559322033894,36.34136363636367,0.1237225786790438,-1.290227272727236,-0.0107425296406684,-0.1536868049178679,-0.2178763244680532,-0.2091393810991277,-0.3139869998204122,-0.4965414740626599,-0.4968146997800149,433.9102272727272,32.41382960965588,0.7375961097075983,29.898336941786056,-7.593824329487916,3.104789017290073,29,1,0
MATO GROSSO,ANAPURUS - MA,2100808,2100808,2002,617.7634540342798,617.7634540342798,22046.26040307913,35.68722017967703,2400.0,600.0,250.0,1442.6,572.47,27.35157024793389,26.81050847457627,32.69949152542373,33.99342975206611,22.816652892561983,1.4068371921037075,242,59.0,30,14,457.79288135593225,243.50136363636352,0.8289897132756279,138.5597727272728,1.153659124241509,0.0037098892970099,0.0052593782833072,0.2705216358500237,0.4061419536610328,0.2856619157678537,0.2858191034066185,433.9102272727272,32.41382960965588,0.7375961097075983,30.635933051493566,5.051287128183461,3.574792646535809,29,1,0
MATO GROSSO,ANAPURUS - MA,2100808,2100808,2003,2149.8168200392934,2149.8168200392934,76720.98620271537,35.68722017967703,2400.0,2088.0,870.0,1452.8,665.17,27.138930041152264,26.230166666666666,31.502666666666663,33.47687242798354,22.797736625514403,1.1949492914492756,243,60.0,28,5,157.51333333333332,253.7013636363636,0.8637151659348535,231.25977272727272,1.9254863199145715,-0.2089303174846115,-0.2961930900171785,-0.309820172059581,-0.4651419823353271,-0.9111629429892112,-0.9116643173189094,433.9102272727272,32.41382960965588,0.7375961097075983,31.373529161201304,4.313691018475723,3.574792646535809,29,1,0
MATO GROSSO,ANAPURUS - MA,2100808,2100808,2004,5152.147206645893,5152.147206645893,183865.81176167997,35.68722017967703,2400.0,5004.0,2085.0,914.06,385.86,27.613223140495865,27.33779661016949,33.39559322033898,34.37801652892562,22.89392561983471,1.0722502919518984,242,59.0,41,21,701.3074576271185,-285.0386363636364,-0.9704015365780057,-48.05022727272723,-0.4000698184181486,0.2653627818589896,0.3761953903131252,0.7978097714432444,1.1977748774351604,0.9817636106831032,0.9823038335664148,433.9102272727272,32.41382960965588,0.7375961097075983,32.111125270908815,3.576094908768212,3.574792646535809,29,1,0
MATO GROSSO,ANAPURUS - MA,2100808,2100808,2005,7413.161448411357,7413.161448411357,277782.88107879704,37.47158118866088,2520.0,7560.0,3000.0,1177.56,361.23,27.699628099173555,26.73220338983051,32.559830508474576,34.45206611570248,22.99342975206612,1.6086331747764653,242,59.0,40,19,618.6367796610169,-21.53863636363644,-0.0733273428813461,-72.68022727272722,-0.6051410571390498,0.3517677405366797,0.4986886311776858,0.1922165511042628,0.28858026584887,0.1460008988186985,0.146081236922156,433.9102272727272,32.41382960965588,0.7375961097075983,32.848721380616325,4.622859808044552,3.623582810705241,29,1,0
MATO GROSSO,ANAPURUS - MA,2100808,2100808,2006,10820.744660864444,10820.744660864444,550274.6596608551,50.839419080964895,3419.0,14976.0,4379.0,1516.79,455.11,26.76797520661157,26.917118644067795,33.1657627118644,33.25268595041322,22.47413223140496,0.9139688379409532,242,59.0,40,19,630.1494915254236,317.6913636363636,1.081566314529348,21.199772727272773,0.176510907583573,-0.5798851520253052,-0.8220825828501747,0.3771318053415484,0.5661988836044345,0.7519331022085254,0.7523468591089771,433.9102272727272,32.41382960965588,0.7375961097075983,33.58631749032406,17.25310159064083,3.928672019839073,29,1,0
MATO GROSSO,ANAPURUS - MA,2100808,2100808,2007,12355.269080685595,12355.269080685595,440925.2080615826,35.68722017967703,2400.0,12000.0,5000.0,1462.84,489.64,27.217530864197528,26.281166666666664,31.853,33.74362139917696,22.665308641975308,1.5685434609597155,243,60.0,32,12,382.236,263.7413636363636,0.8978959056111891,55.729772727272746,0.4640102934151894,-0.1303294944393478,-0.1847634950404473,-0.2588201720595826,-0.3885742077407829,-0.560829609655876,-0.5611382104081122,433.9102272727272,32.41382960965588,0.7375961097075983,34.323913600031574,1.363306579645453,3.574792646535809,29,1,0
MATO GROSSO,ANAPURUS - MA,2100808,2100808,2008,24191.616859982398,24191.616859982398,971248.002057651,40.148122702136654,2700.0,26433.0,9790.0,1174.55,449.75,27.030247933884297,26.353389830508476,31.98322033898305,33.558181818181815,22.61694214876033,1.267905099273346,242,59.0,33,15,479.7483050847457,-24.548636363636437,-0.0835747558719607,15.83977272727276,0.1318831430872664,-0.3176124247525784,-0.4502678531670911,-0.1865970082177739,-0.2801434836320646,-0.4306092706728286,-0.4308462166945107,433.9102272727272,32.41382960965588,0.7375961097075983,35.06150970973931,5.086612992397342,3.6925756821921922,29,1,0
MATO GROSSO,ANAPURUS - MA,2100808,2100808,2009,19118.54337545289,19118.54337545289,695926.9533905311,36.3860949081957,2447.0,18940.0,7737.0,743.15,240.32,27.5604958677686,27.458305084745763,33.725762711864405,34.36231404958678,22.914338842975205,0.9382966391128176,242,59.0,46,25,843.1440677966101,-455.9486363636364,-1.5522571359886173,-193.59022727272725,-1.611846841700323,0.2126355091317222,0.3014458086090812,0.918318246019517,1.3786977346525862,1.3119331022085277,1.3126550033622015,433.9102272727272,32.41382960965588,0.7375961097075983,35.79910581944682,0.5869890887488793,3.5941866936424436,29,1,0
MATO GROSSO,ANAPURUS - MA,2100808,2100808,2010,20064.956987033405,20064.956987033405,537046.9034190075,26.76541513475777,1800.0,14616.0,8120.0,1380.34,475.97,27.657520661157022,26.127966101694916,31.647457627118644,34.27871900826447,23.00289256198347,1.8547432883141728,242,59.0,24,13,411.4169491525424,181.24136363636356,0.6170282738086297,42.05977272727273,0.3501928417986761,0.3096603025201503,0.4389944119328352,-0.4120207370313338,-0.6185786455155722,-0.7663719825372333,-0.7667936845412497,433.9102272727272,32.41382960965588,0.7375961097075983,36.53670192915433,-9.771286794396563,3.287110574084028,29,1,0
MATO GROSSO,ANAPURUS - MA,2100808,2100808,2011,11243.294863423893,11243.294863423893,451397.1817530452,40.148122702136654,2700.0,12285.0,4550.0,780.04,411.57,27.04942386831276,26.34883333333333,32.27916666666667,33.73341563786008,22.501069958847737,1.1114347799157924,243,60.0,32,22,710.1416666666667,-419.0586363636364,-1.426666748871085,-22.340227272727248,-0.1860064181942605,-0.2984364903241179,-0.4230828120456614,-0.1911535053929114,-0.2869842845859199,-0.134662942989209,-0.1347370422963591,433.9102272727272,32.41382960965588,0.7375961097075983,37.27429803886207,2.8738246632745827,3.6925756821921922,29,1,0
MATO GROSSO,ANAPURUS - MA,2100808,2100808,2012,12355.269080685595,12355.269080685595,330693.9060461869,26.76541513475777,1800.0,9000.0,5000.0,845.74,294.09000000000003,28.472851239669424,27.51186440677966,33.63627118644068,35.447066115702484,23.66053719008265,1.539326161578646,242,59.0,47,32,1076.3606779661018,-353.3586363636364,-1.2029939802719556,-139.8202272727272,-1.1641537639080834,1.1249908810325486,1.594859613032087,0.9718775680534152,1.4591078934158852,1.222441576784803,1.2231142345469206,433.9102272727272,32.41382960965588,0.7375961097075983,38.01189414856958,-11.246479013811811,3.287110574084028,29,1,0
MATO GROSSO,ANAPURUS - MA,2100808,2100808,2013,20682.72044106769,20682.72044106769,830372.3980819754,40.148122702136654,2700.0,22599.0,8370.0,979.45,435.87,27.851487603305788,26.334237288135597,31.87372881355932,34.42665289256198,23.355,1.7951905138935749,242,59.0,29,14,446.2322033898305,-219.64863636363637,-0.7477841493832253,1.959772727272764,0.0163172156229502,0.5036272446689125,0.7139744562265825,-0.205749550590653,-0.3088977492657728,-0.5401007960965565,-0.5403979906616954,433.9102272727272,32.41382960965588,0.7375961097075983,38.74949025827709,1.3986324438595616,3.6925756821921922,29,1,0
MATO GROSSO,ANAPURUS - MA,2100808,2100808,2014,20188.509677840266,20188.509677840266,810530.7637192041,40.148122702136654,2700.0,22059.0,8170.0,768.41,220.76,27.984586776859505,27.64033898305085,34.32118644067797,35.00954545454545,23.179214876033058,1.44990600450481,242,59.0,46,30,1029.6355932203392,-430.6886363636364,-1.4662605738148882,-213.15022727272725,-1.7747048778099792,0.6367264182226293,0.902664426970114,1.1003521443245994,1.6519904894367077,1.907356831022092,1.9084063686048125,433.9102272727272,32.41382960965588,0.7375961097075983,39.48708636798483,0.6610363341518237,3.6925756821921922,29,1,0
MATO GROSSO,ANAPURUS - MA,2100808,2100808,2015,16803.16594973241,16803.16594973241,524700.9975932833,31.2263176572174,2100.0,14280.0,6800.0,874.88,352.44,28.71349794238683,27.5075,33.582166666666666,35.75641975308642,23.903004115226334,1.6254930933361011,243,60.0,46,18,604.479,-324.2186363636364,-1.1037881282631483,-81.47022727272724,-0.6783272604828063,1.3656375837499546,1.9360158958466367,0.9675131612737538,1.4525554833267866,1.1683370570107885,1.1689799433499743,433.9102272727272,32.41382960965588,0.7375961097075983,40.22468247769234,-8.99836482047494,3.441261253911286,29,1,0
MATO GROSSO,ANAPURUS - MA,2100808,2100808,2016,16803.16594973241,16803.16594973241,599658.2829637523,35.68722017967703,2400.0,16320.0,6800.0,1082.15,419.06,28.086652892561982,26.630338983050848,32.26338983050847,34.73400826446281,23.5602479338843,1.9074229196403156,242,59.0,33,7,225.84372881355927,-116.9486363636363,-0.3981465034908269,-14.850227272727238,-0.1236441129559514,0.7387925339251105,1.0473599338737274,0.0903521443246013,0.1356482866819614,-0.1504397791474048,-0.1505225597784767,433.9102272727272,32.41382960965588,0.7375961097075983,40.96227858740008,-5.275058407723051,3.574792646535809,29,1,0
MATO GROSSO,ANAPURUS - MA,2100808,2100808,2017,17791.58747618726,17791.58747618726,873031.9119619335,49.06992774705591,3300.0,23760.0,7200.0,906.58,391.9,28.05607438016529,26.787288135593226,32.88864406779661,34.98599173553719,23.31925619834711,1.7020178050045525,242,59.0,39,13,427.552372881356,-292.51863636363635,-0.9958668685281044,-42.01022727272726,-0.3497803226051468,0.7082140215284127,1.004009862979523,0.2473012968669756,0.3712805873617584,0.4748144581407345,0.4750757284025609,433.9102272727272,32.41382960965588,0.7375961097075983,41.69987469710759,7.370053049948318,3.8932463776543433,29,1,0
MATO GROSSO,ANAPURUS - MA,2100808,2100808,2018,17865.71909067137,17865.71909067137,809538.6820010656,45.30789995311496,3047.0,22032.0,7230.0,1354.92,418.72,27.740537190082645,26.68423728813559,32.19949152542373,34.12210743801653,23.35309917355372,1.7712103255354346,242,59.0,29,13,418.5933898305085,155.82136363636369,0.5304869986520113,-15.190227272727212,-0.126474978614299,0.3926768314457689,0.5566839962928959,0.1442504494093448,0.2165673705007212,-0.2143380842321463,-0.2144560253909012,433.9102272727272,32.41382960965588,0.7375961097075983,42.4374708068151,2.8704291462998626,3.813481409185481,29,1,0
MATO GROSSO,ANAPURUS - MA,2100808,2100808,2019,18532.903621028392,18532.903621028392,714666.2747331484,38.557067469126046,2593.0,19450.0,7500.0,1380.86,667.57,27.983251028806585,26.8645,32.37833333333334,34.59205761316873,23.47753086419753,1.4229377301314332,243,60.0,37,8,259.0266666666667,181.7613636363635,0.6187985910030215,233.6597727272728,1.9454689010323207,0.6353906701697092,0.9007707844004664,0.324513161273753,0.4872009918700494,-0.0354962763225401,-0.0355158084181822,433.9102272727272,32.41382960965588,0.7375961097075983,43.17506691652284,-4.617999447396791,3.652139415738436,29,1,0
MATO GROSSO,ANAPURUS - MA,2100808,2100808,2020,19014.75911517513,19014.75911517513,882144.3662618729,46.39338623358013,3120.0,24008.0,7695.0,1104.12,336.4,27.570330578512397,27.052881355932204,33.12305084745763,34.19971074380165,23.046157024793388,1.2075161804087955,242,59.0,36,19,629.3379661016949,-94.9786363636365,-0.3233506020277702,-97.51022727272726,-0.811877510953097,0.2224702198755181,0.3153881287074777,0.5128945172059574,0.7700233683177375,0.7092212378017493,0.7096114921744129,433.9102272727272,32.41382960965588,0.7375961097075983,43.91266302623035,2.480723207349783,3.8371569110032997,29,1,0
MATO GROSSO,ANAPURUS - MA,2100808,2100808,2021,19274.21976586953,19274.21976586953,852455.402252393,44.222413672649786,2974.0,23200.0,7800.0,1262.5,299.78,27.77322314049587,26.88237288135593,33.113389830508474,34.407396694214874,23.28520661157025,1.4197733527708565,242,59.0,42,14,463.5874576271186,63.40136363636361,0.2158471619102831,-134.13022727272727,-1.116778394508087,0.4253627818589933,0.6030217072081836,0.3423860426296841,0.5140340654193828,0.6995602208525966,0.6999451591773082,433.9102272727272,32.41382960965588,0.7375961097075983,44.650259135938086,-0.42784546328829975,3.789231757219872,29,1,0
MATO GROSSO,ANAPURUS - MA,2100808,2100808,2022,18903.56169344896,18903.56169344896,845106.6487847,44.71311295012034,3007.0,23000.0,7650.0,1126.08,352.16,27.453884297520663,26.589152542372883,32.64728813559322,34.19223140495868,22.796652892561983,1.2983892810504092,242,59.0,36,13,424.4147457627119,-73.01863636363646,-0.2485887451261433,-81.75022727272727,-0.6806585616132107,0.1060239388837871,0.1503063722482228,0.0491657036466364,0.0738138924430969,0.233458525937344,0.2335869882643677,433.9102272727272,32.41382960965588,0.7375961097075983,45.387855245645596,-0.674742295525256,3.800266813188301,29,1,0
MATO GROSSO,ANAPURUS - MA,2100808,2100808,2023,19027.114384255816,19027.114384255816,852455.402252393,44.80233100056953,3013.0,23200.0,7700.0,1086.1,309.02,29.008230452674898,28.37066666666667,34.9485,36.098888888888894,24.06102880658436,1.5210684846849816,243,60.0,50,22,768.867,-112.99863636363648,-0.3846989017257353,-124.89022727272726,-1.0398454572047524,1.6603700940380222,2.35384770695836,1.830679827940422,2.7484525572652125,2.534670390344118,2.5360651119773263,433.9102272727272,32.41382960965588,0.7375961097075983,46.12545135535311,-1.3231203547835761,3.802260169330073,29,1,0
MATO GROSSO,BALSAS - MA,2101400,2101400,1980,,197.68430529096952,3527.4016644926605,17.843610089838513,1200.0,96.0,80.0,674.51,272.18,24.6255,24.67915254237288,29.42508474576271,29.10683333333333,20.84125,1.0245620913305324,120,59.0,7,16,470.80135593220336,-546.8272727272727,-2.257647878906853,-137.68272727272722,-1.135119675239836,-1.6679502984389316,-1.8331976358225752,-0.3209322675911679,-0.394403847924849,0.0305960451977362,0.0285535375816723,409.8627272727272,29.39448870056497,0.6502019541791821,19.467964383092976,-1.6243542932544628,2.8816454659758635,44,1,1
MATO GROSSO,BALSAS - MA,2101400,2101400,1981,,163.08955186504986,4115.301941908104,25.233838602046628,1697.0,112.0,66.0,1094.09,419.3,25.84400826446281,24.2471186440678,28.525593220338983,30.850619834710745,21.646487603305783,2.0242420967664536,242,59.0,0,5,142.6279661016949,-127.24727272727272,-0.5253569997279349,9.437272727272784,0.0778052132284687,-0.4494420339761191,-0.4939691997390035,-0.7529661658962503,-0.925344015469992,-0.8688954802259907,-0.810890413739278,409.8627272727272,29.39448870056497,0.6502019541791821,20.118166337271987,5.115672264774641,3.228185895433998,44,1,1
MATO GROSSO,BALSAS - MA,2101400,2101400,1982,,531.2765704694806,15799.819955540042,29.739350149730857,2000.0,430.0,215.0,1005.73,409.23,26.497603305785123,25.34779661016949,29.913898305084743,31.706818181818186,22.08264462809917,2.015813427773182,242,59.0,14,16,478.622372881356,-215.60727272727263,-0.8901628105012062,-0.6327272727272089,-0.0052164944039118,0.2041530073461928,0.2243788743365915,0.3477118002054453,0.4273140653609927,0.5194096045197725,0.4847352514708068,409.8627272727272,29.39448870056497,0.6502019541791821,20.768368291451225,8.970981858279632,3.3924710897418544,44,1,1
MATO GROSSO,BALSAS - MA,2101400,2101400,1983,,988.4215264548476,17637.0083224633,17.843610089838513,1200.0,480.0,400.0,1253.03,310.36,25.559917695473253,24.24816666666667,28.622333333333334,30.40909465020576,21.47888888888889,2.3321773587931536,243,60.0,0,1,28.622333333333334,31.692727272727325,0.1308475675457613,-99.5027272727272,-0.8203462097577814,-0.7335326029656777,-0.8062052177537913,-0.7519181432973774,-0.924056067240884,-0.7721553672316404,-0.7206084039505167,409.8627272727272,29.39448870056497,0.6502019541791821,21.418570245630463,-3.574960155791949,2.8816454659758635,44,1,1
MATO GROSSO,BALSAS - MA,2101400,2101400,1984,,6063.96606480049,162297.22033400086,26.76541513475777,1800.0,4417.0,2454.0,1579.15,660.18,25.341776859504133,23.666610169491523,27.550169491525423,30.162314049586776,21.23884297520661,2.012279457208205,242,59.0,0,0,0.0,357.81272727272744,1.4772766192589728,250.31727272727272,2.063730628768471,-0.9516734389347974,-1.0459577242578642,-1.3334746404725235,-1.6387493014025665,-1.8443192090395504,-1.7211975439167948,409.8627272727272,29.39448870056497,0.6502019541791821,22.0687721998097,4.69664293494807,3.287110574084028,44,1,1
MATO GROSSO,BALSAS - MA,2101400,2101400,1985,,10319.120736188608,158034.9433227389,15.315765327111391,1030.0,4301.0,4176.0,1597.35,413.25,24.360991735537187,23.58508474576271,27.712711864406774,28.98272727272727,20.38764462809917,1.244699903813695,242,59.0,0,5,138.56355932203388,376.01272727272726,1.552417698435902,3.387272727272773,0.0279262329726689,-1.9324585629017437,-2.123911289294494,-1.4150000642013367,-1.7389384817043372,-1.6817768361581962,-1.5695060516769632,409.8627272727272,29.39448870056497,0.6502019541791821,22.71897415398871,-7.40320882687732,2.7288827114234535,44,1,1
MATO GROSSO,BALSAS - MA,2101400,2101400,1986,,9884.215264548477,220462.6040307913,22.30451261229814,1500.0,6000.0,4000.0,1233.45,278.71,24.920537190082648,24.741186440677968,29.4135593220339,29.7701652892562,20.80219008264463,1.3531126405858556,242,59.0,5,11,323.5491525423729,12.112727272727398,0.0500089779697016,-131.15272727272725,-1.0812833544017584,-1.3729131083562829,-1.508930491984146,-0.2588983692860793,-0.318168421749276,0.0190706214689271,0.0177975193623764,409.8627272727272,29.39448870056497,0.6502019541791821,23.36917610816795,-1.0646634958698087,3.104789017290073,44,1,1
MATO GROSSO,BALSAS - MA,2101400,2101400,1987,,7413.161448411357,107475.51946501076,14.49793319799379,975.0,2925.0,3000.0,1272.29,390.56,26.189835390946502,25.09016666666667,29.383333333333333,31.12646090534979,21.92358024691358,1.996661049024772,243,60.0,0,3,88.15,50.95272727272732,0.2103649952901389,-19.302727272727225,-0.1591405541354457,-0.1036149074924281,-0.1138802538833855,0.0900818567026213,0.1107044523082616,-0.0111553672316411,-0.0104106656735357,409.8627272727272,29.39448870056497,0.6502019541791821,24.019378062347187,-9.521444864353397,2.674006101197619,44,1,1
MATO GROSSO,BALSAS - MA,2101400,2101400,1988,17626.02687050607,17626.02687050607,473957.8548988628,26.88437253535669,1808.0,12899.0,7133.0,1369.86,312.54,25.51739669421488,24.19915254237288,28.273728813559323,30.317107438016528,21.441859504132232,2.0958438024982637,242,59.0,0,5,141.36864406779662,148.52272727272725,0.613195495031516,-97.3227272727272,-0.8023732879466007,-0.7760536042240531,-0.852938863865799,-0.8009322675911648,-0.9842910799718648,-1.1207598870056508,-1.0459410471786843,409.8627272727272,29.39448870056497,0.6502019541791821,24.669580016526425,2.214792518830265,3.2915451711518937,44,1,1
MATO GROSSO,BALSAS - MA,2101400,2101400,1989,23988.99044705915,23988.99044705915,642060.5904723412,26.76541513475777,1800.0,17474.0,9708.0,1307.63,332.86,25.459462809917355,24.353050847457627,28.884576271186443,30.312520661157023,21.184504132231403,1.8309748782643744,242,59.0,2,23,664.3452542372881,86.29272727272746,0.3562708050765521,-77.00272727272721,-0.6348458699634852,-0.8339874885215757,-0.9166123796939598,-0.6470339625064199,-0.7951605691319317,-0.5099124293785309,-0.4758720815557868,409.8627272727272,29.39448870056497,0.6502019541791821,25.319781970705435,1.4456331640523352,3.287110574084028,44,1,1
MATO GROSSO,BALSAS - MA,2101400,2101400,1990,14707.712313648131,14707.712313648131,59047.2341129136,3.9999425951388,269.0,1607.0,5952.0,1365.31,527.49,25.82921487603306,24.562881355932205,28.648474576271187,30.715371900826447,21.651652892561984,1.868005738512032,242,59.0,1,2,57.296949152542375,143.9727272727273,0.5944102252372837,117.62727272727278,0.9697732915549088,-0.4642354224058707,-0.5102282002143815,-0.4372034540318417,-0.5372931986254991,-0.7460141242937866,-0.6962122783129177,409.8627272727272,29.39448870056497,0.6502019541791821,25.969983924884673,-21.97004132974587,1.3862800098016108,44,1,1
MATO GROSSO,BALSAS - MA,2101400,2101400,1991,2841.711888557687,2841.711888557687,76059.598390623,26.76541513475777,1800.0,2070.0,1150.0,1230.78,688.6899999999999,25.95864197530864,24.2665,28.388666666666666,31.059135802469136,21.63703703703704,2.303191328767213,243,60.0,5,12,340.664,9.442727272727325,0.0389855339366022,278.8272727272727,2.2987801704367103,-0.3348083231302894,-0.3679784865236134,-0.7335848099640465,-0.90152565212798,-1.0058220338983084,-0.9386761282309228,409.8627272727272,29.39448870056497,0.6502019541791821,26.62018587906391,0.14522925569385947,3.287110574084028,44,1,1
MATO GROSSO,BALSAS - MA,2101400,2101400,1992,11132.09744169772,11132.09744169772,198636.80623174296,17.843610089838513,1200.0,5406.0,4505.0,1411.74,429.74,25.62103305785124,24.22762711864407,28.56084745762712,30.53293388429752,21.36309917355372,2.065320689570961,242,59.0,0,5,142.80423728813557,190.40272727272736,0.7861025497529358,19.877272727272786,0.1638773708930221,-0.6724172405876914,-0.7390350281332602,-0.7724576913199783,-0.9492977695961944,-0.8336412429378584,-0.7779896521273048,409.8627272727272,29.39448870056497,0.6502019541791821,27.27038783324315,-9.426777743404635,2.8816454659758635,44,1,1
MATO GROSSO,BALSAS - MA,2101400,2101400,1993,24250.922151569685,24250.922151569685,681670.3716632066,28.103685891495655,1890.0,18552.0,9814.0,1670.37,548.05,25.65719008264463,24.29677966101695,28.17050847457627,30.49384297520661,21.4398347107438,1.893326661602828,242,59.0,0,0,0.0,449.0327272727272,1.853890313902904,138.18727272727273,1.1392793798291632,-0.6362602157943016,-0.6992958509937159,-0.7033051489470985,-0.8643140158267103,-1.2239802259887045,-1.1422706809368288,409.8627272727272,29.39448870056497,0.6502019541791821,27.92058978742216,0.18309610407349552,3.33590073825346,44,1,1
MATO GROSSO,BALSAS - MA,2101400,2101400,1994,37041.09670389541,37041.09670389541,1208429.020227444,32.60919743917988,2193.0,32888.0,14990.0,1380.07,423.34,25.69219008264463,24.258135593220334,28.469322033898305,30.573347107438018,21.46615702479339,1.880319054828471,242,59.0,0,10,284.69322033898305,158.7327272727273,0.6553488147236292,13.477272727272805,0.111112829795978,-0.6012602157943014,-0.6608283275226384,-0.7419492167437092,-0.9118049370508354,-0.9251666666666694,-0.8634050909276253,409.8627272727272,29.39448870056497,0.6502019541791821,28.570791741601397,4.038405697578483,3.48459437861766,44,1,1
MATO GROSSO,BALSAS - MA,2101400,2101400,1995,49146.78934915116,49146.78934915116,1351950.1754514892,27.49402921342617,1849.0,36794.0,19889.0,1325.05,355.35,25.72683127572017,24.624,28.7245,30.56934156378601,21.50609053497942,2.038268853143632,243,60.0,0,1,28.7245,103.7127272727273,0.428191552288756,-54.5127272727272,-0.449427974764653,-0.5666190227187649,-0.622755158731229,-0.3760848099640448,-0.4621825574262914,-0.669988700564975,-0.6252621022501698,409.8627272727272,29.39448870056497,0.6502019541791821,29.220993695780635,-1.7269644823544645,3.3139688615868965,44,1,1
MATO GROSSO,BALSAS - MA,2101400,2101400,1996,40302.88774119641,40302.88774119641,1495397.8431408573,37.09983931178924,2495.0,40698.0,16310.0,1517.45,499.06,25.441694214876037,24.152203389830508,28.228305084745763,30.328429752066118,21.26603305785124,1.9222665621559865,242,59.0,0,10,282.2830508474576,296.1127272727274,1.2225401035877317,89.19727272727278,0.7353833066503827,-0.851756083562897,-0.9361413467453912,-0.8478814201335396,-1.041988383388896,-1.166183615819211,-1.0883324131018084,409.8627272727272,29.39448870056497,0.6502019541791821,29.871195649959873,7.228643661829366,3.6136126383853906,44,1,1
MATO GROSSO,BALSAS - MA,2101400,2101400,1997,77516.95821222142,77516.95821222142,2420569.160956073,31.2263176572174,2100.0,65877.0,31370.0,1001.35,366.39,27.209338842975207,25.780338983050846,30.037457627118645,32.50946280991735,22.470371900826446,1.948420036823616,242,59.0,6,8,240.2996610169492,-219.98727272727265,-0.9082462130723574,-43.47272727272724,-0.358409141372252,0.9158885445362764,1.0066275452525746,0.7802541730867993,0.9588791134485593,0.6429689265536709,0.600046093851243,409.8627272727272,29.39448870056497,0.6502019541791821,30.52139760413911,0.7049200530782898,3.441261253911286,44,1,1
MATO GROSSO,BALSAS - MA,2101400,2101400,1998,86042.09387789448,86042.09387789448,2498686.41031765,29.025605746137312,1952.0,68003.0,34820.0,1153.63,363.62,26.44446280991736,24.8571186440678,29.15084745762712,31.54826446280992,21.90636363636364,2.3603791981781352,242,59.0,0,8,233.20677966101692,-67.70727272727254,-0.2795383264205486,-46.24272727272722,-0.3812462943158163,0.1510125114784273,0.1659736379920784,-0.1429661658962508,-0.1756956580769051,-0.2436412429378549,-0.2273764253422565,409.8627272727272,29.39448870056497,0.6502019541791821,31.17159955831812,-2.1459938121808086,3.3681783971728096,44,1,1
MATO GROSSO,BALSAS - MA,2101400,2101400,1999,128835.80386575712,128835.80386575712,4712718.85506421,36.56453100909409,2459.0,128259.0,52138.0,1635.14,488.36,25.61456790123457,24.427,28.554666666666662,30.45242798353909,21.323539094650204,2.134009757029624,243,60.0,0,4,114.21866666666666,413.80272727272745,1.7084386534961329,78.49727272727279,0.6471675895037619,-0.6788823972043616,-0.7461407013874303,-0.5730848099640475,-0.7042821089122591,-0.839822033898308,-0.7837578305252997,409.8627272727272,29.39448870056497,0.6502019541791821,31.82180151249736,4.742729496596731,3.5990786724159647,44,1,1
MATO GROSSO,BALSAS - MA,2101400,2101400,2000,148362.07112087263,148362.07112087263,5590233.506641436,37.66488696463412,2533.0,152141.0,60040.0,1177.06,257.13,25.994793388429752,24.840169491525423,29.512372881355933,31.184421487603306,21.348388429752067,1.9800214170322288,242,59.0,1,15,442.685593220339,-44.2772727272727,-0.1828045085570618,-152.73272727272723,-1.2591987914133542,-0.2986569100091785,-0.3282454770165006,-0.1599153184386246,-0.1965250094909958,0.1178841807909591,0.1100145579190197,409.8627272727272,29.39448870056497,0.6502019541791821,32.4720034666766,5.192883497957524,3.6287282802014467,44,1,1
MATO GROSSO,BALSAS - MA,2101400,2101400,2001,174364.97042808353,174364.97042808353,5978725.3587110285,34.27460104756481,2305.0,162714.0,70563.0,1356.35,605.16,26.39644628099173,24.708135593220337,29.19864406779661,31.59851239669421,21.77293388429752,2.2568971684710237,242,59.0,2,8,233.5891525423729,135.01272727272726,0.5574176939501795,195.29727272727277,1.610120464524819,0.1029959825528017,0.1132000107507593,-0.2919492167437099,-0.3587856570067552,-0.1958446327683631,-0.1827705850798654,409.8627272727272,29.39448870056497,0.6502019541791821,33.122205420855835,1.152395626708973,3.534404585630521,44,1,1
MATO GROSSO,BALSAS - MA,2101400,2101400,2002,191800.72615474704,191800.72615474704,6844849.442413331,35.68722017967703,2400.0,186286.0,77619.0,1254.54,427.83,26.658512396694213,25.438644067796613,29.887627118644065,31.854628099173556,21.992851239669424,2.136871782388576,242,59.0,8,10,298.87627118644065,33.20272727272732,0.137081799939012,17.967272727272757,0.1481304531593727,0.365062098255283,0.4012295666581674,0.4385592578325656,0.5389593889405155,0.4931384180790914,0.4602178570003408,409.8627272727272,29.39448870056497,0.6502019541791821,33.772407375034845,1.9148128046421817,3.574792646535809,44,1,1
MATO GROSSO,BALSAS - MA,2101400,2101400,2003,220610.7425970897,220610.7425970897,7938601.164777425,35.98461368117433,2420.0,216053.0,89278.0,1550.28,779.61,26.4361316872428,24.663,28.73933333333333,31.544814814814817,21.852345679012345,2.164479747567094,243,60.0,2,6,172.43599999999998,328.9427272727273,1.358083050256886,369.7472727272728,3.048366432396596,0.1426813888038651,0.1568171335056743,-0.3370848099640469,-0.4142542198224735,-0.655155367231643,-0.6114190013507731,409.8627272727272,29.39448870056497,0.6502019541791821,34.42260932921408,1.5620043519602476,3.583091449350504,44,1,1
MATO GROSSO,BALSAS - MA,2101400,2101400,2004,240680.6416917554,240680.6416917554,9662875.934669582,40.148122702136654,2700.0,262980.0,97400.0,1213.64,349.95,26.61438016528926,25.672711864406786,30.272711864406777,31.837438016528925,21.995371900826445,1.833920315088574,242,59.0,7,18,544.908813559322,-7.697272727272548,-0.0317791966728797,-59.91272727272724,-0.4939480563152844,0.320929866850328,0.3527250624467066,0.6726270544427351,0.826612731969094,0.8782231638418025,0.8195954069157732,409.8627272727272,29.39448870056497,0.6502019541791821,35.07281128339332,5.075311418743333,3.6925756821921922,44,1,1
MATO GROSSO,BALSAS - MA,2101400,2101400,2005,264995.8112425446,264995.8112425446,10643015.928423142,40.148122702136654,2700.0,289655.0,107240.0,1423.17,368.14,26.83673553719008,25.72508474576271,30.25915254237288,32.11413223140496,22.148471074380165,2.460656661905015,242,59.0,10,16,484.1464406779661,201.83272727272745,0.8332927989283377,-41.72272727272724,-0.3439813371660289,0.5432852387511495,0.5971096478042779,0.7249999357986638,0.8909754278386268,0.8646638418079071,0.8069412678342465,409.8627272727272,29.39448870056497,0.6502019541791821,35.72301323757256,4.425109464564095,3.6925756821921922,44,1,1
MATO GROSSO,BALSAS - MA,2101400,2101400,2006,267120.9175244226,267120.9175244226,9056162.848376844,33.902859170693176,2280.0,246468.0,108100.0,1072.62,243.77,26.31384297520661,26.524237288135595,31.42966101694915,31.554380165289256,21.5645041322314,1.4670233022797494,242,59.0,23,16,502.8745762711864,-148.71727272727276,-0.6139987013723686,-166.09272727272722,-1.369344770953434,0.0203926767676811,0.0224130220628248,1.5241524781715476,1.8730793470129583,2.035172316384177,1.8993098240472648,409.8627272727272,29.39448870056497,0.6502019541791821,36.37321519175157,-2.470356021058393,3.5234993521482583,44,1,1
MATO GROSSO,BALSAS - MA,2101400,2101400,2007,267120.9175244226,267120.9175244226,11916003.747864269,44.60902522459628,3000.0,324300.0,108100.0,1085.9,380.4,26.74292181069959,25.03633333333333,29.378666666666668,32.035843621399174,22.03600823045268,2.573224835851825,243,60.0,5,12,352.544,-135.43727272727256,-0.5591704853575528,-29.46272727272725,-0.2429042631270036,0.4494715122606578,0.4940015984990715,0.0362485233692879,0.0445469606585437,-0.0158220338983063,-0.0147657985407607,409.8627272727272,29.39448870056497,0.6502019541791821,37.02341714593081,7.585608078665473,3.7979361978500186,44,1,1
MATO GROSSO,BALSAS - MA,2101400,2101400,2008,273063.8019522323,273063.8019522323,12181110.029211296,44.60902522459628,3000.0,331515.0,110505.0,1235.3,319.29,26.620454545454542,25.41949152542373,30.111355932203388,31.780950413223135,22.08359504132231,2.4083787439424613,242,59.0,8,16,481.7816949152542,13.962727272727308,0.0576469448091144,-90.5727272727272,-0.7467231860083118,0.327004247015612,0.359401244206144,0.419406715459683,0.5154222218425926,0.7168672316384139,0.6690111518455752,409.8627272727272,29.39448870056497,0.6502019541791821,37.673619100110045,6.935406124486235,3.7979361978500186,44,1,1
MATO GROSSO,BALSAS - MA,2101400,2101400,2009,262959.66289804765,262959.66289804765,11730374.235270344,44.60902522459628,3000.0,319248.0,106416.0,1207.9,395.24,26.204462809917352,25.00406779661017,29.412881355932203,31.066280991735532,21.932933884297523,1.8638722688829152,242,59.0,0,14,411.78033898305085,-13.437272727272555,-0.0554775370286807,-14.622727272727218,-0.120556483458232,-0.0889874885215782,-0.0978036658096011,0.0039829866461218,0.0048948186832522,0.0183926553672293,0.0171648124082973,409.8627272727272,29.39448870056497,0.6502019541791821,38.32382105428928,6.285204170306997,3.7979361978500186,44,1,1
MATO GROSSO,BALSAS - MA,2101400,2101400,2010,311174.8649585151,311174.8649585151,13834910.253348276,44.44545879877276,2989.0,376524.0,125928.0,1448.57,565.29,25.911652892561985,24.252033898305083,28.133728813559323,30.70309917355372,21.677438016528924,2.2643033047231094,242,59.0,0,4,112.53491525423728,227.2327272727273,0.9381600193181188,155.42727272727274,1.281413862409326,-0.3817974058769486,-0.419622876336228,-0.7480509116589644,-0.919303503559909,-1.2607598870056511,-1.176595033195475,409.8627272727272,29.39448870056497,0.6502019541791821,38.97402300846829,5.471435790304469,3.7942627924837096,44,1,1
MATO GROSSO,BALSAS - MA,2101400,2101400,2011,329846.1475932472,329846.1475932472,14714115.118223071,44.60902522459628,3000.0,400452.0,133484.0,1279.16,492.08,25.409053497942384,23.947,27.894166666666667,30.217119341563787,21.18716049382716,1.7095568541648478,243,60.0,0,9,251.0475,57.82272727272744,0.2387286883640685,82.21727272727276,0.6778369790164186,-0.8843968004965461,-0.9720158480241896,-1.053084809964048,-1.2941693409592794,-1.500322033898307,-1.4001646716973704,409.8627272727272,29.39448870056497,0.6502019541791821,39.62422496264753,4.984800261948749,3.7979361978500186,44,1,1
MATO GROSSO,BALSAS - MA,2101400,2101400,2012,337004.79049859644,337004.79049859644,15334092.704524996,45.501205729088205,3060.0,417325.0,136381.0,1102.79,392.48,26.661446280991733,25.39864406779661,29.604237288135597,31.67409090909091,22.188471074380164,2.147019350276861,242,59.0,2,18,532.8762711864407,-118.54727272727268,-0.4894379124290726,-17.38272727272721,-0.1433111918063323,0.3679959825528023,0.4044541170317745,0.3985592578325629,0.4898021196032606,0.2097485875706191,0.1957463501963799,409.8627272727272,29.39448870056497,0.6502019541791821,40.27442691682677,5.226778812261436,3.8177388251461983,44,1,1
MATO GROSSO,BALSAS - MA,2101400,2101400,2013,339386.88637735264,339386.88637735264,14190295.971045911,41.81352631052158,2812.0,386196.0,137345.0,1124.96,319.41,26.18041322314049,24.70525423728813,29.076610169491524,31.111487603305783,21.837851239669423,2.205626301168295,242,59.0,0,19,552.455593220339,-96.3772727272726,-0.3979061692778338,-90.4527272727272,-0.7457338508627421,-0.1130370752984362,-0.124235895632701,-0.294830572675913,-0.3623266467471501,-0.3178785310734504,-0.2966578368136318,409.8627272727272,29.39448870056497,0.6502019541791821,40.92462887100601,0.8888974395155742,3.733219883130327,44,1,1
MATO GROSSO,BALSAS - MA,2101400,2101400,2014,415814.1098566576,415814.1098566576,16819826.936855838,40.44551620363396,2720.0,457760.0,168274.0,1083.97,351.07,26.80363636363636,25.30813559322034,29.78338983050848,31.873760330578516,22.21962809917355,2.2223799436882623,242,59.0,8,19,565.884406779661,-137.36727272727262,-0.5671387426548868,-58.792727272727234,-0.4847142616233016,0.5101860651974306,0.5607312696456794,0.3080507832562915,0.3785733830520214,0.3889011299435019,0.3629391628110875,409.8627272727272,29.39448870056497,0.6502019541791821,41.57483082518502,-1.1293146215510603,3.6999557894898145,44,1,1
MATO GROSSO,BALSAS - MA,2101400,2101400,2015,449148.6258363473,449148.6258363473,18433172.273153167,41.04030320662857,2760.0,501668.0,181764.0,906.75,481.74,28.412962962962965,25.670666666666666,30.36383333333333,34.08716049382716,23.30555555555556,2.570356976419012,243,60.0,15,24,728.732,-314.58727272727265,-1.2988146795634337,71.87727272727278,0.5925892673065066,2.1195126645240343,2.3294972334235444,0.6705818567026185,0.8240993235651227,0.969344632768358,0.9046338578226274,409.8627272727272,29.39448870056497,0.6502019541791821,42.225032779364255,-1.1847295727356837,3.7145545889109672,44,1,1
MATO GROSSO,BALSAS - MA,2101400,2101400,2016,445076.3291473533,445076.3291473533,8616082.746964047,19.360316947474782,1302.0,234491.0,180116.0,922.7,420.88,27.397892561983472,25.439152542372884,29.99542372881356,32.77871900826446,22.64987603305785,2.3756555987093058,242,59.0,11,13,389.9405084745763,-298.6372727272726,-1.2329630195155197,11.017272727272768,0.0908314593118013,1.1044422635445414,1.2138616770099853,0.4390677324088372,0.5395842694829387,0.6009350282485855,0.5608182626985013,409.8627272727272,29.39448870056497,0.6502019541791821,42.87523473354349,-23.51491778606871,2.963225452968286,44,1,1
MATO GROSSO,BALSAS - MA,2101400,2101400,2017,462442.895367165,462442.895367165,18566221.45468575,40.148122702136654,2700.0,505289.0,187144.0,1066.45,471.26,26.970578512396692,25.4671186440678,30.156779661016948,32.297685950413225,22.24702479338843,2.5826162544746434,242,59.0,13,13,392.0381355932203,-154.8872727272726,-0.639472352939492,61.39727272727277,0.5061873312600965,0.677128213957765,0.7442127275242582,0.4670338341037485,0.5739526993161819,0.7622909604519741,0.7114025177686992,409.8627272727272,29.39448870056497,0.6502019541791821,43.52543668772273,-3.3773139855860776,3.6925756821921922,44,1,1
MATO GROSSO,BALSAS - MA,2101400,2101400,2018,516650.40293176495,516650.40293176495,22658852.492146023,43.85067179577814,2949.0,616672.0,209081.0,657.54,203.26,27.62318181818182,26.790338983050844,31.830169491525425,33.027438016528926,22.854256198347105,2.266881574914928,242,59.0,26,19,604.773220338983,-563.7972727272727,-2.327710742293255,-206.60272727272724,-1.7033278271786314,1.3297315197428894,1.4614708127411713,1.7902541730867974,2.200100164214161,2.4356807909604505,2.2730814571679394,409.8627272727272,29.39448870056497,0.6502019541791821,44.17563864190174,-0.32496684612360127,3.780790039015048,44,1,1
MATO GROSSO,BALSAS - MA,2101400,2101400,2019,531059.1177336605,531059.1177336605,22781025.518546417,42.89901259098676,2885.0,619997.0,214912.0,850.09,293.98,28.005185185185187,26.4545,31.177,33.4279012345679,23.24069958847737,2.439722131131937,243,60.0,20,18,561.186,-371.2472727272726,-1.5327428963856784,-115.8827272727272,-0.955390457128029,1.7117348867462567,1.8813200552049605,1.4544151900359523,1.787376980619684,1.7825112994350256,1.6635157599368189,409.8627272727272,29.39448870056497,0.6502019541791821,44.82584059608098,-1.9268280050942224,3.7588488091419716,44,1,1
MATO GROSSO,BALSAS - MA,2101400,2101400,2020,482253.3338111363,482253.3338111363,22377872.90330878,46.40825590865499,3121.0,609025.0,195161.0,832.88,288.33,27.773553719008262,26.83,32.05711864406779,33.46590909090909,22.74954545454545,2.293684404741549,242,59.0,28,19,609.085254237288,-388.4572727272727,-1.6037966311458416,-121.53272727272724,-1.0019716535652636,1.480103420569332,1.62674037343922,1.8299151900359547,2.248840846523137,2.662629943502818,2.484880110045032,409.8627272727272,29.39448870056497,0.6502019541791821,45.47604255026022,0.932213358394776,3.837477372470551,44,1,1
MATO GROSSO,BALSAS - MA,2101400,2101400,2021,491873.14631735807,491873.14631735807,22897135.823335968,46.556952659403656,3131.0,623157.0,199054.0,1504.2,405.59,26.40743801652893,24.96372881355932,29.143898305084747,31.194173553719008,22.161280991735534,2.3617071429206016,242,59.0,1,12,349.72677966101696,282.8627272727274,1.1678357464946367,-4.272727272727252,-0.035226327152856,0.1139877180899979,0.1252807206011871,-0.0363559964047262,-0.0446790376822819,-0.2505903954802271,-0.2338616716215396,409.8627272727272,29.39448870056497,0.6502019541791821,46.126244504439455,0.4307081549642007,3.8406763515261777,44,1,1
MATO GROSSO,BALSAS - MA,2101400,2101400,2022,495989.92197504255,495989.92197504255,22022376.95430913,44.40084977354817,2986.0,599350.0,200720.0,1284.43,301.76,26.527768595041323,25.68271186440678,30.469322033898305,31.71107438016529,21.88607438016529,2.182783820638305,242,59.0,9,13,396.101186440678,63.092727272727416,0.2604865722795861,-108.10272727272724,-0.8912485618569348,0.2343182966023924,0.2575327021215829,0.6826270544427331,0.8389020493034044,1.0748333333333306,1.003080423597951,409.8627272727272,29.39448870056497,0.6502019541791821,46.776446458618466,-2.375596685070299,3.7932586082989075,44,1,1
MATO GROSSO,BALSAS - MA,2101400,2101400,2023,495641.5033869672,495641.5033869672,22121768.84495968,44.63876457474601,3002.0,602055.0,200579.0,1019.61,431.05,28.496172839506173,26.4525,30.83083333333333,34.11213991769547,23.36246913580247,2.290080965709994,243,60.0,13,13,400.8008333333333,-201.72727272727263,-0.8328574160519869,21.187272727272784,0.1746776128988234,2.202722541067242,2.4209508871078675,1.4524151900359534,1.7849191171528227,1.4363446327683569,1.3404582254643482,409.8627272727272,29.39448870056497,0.6502019541791821,47.426648412797704,-2.787883838051691,3.798602642393179,44,1,1
MATO GROSSO,BARRA DO CORDA - MA,2101608,2101608,1984,,2.471053816137119,36.74376733846521,14.869675074865428,1000.0,1.0,1.0,1848.96,777.51,25.84305785123967,24.06322033898305,27.351525423728813,30.09223140495868,22.27524793388429,2.001543322785671,242,59.0,0,1,27.351525423728813,786.3352272727273,2.852873716722947,403.16886363636365,3.2339742448572246,-1.4435971497574478,-1.5515671436207954,-1.6344205829481275,-1.981068589458708,-2.214538199794557,-1.9217386723861527,374.34113636363634,29.56606362352337,0.5023654685155761,22.67924372745256,-7.80956865258713,2.699323909181909,12,0,0
MATO GROSSO,BARRA DO CORDA - MA,2101608,2101608,1985,,2.471053816137119,36.74376733846521,14.869675074865428,1000.0,1.0,1.0,1629.14,397.59,24.81293388429752,24.29542372881356,27.705932203389832,28.85520661157025,21.41107438016529,1.0267347771769135,242,59.0,0,3,83.11779661016949,566.5152272727273,2.0553529155945345,23.24886363636364,0.1864881765522735,-2.4737211166996005,-2.6587364818480874,-1.4022171931176182,-1.6996166506136272,-1.8601314201335375,-1.6141904827484206,374.34113636363634,29.56606362352337,0.5023654685155761,23.18160919596812,-8.311934121102693,2.699323909181909,12,0,0
MATO GROSSO,BARRA DO CORDA - MA,2101608,2101608,1988,269.34486595894595,269.34486595894595,7201.778398339182,26.73567578460804,1798.0,196.0,109.0,1181.19,217.28,26.535,25.20915254237288,29.22491525423729,31.203925619834717,22.730371900826448,2.25196018810206,242,59.0,4,6,175.34949152542373,118.56522727272728,0.4301621100924294,-157.06113636363634,-1.2598484547808113,-0.7516550009971183,-0.8078730295923184,-0.4884883795582979,-0.5920929992896697,-0.3411483692860813,-0.2960427660897223,374.34113636363634,29.56606362352337,0.5023654685155761,24.688705601514812,2.0469701830932294,3.2859988452313376,12,0,0
MATO GROSSO,BARRA DO CORDA - MA,2101608,2101608,1989,1225.642692804011,1225.642692804011,38287.00556668075,31.241187332292263,2101.0,1042.0,496.0,1022.02,220.05,26.46314049586777,24.98983050847458,28.81915254237288,31.13173553719008,22.56677685950413,1.9416592694827264,242,59.0,1,14,403.4681355932203,-40.6047727272728,-0.1473166721640057,-154.29113636363633,-1.2376292075466444,-0.8235145051293493,-0.8851070734439467,-0.707810413456599,-0.8579315459068424,-0.7469110811504898,-0.6481567622603248,374.34113636363634,29.56606362352337,0.5023654685155761,25.191071070030375,6.050116262261888,3.4417373310447723,12,0,0
MATO GROSSO,BARRA DO CORDA - MA,2101608,2101608,1993,790.7372211638781,790.7372211638781,28219.213315941284,35.68722017967703,2400.0,768.0,320.0,1327.45,412.81,26.937520661157023,25.05406779661017,28.57542372881356,31.40619834710744,23.20198347107438,2.5928326940316486,242,59.0,0,3,85.72627118644068,264.82522727272726,0.9608025994611934,38.46886363636367,0.3085737155067941,-0.349134339840095,-0.3752469104671239,-0.6435731253210086,-0.7800700241387545,-0.9906398947098084,-0.8596604909542751,374.34113636363634,29.56606362352337,0.5023654685155761,27.200532944092743,8.486687235584284,3.574792646535809,12,0,0
MATO GROSSO,BARRA DO CORDA - MA,2101608,2101608,1994,296.5264579364543,296.5264579364543,10582.204993477982,35.68722017967703,2400.0,288.0,120.0,1165.13,421.3,26.9448347107438,25.18169491525424,28.83508474576271,31.65012396694215,23.13789256198347,2.2269097761223544,242,59.0,0,9,259.5157627118644,102.5052272727271,0.3718954188626848,46.95886363636368,0.3766753072100712,-0.3418202902533167,-0.3673858260727933,-0.5159460066769412,-0.6253741774596709,-0.7309788777606592,-0.6343310665042527,374.34113636363634,29.56606362352337,0.5023654685155761,27.702898412608306,7.984321767068721,3.574792646535809,12,0,0
MATO GROSSO,BARRA DO CORDA - MA,2101608,2101608,2004,1359.0795988754155,1359.0795988754155,32334.515257849387,23.791480119784683,1600.0,880.0,550.0,964.89,338.21,27.77318181818182,26.69779661016949,30.890169491525423,32.702107438016526,23.67747933884297,2.06755538491948,242,59.0,16,20,617.8033898305084,-97.7347727272728,-0.3545879093965881,-36.13113636363636,-0.289821895926006,0.4865268171846999,0.5229152912646136,1.0001556882383156,1.2122809998901412,1.3241058680020537,1.1490366041592974,374.34113636363634,29.56606362352337,0.5023654685155761,32.726553097764054,-8.93507297797937,3.1693275384276443,12,0,0
MATO GROSSO,BARRA DO CORDA - MA,2101608,2101608,2019,617.7634540342798,617.7634540342798,27557.82550384891,44.60902522459628,3000.0,750.0,250.0,751.62,311.33,28.63362139917696,26.4935,30.56066666666667,33.4920987654321,24.5959670781893,2.688886227664772,243,60.0,10,11,336.1673333333334,-311.0047727272728,-1.1283448980994206,-63.01113636363635,-0.5054368293752508,1.3469663981798377,1.4477091530197512,0.7958590780688191,0.9646546535493198,0.9946030431433002,0.8630996439161678,374.34113636363634,29.56606362352337,0.5023654685155761,40.26203512549773,4.346990099098548,3.7979361978500186,12,0,0
MATO GROSSO,BARRA DO CORDA - MA,2101608,2101608,2020,642.4739921956509,642.4739921956509,29395.01387077217,45.75399020536092,3077.0,800.0,260.0,606.63,206.39,28.599380165289254,27.401186440677968,31.94779661016949,33.773429752066114,24.276570247933886,2.462577510648853,242,59.0,27,28,894.5383050847458,-455.9947727272728,-1.654377747501698,-167.95113636363632,-1.3472013798277709,1.3127251642921394,1.410906937480524,1.7035455187467896,2.06485439128217,2.3817329866461243,2.066827471370892,374.34113636363634,29.56606362352337,0.5023654685155761,40.764400594013296,4.9895896113476255,3.8232790055218135,12,0,0
MATO GROSSO,BARRA DO CORDA - MA,2101608,2101608,2021,741.3161448411357,741.3161448411357,29395.01387077217,39.65742342466609,2667.0,800.0,300.0,1291.45,325.3,26.93206611570248,25.17050847457627,28.611355932203388,31.31471074380165,23.278719008264463,2.24410834619666,242,59.0,0,13,371.9476271186441,228.8252272727273,0.8301923326946441,-49.041136363636326,-0.3933780265372316,-0.354588885294639,-0.3811094140832322,-0.5271324473549086,-0.6389331759733771,-0.9547076913199816,-0.8284791345682436,374.34113636363634,29.56606362352337,0.5023654685155761,41.26676606252886,-1.6093426378627669,3.680278154381786,12,0,0
MATO GROSSO,BARRA DO CORDA - MA,2101608,2101608,2022,896.9925352577742,896.9925352577742,35274.0166449266,39.330290573019056,2645.0,960.0,363.0,973.35,278.04,27.34425619834711,25.68491525423729,29.498305084745763,32.17223140495868,23.28,2.368344762348413,242,59.0,1,14,412.9762711864407,-89.27477272727276,-0.3238944967064488,-96.30113636363632,-0.7724688656299141,0.0576011973499923,0.0619093250887074,-0.0127256676938891,-0.0154246837143835,-0.0677585387776069,-0.058799710190316,374.34113636363634,29.56606362352337,0.5023654685155761,41.76913153104442,-2.4388409580253665,3.6719949744921716,12,0,0
MATO GROSSO,BARRA DO CORDA - MA,2101608,2101608,2023,24957.6435429849,24957.6435429849,935202.3662986166,37.47158118866088,2520.0,25452.0,10100.0,1100.53,403.57,29.29399176954732,27.662666666666667,32.00533333333333,34.30905349794239,24.989053497942383,2.780606411641333,243,60.0,29,18,576.096,37.90522727272719,0.1375225512760438,29.228863636363656,0.2344560821336161,2.0073367685502035,2.1574701618022285,1.965025744735488,2.3817925575504884,2.439269709809963,2.1167568634204765,374.34113636363634,29.56606362352337,0.5023654685155761,42.271496999559986,-4.799915810899108,3.623582810705241,12,0,0
MATO GROSSO,BENEDITO LEITE - MA,2101806,2101806,1995,494.2107632274238,494.2107632274238,16755.157906340137,33.902859170693176,2280.0,456.0,200.0,1135.81,388.87,26.445473251028808,25.1095,28.9975,31.102345679012345,22.48958847736625,2.1244244923904274,243,60.0,0,7,202.9825,203.62568181818176,0.7809183539701146,67.35704545454547,0.564208295482146,-0.7599235983573074,-0.7590095060866401,-0.6805923215202867,-0.7266786193478612,-1.0595230482794058,-0.8203206609376016,321.51295454545453,30.057023048279405,0.34583886398851116,33.345305298879225,0.5575538718139512,3.5234993521482583,27,1,0
MATO GROSSO,BENEDITO LEITE - MA,2101806,2101806,1996,2162.17208911998,2162.17208911998,71650.34631000717,33.129636066800174,2228.0,1950.0,875.0,1186.87,297.67,26.265082644628094,25.036101694915256,29.05542372881356,30.88165289256198,22.44801652892562,2.015557384423727,242,59.0,7,16,464.8867796610169,254.68568181818196,0.976736930476184,-23.84295454545452,-0.1997176784190638,-0.9403142047580176,-0.939183125333157,-0.7539906266050309,-0.8050470894509508,-1.0015993194658463,-0.7754740371841379,321.51295454545453,30.057023048279405,0.34583886398851116,33.69114416286766,-0.5615080960674845,3.5004282312469464,27,1,0
MATO GROSSO,BENEDITO LEITE - MA,2101806,2101806,1998,172.97376712959834,172.97376712959834,5401.333798754386,31.2263176572174,2100.0,147.0,70.0,970.92,345.09,26.9556611570248,25.31084745762712,29.527118644067794,31.77892561983471,22.923471074380164,2.5497448771692706,242,59.0,2,14,413.3796610169491,38.735681818181774,0.1485539771568422,23.57704545454544,0.1974903224843938,-0.2497356923613196,-0.2494352918123819,-0.4792448638931716,-0.5116969219481019,-0.5299044042116101,-0.4102709533336946,321.51295454545453,30.057023048279405,0.34583886398851116,34.38282189084475,-3.156504233627352,3.441261253911286,27,1,0
MATO GROSSO,BENEDITO LEITE - MA,2101806,2101806,1999,1013.1320646162188,1013.1320646162188,37037.71747717293,36.54966133401922,2458.0,1008.0,410.0,1421.69,436.16,26.259465020576133,24.972166666666663,28.8475,30.877448559670785,22.276666666666664,2.3617354510430637,243,60.0,0,8,230.78,489.5056818181818,1.8772876185912464,114.64704545454548,0.9603273668175434,-0.9459318288099824,-0.9447939920917088,-0.8179256548536209,-0.8733114770829923,-1.2095230482794044,-0.936456028960469,321.51295454545453,30.057023048279405,0.34583886398851116,34.728660754833186,1.821000579186034,3.598671920325752,27,1,0
MATO GROSSO,BENEDITO LEITE - MA,2101806,2101806,2000,1235.5269080685596,1235.5269080685596,50706.398927082,41.04030320662857,2760.0,1380.0,500.0,969.5,266.67,26.63561983471074,25.128474576271184,29.48322033898305,31.56384297520661,22.42727272727273,1.9804047922537735,242,59.0,0,19,560.181186440678,37.315681818181815,0.1431081804737516,-54.84295454545452,-0.459385498495133,-0.569777014675374,-0.569091644769446,-0.661617745249103,-0.7064191799573986,-0.5738027092963556,-0.4442585921110084,321.51295454545453,30.057023048279405,0.34583886398851116,35.07449961882173,5.965803587806839,3.7145545889109672,27,1,0
MATO GROSSO,BENEDITO LEITE - MA,2101806,2101806,2001,617.7634540342798,617.7634540342798,18812.80887729419,30.453094553324394,2048.0,512.0,250.0,1083.73,432.16,27.10495867768595,25.54779661016949,29.824237288135595,32.18876033057851,22.83409090909091,2.0970728953891458,242,59.0,12,19,566.6605084745763,151.54568181818183,0.5811880080156286,110.64704545454548,0.9268218416464375,-0.1004381717001656,-0.1003173572437788,-0.2422957113507955,-0.2587027614490296,-0.232785760143809,-0.1802310661652296,321.51295454545453,30.057023048279405,0.34583886398851116,35.42033848281028,-4.9672439294858854,3.4161876163591702,27,1,0
MATO GROSSO,BENEDITO LEITE - MA,2101806,2101806,2002,617.7634540342798,617.7634540342798,22046.26040307913,35.68722017967703,2400.0,600.0,250.0,846.75,290.19,27.670206611570247,26.272542372881357,30.698813559322037,32.83421487603306,23.356446280991737,2.292679573159827,242,59.0,18,21,644.6750847457627,-85.43431818181818,-0.3276464271666703,-31.322954545454536,-0.2623730104890316,0.4648097621841316,0.4642506546477139,0.4824500513610665,0.5151191486325261,0.641790511042629,0.496897181290137,321.51295454545453,30.057023048279405,0.34583886398851116,35.76617734679883,-0.0789571671217999,3.574792646535809,27,1,0
MATO GROSSO,BENEDITO LEITE - MA,2101806,2101806,2003,790.7372211638781,790.7372211638781,28219.213315941284,35.68722017967703,2400.0,768.0,320.0,1202.72,722.47,27.484732510288065,25.552333333333333,29.40383333333333,32.42362139917695,23.316666666666663,2.494018346123024,243,60.0,5,9,264.6345,270.53568181818184,1.03752275965012,400.9570454545455,3.3585690947523617,0.2793356609019497,0.2789996553230939,-0.2377589881869539,-0.253858834150967,-0.6531897149460697,-0.505722852893429,321.51295454545453,30.057023048279405,0.34583886398851116,36.11201621078726,-0.42479603111023323,3.574792646535809,27,1,0
MATO GROSSO,BENEDITO LEITE - MA,2101806,2101806,2004,741.3161448411357,741.3161448411357,25132.736859510205,33.902859170693176,2280.0,684.0,300.0,854.46,263.07,27.905289256198348,26.82898305084746,31.34254237288136,33.0801652892562,23.42909090909091,1.8941182489168864,242,59.0,22,18,564.1657627118644,-77.72431818181815,-0.298078052218339,-58.44295454545454,-0.4895404711491283,0.6998924068122321,0.6990505244957088,1.0388907293271714,1.109239197930414,1.2855193246019532,0.995295065754381,321.51295454545453,30.057023048279405,0.34583886398851116,36.45785507477581,-2.554995904082631,3.5234993521482583,27,1,0
MATO GROSSO,BENEDITO LEITE - MA,2101806,2101806,2005,741.3161448411357,741.3161448411357,25132.736859510205,33.902859170693176,2280.0,684.0,300.0,861.78,187.48,27.9400826446281,27.27186440677966,32.2235593220339,33.19632231404959,23.424586776859503,2.5447679612381178,242,59.0,30,25,805.5889830508474,-70.40431818181821,-0.2700053538238147,-134.03295454545454,-1.1227111330700985,0.7346857952419832,0.7338020608662493,1.4817720852593723,1.5821102575756667,2.1665362737544958,1.677409916582483,321.51295454545453,30.057023048279405,0.34583886398851116,36.803693938764354,-2.900834768071178,3.5234993521482583,27,1,0
MATO GROSSO,BENEDITO LEITE - MA,2101806,2101806,2007,617.7634540342798,617.7634540342798,22964.85458654076,37.17418768716357,2500.0,625.0,250.0,1149.7,444.08,27.160493827160494,25.557166666666667,29.619000000000003,32.18930041152263,22.889588477366257,2.4758801262894616,243,60.0,4,23,681.2370000000001,217.51568181818183,0.8341874496941513,122.56704545454544,1.0266683066563322,-0.0449030222256219,-0.0448490095516705,-0.23292565485362,-0.2486982117306767,-0.4380230482794012,-0.3391331194295129,321.51295454545453,30.057023048279405,0.34583886398851116,37.495371666741335,-0.3211839795777678,3.615614641056064,27,1,0
MATO GROSSO,BENEDITO LEITE - MA,2101806,2101806,2008,494.2107632274238,494.2107632274238,20576.50970954052,41.6350902096232,2800.0,560.0,200.0,1015.93,279.97,27.42264462809917,25.92050847457627,30.335762711864405,32.52760330578513,23.20657024793388,2.359971611262905,242,59.0,9,19,576.3794915254236,83.74568181818188,0.3211703917384752,-41.542954545454506,-0.3479796273012065,0.2172477787130553,0.2169864570278615,0.1304161530559824,0.1392472807093751,0.2787396635850001,0.2158102227534302,321.51295454545453,30.057023048279405,0.34583886398851116,37.84121053072988,3.793879678893319,3.7289433263630674,27,1,0
MATO GROSSO,BENEDITO LEITE - MA,2101806,2101806,2009,444.7896869046815,444.7896869046815,18518.858738586467,41.6350902096232,2800.0,504.0,180.0,1138.64,367.87,26.83809917355372,25.867966101694915,30.056610169491524,31.49520661157025,22.872190082644625,1.731280587152645,242,59.0,3,16,480.9057627118644,206.45568181818192,0.79177159665543,46.35704545454547,0.3883042883338411,-0.3672976758323969,-0.3668558630406396,0.0778737801746274,0.0831470019148758,-0.0004128787878805,-0.0003196655331956,321.51295454545453,30.057023048279405,0.34583886398851116,38.187049394718315,3.4480408149048856,3.7289433263630674,27,1,0
MATO GROSSO,BENEDITO LEITE - MA,2101806,2101806,2010,617.7634540342798,617.7634540342798,25720.63713692565,41.6350902096232,2800.0,700.0,250.0,1268.21,538.47,26.832768595041323,25.010338983050847,28.8771186440678,31.64809917355372,22.79206611570248,2.3881116735438987,242,59.0,1,14,404.2796610169492,336.02568181818185,1.2886813686470344,216.9570454545455,1.8173149368815,-0.3726282543447929,-0.3721800295392137,-0.7797533384694404,-0.8325543229243861,-1.1799044042116087,-0.9135242147661236,321.51295454545453,30.057023048279405,0.34583886398851116,38.53288825870686,3.1022019509163385,3.7289433263630674,27,1,0
MATO GROSSO,BENEDITO LEITE - MA,2101806,2101806,2011,617.7634540342798,617.7634540342798,25720.63713692565,41.6350902096232,2800.0,700.0,250.0,887.7,328.31,26.39843621399177,24.748,28.49366666666667,31.27617283950617,22.306378600823045,1.696959855470903,243,60.0,0,20,569.8733333333334,-44.48431818181814,-0.1706003890169734,6.797045454545469,0.0569346443916057,-0.806960635394347,-0.8059899634989864,-1.0420923215202862,-1.112657585886086,-1.563356381612735,-1.2104064581966332,321.51295454545453,30.057023048279405,0.34583886398851116,38.87872712269541,2.7563630869277915,3.7289433263630674,27,1,0
MATO GROSSO,BENEDITO LEITE - MA,2101806,2101806,2012,593.0529158729086,593.0529158729086,24691.811651448625,41.6350902096232,2800.0,672.0,240.0,538.25,188.96,28.03198347107438,26.583898305084748,31.21627118644068,33.33735537190083,23.66590909090909,2.138343726308248,242,59.0,24,24,749.1905084745763,-393.9343181818182,-1.5107649319085863,-132.55295454545453,-1.110314088756789,0.8265866216882642,0.825592342206017,0.7938059835644609,0.8475585426502629,1.1592481381612745,0.8975313943678978,321.51295454545453,30.057023048279405,0.34583886398851116,39.22456598668384,2.410524222939358,3.7289433263630674,27,1,0
MATO GROSSO,BENEDITO LEITE - MA,2101806,2101806,2013,617.7634540342798,617.7634540342798,28108.982013925888,45.501205729088205,3060.0,765.0,250.0,674.79,147.1,27.46880165289256,26.370169491525424,31.243389830508477,32.57917355371901,23.204752066115702,2.2304610844603165,242,59.0,23,26,812.3281355932203,-257.3943181818182,-0.9871247353527964,-174.41295454545454,-1.4609494096724105,0.2634048035064467,0.2630879607403287,0.5800771700051364,0.6193570860055351,1.1863667822290689,0.9185276190951944,321.51295454545453,30.057023048279405,0.34583886398851116,39.57040485067239,5.930800878415816,3.8177388251461983,27,1,0
MATO GROSSO,BENEDITO LEITE - MA,2101806,2101806,2014,494.2107632274238,494.2107632274238,22487.18561114071,45.501205729088205,3060.0,612.0,200.0,503.13,159.62,28.186859504132237,27.07372881355932,32.08118644067797,33.61962809917355,23.63896694214876,2.0542054962546694,242,59.0,31,26,834.1108474576272,-429.0543181818182,-1.6454525231129171,-161.89295454545453,-1.3560771158868494,0.9814626547461174,0.9802820789242962,1.283636492039033,1.3705579159280188,2.024163392398563,1.567179736764167,321.51295454545453,30.057023048279405,0.34583886398851116,39.916243714660936,5.584962014427269,3.8177388251461983,27,1,0
MATO GROSSO,BENEDITO LEITE - MA,2101806,2101806,2015,2569.895968782604,2569.895968782604,100530.94743804082,39.12211512197094,2631.0,2736.0,1040.0,450.33,221.8,29.70732510288066,26.92366666666667,31.567833333333333,35.383374485596704,24.867530864197533,2.411922487992978,243,60.0,23,26,820.7636666666666,-481.8543181818182,-1.847944118089816,-99.71295454545452,-0.8352337271020113,2.501928253494544,2.498918749271715,1.133574345146382,1.2103343132333222,1.5108102850539282,1.1697233897831518,321.51295454545453,30.057023048279405,0.34583886398851116,40.26208257864937,-1.139967456678427,3.6666879112400648,27,1,0
MATO GROSSO,BENEDITO LEITE - MA,2101806,2101806,2016,4003.107182142133,4003.107182142133,92851.5000643016,23.196693116790065,1560.0,2527.0,1620.0,734.51,297.42,27.91409090909091,25.827627118644067,30.04,33.031983471074376,23.58107438016529,2.3945429401278653,242,59.0,8,11,330.44,-197.6743181818182,-0.758094469216047,-24.09295454545452,-0.2018117737422579,0.7086940597047935,0.7078415901096338,0.0375347971237793,0.0400764652920008,-0.0170230482794053,-0.0131798531786653,321.51295454545453,30.057023048279405,0.34583886398851116,40.60792144263792,-17.41122832584785,3.1440097304433543,27,1,0
MATO GROSSO,BENEDITO LEITE - MA,2101806,2101806,2017,6400.0293837951385,6400.0293837951385,295015.7079605372,46.09599273208283,3100.0,8029.0,2590.0,738.88,423.25,27.79557851239669,26.3571186440678,30.798135593220337,32.91801652892562,23.404462809917355,2.5166674013788324,242,59.0,21,13,400.3757627118644,-193.3043181818182,-0.7413352216772392,101.73704545454548,0.8521882843277995,0.5901816630105792,0.5894717488855096,0.567026322547509,0.605422500627546,0.7411125449409326,0.5737958543538657,321.51295454545453,30.057023048279405,0.34583886398851116,40.953760306626464,5.142232425456363,3.8307260206730094,27,1,0
MATO GROSSO,BENEDITO LEITE - MA,2101806,2101806,2018,6918.950685183933,6918.950685183933,264555.1248369496,38.22993461747902,2571.0,7200.0,2800.0,688.96,227.65,27.943760330578517,26.950677966101694,31.457966101694915,32.97694214876033,23.704338842975204,2.329327613076841,242,59.0,24,19,597.7013559322033,-243.22431818181812,-0.9327818205644884,-93.86295454545451,-0.7862318965392693,0.7383634811923976,0.7374753230241818,1.1605856445814062,1.239174682364125,1.40094305341551,1.0846602472499425,321.51295454545453,30.057023048279405,0.34583886398851116,41.2995991706149,-3.0696645531358797,3.6436188374656613,27,1,0
MATO GROSSO,BENEDITO LEITE - MA,2101806,2101806,2019,9271.39391814647,9271.39391814647,200180.0444599585,21.5907682087046,1452.0,5448.0,3752.0,714.84,231.38,28.639711934156377,26.9065,31.481,33.852427983539094,24.235390946502054,2.593907419666161,243,60.0,29,19,598.139,-217.34431818181812,-0.8335302584811147,-90.13295454545454,-0.7549879943172133,1.4343150847702617,1.432589784574921,1.116407678479714,1.1920052060164297,1.4239769517205936,1.1024939156276905,321.51295454545453,30.057023048279405,0.34583886398851116,41.645438034603444,-20.054669825898845,3.072265825584513,27,1,0
MATO GROSSO,BENEDITO LEITE - MA,2101806,2101806,2020,7610.845753702327,7610.845753702327,305561.16918667674,40.148122702136654,2700.0,8316.0,3080.0,440.42,177.19,28.821446280991736,27.51677966101695,32.475762711864405,34.480785123966946,24.036652892561985,2.094243239469796,242,59.0,29,26,844.3698305084745,-491.76431818181817,-1.885949642828851,-144.32295454545454,-1.2089040965727678,1.6160494316056209,1.614105527905775,1.7266873394966638,1.8436099442145504,2.4187396635850007,1.8726748065463543,321.51295454545453,30.057023048279405,0.34583886398851116,41.99127689859199,-1.8431541964553375,3.6925756821921922,27,1,0
MATO GROSSO,BENEDITO LEITE - MA,2101806,2101806,2021,9884.215264548477,9884.215264548477,437985.7066745054,44.31163172309898,2980.0,11920.0,4000.0,973.22,255.19,27.625619834710744,25.958135593220337,30.257796610169493,32.6350826446281,23.39247933884298,2.259446336382178,242,59.0,14,16,484.1247457627119,41.03568181818184,0.157374633756215,-66.32295454545454,-0.5555463557362066,0.420222985324628,0.4197175100588614,0.1680432717000499,0.1794223190718879,0.2007735618900881,0.1554460766624502,321.51295454545453,30.057023048279405,0.34583886398851116,42.33711576258054,1.9745159605184384,3.7912472096992222,27,1,0
MATO GROSSO,BENEDITO LEITE - MA,2101806,2101806,2022,15466.325835202228,15466.325835202228,745126.857856736,48.17774724256398,3240.0,20279.0,6259.0,799.33,264.42,27.481735537190083,26.08237288135593,30.588813559322038,32.78123966942149,22.873305785123968,2.079545385079965,242,59.0,16,17,520.0098305084746,-132.85431818181814,-0.5095053558372105,-57.09295454545452,-0.47823235640388,0.2763386878039675,0.2760062872058627,0.2922805598356426,0.3120723331246894,0.5317905110426295,0.4117312447400338,321.51295454545453,30.057023048279405,0.34583886398851116,42.68295462656897,5.49479261599501,3.8748972389861467,27,1,0
MATO GROSSO,BENEDITO LEITE - MA,2101806,2101806,2023,15444.086350856996,15444.086350856996,826734.7651154674,53.53083026951554,3600.0,22500.0,6250.0,697.25,272.03,29.412427983539096,27.9215,32.635,34.93695473251029,24.60979423868313,2.313051066786206,243,60.0,36,23,750.6049999999999,-234.93431818181816,-0.9009891061258808,-49.48295454545456,-0.4144880947658518,2.207031134152981,2.204376353981379,2.131407678479711,2.27573591427728,2.577976951720593,1.9959620136169585,321.51295454545453,30.057023048279405,0.34583886398851116,43.02879349055752,10.502036778958022,3.980257754643973,27,1,0
MATO GROSSO,BOM JARDIM - MA,2102002,2102002,2016,12725.927153106162,12725.927153106162,643383.3660965259,50.55689525454245,3400.0,17510.0,5150.0,1612.07,725.12,27.43446280991736,25.054237288135592,28.162881355932203,31.74136363636364,23.8898347107438,2.7703698842016795,242,59.0,0,4,112.6515254237288,313.2843181818182,0.9703503920278396,255.55931818181824,1.8975190266373416,0.4028352438913138,0.5289190217821198,-0.5495393554185917,-0.6876489922449331,-1.2802953903441183,-1.0220975378687842,469.56068181818176,29.44317674627632,-0.035226968332122764,51.15044311794742,-0.5935478634049716,3.9230993408040247,8,0,0
MATO GROSSO,BOM JARDIM - MA,2102002,2102002,2017,11564.531859521718,11564.531859521718,579816.6486009811,50.14054435244622,3372.0,15780.0,4680.0,1120.68,518.1,27.494917355371904,25.532542372881355,29.278644067796613,32.128677685950414,23.68690082644628,2.63379461225274,242,59.0,6,8,234.2291525423729,-178.1056818181817,-0.551655183948139,48.53931818181826,0.3604027450271886,0.4632897893458612,0.6082952916815056,-0.0712342706728286,-0.0891367905837453,-0.1645326784797092,-0.1313512856809292,469.56068181818176,29.44317674627632,-0.035226968332122764,51.11521614961529,-0.9746717971690728,3.914829949321518,8,0,0
MATO GROSSO,BOM JARDIM - MA,2102002,2102002,2018,15320.533660050138,15320.533660050138,808362.8814462348,52.75760716562254,3548.0,22000.0,6200.0,1465.01,483.59,27.104752066115704,25.29694915254237,28.630000000000003,31.438677685950413,23.56309917355372,2.5135686844872005,242,59.0,0,6,171.78000000000003,166.22431818181826,0.5148544722837923,14.029318181818269,0.104167198324617,0.073124500089662,0.0960118054272474,-0.3068274910118127,-0.3839390444140267,-0.8131767462763193,-0.6491829592526918,469.56068181818176,29.44317674627632,-0.035226968332122764,51.07998918128318,1.6776179843393564,3.9657079736292418,8,0,0
MATO GROSSO,BOM JARDIM - MA,2102002,2102002,2019,29776.198484452285,29776.198484452285,1593944.627142621,53.53083026951554,3600.0,43380.0,12050.0,1195.27,439.4,27.920329218107,26.00883333333333,29.9675,32.63065843621399,24.071810699588475,2.4218582559325617,243,60.0,4,3,89.90249999999999,-103.51568181818176,-0.320624035752107,-30.160681818181786,-0.2239420108549441,0.8887016520809539,1.1668572092506213,0.4050566897791476,0.5068550992431362,0.5243232537236757,0.418582704210375,469.56068181818176,29.44317674627632,-0.035226968332122764,51.044762212951056,2.486068056564484,3.980257754643973,8,0,0
MATO GROSSO,BOM JARDIM - MA,2102002,2102002,2020,26798.578636007056,26798.578636007056,1386709.7793536773,51.74646926053169,3480.0,37740.0,10845.0,1249.53,464.05,27.42206611570248,26.501016949152543,30.852033898305084,32.12136363636363,23.59942148760331,2.2731400832184065,242,59.0,24,16,493.63254237288135,-49.25568181818176,-0.1525619617325775,-5.510681818181752,-0.040916620353107,0.3904385496764391,0.5126422747077435,0.8972403055983591,1.122733769406343,1.4088571520287625,1.124732180680885,469.56068181818176,29.44317674627632,-0.035226968332122764,51.00953524461893,0.7369340159127589,3.9463562029682917,8,0,0
MATO GROSSO,BOM JARDIM - MA,2102002,2102002,2021,26934.4865958946,26934.4865958946,1249582.039646525,46.39338623358013,3120.0,34008.0,10900.0,1683.44,489.65,26.834586776859503,25.22508474576271,28.567966101694918,31.289256198347108,23.29152892561984,2.0077011571501204,242,59.0,0,5,142.83983050847456,384.6543181818183,1.1914080813528274,20.08931818181821,0.149162487024054,-0.197040789166536,-0.2587127691470303,-0.378691897791473,-0.4738643362298811,-0.8752106445814078,-0.6987064482851654,469.56068181818176,29.44317674627632,-0.035226968332122764,50.974308276286806,-4.580922042706675,3.8371569110032997,8,0,0
MATO GROSSO,BOM JARDIM - MA,2102002,2102002,2022,29652.645793645428,29652.645793645428,1469750.6935386085,49.56062702452647,3333.0,40000.0,12000.0,1615.22,540.36,26.729917355371903,25.20135593220339,28.62593220338983,31.261322314049583,23.013801652892564,2.0530046782482327,242,59.0,2,5,143.12966101694914,316.4343181818183,0.9801070365756008,70.79931818181825,0.5256824688637357,-0.3017102106541394,-0.3961427702783621,-0.4024207113507927,-0.5035566495653021,-0.8172445428864918,-0.6524304011564628,469.56068181818176,29.44317674627632,-0.035226968332122764,50.93908130795468,-1.378454283428212,3.9031967085075117,8,0,0
MATO GROSSO,BOM JARDIM - MA,2102002,2102002,2023,37312.9126236705,37312.9126236705,1997391.192518969,53.53083026951554,3600.0,54360.0,15100.0,1488.66,594.55,28.493868312757204,26.6085,30.4785,33.251275720164614,24.514362139917694,2.428123585791325,243,60.0,19,8,243.828,189.87431818181835,0.588106740078888,124.9893181818182,0.9280413293624996,1.4622407467311618,1.9199088389090155,1.0047233564458151,1.2572293444181917,1.0353232537236785,0.826529062363371,469.56068181818176,29.44317674627632,-0.035226968332122764,50.903854339622555,2.6269759298929856,3.980257754643973,8,0,0
MATO GROSSO,BOM JESUS DAS SELVAS - MA,2102036,2102036,2015,358.30280333988225,358.30280333988225,17306.314416417117,48.29670464316291,3248.0,471.0,145.0,647.91,192.66,28.828024691358024,27.081666666666667,32.331833333333336,34.00308641975309,24.46909465020576,2.551555717185146,243,60.0,36,24,775.964,-638.3529545454545,-1.989094521436288,-267.1211363636363,-1.814098833179654,2.1797680381253635,2.698580069765593,1.9980862223934253,2.518194900717892,3.391210644581406,2.562090834448986,459.78113636363634,28.94062268875193,0.3489417084234617,48.09546837381697,0.20123626934594085,3.8773633314813405,9,0,0
MATO GROSSO,BOM JESUS DAS SELVAS - MA,2102036,2102036,2016,2841.711888557687,2841.711888557687,146975.06935386086,51.71672991038196,3478.0,4000.0,1150.0,1426.32,633.31,27.091983471074386,24.851186440677967,28.35322033898305,31.707272727272727,23.362561983471075,2.7445028028006244,242,59.0,4,6,170.1193220338983,140.05704545454546,0.436414838873206,173.5288636363636,1.178485960830813,0.4437268178417213,0.5493393453360241,-0.2323940035952745,-0.2928869576559277,-0.5874023497688796,-0.4437878781966405,459.78113636363634,28.94062268875193,0.3489417084234617,48.44441008224044,3.2723198281415193,3.9457813251140004,9,0,0
MATO GROSSO,BOM JESUS DAS SELVAS - MA,2102036,2102036,2017,3706.5807242056794,3706.5807242056794,198416.34362771217,53.53083026951554,3600.0,5400.0,1500.0,1239.32,508.92,27.006983471074378,25.04135593220339,28.836610169491525,31.73082644628099,23.14681818181818,2.6480561240729314,242,59.0,5,10,288.36610169491524,-46.94295454545454,-0.1462732694217483,49.13886363636368,0.3337165916558172,0.3587268178417169,0.444108283168805,-0.0422245120698505,-0.0532156969944124,-0.1040125192604044,-0.0785824150118297,459.78113636363634,28.94062268875193,0.3489417084234617,48.793351790663905,4.737478478851635,3.980257754643973,9,0,0
MATO GROSSO,BOM JESUS DAS SELVAS - MA,2102036,2102036,2018,7413.161448411357,7413.161448411357,404181.4407231174,54.527098499531526,3667.0,11000.0,3000.0,1513.01,419.49,26.49797520661157,24.769152542372883,27.93372881355932,30.88380165289256,22.939421487603305,2.4145417920948877,242,59.0,0,6,167.6023728813559,226.7470454545455,0.706539074745343,-40.291136363636326,-0.2736290525705668,-0.15028144662109,-0.1860503088466202,-0.3144279019003591,-0.3962745602942281,-1.0068938751926098,-0.7607175841512016,459.78113636363634,28.94062268875193,0.3489417084234617,49.14229349908726,5.384805000444267,3.998697798271098,9,0,0
MATO GROSSO,BOM JESUS DAS SELVAS - MA,2102036,2102036,2019,8698.10943280266,8698.10943280266,245742.31595965536,28.25238264224431,1900.0,6688.0,3520.0,1228.47,432.7,27.47082304526749,25.79283333333333,30.0325,32.43555555555556,23.447078189300413,2.342040358065071,243,60.0,6,8,240.26,-57.79295454545445,-0.1800816436196103,-27.081136363636347,-0.183916026066815,0.8225663920348296,1.018347472198562,0.7092528890600889,0.8938738421463756,1.0918773112480729,0.8249233517715612,459.78113636363634,28.94062268875193,0.3489417084234617,49.49123520751073,-21.238852565266416,3.3411777953543034,9,0,0
MATO GROSSO,BOM JESUS DAS SELVAS - MA,2102036,2102036,2020,8922.975330071136,8922.975330071136,477668.9754000478,53.53083026951554,3600.0,13000.0,3611.0,1275.62,421.22,26.645826446280992,25.43728813559322,29.33186440677966,31.1501652892562,22.969462809917356,2.351058457412124,242,59.0,9,11,322.6505084745762,-10.642954545454586,-0.0331632248703749,-38.561136363636365,-0.2618801096597805,-0.0024302069516686,-0.003008626574238,0.353707691319979,0.4457790132598635,0.3912417180277288,0.2955867166242188,459.78113636363634,28.94062268875193,0.3489417084234617,49.840176915934194,3.6906533535813466,3.980257754643973,9,0,0
MATO GROSSO,BOM JESUS DAS SELVAS - MA,2102036,2102036,2021,9019.346428900484,9019.346428900484,426484.9074975657,47.285566738072056,3180.0,11607.0,3650.0,1549.19,487.73,26.21611570247934,24.65372881355932,27.868983050847454,30.563553719008265,22.73673553719008,1.9877850522486704,242,59.0,0,6,167.21389830508474,262.9270454545456,0.8192752017940675,27.948863636363683,0.1898090192398821,-0.4321409507533218,-0.5349958971026072,-0.4298516307139195,-0.5417434805353094,-1.0716396379044717,-0.8096336034136814,459.78113636363634,28.94062268875193,0.3489417084234617,50.18911862435766,-2.903551886285605,3.856205105973994,9,0,0
MATO GROSSO,BOM JESUS DAS SELVAS - MA,2102036,2102036,2022,9483.904546334265,9483.904546334265,477668.9754000478,50.3635894785692,3387.0,13000.0,3838.0,1281.48,371.83,26.49119834710744,24.938135593220338,28.605593220338985,31.187727272727276,22.64,2.290930659862057,242,59.0,0,4,114.42237288135594,-4.782954545454459,-0.0149035868243401,-87.95113636363635,-0.597302242818017,-0.1570583061252222,-0.1944401455969473,-0.145444851052904,-0.1833046432893022,-0.3350294684129444,-0.253117844998117,459.78113636363634,28.94062268875193,0.3489417084234617,50.53806033278113,-0.17447085421192554,3.9192684830175435,9,0,0
MATO GROSSO,BOM JESUS DAS SELVAS - MA,2102036,2102036,2023,8535.019880937609,8535.019880937609,494387.3895390495,57.91738441660084,3895.0,13455.0,3454.0,1196.53,453.53,28.34897119341564,26.284333333333333,30.44383333333333,33.355432098765434,24.240534979423867,2.6707022653369337,243,60.0,18,15,456.6575,-89.7329545454545,-0.2796060189080642,-6.251136363636363,-0.0424533203837605,1.7007145401829789,2.105505853019755,1.200752889060091,1.513312973366783,1.5032106445814009,1.1356894685625027,459.78113636363634,28.94062268875193,0.3489417084234617,50.887002041204596,7.030382375396243,4.05901758850462,9,0,0
MATO GROSSO,BREJO - MA,2102101,2102101,1994,12.355269080685597,12.355269080685597,183.71883669232608,14.869675074865428,1000.0,5.0,5.0,1181.36,370.09,27.270371900826447,26.14610169491525,30.84101694915254,33.069545454545455,23.233719008264465,1.5399825759225023,242,59.0,18,14,431.7742372881356,81.90113636363617,0.281086199823051,-29.044772727272687,-0.2659448220747308,-0.3835426873571919,-0.5396970132510915,-0.5198789804827939,-0.6618528852471183,-0.807143168977916,-0.6809003652447359,399.1347727272727,31.648160118130452,0.684599587325437,26.41793132506291,-11.54825625019748,2.699323909181909,27,1,0
MATO GROSSO,BREJO - MA,2102101,2102101,1997,9.884215264548477,9.884215264548477,293.9501387077217,29.739350149730857,2000.0,8.0,4.0,1045.2,407.16,28.070371900826444,27.105593220338985,32.026610169491526,34.063181818181825,23.900619834710746,1.2541566846875971,242,59.0,29,11,352.2927118644068,-54.258863636363685,-0.1862174136210664,8.02522727272725,0.0734819879361863,0.4164573126428053,0.5860123923326928,0.4396125449409389,0.5596664650488183,0.3784500513610709,0.319257831946903,399.1347727272727,31.648160118130452,0.684599587325437,28.471730087039077,1.2676200626917797,3.3924710897418544,27,1,0
MATO GROSSO,BREJO - MA,2102101,2102101,1998,14.826322896822717,14.826322896822717,404.18144072311736,27.256114412228328,1833.0,11.0,6.0,1247.97,463.91,27.85797520661157,26.44559322033898,31.08,33.76640495867769,23.693760330578517,2.140895911128637,242,59.0,20,12,372.96,148.5111363636363,0.5096929396255829,64.7752272727273,0.5931062519804162,0.2040606184279312,0.2871411968419584,-0.2203874550590647,-0.2805731304382658,-0.5681601181304536,-0.4792959252103921,399.1347727272727,31.648160118130452,0.684599587325437,29.156329674364542,-1.9002152621362143,3.305277878039477,27,1,0
MATO GROSSO,BREJO - MA,2102101,2102101,1999,247.1053816137119,247.1053816137119,7348.753467693043,29.739350149730857,2000.0,200.0,100.0,1263.98,454.68,27.14008230452675,25.781166666666664,30.189833333333336,32.6577366255144,23.21522633744856,1.696861953449877,243,60.0,10,9,271.7085,164.5211363636363,0.5646395528103679,55.54522727272729,0.5085929135288172,-0.5138322836568889,-0.7230322932564461,-0.8848140087313823,-1.1264481284511485,-1.4583267847971193,-1.230234335839009,399.1347727272727,31.648160118130452,0.684599587325437,29.840929261690007,-0.10157911195915048,3.3924710897418544,27,1,0
MATO GROSSO,BREJO - MA,2102101,2102101,2000,247.1053816137119,247.1053816137119,8818.50416123165,35.68722017967703,2400.0,240.0,100.0,1208.92,478.26,27.0454958677686,25.83186440677966,30.21898305084746,32.70338842975207,23.07599173553719,1.6448102597075704,242,59.0,14,3,90.65694915254238,109.46113636363634,0.3756726245184092,79.12522727272727,0.7245002288797057,-0.6084187204150417,-0.8561283451305821,-0.8341162686183878,-1.0619053274744037,-1.4291770672829962,-1.2056438368234743,399.1347727272727,31.648160118130452,0.684599587325437,30.525528849015473,5.161691330661554,3.574792646535809,27,1,0
MATO GROSSO,BREJO - MA,2102101,2102101,2001,444.7896869046815,444.7896869046815,9920.817181385608,22.30451261229814,1500.0,270.0,180.0,1172.01,448.74,27.533801652892564,26.266440677966106,30.864237288135595,33.33805785123967,23.36698347107438,1.70862918833601,242,59.0,17,10,308.6423728813559,72.55113636363626,0.2489968286002068,49.60522727272729,0.4542040478297384,-0.1201129352910754,-0.1690153262368007,-0.399539997431944,-0.5086504936714021,-0.7839228299948608,-0.6613118487307573,399.1347727272727,31.648160118130452,0.684599587325437,31.210128436340938,-8.905615824042798,3.104789017290073,27,1,0
MATO GROSSO,BREJO - MA,2102101,2102101,2003,3904.265029496648,3904.265029496648,139332.3657474601,35.68722017967703,2400.0,3792.0,1580.0,1275.96,620.21,27.543456790123457,26.161,30.550166666666662,33.196460905349795,23.494855967078188,1.5497036457510571,243,60.0,17,6,183.301,176.5011363636363,0.6057551321953601,221.0752272727273,2.0242476170925405,-0.1104577980601817,-0.1554292277455266,-0.5049806753980448,-0.6428859976140081,-1.0979934514637897,-0.9262596412539026,399.1347727272727,31.648160118130452,0.684599587325437,32.57932761099187,3.107892568685159,3.574792646535809,27,1,0
MATO GROSSO,BREJO - MA,2102101,2102101,2004,5510.450009985775,5510.450009985775,196652.64279546583,35.68722017967703,2400.0,5352.0,2230.0,859.77,379.62,28.10309917355372,27.39813559322034,32.501525423728815,34.1753305785124,23.70743801652893,1.4301434446521344,242,59.0,30,22,715.033559322034,-239.68886363636372,-0.8226165693271682,-19.514772727272717,-0.1786845712140878,0.4491845853700802,0.6320641407429418,0.7321549178222924,0.9320993211892104,0.8533653055983592,0.7198930383130164,399.1347727272727,31.648160118130452,0.684599587325437,33.263927198317106,2.4232929813599213,3.574792646535809,27,1,0
MATO GROSSO,BREJO - MA,2102101,2102101,2005,12849.47984391302,12849.47984391302,470026.271793647,36.57940068416895,2460.0,12792.0,5200.0,1049.42,342.82,28.04921487603306,26.96440677966102,31.86813559322034,34.109421487603306,23.625413223140495,1.8808766284358007,242,59.0,28,18,573.6264406779661,-50.03886363636366,-0.1717342963418787,-56.314772727272725,-0.5156391600568657,0.3953002878494196,0.5562415650775883,0.2984261042629725,0.3799233774677349,0.2199754750898854,0.1855697812858346,399.1347727272727,31.648160118130452,0.684599587325437,33.94852678564257,2.6308738985263815,3.5994852591261806,27,1,0
MATO GROSSO,BREJO - MA,2102101,2102101,2006,19570.74622380598,19570.74622380598,977788.3926438978,49.94723857647297,3359.0,26611.0,7920.0,1281.94,431.39,27.4245041322314,27.33949152542373,32.78915254237288,33.29309917355372,23.287768595041324,1.4270193386667624,242,59.0,32,19,622.9938983050847,182.48113636363632,0.6262786017047303,32.25522727272727,0.2953409468400046,-0.2294104559522374,-0.3228118850058737,0.6735108500256821,0.8574401275480882,1.1409924242424268,0.9625332757160476,399.1347727272727,31.648160118130452,0.684599587325437,34.633126372968036,15.314112203504934,3.9109672198120644,27,1,0
MATO GROSSO,BREJO - MA,2102101,2102101,2007,22239.484345234072,22239.484345234072,793665.3745108487,35.68722017967703,2400.0,21600.0,9000.0,1323.66,421.2,27.542427983539092,26.34333333333333,31.011166666666668,33.31909465020576,23.3259670781893,1.899629876400363,243,60.0,17,17,527.1898333333334,224.20113636363635,0.7694624057065562,22.06522727272727,0.2020374886794637,-0.1114866046445435,-0.1568768993062048,-0.322647342064716,-0.4107592002749066,-0.6369934514637876,-0.5373632466089359,399.1347727272727,31.648160118130452,0.684599587325437,35.3177259602935,0.369494219383526,3.574792646535809,27,1,0
MATO GROSSO,BREJO - MA,2102101,2102101,2008,21078.089051649626,21078.089051649626,1034300.3068104574,49.06992774705591,3300.0,28149.0,8530.0,1201.03,410.92,27.40384297520661,26.423898305084744,31.102203389830507,33.08239669421487,23.36404958677686,1.636956144563532,242,59.0,19,17,528.7374576271186,101.57113636363624,0.3485940000319658,11.785227272727298,0.1079099567962097,-0.2500716129770275,-0.351884958497186,-0.2420823703133017,-0.3081927165251545,-0.5459567282999487,-0.4605652999306089,399.1347727272727,31.648160118130452,0.684599587325437,36.002325547618966,13.06760219943694,3.8932463776543433,27,1,0
MATO GROSSO,BREJO - MA,2102101,2102101,2009,29837.974829855717,29837.974829855717,1086145.7625250318,36.40096458327056,2448.0,29560.0,12075.0,639.15,169.54,27.928223140495867,28.01135593220339,33.56864406779661,33.79545454545455,23.68851239669421,1.0082015044886452,242,59.0,47,29,973.4906779661018,-460.30886363636375,-1.5797884494537937,-229.59477272727275,-2.102255767520902,0.2743085523122275,0.3859896467124339,1.345375256805344,1.7127841841764362,1.9204839496661563,1.6201069067216711,399.1347727272727,31.648160118130452,0.684599587325437,36.68692513494443,-0.2859605516738739,3.594595273831988,27,1,0
MATO GROSSO,BREJO - MA,2102101,2102101,2010,31382.383464941413,31382.383464941413,839962.5213573148,26.76541513475777,1800.0,22860.0,12700.0,1310.91,440.92,27.775413223140493,26.08372881355932,30.65084745762712,33.58049586776859,23.58615702479339,2.13470610635008,242,59.0,13,14,429.11186440677966,211.45113636363635,0.7257041722208591,41.7852272727273,0.3826011977006481,0.121498634956854,0.1709651951706523,-0.5822518618387242,-0.7412591952469221,-0.9973126605033364,-0.8413260260380161,399.1347727272727,31.648160118130452,0.684599587325437,37.371524722269896,-10.606109587512126,3.287110574084028,27,1,0
MATO GROSSO,BREJO - MA,2102101,2102101,2011,38004.80769218889,38004.80769218889,1627528.4304899783,42.82466421561243,2880.0,44294.0,15380.0,669.9399999999999,319.06,27.750823045267488,26.884,32.2255,33.73506172839507,23.44012345679012,1.454326170105415,243,60.0,31,22,708.9609999999999,-429.5188636363638,-1.474116605608726,-80.07477272727272,-0.7331946228531808,0.0969084570838489,0.1363634520248771,0.2180193246019541,0.2775582865332003,0.5773398818695412,0.4870399100733503,399.1347727272727,31.648160118130452,0.684599587325437,38.05612430959536,4.768539906017068,3.7571142033297633,27,1,0
MATO GROSSO,BREJO - MA,2102101,2102101,2012,39536.86105819391,39536.86105819391,1128768.5326376513,28.549776143741617,1920.0,30720.0,16000.0,713.68,271.72,28.748512396694217,27.717966101694916,32.98474576271186,35.076322314049584,24.246446280991737,1.5796271219006155,242,59.0,40,30,989.5423728813558,-385.7788636363638,-1.3240001246154407,-127.41477272727268,-1.1666574010003845,1.094597808510578,1.5402488104647,1.0519854262968664,1.339272437954518,1.3365856445814046,1.127534356424999,399.1347727272727,31.648160118130452,0.684599587325437,38.7407238969206,-10.190947753178982,3.351649095221599,27,1,0
MATO GROSSO,BREJO - MA,2102101,2102101,2013,58909.92297670892,58909.92297670892,2575333.9089856884,43.71684472010436,2940.0,70089.0,23840.0,902.69,409.48,28.13830578512397,26.60440677966102,31.45881355932203,34.03632231404959,23.913801652892563,2.004623499559737,242,59.0,18,14,440.4233898305084,-196.7688636363638,-0.6753143433502181,10.3452272727273,0.0947247772327967,0.4843911969403294,0.6816046579721474,-0.0615738957370268,-0.0783891291615804,-0.189346558808424,-0.1597314404751126,399.1347727272727,31.648160118130452,0.684599587325437,39.425323484246064,4.291521235858298,3.777733490532499,27,1,0
MATO GROSSO,BREJO - MA,2102101,2102101,2014,59898.34450316377,59898.34450316377,2458231.522478,41.04030320662857,2760.0,66902.0,24240.0,619.0,161.83,28.48851239669421,28.304237288135592,34.434576271186444,34.853388429752066,23.915371900826447,1.7492635847856972,242,59.0,47,32,1101.9064406779662,-480.4588636363637,-1.6489436184527575,-237.3047727272727,-2.1728514164333426,0.8345978085105763,1.1743932536499666,1.6382566127375462,2.0856485963494378,2.7864161530559883,2.3506012926333333,399.1347727272727,31.648160118130452,0.684599587325437,40.10992307157153,0.9303801350570424,3.7145545889109672,27,1,0
MATO GROSSO,BREJO - MA,2102101,2102101,2015,66162.46592707136,66162.46592707136,2374602.708015653,35.89539563072514,2414.0,64626.0,26775.0,736.92,335.48,28.871069958847738,27.39033333333333,32.37533333333333,35.20152263374485,24.379012345679016,1.7799374603772251,243,60.0,30,22,712.2573333333332,-362.53886363636377,-1.2442400190305312,-63.6547727272727,-0.5828469503314848,1.2171553706640983,1.7127040610167474,0.7243526579352881,0.922166339838693,0.7271732152028747,0.613438268275022,399.1347727272727,31.648160118130452,0.684599587325437,40.794522658896994,-4.899127028171854,3.5806090318572488,27,1,0
MATO GROSSO,BREJO - MA,2102101,2102101,2016,63011.87231149653,63011.87231149653,2314857.3423233083,36.74296710999247,2471.0,63000.0,25500.0,967.65,361.88,28.36429752066116,26.921355932203387,31.78779661016949,34.35566115702479,24.058305785123967,2.14790463423151,242,59.0,29,12,381.45355932203387,-131.80886363636375,-0.4523704337634825,-37.25477272727272,-0.3411186583355791,0.7103829324775184,0.9996059358201697,0.2553752568053404,0.325115761326558,0.1396364920390347,0.1177963737849261,399.1347727272727,31.648160118130452,0.684599587325437,41.47912224622246,-4.736155136229989,3.6039468361883817,27,1,0
MATO GROSSO,BREJO - MA,2102101,2102101,2017,58316.87006083601,58316.87006083601,2878947.6585034267,49.36732124855322,3320.0,78352.0,23600.0,866.62,442.08,28.368388429752063,27.013050847457627,32.23050847457627,34.48842975206612,23.925537190082643,2.0627171295114817,242,59.0,27,15,483.457627118644,-232.83886363636373,-0.7991072438858329,42.94522727272727,0.3932225923489528,0.7144738415684273,1.00536240437145,0.3470701720595812,0.4418516681469297,0.582348356445813,0.4912650244017301,399.1347727272727,31.648160118130452,0.684599587325437,42.163721833547925,7.203599415005293,3.899288692110306,27,1,0
MATO GROSSO,BREJO - MA,2102101,2102101,2018,62023.450785041685,62023.450785041685,2693318.1459095003,43.41945121860705,2920.0,73300.0,25100.0,1271.28,394.92,27.950826446280992,26.78966101694915,31.445254237288136,33.64644628099173,23.86855371900826,1.9705220096464309,242,59.0,24,12,377.3430508474576,171.82113636363624,0.5896932864923747,-4.214772727272703,-0.0385920383528241,0.2969118580973529,0.4177955891119365,0.123680341551104,0.1574562426584901,-0.2029058808423194,-0.1711699902642925,399.1347727272727,31.648160118130452,0.684599587325437,42.84832142087339,0.5711297977336613,3.7709075254620994,27,1,0
MATO GROSSO,BREJO - MA,2102101,2102101,2019,39783.96643980761,39783.96643980761,1549925.5938711397,38.95854869614742,2620.0,42182.0,16100.0,1212.4,504.2,28.257448559670785,26.92,31.520333333333333,34.15069958847737,24.08987654320988,1.754746830303071,243,60.0,26,9,283.683,112.94113636363636,0.3876160482462701,105.06522727272728,0.9620165885150768,0.6035339714871455,0.849254835365522,0.2540193246019555,0.3233895371961337,-0.1278267847971221,-0.1078337868691076,399.1347727272727,31.648160118130452,0.684599587325437,43.532921008198855,-4.5743723120514375,3.6624982269549142,27,1,0
MATO GROSSO,BREJO - MA,2102101,2102101,2020,39536.86105819391,39536.86105819391,1822490.8599878747,46.09599273208283,3100.0,49600.0,16000.0,908.2,311.26,28.07917355371901,27.43322033898305,32.78322033898305,34.05760330578513,23.808636363636364,1.4855905886683636,242,59.0,32,19,622.881186440678,-191.25886363636369,-0.6564039224477715,-87.87477272727273,-0.804614345488335,0.4252589655353702,0.5983975216399979,0.7672396635850021,0.9767653705640986,1.1350602208525942,0.9575289101832788,399.1347727272727,31.648160118130452,0.684599587325437,44.21752059552409,1.8784721365587345,3.8307260206730094,27,1,0
MATO GROSSO,BREJO - MA,2102101,2102101,2021,40031.07182142133,40031.07182142133,1730631.4416417116,43.2261454426338,2907.0,47100.0,16200.0,1316.25,281.21,28.11351239669421,27.07593220338983,32.49457627118644,34.09607438016529,23.86004132231405,1.7719283099297014,242,59.0,40,10,324.9457627118644,216.79113636363627,0.7440311500101626,-117.92477272727274,-1.0797634051276142,0.4595978085105763,0.6467169697825658,0.4099515279917831,0.5219053121956455,0.8464161530559835,0.7140307815460581,399.1347727272727,31.648160118130452,0.684599587325437,44.90212018284956,-1.6759747402157572,3.7664455307586477,27,1,0
MATO GROSSO,BREJO - MA,2102101,2102101,2022,39907.51913061447,39907.51913061447,1780235.5275486396,44.60902522459628,3000.0,48450.0,16150.0,1037.04,360.32,27.777561983471077,26.60813559322034,31.58593220338983,33.67557851239669,23.452561983471075,1.681098314134321,242,59.0,20,15,473.7889830508475,-62.41886363636377,-0.2142226830519127,-38.814772727272725,-0.3554026028626099,0.1236473952874348,0.1739887948137524,-0.0578450821777067,-0.0736420128028988,-0.0622279147406246,-0.0524950362015253,399.1347727272727,31.648160118130452,0.684599587325437,45.58671977017502,-0.9776945455787427,3.7979361978500186,27,1,0
MATO GROSSO,BREJO - MA,2102101,2102101,2023,40031.07182142133,40031.07182142133,1749003.325310944,43.68710536995462,2938.0,47600.0,16200.0,862.29,279.12,29.28633744855967,28.925666666666665,34.89033333333334,35.66061728395062,24.683621399176957,1.783261984999824,243,60.0,48,28,976.9293333333336,-237.16886363636377,-0.8139678831794069,-120.01477272727271,-1.0989002282439566,1.6324228603760318,2.297042209769113,2.2596859912686185,2.8767843079263096,3.2421732152028824,2.7350747813598155,399.1347727272727,31.648160118130452,0.684599587325437,46.27131935750049,-2.5842139875458656,3.7770529869335943,27,1,0
MATO GROSSO,BURITI - MA,2102200,2102200,1999,14.826322896822717,14.826322896822717,477.66897540004777,32.20771621215852,2166.0,13.0,6.0,1432.13,470.39,26.96061728395062,25.474,29.282833333333333,31.915596707818928,23.109506172839502,1.9970958329900717,243,60.0,6,10,292.8283333333333,208.24227272727265,0.6995173807273242,24.50954545454539,0.198421741386004,-0.6402266267279444,-0.8668408602713585,-0.881471879815102,-1.1302020513896849,-1.5294448510529008,-1.302924998582531,445.8804545454546,30.812278184386237,0.44374541886878827,32.85800141781647,-0.6502852056579442,3.472206057760708,25,1,0
MATO GROSSO,BURITI - MA,2102200,2102200,2000,14.826322896822717,14.826322896822717,514.412742738513,34.69095194966104,2333.0,14.0,6.0,1272.65,488.29,27.07719008264463,25.63779661016949,29.789491525423728,32.23731404958678,23.044256198347107,1.970323066013677,242,59.0,6,3,89.36847457627118,48.76227272727283,0.1637998704574552,42.40954545454542,0.3433346357273715,-0.5236538280339325,-0.7090060235345587,-0.7176752696456106,-0.9201859759329528,-1.022786658962506,-0.8713058893634223,445.8804545454546,30.812278184386237,0.44374541886878827,33.3017468366852,1.3892051129758443,3.5464789022212018,25,1,0
MATO GROSSO,BURITI - MA,2102200,2102200,2001,17.29737671295983,17.29737671295983,367.43767338465216,21.23389600690783,1428.0,10.0,7.0,1225.53,468.24,27.56586776859504,25.965084745762717,29.96881355932204,32.80880165289256,23.42797520661157,2.079520639552808,242,59.0,7,9,269.7193220338983,1.6422727272727116,0.0055166431943732,22.35954545454541,0.1810160026801975,-0.0349761420835221,-0.0473562763979467,-0.3903871340523892,-0.5005449973454625,-0.8434646250641968,-0.7185425121145296,445.8804545454546,30.812278184386237,0.44374541886878827,33.74549225555404,-12.51159624864621,3.0555987730993017,25,1,0
MATO GROSSO,BURITI - MA,2102200,2102200,2002,741.3161448411357,741.3161448411357,26455.512483694954,35.68722017967703,2400.0,720.0,300.0,1345.7,513.53,27.820082644628098,26.8071186440678,31.45084745762712,33.22429752066115,23.57909090909091,2.01797873314249,242,59.0,21,14,440.3118644067797,121.81227272727278,0.4091859008387817,67.64954545454538,0.5476699124411202,0.2192387339495347,0.2968403449773658,0.4516467642526933,0.5790906223451847,0.6385692732408828,0.5439933769821474,445.8804545454546,30.812278184386237,0.44374541886878827,34.18923767442277,1.4979825052542566,3.574792646535809,25,1,0
MATO GROSSO,BURITI - MA,2102200,2102200,2003,988.4215264548476,988.4215264548476,35274.0166449266,35.68722017967703,2400.0,960.0,400.0,1532.13,735.35,27.545390946502057,25.923,29.714166666666664,32.571440329218106,23.50251028806584,1.927024896008112,243,60.0,11,5,148.57083333333333,308.24227272727285,1.0354325489426934,289.4695454545454,2.343456405335091,-0.0554529641765064,-0.0750810621811046,-0.4324718798151004,-0.5545050465341066,-1.0981115177195695,-0.9354746898413954,445.8804545454546,30.812278184386237,0.44374541886878827,34.632983093291614,1.0542370863854131,3.574792646535809,25,1,0
MATO GROSSO,BURITI - MA,2102200,2102200,2004,4225.502025594474,4225.502025594474,150796.42115706124,35.68722017967703,2400.0,4104.0,1710.0,1070.03,452.05,28.0450826446281,27.100169491525424,31.585254237288137,33.43574380165289,23.702438016528923,1.773331310006746,242,59.0,16,20,631.7050847457627,-153.8577272727273,-0.5168314433805247,6.169545454545414,0.0499467423792626,0.4442387339495361,0.6014812102876056,0.7446976117103219,0.9548333732399398,0.7729760529019032,0.658493715506129,445.8804545454546,30.812278184386237,0.44374541886878827,35.076728512160344,0.6104916675166834,3.574792646535809,25,1,0
MATO GROSSO,BURITI - MA,2102200,2102200,2005,10007.767955355332,10007.767955355332,383935.624919623,38.3637616931528,2580.0,10449.0,4050.0,1257.33,386.75,27.90024793388429,26.71728813559322,31.176101694915257,33.239669421487605,23.60421487603306,2.1765856862244246,242,59.0,22,17,529.9937288135594,33.442272727272666,0.1123376666868602,-59.1304545454546,-0.4787019727319819,0.2994040232057315,0.4053808920300472,0.3618162557781161,0.4639121041414709,0.3638235105290235,0.309939091045999,445.8804545454546,30.812278184386237,0.44374541886878827,35.52047393102919,2.843287762123616,3.647113308115435,25,1,0
MATO GROSSO,BURITI - MA,2102200,2102200,2006,18243.79032454035,18243.79032454035,878910.9147360879,48.16287756748912,3239.0,23920.0,7383.0,1315.72,471.78,27.275661157024796,27.238813559322036,32.19220338983051,32.60619834710744,23.15136363636364,1.6628393257612872,242,59.0,28,18,579.4596610169492,91.83227272727277,0.3084785334078142,25.899545454545432,0.2096747538516189,-0.3251827536537703,-0.4402842464757801,0.8833416795069304,1.13259946359963,1.3799252054442768,1.1755500991812458,445.8804545454546,30.812278184386237,0.44374541886878827,35.96421934989792,12.198658217591202,3.874588549371101,25,1,0
MATO GROSSO,BURITI - MA,2102200,2102200,2007,19768.430529096957,19768.430529096957,705480.3328985322,35.68722017967703,2400.0,19200.0,8000.0,1428.42,555.47,27.65522633744856,25.9225,30.019,32.86275720164609,23.475185185185182,2.36526942060112,243,60.0,11,8,240.152,204.5322727272728,0.6870549279865347,109.58954545454544,0.8872032525906703,0.0543824267699974,0.0736315979950341,-0.4329718798151027,-0.5551461345127907,-0.7932781843862315,-0.675788980920394,445.8804545454546,30.812278184386237,0.44374541886878827,36.40796476876676,-0.7207445890897333,3.574792646535809,25,1,0
MATO GROSSO,BURITI - MA,2102200,2102200,2008,39783.96643980761,39783.96643980761,1952196.3586926567,49.06992774705591,3300.0,53130.0,16100.0,1328.16,490.35,27.504628099173555,26.17627118644068,30.44,32.772603305785125,23.351528925619835,2.009976379920389,242,59.0,10,11,334.84000000000003,104.27227272727282,0.3502663803338062,44.46954545454543,0.3600117621152607,-0.096215811505008,-0.1302723025484995,-0.1792006933744225,-0.2297668205872995,-0.3722781843862321,-0.3171415775664092,445.8804545454546,30.812278184386237,0.44374541886878827,36.85171018763549,12.218217559420417,3.8932463776543433,25,1,0
MATO GROSSO,BURITI - MA,2102200,2102200,2009,28021.75027499493,28021.75027499493,1020006.9813157944,36.3860949081957,2447.0,27760.0,11340.0,802.27,276.83,27.89884297520661,27.20779661016949,31.935254237288135,33.30648760330578,23.62818181818182,1.357814444807247,242,59.0,29,20,638.7050847457627,-421.6177272727273,-1.4162778977939952,-169.0504545454546,-1.368580483681875,0.2979990645280495,0.4034786350198507,0.8523247303543897,1.09283027712552,1.1229760529019046,0.9566566399096808,445.8804545454546,30.812278184386237,0.44374541886878827,37.29545560650433,-0.9093606983086318,3.5941866936424436,25,1,0
MATO GROSSO,BURITI - MA,2102200,2102200,2010,29405.54041203172,29405.54041203172,787051.4963899249,26.76541513475777,1800.0,21420.0,11900.0,1429.53,481.98,27.65512396694215,25.8371186440678,29.946779661016947,32.883016528925616,23.531322314049586,2.340534611307018,242,59.0,10,11,329.41457627118643,205.6422727272727,0.6907835863537248,36.09954545454542,0.2922508165489342,0.0542800562635861,0.0734929924854545,-0.5183532357473055,-0.6646200562960357,-0.8654985233692862,-0.7373130594135464,445.8804545454546,30.812278184386237,0.44374541886878827,37.73920102537306,-10.973785890615293,3.287110574084028,25,1,0
MATO GROSSO,BURITI - MA,2102200,2102200,2011,32469.647144041744,32469.647144041744,1332549.4662967797,41.04030320662857,2760.0,36266.0,13140.0,826.42,424.98,27.499135802469137,26.232166666666668,30.73033333333333,32.88399176954733,23.264362139917694,1.71681970842414,243,60.0,19,19,583.8763333333333,-397.4677272727273,-1.3351543846699838,-20.90045454545458,-0.1692036514654752,-0.1017081082094257,-0.1377086493066079,-0.1233052131484342,-0.1580989797163295,-0.0819448510529028,-0.0698083326564196,445.8804545454546,30.812278184386237,0.44374541886878827,38.18294644424191,2.857356762386665,3.7145545889109672,25,1,0
MATO GROSSO,BURITI - MA,2102200,2102200,2012,37065.807242056784,37065.807242056784,1025151.1087431796,27.657595639249696,1860.0,27900.0,15000.0,900.97,306.34,28.63929752066116,27.464067796610166,32.342372881355935,34.254586776859504,24.136735537190084,1.983272140716752,242,59.0,31,29,937.928813559322,-322.91772727272723,-1.0847296267654265,-139.54045454545462,-1.1296766003291518,1.038453609982593,1.4060240281317218,1.108595916795064,1.421415030944409,1.5300946969697016,1.3034785984652884,445.8804545454546,30.812278184386237,0.44374541886878827,38.626691863110636,-10.96909622386094,3.319900396907019,25,1,0
MATO GROSSO,BURITI - MA,2102200,2102200,2013,27248.31043054401,27248.31043054401,1069647.810990061,39.25594219764473,2640.0,29111.0,11027.0,986.75,440.75,28.011942148760333,26.227288135593223,30.5828813559322,33.34066115702479,23.809256198347107,2.254131832943852,242,59.0,13,13,397.5774576271186,-237.1377272727273,-0.7965815954702834,-5.130454545454597,-0.0415345819814887,0.4110982380817702,0.5566103243410875,-0.1281837442218787,-0.1643541149659439,-0.2293968284540319,-0.1954217977735823,445.8804545454546,30.812278184386237,0.44374541886878827,39.07043728197948,0.1855049156652484,3.6701028263401336,25,1,0
MATO GROSSO,BURITI - MA,2102200,2102200,2014,30534.81200600638,30534.81200600638,1307637.1920413,42.82466421561243,2880.0,35588.0,12357.0,775.17,239.86,28.39706611570248,27.703898305084746,33.15440677966102,34.09880165289256,23.86818181818182,2.0110658771943712,242,59.0,40,26,862.0145762711865,-448.7177272727273,-1.5073109083803602,-206.0204545454546,-1.6678782324975363,0.7962222050239163,1.0780525400787178,1.3484264252696434,1.7289199427524382,2.342128595274783,1.9952454608465984,445.8804545454546,30.812278184386237,0.44374541886878827,39.51418270084832,3.3104815147641062,3.7571142033297633,25,1,0
MATO GROSSO,BURITI - MA,2102200,2102200,2015,33359.22651785111,33359.22651785111,1116091.932905881,33.45676891844721,2250.0,30375.0,13500.0,869.29,355.69,28.98465020576132,27.4375,32.33983333333334,34.706378600823044,24.391604938271605,2.1588484507571946,243,60.0,32,16,517.4373333333334,-354.5977272727273,-1.1911475520560553,-90.1904545454546,-0.7301541793377286,1.3838062950827563,1.8736175429145123,1.0820281201848978,1.3873504408907678,1.5275551489471049,1.3013151725650578,445.8804545454546,30.812278184386237,0.44374541886878827,39.95792811971705,-6.501159201269843,3.510254125398238,25,1,0
MATO GROSSO,BURITI - MA,2102200,2102200,2016,33359.22651785111,33359.22651785111,1339310.3194870572,40.148122702136654,2700.0,36450.0,13500.0,1194.57,447.89,28.304710743801653,26.509661016949156,30.93406779661017,33.68958677685951,24.035702479338845,2.481771912303255,242,59.0,26,8,247.47254237288132,-29.317727272727325,-0.0984826928851049,2.009545454545389,0.0162686619066318,0.7038668331230902,0.9530071160257556,0.1541891371340504,0.1976976045196848,0.1217896122239352,0.1037518484076084,445.8804545454546,30.812278184386237,0.44374541886878827,40.4016735385859,-0.2535508364492429,3.6925756821921922,25,1,0
MATO GROSSO,BURITI - MA,2102200,2102200,2017,34594.75342591967,34594.75342591967,1594679.5024893903,46.09599273208283,3100.0,43400.0,14000.0,947.52,436.42,28.295206611570247,26.573898305084743,31.35355932203389,33.857314049586776,23.86293388429752,2.274797368815017,242,59.0,23,10,313.53559322033897,-276.3677272727273,-0.9283611159611724,-9.46045454545458,-0.0765889301657411,0.6943627008916842,0.9401389068390958,0.2184264252696408,0.2800611109332795,0.5412811376476618,0.4611141912157363,445.8804545454546,30.812278184386237,0.44374541886878827,40.845418957454626,5.250573774628201,3.8307260206730094,25,1,0
MATO GROSSO,BURITI - MA,2102200,2102200,2018,34891.27988385612,34891.27988385612,1442339.8431041136,41.33769670812589,2780.0,39254.0,14120.0,1342.03,391.45,27.86119834710744,26.469661016949157,30.51677966101695,32.877272727272725,23.82971074380165,2.332354741670559,242,59.0,6,11,335.6845762711865,118.14227272727273,0.3968578141652775,-54.43045454545461,-0.4406522183518465,0.260354436428873,0.3525093368935609,0.1141891371340513,0.1464105662252026,-0.2954985233692824,-0.2517334396706177,445.8804545454546,30.812278184386237,0.44374541886878827,41.28916437632347,0.04853233180242,3.7217748368844545,25,1,0
MATO GROSSO,BURITI - MA,2102200,2102200,2019,32617.91037300997,32617.91037300997,1273171.5382778198,39.03289707152175,2625.0,34650.0,13200.0,1433.42,648.21,28.27432098765432,26.45833333333333,30.308333333333334,33.50687242798354,24.11415637860082,2.191895819826047,243,60.0,5,7,212.15833333333333,209.5322727272728,0.7038506863973031,202.32954545454544,1.637997767742536,0.6734770769757574,0.9118606199844642,0.1028614535182299,0.131886482640392,-0.5039448510528999,-0.4293076300801268,445.8804545454546,30.812278184386237,0.44374541886878827,41.7329097951922,-2.700012723670447,3.6644048052254963,25,1,0
MATO GROSSO,BURITI - MA,2102200,2102200,2020,33235.67382704425,33235.67382704425,1462401.9400709155,43.9993685465268,2959.0,39800.0,13450.0,1208.34,388.73,27.80020661157025,26.95627118644068,31.766101694915253,33.09690082644628,23.610123966942147,1.8316999900093105,242,59.0,27,16,508.25762711864405,-15.547727272727345,-0.0522271742218487,-57.15045454545458,-0.462672501737797,0.1993627008916831,0.2699290031565711,0.6007993066255786,0.7703304261551277,0.9538235105290198,0.8125565921834099,445.8804545454546,30.812278184386237,0.44374541886878827,42.17665521406104,1.82271333246576,3.7841752825999815,25,1,0
MATO GROSSO,BURITI - MA,2102200,2102200,2021,33606.33189946482,33606.33189946482,1444030.056401683,42.973360966361085,2890.0,39300.0,13600.0,1510.5,400.82,27.73797520661157,26.18322033898305,30.47661016949153,32.915743801652894,23.67363636363637,2.0237577592840537,242,59.0,9,5,152.38305084745764,286.61227272727274,0.9627740980577087,-45.06045454545461,-0.3647955803642146,0.1371312959330062,0.185670207351757,-0.1722515408320539,-0.2208567842734329,-0.3356680148947077,-0.2859535912849733,445.8804545454546,30.812278184386237,0.44374541886878827,42.62040063292977,0.3529603334313123,3.7605804113062495,25,1,0
MATO GROSSO,BURITI - MA,2102200,2102200,2022,33853.43728107853,33853.43728107853,1500101.0453601808,44.31163172309898,2980.0,40826.0,13700.0,1130.35,341.13,27.39780991735537,26.448474576271188,31.08406779661017,32.64537190082645,23.20995867768595,1.7739415513536791,242,59.0,16,12,373.0088135593221,-93.53772727272737,-0.3142074139130146,-104.7504545454546,-0.8480274609919357,-0.2030339933231886,-0.2748997840594188,0.0930026964560859,0.1192458213658373,0.2717896122239374,0.2315359588662748,445.8804545454546,30.812278184386237,0.44374541886878827,43.064146051798616,1.2474856713003604,3.7912472096992222,25,1,0
MATO GROSSO,BURITI - MA,2102200,2102200,2023,33976.989971885385,33976.989971885385,1454685.748929838,42.80979454053756,2879.0,39590.0,13750.0,947.71,293.44,29.41753086419753,28.636833333333332,34.0955,35.16493827160494,24.77230452674897,2.144459821904457,243,60.0,44,22,750.101,-276.1777272727272,-0.9277228771415632,-152.4404545454546,-1.2341110325639917,1.816686953518968,2.459720380079281,2.281361453518233,2.925106805753697,3.283221815613768,2.7969571943112466,445.8804545454546,30.812278184386237,0.44374541886878827,43.507891470667346,-0.6980969301297861,3.7567669208119474,25,1,0
MATO GROSSO,BURITI BRAVO - MA,2102309,2102309,2015,1976.8430529096952,1976.8430529096952,97003.54577354816,49.06992774705591,3300.0,2640.0,800.0,549.97,303.47,29.078477366255143,26.189666666666664,29.950166666666668,33.97020576131688,24.90037037037037,2.6369632050397547,243,60.0,13,20,599.0033333333333,-490.7045454545455,-2.0035003820541477,-64.09000000000003,-0.5899888927961248,2.149445854319133,2.415144146660382,0.8431054827940407,1.0528956570278412,0.8493185670261951,0.778211168481775,367.56,29.100848099640476,0.6039566359575218,42.10728500255641,6.962642744499497,3.8932463776543433,9,0,0
MATO GROSSO,BURITI BRAVO - MA,2102309,2102309,2016,2471.053816137119,2471.053816137119,66138.7812092374,26.76541513475777,1800.0,1800.0,1000.0,786.45,388.67,27.9454958677686,25.568305084745763,29.27084745762712,32.60607438016529,24.041487603305782,2.794705419860969,242,59.0,8,14,409.79186440677967,-254.22454545454548,-1.0379748438521534,21.110000000000014,0.1943308710707785,1.0164643558325857,1.1421120166135152,0.2217439008731396,0.2769204980473068,0.1699993579866472,0.1557665217224198,367.56,29.100848099640476,0.6039566359575218,42.71124163851391,-15.945826503756141,3.287110574084028,9,0,0
MATO GROSSO,BURITI BRAVO - MA,2102309,2102309,2017,3706.5807242056794,3706.5807242056794,191802.46550678843,51.74646926053169,3480.0,5220.0,1500.0,783.86,445.82,27.71735537190083,25.942881355932204,29.9728813559322,32.32801652892562,23.7600826446281,2.6711326854715125,242,59.0,18,10,299.728813559322,-256.8145454545455,-1.0485495695961622,78.25999999999999,0.7204326845096691,0.7883238599648195,0.8857705125444271,0.5963201720595812,0.7447026880656716,0.8720332562917292,0.7990241184881847,367.56,29.100848099640476,0.6039566359575218,43.31519827447141,8.431270986060277,3.9463562029682917,9,0,0
MATO GROSSO,BURITI BRAVO - MA,2102309,2102309,2018,5189.21301388795,5189.21301388795,254634.30765556396,49.06992774705591,3300.0,6930.0,2100.0,844.02,234.5,27.77326446280992,26.600169491525424,30.983389830508475,32.31446280991736,24.05880165289256,2.5979879871203155,242,59.0,18,16,495.7342372881356,-196.65454545454557,-0.8029219631252897,-133.06,-1.224901265025001,0.8442329508739093,0.9485906637861355,1.2536083076528008,1.565544015165768,1.8825417308680024,1.7249299108391052,367.56,29.100848099640476,0.6039566359575218,43.919154910428915,5.150772836626992,3.8932463776543433,9,0,0
MATO GROSSO,BURITI BRAVO - MA,2102309,2102309,2019,8352.161898543462,8352.161898543462,330693.9060461869,39.59794472436664,2663.0,9000.0,3380.0,937.51,358.63,28.254115226337447,26.014666666666667,29.793833333333332,32.778353909465025,24.441646090534977,2.879206936242925,243,60.0,4,9,268.1445,-103.16454545454552,-0.4212111099178117,-8.930000000000007,-0.082206285109524,1.325083714401437,1.4888805736794692,0.6681054827940436,0.8343503578450572,0.6929852336928626,0.6349665124371472,367.56,29.100848099640476,0.6039566359575218,44.52311154638642,-4.925166822019776,3.6787772160137044,9,0,0
MATO GROSSO,BURITI BRAVO - MA,2102309,2102309,2020,8525.13566567306,8525.13566567306,380297.991953115,44.60902522459628,3000.0,10350.0,3450.0,787.8,352.43,27.82652892561984,26.699322033898305,30.95322033898305,32.54223140495868,23.835,2.433815784102007,242,59.0,23,18,557.1579661016949,-252.8745454545456,-1.0324629211670526,-15.129999999999995,-0.1392811975035943,0.8974974136838263,1.0084392779402844,1.3527608500256818,1.6893687125235697,1.8523722393425783,1.6972862961060518,367.56,29.100848099640476,0.6039566359575218,45.127068182344146,-0.5180429577478662,3.7979361978500186,9,0,0
MATO GROSSO,BURITI BRAVO - MA,2102309,2102309,2021,9884.215264548477,9884.215264548477,455622.7149969687,46.09599273208283,3100.0,12400.0,4000.0,1221.17,309.95,26.59487603305785,25.038813559322037,28.59271186440678,30.88537190082645,22.974669421487604,2.086711210856573,242,59.0,1,11,314.51983050847457,180.49545454545452,0.7369459188642316,-57.610000000000014,-0.5303364037132897,-0.3341554788781593,-0.375461260057059,-0.3077476245505899,-0.3843245524582906,-0.5081362352336924,-0.4655936049458172,367.56,29.100848099640476,0.6039566359575218,45.73102481830165,0.36496791378117877,3.8307260206730094,9,0,0
MATO GROSSO,BURITI BRAVO - MA,2102309,2102309,2022,20015.535910710663,20015.535910710663,929617.31366317,46.437995258804726,3123.0,25300.0,8100.0,950.82,284.8,27.00574380165289,25.54118644067797,29.484237288135592,31.645123966942148,23.048719008264463,2.1955565425651007,242,59.0,1,10,294.8423728813559,-89.85454545454547,-0.366867635148408,-82.75999999999999,-0.7618580241505266,0.0767122897168839,0.0861948846556708,0.1946252568053452,0.2430539141545774,0.3833891884951192,0.3512907405365414,367.56,29.100848099640476,0.6039566359575218,46.33498145425915,0.10301380454557574,3.83811798748285,9,0,0
MATO GROSSO,BURITI BRAVO - MA,2102309,2102309,2023,27181.59197750831,27181.59197750831,1286031.8568462825,47.31530608822179,3182.0,35000.0,11000.0,817.95,272.92,28.86559670781893,27.557166666666667,31.9705,33.67711934156379,24.734074074074076,2.567449926666441,243,60.0,30,20,639.4100000000001,-222.72454545454548,-0.9093633145331294,-94.64,-0.8712209208023906,1.9365651958829204,2.1759487860857902,2.210605482794044,2.7606710663561995,2.8696519003595284,2.629396371651272,367.56,29.100848099640476,0.6039566359575218,46.93893809021665,0.37636799800513643,3.856833839097504,9,0,0
MATO GROSSO,BURITICUPU - MA,2102325,2102325,2013,815.4477593252493,815.4477593252493,38580.95570538848,47.31530608822179,3182.0,1050.0,330.0,880.94,380.23,26.859628099173552,25.13271186440678,29.1264406779661,31.50421487603306,23.09438016528925,2.43829226216254,242,59.0,9,14,407.7701694915254,-326.35840909090894,-1.061115611976507,-54.20772727272731,-0.4069340495763843,0.1500775960554392,0.1912269369179576,-0.0734460708782762,-0.0897640997606633,0.0274703389830506,0.0213461808593649,434.4377272727273,29.09897033898305,0.8974524802003533,47.60391296353782,-0.28860687531603446,3.856833839097504,11,0,0
MATO GROSSO,BURITICUPU - MA,2102325,2102325,2014,1235.5269080685596,1235.5269080685596,58790.02774154434,47.58296023956937,3200.0,1600.0,500.0,634.1899999999999,277.28,27.70904958677686,26.550169491525423,31.405593220338982,32.72433884297521,23.59719008264463,2.363633254865494,242,59.0,26,20,628.1118644067797,-573.108409090909,-1.863393935322142,-157.15772727272736,-1.1797733201311966,0.9994990836587476,1.2735488390270002,1.3440115562403676,1.6426200335997634,2.306622881355935,1.7923910305640298,434.4377272727273,29.09897033898305,0.8974524802003533,48.50136544373822,-0.918405204168856,3.8624747189875897,11,0,0
MATO GROSSO,BURITICUPU - MA,2102325,2102325,2015,15814.744423277562,15814.744423277562,763094.5600852455,48.25209561793831,3245.0,20768.0,6400.0,646.92,263.88,28.62024691358025,26.624166666666667,31.230166666666666,33.64901234567901,24.295185185185183,2.472132770433156,243,60.0,26,19,593.3731666666666,-560.378409090909,-1.8220038520143813,-170.55772727272733,-1.280366289780876,1.910696410462137,2.4345847185467946,1.4180087313816117,1.7330576803241784,2.1311963276836146,1.656073566679258,434.4377272727273,29.09897033898305,0.8974524802003533,49.39881792393862,-1.1467223060003136,3.876439259337962,11,0,0
MATO GROSSO,BURITICUPU - MA,2102325,2102325,2016,25229.459462759984,25229.459462759984,1311752.4939832082,51.999253736804405,3497.0,35700.0,10210.0,1452.3,598.47,26.97471074380165,24.658644067796608,27.835254237288137,31.38764462809917,23.41239669421488,2.6644218307012344,242,59.0,0,6,167.0115254237288,245.00159090909096,0.7965935788107743,164.0322727272727,1.2313801068673471,0.2651602406835422,0.3378637581562226,-0.5475138674884477,-0.6691588649178,-1.2637161016949143,-0.9819868796783094,434.4377272727273,29.09897033898305,0.8974524802003533,50.29627040413902,1.702983332665383,3.951229367263148,11,0,0
MATO GROSSO,BURITICUPU - MA,2102325,2102325,2017,33112.121136237394,33112.121136237394,1674046.0399404753,50.55689525454245,3400.0,45560.0,13400.0,982.77,456.55,27.240619834710746,25.38610169491525,29.387118644067797,31.95210743801653,23.402355371900825,2.651740058971068,242,59.0,7,11,323.25830508474576,-224.528409090909,-0.7300274593269188,22.11227272727268,0.165995461144774,0.5310693315926294,0.6766816916097919,0.1799437596301984,0.219923127236089,0.2881483050847429,0.2239093532283501,434.4377272727273,29.09897033898305,0.8974524802003533,51.193722884339195,-0.6368276297967483,3.9230993408040247,11,0,0
MATO GROSSO,BURITICUPU - MA,2102325,2102325,2018,71166.34990474903,71166.34990474903,3703771.747717293,52.04386276202899,3500.0,100800.0,28800.0,1241.73,364.11,26.934628099173555,25.181016949152543,28.81593220338983,31.37297520661157,23.30301652892562,2.602469953931431,242,59.0,3,6,172.89559322033898,34.43159090909103,0.11195022907667,-70.32772727272732,-0.5279458906773418,0.2250775960554421,0.2867909694305077,-0.0251409861325129,-0.0307267354168001,-0.2830381355932196,-0.2199384301809364,434.4377272727273,29.09897033898305,0.8974524802003533,52.091175364539595,-0.04731260251060121,3.9520868776772766,11,0,0
MATO GROSSO,BURITICUPU - MA,2102325,2102325,2019,74131.61448411357,74131.61448411357,4299020.77860043,57.99173279197516,3900.0,117000.0,30000.0,1074.74,369.97,27.684650205761315,25.824333333333332,30.049666666666667,32.4875720164609,23.7638683127572,2.4661339614833078,243,60.0,4,4,120.19866666666668,-132.55840909090898,-0.4309979257986592,-64.4677272727273,-0.4839552338006909,0.9750997026432024,1.242459462484926,0.6181753980482796,0.7555197635004632,0.950696327683616,0.738750831054176,434.4377272727273,29.09897033898305,0.8974524802003533,52.988627844739995,5.003104947235165,4.060300462317509,11,0,0
MATO GROSSO,BURITICUPU - MA,2102325,2102325,2020,76800.35260554166,76800.35260554166,4248240.892138671,55.31519127849939,3720.0,115618.0,31080.0,1041.11,361.25,27.291652892561984,26.34525423728813,30.904576271186443,32.08578512396694,23.38413223140496,2.4395737492821667,242,59.0,27,15,463.56864406779664,-166.1884090909091,-0.5403418772236391,-73.18772727272733,-0.5494157334533182,0.5821023894438717,0.7417073556059357,1.1390963020030789,1.3921773195936935,1.805605932203392,1.4030693546714894,434.4377272727273,29.09897033898305,0.8974524802003533,53.886080324940394,1.4291109535589968,4.013047577466964,11,0,0
MATO GROSSO,BURITICUPU - MA,2102325,2102325,2021,77096.87906347812,77096.87906347812,3714390.6964781103,48.17774724256398,3240.0,101089.0,31200.0,1538.98,439.74,26.393388429752065,24.72254237288136,28.035932203389837,30.82487603305785,22.856239669421488,2.075086981616999,242,59.0,0,6,168.215593220339,331.681590909091,1.0784233055285033,5.30227272727268,0.0398038328006614,-0.3161620733660477,-0.4028496354451614,-0.4836155624036991,-0.5910638250664416,-1.0630381355932172,-0.8260474804033526,434.4377272727273,29.09897033898305,0.8974524802003533,54.783532805140794,-6.605785562576813,3.8748972389861467,11,0,0
MATO GROSSO,BURITICUPU - MA,2102325,2102325,2022,82780.30284059349,82780.30284059349,4723043.853686319,57.05494326225865,3837.0,128540.0,33500.0,1348.58,418.56,26.55409090909091,24.95508474576271,28.60406779661017,31.22198347107438,22.7352479338843,2.223114754487104,242,59.0,1,4,114.41627118644068,141.28159090909094,0.4593603155993893,-15.877727272727329,-0.1191931147501003,-0.155459594027203,-0.1980846093067055,-0.2510731895223443,-0.3068558816286211,-0.4949025423728805,-0.3845703973208804,434.4377272727273,29.09897033898305,0.8974524802003533,55.68098528534097,1.37395797691768,4.044014720446724,11,0,0
MATO GROSSO,BURITICUPU - MA,2102325,2102325,2023,86486.88356479917,86486.88356479917,4905292.939685106,56.71294073553674,3814.0,133500.0,35000.0,1452.65,554.87,28.184979423868317,26.185666666666663,30.01516666666667,32.9461316872428,24.207489711934155,2.5503299696549684,243,60.0,15,9,270.1365,245.3515909090911,0.7977315622481445,120.43227272727268,0.9040776086042116,1.4754289207502005,1.879972498033648,0.9795087313816104,1.1971330587023394,0.9161963276836184,0.7119421615251094,434.4377272727273,29.09897033898305,0.8974524802003533,56.578437765541366,0.13450296999537414,4.038002416360136,11,0,0
MATO GROSSO,CAMPESTRE DO MARANHÃO - MA,2102556,2102556,2020,988.4215264548476,988.4215264548476,37037.71747717293,37.47158118866088,2520.0,1008.0,400.0,673.66,210.2,28.450371900826447,27.018644067796608,31.580169491525425,33.51706611570248,24.070661157024794,2.509688832383356,242,59.0,21,21,663.183559322034,-593.9313636363637,-1.9817268853387708,-231.35477272727277,-1.7837148183787508,1.1158530350567195,1.1970063913111797,1.167445621468925,1.7089391842652712,1.8704542244478688,2.1165333358057024,441.55477272727273,29.70971526707756,-4.652084059135876,43.971753435673236,-6.500172247012358,3.623582810705241,3,0,0
MATO GROSSO,CAMPESTRE DO MARANHÃO - MA,2102556,2102556,2021,939.0004501321052,939.0004501321052,46076.68424243538,49.06992774705591,3300.0,1254.0,380.0,1508.21,529.73,27.357603305785123,25.809322033898304,29.47661016949153,31.683347107438017,23.4700826446281,2.2745826391295805,242,59.0,0,5,147.38305084745764,240.6186363636364,0.8028544205443213,88.17522727272728,0.6798193858126415,0.0230844400153955,0.0247633168259146,-0.041876412429378,-0.0612998505292027,-0.23310509758603,-0.2637726726152365,441.55477272727273,29.70971526707756,-4.652084059135876,39.319669376536694,9.750258370519212,3.8932463776543433,3,0,0
MATO GROSSO,CAMPESTRE DO MARANHÃO - MA,2102556,2102556,2023,247.1053816137119,247.1053816137119,6613.878120923739,26.76541513475777,1800.0,180.0,100.0,968.87,370.67,29.462016460905357,27.502,31.6665,34.60131687242799,24.90514403292181,2.717549266573987,243,60.0,28,22,696.663,-298.72136363636366,-0.9967214964348732,-70.88477272727272,-0.5465122591617986,2.127497595135626,2.282225471338222,1.65080155367232,2.4164889641429084,1.9567847329224437,2.214221585373761,441.55477272727273,29.70971526707756,-4.652084059135876,30.01550125826543,-3.2500861235076606,3.287110574084028,3,0,0
MATO GROSSO,CAROLINA - MA,2102804,2102804,1989,2223.9484345234077,2223.9484345234077,9920.817181385608,4.460902522459628,300.0,270.0,900.0,1630.89,514.96,26.258595041322312,25.408983050847457,29.384406779661017,30.50326446280992,22.31070247933884,1.379028948020091,242,59.0,3,13,381.9972881355933,176.7913636363637,0.5990755978412436,33.02386363636373,0.2674582128955974,-0.8577435968191267,-0.9488813843024284,-0.4296459938366723,-0.5926536394314127,-0.3131372624550614,-0.3586267739798603,481.9361363636363,29.69754404211608,0.8083237274750578,19.99272524191224,-15.531822719452611,1.495351104855973,32,1,0
MATO GROSSO,CAROLINA - MA,2102804,2102804,1990,321.23699609782545,321.23699609782545,1433.0069262001434,4.460902522459628,300.0,39.0,130.0,1692.55,524.5,26.38537190082645,25.46067796610169,29.176440677966102,30.574421487603303,22.48826446280992,1.4886330254137217,242,59.0,3,2,58.352881355932205,238.4513636363636,0.8080168074292278,42.56386363636369,0.3447220781755639,-0.7309667373149935,-0.8086341094875475,-0.3779510785824342,-0.5213456786799638,-0.521103364149976,-0.5968041520512999,481.9361363636363,29.69754404211608,0.8083237274750578,20.80104896938724,-16.340146446927612,1.495351104855973,32,1,0
MATO GROSSO,CAROLINA - MA,2102804,2102804,1991,185.32903621028396,185.32903621028396,1322.7756241847478,7.137444035935404,480.0,36.0,75.0,1209.89,569.97,26.799711934156377,25.369333333333334,29.216,31.298477366255145,22.74090534979424,1.7408382134104847,243,60.0,4,7,204.512,-244.2086363636363,-0.8275259142661444,88.03386363636372,0.712980773592764,-0.3166267039850616,-0.3502692253240042,-0.4692957113507958,-0.6473464556667843,-0.4815440421160772,-0.5514980395477345,481.9361363636363,29.69754404211608,0.8083237274750578,21.609372696862238,-14.471928660926833,1.9653547341017084,32,1,0
MATO GROSSO,CAROLINA - MA,2102804,2102804,1993,617.7634540342798,617.7634540342798,18188.16483254028,29.441956648233543,1980.0,495.0,250.0,1838.64,634.97,26.597024793388428,25.178813559322037,28.866610169491526,30.941239669421485,22.59623966942149,1.821190912461324,242,59.0,0,0,0.0,384.5413636363637,1.3030576979369914,153.03386363636372,1.2394117215170657,-0.519313844753011,-0.5744924727203341,-0.6598154853620954,-0.9101494122198248,-0.8309338726245521,-0.9516437992514568,481.9361363636363,29.69754404211608,0.8083237274750578,23.226020151812463,6.2159364964210795,3.382420753888353,32,1,0
MATO GROSSO,CAROLINA - MA,2102804,2102804,1994,1606.1849804891274,1606.1849804891274,49052.92939685106,30.52744292869872,2053.0,1335.0,650.0,1581.48,458.02,26.456652892561983,25.24593220338983,28.99135593220339,30.718512396694216,22.56280991735537,1.5332529745595591,242,59.0,0,5,144.95677966101695,127.38136363636364,0.4316447647932004,-23.91613636363633,-0.1936952974860912,-0.6596857455794556,-0.7297793021030397,-0.5926968412942983,-0.8175659615392561,-0.7061881099126879,-0.808776195127105,481.9361363636363,29.69754404211608,0.8083237274750578,24.034343879287462,6.493099049411256,3.418626047218705,32,1,0
MATO GROSSO,CAROLINA - MA,2102804,2102804,1995,148.26322896822714,148.26322896822714,4078.558174569639,27.50889888850104,1850.0,111.0,60.0,1571.84,429.79,26.67259259259259,25.396166666666662,28.97383333333333,31.088641975308644,22.61724279835391,1.8866824119114527,243,60.0,0,3,86.92150000000001,117.74136363636352,0.3989786399078908,-52.14613636363629,-0.4223283076384453,-0.4437460455488491,-0.4908953719276906,-0.4424623780174634,-0.610332558443944,-0.7237107087827432,-0.828844305371292,481.9361363636363,29.69754404211608,0.8083237274750578,24.84266760676246,2.666231281738579,3.3145095482721425,32,1,0
MATO GROSSO,CAROLINA - MA,2102804,2102804,1998,9884.215264548477,9884.215264548477,282192.1331594128,28.549776143741617,1920.0,7680.0,4000.0,1234.28,330.76,27.516487603305784,25.93830508474576,29.78830508474576,32.069545454545455,23.279090909090908,2.5099236357949217,242,59.0,3,6,178.72983050847458,-219.8186363636364,-0.744877907424579,-151.17613636363632,-1.22436610414527,0.4001489651643446,0.442665973142081,0.099676040061631,0.137493119344884,0.0907610426296834,0.1039459170912408,481.9361363636363,29.69754404211608,0.8083237274750578,27.267638789187686,1.2821373545539316,3.351649095221599,32,1,0
MATO GROSSO,CAROLINA - MA,2102804,2102804,1999,7413.161448411357,7413.161448411357,270728.0777498117,36.51992198386949,2456.0,7368.0,3000.0,1794.13,555.52,26.739094650205764,25.391166666666667,29.10616666666667,31.1741975308642,22.658600823045266,2.2413722560471463,243,60.0,0,3,87.31850000000001,340.0313636363637,1.1522310155049251,73.58386363636367,0.5959511244003612,-0.3772439879356746,-0.4173272745137785,-0.4474623780174624,-0.6172295579264597,-0.591377375449408,-0.6772868827533234,481.9361363636363,29.69754404211608,0.8083237274750578,28.075962516662685,8.443959467206803,3.5978579194668048,32,1,0
MATO GROSSO,CAROLINA - MA,2102804,2102804,2000,7185.824497326742,7185.824497326742,270213.6650070732,37.5905385892598,2528.0,7354.0,2908.0,1400.16,338.51,26.80913223140496,25.61864406779661,29.60322033898305,31.286652892561985,22.57690082644628,1.8009980148968028,242,59.0,4,10,296.0322033898305,-53.93863636363631,-0.1827765800412686,-143.42613636363632,-1.1615993372773723,-0.3072064067364799,-0.3398479937031291,-0.2199849768875204,-0.3034472543509517,-0.0943237031330284,-0.1080261259845642,481.9361363636363,29.69754404211608,0.8083237274750578,28.88428624413791,8.70625234512189,3.62675238546652,32,1,0
MATO GROSSO,CAROLINA - MA,2102804,2102804,2001,8436.177728292125,8436.177728292125,279142.40047032025,33.08502704157558,2225.0,7597.0,3414.0,1446.87,640.4,27.459752066115705,25.74745762711864,29.848474576271187,32.08731404958678,23.119628099173557,2.3267627370531967,242,59.0,6,5,149.24237288135595,-7.228636363636497,-0.0244949728428462,158.46386363636367,1.2833889530128957,0.3434134279742658,0.3799021177571993,-0.0911714175654871,-0.1257618439539026,0.1509305341551083,0.1728562424501349,481.9361363636363,29.69754404211608,0.8083237274750578,29.69260997161291,3.3924170699626686,3.4990808248001124,32,1,0
MATO GROSSO,CAROLINA - MA,2102804,2102804,2002,8401.582974866205,8401.582974866205,287336.260586798,34.20025267219048,2300.0,7820.0,3400.0,1324.11,447.32,27.64673553719008,26.41491525423729,30.325084745762712,32.27119834710744,23.36619834710744,1.981482031662765,242,59.0,12,12,363.90101694915256,-129.98863636363626,-0.4404797748055603,-34.616136363636315,-0.2803539304520916,0.5303968990486432,0.5867531342295987,0.5762862095531602,0.7949291378139746,0.6275407036466341,0.7187036647295894,481.9361363636363,29.69754404211608,0.8083237274750578,30.50093369908791,3.699318973102571,3.532233032117013,32,1,0
MATO GROSSO,CAROLINA - MA,2102804,2102804,2003,9760.66257374162,9760.66257374162,333817.12626995647,34.20025267219048,2300.0,9085.0,3950.0,1653.64,725.37,27.66604938271605,25.733666666666668,29.33716666666667,32.24522633744856,23.37024691358025,2.21179539595875,243,60.0,2,1,29.33716666666667,199.54136363636349,0.6761662971297062,243.4338636363637,1.9715556860148635,0.549710744574611,0.6081191328180419,-0.1049623780174613,-0.1447850933740384,-0.3603773754494099,-0.4127294674529457,481.9361363636363,29.69754404211608,0.8083237274750578,31.309257426562908,2.890995245627572,3.532233032117013,32,1,0
MATO GROSSO,CAROLINA - MA,2102804,2102804,2004,19321.169788376134,19321.169788376134,746964.0462236593,38.64628551957525,2599.0,20329.0,7819.0,1468.38,439.41,27.70925619834711,26.78372881355932,30.8335593220339,32.29152892561984,23.38388429752066,1.919798859316029,242,59.0,15,16,493.3369491525424,14.281363636363494,0.048393859759125,-42.52613636363628,-0.3444165273456486,0.5929175602056702,0.6559168000688819,0.945099768875192,1.303670523371841,1.136015279917821,1.301044442410373,481.9361363636363,29.69754404211608,0.8083237274750578,32.117581154038135,6.528704365537116,3.6544506648412622,32,1,0
MATO GROSSO,CAROLINA - MA,2102804,2102804,2005,21253.53387259536,21253.53387259536,821994.8191288053,38.66115519465011,2600.0,22371.0,8601.0,1614.03,434.0,27.82595041322314,26.252203389830505,30.130169491525425,32.5253305785124,23.46710743801653,2.5409468547556733,242,59.0,4,14,421.82237288135593,159.9313636363636,0.5419437653136171,-47.93613636363631,-0.3882317800882715,0.7096117750817008,0.7850101195203851,0.413574345146376,0.5704844088913787,0.4326254494093469,0.4954730332852902,481.9361363636363,29.69754404211608,0.8083237274750578,32.925904881513134,5.735250313136973,3.6548353542093452,32,1,0
MATO GROSSO,CAROLINA - MA,2102804,2102804,2006,20262.641292324377,20262.641292324377,686961.4741599456,33.902859170693176,2280.0,18696.0,8200.0,1281.84,471.33,27.144710743801653,26.736949152542373,30.649491525423727,31.65814049586777,22.85223140495868,1.327511367373739,242,59.0,21,9,275.8454237288136,-172.25863636363647,-0.5837159883846093,-10.606136363636324,-0.085898437226515,0.0283721056602139,0.0313867255835844,0.8983201078582432,1.2391426638065972,0.9519474833076488,1.0902370808899264,481.9361363636363,29.69754404211608,0.8083237274750578,33.73422860898813,0.16863056170504365,3.5234993521482583,32,1,0
MATO GROSSO,CAROLINA - MA,2102804,2102804,2007,20262.641292324377,20262.641292324377,843636.8980911613,41.6350902096232,2800.0,22960.0,8200.0,1407.28,440.51,27.71674897119341,25.984,29.7795,32.361604938271604,23.41395061728395,2.579578839741702,243,60.0,6,13,387.1335,-46.818636363636415,-0.1586497326156048,-41.42613636363632,-0.3355076959192377,0.6004103330519754,0.6642057021335918,0.1453709553158688,0.200524680717312,0.0819559578839204,0.0938617159577349,481.9361363636363,29.69754404211608,0.8083237274750578,34.54255233646313,7.092537873160069,3.7289433263630674,32,1,0
MATO GROSSO,CAROLINA - MA,2102804,2102804,2008,21275.773356940597,21275.773356940597,885818.7429957194,41.6350902096232,2800.0,24108.0,8610.0,1457.92,388.99,27.423388429752062,26.32084745762712,30.24135593220339,31.88768595041322,23.27223140495868,2.212328922037737,242,59.0,8,15,453.6203389830508,3.821363636363685,0.0129490810972651,-92.9461363636363,-0.7527649641816995,0.3070497916106269,0.3396747377581437,0.4822184129429914,0.6651720289056033,0.5438118900873121,0.6228115500048206,481.9361363636363,29.69754404211608,0.8083237274750578,35.35087606393836,6.284214145684842,3.7289433263630674,32,1,0
MATO GROSSO,CAROLINA - MA,2102804,2102804,2009,20489.97824340899,20489.97824340899,853006.5587624699,41.62022053454833,2799.0,23215.0,8292.0,1260.76,426.71,27.19181818181818,26.09118644067797,30.00423728813559,31.55880165289256,23.063471074380164,1.5819109721003406,242,59.0,4,14,420.0593220338983,-193.3386363636364,-0.6551477220549742,-55.22613636363633,-0.4472730356323972,0.0754795436767423,0.0834994678550841,0.2525573959938398,0.3483776458950747,0.3066932460195133,0.3512466340130127,481.9361363636363,29.69754404211608,0.8083237274750578,36.15919979141336,5.4610207431349735,3.7285861197152252,32,1,0
MATO GROSSO,CAROLINA - MA,2102804,2102804,2010,30942.535885669004,30942.535885669004,1159449.5783652698,37.45671151358601,2519.0,31555.0,12522.0,1687.11,654.52,27.210826446280997,25.26457627118644,28.92067796610169,31.710661157024795,23.08706611570248,2.4733702331036302,242,59.0,0,4,115.68271186440676,233.0113636363637,0.7895828116433277,172.58386363636367,1.3977459527773746,0.0944878081395543,0.1045274164909549,-0.5740527734976872,-0.7918483363502081,-0.776866076014386,-0.8897215632247375,481.9361363636363,29.69754404211608,0.8083237274750578,36.967523518888356,0.4891879946976516,3.623185906552382,32,1,0
MATO GROSSO,CAROLINA - MA,2102804,2102804,2011,32798.29730158798,32798.29730158798,1365545.3693667213,41.6350902096232,2800.0,37164.0,13273.0,1571.85,580.8100000000001,26.349670781893007,24.89483333333333,28.458166666666667,30.591604938271605,22.382427983539092,1.5894408467184835,243,60.0,0,5,142.29083333333332,117.75136363636352,0.399012525929556,98.87386363636377,0.8007732578312171,-0.7666678562484321,-0.848128577625035,-0.9437957113507948,-1.3018717065576533,-1.2393773754494113,-1.4194219698297172,481.9361363636363,29.69754404211608,0.8083237274750578,37.775847246363355,3.8592429632598453,3.7289433263630674,32,1,0
MATO GROSSO,CAROLINA - MA,2102804,2102804,2012,72574.85057994719,72574.85057994719,3237493.34019217,44.60902522459628,3000.0,88110.0,29370.0,1473.73,520.46,27.12090909090909,25.989661016949157,29.56220338983051,31.371652892561983,23.138719008264463,1.7946742327396763,242,59.0,0,7,206.9354237288136,19.63136363636363,0.0665228813500388,38.52386363636373,0.3120023700276537,0.004570452767652,0.0050560768569316,0.1510319722650237,0.2083334869110804,-0.1353406522855671,-0.1550016153841432,481.9361363636363,29.69754404211608,0.8083237274750578,38.58417097383858,6.0248542507576985,3.7979361978500186,32,1,0
MATO GROSSO,CAROLINA - MA,2102804,2102804,2013,73014.6981592196,73014.6981592196,2906872.92168066,39.80612017541475,2677.0,79112.0,29548.0,1437.63,447.07,26.91793388429752,25.48322033898305,29.24,31.23082644628099,22.96173553719008,1.9936090492505611,242,59.0,2,11,321.64000000000004,-16.46863636363628,-0.0558056568615444,-34.866136363636315,-0.282378664867185,-0.1984047538439171,-0.2194858442286893,-0.3554087057010804,-0.4902507318604829,-0.4575440421160763,-0.5240115548412004,481.9361363636363,29.69754404211608,0.8083237274750578,39.39249470131358,0.4136254741011669,3.6840206737201244,32,1,0
MATO GROSSO,CAROLINA - MA,2102804,2102804,2014,87969.51585448143,87969.51585448143,3531810.9165732763,40.148122702136654,2700.0,96120.0,35600.0,1256.24,405.83,27.30574380165289,25.820508474576272,29.749322033898306,31.662768595041324,23.193553719008264,2.0585614323125188,242,59.0,6,15,446.2398305084746,-197.8586363636364,-0.670464203847671,-76.10613636363632,-0.6163788539810037,0.1894051635114522,0.209530020874843,-0.0181205701078575,-0.0249955125313615,0.0517779917822274,0.0592997908023826,481.9361363636363,29.69754404211608,0.8083237274750578,40.20081842878858,-0.05269572665192612,3.6925756821921922,32,1,0
MATO GROSSO,CAROLINA - MA,2102804,2102804,2015,95110.8613831177,95110.8613831177,3903363.8918998367,41.04030320662857,2760.0,106232.0,38490.0,977.75,525.77,29.41115226337449,26.78083333333333,30.916,34.294567901234565,24.77572016460905,2.6955353945917437,243,60.0,20,24,741.984,-476.3486363636364,-1.6141560212034585,43.83386363636368,0.3550077290042385,2.294813625233047,2.538644342554481,0.9422042886492008,1.2996764982477813,1.218455957883922,1.3954612938316835,481.9361363636363,29.69754404211608,0.8083237274750578,41.00914215626358,0.03116105036499306,3.7145545889109672,32,1,0
MATO GROSSO,CAROLINA - MA,2102804,2102804,2016,94161.97671772106,94161.97671772106,1792213.9957009794,19.033184095827743,1280.0,48776.0,38106.0,1146.99,505.74,28.117190082644623,26.14864406779661,30.008135593220334,32.842603305785126,23.740413223140497,2.376708111905171,242,59.0,7,7,210.0569491525424,-307.1086363636364,-1.0406689905406217,23.8038636363637,0.1927860076669501,1.000851444503187,1.1071948629673434,0.3100150231124807,0.4276346907958597,0.3105915511042596,0.3557112466418994,481.9361363636363,29.69754404211608,0.8083237274750578,41.817465883738805,-22.784281787911063,2.9461839871134345,32,1,0
MATO GROSSO,CAROLINA - MA,2102804,2102804,2017,61776.34540342798,61776.34540342798,2480204.295346402,40.148122702136654,2700.0,67500.0,25000.0,1257.49,540.95,27.956694214876038,26.20949152542373,30.13406779661017,32.58599173553719,23.72012396694215,2.848203303046507,242,59.0,8,8,241.07254237288137,-196.6086363636364,-0.6662284511395137,59.01386363636374,0.4779496026887144,0.8403555767345949,0.9296458357897088,0.3708624807395999,0.5115676675492039,0.4365237544940932,0.4999376459141769,481.9361363636363,29.69754404211608,0.8083237274750578,42.625789611213804,-2.4776669090771506,3.6925756821921922,32,1,0
MATO GROSSO,CAROLINA - MA,2102804,2102804,2018,61776.34540342798,61776.34540342798,2572063.713692565,41.6350902096232,2800.0,70000.0,25000.0,1037.24,298.92,28.019710743801653,26.582203389830507,30.528644067796613,32.52,23.82995867768595,2.439497839415886,242,59.0,10,12,366.3437288135593,-416.8586363636364,-1.4125680783168348,-183.0161363636363,-1.482236279251574,0.903372105660214,0.9993580568107936,0.7435743451463779,1.0256863747375082,0.8311000256805343,0.9518340893944652,481.9361363636363,29.69754404211608,0.8083237274750578,43.4341133386888,-1.7990231290656027,3.7289433263630674,32,1,0
MATO GROSSO,CAROLINA - MA,2102804,2102804,2019,65519.99193487571,65519.99193487571,2640260.1458727564,40.2968194528853,2710.0,71856.0,26515.0,989.44,322.99,28.73786008230453,27.239166666666662,31.42683333333333,33.52086419753086,24.317489711934154,2.4499754487240137,243,60.0,25,14,439.97566666666665,-464.65863636363633,-1.574543261876771,-158.9461363636363,-1.287294849766375,1.62152144416309,1.7938128810514435,1.4005376219825365,1.9319014508118495,1.7292892912172526,1.9805034856755936,481.9361363636363,29.69754404211608,0.8083237274750578,44.24243706616403,-3.9456176132787277,3.6962725440735182,32,1,0
MATO GROSSO,CAROLINA - MA,2102804,2102804,2020,65482.926127633655,65482.926127633655,3154819.8636806235,48.17774724256398,3240.0,85860.0,26500.0,823.92,204.27,28.7600826446281,27.59152542372881,32.33457627118644,33.79289256198347,24.1151652892562,2.6565061433031,242,59.0,34,17,549.6877966101695,-630.1786363636364,-2.135424692480132,-277.66613636363627,-2.2488007288059606,1.64374400648666,1.8183966561778728,1.7528963790446852,2.4179450838354497,2.637032229070364,3.020114418124046,481.9361363636363,29.69754404211608,0.8083237274750578,45.05076079363903,3.126986448924953,3.8748972389861467,32,1,0
MATO GROSSO,CAROLINA - MA,2102804,2102804,2021,66817.29518834769,66817.29518834769,2801381.565651926,41.9324837111205,2820.0,76241.0,27040.0,1753.15,565.34,27.43446280991736,25.69694915254237,29.358813559322037,31.697148760330577,23.511404958677687,2.455893563594844,242,59.0,1,1,29.358813559322037,299.0513636363637,1.0133660987206956,83.40386363636372,0.675482692225233,0.3181241717759171,0.351925803485129,-0.1416798921417594,-0.195433228556958,-0.3387304827940447,-0.3879379264564599,481.9361363636363,29.69754404211608,0.8083237274750578,45.85908452111403,-3.9266008099935306,3.736060794131931,32,1,0
MATO GROSSO,CAROLINA - MA,2102804,2102804,2022,66323.08442512028,66323.08442512028,2849185.206959269,42.958491291286215,2889.0,77542.0,26840.0,2108.83,528.43,27.14198347107438,26.118813559322035,29.912033898305083,31.542520661157024,22.95297520661157,2.1432658679311216,242,59.0,3,7,209.3842372881356,654.7313636363635,2.218624117310614,46.49386363636364,0.3765509031808328,0.0256448329329401,0.0283696720836542,0.2801845146379058,0.3864864904933868,0.2144898561890045,0.2456488396602303,481.9361363636363,29.69754404211608,0.8083237274750578,46.66740824858903,-3.7089169573028116,3.760234330666007,32,1,0
MATO GROSSO,CAROLINA - MA,2102804,2102804,2023,65655.89989476325,65655.89989476325,2856460.472892286,43.50866926905624,2926.0,77740.0,26570.0,1073.56,370.45,28.48275720164609,27.392166666666665,31.302333333333333,33.09399176954732,23.9580658436214,1.565926247003126,243,60.0,24,13,406.93033333333335,-380.5386363636365,-1.2894940476286156,-111.48613636363632,-0.9029192684050312,1.3664185635046522,1.5116045667761937,1.5535376219825352,2.1429496349768704,1.604789291217255,1.8379173462604568,481.9361363636363,29.69754404211608,0.8083237274750578,47.47573197606425,-3.9670627070080116,3.7729602117798415,32,1,0
MATO GROSSO,CAXIAS - MA,2103000,2103000,1985,,4.942107632274238,146.97506935386085,29.739350149730857,2000.0,4.0,2.0,1853.28,496.32,25.01223140495868,24.688135593220338,28.114406779661017,28.831694214876038,21.81078512396694,0.9735578653495134,242,59.0,0,8,224.9152542372881,672.7597727272728,2.3645322036279315,66.21659090909094,0.516396673043574,-2.693490137833802,-2.9853454683865115,-1.515819915254237,-1.796638144653639,-1.9629388803287109,-1.7093969802847022,430.10340909090905,30.077345659989728,0.4116509635612977,27.944492384255682,1.7948577654751752,3.3924710897418544,16,0,0
MATO GROSSO,CAXIAS - MA,2103000,2103000,1986,,247.1053816137119,7348.753467693043,29.739350149730857,2000.0,200.0,100.0,1185.36,335.01,25.917561983471074,25.924237288135597,29.88694915254237,29.999628099173552,22.42202479338843,1.075627504918466,242,59.0,7,20,597.7389830508474,4.839772727272703,0.0170102300045155,-95.09340909090906,-0.741595413003589,-1.7881595593214037,-1.9819170533386092,-0.2797182203389816,-0.3315383439406497,-0.1903965074473568,-0.1658040493001819,430.10340909090905,30.077345659989728,0.4116509635612977,28.35614334781701,1.3832068019138468,3.3924710897418544,16,0,0
MATO GROSSO,CAXIAS - MA,2103000,2103000,2010,568.3423777115373,568.3423777115373,25353.199463541,44.60902522459628,3000.0,690.0,230.0,1215.19,423.02,27.64814049586777,25.62440677966101,29.22966101694915,32.18603305785124,23.752727272727277,2.5639319706855463,242,59.0,5,9,263.06694915254235,34.66977272727286,0.1218529963136346,-7.083409090909072,-0.0552406706254921,-0.0575810469247066,-0.0638202884380603,-0.5795487288135597,-0.6869149444426778,-0.8476846430405764,-0.7381939313386185,430.10340909090905,30.077345659989728,0.4116509635612977,38.235766473288095,6.373258751308185,3.7979361978500186,16,0,0
MATO GROSSO,CAXIAS - MA,2103000,2103000,2011,2347.501125330263,2347.501125330263,94247.76322316327,40.148122702136654,2700.0,2565.0,950.0,872.83,375.76,27.67477366255144,26.344,30.321666666666665,32.32847736625514,23.654279835390945,2.017505478964205,243,60.0,17,18,545.79,-307.6902272727272,-1.0814312636122736,-54.34340909090906,-0.4238024832012091,-0.0309478802410367,-0.0343012631589031,0.1400444915254262,0.1659888967621879,0.2443210066769374,0.2127634208171259,430.10340909090905,30.077345659989728,0.4116509635612977,38.64741743684942,1.5007052652872304,3.6925756821921922,16,0,0
MATO GROSSO,CAXIAS - MA,2103000,2103000,2012,4571.449559853671,4571.449559853671,101963.95436424096,22.30451261229814,1500.0,2775.0,1850.0,923.29,292.36,28.831611570247933,27.424406779661016,31.75542372881356,33.716818181818184,24.62971074380165,2.3402236580417046,242,59.0,26,25,793.8855932203389,-257.23022727272723,-0.9040807444048276,-137.74340909090904,-1.0742056818642391,1.1258900274554549,1.2478867637766355,1.220451271186441,1.446550005999107,1.6780780688238297,1.4613300558034104,430.10340909090905,30.077345659989728,0.4116509635612977,39.05906840041075,-16.75455578811261,3.104789017290073,16,0,0
MATO GROSSO,CAXIAS - MA,2103000,2103000,2013,4447.896869046815,4447.896869046815,158733.07490216973,35.68722017967703,2400.0,4320.0,1800.0,937.61,393.08,28.16413223140496,26.29627118644068,30.27796610169492,32.85028925619835,24.138760330578517,2.589899682262828,242,59.0,13,15,454.1694915254238,-242.9102272727272,-0.8537505930958573,-37.02340909090907,-0.2887307397858173,0.4584106886124814,0.508082154334457,0.092315677966102,0.109417924064972,0.2006204417051904,0.1747074148211927,430.10340909090905,30.077345659989728,0.4116509635612977,39.470719363971966,-3.7834991842949393,3.574792646535809,16,0,0
MATO GROSSO,CAXIAS - MA,2103000,2103000,2014,4892.686555951495,4892.686555951495,218257.97799048337,44.60902522459628,3000.0,5940.0,1980.0,813.45,268.61,28.632148760330576,27.57491525423729,32.02813559322034,33.4704132231405,24.369338842975207,2.380166738680222,242,59.0,33,23,736.6471186440679,-367.0702272727272,-1.290132687126704,-161.49340909090904,-1.2594224200926198,0.926427217538098,1.0268109976788562,1.3709597457627147,1.6249414255840726,1.950789933230613,1.698817245127768,430.10340909090905,30.077345659989728,0.4116509635612977,39.882370327533295,4.726654897062986,3.7979361978500186,16,0,0
MATO GROSSO,CAXIAS - MA,2103000,2103000,2015,5683.423777115374,5683.423777115374,234939.64836214657,41.33769670812589,2780.0,6394.0,2300.0,719.76,322.03,29.506872427983534,27.348166666666668,31.4285,34.54288065843622,25.020699588477367,2.5260050966142047,243,60.0,24,18,565.713,-460.7602272727272,-1.6194226226111603,-108.07340909090908,-0.8428212345700895,1.8011508851910598,1.996316064966141,1.1442111581920926,1.3561857788373497,1.3511543400102717,1.1766332471469292,430.10340909090905,30.077345659989728,0.4116509635612977,40.29402129109462,1.0436754170312668,3.7217748368844545,16,0,0
MATO GROSSO,CAXIAS - MA,2103000,2103000,2016,5683.423777115374,5683.423777115374,152119.196781246,26.76541513475777,1800.0,4140.0,2300.0,1051.83,477.28,28.671652892561983,26.43830508474576,30.360677966101694,33.40917355371901,24.571363636363635,2.9279907849398725,242,59.0,17,10,303.60677966101696,-128.69022727272727,-0.4523043722501477,47.17659090909092,0.3679113384806949,0.9659313497695052,1.070595632522338,0.2343495762711853,0.2777647817363652,0.2833323061119657,0.2467358476305641,430.10340909090905,30.077345659989728,0.4116509635612977,40.70567225465595,-13.940257119898181,3.287110574084028,16,0,0
MATO GROSSO,CAXIAS - MA,2103000,2103000,2017,8030.924902445637,8030.924902445637,365416.7661810365,45.501205729088205,3060.0,9945.0,3250.0,1001.31,498.86,28.498512396694217,26.316101694915258,30.28338983050848,33.23979338842975,24.391652892561986,2.825920233082692,242,59.0,15,10,302.83389830508474,-179.21022727272725,-0.6298657719798383,68.75659090909096,0.5362051157846304,0.7927908539017388,0.8786943563778016,0.1121461864406825,0.1329221989427254,0.2060441705187479,0.1794305907431173,430.10340909090905,30.077345659989728,0.4116509635612977,41.117323218217166,4.3838825108710395,3.8177388251461983,16,0,0
MATO GROSSO,CAXIAS - MA,2103000,2103000,2018,9921.281071790532,9921.281071790532,442578.6775918135,44.60902522459628,3000.0,12045.0,4015.0,1226.92,339.12,28.120289256198348,26.594745762711863,30.55152542372881,32.57462809917356,24.275537190082645,2.771754900272924,242,59.0,11,13,397.16983050847455,46.39977272727288,0.163080138412393,-90.98340909090903,-0.7095431690406985,0.4145677134058694,0.459488537630553,0.3907902542372881,0.4631873946608266,0.4741797637390839,0.4129326003833436,430.10340909090905,30.077345659989728,0.4116509635612977,41.528974181778494,3.080051042817786,3.7979361978500186,16,0,0
MATO GROSSO,CAXIAS - MA,2103000,2103000,2019,10378.4260277759,10378.4260277759,455255.277323584,43.86554147085301,2950.0,12390.0,4200.0,1255.38,509.67,28.709629629629628,26.610166666666665,30.217166666666667,33.241851851851855,24.71946502057613,2.6787468288367067,243,60.0,6,11,332.38883333333337,74.85977272727268,0.2631077994635997,79.56659090909096,0.6205079764266851,1.00390808683715,1.1126873700477549,0.4062111581920895,0.4814651491562144,0.1398210066769394,0.1217611047338892,430.10340909090905,30.077345659989728,0.4116509635612977,41.94062514533982,1.9249163255131876,3.7811290795336374,16,0,0
MATO GROSSO,CAXIAS - MA,2103000,2103000,2020,11942.603093390697,11942.603093390697,468813.7274714777,39.25594219764473,2640.0,12759.0,4833.0,996.91,408.78,28.20896694214876,27.18271186440678,31.50406779661017,32.9296694214876,24.04537190082645,2.264826522567649,242,59.0,26,17,535.5691525423729,-183.61022727272723,-0.645330343611086,-21.323409090909024,-0.1662927275674768,0.5032453993562811,0.5577749668921695,0.9787563559322052,1.1600791002241573,1.426722136620441,1.242440371671642,430.10340909090905,30.077345659989728,0.4116509635612977,42.35227610890115,-3.0963339112564228,3.6701028263401336,16,0,0
MATO GROSSO,CAXIAS - MA,2103000,2103000,2021,12221.83217461419,12221.83217461419,554279.7303007478,45.35250897833955,3050.0,15085.0,4946.0,1523.79,418.86,27.43136363636364,25.81,29.243050847457624,31.82710743801653,23.647975206611573,2.139640922680321,242,59.0,2,9,263.18745762711865,343.2697727272728,1.2064818157234232,-11.24340909090904,-0.0876828445635998,-0.2743579064288397,-0.304086182150293,-0.3939555084745763,-0.4669390385355442,-0.8342948125321037,-0.7265335907813647,430.10340909090905,30.077345659989728,0.4116509635612977,42.763927072462366,2.5885819058771844,3.814465499801229,16,0,0
MATO GROSSO,CAXIAS - MA,2103000,2103000,2022,19887.04111227153,19887.04111227153,924105.7485624,46.46773460895446,3125.0,25150.0,8048.0,1161.85,344.19,27.489256198347107,26.11169491525424,30.101525423728813,32.103512396694214,23.474586776859507,2.0961132437849206,242,59.0,6,11,331.1167796610169,-18.67022727272729,-0.065619787961538,-85.91340909090906,-0.6700042695536295,-0.2164653444453712,-0.2399206241840669,-0.0922605932203382,-0.1093526344125324,0.0241797637390845,0.0210565981110258,430.10340909090905,30.077345659989728,0.4116509635612977,43.175578036023694,3.2921565729307645,3.838758192370274,16,0,0
MATO GROSSO,CAXIAS - MA,2103000,2103000,2023,31911.188981594754,31911.188981594754,1565872.3888960336,49.06992774705591,3300.0,42616.0,12914.0,911.92,365.71,29.695720164609057,28.561833333333333,33.00833333333333,34.58320987654321,25.331440329218108,2.6033141218908424,243,60.0,38,18,594.15,-268.60022727272724,-0.94404260337012,-64.39340909090907,-0.5021784082199556,1.9899986218165784,2.2056265528090444,2.357877824858757,2.794694275977817,2.930987673343605,2.5524082936429684,430.10340909090905,30.077345659989728,0.4116509635612977,43.58722899958502,5.482698747470884,3.8932463776543433,16,0,0
MATO GROSSO,CHAPADINHA - MA,2103208,2103208,2003,286.6422426719058,286.6422426719058,10214.76732009333,35.62774147937756,2396.0,278.0,116.0,1599.4,794.86,27.861851851851853,26.119000000000003,30.063333333333333,33.07,23.669218106995885,2.1737822340570245,243,60.0,11,6,180.38,352.33500000000004,1.2454653201060384,342.7654545454546,2.685364284330627,0.0256831994570738,0.0373451452265325,-0.2436060606060586,-0.307650781088943,-0.7494266820749864,-0.5875927686487374,452.0945454545454,30.81276001540832,0.45812117117016127,35.30350531768045,0.3242361616971152,3.573124589435112,21,1,0
MATO GROSSO,CHAPADINHA - MA,2103208,2103208,2004,593.0529158729086,593.0529158729086,21164.409986955965,35.68722017967703,2400.0,576.0,240.0,1129.35,469.5,28.37789256198347,27.243559322033896,31.83813559322034,33.89462809917355,23.89541322314049,2.048382850875745,242,59.0,15,21,668.6008474576271,-117.71500000000016,-0.4161095268885648,17.405454545454575,0.1363614254852092,0.5417239095886899,0.7877039661700905,0.8809532614278339,1.112558358798009,1.0253755778120208,0.8039522598837476,452.0945454545454,30.81276001540832,0.45812117117016127,35.76162648885065,-0.07440630917362512,3.574792646535809,21,1,0
MATO GROSSO,CHAPADINHA - MA,2103208,2103208,2005,1482.6322896822714,1482.6322896822714,56879.35183994415,38.3637616931528,2580.0,1548.0,600.0,1428.81,392.91,27.9599173553719,26.47491525423729,30.740677966101696,33.25698347107438,23.66347107438017,2.3490004922612537,242,59.0,16,17,522.5915254237289,181.7449999999999,0.6424485066844673,-59.18454545454546,-0.4636758530953496,0.1237487029771209,0.1799391579697736,0.1123091936312263,0.1418355974319992,-0.0720820493066227,-0.0565163903754834,452.0945454545454,30.81276001540832,0.45812117117016127,36.21974766002086,2.1440140331319455,3.647113308115435,21,1,0
MATO GROSSO,CHAPADINHA - MA,2103208,2103208,2006,3410.054266269224,3410.054266269224,158218.6621594312,46.39338623358013,3120.0,4306.0,1380.0,1203.6,411.19,27.40392561983471,27.34728813559322,32.47559322033898,32.94214876033058,23.177603305785123,1.640368052341219,242,59.0,29,20,649.5118644067795,-43.46500000000015,-0.1536439755868963,-40.90454545454543,-0.320462882048834,-0.4322430325600699,-0.6285112122067266,0.984682074987159,1.243557770034176,1.66283320493066,1.3037549770459014,452.0945454545454,30.81276001540832,0.45812117117016127,36.67786883119095,9.715517402389182,3.8371569110032997,21,1,0
MATO GROSSO,CHAPADINHA - MA,2103208,2103208,2007,3706.5807242056794,3706.5807242056794,132277.5624184748,35.68722017967703,2400.0,3600.0,1500.0,1445.39,585.5,27.893868312757203,25.945,29.99533333333333,33.16670781893004,23.5725925925926,2.59322381751186,243,60.0,9,8,239.96266666666668,198.32500000000005,0.701056975917891,133.40545454545455,1.045152707837276,0.0576996603624238,0.0838992898590298,-0.4176060606060616,-0.5273958718978441,-0.8174266820749843,-0.6409086022369989,452.0945454545454,30.81276001540832,0.45812117117016127,37.135990002361154,-1.4487698226841275,3.574792646535809,21,1,0
MATO GROSSO,CHAPADINHA - MA,2103208,2103208,2008,5164.502475726579,5164.502475726579,221160.73561022207,42.80979454053756,2879.0,6019.0,2090.0,1427.62,538.29,27.880619834710743,26.27677966101695,30.63508474576271,33.29904958677686,23.557727272727277,2.281138253239676,242,59.0,14,12,367.6210169491525,180.5550000000001,0.6382419880844816,86.19545454545454,0.6752903247351976,0.0444511823159636,0.064635088079866,-0.0858263995891128,-0.1083904021351167,-0.1776752696456078,-0.139307428076103,452.0945454545454,30.81276001540832,0.45812117117016127,37.59411117353136,5.2156833670062,3.7567669208119474,21,1,0
MATO GROSSO,CHAPADINHA - MA,2103208,2103208,2009,6029.371311374571,6029.371311374571,219470.52231265276,36.3860949081957,2447.0,5973.0,2440.0,866.85,337.47,28.32694214876033,27.036949152542373,31.68,33.989752066115706,23.81690082644628,1.7069444895529764,242,59.0,26,18,570.24,-380.215,-1.3440180415914325,-114.6245454545454,-0.8980154107987851,0.4907734963655521,0.7136185476321812,0.6743430919363114,0.8516297929534328,0.8672399845916807,0.6799650396996753,452.0945454545454,30.81276001540832,0.45812117117016127,38.05223234470145,-1.6661374365057497,3.5941866936424436,21,1,0
MATO GROSSO,CHAPADINHA - MA,2103208,2103208,2010,6350.608307472396,6350.608307472396,169976.6677077401,26.76541513475777,1800.0,4626.0,2570.0,1451.58,566.79,27.8351652892562,25.826101694915256,29.660169491525423,33.05148760330579,23.628760330578512,2.5106583119349577,242,59.0,10,12,355.9220338983051,204.51499999999987,0.722937942416979,114.69545454545454,0.8985709415199725,-0.001003363138583,-0.0014589592775604,-0.5365043656908064,-0.6775528767706671,-1.1525905238828962,-0.903695949511022,452.0945454545454,30.81276001540832,0.45812117117016127,38.51035351587166,-11.744938381113887,3.287110574084028,21,1,0
MATO GROSSO,CHAPADINHA - MA,2103208,2103208,2011,9142.89911970734,9142.89911970734,375227.3520604068,41.04030320662857,2760.0,10212.0,3700.0,830.89,412.5,27.763662551440326,26.2535,30.793,33.27518518518519,23.393868312757203,2.00761282561124,243,60.0,21,18,554.274,-416.17500000000007,-1.471132670881776,-39.59454545454543,-0.3101998080843408,-0.0725061009544525,-0.1054288767440876,-0.1091060606060629,-0.1377903516993124,-0.0197600154083197,-0.0154929660766395,452.0945454545454,30.81276001540832,0.45812117117016127,38.96847468704175,2.0718285195868233,3.7145545889109672,21,1,0
MATO GROSSO,CHAPADINHA - MA,2103208,2103208,2012,9884.215264548477,9884.215264548477,264555.1248369496,26.76541513475777,1800.0,7200.0,4000.0,1008.84,334.48,28.59677685950413,27.41406779661017,32.42203389830509,34.142190082644625,24.076570247933883,2.202961497800203,242,59.0,29,27,875.3949152542374,-238.225,-0.8420990701527268,-117.6145454545454,-0.9214402895421704,0.7606082071093532,1.1059768469448925,1.0514617360041072,1.3278939923005937,1.609273882896769,1.2617614490950315,452.0945454545454,30.81276001540832,0.45812117117016127,39.426595858211954,-12.661180723454184,3.287110574084028,21,1,0
MATO GROSSO,CHAPADINHA - MA,2103208,2103208,2013,5913.231782016126,5913.231782016126,242655.83950322427,41.04030320662857,2760.0,6604.0,2393.0,1127.95,457.85,27.858347107438014,25.98152542372881,30.12050847457627,33.08805785123967,23.676404958677683,2.316148916699371,242,59.0,10,12,361.4461016949152,-119.115,-0.4210583723003129,5.755454545454597,0.0450905768696785,0.0221784550432389,0.0322490048747316,-0.3810806368772468,-0.4812678112419712,-0.69225154083205,-0.5427642345914752,452.0945454545454,30.81276001540832,0.45812117117016127,39.88471702938216,1.1555861772464127,3.7145545889109672,21,1,0
MATO GROSSO,CHAPADINHA - MA,2103208,2103208,2014,5288.055166533435,5288.055166533435,212305.487681652,40.148122702136654,2700.0,5778.0,2140.0,947.22,303.95,28.43471074380165,27.59169491525424,32.98949152542373,34.11822314049587,23.84528925619835,2.1620142269752587,242,59.0,38,24,791.7477966101695,-299.845,-1.059918966061263,-148.14454545454544,-1.160624753768107,0.5985420914068733,0.8703215253668737,1.2290888546481753,1.552219781476246,2.1767315100154114,1.706680219916329,452.0945454545454,30.81276001540832,0.45812117117016127,40.34283820055225,-0.1947154984155972,3.6925756821921922,21,1,0
MATO GROSSO,CHAPADINHA - MA,2103208,2103208,2015,9142.89911970734,9142.89911970734,346677.4448384193,37.91767144090684,2550.0,9435.0,3700.0,881.37,351.5,29.09872427983539,27.451,32.43683333333333,34.8182304526749,24.4338683127572,2.26530506632086,243,60.0,33,19,616.2998333333334,-365.6950000000001,-1.2926914448924396,-100.59454545454544,-0.7880986720798242,1.2625556274406122,1.8358430514917428,1.0883939393939386,1.3745357761377843,1.6240733179250135,1.2733650404945347,452.0945454545454,30.81276001540832,0.45812117117016127,40.800959371722456,-2.8832879308156194,3.6354172683522434,21,1,0
MATO GROSSO,CHAPADINHA - MA,2103208,2103208,2016,9142.89911970734,9142.89911970734,350756.0030129889,38.3637616931528,2580.0,9546.0,3700.0,1262.52,494.54,28.36789256198347,26.12169491525424,30.1971186440678,33.654256198347106,24.09260330578512,2.6544767050439115,242,59.0,10,8,241.5769491525424,15.454999999999927,0.0546317184561248,42.4454545454546,0.3325349919515521,0.5317239095886919,0.7731632757514599,-0.2409111453518235,-0.3042473650127121,-0.6156413713405193,-0.482697542712371,452.0945454545454,30.81276001540832,0.45812117117016127,41.25908054289255,-2.895318849739745,3.647113308115435,21,1,0
MATO GROSSO,CHAPADINHA - MA,2103208,2103208,2017,9390.004501321053,9390.004501321053,453785.5266300454,48.32644399331264,3250.0,12350.0,3800.0,939.52,413.67,28.458181818181817,26.654915254237284,31.548983050847458,34.069256198347105,23.96247933884297,2.4409842583223664,242,59.0,27,10,315.4898305084746,-307.5450000000001,-1.0871376158258803,-38.42454545454541,-0.3010335511847551,0.6220131657870382,0.9044500880023434,0.2923091936312225,0.3691581051653363,0.7362230354391386,0.5772403653135155,452.0945454545454,30.81276001540832,0.45812117117016127,41.71720171406275,6.609242279249884,3.877978905523555,21,1,0
MATO GROSSO,CHAPADINHA - MA,2103208,2103208,2018,9513.557192127908,9513.557192127908,447318.6235784755,47.01791258672448,3162.0,12174.0,3850.0,1271.05,368.98,27.95400826446281,26.34542372881356,30.21406779661017,32.915537190082645,23.90727272727273,2.513174260373109,242,59.0,6,14,422.9969491525424,23.9849999999999,0.0847843265719931,-83.11454545454541,-0.6511532271184953,0.1178396120680318,0.1713469318133111,-0.0171823317925046,-0.0216996152876582,-0.5986922187981492,-0.4694084515886784,452.0945454545454,30.81276001540832,0.45812117117016127,42.17532288523296,4.842589701491519,3.850528647969189,21,1,0
MATO GROSSO,CHAPADINHA - MA,2103208,2103208,2019,10625.531409389612,10625.531409389612,402895.4088662711,37.91767144090684,2550.0,10965.0,4300.0,1308.53,641.64,28.59695473251029,26.53483333333333,30.421333333333333,33.858189300411524,24.3079012345679,2.4009293538971934,243,60.0,7,9,273.792,61.46499999999992,0.2172719880236636,189.54545454545456,1.4849763508652505,0.760786080115512,1.106235486576531,0.1722272727272695,0.2175063085357618,-0.3914266820749859,-0.3069005859340576,452.0945454545454,30.81276001540832,0.45812117117016127,42.63344405640305,-4.715772615496213,3.6354172683522434,21,1,0
MATO GROSSO,CHAPADINHA - MA,2103208,2103208,2020,10699.663023873723,10699.663023873723,501184.9864966655,46.8394764858261,3150.0,13640.0,4330.0,976.57,310.73,28.29578512396694,27.32779661016949,32.48016949152542,33.799421487603304,23.867024793388428,2.1491773016595617,242,59.0,33,19,617.1232203389831,-270.495,-0.9561699568935328,-141.3645454545454,-1.1075074701961496,0.4596164715721613,0.6683140824435431,0.9651905495634274,1.2189418675960046,1.667409476117104,1.3073430316493015,452.0945454545454,30.81276001540832,0.45812117117016127,43.091565227573255,3.7479112582528415,3.8467263620194507,21,1,0
MATO GROSSO,CHAPADINHA - MA,2103208,2103208,2021,10872.636791003324,10872.636791003324,482923.33412944834,44.41571944862303,2987.0,13143.0,4400.0,1425.83,371.6,27.91619834710744,26.222711864406783,30.447627118644068,33.21913223140496,23.773471074380165,2.156962000714985,242,59.0,8,8,243.5810169491525,178.76499999999987,0.6319145357366023,-80.4945454545454,-0.630627079189509,0.0800296947126604,0.1163687015114539,-0.139894196199279,-0.1766727749853348,-0.3651328967642513,-0.2862847759041659,452.0945454545454,30.81276001540832,0.45812117117016127,43.54968639874335,0.8660330498796824,3.7935934484158818,21,1,0
MATO GROSSO,CHAPADINHA - MA,2103208,2103208,2022,10996.18948181018,10996.18948181018,506880.27043412765,46.09599273208283,3100.0,13795.0,4450.0,1125.09,311.25,27.71925619834711,26.66135593220339,31.39813559322034,33.16851239669421,23.35801652892562,2.0326087177935115,242,59.0,21,15,470.9720338983051,-121.97500000000014,-0.4311681564985999,-140.84454545454545,-1.1034335782407785,-0.116912454047668,-0.1699987800389847,0.2987498715973267,0.3772920555362123,0.5853755778120195,0.4589674543126323,452.0945454545454,30.81276001540832,0.45812117117016127,44.00780756991355,2.0881851621692746,3.8307260206730094,21,1,0
MATO GROSSO,CHAPADINHA - MA,2103208,2103208,2023,11613.95293584446,11613.95293584446,510738.3660046665,43.96962919637707,2957.0,13900.0,4700.0,972.69,311.89,29.655596707818933,28.61433333333333,34.27316666666666,35.48123456790124,24.863662551440328,2.3415580640380997,243,60.0,45,19,651.1901666666665,-274.375,-0.969885328463236,-140.20454545454544,-1.0984195573726292,1.8194280554241544,2.6455740092898856,2.251727272727269,2.8437127242662315,3.4604066512583422,2.713153899503068,452.0945454545454,30.81276001540832,0.45812117117016127,44.46592874108376,-0.49629954470668736,3.7834991500522492,21,1,0
MATO GROSSO,CIDELÂNDIA - MA,2103257,2103257,2014,197.68430529096952,197.68430529096952,8818.50416123165,44.60902522459628,3000.0,240.0,80.0,928.12,350.55,27.342644628099173,25.620169491525424,29.84694915254237,32.416157024793385,23.110495867768595,2.309495559728721,242,59.0,7,12,358.16338983050844,-537.3695454545456,-1.5122971498734528,-159.56318181818182,-1.046295325109294,0.5862431094693505,0.7101302914042599,0.3207496789933195,0.4791985243108341,0.6472708654339989,0.6473618526954923,510.1131818181818,29.199678287108373,0.7333002792979167,42.05414468900699,2.554880535589291,3.7979361978500186,10,0,0
MATO GROSSO,CIDELÂNDIA - MA,2103257,2103257,2015,185.32903621028396,185.32903621028396,9112.454299939373,49.17401547257997,3307.0,248.0,75.0,775.69,183.99,29.20567901234568,27.3465,32.649166666666666,34.67012345679012,24.65353909465021,2.7387043469215606,243,60.0,36,26,848.8783333333333,-689.7995454545455,-1.941274669171128,-326.1231818181818,-2.1384705209435144,2.4492774937158543,2.9668683729463394,2.0470801874678948,3.058328251673767,3.449488379558293,3.44997327624988,510.1131818181818,29.199678287108373,0.7333002792979167,42.78744496830495,6.386570504275014,3.8953653431815645,10,0,0
MATO GROSSO,CIDELÂNDIA - MA,2103257,2103257,2016,202.62641292324372,202.62641292324372,5438.077566092852,26.839763510132094,1805.0,148.0,82.0,1351.76,607.76,27.54161157024793,25.38389830508475,29.243389830508477,32.526652892561984,23.45152892561984,2.655229765934961,242,59.0,5,10,292.4338983050847,-113.7295454545456,-0.3200644117296017,97.64681818181816,0.6402943850283127,0.7852100516181117,0.9511437043138083,0.0844784925526447,0.1262104738320698,0.0437115434001,0.0437176879584944,510.1131818181818,29.199678287108373,0.7333002792979167,43.52074524760292,-16.680981737470823,3.2898845009667532,10,0,0
MATO GROSSO,CIDELÂNDIA - MA,2103257,2103257,2017,202.62641292324372,202.62641292324372,9590.123275339422,47.33017576329665,3183.0,261.0,82.0,1440.91,570.55,27.119380165289257,25.17627118644068,28.82491525423729,31.9001652892562,23.173760330578517,2.635895847167579,242,59.0,2,6,172.94949152542375,-24.579545454545496,-0.0691732102247286,60.436818181818126,0.396299193884032,0.3629786466594353,0.4396847109369134,-0.1231486260914245,-0.1839834729659898,-0.3747630328710833,-0.3748157135398587,510.1131818181818,29.199678287108373,0.7333002792979167,44.254045526900654,3.076130236395997,3.8571480574818646,10,0,0
MATO GROSSO,CIDELÂNDIA - MA,2103257,2103257,2018,197.68430529096952,197.68430529096952,9185.941834616304,46.46773460895446,3125.0,250.0,80.0,1386.83,397.12,26.773388429752064,25.22288135593221,28.899491525423727,31.447727272727278,22.899586776859504,2.149371249844505,242,59.0,0,10,288.9949152542373,-78.65954545454565,-0.2213683440147854,-112.99318181818182,-0.7409242944296615,0.0169869111222418,0.0205766514786243,-0.0765384565998985,-0.1143480971541801,-0.3001867616846461,-0.300228959121362,510.1131818181818,29.199678287108373,0.7333002792979167,44.98734580619862,1.48038880275584,3.838758192370274,10,0,0
MATO GROSSO,CIDELÂNDIA - MA,2103257,2103257,2019,12510.945471102234,12510.945471102234,647388.4367364186,51.74646926053169,3480.0,17619.0,5063.0,1229.8,516.55,27.62390946502057,26.01333333333333,29.93583333333333,32.6958024691358,23.491769547325102,2.167945275841223,243,60.0,2,7,209.55083333333332,-235.6895454545456,-0.6632914553138339,6.436818181818126,0.0422078119493064,0.8675079463907522,1.0508331114093603,0.7139135208012277,1.0665834700979564,0.7361550462249618,0.7362585279901198,510.1131818181818,29.199678287108373,0.7333002792979167,45.72064608549658,6.025823175035107,3.9463562029682917,10,0,0
MATO GROSSO,CIDELÂNDIA - MA,2103257,2103257,2020,16864.942295135836,16864.942295135836,744796.16395069,44.16293497235032,2970.0,20270.0,6825.0,1396.01,461.13,26.804917355371902,25.4635593220339,29.216610169491524,31.358057851239668,23.046735537190084,2.213138482641554,242,59.0,3,15,438.2491525423729,-69.47954545454559,-0.1955334451946536,-48.98318181818183,-0.3211948618807395,0.0485158367420801,0.0587683927143472,0.1641395095017941,0.2452236615831565,0.016931882383151,0.0169342625082149,510.1131818181818,29.199678287108373,0.7333002792979167,46.45394636479455,-2.2910113924442257,3.787885861996517,10,0,0
MATO GROSSO,CIDELÂNDIA - MA,2103257,2103257,2021,9857.033672570968,9857.033672570968,461795.6679098308,46.85434616090097,3151.0,12568.0,3989.0,1673.09,498.09,26.414256198347108,25.12677966101695,28.767627118644068,30.840785123966945,22.800454545454546,1.759448607652331,242,59.0,0,9,258.9086440677966,207.60045454545437,0.5842414747489263,-12.023181818181854,-0.0788389826898607,-0.3421453202827145,-0.4144488047201013,-0.1726401515151536,-0.2579235811007109,-0.4320511684643051,-0.4321119021613443,510.1131818181818,29.199678287108373,0.7333002792979167,47.18724664409251,-0.3329004831915441,3.8470437719570465,10,0,0
MATO GROSSO,CIDELÂNDIA - MA,2103257,2103257,2022,21307.897056550377,21307.897056550377,1026584.1156693796,48.17774724256398,3240.0,27939.0,8623.0,1118.64,261.68,27.134256198347103,25.777627118644062,30.02627118644068,32.10528925619835,23.029545454545453,2.4112333203075598,242,59.0,3,13,390.3415254237288,-346.8495454545455,-0.976124500286146,-248.43318181818185,-1.6290379383044622,0.3778546797172843,0.4577044053600544,0.4782073061119618,0.7144394847805421,0.8265928993323044,0.8267090940017952,510.1131818181818,29.199678287108373,0.7333002792979167,47.92054692339025,0.25720031917373376,3.8748972389861467,10,0,0
MATO GROSSO,CIDELÂNDIA - MA,2103257,2103257,2023,23882.735132965256,23882.735132965256,1150594.3304366998,48.17774724256398,3240.0,31314.0,9665.0,898.43,377.14,28.988024691358024,26.96283333333333,31.676666666666662,34.5098353909465,24.435843621399176,2.631351074776353,243,60.0,26,14,443.4733333333333,-567.0595454545456,-1.5958525034649245,-132.97318181818184,-0.87193810574551,2.2316231727282023,2.7032184913668984,1.6634135208012282,2.4851320412490248,2.4769883795582928,2.477336571329995,510.1131818181818,29.199678287108373,0.7333002792979167,48.65384720268821,-0.4760999601242304,3.8748972389861467,10,0,0
MATO GROSSO,CODÓ - MA,2103307,2103307,2022,988.4215264548476,988.4215264548476,44092.52080615826,44.60902522459628,3000.0,1200.0,400.0,1169.05,329.03000000000003,27.52351239669421,26.33762711864407,30.63084745762712,32.52739669421488,23.31136363636364,2.012318200817028,242,59.0,13,11,336.9393220338983,-48.79840909090922,-0.1780597210037743,-112.45590909090907,-0.8838317497419417,-0.3149986173720727,-0.4183725877435097,0.0007657935285081,0.0009390827168783,0.0899846558808441,0.0702257040573935,441.4859090909091,30.540862801746275,,,,3.7979361978500186,2,0,0
MATO GROSSO,CODÓ - MA,2103307,2103307,2023,4274.923101917216,4274.923101917216,190700.15248663447,44.60902522459628,3000.0,5190.0,1730.0,938.41,359.14,29.77740740740741,28.64783333333333,33.852833333333336,35.16152263374486,25.131728395061728,2.5673065818868244,243,60.0,42,19,643.2038333333334,-279.4384090909092,-1.0196382645952933,-82.34590909090912,-0.6471863462245808,1.9388963933411207,2.5751894031030784,2.310972008217771,2.8339151368056106,3.311970531587061,2.584723585608044,441.4859090909091,30.540862801746275,,,,3.7979361978500186,2,0,0
MATO GROSSO,COLINAS - MA,2103505,2103505,2004,9.884215264548477,9.884215264548477,257.2063713692565,26.021931381014497,1750.0,7.0,4.0,977.58,334.09,27.31673553719008,26.242033898305085,30.434406779661018,32.112355371900826,23.371487603305784,1.9739918074577472,242,59.0,16,17,517.3849152542373,-66.15159090909094,-0.2539165263671356,-31.002045454545453,-0.2662605841646715,0.5867631016315578,0.6496402559874018,1.0027789548022596,1.2359585278607486,1.3025610554699547,1.1410333259107497,365.0920454545454,29.131845724191063,0.8722485797408704,36.97084488051519,-10.94891349950069,3.2589396971173317,15,0,0
MATO GROSSO,COLINAS - MA,2103505,2103505,2005,86.48688356479917,86.48688356479917,3858.095570538848,44.60902522459628,3000.0,105.0,35.0,972.89,243.58,27.36404958677686,25.99627118644068,30.349322033898304,32.25351239669422,23.354090909090907,2.6014416936571463,242,59.0,11,17,515.9384745762711,-70.841590909091,-0.2719186407879125,-121.51204545454542,-1.0436043084062934,0.6340771512183387,0.7020244485173841,0.7570162429378513,0.933047783569254,1.2174763097072407,1.0664997521990185,365.0920454545454,29.131845724191063,0.8722485797408704,37.843093460256114,6.765931764340166,3.7979361978500186,15,0,0
MATO GROSSO,COLINAS - MA,2103505,2103505,2011,370.6580724205679,370.6580724205679,18188.16483254028,49.06992774705591,3300.0,495.0,150.0,935.21,359.55,26.13946502057613,24.60533333333333,28.107666666666667,30.622633744855968,22.4120987654321,1.698653125239842,243,60.0,0,17,477.8303333333333,-108.52159090909096,-0.4165497007825532,-5.542045454545416,-0.0475977710037861,-0.5905074149823903,-0.6537858075344712,-0.6339216101694944,-0.7813295406051916,-1.024179057524396,-0.8971728668131935,365.0920454545454,29.131845724191063,0.8722485797408704,43.07658493870122,5.99334280835469,3.8932463776543433,15,0,0
MATO GROSSO,COLINAS - MA,2103505,2103505,2012,370.6580724205679,370.6580724205679,18188.16483254028,49.06992774705591,3300.0,495.0,150.0,766.69,285.09000000000003,27.366611570247937,25.754745762711863,29.68677966101695,32.17797520661157,23.507190082644627,2.2013130950122064,242,59.0,5,24,712.4827118644068,-277.0415909090909,-1.0633975306736592,-80.0020454545454,-0.6870963204130357,0.636639134689414,0.704860972479707,0.5154908192090382,0.6353596383172704,0.5549339368258863,0.4861178007266104,365.0920454545454,29.131845724191063,0.8722485797408704,43.94883351844214,5.121094228613764,3.8932463776543433,15,0,0
MATO GROSSO,COLINAS - MA,2103505,2103505,2013,494.2107632274238,494.2107632274238,24691.811651448625,49.96210825154783,3360.0,672.0,200.0,974.77,294.88,26.669669421487605,25.150508474576277,29.054745762711864,31.218140495867768,22.98504132231405,2.309534067318929,242,59.0,3,20,581.0949152542373,-68.961590909091,-0.2647024414038912,-70.21204545454543,-0.6030150580074954,-0.0603030140709179,-0.0667650460448382,-0.0887464689265513,-0.1093829847166362,-0.0770999614791989,-0.067538964952749,365.0920454545454,29.131845724191063,0.8722485797408704,44.82108209818307,5.141026153364763,3.911264883157022,15,0,0
MATO GROSSO,COLINAS - MA,2103505,2103505,2014,1383.7901370367867,1383.7901370367867,61729.52912862156,44.60902522459628,3000.0,1680.0,560.0,706.22,224.81,27.39454545454545,26.087118644067797,30.518644067796608,32.34128099173554,23.39190082644628,2.124501015371691,242,59.0,14,21,640.8915254237288,-337.51159090909096,-1.2955058161799209,-140.28204545454545,-1.204810160842657,0.6645730189869283,0.7357882337463069,0.8478637005649681,1.0450203069763138,1.3867983436055449,1.2148245333504466,365.0920454545454,29.131845724191063,0.8722485797408704,45.69333067792377,-1.084305453327488,3.7979361978500186,15,0,0
MATO GROSSO,COLINAS - MA,2103505,2103505,2015,4942.107632274238,4942.107632274238,264555.1248369496,53.53083026951554,3600.0,7200.0,2000.0,504.23,260.06,29.019218106995886,26.305166666666665,30.46966666666667,34.27827160493828,24.716913580246917,2.4560866806387938,243,60.0,16,23,700.8023333333334,-539.501590909091,-2.070825025530173,-105.03204545454544,-0.9020660852762312,2.289245671437364,2.534559756527532,1.0659117231638398,1.31377177181673,1.3378209424756058,1.1719207119356445,365.0920454545454,29.131845724191063,0.8722485797408704,46.565579257664695,6.965251011850846,3.980257754643973,15,0,0
MATO GROSSO,COLINAS - MA,2103505,2103505,2016,5683.423777115374,5683.423777115374,139442.5970494755,24.534963873527957,1650.0,3795.0,2300.0,844.74,417.81,27.53822314049587,25.32542372881356,29.162033898305083,32.363471074380165,23.62553719008265,2.521065552195426,242,59.0,7,14,408.2684745762712,-198.99159090909097,-0.7638101041189429,52.717954545454575,0.4527673309111061,0.8082507049373469,0.8948623275687861,0.0861687853107362,0.1062059036342736,0.0301881741140199,0.0264446050861433,365.0920454545454,29.131845724191063,0.8722485797408704,47.43782783740562,-22.902863963877664,3.2000991970943984,15,0,0
MATO GROSSO,COLINAS - MA,2103505,2103505,2017,6474.160998279252,6474.160998279252,306149.06946409214,47.285566738072056,3180.0,8332.0,2620.0,699.07,391.24,27.70235537190083,26.11237288135593,30.481186440677966,32.59619834710744,23.692107438016528,2.605415010178118,242,59.0,20,14,426.73661016949154,-344.66159090909093,-1.322950404262768,26.14795454545458,0.2245713000515337,0.9723829363423064,1.0765828627033471,0.8731179378531095,1.0761469972517916,1.3493407164869031,1.1820119441267596,365.0920454545454,29.131845724191063,0.8722485797408704,48.31007641714655,-1.024509679074491,3.856205105973994,15,0,0
MATO GROSSO,COLINAS - MA,2103505,2103505,2018,6671.845303570221,6671.845303570221,347228.6013484963,52.04386276202899,3500.0,9450.0,2700.0,799.4,216.21,27.53404958677686,26.44559322033898,30.94728813559322,32.2948347107438,23.75995867768595,2.425043979927966,242,59.0,15,15,464.2093220338983,-244.331590909091,-0.9378433381995432,-148.88204545454542,-1.2786711267964517,0.8040771512183369,0.8902415385333889,1.2063382768361564,1.4868521857187345,1.815442411402156,1.5903133937428044,365.0920454545454,29.131845724191063,0.8722485797408704,49.182324996887246,2.8615377651417475,3.9520868776772766,15,0,0
MATO GROSSO,COLINAS - MA,2103505,2103505,2019,10625.531409389612,10625.531409389612,551009.5350076243,51.85055698605575,3487.0,14996.0,4300.0,871.86,354.15,28.0520987654321,25.878666666666668,29.805166666666665,32.79374485596708,24.213045267489715,2.726627824986417,243,60.0,7,7,208.63616666666667,-171.87159090909097,-0.659712589600507,-10.94204545454545,-0.0939755868352389,1.3221263298735764,1.4638045320138104,0.6394117231638425,0.7880962880940453,0.6733209424756019,0.5898238943748445,365.0920454545454,29.131845724191063,0.8722485797408704,50.05457357662817,1.7959834094275777,3.948365676875423,15,0,0
MATO GROSSO,COLINAS - MA,2103505,2103505,2020,8809.30685452883,8809.30685452883,473516.9296908013,53.75387539563852,3615.0,12887.0,3565.0,671.47,300.08,27.8752479338843,26.754745762711863,31.164237288135595,32.96904958677686,23.738553719008262,2.3096661711362394,242,59.0,23,23,716.7774576271187,-372.26159090909096,-1.4288903526664858,-65.01204545454544,-0.5583549390586895,1.145275498325777,1.2680024797735878,1.5154908192090382,1.8678930116412749,2.0323915639445325,1.7803591593822767,365.0920454545454,29.131845724191063,0.8722485797408704,50.9268221563691,2.827053239269418,3.984415764792637,15,0,0
MATO GROSSO,COLINAS - MA,2103505,2103505,2021,14332.11213359529,14332.11213359529,717128.1071448256,50.03645662692217,3365.0,19517.0,5800.0,1311.69,330.41,26.561487603305785,24.85728813559322,28.38508474576271,31.01685950413223,22.931900826446284,2.168855621592776,242,59.0,1,13,369.0061016949152,267.9584090909091,1.028532609907001,-34.68204545454546,-0.2978662068053651,-0.1684848322527372,-0.1865395578732074,-0.3819668079096061,-0.4707868382506289,-0.7467609784283518,-0.6541567931102037,365.0920454545454,29.131845724191063,0.8722485797408704,51.799070736110025,-1.762614109187858,3.9127518722786,15,0,0
MATO GROSSO,COLINAS - MA,2103505,2103505,2022,18671.28263473207,18671.28263473207,995315.1696643456,53.30778514339256,3585.0,27088.0,7556.0,1051.24,298.46,26.711446280991737,25.237627118644067,29.092881355932203,31.46322314049587,22.765743801652896,2.1381158512503147,242,59.0,1,16,465.4861016949153,7.508409090909026,0.0288203069451053,-66.63204545454545,-0.5722682838081252,-0.0185261545667856,-0.0205114053043949,-0.0016278248587582,-0.0020063484643459,-0.0389643682588598,-0.034132482711436,365.0920454545454,29.131845724191063,0.8722485797408704,52.671319315850724,0.6364658275418336,3.9760823832334924,15,0,0
MATO GROSSO,COLINAS - MA,2103505,2103505,2023,19817.85160541969,19817.85160541969,1053517.2971284746,53.1590883926439,3575.0,28672.0,8020.0,1014.43,333.78000000000003,28.60633744855967,27.107000000000003,31.4715,33.564691358024696,24.50539094650206,2.5411237836841063,243,60.0,26,17,535.0155,-29.301590909091036,-0.112471341632462,-31.3120454545454,-0.2689230143327729,1.8763650130011484,2.077435073852489,1.8677450564971776,2.3020581149937,2.339654275808936,2.049518898631892,365.0920454545454,29.131845724191063,0.8722485797408704,53.54356789559165,-0.38447950294774813,3.9732890853278797,15,0,0
MATO GROSSO,DAVINÓPOLIS - MA,2103752,2103752,2014,177.91587476187257,177.91587476187257,5732.027704800574,32.22258588723338,2167.0,156.0,72.0,794.78,279.06,28.170537190082648,26.258474576271187,30.42338983050848,32.98822314049587,23.85752066115702,2.550853595774543,242,59.0,12,15,456.3508474576272,-520.8370454545454,-1.658579118296309,-180.35590909090905,-1.323973684372839,0.8929724792306324,0.967086896627286,0.4275711350796065,0.6580092996187591,0.8323218412943021,0.9732225716411236,459.41590909090905,29.59106798921417,,,,3.472667631736131,2,0,0
MATO GROSSO,DAVINÓPOLIS - MA,2103752,2103752,2018,74.13161448411357,74.13161448411357,2645.551248369496,35.68722017967703,2400.0,72.0,30.0,1196.52,334.63,27.791322314049587,25.89101694915254,29.513389830508476,32.24252066115702,23.871322314049586,2.695439653327121,242,59.0,0,14,413.18745762711865,-119.09704545454542,-0.3792584923933457,-124.78590909090906,-0.9160401821579832,0.5137576031975719,0.5563981619266555,0.0601135079609598,0.0925115004867046,-0.0776781587057016,-0.0908280110231774,459.41590909090905,29.59106798921417,,,,3.574792646535809,2,0,0
MATO GROSSO,ESTREITO - MA,2104057,2104057,1993,74.13161448411357,74.13161448411357,2204.6260403079127,29.739350149730857,2000.0,60.0,30.0,1708.07,580.17,26.596528925619836,25.04627118644068,28.71220338983051,30.98673553719008,22.6050826446281,1.956938802929958,242,59.0,0,0,0.0,311.63068181818176,1.0957517235730307,107.78909090909092,0.8575292596890796,-0.4149861576818097,-0.4593174384329956,-0.6199499229583978,-0.8462479635151815,-0.7858343605546985,-0.854497467167901,472.380909090909,29.49803775038521,0.4871137671097671,29.98979624968149,-0.25044609995063283,3.3924710897418544,31,1,0
MATO GROSSO,ESTREITO - MA,2104057,2104057,1994,444.7896869046815,444.7896869046815,13227.756241847475,29.739350149730857,2000.0,360.0,180.0,1566.59,502.92,26.471404958677685,25.06966101694915,28.73779661016949,30.67913223140496,22.61301652892562,1.7629552733716525,242,59.0,0,6,172.42677966101695,170.15068181818174,0.5982815998142876,30.539090909090987,0.2429574625593357,-0.5401101246239577,-0.5978078890626973,-0.5965600924499235,-0.8143202291905981,-0.7602411402157188,-0.8266680121910389,472.380909090909,29.49803775038521,0.4871137671097671,30.476910016791294,-0.7375598670604369,3.3924710897418544,31,1,0
MATO GROSSO,ESTREITO - MA,2104057,2104057,1995,1606.1849804891274,1606.1849804891274,47766.89754000478,29.739350149730857,2000.0,1300.0,650.0,1656.7,438.26,26.546502057613168,25.180333333333333,28.66783333333333,30.935390946502057,22.536666666666665,2.0406650256464465,243,60.0,0,4,114.67133333333332,260.26068181818187,0.91512520210366,-34.12090909090904,-0.2714530539767067,-0.4650130256884743,-0.5146884729610084,-0.4858877760657414,-0.6632496041460866,-0.8302044170518776,-0.9027444041791228,472.380909090909,29.49803775038521,0.4871137671097671,30.964023783900984,-1.2246736341701272,3.3924710897418544,31,1,0
MATO GROSSO,ESTREITO - MA,2104057,2104057,1996,370.6580724205679,370.6580724205679,8818.50416123165,23.791480119784683,1600.0,240.0,150.0,1688.46,490.61,26.212520661157026,24.92186440677966,28.74966101694915,30.514462809917354,22.27078512396694,1.6510722812749878,242,59.0,0,6,172.4979661016949,292.02068181818186,1.0267992983050855,18.229090909090985,0.1450237561170424,-0.7989944221446166,-0.8843477415049293,-0.7443567026194131,-1.0160664924589795,-0.7483767334360572,-0.8137669403474581,472.380909090909,29.49803775038521,0.4871137671097671,31.45113755101079,-7.659657431226105,3.1693275384276443,31,1,0
MATO GROSSO,ESTREITO - MA,2104057,2104057,1997,420.0791487433102,420.0791487433102,10618.948760816447,25.278447627271227,1700.0,289.0,170.0,1061.75,400.8,28.04582644628099,26.598135593220334,30.340338983050845,32.63194214876033,23.723553719008265,1.868660163841573,242,59.0,12,8,242.7227118644068,-334.6893181818182,-1.176830198873611,-71.58090909090902,-0.5694706529473244,1.0343113629793486,1.1448026325496858,0.931914483821263,1.272087800802851,0.842301232665637,0.9158981918239618,472.380909090909,29.49803775038521,0.4871137671097671,31.938251318120592,-6.659803690849365,3.2299521602440793,31,1,0
MATO GROSSO,ESTREITO - MA,2104057,2104057,1998,1309.658522552673,1309.658522552673,37000.97370983447,28.25238264224431,1900.0,1007.0,530.0,1218.7,326.51,27.349545454545456,25.731016949152544,29.555084745762716,31.90764462809917,23.197644628099173,2.474556375011904,242,59.0,1,6,177.33050847457628,-177.7393181818181,-0.624964663646478,-145.87090909090904,-1.1604938090478902,0.3380303712438142,0.3741407788143894,0.0647958397534687,0.0884480268566926,0.0570469953775045,0.062031536805298,472.380909090909,29.49803775038521,0.4871137671097671,32.42536508523028,-4.1729824429859725,3.3411777953543034,31,1,0
MATO GROSSO,ESTREITO - MA,2104057,2104057,1999,469.5002250660526,469.5002250660526,16755.157906340137,35.68722017967703,2400.0,456.0,190.0,1721.02,565.31,26.593539094650204,25.182333333333336,28.848333333333336,31.02987654320988,22.55366255144033,2.298627291026549,243,60.0,0,3,86.54500000000002,324.5806818181818,1.1412863440329952,92.92909090909092,0.7393087172250277,-0.4179759886514382,-0.4626266608658326,-0.4838877760657389,-0.6605195515009377,-0.649704417051872,-0.7064730261816786,472.380909090909,29.49803775038521,0.4871137671097671,32.91247885234009,2.7747413273369403,3.574792646535809,31,1,0
MATO GROSSO,ESTREITO - MA,2104057,2104057,2000,815.4477593252493,815.4477593252493,36376.32966508056,44.60902522459628,3000.0,990.0,330.0,1447.63,375.06,26.60954545454545,25.428474576271185,29.366779661016952,31.062272727272727,22.45714876033058,1.7249675563729925,242,59.0,1,11,323.0345762711865,51.19068181818193,0.1799960052260772,-97.32090909090904,-0.774248362437546,-0.4019696287561878,-0.4449104067459536,-0.2377465331278898,-0.3245302758199916,-0.1312580893682557,-0.1427269034549496,472.380909090909,29.49803775038521,0.4871137671097671,33.39959261944989,11.20943260514639,3.7979361978500186,31,1,0
MATO GROSSO,ESTREITO - MA,2104057,2104057,2001,1111.9742172617036,1111.9742172617036,46627.84075251236,41.9324837111205,2820.0,1269.0,450.0,1338.3,623.69,27.345413223140497,25.618983050847454,29.65016949152542,31.9798347107438,23.02293388429752,2.291576862628616,242,59.0,5,7,207.55118644067795,-58.13931818181823,-0.2044287094370799,151.30909090909103,1.2037579277937596,0.3338981398388547,0.3695671179613601,-0.047238058551617,-0.0644811933501915,0.152131741140213,0.1654244125802721,472.380909090909,29.49803775038521,0.4871137671097671,33.88670638655958,8.045777324560916,3.736060794131931,31,1,0
MATO GROSSO,ESTREITO - MA,2104057,2104057,2002,1161.395293584446,1161.395293584446,51808.71194723596,44.60902522459628,3000.0,1410.0,470.0,1320.09,458.02,27.5648347107438,26.191186440677967,30.02220338983051,32.189504132231406,23.289256198347108,2.0744356262817227,242,59.0,9,10,300.2220338983051,-76.34931818181826,-0.2684584730336782,-14.360909090909049,-0.1142499638630013,0.553319627442157,0.6124285092571687,0.5249653312788922,0.7165914956338287,0.5241656394453003,0.5699651653896801,472.380909090909,29.49803775038521,0.4871137671097671,34.373820153669385,10.235205070926895,3.7979361978500186,31,1,0
MATO GROSSO,ESTREITO - MA,2104057,2104057,2003,2977.6198484452284,2977.6198484452284,132828.71892855174,44.60902522459628,3000.0,3615.0,1205.0,1664.69,781.8100000000001,27.557201646090533,25.6265,29.240166666666667,32.129135802469136,23.30510288065844,2.2053476489114483,243,60.0,1,1,29.240166666666667,268.2506818181819,0.9432195354994216,309.42909090909103,2.461700873582176,0.5456865627888909,0.6039800354007954,-0.0397211093990748,-0.0542203598915302,-0.2578710837185411,-0.2804028418123587,472.380909090909,29.49803775038521,0.4871137671097671,34.86093392077919,9.748091303817091,3.7979361978500186,31,1,0
MATO GROSSO,ESTREITO - MA,2104057,2104057,2004,4793.8444033060105,4793.8444033060105,173651.0444415866,36.22252848237218,2436.0,4726.0,1940.0,1295.31,372.48,27.62293388429752,26.70457627118644,30.782372881355933,32.24801652892562,23.27409090909091,1.880634898688904,242,59.0,15,19,584.8650847457627,-101.12931818181823,-0.3555895846165284,-99.900909090909,-0.7947738671183839,0.6114188009958781,0.6767341808507514,1.038355161787365,1.4173821280190733,1.2843351309707245,1.396555268510493,472.380909090909,29.49803775038521,0.4871137671097671,35.34804768788888,0.8744807944832971,3.5896812590295593,31,1,0
MATO GROSSO,ESTREITO - MA,2104057,2104057,2005,4200.791487433103,4200.791487433103,158733.07490216973,37.78384436523304,2541.0,4320.0,1700.0,1587.88,428.36,27.78603305785124,25.98813559322034,29.846440677966104,32.48247933884298,23.45078512396694,2.6858244688997868,242,59.0,1,14,417.85016949152543,191.4406818181817,0.6731412190878501,-44.020909090909015,-0.3502137114729456,0.7745179745495996,0.8572565747197886,0.3219144838212635,0.4394217440334548,0.3484029275808957,0.3788450010783599,472.380909090909,29.49803775038521,0.4871137671097671,35.83516145499868,1.9486829102343535,3.6318816135199357,31,1,0
MATO GROSSO,ESTREITO - MA,2104057,2104057,2006,2644.0275832667176,1660.548164444144,50706.398927082,30.52744292869872,2053.0,1380.0,672.0,1240.23,476.42,26.954793388429756,26.428474576271185,30.409661016949155,31.488471074380165,22.72173553719008,1.3282229098360558,242,59.0,17,7,212.8676271186441,-156.20931818181816,-0.5492611595149701,4.039090909090987,0.0321334803724331,-0.0567216948718893,-0.0627810424754228,0.7622534668721102,1.0404960467527908,0.9116232665639464,0.991277311595742,472.380909090909,29.49803775038521,0.4871137671097671,36.32227522210849,-5.794832293409769,3.418626047218705,31,1,0
MATO GROSSO,ESTREITO - MA,2104057,2104057,2007,1136.6847554230746,1136.6847554230746,42255.332439235,37.17418768716357,2500.0,1150.0,460.0,1374.02,411.67,27.486090534979425,25.802833333333336,29.649,32.15440329218107,23.242716049382715,2.5285258387822287,243,60.0,6,12,355.788,-22.4193181818182,-0.0788305130795571,-60.71090909090901,-0.4829930421408477,0.4745754516777829,0.5252724139655708,0.1366122239342608,0.1864792816554735,0.1509622496147926,0.1641527354985514,472.380909090909,29.49803775038521,0.4871137671097671,36.80938898921818,0.364798697945389,3.615614641056064,31,1,0
MATO GROSSO,ESTREITO - MA,2104057,2104057,2008,815.4477593252493,815.4477593252493,29321.52633609524,35.954874331024605,2418.0,798.0,330.0,1500.71,397.52,27.15289256198347,25.958474576271183,29.79830508474576,31.573512396694216,23.033016528925614,2.1419181065416946,242,59.0,4,12,357.5796610169491,104.27068181818186,0.3666352063083083,-74.86090909090905,-0.5955650930066846,0.1413774786818287,0.1564802588187616,0.2922534668721113,0.3989336751435846,0.3002673343605515,0.3265035095986863,472.380909090909,29.49803775038521,0.4871137671097671,37.29650275632798,-1.3416284253033766,3.5822646613745097,31,1,0
MATO GROSSO,ESTREITO - MA,2104057,2104057,2009,383.0133415012534,383.0133415012534,14366.8130293399,37.5013205388106,2522.0,391.0,155.0,1200.58,409.67,27.03541322314049,25.997966101694917,29.909661016949155,31.42388429752066,22.9351652892562,1.5202967179783675,242,59.0,4,17,508.4642372881356,-195.85931818181825,-0.6886779704213472,-62.71090909090901,-0.4989042860794818,0.0238981398388524,0.0264510807671607,0.3317449922958388,0.452840646865525,0.4116232665639465,0.4475892839020082,472.380909090909,29.49803775038521,0.4871137671097671,37.783616523437786,-0.28229598462718286,3.6243761467246367,31,1,0
MATO GROSSO,ESTREITO - MA,2104057,2104057,2010,370.6580724205679,370.6580724205679,13227.756241847475,35.68722017967703,2400.0,360.0,150.0,1656.7,669.77,27.14210743801653,25.114406779661017,28.698983050847456,31.611446280991736,23.068181818181817,2.517468287311838,242,59.0,0,4,114.79593220338982,260.26068181818187,0.91512520210366,197.38909090909092,1.57035298813989,0.1305923547148886,0.1445430039923596,-0.5518143297380576,-0.7532410852653055,-0.7990546995377521,-0.868872947222179,472.380909090909,29.49803775038521,0.4871137671097671,38.270730290547476,-2.5835101108704492,3.574792646535809,31,1,0
MATO GROSSO,ESTREITO - MA,2104057,2104057,2011,476.913386514464,476.913386514464,16608.182836986278,34.824779025334834,2342.0,452.0,193.0,1473.92,560.92,26.29436213991769,24.754,28.297166666666666,30.580493827160492,22.378024691358025,1.6727729442031958,243,60.0,0,7,198.08016666666663,77.48068181818189,0.2724365590401664,88.53909090909093,0.7043835367797259,-0.7171529433839474,-0.7937634709550138,-0.9122211093990736,-1.2452058263362813,-1.2008710837185426,-1.305798462042742,472.380909090909,29.49803775038521,0.4871137671097671,38.75784405765728,-3.933065032322446,3.550329174357435,31,1,0
MATO GROSSO,ESTREITO - MA,2104057,2104057,2012,390.4265029496648,390.4265029496648,16424.464000293952,42.06631078679429,2829.0,447.0,158.0,1405.84,483.39,26.984628099173552,25.787288135593226,29.309830508474576,31.192355371900828,23.03747933884297,1.8266851101986,242,59.0,0,9,263.7884745762712,9.400681818181738,0.0330545543363545,11.009090909090958,0.0875841654985729,-0.0268869841280903,-0.02975921111656,0.1210670261941473,0.1652596775506196,-0.1882072419106322,-0.2046520483041381,472.380909090909,29.49803775038521,0.4871137671097671,39.244957824767084,2.8213529620272055,3.739247201501339,31,1,0
MATO GROSSO,ESTREITO - MA,2104057,2104057,2013,741.3161448411357,741.3161448411357,27778.288107879704,37.47158118866088,2520.0,756.0,300.0,1374.38,438.16,26.85504132231405,25.34440677966101,29.131016949152546,31.21103305785124,22.900289256198345,2.0586520683530614,242,59.0,2,10,291.3101694915254,-22.05931818181807,-0.0775646857926387,-34.22090909090906,-0.2722486161736386,-0.1564737609875912,-0.1731892154675297,-0.3218143297380607,-0.4392850310735698,-0.3670208012326661,-0.3990896310895243,472.380909090909,29.49803775038521,0.4871137671097671,39.732071591876775,-2.260490403215897,3.623582810705241,31,1,0
MATO GROSSO,ESTREITO - MA,2104057,2104057,2014,988.4215264548476,988.4215264548476,36155.86706104977,36.57940068416895,2460.0,984.0,400.0,1080.99,352.27,27.34487603305785,25.73728813559322,29.65,31.821446280991736,23.1749173553719,2.105655934389331,242,59.0,5,14,415.1,-315.44931818181817,-1.1091787627616645,-120.11090909090905,-0.9555569871182824,0.3333609497562086,0.3689725420504648,0.0710670261941466,0.0970083614219795,0.1519622496147903,0.1652401115539364,472.380909090909,29.49803775038521,0.4871137671097671,40.21918535898658,-3.6397846748176264,3.5994852591261806,31,1,0
MATO GROSSO,ESTREITO - MA,2104057,2104057,2015,864.8688356479917,864.8688356479917,24581.58034943323,28.41594906806783,1911.0,669.0,350.0,871.1,444.38,29.40909465020576,26.771666666666665,30.9395,34.266913580246914,24.846090534979425,2.7777209880941207,243,60.0,20,24,742.548,-525.3393181818182,-1.8471912329038933,-28.000909090909037,-0.2227646475244862,2.397579566904117,2.653703225335224,1.10544555726759,1.5089622838413983,1.4414622496147942,1.56741153497608,472.380909090909,29.49803775038521,0.4871137671097671,40.70629912609638,-12.290350058028551,3.346950574440045,31,1,0
MATO GROSSO,ESTREITO - MA,2104057,2104057,2016,444.7896869046815,444.7896869046815,10141.2797854164,22.795211889768694,1533.0,276.0,180.0,1233.56,519.09,27.79136363636364,25.875593220338985,29.701355932203388,32.44066115702479,23.542438016528926,2.347177390238072,242,59.0,5,8,237.6108474576271,-162.87931818181823,-0.572714126192033,46.709090909091,0.371599869803193,0.7798485530619956,0.8631565972201946,0.2093721109399098,0.2857984426456057,0.2033181818181795,0.2210833225340039,472.380909090909,29.49803775038521,0.4871137671097671,41.19341289320607,-18.39820100343738,3.1265505090715857,31,1,0
MATO GROSSO,ESTREITO - MA,2104057,2104057,2017,153.20533660050137,153.20533660050137,6172.952912862156,40.2968194528853,2710.0,168.0,62.0,1205.7,516.7,27.681652892561985,25.946440677966105,29.786101694915256,32.24727272727273,23.54636363636364,2.7767833706134266,242,59.0,6,10,297.86101694915254,-190.7393181818181,-0.6706750934518474,44.31909090909102,0.3525859332965253,0.6701378092603427,0.7417259015722882,0.280219568567027,0.3825070871939805,0.2880639445300481,0.313233835702438,472.380909090909,29.49803775038521,0.4871137671097671,41.68052666031588,-1.3837072074305752,3.6962725440735182,31,1,0
MATO GROSSO,ESTREITO - MA,2104057,2104057,2018,370.6580724205679,370.6580724205679,15211.9196781246,41.04030320662857,2760.0,414.0,150.0,1162.34,332.62,27.6401652892562,26.133050847457625,29.923898305084744,32.019586776859505,23.59,2.460591294005268,242,59.0,5,11,329.1628813559322,-234.09931818181823,-0.8231369577872952,-139.76090909090902,-1.1118849588153628,0.6286502059545569,0.6958063466078815,0.46682973805855,0.6372348806096778,0.4258605546995362,0.4630705701143005,472.380909090909,29.49803775038521,0.4871137671097671,42.16764042742568,-1.1273372207971093,3.7145545889109672,31,1,0
MATO GROSSO,ESTREITO - MA,2104057,2104057,2019,308.8817270171399,308.8817270171399,13778.912751924456,44.60902522459628,3000.0,375.0,125.0,939.08,282.17,28.547530864197533,27.1885,31.5905,33.35962962962963,24.15604938271605,2.370631361416077,243,60.0,26,11,347.49550000000005,-457.3593181818181,-1.6081608468908926,-190.210909090909,-1.5132460871674094,1.536015780895891,1.7001020897056385,1.5222788906009228,2.077950755967153,2.092462249614794,2.275293347033321,472.380909090909,29.49803775038521,0.4871137671097671,42.65475419453537,1.9542710300609087,3.7979361978500186,31,1,0
MATO GROSSO,ESTREITO - MA,2104057,2104057,2020,1729.737671295983,1729.737671295983,88993.40449376275,51.44907575903438,3460.0,2422.0,700.0,675.91,193.39,28.72380165289256,27.52457627118644,32.3735593220339,33.84438016528926,24.07719008264463,2.521524354934609,242,59.0,35,18,582.7240677966101,-720.5293181818182,-2.5335157554969747,-278.990909090909,-2.2195462056033795,1.712286569590919,1.8952031687060693,1.8583551617873653,2.5367037125287557,2.87552157164869,3.126773303760924,472.380909090909,29.49803775038521,0.4871137671097671,43.141867961645175,8.307207797389204,3.940592498251542,31,1,0
MATO GROSSO,ESTREITO - MA,2104057,2104057,2021,4151.37041111036,4151.37041111036,207418.56662563613,49.96210825154783,3360.0,5645.0,1680.0,1707.19,620.29,27.26785123966942,25.482542372881355,29.072542372881355,31.52305785123967,23.405661157024795,2.453759654593097,242,59.0,0,1,29.072542372881355,310.7506818181819,1.0926574790938983,147.9090909090909,1.1767088130980807,0.2563361563677766,0.2837195037500113,-0.1836787365177201,-0.2507263102435986,-0.4254953775038537,-0.4626734851757418,472.380909090909,29.49803775038521,0.4871137671097671,43.62898172875498,6.333126522792853,3.911264883157022,31,1,0
MATO GROSSO,ESTREITO - MA,2104057,2104057,2022,11080.205311558842,11080.205311558842,510738.3660046665,46.09599273208283,3100.0,13900.0,4484.0,1828.82,439.62,27.011528925619835,25.97677966101695,29.79423728813559,31.475206611570247,22.859917355371906,2.16303338400536,242,59.0,3,10,297.94237288135594,432.38068181818176,1.5203312927267505,-32.760909090909024,-0.2606334080984354,1.3842318193013624e-05,1.5321036657961197e-05,0.3105585516178735,0.4239205976584755,0.2961995377503825,0.3220802849666022,472.380909090909,29.49803775038521,0.4871137671097671,44.11609549586467,1.9798972362181573,3.8307260206730094,31,1,0
MATO GROSSO,ESTREITO - MA,2104057,2104057,2023,13096.585225526733,13096.585225526733,677702.0447906525,51.74646926053169,3480.0,18444.0,5300.0,1061.7,399.39,28.596995884773666,27.245166666666663,31.175,33.395267489711934,24.04534979423868,1.877473142500164,243,60.0,24,14,436.45,-334.73931818181813,-1.177006008219016,-72.99090909090904,-0.5806880799240617,1.58548080147202,1.7548512569308343,1.5789455572675912,2.1553022475796126,1.6769622496147925,1.8234885960198268,472.380909090909,29.49803775038521,0.4871137671097671,44.603209262974474,7.143259997557216,3.9463562029682917,31,1,0
MATO GROSSO,FEIRA NOVA DO MARANHÃO - MA,2104073,2104073,2004,74.13161448411357,74.13161448411357,2755.7825503848912,37.17418768716357,2500.0,75.0,30.0,1315.92,378.13,27.15,26.09322033898305,30.42830508474576,32.07719008264463,22.72805785123967,1.9608430315022347,242,59.0,8,23,699.8510169491525,93.1822727272729,0.3395857163605666,-38.67886363636365,-0.2924658517479625,0.5000609944718057,0.5715790199866094,0.8578585002568069,1.1389855797327475,1.007544684129428,1.028489175053263,416.8088636363637,29.42076040061633,0.16898089972556277,37.75712423844897,-0.5829365512853997,3.615614641056064,14,0,0
MATO GROSSO,FEIRA NOVA DO MARANHÃO - MA,2104073,2104073,2005,81.54477593252493,81.54477593252493,3012.988921754148,36.93627288596572,2484.0,82.0,33.0,1572.08,429.15,27.271776859504133,25.533220338983053,29.733050847457623,32.24785123966942,22.779049586776857,2.654765179346485,242,59.0,3,18,535.1949152542372,349.3422727272728,1.273113892449608,12.341136363636338,0.0933161064932461,0.6218378539759364,0.7107722359780688,0.2978585002568081,0.3954691088236208,0.3122904468412919,0.3187822327962934,416.8088636363637,29.42076040061633,0.16898089972556277,37.926105138174535,-0.9898322522088137,3.6091940732531413,14,0,0
MATO GROSSO,FEIRA NOVA DO MARANHÃO - MA,2104073,2104073,2006,123.55269080685596,123.55269080685596,4188.789476585034,33.902859170693176,2280.0,114.0,50.0,1083.72,297.87,26.34247933884297,26.258474576271187,30.793559322033897,31.222851239669424,21.95537190082645,1.1859494023981496,242,59.0,22,11,338.72915254237284,-139.01772727272714,-0.5066246306408215,-118.93886363636364,-0.8993427621446581,-0.3074596666852223,-0.351432119105737,1.0231127375449418,1.358394949931415,1.3727989214175622,1.4013361912804114,416.8088636363637,29.42076040061633,0.16898089972556277,38.0950860379001,-4.1922268672069265,3.5234993521482583,14,0,0
MATO GROSSO,FEIRA NOVA DO MARANHÃO - MA,2104073,2104073,2007,123.55269080685596,123.55269080685596,5144.12742738513,41.6350902096232,2800.0,140.0,50.0,1341.87,433.61,26.96333333333333,25.2055,29.259666666666664,31.8822633744856,22.646378600823045,2.6337648633414354,243,60.0,3,8,234.0773333333333,119.13227272727272,0.4341557357605918,16.801136363636374,0.1270398919451435,0.3133943278051383,0.3582155471762611,-0.0298618387262479,-0.039647801686781,-0.16109373394967,-0.1644424948550099,416.8088636363637,29.42076040061633,0.16898089972556277,38.26406693762567,3.3710232719975295,3.7289433263630674,14,0,0
MATO GROSSO,FEIRA NOVA DO MARANHÃO - MA,2104073,2104073,2008,135.90795988754155,135.90795988754155,5658.540170123643,41.6350902096232,2800.0,154.0,55.0,1411.85,374.72,26.70380165289256,25.404067796610168,29.61084745762712,31.492685950413225,22.46789256198347,2.179306584377462,242,59.0,0,12,355.3301694915254,189.11227272727277,0.6891850212177717,-42.08886363636367,-0.318250180983606,0.0538626473643653,0.0615660080165361,0.1687059578839225,0.2239922471914251,0.190087057010782,0.1940385211026608,416.8088636363637,29.42076040061633,0.16898089972556277,38.43304783735124,3.2020423722719613,3.7289433263630674,14,0,0
MATO GROSSO,FEIRA NOVA DO MARANHÃO - MA,2104073,2104073,2010,227.33695108461492,227.33695108461492,8451.066487847,37.17418768716357,2500.0,230.0,92.0,1568.14,645.9,26.45909090909091,24.55728813559322,28.45152542372881,31.166280991735537,22.32099173553719,2.421214331316888,242,59.0,0,3,85.35457627118645,345.40227272727293,1.2587552844944605,229.09113636363637,1.7322467111342104,-0.1908480964372856,-0.2181429248309108,-0.6780737031330233,-0.9002838692316953,-0.9692349768875204,-0.9893830988480116,416.8088636363637,29.42076040061633,0.16898089972556277,38.771009636802376,-1.5968219496388087,3.615614641056064,14,0,0
MATO GROSSO,FEIRA NOVA DO MARANHÃO - MA,2104073,2104073,2011,242.16327398143767,242.16327398143767,10067.792250739469,41.575611509323736,2796.0,274.0,98.0,1358.91,506.27,25.7641975308642,24.239500000000003,28.09916666666667,30.35621399176955,21.75777777777778,1.669803668518801,243,60.0,0,7,196.6941666666667,136.1722727272729,0.4962548930082396,89.46113636363634,0.6764502621099067,-0.8857414746639982,-1.0124189841775126,-0.995861838726242,-1.3222137140050194,-1.3215937339496655,-1.34906656805987,416.8088636363637,29.42076040061633,0.16898089972556277,38.939990536527944,2.6356209727957918,3.7275137335534727,14,0,0
MATO GROSSO,FEIRA NOVA DO MARANHÃO - MA,2104073,2104073,2017,741.3161448411357,741.3161448411357,28439.67591997208,38.3637616931528,2580.0,774.0,300.0,1115.51,485.73,27.16896694214876,25.545593220338983,29.788813559322037,32.04429752066116,22.89206611570248,2.694357899116079,242,59.0,10,13,387.2545762711864,-107.22772727272718,-0.390771801479865,68.92113636363638,0.5211393757462373,0.5190279366205637,0.593258587730102,0.3102313816127378,0.4118966821820818,0.368053158705699,0.3757041206564943,416.8088636363637,29.42076040061633,0.16898089972556277,39.953875934881296,-1.590114241728493,3.647113308115435,14,0,0
MATO GROSSO,FEIRA NOVA DO MARANHÃO - MA,2104073,2104073,2018,741.3161448411357,741.3161448411357,30313.6080542338,40.89160645587993,2750.0,825.0,300.0,1025.69,300.6,27.23190082644628,25.8335593220339,30.036101694915256,32.01756198347108,22.995082644628106,2.434309163224136,242,59.0,8,16,480.5776271186441,-197.04772727272712,-0.7181043310563706,-116.20886363636362,-0.8787001759823981,0.5819618209180852,0.6651931883256224,0.5981974833076542,0.7942315744564807,0.615341294298922,0.6281327966079642,416.8088636363637,29.42076040061633,0.16898089972556277,40.122856834606864,0.7687496212730665,3.710924820860389,14,0,0
MATO GROSSO,FEIRA NOVA DO MARANHÃO - MA,2104073,2104073,2019,2508.119623379176,2508.119623379176,93806.83801510168,37.39723281328655,2515.0,2553.0,1015.0,813.13,261.81,28.10053497942387,26.671333333333333,31.413166666666665,33.215144032921806,23.634074074074075,2.357283622360859,243,60.0,20,13,408.3711666666666,-409.6077272727272,-1.4927402972864097,-154.99886363636364,-1.1720063727714316,1.4505959738956733,1.6580581855451195,1.435971494607088,1.906550817850658,1.992406266050331,2.0338237194032214,416.8088636363637,29.42076040061633,0.16898089972556277,40.29183773433243,-2.8946049210458824,3.6215967127336115,14,0,0
MATO GROSSO,FEIRA NOVA DO MARANHÃO - MA,2104073,2104073,2020,1235.5269080685596,1235.5269080685596,51441.2742738513,41.6350902096232,2800.0,1400.0,500.0,571.37,143.76,28.402685950413225,27.32,32.48033898305085,33.879008264462804,23.57586776859504,2.406139065779072,242,59.0,38,21,682.0871186440678,-651.3677272727272,-2.373790312321102,-273.04886363636365,-2.064628093084538,1.7527469448850257,2.003422366705691,2.0846381612737552,2.7677907299870657,3.059578582434515,3.123180045337304,416.8088636363637,29.42076040061633,0.16898089972556277,40.460818634058,1.1742715755652,3.7289433263630674,14,0,0
MATO GROSSO,FEIRA NOVA DO MARANHÃO - MA,2104073,2104073,2021,4200.791487433103,4200.791487433103,172695.7064907865,41.1146515820029,2765.0,4700.0,1700.0,1709.49,626.12,26.730619834710744,24.98237288135593,28.87593220338983,31.28677685950413,22.75227272727273,2.452176277080997,242,59.0,0,2,57.75186440677966,486.7522727272728,1.77387945567726,209.3111363636364,1.582682478793734,0.0806808291825476,0.092219688769322,-0.252988957370313,-0.3358954585052768,-0.5448281972265043,-0.5561538976263033,416.8088636363637,29.42076040061633,0.16898089972556277,40.62979953378357,0.4848520482193308,3.7163645441562068,14,0,0
MATO GROSSO,FEIRA NOVA DO MARANHÃO - MA,2104073,2104073,2022,4571.449559853671,4571.449559853671,186989.0319854495,40.90647613095479,2751.0,5089.0,1850.0,1853.07,413.83,26.39392561983471,25.366610169491523,29.579830508474576,31.123512396694217,22.15772727272727,2.0649708091344565,242,59.0,2,14,414.11762711864407,630.3322727272728,2.2971304531900043,-2.978863636363656,-0.0225243403953331,-0.2560133856934854,-0.2926280628080195,0.1312483307652776,0.1742594566130592,0.1590701078582412,0.1623768023232804,416.8088636363637,29.42076040061633,0.16898089972556277,40.79878043350908,0.10769569744571328,3.7112883911243464,14,0,0
MATO GROSSO,FEIRA NOVA DO MARANHÃO - MA,2104073,2104073,2023,4571.449559853671,4571.449559853671,187760.6510995573,41.070042556778304,2762.0,5110.0,1850.0,1035.7,400.97,28.143539094650205,26.7415,30.992166666666662,33.23773662551441,23.45641975308642,1.9204320669782904,243,60.0,22,18,557.859,-187.03772727272712,-0.6816247204901179,-15.83886363636367,-0.1197637755772608,1.4936000891220085,1.7072126893120507,1.5061381612737534,1.9997116613782584,1.5714062660503316,1.6040721168015435,416.8088636363637,29.42076040061633,0.16898089972556277,40.96776133323465,0.1022812235436561,3.715278964169009,14,0,0
MATO GROSSO,FERNANDO FALCÃO - MA,2104081,2104081,2005,61.776345403427975,61.776345403427975,2388.3448770002387,38.66115519465011,2600.0,65.0,25.0,1180.4,298.44,27.60057851239669,25.85186440677966,30.286949152542373,32.68644628099174,23.30698347107438,2.898286601442424,242,59.0,7,19,575.4520338983051,214.16909090909087,0.8866733824340841,-42.98454545454547,-0.3641957038732372,0.6255588033302111,0.6693025214769434,0.4291110041088863,0.5264434217080151,0.6519738058551603,0.5688835699689271,341.42454545454547,29.634975346687213,0.5206558352902805,40.223294656593,-1.5621394619428912,3.6548353542093452,10,0,0
MATO GROSSO,FERNANDO FALCÃO - MA,2104081,2104081,2006,4942.107632274238,4942.107632274238,205765.0970954052,41.6350902096232,2800.0,5600.0,2000.0,1103.22,415.14,26.4848347107438,26.424406779661016,31.073898305084743,31.529338842975207,22.306900826446284,1.480417743259584,242,59.0,24,19,590.4040677966101,136.9890909090908,0.567143372917861,73.71545454545452,0.6245698673935487,-0.4901849983226825,-0.5244623744737861,1.001653376990241,1.2288518031439846,1.43892295839753,1.255540670701867,341.42454545454547,29.634975346687213,0.5206558352902805,40.7439504918832,0.8911397177400033,3.7289433263630674,10,0,0
MATO GROSSO,FERNANDO FALCÃO - MA,2104081,2104081,2007,4979.173439516295,4979.173439516295,207308.33532362076,41.6350902096232,2800.0,5642.0,2015.0,1044.68,381.89,26.908106995884776,25.0435,28.8725,31.808312757201648,22.769382716049385,2.59086884276403,243,60.0,1,19,548.5775,78.44909090909084,0.3247841249639911,40.46545454545452,0.3428521703530977,-0.0669127131817077,-0.0715917471114863,-0.379253402670777,-0.4652769495180533,-0.7624753466872143,-0.6653023378259463,341.42454545454547,29.634975346687213,0.5206558352902805,41.2646063271734,0.370483882449804,3.7289433263630674,10,0,0
MATO GROSSO,FERNANDO FALCÃO - MA,2104081,2104081,2008,4979.173439516295,4979.173439516295,207308.33532362076,41.6350902096232,2800.0,5642.0,2015.0,1198.7,417.8,27.19814049586777,25.299830508474574,29.3364406779661,32.17409090909091,23.03739669421488,2.628755336501124,242,59.0,2,15,440.0466101694915,232.4690909090908,0.9624365228091408,76.37545454545455,0.647107283156785,0.2231207868012852,0.2387230495438982,-0.122922894196197,-0.1508046831874712,-0.2985346687211141,-0.2604881769426292,341.42454545454547,29.634975346687213,0.5206558352902805,41.78526216246382,-0.15017195284062268,3.7289433263630674,10,0,0
MATO GROSSO,FERNANDO FALCÃO - MA,2104081,2104081,2018,13155.89051711402,13155.89051711402,648086.5683158494,49.263233523029164,3313.0,17638.0,5324.0,784.4,200.93,27.707851239669424,26.22627118644068,30.705932203389832,32.56793388429752,23.70797520661157,2.749435311804066,242,59.0,13,22,675.5305084745763,-181.83090909090924,-0.7527912945343572,-140.49454545454546,-1.1903699185623913,0.7328315306029403,0.784076554656757,0.8035177837699017,0.98577442069915,1.0709568567026189,0.9344696895062604,341.42454545454547,29.634975346687213,0.5206558352902805,46.9918205153665,2.271413007662666,3.8971780324996677,10,0,0
MATO GROSSO,FERNANDO FALCÃO - MA,2104081,2104081,2019,14579.217515209002,14579.217515209002,737079.9728096122,50.55689525454245,3400.0,20060.0,5900.0,749.08,299.57,28.26135802469136,26.2525,30.65383333333333,33.29271604938272,24.040123456790123,2.6698045644973583,243,60.0,15,12,367.846,-217.1509090909092,-0.899018295520532,-41.85454545454547,-0.3546215385302083,1.2863383156248744,1.376288645506707,0.8297465973292262,1.0179525429689031,1.0188579866461218,0.889010514731267,341.42454545454547,29.634975346687213,0.5206558352902805,47.512476350656925,3.0444189038855214,3.9230993408040247,10,0,0
MATO GROSSO,FERNANDO FALCÃO - MA,2104081,2104081,2020,16061.849804891272,16061.849804891272,738549.7235031509,45.977035331483904,3092.0,20100.0,6500.0,627.08,231.07,28.284628099173556,26.91593220338983,31.8335593220339,33.653760330578514,23.77929752066116,2.548592335027616,242,59.0,21,25,795.8389830508474,-339.1509090909092,-1.4041058980209102,-110.35454545454547,-0.9350023579970022,1.3096083901070692,1.401185936445586,1.493178800719054,1.8318666954365583,2.1985839753466863,1.918387348600869,341.42454545454547,29.634975346687213,0.5206558352902805,48.033132185947125,-2.0560968544632203,3.8281420399070845,10,0,0
MATO GROSSO,FERNANDO FALCÃO - MA,2104081,2104081,2021,16111.270881214015,16111.270881214015,742224.1002369974,46.066253381933095,3098.0,20200.0,6520.0,1335.15,333.32,26.61809917355372,24.904745762711865,28.721525423728814,31.164834710743804,22.869669421487604,2.32932052994058,242,59.0,0,15,430.8228813559322,368.91909090909087,1.527348025769605,-8.104545454545473,-0.0686674851432843,-0.3569205355127636,-0.3818790705427782,-0.5180076399589097,-0.6355038948888485,-0.9134499229583994,-0.797036090244181,341.42454545454547,29.634975346687213,0.5206558352902805,48.553788021237324,-2.4875346393042292,3.8300806511765857,10,0,0
MATO GROSSO,FERNANDO FALCÃO - MA,2104081,2104081,2022,20682.72044106769,20682.72044106769,950928.6987194796,45.977035331483904,3092.0,25880.0,8370.0,982.03,282.24,26.98909090909091,25.447627118644068,29.731186440677966,31.98913223140496,22.730537190082643,2.3566133658316963,242,59.0,2,14,416.23661016949154,15.79909090909075,0.0654092208930997,-59.18454545454546,-0.5014536494989605,0.0140712000244249,0.0150551628502663,0.0248737159732925,0.0305156568398108,0.0962110939907532,0.0839495546117613,341.42454545454547,29.634975346687213,0.5206558352902805,49.07444385652775,-3.0974085250438463,3.8281420399070845,10,0,0
MATO GROSSO,FERNANDO FALCÃO - MA,2104081,2104081,2023,22733.695108461496,22733.695108461496,1190571.5493009498,52.37099561367604,3522.0,32402.0,9200.0,1066.65,396.54,29.02300411522634,27.306,31.99116666666667,34.32621399176955,24.51353909465021,2.7565855833794504,243,60.0,30,17,543.8498333333333,100.41909090909088,0.415741294037215,55.11545454545456,0.4669774113047553,2.047984406159856,2.1911946881589883,1.8832465973292225,2.310410996513154,2.3561913199794557,2.0559085619729456,341.42454545454547,29.634975346687213,0.5206558352902805,49.59509969181795,2.775895921858087,3.9583529192559235,10,0,0
MATO GROSSO,FORMOSA DA SERRA NEGRA - MA,2104099,2104099,2003,2100.395743716552,2100.395743716552,56217.964027851776,26.76541513475777,1800.0,1530.0,850.0,1139.87,618.47,27.166378600823048,25.08483333333333,29.20883333333333,32.3640329218107,22.75271604938272,2.412488524503796,243,60.0,1,5,146.04416666666668,125.94522727272717,0.5110929665765046,266.4659090909091,2.158313470637668,0.5313861302031704,0.5843244704077889,-0.10665023112481,-0.1349019619442736,-0.3630069979455577,-0.3356467522467689,352.0040909090909,29.57184033127889,0.9666640587305334,33.5453110745741,-6.779895939816331,3.287110574084028,11,0,0
MATO GROSSO,FORMOSA DA SERRA NEGRA - MA,2104099,2104099,2004,2562.4828073341923,2562.4828073341923,95239.84494130184,37.159318012088704,2499.0,2592.0,1037.0,841.94,214.44,27.416818181818183,26.48440677966101,31.367966101694915,32.78566115702479,22.842644628099173,1.8581725395457735,242,59.0,20,24,752.8311864406779,-171.98477272727268,-0.6979240865461688,-137.5640909090909,-1.1142379582366058,0.7818257111983051,0.8597136219428125,1.2929232152028725,1.6354196004512074,1.7961257704160225,1.6607497510482667,352.0040909090909,29.57184033127889,0.9666640587305334,34.51197513330453,2.6473428787841726,3.6152145610347244,11,0,0
MATO GROSSO,FORMOSA DA SERRA NEGRA - MA,2104099,2104099,2005,2819.4724042124526,2819.4724042124526,104793.2244493028,37.159318012088704,2499.0,2852.0,1141.0,1378.36,365.79,27.22090909090909,25.47203389830508,29.949322033898305,32.41326446280992,22.767520661157025,2.826395443549876,242,59.0,6,18,539.0877966101694,364.4352272727272,1.4788990854608954,13.785909090909117,0.1116627391376518,0.5859166202892148,0.6442874576397333,0.2805503338469393,0.3548683398143031,0.3774817026194128,0.3490304821500675,352.0040909090909,29.57184033127889,0.9666640587305334,35.47863919203496,1.6806788200537426,3.6152145610347244,11,0,0
MATO GROSSO,FORMOSA DA SERRA NEGRA - MA,2104099,2104099,2006,2471.053816137119,2471.053816137119,83775.78953170069,33.902859170693176,2280.0,2280.0,1000.0,1123.65,323.1,26.09739669421488,26.14,30.78677966101695,31.108305785123967,21.78396694214876,1.2646309876508572,242,59.0,23,13,400.2281355932204,109.72522727272737,0.4452712748984274,-28.904090909090883,-0.2341165854140961,-0.5375957764050021,-0.5911527408914723,0.9485164355418584,1.1997791916760248,1.2149393297380584,1.1233679860480383,352.0040909090909,29.57184033127889,0.9666640587305334,36.44530325076562,-2.5424440800724426,3.5234993521482583,11,0,0
MATO GROSSO,FORMOSA DA SERRA NEGRA - MA,2104099,2104099,2007,2471.053816137119,2471.053816137119,102882.5485477026,41.6350902096232,2800.0,2800.0,1000.0,1200.77,401.32,26.627119341563787,24.921666666666667,29.065166666666663,31.67185185185185,22.368477366255146,2.5069569182239584,243,60.0,0,12,348.782,186.84522727272724,0.7582286646773033,49.31590909090909,0.3994476864631049,-0.0078731290560902,-0.0086574746773936,-0.2698168977914754,-0.3412916080340319,-0.5066736646122258,-0.4684851006689619,352.0040909090909,29.57184033127889,0.9666640587305334,37.41196730949605,4.2231229001271515,3.7289433263630674,11,0,0
MATO GROSSO,FORMOSA DA SERRA NEGRA - MA,2104099,2104099,2008,2594.606506943975,2594.606506943975,108026.67597508772,41.6350902096232,2800.0,2940.0,1050.0,1308.04,405.16,26.634338842975207,25.062881355932205,29.295084745762715,31.633595041322312,22.35995867768595,2.284678122925184,242,59.0,2,13,380.83610169491527,294.1152272727272,1.1935364862745552,53.15590909090912,0.4305508161487157,-0.0006536276446702,-0.0007187440650169,-0.1286022085259368,-0.1626690355711722,-0.2767555855161774,-0.2558962057766981,352.0040909090909,29.57184033127889,0.9666640587305334,38.378631368226706,3.256458841396494,3.7289433263630674,11,0,0
MATO GROSSO,FORMOSA DA SERRA NEGRA - MA,2104099,2104099,2009,2498.2354081146277,2498.2354081146277,107732.72583638,43.12205771710974,2900.0,2932.0,1011.0,982.32,338.82,26.364545454545457,25.347627118644063,29.602372881355933,31.36438016528926,22.161487603305783,1.496026826484126,242,59.0,1,13,384.8308474576271,-31.604772727272803,-0.1282539831079086,-13.184090909090912,-0.1067881482636284,-0.2704470160744208,-0.2973897895690877,0.1561435541859239,0.197506105542166,0.0305325500770408,0.0282312774386447,352.0040909090909,29.57184033127889,0.9666640587305334,39.345295426957136,3.776762290152604,3.7640346461743373,11,0,0
MATO GROSSO,FORMOSA DA SERRA NEGRA - MA,2104099,2104099,2010,3123.4120235973182,3123.4120235973182,117028.8989730117,37.45671151358601,2519.0,3185.0,1264.0,1265.62,522.67,26.41433884297521,24.55457627118644,28.529322033898307,31.31409090909091,22.297520661157023,2.420745182254039,242,59.0,0,6,171.17593220338983,251.69522727272715,1.0213936896664126,170.66590909090905,1.38235518316853,-0.2206536276446691,-0.242635828804437,-0.636907293271701,-0.8056245404514809,-1.042518297380585,-0.9639425208163728,352.0040909090909,29.57184033127889,0.9666640587305334,40.311959485687794,-2.855247972101786,3.623185906552382,11,0,0
MATO GROSSO,FORMOSA DA SERRA NEGRA - MA,2104099,2104099,2011,3264.2620911171343,3264.2620911171343,138340.28402932154,42.37857396336647,2850.0,3765.0,1321.0,1015.72,367.81,25.75008230452675,24.2965,28.357166666666668,30.59,21.669218106995885,1.6406260122911152,243,60.0,1,14,397.0003333333333,1.7952272727272884,0.0072851353907233,15.805909090909095,0.1280242813160196,-0.8849101660931282,-0.973067671079667,-0.8949835644581441,-1.1320654205801932,-1.2146736646122245,-1.1231223444015244,352.0040909090909,29.57184033127889,0.9666640587305334,41.278623544418224,1.0999504189482465,3.746642903462468,11,0,0
MATO GROSSO,FORMOSA DA SERRA NEGRA - MA,2104099,2104099,2012,3363.104243762619,3363.104243762619,135217.063805552,40.20760140243611,2704.0,3680.0,1361.0,876.48,283.86,26.934214876033057,25.544406779661013,29.715254237288136,31.93801652892562,22.676528925619834,2.0655568013721552,242,59.0,3,11,326.8677966101695,-137.44477272727272,-0.5577587825658475,-68.14409090909089,-0.5519516918889285,0.2992224054131789,0.3290318727557886,0.3529232152028712,0.4464128548472774,0.1434139060092434,0.1326046386197911,352.0040909090909,29.57184033127889,0.9666640587305334,42.24528760314888,-2.03768620071277,3.6940560673626264,11,0,0
MATO GROSSO,FORMOSA DA SERRA NEGRA - MA,2104099,2104099,2013,3027.040924767971,3027.040924767971,123348.82695522772,40.74290970513128,2740.0,3357.0,1225.0,1000.57,321.76,26.388719008264463,24.874915254237287,29.273728813559323,31.343719008264465,22.27842975206612,2.235638075665048,242,59.0,2,16,468.3796610169492,-13.354772727272689,-0.0541944348264702,-30.244090909090914,-0.2449702817106375,-0.2462734623554148,-0.2708079911895708,-0.3165683102208554,-0.4004275066989725,-0.298111517719569,-0.2756425173515113,352.0040909090909,29.57184033127889,0.9666640587305334,43.21195166187931,-2.469041956748029,3.707281829581888,11,0,0
MATO GROSSO,FORTALEZA DOS NOGUEIRAS - MA,2104107,2104107,1985,,284.17118885576866,7605.9598390623,26.76541513475777,1800.0,207.0,115.0,1306.25,348.97,24.24723140495868,23.64237288135593,27.803898305084747,28.94619834710744,20.42834710743801,1.0460830815233837,242,59.0,0,5,139.01949152542377,220.30886363636364,0.901865923932071,-22.354545454545416,-0.1776665645298547,-1.9768311744627205,-2.2996780616462464,-1.2249967899332326,-1.721877682720928,-1.4650446841294311,-1.5648728582174456,371.32454545454544,29.268942989214175,0.7173243155923594,21.731360062204658,5.034055072553112,3.287110574084028,38,1,0
MATO GROSSO,FORTALEZA DOS NOGUEIRAS - MA,2104107,2104107,1986,,518.921301388795,11574.286711616543,22.30451261229814,1500.0,315.0,210.0,798.3,153.57,25.22690082644628,25.28271186440678,30.34610169491525,30.31413223140496,21.12297520661157,1.3326826525337736,242,59.0,15,20,606.9220338983051,-287.6411363636364,-1.1775002372834331,-217.75454545454545,-1.730641407150719,-0.9971617529751172,-1.1600135797397275,0.4153421931176169,0.5838125119173333,1.077158705701077,1.1505563214584729,371.32454545454544,29.268942989214175,0.7173243155923594,22.448684377797008,-0.1441717654988679,3.104789017290073,38,1,0
MATO GROSSO,FORTALEZA DOS NOGUEIRAS - MA,2104107,2104107,1987,,321.23699609782545,4997.15235803127,15.553680128309235,1046.0,136.0,130.0,1210.62,352.52,26.56670781893004,24.89133333333333,29.08716666666667,31.539753086419758,22.40465020576132,2.392048610453672,243,60.0,0,3,87.26150000000001,124.67886363636376,0.5103908063082134,-18.804545454545465,-0.1494523337657606,0.342645239508645,0.3986044688109072,0.0239636620441672,0.0336837575487582,-0.1817763225475097,-0.1941625648027314,371.32454545454544,29.268942989214175,0.7173243155923594,23.166008693389358,-7.612328565080123,2.74429727482464,38,1,0
MATO GROSSO,FORTALEZA DOS NOGUEIRAS - MA,2104107,2104107,1988,1853.2903621028397,1853.2903621028397,49604.08590692804,26.76541513475777,1800.0,1350.0,750.0,1095.38,282.26,25.457272727272727,24.209661016949152,28.38084745762712,30.24884297520661,21.50793388429752,2.0181639903923023,242,59.0,0,8,227.04677966101696,9.438863636363749,0.0386393417576184,-89.06454545454545,-0.7078556727756986,-0.7667898521486691,-0.8920184098971053,-0.6577086543400128,-0.9244872010662222,-0.8880955315870587,-0.9486103788777016,371.32454545454544,29.268942989214175,0.7173243155923594,23.883333008981936,2.8820821257758347,3.287110574084028,38,1,0
MATO GROSSO,FORTALEZA DOS NOGUEIRAS - MA,2104107,2104107,1989,2441.401170343473,2441.401170343473,65330.41832779115,26.76541513475777,1800.0,1778.0,988.0,1137.83,274.81,25.560413223140497,24.44152542372881,28.92372881355932,30.531487603305784,21.46793388429752,1.814038111058353,242,59.0,3,23,665.2457627118644,51.88886363636357,0.2124145037688356,-96.51454545454544,-0.7670658190271081,-0.6636493562808994,-0.772033487219583,-0.4258442475603523,-0.5985743899208275,-0.3452141756548563,-0.3687370764907456,371.32454545454544,29.268942989214175,0.7173243155923594,24.600657324574286,2.1647578101834846,3.287110574084028,38,1,0
MATO GROSSO,FORTALEZA DOS NOGUEIRAS - MA,2104107,2104107,1990,1729.737671295983,1729.737671295983,6944.572026969926,4.014812270213666,270.0,189.0,700.0,1047.45,375.35,25.90557851239669,24.575762711864407,28.75322033898305,30.77227272727273,21.921652892561983,1.9788533175342824,242,59.0,2,7,201.27254237288136,-38.49113636363632,-0.1575689860444472,4.025454545454522,0.0319929868945991,-0.318484067024702,-0.3704974058392419,-0.2916069594247581,-0.4098880255734918,-0.5157226502311261,-0.5508640019360388,371.32454545454544,29.268942989214175,0.7173243155923594,25.317981640166636,-21.30316936995297,1.3899905891981468,38,1,0
MATO GROSSO,FORTALEZA DOS NOGUEIRAS - MA,2104107,2104107,1991,123.55269080685596,123.55269080685596,3306.9390604618693,26.76541513475777,1800.0,90.0,50.0,906.63,456.0,26.37135802469136,24.585833333333333,28.85216666666667,31.546666666666667,22.17082304526749,2.2491661006133183,243,60.0,6,13,375.0781666666667,-179.31113636363636,-0.7340358485749471,84.67545454545456,0.6729726238310001,0.147295445269961,0.1713510533643867,-0.2815363379558313,-0.3957325775747909,-0.4167763225475092,-0.4451754695044217,371.32454545454544,29.268942989214175,0.7173243155923594,26.035305955758986,0.7301091789987844,3.287110574084028,38,1,0
MATO GROSSO,FORTALEZA DOS NOGUEIRAS - MA,2104107,2104107,1993,1507.342827843643,1507.342827843643,41189.76318641951,27.31559311252779,1837.0,1121.0,610.0,1137.74,363.25,25.891239669421488,24.33084745762712,28.45864406779661,30.87297520661157,21.826280991735537,2.080913289061824,242,59.0,0,1,28.45864406779661,51.79886363636365,0.2120460758635118,-8.074545454545444,-0.064173827822455,-0.3328229099999085,-0.3871780020608363,-0.536522213662046,-0.7541453443637667,-0.8102989214175693,-0.8655127061347713,371.32454545454544,29.268942989214175,0.7173243155923594,27.469954586943686,-0.15436147441589654,3.3074577154148974,38,1,0
MATO GROSSO,FORTALEZA DOS NOGUEIRAS - MA,2104107,2104107,1994,9315.872886836938,9315.872886836938,275394.5362017968,29.56091404883247,1988.0,7495.0,3770.0,1051.81,386.88,26.09677685950413,24.205932203389832,28.367457627118647,31.065619834710745,22.051487603305784,2.238257218772592,242,59.0,0,9,255.30711864406783,-34.131136363636415,-0.1397207008531893,15.555454545454552,0.1236296293481232,-0.1272857199172641,-0.148073432590488,-0.6614374678993329,-0.9297284889647563,-0.9014853620955314,-0.9629125927049146,371.32454545454544,29.268942989214175,0.7173243155923594,28.187278902536036,1.373635146296433,3.386453017416291,38,1,0
MATO GROSSO,FORTALEZA DOS NOGUEIRAS - MA,2104107,2104107,1995,13961.454061174722,13961.454061174722,384045.8562216385,27.49402921342617,1849.0,10452.0,5650.0,1174.79,338.0,25.814732510288067,24.5285,28.70383333333333,30.763127572016455,21.76201646090535,2.128864844776946,243,60.0,0,6,172.22299999999998,88.8488636363636,0.3637155635552814,-33.324545454545444,-0.2648525114262259,-0.409330069133329,-0.4761799551314238,-0.3388696712891637,-0.4763213496874473,-0.5651096558808462,-0.6036162391388262,371.32454545454544,29.268942989214175,0.7173243155923594,28.904603218128386,-1.410574004702216,3.3139688615868965,38,1,0
MATO GROSSO,FORTALEZA DOS NOGUEIRAS - MA,2104107,2104107,1996,11742.447734283587,11742.447734283587,321691.68304826296,27.38994148790212,1842.0,8755.0,4752.0,1253.87,377.61,25.46797520661157,24.14220338983051,28.422372881355933,30.35198347107438,21.5299173553719,1.913898617062878,242,59.0,0,7,198.95661016949157,167.92886363636353,0.6874408830334228,6.28545454545457,0.0499547225359667,-0.7560873728098265,-0.8795680513340137,-0.7251662814586552,-1.0193068639579357,-0.8465701078582448,-0.9042554119451992,371.32454545454544,29.268942989214175,0.7173243155923594,29.621927533720736,-2.2319860458186156,3.310175847015024,38,1,0
MATO GROSSO,FORTALEZA DOS NOGUEIRAS - MA,2104107,2104107,1997,11762.216164812686,11762.216164812686,332310.6318090794,28.25238264224431,1900.0,9044.0,4760.0,672.37,244.21,27.62690082644628,26.036101694915256,30.703898305084746,33.24909090909091,22.87665289256198,2.0030410237488616,242,59.0,19,12,368.4467796610169,-413.5711363636364,-1.693012749699751,-127.11454545454544,-1.0102645405429649,1.402838247024885,1.631943274871824,1.1687320236260916,1.6427909077808445,1.4349553158705677,1.532733199803419,371.32454545454544,29.268942989214175,0.7173243155923594,30.339251849313086,-2.0868692070687764,3.3411777953543034,38,1,0
MATO GROSSO,FORTALEZA DOS NOGUEIRAS - MA,2104107,2104107,1998,8161.890754700904,8161.890754700904,238834.4877000239,29.248650872260296,1967.0,6500.0,3303.0,1030.03,302.79,26.38376033057851,24.85779661016949,29.308474576271188,31.47677685950413,22.1351652892562,2.3911702009418128,242,59.0,3,6,175.85084745762714,-55.91113636363639,-0.2288802539416304,-68.53454545454542,-0.5446899945822167,0.1596977511571147,0.1857788462538149,-0.0095730611196742,-0.0134560681568716,0.0395315870570094,0.0422252701899902,371.32454545454544,29.268942989214175,0.7173243155923594,31.056576164905437,-1.807925292645141,3.375833448588831,38,1,0
MATO GROSSO,FORTALEZA DOS NOGUEIRAS - MA,2104107,2104107,1999,15421.84686651176,15421.84686651176,563649.3909720564,36.53479165894436,2457.0,15340.0,6241.0,1478.55,459.66,25.566831275720165,24.377,28.564,30.39148148148148,21.47304526748971,2.243904194344743,243,60.0,0,1,28.564,392.6088636363636,1.6072006804581684,88.33545454545458,0.7020610983652498,-0.6572313037012307,-0.7645672680974732,-0.4903696712891623,-0.689272494601416,-0.7049429892141781,-0.7529778186031642,371.32454545454544,29.268942989214175,0.7173243155923594,31.773900480497787,4.76089117844657,3.598265002720951,38,1,0
MATO GROSSO,FORTALEZA DOS NOGUEIRAS - MA,2104107,2104107,2000,16091.50245068492,16091.50245068492,605831.2358766145,37.6351476144844,2531.0,16488.0,6512.0,965.49,250.92,25.900454545454544,24.78,29.49728813559322,31.128512396694216,21.529256198347102,1.7813525212543653,242,59.0,5,18,530.9511864406779,-120.45113636363637,-0.4930839984929614,-120.40454545454544,-0.9569356705635074,-0.3236080339668525,-0.3764581952671337,-0.0873696712891636,-0.1228083929490736,0.2283451463790413,0.2439045892218551,371.32454545454544,29.268942989214175,0.7173243155923594,32.49122479609014,5.143922818394266,3.627938390744896,38,1,0
MATO GROSSO,FORTALEZA DOS NOGUEIRAS - MA,2104107,2104107,2001,18891.20642436828,18891.20642436828,675681.1375870368,35.76156855505135,2405.0,18389.0,7645.0,1152.75,552.59,26.361570247933884,24.611016949152543,29.014067796610167,31.57454545454545,21.92280991735537,2.243548244948141,242,59.0,3,11,319.15474576271185,66.80886363636364,0.2734916631847929,181.2654545454546,1.440638130733504,0.1375076685124874,0.1599647823604549,-0.2563527221366222,-0.3603340308964136,-0.2548751926040111,-0.2722423933273862,371.32454545454544,29.268942989214175,0.7173243155923594,33.20854911168249,2.5530194433688607,3.5768738127396333,38,1,0
MATO GROSSO,FORTALEZA DOS NOGUEIRAS - MA,2104107,2104107,2002,20620.944095664257,20620.944095664257,729767.9631092576,35.374957003104846,2379.0,19861.0,8345.0,1012.62,349.42,26.673181818181817,25.166610169491523,29.60779661016949,31.916942148760327,22.267438016528928,2.122851806540235,242,59.0,4,12,355.2935593220339,-73.32113636363636,-0.3001505854048883,-21.904545454545428,-0.1740901127428569,0.4491192387604208,0.5224673071646158,0.2992404982023586,0.4206178659856054,0.3388536209553123,0.3619431134667178,371.32454545454544,29.268942989214175,0.7173243155923594,33.92587342727484,1.4490835758300094,3.5660041405027294,38,1,0
MATO GROSSO,FORTALEZA DOS NOGUEIRAS - MA,2104107,2104107,2003,36398.62271169976,36398.62271169976,1288126.251584575,35.374957003104846,2379.0,35057.0,14730.0,1278.68,714.96,26.753086419753085,24.772,29.014833333333332,31.98765432098765,22.314732510288064,2.329387520309468,243,60.0,1,4,116.05933333333334,192.7388636363637,0.7890041756011106,343.6354545454546,2.7311014121887225,0.5290238403316891,0.6154215571945771,-0.0953696712891662,-0.1340533378950296,-0.2541096558808426,-0.2714246929165848,371.32454545454544,29.268942989214175,0.7173243155923594,34.64319774286719,0.7317592602376592,3.5660041405027294,38,1,0
MATO GROSSO,FORTALEZA DOS NOGUEIRAS - MA,2104107,2104107,2004,43740.12359944314,43740.12359944314,1756094.872407268,40.148122702136654,2700.0,47793.0,17701.0,1093.68,310.87,26.77574380165289,25.79135593220339,30.433898305084742,31.984297520661155,22.30012396694215,1.840961002104191,242,59.0,9,21,639.1118644067795,7.738863636363703,0.0316801479903845,-60.45454545454544,-0.4804728158290101,0.551681222231494,0.6417792374873736,0.9239862609142264,1.2987718293495925,1.1649553158705643,1.244335394401473,371.32454545454544,29.268942989214175,0.7173243155923594,35.36052205845954,4.787600643677116,3.6925756821921922,38,1,0
MATO GROSSO,FORTALEZA DOS NOGUEIRAS - MA,2104107,2104107,2005,48113.88885400585,48113.88885400585,1931693.3365177931,40.148122702136654,2700.0,52572.0,19471.0,1446.05,395.89,26.8299173553719,25.26372881355932,29.795084745762715,32.061404958677684,22.31095041322314,2.6111017359151663,242,59.0,5,21,625.696779661017,360.1088636363636,1.47415727020223,24.565454545454543,0.1952381417944588,0.6058547759505046,0.7048001644225649,0.3963591422701569,0.5571295917065958,0.5261417565485367,0.5619930663663748,371.32454545454544,29.268942989214175,0.7173243155923594,36.07784637405189,4.070276328084766,3.6925756821921922,38,1,0
MATO GROSSO,FORTALEZA DOS NOGUEIRAS - MA,2104107,2104107,2006,45689.78506037533,45689.78506037533,1712075.8391357868,37.47158118866088,2520.0,46595.0,18490.0,1045.1,230.41,25.927851239669423,26.06271186440678,30.89,31.0497520661157,21.53388429752066,1.234032089410784,242,59.0,22,19,586.91,-40.84113636363645,-0.1671890480168002,-140.91454545454545,-1.1199423953442338,-0.2962113397519736,-0.3445872001809139,1.1953421931176145,1.6801946441476734,1.6210570107858224,1.7315158679335725,371.32454545454544,29.268942989214175,0.7173243155923594,36.79517068964424,0.6764104990166402,3.623582810705241,38,1,0
MATO GROSSO,FORTALEZA DOS NOGUEIRAS - MA,2104107,2104107,2007,45689.78506037533,45689.78506037533,2038176.7742646656,44.60902522459628,3000.0,55470.0,18490.0,1292.57,454.75,26.355761316872428,24.729,29.035,31.460329218106995,22.04954732510288,2.479815487467936,243,60.0,1,9,261.315,206.6288636363636,0.8458648823228019,83.42545454545456,0.6630380355337837,0.1316987374510319,0.1532071636542063,-0.1383696712891655,-0.1944949169795219,-0.233942989214178,-0.2498838691797751,371.32454545454544,29.268942989214175,0.7173243155923594,37.51249500523659,7.096530219359693,3.7979361978500186,38,1,0
MATO GROSSO,FORTALEZA DOS NOGUEIRAS - MA,2104107,2104107,2008,47975.50984030217,47975.50984030217,2140140.7286289064,44.60902522459628,3000.0,58245.0,19415.0,1314.61,363.47,26.288760330578512,24.97694915254237,29.415593220338984,31.38979338842975,21.984214876033057,2.0585117575601024,242,59.0,0,13,382.4027118644068,228.66886363636357,0.9360887826932904,-7.854545454545416,-0.0624253402821447,0.0646977511571158,0.0752638874254424,0.1095794812532098,0.1540269042372938,0.1466502311248056,0.1566429808077097,371.32454545454544,29.268942989214175,0.7173243155923594,38.22981932082894,6.3792059037673425,3.7979361978500186,38,1,0
MATO GROSSO,FORTALEZA DOS NOGUEIRAS - MA,2104107,2104107,2009,46198.82214649958,46198.82214649958,2060884.422479837,44.60902522459628,3000.0,56088.0,18696.0,1128.36,381.32,25.921818181818185,24.95,29.158135593220337,30.822107438016527,21.796487603305785,1.499982019255994,242,59.0,0,16,466.5301694915254,42.41886363636354,0.1736477008419513,9.99545454545455,0.0794405806021048,-0.3022443976032143,-0.3516055490234303,0.0826303287108345,0.1161466871524089,-0.1108073959938416,-0.1183578141738071,371.32454545454544,29.268942989214175,0.7173243155923594,38.94714363642129,5.661881588174992,3.7979361978500186,38,1,0
MATO GROSSO,FORTALEZA DOS NOGUEIRAS - MA,2104107,2104107,2010,54486.73664582348,54486.73664582348,2187540.1884955266,40.148122702136654,2700.0,59535.0,22050.0,1417.45,591.49,25.87966942148761,24.18949152542373,28.185593220338983,30.765371900826448,21.73045454545455,2.216914956298373,242,59.0,0,5,140.92796610169492,331.5088636363637,1.3570790691770047,220.16545454545457,1.7498025185428776,-0.3443931579337906,-0.4006378491560686,-0.677878145865435,-0.9528378037901252,-1.0833497688751947,-1.157169243801141,371.32454545454544,29.268942989214175,0.7173243155923594,39.66446795201364,0.48365475012301573,3.6925756821921922,38,1,0
MATO GROSSO,FORTALEZA DOS NOGUEIRAS - MA,2104107,2104107,2011,57755.94084457288,57755.94084457288,2576436.2220058423,44.60902522459628,3000.0,70119.0,23373.0,1172.91,432.38,25.269876543209875,23.883,27.920666666666666,30.06814814814815,21.243004115226334,1.5612840343560517,243,60.0,0,15,418.81,86.96886363636372,0.3560195139773999,61.05545454545455,0.4852486433667993,-0.9541860362115208,-1.1100192684897414,-0.9843696712891656,-1.3836478450139715,-1.3482763225475125,-1.4401478981411275,371.32454545454544,29.268942989214175,0.7173243155923594,40.38179226760599,4.227232956990292,3.7979361978500186,38,1,0
MATO GROSSO,FORTALEZA DOS NOGUEIRAS - MA,2104107,2104107,2012,60644.60275563718,60644.60275563718,2705296.61406184,44.60902522459628,3000.0,73626.0,24542.0,1075.73,410.22,26.393719008264465,25.09627118644068,29.307288135593215,31.350537190082644,22.158471074380166,1.9839717205484444,242,59.0,0,15,439.6093220338983,-10.211136363636342,-0.0418007509048184,38.89545454545458,0.3091282620337477,0.1696564288430657,0.1973639289322141,0.228901515151513,0.3217481169904771,0.03834514637904,0.0409579854204866,371.32454545454544,29.268942989214175,0.7173243155923594,41.099116583198565,3.5099086413977147,3.7979361978500186,38,1,0
MATO GROSSO,FORTALEZA DOS NOGUEIRAS - MA,2104107,2104107,2013,46693.032909727,46693.032909727,1989197.3324024912,42.60161908948945,2865.0,54137.0,18896.0,1134.7,323.39,25.83685950413223,24.50084745762712,28.804745762711864,30.68929752066116,21.775,2.010312018497197,242,59.0,1,17,489.6806779661017,48.758863636363685,0.1996013999503411,-47.93454545454546,-0.380967979444091,-0.3872030752891646,-0.4504392834084395,-0.3665222136620478,-0.5151902642622841,-0.4641972265023142,-0.4958276348034664,371.32454545454544,29.268942989214175,0.7173243155923594,41.816440898790916,0.785178190698538,3.7518922593486117,38,1,0
MATO GROSSO,FORTALEZA DOS NOGUEIRAS - MA,2104107,2104107,2014,29049.70866250797,29049.70866250797,1295879.1864929912,44.60902522459628,3000.0,35268.0,11756.0,900.46,321.3,26.689545454545453,25.02627118644068,29.54677966101695,31.843057851239667,22.289173553719007,2.168962551017849,242,59.0,7,15,443.2016949152542,-185.48113636363632,-0.7592936283066127,-50.02454545454543,-0.3975786110770365,0.4654828751240565,0.5415033766278755,0.1589015151515127,0.2233548487133946,0.2778366718027705,0.2967684681781438,371.32454545454544,29.268942989214175,0.7173243155923594,42.533765214383266,2.0752600102130145,3.7979361978500186,38,1,0
MATO GROSSO,FORTALEZA DOS NOGUEIRAS - MA,2104107,2104107,2015,30502.6883063966,30502.6883063966,1224633.0216237071,40.148122702136654,2700.0,33329.0,12344.0,688.55,403.85,28.60971193415638,25.7055,30.2785,34.15004115226337,23.80958847736625,2.6382755448511244,243,60.0,13,28,847.798,-397.3911363636364,-1.626777599609256,32.52545454545458,0.258501600071133,2.3856493547349835,2.7752625286049817,0.8381303287108324,1.1780911754857708,1.009557010785823,1.078348245699173,371.32454545454544,29.268942989214175,0.7173243155923594,43.251089529975616,-3.102966827838962,3.6925756821921922,38,1,0
MATO GROSSO,FORTALEZA DOS NOGUEIRAS - MA,2104107,2104107,2016,29652.645793645428,29652.645793645428,925942.9369293234,31.2263176572174,2100.0,25200.0,12000.0,1173.74,544.39,26.62297520661157,24.90457627118644,29.11288135593221,31.63826446280992,22.37,2.2219471646963656,242,59.0,3,12,349.3545762711865,87.79886363636365,0.3594172379931666,173.06545454545454,1.3754672315037644,0.3989126271901746,0.4640611849477956,0.0372065998972743,0.0522982709338653,-0.1560616332819719,-0.1666956760961611,371.32454545454544,29.268942989214175,0.7173243155923594,43.968413845567966,-12.742096188350565,3.441261253911286,38,1,0
MATO GROSSO,FORTALEZA DOS NOGUEIRAS - MA,2104107,2104107,2017,28417.11888557687,28417.11888557687,1267659.97317705,44.60902522459628,3000.0,34500.0,11500.0,867.64,365.28,26.819380165289257,25.52915254237288,30.280169491525424,32.04446280991736,22.423595041322315,2.4627210661980024,242,59.0,16,18,545.0430508474576,-218.3011363636364,-0.8936470044481482,-6.044545454545471,-0.0480400564277759,0.5953175858678605,0.6925420893894053,0.6617828710837159,0.9302139939388244,1.0112265023112457,1.08013149641054,371.32454545454544,29.268942989214175,0.7173243155923594,44.685738161160316,-0.07671293656403577,3.7979361978500186,38,1,0
MATO GROSSO,FORTALEZA DOS NOGUEIRAS - MA,2104107,2104107,2018,28293.566194770014,28293.566194770014,1262148.40807628,44.60902522459628,3000.0,34350.0,11450.0,771.22,254.95,27.095371900826446,25.840169491525423,30.433898305084742,32.256404958677685,22.727603305785124,2.398875788330417,242,59.0,9,17,517.3762711864406,-314.72113636363633,-1.2883561003520734,-116.37454545454544,-0.924906557893282,0.8713093214050502,1.0136075134932363,0.9727998202362578,1.3673850527486195,1.1649553158705643,1.244335394401473,371.32454545454544,29.268942989214175,0.7173243155923594,45.403062476752666,-0.7940372521563859,3.7979361978500186,38,1,0
MATO GROSSO,FORTALEZA DOS NOGUEIRAS - MA,2104107,2104107,2019,33631.04243762619,33631.04243762619,1142694.4204589296,33.977207546067504,2285.0,31099.0,13610.0,978.94,296.86,27.430617283950617,25.918833333333332,30.694333333333336,32.61814814814815,23.071604938271605,2.39635881449319,243,60.0,14,19,583.1923333333334,-107.00113636363642,-0.4380244948639656,-74.46454545454543,-0.5918196814642112,1.206554704529221,1.4036036157392382,1.0514636620441706,1.477956374044504,1.4253903441191582,1.5225164706855006,371.32454545454544,29.268942989214175,0.7173243155923594,46.120386792345016,-12.143179246277512,3.525689933528077,38,1,0
MATO GROSSO,FORTALEZA DOS NOGUEIRAS - MA,2104107,2104107,2020,23465.12703803808,23465.12703803808,1130495.4897025593,48.17774724256398,3240.0,30767.0,9496.0,692.54,188.59,27.432520661157024,26.09372881355932,31.00559322033898,32.89867768595041,22.772561983471075,2.2963674746019,242,59.0,19,23,713.1286440677966,-393.4011363636364,-1.6104439624732192,-182.73454545454544,-1.452313981415905,1.2084580817356283,1.4058178436718796,1.2263591422701552,1.7237926298491384,1.736650231124802,1.8549856126191464,371.32454545454544,29.268942989214175,0.7173243155923594,46.837711107937366,1.3400361346266152,3.8748972389861467,38,1,0
MATO GROSSO,FORTALEZA DOS NOGUEIRAS - MA,2104107,2104107,2021,41760.80949271731,41760.80949271731,1970972.4238026128,47.19634868762287,3174.0,53641.0,16900.0,1654.62,513.52,26.215619834710743,24.61983050847457,28.687457627118643,30.886942148760333,22.270702479338844,2.354360796360444,242,59.0,0,6,172.12474576271185,568.6788636363635,2.327968472573955,142.19545454545454,1.1301226389157086,-0.0084427447106527,-0.0098215745694343,-0.2475391628145899,-0.3479455322271466,-0.5814853620955347,-0.6211077863026156,371.32454545454544,29.268942989214175,0.7173243155923594,47.555035423529716,-0.3586867359068435,3.8543165312861265,38,1,0
MATO GROSSO,FORTALEZA DOS NOGUEIRAS - MA,2104107,2104107,2022,42996.33640078587,42996.33640078587,2109827.1205746727,49.06992774705591,3300.0,57420.0,17400.0,1348.11,265.87,26.00260330578513,25.05067796610169,29.623898305084744,31.03681818181818,21.67400826446281,1.9276938470934184,242,59.0,2,16,473.9823728813559,262.16886363636354,1.073225836341719,-105.45454545454544,-0.8381179945287996,-0.2214592736362703,-0.2576269737691999,0.1833082948125302,0.2576614604129106,0.3549553158705656,0.3791419781956462,371.32454545454544,29.268942989214175,0.7173243155923594,48.27235973912207,0.7975680079338403,3.8932463776543433,38,1,0
MATO GROSSO,FORTALEZA DOS NOGUEIRAS - MA,2104107,2104107,2023,41834.94110720143,41834.94110720143,1934706.3254395477,46.24468948283148,3110.0,52654.0,16930.0,948.64,383.18,28.11074074074074,26.53833333333333,31.134,33.67917695473251,23.29567901234568,2.122069458778104,243,60.0,20,18,560.412,-137.30113636363637,-0.5620618896564249,11.855454545454563,0.0942232479883628,1.8866781613193453,2.194801677058942,1.6709636620441692,2.3487367982966787,1.8650570107858224,1.992142032815328,371.32454545454544,29.268942989214175,0.7173243155923594,48.98968405471442,-2.744994571882934,3.8339466353730516,38,1,0
MATO GROSSO,FORTUNA - MA,2104206,2104206,2004,74.13161448411357,74.13161448411357,2094.394738292517,28.25238264224431,1900.0,57.0,30.0,1072.6,404.22,27.852024793388427,26.61271186440678,30.366779661016952,32.29661157024793,23.992520661157023,2.196976333925986,242,59.0,12,16,485.8684745762712,-44.42000000000007,-0.1761873976751829,6.011590909090955,0.0515761173990375,0.505491983656583,0.5748467241280614,0.8461960708782748,1.0637619792634705,0.9712708654340076,0.8769035736129253,398.2084090909091,29.395508795582945,1.2769413243475776,26.091557198639293,2.1608254436050167,3.3411777953543034,10,0,0
MATO GROSSO,FORTUNA - MA,2104206,2104206,2005,74.13161448411357,74.13161448411357,2094.394738292517,28.25238264224431,1900.0,57.0,30.0,1179.6,325.22,27.805826446280992,26.364237288135595,30.307457627118644,32.30528925619835,23.916570247933887,2.730227510705026,242,59.0,12,14,424.304406779661,62.57999999999993,0.248217184748152,-72.9884090909091,-0.626200087958239,0.4592936365491482,0.5223098504416885,0.5977214946070895,0.7514019764847404,0.9119488315356996,0.8233451839085573,398.2084090909091,29.395508795582945,1.2769413243475776,27.368498522986556,0.883884119257754,3.3411777953543034,10,0,0
MATO GROSSO,FORTUNA - MA,2104206,2104206,2006,86.48688356479917,86.48688356479917,2461.8324116771696,28.46055809329243,1914.0,67.0,35.0,1159.16,441.61,27.154545454545453,26.9635593220339,31.08101694915254,31.65578512396694,23.290619834710743,1.870769695369271,242,59.0,26,17,528.3772881355932,42.1400000000001,0.167144010311396,43.40159090909094,0.3723615897826899,-0.1919873551863915,-0.2183284913928239,1.197043528505393,1.50481600774367,1.6855081535695966,1.5217465856534809,398.2084090909091,29.395508795582945,1.2769413243475776,28.645439847334274,-0.18488175404184304,3.3485192022126715,10,0,0
MATO GROSSO,FORTUNA - MA,2104206,2104206,2007,98.84215264548476,98.84215264548476,2792.5263177233564,28.25238264224431,1900.0,76.0,40.0,1278.24,484.64,27.406090534979427,25.405166666666663,28.761000000000003,31.796913580246912,23.69744855967078,2.7117177517808257,243,60.0,5,16,460.176,161.22000000000003,0.6394626801709353,86.43159090909091,0.7415351355614693,0.0595577252475827,0.0677291912869412,-0.3613491268618389,-0.4542557873102805,-0.634508795582942,-0.5728608260960129,398.2084090909091,29.395508795582945,1.2769413243475776,29.92238117168199,-1.669998529437681,3.3411777953543034,10,0,0
MATO GROSSO,FORTUNA - MA,2104206,2104206,2008,98.84215264548476,98.84215264548476,2792.5263177233564,28.25238264224431,1900.0,76.0,40.0,1401.8,487.17,27.34690082644628,25.59118644067797,29.060677966101693,31.684628099173555,23.6850826446281,2.505090233357013,242,59.0,4,8,232.48542372881357,284.78,1.1295508129207226,88.96159090909094,0.7632411330241773,0.0003680167144359,0.0004185095106505,-0.1753293528505359,-0.2204083732245298,-0.3348308294812518,-0.3022991437066216,398.2084090909091,29.395508795582945,1.2769413243475776,31.199322496029254,-2.9469398537849436,3.3411777953543034,10,0,0
MATO GROSSO,FORTUNA - MA,2104206,2104206,2019,1235.5269080685596,1235.5269080685596,52911.02496738991,42.82466421561243,2880.0,1440.0,500.0,1088.1,454.08,28.49971193415638,26.119333333333334,29.478666666666665,32.839588477366256,24.747818930041152,2.854578662108081,243,60.0,2,10,294.78666666666663,-28.920000000000076,-0.1147082291932979,55.87159090909091,0.4793472768814901,1.1531791244245362,1.3113981298240869,0.3528175398048283,0.4435306395031007,0.0831578710837206,0.0750783709493571,398.2084090909091,29.395508795582945,1.2769413243475776,45.24567706385278,-2.421012848240352,3.7571142033297633,10,0,0
MATO GROSSO,FORTUNA - MA,2104206,2104206,2020,1247.882177149245,1247.882177149245,67351.32553140674,53.9769205217615,3630.0,1833.0,505.0,914.26,393.17,28.08103305785124,26.994576271186443,31.21135593220339,32.653057851239666,24.14636363636364,2.3780519955435087,242,59.0,25,17,530.5930508474576,-202.76,-0.8042268517023868,-5.038409090909056,-0.0432267568946068,0.7345002481193958,0.8352754843873663,1.2280604776579374,1.54380774069627,1.8158471366204445,1.639422019032501,398.2084090909091,29.395508795582945,1.2769413243475776,46.5226183882005,7.454302133561001,3.988556557458668,10,0,0
MATO GROSSO,FORTUNA - MA,2104206,2104206,2021,864.8688356479917,864.8688356479917,44386.47094486598,51.315248683360586,3451.0,1208.0,350.0,1431.81,368.05,26.930867768595043,25.31593220338983,28.49694915254237,31.06900826446281,23.39128099173553,2.0923719568181007,242,59.0,1,12,341.96338983050845,314.79,1.2485824158975851,-30.15840909090906,-0.2587424313069458,-0.4156650411368012,-0.4726953046883088,-0.4505835901386739,-0.566433369481463,-0.8985596430405742,-0.811256869868677,398.2084090909091,29.395508795582945,1.2769413243475776,47.79955971254776,3.5156889708128247,3.937987953297775,10,0,0
MATO GROSSO,FORTUNA - MA,2104206,2104206,2022,5238.634090210692,5238.634090210692,243427.45861733204,46.46773460895446,3125.0,6625.0,2120.0,1142.9,327.64,27.14809917355372,25.653389830508477,29.24728813559322,31.475,23.35119834710744,2.188209944659795,242,59.0,0,10,292.4728813559322,25.88000000000011,0.1026503793749154,-70.56840909090909,-0.605437829515649,-0.1984336361781231,-0.2256592179537092,-0.1131259630200318,-0.1422118377403645,-0.1482206599897253,-0.1338197520937454,398.2084090909091,29.395508795582945,1.2769413243475776,49.07650103689548,-2.6087664279410205,3.838758192370274,10,0,0
MATO GROSSO,FORTUNA - MA,2104206,2104206,2023,6400.0293837951385,6400.0293837951385,295493.37693593727,46.17034110745715,3105.0,8042.0,2590.0,958.41,347.86,29.26707818930041,27.93,32.136,33.89144032921811,25.229711934156377,2.7172659033905657,243,60.0,30,19,610.5840000000001,-158.61,-0.6291103814781791,-50.34840909090906,-0.4319614387267357,1.9205453795685656,2.184048918042415,2.1634842064714945,2.719738747064492,2.740491204417058,2.4742289881559185,398.2084090909091,29.395508795582945,1.2769413243475776,50.3534423612432,-4.183101253786049,3.832337624567351,10,0,0
MATO GROSSO,GOVERNADOR EDISON LOBÃO - MA,2104552,2104552,2015,148.26322896822714,148.26322896822714,7275.265933016112,49.06992774705591,3300.0,198.0,60.0,667.29,232.68,29.928683127572015,27.55933333333333,32.2165,35.02728395061728,25.475349794238685,2.933947203438636,243,60.0,35,21,676.5465,-648.3270454545454,-2.0645645481672923,-226.73590909090905,-1.6644443669844098,2.651118416720003,2.871154421719877,1.728429892141751,2.659961932548535,2.625432010785829,3.069881825079294,459.41590909090905,29.59106798921417,-0.2729647495889894,41.785911199668476,7.284016547387431,3.8932463776543433,3,0,0
MATO GROSSO,GOVERNADOR EDISON LOBÃO - MA,2104552,2104552,2016,296.5264579364543,172.97376712959834,5291.102496738991,30.586921628998184,2057.0,144.0,70.0,1142.66,524.79,27.955619834710745,25.678813559322037,29.19237288135593,32.60326446280992,23.96396694214876,2.732206984911948,242,59.0,3,14,408.693220338983,-172.95704545454532,-0.5507729268811574,65.37409090909091,0.4799042983382726,0.67805512385873,0.7343319539250979,-0.1520898818695464,-0.2340582617426863,-0.398695107858245,-0.4661887492549123,459.41590909090905,29.59106798921417,-0.2729647495889894,41.51294645007954,-10.926024821081356,3.420572519852729,3,0,0
MATO GROSSO,GOVERNADOR EDISON LOBÃO - MA,2104552,2104552,2018,296.5264579364543,296.5264579364543,13227.756241847475,44.60902522459628,3000.0,360.0,120.0,1196.52,334.63,27.791322314049587,25.89101694915254,29.513389830508476,32.24252066115702,23.871322314049586,2.695439653327121,242,59.0,0,14,413.18745762711865,-119.09704545454542,-0.3792584923933457,-124.78590909090906,-0.9160401821579832,0.5137576031975719,0.5563981619266555,0.0601135079609598,0.0925115004867046,-0.0776781587057016,-0.0908280110231774,459.41590909090905,29.59106798921417,-0.2729647495889894,40.96701695090155,3.642008273694728,3.7979361978500186,3,0,0
MATO GROSSO,GOVERNADOR EUGÊNIO BARROS - MA,2104602,2104602,2013,617.7634540342798,617.7634540342798,30313.6080542338,49.06992774705591,3300.0,825.0,250.0,1001.33,365.5,27.46809917355372,25.71457627118644,29.40627118644068,31.85376033057851,23.727851239669423,2.520167225581582,242,59.0,10,14,411.6877966101695,-115.68999999999994,-0.458872580752856,-32.70840909090907,-0.2806200176824023,0.1215663638218735,0.1382455672227633,-0.0519395223420637,-0.0652937197300469,0.0107623908577352,0.0097167323139564,398.2084090909091,29.395508795582945,-0.34943736425940425,51.53356254923301,-2.463634802177104,3.8932463776543433,11,0,0
MATO GROSSO,GOVERNADOR EUGÊNIO BARROS - MA,2104602,2104602,2014,617.7634540342798,617.7634540342798,33069.3906046187,53.53083026951554,3600.0,900.0,250.0,816.02,260.24,28.074504132231404,26.9135593220339,31.10016949152542,32.680247933884296,24.10471074380165,2.3311370531489084,242,59.0,25,19,590.903220338983,-301.0,-1.1938857879385405,-137.96840909090906,-1.1836924654786918,0.7279713224995596,0.8278507741526173,1.147043528505396,1.4419604819457708,1.7046606959424755,1.5390382943294596,398.2084090909091,29.395508795582945,-0.34943736425940425,51.184125184973595,2.346705084541945,3.980257754643973,11,0,0
MATO GROSSO,GOVERNADOR EUGÊNIO BARROS - MA,2104602,2104602,2015,741.3161448411357,741.3161448411357,39683.26872554243,53.53083026951554,3600.0,1080.0,300.0,627.92,302.39,29.371028806584363,26.842666666666663,30.695833333333333,34.21061728395062,25.14411522633745,2.608756901964404,243,60.0,20,20,613.9166666666666,-489.1,-1.939965245450964,-95.81840909090909,-0.8220688318608542,2.0244959968525187,2.302261815078912,1.076150873138161,1.3528405793794294,1.300324537750388,1.1739868605040171,398.2084090909091,29.395508795582945,-0.34943736425940425,50.83468782071418,2.6961424488013606,3.980257754643973,11,0,0
MATO GROSSO,GOVERNADOR EUGÊNIO BARROS - MA,2104602,2104602,2016,988.4215264548476,988.4215264548476,54380.77566092852,55.01779777700208,3700.0,1480.0,400.0,945.6,474.35,28.355371900826448,25.890169491525423,29.47542372881356,32.888636363636365,24.465578512396693,2.934056017850995,242,59.0,9,11,324.22966101694914,-171.41999999999996,-0.6799199394299819,76.14159090909095,0.6532526399522751,1.008839091094604,1.1472542897575415,0.123653697996918,0.1554463640890276,0.079914933230615,0.0721505123121867,398.2084090909091,29.395508795582945,-0.34943736425940425,50.485250456454764,4.532547320547316,4.007656728832088,11,0,0
MATO GROSSO,GOVERNADOR EUGÊNIO BARROS - MA,2104602,2104602,2017,1952.132514748324,1952.132514748324,89838.51114254745,46.0216443567085,3095.0,2445.0,790.0,867.58,461.35,28.20896694214876,26.111016949152543,29.96033898305085,32.75545454545455,24.30363636363636,2.8208075722917547,242,59.0,15,11,329.5637288135593,-249.43999999999997,-0.9893783087820248,63.14159090909095,0.5417198466656348,0.8624341324169151,0.9807622115188692,0.3445011556240374,0.4330760254946812,0.5648301874679049,0.5099520921527294,398.2084090909091,29.395508795582945,-0.34943736425940425,50.13581309219535,-4.1141687354868495,3.8291118153184684,11,0,0
MATO GROSSO,GOVERNADOR EUGÊNIO BARROS - MA,2104602,2104602,2018,1952.132514748324,1952.132514748324,89838.51114254745,46.0216443567085,3095.0,2445.0,790.0,1054.93,287.72,27.94661157024793,26.49627118644068,30.582033898305085,32.29764462809917,24.290702479338844,2.766305130053927,242,59.0,12,12,366.984406779661,-62.08999999999992,-0.2462736497445311,-110.48840909090904,-0.9479292993620088,0.6000787605160909,0.6824110388580442,0.7297553929121712,0.9173831785069956,1.1865251027221395,1.0712440162544763,398.2084090909091,29.395508795582945,-0.34943736425940425,49.78637572793593,-3.764731371227434,3.8291118153184684,11,0,0
MATO GROSSO,GOVERNADOR EUGÊNIO BARROS - MA,2104602,2104602,2019,1796.4561243316855,1796.4561243316855,80138.15656519264,44.60902522459628,3000.0,2181.0,727.0,1088.1,454.08,28.49971193415638,26.119333333333334,29.478666666666665,32.839588477366256,24.747818930041152,2.854578662108081,243,60.0,2,10,294.78666666666663,-28.920000000000076,-0.1147082291932979,55.87159090909091,0.4793472768814901,1.1531791244245362,1.3113981298240869,0.3528175398048283,0.4435306395031007,0.0831578710837206,0.0750783709493571,398.2084090909091,29.395508795582945,-0.34943736425940425,49.43693836367652,-4.827913139080238,3.7979361978500186,11,0,0
MATO GROSSO,GOVERNADOR EUGÊNIO BARROS - MA,2104602,2104602,2020,6049.139741903668,6049.139741903668,321581.45174624753,53.1590883926439,3575.0,8752.0,2448.0,914.26,393.17,28.08103305785124,26.994576271186443,31.21135593220339,32.653057851239666,24.14636363636364,2.3780519955435087,242,59.0,25,17,530.5930508474576,-202.76,-0.8042268517023868,-5.038409090909056,-0.0432267568946068,0.7345002481193958,0.8352754843873663,1.2280604776579374,1.54380774069627,1.8158471366204445,1.639422019032501,398.2084090909091,29.395508795582945,-0.34943736425940425,49.0875009994171,4.0715873932268,3.9732890853278797,11,0,0
MATO GROSSO,GOVERNADOR EUGÊNIO BARROS - MA,2104602,2104602,2021,5312.765704694806,5312.765704694806,265032.7938123496,49.887759876173504,3355.0,7213.0,2150.0,1431.81,368.05,26.930867768595043,25.31593220338983,28.49694915254237,31.06900826446281,23.39128099173553,2.0923719568181007,242,59.0,1,12,341.96338983050845,314.79,1.2485824158975851,-30.15840909090906,-0.2587424313069458,-0.4156650411368012,-0.4726953046883088,-0.4505835901386739,-0.566433369481463,-0.8985596430405742,-0.811256869868677,398.2084090909091,29.395508795582945,-0.34943736425940425,48.73806363515769,1.1496962410158176,3.909775679605554,11,0,0
MATO GROSSO,GOVERNADOR EUGÊNIO BARROS - MA,2104602,2104602,2022,5090.370861242465,5090.370861242465,238797.74393268544,46.913824861200425,3155.0,6499.0,2060.0,1142.9,327.64,27.14809917355372,25.653389830508477,29.24728813559322,31.475,23.35119834710744,2.188209944659795,242,59.0,0,10,292.4728813559322,25.88000000000011,0.1026503793749154,-70.56840909090909,-0.605437829515649,-0.1984336361781231,-0.2256592179537092,-0.1131259630200318,-0.1422118377403645,-0.1482206599897253,-0.1338197520937454,398.2084090909091,29.395508795582945,-0.34943736425940425,48.38862627089827,-1.4748014096978466,3.8483124051750854,11,0,0
MATO GROSSO,GOVERNADOR EUGÊNIO BARROS - MA,2104602,2104602,2023,10378.4260277759,10378.4260277759,517756.4255663133,49.887759876173504,3355.0,14091.0,4200.0,958.41,347.86,29.26707818930041,27.93,32.136,33.89144032921811,25.229711934156377,2.7172659033905657,243,60.0,30,19,610.5840000000001,-158.61,-0.6291103814781791,-50.34840909090906,-0.4319614387267357,1.9205453795685656,2.184048918042415,2.1634842064714945,2.719738747064492,2.740491204417058,2.4742289881559185,398.2084090909091,29.395508795582945,-0.34943736425940425,48.03918890663897,1.848570969534535,3.909775679605554,11,0,0
MATO GROSSO,GOVERNADOR LUIZ ROCHA - MA,2104628,2104628,2015,617.7634540342798,617.7634540342798,27557.82550384891,44.60902522459628,3000.0,750.0,250.0,577.85,282.42,29.189053497942385,26.689833333333336,30.817666666666664,34.37152263374486,24.901769547325102,2.532429893708344,243,60.0,19,22,677.9886666666666,-515.8763636363636,-1.9831486711759705,-104.45181818181815,-0.8539270548258734,2.087914801326704,2.4021483714445417,1.1222012711864444,1.4442594494131975,1.505532871083716,1.3376381744979002,386.8718181818182,29.312133795582948,1.716703987393201,39.510048422813725,5.098976801782555,3.7979361978500186,9,0,0
MATO GROSSO,GOVERNADOR LUIZ ROCHA - MA,2104628,2104628,2016,543.6318395501662,543.6318395501662,14550.531866032225,26.76541513475777,1800.0,396.0,220.0,981.4,490.33,27.849752066115705,25.44542372881356,28.992203389830507,32.514462809917354,23.984214876033057,2.702759604893149,242,59.0,5,14,405.8908474576271,-112.32636363636368,-0.4318086551073404,103.4581818181818,0.8458037594315229,0.7486133695000241,0.8612805394374471,-0.122208333333333,-0.1572806454114058,-0.3199304057524408,-0.2842522618646106,386.8718181818182,29.312133795582948,1.716703987393201,41.2267524102067,-14.46133727544893,3.287110574084028,9,0,0
MATO GROSSO,GOVERNADOR LUIZ ROCHA - MA,2104628,2104628,2017,988.4215264548476,988.4215264548476,44827.39615292756,45.35250897833955,3050.0,1220.0,400.0,755.89,399.39,28.05342975206612,26.176610169491525,30.385254237288137,32.929545454545455,24.04599173553719,2.7179465440303643,242,59.0,20,14,425.3935593220339,-337.83636363636367,-1.2987215209817964,12.518181818181802,0.1023401441721912,0.9522910554504342,1.0956119505153714,0.6089781073446332,0.7837474511932946,1.0731204417051892,0.9534477102619772,386.8718181818182,29.312133795582948,1.716703987393201,42.94345639760013,2.40905258073942,3.814465499801229,9,0,0
MATO GROSSO,GOVERNADOR LUIZ ROCHA - MA,2104628,2104628,2018,1136.6847554230746,1136.6847554230746,52396.6122246514,46.09599273208283,3100.0,1426.0,460.0,883.4300000000001,245.07,27.72859504132231,26.338983050847457,30.46067796610169,32.342520661157025,23.986446280991736,2.6090012733719807,242,59.0,11,12,365.5281355932203,-210.2963636363636,-0.8084281108730288,-141.8018181818182,-1.159275262764471,0.6274563447066299,0.7218892435801703,0.771350988700565,0.9927193836335588,1.148544170518747,1.0204603015256737,386.8718181818182,29.312133795582948,1.716703987393201,44.660160384993105,1.4358323470897218,3.8307260206730094,9,0,0
MATO GROSSO,GOVERNADOR LUIZ ROCHA - MA,2104628,2104628,2019,4176.080949271731,4176.080949271731,221858.86718965296,53.12934904249417,3573.0,6038.0,1690.0,955.5,401.07,28.31551440329218,26.026333333333334,29.6365,32.93341563786008,24.517448559670783,2.748934286889138,243,60.0,1,10,296.365,-138.22636363636366,-0.5313742762600537,14.198181818181808,0.1160746820393089,1.214375706676499,1.3971406420708232,0.4587012711864418,0.5903429824744851,0.3243662044170534,0.288193387124733,386.8718181818182,29.312133795582948,1.716703987393201,46.376864372386535,6.752484670107634,3.9727294882231816,9,0,0
MATO GROSSO,GOVERNADOR LUIZ ROCHA - MA,2104628,2104628,2020,4188.436218352416,4188.436218352416,223071.4115118223,53.26317611816796,3582.0,6071.0,1695.0,710.29,284.92,28.097603305785125,27.03372881355932,31.467966101694916,33.09396694214876,24.0300826446281,2.3025684827848987,242,59.0,27,20,629.3593220338983,-383.4363636363637,-1.474018521930203,-101.95181818181815,-0.8334887544283769,0.9964646091694432,1.1464336746870714,1.4660967514124297,1.886848768886843,2.1558323061119644,1.9154172226046704,386.8718181818182,29.312133795582948,1.716703987393201,48.09356835977951,5.169607758388452,3.975245212820429,9,0,0
MATO GROSSO,GOVERNADOR LUIZ ROCHA - MA,2104628,2104628,2021,3830.1334150125344,3830.1334150125344,191067.5901600191,49.887759876173504,3355.0,5200.0,1550.0,1354.35,339.38,26.822355371900827,25.167118644067795,28.49322033898305,31.180123966942148,23.236074380165288,2.1225680811410754,242,59.0,1,12,341.9186440677966,260.62363636363625,1.0018978471669635,-47.49181818181819,-0.3882608185693139,-0.2787833247148548,-0.3207405345391275,-0.4005134180790968,-0.5154559200115273,-0.8189134565998977,-0.7275894948541058,386.8718181818182,29.312133795582948,1.716703987393201,49.81027234717294,0.07748752900056388,3.909775679605554,9,0,0
MATO GROSSO,GOVERNADOR LUIZ ROCHA - MA,2104628,2104628,2022,6301.187231149654,6301.187231149654,300306.8104572762,47.657308614943695,3205.0,8173.0,2550.0,1105.23,303.66,26.940206611570247,25.39864406779661,28.985932203389837,31.544669421487605,23.092644628099173,2.176360631946839,242,59.0,0,15,434.7889830508475,11.50363636363636,0.0442226525119844,-83.21181818181816,-0.6802832546487433,-0.1609320850454345,-0.1851525482550449,-0.1689879943502816,-0.2174855027741537,-0.3262015921931152,-0.2898240952955216,386.8718181818182,29.312133795582948,1.716703987393201,51.526976334565916,-3.869667719622221,3.864035999554542,9,0,0
MATO GROSSO,GOVERNADOR LUIZ ROCHA - MA,2104628,2104628,2023,10946.768405487435,10946.768405487435,554242.9865334093,50.63124362991678,3405.0,15084.0,4430.0,1012.25,357.95,28.998847736625518,27.511333333333333,31.794833333333333,33.889218106995884,24.903827160493822,2.656328539814088,243,60.0,29,17,540.5121666666666,-81.47636363636366,-0.31321408319378,-28.9218181818182,-0.2364451232167102,1.8977090400098329,2.183316425094831,1.9437012711864408,2.501520003429997,2.482699537750385,2.205832726264362,386.8718181818182,29.312133795582948,1.716703987393201,53.243680321959346,-2.6124366920425643,3.9245688487833847,9,0,0
MATO GROSSO,GRAJAÚ - MA,2104800,2104800,1984,,130.96585225526732,1028.825485477026,7.851188439528946,528.0,28.0,53.0,1677.35,834.8,25.58413223140496,23.900508474576277,27.45627118644068,30.150619834710746,21.75706611570248,1.9563594224761396,242,59.0,0,1,27.45627118644068,667.2224999999999,2.564100066273013,484.7049999999999,3.799422300114288,-1.481625433049505,-1.5951866442201486,-1.582565421160755,-1.9346926604172825,-2.301331150487929,-1.9092745871679304,350.095,29.75760233692861,0.6616446416407922,20.595092068801478,-12.74390362927253,2.0606649139060336,27,1,0
MATO GROSSO,GRAJAÚ - MA,2104800,2104800,1994,395.36861058193904,395.36861058193904,7054.803328985321,17.843610089838513,1200.0,192.0,160.0,1120.25,451.37,26.72219008264463,24.848135593220334,28.77186440677966,31.654545454545453,22.65086776859504,2.3196509782323136,242,59.0,2,12,345.262372881356,110.12249999999996,0.4231948256363503,101.27499999999998,0.7938570748064793,-0.3435675818098325,-0.3699007898116623,-0.6349383025166908,-0.7762146558186864,-0.9857379301489502,-0.8178068502839652,350.095,29.75760233692861,0.6616446416407922,27.211538485209303,-9.36792839537079,2.8816454659758635,27,1,0
MATO GROSSO,GRAJAÚ - MA,2104800,2104800,1999,1482.6322896822714,1482.6322896822714,52911.02496738991,35.68722017967703,2400.0,1440.0,600.0,1330.1,425.35,26.30827160493827,24.79133333333333,28.7265,31.055185185185184,22.210946502057613,2.511371554141424,243,60.0,0,4,114.906,319.97249999999985,1.229637052790548,75.255,0.5898959680529411,-0.757486059516193,-0.8155446163178857,-0.6917405624036945,-0.8456556494288572,-1.031102336928612,-0.85544294146884,350.095,29.75760233692861,0.6616446416407922,30.51976169341333,5.167458486263698,3.574792646535809,27,1,0
MATO GROSSO,GRAJAÚ - MA,2104800,2104800,2000,1507.342827843643,1507.342827843643,53792.87538351308,35.68722017967703,2400.0,1464.0,610.0,994.87,321.67,26.7249173553719,25.314745762711865,29.848813559322032,31.9696694214876,22.31925619834711,2.0774090633233606,242,59.0,10,10,298.4881355932203,-15.25750000000005,-0.058633749253301,-28.42500000000001,-0.2228130076660003,-0.3408403090825622,-0.3669644815297957,-0.1683281330251667,-0.205781826868599,0.0912112223934222,0.0756724076599583,350.095,29.75760233692861,0.6616446416407922,31.181406335054135,4.505813844622892,3.574792646535809,27,1,0
MATO GROSSO,GRAJAÚ - MA,2104800,2104800,2001,1680.3165949732409,1680.3165949732409,70548.0332898532,41.9770927363451,2823.0,1920.0,680.0,1060.51,486.07,27.091446280991736,25.17084745762712,29.27169491525424,32.27619834710744,22.62454545454545,2.327373097388273,242,59.0,4,13,380.5320338983051,50.382499999999936,0.1936172290188055,135.97499999999997,1.0658574746661171,0.0256886165372733,0.0276575557456579,-0.31222643810991,-0.3816980897740176,-0.4859074216743728,-0.4031278556858164,350.095,29.75760233692861,0.6616446416407922,31.84305097669494,10.13404175965016,3.737124058453261,27,1,0
MATO GROSSO,GRAJAÚ - MA,2104800,2104800,2002,24.71053816137119,24.71053816137119,881.8504161231651,35.68722017967703,2400.0,24.0,10.0,978.01,345.91,27.513636363636365,26.07186440677966,30.56576271186441,32.75061983471074,23.075,2.418518630307664,242,59.0,16,16,489.05220338983054,-32.117500000000064,-0.1234258195407434,-4.185000000000059,-0.0328046591761556,0.4478786991819028,0.4822069756828974,0.5887905110426317,0.7197987931532148,0.8081603749357988,0.67048154538467,350.095,29.75760233692861,0.6616446416407922,32.504695618335745,3.182524561341282,3.574792646535809,27,1,0
MATO GROSSO,GRAJAÚ - MA,2104800,2104800,2003,1952.132514748324,1952.132514748324,76280.06099465379,39.06263642167148,2627.0,2076.0,790.0,1194.58,601.78,27.3840329218107,25.28533333333333,29.09733333333333,32.41473251028806,23.078765432098766,2.4876787678082994,243,60.0,1,1,29.09733333333333,184.45249999999987,0.7088410050233958,251.68499999999997,1.9728651480885584,0.3182752573562375,0.3426699004993638,-0.1977405624036983,-0.2417386413438892,-0.6602690035952783,-0.5477850630022869,350.095,29.75760233692861,0.6616446416407922,33.16634025997655,5.896296161694927,3.6651664198853116,27,1,0
MATO GROSSO,GRAJAÚ - MA,2104800,2104800,2004,6699.0268955477295,6699.0268955477295,209182.26745788247,31.21144798214253,2099.0,5693.0,2711.0,650.57,122.88,28.037851239669425,27.194915254237287,32.473389830508474,33.64909090909091,23.31756198347108,1.8757297696229889,242,59.0,32,27,876.7815254237288,-359.5575,-1.3817600719084848,-227.21500000000003,-1.781053915103967,0.9720935752149592,1.0466010190736958,1.7118413585002583,2.0927330193149616,2.715787493579864,2.2531238255481654,350.095,29.75760233692861,0.6616446416407922,33.827984901617356,-2.616536919474825,3.440784950020405,27,1,0
MATO GROSSO,GRAJAÚ - MA,2104800,2104800,2005,2957.851417916132,2957.851417916132,118755.85603791956,40.148122702136654,2700.0,3232.0,1197.0,1337.0,355.16,27.50785123966942,25.64084745762712,29.766101694915253,32.57371900826446,23.12723140495868,2.8832068380060067,242,59.0,5,15,446.4915254237288,326.87249999999995,1.256153380488256,5.064999999999998,0.0397026520256214,0.4420935752149582,0.4759784429637783,0.1577735618900888,0.1928788207521694,0.0084993579866434,0.0070514007546026,350.095,29.75760233692861,0.6616446416407922,34.489629543257934,5.65849315887872,3.6925756821921922,27,1,0
MATO GROSSO,GRAJAÚ - MA,2104800,2104800,2006,5436.318395501662,5436.318395501662,222299.7923977145,40.89160645587993,2750.0,6050.0,2200.0,1197.6,398.12,26.389628099173557,26.318983050847457,30.88813559322034,31.32099173553719,22.14161157024793,1.384558390175249,242,59.0,23,15,463.3220338983051,187.47249999999983,0.7204467020736968,48.02499999999998,0.3764501211313864,-0.6761295652809096,-0.7279524421220197,0.8359091551104285,1.0219023400508649,1.1305332562917307,0.9379347321346452,350.095,29.75760233692861,0.6616446416407922,35.15127418489874,5.740332270981192,3.710924820860389,27,1,0
MATO GROSSO,GRAJAÚ - MA,2104800,2104800,2007,5473.384202743719,5473.384202743719,219727.728684022,40.13325302706179,2699.0,5980.0,2215.0,1104.62,305.67,27.14732510288066,25.25316666666667,29.3215,32.25979423868313,22.79880658436214,2.629511598208125,243,60.0,1,10,293.21500000000003,94.49249999999984,0.3631295789819772,-44.42500000000001,-0.3482310594744789,0.0815674384261981,0.0878192864932909,-0.2299072290703598,-0.2810625220997533,-0.4361023369286094,-0.3618076038843015,350.095,29.75760233692861,0.6616446416407922,35.812918826539544,4.320334200522247,3.6922052432177765,27,1,0
MATO GROSSO,GRAJAÚ - MA,2104800,2104800,2008,5485.739471824404,5485.739471824404,220242.1414267605,40.148122702136654,2700.0,5994.0,2220.0,1339.5,435.07,27.096363636363638,25.17067796610169,29.022711864406777,31.99264462809917,22.82904958677686,2.6381715974502797,242,59.0,0,12,348.27254237288133,329.37249999999995,1.2657607455961213,84.97499999999997,0.6660874345265916,0.0306059719091713,0.0329518085569039,-0.3123959296353362,-0.3819052938528256,-0.7348904725218333,-0.6096939604890331,350.095,29.75760233692861,0.6616446416407922,36.47456346818035,3.673559233956304,3.6925756821921922,27,1,0
MATO GROSSO,GRAJAÚ - MA,2104800,2104800,2009,10378.4260277759,10378.4260277759,416674.3216181955,40.148122702136654,2700.0,11340.0,4200.0,886.12,298.77,27.0301652892562,25.788983050847456,30.051016949152544,32.23318181818182,22.66801652892562,1.809904508368487,242,59.0,8,18,540.9183050847458,-124.00750000000004,-0.4765541314454336,-51.325000000000045,-0.4023175943168856,-0.0355923751982629,-0.0383204015575537,0.3059091551104274,0.3739751856277147,0.293414612223934,0.243428270852769,350.095,29.75760233692861,0.6616446416407922,37.136208109821155,3.011914592315499,3.6925756821921922,27,1,0
MATO GROSSO,GRAJAÚ - MA,2104800,2104800,2010,10378.4260277759,10378.4260277759,416674.3216181955,40.148122702136654,2700.0,11340.0,4200.0,1170.92,486.08,26.995454545454542,24.851016949152545,28.640169491525423,31.86921487603306,22.8300826446281,2.731599473687034,242,59.0,0,6,171.84101694915253,160.79250000000002,0.6179169016425609,135.98499999999996,1.0659358609484977,-0.0703031189999201,-0.0756915978722574,-0.6320569465844841,-0.7726921864789978,-1.1174328454031863,-0.9270661174263044,350.095,29.75760233692861,0.6616446416407922,37.79785275146196,2.3502699506746936,3.6925756821921922,27,1,0
MATO GROSSO,GRAJAÚ - MA,2104800,2104800,2011,15320.533660050138,15320.533660050138,615090.6652459077,40.148122702136654,2700.0,16740.0,6200.0,889.56,322.33,26.39744855967078,24.78533333333333,28.90683333333333,31.33242798353909,22.19465020576132,1.8894021728287669,243,60.0,4,15,433.6025,-120.56750000000012,-0.4633343970570114,-27.765000000000043,-0.2176395130289009,-0.6683091047836811,-0.719532571715804,-0.6977405624036983,-0.8529906738185578,-0.8507690035952749,-0.7058313349516189,350.095,29.75760233692861,0.6616446416407922,38.459497393102765,1.6886253090338883,3.6925756821921922,27,1,0
MATO GROSSO,GRAJAÚ - MA,2104800,2104800,2012,13590.795988754156,13590.795988754156,545644.9449762084,40.148122702136654,2700.0,14850.0,5500.0,775.59,204.82,27.592396694214877,26.06779661016949,30.32033898305085,32.6950826446281,23.264008264462813,2.2517895234120693,242,59.0,9,17,515.4457627118644,-234.5375,-0.9013149575943662,-145.27500000000003,-1.138756717279796,0.5266390297604104,0.5670039997017213,0.5847227144324627,0.7148258952618961,0.5627366461222394,0.4668683937474647,350.095,29.75760233692861,0.6616446416407922,39.12114203474357,1.026980667393083,3.6925756821921922,27,1,0
MATO GROSSO,GRAJAÚ - MA,2104800,2104800,2013,12355.269080685595,12355.269080685595,404181.4407231174,32.71328516470394,2200.0,11000.0,5000.0,867.46,316.23,26.95723140495868,25.227288135593223,29.58745762711865,31.98809917355372,22.77950413223141,2.5241504425455696,242,59.0,6,19,562.1616949152543,-142.66750000000002,-0.5482635046105387,-33.86500000000001,-0.2654551452808831,-0.108526259495786,-0.1168444033378466,-0.2557857601438051,-0.3126991315319579,-0.1701447098099642,-0.1411587248155709,350.095,29.75760233692861,0.6616446416407922,39.782786676384376,-7.069501511680436,3.487781269546179,27,1,0
MATO GROSSO,GRAJAÚ - MA,2104800,2104800,2014,18532.903621028392,18532.903621028392,716503.4631000716,38.66115519465011,2600.0,19500.0,7500.0,773.06,278.8,27.5746694214876,25.77237288135593,30.188983050847455,32.817520661157026,23.18413223140496,2.498165653635286,242,59.0,11,21,633.9686440677966,-237.0675000000001,-0.911037611083526,-71.29500000000002,-0.5588550002303427,0.5089117570331396,0.5479179958695735,0.2892989856189025,0.3536691859048282,0.4313807139188483,0.3578903602399816,350.095,29.75760233692861,0.6616446416407922,40.44443131802518,-1.7832761233750745,3.6548353542093452,27,1,0
MATO GROSSO,GRAJAÚ - MA,2104800,2104800,2015,27181.59197750831,27181.59197750831,1091289.8899524168,40.148122702136654,2700.0,29700.0,11000.0,507.13,276.59,29.560082304526752,26.68433333333333,31.412,35.239465020576134,24.761769547325105,2.748383445490434,243,60.0,22,30,942.36,-502.99750000000006,-1.9329922523373544,-73.50500000000005,-0.5761783686363892,2.494324640072289,2.6855055693820558,1.2012594375963026,1.4685445455202344,1.6543976630713892,1.3725531914442244,350.095,29.75760233692861,0.6616446416407922,41.106075959665986,-0.9579532575293328,3.6925756821921922,27,1,0
MATO GROSSO,GRAJAÚ - MA,2104800,2104800,2016,28417.11888557687,28417.11888557687,507063.98927081993,17.843610089838513,1200.0,13800.0,11500.0,1056.79,407.65,27.240454545454543,25.161016949152543,29.0671186440678,32.15512396694215,23.08219008264463,2.5033562947749166,242,59.0,4,10,290.671186440678,46.66249999999991,0.179321469738302,57.55499999999995,0.4511522482398112,0.1746968810000808,0.1880867627823275,-0.3220569465844853,-0.3937159263447048,-0.6904836928608127,-0.5728523543226297,350.095,29.75760233692861,0.6616446416407922,41.76772060130679,-23.924110511468278,2.8816454659758635,27,1,0
MATO GROSSO,GRAJAÚ - MA,2104800,2104800,2017,29652.645793645428,29652.645793645428,1322775.6241847477,44.60902522459628,3000.0,36000.0,12000.0,732.99,355.65,27.87318181818182,26.187457627118643,30.846610169491527,33.04780991735537,23.568057851239672,2.879553222895082,242,59.0,21,14,431.8525423728814,-277.13750000000005,-1.0650244590323878,5.55499999999995,0.0435435798622557,0.8074241537273572,0.869310284175988,0.7043837313816148,0.861111974898206,1.0890078325629169,0.9034836118645376,350.095,29.75760233692861,0.6616446416407922,42.4293652429476,2.1796599816486832,3.7979361978500186,27,1,0
MATO GROSSO,GRAJAÚ - MA,2104800,2104800,2018,30888.17270171399,30888.17270171399,1377891.2751924456,44.60902522459628,3000.0,37500.0,12500.0,844.18,217.54,27.768429752066115,26.03135593220339,30.481355932203392,32.666446280991735,23.65206611570248,2.8932778029861304,242,59.0,11,16,487.7016949152543,-165.9475000000001,-0.6377272884949791,-132.55500000000004,-1.0390493660920554,0.7026720876116528,0.756529352440555,0.548282036466361,0.670277018318827,0.7237535952747827,0.6004543703050241,350.095,29.75760233692861,0.6616446416407922,43.0910098845884,1.518015340007878,3.7979361978500186,27,1,0
MATO GROSSO,GRAJAÚ - MA,2104800,2104800,2019,32983.62633779826,32983.62633779826,1461556.833422131,44.31163172309898,2980.0,39777.0,13348.0,706.17,262.01,28.33880658436214,26.47083333333333,31.171166666666668,33.50921810699588,23.935473251028807,2.629049535941795,243,60.0,15,10,311.7116666666667,-303.9575000000001,-1.168092271909565,-88.08500000000004,-0.6904655683468652,1.2730489199076764,1.370623498474839,0.9877594375963064,1.2075399276535557,1.4135643297380582,1.1727484119457234,350.095,29.75760233692861,0.6616446416407922,43.75265452622921,0.558977196869769,3.7912472096992222,27,1,0
MATO GROSSO,GRAJAÚ - MA,2104800,2104800,2020,33223.31855796357,33223.31855796357,1438334.7724642209,43.28562414293326,2911.0,39145.0,13445.0,552.08,135.37,28.584669421487604,27.447457627118645,32.84288135593221,34.178636363636365,23.85814049586777,2.542063741242193,242,59.0,34,27,886.7577966101696,-458.0475,-1.760251827697939,-214.725,-1.6831494484109732,1.5189117570331412,1.6353308295884723,1.9643837313816164,2.4014670967343728,3.085279019003597,2.5596684875434086,350.095,29.75760233692861,0.6616446416407922,44.41429916787001,-1.1286750249367543,3.767820573945395,27,1,0
MATO GROSSO,GRAJAÚ - MA,2104800,2104800,2021,33102.23692097285,33102.23692097285,1470559.0564200548,44.43058912369789,2988.0,40022.0,13396.0,1404.42,392.71,26.668181818181814,24.98898305084745,28.787627118644068,31.19314049586777,22.781115702479337,2.3373519435215164,242,59.0,0,7,201.5133898305085,394.2925,1.515244802717163,42.61499999999995,0.3340431423636443,-0.3975758462726446,-0.4280485916965595,-0.4940908448895733,-0.6040280663317558,-0.9699752182845424,-0.8047294862630664,350.095,29.75760233692861,0.6616446416407922,45.07594380951082,-0.6453546858129258,3.7939281764524795,27,1,0
MATO GROSSO,GRAJAÚ - MA,2104800,2104800,2022,57822.65929760859,57822.65929760859,2572063.713692565,44.47519814892249,2991.0,70000.0,23400.0,1006.97,250.35,27.123305785123968,25.63661016949153,30.03677966101695,32.17657024793389,22.71,2.4678064540172486,242,59.0,2,13,390.4781355932204,-3.1575000000000277,-0.0121341021312337,-99.74500000000003,-0.781863973602294,0.0575481206695052,0.0619589752202214,0.1535362737544972,0.187698718782047,0.2791773240883408,0.2316164581887322,350.095,29.75760233692861,0.6616446416407922,45.737588451151396,-1.2623903022289085,3.7949316888297195,27,1,0
MATO GROSSO,GRAJAÚ - MA,2104800,2104800,2023,96123.99344773393,96123.99344773393,4545277.507302824,47.285566738072056,3180.0,123702.0,38900.0,1114.86,420.95,29.09135802469136,27.2965,32.014,34.48798353909465,24.433456790123454,2.857120474244394,243,60.0,27,19,608.266,104.73249999999985,0.4024813464637928,70.85499999999996,0.5554060038056092,2.025600360236893,2.180855274957642,1.8134261042629696,2.216920783946721,2.256397663071386,1.871996003588576,350.095,29.75760233692861,0.6616446416407922,46.3992330927922,0.8863336452798549,3.856205105973994,27,1,0
MATO GROSSO,ITINGA DO MARANHÃO - MA,2105427,2105427,2013,1853.2903621028397,1853.2903621028397,80468.85047123882,43.41945121860705,2920.0,2190.0,750.0,844.3,224.68,27.38190082644628,26.401016949152545,31.439322033898307,32.57909090909091,23.30938016528925,2.146927289594196,242,59.0,27,19,597.3471186440678,-607.1440909090909,-1.642307724672375,-294.47659090909093,-1.7172330739591173,0.5027872563637601,0.6185475545435463,1.1337337570621493,1.477516240924026,2.455713405238832,1.942311164139,519.1565909090909,28.983608628659475,0.7848484862242852,46.59480274141174,-3.1753515228046894,3.7709075254620994,11,0,0
MATO GROSSO,ITINGA DO MARANHÃO - MA,2105427,2105427,2014,9513.557192127908,9513.557192127908,466829.5640352006,49.06992774705591,3300.0,12705.0,3850.0,663.26,251.47,27.89822314049587,26.564915254237288,31.500169491525423,33.20760330578512,23.59809917355372,2.2765788702549536,242,59.0,27,23,724.5038983050847,-788.1840909090909,-2.132015843266591,-267.6865909090909,-1.5610078408791572,1.0191095704133488,1.2537464396970277,1.2976320621468922,1.6911134864097257,2.516560862865948,1.9904375847573408,519.1565909090909,28.983608628659475,0.7848484862242852,47.37965122763603,1.690276519419875,3.8932463776543433,11,0,0
MATO GROSSO,ITINGA DO MARANHÃO - MA,2105427,2105427,2015,12560.366547424976,12560.366547424976,616339.9533354155,49.06992774705591,3300.0,16774.0,5083.0,686.3199999999999,190.98,29.235432098765436,27.46583333333333,32.6865,34.32271604938271,24.906172839506173,2.780095448172399,243,60.0,39,24,784.4760000000001,-765.1240909090909,-2.069639190511495,-328.1765909090909,-1.9137538038879955,2.3563185286829125,2.8988305594364223,2.1985501412429365,2.865217269872806,3.702891371340528,2.9287486214007936,519.1565909090909,28.983608628659475,0.7848484862242852,48.16449971386032,0.9054280331955837,3.8932463776543433,11,0,0
MATO GROSSO,ITINGA DO MARANHÃO - MA,2105427,2105427,2016,24636.40654688708,24636.40654688708,1142951.626830299,46.39338623358013,3120.0,31106.0,9970.0,1480.91,682.97,27.593553719008263,25.095593220338984,28.51830508474576,32.07177685950413,23.92095041322314,3.028902505730167,242,59.0,2,5,142.5915254237288,29.46590909090924,0.0797044570458317,163.8134090909091,0.955273908803662,0.7144401489257461,0.8789308030234309,-0.1716899717514124,-0.2237515819621071,-0.4653035439137127,-0.3680251393053537,519.1565909090909,28.983608628659475,0.7848484862242852,48.949348200084614,-2.5559619665044835,3.8371569110032997,11,0,0
MATO GROSSO,ITINGA DO MARANHÃO - MA,2105427,2105427,2017,24438.722241596108,24438.722241596108,1308225.0923187155,53.53083026951554,3600.0,35604.0,9890.0,1383.88,560.1800000000001,27.337561983471076,25.219830508474576,28.890169491525423,32.01789256198347,23.443057851239672,2.747894147739214,242,59.0,4,10,288.9016949152542,-67.56409090909074,-0.182758969529493,41.02340909090913,0.2392270118313485,0.4584484133885524,0.5640002633254831,-0.0474526836158197,-0.0618417774729448,-0.0934391371340517,-0.0739043403174862,519.1565909090909,28.983608628659475,0.7848484862242852,49.734196686308906,3.796633583206635,3.980257754643973,11,0,0
MATO GROSSO,ITINGA DO MARANHÃO - MA,2105427,2105427,2018,38686.81854544274,38686.81854544274,1932869.137072624,49.96210825154783,3360.0,52604.0,15656.0,1736.74,553.59,26.70851239669421,24.989322033898304,28.122033898305087,31.15012396694215,23.16404958677686,2.3369848507835296,242,59.0,0,4,112.48813559322036,285.2959090909092,0.7717174264446294,34.433409090909095,0.2007975871954044,-0.1706011733883059,-0.2098798990347723,-0.2779611581920918,-0.362247417452839,-0.8615747303543877,-0.6814501292933342,519.1565909090909,28.983608628659475,0.7848484862242852,50.5190451725332,-0.5569369209853647,3.911264883157022,11,0,0
MATO GROSSO,ITINGA DO MARANHÃO - MA,2105427,2105427,2019,46806.701385269305,46806.701385269305,2497951.5349708805,53.367263843692015,3589.0,67983.0,18942.0,1266.38,437.35,27.876213991769543,26.1635,30.40216666666667,32.8141975308642,23.869588477366257,2.4533146045828707,243,60.0,15,7,212.8151666666667,-185.06409090909077,-0.5005931715556774,-81.80659090909091,-0.4770531441675872,0.9971004216870264,1.2266699675908954,0.8962168079096031,1.1679769441697394,1.4185580380071947,1.121988057858292,519.1565909090909,28.983608628659475,0.7848484862242852,51.30389365875749,2.063370184934527,3.977197521347379,11,0,0
MATO GROSSO,ITINGA DO MARANHÃO - MA,2105427,2105427,2020,50271.11883549355,50271.11883549355,2646212.636181588,52.638649765023615,3540.0,72018.0,20344.0,1499.26,508.08,26.653181818181817,25.458983050847458,29.19864406779661,31.14314049586777,23.02590909090909,2.126554154639403,242,59.0,3,13,379.5823728813559,47.815909090909145,0.129340692000559,-11.076590909090951,-0.0645928703435647,-0.2259317519007027,-0.2779496315054013,0.1916998587570617,0.2498290740061944,0.2150354391371358,0.1700791848228605,519.1565909090909,28.983608628659475,0.7848484862242852,52.08874214498178,0.5499076200418358,3.963450636327592,11,0,0
MATO GROSSO,ITINGA DO MARANHÃO - MA,2105427,2105427,2021,58005.51728000273,58005.51728000273,2950340.7984420643,50.86915843111463,3421.0,80295.0,23474.0,1656.98,559.36,26.324380165289256,24.81813559322034,27.982033898305087,30.665537190082645,22.97004132231405,1.8216190840128448,242,59.0,0,5,139.91016949152544,205.5359090909092,0.5559688651373234,40.20340909090908,0.234445201785601,-0.5547334047932644,-0.6824536354402734,-0.4491475988700557,-0.5853427824379039,-1.0015747303543885,-0.7921811137801069,519.1565909090909,28.983608628659475,0.7848484862242852,52.87359063120607,-2.0044322000914434,3.9292568151773763,11,0,0
MATO GROSSO,ITINGA DO MARANHÃO - MA,2105427,2105427,2022,64363.538748923536,64363.538748923536,3537322.4816740463,54.958319076702615,3696.0,96270.0,26047.0,1501.58,508.92,26.595454545454547,25.01372881355932,28.44864406779661,31.28702479338843,22.82256198347108,2.1347964813062346,242,59.0,0,4,113.79457627118644,50.13590909090908,0.1356162268831184,-10.23659090909092,-0.0596944307845064,-0.2836590246279726,-0.3489678662040301,-0.2535543785310743,-0.3304397614549673,-0.5349645608628641,-0.4231225177848485,519.1565909090909,28.983608628659475,0.7848484862242852,53.65843911743036,1.2998799592722534,4.006575062961346,11,0,0
MATO GROSSO,ITINGA DO MARANHÃO - MA,2105427,2105427,2023,84075.13504024934,84075.13504024934,4408113.023828333,52.430474313975495,3526.0,119969.0,34024.0,1258.25,488.1,28.5861316872428,26.519,30.703,33.64621399176955,24.420864197530864,2.667808215895901,243,60.0,22,10,307.03,-193.19409090909085,-0.5225845933639576,-31.056590909090914,-0.1811057541411606,1.7070181171602812,2.100037080428926,1.251716807909606,1.631275333563733,1.7193913713405244,1.3599278519042703,519.1565909090909,28.983608628659475,0.7848484862242852,54.44328760365465,-2.0128132896791584,3.9594879931575875,11,0,0
MATO GROSSO,JATOBÁ - MA,2105450,2105450,2017,939.0004501321052,939.0004501321052,48171.0789807279,51.30037900828573,3450.0,1311.0,380.0,699.07,391.24,27.70235537190083,26.11237288135593,30.481186440677966,32.59619834710744,23.692107438016528,2.605415010178118,242,59.0,20,14,426.73661016949154,-344.66159090909093,-1.322950404262768,26.14795454545458,0.2245713000515337,0.9723829363423064,1.0765828627033471,0.8731179378531095,1.0761469972517916,1.3493407164869031,1.1820119441267596,365.0920454545454,29.131845724191063,0.3420025267218625,51.763463174902995,-0.46308416661726426,3.9376981402251774,7,0,0
MATO GROSSO,JATOBÁ - MA,2105450,2105450,2018,988.4215264548476,988.4215264548476,51073.836600466646,51.67212088515736,3475.0,1390.0,400.0,799.4,216.21,27.53404958677686,26.44559322033898,30.94728813559322,32.2948347107438,23.75995867768595,2.425043979927966,242,59.0,15,15,464.2093220338983,-244.331590909091,-0.9378433381995432,-148.88204545454542,-1.2786711267964517,0.8040771512183369,0.8902415385333889,1.2063382768361564,1.4868521857187345,1.815442411402156,1.5903133937428044,365.0920454545454,29.131845724191063,0.3420025267218625,52.105465701624894,-0.43334481646753176,3.9449183881986642,7,0,0
MATO GROSSO,JATOBÁ - MA,2105450,2105450,2019,1037.84260277759,1037.84260277759,55556.57621575941,53.53083026951554,3600.0,1512.0,420.0,871.86,354.15,28.0520987654321,25.878666666666668,29.805166666666665,32.79374485596708,24.213045267489715,2.726627824986417,243,60.0,7,7,208.63616666666667,-171.87159090909097,-0.659712589600507,-10.94204545454545,-0.0939755868352389,1.3221263298735764,1.4638045320138104,0.6394117231638425,0.7880962880940453,0.6733209424756019,0.5898238943748445,365.0920454545454,29.131845724191063,0.3420025267218625,52.44746822834668,1.0833620411688614,3.980257754643973,7,0,0
MATO GROSSO,JATOBÁ - MA,2105450,2105450,2020,1107.0321096294292,1107.0321096294292,60076.059598390624,54.27431402325881,3650.0,1635.0,448.0,671.47,300.08,27.8752479338843,26.754745762711863,31.164237288135595,32.96904958677686,23.738553719008262,2.3096661711362394,242,59.0,23,23,716.7774576271187,-372.26159090909096,-1.4288903526664858,-65.01204545454544,-0.5583549390586895,1.145275498325777,1.2680024797735878,1.5154908192090382,1.8678930116412749,2.0323915639445325,1.7803591593822767,365.0920454545454,29.131845724191063,0.3420025267218625,52.78947075506858,1.4848432681902324,3.994051076776309,7,0,0
MATO GROSSO,JATOBÁ - MA,2105450,2105450,2021,1037.84260277759,1037.84260277759,55005.41970568243,52.99552196682038,3564.0,1497.0,420.0,1311.69,330.41,26.561487603305785,24.85728813559322,28.38508474576271,31.01685950413223,22.931900826446284,2.168855621592776,242,59.0,1,13,369.0061016949152,267.9584090909091,1.028532609907001,-34.68204545454546,-0.2978662068053651,-0.1684848322527372,-0.1865395578732074,-0.3819668079096061,-0.4707868382506289,-0.7467609784283518,-0.6541567931102037,365.0920454545454,29.131845724191063,0.3420025267218625,53.13147328179048,-0.13595131497010016,3.9702074187904715,7,0,0
MATO GROSSO,JATOBÁ - MA,2105450,2105450,2022,1062.5531409389612,1062.5531409389612,53021.256269405305,49.90262955124837,3356.0,1443.0,430.0,1051.24,298.46,26.711446280991737,25.237627118644067,29.092881355932203,31.46322314049587,22.765743801652896,2.1381158512503147,242,59.0,1,16,465.4861016949153,7.508409090909026,0.0288203069451053,-66.63204545454545,-0.5722682838081252,-0.0185261545667856,-0.0205114053043949,-0.0016278248587582,-0.0020063484643459,-0.0389643682588598,-0.034132482711436,365.0920454545454,29.131845724191063,0.3420025267218625,53.47347580851226,-3.570846257263895,3.9100736977868684,7,0,0
MATO GROSSO,JATOBÁ - MA,2105450,2105450,2023,1062.5531409389612,1062.5531409389612,59341.18425162132,55.85049958119455,3756.0,1615.0,430.0,1014.43,333.78000000000003,28.60633744855967,27.107000000000003,31.4715,33.564691358024696,24.50539094650206,2.5411237836841063,243,60.0,26,17,535.0155,-29.301590909091036,-0.112471341632462,-31.3120454545454,-0.2689230143327729,1.8763650130011484,2.077435073852489,1.8677450564971776,2.3020581149937,2.339654275808936,2.049518898631892,365.0920454545454,29.131845724191063,0.3420025267218625,53.81547833523416,2.0350212459603867,4.022678470527925,7,0,0
MATO GROSSO,JENIPAPO DOS VIEIRAS - MA,2105476,2105476,2023,988.4215264548476,988.4215264548476,35274.0166449266,35.68722017967703,2400.0,960.0,400.0,1057.65,402.26,29.281152263374484,27.590333333333334,32.449333333333335,34.72518518518518,24.68172839506173,2.8062027498764635,243,60.0,33,18,584.0880000000001,47.06022727272739,0.1763448868111837,43.48318181818178,0.3615309131809478,2.0281645866377254,2.274290737541759,1.9544130713918832,2.37666315205622,2.549564907550078,2.0268547045676417,358.7768181818182,29.899768425783257,,,,3.574792646535809,1,0,0
MATO GROSSO,JOÃO LISBOA - MA,2105500,2105500,2021,494.2107632274238,494.2107632274238,17637.0083224633,35.68722017967703,2400.0,480.0,200.0,1510.05,452.0,26.262190082644626,24.73067796610169,28.194237288135596,30.690826446280997,22.725495867768597,2.0641503725259875,242,59.0,0,7,197.3596610169492,263.2925,0.8594990014774464,11.760454545454536,0.0829824203752329,-0.3587074863650272,-0.4198033549738326,-0.3537781201848986,-0.4336179086391826,-0.9158753852080146,-0.7235304207841051,440.2395454545455,29.110112673343608,1.702577796072181,36.11100591931245,-0.4237857396354201,3.574792646535809,3,0,0
MATO GROSSO,JOÃO LISBOA - MA,2105500,2105500,2022,864.8688356479917,864.8688356479917,33436.82827800335,38.66115519465011,2600.0,910.0,350.0,1083.64,236.9,26.8096694214876,25.50271186440678,29.901016949152545,31.73913223140496,22.802727272727275,2.3566098210714914,242,59.0,3,11,328.911186440678,-163.11749999999984,-0.5324850816999999,-203.33954545454543,-1.4347751249410332,0.1887718524779487,0.2209239004123404,0.4182557781201872,0.5126467280959657,0.7909042758089377,0.6248047635279773,440.2395454545455,29.110112673343608,1.702577796072181,37.81358371538454,0.847571479265568,3.6548353542093452,3,0,0
MATO GROSSO,JOÃO LISBOA - MA,2105500,2105500,2023,864.8688356479917,864.8688356479917,33804.265951388,39.09237577182121,2629.0,920.0,350.0,1069.2,410.65,28.498765432098764,26.55633333333333,30.950333333333333,33.629753086419754,24.31374485596708,2.669718335368934,243,60.0,23,16,495.2053333333333,-177.5574999999999,-0.5796233996594342,-29.589545454545487,-0.2087854759466064,1.8778678630891117,2.1977105555029497,1.4718772470467414,1.804046935702072,1.8402206599897253,1.4537519513700743,440.2395454545455,29.110112673343608,1.702577796072181,39.51616151145663,-0.4237857396354201,3.665927454929653,3,0,0
MATO GROSSO,LAGO DA PEDRA - MA,2105708,2105708,2019,2661.3249599796773,2661.3249599796773,118719.11227058111,44.60902522459628,3000.0,3231.0,1077.0,929.52,374.6,28.84292181069959,26.771666666666665,31.029166666666665,34.001975308641974,24.65679012345679,2.577546101834902,243,60.0,16,2,62.05833333333333,-321.5879545454545,-1.0534990718732795,-74.73113636363632,-0.6168344795401939,1.0016785964944823,1.3604508712970165,0.4961236517719563,0.6440493740980404,0.5258174114021585,0.4356728067927043,449.3311363636364,30.503349255264503,3.806636819165379,44.54954652429842,0.05947870029785918,3.7979361978500186,5,0,0
MATO GROSSO,LAGO DA PEDRA - MA,2105708,2105708,2020,2471.053816137119,2471.053816137119,119049.8061766273,48.17774724256398,3240.0,3240.0,1000.0,841.41,307.75,28.582520661157027,27.616779661016952,32.7228813559322,33.97743801652893,24.24900826446281,2.3324924449599846,242,59.0,33,19,621.7347457627118,-409.69795454545454,-1.342141111821435,-141.58113636363635,-1.168617671443145,0.7412774469519192,1.0067815685668606,1.341236646122244,1.7411438043059535,2.219532100667696,1.839021985760802,449.3311363636364,30.503349255264503,3.806636819165379,48.35618334346418,-0.1784361009001998,3.8748972389861467,5,0,0
MATO GROSSO,LAGO DA PEDRA - MA,2105708,2105708,2021,6918.950685183933,6918.950685183933,370377.1747717294,53.53083026951554,3600.0,10080.0,2800.0,1470.85,403.63,27.598677685950413,25.84101694915254,29.49372881355933,32.39776859504132,23.756983471074378,2.1252818967129685,242,59.0,0,8,235.9498305084746,219.7420454545454,0.7198591790078342,-45.70113636363635,-0.3772194300122558,-0.2425655282546941,-0.3294454782358299,-0.434526065742169,-0.5640856662870088,-1.0096204417051808,-0.8365340555384667,449.3311363636364,30.503349255264503,3.806636819165379,52.16282016262903,1.3680101068865085,3.980257754643973,5,0,0
MATO GROSSO,LAGO DA PEDRA - MA,2105708,2105708,2022,6918.950685183933,6918.950685183933,370377.1747717294,53.53083026951554,3600.0,10080.0,2800.0,1140.62,354.54,27.882561983471074,26.359152542372883,30.62186440677966,33.144504132231404,23.651115702479338,2.18863550167968,242,59.0,13,6,183.731186440678,-110.4879545454546,-0.361950613888311,-94.79113636363633,-0.7824107073572949,0.0413187692659668,0.056117956244176,0.083609527478174,0.1085387960211631,0.1185151515151545,0.0981972593307283,449.3311363636364,30.503349255264503,3.806636819165379,55.96945698179479,-2.4386267122792518,3.980257754643973,5,0,0
MATO GROSSO,LAGO DA PEDRA - MA,2105708,2105708,2023,14826.322896822714,14826.322896822714,903896.6765262444,60.965667806948254,4100.0,24600.0,6000.0,1144.2,438.6,29.566666666666663,27.9075,32.828833333333336,34.94539094650206,25.12670781893004,2.5281762609856906,243,60.0,40,10,328.28833333333336,-106.90795454545446,-0.3502227906785228,-10.731136363636324,-0.0885753279801507,1.725423452461559,2.3434201823544347,1.631956985105294,2.118546195203592,2.325484078068829,1.9268098649344805,449.3311363636364,30.503349255264503,3.806636819165379,59.77609380095964,1.1895740059886108,4.110310882892171,5,0,0
MATO GROSSO,LAGOA DO MATO - MA,2105922,2105922,2017,2594.606506943975,2594.606506943975,115742.86711616542,44.60902522459628,3000.0,3150.0,1050.0,783.86,445.82,27.71735537190083,25.942881355932204,29.9728813559322,32.32801652892562,23.7600826446281,2.6711326854715125,242,59.0,18,10,299.728813559322,-256.8145454545455,-1.0485495695961622,78.25999999999999,0.7204326845096691,0.7883238599648195,0.8857705125444271,0.5963201720595812,0.7447026880656716,0.8720332562917292,0.7990241184881847,367.56,29.100848099640476,0.8884630857231332,44.80073782109753,-0.1917125965012474,3.7979361978500186,7,0,0
MATO GROSSO,LAGOA DO MATO - MA,2105922,2105922,2018,2545.1854306212326,2545.1854306212326,113538.24107585751,44.60902522459628,3000.0,3090.0,1030.0,844.02,234.5,27.77326446280992,26.600169491525424,30.983389830508475,32.31446280991736,24.05880165289256,2.5979879871203155,242,59.0,18,16,495.7342372881356,-196.65454545454557,-0.8029219631252897,-133.06,-1.224901265025001,0.8442329508739093,0.9485906637861355,1.2536083076528008,1.565544015165768,1.8825417308680024,1.7249299108391052,367.56,29.100848099640476,0.8884630857231332,45.68920090682059,-1.0801756822243078,3.7979361978500186,7,0,0
MATO GROSSO,LAGOA DO MATO - MA,2105922,2105922,2019,2903.488233961115,2903.488233961115,142492.3297385681,49.06992774705591,3300.0,3878.0,1175.0,937.51,358.63,28.254115226337447,26.014666666666667,29.793833333333332,32.778353909465025,24.441646090534977,2.879206936242925,243,60.0,4,9,268.1445,-103.16454545454552,-0.4212111099178117,-8.930000000000007,-0.082206285109524,1.325083714401437,1.4888805736794692,0.6681054827940436,0.8343503578450572,0.6929852336928626,0.6349665124371472,367.56,29.100848099640476,0.8884630857231332,46.577663992543876,2.492263754512031,3.8932463776543433,7,0,0
MATO GROSSO,LAGOA DO MATO - MA,2105922,2105922,2020,2965.264579364543,2965.264579364543,137789.12751924456,46.46773460895446,3125.0,3750.0,1200.0,787.8,352.43,27.82652892561984,26.699322033898305,30.95322033898305,32.54223140495868,23.835,2.433815784102007,242,59.0,23,18,557.1579661016949,-252.8745454545456,-1.0324629211670526,-15.129999999999995,-0.1392811975035943,0.8974974136838263,1.0084392779402844,1.3527608500256818,1.6893687125235697,1.8523722393425783,1.6972862961060518,367.56,29.100848099640476,0.8884630857231332,47.466127078266936,-0.9983924693124777,3.838758192370274,7,0,0
MATO GROSSO,LAGOA DO MATO - MA,2105922,2105922,2021,1359.0795988754155,1359.0795988754155,66432.73134794511,48.876621971082656,3287.0,1808.0,550.0,1221.17,309.95,26.59487603305785,25.038813559322037,28.59271186440678,30.88537190082645,22.974669421487604,2.086711210856573,242,59.0,1,11,314.51983050847457,180.49545454545452,0.7369459188642316,-57.610000000000014,-0.5303364037132897,-0.3341554788781593,-0.375461260057059,-0.3077476245505899,-0.3843245524582906,-0.5081362352336924,-0.4655936049458172,367.56,29.100848099640476,0.8884630857231332,48.35459016399,0.5220318070926595,3.8892992038639913,7,0,0
MATO GROSSO,LAGOA DO MATO - MA,2105922,2105922,2022,1482.6322896822714,1482.6322896822714,70841.98342856094,47.77626601554263,3213.0,1928.0,600.0,950.82,284.8,27.00574380165289,25.54118644067797,29.484237288135592,31.645123966942148,23.048719008264463,2.1955565425651007,242,59.0,1,10,294.8423728813559,-89.85454545454547,-0.366867635148408,-82.75999999999999,-0.7618580241505266,0.0767122897168839,0.0861948846556708,0.1946252568053452,0.2430539141545774,0.3833891884951192,0.3512907405365414,367.56,29.100848099640476,0.8884630857231332,49.243053249713284,-1.4667872341706527,3.8665289893156305,7,0,0
MATO GROSSO,LAGOA DO MATO - MA,2105922,2105922,2023,10380.897081592037,10380.897081592037,527897.7053517298,50.854288756039765,3420.0,14367.0,4201.0,817.95,272.92,28.86559670781893,27.557166666666667,31.9705,33.67711934156379,24.734074074074076,2.567449926666441,243,60.0,30,20,639.4100000000001,-222.72454545454548,-0.9093633145331294,-94.64,-0.8712209208023906,1.9365651958829204,2.1759487860857902,2.210605482794044,2.7606710663561995,2.8696519003595284,2.629396371651272,367.56,29.100848099640476,0.8884630857231332,50.131516335436345,0.7227724206034196,3.928964460256423,7,0,0
MATO GROSSO,LAJEADO NOVO - MA,2105989,2105989,2017,593.0529158729086,593.0529158729086,21164.409986955965,35.68722017967703,2400.0,576.0,240.0,841.63,396.61,27.860454545454544,26.04169491525424,30.48627118644068,33.014256198347105,23.54239669421488,2.83961780053444,242,59.0,16,12,365.83525423728815,-263.82409090909084,-0.9596804300247154,14.32954545454544,0.1130372933392975,0.7178013541444415,0.7677838035706113,0.3857823574730368,0.4996349617692321,0.3490466101694878,0.3374301803960282,382.2804545454546,30.13722457627119,1.9999712975694561,35.62455512043198,0.06266505924504884,3.574792646535809,7,0,0
MATO GROSSO,LAJEADO NOVO - MA,2105989,2105989,2018,864.8688356479917,864.8688356479917,34722.86013484963,40.148122702136654,2700.0,945.0,350.0,988.36,264.45,27.755537190082645,25.992033898305085,30.3971186440678,32.69921487603306,23.577685950413223,2.7505683910266363,242,59.0,11,13,395.1625423728814,-117.09409090909082,-0.4259387652195536,-117.8304545454546,-0.9294946372867924,0.6128839987725421,0.6555607690180785,0.336121340523885,0.4353179192084021,0.2598940677966084,0.2512446751391863,382.2804545454546,30.13722457627119,1.9999712975694561,37.62452641800155,2.5235962841351025,3.6925756821921922,7,0,0
MATO GROSSO,LAJEADO NOVO - MA,2105989,2105989,2019,1576.532334695482,1576.532334695482,58716.540206867416,37.248536062537895,2505.0,1598.0,638.0,795.52,259.48,28.41880658436214,26.775666666666663,31.67866666666667,33.63090534979424,23.962057613168724,2.5287758397216167,243,60.0,25,15,475.18,-309.93409090909086,-1.1274091028534894,-122.80045454545456,-0.968700022389786,1.276153393052038,1.3650154048885648,1.1197541088854663,1.4502174361953115,1.5414420903954775,1.4901421972830964,382.2804545454546,30.13722457627119,1.9999712975694561,39.62449771557067,-2.3759616530327747,3.617612643718737,7,0,0
MATO GROSSO,LAJEADO NOVO - MA,2105989,2105989,2020,1729.737671295983,1729.737671295983,69960.13301243777,40.44551620363396,2720.0,1904.0,700.0,544.17,152.28,28.598140495867767,27.455932203389832,32.784745762711864,34.15842975206612,23.8548347107438,2.4247825442331954,242,59.0,33,29,950.757627118644,-561.2840909090909,-2.0417140674059158,-230.00045454545457,-1.8143373026797136,1.4554873045576642,1.5568368216217494,1.800019645608632,2.3312438461636846,2.647521186440674,2.5594104784721856,382.2804545454546,30.13722457627119,1.9999712975694561,41.62446901314024,-1.178952809506285,3.6999557894898145,7,0,0
MATO GROSSO,LAJEADO NOVO - MA,2105989,2105989,2021,1717.3824022152978,1717.3824022152978,72752.65933016113,42.3637042882916,2849.0,1980.0,695.0,1502.63,494.66,26.979586776859502,25.39796610169492,29.553050847457627,31.734586776859505,22.974338842975207,2.298038455161532,242,59.0,0,8,236.424406779661,397.175909090909,1.4447579291125563,112.3795454545454,0.8864956453208961,-0.1630664144505971,-0.1744211698663186,-0.2579464560862838,-0.3340719585244046,-0.584173728813564,-0.5647321617031782,382.2804545454546,30.13722457627119,1.9999712975694561,43.624440310709815,-1.2607360224182145,3.74629196469768,7,0,0
MATO GROSSO,LAJEADO NOVO - MA,2105989,2105989,2022,1705.027133134612,1705.027133134612,82159.06376880822,48.19261691763885,3241.0,2236.0,690.0,1172.09,252.41,27.214421487603307,25.97508474576271,30.721355932203387,32.37309917355372,22.78099173553719,2.366262849178755,242,59.0,8,17,522.2630508474576,66.63590909090908,0.2423932464662116,-129.87045454545458,-1.0244710631701015,0.0717682962932038,0.0767657168457924,0.3191721879815112,0.413366710143271,0.5841313559321968,0.5646911990105546,382.2804545454546,30.13722457627119,1.9999712975694561,45.62441160827939,2.5682053093594632,3.8752058333413193,7,0,0
MATO GROSSO,LAJEADO NOVO - MA,2105989,2105989,2023,1729.737671295983,1729.737671295983,81791.62609542356,47.285566738072056,3180.0,2226.0,700.0,1038.08,398.7,29.08679012345679,27.37133333333333,32.179,34.58530864197531,24.440205761316875,2.621955689478368,243,60.0,33,20,643.58,-67.37409090909091,-0.2450784396275642,16.419545454545414,0.1295240649419648,1.9441369321466877,2.07951244422606,1.715420775552133,2.2216780446499294,2.0417754237288115,1.9738242099599557,382.2804545454546,30.13722457627119,1.9999712975694561,47.624382905848506,-0.3388161677764501,3.856205105973994,7,0,0
MATO GROSSO,LORETO - MA,2106102,2106102,1985,,383.0133415012534,6834.34072495453,17.843610089838513,1200.0,186.0,155.0,1291.12,367.52,24.757190082644627,24.082033898305085,28.027118644067794,29.214710743801653,21.039628099173555,1.1683028249086866,242,59.0,0,6,168.16271186440676,304.16386363636354,1.2234105128927624,30.11863636363637,0.2587167783819565,-2.3268946485825523,-2.362471931547969,-1.5951323831535689,-1.797065731493779,-2.0601548536209577,-1.7140879345307003,337.4013636363636,30.087273497688752,0.6314720725633829,21.871672134031314,-4.028062044192801,2.8816454659758635,36,1,0
MATO GROSSO,LORETO - MA,2106102,2106102,1988,123.55269080685596,123.55269080685596,3306.9390604618693,26.76541513475777,1800.0,90.0,50.0,1186.78,304.6,26.180826446280992,24.921186440677964,29.14610169491525,30.895371900826447,22.20793388429752,2.1650889364028925,242,59.0,0,6,174.87661016949153,199.82386363636363,0.8037332659340616,-32.80136363636359,-0.2817612000781319,-0.9032582849461868,-0.9170687407027304,-0.7559798407806895,-0.8516819543725033,-0.9411718027735,-0.7830728008717843,337.4013636363636,30.087273497688752,0.6314720725633829,23.766088351721464,2.999326783036306,3.287110574084028,36,1,0
MATO GROSSO,LORETO - MA,2106102,2106102,1989,2471.053816137119,2471.053816137119,66138.7812092374,26.76541513475777,1800.0,1800.0,1000.0,1022.42,200.85,26.210495867768596,25.318305084745763,29.9642372881356,31.09210743801653,22.10388429752066,1.7710640312782118,242,59.0,9,22,659.2132203389831,35.46386363636361,0.1426430578630234,-136.55136363636362,-1.1729657497480974,-0.8735888634585862,-0.8869456856978895,-0.3588611967128905,-0.4042906819436672,-0.123036209553156,-0.1023684612517276,337.4013636363636,30.087273497688752,0.6314720725633829,24.397560424284848,2.3678547104729226,3.287110574084028,36,1,0
MATO GROSSO,LORETO - MA,2106102,2106102,1990,1235.5269080685596,1235.5269080685596,4960.408590692804,4.014812270213666,270.0,135.0,500.0,778.79,278.63,27.09090909090909,25.737118644067795,30.11406779661017,32.131694214876035,22.949173553719007,2.1026030103391253,242,59.0,13,11,331.2547457627119,-208.1661363636364,-0.8372876271719424,-58.77136363636362,-0.5048415100051586,0.0068243596819108,0.0069287013957091,0.0599523626091418,0.0675419404087199,0.0267942989214162,0.0222933651879057,337.4013636363636,30.087273497688752,0.6314720725633829,25.02903249684823,-21.014220226634563,1.3899905891981468,36,1,0
MATO GROSSO,LORETO - MA,2106102,2106102,1992,741.3161448411357,741.3161448411357,13227.756241847475,17.843610089838513,1200.0,360.0,300.0,854.61,304.91,26.93842975206612,25.27949152542373,29.56915254237288,32.00615702479339,22.740661157024796,2.311818277494316,242,59.0,8,15,443.5372881355932,-132.34613636363633,-0.5323237699320656,-32.49136363636359,-0.2790983238333349,-0.1456549791610619,-0.1478819851890708,-0.3976747560349238,-0.4480177845412778,-0.5181209553158723,-0.4310864673951626,337.4013636363636,30.087273497688752,0.6314720725633829,26.291976641974998,-8.448366552136484,2.8816454659758635,36,1,0
MATO GROSSO,LORETO - MA,2106102,2106102,1993,3335.9226517851107,3335.9226517851107,89287.35463247047,26.76541513475777,1800.0,2430.0,1350.0,1087.51,291.58,26.49123966942149,25.150677966101696,29.389830508474574,31.350743801652893,22.465371900826447,2.0281281643510427,242,59.0,2,9,264.5084745762712,100.55386363636364,0.4044486166567925,-45.82136363636363,-0.3936020023596064,-0.59284506180569,-0.6019094242732212,-0.5264883153569571,-0.5931382997123881,-0.6974429892141742,-0.5802858026588881,337.4013636363636,30.087273497688752,0.6314720725633829,26.92344871453838,-0.15803357978061072,3.287110574084028,36,1,0
MATO GROSSO,LORETO - MA,2106102,2106102,1994,4126.659872948989,4126.659872948989,137090.99593981373,33.218854117249364,2234.0,3731.0,1670.0,1265.06,422.78,26.697148760330577,24.68491525423729,28.667288135593218,31.44797520661157,22.78685950413223,2.4823372173752016,242,59.0,0,10,286.6728813559322,278.1038636363636,1.1185917563684789,85.37863636363636,0.7333959438254484,-0.3869359708966016,-0.3928520662103591,-0.9922510272213644,-1.117863530883722,-1.4199853620955345,-1.1814547688491308,337.4013636363636,30.087273497688752,0.6314720725633829,27.554920787101764,5.6639333301476,3.5031176098289176,36,1,0
MATO GROSSO,LORETO - MA,2106102,2106102,1995,8648.688356479917,8648.688356479917,237915.89351656227,27.50889888850104,1850.0,6475.0,3500.0,1186.04,395.09,26.40329218106996,25.06433333333333,29.127666666666663,31.236872427983545,22.36604938271605,2.1032169046871325,243,60.0,0,9,262.149,199.0838636363636,0.8007568315584679,57.68863636363636,0.4955409657014836,-0.6807925501572214,-0.6912015943365294,-0.6128329481253232,-0.6904135994211692,-0.9596068310220858,-0.7984110942229343,337.4013636363636,30.087273497688752,0.6314720725633829,28.186392859665148,-0.6774939711641075,3.3145095482721425,36,1,0
MATO GROSSO,LORETO - MA,2106102,2106102,1996,2693.44865958946,2693.44865958946,79293.04991640794,29.42708697315868,1979.0,2158.0,1090.0,1229.04,307.05,26.105495867768592,24.86627118644068,29.01728813559322,30.880702479338844,22.200454545454548,1.9597018895315403,242,59.0,5,14,406.24203389830507,242.0838636363636,0.9737118020321516,-30.3513636363636,-0.2607158878208653,-0.9785888634585866,-0.9935510934518008,-0.8108950950179761,-0.9135491213665016,-1.069985362095533,-0.8902481267701139,337.4013636363636,30.087273497688752,0.6314720725633829,28.81786493222853,0.609222040930149,3.3819155758023376,36,1,0
MATO GROSSO,LORETO - MA,2106102,2106102,1997,9390.004501321053,9390.004501321053,293215.26336095243,31.2263176572174,2100.0,7980.0,3800.0,678.5699999999999,263.59,28.23119834710744,26.49322033898305,30.99796610169492,33.74938016528926,23.59685950413223,2.1004176155387104,242,59.0,22,11,340.9776271186441,-308.3861363636364,-1.2403933746340952,-73.81136363636364,-0.6340339574946652,1.147113615880258,1.1646525215331267,0.8160540575243971,0.9193611748538878,0.9106926040061653,0.7577135290823717,337.4013636363636,30.087273497688752,0.6314720725633829,29.449337004791914,1.776980652425486,3.441261253911286,36,1,0
MATO GROSSO,LORETO - MA,2106102,2106102,1998,20151.443870598207,20151.443870598207,574415.3148022267,28.49029744344216,1916.0,15633.0,8155.0,979.08,326.77,26.979090909090907,25.38661016949153,29.802033898305083,31.946735537190083,22.76619834710744,2.5067459192615438,242,59.0,2,12,357.624406779661,-7.876136363636306,-0.0316794635399865,-10.63136363636363,-0.0913225989582948,-0.1049938221362722,-0.1065991354331326,-0.2905561119671276,-0.3273386192937226,-0.2852395993836687,-0.2373247597842338,337.4013636363636,30.087273497688752,0.6314720725633829,30.080809077355298,-1.5905116339131382,3.349563588730578,36,1,0
MATO GROSSO,LORETO - MA,2106102,2106102,1999,14134.42782830432,14134.42782830432,483401.0031048484,34.20025267219048,2300.0,13156.0,5720.0,1426.41,440.92,26.270658436213992,25.001666666666665,29.109166666666667,31.04670781893004,22.16238683127572,2.4076324012494688,243,60.0,0,7,203.76416666666665,439.4538636363637,1.7675751165063596,103.5186363636364,0.8892171537629251,-0.813426295013187,-0.8258632557869906,-0.6754996147919883,-0.7610134570649377,-0.9781068310220852,-0.8138034453042533,337.4013636363636,30.087273497688752,0.6314720725633829,30.71228114991868,3.487971522271799,3.532233032117013,36,1,0
MATO GROSSO,LORETO - MA,2106102,2106102,2000,14591.572784289689,14591.572784289689,514008.5612977899,35.2262602523562,2369.0,13989.0,5905.0,980.68,251.28,26.49326446280992,25.020169491525422,29.4364406779661,31.57896694214876,22.21177685950413,1.885678852495425,242,59.0,1,17,500.4194915254237,-6.276136363636397,-0.0252439297549196,-86.12136363636361,-0.739775914183217,-0.5908202684172608,-0.5998536726085458,-0.6569967899332276,-0.7401682953462763,-0.6508328197226518,-0.5415052571035737,337.4013636363636,30.087273497688752,0.6314720725633829,31.343753222482064,3.8825070298741338,3.5617918343585573,36,1,0
MATO GROSSO,LORETO - MA,2106102,2106102,2001,17129.345053462508,17129.345053462508,569087.4685381493,33.218854117249364,2234.0,15488.0,6932.0,1113.55,455.19,27.001735537190083,25.41186440677966,29.7971186440678,32.1948347107438,22.598140495867767,2.118391967337391,242,59.0,10,18,536.3481355932204,126.5938636363636,0.5091869290087626,117.7886363636364,1.0117953602572902,-0.0823491940370964,-0.0836082800812439,-0.2653018746789932,-0.2988873603983351,-0.2901548536209546,-0.2414143445882471,337.4013636363636,30.087273497688752,0.6314720725633829,31.975225295045448,1.2436288222039167,3.5031176098289176,36,1,0
MATO GROSSO,LORETO - MA,2106102,2106102,2002,18364.87196153107,18364.87196153107,628097.9588837244,34.20025267219048,2300.0,17094.0,7432.0,873.9,292.35,27.615537190082645,26.18118644067797,30.70457627118644,32.9243388429752,23.14644628099173,2.273707357140338,242,59.0,16,18,552.682372881356,-113.05613636363636,-0.4547353657358482,-45.05136363636359,-0.3869877613644651,0.5314524588554654,0.539578153124815,0.5040201592193121,0.5678258216564986,0.6173027734976877,0.5136076223323566,337.4013636363636,30.087273497688752,0.6314720725633829,32.60669736760883,1.593555304581649,3.532233032117013,36,1,0
MATO GROSSO,LORETO - MA,2106102,2106102,2003,20979.24689900414,20979.24689900414,736198.122393489,35.07756350160754,2359.0,20036.0,8490.0,1156.83,701.62,27.48469135802469,25.543333333333333,29.684,32.60119341563786,23.111440329218105,2.522911256068946,243,60.0,6,9,267.156,169.87386363636358,0.6832681178948329,364.2186363636364,3.128610176403503,0.4006066267975114,0.4067317409396915,-0.1338329481253204,-0.1507753258355382,-0.4032734976887511,-0.3355312031468597,337.4013636363636,30.087273497688752,0.6314720725633829,33.238169440172214,1.8393940614353284,3.5575617096074468,36,1,0
MATO GROSSO,LORETO - MA,2106102,2106102,2004,25595.17542754828,25595.17542754828,1027612.9411548568,40.148122702136654,2700.0,27967.0,10358.0,843.45,242.12,27.84702479338843,26.75050847457627,31.425932203389827,33.181074380165285,23.221611570247934,1.902048096667992,242,59.0,23,17,534.2408474576271,-143.5061363636363,-0.5772116180829099,-95.2813636363636,-0.8184596122552832,0.7629400621612525,0.7746051087475679,1.073342193117618,1.2092203091035554,1.338658705701075,1.113789447363004,337.4013636363636,30.087273497688752,0.6314720725633829,33.8696415127356,6.278481189401056,3.6925756821921922,36,1,0
MATO GROSSO,LORETO - MA,2106102,2106102,2005,27181.59197750831,27181.59197750831,1091289.8899524168,40.148122702136654,2700.0,29700.0,11000.0,928.81,201.21,27.92074380165289,27.08508474576271,32.25610169491525,33.32888429752066,23.254917355371894,2.6241871028353825,242,59.0,28,25,806.4025423728813,-58.1461363636364,-0.23387589064957,-136.1913636363636,-1.1698733773347847,0.8366590704257106,0.8494512509880109,1.407918464304057,1.5861517524558866,2.1688281972265,1.804506218744612,337.4013636363636,30.087273497688752,0.6314720725633829,34.50111358529898,5.647009116837673,3.6925756821921922,36,1,0
MATO GROSSO,LORETO - MA,2106102,2106102,2006,25822.51237863289,25822.51237863289,875457.0006062723,33.902859170693176,2280.0,23826.0,10450.0,988.15,346.42,27.27863636363637,27.13864406779661,31.971016949152546,32.659710743801654,22.629628099173555,1.6171344591347847,242,59.0,25,21,671.3913559322034,1.1938636363636306,0.0048019686041134,9.018636363636404,0.0774693952683542,0.1945516324091869,0.1975262485920991,1.4614777863379589,1.6464913350796682,1.8837434514637896,1.56731030011173,337.4013636363636,30.087273497688752,0.6314720725633829,35.132585657862364,-1.229726487169188,3.5234993521482583,36,1,0
MATO GROSSO,LORETO - MA,2106102,2106102,2007,25822.51237863289,25822.51237863289,1151917.1060608844,44.60902522459628,3000.0,31350.0,10450.0,1217.09,481.17,27.072880658436212,25.421,29.580666666666666,32.1737037037037,22.729218106995884,2.496690192124534,243,60.0,2,23,680.3553333333333,230.1338636363636,0.92564640907493,143.7686363636364,1.23496156941802,-0.0112040727909636,-0.0113753785560493,-0.256166281458654,-0.2885952607039626,-0.5066068310220864,-0.4215064974749516,337.4013636363636,30.087273497688752,0.6314720725633829,35.76405773042575,8.844967494170533,3.7979361978500186,36,1,0
MATO GROSSO,LORETO - MA,2106102,2106102,2008,26855.41287377821,26855.41287377821,1197993.79030332,44.60902522459628,3000.0,32604.0,10868.0,1020.57,291.05,27.38293388429752,25.91627118644068,30.42084745762712,32.6451652892562,22.98809917355372,2.267177323536344,242,59.0,10,19,577.9961016949153,33.6138636363637,0.1352019719240398,-46.3513636363636,-0.398154661745872,0.2988491530703427,0.3034184363807133,0.2391049049820246,0.2693740253243327,0.3335739599383664,0.2775398650247194,337.4013636363636,30.087273497688752,0.6314720725633829,36.39552980298913,8.21349542160715,3.7979361978500186,36,1,0
MATO GROSSO,LORETO - MA,2106102,2106102,2009,25859.57818587495,25859.57818587495,1115136.594955081,43.12205771710974,2900.0,30349.0,10465.0,1152.22,403.04,26.78078512396694,25.67372881355932,30.039491525423728,31.632685950413222,22.67797520661157,1.7980939087472707,242,59.0,2,15,450.5923728813559,165.26386363636368,0.6647257361766081,65.63863636363641,0.5638308564954717,-0.3032996072602394,-0.3079369362245612,-0.0034374678993316,-0.0038726288991677,-0.0477819722650245,-0.0397555077006013,337.4013636363636,30.087273497688752,0.6314720725633829,37.027001875552514,6.095055841557226,3.7640346461743373,36,1,0
MATO GROSSO,LORETO - MA,2106102,2106102,2010,37829.36287124315,37829.36287124315,1468133.9677757162,38.7949822703239,2609.0,39956.0,15309.0,1312.21,567.32,26.724669421487604,24.90762711864407,28.89796610169492,31.67256198347108,22.572603305785123,2.372622394565524,242,59.0,1,13,375.6735593220339,325.2538636363637,1.308238892597181,229.91863636363644,1.9749834677704785,-0.3594153097395747,-0.364910625217006,-0.7695391628145849,-0.8669577980747223,-1.1893073959938365,-0.9895263233917236,337.4013636363636,30.087273497688752,0.6314720725633829,37.6584739481159,1.1365083222080017,3.6582909153365004,36,1,0
MATO GROSSO,LORETO - MA,2106102,2106102,2011,40100.26132827317,40100.26132827317,1699399.2394040162,42.37857396336647,2850.0,46250.0,16228.0,959.55,346.0,26.153868312757204,24.56433333333333,28.50583333333333,31.05325102880658,21.97543209876543,1.6557669863737885,243,60.0,0,14,399.08166666666665,-27.406136363636392,-0.1102331978039646,8.598636363636388,0.0738616274528227,-0.9302164184699748,-0.944439053241662,-1.1128329481253232,-1.2537103359406137,-1.5814401643554206,-1.315788228316653,337.4013636363636,30.087273497688752,0.6314720725633829,38.28994602067928,4.088627942687189,3.746642903462468,36,1,0
MATO GROSSO,LORETO - MA,2106102,2106102,2012,57575.55391599488,57575.55391599488,2654002.3148573423,46.09599273208283,3100.0,72230.0,23300.0,602.48,216.22,27.923388429752062,26.50118644067797,31.223898305084745,33.33057851239669,23.3904958677686,2.133557041498114,242,59.0,22,21,655.7018644067797,-384.47613636363633,-1.5464432282002016,-121.1813636363636,-1.040938627546388,0.839303698524887,0.8521363143867741,0.8240201592193124,0.9283357330289436,1.136624807395993,0.9456934099014144,337.4013636363636,30.087273497688752,0.6314720725633829,38.921418093242664,7.174574638840163,3.8307260206730094,36,1,0
MATO GROSSO,LORETO - MA,2106102,2106102,2013,56883.65884747648,56883.65884747648,2281971.670555382,40.11838335198693,2698.0,62105.0,23020.0,745.14,159.27,27.319793388429755,26.284915254237287,31.417118644067795,32.566818181818185,22.949958677685952,2.1871356148621484,242,59.0,22,21,659.7594915254236,-241.8161363636364,-0.9726349470891388,-178.1313636363636,-1.5301347634857083,0.2357086572025757,0.239312547735309,0.6077489727786336,0.684686025978498,1.3298451463790428,1.1064563987489089,337.4013636363636,30.087273497688752,0.6314720725633829,39.55289016580605,0.5654931861808805,3.6918346669674733,36,1,0
MATO GROSSO,LORETO - MA,2106102,2106102,2014,77600.97404197008,77600.97404197008,3046278.7749627973,39.25594219764473,2640.0,82906.0,31404.0,647.96,254.4,28.037190082644628,26.540169491525425,31.442203389830507,33.56157024793388,23.37314049586777,2.194316015754496,242,59.0,27,25,786.0550847457627,-338.9961363636363,-1.3635131803596636,-83.0013636363636,-0.7129753532678406,0.9531053514174488,0.9676779487646848,0.8630032100667684,0.9722537836728304,1.3549298921417543,1.127327383265952,337.4013636363636,30.087273497688752,0.6314720725633829,40.18436223836943,-0.9284200407247027,3.6701028263401336,36,1,0
MATO GROSSO,LORETO - MA,2106102,2106102,2015,83902.16127311974,83902.16127311974,3443368.6685895906,41.04030320662857,2760.0,93713.0,33954.0,550.85,295.05,29.636337448559672,26.705166666666667,31.527,35.449876543209875,24.73930041152263,2.569683905320111,243,60.0,23,28,882.756,-436.1061363636363,-1.7541098590270918,-42.3513636363636,-0.3637949682646204,2.552252717332493,2.5912756344976966,1.0280003852080135,1.1581385242568116,1.439726502311245,1.197879772143497,337.4013636363636,30.087273497688752,0.6314720725633829,40.815834310932814,0.22446889569575745,3.7145545889109672,36,1,0
MATO GROSSO,LORETO - MA,2106102,2106102,2016,83062.00297563312,83062.00297563312,1593283.2393305283,19.1818808465764,1290.0,43362.0,33614.0,957.04,411.58,27.529214876033056,25.64457627118644,29.92830508474576,32.603305785123965,23.15450413223141,2.3237469302745395,242,59.0,7,14,418.9962711864407,-29.916136363636383,-0.1203289414292888,74.17863636363637,0.6371888020779437,0.4451301448058764,0.4519360056246473,-0.0325900102722123,-0.0367156928589447,-0.1589684129429898,-0.1322647363707382,337.4013636363636,30.087273497688752,0.6314720725633829,41.4473063834962,-22.265425536919796,2.9539661275554896,36,1,0
MATO GROSSO,LORETO - MA,2106102,2106102,2017,86383.09930452141,86383.09930452141,3468133.967775716,40.148122702136654,2700.0,94387.0,34958.0,697.23,338.59,27.837107438016528,26.627627118644067,31.417288135593218,33.18495867768595,23.31793388429752,2.479975216720137,242,59.0,26,18,565.5111864406779,-289.7261363636364,-1.1653389618657477,1.1886363636363626,0.0102102952788037,0.7530227067893485,0.764536121002213,0.950460837185414,1.0707829755521656,1.3300146379044655,1.1065974189145638,337.4013636363636,30.087273497688752,0.6314720725633829,42.07877845605958,-1.9306557539229274,3.6925756821921922,36,1,0
MATO GROSSO,LORETO - MA,2106102,2106102,2018,96235.1908694601,96235.1908694601,4006760.8531902777,41.6350902096232,2800.0,109046.0,38945.0,648.91,208.18,28.03471074380165,26.987627118644067,31.67322033898305,33.27632231404959,23.595950413223143,2.385926605452501,242,59.0,23,18,570.117966101695,-338.0461363636364,-1.3596920821747802,-129.2213636363636,-1.1100016114437037,0.950626012574471,0.9651607018283442,1.3104608371854134,1.476356625846165,1.585946841294298,1.3195378690546689,337.4013636363636,30.087273497688752,0.6314720725633829,42.710250528622964,-1.0751603189997638,3.7289433263630674,36,1,0
MATO GROSSO,LORETO - MA,2106102,2106102,2019,99138.67910342122,99138.67910342122,3456890.374970146,34.86938805055943,2345.0,94081.0,40120.0,874.77,268.08,28.397037037037038,26.7065,31.427833333333336,33.715308641975305,23.9238683127572,2.493834601428837,243,60.0,25,16,502.8453333333334,-112.18613636363636,-0.4512360442402178,-69.32136363636363,-0.59546520156196,1.312952305809855,1.3330268183075944,1.0293337185413485,1.159640648887532,1.3405598356445836,1.1153712235544466,337.4013636363636,30.087273497688752,0.6314720725633829,43.34172260118635,-8.472334550626918,3.5516093110801514,36,1,0
MATO GROSSO,LORETO - MA,2106102,2106102,2020,87845.96316367458,87845.96316367458,3997097.242380261,45.501205729088205,3060.0,108783.0,35550.0,722.11,256.64,28.270619834710743,26.82152542372881,31.618813559322035,33.81595041322314,23.529049586776857,2.277059695972863,242,59.0,26,23,727.2327118644068,-264.84613636363633,-1.065266411507951,-80.76136363636363,-0.6937339249183399,1.186535103483564,1.2046767478209,1.1443591422701616,1.2892275404939455,1.531540061633283,1.2742703958791917,337.4013636363636,30.087273497688752,0.6314720725633829,43.97319467374973,1.5280110553384745,3.8177388251461983,36,1,0
MATO GROSSO,LORETO - MA,2106102,2106102,2021,88488.43715587023,88488.43715587023,3934228.6564641474,44.460328473847625,2990.0,107072.0,35810.0,1518.5,401.4,27.00826446280992,25.335254237288137,29.348474576271187,31.72603305785124,22.950413223140497,2.40538354622668,242,59.0,0,17,498.9240677966102,531.5438636363637,2.1379803079231388,63.998636363636365,0.5497433821681582,-0.0758202684172602,-0.0769795298155525,-0.3419120441705168,-0.3851958773158885,-0.7387989214175654,-0.6146947230788794,337.4013636363636,30.087273497688752,0.6314720725633829,44.604666746313114,-0.14433827246548958,3.794597296584504,36,1,0
MATO GROSSO,LORETO - MA,2106102,2106102,2022,89229.75330071137,89229.75330071137,3980452.315775937,44.60902522459628,3000.0,108330.0,36110.0,940.05,222.59,27.04851239669421,25.86322033898305,30.519152542372883,32.25938016528926,22.481322314049585,2.04731913002776,242,59.0,13,22,671.4213559322034,-46.90613636363639,-0.1886662658094723,-114.8113636363636,-0.9862208156774944,-0.035572334532965,-0.0361162212156692,0.186054057524398,0.2096072868393888,0.4318790446841305,0.3593315611050252,337.4013636363636,30.087273497688752,0.6314720725633829,45.2361388188765,-0.6271135942802175,3.7979361978500186,36,1,0
MATO GROSSO,LORETO - MA,2106102,2106102,2023,87969.51585448143,87969.51585448143,3800334.36828278,43.19640609248407,2905.0,103428.0,35600.0,781.51,325.11,29.28275720164609,27.727500000000003,32.51316666666666,34.982880658436216,24.35283950617284,2.306866728262035,243,60.0,34,23,747.8028333333333,-205.4461363636364,-0.8263472197373278,-12.2913636363636,-0.105581871753014,2.198672470418913,2.2322892878695937,2.0503337185413493,2.3098925848602385,2.425893168977911,2.018389153658513,337.4013636363636,30.087273497688752,0.6314720725633829,45.86761089143988,-2.671204798955813,3.7657572994857835,36,1,0
MATO GROSSO,MAGALHÃES DE ALMEIDA - MA,2106300,2106300,2004,652.3582074601994,652.3582074601994,33767.52218404953,51.76133893560655,3481.0,919.0,264.0,714.9,354.84000000000003,28.90603305785124,27.82593220338983,33.00542372881356,35.28285123966943,24.070247933884296,1.920460905665334,242,59.0,27,23,759.1247457627119,-195.285,-0.7555662350037191,23.664318181818203,0.2089041190916944,0.6349948619574981,0.9085494910418211,0.7047910246533142,0.7917666531395285,0.7844149332306145,0.5510164444622228,331.17568181818183,32.22100879558295,0.22661161209953862,38.34103233268189,13.420306602924661,3.9466435180112107,20,1,0
MATO GROSSO,MAGALHÃES DE ALMEIDA - MA,2106300,2106300,2005,3657.159647882936,3657.159647882936,80836.28814462347,22.096337161250027,1486.0,2200.0,1480.0,1051.54,319.86,28.66074380165289,27.554745762711864,32.671525423728816,34.91640495867769,23.876487603305783,2.197720495894199,242,59.0,35,21,686.1020338983052,141.35500000000002,0.5469086983073495,-11.315681818181815,-0.0998926959985436,0.3897056057591506,0.557590070378112,0.4336045839753488,0.4871141064956029,0.4505166281458699,0.3164678030664983,331.17568181818183,32.22100879558295,0.22661161209953862,38.56764394478142,-16.471306783531396,3.0954118554774763,20,1,0
MATO GROSSO,MAGALHÃES DE ALMEIDA - MA,2106300,2106300,2006,3657.159647882936,3657.159647882936,182690.01120684904,49.94723857647297,3359.0,4972.0,1480.0,1198.98,486.86,28.09004132231405,27.45525423728813,32.731186440677966,34.163719008264465,23.49595041322314,1.807420044760596,242,59.0,29,20,654.6237288135593,288.7950000000001,1.117360528652478,155.68431818181818,1.3743516756443874,-0.1809968735796907,-0.2589699968028963,0.334113058551619,0.3753447034456112,0.5101776450950197,0.3583770019351742,331.17568181818183,32.22100879558295,0.22661161209953862,38.794255556880955,11.152983019592014,3.9109672198120644,20,1,0
MATO GROSSO,MAGALHÃES DE ALMEIDA - MA,2106300,2106300,2007,3657.159647882936,3657.159647882936,135951.93915232128,37.17418768716357,2500.0,3700.0,1480.0,1176.71,376.29,27.89744855967078,26.531333333333336,31.11583333333333,33.77473251028807,23.43901234567901,2.061396078833606,243,60.0,15,13,404.5058333333333,266.5250000000001,1.0311969213424803,45.11431818181819,0.3982606566470288,-0.3735896362229596,-0.5345313705413693,-0.589807845403179,-0.6625938291141312,-1.105175462249612,-0.7763363851420204,331.17568181818183,32.22100879558295,0.22661161209953862,39.02086716898049,-1.8466794818169205,3.615614641056064,20,1,0
MATO GROSSO,MAGALHÃES DE ALMEIDA - MA,2106300,2106300,2008,4695.002250660526,4695.002250660526,196873.10539949665,41.9324837111205,2820.0,5358.0,1900.0,1191.72,366.67,28.001446280991736,26.85169491525424,31.59152542372881,33.88640495867769,23.583016528925626,2.040047385546854,242,59.0,19,19,600.2389830508474,281.5350000000001,1.0892712700502964,35.49431818181819,0.3133371185919091,-0.2695919149020049,-0.3857316204388453,-0.2694462634822763,-0.3026976206787741,-0.629483371854132,-0.442183944635818,331.17568181818183,32.22100879558295,0.22661161209953862,39.24747878108002,2.6850049300404777,3.736060794131931,20,1,0
MATO GROSSO,MAGALHÃES DE ALMEIDA - MA,2106300,2106300,2009,6177.634540342798,6177.634540342798,229648.5458654076,37.17418768716357,2500.0,6250.0,2500.0,457.43,94.03,28.512561983471077,29.04,35.16881355932203,34.680537190082646,23.73227272727273,1.2792989709751013,242,59.0,56,37,1301.2461016949153,-452.755,-1.7517289639711644,-237.14568181818183,-2.093477165747784,0.2415237875773321,0.3455717950243281,1.918858821263484,2.1556580228960573,2.947804763739086,2.0707011443480257,331.17568181818183,32.22100879558295,0.22661161209953862,39.47409039317961,-2.2999027060160415,3.615614641056064,20,1,0
MATO GROSSO,MAGALHÃES DE ALMEIDA - MA,2106300,2106300,2010,6177.634540342798,2421.6327398143767,90022.22997923978,37.17418768716357,2500.0,2450.0,980.0,1176.17,445.37,28.158801652892564,26.082203389830507,30.385254237288137,33.98479338842975,23.749628099173552,2.505004577959677,242,59.0,10,13,395.00830508474576,265.9850000000001,1.0291076376447978,114.19431818181818,1.008085813491901,-0.1122365430011775,-0.160587841145144,-1.038937788906008,-1.1671492217809185,-1.8357545582948087,-1.289535559261897,331.17568181818183,32.22100879558295,0.22661161209953862,39.70070200527914,-2.5265143181155736,3.615614641056064,20,1,0
MATO GROSSO,MAGALHÃES DE ALMEIDA - MA,2106300,2106300,2011,6177.634540342798,6177.634540342798,319670.7758446474,51.74646926053169,3480.0,8700.0,2500.0,560.01,243.41,28.534814814814816,27.75,33.47183333333333,34.849999999999994,23.70559670781893,1.850496992285392,243,60.0,41,25,836.7958333333332,-350.17499999999995,-1.3548424422891023,-87.76568181818183,-0.7747788170290952,0.2637766189210744,0.3774111055492529,0.6288588212634849,0.7064639400792305,1.2508245377503826,0.8786483533641373,331.17568181818183,32.22100879558295,0.22661161209953862,39.92731361737867,11.819155643153017,3.9463562029682917,20,1,0
MATO GROSSO,MAGALHÃES DE ALMEIDA - MA,2106300,2106300,2012,6429.682029588784,6429.682029588784,198342.85609303525,30.85457578034576,2075.0,5398.0,2602.0,517.72,205.19,29.355991735537188,28.24576271186441,33.823389830508475,36.03181818181818,24.41677685950413,1.7685193328422515,242,59.0,45,32,1082.3484745762712,-392.4649999999999,-1.5184643081687512,-125.98568181818185,-1.1121777384913276,1.0849535396434469,1.5523495469055526,1.1246215331278933,1.2634068769126603,1.6023810349255283,1.1256010857697192,331.17568181818183,32.22100879558295,0.22661161209953862,40.153925229478205,-9.299349449132446,3.4292850628645706,20,1,0
MATO GROSSO,MAGALHÃES DE ALMEIDA - MA,2106300,2106300,2013,7709.687906347811,4793.8444033060105,171078.98072789403,35.68722017967703,2400.0,4656.0,1940.0,698.09,281.86,28.748801652892563,27.387118644067797,32.61542372881356,34.98537190082644,24.101652892561987,2.1646209911169207,242,59.0,33,23,750.1547457627119,-212.0949999999999,-0.8206048627038112,-49.315681818181815,-0.4353494991268752,0.4777634569988223,0.6835830834229878,0.2659774653312787,0.2988007511013233,0.3944149332306139,0.277058868903053,331.17568181818183,32.22100879558295,0.22661161209953862,40.38053684157774,-4.69331666190071,3.574792646535809,20,1,0
MATO GROSSO,MAGALHÃES DE ALMEIDA - MA,2106300,2106300,2014,9315.872886836938,9315.872886836938,432180.1914350279,46.39338623358013,3120.0,11762.0,3770.0,565.25,179.7,29.14603305785124,28.986610169491527,35.35728813559322,35.730702479338845,24.206322314049583,2.148049768518241,242,59.0,48,35,1237.5050847457628,-344.93499999999995,-1.3345686523338087,-151.47568181818184,-1.3371986309055692,0.8749948619575001,1.2519410535780136,1.865468990755012,2.095679552775537,3.136279340010276,2.203096113501352,331.17568181818183,32.22100879558295,0.22661161209953862,40.60714845367727,5.786237779902862,3.8371569110032997,20,1,0
MATO GROSSO,MAGALHÃES DE ALMEIDA - MA,2106300,2106300,2015,8216.25393865592,8216.25393865592,196468.9239587735,23.910437520383606,1608.0,5347.0,3325.0,618.78,295.22,29.21074074074074,27.408666666666665,32.261,35.7375720164609,24.40827160493827,2.0005638323689925,243,60.0,26,24,774.2639999999999,-291.405,-1.1274587331912782,-35.95568181818186,-0.3174099493954412,0.9397025448469982,1.344524688309351,0.2875254879301501,0.3230079347034068,0.0399912044170491,0.02809203437381,331.17568181818183,32.22100879558295,0.22661161209953862,40.8337600657768,-16.923322545393194,3.1743150799386837,20,1,0
MATO GROSSO,MAGALHÃES DE ALMEIDA - MA,2106300,2106300,2016,7536.714139218213,7536.714139218213,255516.1580716871,33.902859170693176,2280.0,6954.0,3050.0,890.46,346.2,28.832685950413225,27.10169491525424,31.89101694915254,35.01876033057851,24.17590909090909,2.416724364951513,242,59.0,27,17,542.1472881355932,-19.72499999999991,-0.076316890623695,15.02431818181816,0.1326318354330417,0.561647754519484,0.8036045834141154,-0.0194462634822762,-0.0218460542414044,-0.3299918464304063,-0.2318045287240201,331.17568181818183,32.22100879558295,0.22661161209953862,41.06037167787633,-7.1575125071831565,3.5234993521482583,20,1,0
MATO GROSSO,MAGALHÃES DE ALMEIDA - MA,2106300,2106300,2017,11253.17907868844,11253.17907868844,491962.3008947108,43.71684472010436,2940.0,13389.0,4554.0,766.31,403.51,28.84793388429752,27.44406779661017,32.493050847457624,35.04590909090909,24.131983471074378,2.394265769818273,242,59.0,26,23,747.3401694915253,-143.875,-0.5566586888965364,72.33431818181816,0.6385536614142178,0.576895688403777,0.8254212994223483,0.3229266178736552,0.3627777858965518,0.2720420518746778,0.1910973871326372,331.17568181818183,32.22100879558295,0.22661161209953862,41.286983289975865,2.429861430128497,3.777733490532499,20,1,0
MATO GROSSO,MAGALHÃES DE ALMEIDA - MA,2106300,2106300,2018,11253.17907868844,11253.17907868844,481931.25241130975,42.82466421561243,2880.0,13116.0,4554.0,983.63,308.47,28.43557851239669,27.2135593220339,31.930677966101698,34.31152892561983,24.064793388429752,2.1811609161047683,242,59.0,28,13,415.0988135593221,73.44500000000005,0.2841619281042998,-22.70568181818186,-0.2004414588309571,0.1645403165029542,0.2354239849339524,0.0924181432973831,0.1038231212492134,-0.290330829481249,-0.2039444362942707,331.17568181818183,32.22100879558295,0.22661161209953862,41.513594902075454,1.3110693135369758,3.7571142033297633,20,1,0
MATO GROSSO,MAGALHÃES DE ALMEIDA - MA,2106300,2106300,2019,11737.505626651317,11737.505626651317,498465.9477136191,42.46779201381566,2856.0,13566.0,4750.0,1019.25,367.53,28.835884773662556,27.186833333333333,31.7025,34.873786008230454,24.3941975308642,2.151490819640792,243,60.0,26,11,348.7275,109.06500000000004,0.4219772712736804,36.354318181818144,0.3209290357153394,0.5648465777688116,0.8081814538885476,0.0656921545968174,0.0737989780846481,-0.5185087955829459,-0.3642292629333559,331.17568181818183,32.22100879558295,0.22661161209953862,41.740206514174986,0.727585499640675,3.7487459536592467,20,1,0
MATO GROSSO,MAGALHÃES DE ALMEIDA - MA,2106300,2106300,2020,10452.557642260012,10452.557642260012,474068.0862008782,45.35250897833955,3050.0,12902.0,4230.0,633.71,224.84,28.91623966942149,28.169661016949156,33.79864406779661,35.23830578512397,24.185,1.8779717562902711,242,59.0,41,21,709.7715254237288,-276.4749999999999,-1.06969390799423,-106.33568181818184,-0.9387112600315456,0.6452014735277487,0.9231530922722726,1.0485198382126375,1.177913756010707,1.5776352722136622,1.1082182930571411,331.17568181818183,32.22100879558295,0.22661161209953862,41.96681812627452,3.385690852065032,3.814465499801229,20,1,0
MATO GROSSO,MAGALHÃES DE ALMEIDA - MA,2106300,2106300,2021,7269.840327075404,7269.840327075404,348073.707997281,47.88035374106667,3220.0,9473.0,2942.0,1043.76,227.13,28.7599173553719,27.43152542372881,32.89050847457627,34.95917355371901,24.076404958677685,2.147057233733121,242,59.0,42,15,493.3576271186441,133.57500000000005,0.5168075368851772,-104.04568181818183,-0.9184955737377594,0.4888791594781594,0.6994874102691002,0.3103842449922993,0.3486876056142703,0.6694996789933256,0.4702936125503939,331.17568181818183,32.22100879558295,0.22661161209953862,42.19342973837405,5.686924002692621,3.8687052687382257,20,1,0
MATO GROSSO,MAGALHÃES DE ALMEIDA - MA,2106300,2106300,2022,10378.4260277759,10378.4260277759,455255.277323584,43.86554147085301,2950.0,12390.0,4200.0,948.06,305.24,28.43797520661157,26.96084745762712,31.92915254237288,34.474462809917355,23.75421487603306,2.1226395802783986,242,59.0,25,16,510.86644067796607,37.875,0.146540037129149,-25.93568181818182,-0.2289552870968649,0.1669370107178274,0.2388531706479805,-0.1602937211093937,-0.1800749706545924,-0.2918562532100672,-0.2050159783108027,331.17568181818183,32.22100879558295,0.22661161209953862,42.42004135047358,1.4455001203794282,3.7811290795336374,20,1,0
MATO GROSSO,MAGALHÃES DE ALMEIDA - MA,2106300,2106300,2023,10378.4260277759,10378.4260277759,456798.5155517996,44.01423822160167,2960.0,12432.0,4200.0,632.15,221.24,29.90539094650206,29.638666666666666,35.81033333333333,36.42707818930042,24.98930041152263,2.045452563494084,243,60.0,50,25,895.2583333333333,-278.035,-1.075729616454203,-109.93568181818182,-0.9704913782226506,1.6343527506083184,2.338428936527956,2.5175254879301505,2.828203907324745,3.589324537750386,2.521340123736236,331.17568181818183,32.22100879558295,0.22661161209953862,42.646652962573114,1.3675852590285587,3.784513177517878,20,1,0
MATO GROSSO,MARAJÁ DO SENA - MA,2106359,2106359,2019,1235.5269080685596,1235.5269080685596,47399.45986662013,38.3637616931528,2580.0,1290.0,500.0,885.16,354.5,28.13288065843621,26.119000000000003,30.372333333333334,33.02115226337449,24.177654320987653,2.539235245986298,243,60.0,5,3,91.117,-340.6811363636365,-1.109647222949298,-86.60363636363638,-0.7298705579536048,1.1002326154103024,1.4362213638132686,0.5720957241910654,0.711457966925999,0.8576589625064202,0.7012417432313947,441.1036363636364,29.514674370826917,5.176133893560151,38.53624992402365,-0.1724882308708473,3.647113308115435,5,0,0
MATO GROSSO,MARAJÁ DO SENA - MA,2106359,2106359,2020,1210.8163699071883,1210.8163699071883,49677.57344160497,41.02543353155372,2759.0,1352.0,490.0,837.02,299.95,27.90723140495868,27.01372881355932,31.90728813559322,32.9049173553719,23.854917355371903,2.458851100536855,242,59.0,30,20,638.1457627118643,-388.82113636363647,-1.266446093244721,-141.1536363636364,-1.1896022806400977,0.8745833619327676,1.141663400311984,1.4668245377503837,1.8241422883218856,2.392613764766306,1.956256181805592,441.1036363636364,29.514674370826917,5.176133893560151,43.71238381758303,-2.686950286029308,3.714192204417058,5,0,0
MATO GROSSO,MARAJÁ DO SENA - MA,2106359,2106359,2021,2965.264579364543,2965.264579364543,158733.07490216973,53.53083026951554,3600.0,4320.0,1200.0,1472.47,413.33,26.81826446280992,25.07169491525424,28.559491525423727,31.330454545454547,23.258471074380164,2.163820072779287,242,59.0,0,8,228.47593220338985,246.6288636363636,0.8033055089411254,-27.7736363636364,-0.2340682253111417,-0.2143835802159941,-0.2798519818849057,-0.4752093605547003,-0.5909701317948275,-0.9551828454031864,-0.7809795185463828,441.1036363636364,29.514674370826917,5.176133893560151,48.88851771114423,4.642312558371309,3.980257754643973,5,0,0
MATO GROSSO,MARAJÁ DO SENA - MA,2106359,2106359,2022,2965.264579364543,2965.264579364543,158733.07490216973,53.53083026951554,3600.0,4320.0,1200.0,1163.41,365.1,27.14623966942149,25.55864406779661,29.53627118644068,32.03,23.20673553719008,2.2612274767604315,242,59.0,5,7,206.7538983050848,-62.43113636363637,-0.2033471469272475,-76.00363636363636,-0.6405368043243319,0.1135916263955785,0.1482802075620938,0.0117397919876722,0.0145995996587696,0.0215968156137655,0.0176580544147588,441.1036363636364,29.514674370826917,5.176133893560151,54.06465160470361,-0.5338213351880725,3.980257754643973,5,0,0
MATO GROSSO,MARAJÁ DO SENA - MA,2106359,2106359,2023,6805.282209641626,6805.282209641626,394664.80498245487,57.99173279197516,3900.0,10741.0,2754.0,1260.07,471.7,28.65292181069959,26.896833333333333,31.134833333333333,33.52148148148148,24.598312757201647,2.5438984086822067,243,60.0,20,10,311.34833333333336,34.228863636363485,0.1114883080531342,30.59636363636361,0.2578573595323153,1.6202737676736767,2.115072547173428,1.3499290575243954,1.67877112544173,1.6201589625064194,1.32467932458814,441.1036363636364,29.514674370826917,5.176133893560151,59.240785498262994,-1.2490527062878343,4.060300462317509,5,0,0
MATO GROSSO,MATA ROMA - MA,2106409,2106409,1994,24.71053816137119,24.71053816137119,220.46260403079128,8.921805044919257,600.0,6.0,10.0,1172.51,393.99,26.81657024793388,26.04627118644068,31.72661016949153,33.36004132231405,22.48694214876033,1.1907782825871749,242,59.0,23,12,380.7193220338983,-26.5886363636364,-0.0905198464038057,-39.92022727272723,-0.3323788248817732,-0.5312901107029937,-0.7531911188345319,-0.4937156522855694,-0.7412295838823745,-0.6872194401643519,-0.687597587880761,433.9102272727272,32.41382960965588,0.9224262034319852,22.350076726557973,-13.428271681638716,2.188498285415918,22,1,0
MATO GROSSO,MATA ROMA - MA,2106409,2106409,2003,1853.2903621028397,1853.2903621028397,66359.24381326817,35.80617758027595,2408.0,1806.0,750.0,1452.8,665.17,27.138930041152264,26.230166666666666,31.502666666666663,33.47687242798354,22.797736625514403,1.1949492914492756,243,60.0,28,5,157.51333333333332,253.7013636363636,0.8637151659348535,231.25977272727272,1.9254863199145715,-0.2089303174846115,-0.2961930900171785,-0.309820172059581,-0.4651419823353271,-0.9111629429892112,-0.9116643173189094,433.9102272727272,32.41382960965588,0.9224262034319852,30.651912557445712,5.154265022830238,3.5781204366284833,22,1,0
MATO GROSSO,MATA ROMA - MA,2106409,2106409,2004,3978.396643980762,3978.396643980762,141977.91699582958,35.68722017967703,2400.0,3864.0,1610.0,914.06,385.86,27.613223140495865,27.33779661016949,33.39559322033898,34.37801652892562,22.89392561983471,1.0722502919518984,242,59.0,41,21,701.3074576271185,-285.0386363636364,-0.9704015365780057,-48.05022727272723,-0.4000698184181486,0.2653627818589896,0.3761953903131252,0.7978097714432444,1.1977748774351604,0.9817636106831032,0.9823038335664148,433.9102272727272,32.41382960965588,0.9224262034319852,31.57433876087771,4.112881418799319,3.574792646535809,22,1,0
MATO GROSSO,MATA ROMA - MA,2106409,2106409,2005,4200.791487433103,4200.791487433103,161158.16354650844,38.3637616931528,2580.0,4386.0,1700.0,1177.56,361.23,27.699628099173555,26.73220338983051,32.559830508474576,34.45206611570248,22.99342975206612,1.6086331747764653,242,59.0,40,19,618.6367796610169,-21.53863636363644,-0.0733273428813461,-72.68022727272722,-0.6051410571390498,0.3517677405366797,0.4986886311776858,0.1922165511042628,0.28858026584887,0.1460008988186985,0.146081236922156,433.9102272727272,32.41382960965588,0.9224262034319852,32.496764964309705,5.866996728843098,3.647113308115435,22,1,0
MATO GROSSO,MATA ROMA - MA,2106409,2106409,2006,6597.713689086108,6597.713689086108,294317.5763811064,44.60902522459628,3000.0,8010.0,2670.0,1516.79,455.11,26.76797520661157,26.917118644067795,33.1657627118644,33.25268595041322,22.47413223140496,0.9139688379409532,242,59.0,40,19,630.1494915254236,317.6913636363636,1.081566314529348,21.199772727272773,0.176510907583573,-0.5798851520253052,-0.8220825828501747,0.3771318053415484,0.5661988836044345,0.7519331022085254,0.7523468591089771,433.9102272727272,32.41382960965588,0.9224262034319852,33.4191911677417,11.189834056854579,3.7979361978500186,22,1,0
MATO GROSSO,MATA ROMA - MA,2106409,2106409,2007,7413.161448411357,7413.161448411357,264555.1248369496,35.68722017967703,2400.0,7200.0,3000.0,1462.84,489.64,27.217530864197528,26.281166666666664,31.853,33.74362139917696,22.665308641975308,1.5685434609597155,243,60.0,32,12,382.236,263.7413636363636,0.8978959056111891,55.729772727272746,0.4640102934151894,-0.1303294944393478,-0.1847634950404473,-0.2588201720595826,-0.3885742077407829,-0.560829609655876,-0.5611382104081122,433.9102272727272,32.41382960965588,0.9224262034319852,34.3416173711737,1.3456028085033296,3.574792646535809,22,1,0
MATO GROSSO,MATA ROMA - MA,2106409,2106409,2008,7932.082749800152,7932.082749800152,318458.231522478,40.148122702136654,2700.0,8667.0,3210.0,1174.55,449.75,27.030247933884297,26.353389830508476,31.98322033898305,33.558181818181815,22.61694214876033,1.267905099273346,242,59.0,33,15,479.7483050847457,-24.548636363636437,-0.0835747558719607,15.83977272727276,0.1318831430872664,-0.3176124247525784,-0.4502678531670911,-0.1865970082177739,-0.2801434836320646,-0.4306092706728286,-0.4308462166945107,433.9102272727272,32.41382960965588,0.9224262034319852,35.264043574605694,4.88407912753096,3.6925756821921922,22,1,0
MATO GROSSO,MATA ROMA - MA,2106409,2106409,2009,8648.688356479917,8648.688356479917,354944.792489574,41.04030320662857,2760.0,9660.0,3500.0,743.15,240.32,27.5604958677686,27.458305084745763,33.725762711864405,34.36231404958678,22.914338842975205,0.9382966391128176,242,59.0,46,25,843.1440677966101,-455.9486363636364,-1.5522571359886173,-193.59022727272725,-1.611846841700323,0.2126355091317222,0.3014458086090812,0.918318246019517,1.3786977346525862,1.3119331022085277,1.3126550033622015,433.9102272727272,32.41382960965588,0.9224262034319852,36.18646977803769,4.853833428590882,3.7145545889109672,22,1,0
MATO GROSSO,MATA ROMA - MA,2106409,2106409,2010,9142.89911970734,9142.89911970734,244713.49047417837,26.76541513475777,1800.0,6660.0,3700.0,1380.34,475.97,27.657520661157022,26.127966101694916,31.647457627118644,34.27871900826447,23.00289256198347,1.8547432883141728,242,59.0,24,13,411.4169491525424,181.24136363636356,0.6170282738086297,42.05977272727273,0.3501928417986761,0.3096603025201503,0.4389944119328352,-0.4120207370313338,-0.6185786455155722,-0.7663719825372333,-0.7667936845412497,433.9102272727272,32.41382960965588,0.9224262034319852,37.108895981469686,-10.343480846711916,3.287110574084028,22,1,0
MATO GROSSO,MATA ROMA - MA,2106409,2106409,2011,13220.137916333586,13220.137916333586,554353.2178354247,41.9324837111205,2820.0,15087.0,5350.0,780.04,411.57,27.04942386831276,26.34883333333333,32.27916666666667,33.73341563786008,22.501069958847737,1.1114347799157924,243,60.0,32,22,710.1416666666667,-419.0586363636364,-1.426666748871085,-22.340227272727248,-0.1860064181942605,-0.2984364903241179,-0.4230828120456614,-0.1911535053929114,-0.2869842845859199,-0.134662942989209,-0.1347370422963591,433.9102272727272,32.41382960965588,0.9224262034319852,38.03132218490168,3.9011615262188144,3.736060794131931,22,1,0
MATO GROSSO,MATA ROMA - MA,2106409,2106409,2012,14826.322896822714,14826.322896822714,396832.68725542433,26.76541513475777,1800.0,10800.0,6000.0,845.74,294.09000000000003,28.472851239669424,27.51186440677966,33.63627118644068,35.447066115702484,23.66053719008265,1.539326161578646,242,59.0,47,32,1076.3606779661018,-353.3586363636364,-1.2029939802719556,-139.8202272727272,-1.1641537639080834,1.1249908810325486,1.594859613032087,0.9718775680534152,1.4591078934158852,1.222441576784803,1.2231142345469206,433.9102272727272,32.41382960965588,0.9224262034319852,38.95374838833368,-12.188333253575909,3.287110574084028,22,1,0
MATO GROSSO,MATA ROMA - MA,2106409,2106409,2013,16457.218415473213,16457.218415473213,602009.884073414,36.57940068416895,2460.0,16384.0,6660.0,979.45,435.87,27.851487603305788,26.334237288135597,31.87372881355932,34.42665289256198,23.355,1.7951905138935749,242,59.0,29,14,446.2322033898305,-219.64863636363637,-0.7477841493832253,1.959772727272764,0.0163172156229502,0.5036272446689125,0.7139744562265825,-0.205749550590653,-0.3088977492657728,-0.5401007960965565,-0.5403979906616954,433.9102272727272,32.41382960965588,0.9224262034319852,39.876174591765675,-3.296773907596723,3.5994852591261806,22,1,0
MATO GROSSO,MATA ROMA - MA,2106409,2106409,2014,16457.218415473213,16457.218415473213,690084.6943837152,41.9324837111205,2820.0,18781.0,6660.0,768.41,220.76,27.984586776859505,27.64033898305085,34.32118644067797,35.00954545454545,23.179214876033058,1.44990600450481,242,59.0,46,30,1029.6355932203392,-430.6886363636364,-1.4662605738148882,-213.15022727272725,-1.7747048778099792,0.6367264182226293,0.902664426970114,1.1003521443245994,1.6519904894367077,1.907356831022092,1.9084063686048125,433.9102272727272,32.41382960965588,0.9224262034319852,40.79860079519767,1.1338829159228254,3.736060794131931,22,1,0
MATO GROSSO,MATA ROMA - MA,2106409,2106409,2015,20015.535910710663,20015.535910710663,758942.514375999,37.91767144090684,2550.0,20655.0,8100.0,874.88,352.44,28.71349794238683,27.5075,33.582166666666666,35.75641975308642,23.903004115226334,1.6254930933361011,243,60.0,46,18,604.479,-324.2186363636364,-1.1037881282631483,-81.47022727272724,-0.6783272604828063,1.3656375837499546,1.9360158958466367,0.9675131612737538,1.4525554833267866,1.1683370570107885,1.1689799433499743,433.9102272727272,32.41382960965588,0.9224262034319852,41.72102699862967,-3.8033555577228313,3.6354172683522434,22,1,0
MATO GROSSO,MATA ROMA - MA,2106409,2106409,2016,20015.535910710663,20015.535910710663,803586.1916922342,40.148122702136654,2700.0,21870.0,8100.0,1082.15,419.06,28.086652892561982,26.630338983050848,32.26338983050847,34.73400826446281,23.5602479338843,1.9074229196403156,242,59.0,33,7,225.84372881355927,-116.9486363636363,-0.3981465034908269,-14.850227272727238,-0.1236441129559514,0.7387925339251105,1.0473599338737274,0.0903521443246013,0.1356482866819614,-0.1504397791474048,-0.1505225597784767,433.9102272727272,32.41382960965588,0.9224262034319852,42.643453202061664,-2.4953304999250108,3.6925756821921922,22,1,0
MATO GROSSO,MATA ROMA - MA,2106409,2106409,2017,20756.8520555518,20756.8520555518,1046315.5187301354,50.40819850379379,3390.0,28476.0,8400.0,906.58,391.9,28.05607438016529,26.787288135593226,32.88864406779661,34.98599173553719,23.31925619834711,1.7020178050045525,242,59.0,39,13,427.552372881356,-292.51863636363635,-0.9958668685281044,-42.01022727272726,-0.3497803226051468,0.7082140215284127,1.004009862979523,0.2473012968669756,0.3712805873617584,0.4748144581407345,0.4750757284025609,433.9102272727272,32.41382960965588,0.9224262034319852,43.56587940549366,6.8423190983001305,3.9201538305742676,22,1,0
MATO GROSSO,MATA ROMA - MA,2106409,2106409,2018,20806.273131874543,20806.273131874543,1020962.3192665944,49.06992774705591,3300.0,27786.0,8420.0,1354.92,418.72,27.740537190082645,26.68423728813559,32.19949152542373,34.12210743801653,23.35309917355372,1.7712103255354346,242,59.0,29,13,418.5933898305085,155.82136363636369,0.5304869986520113,-15.190227272727212,-0.126474978614299,0.3926768314457689,0.5566839962928959,0.1442504494093448,0.2165673705007212,-0.2143380842321463,-0.2144560253909012,433.9102272727272,32.41382960965588,0.9224262034319852,44.48830560892543,4.581622138130477,3.8932463776543433,22,1,0
MATO GROSSO,MATA ROMA - MA,2106409,2106409,2019,19768.430529096957,19768.430529096957,791093.3107971561,40.01429562646287,2691.0,21530.0,8000.0,1380.86,667.57,27.983251028806585,26.8645,32.37833333333334,34.59205761316873,23.47753086419753,1.4229377301314332,243,60.0,37,8,259.0266666666667,181.7613636363635,0.6187985910030215,233.6597727272728,1.9454689010323207,0.6353906701697092,0.9007707844004664,0.324513161273753,0.4872009918700494,-0.0354962763225401,-0.0355158084181822,433.9102272727272,32.41382960965588,0.9224262034319852,45.410731812357426,-5.396436185894558,3.6892367809266777,22,1,0
MATO GROSSO,MATA ROMA - MA,2106409,2106409,2020,20139.08860151752,20139.08860151752,958277.4521871728,47.58296023956937,3200.0,26080.0,8150.0,1104.12,336.4,27.570330578512397,27.052881355932204,33.12305084745763,34.19971074380165,23.046157024793388,1.2075161804087955,242,59.0,36,19,629.3379661016949,-94.9786363636365,-0.3233506020277702,-97.51022727272726,-0.811877510953097,0.2224702198755181,0.3153881287074777,0.5128945172059574,0.7700233683177375,0.7092212378017493,0.7096114921744129,433.9102272727272,32.41382960965588,0.9224262034319852,46.33315801578942,1.2498022237799447,3.8624747189875897,22,1,0
MATO GROSSO,MATA ROMA - MA,2106409,2106409,2021,20262.641292324377,20262.641292324377,921533.6848487076,45.48633605401334,3059.0,25080.0,8200.0,1262.5,299.78,27.77322314049587,26.88237288135593,33.113389830508474,34.407396694214874,23.28520661157025,1.4197733527708565,242,59.0,42,14,463.5874576271186,63.40136363636361,0.2158471619102831,-134.13022727272727,-1.116778394508087,0.4253627818589933,0.6030217072081836,0.3423860426296841,0.5140340654193828,0.6995602208525966,0.6999451591773082,433.9102272727272,32.41382960965588,0.9224262034319852,47.25558421922142,-1.7692481652080758,3.817411974350675,22,1,0
MATO GROSSO,MATA ROMA - MA,2106409,2106409,2022,20460.325597615345,20460.325597615345,973562.8593999743,47.58296023956937,3200.0,26496.0,8280.0,1126.08,352.16,27.453884297520663,26.589152542372883,32.64728813559322,34.19223140495868,22.796652892561983,1.2983892810504092,242,59.0,36,13,424.4147457627119,-73.01863636363646,-0.2485887451261433,-81.75022727272727,-0.6806585616132107,0.1060239388837871,0.1503063722482228,0.0491657036466364,0.0738138924430969,0.233458525937344,0.2335869882643677,433.9102272727272,32.41382960965588,0.9224262034319852,48.178010422653415,-0.595050183084048,3.8624747189875897,22,1,0
MATO GROSSO,MATA ROMA - MA,2106409,2106409,2023,20509.746673938087,20509.746673938087,970035.4577354816,47.300436413146926,3181.0,26400.0,8300.0,1086.1,309.02,29.008230452674898,28.37066666666667,34.9485,36.098888888888894,24.06102880658436,1.5210684846849816,243,60.0,50,22,768.867,-112.99863636363648,-0.3846989017257353,-124.89022727272726,-1.0398454572047524,1.6603700940380222,2.35384770695836,1.830679827940422,2.7484525572652125,2.534670390344118,2.5360651119773263,433.9102272727272,32.41382960965588,0.9224262034319852,49.10043662608541,-1.8000002129384853,3.856519521948916,22,1,0
MATO GROSSO,MATÕES - MA,2106607,2106607,2018,766.0266830025068,766.0266830025068,30754.533262295383,40.148122702136654,2700.0,837.0,310.0,1015.94,271.26,28.169008264462807,26.693220338983053,30.88050847457627,32.68231404958678,24.29578512396694,2.8191562861797013,242,59.0,13,12,370.5661016949152,-113.33545454545448,-0.4038026809030038,-133.0256818181818,-1.1074363656157171,0.660166136804218,0.726768369933283,0.821697483307652,1.009620196708327,1.2832990498202363,1.152585108371258,404.2856818181818,29.597209424756034,2.5788265058417688,37.20534319684066,2.942779505295995,3.6925756821921922,6,0,0
MATO GROSSO,MATÕES - MA,2106607,2106607,2019,2471.053816137119,2471.053816137119,80836.28814462347,32.71328516470394,2200.0,2200.0,1000.0,1122.04,447.48,28.72925925925926,26.35983333333333,29.865333333333336,33.19835390946502,24.752592592592592,2.931568323861064,243,60.0,3,10,298.65333333333336,-7.235454545454559,-0.025779187587187,43.19431818181823,0.3595919080339843,1.2204171316006691,1.343541451044031,0.4883104776579294,0.5999873804203298,0.2681239085773015,0.240813413107244,404.2856818181818,29.597209424756034,2.5788265058417688,39.78416970268245,-7.0708845379785075,3.487781269546179,6,0,0
MATO GROSSO,MATÕES - MA,2106607,2106607,2020,1606.1849804891274,1606.1849804891274,71650.34631000717,44.60902522459628,3000.0,1950.0,650.0,932.63,398.31,28.1150826446281,26.99,31.24745762711864,32.80442148760331,23.97805785123967,2.422844465570338,242,59.0,25,17,531.2067796610169,-196.64545454545453,-0.7006277254660647,-5.975681818181784,-0.0497474417296965,0.6062405169695104,0.6674023518357278,1.1184771443246009,1.3742735464165623,1.650248202362608,1.482157649400596,404.2856818181818,29.597209424756034,2.5788265058417688,42.36299620852424,2.2460290160720433,3.7979361978500186,6,0,0
MATO GROSSO,MATÕES - MA,2106607,2106607,2021,12355.269080685595,12355.269080685595,587900.2774154434,47.58296023956937,3200.0,16000.0,5000.0,1487.8,373.83,26.90210743801653,25.536949152542373,28.96779661016949,31.14698347107438,23.201694214876035,1.90902902173764,242,59.0,1,11,318.6457627118644,358.52454545454543,1.2773864383807043,-30.4556818181818,-0.2535429935339453,-0.6067346896420602,-0.667946380145682,-0.334573703133028,-0.4110909122063456,-0.6294128145865443,-0.5653022475253227,404.2856818181818,29.597209424756034,2.5788265058417688,44.941822714366026,2.641137525203341,3.8624747189875897,6,0,0
MATO GROSSO,MATÕES - MA,2106607,2106607,2022,14826.322896822714,14826.322896822714,727526.5933016113,49.06992774705591,3300.0,19800.0,6000.0,1111.05,318.77,27.343347107438017,25.811355932203387,29.662881355932203,31.890578512396694,23.31834710743801,2.227711168248922,242,59.0,0,10,296.62881355932205,-18.225454545454568,-0.064935438214339,-85.5156818181818,-0.7119164854596777,-0.1654950202205718,-0.1821913293826679,-0.0601669234720141,-0.0739271354058728,0.0656719311761691,0.0589827366600463,404.2856818181818,29.597209424756034,2.5788265058417688,47.520649220207815,1.5492785268480915,3.8932463776543433,6,0,0
MATO GROSSO,MATÕES - MA,2106607,2106607,2023,20756.8520555518,20756.8520555518,992081.7181385608,47.79113569061749,3214.0,27000.0,8400.0,893.43,341.88,29.434897119341564,28.123833333333334,32.42333333333333,34.260041152263376,25.145843621399177,2.6580424292113003,243,60.0,33,19,616.0433333333333,-235.84545454545457,-0.8402933327985816,-62.40568181818179,-0.5195261585725786,1.9260549916829743,2.120369053589352,2.2523104776579324,2.767415251593057,2.826123908577298,2.538261313210241,404.2856818181818,29.597209424756034,2.5788265058417688,50.099475726049604,-2.308340035432117,3.86684017649723,6,0,0
MATO GROSSO,MILAGRES DO MARANHÃO - MA,2106672,2106672,2005,66.71845303570221,66.71845303570221,2572.063713692565,38.542197794051184,2592.0,70.0,27.0,1049.42,342.82,28.04921487603306,26.96440677966102,31.86813559322034,34.109421487603306,23.625413223140495,1.8808766284358007,242,59.0,28,18,573.6264406779661,-50.03886363636366,-0.1717342963418787,-56.314772727272725,-0.5156391600568657,0.3953002878494196,0.5562415650775883,0.2984261042629725,0.3799233774677349,0.2199754750898854,0.1855697812858346,399.1347727272727,31.648160118130452,0.22129728712294722,38.19009954056804,0.35209825348314183,3.651753687671937,19,0,0
MATO GROSSO,MILAGRES DO MARANHÃO - MA,2106672,2106672,2006,2347.501125330263,2347.501125330263,115191.71060608844,49.06992774705591,3300.0,3135.0,950.0,1281.94,431.39,27.4245041322314,27.33949152542373,32.78915254237288,33.29309917355372,23.287768595041324,1.4270193386667624,242,59.0,32,19,622.9938983050847,182.48113636363632,0.6262786017047303,32.25522727272727,0.2953409468400046,-0.2294104559522374,-0.3228118850058737,0.6735108500256821,0.8574401275480882,1.1409924242424268,0.9625332757160476,399.1347727272727,31.648160118130452,0.22129728712294722,38.41139682769102,10.658530919364885,3.8932463776543433,19,0,0
MATO GROSSO,MILAGRES DO MARANHÃO - MA,2106672,2106672,2007,3706.5807242056794,3706.5807242056794,133747.3131120134,36.07383173162353,2426.0,3640.0,1500.0,1323.66,421.2,27.542427983539092,26.34333333333333,31.011166666666668,33.31909465020576,23.3259670781893,1.899629876400363,243,60.0,17,17,527.1898333333334,224.20113636363635,0.7694624057065562,22.06522727272727,0.2020374886794637,-0.1114866046445435,-0.1568768993062048,-0.322647342064716,-0.4107592002749066,-0.6369934514637876,-0.5373632466089359,399.1347727272727,31.648160118130452,0.22129728712294722,38.632694114813944,-2.558862383190416,3.5855677197037674,19,0,0
MATO GROSSO,MILAGRES DO MARANHÃO - MA,2106672,2106672,2008,3607.7385715601936,3607.7385715601936,177031.47103672542,49.06992774705591,3300.0,4818.0,1460.0,1201.03,410.92,27.40384297520661,26.423898305084744,31.102203389830507,33.08239669421487,23.36404958677686,1.636956144563532,242,59.0,19,17,528.7374576271186,101.57113636363624,0.3485940000319658,11.785227272727298,0.1079099567962097,-0.2500716129770275,-0.351884958497186,-0.2420823703133017,-0.3081927165251545,-0.5459567282999487,-0.4605652999306089,399.1347727272727,31.648160118130452,0.22129728712294722,38.85399140193692,10.215936345118983,3.8932463776543433,19,0,0
MATO GROSSO,MILAGRES DO MARANHÃO - MA,2106672,2106672,2009,7042.503375990789,7042.503375990789,256361.2647204718,36.40096458327056,2448.0,6977.0,2850.0,639.15,169.54,27.928223140495867,28.01135593220339,33.56864406779661,33.79545454545455,23.68851239669421,1.0082015044886452,242,59.0,47,29,973.4906779661018,-460.30886363636375,-1.5797884494537937,-229.59477272727275,-2.102255767520902,0.2743085523122275,0.3859896467124339,1.345375256805344,1.7127841841764362,1.9204839496661563,1.6201069067216711,399.1347727272727,31.648160118130452,0.22129728712294722,39.075288689059846,-2.674324105789289,3.594595273831988,19,0,0
MATO GROSSO,MILAGRES DO MARANHÃO - MA,2106672,2106672,2010,7289.608757604501,7289.608757604501,195109.40456725028,26.76541513475777,1800.0,5310.0,2950.0,1310.91,440.92,27.775413223140493,26.08372881355932,30.65084745762712,33.58049586776859,23.58615702479339,2.13470610635008,242,59.0,13,14,429.11186440677966,211.45113636363635,0.7257041722208591,41.7852272727273,0.3826011977006481,0.121498634956854,0.1709651951706523,-0.5822518618387242,-0.7412591952469221,-0.9973126605033364,-0.8413260260380161,399.1347727272727,31.648160118130452,0.22129728712294722,39.296585976182826,-12.531170841425055,3.287110574084028,19,0,0
MATO GROSSO,MILAGRES DO MARANHÃO - MA,2106672,2106672,2011,5930.529158729086,5930.529158729086,232808.5098565156,39.25594219764473,2640.0,6336.0,2400.0,669.9399999999999,319.06,27.750823045267488,26.884,32.2255,33.73506172839507,23.44012345679012,1.454326170105415,243,60.0,31,22,708.9609999999999,-429.5188636363638,-1.474116605608726,-80.07477272727272,-0.7331946228531808,0.0969084570838489,0.1363634520248771,0.2180193246019541,0.2775582865332003,0.5773398818695412,0.4870399100733503,399.1347727272727,31.648160118130452,0.22129728712294722,39.51788326330575,-0.26194106566101993,3.6701028263401336,19,0,0
MATO GROSSO,MILAGRES DO MARANHÃO - MA,2106672,2106672,2012,7907.372211638781,7907.372211638781,211644.09986955964,26.76541513475777,1800.0,5760.0,3200.0,713.68,271.72,28.748512396694217,27.717966101694916,32.98474576271186,35.076322314049584,24.246446280991737,1.5796271219006155,242,59.0,40,30,989.5423728813558,-385.7788636363638,-1.3240001246154407,-127.41477272727268,-1.1666574010003845,1.094597808510578,1.5402488104647,1.0519854262968664,1.339272437954518,1.3365856445814046,1.127534356424999,399.1347727272727,31.648160118130452,0.22129728712294722,39.73918055042867,-12.9737654156709,3.287110574084028,19,0,0
MATO GROSSO,MILAGRES DO MARANHÃO - MA,2106672,2106672,2013,6548.2926127633655,6548.2926127633655,268743.91431353457,41.04030320662857,2760.0,7314.0,2650.0,902.69,409.48,28.13830578512397,26.60440677966102,31.45881355932203,34.03632231404959,23.913801652892563,2.004623499559737,242,59.0,18,14,440.4233898305084,-196.7688636363638,-0.6753143433502181,10.3452272727273,0.0947247772327967,0.4843911969403294,0.6816046579721474,-0.0615738957370268,-0.0783891291615804,-0.189346558808424,-0.1597314404751126,399.1347727272727,31.648160118130452,0.22129728712294722,39.96047783755165,1.0798253690769215,3.7145545889109672,19,0,0
MATO GROSSO,MILAGRES DO MARANHÃO - MA,2106672,2106672,2014,6548.2926127633655,6548.2926127633655,262901.6553067186,40.148122702136654,2700.0,7155.0,2650.0,619.0,161.83,28.48851239669421,28.304237288135592,34.434576271186444,34.853388429752066,23.915371900826447,1.7492635847856972,242,59.0,47,32,1101.9064406779662,-480.4588636363637,-1.6489436184527575,-237.3047727272727,-2.1728514164333426,0.8345978085105763,1.1743932536499666,1.6382566127375462,2.0856485963494378,2.7864161530559883,2.3506012926333333,399.1347727272727,31.648160118130452,0.22129728712294722,40.18177512467457,-0.033652422537919335,3.6925756821921922,19,0,0
MATO GROSSO,MILAGRES DO MARANHÃO - MA,2106672,2106672,2015,8648.688356479917,8648.688356479917,369091.1429148831,42.67596746486378,2870.0,10045.0,3500.0,736.92,335.48,28.871069958847738,27.39033333333333,32.37533333333333,35.20152263374485,24.379012345679016,1.7799374603772251,243,60.0,30,22,712.2573333333332,-362.53886363636377,-1.2442400190305312,-63.6547727272727,-0.5828469503314848,1.2171553706640983,1.7127040610167474,0.7243526579352881,0.922166339838693,0.7271732152028747,0.613438268275022,399.1347727272727,31.648160118130452,0.22129728712294722,40.40307241179755,2.272895053066229,3.7536359389534386,19,0,0
MATO GROSSO,MILAGRES DO MARANHÃO - MA,2106672,2106672,2016,8648.688356479917,8648.688356479917,331796.2190663409,38.3637616931528,2580.0,9030.0,3500.0,967.65,361.88,28.36429752066116,26.921355932203387,31.78779661016949,34.35566115702479,24.058305785123967,2.14790463423151,242,59.0,29,12,381.45355932203387,-131.80886363636375,-0.4523704337634825,-37.25477272727272,-0.3411186583355791,0.7103829324775184,0.9996059358201697,0.2553752568053404,0.325115761326558,0.1396364920390347,0.1177963737849261,399.1347727272727,31.648160118130452,0.22129728712294722,40.624369698920475,-2.260608005767672,3.647113308115435,19,0,0
MATO GROSSO,MILAGRES DO MARANHÃO - MA,2106672,2106672,2017,9019.346428900484,9019.346428900484,435891.3119362128,48.32644399331264,3250.0,11863.0,3650.0,866.62,442.08,28.368388429752063,27.013050847457627,32.23050847457627,34.48842975206612,23.925537190082643,2.0627171295114817,242,59.0,27,15,483.457627118644,-232.83886363636373,-0.7991072438858329,42.94522727272727,0.3932225923489528,0.7144738415684273,1.00536240437145,0.3470701720595812,0.4418516681469297,0.582348356445813,0.4912650244017301,399.1347727272727,31.648160118130452,0.22129728712294722,40.845666986043454,7.480777007269182,3.877978905523555,19,0,0
MATO GROSSO,MILAGRES DO MARANHÃO - MA,2106672,2106672,2018,9068.767505223226,9068.767505223226,351968.5473351583,38.80985194539876,2610.0,9579.0,3670.0,1271.28,394.92,27.950826446280992,26.78966101694915,31.445254237288136,33.64644628099173,23.86855371900826,1.9705220096464309,242,59.0,24,12,377.3430508474576,171.82113636363624,0.5896932864923747,-4.214772727272703,-0.0385920383528241,0.2969118580973529,0.4177955891119365,0.123680341551104,0.1574562426584901,-0.2029058808423194,-0.1711699902642925,399.1347727272727,31.648160118130452,0.22129728712294722,41.06696427316638,-2.257112327767615,3.658674130516511,19,0,0
MATO GROSSO,MILAGRES DO MARANHÃO - MA,2106672,2106672,2019,8846.372661770885,8846.372661770885,327533.9420550789,37.02549093641491,2490.0,8914.0,3580.0,1212.4,504.2,28.257448559670785,26.92,31.520333333333333,34.15069958847737,24.08987654320988,1.754746830303071,243,60.0,26,9,283.683,112.94113636363636,0.3876160482462701,105.06522727272728,0.9620165885150768,0.6035339714871455,0.849254835365522,0.2540193246019555,0.3233895371961337,-0.1278267847971221,-0.1078337868691076,399.1347727272727,31.648160118130452,0.22129728712294722,41.2882615602893,-4.262770623874388,3.611606619658525,19,0,0
MATO GROSSO,MILAGRES DO MARANHÃO - MA,2106672,2106672,2020,12231.716389878738,12231.716389878738,563833.1098087487,46.09599273208283,3100.0,15345.0,4950.0,908.2,311.26,28.07917355371901,27.43322033898305,32.78322033898305,34.05760330578513,23.808636363636364,1.4855905886683636,242,59.0,32,19,622.881186440678,-191.25886363636369,-0.6564039224477715,-87.87477272727273,-0.804614345488335,0.4252589655353702,0.5983975216399979,0.7672396635850021,0.9767653705640986,1.1350602208525942,0.9575289101832788,399.1347727272727,31.648160118130452,0.22129728712294722,41.50955884741228,4.586433884670548,3.8307260206730094,19,0,0
MATO GROSSO,MILAGRES DO MARANHÃO - MA,2106672,2106672,2021,12355.269080685595,12355.269080685595,523598.6845731293,42.37857396336647,2850.0,14250.0,5000.0,1316.25,281.21,28.11351239669421,27.07593220338983,32.49457627118644,34.09607438016529,23.86004132231405,1.7719283099297014,242,59.0,40,10,324.9457627118644,216.79113636363627,0.7440311500101626,-117.92477272727274,-1.0797634051276142,0.4595978085105763,0.6467169697825658,0.4099515279917831,0.5219053121956455,0.8464161530559835,0.7140307815460581,399.1347727272727,31.648160118130452,0.22129728712294722,41.7308561345352,0.6477178288312686,3.746642903462468,19,0,0
MATO GROSSO,MILAGRES DO MARANHÃO - MA,2106672,2106672,2022,12157.584775394624,12157.584775394624,533299.0391504841,43.86554147085301,2950.0,14514.0,4920.0,1037.04,360.32,27.777561983471077,26.60813559322034,31.58593220338983,33.67557851239669,23.452561983471075,1.681098314134321,242,59.0,20,15,473.7889830508475,-62.41886363636377,-0.2142226830519127,-38.814772727272725,-0.3554026028626099,0.1236473952874348,0.1739887948137524,-0.0578450821777067,-0.0736420128028988,-0.0622279147406246,-0.0524950362015253,399.1347727272727,31.648160118130452,0.22129728712294722,41.95215342165818,1.913388049194829,3.7811290795336374,19,0,0
MATO GROSSO,MILAGRES DO MARANHÃO - MA,2106672,2106672,2023,11613.95293584446,11613.95293584446,496775.7344160497,42.78005519038783,2877.0,13520.0,4700.0,862.29,279.12,29.28633744855967,28.925666666666665,34.89033333333334,35.66061728395062,24.683621399176957,1.783261984999824,243,60.0,48,28,976.9293333333336,-237.16886363636377,-0.8139678831794069,-120.01477272727271,-1.0989002282439566,1.6324228603760318,2.297042209769113,2.2596859912686185,2.8767843079263096,3.2421732152028824,2.7350747813598155,399.1347727272727,31.648160118130452,0.22129728712294722,42.173450708781104,0.6066044816067233,3.7560719937513194,19,0,0
MATO GROSSO,MIRADOR - MA,2106706,2106706,1983,,74.13161448411357,257.2063713692565,3.464634292443644,233.0,7.0,30.0,1277.72,437.34,25.694156378600823,23.6995,27.416833333333333,30.16625514403292,22.06205761316872,2.66393444039402,243,60.0,0,0,0.0,268.8611363636363,1.0693688296431707,89.08772727272725,0.7828305607264977,-0.694508553742196,-0.7320511820402456,-1.2831368130457117,-1.567793518635108,-1.765776450950181,-1.5694359666754178,348.2522727272727,29.182609784283517,0.6645145722848147,21.487010893007664,-18.02237660056402,1.2426070837654724,25,1,0
MATO GROSSO,MIRADOR - MA,2106706,2106706,2000,741.3161448411357,741.3161448411357,36376.32966508056,49.06992774705591,3300.0,990.0,300.0,906.84,240.34,25.86429752066116,24.417966101694915,28.66220338983051,30.857603305785123,21.769256198347108,1.8208296073032135,242,59.0,0,11,315.2842372881356,-102.01886363636368,-0.4057700353568086,-107.91227272727272,-0.9482453706530114,-0.5243674116818617,-0.5527128233003484,-0.5646707113507965,-0.6899397417470217,-0.5204063944530049,-0.4625412873203301,348.2522727272727,29.182609784283517,0.6645145722848147,32.78375862184953,16.286169125206378,3.8932463776543433,25,1,0
MATO GROSSO,MIRADOR - MA,2106706,2106706,2001,1532.0533660050137,1532.0533660050137,63934.15516892947,41.72430826007239,2806.0,1740.0,620.0,1109.37,444.33,26.360702479338844,24.84677966101695,29.071016949152543,31.416652892561984,22.145454545454545,2.036899625751855,242,59.0,5,13,377.9232203389831,100.51113636363618,0.3997731978411142,96.07772727272726,0.8442530011343291,-0.0279624530041751,-0.0294740023922725,-0.1358571520287625,-0.165996299260826,-0.1115928351309705,-0.0991845875980404,348.2522727272727,29.182609784283517,0.6645145722848147,33.448273194134345,8.276035065938046,3.731083890862178,25,1,0
MATO GROSSO,MIRADOR - MA,2106706,2106706,2002,2100.395743716552,2100.395743716552,99943.0471606254,47.58296023956937,3200.0,2720.0,850.0,902.25,294.45,26.83698347107438,25.57593220338983,29.97915254237288,32.0251652892562,22.649545454545454,2.150470466651756,242,59.0,14,16,479.6664406779661,-106.60886363636372,-0.4240263106759144,-53.80227272727274,-0.472770656709127,0.4483185387313604,0.4725530224796541,0.5932953903441174,0.7249146452354622,0.796542758089366,0.7079734543223661,348.2522727272727,29.182609784283517,0.6645145722848147,34.11278776641916,13.470172473150207,3.8624747189875897,25,1,0
MATO GROSSO,MIRADOR - MA,2106706,2106706,2003,3088.817270171399,3088.817270171399,135033.34496885966,43.71684472010436,2940.0,3675.0,1250.0,1197.44,729.16,26.903580246913577,25.05216666666667,29.081833333333336,31.96423868312757,22.73654320987654,2.416039195320965,243,60.0,5,5,145.4091666666667,188.58113636363635,0.7500629946501857,380.9077272727272,3.3471076079100937,0.5149153145705583,0.5427497798996513,0.0695298536209563,0.084954661693351,-0.1007764509501782,-0.0895709004557186,348.2522727272727,29.182609784283517,0.6645145722848147,34.777302338703976,8.939542381400386,3.777733490532499,25,1,0
MATO GROSSO,MIRADOR - MA,2106706,2106706,2004,4447.896869046815,4447.896869046815,153258.2535687384,34.4530371484632,2317.0,4171.0,1800.0,865.36,259.9,27.06004132231405,26.09372881355932,30.61237288135593,32.24615702479339,22.725247933884297,1.8563553498744203,242,59.0,15,18,551.0227118644068,-143.4988636363637,-0.5707526715739116,-88.35227272727275,-0.7763679837607111,0.6713763899710301,0.7076685769008473,1.111092000513608,1.3575815293442863,1.4297630970724209,1.2707846608573914,348.2522727272727,29.182609784283517,0.6645145722848147,35.44181691098879,-0.9887797625255885,3.539597154632148,25,1,0
MATO GROSSO,MIRADOR - MA,2106706,2106706,2005,1976.8430529096952,1976.8430529096952,82306.03883816209,41.6350902096232,2800.0,2240.0,800.0,916.16,204.73,27.251322314049585,26.07915254237288,31.109830508474577,32.562396694214875,22.80256198347108,2.6149569602540947,242,59.0,17,21,653.3064406779661,-92.69886363636374,-0.3687006484343547,-143.52227272727274,-1.2611571164216628,0.8626573817065655,0.9092895293676296,1.0965157293271697,1.3397715941451531,1.9272207241910628,1.712928903678666,348.2522727272727,29.182609784283517,0.6645145722848147,36.10633148327361,5.528758726349594,3.7289433263630674,25,1,0
MATO GROSSO,MIRADOR - MA,2106706,2106706,2006,4596.1600980150415,4596.1600980150415,143521.15522404513,31.2263176572174,2100.0,3906.0,1860.0,913.06,336.85,26.56359504132232,26.519152542372883,31.38966101694915,31.87904958677686,22.16247933884297,1.5713577028635952,242,59.0,25,19,596.4035593220339,-95.79886363636376,-0.3810305947283041,-11.402272727272702,-0.1001939080264303,0.1749301089792965,0.1843861999434185,1.5365157293271707,1.8773831264353384,2.2070512326656377,1.9616444556030013,348.2522727272727,29.182609784283517,0.6645145722848147,36.77084605555842,-5.544528398341022,3.441261253911286,25,1,0
MATO GROSSO,MIRADOR - MA,2106706,2106706,2007,4695.002250660526,4695.002250660526,146607.63168047622,31.2263176572174,2100.0,3990.0,1900.0,1187.67,456.2,26.35716049382716,24.677,28.544500000000003,31.31061728395062,22.234156378600822,2.375049839181926,243,60.0,1,22,627.979,178.81113636363636,0.7112037768140937,107.94772727272726,0.9485569163905462,-0.03150443851586,-0.0332074548697503,-0.3056368130457123,-0.3734406258768039,-0.6381097842835111,-0.5671569838883811,348.2522727272727,29.182609784283517,0.6645145722848147,37.43536062784324,-6.209042970625838,3.441261253911286,25,1,0
MATO GROSSO,MIRADOR - MA,2106706,2106706,2008,4942.107632274238,4942.107632274238,154323.8228215539,31.2263176572174,2100.0,4200.0,2000.0,1063.49,340.4,26.72330578512397,25.08169491525424,29.330338983050847,31.866446280991735,22.548388429752062,2.3150124842801665,242,59.0,2,14,410.6247457627119,54.6311363636363,0.2172899926906642,-7.852272727272748,-0.0689993925117238,0.3346408527809466,0.352730330702569,0.0990581022085237,0.1210335866229137,0.1477291987673332,0.1313028711810224,348.2522727272727,29.182609784283517,0.6645145722848147,38.099875200128054,-6.873557542910653,3.441261253911286,25,1,0
MATO GROSSO,MIRADOR - MA,2106706,2106706,2009,7289.608757604501,7289.608757604501,227627.638661792,31.2263176572174,2100.0,6195.0,2950.0,1168.27,380.44,26.0898347107438,25.084745762711865,29.13050847457627,30.81438016528925,22.141446280991733,1.5817787579039435,242,59.0,0,16,466.08813559322033,159.41113636363627,0.6340421774261523,32.18772727272727,0.2828395937442944,-0.2988302215992178,-0.314983905917824,0.1021089496661531,0.1247612474785495,-0.0521013097072433,-0.0463080529369625,348.2522727272727,29.182609784283517,0.6645145722848147,38.76438977241287,-7.538072115195469,3.441261253911286,25,1,0
MATO GROSSO,MIRADOR - MA,2106706,2106706,2010,7166.056066797645,7166.056066797645,266392.3132038728,37.17418768716357,2500.0,7250.0,2900.0,1260.62,545.7,26.135661157024792,24.39033898305085,28.25084745762712,30.96388429752066,22.16429752066116,2.2790179003472555,242,59.0,0,13,367.2610169491525,251.76113636363615,1.0013552549249334,197.4477272727273,1.7350101948599177,-0.253003775318227,-0.2666802471825337,-0.592297829994866,-0.7236957817174783,-0.931762326656397,-0.8281576680110436,348.2522727272727,29.182609784283517,0.6645145722848147,39.428904344697685,-2.254716657534118,3.615614641056064,25,1,0
MATO GROSSO,MIRADOR - MA,2106706,2106706,2011,7277.253488523816,7277.253488523816,324631.18443534017,44.60902522459628,3000.0,8835.0,2945.0,974.45,357.66,25.55078189300412,24.096833333333333,27.87933333333333,30.242798353909464,21.59913580246913,1.6017079616401717,243,60.0,0,18,501.828,-34.40886363636366,-0.1368578840878034,9.4077272727273,0.0826674632020346,-0.8378830393389016,-0.8831759753778393,-0.8858034797123793,-1.0823140137185194,-1.3032764509501824,-1.158362337169948,348.2522727272727,29.182609784283517,0.6645145722848147,40.0934189169825,4.51560630761378,3.7979361978500186,25,1,0
MATO GROSSO,MIRADOR - MA,2106706,2106706,2012,8475.714589350318,8475.714589350318,378093.3659128071,44.60902522459628,3000.0,10290.0,3430.0,702.14,262.92,26.94103305785124,25.393050847457623,29.51542372881356,32.04099173553719,22.78123966942149,2.1241715414466458,242,59.0,4,21,619.8238983050848,-306.7188636363637,-1.2199442309604966,-85.33227272727271,-0.7498306776045376,0.5523681255082202,0.5822271547568986,0.4104140344119145,0.5014620861672395,0.3328139445300451,0.2958076456821583,348.2522727272727,29.182609784283517,0.6645145722848147,40.757933489267316,3.851091735328964,3.7979361978500186,25,1,0
MATO GROSSO,MIRADOR - MA,2106706,2106706,2013,10128.84959234605,10128.84959234605,459370.5792654921,45.35250897833955,3050.0,12502.0,4099.0,893.27,240.46,26.255619834710743,24.89254237288136,29.28677966101695,31.08702479338843,22.285,2.2428367827659166,242,59.0,3,23,673.5959322033899,-115.58886363636373,-0.4597433809080645,-107.79227272727272,-0.9471909081567396,-0.1330450976322765,-0.1402370359034074,-0.0900944401643535,-0.110081386426328,0.1041698767334367,0.092587003922057,348.2522727272727,29.182609784283517,0.6645145722848147,41.42244806155213,3.9300609167874185,3.814465499801229,25,1,0
MATO GROSSO,MIRADOR - MA,2106706,2106706,2014,9884.215264548477,9884.215264548477,455622.7149969687,46.09599273208283,3100.0,12400.0,4000.0,717.83,264.43,27.034214876033055,25.561355932203387,30.11728813559322,32.31727272727272,22.72685950413223,2.102550615458798,242,59.0,12,27,813.1667796610169,-291.02886363636367,-1.1575387931049916,-83.82227272727272,-0.7365620245264511,0.6455499436900389,0.6804460460536368,0.5787191191576753,0.707104710036325,0.9346783513097066,0.8307494536066402,348.2522727272727,29.182609784283517,0.6645145722848147,42.08696263383695,4.00903009824588,3.8307260206730094,25,1,0
MATO GROSSO,MIRADOR - MA,2106706,2106706,2015,24710.53816137119,24710.53816137119,1139056.7874924217,46.09599273208283,3100.0,31000.0,10000.0,523.85,277.39,28.83897119341564,25.847166666666663,30.238,34.52308641975309,24.151893004115227,2.5411073615913407,243,60.0,14,28,846.664,-485.0088636363637,-1.9290752389437968,-70.86227272727274,-0.6226800749290988,2.450306261072619,2.5827609827317857,0.8645298536209545,1.0563209529903848,1.0553902157164856,0.9380391059873256,348.2522727272727,29.182609784283517,0.6645145722848147,42.75147720612176,3.3445155259610644,3.8307260206730094,25,1,0
MATO GROSSO,MIRADOR - MA,2106706,2106706,2016,27181.59197750831,27181.59197750831,626481.2331208319,23.047996366041414,1550.0,17050.0,11000.0,960.57,402.13,26.83243801652893,24.98169491525424,29.03779661016949,31.739669421487605,22.688925619834716,2.24208118860761,242,59.0,6,11,319.4157627118644,-48.28886363636366,-0.1920642242684541,53.87772727272727,0.473433689945419,0.4437730841859064,0.4677618570505455,-0.0009418977914741,-0.0011508525339435,-0.1448131741140237,-0.1287110855854259,348.2522727272727,29.182609784283517,0.6645145722848147,43.41599177840658,-20.367995412365165,3.137578840113064,25,1,0
MATO GROSSO,MIRADOR - MA,2106706,2106706,2017,27428.69735912202,27428.69735912202,1304954.8970255922,47.58296023956937,3200.0,35515.0,11100.0,675.89,341.37,27.270289256198343,26.089830508474577,30.91050847457627,32.5354958677686,22.990495867768598,2.519603044339707,242,59.0,23,15,463.6576271186441,-332.9688636363637,-1.3243510342560356,-6.882272727272721,-0.06047582066686,0.881624323855327,0.9292817560218228,1.1071936954288653,1.35281840713987,1.7278986902927578,1.5357699157543658,348.2522727272727,29.182609784283517,0.6645145722848147,44.080506350691394,3.502453888877973,3.8624747189875897,25,1,0
MATO GROSSO,MIRADOR - MA,2106706,2106706,2018,27403.98682096065,27403.98682096065,1466958.1672208852,53.53083026951554,3600.0,39924.0,11090.0,699.83,194.26,27.30388429752066,26.243559322033896,30.880169491525425,32.33409090909091,23.173471074380167,2.4791259241017185,242,59.0,17,17,524.9628813559323,-309.02886363636367,-1.229132029650504,-153.9922727272727,-1.353158969221376,0.9152193651776416,0.9646928241478756,1.260922508988184,1.5406510958098183,1.6975597072419113,1.5088043895311951,348.2522727272727,29.182609784283517,0.6645145722848147,44.74502092297621,8.785809346539331,3.980257754643973,25,1,0
MATO GROSSO,MIRADOR - MA,2106706,2106706,2019,30566.93570561616,30566.93570561616,872664.4742885488,28.549776143741617,1920.0,23750.0,12370.0,791.39,281.43,27.740164609053497,25.84433333333333,30.234166666666667,32.90197530864198,23.490864197530865,2.531371099268809,243,60.0,11,11,332.5758333333333,-217.4688636363637,-0.8649610997556646,-66.82227272727272,-0.5871798375546152,1.3514996767104783,1.4245568762716374,0.861696520287623,1.0528590605476094,1.051556882383153,0.9346320092382716,348.2522727272727,29.182609784283517,0.6645145722848147,45.409535495261025,-16.859759351519408,3.351649095221599,25,1,0
MATO GROSSO,MIRADOR - MA,2106706,2106706,2020,30018.361758433723,30018.361758433723,1430581.8375558048,47.657308614943695,3205.0,38934.0,12148.0,688.24,252.45,27.58582644628099,26.278813559322035,30.97457627118644,32.978677685950416,23.12066115702479,2.351058810391636,242,59.0,22,19,588.5169491525423,-320.6188636363637,-1.2752301191817534,-95.80227272727274,-0.8418325304042509,1.1971615139379708,1.2618757489007084,1.2961767462763234,1.58372628791936,1.7919664869029257,1.5927138761586035,348.2522727272727,29.182609784283517,0.6645145722848147,46.07405006754584,1.583258547397854,3.864035999554542,25,1,0
MATO GROSSO,MIRADOR - MA,2106706,2106706,2021,41143.04603868303,41143.04603868303,1878194.411272988,45.64990247983686,3070.0,51116.0,16650.0,1434.84,371.97,26.29206611570248,24.64406779661017,28.549152542372884,30.902561983471077,22.458223140495868,2.2780543920279817,242,59.0,0,12,342.5898305084746,425.9811363636362,1.694298236644887,23.717727272727245,0.2084121158824441,-0.0965988166405402,-0.1018206003718223,-0.3385690164355424,-0.4136786538906641,-0.6334572419106301,-0.5630217677161689,348.2522727272727,29.182609784283517,0.6645145722848147,46.738564639830656,-1.0886621599937953,3.8210014707810145,25,1,0
MATO GROSSO,MIRADOR - MA,2106706,2106706,2022,45684.842952743056,45684.842952743056,2037956.3116606344,44.60902522459628,3000.0,55464.0,18488.0,948.99,249.58,26.31260330578512,25.043389830508477,29.34677966101695,31.30161157024793,22.000123966942148,2.03126992544825,242,59.0,1,14,410.8549152542373,-59.8688636363637,-0.2381225397794005,-98.67227272727273,-0.8670517584400841,-0.0760616265578981,-0.0801732438421227,0.0607530174627619,0.0742307336577448,0.1641698767334354,0.1459154747768197,348.2522727272727,29.182609784283517,0.6645145722848147,47.40307921211547,-2.7940539875191917,3.7979361978500186,25,1,0
MATO GROSSO,MIRADOR - MA,2106706,2106706,2023,63271.332962190936,63271.332962190936,3200676.085319028,50.58663460469218,3402.0,87108.0,25605.0,935.17,364.16,28.47362139917696,26.96966666666667,31.660500000000003,33.93300411522633,23.87366255144033,2.434254016408256,243,60.0,26,20,633.21,-73.68886363636375,-0.293090235838233,15.9077272727273,0.1397841817500895,2.084956466833937,2.197661695920312,1.9870298536209567,2.4278412825261397,2.4778902157164886,2.202368269169021,348.2522727272727,29.182609784283517,0.6645145722848147,48.06759378440029,2.5190408202918917,3.923687403155579,25,1,0
MATO GROSSO,NOVA COLINAS - MA,2107258,2107258,2003,3088.817270171399,3088.817270171399,119417.24385001196,38.66115519465011,2600.0,3250.0,1250.0,1278.68,714.96,26.753086419753085,24.772,29.014833333333332,31.98765432098765,22.314732510288064,2.329387520309468,243,60.0,1,4,116.05933333333334,192.7388636363637,0.7890041756011106,343.6354545454546,2.7311014121887225,0.5290238403316891,0.6154215571945771,-0.0953696712891662,-0.1340533378950296,-0.2541096558808426,-0.2714246929165848,371.32454545454544,29.268942989214175,0.3964796090416315,37.29005528514972,1.371099909500387,3.6548353542093452,21,1,0
MATO GROSSO,NOVA COLINAS - MA,2107258,2107258,2004,1976.8430529096952,1976.8430529096952,79366.53745108486,40.148122702136654,2700.0,2160.0,800.0,1093.68,310.87,26.77574380165289,25.79135593220339,30.433898305084742,31.984297520661155,22.30012396694215,1.840961002104191,242,59.0,9,21,639.1118644067795,7.738863636363703,0.0316801479903845,-60.45454545454544,-0.4804728158290101,0.551681222231494,0.6417792374873736,0.9239862609142264,1.2987718293495925,1.1649553158705643,1.244335394401473,371.32454545454544,29.268942989214175,0.3964796090416315,37.68653489419137,2.4615878079452855,3.6925756821921922,21,1,0
MATO GROSSO,NOVA COLINAS - MA,2107258,2107258,2005,3316.154221256014,3316.154221256014,123275.3394205508,37.17418768716357,2500.0,3355.0,1342.0,1446.05,395.89,26.8299173553719,25.26372881355932,29.795084745762715,32.061404958677684,22.31095041322314,2.6111017359151663,242,59.0,5,21,625.696779661017,360.1088636363636,1.47415727020223,24.565454545454543,0.1952381417944588,0.6058547759505046,0.7048001644225649,0.3963591422701569,0.5571295917065958,0.5261417565485367,0.5619930663663748,371.32454545454544,29.268942989214175,0.3964796090416315,38.0830145032329,-0.908826816069336,3.615614641056064,21,1,0
MATO GROSSO,NOVA COLINAS - MA,2107258,2107258,2006,3212.3699609782548,3212.3699609782548,108908.5263912109,33.902859170693176,2280.0,2964.0,1300.0,1045.1,230.41,25.927851239669423,26.06271186440678,30.89,31.0497520661157,21.53388429752066,1.234032089410784,242,59.0,22,19,586.91,-40.84113636363645,-0.1671890480168002,-140.91454545454545,-1.1199423953442338,-0.2962113397519736,-0.3445872001809139,1.1953421931176145,1.6801946441476734,1.6210570107858224,1.7315158679335725,371.32454545454544,29.268942989214175,0.3964796090416315,38.47949411227455,-4.576634941581375,3.5234993521482583,21,1,0
MATO GROSSO,NOVA COLINAS - MA,2107258,2107258,2007,3212.3699609782548,3212.3699609782548,133747.3131120134,41.6350902096232,2800.0,3640.0,1300.0,1292.57,454.75,26.355761316872428,24.729,29.035,31.460329218106995,22.04954732510288,2.479815487467936,243,60.0,1,9,261.315,206.6288636363636,0.8458648823228019,83.42545454545456,0.6630380355337837,0.1316987374510319,0.1532071636542063,-0.1383696712891655,-0.1944949169795219,-0.233942989214178,-0.2498838691797751,371.32454545454544,29.268942989214175,0.3964796090416315,38.8759737213162,2.7591164883070007,3.7289433263630674,21,1,0
MATO GROSSO,NOVA COLINAS - MA,2107258,2107258,2008,3469.359557856515,3469.359557856515,144439.74940750675,41.62022053454833,2799.0,3931.0,1404.0,1314.61,363.47,26.288760330578512,24.97694915254237,29.415593220338984,31.38979338842975,21.984214876033057,2.0585117575601024,242,59.0,0,13,382.4027118644068,228.66886363636357,0.9360887826932904,-7.854545454545416,-0.0624253402821447,0.0646977511571158,0.0752638874254424,0.1095794812532098,0.1540269042372938,0.1466502311248056,0.1566429808077097,371.32454545454544,29.268942989214175,0.3964796090416315,39.27245333035785,2.3477672041904825,3.7285861197152252,21,1,0
MATO GROSSO,NOVA COLINAS - MA,2107258,2107258,2009,3452.062181143556,3452.062181143556,151421.06520181516,43.85067179577814,2949.0,4121.0,1397.0,1128.36,381.32,25.921818181818185,24.95,29.158135593220337,30.822107438016527,21.796487603305785,1.499982019255994,242,59.0,0,16,466.5301694915254,42.41886363636354,0.1736477008419513,9.99545454545455,0.0794405806021048,-0.3022443976032143,-0.3516055490234303,0.0826303287108345,0.1161466871524089,-0.1108073959938416,-0.1183578141738071,371.32454545454544,29.268942989214175,0.3964796090416315,39.6689329393995,4.181738856378644,3.780790039015048,21,1,0
MATO GROSSO,NOVA COLINAS - MA,2107258,2107258,2010,10793.563068886937,10793.563068886937,426117.4698241811,39.46411764869284,2654.0,11597.0,4368.0,1417.45,591.49,25.87966942148761,24.18949152542373,28.185593220338983,30.765371900826448,21.73045454545455,2.216914956298373,242,59.0,0,5,140.92796610169492,331.5088636363637,1.3570790691770047,220.16545454545457,1.7498025185428776,-0.3443931579337906,-0.4006378491560686,-0.677878145865435,-0.9528378037901252,-1.0833497688751947,-1.157169243801141,371.32454545454544,29.268942989214175,0.3964796090416315,40.065412548441145,-0.6012948997483036,3.6753918450919247,21,1,0
MATO GROSSO,NOVA COLINAS - MA,2107258,2107258,2011,11440.97916871486,11440.97916871486,476346.19977586303,41.6350902096232,2800.0,12964.0,4630.0,1172.91,432.38,25.269876543209875,23.883,27.920666666666666,30.06814814814815,21.243004115226334,1.5612840343560517,243,60.0,0,15,418.81,86.96886363636372,0.3560195139773999,61.05545454545455,0.4852486433667993,-0.9541860362115208,-1.1100192684897414,-0.9843696712891656,-1.3836478450139715,-1.3482763225475125,-1.4401478981411275,371.32454545454544,29.268942989214175,0.3964796090416315,40.461892157482794,1.1731980521404068,3.7289433263630674,21,1,0
MATO GROSSO,NOVA COLINAS - MA,2107258,2107258,2012,11688.084550328573,11688.084550328573,531792.5446896071,45.501205729088205,3060.0,14473.0,4730.0,1075.73,410.22,26.393719008264465,25.09627118644068,29.307288135593215,31.350537190082644,22.158471074380166,1.9839717205484444,242,59.0,0,15,439.6093220338983,-10.211136363636342,-0.0418007509048184,38.89545454545458,0.3091282620337477,0.1696564288430657,0.1973639289322141,0.228901515151513,0.3217481169904771,0.03834514637904,0.0409579854204866,371.32454545454544,29.268942989214175,0.3964796090416315,40.85837176652433,4.642833962563877,3.8177388251461983,21,1,0
MATO GROSSO,NOVA COLINAS - MA,2107258,2107258,2013,11757.274057180412,11757.274057180412,471973.6914625857,40.148122702136654,2700.0,12845.0,4758.0,1134.7,323.39,25.83685950413223,24.50084745762712,28.804745762711864,30.68929752066116,21.775,2.010312018497197,242,59.0,1,17,489.6806779661017,48.758863636363685,0.1996013999503411,-47.93454545454546,-0.380967979444091,-0.3872030752891646,-0.4504392834084395,-0.3665222136620478,-0.5151902642622841,-0.4641972265023142,-0.4958276348034664,371.32454545454544,29.268942989214175,0.3964796090416315,41.25485137556598,-1.1067286734293234,3.6925756821921922,21,1,0
MATO GROSSO,NOVA COLINAS - MA,2107258,2107258,2014,12157.584775394624,12157.584775394624,488104.2053241719,40.148122702136654,2700.0,13284.0,4920.0,900.46,321.3,26.689545454545453,25.02627118644068,29.54677966101695,31.843057851239667,22.289173553719007,2.168962551017849,242,59.0,7,15,443.2016949152542,-185.48113636363632,-0.7592936283066127,-50.02454545454543,-0.3975786110770365,0.4654828751240565,0.5415033766278755,0.1589015151515127,0.2233548487133946,0.2778366718027705,0.2967684681781438,371.32454545454544,29.268942989214175,0.3964796090416315,41.651330984607625,-1.5032082824709718,3.6925756821921922,21,1,0
MATO GROSSO,NOVA COLINAS - MA,2107258,2107258,2015,13146.006301849471,13146.006301849471,518381.0696110672,39.43437829854311,2652.0,14108.0,5320.0,688.55,403.85,28.60971193415638,25.7055,30.2785,34.15004115226337,23.80958847736625,2.6382755448511244,243,60.0,13,28,847.798,-397.3911363636364,-1.626777599609256,32.52545454545458,0.258501600071133,2.3856493547349835,2.7752625286049817,0.8381303287108324,1.1780911754857708,1.009557010785823,1.078348245699173,371.32454545454544,29.268942989214175,0.3964796090416315,42.047810593649274,-2.613432295106165,3.674637981505525,21,1,0
MATO GROSSO,NOVA COLINAS - MA,2107258,2107258,2016,13015.040449594206,13015.040449594206,290312.5057412137,22.30451261229814,1500.0,7901.0,5267.0,1173.74,544.39,26.62297520661157,24.90457627118644,29.11288135593221,31.63826446280992,22.37,2.2219471646963656,242,59.0,3,12,349.3545762711865,87.79886363636365,0.3594172379931666,173.06545454545454,1.3754672315037644,0.3989126271901746,0.4640611849477956,0.0372065998972743,0.0522982709338653,-0.1560616332819719,-0.1666956760961611,371.32454545454544,29.268942989214175,0.3964796090416315,42.44429020269092,-20.139777590392782,3.104789017290073,21,1,0
MATO GROSSO,NOVA COLINAS - MA,2107258,2107258,2017,13536.432804799138,13536.432804799138,507247.7081075122,37.47158118866088,2520.0,13805.0,5478.0,867.64,365.28,26.819380165289257,25.52915254237288,30.280169491525424,32.04446280991736,22.423595041322315,2.4627210661980024,242,59.0,16,18,545.0430508474576,-218.3011363636364,-0.8936470044481482,-6.044545454545471,-0.0480400564277759,0.5953175858678605,0.6925420893894053,0.6617828710837159,0.9302139939388244,1.0112265023112457,1.08013149641054,371.32454545454544,29.268942989214175,0.3964796090416315,42.84076981173257,-5.369188623071693,3.623582810705241,21,1,0
MATO GROSSO,NOVA COLINAS - MA,2107258,2107258,2018,6424.7399219565095,6424.7399219565095,281824.6954860282,43.86554147085301,2950.0,7670.0,2600.0,771.22,254.95,27.095371900826446,25.840169491525423,30.433898305084742,32.256404958677685,22.727603305785124,2.398875788330417,242,59.0,9,17,517.3762711864406,-314.72113636363633,-1.2883561003520734,-116.37454545454544,-0.924906557893282,0.8713093214050502,1.0136075134932363,0.9727998202362578,1.3673850527486195,1.1649553158705643,1.244335394401473,371.32454545454544,29.268942989214175,0.3964796090416315,43.237249420774106,0.6282920500789047,3.7811290795336374,21,1,0
MATO GROSSO,NOVA COLINAS - MA,2107258,2107258,2019,7437.871986572728,7437.871986572728,366078.1539931289,49.21862449780456,3310.0,9963.0,3010.0,978.94,296.86,27.430617283950617,25.918833333333332,30.694333333333336,32.61814814814815,23.071604938271605,2.39635881449319,243,60.0,14,19,583.1923333333334,-107.00113636363642,-0.4380244948639656,-74.46454545454543,-0.5918196814642112,1.206554704529221,1.4036036157392382,1.0514636620441706,1.477956374044504,1.4253903441191582,1.5225164706855006,371.32454545454544,29.268942989214175,0.3964796090416315,43.633729029815754,5.584895467988808,3.8962720985708805,21,1,0
MATO GROSSO,NOVA COLINAS - MA,2107258,2107258,2020,4695.002250660526,4695.002250660526,222005.84225900684,47.285566738072056,3180.0,6042.0,1900.0,692.54,188.59,27.432520661157024,26.09372881355932,31.00559322033898,32.89867768595041,22.772561983471075,2.2963674746019,242,59.0,19,23,713.1286440677966,-393.4011363636364,-1.6104439624732192,-182.73454545454544,-1.452313981415905,1.2084580817356283,1.4058178436718796,1.2263591422701552,1.7237926298491384,1.736650231124802,1.8549856126191464,371.32454545454544,29.268942989214175,0.3964796090416315,44.0302086388574,3.2553580992146536,3.856205105973994,21,1,0
MATO GROSSO,NOVA COLINAS - MA,2107258,2107258,2021,4902.570771216044,4902.570771216044,227443.91982509967,46.39338623358013,3120.0,6190.0,1984.0,1654.62,513.52,26.215619834710743,24.61983050847457,28.687457627118643,30.886942148760333,22.270702479338844,2.354360796360444,242,59.0,0,6,172.12474576271185,568.6788636363635,2.327968472573955,142.19545454545454,1.1301226389157086,-0.0084427447106527,-0.0098215745694343,-0.2475391628145899,-0.3479455322271466,-0.5814853620955347,-0.6211077863026156,371.32454545454544,29.268942989214175,0.3964796090416315,44.42668824789905,1.9666979856810798,3.8371569110032997,21,1,0
MATO GROSSO,NOVA COLINAS - MA,2107258,2107258,2022,5189.21301388795,5189.21301388795,254634.30765556396,49.06992774705591,3300.0,6930.0,2100.0,1348.11,265.87,26.00260330578513,25.05067796610169,29.623898305084744,31.03681818181818,21.67400826446281,1.9276938470934184,242,59.0,2,16,473.9823728813559,262.16886363636354,1.073225836341719,-105.45454545454544,-0.8381179945287996,-0.2214592736362703,-0.2576269737691999,0.1833082948125302,0.2576614604129106,0.3549553158705656,0.3791419781956462,371.32454545454544,29.268942989214175,0.3964796090416315,44.8231678569407,4.246759890115207,3.8932463776543433,21,1,0
MATO GROSSO,NOVA COLINAS - MA,2107258,2107258,2023,4892.686555951495,4892.686555951495,232036.89074240785,47.41939381374585,3189.0,6315.0,1980.0,948.64,383.18,28.11074074074074,26.53833333333333,31.134,33.67917695473251,23.29567901234568,2.122069458778104,243,60.0,20,18,560.412,-137.30113636363637,-0.5620618896564249,11.855454545454563,0.0942232479883628,1.8866781613193453,2.194801677058942,1.6709636620441692,2.3487367982966787,1.8650570107858224,1.992142032815328,371.32454545454544,29.268942989214175,0.3964796090416315,45.21964746598235,2.199746347763501,3.8590312972098295,21,1,0
MATO GROSSO,NOVA IORQUE - MA,2107308,2107308,2015,741.3161448411357,741.3161448411357,26455.512483694954,35.68722017967703,2400.0,720.0,300.0,513.39,319.86,30.01691358024691,26.925666666666665,31.174666666666667,35.52362139917695,25.16102880658436,2.602761712839472,243,60.0,21,28,872.8906666666667,-395.03954545454553,-1.719653832395634,-2.0613636363636374,-0.0184718150184086,2.2629128517343595,2.440092897411956,0.7163877760657407,0.7895240596546742,0.7360894966615312,0.6013509714902637,321.92136363636365,30.438577170005136,1.4237713884183565,31.997888574991066,3.689331604685961,3.574792646535809,9,0,0
MATO GROSSO,NOVA IORQUE - MA,2107308,2107308,2016,1235.5269080685596,1235.5269080685596,28660.13852400287,23.196693116790065,1560.0,780.0,500.0,647.99,278.78,28.61053719008265,26.28372881355932,30.323559322033898,33.72702479338843,24.17446280991736,2.605507277855833,242,59.0,10,12,363.8827118644068,-260.4395454545455,-1.1337241235759243,-43.14136363636368,-0.3865884090875812,0.8565364615700943,0.9236009838601164,0.0744499229583972,0.0820505421489736,-0.115017847971238,-0.0939642461003996,321.92136363636365,30.438577170005136,1.4237713884183565,33.42165996340918,-10.224966846619118,3.1440097304433543,9,0,0
MATO GROSSO,NOVA IORQUE - MA,2107308,2107308,2017,1606.1849804891274,1606.1849804891274,66285.75627859125,41.26334833275156,2775.0,1804.0,650.0,872.98,466.94,28.00285123966942,26.486101694915256,30.808305084745765,33.001983471074375,23.54495867768595,2.5515338586270926,242,59.0,23,15,462.12457627118647,-35.4495454545455,-0.1543160612628002,145.01863636363635,1.2995074609235058,0.248850511156867,0.2683348429992861,0.2768228043143317,0.3050837431474908,0.3697279147406291,0.3020505546196938,321.92136363636365,30.438577170005136,1.4237713884183565,34.845431351827756,6.417916980923806,3.7199746563803067,9,0,0
MATO GROSSO,NOVA IORQUE - MA,2107308,2107308,2018,1853.2903621028397,1853.2903621028397,78999.0997777002,42.63135843963919,2867.0,2150.0,750.0,760.02,271.82,28.39198347107438,27.337288135593223,31.725254237288134,33.32256198347108,24.15557851239669,2.443908548938826,242,59.0,24,21,666.2303389830508,-148.40954545454554,-0.6460442923792522,-50.10136363636366,-0.4489567512180931,0.6379827425618281,0.6879350910943789,1.128009244992299,1.2431681111663708,1.286677067282998,1.05115547486294,321.92136363636365,30.438577170005136,1.4237713884183565,36.26920274024587,6.36215569939332,3.752590096083142,9,0,0
MATO GROSSO,NOVA IORQUE - MA,2107308,2107308,2019,2347.501125330263,2347.501125330263,65991.80613988353,28.118555566570524,1891.0,1796.0,950.0,676.49,206.49,29.22851851851852,27.523833333333336,32.134166666666665,34.401028806584364,24.726748971193416,2.798277559549002,243,60.0,32,21,674.8175,-231.9395454545455,-1.0096602550665503,-115.43136363636364,-1.0343768361873973,1.4745177900059652,1.5899686034058065,1.3145544427324118,1.4487577746831062,1.6955894966615297,1.3852179601673509,321.92136363636365,30.438577170005136,1.4237713884183565,37.692974128664446,-9.574418562093921,3.3364296988582294,9,0,0
MATO GROSSO,NOVA IORQUE - MA,2107308,2107308,2020,1482.6322896822714,1482.6322896822714,63419.74242619096,42.78005519038783,2877.0,1726.0,600.0,465.8,158.43,29.207396694214875,27.98406779661017,32.93271186440678,34.78764462809917,24.421280991735536,2.2097006611994323,242,59.0,37,35,1152.6449152542373,-442.6295454545455,-1.9268187272153217,-163.49136363636364,-1.46504099176102,1.453395965702324,1.5671929965483893,1.7747889060092454,1.955977738478204,2.494134694401641,2.037592342111166,321.92136363636365,30.438577170005136,1.4237713884183565,39.11674551708256,3.663309673305264,3.7560719937513194,9,0,0
MATO GROSSO,NOVA IORQUE - MA,2107308,2107308,2021,2347.501125330263,2347.501125330263,96158.43912476346,40.96595483125426,2755.0,2617.0,950.0,800.65,232.78,28.176404958677683,26.624745762711864,31.13271186440678,33.25380165289256,23.85314049586777,2.288081125707224,242,59.0,20,20,622.6542372881356,-107.77954545454554,-0.4691771001850114,-89.14136363636365,-0.7987929691455634,0.4224042301651316,0.4554773556890366,0.4154668721109402,0.4578820332787999,0.6941346944016438,0.5670758443323684,321.92136363636365,30.438577170005136,1.4237713884183565,40.540516905501136,0.42543792575312267,3.7127413517867867,9,0,0
MATO GROSSO,NOVA IORQUE - MA,2107308,2107308,2022,1173.7505626651316,1173.7505626651316,47142.25349525087,40.16299237721152,2701.0,1283.0,475.0,791.88,302.23,28.00694214876033,26.55915254237288,30.906440677966103,33.31801652892562,23.322231404958675,2.162213151953729,242,59.0,21,18,556.3159322033898,-116.54954545454552,-0.5073539467403521,-19.691363636363636,-0.1764536931449788,0.2529414202477795,0.2727460593698338,0.3498736517719578,0.3855923776787794,0.467863507960967,0.3822227817584805,321.92136363636365,30.438577170005136,1.4237713884183565,41.96428829391925,-1.8012959167077298,3.6929459839923875,9,0,0
MATO GROSSO,NOVA IORQUE - MA,2107308,2107308,2023,1235.5269080685596,1235.5269080685596,54895.18840366703,44.43058912369789,2988.0,1494.0,500.0,738.71,267.5,29.643827160493828,28.297,32.996833333333335,35.065802469135804,24.85296296296297,2.392770396078608,243,60.0,39,26,857.9176666666667,-169.71954545454548,-0.7388092410787171,-54.42136363636365,-0.4876681359887558,1.8898264319812768,2.037794805259347,2.0877211093990766,2.300857302132776,2.558256163328199,2.089976607621341,321.92136363636365,30.438577170005136,1.4237713884183565,43.388059682337826,1.0425294413600668,3.7939281764524795,9,0,0
MATO GROSSO,PARAIBANO - MA,2107704,2107704,2017,459.61600980150416,459.61600980150416,19106.75901600191,41.575611509323736,2796.0,520.0,186.0,835.48,472.01,27.69690082644628,26.14440677966101,30.23372881355932,32.378388429752064,23.55363636363636,2.5113146245842546,242,59.0,19,12,362.80474576271183,-126.93022727272728,-0.5319695982999398,131.84909090909088,1.2047018425755138,0.5171515679058665,0.5714356683576559,0.5131866974833059,0.6056746915524343,0.7402105803800723,0.6547827024217121,340.1609090909091,29.49351823317925,2.190090714598106,39.46836612728566,2.107245382038073,3.7275137335534727,7,0,0
MATO GROSSO,PARAIBANO - MA,2107704,2107704,2018,296.5264579364543,296.5264579364543,12125.44322169352,40.89160645587993,2750.0,330.0,120.0,749.8,240.65,28.00198347107438,26.959830508474575,31.21186440677966,32.605619834710744,24.108305785123967,2.4485985897381304,242,59.0,19,22,686.6610169491526,-212.61022727272731,-0.8910578640477488,-99.51090909090912,-0.9092286849428476,0.8222342125339672,0.908542071502339,1.3286104262968692,1.5680564482419808,1.7183461736004126,1.520031435741387,340.1609090909091,29.49351823317925,2.190090714598106,41.65845684188389,-0.7668503860039593,3.710924820860389,7,0,0
MATO GROSSO,PARAIBANO - MA,2107704,2107704,2019,1284.9479843913018,1284.9479843913018,51588.24934320516,40.148122702136654,2700.0,1404.0,520.0,771.94,253.66,28.600082304526747,26.6995,30.853166666666667,33.31872427983539,24.5338683127572,2.815226748610236,243,60.0,20,15,462.7975,-190.47022727272724,-0.7982682491591339,-86.50090909090912,-0.7903566406697932,1.420333045986336,1.5694218364458334,1.0682799178222917,1.2608084209737809,1.3596484334874184,1.2027310865581178,340.1609090909091,29.49351823317925,2.190090714598106,43.84854755648212,-3.7004248543454636,3.6925756821921922,7,0,0
MATO GROSSO,PARAIBANO - MA,2107704,2107704,2020,1569.1191732470706,1569.1191732470706,73671.25351362275,46.94356421135016,3157.0,2005.0,635.0,604.59,240.11,28.31330578512397,27.08796610169492,31.42084745762712,33.269297520661155,24.033636363636365,2.3536608330207374,242,59.0,23,25,785.521186440678,-357.82022727272727,-1.499638712194799,-100.0509090909091,-0.9141626514230512,1.133556526583554,1.2525431064870376,1.4567460195172082,1.7192850094677743,1.9273292244478704,1.7048957033177443,340.1609090909091,29.49351823317925,2.190090714598106,46.038638271080345,0.9049259402698127,3.8489461187577634,7,0,0
MATO GROSSO,PARAIBANO - MA,2107704,2107704,2021,1606.1849804891274,1606.1849804891274,74736.82276643824,46.52721330925392,3129.0,2034.0,650.0,957.5,262.22,27.20995867768595,25.63813559322034,29.529661016949152,31.753305785123967,23.35512396694215,2.1867802546444457,242,59.0,8,14,413.41525423728814,-4.9102272727272975,-0.0205789565335111,-77.94090909090914,-0.7121441349836023,0.0302094191455388,0.0333804259552584,0.0069155110426315,0.008161844487034,0.0361427837699039,0.0319715365561916,340.1609090909091,29.49351823317925,2.190090714598106,48.22872898567857,-1.7015156764246484,3.840037373868654,7,0,0
MATO GROSSO,PARAIBANO - MA,2107704,2107704,2022,1976.8430529096952,1976.8430529096952,112876.85326376514,57.09955228748324,3840.0,3072.0,800.0,788.25,273.05,27.45223140495868,26.04,30.16050847457627,32.35161157024793,23.18388429752066,2.1350067731352294,242,59.0,7,16,482.5681355932204,-174.1602272727273,-0.7299123946499516,-67.1109090909091,-0.6131906961306288,0.272482146418266,0.3010839125646673,0.4087799178222902,0.4824514194425297,0.6669902413970235,0.5900127400591946,340.1609090909091,29.49351823317925,2.190090714598106,50.41881970027589,6.680732587207352,4.044796275781544,7,0,0
MATO GROSSO,PARAIBANO - MA,2107704,2107704,2023,1445.5664824402147,1445.5664824402147,70952.21473057634,49.08479742213078,3301.0,1931.0,585.0,714.61,237.55,29.143580246913583,27.927833333333336,32.42733333333334,34.14045267489712,24.70534979423868,2.3983885647194025,243,60.0,34,23,745.8286666666668,-247.80022727272728,-1.0385405446227414,-102.6109090909091,-0.9375533073292016,1.9638309883731715,2.169969392003789,2.2966132511556268,2.710515547909671,2.9338151001540886,2.595222806323773,340.1609090909091,29.49351823317925,2.190090714598106,52.60891041487412,-3.5241129927433406,3.8935493620529646,7,0,0
MATO GROSSO,PARNARAMA - MA,2107803,2107803,2014,2718.159197750831,2718.159197750831,101045.36018077936,37.17418768716357,2500.0,2750.0,1100.0,816.02,260.24,28.074504132231404,26.9135593220339,31.10016949152542,32.680247933884296,24.10471074380165,2.3311370531489084,242,59.0,25,19,590.903220338983,-301.0,-1.1938857879385405,-137.96840909090906,-1.1836924654786918,0.7279713224995596,0.8278507741526173,1.147043528505396,1.4419604819457708,1.7046606959424755,1.5390382943294596,398.2084090909091,29.395508795582945,0.8487430294247292,41.05138787350279,-3.8772001863392234,3.615614641056064,10,0,0
MATO GROSSO,PARNARAMA - MA,2107803,2107803,2015,5312.765704694806,5312.765704694806,236997.29933310064,44.60902522459628,3000.0,6450.0,2150.0,627.92,302.39,29.371028806584363,26.842666666666663,30.695833333333333,34.21061728395062,25.14411522633745,2.608756901964404,243,60.0,20,20,613.9166666666666,-489.1,-1.939965245450964,-95.81840909090909,-0.8220688318608542,2.0244959968525187,2.302261815078912,1.076150873138161,1.3528405793794294,1.300324537750388,1.1739868605040171,398.2084090909091,29.395508795582945,0.8487430294247292,41.90013090292746,2.708894321668822,3.7979361978500186,10,0,0
MATO GROSSO,PARNARAMA - MA,2107803,2107803,2016,6424.7399219565095,6424.7399219565095,246477.19130642465,38.3637616931528,2580.0,6708.0,2600.0,945.6,474.35,28.355371900826448,25.890169491525423,29.47542372881356,32.888636363636365,24.465578512396693,2.934056017850995,242,59.0,9,11,324.22966101694914,-171.41999999999996,-0.6799199394299819,76.14159090909095,0.6532526399522751,1.008839091094604,1.1472542897575415,0.123653697996918,0.1554463640890276,0.079914933230615,0.0721505123121867,398.2084090909091,29.395508795582945,0.8487430294247292,42.748873932352126,-4.385112239199323,3.647113308115435,10,0,0
MATO GROSSO,PARNARAMA - MA,2107803,2107803,2017,12923.611458397132,12923.611458397132,634160.6804945711,49.06992774705591,3300.0,17259.0,5230.0,867.58,461.35,28.20896694214876,26.111016949152543,29.96033898305085,32.75545454545455,24.30363636363636,2.8208075722917547,242,59.0,15,11,329.5637288135593,-249.43999999999997,-0.9893783087820248,63.14159090909095,0.5417198466656348,0.8624341324169151,0.9807622115188692,0.3445011556240374,0.4330760254946812,0.5648301874679049,0.5099520921527294,398.2084090909091,29.395508795582945,0.8487430294247292,43.59761696177702,5.472310785278886,3.8932463776543433,10,0,0
MATO GROSSO,PARNARAMA - MA,2107803,2107803,2018,18631.74577367388,18631.74577367388,864397.1266373942,46.39338623358013,3120.0,23525.0,7540.0,1054.93,287.72,27.94661157024793,26.49627118644068,30.582033898305085,32.29764462809917,24.290702479338844,2.766305130053927,242,59.0,12,12,366.984406779661,-62.08999999999992,-0.2462736497445311,-110.48840909090904,-0.9479292993620088,0.6000787605160909,0.6824110388580442,0.7297553929121712,0.9173831785069956,1.1865251027221395,1.0712440162544763,398.2084090909091,29.395508795582945,0.8487430294247292,44.44635999120169,1.947026242378442,3.8371569110032997,10,0,0
MATO GROSSO,PARNARAMA - MA,2107803,2107803,2019,21003.95743716551,21003.95743716551,933659.1280704011,44.44545879877276,2989.0,25410.0,8500.0,1088.1,454.08,28.49971193415638,26.119333333333334,29.478666666666665,32.839588477366256,24.747818930041152,2.854578662108081,243,60.0,2,10,294.78666666666663,-28.920000000000076,-0.1147082291932979,55.87159090909091,0.4793472768814901,1.1531791244245362,1.3113981298240869,0.3528175398048283,0.4435306395031007,0.0831578710837206,0.0750783709493571,398.2084090909091,29.395508795582945,0.8487430294247292,45.29510302062636,-0.8496442218535947,3.7942627924837096,10,0,0
MATO GROSSO,PARNARAMA - MA,2107803,2107803,2020,20979.24689900414,20979.24689900414,998254.671051423,47.58296023956937,3200.0,27168.0,8490.0,914.26,393.17,28.08103305785124,26.994576271186443,31.21135593220339,32.653057851239666,24.14636363636364,2.3780519955435087,242,59.0,25,17,530.5930508474576,-202.76,-0.8042268517023868,-5.038409090909056,-0.0432267568946068,0.7345002481193958,0.8352754843873663,1.2280604776579374,1.54380774069627,1.8158471366204445,1.639422019032501,398.2084090909091,29.395508795582945,0.8487430294247292,46.143846050051025,1.4391141895183424,3.8624747189875897,10,0,0
MATO GROSSO,PARNARAMA - MA,2107803,2107803,2021,27181.59197750831,27181.59197750831,1293380.6103139755,47.58296023956937,3200.0,35200.0,11000.0,1431.81,368.05,26.930867768595043,25.31593220338983,28.49694915254237,31.06900826446281,23.39128099173553,2.0923719568181007,242,59.0,1,12,341.96338983050845,314.79,1.2485824158975851,-30.15840909090906,-0.2587424313069458,-0.4156650411368012,-0.4726953046883088,-0.4505835901386739,-0.566433369481463,-0.8985596430405742,-0.811256869868677,398.2084090909091,29.395508795582945,0.8487430294247292,46.99258907947592,0.5903711600934471,3.8624747189875897,10,0,0
MATO GROSSO,PARNARAMA - MA,2107803,2107803,2022,29652.645793645428,29652.645793645428,1396263.158861678,47.092260962098806,3167.0,38000.0,12000.0,1142.9,327.64,27.14809917355372,25.653389830508477,29.24728813559322,31.475,23.35119834710744,2.188209944659795,242,59.0,0,10,292.4728813559322,25.88000000000011,0.1026503793749154,-70.56840909090909,-0.605437829515649,-0.1984336361781231,-0.2256592179537092,-0.1131259630200318,-0.1422118377403645,-0.1482206599897253,-0.1338197520937454,398.2084090909091,29.395508795582945,0.8487430294247292,47.84133210890059,-0.7490711468017821,3.8521086767384114,10,0,0
MATO GROSSO,PARNARAMA - MA,2107803,2107803,2023,30888.17270171399,30888.17270171399,1433006.9262001433,46.39338623358013,3120.0,39000.0,12500.0,958.41,347.86,29.26707818930041,27.93,32.136,33.89144032921811,25.229711934156377,2.7172659033905657,243,60.0,30,19,610.5840000000001,-158.61,-0.6291103814781791,-50.34840909090906,-0.4319614387267357,1.9205453795685656,2.184048918042415,2.1634842064714945,2.719738747064492,2.740491204417058,2.4742289881559185,398.2084090909091,29.395508795582945,0.8487430294247292,48.690075138325255,-2.2966889047451247,3.8371569110032997,10,0,0
MATO GROSSO,PASSAGEM FRANCA - MA,2107902,2107902,2014,247.1053816137119,247.1053816137119,8083.628814462347,32.71328516470394,2200.0,220.0,100.0,789.62,261.29,27.512727272727272,26.190677966101696,30.33508474576271,32.11380165289256,23.615289256198345,2.2968251585892654,242,59.0,15,18,546.0315254237288,-251.05454545454552,-1.0250320328063978,-106.26999999999998,-0.978282409696429,0.5836957607912616,0.6558478303944246,0.8441167822290723,1.0541585983855115,1.2342366461222376,1.1309027964911893,367.56,29.100848099640476,0.552302217066397,35.850078525734716,-3.136793361030776,3.487781269546179,6,0,0
MATO GROSSO,PASSAGEM FRANCA - MA,2107902,2107902,2015,222.39484345234072,222.39484345234072,10251.511087431794,46.09599273208283,3100.0,279.0,90.0,549.97,303.47,29.078477366255143,26.189666666666664,29.950166666666668,33.97020576131688,24.90037037037037,2.6369632050397547,243,60.0,13,20,599.0033333333333,-490.7045454545455,-2.0035003820541477,-64.09000000000003,-0.5899888927961248,2.149445854319133,2.415144146660382,0.8431054827940407,1.0528956570278412,0.8493185670261951,0.778211168481775,367.56,29.100848099640476,0.552302217066397,36.40238074280114,9.693611989281685,3.8307260206730094,6,0,0
MATO GROSSO,PASSAGEM FRANCA - MA,2107902,2107902,2019,2471.053816137119,2471.053816137119,61729.52912862156,24.98105412577392,1680.0,1680.0,1000.0,937.51,358.63,28.254115226337447,26.014666666666667,29.793833333333332,32.778353909465025,24.441646090534977,2.879206936242925,243,60.0,4,9,268.1445,-103.16454545454552,-0.4212111099178117,-8.930000000000007,-0.082206285109524,1.325083714401437,1.4888805736794692,0.6681054827940436,0.8343503578450572,0.6929852336928626,0.6349665124371472,367.56,29.100848099640476,0.552302217066397,38.61158961106685,-13.630535485292928,3.2181177025970764,6,0,0
MATO GROSSO,PASSAGEM FRANCA - MA,2107902,2107902,2021,2421.6327398143767,2421.6327398143767,97224.00837757895,40.148122702136654,2700.0,2646.0,980.0,1221.17,309.95,26.59487603305785,25.038813559322037,28.59271186440678,30.88537190082645,22.974669421487604,2.086711210856573,242,59.0,1,11,314.51983050847457,180.49545454545452,0.7369459188642316,-57.610000000000014,-0.5303364037132897,-0.3341554788781593,-0.375461260057059,-0.3077476245505899,-0.3843245524582906,-0.5081362352336924,-0.4655936049458172,367.56,29.100848099640476,0.552302217066397,39.71619404519947,0.4319286569371812,3.6925756821921922,6,0,0
MATO GROSSO,PASSAGEM FRANCA - MA,2107902,2107902,2022,2347.501125330263,2347.501125330263,104719.73691462586,44.60902522459628,3000.0,2850.0,950.0,950.82,284.8,27.00574380165289,25.54118644067797,29.484237288135592,31.645123966942148,23.048719008264463,2.1955565425651007,242,59.0,1,10,294.8423728813559,-89.85454545454547,-0.366867635148408,-82.75999999999999,-0.7618580241505266,0.0767122897168839,0.0861948846556708,0.1946252568053452,0.2430539141545774,0.3833891884951192,0.3512907405365414,367.56,29.100848099640476,0.552302217066397,40.2684962622659,4.3405289623303815,3.7979361978500186,6,0,0
MATO GROSSO,PASSAGEM FRANCA - MA,2107902,2107902,2023,2223.9484345234077,2223.9484345234077,95901.23275339422,43.12205771710974,2900.0,2610.0,900.0,817.95,272.92,28.86559670781893,27.557166666666667,31.9705,33.67711934156379,24.734074074074076,2.567449926666441,243,60.0,30,20,639.4100000000001,-222.72454545454548,-0.9093633145331294,-94.64,-0.8712209208023906,1.9365651958829204,2.1759487860857902,2.210605482794044,2.7606710663561995,2.8696519003595284,2.629396371651272,367.56,29.100848099640476,0.552302217066397,40.820798479332325,2.3012592377774155,3.7640346461743373,6,0,0
MATO GROSSO,PASTOS BONS - MA,2108009,2108009,2000,617.7634540342798,617.7634540342798,27557.82550384891,44.60902522459628,3000.0,750.0,250.0,946.32,264.09,26.15537190082645,24.6164406779661,28.668474576271187,30.869876033057853,22.296280991735536,1.9502684319220127,242,59.0,0,10,286.6847457627119,-40.79772727272723,-0.1566407043759967,-78.82613636363635,-0.6914502651127237,-0.5322984503359258,-0.563346442782673,-0.6283079096045228,-0.7386175285507081,-0.5539063944530049,-0.4722660857944402,342.9161363636363,29.222380970724192,0.3525018103399832,39.87248849183243,4.736536732763852,3.7979361978500186,24,1,0
MATO GROSSO,PASTOS BONS - MA,2108009,2108009,2001,1818.69560867692,1818.69560867692,75728.90448457681,41.6350902096232,2800.0,2061.0,736.0,1097.09,434.96,26.59644628099173,25.11322033898305,29.17220338983051,31.40619834710744,22.665702479338844,2.0296030556471703,242,59.0,5,14,408.4108474576272,109.97227272727264,0.4222326931761381,92.04386363636364,0.807394055440764,-0.0912240701706394,-0.0965450028914319,-0.1315282485875712,-0.1546201606271419,-0.0501775808936812,-0.0427819031529582,342.9161363636363,29.222380970724192,0.3525018103399832,40.22499030217239,1.4100999074508138,3.7289433263630674,24,1,0
MATO GROSSO,PASTOS BONS - MA,2108009,2108009,2002,2273.3695108461493,2273.3695108461493,101412.797854164,44.60902522459628,3000.0,2760.0,920.0,906.14,302.26,27.06074380165289,25.82067796610169,30.082542372881356,31.972479338842977,23.08173553719008,2.1660065804849675,242,59.0,14,19,571.5683050847457,-80.9777272727273,-0.3109096777370422,-40.656136363636335,-0.3566291279000669,0.3730734504905157,0.3948341406927913,0.5759293785310717,0.677043098913271,0.8601614021571606,0.7333821429329698,342.9161363636363,29.222380970724192,0.3525018103399832,40.577492112512346,4.031533112083935,3.7979361978500186,24,1,0
MATO GROSSO,PASTOS BONS - MA,2108009,2108009,2003,3335.9226517851107,3335.9226517851107,136392.86436038287,40.87673678080506,2749.0,3712.0,1350.0,1247.42,750.43,27.11510288065844,25.287166666666668,29.00483333333333,31.8520987654321,23.236584362139915,2.3768249816728364,243,60.0,4,7,203.03383333333332,260.3022727272728,0.9994167341260128,407.5138636363636,3.574646456710786,0.4274325294960626,0.4523638850897388,0.0424180790960448,0.0498652591649048,-0.217547637390858,-0.1854832733712474,342.9161363636363,29.222380970724192,0.3525018103399832,40.929993922852304,-0.05325714204724363,3.7105611183650176,24,1,0
MATO GROSSO,PASTOS BONS - MA,2108009,2108009,2004,4064.883527545561,4064.883527545561,151127.11506310743,37.17418768716357,2500.0,4113.0,1645.0,904.83,292.67,27.333677685950413,26.29322033898305,30.58101694915254,32.21921487603306,23.239504132231406,1.884120392920441,242,59.0,17,19,581.0393220338983,-82.28772727272724,-0.3159393530755928,-50.24613636363631,-0.4407510746087221,0.6460073347880382,0.683687757938593,1.0484717514124284,1.2325479306331268,1.3586359784283497,1.158386510748784,342.9161363636363,29.222380970724192,0.3525018103399832,41.28249573319238,-4.10830804602881,3.615614641056064,24,1,0
MATO GROSSO,PASTOS BONS - MA,2108009,2108009,2005,2050.974667393809,2050.974667393809,85392.51529459316,41.6350902096232,2800.0,2324.0,830.0,856.69,195.74,27.462603305785123,26.46237288135593,31.155254237288137,32.46776859504132,23.301694214876036,2.554967060483362,242,59.0,18,22,685.415593220339,-130.42772727272722,-0.5007703231502747,-147.17613636363632,-1.2910055370143496,0.7749329546227486,0.820133372746601,1.2176242937853097,1.431397938544323,1.932873266563945,1.6479869181476203,342.9161363636363,29.222380970724192,0.3525018103399832,41.634997543532336,9.266609086466815e-05,3.7289433263630674,24,1,0
MATO GROSSO,PASTOS BONS - MA,2108009,2108009,2006,1482.6322896822714,1482.6322896822714,59524.90308831365,40.148122702136654,2700.0,1620.0,600.0,801.0600000000001,300.14,27.03227272727273,26.83796610169492,31.484237288135592,32.14950413223141,22.79557851239669,1.599772351543648,242,59.0,27,20,629.6847457627118,-186.0577272727272,-0.7143587499316323,-42.77613636363634,-0.3752254289451504,0.3446023761103554,0.364702400756028,1.5932175141242944,1.872932625449346,2.2618563174114,1.9284811302967144,342.9161363636363,29.222380970724192,0.3525018103399832,41.987499353872295,-1.8393766517356411,3.6925756821921922,24,1,0
MATO GROSSO,PASTOS BONS - MA,2108009,2108009,2007,1482.6322896822714,1482.6322896822714,59524.90308831365,40.148122702136654,2700.0,1620.0,600.0,1159.24,426.43,26.660740740740746,25.001,28.797833333333333,31.41917695473251,22.76827160493827,2.395923937680722,243,60.0,3,21,604.7545,172.12227272727273,0.6608543132455502,83.51386363636368,0.7325702592546505,-0.0269296104216323,-0.0285003652123649,-0.2437485875706251,-0.2865425957353649,-0.4245476373908587,-0.3619735264870085,342.9161363636363,29.222380970724192,0.3525018103399832,42.340001164212254,-2.1918784620756,3.6925756821921922,24,1,0
MATO GROSSO,PASTOS BONS - MA,2108009,2108009,2008,6177.634540342798,6177.634540342798,257206.3713692565,41.6350902096232,2800.0,7000.0,2500.0,1073.2,329.47,26.97979338842975,25.308305084745765,29.35440677966102,31.81351239669421,23.0951652892562,2.4089779255798973,242,59.0,3,14,410.9616949152543,86.08227272727277,0.3305083085669955,-13.4461363636363,-0.1179473583544448,0.2921230372673769,0.3091620383181492,0.0635564971751421,0.074714868536975,0.1320258089368273,0.1125665141887618,342.9161363636363,29.222380970724192,0.3525018103399832,42.69250297455221,-1.057412764929012,3.7289433263630674,24,1,0
MATO GROSSO,PASTOS BONS - MA,2108009,2108009,2009,6177.634540342798,6177.634540342798,275578.2550384891,44.60902522459628,3000.0,7500.0,2500.0,1183.53,362.88,26.33243801652893,25.379830508474576,29.196101694915253,30.785371900826448,22.62888429752066,1.5584880181705298,242,59.0,0,15,437.9415254237288,196.4122727272727,0.7541144765840218,19.96386363636367,0.1751198199079299,-0.3552323346334489,-0.3759523852659076,0.1350819209039535,0.1587977376136507,-0.0262792758089389,-0.0224059712039541,342.9161363636363,29.222380970724192,0.3525018103399832,43.045004784892285,1.5640204397039952,3.7979361978500186,24,1,0
MATO GROSSO,PASTOS BONS - MA,2108009,2108009,2010,6177.634540342798,6177.634540342798,275578.2550384891,44.60902522459628,3000.0,7500.0,2500.0,1235.82,534.86,26.429586776859505,24.642881355932204,28.373050847457627,31.035454545454545,22.70280991735537,2.305631531272655,242,59.0,0,14,397.2227118644068,248.70227272727263,0.9548791509754864,191.9438636363637,1.6837008829897395,-0.2580835743028693,-0.2731371159025642,-0.601867231638419,-0.7075347617830237,-0.8493301232665651,-0.7241472871215272,342.9161363636363,29.222380970724192,0.3525018103399832,43.397506595232244,1.2115186293640363,3.7979361978500186,24,1,0
MATO GROSSO,PASTOS BONS - MA,2108009,2108009,2011,8194.014454310687,8194.014454310687,353181.09165732766,43.10718804203487,2899.0,9612.0,3316.0,945.26,358.42,25.939835390946502,24.355833333333333,27.7955,30.42810699588477,22.196831275720164,1.6749742731657442,243,60.0,0,19,528.1145,-41.85772727272729,-0.1607105180087173,15.50386363636369,0.1359974129923301,-0.7478349602158723,-0.7914548020199257,-0.8889152542372898,-1.0449787089088798,-1.4268809707241914,-1.2165728680636454,342.9161363636363,29.222380970724192,0.3525018103399832,43.7500084055722,-0.6428203635373322,3.7636897591214273,24,1,0
MATO GROSSO,PASTOS BONS - MA,2108009,2108009,2012,8945.214814416371,8945.214814416371,372434.8257426834,41.6350902096232,2800.0,10136.0,3620.0,689.6,262.77,27.251570247933884,25.64830508474576,29.61152542372881,32.10012396694215,23.321735537190083,2.1568480184548875,242,59.0,4,24,710.6766101694915,-297.51772727272726,-1.142303492859012,-80.14613636363634,-0.7030290940653227,0.5638998967715096,0.5967911436361856,0.4035564971751384,0.4744073694085736,0.3891444530046186,0.3317884203351657,342.9161363636363,29.222380970724192,0.3525018103399832,44.10251021591216,-2.467420006288961,3.7289433263630674,24,1,0
MATO GROSSO,PASTOS BONS - MA,2108009,2108009,2013,10007.767955355332,10007.767955355332,476787.1249839246,47.64243893986883,3204.0,12976.0,4050.0,854.34,231.43,26.639256198347105,25.27576271186441,29.36983050847457,31.28384297520661,22.86198347107438,2.2430111523409173,242,59.0,3,22,646.1362711864407,-132.77772727272725,-0.5097930231850796,-111.48613636363632,-0.9779385632883943,-0.048414152815269,-0.0512380615641589,0.0310141242937831,0.0364591555921321,0.1474495377503828,0.1257169383544297,342.9161363636363,29.222380970724192,0.3525018103399832,44.455012026252234,3.187426913616598,3.8637239383880218,24,1,0
MATO GROSSO,PASTOS BONS - MA,2108009,2108009,2014,10501.978718582755,10501.978718582755,505961.676250666,48.17774724256398,3240.0,13770.0,4250.0,627.31,197.55,27.4247520661157,26.169661016949156,30.72050847457627,32.478801652892564,23.3098347107438,2.034960453217092,242,59.0,19,21,645.1306779661016,-359.80772727272733,-1.381462635483689,-145.36613636363631,-1.275128506405104,0.7370817149533266,0.7800743396811725,0.92491242937853,1.0872957705456898,1.4981275038520785,1.2773183688624918,342.9161363636363,29.222380970724192,0.3525018103399832,44.80751383659219,3.3702334059717884,3.8748972389861467,24,1,0
MATO GROSSO,PASTOS BONS - MA,2108009,2108009,2015,10983.834212729496,10983.834212729496,509562.5654498356,46.39338623358013,3120.0,13868.0,4445.0,461.73,236.53,29.09934156378601,26.221833333333333,30.3725,34.46576131687243,24.65827160493827,2.425205874067685,243,60.0,17,25,759.3125,-525.3877272727273,-2.017198240489211,-106.38613636363633,-0.9332021786988072,2.4116712126236344,2.552339571786285,0.97708474576271,1.1486277811687997,1.1501190292758068,0.9806028917398064,342.9161363636363,29.222380970724192,0.3525018103399832,45.16001564693215,1.233370586647979,3.8371569110032997,24,1,0
MATO GROSSO,PASTOS BONS - MA,2108009,2108009,2016,12849.47984391302,12849.47984391302,312983.4101890467,24.35652777262957,1638.0,8518.0,5200.0,742.97,334.56,27.479256198347105,25.388305084745763,29.32169491525424,32.37342975206612,23.44801652892562,2.3875608363700573,242,59.0,6,13,381.18203389830506,-244.14772727272725,-0.93739221589836,-8.356136363636324,-0.0732986921660137,0.7915858471847308,0.8377575979926342,0.1435564971751404,0.1687601628597031,0.0993139445300457,0.0846760541450838,342.9161363636363,29.222380970724192,0.3525018103399832,45.51251745727211,-21.15598968464254,3.1927998946127865,24,1,0
MATO GROSSO,PASTOS BONS - MA,2108009,2108009,2017,12725.927153106162,12725.927153106162,590398.853594459,46.39338623358013,3120.0,16068.0,5150.0,710.22,411.57,27.49396694214876,26.10372881355932,30.47915254237288,32.40095041322314,23.42595041322314,2.5233136941138774,242,59.0,19,14,426.70813559322033,-276.89772727272725,-1.063134099362129,68.65386363636367,0.6022207151367548,0.8062965909863848,0.85332639250278,0.8589802259886987,1.0097881021314048,1.256771571648688,1.0715359071930874,342.9161363636363,29.222380970724192,0.3525018103399832,45.86501926761207,0.5283669659680612,3.8371569110032997,24,1,0
MATO GROSSO,PASTOS BONS - MA,2108009,2108009,2018,11737.505626651317,11737.505626651317,552258.8230971321,47.04765193687421,3164.0,15030.0,4750.0,725.17,212.49,27.51900826446281,26.553050847457627,30.98457627118644,32.318347107438015,23.63082644628099,2.3543622106673747,242,59.0,17,17,526.7377966101695,-261.9477272727273,-1.0057343693534777,-130.42613636363632,-1.14407721507796,0.8313379133004375,0.8798283292251079,1.3083022598870038,1.5379958886770777,1.762195300462249,1.5024651913912366,342.9161363636363,29.222380970724192,0.3525018103399832,46.21752107795214,0.8301308589220682,3.8511609590873164,24,1,0
MATO GROSSO,PASTOS BONS - MA,2108009,2108009,2019,21144.807504685326,21144.807504685326,876890.0075324724,41.47152378379968,2789.0,23865.0,8557.0,795.5,288.12,28.04201646090535,26.032,30.1225,32.89098765432099,24.046502057613168,2.679786836173959,243,60.0,13,12,361.47,-191.61772727272728,-0.7357060742692982,-54.79613636363632,-0.4806629471347266,1.354346109742977,1.4333426346418272,0.7872514124293772,0.925466134848822,0.9001190292758068,0.7674504121313999,342.9161363636363,29.222380970724192,0.3525018103399832,46.5700228882921,-5.098499104492419,3.7250070178272607,24,1,0
MATO GROSSO,PASTOS BONS - MA,2108009,2108009,2020,21535.234007634997,21535.234007634997,1066340.871929599,49.516017999301866,3330.0,29021.0,8715.0,573.58,258.59,27.986570247933884,26.67864406779661,31.11254237288136,33.17888429752066,23.69694214876033,2.2698414711546238,242,59.0,20,19,591.1383050847458,-413.5377272727272,-1.5877561133007358,-84.32613636363635,-0.7396953857485531,1.298899896771509,1.374662345748379,1.4338954802259885,1.685639030823569,1.890161402157165,1.6115703589196082,342.9161363636363,29.222380970724192,0.3525018103399832,46.92252469863206,2.593493300669806,3.902296213174261,24,1,0
MATO GROSSO,PASTOS BONS - MA,2108009,2108009,2021,21745.27358200665,21745.27358200665,1141408.3886020833,52.48995301427496,3530.0,31064.0,8800.0,1153.01,298.2,26.76264462809917,25.03372881355932,28.838983050847457,31.376694214876032,23.003842975206613,2.215156680237325,242,59.0,2,15,432.5847457627119,165.8922727272727,0.6369345595362592,-44.71613636363634,-0.3922427987694247,0.0749742769367998,0.0793473890181238,-0.2110197740113015,-0.2480677094351106,-0.3833979198767352,-0.3268888691937249,342.9161363636363,29.222380970724192,0.3525018103399832,47.27502650897202,5.214926505302941,3.960621780127114,24,1,0
MATO GROSSO,PASTOS BONS - MA,2108009,2108009,2022,20440.55716708625,20440.55716708625,1071411.5118223072,52.41560463890063,3525.0,29159.0,8272.0,878.58,266.1,26.82190082644628,25.406779661016948,29.52525423728813,31.762727272727272,22.652561983471077,2.071938300740152,242,59.0,3,13,383.82830508474575,-108.53772727272724,-0.4167248321877739,-76.8161363636363,-0.6738188664803565,0.1342304752839034,0.1420598927471851,0.1620310734463252,0.1904782498960945,0.3028732665639424,0.2582327511008087,342.9161363636363,29.222380970724192,0.3525018103399832,47.62752831931198,4.788076319588654,3.9592043454461407,24,1,0
MATO GROSSO,PASTOS BONS - MA,2108009,2108009,2023,20559.16775026083,20559.16775026083,1066928.7722070145,51.895166011280345,3490.0,29037.0,8320.0,830.42,280.66,28.74798353909465,27.329666666666665,31.91333333333333,33.925473251028805,24.377407407407407,2.406194924825675,243,60.0,27,21,670.1800000000001,-156.69772727272732,-0.6016325911989227,-62.2561363636363,-0.5461008743971424,2.0603131879322767,2.180487477856445,2.0849180790960418,2.450959179842104,2.690952362609142,2.294332674392953,342.9161363636363,29.222380970724192,0.3525018103399832,47.98003012965205,3.915135881628295,3.9492256453962447,24,1,0
MATO GROSSO,PORTO FRANCO - MA,2109007,2109007,1984,,617.7634540342798,18371.883669232608,29.739350149730857,2000.0,500.0,250.0,1695.89,839.73,25.497603305785123,23.93491525423729,27.70949152542373,30.0,21.62181818181818,1.7566606025883649,242,59.0,0,2,55.41898305084745,554.3027272727275,1.9709288487964407,445.8013636363637,3.391834862944798,-1.3682678642098978,-1.4771905123594016,-1.4647959039548013,-1.8146806625504008,-1.9180061633282008,-1.7847681061977207,393.9286363636364,29.627497688751927,0.5450083377281414,25.382806255639935,4.3565438940909225,3.3924710897418544,8,0,0
MATO GROSSO,PORTO FRANCO - MA,2109007,2109007,1993,123.55269080685596,123.55269080685596,3674.376733846521,29.739350149730857,2000.0,100.0,50.0,1398.76,478.05,26.44223140495868,24.76542372881356,28.61237288135593,31.130909090909093,22.40144628099173,2.236316617256948,242,59.0,0,3,85.8371186440678,257.17272727272734,0.91442658021794,84.12136363636364,0.6400289392856429,-0.4236397650363415,-0.4573641301816397,-0.6342874293785314,-0.7857948875228019,-1.015124807395992,-0.9446071731628998,393.9286363636364,29.627497688751927,0.5450083377281414,30.2878812951933,-0.5485311454624444,3.3924710897418544,8,0,0
MATO GROSSO,PORTO FRANCO - MA,2109007,2109007,1994,123.55269080685596,123.55269080685596,3674.376733846521,29.739350149730857,2000.0,100.0,50.0,1240.99,469.29,26.47417355371901,24.72169491525424,28.588474576271185,31.11194214876033,22.458347107438016,2.101988077622673,242,59.0,0,9,257.29627118644066,99.40272727272736,0.3534453164154628,75.36136363636365,0.5733793598473157,-0.3916976162760122,-0.4228791873372225,-0.6780162429378542,-0.8399688732283377,-1.0390231124807414,-0.966845335647962,393.9286363636364,29.627497688751927,0.5450083377281414,30.83288963292125,-1.0935394831903942,3.3924710897418544,8,0,0
MATO GROSSO,PORTO FRANCO - MA,2109007,2109007,1995,123.55269080685596,123.55269080685596,3674.376733846521,29.739350149730857,2000.0,100.0,50.0,1392.5,352.14,26.365637860082305,24.85,28.732166666666668,31.05074074074074,22.294814814814817,2.276607756416833,243,60.0,0,8,229.85733333333332,250.91272727272732,0.8921679587347461,-41.78863636363639,-0.3179446391481226,-0.5002333099127156,-0.5400549985114957,-0.549711158192089,-0.6810165198210094,-0.8953310220852586,-0.8331350979260337,393.9286363636364,29.627497688751927,0.5450083377281414,31.37789797064943,-1.6385478209185713,3.3924710897418544,8,0,0
MATO GROSSO,PORTO FRANCO - MA,2109007,2109007,2013,607.8792387697313,607.8792387697313,19915.121897448145,32.757894189928535,2203.0,542.0,246.0,1066.62,346.67,26.74165289256198,25.11152542372881,29.34610169491525,31.526900826446283,22.60987603305785,2.258712168271888,242,59.0,2,14,410.8454237288136,-74.96727272727276,-0.2665604069111393,-47.25863636363636,-0.3595625842996806,-0.1242182774330409,-0.1341068263644956,-0.2881857344632799,-0.3570224890317112,-0.2813959938366714,-0.2618482696322612,393.9286363636364,29.627497688751927,0.5450083377281414,41.18804804975616,-8.430153859827627,3.489143977002115,8,0,0
MATO GROSSO,PORTO FRANCO - MA,2109007,2109007,2021,1581.4744423277562,1581.4744423277562,77602.83661883853,49.06992774705591,3300.0,2112.0,640.0,1604.04,608.79,26.847809917355374,25.06762711864407,28.99949152542373,31.386942148760333,22.88809917355372,2.464876032549069,242,59.0,0,2,57.99898305084746,462.4527272727273,1.6443386917307277,214.8613636363636,1.6347510872042388,-0.0180612526396473,-0.019499040895782,-0.3320840395480218,-0.4114064514260225,-0.6280061633281981,-0.5843804843978339,393.9286363636364,29.627497688751927,0.5450083377281414,45.548114751581124,3.5218129954747823,3.8932463776543433,8,0,0
MATO GROSSO,PORTO FRANCO - MA,2109007,2109007,2022,1606.1849804891274,1606.1849804891274,76280.06099465379,47.49374218912018,3194.0,2076.0,650.0,1606.68,354.98,26.67574380165289,25.55762711864407,29.908135593220337,31.508677685950413,22.426322314049585,2.2056249442439144,242,59.0,3,14,418.7138983050848,465.0927272727274,1.6537257142092634,-38.94863636363635,-0.2963367846270208,-0.1901273683421287,-0.205262691612678,0.1579159604519802,0.1956361558402643,0.2806379044684099,0.2611428424277037,393.9286363636364,29.627497688751927,0.5450083377281414,46.0931230893093,1.400619099810875,3.8605979589747297,8,0,0
MATO GROSSO,PORTO FRANCO - MA,2109007,2109007,2023,1663.0192182602811,1663.0192182602811,81607.90725873124,49.06992774705591,3300.0,2221.0,673.0,1033.95,401.04,28.520246913580248,26.9845,31.323833333333333,33.691275720164604,23.910740740740746,2.212845280696867,243,60.0,24,15,469.8575,-107.6372727272726,-0.3827248100830152,7.111363636363649,0.0541060953877455,1.654375743585227,1.7860743617718515,1.58478884180791,1.9633354091787527,1.6963356445814064,1.5784963644755416,393.9286363636364,29.627497688751927,0.5450083377281414,46.63813142703748,2.431796320018428,3.8932463776543433,8,0,0
MATO GROSSO,RIACHÃO - MA,2109502,2109502,1984,,2718.159197750831,72752.65933016113,26.76541513475777,1800.0,1980.0,1100.0,1820.9,769.02,25.68987603305785,24.07881355932204,27.814237288135597,30.208016528925626,21.72400826446281,1.8810393704543065,242,59.0,0,0,0.0,480.139090909091,1.6140693585577714,325.71204545454543,2.469838862738852,-1.1507809430392086,-1.2628281507575572,-1.4129806111967085,-1.7376284117508287,-1.8232932074987185,-1.790161516356717,443.30795454545455,29.637530495634312,0.7162357018753134,19.762287785748413,7.0031273490093575,3.287110574084028,40,1,0
MATO GROSSO,RIACHÃO - MA,2109502,2109502,1985,,3817.778145931849,58459.33383549815,15.315765327111391,1030.0,1591.0,1545.0,1795.7,498.7000000000001,24.818553719008264,24.11288135593221,28.123050847457627,29.23367768595041,20.93644628099173,1.151939720431988,242,59.0,0,3,84.36915254237289,454.93909090909096,1.5293552650673974,55.392045454545496,0.4200318301379056,-2.0221032570887942,-2.218987837986184,-1.3789128145865384,-1.6957331650315948,-1.5144796481766851,-1.4869595149705337,443.30795454545455,29.637530495634312,0.7162357018753134,20.47852348762376,-5.16275816051237,2.7288827114234535,40,1,0
MATO GROSSO,RIACHÃO - MA,2109502,2109502,1986,,5189.21301388795,115742.86711616542,22.30451261229814,1500.0,3150.0,2100.0,1310.02,257.24,25.295206611570247,25.30084745762712,29.68779661016949,29.83900826446281,21.32392561983471,1.1358168129822734,242,59.0,8,13,385.94135593220335,-30.7409090909091,-0.1033408034407284,-186.0679545454545,-1.4109329748777226,-1.5454503645268112,-1.695925047879847,-0.1909467128916269,-0.2348188155037099,0.0502661145351766,0.0493527115921729,443.30795454545455,29.637530495634312,0.7162357018753134,21.19475918949911,1.1097534227990309,3.104789017290073,40,1,0
MATO GROSSO,RIACHÃO - MA,2109502,2109502,1987,,5189.21301388795,75214.4917418383,14.49793319799379,975.0,2047.0,2100.0,1379.73,411.02,26.853703703703705,25.583,29.615,31.528230452674897,22.66567901234568,2.075992510482942,243,60.0,2,1,29.615,38.96909090909094,0.1310012385122066,-32.28795454545457,-0.2448360324636448,0.0130467276066461,0.0143170383526043,0.0912058294812574,0.1121613696381225,-0.0225304956343102,-0.0221210862098895,443.30795454545455,29.637530495634312,0.7162357018753134,21.91099489137423,-7.41306169338044,2.674006101197619,40,1,0
MATO GROSSO,RIACHÃO - MA,2109502,2109502,1988,9983.05741719396,9983.05741719396,267200.676085319,26.76541513475777,1800.0,7272.0,4040.0,1461.74,315.26,26.010330578512395,24.81050847457627,28.67372881355932,30.477107438016528,22.05487603305785,2.157377551232779,242,59.0,0,2,57.34745762711864,120.97909090909091,0.4066918260973478,-128.04795454545456,-0.9709736524764688,-0.8303263975846633,-0.9111721527276792,-0.6812856959424742,-0.8378185605720768,-0.9638016820749904,-0.9462881085469804,443.30795454545455,29.637530495634312,0.7162357018753134,22.62723059324958,4.138184541508192,3.287110574084028,40,1,0
MATO GROSSO,RIACHÃO - MA,2109502,2109502,1989,8648.688356479917,8648.688356479917,192904.7785269424,22.30451261229814,1500.0,5250.0,3500.0,1364.93,403.62,26.07190082644628,24.91694915254237,29.15610169491525,30.666859504132237,21.925619834710744,1.7991825317779506,242,59.0,3,17,495.6537288135593,24.169090909090983,0.0812485169384951,-39.68795454545455,-0.3009494241521879,-0.7687561496507804,-0.8436070415652671,-0.5748450179763722,-0.7069219688323825,-0.4814288007190583,-0.4726805915628527,443.30795454545455,29.637530495634312,0.7162357018753134,23.343466295124927,-1.0389536828267865,3.104789017290073,40,1,0
MATO GROSSO,RIACHÃO - MA,2109502,2109502,1990,4942.107632274238,4942.107632274238,22046.26040307913,4.460902522459628,300.0,600.0,2000.0,1553.08,546.42,26.303305785123964,25.039322033898305,29.02084745762712,30.865619834710746,22.2651652892562,1.8504290804097645,242,59.0,3,3,87.06254237288135,212.31909090909085,0.7137467982961867,103.1120454545454,0.7818873776213215,-0.5373511909730944,-0.5896710533038463,-0.4524721366204396,-0.5564325751443899,-0.6166830380071922,-0.605477077351092,443.30795454545455,29.637530495634312,0.7162357018753134,24.059701997000275,-19.598799474540648,1.495351104855973,40,1,0
MATO GROSSO,RIACHÃO - MA,2109502,2109502,1991,2359.8563944109487,2359.8563944109487,64926.23688706804,27.50889888850104,1850.0,1767.0,955.0,1212.37,637.95,26.649753086419757,24.896666666666665,28.9665,31.472181069958847,22.430987654320987,2.17183662344732,243,60.0,5,11,318.6315,-128.3909090909092,-0.4316079157159274,194.6420454545455,1.4759493696824522,-0.1909038896773047,-0.2094914826595295,-0.5951275038520798,-0.731864578404863,-0.6710304956343123,-0.6588369685390628,443.30795454545455,29.637530495634312,0.7162357018753134,24.775937698875623,2.732961189625417,3.3145095482721425,40,1,0
MATO GROSSO,RIACHÃO - MA,2109502,2109502,1992,7660.266830025069,7660.266830025069,73818.22858297662,9.635549448512796,648.0,2009.0,3100.0,1570.51,468.61,26.264421487603304,24.79542372881356,29.02627118644068,30.95210743801653,22.14020661157025,2.221759021453915,242,59.0,0,5,145.13135593220338,229.7490909090909,0.7723407129603621,25.302045454545464,0.1918626469070587,-0.5762354884937544,-0.6323413684742016,-0.6963704417051844,-0.8563691922039739,-0.6112593091936347,-0.6001519049886581,443.30795454545455,29.637530495634312,0.7162357018753134,25.49217340075097,-15.856623952238175,2.2654593265520466,40,1,0
MATO GROSSO,RIACHÃO - MA,2109502,2109502,1993,14010.875137497464,14010.875137497464,405173.5224412559,28.906648345538397,1944.0,11027.0,5670.0,1719.27,577.87,26.246528925619835,24.68949152542373,28.418305084745764,30.85818181818182,22.14611570247934,1.991102703613821,242,59.0,0,0,0.0,378.5090909090909,1.272422798183696,134.56204545454543,1.0203692922976306,-0.5941280504772237,-0.6519760618522703,-0.8023026450950148,-0.9866404817538283,-1.219225410888548,-1.1970704444904363,443.30795454545455,29.637530495634312,0.7162357018753134,26.208409102626092,2.6982392429123045,3.3640716152201566,40,1,0
MATO GROSSO,RIACHÃO - MA,2109502,2109502,1994,17828.653283429314,17828.653283429314,620602.2303466775,34.7950396751851,2340.0,16890.0,7215.0,1431.37,424.73,26.24090909090909,24.79677966101695,28.81593220338983,30.8753305785124,22.132685950413222,1.843242677583372,242,59.0,0,4,115.26372881355933,90.6090909090908,0.3045978967599405,-18.57795454545453,-0.1408746000244651,-0.5997478851879663,-0.6581430787100463,-0.6950145095017959,-0.8547017196977374,-0.8215982922444809,-0.8066687456693676,443.30795454545455,29.637530495634312,0.7162357018753134,26.92464480450144,7.870394870683661,3.549474838551519,40,1,0
MATO GROSSO,RIACHÃO - MA,2109502,2109502,1995,23252.61640985029,23252.61640985029,639635.5018280025,27.49402921342617,1849.0,17408.0,9410.0,1387.7,380.42,26.31942386831276,25.041833333333333,28.952333333333332,30.916748971193417,22.236049382716047,2.118016497002962,243,60.0,0,2,57.90466666666667,46.93909090909096,0.1577937514137257,-62.88795454545453,-0.4768724899865395,-0.5212331077843011,-0.5719836130397553,-0.4499608371854116,-0.553344277106795,-0.6851971623009767,-0.6727462078086518,443.30795454545455,29.637530495634312,0.7162357018753134,27.64088050637679,-0.14685129295061827,3.3139688615868965,40,1,0
MATO GROSSO,RIACHÃO - MA,2109502,2109502,1996,12632.027108092952,12632.027108092952,339659.38527677243,26.88437253535669,1808.0,9244.0,5112.0,1618.65,521.31,26.06739669421488,24.666779661016943,28.65881355932203,30.70706611570248,21.99152892561984,1.959957722379747,242,59.0,0,5,143.29406779661016,277.889090909091,0.9341715248899892,78.0020454545454,0.5914809904187106,-0.7732602818821803,-0.8485497241939214,-0.8250145095017984,-1.0145706462333222,-0.9787169363122814,-0.9609323325436816,443.30795454545455,29.637530495634312,0.7162357018753134,28.357116208252137,-1.4727436728954473,3.2915451711518937,40,1,0
MATO GROSSO,RIACHÃO - MA,2109502,2109502,1997,12849.47984391302,12849.47984391302,353475.04179603537,27.50889888850104,1850.0,9620.0,5200.0,1032.71,352.03,27.884214876033056,26.50322033898305,30.64813559322034,32.90252066115703,23.291570247933887,1.9389109113369445,242,59.0,18,8,245.1850847457627,-308.05090909090904,-1.0355656155762667,-91.27795454545458,-0.6921507589105591,1.0435578999359976,1.1451652036435531,1.0114261684643076,1.2438124294029629,1.0106050975860263,0.992241043015952,443.30795454545455,29.637530495634312,0.7162357018753134,29.073351910127485,-1.564453021626445,3.3145095482721425,40,1,0
MATO GROSSO,RIACHÃO - MA,2109502,2109502,1998,57081.34315276745,57081.34315276745,1663610.810016351,29.144563146736235,1960.0,45276.0,23100.0,1257.36,361.91,27.07822314049587,25.428813559322037,29.51322033898305,31.875289256198347,22.671859504132232,2.574822344877029,242,59.0,3,6,177.0793220338983,-83.40090909090918,-0.2803663654725972,-81.39795454545458,-0.6172317981155852,0.2375661643988103,0.2606970873865903,-0.0629806111967106,-0.0774510977274842,-0.1243101566512621,-0.1220512738237252,443.30795454545455,29.637530495634312,0.7162357018753134,29.789587612002833,-0.645024465266598,3.3722683824243345,40,1,0
MATO GROSSO,RIACHÃO - MA,2109502,2109502,1999,33037.98952175328,33037.98952175328,1210964.340173798,36.63887938446841,2464.0,32957.0,13370.0,1697.13,516.63,26.249958847736625,24.925,28.8935,30.822057613168724,22.0658024691358,2.2466905869168623,243,60.0,0,2,57.787,356.3690909090908,1.1979954160457242,73.32204545454545,0.5559930616210917,-0.5906981283604331,-0.6482121811326697,-0.5667941705187438,-0.6970213508265919,-0.7440304956343127,-0.7305104603047217,443.30795454545455,29.637530495634312,0.7162357018753134,30.50582331387818,6.133056070590229,3.601109954853182,40,1,0
MATO GROSSO,RIACHÃO - MA,2109502,2109502,2000,37090.51778021816,37090.51778021816,1400304.9732689094,37.73923534000845,2538.0,38110.0,15010.0,1231.86,274.64,26.60169421487603,25.363389830508478,29.732881355932204,31.44400826446281,22.12706611570248,2.005241270623156,242,59.0,8,13,386.5274576271186,-108.90090909090918,-0.3660889600759517,-168.66795454545456,-1.2789906755019589,-0.2389627612210283,-0.2622296655831823,-0.1284043400102703,-0.157906646153475,0.0953508602978914,0.0936182068549228,443.30795454545455,29.637530495634312,0.7162357018753134,31.222059015753302,6.517176324255146,3.6307002784741047,40,1,0
MATO GROSSO,RIACHÃO - MA,2109502,2109502,2001,48185.54941467382,48185.54941467382,1595193.915232129,33.09989671665044,2226.0,43414.0,19500.0,1477.25,653.38,27.05409090909091,25.20203389830509,29.55593220338983,31.97673553719008,22.554710743801653,2.416841883284192,242,59.0,3,4,118.22372881355932,136.48909090909092,0.4588313336384469,210.07204545454545,1.592953374243833,0.2134339329938512,0.2342151914678989,-0.2897602722136589,-0.356335874395812,-0.0815982922444824,-0.0801155414695438,443.30795454545455,29.637530495634312,0.7162357018753134,31.93829471762865,1.1616019990217907,3.499530162035262,40,1,0
MATO GROSSO,RIACHÃO - MA,2109502,2109502,2002,53868.97319178919,53868.97319178919,1842332.494350646,34.20025267219048,2300.0,50140.0,21800.0,1282.09,420.19,27.26268595041322,26.06593220338983,30.30627118644068,32.16752066115703,22.82198347107438,2.05956422306526,242,59.0,13,9,272.7564406779661,-58.67090909090916,-0.1972322570592263,-23.117954545454552,-0.1753009241144634,0.4220289743161629,0.4631203466006912,0.5741380328710868,0.7060525461411622,0.6687406908063664,0.656588772546176,443.30795454545455,29.637530495634312,0.7162357018753134,32.654530419504,1.5457222526864811,3.532233032117013,40,1,0
MATO GROSSO,RIACHÃO - MA,2109502,2109502,2003,49421.07632274238,49421.07632274238,1763700.8322463303,35.68722017967703,2400.0,48000.0,20000.0,1592.1,741.8,27.1598353909465,25.1925,29.06983333333333,31.98761316872428,22.676090534979423,2.2764921483979506,243,60.0,2,3,87.2095,251.33909090909083,0.844919176391202,298.4920454545454,2.263432576014237,0.3191784148494427,0.350255615392405,-0.2992941705187455,-0.3680602904553012,-0.567697162300977,-0.5573813409255718,443.30795454545455,29.637530495634312,0.7162357018753134,33.37076612137935,2.31645405829768,3.574792646535809,40,1,0
MATO GROSSO,RIACHÃO - MA,2109502,2109502,2004,60293.7131137457,60293.7131137457,2420679.3922580886,40.148122702136654,2700.0,65880.0,24400.0,1466.04,432.95,27.259421487603305,26.181016949152543,30.36610169491525,32.0798347107438,22.84223140495868,2.0209045661768523,242,59.0,9,17,516.2237288135593,125.27909090909088,0.4211470087167368,-10.35795454545456,-0.07854323790557,0.4187645115062466,0.4595380353377187,0.6892227786337983,0.8475792751081239,0.7285711992809389,0.7153320801692914,443.30795454545455,29.637530495634312,0.7162357018753134,34.087001823254695,6.061120878881958,3.6925756821921922,40,1,0
MATO GROSSO,RIACHÃO - MA,2109502,2109502,2005,66323.08442512028,66323.08442512028,2662747.3314838973,40.148122702136654,2700.0,72468.0,26840.0,1559.99,412.01,27.449297520661155,26.114237288135595,30.26254237288136,32.38194214876033,22.926404958677683,2.5369908831112613,242,59.0,8,16,484.2006779661017,219.22909090909093,0.7369759405985077,-31.29795454545456,-0.2373289706026099,0.6086405445640963,0.6679015828486506,0.6224431176168501,0.7654562541758967,0.6250118772470437,0.6136545703740371,443.30795454545455,29.637530495634312,0.7162357018753134,34.803237525130044,5.34488517700661,3.6925756821921922,40,1,0
MATO GROSSO,RIACHÃO - MA,2109502,2109502,2006,66471.3476540885,66471.3476540885,2253568.7384027485,33.902859170693176,2280.0,61332.0,26900.0,1110.92,289.81,26.87309917355372,26.88694915254237,31.353898305084748,31.80247933884297,22.286694214876032,1.379533229767412,242,59.0,24,16,501.662372881356,-229.840909090909,-0.7726493754222136,-153.49795454545455,-1.1639582225404452,0.0324421974566604,0.0356009720777155,1.3951549820236266,1.7157071486683524,1.7163678094504355,1.685179096677904,443.30795454545455,29.637530495634312,0.7162357018753134,35.519473227005165,-1.6166140563119882,3.5234993521482583,40,1,0
MATO GROSSO,RIACHÃO - MA,2109502,2109502,2007,66471.3476540885,66471.3476540885,2965222.024214143,44.60902522459628,3000.0,80700.0,26900.0,1250.46,424.14,27.416543209876544,25.523333333333333,29.540666666666667,32.370864197530864,22.88436213991769,2.7369012581918515,243,60.0,7,9,265.866,-90.30090909090904,-0.3035618910711515,-19.167954545454563,-0.1453485055780114,0.5758862337794852,0.6319581081433526,0.0315391628145889,0.0387856315615327,-0.0968638289676455,-0.095103682847982,443.30795454545455,29.637530495634312,0.7162357018753134,36.23570892888051,8.373316295715767,3.7979361978500186,40,1,0
MATO GROSSO,RIACHÃO - MA,2109502,2109502,2008,69794.91503679293,69794.91503679293,3113483.12542485,44.60902522459628,3000.0,84735.0,28245.0,1366.45,358.07,27.23012396694215,26.081525423728813,30.35627118644068,32.042975206611565,22.872396694214878,2.40382449104309,242,59.0,11,17,516.0566101694916,25.689090909090964,0.0863582559109303,-85.23795454545456,-0.6463500986674777,0.38946699084509,0.4273879253953359,0.5897312532100685,0.7252284799628992,0.7187406908063672,0.7056802052623811,443.30795454545455,29.637530495634312,0.7162357018753134,36.95194463075586,7.657080593840419,3.7979361978500186,40,1,0
MATO GROSSO,RIACHÃO - MA,2109502,2109502,2009,67237.37433709101,67237.37433709101,2999393.727838916,44.60902522459628,3000.0,81630.0,27210.0,1286.03,429.94,26.729586776859502,25.50033898305085,29.601525423728813,31.304834710743805,22.531404958677687,1.77614010918601,242,59.0,0,13,384.8198305084746,-54.73090909090911,-0.1839872757754137,-13.367954545454552,-0.1013677391194233,-0.1110701992375524,-0.1218846863565526,0.0085448125321043,0.0105080769765793,-0.0360050719054996,-0.0353508112978187,443.30795454545455,29.637530495634312,0.7162357018753134,37.66818033263121,6.940844891965071,3.7979361978500186,40,1,0
MATO GROSSO,RIACHÃO - MA,2109502,2109502,2010,81947.55770455528,81947.55770455528,3290036.927486175,40.13325302706179,2699.0,89540.0,33163.0,1609.56,639.11,26.567603305785124,24.75762711864407,28.5071186440678,31.177355371900827,22.39801652892562,2.42320816284671,242,59.0,0,4,114.0284745762712,268.79909090909086,0.9036139411666756,195.80204545454544,1.4847455229741695,-0.2730536703119348,-0.2996398781395495,-0.7341670518746746,-0.9028499883153605,-1.1304118515665138,-1.109870747055551,443.30795454545455,29.637530495634312,0.7162357018753134,38.38441603450656,1.7488369925552334,3.6922052432177765,40,1,0
MATO GROSSO,RIACHÃO - MA,2109502,2109502,2011,86864.95479866814,86864.95479866814,3874960.959747203,44.60902522459628,3000.0,105459.0,35153.0,1463.17,537.17,25.955020576131687,24.383666666666667,28.157833333333333,30.480123456790125,21.89962962962963,1.754438615325933,243,60.0,0,2,56.315666666666665,122.409090909091,0.411499014735889,93.8620454545454,0.7117456380106425,-0.8856363999653709,-0.9718674817973104,-1.108127503852078,-1.362731957733733,-1.4796971623009796,-1.4528090736691428,443.30795454545455,29.637530495634312,0.7162357018753134,39.100651736381906,5.5083734882143744,3.7979361978500186,40,1,0
MATO GROSSO,RIACHÃO - MA,2109502,2109502,2012,88750.36886038077,88750.36886038077,4051441.2742738514,45.64990247983686,3070.0,110262.0,35916.0,1240.17,469.96,27.042438016528926,25.712033898305084,29.52220338983051,31.647355371900822,22.86599173553719,2.105427743148479,242,59.0,1,11,324.7442372881356,-100.590909090909,-0.3381534792463874,26.65204545454543,0.2020995494448332,0.201781040431868,0.2214277006304491,0.220239727786339,0.2708422220130055,-0.1153271058038036,-0.1132314570984403,443.30795454545455,29.637530495634312,0.7162357018753134,39.816887438257254,5.833015041579607,3.8210014707810145,40,1,0
MATO GROSSO,RIACHÃO - MA,2109502,2109502,2013,88948.05316567174,88948.05316567174,3692564.898679062,41.51613280902427,2792.0,100495.0,35996.0,1238.49,381.68,26.680371900826444,25.211525423728816,29.3,31.288388429752064,22.505413223140497,2.2219355945722343,242,59.0,3,14,410.2,-102.27090909090909,-0.3438010854790791,-61.62795454545454,-0.4673180476179498,-0.1602850752706146,-0.1758914295742988,-0.2802687467899289,-0.3446635668521436,-0.3375304956343115,-0.3313971123219785,443.30795454545455,29.637530495634312,0.7162357018753134,40.533123140132375,0.9830096688918957,3.726082094082035,40,1,0
MATO GROSSO,RIACHÃO - MA,2109502,2109502,2014,107589.68315461016,107589.68315461016,4610203.744189892,42.85440356576216,2882.0,125469.0,43540.0,1192.78,387.12,27.227851239669423,25.613389830508478,29.83966101694915,31.92264462809917,22.862685950413223,2.27458051638019,242,59.0,9,15,447.59491525423726,-147.9809090909091,-0.497463038393563,-56.18795454545455,-0.4260671218361018,0.3871942635723648,0.4248939112249134,0.1215956599897296,0.1495335971841818,0.2021305213148387,0.1984575377403745,443.30795454545455,29.637530495634312,0.7162357018753134,41.24935884200772,1.605044723754439,3.7578084067592394,40,1,0
MATO GROSSO,RIACHÃO - MA,2109502,2109502,2015,115793.5818241854,115793.5818241854,4752071.429883706,41.04030320662857,2760.0,129330.0,46860.0,1009.52,525.17,29.03465020576132,26.345,30.747166666666665,34.27255144032922,24.2040329218107,2.666565133002257,243,60.0,18,24,737.932,-331.2409090909091,-1.1135227516096704,81.86204545454541,0.6207509487859778,2.193993229664258,2.4076140900233143,0.8532058294812579,1.0492392313313013,1.1096361710323528,1.0894725885940288,443.30795454545455,29.637530495634312,0.7162357018753134,41.96559454388307,-0.9252913372544995,3.7145545889109672,40,1,0
MATO GROSSO,RIACHÃO - MA,2109502,2109502,2016,115054.7367331604,115054.7367331604,2270654.590215135,19.73205882434642,1327.0,61797.0,46561.0,1027.2,484.88,27.86400826446281,25.76220338983051,29.91949152542373,32.92615702479339,23.296322314049583,2.396336425774052,242,59.0,9,8,239.35593220338984,-313.56090909090904,-1.0540884193513445,41.572045454545446,0.3152362797141664,1.0233512883657525,1.1229911503828718,0.270409219311766,0.3325387047438206,0.2819610297894179,0.2768374184499784,443.30795454545455,29.637530495634312,0.7162357018753134,42.68183024575842,-22.949771421412,2.9822446645319793,40,1,0
MATO GROSSO,RIACHÃO - MA,2109502,2109502,2017,119641.01261591088,119641.01261591088,4807113.593356727,40.17786205228639,2702.0,130828.0,48417.0,1265.48,547.35,27.569669421487603,25.8835593220339,30.129661016949157,32.525,23.07152892561984,2.7788083460135136,242,59.0,10,9,271.1669491525424,-75.28090909090906,-0.2530696020145875,104.04204545454547,0.7889394660362335,0.7290124453905449,0.7999936424567814,0.3917651515151554,0.4817774940521336,0.4921305213148415,0.4831878474943628,443.30795454545455,29.637530495634312,0.7162357018753134,43.39806594763377,-3.2202038953473746,3.693316148719916,40,1,0
MATO GROSSO,RIACHÃO - MA,2109502,2109502,2018,124630.07027069174,124630.07027069174,5281659.348533005,42.37857396336647,2850.0,143743.0,50436.0,782.15,222.06,28.011528925619835,26.884745762711862,31.499322033898306,33.000537190082646,23.448553719008267,2.3373309371905844,242,59.0,21,15,472.4898305084746,-558.6109090909091,-1.8778657451376983,-221.24795454545452,-1.6776990721213647,1.1708719495227768,1.284875342899527,1.3929515921931213,1.7129975058457192,1.8617915382639936,1.827960280645711,443.30795454545455,29.637530495634312,0.7162357018753134,44.114301649509116,-1.7357276861426456,3.746642903462468,40,1,0
MATO GROSSO,RIACHÃO - MA,2109502,2109502,2019,128544.21951545292,128544.21951545292,4749866.803843399,36.95114256104059,2485.0,129270.0,52020.0,814.31,297.05,28.626666666666665,27.024166666666662,31.58216666666667,33.78102880658437,23.993251028806583,2.477894000494362,243,60.0,25,14,442.1503333333334,-526.4509090909091,-1.7697544258261737,-146.25795454545454,-1.1090580933748977,1.7860096905696068,1.9599067297904047,1.5323724961479217,1.884451892398599,1.9446361710323568,1.9092995149546468,443.30795454545455,29.637530495634312,0.7162357018753134,44.83053735138424,-7.879394790343646,3.609596568730501,40,1,0
MATO GROSSO,RIACHÃO - MA,2109502,2109502,2020,129730.32534719876,129730.32534719876,5835387.922323676,44.98076710146792,3025.0,158813.0,52500.0,797.42,183.86,28.483719008264465,27.418305084745764,32.4571186440678,33.82028925619835,23.61830578512397,2.5858371461563814,242,59.0,35,18,584.2281355932204,-543.3409090909091,-1.826533038486984,-259.44795454545454,-1.967365499486547,1.643062032167407,1.803040796089396,1.92651091422702,2.369147937050428,2.819588148433485,2.7683524375245967,443.30795454545455,29.637530495634312,0.7162357018753134,45.546773053259585,-0.5660059517916665,3.8062350006647137,40,1,0
MATO GROSSO,RIACHÃO - MA,2109502,2109502,2021,129928.00965248972,129928.00965248972,6143704.874060738,47.285566738072056,3180.0,167204.0,52580.0,1697.34,503.29,26.970785123966944,25.39728813559322,29.293559322033897,31.44871900826446,22.91041322314049,2.464796416080619,242,59.0,2,6,175.76135593220337,356.57909090909084,1.198701366824811,59.98204545454547,0.4548372987663397,0.1301281478698861,0.1427982356937895,-0.0945060349255229,-0.1162198334975194,-0.3439711736004156,-0.3377207545023734,443.30795454545455,29.637530495634312,0.7162357018753134,46.26300875513493,1.0225579829371227,3.856205105973994,40,1,0
MATO GROSSO,RIACHÃO - MA,2109502,2109502,2022,131212.957636881,131212.957636881,6209219.011225222,47.31530608822179,3182.0,168987.0,53100.0,2155.07,592.8100000000001,26.75797520661157,25.713898305084744,29.84101694915254,31.41132231404959,22.415123966942147,2.1941897131533605,242,59.0,4,8,238.72813559322032,814.3090909090911,2.737438748306908,149.5020454545455,1.1336576803823386,-0.082681769485486,-0.0907321820823386,0.2221041345659991,0.2731349967090818,0.2034864535182272,0.1997888308309822,443.30795454545455,29.637530495634312,0.7162357018753134,46.97924445701028,0.336061631211507,3.856833839097504,40,1,0
MATO GROSSO,RIACHÃO - MA,2109502,2109502,2023,130026.8518051352,130026.8518051352,5830501.00126766,44.846940025794126,3016.0,158680.0,52620.0,1006.97,312.8,28.458436213991767,27.17233333333333,31.438666666666663,33.53991769547325,23.633456790123457,1.7212164228301807,243,60.0,29,14,440.1413333333333,-333.79090909090905,-1.122095011070006,-130.50795454545454,-0.9896275637675253,1.617779237894709,1.775296311328418,1.6805391628145865,2.0666614766167144,1.801136171032354,1.768407103059137,443.30795454545455,29.637530495634312,0.7162357018753134,47.69548015888563,-2.848540133091504,3.8032553593276184,40,1,0
MATO GROSSO,SAMBAÍBA - MA,2109700,2109700,1984,,123.55269080685596,3306.9390604618693,26.76541513475777,1800.0,90.0,50.0,1675.2,701.0,25.872355371900824,24.21169491525424,28.09169491525424,30.57103305785124,21.861157024793386,1.991102988220676,242,59.0,0,0,0.0,592.4063636363637,2.513047092344975,335.1988636363636,2.932683678503816,-1.273468386613306,-1.2906846899334343,-1.5126669234720076,-1.7830364852295866,-2.1058383410374937,-1.888565403517452,365.8011363636364,30.19753325629173,0.6608022227500644,21.53021961714967,5.235195517608101,3.287110574084028,40,1,0
MATO GROSSO,SAMBAÍBA - MA,2109700,2109700,1985,,2016.379913967889,35972.14822435744,17.843610089838513,1200.0,979.0,816.0,1299.76,362.4,24.929173553719007,24.281694915254235,28.46220338983051,29.60334710743802,20.999628099173552,1.1389294578695792,242,59.0,0,6,170.77322033898307,216.96636363636367,0.9203930321175864,-3.4011363636363967,-0.0297568344766912,-2.216650204795122,-2.246617593606295,-1.4426669234720109,-1.700524894588347,-1.7353298664612211,-1.556284680368478,365.8011363636364,30.19753325629173,0.6608022227500644,22.191021839899804,-4.3474117500612905,2.8816454659758635,40,1,0
MATO GROSSO,SAMBAÍBA - MA,2109700,2109700,1986,,1198.4611008265026,32077.30888648013,26.76541513475777,1800.0,873.0,485.0,963.06,208.57,25.88582644628099,25.5971186440678,30.35864406779661,30.845785123966944,21.743595041322312,1.496665567311725,242,59.0,14,26,789.3247457627119,-119.73363636363626,-0.5079220703716572,-157.23113636363638,-1.3756287308493769,-1.2599973122331392,-1.2770314970923655,-0.1272431946584475,-0.1499862627077407,0.16111081150488,0.1444879689059287,365.8011363636364,30.19753325629173,0.6608022227500644,22.851824062649712,3.9135910721080585,3.287110574084028,40,1,0
MATO GROSSO,SAMBAÍBA - MA,2109700,2109700,1987,,741.3161448411357,14881.225772078413,20.074061351068327,1350.0,405.0,300.0,1246.39,373.37,27.17168724279836,25.691333333333333,30.03533333333333,32.16115226337448,22.840987654320987,2.328078702972323,243,60.0,6,4,120.14133333333332,163.59636363636378,0.6939921499677473,7.568863636363631,0.0662206387288499,0.0258634842842262,0.0262131385002502,-0.0330285053929131,-0.0389319216638877,-0.1621999229584005,-0.1454647096991845,365.8011363636364,30.19753325629173,0.6608022227500644,23.512626285399847,-3.43856493433152,2.999428501632247,40,1,0
MATO GROSSO,SAMBAÍBA - MA,2109700,2109700,1988,741.3161448411357,741.3161448411357,19841.634362771216,26.76541513475777,1800.0,540.0,300.0,1160.2,289.06,26.28929752066116,25.015762711864408,29.22966101694915,31.09280991735537,22.191239669421485,2.1880816173594173,242,59.0,0,9,263.06694915254235,77.40636363636372,0.3283655426510024,-76.74113636363637,-0.6714148002829237,-0.8565262378529717,-0.8681058072145178,-0.7085991268618379,-0.8352520154909476,-0.9678722393425794,-0.8680106115585314,365.8011363636364,30.19753325629173,0.6608022227500644,24.173428508149982,2.5919866266077882,3.287110574084028,40,1,0
MATO GROSSO,SAMBAÍBA - MA,2109700,2109700,1989,1630.8955186504986,1630.8955186504986,43651.59559809668,26.76541513475777,1800.0,1188.0,660.0,1181.24,281.26,26.22082644628099,25.158813559322034,29.74779661016949,31.15289256198347,22.008636363636363,1.812636184279431,242,59.0,7,30,892.4338983050848,98.44636363636369,0.4176193286812182,-84.54113636363638,-0.7396576709304369,-0.9249973122331384,-0.9375025573300036,-0.5655482794042115,-0.6666326874008534,-0.4497366461222398,-0.4033344127175386,365.8011363636364,30.19753325629173,0.6608022227500644,24.83423073089989,1.9311844038578805,3.287110574084028,40,1,0
MATO GROSSO,SAMBAÍBA - MA,2109700,2109700,1990,3706.5807242056794,3706.5807242056794,14881.225772078413,4.014812270213666,270.0,405.0,1500.0,1141.66,433.41,26.722479338842977,25.361355932203388,29.534745762711864,31.655413223140496,22.519421487603307,2.064602593446484,242,59.0,6,6,177.2084745762712,58.86636363636376,0.2497170068620195,67.6088636363636,0.5915157609950918,-0.4233444196711531,-0.4290677073589811,-0.3630059065228579,-0.4278884965623921,-0.6627874935798665,-0.5944034287277206,365.8011363636364,30.19753325629173,0.6608022227500644,25.495032953650025,-21.480220683436357,1.3899905891981468,40,1,0
MATO GROSSO,SAMBAÍBA - MA,2109700,2109700,1991,76.60266830025068,76.60266830025068,2057.650970954052,26.854633185206964,1806.0,56.0,31.0,974.06,526.54,27.179629629629627,25.122,29.258,32.40543209876543,22.821440329218103,2.486917726748174,243,60.0,7,15,438.87,-108.73363636363626,-0.4612589693102325,160.7388636363636,1.406318138354438,0.0338058711154971,0.0342629002316053,-0.6023618387262459,-0.7100261922126653,-0.9395332562917318,-0.8425955443533583,365.8011363636364,30.19753325629173,0.6608022227500644,26.15583517640016,0.6987980088068042,3.2904383641767025,40,1,0
MATO GROSSO,SAMBAÍBA - MA,2109700,2109700,1992,2154.758927671568,2154.758927671568,38433.98063603461,17.828740414763647,1199.0,1046.0,872.0,980.97,370.26,26.684504132231403,24.978983050847457,29.22305084745763,31.815950413223145,22.328677685950414,2.1576598958417783,242,59.0,2,11,321.4535593220339,-101.8236363636363,-0.431946057643465,4.458863636363617,0.039010981329649,-0.4613196262827266,-0.46755630926371,-0.7453787878787885,-0.8786055631160093,-0.9744824088341026,-0.8739387671865304,365.8011363636364,30.19753325629173,0.6608022227500644,26.816637399150068,-8.98789698438642,2.880811785227286,40,1,0
MATO GROSSO,SAMBAÍBA - MA,2109700,2109700,1993,8871.083199932258,8871.083199932258,258088.2217853797,29.08508444643677,1956.0,7024.0,3590.0,1082.1,333.43,26.727603305785124,25.178813559322037,29.237118644067795,31.75685950413223,22.442727272727275,2.105095586201001,242,59.0,1,2,58.47423728813559,-0.6936363636364149,-0.0029424748851131,-32.37113636363637,-0.2832178553303392,-0.4182204527290061,-0.4238744683642212,-0.5455482794042119,-0.6430579472176415,-0.9604146122239356,-0.861322435978223,365.8011363636364,30.19753325629173,0.6608022227500644,27.477439621900203,1.6076448245365675,3.3702254807945344,40,1,0
MATO GROSSO,SAMBAÍBA - MA,2109700,2109700,1994,12876.661435890528,12876.661435890528,433502.9670592126,33.66494436949532,2264.0,11798.0,5211.0,1195.57,395.58,26.867314049586778,24.884745762711862,29.018983050847456,31.791694214876035,22.71723140495868,2.435227250152383,242,59.0,2,14,406.2657627118644,112.7763636363636,0.4784086230639647,29.77886363636361,0.2605378383546532,-0.278509708927352,-0.2822749438376945,-0.83961607601438,-0.9896865422843638,-1.1785502054442745,-1.056951571702252,365.8011363636364,30.19753325629173,0.6608022227500644,28.138241844650338,5.5267025248449855,3.516457069522845,40,1,0
MATO GROSSO,SAMBAÍBA - MA,2109700,2109700,1995,22177.707999830644,22177.707999830644,610056.7691205379,27.49402921342617,1849.0,16603.0,8975.0,1213.35,354.69,26.520534979423868,25.21066666666667,29.3725,31.449835390946504,22.28979423868313,2.1739871114034384,243,60.0,1,5,146.86249999999998,130.5563636363636,0.5538331627796128,-11.111136363636376,-0.0972122873859637,-0.6252887790902619,-0.6337421976412475,-0.5136951720595775,-0.6055115107337551,-0.8250332562917322,-0.7399092485970511,365.8011363636364,30.19753325629173,0.6608022227500644,28.799044067400246,-1.3050148539740754,3.3139688615868965,40,1,0
MATO GROSSO,SAMBAÍBA - MA,2109700,2109700,1996,22511.300265009155,22511.300265009155,563061.4906946409,25.01079347592365,1682.0,15324.0,9110.0,1348.27,367.12,26.12289256198347,24.88728813559322,29.161016949152543,30.97632231404959,22.084380165289257,1.957708643705032,242,59.0,2,9,262.4491525423729,265.47636363636366,1.126177307798469,1.3188636363636306,0.0115388513510348,-1.02293119653066,-1.036760431665369,-0.8370737031330258,-0.9866897532780252,-1.0365163071391876,-0.929572227695462,365.8011363636364,30.19753325629173,0.6608022227500644,29.45984629015038,-4.449052814226732,3.219307470732665,40,1,0
MATO GROSSO,SAMBAÍBA - MA,2109700,2109700,1997,16803.16594973241,16803.16594973241,499715.2358031269,29.739350149730857,2000.0,13600.0,6800.0,777.25,269.7,28.31012396694215,26.71237288135593,31.29372881355932,33.87805785123967,23.46280991735537,2.108191193665735,242,59.0,23,15,469.4059322033898,-305.5436363636363,-1.2961466893010498,-96.1011363636364,-0.8407971048644436,1.1643002084280203,1.1800406427840655,0.9880110426296866,1.16460518140698,1.0961955572675883,0.9830939842823582,365.8011363636364,30.19753325629173,0.6608022227500644,30.120648512900516,-0.3812983631696589,3.3924710897418544,40,1,0
MATO GROSSO,SAMBAÍBA - MA,2109700,2109700,1998,18780.009002642106,18780.009002642106,542852.418658485,28.891778670463527,1943.0,14774.0,7600.0,946.49,304.2,27.25995867768595,25.709830508474575,30.33237288135593,32.50995867768595,22.71301652892562,2.4037530299493626,242,59.0,10,4,121.32949152542372,-136.30363636363631,-0.5782136689705489,-61.60113636363639,-0.5389536385389047,0.1141349191718212,0.1156779346157351,-0.0145313302516676,-0.0171286167599759,0.134839625064199,0.1209273503843839,365.8011363636364,30.19753325629173,0.6608022227500644,30.78145073565065,-1.8896720651871242,3.363557079577212,40,1,0
MATO GROSSO,SAMBAÍBA - MA,2109700,2109700,1999,42613.323059284616,42613.323059284616,1558119.4539876175,36.54966133401922,2458.0,42405.0,17245.0,1541.32,477.84,26.410864197530863,25.102,29.287166666666668,31.28275720164609,22.10049382716049,2.3647384830149245,243,60.0,2,1,29.287166666666668,458.5263636363636,1.945114731426472,112.03886363636366,0.9802376511065038,-0.7349595609832633,-0.7448956433100233,-0.6223618387262491,-0.7336009323958813,-0.9103665896250632,-0.816438190994763,365.8011363636364,30.19753325629173,0.6608022227500644,31.44225295840056,5.107408375618661,3.598671920325752,40,1,0
MATO GROSSO,SAMBAÍBA - MA,2109700,2109700,2000,42996.33640078587,42996.33640078587,1685289.6327460457,39.1815938222704,2635.0,45866.0,17400.0,1094.17,275.29,26.69144628099173,25.147796610169493,29.666779661016943,31.87185950413223,22.1851652892562,2.108603197180628,242,59.0,1,16,474.6684745762712,11.376363636363749,0.0482596732795598,-90.51113636363635,-0.7918897142337256,-0.4543774775223959,-0.4605203080450005,-0.5765652285567526,-0.6796187730949943,-0.5307535952747848,-0.4759923201581671,365.8011363636364,30.19753325629173,0.6608022227500644,32.103055181150694,7.078538641119707,3.6682070911752347,40,1,0
MATO GROSSO,SAMBAÍBA - MA,2109700,2109700,2001,50478.68735604906,50478.68735604906,1692123.973471,33.516247618746675,2254.0,46052.0,20428.0,1181.47,527.74,27.18896694214876,25.334745762711865,29.792203389830508,32.518388429752065,22.549380165289257,2.291092657961994,242,59.0,8,13,387.2986440677966,98.6763636363637,0.4185950117034117,161.93886363636364,1.4168170415309789,0.0431431836346298,0.0437264459625036,-0.3896160760143807,-0.4592548881620868,-0.4053298664612228,-0.3635093672166095,365.8011363636364,30.19753325629173,0.6608022227500644,32.76385740390083,0.7523902148458461,3.5120303247994933,40,1,0
MATO GROSSO,SAMBAÍBA - MA,2109700,2109700,2002,54417.54713897163,54417.54713897163,1861586.2284360016,34.20025267219048,2300.0,50664.0,22022.0,1018.96,345.16,27.62388429752066,26.09220338983051,30.66491525423729,32.94305785123967,22.979628099173556,2.2649526652380687,242,59.0,14,13,398.6438983050848,-63.83363636363629,-0.2707886749776901,-20.64113636363635,-0.1805910767796558,0.4780605390065311,0.4845235461227176,0.367841551104263,0.4335884497936413,0.4673819979455587,0.4191591796699702,365.8011363636364,30.19753325629173,0.6608022227500644,33.42465962665074,0.7755930455397433,3.532233032117013,40,1,0
MATO GROSSO,SAMBAÍBA - MA,2109700,2109700,2003,54017.23642075742,54017.23642075742,1914423.7658687143,35.43443570340431,2383.0,52102.0,21860.0,1236.71,707.38,27.587818930041152,25.582833333333333,29.84333333333333,32.85650205761317,22.922633744855965,2.475932201131291,243,60.0,7,6,179.05999999999997,153.9163636363637,0.6529286210336933,341.5788636363636,2.988502847059089,0.4419951715270223,0.447970602891501,-0.1415285053929125,-0.166824887157814,-0.3541999229584007,-0.3176548300940411,365.8011363636364,30.19753325629173,0.6608022227500644,34.08546184940087,1.3489738540034395,3.567684107298514,40,1,0
MATO GROSSO,SAMBAÍBA - MA,2109700,2109700,2004,87776.77365682274,87776.77365682274,3524057.98166486,40.13325302706179,2699.0,95909.0,35522.0,972.06,273.12,27.91181818181818,26.856949152542374,31.66186440677966,33.29495867768595,23.09280991735537,1.9655603236462005,242,59.0,24,23,728.2228813559321,-110.73363636363638,-0.4697431695032193,-92.68113636363636,-0.8108752308113031,0.7659944233040505,0.7763500728606136,1.1325873138161278,1.33502258290088,1.4643311504879293,1.3132466515648706,365.8011363636364,30.19753325629173,0.6608022227500644,34.74626407215101,5.386988954910784,3.6922052432177765,40,1,0
MATO GROSSO,SAMBAÍBA - MA,2109700,2109700,2005,85681.32002073847,85681.32002073847,3439951.4982271134,40.148122702136654,2700.0,93620.0,34674.0,1292.2,335.8,27.86194214876033,26.62440677966101,31.379830508474576,33.17111570247934,23.0849173553719,2.753120739409722,242,59.0,21,23,721.7361016949153,209.4063636363637,0.8883227553880984,-30.001136363636363,-0.2624825215566717,0.7161183902462014,0.7257997545809599,0.9000449409347695,1.0609162817875946,1.1822972521828454,1.0603120114368338,365.8011363636364,30.19753325629173,0.6608022227500644,35.407066294900915,4.741056407235739,3.6925756821921922,40,1,0
MATO GROSSO,SAMBAÍBA - MA,2109700,2109700,2006,82253.96837775628,82253.96837775628,2788631.478385479,33.88798949561831,2279.0,75894.0,33287.0,1117.16,278.8,27.05487603305785,27.183389830508474,31.97457627118644,32.31805785123967,22.294628099173558,1.4847440595361112,242,59.0,26,24,767.3898305084746,34.36636363636376,0.1457855544979374,-87.00113636363636,-0.7611804224423447,-0.090947725456278,-0.0921772680536369,1.4590279917822286,1.719810291315006,1.7770430148947085,1.5936940139664504,365.8011363636364,30.19753325629173,0.6608022227500644,36.06786851765105,-2.1798790220327433,3.523060659445456,40,1,0
MATO GROSSO,SAMBAÍBA - MA,2109700,2109700,2007,82253.96837775628,82253.96837775628,3669269.3501864746,44.60902522459628,3000.0,99861.0,33287.0,1236.6,445.98,27.318930041152264,25.621,29.913166666666665,32.492345679012345,22.73946502057613,2.66505835593521,243,60.0,7,13,388.8711666666666,153.8063636363636,0.6524619900230786,80.17886363636364,0.7014917717693538,0.173106282638134,0.1754465451054604,-0.1033618387262471,-0.1218364246415186,-0.2843665896250655,-0.2550266526240352,365.8011363636364,30.19753325629173,0.6608022227500644,36.728670740401185,7.880354484195095,3.7979361978500186,40,1,0
MATO GROSSO,SAMBAÍBA - MA,2109700,2109700,2008,88011.52376935577,88011.52376935577,3926108.2838823465,44.60902522459628,3000.0,106851.0,35617.0,1165.11,303.06,27.39326446280992,26.0864406779661,30.77915254237288,32.65917355371901,22.79115702479339,2.282952264459857,242,59.0,18,15,461.6872881355932,82.3163636363638,0.3491942541247841,-62.74113636363637,-0.548927596556618,0.2474407042957871,0.2507859103988075,0.362078839239853,0.4267957280459323,0.5816192860811498,0.5216098692410606,365.8011363636364,30.19753325629173,0.6608022227500644,37.38947296315109,7.2195522614451875,3.7979361978500186,40,1,0
MATO GROSSO,SAMBAÍBA - MA,2109700,2109700,2009,84752.20378587091,84752.20378587091,3780713.19652404,44.60902522459628,3000.0,102894.0,34298.0,1166.26,414.42,26.92012396694215,25.62728813559322,30.029322033898307,31.873677685950412,22.59297520661157,1.8961523568801228,242,59.0,4,15,450.4398305084746,83.46636363636367,0.3540726692357507,48.61886363636364,0.4253706182263391,-0.22569979157198,-0.2287510774239411,-0.0970737031330273,-0.1144243664991702,-0.168211222393424,-0.1508557845608835,365.8011363636364,30.19753325629173,0.6608022227500644,38.05027518590123,6.558750038695052,3.7979361978500186,40,1,0
MATO GROSSO,SAMBAÍBA - MA,2109700,2109700,2010,101891.43305459796,101891.43305459796,4090757.1053260094,40.148122702136654,2700.0,111332.0,41234.0,1411.87,601.84,26.692685950413225,24.891694915254234,28.88661016949153,31.639586776859502,22.35632231404959,2.357881419607525,242,59.0,0,7,202.2062711864407,329.0763636363636,1.395974873935433,236.0388636363637,2.0651243126823537,-0.4531378081009052,-0.4592638792559421,-0.8326669234720114,-0.9814953190003712,-1.310923086800205,-1.1756666882527298,365.8011363636364,30.19753325629173,0.6608022227500644,38.71107740865136,1.4370452934852906,3.6925756821921922,40,1,0
MATO GROSSO,SAMBAÍBA - MA,2109700,2109700,2011,108004.8201957212,108004.8201957212,4817989.748488912,44.60902522459628,3000.0,131124.0,43708.0,1081.74,410.96,26.200493827160496,24.598000000000003,28.688,31.17213991769547,21.88045267489712,1.785124877846705,243,60.0,1,15,430.32,-1.0536363636363149,-0.0044696309198503,45.158863636363606,0.3950987807339803,-0.9453299313536334,-0.9581100576660444,-1.1263618387262433,-1.3276843850128257,-1.509533256291732,-1.3537849642755886,365.8011363636364,30.19753325629173,0.6608022227500644,39.3718796314015,5.237145593194782,3.7979361978500186,40,1,0
MATO GROSSO,SAMBAÍBA - MA,2109700,2109700,2012,110347.3792134192,110347.3792134192,5086549.943965755,46.09599273208283,3100.0,138433.0,44656.0,963.48,377.08,27.62797520661157,26.135762711864405,30.662542372881354,32.822272727272725,23.04904958677686,2.2549647464387306,242,59.0,13,18,551.9257627118644,-119.3136363636363,-0.5061403883311303,11.27886363636361,0.0986797477163207,0.48215144809744,0.4886697611265997,0.4114008731381595,0.4849334347689407,0.4650091165896235,0.4170311238035057,365.8011363636364,30.19753325629173,0.6608022227500644,40.032681854151406,6.063310877931421,3.8307260206730094,40,1,0
MATO GROSSO,SAMBAÍBA - MA,2109700,2109700,2013,111012.09268996007,111012.09268996007,4519814.076537267,40.71317035498154,2738.0,123009.0,44925.0,1103.36,266.88,26.909214876033055,25.70423728813559,30.381016949152546,31.957809917355373,22.495537190082644,2.126353072591979,242,59.0,13,22,668.3823728813559,20.566363636363576,0.0872445731663311,-98.92113636363638,-0.8654695273293137,-0.2366088824810717,-0.239807650767628,-0.0201245505906548,-0.02372155257393,0.1834836928608112,0.1645524956468538,365.8011363636364,30.19753325629173,0.6608022227500644,40.69348407690154,0.019686278080001784,3.7065516360481663,40,1,0
MATO GROSSO,SAMBAÍBA - MA,2109700,2109700,2014,127516.26112793988,127516.26112793988,5119509.103268358,40.148122702136654,2700.0,139330.0,51604.0,806.82,276.97,27.94632231404959,26.311525423728817,31.19152542372881,33.36066115702479,23.18909090909091,2.317371370746701,242,59.0,23,22,686.2135593220339,-275.9736363636363,-1.1707077894477471,-88.83113636363635,-0.7771912497865688,0.8004985555354587,0.8113206741559877,0.5871635850025712,0.6921114480739566,0.9939921674370816,0.8914355780340383,365.8011363636364,30.19753325629173,0.6608022227500644,41.354286299651676,-1.2061635975150224,3.6925756821921922,40,1,0
MATO GROSSO,SAMBAÍBA - MA,2109700,2109700,2015,137869.9766175544,137869.9766175544,5619224.339071485,40.75777938020614,2741.0,152930.0,55794.0,640.5699999999999,374.46,29.80666666666667,26.72983333333333,31.58033333333333,35.56777777777778,24.67366255144033,2.723607992327058,243,60.0,24,26,821.0886666666667,-442.2236363636364,-1.8759569304897337,8.658863636363606,0.0757571424475406,2.6608429081525387,2.6968154372514306,1.005471494607086,1.1851864623494122,1.3828000770416011,1.2401276653531772,365.8011363636364,30.19753325629173,0.6608022227500644,42.015088522401584,-1.2573091421954459,3.7076467265025577,40,1,0
MATO GROSSO,SAMBAÍBA - MA,2109700,2109700,2016,136491.1285881499,136491.1285881499,2638459.701273172,19.330577597325053,1300.0,71807.0,55236.0,918.05,425.74,27.8551652892562,25.887457627118643,30.29322033898305,33.11756198347107,23.24185950413223,2.4603491667563464,242,59.0,11,20,605.8644067796611,-164.74363636363637,-0.6988589957148144,59.93886363636364,0.5244102715250376,0.7093415307420692,0.7189312772007913,0.1630957883923969,0.1922470418163468,0.0956870826913203,0.0858144285877657,365.8011363636364,30.19753325629173,0.6608022227500644,42.67589074515172,-23.345313147826666,2.9616881736494,40,1,0
MATO GROSSO,SAMBAÍBA - MA,2109700,2109700,2017,141949.6864679968,141949.6864679968,5699031.801730632,40.148122702136654,2700.0,155102.0,57445.0,763.21,335.04,28.048388429752062,26.74542372881356,31.763898305084744,33.49822314049587,23.28966942148761,2.619286646645028,242,59.0,27,16,508.2223728813559,-319.5836363636363,-1.3557057746558134,-30.761136363636357,-0.2691318269018139,0.9025646712379364,0.9147666444548674,1.0210618900873136,1.203563438489407,1.5663650487930134,1.40475305382273,365.8011363636364,30.19753325629173,0.6608022227500644,43.336692967901854,-3.1885702657652004,3.6925756821921922,40,1,0
MATO GROSSO,SAMBAÍBA - MA,2109700,2109700,2018,157855.85988247144,157855.85988247144,6924436.442468447,43.86554147085301,2950.0,188452.0,63882.0,657.54,234.54,28.344421487603302,27.16525423728813,32.01847457627119,33.74896694214876,23.610909090909093,2.440338872638864,242,59.0,28,18,576.3325423728813,-425.2536363636364,-1.803968491852245,-131.26113636363638,-1.14841496793708,1.198597729089176,1.214801839281259,1.440892398561889,1.6984331964031092,1.8209413199794573,1.6330630474959975,365.8011363636364,30.19753325629173,0.6608022227500644,43.99749519065176,-0.13195371979875148,3.7811290795336374,40,1,0
MATO GROSSO,SAMBAÍBA - MA,2109700,2109700,2019,128383.601017404,128383.601017404,5278462.640774559,41.1146515820029,2765.0,143656.0,51955.0,993.71,290.4,28.592674897119345,27.01533333333333,31.857833333333332,33.93514403292181,23.92666666666667,2.560106662063929,243,60.0,32,18,573.441,-89.08363636363629,-0.3779017024141422,-75.4011363636364,-0.6596910250691204,1.446851138605215,1.4664114420435632,1.2909714946070885,1.5217158784647715,1.6603000770416043,1.4889961987363711,365.8011363636364,30.19753325629173,0.6608022227500644,44.6582974134019,-3.5436458313989974,3.7163645441562068,40,1,0
MATO GROSSO,SAMBAÍBA - MA,2109700,2109700,2020,109961.8948181018,109961.8948181018,4905292.939685106,44.60902522459628,3000.0,133500.0,44500.0,803.97,262.37,28.36194214876033,26.898813559322036,31.794406779661013,33.98884297520661,23.438677685950413,2.356824281471741,242,59.0,28,26,826.6545762711863,-278.8236363636363,-1.1827977747227527,-103.43113636363636,-0.904927905101145,1.2161183902462014,1.2325593661665737,1.174451720595787,1.3843697085386188,1.5968735233692826,1.432113772105809,365.8011363636364,30.19753325629173,0.6608022227500644,45.31909963615203,-0.7100744115557518,3.7979361978500186,40,1,0
MATO GROSSO,SAMBAÍBA - MA,2109700,2109700,2021,111765.7641038819,111765.7641038819,5285076.518895483,47.285566738072056,3180.0,143836.0,45230.0,1596.04,420.8,27.169545454545453,25.465254237288136,29.512372881355933,31.87640495867769,22.951652892561984,2.534466028533932,242,59.0,1,15,442.685593220339,513.2463636363636,2.177242448706577,54.99886363636364,0.4811897867816126,0.0237216960313233,0.0240423949339708,-0.2591076014381102,-0.3054197191699392,-0.6851603749357977,-0.6144679554686457,365.8011363636364,30.19753325629173,0.6608022227500644,45.97990185890194,1.3056648791701164,3.856205105973994,40,1,0
MATO GROSSO,SAMBAÍBA - MA,2109700,2109700,2022,111963.44840917288,111963.44840917288,5380022.413698076,48.05878984196506,3232.0,146420.0,45310.0,1028.92,216.63,27.248388429752065,26.284745762711864,31.265084745762717,32.576404958677685,22.484752066115703,2.104177697369274,242,59.0,18,22,687.8318644067797,-53.87363636363625,-0.2285373580166182,-149.17113636363638,-1.3051110978469465,0.1025646712379355,0.1039512659178847,0.5603839239856185,0.6605452705404987,1.0675514894709828,0.9574053098943583,365.8011363636364,30.19753325629173,0.6608022227500644,46.640704081652075,1.4180857603129837,3.872425049840758,40,1,0
MATO GROSSO,SAMBAÍBA - MA,2109700,2109700,2023,112062.29056181834,112062.29056181834,5077106.795759769,45.30789995311496,3047.0,138176.0,45350.0,792.6,332.88,29.558930041152266,27.706833333333336,32.458,35.38794238683128,24.3538683127572,2.2418499977565225,243,60.0,35,21,681.6179999999999,-290.1936363636363,-1.23103045281988,-32.92113636363638,-0.288029852619587,2.4131062826381324,2.4457296050090083,1.9824714946070896,2.33681252029934,2.2604667437082675,2.0272397955609147,365.8011363636364,30.19753325629173,0.6608022227500644,47.30150630440221,-1.993606351287248,3.813481409185481,40,1,0
MATO GROSSO,SANTA LUZIA - MA,2110005,2110005,2013,593.0529158729086,593.0529158729086,28660.13852400287,48.32644399331264,3250.0,780.0,240.0,1055.38,423.9,26.91136363636364,25.14067796610169,28.828644067796613,31.434793388429757,23.256487603305786,2.347609227945944,242,59.0,4,11,317.1150847457628,-170.46113636363634,-0.5552163192997975,-17.203636363636406,-0.1449873030600651,-0.1212844066622729,-0.1583222070551078,-0.4062263097072431,-0.505182843002063,-0.6860303030303001,-0.5609141939129779,441.1036363636364,29.514674370826917,0.450686333632765,48.19396870628168,0.13247528703095668,3.877978905523555,11,0,0
MATO GROSSO,SANTA LUZIA - MA,2110005,2110005,2014,988.4215264548476,988.4215264548476,47032.02219323548,47.58296023956937,3200.0,1280.0,400.0,943.47,378.31,27.651859504132236,26.676610169491525,31.33627118644068,32.6,23.64805785123967,2.259675428555989,242,59.0,26,22,689.3979661016949,-282.3711363636364,-0.919723207018136,-62.79363636363638,-0.5292067207920027,0.6192114611063211,0.808306095186314,1.129705893682587,1.4049017050078567,1.8215968156137627,1.489379557945435,441.1036363636364,29.514674370826917,0.450686333632765,48.64465503991437,-1.061694800345002,3.8624747189875897,11,0,0
MATO GROSSO,SANTA LUZIA - MA,2110005,2110005,2015,1976.8430529096952,1976.8430529096952,94064.04438647097,47.58296023956937,3200.0,2560.0,800.0,693.83,321.21,28.62818930041152,26.58383333333333,30.83933333333333,33.73522633744856,24.31205761316872,2.358016048084807,243,60.0,15,17,524.2686666666666,-532.0111363636364,-1.7328364180806504,-119.8936363636364,-1.0104291106251602,1.5955412573856087,2.0827872293606964,1.0369290575243966,1.289524476268269,1.324658962506419,1.083071711091853,441.1036363636364,29.514674370826917,0.450686333632765,49.09534137354717,-1.5123811339778044,3.8624747189875897,11,0,0
MATO GROSSO,SANTA LUZIA - MA,2110005,2110005,2016,7956.793287961524,7956.793287961524,407855.8174569639,51.25576998306112,3447.0,11100.0,3220.0,1409.31,601.63,27.37714876033058,25.007796610169493,28.29949152542373,31.86805785123967,23.75785123966942,2.645316014383313,242,59.0,0,4,113.19796610169492,183.4688636363635,0.5975843488277283,160.5263636363636,1.3528700584994282,0.344500717304669,0.44970425627443,-0.5391076656394453,-0.6704340332072896,-1.2151828454031843,-0.9935615135008125,441.1036363636364,29.514674370826917,0.450686333632765,49.546027707179974,1.7097422758811476,3.936828196716637,11,0,0
MATO GROSSO,SANTA LUZIA - MA,2110005,2110005,2017,7141.345528636274,7141.345528636274,371663.2066285756,52.04386276202899,3500.0,10115.0,2890.0,858.75,441.22,27.625289256198347,25.82118644067797,30.0264406779661,32.4749173553719,23.69380165289256,2.581443056941723,242,59.0,12,12,360.3172881355932,-367.0911363636365,-1.1956683730220463,0.1163636363636442,0.0009806792851241,0.5926412131724348,0.7736218318860193,0.2742821648690281,0.3410971680617011,0.5117663071391867,0.4184319327773482,441.1036363636364,29.514674370826917,0.450686333632765,49.99671404081266,2.047148721216331,3.9520868776772766,11,0,0
MATO GROSSO,SANTA LUZIA - MA,2110005,2110005,2018,8154.477593252493,8154.477593252493,385809.5570538848,47.31530608822179,3182.0,10500.0,3300.0,973.59,308.16,27.530950413223135,26.01677966101695,30.228813559322035,32.2500826446281,23.732355371900823,2.572811789415425,242,59.0,6,14,423.2033898305085,-252.2511363636364,-0.82161805593176,-132.94363636363636,-1.1204107601404436,0.4983023701972264,0.6504738177109518,0.4698753852080131,0.5843368026239908,0.7141391884951211,0.5838966667901213,441.1036363636364,29.514674370826917,0.450686333632765,50.447400374445465,-3.1320942862236762,3.856833839097504,11,0,0
MATO GROSSO,SANTA LUZIA - MA,2110005,2110005,2019,20114.378063356147,20114.378063356147,1112601.2750087266,55.31519127849939,3720.0,30280.0,8140.0,885.16,354.5,28.13288065843621,26.119000000000003,30.372333333333334,33.02115226337449,24.177654320987653,2.539235245986298,243,60.0,5,3,91.117,-340.6811363636365,-1.109647222949298,-86.60363636363638,-0.7298705579536048,1.1002326154103024,1.4362213638132686,0.5720957241910654,0.711457966925999,0.8576589625064202,0.7012417432313947,441.1036363636364,29.514674370826917,0.450686333632765,50.89808670807827,4.417104570421124,4.013047577466964,11,0,0
MATO GROSSO,SANTA LUZIA - MA,2110005,2110005,2020,19793.14106725832,19793.14106725832,1077217.0270617846,54.423010774007466,3660.0,29317.0,8010.0,837.02,299.95,27.90723140495868,27.01372881355932,31.90728813559322,32.9049173553719,23.854917355371903,2.458851100536855,242,59.0,30,20,638.1457627118643,-388.82113636363647,-1.266446093244721,-141.1536363636364,-1.1896022806400977,0.8745833619327676,1.141663400311984,1.4668245377503837,1.8241422883218856,2.392613764766306,1.956256181805592,441.1036363636364,29.514674370826917,0.450686333632765,51.348773041710956,3.0742377322965098,3.996787056595184,11,0,0
MATO GROSSO,SANTA LUZIA - MA,2110005,2110005,2021,20015.535910710663,20015.535910710663,928588.4881776928,46.39338623358013,3120.0,25272.0,8100.0,1472.47,413.33,26.81826446280992,25.07169491525424,28.559491525423727,31.330454545454547,23.258471074380164,2.163820072779287,242,59.0,0,8,228.47593220338985,246.6288636363636,0.8033055089411254,-27.7736363636364,-0.2340682253111417,-0.2143835802159941,-0.2798519818849057,-0.4752093605547003,-0.5909701317948275,-0.9551828454031864,-0.7809795185463828,441.1036363636364,29.514674370826917,0.450686333632765,51.79945937534376,-5.406073141763628,3.8371569110032997,11,0,0
MATO GROSSO,SANTA LUZIA - MA,2110005,2110005,2022,22239.484345234072,22239.484345234072,1065569.2528154913,47.9100930912164,3222.0,29000.0,9000.0,1163.41,365.1,27.14623966942149,25.55864406779661,29.53627118644068,32.03,23.20673553719008,2.2612274767604315,242,59.0,5,7,206.7538983050848,-62.43113636363637,-0.2033471469272475,-76.00363636363636,-0.6405368043243319,0.1135916263955785,0.1482802075620938,0.0117397919876722,0.0145995996587696,0.0215968156137655,0.0176580544147588,441.1036363636364,29.514674370826917,0.450686333632765,52.25014570897656,-4.340052617760158,3.8693261939366916,11,0,0
MATO GROSSO,SANTA LUZIA - MA,2110005,2110005,2023,28540.671576383724,28540.671576383724,1620400.139626316,56.7724194358362,3818.0,44100.0,11550.0,1260.07,471.7,28.65292181069959,26.896833333333333,31.134833333333333,33.52148148148148,24.598312757201647,2.5438984086822067,243,60.0,20,10,311.34833333333336,34.228863636363485,0.1114883080531342,30.59636363636361,0.2578573595323153,1.6202737676736767,2.115072547173428,1.3499290575243954,1.67877112544173,1.6201589625064194,1.32467932458814,441.1036363636364,29.514674370826917,0.450686333632765,52.70083204260925,4.071587393226949,4.039050634485465,11,0,0
MATO GROSSO,SANTA QUITÉRIA DO MARANHÃO - MA,2110104,2110104,2008,2471.053816137119,2471.053816137119,105822.04993477982,42.82466421561243,2880.0,2880.0,1000.0,1174.55,449.75,27.030247933884297,26.353389830508476,31.98322033898305,33.558181818181815,22.61694214876033,1.267905099273346,242,59.0,33,15,479.7483050847457,-24.548636363636437,-0.0835747558719607,15.83977272727276,0.1318831430872664,-0.3176124247525784,-0.4502678531670911,-0.1865970082177739,-0.2801434836320646,-0.4306092706728286,-0.4308462166945107,433.9102272727272,32.41382960965588,0.38770491040786004,39.29606845317812,3.528595762434307,3.7571142033297633,16,0,0
MATO GROSSO,SANTA QUITÉRIA DO MARANHÃO - MA,2110104,2110104,2009,7393.39301788226,7393.39301788226,274843.37969171983,37.17418768716357,2500.0,7480.0,2992.0,743.15,240.32,27.5604958677686,27.458305084745763,33.725762711864405,34.36231404958678,22.914338842975205,0.9382966391128176,242,59.0,46,25,843.1440677966101,-455.9486363636364,-1.5522571359886173,-193.59022727272725,-1.611846841700323,0.2126355091317222,0.3014458086090812,0.918318246019517,1.3786977346525862,1.3119331022085277,1.3126550033622015,433.9102272727272,32.41382960965588,0.38770491040786004,39.68377336358594,-2.5095856764223754,3.615614641056064,16,0,0
MATO GROSSO,SANTA QUITÉRIA DO MARANHÃO - MA,2110104,2110104,2010,7393.39301788226,7393.39301788226,274843.37969171983,37.17418768716357,2500.0,7480.0,2992.0,1380.34,475.97,27.657520661157022,26.127966101694916,31.647457627118644,34.27871900826447,23.00289256198347,1.8547432883141728,242,59.0,24,13,411.4169491525424,181.24136363636356,0.6170282738086297,42.05977272727273,0.3501928417986761,0.3096603025201503,0.4389944119328352,-0.4120207370313338,-0.6185786455155722,-0.7663719825372333,-0.7667936845412497,433.9102272727272,32.41382960965588,0.38770491040786004,40.07147827399376,-2.897290586830195,3.615614641056064,16,0,0
MATO GROSSO,SANTA QUITÉRIA DO MARANHÃO - MA,2110104,2110104,2011,8772.241047286772,8772.241047286772,446069.3354889677,50.854288756039765,3420.0,12140.0,3550.0,780.04,411.57,27.04942386831276,26.34883333333333,32.27916666666667,33.73341563786008,22.501069958847737,1.1114347799157924,243,60.0,32,22,710.1416666666667,-419.0586363636364,-1.426666748871085,-22.340227272727248,-0.1860064181942605,-0.2984364903241179,-0.4230828120456614,-0.1911535053929114,-0.2869842845859199,-0.134662942989209,-0.1347370422963591,433.9102272727272,32.41382960965588,0.38770491040786004,40.459183184401695,10.39510557163807,3.928964460256423,16,0,0
MATO GROSSO,SANTA QUITÉRIA DO MARANHÃO - MA,2110104,2110104,2012,9390.004501321053,9390.004501321053,318348.0002204626,33.902859170693176,2280.0,8664.0,3800.0,845.74,294.09000000000003,28.472851239669424,27.51186440677966,33.63627118644068,35.447066115702484,23.66053719008265,1.539326161578646,242,59.0,47,32,1076.3606779661018,-353.3586363636364,-1.2029939802719556,-139.8202272727272,-1.1641537639080834,1.1249908810325486,1.594859613032087,0.9718775680534152,1.4591078934158852,1.222441576784803,1.2231142345469206,433.9102272727272,32.41382960965588,0.38770491040786004,40.846888094809515,-6.944028924116338,3.5234993521482583,16,0,0
MATO GROSSO,SANTA QUITÉRIA DO MARANHÃO - MA,2110104,2110104,2013,2063.3299364744944,2063.3299364744944,81534.41972405431,39.50872667391744,2657.0,2219.0,835.0,979.45,435.87,27.851487603305788,26.334237288135597,31.87372881355932,34.42665289256198,23.355,1.7951905138935749,242,59.0,29,14,446.2322033898305,-219.64863636363637,-0.7477841493832253,1.959772727272764,0.0163172156229502,0.5036272446689125,0.7139744562265825,-0.205749550590653,-0.3088977492657728,-0.5401007960965565,-0.5403979906616954,433.9102272727272,32.41382960965588,0.38770491040786004,41.23459300521745,-1.7258663313000113,3.676521575959585,16,0,0
MATO GROSSO,SANTA QUITÉRIA DO MARANHÃO - MA,2110104,2110104,2014,3496.541149834024,3496.541149834024,157814.4807187081,45.129463852216574,3035.0,4295.0,1415.0,768.41,220.76,27.984586776859505,27.64033898305085,34.32118644067797,35.00954545454545,23.179214876033058,1.44990600450481,242,59.0,46,30,1029.6355932203392,-430.6886363636364,-1.4662605738148882,-213.15022727272725,-1.7747048778099792,0.6367264182226293,0.902664426970114,1.1003521443245994,1.6519904894367077,1.907356831022092,1.9084063686048125,433.9102272727272,32.41382960965588,0.38770491040786004,41.62229791562527,3.5071659365913064,3.8095353336933706,16,0,0
MATO GROSSO,SANTA QUITÉRIA DO MARANHÃO - MA,2110104,2110104,2015,3756.001800528421,3756.001800528421,157483.7868126619,41.9324837111205,2820.0,4286.0,1520.0,874.88,352.44,28.71349794238683,27.5075,33.582166666666666,35.75641975308642,23.903004115226334,1.6254930933361011,243,60.0,46,18,604.479,-324.2186363636364,-1.1037881282631483,-81.47022727272724,-0.6783272604828063,1.3656375837499546,1.9360158958466367,0.9675131612737538,1.4525554833267866,1.1683370570107885,1.1689799433499743,433.9102272727272,32.41382960965588,0.38770491040786004,42.01000282603309,-0.07751911491259023,3.736060794131931,16,0,0
MATO GROSSO,SANTA QUITÉRIA DO MARANHÃO - MA,2110104,2110104,2016,4695.002250660526,4695.002250660526,148003.89483933788,31.523711158714704,2120.0,4028.0,1900.0,1082.15,419.06,28.086652892561982,26.630338983050848,32.26338983050847,34.73400826446281,23.5602479338843,1.9074229196403156,242,59.0,33,7,225.84372881355927,-116.9486363636363,-0.3981465034908269,-14.850227272727238,-0.1236441129559514,0.7387925339251105,1.0473599338737274,0.0903521443246013,0.1356482866819614,-0.1504397791474048,-0.1505225597784767,433.9102272727272,32.41382960965588,0.38770491040786004,42.39770773644102,-10.873996577726317,3.45073999786583,16,0,0
MATO GROSSO,SANTA QUITÉRIA DO MARANHÃO - MA,2110104,2110104,2017,5930.529158729086,5930.529158729086,264555.1248369496,44.60902522459628,3000.0,7200.0,2400.0,906.58,391.9,28.05607438016529,26.787288135593226,32.88864406779661,34.98599173553719,23.31925619834711,1.7020178050045525,242,59.0,39,13,427.552372881356,-292.51863636363635,-0.9958668685281044,-42.01022727272726,-0.3497803226051468,0.7082140215284127,1.004009862979523,0.2473012968669756,0.3712805873617584,0.4748144581407345,0.4750757284025609,433.9102272727272,32.41382960965588,0.38770491040786004,42.78541264684884,1.82361257774744,3.7979361978500186,16,0,0
MATO GROSSO,SANTA QUITÉRIA DO MARANHÃO - MA,2110104,2110104,2018,6177.634540342798,6177.634540342798,270066.6899377193,43.71684472010436,2940.0,7350.0,2500.0,1354.92,418.72,27.740537190082645,26.68423728813559,32.19949152542373,34.12210743801653,23.35309917355372,1.7712103255354346,242,59.0,29,13,418.5933898305085,155.82136363636369,0.5304869986520113,-15.190227272727212,-0.126474978614299,0.3926768314457689,0.5566839962928959,0.1442504494093448,0.2165673705007212,-0.2143380842321463,-0.2144560253909012,433.9102272727272,32.41382960965588,0.38770491040786004,43.17311755725666,0.5437271628477021,3.777733490532499,16,0,0
MATO GROSSO,SANTA QUITÉRIA DO MARANHÃO - MA,2110104,2110104,2019,9192.320196030085,9192.320196030085,434678.7676140435,47.285566738072056,3180.0,11830.0,3720.0,1380.86,667.57,27.983251028806585,26.8645,32.37833333333334,34.59205761316873,23.47753086419753,1.4229377301314332,243,60.0,37,8,259.0266666666667,181.7613636363635,0.6187985910030215,233.6597727272728,1.9454689010323207,0.6353906701697092,0.9007707844004664,0.324513161273753,0.4872009918700494,-0.0354962763225401,-0.0355158084181822,433.9102272727272,32.41382960965588,0.38770491040786004,43.56082246766459,3.724744270407463,3.856205105973994,16,0,0
MATO GROSSO,SANTA QUITÉRIA DO MARANHÃO - MA,2110104,2110104,2020,9019.346428900484,9019.346428900484,410391.137403318,45.501205729088205,3060.0,11169.0,3650.0,1104.12,336.4,27.570330578512397,27.052881355932204,33.12305084745763,34.19971074380165,23.046157024793388,1.2075161804087955,242,59.0,36,19,629.3379661016949,-94.9786363636365,-0.3233506020277702,-97.51022727272726,-0.811877510953097,0.2224702198755181,0.3153881287074777,0.5128945172059574,0.7700233683177375,0.7092212378017493,0.7096114921744129,433.9102272727272,32.41382960965588,0.38770491040786004,43.94852737807241,1.5526783510157927,3.8177388251461983,16,0,0
MATO GROSSO,SANTA QUITÉRIA DO MARANHÃO - MA,2110104,2110104,2021,9711.241497418878,9711.241497418878,433209.01692050486,44.60902522459628,3000.0,11790.0,3930.0,1262.5,299.78,27.77322314049587,26.88237288135593,33.113389830508474,34.407396694214874,23.28520661157025,1.4197733527708565,242,59.0,42,14,463.5874576271186,63.40136363636361,0.2158471619102831,-134.13022727272727,-1.116778394508087,0.4253627818589933,0.6030217072081836,0.3423860426296841,0.5140340654193828,0.6995602208525966,0.6999451591773082,433.9102272727272,32.41382960965588,0.38770491040786004,44.33623228848023,0.2727929361160477,3.7979361978500186,16,0,0
MATO GROSSO,SANTA QUITÉRIA DO MARANHÃO - MA,2110104,2110104,2022,9711.241497418878,9711.241497418878,436111.7745402436,44.90641872609359,3020.0,11869.0,3930.0,1126.08,352.16,27.453884297520663,26.589152542372883,32.64728813559322,34.19223140495868,22.796652892561983,1.2983892810504092,242,59.0,36,13,424.4147457627119,-73.01863636363646,-0.2485887451261433,-81.75022727272727,-0.6806585616132107,0.1060239388837871,0.1503063722482228,0.0491657036466364,0.0738138924430969,0.233458525937344,0.2335869882643677,433.9102272727272,32.41382960965588,0.38770491040786004,44.723937198888166,0.1824815272054252,3.8045807405686873,16,0,0
MATO GROSSO,SANTA QUITÉRIA DO MARANHÃO - MA,2110104,2110104,2023,10393.252350672725,10393.252350672725,463632.85627675406,44.60902522459628,3000.0,12618.0,4206.0,1086.1,309.02,29.008230452674898,28.37066666666667,34.9485,36.098888888888894,24.06102880658436,1.5210684846849816,243,60.0,50,22,768.867,-112.99863636363648,-0.3846989017257353,-124.89022727272726,-1.0398454572047524,1.6603700940380222,2.35384770695836,1.830679827940422,2.7484525572652125,2.534670390344118,2.5360651119773263,433.9102272727272,32.41382960965588,0.38770491040786004,45.111642109295985,-0.5026168846997052,3.7979361978500186,16,0,0
MATO GROSSO,SANTO ANTÔNIO DOS LOPES - MA,2110302,2110302,1984,,12.355269080685597,367.43767338465216,29.739350149730857,2000.0,10.0,5.0,1805.63,825.24,26.42057851239669,24.48627118644068,27.80898305084746,31.054173553719007,22.72904958677686,2.171779314312527,242,59.0,1,0,0.0,647.9338636363639,2.400871649669049,411.3897727272727,3.285403987054464,-1.1243965836819356,-1.3743721059468743,-1.5187232922444809,-1.901659034389983,-2.16960021828454,-1.761682337973285,413.8502272727273,29.978583269132,,,,3.3924710897418544,1,0,0
MATO GROSSO,SÃO BENEDITO DO RIO PRETO - MA,2110401,2110401,2008,469.5002250660526,469.5002250660526,18849.55264463265,40.148122702136654,2700.0,513.0,190.0,1312.05,493.61,27.66789256198347,26.79135593220339,32.429661016949154,34.15392561983471,23.110867768595043,1.63144645391065,242,59.0,36,13,421.585593220339,70.27545454545452,0.2296452471123505,45.11454545454546,0.3313880221658283,-0.1018510947398674,-0.141618046549428,-0.0178145865433947,-0.0236049786627908,-0.2539364406779683,-0.2234911776787018,448.49545454545455,32.68359745762712,0.5143814217441666,34.623929075978594,5.524193626158059,3.6925756821921922,16,0,0
MATO GROSSO,SÃO BENEDITO DO RIO PRETO - MA,2110401,2110401,2009,667.1845303570221,667.1845303570221,21237.89752163289,31.82110466021201,2140.0,578.0,270.0,793.43,286.27,28.208429752066117,27.78406779661017,34.11101694915254,35.02111570247934,23.38702479338843,1.1970253645017346,242,59.0,50,22,750.4423728813559,-448.3445454545455,-1.4650946706547223,-162.22545454545457,-1.1916239426802024,0.4386860953427742,0.6099676005399085,0.9748972778633842,1.2917745458937162,1.42741949152542,1.256281541754428,448.49545454545455,32.68359745762712,0.5143814217441666,35.13831049772284,-3.31720583751083,3.460129738215669,16,0,0
MATO GROSSO,SÃO BENEDITO DO RIO PRETO - MA,2110401,2110401,2010,1087.2636791003324,1087.2636791003324,29101.06373206445,26.76541513475777,1800.0,792.0,440.0,1402.25,554.14,28.020661157024797,26.33830508474576,31.65423728813559,34.54272727272728,23.334421487603308,2.028721051457312,242,59.0,25,14,443.1593220338983,160.47545454545457,0.5243996734410499,105.64454545454544,0.7760099679173967,0.2509175003014547,0.3488862474037635,-0.4708654340010234,-0.6239139199534786,-1.0293601694915324,-0.905946842135014,448.49545454545455,32.68359745762712,0.5143814217441666,35.65269191946686,-8.88727678470909,3.287110574084028,16,0,0
MATO GROSSO,SÃO BENEDITO DO RIO PRETO - MA,2110401,2110401,2011,1235.5269080685596,1235.5269080685596,49604.08590692804,40.148122702136654,2700.0,1350.0,500.0,803.9399999999999,392.99,27.517448559670783,26.65833333333333,32.55583333333333,34.163456790123455,22.90181069958848,1.3905879280240017,243,60.0,35,22,716.2283333333334,-437.8345454545455,-1.430750224748795,-55.50545454545454,-0.4077142441735543,-0.2522950970525563,-0.350801715875871,-0.1508371854134509,-0.1998647869018376,-0.1277641242937903,-0.1124460692891196,448.49545454545455,32.68359745762712,0.5143814217441666,36.16707334121111,3.981049360925546,3.6925756821921922,16,0,0
MATO GROSSO,SÃO BENEDITO DO RIO PRETO - MA,2110401,2110401,2012,1482.6322896822714,1482.6322896822714,44974.37122228142,30.33413715272547,2040.0,1224.0,600.0,902.83,319.36,28.81590909090909,27.803220338983053,33.89084745762712,35.60971074380165,23.929380165289256,1.800804626522428,242,59.0,49,29,982.8345762711864,-338.9445454545454,-1.1075987256396478,-129.13545454545454,-0.948561986874496,1.0461654341857525,1.4546324272244473,0.9940498202362668,1.317152364960627,1.2072499999999948,1.0625088842399473,448.49545454545455,32.68359745762712,0.5143814217441666,36.681454762955354,-6.347317610229883,3.4122737170380337,16,0,0
MATO GROSSO,SÃO BENEDITO DO RIO PRETO - MA,2110401,2110401,2013,1507.342827843643,1507.342827843643,64558.799213683385,42.82466421561243,2880.0,1757.0,610.0,1015.54,404.92,28.025289256198345,26.485762711864407,31.94237288135593,34.53049586776859,23.490289256198345,1.8342436904576376,242,59.0,30,15,479.1355932203389,-226.23454545454547,-0.7392864042260373,-43.57545454545453,-0.3200826596234764,0.2555455994750062,0.3553213511782429,-0.3234078068823791,-0.4285271713852416,-0.7412245762711933,-0.6523567591676427,448.49545454545455,32.68359745762712,0.5143814217441666,37.195836184699374,5.628828030913056,3.7571142033297633,16,0,0
MATO GROSSO,SÃO BENEDITO DO RIO PRETO - MA,2110401,2110401,2014,1606.1849804891274,1606.1849804891274,68747.58869026841,42.7949248654627,2878.0,1871.0,650.0,899.89,267.56,28.317727272727275,27.946610169491525,34.473389830508474,35.16814049586777,23.49326446280992,1.611987317578262,242,59.0,51,29,999.7283050847458,-341.88454545454545,-1.117206020688499,-180.93545454545452,-1.3290578862620932,0.5479836160039362,0.7619394709283648,1.1374396507447386,1.507149134258012,1.789792372881351,1.5752083637451562,448.49545454545455,32.68359745762712,0.5143814217441666,37.71021760644362,5.084707259019076,3.756419517647085,16,0,0
MATO GROSSO,SÃO BENEDITO DO RIO PRETO - MA,2110401,2110401,2015,3064.106732010028,3064.106732010028,116183.792324227,37.91767144090684,2550.0,3162.0,1240.0,903.03,341.54,29.02469135802469,27.94033333333333,34.20683333333333,36.01259259259259,24.104814814814816,1.6917955299297505,243,60.0,51,20,684.1366666666665,-338.74454545454546,-1.1069451681533315,-106.95545454545451,-0.785639225322046,1.2549477013013508,1.7449320739645076,1.131162814586549,1.498832096799804,1.523235875706206,1.3406101890502105,448.49545454545455,32.68359745762712,0.5143814217441666,38.22459902818787,-0.30692758728103087,3.6354172683522434,16,0,0
MATO GROSSO,SÃO BENEDITO DO RIO PRETO - MA,2110401,2110401,2016,3064.106732010028,3064.106732010028,109349.45159927248,35.68722017967703,2400.0,2976.0,1240.0,1212.96,482.29,28.36239669421488,26.57898305084746,32.13864406779661,34.91276859504132,23.79095041322314,2.110408909972648,242,59.0,32,8,257.1091525423729,-28.8145454545454,-0.0941598094831125,33.794545454545414,0.2482371808324766,0.5926530374915373,0.8240497136088584,-0.2301874678993272,-0.3050068130949757,-0.5449533898305106,-0.4796171614757467,448.49545454545455,32.68359745762712,0.5143814217441666,38.73898044993189,-3.05176027025486,3.574792646535809,16,0,0
MATO GROSSO,SÃO BENEDITO DO RIO PRETO - MA,2110401,2110401,2017,3212.3699609782548,3212.3699609782548,153809.4100788154,47.88035374106667,3220.0,4186.0,1300.0,871.6899999999999,339.27,28.342438016528924,27.114745762711863,33.26728813559322,35.26834710743802,23.53425619834711,1.7792807787145648,242,59.0,43,15,499.0093220338983,-370.0845454545455,-1.2093576262591126,-109.22545454545455,-0.8023134664728155,0.5726943598055847,0.7962983285813994,0.3055752439650767,0.4048983733696136,0.5836906779660964,0.5137101105711477,448.49545454545455,32.68359745762712,0.5143814217441666,39.253361871676134,8.626991869390537,3.8687052687382257,16,0,0
MATO GROSSO,SÃO BENEDITO DO RIO PRETO - MA,2110401,2110401,2018,3459.475342591966,3459.475342591966,129632.01117010528,37.47158118866088,2520.0,3528.0,1400.0,1250.96,377.37,28.06301652892562,26.86220338983051,32.287796610169494,34.329917355371904,23.6202479338843,1.9664394788022483,242,59.0,28,16,516.6047457627119,9.185454545454604,0.0300161129170045,-71.12545454545455,-0.5224506524444862,0.2932728722022801,0.4077789381970175,0.0530328710837224,0.0702704936378083,-0.3958008474576289,-0.3483470008808719,448.49545454545455,32.68359745762712,0.5143814217441666,39.76774329342038,-2.296162104759503,3.623582810705241,16,0,0
MATO GROSSO,SÃO BENEDITO DO RIO PRETO - MA,2110401,2110401,2019,3261.791037300997,3261.791037300997,111113.1524315188,34.066425596516694,2291.0,3024.0,1320.0,1272.04,645.53,28.532592592592597,27.159,32.73466666666666,35.00275720164609,23.900987654320986,1.725577956438532,243,60.0,39,7,229.14266666666663,30.26545454545453,0.0989010719747535,197.03454545454545,1.4473134475512288,0.7628489358692541,1.0606972500986422,0.349829481253213,0.4635368561870474,0.0510692090395394,0.044946356028675,448.49545454545455,32.68359745762712,0.5143814217441666,40.2821247151644,-6.215699118647706,3.5283123126532674,16,0,0
MATO GROSSO,SÃO BENEDITO DO RIO PRETO - MA,2110401,2110401,2020,3410.054266269224,3410.054266269224,149583.87683489188,43.86554147085301,2950.0,4071.0,1380.0,900.09,264.71,28.350289256198348,27.77677966101695,33.99745762711864,34.94471074380166,23.608429752066115,1.573916909752626,242,59.0,47,23,781.9415254237288,-341.6845454545454,-1.1165524632021826,-183.78545454545457,-1.3499925062090945,0.580545599475009,0.8072150224845434,0.9676091422701631,1.2821174997001128,1.3138601694915195,1.156337214937874,448.49545454545455,32.68359745762712,0.5143814217441666,40.79650613690865,3.0690353339443632,3.7811290795336374,16,0,0
MATO GROSSO,SÃO BENEDITO DO RIO PRETO - MA,2110401,2110401,2021,3583.0280333988226,3583.0280333988226,140177.4723962448,39.12211512197094,2631.0,3815.0,1450.0,1149.67,294.05,28.32140495867769,27.258305084745764,33.567796610169495,34.890371900826445,23.695578512396693,1.687042788609023,242,59.0,45,13,436.3813559322034,-92.10454545454536,-0.3009780760279392,-154.44545454545454,-1.1344761029652313,0.551661301954347,0.767053080177727,0.4491345659989783,0.5951197251366254,0.8841991525423722,0.7781896500424161,448.49545454545455,32.68359745762712,0.5143814217441666,41.310887558652894,-2.188772436681951,3.6666879112400648,16,0,0
MATO GROSSO,SÃO BENEDITO DO RIO PRETO - MA,2110401,2110401,2022,3508.896418914709,3508.896418914709,156161.01118847716,44.50493749907222,2993.0,4250.0,1420.0,1048.08,304.23,27.94776859504132,27.11983050847457,33.30898305084746,34.68388429752066,23.177933884297524,1.5423420718379912,242,59.0,43,19,632.8706779661018,-193.6945454545455,-0.6329526012023582,-144.26545454545453,-1.0596991096106805,0.1780249383179821,0.2475333629556613,0.3106599897277888,0.4116358474581739,0.6253855932203365,0.5504060872828992,448.49545454545455,32.68359745762712,0.5143814217441666,41.82526898039691,2.6796685186753066,3.7956001380524707,16,0,0
MATO GROSSO,SÃO BENEDITO DO RIO PRETO - MA,2110401,2110401,2023,3459.475342591966,3459.475342591966,139626.3158861678,40.35629815318477,2714.0,3800.0,1400.0,970.58,273.44,29.637119341563785,28.840666666666667,35.626333333333335,36.72304526748972,24.5280658436214,1.7653178295756675,243,60.0,52,22,783.7793333333334,-271.1945454545454,-0.8862061271499652,-175.05545454545455,-1.2858664598451228,1.8673756848404464,2.596477704402028,2.031496147919881,2.691806689331819,2.9427358757062123,2.5899217327889708,448.49545454545455,32.68359745762712,0.5143814217441666,42.33965040214116,-1.9833522489563933,3.697747470594586,16,0,0
MATO GROSSO,SÃO BERNARDO - MA,2110609,2110609,2015,2471.053816137119,2471.053816137119,47766.89754000478,19.330577597325053,1300.0,1300.0,1000.0,736.92,335.48,28.871069958847738,27.39033333333333,32.37533333333333,35.20152263374485,24.379012345679016,1.7799374603772251,243,60.0,30,22,712.2573333333332,-362.53886363636377,-1.2442400190305312,-63.6547727272727,-0.5828469503314848,1.2171553706640983,1.7127040610167474,0.7243526579352881,0.922166339838693,0.7271732152028747,0.613438268275022,399.1347727272727,31.648160118130452,2.2921604127904365,30.758088110974313,-11.42751051364926,2.9616881736494,9,0,0
MATO GROSSO,SÃO BERNARDO - MA,2110609,2110609,2016,3237.0804991396258,3237.0804991396258,110231.30201539565,34.051555921441825,2290.0,3000.0,1310.0,967.65,361.88,28.36429752066116,26.921355932203387,31.78779661016949,34.35566115702479,24.058305785123967,2.14790463423151,242,59.0,29,12,381.45355932203387,-131.80886363636375,-0.4523704337634825,-37.25477272727272,-0.3411186583355791,0.7103829324775184,0.9996059358201697,0.2553752568053404,0.325115761326558,0.1396364920390347,0.1177963737849261,399.1347727272727,31.648160118130452,2.2921604127904365,33.05024852376482,1.001307397677003,3.527875726748057,9,0,0
MATO GROSSO,SÃO BERNARDO - MA,2110609,2110609,2017,3459.475342591966,3459.475342591966,151237.34636512282,43.71684472010436,2940.0,4116.0,1400.0,866.62,442.08,28.368388429752063,27.013050847457627,32.23050847457627,34.48842975206612,23.925537190082643,2.0627171295114817,242,59.0,27,15,483.457627118644,-232.83886363636373,-0.7991072438858329,42.94522727272727,0.3932225923489528,0.7144738415684273,1.00536240437145,0.3470701720595812,0.4418516681469297,0.582348356445813,0.4912650244017301,399.1347727272727,31.648160118130452,2.2921604127904365,35.34240893655442,8.374435783549941,3.777733490532499,9,0,0
MATO GROSSO,SÃO BERNARDO - MA,2110609,2110609,2018,3459.475342591966,3459.475342591966,145064.39345226067,41.9324837111205,2820.0,3948.0,1400.0,1271.28,394.92,27.950826446280992,26.78966101694915,31.445254237288136,33.64644628099173,23.86855371900826,1.9705220096464309,242,59.0,24,12,377.3430508474576,171.82113636363624,0.5896932864923747,-4.214772727272703,-0.0385920383528241,0.2969118580973529,0.4177955891119365,0.123680341551104,0.1574562426584901,-0.2029058808423194,-0.1711699902642925,399.1347727272727,31.648160118130452,2.2921604127904365,37.63456934934493,4.297914361775568,3.736060794131931,9,0,0
MATO GROSSO,SÃO BERNARDO - MA,2110609,2110609,2019,3953.6861058193904,3953.6861058193904,163619.9959581856,41.382305733350485,2783.0,4453.0,1600.0,1212.4,504.2,28.257448559670785,26.92,31.520333333333333,34.15069958847737,24.08987654320988,1.754746830303071,243,60.0,26,9,283.683,112.94113636363636,0.3876160482462701,105.06522727272728,0.9620165885150768,0.6035339714871455,0.849254835365522,0.2540193246019555,0.3233895371961337,-0.1278267847971221,-0.1078337868691076,399.1347727272727,31.648160118130452,2.2921604127904365,39.92672976213544,1.4555759712150476,3.7228533917256628,9,0,0
MATO GROSSO,SÃO BERNARDO - MA,2110609,2110609,2020,4299.633640078587,4299.633640078587,188605.75774834197,43.86554147085301,2950.0,5133.0,1740.0,908.2,311.26,28.07917355371901,27.43322033898305,32.78322033898305,34.05760330578513,23.808636363636364,1.4855905886683636,242,59.0,32,19,622.881186440678,-191.25886363636369,-0.6564039224477715,-87.87477272727273,-0.804614345488335,0.4252589655353702,0.5983975216399979,0.7672396635850021,0.9767653705640986,1.1350602208525942,0.9575289101832788,399.1347727272727,31.648160118130452,2.2921604127904365,42.218890174925946,1.6466512959270645,3.7811290795336374,9,0,0
MATO GROSSO,SÃO BERNARDO - MA,2110609,2110609,2021,3914.149244761196,3914.149244761196,185078.3560838493,47.285566738072056,3180.0,5037.0,1584.0,1316.25,281.21,28.11351239669421,27.07593220338983,32.49457627118644,34.09607438016529,23.86004132231405,1.7719283099297014,242,59.0,40,10,324.9457627118644,216.79113636363627,0.7440311500101626,-117.92477272727274,-1.0797634051276142,0.4595978085105763,0.6467169697825658,0.4099515279917831,0.5219053121956455,0.8464161530559835,0.7140307815460581,399.1347727272727,31.648160118130452,2.2921604127904365,44.511050587716454,2.774516150355602,3.856205105973994,9,0,0
MATO GROSSO,SÃO BERNARDO - MA,2110609,2110609,2022,4596.1600980150415,4596.1600980150415,198416.34362771217,43.166666742334336,2903.0,5400.0,1860.0,1037.04,360.32,27.777561983471077,26.60813559322034,31.58593220338983,33.67557851239669,23.452561983471075,1.681098314134321,242,59.0,20,15,473.7889830508475,-62.41886363636377,-0.2142226830519127,-38.814772727272725,-0.3554026028626099,0.1236473952874348,0.1739887948137524,-0.0578450821777067,-0.0736420128028988,-0.0622279147406246,-0.0524950362015253,399.1347727272727,31.648160118130452,2.2921604127904365,46.80321100050696,-3.636544258172627,3.7650685942244015,9,0,0
MATO GROSSO,SÃO BERNARDO - MA,2110609,2110609,2023,5147.205099013619,5147.205099013619,229611.80209806917,44.60902522459628,3000.0,6249.0,2083.0,862.29,279.12,29.28633744855967,28.925666666666665,34.89033333333334,35.66061728395062,24.683621399176957,1.783261984999824,243,60.0,48,28,976.9293333333336,-237.16886363636377,-0.8139678831794069,-120.01477272727271,-1.0989002282439566,1.6324228603760318,2.297042209769113,2.2596859912686185,2.8767843079263096,3.2421732152028824,2.7350747813598155,399.1347727272727,31.648160118130452,2.2921604127904365,49.09537141329747,-4.486346188701191,3.7979361978500186,9,0,0
MATO GROSSO,SÃO DOMINGOS DO AZEITÃO - MA,2110658,2110658,1997,3113.52780833277,3113.52780833277,88883.17319174735,28.53490646866676,1919.0,2419.0,1260.0,698.37,266.89,28.128553719008263,26.38508474576271,30.727288135593223,33.42334710743802,23.69433884297521,2.068754505130195,242,59.0,16,14,430.1820338983051,-233.81431818181815,-0.8966938298687951,-54.62295454545455,-0.4575426946107225,0.9231568696221472,0.9220464283081006,0.5949924242424238,0.6352823264375216,0.670265087313819,0.5189432172538029,321.51295454545453,30.057023048279405,0.5164624873988031,33.75077937217702,-5.21587290351026,3.351128126207472,27,1,0
MATO GROSSO,SÃO DOMINGOS DO AZEITÃO - MA,2110658,2110658,1998,8278.030284059349,8278.030284059349,258492.4032261028,31.2263176572174,2100.0,7035.0,3350.0,970.92,345.09,26.9556611570248,25.31084745762712,29.527118644067794,31.77892561983471,22.923471074380164,2.5497448771692706,242,59.0,2,14,413.3796610169491,38.735681818181774,0.1485539771568422,23.57704545454544,0.1974903224843938,-0.2497356923613196,-0.2494352918123819,-0.4792448638931716,-0.5116969219481019,-0.5299044042116101,-0.4102709533336946,321.51295454545453,30.057023048279405,0.5164624873988031,34.26724185957573,-3.040924202358333,3.441261253911286,27,1,0
MATO GROSSO,SÃO DOMINGOS DO AZEITÃO - MA,2110658,2110658,1999,7783.819520831925,7783.819520831925,284764.1968731054,36.57940068416895,2460.0,7750.0,3150.0,1421.69,436.16,26.259465020576133,24.972166666666663,28.8475,30.877448559670785,22.276666666666664,2.3617354510430637,243,60.0,0,8,230.78,489.5056818181818,1.8772876185912464,114.64704545454548,0.9603273668175434,-0.9459318288099824,-0.9447939920917088,-0.8179256548536209,-0.8733114770829923,-1.2095230482794044,-0.936456028960469,321.51295454545453,30.057023048279405,0.5164624873988031,34.783704346974446,1.7956963371945065,3.5994852591261806,27,1,0
MATO GROSSO,SÃO DOMINGOS DO AZEITÃO - MA,2110658,2110658,2000,10860.281521922638,10860.281521922638,445701.89781558304,41.02543353155372,2759.0,12130.0,4395.0,969.5,266.67,26.63561983471074,25.128474576271184,29.48322033898305,31.56384297520661,22.42727272727273,1.9804047922537735,242,59.0,0,19,560.181186440678,37.315681818181815,0.1431081804737516,-54.84295454545452,-0.459385498495133,-0.569777014675374,-0.569091644769446,-0.661617745249103,-0.7064191799573986,-0.5738027092963556,-0.4442585921110084,321.51295454545453,30.057023048279405,0.5164624873988031,35.300166834373385,5.725266697180338,3.714192204417058,27,1,0
MATO GROSSO,SÃO DOMINGOS DO AZEITÃO - MA,2110658,2110658,2001,15542.92850350248,15542.92850350248,457606.87843324576,29.42708697315868,1979.0,12454.0,6290.0,1083.73,432.16,27.10495867768595,25.54779661016949,29.824237288135595,32.18876033057851,22.83409090909091,2.0970728953891458,242,59.0,12,19,566.6605084745763,151.54568181818183,0.5811880080156286,110.64704545454548,0.9268218416464375,-0.1004381717001656,-0.1003173572437788,-0.2422957113507955,-0.2587027614490296,-0.232785760143809,-0.1802310661652296,321.51295454545453,30.057023048279405,0.5164624873988031,35.8166293217721,-6.389542348613418,3.3819155758023376,27,1,0
MATO GROSSO,SÃO DOMINGOS DO AZEITÃO - MA,2110658,2110658,2002,22610.14241765464,22610.14241765464,840513.6778673917,37.17418768716357,2500.0,22875.0,9150.0,846.75,290.19,27.670206611570247,26.272542372881357,30.698813559322037,32.83421487603306,23.356446280991737,2.292679573159827,242,59.0,18,21,644.6750847457627,-85.43431818181818,-0.3276464271666703,-31.322954545454536,-0.2623730104890316,0.4648097621841316,0.4642506546477139,0.4824500513610665,0.5151191486325261,0.641790511042629,0.496897181290137,321.51295454545453,30.057023048279405,0.5164624873988031,36.33309180917104,0.8410958779925295,3.615614641056064,27,1,0
MATO GROSSO,SÃO DOMINGOS DO AZEITÃO - MA,2110658,2110658,2003,25155.327848275872,25155.327848275872,918594.1834616304,36.50505230879463,2455.0,25000.0,10180.0,1202.72,722.47,27.484732510288065,25.552333333333333,29.40383333333333,32.42362139917695,23.316666666666663,2.494018346123024,243,60.0,5,9,264.6345,270.53568181818184,1.03752275965012,400.9570454545455,3.3585690947523617,0.2793356609019497,0.2789996553230939,-0.2377589881869539,-0.253858834150967,-0.6531897149460697,-0.505722852893429,321.51295454545453,30.057023048279405,0.5164624873988031,36.84955429656975,-0.34450198777511787,3.597450670428393,27,1,0
MATO GROSSO,SÃO DOMINGOS DO AZEITÃO - MA,2110658,2110658,2004,27589.315857170932,27589.315857170932,886112.6931344271,32.103628486634456,2159.0,24116.0,11165.0,854.46,263.07,27.905289256198348,26.82898305084746,31.34254237288136,33.0801652892562,23.42909090909091,1.8941182489168864,242,59.0,22,18,564.1657627118644,-77.72431818181815,-0.298078052218339,-58.44295454545454,-0.4895404711491283,0.6998924068122321,0.6990505244957088,1.0388907293271714,1.109239197930414,1.2855193246019532,0.995295065754381,321.51295454545453,30.057023048279405,0.5164624873988031,37.36601678396846,-5.262388297334006,3.468969060714579,27,1,0
MATO GROSSO,SÃO DOMINGOS DO AZEITÃO - MA,2110658,2110658,2005,29331.408797547603,29331.408797547603,1177600.9994304716,40.148122702136654,2700.0,32049.0,11870.0,861.78,187.48,27.9400826446281,27.27186440677966,32.2235593220339,33.19632231404959,23.424586776859503,2.5447679612381178,242,59.0,30,25,805.5889830508474,-70.40431818181821,-0.2700053538238147,-134.03295454545454,-1.1227111330700985,0.7346857952419832,0.7338020608662493,1.4817720852593723,1.5821102575756667,2.1665362737544958,1.677409916582483,321.51295454545453,30.057023048279405,0.5164624873988031,37.8824792713674,2.265643430769252,3.6925756821921922,27,1,0
MATO GROSSO,SÃO DOMINGOS DO AZEITÃO - MA,2110658,2110658,2006,30344.54086216382,30344.54086216382,1212544.322169352,39.9548169261634,2687.0,33000.0,12280.0,852.99,315.02,27.46805785123967,27.224406779661017,31.925762711864405,32.77632231404959,22.921487603305785,1.6462140485777643,242,59.0,25,22,702.366779661017,-79.19431818181818,-0.3037156023057641,-6.492954545454552,-0.0543874629893931,0.2626610018535551,0.2623450537870402,1.4343144581407294,1.5314390380193452,1.868739663585,1.446845123795836,321.51295454545453,30.057023048279405,0.5164624873988031,38.398941758766114,1.5558751673972893,3.687749238815263,27,1,0
MATO GROSSO,SÃO DOMINGOS DO AZEITÃO - MA,2110658,2110658,2007,25271.467377634315,25271.467377634315,943212.507578402,37.32288443791222,2510.0,25670.0,10227.0,1149.7,444.08,27.160493827160494,25.557166666666667,29.619000000000003,32.18930041152263,22.889588477366257,2.4758801262894616,243,60.0,4,23,681.2370000000001,217.51568181818183,0.8341874496941513,122.56704545454544,1.0266683066563322,-0.0449030222256219,-0.0448490095516705,-0.23292565485362,-0.2486982117306767,-0.4380230482794012,-0.3391331194295129,321.51295454545453,30.057023048279405,0.5164624873988031,38.91540424616505,-1.5925198082528311,3.6196066623256016,27,1,0
MATO GROSSO,SÃO DOMINGOS DO AZEITÃO - MA,2110658,2110658,2008,29529.09310283857,29529.09310283857,1361172.861053444,46.09599273208283,3100.0,37045.0,11950.0,1015.93,279.97,27.42264462809917,25.92050847457627,30.335762711864405,32.52760330578513,23.20657024793388,2.359971611262905,242,59.0,9,19,576.3794915254236,83.74568181818188,0.3211703917384752,-41.542954545454506,-0.3479796273012065,0.2172477787130553,0.2169864570278615,0.1304161530559824,0.1392472807093751,0.2787396635850001,0.2158102227534302,321.51295454545453,30.057023048279405,0.5164624873988031,39.431866733563766,6.6641259985190615,3.8307260206730094,27,1,0
MATO GROSSO,SÃO DOMINGOS DO AZEITÃO - MA,2110658,2110658,2009,29529.09310283857,29529.09310283857,1361172.861053444,46.09599273208283,3100.0,37045.0,11950.0,1138.64,367.87,26.83809917355372,25.867966101694915,30.056610169491524,31.49520661157025,22.872190082644625,1.731280587152645,242,59.0,3,16,480.9057627118644,206.45568181818192,0.79177159665543,46.35704545454547,0.3883042883338411,-0.3672976758323969,-0.3668558630406396,0.0778737801746274,0.0831470019148758,-0.0004128787878805,-0.0003196655331956,321.51295454545453,30.057023048279405,0.5164624873988031,39.94832922096248,6.147663511120349,3.8307260206730094,27,1,0
MATO GROSSO,SÃO DOMINGOS DO AZEITÃO - MA,2110658,2110658,2010,34972.82465978865,34972.82465978865,1560103.6174238946,44.60902522459628,3000.0,42459.0,14153.0,1268.21,538.47,26.832768595041323,25.010338983050847,28.8771186440678,31.64809917355372,22.79206611570248,2.3881116735438987,242,59.0,1,14,404.2796610169492,336.02568181818185,1.2886813686470344,216.9570454545455,1.8173149368815,-0.3726282543447929,-0.3721800295392137,-0.7797533384694404,-0.8325543229243861,-1.1799044042116087,-0.9135242147661236,321.51295454545453,30.057023048279405,0.5164624873988031,40.46479170836142,4.144233516234863,3.7979361978500186,27,1,0
MATO GROSSO,SÃO DOMINGOS DO AZEITÃO - MA,2110658,2110658,2011,41049.14599366982,41049.14599366982,1702816.4097664934,41.48639345887455,2790.0,46343.0,16612.0,887.7,328.31,26.39843621399177,24.748,28.49366666666667,31.27617283950617,22.306378600823045,1.696959855470903,243,60.0,0,20,569.8733333333334,-44.48431818181814,-0.1706003890169734,6.797045454545469,0.0569346443916057,-0.806960635394347,-0.8059899634989864,-1.0420923215202862,-1.112657585886086,-1.563356381612735,-1.2104064581966332,321.51295454545453,30.057023048279405,0.5164624873988031,40.98125419576013,0.5051392631144225,3.7253655050151835,27,1,0
MATO GROSSO,SÃO DOMINGOS DO AZEITÃO - MA,2110658,2110658,2012,48887.32869845676,48887.32869845676,2035420.9917142808,41.6350902096232,2800.0,55395.0,19784.0,538.25,188.96,28.03198347107438,26.583898305084748,31.21627118644068,33.33735537190083,23.66590909090909,2.138343726308248,242,59.0,24,24,749.1905084745763,-393.9343181818182,-1.5107649319085863,-132.55295454545453,-1.110314088756789,0.8265866216882642,0.825592342206017,0.7938059835644609,0.8475585426502629,1.1592481381612745,0.8975313943678978,321.51295454545453,30.057023048279405,0.5164624873988031,41.49771668315907,0.13737352646413115,3.7289433263630674,27,1,0
MATO GROSSO,SÃO DOMINGOS DO AZEITÃO - MA,2110658,2110658,2013,55396.084450161936,55396.084450161936,2696882.291341332,48.683316195109406,3274.0,73397.0,22418.0,674.79,147.1,27.46880165289256,26.370169491525424,31.243389830508477,32.57917355371901,23.204752066115702,2.2304610844603165,242,59.0,23,26,812.3281355932203,-257.3943181818182,-0.9871247353527964,-174.41295454545454,-1.4609494096724105,0.2634048035064467,0.2630879607403287,0.5800771700051364,0.6193570860055351,1.1863667822290689,0.9185276190951944,321.51295454545453,30.057023048279405,0.5164624873988031,42.01417917055778,6.669137024551624,3.885336388130852,27,1,0
MATO GROSSO,SÃO DOMINGOS DO AZEITÃO - MA,2110658,2110658,2014,58143.89629370641,58143.89629370641,2904962.24577906,49.96210825154783,3360.0,79060.0,23530.0,503.13,159.62,28.186859504132237,27.07372881355932,32.08118644067797,33.61962809917355,23.63896694214876,2.0542054962546694,242,59.0,31,26,834.1108474576272,-429.0543181818182,-1.6454525231129171,-161.89295454545453,-1.3560771158868494,0.9814626547461174,0.9802820789242962,1.283636492039033,1.3705579159280188,2.024163392398563,1.567179736764167,321.51295454545453,30.057023048279405,0.5164624873988031,42.530641657956494,7.431466593591338,3.911264883157022,27,1,0
MATO GROSSO,SÃO DOMINGOS DO AZEITÃO - MA,2110658,2110658,2015,60273.94468321661,60273.94468321661,2796310.925759218,46.39338623358013,3120.0,76103.0,24392.0,450.33,221.8,29.70732510288066,26.92366666666667,31.567833333333333,35.383374485596704,24.867530864197533,2.411922487992978,243,60.0,23,26,820.7636666666666,-481.8543181818182,-1.847944118089816,-99.71295454545452,-0.8352337271020113,2.501928253494544,2.498918749271715,1.133574345146382,1.2103343132333222,1.5108102850539282,1.1697233897831518,321.51295454545453,30.057023048279405,0.5164624873988031,43.04710414535543,3.3462820882246973,3.8371569110032997,27,1,0
MATO GROSSO,SÃO DOMINGOS DO AZEITÃO - MA,2110658,2110658,2016,58783.899232085925,58783.899232085925,1431757.6381106356,24.35652777262957,1638.0,38966.0,23789.0,734.51,297.42,27.91409090909091,25.827627118644067,30.04,33.031983471074376,23.58107438016529,2.3945429401278653,242,59.0,8,11,330.44,-197.6743181818182,-0.758094469216047,-24.09295454545452,-0.2018117737422579,0.7086940597047935,0.7078415901096338,0.0375347971237793,0.0400764652920008,-0.0170230482794053,-0.0131798531786653,321.51295454545453,30.057023048279405,0.5164624873988031,43.563566632754146,-19.207038860124577,3.1927998946127865,27,1,0
MATO GROSSO,SÃO DOMINGOS DO AZEITÃO - MA,2110658,2110658,2017,69720.78342230881,69720.78342230881,3296650.805607099,47.285566738072056,3180.0,89720.0,28215.0,738.88,423.25,27.79557851239669,26.3571186440678,30.798135593220337,32.91801652892562,23.404462809917355,2.5166674013788324,242,59.0,21,13,400.3757627118644,-193.3043181818182,-0.7413352216772392,101.73704545454548,0.8521882843277995,0.5901816630105792,0.5894717488855096,0.567026322547509,0.605422500627546,0.7411125449409326,0.5737958543538657,321.51295454545453,30.057023048279405,0.5164624873988031,44.080029120153085,3.2055376179189707,3.856205105973994,27,1,0
MATO GROSSO,SÃO DOMINGOS DO AZEITÃO - MA,2110658,2110658,2018,76738.57626013823,76738.57626013823,3540776.395803862,46.140601757307415,3103.0,96364.0,31055.0,688.96,227.65,27.943760330578517,26.950677966101694,31.457966101694915,32.97694214876033,23.704338842975204,2.329327613076841,242,59.0,24,19,597.7013559322033,-243.22431818181812,-0.9327818205644884,-93.86295454545451,-0.7862318965392693,0.7383634811923976,0.7374753230241818,1.1605856445814062,1.239174682364125,1.40094305341551,1.0846602472499425,321.51295454545453,30.057023048279405,0.5164624873988031,44.5964916075518,1.5441101497556176,3.831693294648152,27,1,0
MATO GROSSO,SÃO DOMINGOS DO AZEITÃO - MA,2110658,2110658,2019,63676.58578803742,63676.58578803742,1472359.5010196397,23.122344741415738,1555.0,40071.0,25769.0,714.84,231.38,28.639711934156377,26.9065,31.481,33.852427983539094,24.235390946502054,2.593907419666161,243,60.0,29,19,598.139,-217.34431818181812,-0.8335302584811147,-90.13295454545454,-0.7549879943172133,1.4343150847702617,1.432589784574921,1.116407678479714,1.1920052060164297,1.4239769517205936,1.1024939156276905,321.51295454545453,30.057023048279405,0.5164624873988031,45.11295409495051,-21.990609353534772,3.140799454813106,27,1,0
MATO GROSSO,SÃO DOMINGOS DO AZEITÃO - MA,2110658,2110658,2020,70145.80467868439,70145.80467868439,3245944.406680017,46.27442883298121,3112.0,88340.0,28387.0,440.42,177.19,28.821446280991736,27.51677966101695,32.475762711864405,34.480785123966946,24.036652892561985,2.094243239469796,242,59.0,29,26,844.3698305084745,-491.76431818181817,-1.885949642828851,-144.32295454545454,-1.2089040965727678,1.6160494316056209,1.614105527905775,1.7266873394966638,1.8436099442145504,2.4187396635850007,1.8726748065463543,321.51295454545453,30.057023048279405,0.5164624873988031,45.62941658234945,0.6450122506317584,3.834589515498054,27,1,0
MATO GROSSO,SÃO DOMINGOS DO AZEITÃO - MA,2110658,2110658,2021,69065.95416103248,69065.95416103248,3240138.89144054,46.913824861200425,3155.0,88182.0,27950.0,973.22,255.19,27.625619834710744,25.958135593220337,30.257796610169493,32.6350826446281,23.39247933884298,2.259446336382178,242,59.0,14,16,484.1247457627119,41.03568181818184,0.157374633756215,-66.32295454545454,-0.5555463557362066,0.420222985324628,0.4197175100588614,0.1680432717000499,0.1794223190718879,0.2007735618900881,0.1554460766624502,321.51295454545453,30.057023048279405,0.5164624873988031,46.14587906974816,0.7679457914522629,3.8483124051750854,27,1,0
MATO GROSSO,SÃO DOMINGOS DO AZEITÃO - MA,2110658,2110658,2022,76150.4654518976,76150.4654518976,4242839.558339917,55.71667250552076,3747.0,115471.0,30817.0,799.33,264.42,27.481735537190083,26.08237288135593,30.588813559322038,32.78123966942149,22.873305785123968,2.079545385079965,242,59.0,16,17,520.0098305084746,-132.85431818181814,-0.5095053558372105,-57.09295454545452,-0.47823235640388,0.2763386878039675,0.2760062872058627,0.2922805598356426,0.3120723331246894,0.5317905110426295,0.4117312447400338,321.51295454545453,30.057023048279405,0.5164624873988031,46.6623415571471,9.05433094837366,4.020279428993459,27,1,0
MATO GROSSO,SÃO DOMINGOS DO AZEITÃO - MA,2110658,2110658,2023,76602.66830025069,76602.66830025069,3659789.458213151,47.77626601554263,3213.0,99603.0,31000.0,697.25,272.03,29.412427983539096,27.9215,32.635,34.93695473251029,24.60979423868313,2.313051066786206,243,60.0,36,23,750.6049999999999,-234.93431818181816,-0.9009891061258808,-49.48295454545456,-0.4144880947658518,2.207031134152981,2.204376353981379,2.131407678479711,2.27573591427728,2.577976951720593,1.9959620136169585,321.51295454545453,30.057023048279405,0.5164624873988031,47.178804044545814,0.5974619709968181,3.8665289893156305,27,1,0
MATO GROSSO,SÃO DOMINGOS DO MARANHÃO - MA,2110708,2110708,2019,3706.5807242056794,3706.5807242056794,102515.11087431796,27.657595639249696,1860.0,2790.0,1500.0,955.5,401.07,28.31551440329218,26.026333333333334,29.6365,32.93341563786008,24.517448559670783,2.748934286889138,243,60.0,1,10,296.365,-138.22636363636366,-0.5313742762600537,14.198181818181808,0.1160746820393089,1.214375706676499,1.3971406420708232,0.4587012711864418,0.5903429824744851,0.3243662044170534,0.288193387124733,386.8718181818182,29.312133795582948,5.486910102625329,37.632173679472544,-9.974578040222848,3.319900396907019,5,0,0
MATO GROSSO,SÃO DOMINGOS DO MARANHÃO - MA,2110708,2110708,2020,2952.9093102838574,2952.9093102838574,160496.77573441606,54.34866239863314,3655.0,4368.0,1195.0,710.29,284.92,28.097603305785125,27.03372881355932,31.467966101694916,33.09396694214876,24.0300826446281,2.3025684827848987,242,59.0,27,20,629.3593220338983,-383.4363636363637,-1.474018521930203,-101.95181818181815,-0.8334887544283769,0.9964646091694432,1.1464336746870714,1.4660967514124297,1.886848768886843,2.1558323061119644,1.9154172226046704,386.8718181818182,29.312133795582948,5.486910102625329,43.11908378209773,11.229578616535406,3.995420002383651,5,0,0
MATO GROSSO,SÃO DOMINGOS DO MARANHÃO - MA,2110708,2110708,2021,1655.6060568118698,1655.6060568118698,86641.80338410097,52.32638658845144,3519.0,2358.0,670.0,1354.35,339.38,26.822355371900827,25.167118644067795,28.49322033898305,31.180123966942148,23.236074380165288,2.1225680811410754,242,59.0,1,12,341.9186440677966,260.62363636363625,1.0018978471669635,-47.49181818181819,-0.3882608185693139,-0.2787833247148548,-0.3207405345391275,-0.4005134180790968,-0.5154559200115273,-0.8189134565998977,-0.7275894948541058,386.8718181818182,29.312133795582948,5.486910102625329,48.60599388472292,3.720392703728521,3.957500767521357,5,0,0
MATO GROSSO,SÃO DOMINGOS DO MARANHÃO - MA,2110708,2110708,2022,2965.264579364543,2965.264579364543,156748.9114658926,52.8616948911466,3555.0,4266.0,1200.0,1105.23,303.66,26.940206611570247,25.39864406779661,28.985932203389837,31.544669421487605,23.092644628099173,2.176360631946839,242,59.0,0,15,434.7889830508475,11.50363636363636,0.0442226525119844,-83.21181818181816,-0.6802832546487433,-0.1609320850454345,-0.1851525482550449,-0.1689879943502816,-0.2174855027741537,-0.3262015921931152,-0.2898240952955216,386.8718181818182,29.312133795582948,5.486910102625329,54.09290398734811,-1.2312090962015105,3.9676789724371133,5,0,0
MATO GROSSO,SÃO DOMINGOS DO MARANHÃO - MA,2110708,2110708,2023,3583.0280333988226,3583.0280333988226,200069.8131579431,55.83562990611968,3755.0,5445.0,1450.0,1012.25,357.95,28.998847736625518,27.511333333333333,31.794833333333333,33.889218106995884,24.903827160493822,2.656328539814088,243,60.0,29,17,540.5121666666666,-81.47636363636366,-0.31321408319378,-28.9218181818182,-0.2364451232167102,1.8977090400098329,2.183316425094831,1.9437012711864408,2.501520003429997,2.482699537750385,2.205832726264362,386.8718181818182,29.312133795582948,5.486910102625329,59.5798140899733,-3.744184183853619,4.022412194398007,5,0,0
MATO GROSSO,SÃO FÉLIX DE BALSAS - MA,2110807,2110807,2005,444.7896869046815,444.7896869046815,17857.470926494094,40.148122702136654,2700.0,486.0,180.0,928.81,201.21,27.92074380165289,27.08508474576271,32.25610169491525,33.32888429752066,23.254917355371894,2.6241871028353825,242,59.0,28,25,806.4025423728813,-58.1461363636364,-0.23387589064957,-136.1913636363636,-1.1698733773347847,0.8366590704257106,0.8494512509880109,1.407918464304057,1.5861517524558866,2.1688281972265,1.804506218744612,337.4013636363636,30.087273497688752,0.04066986568721587,40.49270785663476,-0.34458515449810534,3.6925756821921922,19,0,0
MATO GROSSO,SÃO FÉLIX DE BALSAS - MA,2110807,2110807,2006,1235.5269080685596,1235.5269080685596,49604.08590692804,40.148122702136654,2700.0,1350.0,500.0,988.15,346.42,27.27863636363637,27.13864406779661,31.971016949152546,32.659710743801654,22.629628099173555,1.6171344591347847,242,59.0,25,21,671.3913559322034,1.1938636363636306,0.0048019686041134,9.018636363636404,0.0774693952683542,0.1945516324091869,0.1975262485920991,1.4614777863379589,1.6464913350796682,1.8837434514637896,1.56731030011173,337.4013636363636,30.087273497688752,0.04066986568721587,40.53337772232198,-0.3852550201853262,3.6925756821921922,19,0,0
MATO GROSSO,SÃO FÉLIX DE BALSAS - MA,2110807,2110807,2007,1235.5269080685596,1235.5269080685596,47766.89754000478,38.66115519465011,2600.0,1300.0,500.0,1217.09,481.17,27.072880658436212,25.421,29.580666666666666,32.1737037037037,22.729218106995884,2.496690192124534,243,60.0,2,23,680.3553333333333,230.1338636363636,0.92564640907493,143.7686363636364,1.23496156941802,-0.0112040727909636,-0.0113753785560493,-0.256166281458654,-0.2885952607039626,-0.5066068310220864,-0.4215064974749516,337.4013636363636,30.087273497688752,0.04066986568721587,40.574047588009186,-1.9128923933590798,3.6548353542093452,19,0,0
MATO GROSSO,SÃO FÉLIX DE BALSAS - MA,2110807,2110807,2008,1235.5269080685596,1235.5269080685596,51441.2742738513,41.6350902096232,2800.0,1400.0,500.0,1020.57,291.05,27.38293388429752,25.91627118644068,30.42084745762712,32.6451652892562,22.98809917355372,2.267177323536344,242,59.0,10,19,577.9961016949153,33.6138636363637,0.1352019719240398,-46.3513636363636,-0.398154661745872,0.2988491530703427,0.3034184363807133,0.2391049049820246,0.2693740253243327,0.3335739599383664,0.2775398650247194,337.4013636363636,30.087273497688752,0.04066986568721587,40.61471745369641,1.0203727559267932,3.7289433263630674,19,0,0
MATO GROSSO,SÃO FÉLIX DE BALSAS - MA,2110807,2110807,2009,1235.5269080685596,1235.5269080685596,51441.2742738513,41.6350902096232,2800.0,1400.0,500.0,1152.22,403.04,26.78078512396694,25.67372881355932,30.039491525423728,31.632685950413222,22.67797520661157,1.7980939087472707,242,59.0,2,15,450.5923728813559,165.26386363636368,0.6647257361766081,65.63863636363641,0.5638308564954717,-0.3032996072602394,-0.3079369362245612,-0.0034374678993316,-0.0038726288991677,-0.0477819722650245,-0.0397555077006013,337.4013636363636,30.087273497688752,0.04066986568721587,40.65538731938363,0.9797028902395724,3.7289433263630674,19,0,0
MATO GROSSO,SÃO FÉLIX DE BALSAS - MA,2110807,2110807,2010,1235.5269080685596,1235.5269080685596,51441.2742738513,41.6350902096232,2800.0,1400.0,500.0,1312.21,567.32,26.724669421487604,24.90762711864407,28.89796610169492,31.67256198347108,22.572603305785123,2.372622394565524,242,59.0,1,13,375.6735593220339,325.2538636363637,1.308238892597181,229.91863636363644,1.9749834677704785,-0.3594153097395747,-0.364910625217006,-0.7695391628145849,-0.8669577980747223,-1.1893073959938365,-0.9895263233917236,337.4013636363636,30.087273497688752,0.04066986568721587,40.696057185070835,0.9390330245523657,3.7289433263630674,19,0,0
MATO GROSSO,SÃO FÉLIX DE BALSAS - MA,2110807,2110807,2011,1976.8430529096952,1976.8430529096952,82306.03883816209,41.6350902096232,2800.0,2240.0,800.0,959.55,346.0,26.153868312757204,24.56433333333333,28.50583333333333,31.05325102880658,21.97543209876543,1.6557669863737885,243,60.0,0,14,399.08166666666665,-27.406136363636392,-0.1102331978039646,8.598636363636388,0.0738616274528227,-0.9302164184699748,-0.944439053241662,-1.1128329481253232,-1.2537103359406137,-1.5814401643554206,-1.315788228316653,337.4013636363636,30.087273497688752,0.04066986568721587,40.736727050758056,0.8983631588651448,3.7289433263630674,19,0,0
MATO GROSSO,SÃO FÉLIX DE BALSAS - MA,2110807,2110807,2012,5559.871086308518,5559.871086308518,231485.73423233084,41.6350902096232,2800.0,6300.0,2250.0,602.48,216.22,27.923388429752062,26.50118644067797,31.223898305084745,33.33057851239669,23.3904958677686,2.133557041498114,242,59.0,22,21,655.7018644067797,-384.47613636363633,-1.5464432282002016,-121.1813636363636,-1.040938627546388,0.839303698524887,0.8521363143867741,0.8240201592193124,0.9283357330289436,1.136624807395993,0.9456934099014144,337.4013636363636,30.087273497688752,0.04066986568721587,40.77739691644528,0.857693293177924,3.7289433263630674,19,0,0
MATO GROSSO,SÃO FÉLIX DE BALSAS - MA,2110807,2110807,2013,7378.566694985438,7378.566694985438,322573.5334643861,43.71684472010436,2940.0,8779.0,2986.0,745.14,159.27,27.319793388429755,26.284915254237287,31.417118644067795,32.566818181818185,22.949958677685952,2.1871356148621484,242,59.0,22,21,659.7594915254236,-241.8161363636364,-0.9726349470891388,-178.1313636363636,-1.5301347634857083,0.2357086572025757,0.239312547735309,0.6077489727786336,0.684686025978498,1.3298451463790428,1.1064563987489089,337.4013636363636,30.087273497688752,0.04066986568721587,40.81806678213248,2.8987779379718788,3.777733490532499,19,0,0
MATO GROSSO,SÃO FÉLIX DE BALSAS - MA,2110807,2110807,2014,7598.490484621641,7598.490484621641,352519.7038452353,46.39338623358013,3120.0,9594.0,3075.0,647.96,254.4,28.037190082644628,26.540169491525425,31.442203389830507,33.56157024793388,23.37314049586777,2.194316015754496,242,59.0,27,25,786.0550847457627,-338.9961363636363,-1.3635131803596636,-83.0013636363636,-0.7129753532678406,0.9531053514174488,0.9676779487646848,0.8630032100667684,0.9722537836728304,1.3549298921417543,1.127327383265952,337.4013636363636,30.087273497688752,0.04066986568721587,40.858736647819704,5.534649585760427,3.8371569110032997,19,0,0
MATO GROSSO,SÃO FÉLIX DE BALSAS - MA,2110807,2110807,2015,8030.924902445637,8030.924902445637,352262.49747386604,43.86554147085301,2950.0,9587.0,3250.0,550.85,295.05,29.636337448559672,26.705166666666667,31.527,35.449876543209875,24.73930041152263,2.569683905320111,243,60.0,23,28,882.756,-436.1061363636363,-1.7541098590270918,-42.3513636363636,-0.3637949682646204,2.552252717332493,2.5912756344976966,1.0280003852080135,1.1581385242568116,1.439726502311245,1.197879772143497,337.4013636363636,30.087273497688752,0.04066986568721587,40.899406513506925,2.9661349573460853,3.7811290795336374,19,0,0
MATO GROSSO,SÃO FÉLIX DE BALSAS - MA,2110807,2110807,2016,9254.096541433511,9254.096541433511,223622.5680218993,24.16322199665632,1625.0,6086.0,3745.0,957.04,411.58,27.529214876033056,25.64457627118644,29.92830508474576,32.603305785123965,23.15450413223141,2.3237469302745395,242,59.0,7,14,418.9962711864407,-29.916136363636383,-0.1203289414292888,74.17863636363637,0.6371888020779437,0.4451301448058764,0.4519360056246473,-0.0325900102722123,-0.0367156928589447,-0.1589684129429898,-0.1322647363707382,337.4013636363636,30.087273497688752,0.04066986568721587,40.94007637919413,-16.776854382537813,3.1848317249636096,19,0,0
MATO GROSSO,SÃO FÉLIX DE BALSAS - MA,2110807,2110807,2017,9718.65465886729,9718.65465886729,420348.69835204206,43.255884792783526,2909.0,11440.0,3933.0,697.23,338.59,27.837107438016528,26.627627118644067,31.417288135593218,33.18495867768595,23.31793388429752,2.479975216720137,242,59.0,26,18,565.5111864406779,-289.7261363636364,-1.1653389618657477,1.1886363636363626,0.0102102952788037,0.7530227067893485,0.764536121002213,0.950460837185414,1.0707829755521656,1.3300146379044655,1.1065974189145638,337.4013636363636,30.087273497688752,0.04066986568721587,40.98074624488135,2.2751385479021735,3.7671332886949735,19,0,0
MATO GROSSO,SÃO FÉLIX DE BALSAS - MA,2110807,2110807,2018,6523.5820746019945,6523.5820746019945,302548.18026492256,46.37851655850527,3119.0,8234.0,2640.0,648.91,208.18,28.03471074380165,26.987627118644067,31.67322033898305,33.27632231404959,23.595950413223143,2.385926605452501,242,59.0,23,18,570.117966101695,-338.0461363636364,-1.3596920821747802,-129.2213636363636,-1.1100016114437037,0.950626012574471,0.9651607018283442,1.3104608371854134,1.476356625846165,1.585946841294298,1.3195378690546689,337.4013636363636,30.087273497688752,0.04066986568721587,41.02141611056857,5.357100447936695,3.836836346807575,19,0,0
MATO GROSSO,SÃO FÉLIX DE BALSAS - MA,2110807,2110807,2019,6825.0506401707225,6825.0506401707225,183388.14278627987,26.869502860281823,1807.0,4991.0,2762.0,874.77,268.08,28.397037037037038,26.7065,31.427833333333336,33.715308641975305,23.9238683127572,2.493834601428837,243,60.0,25,16,502.8453333333334,-112.18613636363636,-0.4512360442402178,-69.32136363636363,-0.59546520156196,1.312952305809855,1.3330268183075944,1.0293337185413485,1.159640648887532,1.3405598356445836,1.1153712235544466,337.4013636363636,30.087273497688752,0.04066986568721587,41.06208597625578,-14.192583115973957,3.290991920792,19,0,0
MATO GROSSO,SÃO FÉLIX DE BALSAS - MA,2110807,2110807,2020,6817.637478722311,6817.637478722311,288916.242582352,42.37857396336647,2850.0,7863.0,2759.0,722.11,256.64,28.270619834710743,26.82152542372881,31.618813559322035,33.81595041322314,23.529049586776857,2.277059695972863,242,59.0,26,23,727.2327118644068,-264.84613636363633,-1.065266411507951,-80.76136363636363,-0.6937339249183399,1.186535103483564,1.2046767478209,1.1443591422701616,1.2892275404939455,1.531540061633283,1.2742703958791917,337.4013636363636,30.087273497688752,0.04066986568721587,41.102755841943,1.2758181214234696,3.746642903462468,19,0,0
MATO GROSSO,SÃO FÉLIX DE BALSAS - MA,2110807,2110807,2021,11831.405671664526,11831.405671664526,527787.4740497144,44.60902522459628,3000.0,14364.0,4788.0,1518.5,401.4,27.00826446280992,25.335254237288137,29.348474576271187,31.72603305785124,22.950413223140497,2.40538354622668,242,59.0,0,17,498.9240677966102,531.5438636363637,2.1379803079231388,63.998636363636365,0.5497433821681582,-0.0758202684172602,-0.0769795298155525,-0.3419120441705168,-0.3851958773158885,-0.7387989214175654,-0.6146947230788794,337.4013636363636,30.087273497688752,0.04066986568721587,41.14342570763021,3.4655995169660727,3.7979361978500186,19,0,0
MATO GROSSO,SÃO FÉLIX DE BALSAS - MA,2110807,2110807,2022,12108.163699071883,12108.163699071883,527787.4740497144,43.58301764443056,2931.0,14364.0,4900.0,940.05,222.59,27.04851239669421,25.86322033898305,30.519152542372883,32.25938016528926,22.481322314049585,2.04731913002776,242,59.0,13,22,671.4213559322034,-46.90613636363639,-0.1886662658094723,-114.8113636363636,-0.9862208156774944,-0.035572334532965,-0.0361162212156692,0.186054057524398,0.2096072868393888,0.4318790446841305,0.3593315611050252,337.4013636363636,30.087273497688752,0.04066986568721587,41.18409557331743,2.398922071113134,3.774667570910664,19,0,0
MATO GROSSO,SÃO FÉLIX DE BALSAS - MA,2110807,2110807,2023,12132.874237233254,12132.874237233254,533519.5017545149,43.96962919637707,2957.0,14520.0,4910.0,781.51,325.11,29.28275720164609,27.727500000000003,32.51316666666666,34.982880658436216,24.35283950617284,2.306866728262035,243,60.0,34,23,747.8028333333333,-205.4461363636364,-0.8263472197373278,-12.2913636363636,-0.105581871753014,2.198672470418913,2.2322892878695937,2.0503337185413493,2.3098925848602385,2.425893168977911,2.018389153658513,337.4013636363636,30.087273497688752,0.04066986568721587,41.22476543900465,2.7448637573724213,3.7834991500522492,19,0,0
MATO GROSSO,SÃO FRANCISCO DO BREJÃO - MA,2110856,2110856,2023,61.776345403427975,61.776345403427975,2645.551248369496,42.82466421561243,2880.0,72.0,25.0,1107.05,431.87,28.48917695473251,26.42366666666667,30.71516666666667,33.617119341563786,24.187572016460905,2.712725928733939,243,60.0,18,17,522.1578333333333,-319.95204545454567,-0.8631849013009889,-63.56931818181812,-0.3875318476091548,2.185869740216674,2.477893681589628,1.5059447226502345,2.2659772086680654,2.0139340652285576,2.1545244897102056,495.4393181818181,28.70123260143811,,,,3.7571142033297633,1,0,0
MATO GROSSO,SÃO FRANCISCO DO MARANHÃO - MA,2110906,2110906,2013,741.3161448411357,741.3161448411357,22046.26040307913,29.739350149730857,2000.0,600.0,300.0,946.96,332.21,27.73012396694215,25.730677966101695,29.51457627118644,32.27020661157025,23.619090909090907,2.7340100928650446,242,59.0,7,17,501.7477966101695,-98.18795454545466,-0.3726591888549466,-37.25272727272733,-0.3336361349290591,0.0872039069915544,0.0955282865847234,-0.2108369928094475,-0.261722281888847,-0.2787944915254279,-0.2541568808882081,369.4627272727273,29.793370762711863,1.782401439400363,32.806998698314146,-3.067648548583289,3.3924710897418544,9,0,0
MATO GROSSO,SÃO FRANCISCO DO MARANHÃO - MA,2110906,2110906,2015,593.0529158729086,593.0529158729086,21164.409986955965,35.68722017967703,2400.0,576.0,240.0,564.15,320.8,29.78,26.7115,30.442166666666665,34.89641975308642,25.121728395061727,2.7737339454244645,243,60.0,17,20,608.8433333333332,-480.9979545454547,-1.825563109157318,-48.662727272727295,-0.4358243122313823,2.137079940049407,2.3410830088986154,0.7699850410888551,0.9558201304653716,0.6487959039547988,0.5914605499555128,369.4627272727273,29.793370762711863,1.782401439400363,36.37180157711509,-0.6845813974380661,3.574792646535809,9,0,0
MATO GROSSO,SÃO FRANCISCO DO MARANHÃO - MA,2110906,2110906,2017,1334.3690607140445,1334.3690607140445,59524.90308831365,44.60902522459628,3000.0,1620.0,540.0,802.67,459.3,28.367768595041323,26.506271186440674,30.708305084745763,33.2449173553719,23.996570247933885,2.7792971999199154,242,59.0,21,10,307.0830508474576,-242.47795454545476,-0.9202924969201206,89.8372727272727,0.8045843254874443,0.7248485350907288,0.7940417004179664,0.5647562275295286,0.7010595560597552,0.914934322033897,0.8340797991860387,369.4627272727273,29.793370762711863,1.782401439400363,39.93660445591604,4.67242076868024,3.7979361978500186,9,0,0
MATO GROSSO,SÃO FRANCISCO DO MARANHÃO - MA,2110906,2110906,2018,1655.6060568118698,1655.6060568118698,67608.531902776,40.83212775558047,2746.0,1840.0,670.0,821.27,230.12,28.455330578512395,27.18322033898305,31.624745762711864,33.182975206611566,24.31776859504132,2.754044497386327,242,59.0,21,18,569.2454237288135,-223.8779545454547,-0.8496986960329334,-139.3427272727273,-1.2479561192230302,0.8124105185618014,0.88996224503028,1.2417053800719025,1.5413896829755676,1.8313749999999975,1.669532834705197,369.4627272727273,29.793370762711863,1.782401439400363,41.71900589531606,-0.886878139735586,3.7094692165276886,9,0,0
MATO GROSSO,SÃO FRANCISCO DO MARANHÃO - MA,2110906,2110906,2019,1482.6322896822714,1482.6322896822714,79366.53745108486,53.53083026951554,3600.0,2160.0,600.0,943.48,353.48,28.991316872427983,26.5295,30.308333333333334,33.68078189300412,24.760864197530864,3.111796788097936,243,60.0,7,9,272.775,-101.66795454545468,-0.385867061279001,-15.982727272727288,-0.1431416098440086,1.3483968124773895,1.4771131429322617,0.587985041088853,0.7298946196285643,0.5149625706214671,0.4694543281942443,369.4627272727273,29.793370762711863,1.782401439400363,43.50140733471653,10.029422934799008,3.980257754643973,9,0,0
MATO GROSSO,SÃO FRANCISCO DO MARANHÃO - MA,2110906,2110906,2020,2223.9484345234077,2223.9484345234077,87633.88510223954,39.40463894839338,2650.0,2385.0,900.0,809.0,336.41,28.375950413223137,27.09220338983051,31.4271186440678,33.24479338842975,23.964462809917357,2.565028961687268,242,59.0,26,18,565.6881355932203,-236.1479545454547,-0.8962678324246423,-33.05272727272728,-0.2960208549404733,0.7330303532725431,0.803004545077348,1.150688430919363,1.428405887744277,1.63374788135593,1.48937040832914,369.4627272727273,29.793370762711863,1.782401439400363,45.283808774117006,-5.879169825723629,3.6738835491800397,9,0,0
MATO GROSSO,SÃO FRANCISCO DO MARANHÃO - MA,2110906,2110906,2021,2965.264579364543,2965.264579364543,131138.50563098234,44.222413672649786,2974.0,3569.0,1200.0,1315.04,330.85,27.008471074380164,25.669661016949156,29.350677966101696,31.35611570247934,23.06673553719008,1.987373978151914,242,59.0,1,11,322.85745762711866,269.89204545454527,1.0243389955835391,-38.61272727272728,-0.3458163208301244,-0.6344489855704296,-0.6950127191299905,-0.271853941961993,-0.3374656083008918,-0.4426927966101708,-0.4035711744608016,369.4627272727273,29.793370762711863,1.782401439400363,47.06621021351748,-2.843796540867693,3.789231757219872,9,0,0
MATO GROSSO,SÃO FRANCISCO DO MARANHÃO - MA,2110906,2110906,2022,1729.737671295983,1729.737671295983,77161.91141077696,44.60902522459628,3000.0,2100.0,700.0,990.69,295.71,27.567809917355373,26.015593220338985,29.994237288135597,32.279462809917355,23.217438016528924,2.308016104181829,242,59.0,1,11,329.9366101694916,-54.457954545454754,-0.2066878494572752,-73.75272727272733,-0.6605308300679557,-0.0751101425952214,-0.0822800660519792,0.0740782614278394,0.0919569728295988,0.2008665254237271,0.183115560487644,369.4627272727273,29.793370762711863,1.782401439400363,48.8486116529175,-4.239586428321218,3.7979361978500186,9,0,0
MATO GROSSO,SÃO FRANCISCO DO MARANHÃO - MA,2110906,2110906,2023,5078.01559216178,5078.01559216178,271830.39076996566,53.53083026951554,3600.0,7398.0,2055.0,867.4399999999999,301.36,29.39897119341564,28.01516666666667,32.3585,34.34786008230453,24.861481481481484,2.64419920449482,243,60.0,36,20,647.17,-177.70795454545475,-0.6744666644758675,-68.1027272727273,-0.6099293224642631,1.7560511334650428,1.923681652833784,2.0736517077555234,2.57412539215538,2.565129237288133,2.338443785087621,369.4627272727273,29.793370762711863,1.782401439400363,50.63101309231797,2.899817177197569,3.980257754643973,9,0,0
MATO GROSSO,SÃO JOÃO DO PARAÍSO - MA,2111052,2111052,2016,247.1053816137119,247.1053816137119,1763.7008322463305,7.137444035935404,480.0,48.0,100.0,1160.11,486.26,27.285123966942148,25.329322033898308,29.35796610169492,32.15896694214876,23.03099173553719,2.368256923548989,242,59.0,3,6,176.1477966101695,18.52272727272748,0.0658610823003313,92.33136363636362,0.7024938990103764,0.4192527969471271,0.4526279320957824,-0.0703891242937828,-0.0872024439479357,-0.2695315870570098,-0.2508080471219477,393.9286363636364,29.627497688751927,5.160775960497936,12.230973555426317,-5.093529519490913,1.9653547341017084,5,0,0
MATO GROSSO,SÃO JOÃO DO PARAÍSO - MA,2111052,2111052,2019,49.42107632274238,49.42107632274238,1837.188366923261,37.17418768716357,2500.0,50.0,20.0,617.3,207.22,28.41781893004115,26.900666666666663,31.768,33.57897119341563,23.9040329218107,2.387427766232737,243,60.0,28,12,381.216,-524.2872727272727,-1.8642031872352127,-186.7086363636364,-1.4205538916826412,1.551947760046129,1.6754924724782436,1.5009555084745756,1.8594774392961184,2.1405023112480706,1.9918081231443625,393.9286363636364,29.627497688751927,5.160775960497936,27.71330143691921,9.460886250244357,3.615614641056064,5,0,0
MATO GROSSO,SÃO JOÃO DO PARAÍSO - MA,2111052,2111052,2020,37.06580724205679,37.06580724205679,1249.2880895078174,33.70955339471992,2267.0,34.0,15.0,388.24,98.33,28.9348347107438,27.943050847457624,33.43033898305085,34.6002479338843,23.99103305785124,2.3411511189536087,242,59.0,44,32,1069.7708474576273,-753.3472727272726,-2.678669614861475,-295.5986363636364,-2.249032510979383,2.068963540748779,2.233665931032032,2.543339689265533,3.150848073746063,3.8028412942989256,3.538669470810761,393.9286363636364,29.627497688751927,5.160775960497936,32.87407739741684,0.8354759973030781,3.517781280707301,5,0,0
MATO GROSSO,SÃO JOÃO DO PARAÍSO - MA,2111052,2111052,2021,12.355269080685597,12.355269080685597,440.92520806158257,35.68722017967703,2400.0,12.0,5.0,1604.04,608.79,26.847809917355374,25.06762711864407,28.99949152542373,31.386942148760333,22.88809917355372,2.464876032549069,242,59.0,0,2,57.99898305084746,462.4527272727273,1.6443386917307277,214.8613636363636,1.6347510872042388,-0.0180612526396473,-0.019499040895782,-0.3320840395480218,-0.4114064514260225,-0.6280061633281981,-0.5843804843978339,393.9286363636364,29.627497688751927,5.160775960497936,38.03485335791447,-2.3476331782374444,3.574792646535809,5,0,0
MATO GROSSO,SÃO JOÃO DO PARAÍSO - MA,2111052,2111052,2023,2347.501125330263,2347.501125330263,106814.13165291838,45.501205729088205,3060.0,2907.0,950.0,1033.95,401.04,28.520246913580248,26.9845,31.323833333333333,33.691275720164604,23.910740740740746,2.212845280696867,243,60.0,24,15,469.8575,-107.6372727272726,-0.3827248100830152,7.111363636363649,0.0541060953877455,1.654375743585227,1.7860743617718515,1.58478884180791,1.9633354091787527,1.6963356445814064,1.5784963644755416,393.9286363636364,29.627497688751927,5.160775960497936,48.35640527891155,-2.8551995498233467,3.8177388251461983,5,0,0
MATO GROSSO,SÃO JOÃO DO SOTER - MA,2111078,2111078,2016,864.8688356479917,864.8688356479917,19290.47785269424,22.30451261229814,1500.0,525.0,350.0,1067.48,508.66,28.543181818181814,26.14915254237288,29.894745762711864,33.20797520661157,24.55012396694215,2.899119375521997,242,59.0,9,10,298.94745762711864,-108.03590909090894,-0.4092657529713337,84.73613636363638,0.6780599843461068,0.9357375026280544,1.0819361807252603,-0.00974197483308,-0.0118376334759186,-0.1732089753466894,-0.1489228151225796,423.9238636363637,30.067954738058557,3.1757377481320312,34.14449139066255,-11.839978778364411,3.104789017290073,8,0,0
MATO GROSSO,SÃO JOÃO DO SOTER - MA,2111078,2111078,2017,988.4215264548476,988.4215264548476,44092.52080615826,44.60902522459628,3000.0,1200.0,400.0,1008.99,507.13,28.3803305785124,26.20457627118644,30.130338983050848,33.11318181818182,24.346322314049587,2.7832507141052307,242,59.0,14,9,271.1730508474576,-166.52590909090895,-0.630839802680586,83.20613636363635,0.6658168986854918,0.7728862629586324,0.8936412285838116,0.0456817539804781,0.0555086488544149,0.0623842449922946,0.0536371591885107,423.9238636363637,30.067954738058557,3.1757377481320312,37.320229138795185,7.288796085801096,3.7979361978500186,8,0,0
MATO GROSSO,SÃO JOÃO DO SOTER - MA,2111078,2111078,2018,1235.5269080685596,1235.5269080685596,55115.65100769782,44.60902522459628,3000.0,1500.0,500.0,1218.4,346.95,27.97210743801653,26.424915254237288,30.303559322033895,32.39301652892562,24.23801652892562,2.7097851158904267,242,59.0,6,12,363.6427118644068,42.88409090909113,0.1624551494413925,-76.97386363636366,-0.615946147796398,0.3646631224627654,0.4216377187626076,0.2660207370313259,0.3232461627059002,0.2356045839753449,0.2025697446172392,423.9238636363637,30.067954738058557,3.1757377481320312,40.49596688692691,4.113058337669372,3.7979361978500186,8,0,0
MATO GROSSO,SÃO JOÃO DO SOTER - MA,2111078,2111078,2019,6004.660773213199,6004.660773213199,295530.1207032757,49.21862449780456,3310.0,8043.0,2430.0,1226.76,521.3,28.566543209876546,26.40483333333333,29.933,33.086666666666666,24.671316872427983,2.642598815009977,243,60.0,5,10,299.33,51.24409090909103,0.1941248204205227,97.3761363636363,0.7792054763396827,0.9590988943227784,1.1089475325580442,0.2459388161273707,0.2988442910908972,-0.1349547380585534,-0.1160323214520663,423.9238636363637,30.067954738058557,3.1757377481320312,43.67170463505863,5.546919862745931,3.8962720985708805,8,0,0
MATO GROSSO,SÃO JOÃO DO SOTER - MA,2111078,2111078,2020,8945.214814416371,8945.214814416371,425639.8008487811,47.58296023956937,3200.0,11584.0,3620.0,973.13,378.69,28.195289256198347,27.24271186440678,31.71,32.93929752066116,24.12342975206612,2.21799863971468,242,59.0,27,17,539.0699999999999,-202.38590909090897,-0.7666860229331726,-45.23386363636365,-0.3619621354644265,0.5878449406445831,0.6796892377973603,1.0838173472008172,1.316964242962373,1.642045261941444,1.411809073274374,423.9238636363637,30.067954738058557,3.1757377481320312,46.847442383191265,0.7355178563781024,3.8624747189875897,8,0,0
MATO GROSSO,SÃO JOÃO DO SOTER - MA,2111078,2111078,2021,12281.137466201482,12281.137466201482,619977.5863019236,50.48254687916812,3395.0,16873.0,4970.0,1498.77,395.11,27.350330578512395,25.721355932203387,29.093389830508475,31.728512396694217,23.69599173553719,2.144056702462985,242,59.0,3,12,349.1206779661017,323.254090909091,1.2245634810704404,-28.813863636363635,-0.2305690200740366,-0.2571137370413687,-0.297284926472709,-0.4375385850025743,-0.5316603142152665,-0.9745649075500786,-0.8379181809807308,423.9238636363637,30.067954738058557,3.1757377481320312,50.02318013132299,0.4593667478451309,3.921627670192568,8,0,0
MATO GROSSO,SÃO JOÃO DO SOTER - MA,2111078,2111078,2022,22476.705511583237,22476.705511583237,1044441.5865958736,46.46773460895446,3125.0,28425.0,9096.0,1189.57,342.11,27.298140495867766,25.988813559322036,29.879661016949157,31.80785123966942,23.418677685950414,2.03639566790901,242,59.0,3,10,298.79661016949154,14.054090909090974,0.0532402434212561,-81.81386363636364,-0.6546759089711534,-0.3093038196859972,-0.3576291346824656,-0.170080957883929,-0.2066681627863087,-0.1882937211093995,-0.1618924825424968,423.9238636363637,30.067954738058557,3.1757377481320312,53.19891787945471,-6.731183270500253,3.838758192370274,8,0,0
MATO GROSSO,SÃO JOÃO DO SOTER - MA,2111078,2111078,2023,23531.845491073786,23531.845491073786,1336664.7682386877,56.80215878598593,3820.0,36378.0,9523.0,959.86,375.98,29.617119341563782,28.396666666666665,32.87716666666667,34.47345679012346,25.356419753086417,2.677164053620228,243,60.0,36,17,558.9118333333333,-215.65590909090892,-0.8169559432553092,-47.94386363636363,-0.3836476009155808,2.0096750260100222,2.323664613241967,2.237772149460703,2.719153658453801,2.8092119286081143,2.4153237316188974,423.9238636363637,30.067954738058557,3.1757377481320312,56.374655627587344,0.42750315839858644,4.0395743318003925,8,0,0
MATO GROSSO,SÃO JOÃO DOS PATOS - MA,2111102,2111102,2014,1976.8430529096952,1976.8430529096952,92226.85601954767,46.66104038492771,3138.0,2510.0,800.0,768.46,245.53,27.65090909090909,26.416610169491523,30.67728813559322,32.312107438016525,23.615247933884294,2.2437267087523103,242,59.0,20,24,736.2549152542373,-193.9502272727273,-0.8128530666755016,-94.63090909090911,-0.8646402471217479,0.4711598323686807,0.5206162959209778,0.7853900873138144,0.9269353652675464,1.183769902413971,1.0471507383076224,340.1609090909091,29.49351823317925,0.8105324704442005,38.59437683567921,8.066663549248496,3.8429095634927495,10,0,0
MATO GROSSO,SÃO JOÃO DOS PATOS - MA,2111102,2111102,2015,2594.606506943975,2594.606506943975,111517.33387224191,42.973360966361085,2890.0,3035.0,1050.0,510.84,306.5,29.406008230452677,26.323500000000003,30.073666666666668,34.44991769547325,24.9919341563786,2.616359552071754,243,60.0,14,23,691.6943333333334,-451.5702272727273,-1.8925486668383225,-33.660909090909115,-0.3075588836069031,2.2262589719122623,2.459943781478537,0.6922799178222938,0.8170446111546026,0.5801484334874196,0.5131933657170437,340.1609090909091,29.49351823317925,0.8105324704442005,39.40490930612327,3.5684516602378125,3.7605804113062495,10,0,0
MATO GROSSO,SÃO JOÃO DOS PATOS - MA,2111102,2111102,2016,2817.0013503963155,2817.0013503963155,68600.61362091456,24.35652777262957,1638.0,1867.0,1140.0,670.96,308.24,28.13078512396694,25.79118644067797,29.553728813559324,32.92553719008264,24.042479338842973,2.6211949310380875,242,59.0,8,10,295.53728813559326,-291.45022727272726,-1.2214794195047656,-31.920909090909102,-0.2916605471706913,0.9510358654265296,1.0508637102131575,0.1599663585002595,0.1887959592845108,0.060210580380076,0.0532616630735035,340.1609090909091,29.49351823317925,0.8105324704442005,40.21544177656756,-15.85891400393799,3.1927998946127865,10,0,0
MATO GROSSO,SÃO JOÃO DOS PATOS - MA,2111102,2111102,2017,3632.449109721565,3632.449109721565,136098.91422167516,37.47158118866088,2520.0,3704.0,1470.0,835.48,472.01,27.69690082644628,26.14440677966101,30.23372881355932,32.378388429752064,23.55363636363636,2.5113146245842546,242,59.0,19,12,362.80474576271183,-126.93022727272728,-0.5319695982999398,131.84909090909088,1.2047018425755138,0.5171515679058665,0.5714356683576559,0.5131866974833059,0.6056746915524343,0.7402105803800723,0.6547827024217121,340.1609090909091,29.49351823317925,0.8105324704442005,41.025974247011845,-3.5543930583509677,3.623582810705241,10,0,0
MATO GROSSO,SÃO JOÃO DOS PATOS - MA,2111102,2111102,2018,3101.1725392520843,3101.1725392520843,145505.31866032226,46.913824861200425,3155.0,3960.0,1255.0,749.8,240.65,28.00198347107438,26.959830508474575,31.21186440677966,32.605619834710744,24.108305785123967,2.4485985897381304,242,59.0,19,22,686.6610169491526,-212.61022727272731,-0.8910578640477488,-99.51090909090912,-0.9092286849428476,0.8222342125339672,0.908542071502339,1.3286104262968692,1.5680564482419808,1.7183461736004126,1.520031435741387,340.1609090909091,29.49351823317925,0.8105324704442005,41.836506717455904,5.07731814374452,3.8483124051750854,10,0,0
MATO GROSSO,SÃO JOÃO DOS PATOS - MA,2111102,2111102,2019,4635.696959073235,4635.696959073235,187503.444728188,40.44551620363396,2720.0,5103.0,1876.0,771.94,253.66,28.600082304526747,26.6995,30.853166666666667,33.31872427983539,24.5338683127572,2.815226748610236,243,60.0,20,15,462.7975,-190.47022727272724,-0.7982682491591339,-86.50090909090912,-0.7903566406697932,1.420333045986336,1.5694218364458334,1.0682799178222917,1.2608084209737809,1.3596484334874184,1.2027310865581178,340.1609090909091,29.49351823317925,0.8105324704442005,42.64703918790019,-2.2015229842662336,3.6999557894898145,10,0,0
MATO GROSSO,SÃO JOÃO DOS PATOS - MA,2111102,2111102,2020,7413.161448411357,7413.161448411357,347228.6013484963,46.8394764858261,3150.0,9450.0,3000.0,604.59,240.11,28.31330578512397,27.08796610169492,31.42084745762712,33.269297520661155,24.033636363636365,2.3536608330207374,242,59.0,23,25,785.521186440678,-357.82022727272727,-1.499638712194799,-100.0509090909091,-0.9141626514230512,1.133556526583554,1.2525431064870376,1.4567460195172082,1.7192850094677743,1.9273292244478704,1.7048957033177443,340.1609090909091,29.49351823317925,0.8105324704442005,43.45757165834448,3.3819048274816197,3.8467263620194507,10,0,0
MATO GROSSO,SÃO JOÃO DOS PATOS - MA,2111102,2111102,2021,9711.241497418878,9711.241497418878,489390.23718101816,50.39332882871893,3389.0,13319.0,3930.0,957.5,262.22,27.20995867768595,25.63813559322034,29.529661016949152,31.753305785123967,23.35512396694215,2.1867802546444457,242,59.0,8,14,413.41525423728814,-4.9102272727272975,-0.0205789565335111,-77.94090909090914,-0.7121441349836023,0.0302094191455388,0.0333804259552584,0.0069155110426315,0.008161844487034,0.0361427837699039,0.0319715365561916,340.1609090909091,29.49351823317925,0.8105324704442005,44.268104128788536,6.125224699930392,3.9198588018068232,10,0,0
MATO GROSSO,SÃO JOÃO DOS PATOS - MA,2111102,2111102,2022,12698.745561128657,12698.745561128657,473590.41722547816,37.29314508776249,2508.0,12889.0,5139.0,788.25,273.05,27.45223140495868,26.04,30.16050847457627,32.35161157024793,23.18388429752066,2.1350067731352294,242,59.0,7,16,482.5681355932204,-174.1602272727273,-0.7299123946499516,-67.1109090909091,-0.6131906961306288,0.272482146418266,0.3010839125646673,0.4087799178222902,0.4824514194425297,0.6669902413970235,0.5900127400591946,340.1609090909091,29.49351823317925,0.8105324704442005,45.07863659923282,-7.785491511470333,3.618809531952583,10,0,0
MATO GROSSO,SÃO JOÃO DOS PATOS - MA,2111102,2111102,2023,13430.177490705242,13430.177490705242,659036.2109827121,49.06992774705591,3300.0,17936.0,5435.0,714.61,237.55,29.143580246913583,27.927833333333336,32.42733333333334,34.14045267489712,24.70534979423868,2.3983885647194025,243,60.0,34,23,745.8286666666668,-247.80022727272728,-1.0385405446227414,-102.6109090909091,-0.9375533073292016,1.9638309883731715,2.169969392003789,2.2966132511556268,2.710515547909671,2.9338151001540886,2.595222806323773,340.1609090909091,29.49351823317925,0.8105324704442005,45.88916906967688,3.180758677379025,3.8932463776543433,10,0,0
MATO GROSSO,SÃO PEDRO DA ÁGUA BRANCA - MA,2111532,2111532,2023,1482.6322896822714,1482.6322896822714,72752.65933016113,49.06992774705591,3300.0,1980.0,600.0,898.43,377.14,28.988024691358024,26.96283333333333,31.676666666666662,34.5098353909465,24.435843621399176,2.631351074776353,243,60.0,26,14,443.4733333333333,-567.0595454545456,-1.5958525034649245,-132.97318181818184,-0.87193810574551,2.2316231727282023,2.7032184913668984,1.6634135208012282,2.4851320412490248,2.4769883795582928,2.477336571329995,510.1131818181818,29.199678287108373,,,,3.8932463776543433,1,0,0
MATO GROSSO,SÃO PEDRO DOS CRENTES - MA,2111573,2111573,2005,247.1053816137119,247.1053816137119,9185.941834616304,37.17418768716357,2500.0,250.0,100.0,1572.08,429.15,27.271776859504133,25.533220338983053,29.733050847457623,32.24785123966942,22.779049586776857,2.654765179346485,242,59.0,3,18,535.1949152542372,349.3422727272728,1.273113892449608,12.341136363636338,0.0933161064932461,0.6218378539759364,0.7107722359780688,0.2978585002568081,0.3954691088236208,0.3122904468412919,0.3187822327962934,416.8088636363637,29.42076040061633,0.4299423068576422,38.03013314134171,-0.8559454541781406,3.615614641056064,19,0,0
MATO GROSSO,SÃO PEDRO DOS CRENTES - MA,2111573,2111573,2006,1235.5269080685596,1235.5269080685596,41887.894765850346,33.902859170693176,2280.0,1140.0,500.0,1083.72,297.87,26.34247933884297,26.258474576271187,30.793559322033897,31.222851239669424,21.95537190082645,1.1859494023981496,242,59.0,22,11,338.72915254237284,-139.01772727272714,-0.5066246306408215,-118.93886363636364,-0.8993427621446581,-0.3074596666852223,-0.351432119105737,1.0231127375449418,1.358394949931415,1.3727989214175622,1.4013361912804114,416.8088636363637,29.42076040061633,0.4299423068576422,38.46007544819929,-4.5572162775061145,3.5234993521482583,19,0,0
MATO GROSSO,SÃO PEDRO DOS CRENTES - MA,2111573,2111573,2007,1235.5269080685596,1235.5269080685596,49604.08590692804,40.148122702136654,2700.0,1350.0,500.0,1341.87,433.61,26.96333333333333,25.2055,29.259666666666664,31.8822633744856,22.646378600823045,2.6337648633414354,243,60.0,3,8,234.0773333333333,119.13227272727272,0.4341557357605918,16.801136363636374,0.1270398919451435,0.3133943278051383,0.3582155471762611,-0.0298618387262479,-0.039647801686781,-0.16109373394967,-0.1644424948550099,416.8088636363637,29.42076040061633,0.4299423068576422,38.89001775505699,1.2581049470796657,3.6925756821921922,19,0,0
MATO GROSSO,SÃO PEDRO DOS CRENTES - MA,2111573,2111573,2008,1297.3032534719875,1297.3032534719875,52065.91831860521,40.13325302706179,2699.0,1417.0,525.0,1411.85,374.72,26.70380165289256,25.404067796610168,29.61084745762712,31.492685950413225,22.46789256198347,2.179306584377462,242,59.0,0,12,355.3301694915254,189.11227272727277,0.6891850212177717,-42.08886363636367,-0.318250180983606,0.0538626473643653,0.0615660080165361,0.1687059578839225,0.2239922471914251,0.190087057010782,0.1940385211026608,416.8088636363637,29.42076040061633,0.4299423068576422,39.31996006191457,0.8132929651472196,3.6922052432177765,19,0,0
MATO GROSSO,SÃO PEDRO DOS CRENTES - MA,2111573,2111573,2009,2510.5906771953128,2510.5906771953128,111995.00284764195,44.60902522459628,3000.0,3048.0,1016.0,1159.02,383.03,26.43388429752066,25.42050847457627,29.567966101694918,31.122396694214878,22.27280991735537,1.520403076005948,242,59.0,0,13,384.3835593220339,-63.71772727272719,-0.2322075801274516,-33.77886363636367,-0.2554150560721115,-0.2160547080075368,-0.2469545508081087,0.1851466358500246,0.2458206665855497,0.1472057010785796,0.1502657623530243,416.8088636363637,29.42076040061633,0.4299423068576422,39.74990236877227,4.859122855824012,3.7979361978500186,19,0,0
MATO GROSSO,SÃO PEDRO DOS CRENTES - MA,2111573,2111573,2010,2989.975117525914,2989.975117525914,120041.88789476584,40.148122702136654,2700.0,3267.0,1210.0,1568.14,645.9,26.45909090909091,24.55728813559322,28.45152542372881,31.166280991735537,22.32099173553719,2.421214331316888,242,59.0,0,3,85.35457627118645,345.40227272727293,1.2587552844944605,229.09113636363637,1.7322467111342104,-0.1908480964372856,-0.2181429248309108,-0.6780737031330233,-0.9002838692316953,-0.9692349768875204,-0.9893830988480116,416.8088636363637,29.42076040061633,0.4299423068576422,40.17984467562985,-0.03172197349319816,3.6925756821921922,19,0,0
MATO GROSSO,SÃO PEDRO DOS CRENTES - MA,2111573,2111573,2011,3170.362046103924,3170.362046103924,131983.61227976705,41.6350902096232,2800.0,3592.0,1283.0,1358.91,506.27,25.7641975308642,24.239500000000003,28.09916666666667,30.35621399176955,21.75777777777778,1.669803668518801,243,60.0,0,7,196.6941666666667,136.1722727272729,0.4962548930082396,89.46113636363634,0.6764502621099067,-0.8857414746639982,-1.0124189841775126,-0.995861838726242,-1.3222137140050194,-1.3215937339496655,-1.34906656805987,416.8088636363637,29.42076040061633,0.4299423068576422,40.60978698248755,1.0253032271356517,3.7289433263630674,19,0,0
MATO GROSSO,SÃO PEDRO DOS CRENTES - MA,2111573,2111573,2012,3802.9518230350254,3802.9518230350254,158328.8934614466,41.6350902096232,2800.0,4309.0,1539.0,1237.1,460.6,26.663760330578512,25.3635593220339,29.25237288135593,31.28818181818182,22.541570247933887,1.955878974969273,242,59.0,0,11,321.77610169491527,14.36227272727274,0.0523406709227994,43.791136363636326,0.3311217236372291,0.0138213250503156,0.0157980316691571,0.1281974833076553,0.170208822086321,-0.1683875192603992,-0.1718879008557662,416.8088636363637,29.42076040061633,0.4299423068576422,41.03972928934513,0.5953609202780683,3.7289433263630674,19,0,0
MATO GROSSO,SÃO PEDRO DOS CRENTES - MA,2111573,2111573,2013,3706.5807242056794,3706.5807242056794,165346.95302309346,44.60902522459628,3000.0,4500.0,1500.0,1228.78,370.56,26.380537190082645,24.88949152542373,28.99271186440678,31.051694214876036,22.31400826446281,2.1053153735871986,242,59.0,1,13,376.90525423728815,6.0422727272728025,0.0220199556469532,-46.24886363636364,-0.3497055503737161,-0.2694018154455513,-0.3079312870975453,-0.345870313302516,-0.4592147763195022,-0.4280485362095554,-0.4369466613476463,416.8088636363637,29.42076040061633,0.4299423068576422,41.46967159620283,3.139353628393451,3.7979361978500186,19,0,0
MATO GROSSO,SÃO PEDRO DOS CRENTES - MA,2111573,2111573,2014,3953.6861058193904,3953.6861058193904,176370.08322463304,44.60902522459628,3000.0,4800.0,1600.0,958.75,325.08,27.096528925619836,25.373050847457627,29.69152542372881,31.975289256198344,22.722809917355374,2.198816434079502,242,59.0,7,18,534.4474576271186,-263.9877272727272,-0.962054893624299,-91.72886363636366,-0.6935974253405953,0.4465899200916361,0.5104605871759663,0.1376890087313818,0.1828107961695234,0.2707650231124781,0.276393592900399,416.8088636363637,29.42076040061633,0.4299423068576422,41.89961390306041,2.7094113215358675,3.7979361978500186,19,0,0
MATO GROSSO,SÃO PEDRO DOS CRENTES - MA,2111573,2111573,2015,4200.791487433103,4200.791487433103,168653.89208355534,40.148122702136654,2700.0,4590.0,1700.0,822.5600000000001,429.6,28.981687242798355,26.24683333333333,30.69783333333333,34.21411522633745,24.283786008230454,2.719190150639056,243,60.0,16,24,736.7479999999999,-400.1777272727271,-1.4583743904292903,12.791136363636385,0.0967187305859266,2.3317482372701583,2.665231615839466,1.0114714946070862,1.342938778741861,1.2770729327169974,1.3036202837870672,416.8088636363637,29.42076040061633,0.4299423068576422,42.32955620991811,-2.181433507781456,3.6925756821921922,19,0,0
MATO GROSSO,SÃO PEDRO DOS CRENTES - MA,2111573,2111573,2016,3953.6861058193904,3953.6861058193904,121695.3574249968,30.780227404971438,2070.0,3312.0,1600.0,1204.81,530.66,27.21219008264463,25.329830508474576,29.376610169491524,32.137933884297524,22.87061983471074,2.3135108662018435,242,59.0,4,7,205.63627118644067,-17.927727272727225,-0.0653343166080997,113.85113636363631,0.8608724879331735,0.5622510771164322,0.6426634414549309,0.0944686697483305,0.1254268070406405,-0.04415023112481,-0.0450680108815241,416.8088636363637,29.42076040061633,0.4299423068576422,42.75949851677569,-11.979271111804255,3.426872516459187,19,0,0
MATO GROSSO,SÃO PEDRO DOS CRENTES - MA,2111573,2111573,2017,3706.5807242056794,3706.5807242056794,165346.95302309346,44.60902522459628,3000.0,4500.0,1500.0,1115.51,485.73,27.16896694214876,25.545593220338983,29.788813559322037,32.04429752066116,22.89206611570248,2.694357899116079,242,59.0,10,13,387.2545762711864,-107.22772727272718,-0.390771801479865,68.92113636363638,0.5211393757462373,0.5190279366205637,0.593258587730102,0.3102313816127378,0.4118966821820818,0.368053158705699,0.3757041206564943,416.8088636363637,29.42076040061633,0.4299423068576422,43.18944082363339,1.41958440096289,3.7979361978500186,19,0,0
MATO GROSSO,SÃO PEDRO DOS CRENTES - MA,2111573,2111573,2018,3583.0280333988226,3583.0280333988226,159835.3879223237,44.60902522459628,3000.0,4350.0,1450.0,1025.69,300.6,27.23190082644628,25.8335593220339,30.036101694915256,32.01756198347108,22.995082644628106,2.434309163224136,242,59.0,8,16,480.5776271186441,-197.04772727272712,-0.7181043310563706,-116.20886363636362,-0.8787001759823981,0.5819618209180852,0.6651931883256224,0.5981974833076542,0.7942315744564807,0.615341294298922,0.6281327966079642,416.8088636363637,29.42076040061633,0.4299423068576422,43.619383130490974,0.9896420941053066,3.7979361978500186,19,0,0
MATO GROSSO,SÃO PEDRO DOS CRENTES - MA,2111573,2111573,2019,783.3240597154668,783.3240597154668,35053.55404089581,44.74285230027007,3009.0,954.0,317.0,813.13,261.81,28.10053497942387,26.671333333333333,31.413166666666665,33.215144032921806,23.634074074074075,2.357283622360859,243,60.0,20,13,408.3711666666666,-409.6077272727272,-1.4927402972864097,-154.99886363636364,-1.1720063727714316,1.4505959738956733,1.6580581855451195,1.435971494607088,1.906550817850658,1.992406266050331,2.0338237194032214,416.8088636363637,29.42076040061633,0.4299423068576422,44.04932543734867,0.6935268629214022,3.800931706829817,19,0,0
MATO GROSSO,SÃO PEDRO DOS CRENTES - MA,2111573,2111573,2020,4077.2387966262463,4077.2387966262463,181881.6483254028,44.60902522459628,3000.0,4950.0,1650.0,571.37,143.76,28.402685950413225,27.32,32.48033898305085,33.879008264462804,23.57586776859504,2.406139065779072,242,59.0,38,21,682.0871186440678,-651.3677272727272,-2.373790312321102,-273.04886363636365,-2.064628093084538,1.7527469448850257,2.003422366705691,2.0846381612737552,2.7677907299870657,3.059578582434515,3.123180045337304,416.8088636363637,29.42076040061633,0.4299423068576422,44.47926774420637,0.12975748038991242,3.7979361978500186,19,0,0
MATO GROSSO,SÃO PEDRO DOS CRENTES - MA,2111573,2111573,2021,4163.725680191045,4163.725680191045,189156.91425841887,45.42685735371388,3055.0,5148.0,1685.0,1709.49,626.12,26.730619834710744,24.98237288135593,28.87593220338983,31.28677685950413,22.75227272727273,2.452176277080997,242,59.0,0,2,57.75186440677966,486.7522727272728,1.77387945567726,209.3111363636364,1.582682478793734,0.0806808291825476,0.092219688769322,-0.252988957370313,-0.3358954585052768,-0.5448281972265043,-0.5561538976263033,416.8088636363637,29.42076040061633,0.4299423068576422,44.90921005106395,0.5176473026499266,3.8161035018054674,19,0,0
MATO GROSSO,SÃO PEDRO DOS CRENTES - MA,2111573,2111573,2022,4695.002250660526,4695.002250660526,222005.84225900684,47.285566738072056,3180.0,6042.0,1900.0,1853.07,413.83,26.39392561983471,25.366610169491523,29.579830508474576,31.123512396694217,22.15772727272727,2.0649708091344565,242,59.0,2,14,414.11762711864407,630.3322727272728,2.2971304531900043,-2.978863636363656,-0.0225243403953331,-0.2560133856934854,-0.2926280628080195,0.1312483307652776,0.1742594566130592,0.1590701078582412,0.1623768023232804,416.8088636363637,29.42076040061633,0.4299423068576422,45.33915235792165,1.946414380150408,3.856205105973994,19,0,0
MATO GROSSO,SÃO PEDRO DOS CRENTES - MA,2111573,2111573,2023,4299.633640078587,4299.633640078587,194668.4793591887,45.27816060296522,3045.0,5298.0,1740.0,1035.7,400.97,28.143539094650205,26.7415,30.992166666666662,33.23773662551441,23.45641975308642,1.9204320669782904,243,60.0,22,18,557.859,-187.03772727272712,-0.6816247204901179,-15.83886363636367,-0.1197637755772608,1.4936000891220085,1.7072126893120507,1.5061381612737534,1.9997116613782584,1.5714062660503316,1.6040721168015435,416.8088636363637,29.42076040061633,0.4299423068576422,45.76909466477923,-0.4909340618140092,3.812824810343769,19,0,0
MATO GROSSO,SÃO RAIMUNDO DAS MANGABEIRAS - MA,2111607,2111607,1984,,98.84215264548476,734.8753467693043,7.434837537432714,500.0,20.0,40.0,1629.53,739.25,25.56504132231405,23.892881355932204,27.791016949152542,30.239256198347107,21.63702479338843,1.9247644136563624,242,59.0,0,0,0.0,602.3772727272726,2.583752960672367,385.69954545454544,3.234273683647423,-1.2237487476154278,-1.3208027444310275,-1.504094375963021,-1.8784867740729936,-2.044361389316901,-1.9421761823356336,353.55045454545456,29.835378338469443,0.6671866976860535,21.23286238315268,-13.798024845719965,2.0061767286219636,40,1,0
MATO GROSSO,SÃO RAIMUNDO DAS MANGABEIRAS - MA,2111607,2111607,1985,,1334.3690607140445,23809.96123532546,17.843610089838513,1200.0,648.0,540.0,1164.32,313.42,24.66466942148761,24.08457627118644,28.22949152542373,29.30603305785124,20.81309917355372,1.0741346484316965,242,59.0,0,8,225.83593220338983,137.16727272727258,0.5883461462811573,-40.13045454545454,-0.3365129012434077,-2.1241206484418704,-2.2925820250533158,-1.3123994607087823,-1.6390760238455866,-1.6058868130457142,-1.5256182865331904,353.55045454545456,29.835378338469443,0.6671866976860535,21.9000490808387,-4.056438991000185,2.8816454659758635,40,1,0
MATO GROSSO,SÃO RAIMUNDO DAS MANGABEIRAS - MA,2111607,2111607,1986,,1532.0533660050137,41006.04434972718,26.76541513475777,1800.0,1116.0,620.0,744.38,159.66,25.71760330578512,25.54135593220339,30.329830508474576,30.724586776859507,21.63537190082645,1.422241830837226,242,59.0,16,20,606.5966101694916,-282.77272727272737,-1.212885851387518,-193.89045454545456,-1.6258634526202818,-1.071186764144354,-1.1561412590917512,0.1443802003081664,0.1803186695271362,0.4944521700051325,0.4697375096724045,353.55045454545456,29.835378338469443,0.6671866976860535,22.56723577852472,4.198179356233052,3.287110574084028,40,1,0
MATO GROSSO,SÃO RAIMUNDO DAS MANGABEIRAS - MA,2111607,2111607,1987,,741.3161448411357,14881.225772078413,20.074061351068327,1350.0,405.0,300.0,1151.2,320.79,27.11139917695473,25.466,29.869333333333334,32.1464609053498,22.86111111111111,2.4726473284869592,243,60.0,6,4,119.47733333333332,124.04727272727268,0.5320710502926522,-32.760454545454536,-0.27471195454955,0.3226091070252543,0.3481948355556602,0.0690242681047763,0.0862054780584317,0.0339549948638904,0.0322577909368617,353.55045454545456,29.835378338469443,0.6671866976860535,23.23442247621074,-3.160361125142412,2.999428501632247,40,1,0
MATO GROSSO,SÃO RAIMUNDO DAS MANGABEIRAS - MA,2111607,2111607,1988,2132.5194433263337,2132.5194433263337,57063.07067663648,26.76541513475777,1800.0,1553.0,863.0,1060.32,289.72,26.016776859504134,24.687966101694915,28.89830508474576,30.841652892561985,21.988305785123966,2.1546626907703117,242,59.0,0,8,231.1864406779661,33.167272727272575,0.1422630683234913,-63.83045454545453,-0.5352486456999107,-0.7720132104253423,-0.8332406215358527,-0.7090096302003097,-0.8854931141996443,-0.937073253723682,-0.8902346542036825,353.55045454545456,29.835378338469443,0.6671866976860535,23.90160917389676,2.8638059608610114,3.287110574084028,40,1,0
MATO GROSSO,SÃO RAIMUNDO DAS MANGABEIRAS - MA,2111607,2111607,1989,5831.687006083601,5831.687006083601,155793.57351509252,26.72080610953317,1797.0,4240.0,2360.0,1149.38,269.67,25.97690082644628,24.92101694915254,29.514406779661016,30.936859504132237,21.862727272727277,1.8509508329435524,242,59.0,4,26,767.3745762711865,122.22727272727276,0.5242645964283934,-83.88045454545454,-0.7033774084152224,-0.811889243483197,-0.8762791733647844,-0.4759587827426834,-0.594432299378529,-0.3209715588084272,-0.304928140387725,353.55045454545456,29.835378338469443,0.6671866976860535,24.56879587158278,2.1520102379503925,3.285442516983331,40,1,0
MATO GROSSO,SÃO RAIMUNDO DAS MANGABEIRAS - MA,2111607,2111607,1990,3706.5807242056794,3706.5807242056794,14881.225772078413,4.014812270213666,270.0,405.0,1500.0,988.53,356.14,26.557107438016526,25.230677966101695,29.42677966101695,31.47086776859504,22.51979338842975,2.0627918631230973,242,59.0,7,7,205.98745762711863,-38.62272727272739,-0.1656629332782473,2.58954545454543,0.0217145672452759,-0.2316826319129497,-0.2500570943699894,-0.1662977657935265,-0.2076918567034839,-0.4085986774524919,-0.3881753116787399,353.55045454545456,29.835378338469443,0.6671866976860535,25.2359825692688,-21.22117029905513,1.3899905891981468,40,1,0
MATO GROSSO,SÃO RAIMUNDO DAS MANGABEIRAS - MA,2111607,2111607,1991,889.5793738093629,889.5793738093629,23809.96123532546,26.76541513475777,1800.0,648.0,360.0,940.8,486.57,26.97851851851852,24.92866666666667,29.061333333333334,32.15777777777778,22.758189300411523,2.5276226594450266,243,60.0,9,13,377.7973333333333,-86.3527272727274,-0.3703893304986262,133.01954545454544,1.115431999712014,0.1897284485890402,0.2047755767524564,-0.4683090652285564,-0.5848784486326397,-0.7740450051361094,-0.7353551974162139,353.55045454545456,29.835378338469443,0.6671866976860535,25.903169266955047,0.8622458678027236,3.287110574084028,40,1,0
MATO GROSSO,SÃO RAIMUNDO DAS MANGABEIRAS - MA,2111607,2111607,1992,11984.611008265028,11984.611008265028,320773.08886480134,26.76541513475777,1800.0,8730.0,4850.0,804.31,268.08,26.673181818181817,25.023220338983048,29.4571186440678,31.91334710743801,22.37731404958678,2.140795262711141,242,59.0,8,14,412.3996610169492,-222.84272727272744,-0.9558304777144132,-85.47045454545457,-0.7167103127901527,-0.1156082517476591,-0.1247769989425697,-0.3737553929121766,-0.4667889020424343,-0.3782596944016454,-0.3593527900905547,353.55045454545456,29.835378338469443,0.6671866976860535,26.570355964641067,0.19505917011670348,3.287110574084028,40,1,0
MATO GROSSO,SÃO RAIMUNDO DAS MANGABEIRAS - MA,2111607,2111607,1993,29304.227205570096,29304.227205570096,1042751.3732983044,35.58313245415297,2393.0,28379.0,11859.0,1054.66,294.02,26.33747933884297,24.87084745762712,29.074237288135595,31.3252479338843,22.2502479338843,2.089132086062368,242,59.0,1,5,145.37118644067797,27.50727272727272,0.117985854657719,-59.530454545454575,-0.4991911055664528,-0.451310731086501,-0.4871036259458959,-0.5261282742681033,-0.6570897547872881,-0.7611410503338476,-0.7230962329269353,353.55045454545456,29.835378338469443,0.6671866976860535,27.237542662327087,8.34558979182588,3.571871718108145,40,1,0
MATO GROSSO,SÃO RAIMUNDO DAS MANGABEIRAS - MA,2111607,2111607,1994,36729.74392306214,36729.74392306214,1252888.9787069869,34.09616494666642,2293.0,34098.0,14864.0,1100.09,401.38,26.60297520661157,24.60322033898305,28.74237288135593,31.5251652892562,22.57731404958678,2.4285928663705723,242,59.0,0,11,316.16610169491526,72.93727272727256,0.3128469530386487,47.82954545454544,0.4010734313470565,-0.1858148633179048,-0.200551609882825,-0.7937553929121748,-0.9913334104982328,-1.093005457113513,-1.0383727539865388,353.55045454545456,29.835378338469443,0.6671866976860535,27.904729360013107,6.191435586653313,3.529184913057676,40,1,0
MATO GROSSO,SÃO RAIMUNDO DAS MANGABEIRAS - MA,2111607,2111607,1995,36981.79141230812,36981.79141230812,1017324.6863000864,27.49402921342617,1849.0,27687.0,14966.0,1161.27,363.81,26.269300411522632,24.954,29.10666666666667,31.19851851851852,22.19506172839506,2.131687320145148,243,60.0,0,4,116.42666666666668,134.11727272727262,0.575263902167976,10.259545454545446,0.0860311562740262,-0.5194896584068438,-0.5606897395109097,-0.4429757318952241,-0.5532392560591165,-0.728711671802774,-0.6922878020300658,353.55045454545456,29.835378338469443,0.6671866976860535,28.571916057699127,-1.0778868442729568,3.3139688615868965,40,1,0
MATO GROSSO,SÃO RAIMUNDO DAS MANGABEIRAS - MA,2111607,2111607,1996,12824.769305751648,12824.769305751648,411126.0127500873,32.04414978633499,2155.0,11189.0,5190.0,1234.58,350.44,25.89706611570248,24.588983050847457,28.880677966101697,30.756611570247934,21.97590909090909,1.9534824919187253,242,59.0,1,12,346.56813559322035,207.42727272727257,0.8897095795244805,-3.1104545454545587,-0.0260826371176804,-0.8917239542269968,-0.9624454760937864,-0.807992681047768,-1.0091145802763957,-0.9547003723677464,-0.9069807002660892,353.55045454545456,29.835378338469443,0.6671866976860535,29.239102755385147,2.8050470309498436,3.4671146327376197,40,1,0
MATO GROSSO,SÃO RAIMUNDO DAS MANGABEIRAS - MA,2111607,2111607,1997,22239.484345234072,22239.484345234072,661387.8120923738,29.739350149730857,2000.0,18000.0,9000.0,663.02,258.44,28.13793388429752,26.41813559322034,30.999152542372883,33.75756198347107,23.389628099173557,2.0865586101964277,242,59.0,21,16,495.9864406779661,-364.1327272727274,-1.561860074682092,-95.11045454545456,-0.7975462864846965,1.3491438143680448,1.45614273854967,1.021159861325117,1.2753423750323267,1.16377420390344,1.1056042010229472,353.55045454545456,29.835378338469443,0.6671866976860535,29.906289453071395,-0.16693930334053775,3.3924710897418544,40,1,0
MATO GROSSO,SÃO RAIMUNDO DAS MANGABEIRAS - MA,2111607,2111607,1998,22239.484345234072,22239.484345234072,619058.992118462,27.83603174014808,1872.0,16848.0,9000.0,982.56,297.28,26.819669421487603,25.30864406779661,29.82372881355932,31.91586776859504,22.517314049586776,2.4184676517126618,242,59.0,3,7,208.76610169491525,-44.592727272727416,-0.1912698176571635,-56.27045454545458,-0.4718544588606216,0.0308793515581271,0.0333283546673275,-0.0883316640986144,-0.1103187841087872,-0.0116495249101227,-0.0110672359271694,353.55045454545456,29.835378338469443,0.6671866976860535,30.573476150757415,-2.737444410609335,3.326331287237309,40,1,0
MATO GROSSO,SÃO RAIMUNDO DAS MANGABEIRAS - MA,2111607,2111607,1999,28726.00061259401,28726.00061259401,1049071.3012805204,36.51992198386949,2456.0,28551.0,11625.0,1415.52,452.6,26.07506172839506,24.81383333333333,28.969,30.918024691358024,21.93259259259259,2.3482593114250694,243,60.0,0,1,28.969,388.3672727272726,1.66580834996352,99.04954545454548,0.8305774326576932,-0.7137283415344164,-0.7703332519144784,-0.5831423985618933,-0.7282955781271072,-0.8663783384694419,-0.8230733483129962,353.55045454545456,29.835378338469443,0.6671866976860535,31.240662848443435,5.279259135426052,3.5978579194668048,40,1,0
MATO GROSSO,SÃO RAIMUNDO DAS MANGABEIRAS - MA,2111607,2111607,2000,29776.198484452285,29776.198484452285,1119729.565872389,37.5905385892598,2528.0,30474.0,12050.0,930.93,231.16,26.358512396694216,25.028813559322035,29.618305084745764,31.59219008264463,22.00921487603306,1.857993010432656,242,59.0,2,20,592.3661016949153,-96.2227272727274,-0.4127243303009548,-122.39045454545456,-1.026302029470916,-0.4302776732352598,-0.4644024623387187,-0.3681621725731894,-0.4598034424867223,-0.2170732537236794,-0.2062230804237116,353.55045454545456,29.835378338469443,0.6671866976860535,31.907849546129455,5.682689043130345,3.62675238546652,40,1,0
MATO GROSSO,SÃO RAIMUNDO DAS MANGABEIRAS - MA,2111607,2111607,2001,34957.998336891826,34957.998336891826,1209421.1019455823,34.58686422413698,2326.0,32915.0,14147.0,1131.58,505.73,26.813553719008265,25.122881355932204,29.583898305084748,32.07756198347108,22.354545454545452,2.1957298655186306,242,59.0,7,13,384.59067796610174,104.42727272727257,0.4479157619317921,152.17954545454546,1.276097690167145,0.024763649078789,0.0267276234023735,-0.2740943759630205,-0.3423207135952907,-0.2514800333846949,-0.2389100741801447,353.55045454545456,29.835378338469443,0.6671866976860535,32.575036243815475,2.011827980321506,3.5434739632783816,40,1,0
MATO GROSSO,SÃO RAIMUNDO DAS MANGABEIRAS - MA,2111607,2111607,2002,37676.157534642654,37676.157534642654,1288383.4579559444,34.18538299711562,2299.0,35064.0,15247.0,974.66,333.11,27.23987603305785,25.67542372881356,30.10542372881356,32.488471074380165,22.787148760330577,2.219910371897296,242,59.0,11,14,421.47593220338985,-52.49272727272739,-0.2251549745404861,-20.440454545454543,-0.1714029093299671,0.4510859631283743,0.4868610319195222,0.2784479969183344,0.3477580182715002,0.2700453903441158,0.2565474617240341,353.55045454545456,29.835378338469443,0.6671866976860535,33.242222941501495,0.943160055614122,3.5317981549629534,40,1,0
MATO GROSSO,SÃO RAIMUNDO DAS MANGABEIRAS - MA,2111607,2111607,2003,42551.54671388119,42551.54671388119,1505869.8168323198,35.374957003104846,2379.0,40983.0,17220.0,1117.25,690.89,27.33271604938272,25.32633333333333,29.592666666666663,32.57172839506173,22.831234567901237,2.455913598003204,243,60.0,6,5,147.96333333333334,90.09727272727264,0.3864506609016639,337.33954545454543,2.828752139262761,0.5439259794532418,0.5870640749002384,-0.070642398561894,-0.0882263862613987,-0.2427116718027768,-0.2305799897285897,353.55045454545456,29.835378338469443,0.6671866976860535,33.909409639187515,1.4655473639173309,3.5660041405027294,40,1,0
MATO GROSSO,SÃO RAIMUNDO DAS MANGABEIRAS - MA,2111607,2111607,2004,51911.89856940859,51911.89856940859,2084179.970972424,40.148122702136654,2700.0,56722.0,21008.0,882.25,242.75,27.55603305785124,26.55067796610169,31.338813559322038,32.91979338842975,22.943223140495867,1.858075334616473,242,59.0,20,21,658.1150847457627,-144.90272727272736,-0.6215255248680621,-110.80045454545456,-0.9291143805995712,0.7672429879217653,0.8280920785963414,1.1537022342064702,1.4408765984433147,1.503435220852591,1.428287627071688,353.55045454545456,29.835378338469443,0.6671866976860535,34.57659633687376,5.571526365262891,3.6925756821921922,40,1,0
MATO GROSSO,SÃO RAIMUNDO DAS MANGABEIRAS - MA,2111607,2111607,2005,57103.58263711268,57103.58263711268,2292590.6193161984,40.13325302706179,2699.0,62394.0,23109.0,1223.89,306.88,27.49793388429752,26.183389830508474,31.060338983050848,32.78909090909091,22.89454545454545,2.7553740526259616,242,59.0,15,24,745.4481355932203,196.73727272727277,0.8438573862228712,-46.67045454545456,-0.3913539041440632,0.7091438143680442,0.7653851315792689,0.7864140986132497,0.9821647542852352,1.2249606445814043,1.1637323032203488,353.55045454545456,29.835378338469443,0.6671866976860535,35.24378303455978,4.889469992502008,3.6922052432177765,40,1,0
MATO GROSSO,SÃO RAIMUNDO DAS MANGABEIRAS - MA,2111607,2111607,2006,59305.291587290856,59305.291587290856,2010618.9487608168,33.902859170693176,2280.0,54720.0,24000.0,1165.89,334.88,26.57884297520661,26.71084745762712,31.527627118644062,31.765702479338845,22.054793388429754,1.4513897704260328,242,59.0,25,23,725.1354237288135,138.73727272727274,0.5950802850541729,-18.67045454545456,-0.1565606195541018,-0.2099470947228638,-0.2265977386580522,1.3138717257318966,1.640914758447649,1.6922487801746229,1.6076635435478832,353.55045454545456,29.835378338469443,0.6671866976860535,35.9109697322458,-2.008110561552627,3.5234993521482583,40,1,0
MATO GROSSO,SÃO RAIMUNDO DAS MANGABEIRAS - MA,2111607,2111607,2007,59305.291587290856,59305.291587290856,2645551.2483694954,44.60902522459628,3000.0,72000.0,24000.0,1286.94,494.99,26.75024691358025,25.125833333333333,29.345,31.81559670781893,22.42510288065844,2.4876915061339204,243,60.0,2,14,410.83,259.7872727272727,1.114295252234706,141.43954545454545,1.1860376945779951,-0.0385431563492275,-0.0415999663201225,-0.2711423985618921,-0.3386339432742251,-0.4903783384694407,-0.4658673042279003,353.55045454545456,29.835378338469443,0.6671866976860535,36.57815642993182,8.030868794664457,3.7979361978500186,40,1,0
MATO GROSSO,SÃO RAIMUNDO DAS MANGABEIRAS - MA,2111607,2111607,2008,62863.60908252831,62863.60908252831,2804284.3232716653,44.60902522459628,3000.0,76320.0,25440.0,1143.28,337.23,26.967892561983472,25.57033898305085,30.07677966101695,32.193553719008264,22.52987603305785,2.1640696881027632,242,59.0,7,17,511.3052542372881,116.1272727272726,0.4981001082020297,-16.320454545454538,-0.1368547545974441,0.1791024920539961,0.1933068887713336,0.1733632511556244,0.2165160508612537,0.2414013225475066,0.2293351368726192,353.55045454545456,29.835378338469443,0.6671866976860535,37.24534312761784,7.363682096978437,3.7979361978500186,40,1,0
MATO GROSSO,SÃO RAIMUNDO DAS MANGABEIRAS - MA,2111607,2111607,2009,60535.87638772714,60535.87638772714,2655435.321783542,43.85067179577814,2949.0,72269.0,24498.0,1134.6,419.45,26.56280991735537,25.373898305084744,29.67254237288136,31.50185950413223,22.391694214876036,1.7503598791269337,242,59.0,0,15,445.08813559322033,107.44727272727256,0.4608693282340242,65.89954545454543,0.552598954652078,-0.225980152574106,-0.2439023584607742,-0.0230774268104809,-0.0288217559588772,-0.1628359655880871,-0.154696784847067,353.55045454545456,29.835378338469443,0.6671866976860535,37.912529825303864,5.938141970474277,3.780790039015048,40,1,0
MATO GROSSO,SÃO RAIMUNDO DAS MANGABEIRAS - MA,2111607,2111607,2010,76204.82863585261,76204.82863585261,3008506.182138854,39.4789873237677,2655.0,81878.0,30839.0,1367.8,594.66,26.375661157024798,24.6271186440678,28.63813559322034,31.31219008264463,22.19181818181818,2.269778302931824,242,59.0,0,8,229.10508474576272,340.6472727272726,1.4611248453467909,241.1095454545454,2.0218179329737613,-0.413128912904682,-0.4458936550755018,-0.7698570878274289,-0.9614864469420308,-1.1972427452491026,-1.1373998532979008,353.55045454545456,29.835378338469443,0.6671866976860535,38.579716522989884,0.8992708007778134,3.6757685638758106,40,1,0
MATO GROSSO,SÃO RAIMUNDO DAS MANGABEIRAS - MA,2111607,2111607,2011,80778.74924952241,80778.74924952241,3603461.262883284,44.60902522459628,3000.0,98070.0,32690.0,1068.66,384.83,25.762592592592597,24.324333333333332,28.4015,30.6020987654321,21.65049382716049,1.6076771738495368,243,60.0,0,17,482.8255,41.50727272727272,0.1780354997674048,31.279545454545428,0.2622938292054899,-1.0261974773368827,-1.1075839276941983,-1.0726423985618894,-1.339639713577375,-1.4338783384694445,-1.362207470702071,353.55045454545456,29.835378338469443,0.6671866976860535,39.24690322067613,5.362122003920149,3.7979361978500186,40,1,0
MATO GROSSO,SÃO RAIMUNDO DAS MANGABEIRAS - MA,2111607,2111607,2012,36324.49109721565,36324.49109721565,1652808.1424188423,45.501205729088205,3060.0,44982.0,14700.0,908.22,351.7,27.186322314049587,25.80593220338983,30.22491525423729,32.342727272727274,22.7753305785124,2.088169230176727,242,59.0,8,18,544.0484745762712,-118.93272727272732,-0.5101334331895948,-1.850454545454568,-0.0155169393111322,0.3975322441201108,0.429060033815595,0.408956471494605,0.5107520745713245,0.3895369157678452,0.3700663316663317,353.55045454545456,29.835378338469443,0.6671866976860535,39.91408991836215,5.587115810726054,3.8177388251461983,40,1,0
MATO GROSSO,SÃO RAIMUNDO DAS MANGABEIRAS - MA,2111607,2111607,2013,36198.467352592656,36198.467352592656,1489004.4276239644,41.12952125707777,2766.0,40524.0,14649.0,1039.5,261.06,26.493677685950413,25.241525423728813,29.84372881355932,31.494669421487604,22.30574380165289,2.085868901466684,242,59.0,7,23,686.4057627118643,12.34727272727264,0.0529606675246588,-92.49045454545455,-0.7755763434266357,-0.2951123839790632,-0.3185173814761057,-0.1554503081664116,-0.1941442987772693,0.0083504750898768,0.0079330855667181,353.55045454545456,29.835378338469443,0.6671866976860535,40.58127661604817,0.5482446410295978,3.7167261424244753,40,1,0
MATO GROSSO,SÃO RAIMUNDO DAS MANGABEIRAS - MA,2111607,2111607,2014,37466.117960271,37466.117960271,1504179.6035347504,40.148122702136654,2700.0,40937.0,15162.0,828.02,302.71,27.405247933884297,25.809661016949157,30.485762711864407,32.71561983471074,22.858223140495863,2.210933070449713,242,59.0,16,22,670.686779661017,-199.13272727272735,-0.8541321144607951,-50.84045454545458,-0.4263213325990683,0.616457863954821,0.6653483732867451,0.4126852850539286,0.5154090476084644,0.6503843733949637,0.6178756094552609,353.55045454545456,29.835378338469443,0.6671866976860535,41.24846331373419,-1.100340611597538,3.6925756821921922,40,1,0
MATO GROSSO,SÃO RAIMUNDO DAS MANGABEIRAS - MA,2111607,2111607,2015,40507.9852079358,40507.9852079358,1662435.0094615202,41.04030320662857,2760.0,45244.0,16393.0,612.03,351.45,29.287489711934157,26.233166666666666,30.92933333333333,34.94539094650206,24.38423868312757,2.70406471565752,243,60.0,20,29,896.9506666666666,-415.1227272727274,-1.780569460692298,-2.100454545454568,-0.0176133079235425,2.498699642004677,2.69686841445148,0.8361909347714409,1.044331816321148,1.0939549948638891,1.039274830112925,353.55045454545456,29.835378338469443,0.6671866976860535,41.91565001142021,-0.87534680479164,3.7145545889109672,40,1,0
MATO GROSSO,SÃO RAIMUNDO DAS MANGABEIRAS - MA,2111607,2111607,2016,40102.73238208931,40102.73238208931,787124.9839246018,19.627971098822364,1320.0,21422.0,16229.0,1045.47,470.41,27.154090909090908,25.41491525423729,29.70525423728813,32.16066115702479,22.825371900826447,2.2841153167217683,242,59.0,6,15,445.578813559322,18.317272727272663,0.078567551903575,116.8595454545454,0.9799227326058076,0.3653008391614314,0.3942723960678586,0.0179395223420648,0.0224049474496435,-0.130124101181309,-0.1236199878274042,353.55045454545456,29.835378338469443,0.6671866976860535,42.58283670910623,-22.954865610283868,2.9769556457801882,40,1,0
MATO GROSSO,SÃO RAIMUNDO DAS MANGABEIRAS - MA,2111607,2111607,2017,41706.44630876229,41706.44630876229,1674450.2213811984,40.148122702136654,2700.0,45571.0,16878.0,725.24,318.83,27.569173553719008,26.44796610169492,31.39237288135593,32.9299173553719,23.02004132231405,2.457423873538192,242,59.0,25,22,690.6322033898305,-301.9127272727273,-1.2949822947731884,-34.72045454545457,-0.2911474844708476,0.7803834837895316,0.8422747309088768,1.0509903697996918,1.3125981593294278,1.556994542886489,1.4791698439536252,353.55045454545456,29.835378338469443,0.6671866976860535,43.25002340679225,-3.1019007046555984,3.6925756821921922,40,1,0
MATO GROSSO,SÃO RAIMUNDO DAS MANGABEIRAS - MA,2111607,2111607,2018,46752.33820131429,46752.33820131429,1980489.059543275,42.3637042882916,2849.0,53900.0,18920.0,662.03,217.02,27.8350826446281,26.7571186440678,31.51474576271186,33.118884297520665,23.34276859504132,2.426224504418053,242,59.0,23,20,630.2949152542373,-365.1227272727274,-1.56610644244342,-136.53045454545455,-1.1448726381888463,1.0462925746986222,1.1292727423276865,1.3601429121725737,1.6987035602266765,1.679367424242418,1.5954260483484286,353.55045454545456,29.835378338469443,0.6671866976860535,43.9172101044785,-1.5535058161868989,3.74629196469768,40,1,0
MATO GROSSO,SÃO RAIMUNDO DAS MANGABEIRAS - MA,2111607,2111607,2019,47787.70975027575,47787.70975027575,1760834.81839393,36.84705483551653,2478.0,47922.0,19339.0,970.98,289.43,28.052592592592596,26.507166666666667,31.3175,33.29547325102881,23.606296296296296,2.443578755634088,243,60.0,21,19,595.0325,-56.17272727272734,-0.2409394526836032,-64.12045454545455,-0.5376804332903069,1.2638025226631164,1.3640331347467651,1.1101909347714418,1.386534662313743,1.482121661530556,1.408039403106802,353.55045454545456,29.835378338469443,0.6671866976860535,44.58439680216452,-7.737341966647989,3.6067756923888594,40,1,0
MATO GROSSO,SÃO RAIMUNDO DAS MANGABEIRAS - MA,2111607,2111607,2020,43366.99447320644,43366.99447320644,1934559.3503701936,44.60902522459628,3000.0,52650.0,17550.0,788.31,259.46,27.85400826446281,26.36186440677966,31.139322033898303,33.29148760330578,23.17694214876033,2.3310215487018406,242,59.0,21,21,653.9257627118644,-238.84272727272744,-1.024458643554054,-94.09045454545458,-0.7889931025460623,1.0652181945333332,1.1496993296205873,0.9648886748844347,1.2050644182900592,1.3039436954288632,1.23876747115384,353.55045454545456,29.835378338469443,0.6671866976860535,45.25158349985054,-0.6425582752542596,3.7979361978500186,40,1,0
MATO GROSSO,SÃO RAIMUNDO DAS MANGABEIRAS - MA,2111607,2111607,2021,43490.5471640133,43490.5471640133,2037074.4612445117,46.8394764858261,3150.0,55440.0,17600.0,1606.7,429.33,26.712107438016528,25.08186440677966,29.137118644067797,31.34623966942149,22.715371900826447,2.424742468428699,242,59.0,0,17,495.3310169491525,579.5472727272727,2.48582914653993,75.77954545454543,0.6354474422145358,-0.0766826319129485,-0.0827642364318443,-0.3151113251155664,-0.3935474170038114,-0.6982596944016493,-0.6633579339927667,353.55045454545456,29.835378338469443,0.6671866976860535,45.91877019753656,0.9207062882895372,3.8467263620194507,40,1,0
MATO GROSSO,SÃO RAIMUNDO DAS MANGABEIRAS - MA,2111607,2111607,2022,44973.17945369557,44973.17945369557,2126582.2784810127,47.285566738072056,3180.0,57876.0,18200.0,989.98,209.21,26.72979338842975,25.71406779661017,30.46406779661017,31.930619834710743,22.23979338842975,1.9629282995060584,242,59.0,10,24,731.1376271186441,-37.17272727272734,-0.1594435057490296,-144.34045454545455,-1.2103631936405463,-0.0589966814997247,-0.0636756352061636,0.3170920647149451,0.3960211933836568,0.6286894581407267,0.597265091224603,353.55045454545456,29.835378338469443,0.6671866976860535,46.58595689522258,0.6996098428494761,3.856205105973994,40,1,0
MATO GROSSO,SÃO RAIMUNDO DAS MANGABEIRAS - MA,2111607,2111607,2023,43984.75792724072,43984.75792724072,1963219.4888941965,44.63876457474601,3002.0,53430.0,17800.0,792.68,328.05,29.035802469135803,27.42716666666667,32.22933333333334,34.767201646090534,24.070082304526743,2.2719996276249166,243,60.0,29,25,805.7333333333335,-234.4727272727274,-1.0057145757591022,-25.500454545454545,-0.213833410045153,2.2470123992063264,2.425220168294657,2.0301909347714435,2.5355369189312134,2.3939549948638934,2.2742957272156503,353.55045454545456,29.835378338469443,0.6671866976860535,47.2531435929086,-2.6143790181625874,3.798602642393179,40,1,0
MATO GROSSO,SENADOR ALEXANDRE COSTA - MA,2111748,2111748,2012,155.6763904166385,155.6763904166385,3894.8393378773126,25.025663150998515,1683.0,106.0,63.0,909.89,297.18,28.118471074380167,26.51135593220339,30.335593220338986,32.647520661157024,24.32095041322314,2.44871558702328,242,59.0,15,20,606.7118644067797,-207.13,-0.8215600108163119,-101.02840909090908,-0.8667677436318846,0.7719382646483233,0.8778500886448435,0.7448401386748849,0.9363463710358568,0.9400844247560372,0.8487471630254835,398.2084090909091,29.395508795582945,1.2931938046752307,38.412183455575814,-13.3865203045773,3.2199018243905777,12,0,0
MATO GROSSO,SENADOR ALEXANDRE COSTA - MA,2111748,2111748,2013,247.1053816137119,247.1053816137119,12125.44322169352,49.06992774705591,3300.0,330.0,100.0,1001.33,365.5,27.46809917355372,25.71457627118644,29.40627118644068,31.85376033057851,23.727851239669423,2.520167225581582,242,59.0,10,14,411.6877966101695,-115.68999999999994,-0.458872580752856,-32.70840909090907,-0.2806200176824023,0.1215663638218735,0.1382455672227633,-0.0519395223420637,-0.0652937197300469,0.0107623908577352,0.0097167323139564,398.2084090909091,29.395508795582945,1.2931938046752307,39.705377260251225,9.364550486804681,3.8932463776543433,12,0,0
MATO GROSSO,SENADOR ALEXANDRE COSTA - MA,2111748,2111748,2014,155.6763904166385,155.6763904166385,7422.241002369973,47.67217829001856,3206.0,202.0,63.0,816.02,260.24,28.074504132231404,26.9135593220339,31.10016949152542,32.680247933884296,24.10471074380165,2.3311370531489084,242,59.0,25,19,590.903220338983,-301.0,-1.1938857879385405,-137.96840909090906,-1.1836924654786918,0.7279713224995596,0.8278507741526173,1.147043528505396,1.4419604819457708,1.7046606959424755,1.5390382943294596,398.2084090909091,29.395508795582945,1.2931938046752307,40.99857106492618,6.6736072250923755,3.86434796336927,12,0,0
MATO GROSSO,SENADOR ALEXANDRE COSTA - MA,2111748,2111748,2015,160.61849804891273,160.61849804891273,7422.241002369973,46.21495013268174,3108.0,202.0,65.0,627.92,302.39,29.371028806584363,26.842666666666663,30.695833333333333,34.21061728395062,25.14411522633745,2.608756901964404,243,60.0,20,20,613.9166666666666,-489.1,-1.939965245450964,-95.81840909090909,-0.8220688318608542,2.0244959968525187,2.302261815078912,1.076150873138161,1.3528405793794294,1.300324537750388,1.1739868605040171,398.2084090909091,29.395508795582945,1.2931938046752307,42.29176486960159,3.92318526308015,3.83330334168731,12,0,0
MATO GROSSO,SENADOR ALEXANDRE COSTA - MA,2111748,2111748,2016,425.02125637558447,425.02125637558447,15910.051257555438,37.42697216343628,2517.0,433.0,172.0,945.6,474.35,28.355371900826448,25.890169491525423,29.47542372881356,32.888636363636365,24.465578512396693,2.934056017850995,242,59.0,9,11,324.22966101694914,-171.41999999999996,-0.6799199394299819,76.14159090909095,0.6532526399522751,1.008839091094604,1.1472542897575415,0.123653697996918,0.1554463640890276,0.079914933230615,0.0721505123121867,398.2084090909091,29.395508795582945,1.2931938046752307,43.584958674277004,-6.157986510840722,3.6223916253350876,12,0,0
MATO GROSSO,SENADOR ALEXANDRE COSTA - MA,2111748,2111748,2017,420.0791487433102,420.0791487433102,19474.196689386565,46.3636468834304,3118.0,530.0,170.0,867.58,461.35,28.20896694214876,26.111016949152543,29.96033898305085,32.75545454545455,24.30363636363636,2.8208075722917547,242,59.0,15,11,329.5637288135593,-249.43999999999997,-0.9893783087820248,63.14159090909095,0.5417198466656348,0.8624341324169151,0.9807622115188692,0.3445011556240374,0.4330760254946812,0.5648301874679049,0.5099520921527294,398.2084090909091,29.395508795582945,1.2931938046752307,44.87815247895196,1.4854944044784375,3.8365156798174938,12,0,0
MATO GROSSO,SENADOR ALEXANDRE COSTA - MA,2111748,2111748,2018,919.2320196030084,919.2320196030084,45084.60252429682,49.04018839690618,3298.0,1227.0,372.0,1054.93,287.72,27.94661157024793,26.49627118644068,30.582033898305085,32.29764462809917,24.290702479338844,2.766305130053927,242,59.0,12,12,366.984406779661,-62.08999999999992,-0.2462736497445311,-110.48840909090904,-0.9479292993620088,0.6000787605160909,0.6824110388580442,0.7297553929121712,0.9173831785069956,1.1865251027221395,1.0712440162544763,398.2084090909091,29.395508795582945,1.2931938046752307,46.17134628362737,2.8688421132788093,3.892640133319316,12,0,0
MATO GROSSO,SENADOR ALEXANDRE COSTA - MA,2111748,2111748,2019,864.8688356479917,864.8688356479917,38617.69947272694,44.65363424982088,3003.0,1051.0,350.0,1088.1,454.08,28.49971193415638,26.119333333333334,29.478666666666665,32.839588477366256,24.747818930041152,2.854578662108081,243,60.0,2,10,294.78666666666663,-28.920000000000076,-0.1147082291932979,55.87159090909091,0.4793472768814901,1.1531791244245362,1.3113981298240869,0.3528175398048283,0.4435306395031007,0.0831578710837206,0.0750783709493571,398.2084090909091,29.395508795582945,1.2931938046752307,47.46454008830278,-2.810905838481901,3.798935698183102,12,0,0
MATO GROSSO,SENADOR ALEXANDRE COSTA - MA,2111748,2111748,2020,1173.7505626651316,1173.7505626651316,55960.75765648252,47.67217829001856,3206.0,1523.0,475.0,914.26,393.17,28.08103305785124,26.994576271186443,31.21135593220339,32.653057851239666,24.14636363636364,2.3780519955435087,242,59.0,25,17,530.5930508474576,-202.76,-0.8042268517023868,-5.038409090909056,-0.0432267568946068,0.7345002481193958,0.8352754843873663,1.2280604776579374,1.54380774069627,1.8158471366204445,1.639422019032501,398.2084090909091,29.395508795582945,1.2931938046752307,48.75773389297774,-1.0855556029591824,3.86434796336927,12,0,0
MATO GROSSO,SENADOR ALEXANDRE COSTA - MA,2111748,2111748,2021,1235.5269080685596,1235.5269080685596,58790.02774154434,47.58296023956937,3200.0,1600.0,500.0,1431.81,368.05,26.930867768595043,25.31593220338983,28.49694915254237,31.06900826446281,23.39128099173553,2.0923719568181007,242,59.0,1,12,341.96338983050845,314.79,1.2485824158975851,-30.15840909090906,-0.2587424313069458,-0.4156650411368012,-0.4726953046883088,-0.4505835901386739,-0.566433369481463,-0.8985596430405742,-0.811256869868677,398.2084090909091,29.395508795582945,1.2931938046752307,50.05092769765315,-2.467967458083784,3.8624747189875897,12,0,0
MATO GROSSO,SENADOR ALEXANDRE COSTA - MA,2111748,2111748,2022,20979.24689900414,20979.24689900414,1107457.1475813417,52.78734651577227,3550.0,30140.0,8490.0,1142.9,327.64,27.14809917355372,25.653389830508477,29.24728813559322,31.475,23.35119834710744,2.188209944659795,242,59.0,0,10,292.4728813559322,25.88000000000011,0.1026503793749154,-70.56840909090909,-0.605437829515649,-0.1984336361781231,-0.2256592179537092,-0.1131259630200318,-0.1422118377403645,-0.1482206599897253,-0.1338197520937454,398.2084090909091,29.395508795582945,1.2931938046752307,51.34412150232811,1.443225013444163,3.966271512669233,12,0,0
MATO GROSSO,SENADOR ALEXANDRE COSTA - MA,2111748,2111748,2023,8525.13566567306,8525.13566567306,450037.662361522,52.78734651577227,3550.0,12248.0,3450.0,958.41,347.86,29.26707818930041,27.93,32.136,33.89144032921811,25.229711934156377,2.7172659033905657,243,60.0,30,19,610.5840000000001,-158.61,-0.6291103814781791,-50.34840909090906,-0.4319614387267357,1.9205453795685656,2.184048918042415,2.1634842064714945,2.719738747064492,2.740491204417058,2.4742289881559185,398.2084090909091,29.395508795582945,1.2931938046752307,52.63731530700352,0.15003120876875187,3.966271512669233,12,0,0
MATO GROSSO,SENADOR LA ROCQUE - MA,2111763,2111763,2023,370.6580724205679,370.6580724205679,14330.069262001434,38.66115519465011,2600.0,390.0,150.0,1027.37,411.27,29.07781893004115,27.106333333333332,31.373,34.086748971193416,24.678930041152263,2.8296103636461067,243,60.0,24,19,596.087,-164.0204545454544,-0.5743220260165847,-4.268863636363619,-0.0326380813245091,2.099329111438845,2.242454915582756,1.7132774781715483,2.1278580262425355,2.010418335901388,1.842564859011266,415.5388636363636,29.362581664098613,,,,3.6548353542093452,1,0,0
MATO GROSSO,SÍTIO NOVO - MA,2111805,2111805,2017,7413.161448411357,7413.161448411357,330693.9060461869,44.60902522459628,3000.0,9000.0,3000.0,841.63,396.61,27.860454545454544,26.04169491525424,30.48627118644068,33.014256198347105,23.54239669421488,2.83961780053444,242,59.0,16,12,365.83525423728815,-263.82409090909084,-0.9596804300247154,14.32954545454544,0.1130372933392975,0.7178013541444415,0.7677838035706113,0.3857823574730368,0.4996349617692321,0.3490466101694878,0.3374301803960282,382.2804545454546,30.13722457627119,-2.1811689095535276,44.98501558006137,-0.37599035546509185,3.7979361978500186,6,0,0
MATO GROSSO,SÍTIO NOVO - MA,2111805,2111805,2019,370.6580724205679,370.6580724205679,16534.69530230935,44.60902522459628,3000.0,450.0,150.0,795.52,259.48,28.41880658436214,26.775666666666663,31.67866666666667,33.63090534979424,23.962057613168724,2.5287758397216167,243,60.0,25,15,475.18,-309.93409090909086,-1.1274091028534894,-122.80045454545456,-0.968700022389786,1.276153393052038,1.3650154048885648,1.1197541088854663,1.4502174361953115,1.5414420903954775,1.4901421972830964,382.2804545454546,30.13722457627119,-2.1811689095535276,40.62267776095359,3.986347463642687,3.7979361978500186,6,0,0
MATO GROSSO,SÍTIO NOVO - MA,2111805,2111805,2020,439.8475792724072,439.8475792724072,16461.207767632415,37.42697216343628,2517.0,448.0,178.0,544.17,152.28,28.598140495867767,27.455932203389832,32.784745762711864,34.15842975206612,23.8548347107438,2.4247825442331954,242,59.0,33,29,950.757627118644,-561.2840909090909,-2.0417140674059158,-230.00045454545457,-1.8143373026797136,1.4554873045576642,1.5568368216217494,1.800019645608632,2.3312438461636846,2.647521186440674,2.5594104784721856,382.2804545454546,30.13722457627119,-2.1811689095535276,38.44150885140061,-1.0145366879643305,3.6223916253350876,6,0,0
MATO GROSSO,SÍTIO NOVO - MA,2111805,2111805,2021,518.921301388795,518.921301388795,16608.182836986278,31.9995407611104,2152.0,452.0,210.0,1502.63,494.66,26.979586776859502,25.39796610169492,29.553050847457627,31.734586776859505,22.974338842975207,2.298038455161532,242,59.0,0,8,236.424406779661,397.175909090909,1.4447579291125563,112.3795454545454,0.8864956453208961,-0.1630664144505971,-0.1744211698663186,-0.2579464560862838,-0.3340719585244046,-0.584173728813564,-0.5647321617031782,382.2804545454546,30.13722457627119,-2.1811689095535276,36.26033994184672,-4.260799180736324,3.465721551481447,6,0,0
MATO GROSSO,SÍTIO NOVO - MA,2111805,2111805,2022,597.9950235051828,597.9950235051828,19106.75901600191,31.9549317358858,2149.0,520.0,242.0,1172.09,252.41,27.214421487603307,25.97508474576271,30.721355932203387,32.37309917355372,22.78099173553719,2.366262849178755,242,59.0,8,17,522.2630508474576,66.63590909090908,0.2423932464662116,-129.87045454545458,-1.0244710631701015,0.0717682962932038,0.0767657168457924,0.3191721879815112,0.413366710143271,0.5841313559321968,0.5646911990105546,382.2804545454546,30.13722457627119,-2.1811689095535276,34.07917103229374,-2.124239296407943,3.464326526842282,6,0,0
MATO GROSSO,SÍTIO NOVO - MA,2111805,2111805,2023,5757.555391599487,5757.555391599487,205471.14695669748,35.68722017967703,2400.0,5592.0,2330.0,1038.08,398.7,29.08679012345679,27.37133333333333,32.179,34.58530864197531,24.440205761316875,2.621955689478368,243,60.0,33,20,643.58,-67.37409090909091,-0.2450784396275642,16.419545454545414,0.1295240649419648,1.9441369321466877,2.07951244422606,1.715420775552133,2.2216780446499294,2.0417754237288115,1.9738242099599557,382.2804545454546,30.13722457627119,-2.1811689095535276,31.898002122739854,3.789218056937173,3.574792646535809,6,0,0
MATO GROSSO,SUCUPIRA DO NORTE - MA,2111904,2111904,1999,1136.6847554230746,1136.6847554230746,47325.9723319432,41.6350902096232,2800.0,1288.0,460.0,1414.17,414.59,25.81761316872428,24.588,28.367833333333333,30.233415637860084,22.16962962962963,2.229071644249634,243,60.0,0,6,170.207,427.0522727272728,1.6396444919148203,71.67386363636365,0.6287116722858828,-0.8700571824380923,-0.920806022325806,-0.6567485875706218,-0.7720514276764552,-0.8545476373908585,-0.7285957914134673,342.9161363636363,29.222380970724192,0.19826319258032218,40.976288318223624,0.6588018913995768,3.7289433263630674,23,1,0
MATO GROSSO,SUCUPIRA DO NORTE - MA,2111904,2111904,2000,1915.0667075062672,1915.0667075062672,82012.08869945435,42.82466421561243,2880.0,2232.0,775.0,946.32,264.09,26.15537190082645,24.6164406779661,28.668474576271187,30.869876033057853,22.296280991735536,1.9502684319220127,242,59.0,0,10,286.6847457627119,-40.79772727272723,-0.1566407043759967,-78.82613636363635,-0.6914502651127237,-0.5322984503359258,-0.563346442782673,-0.6283079096045228,-0.7386175285507081,-0.5539063944530049,-0.4722660857944402,342.9161363636363,29.222380970724192,0.19826319258032218,41.17455151080395,1.6501127048084783,3.7571142033297633,23,1,0
MATO GROSSO,SUCUPIRA DO NORTE - MA,2111904,2111904,2001,1915.0667075062672,1915.0667075062672,71760.57761202256,37.47158118866088,2520.0,1953.0,775.0,1097.09,434.96,26.59644628099173,25.11322033898305,29.17220338983051,31.40619834710744,22.665702479338844,2.0296030556471703,242,59.0,5,14,408.4108474576272,109.97227272727264,0.4222326931761381,92.04386363636364,0.807394055440764,-0.0912240701706394,-0.0965450028914319,-0.1315282485875712,-0.1546201606271419,-0.0501775808936812,-0.0427819031529582,342.9161363636363,29.222380970724192,0.19826319258032218,41.37281470338422,-3.9012335147233443,3.623582810705241,23,1,0
MATO GROSSO,SUCUPIRA DO NORTE - MA,2111904,2111904,2002,2100.395743716552,2100.395743716552,93696.6067130863,44.60902522459628,3000.0,2550.0,850.0,906.14,302.26,27.06074380165289,25.82067796610169,30.082542372881356,31.972479338842977,23.08173553719008,2.1660065804849675,242,59.0,14,19,571.5683050847457,-80.9777272727273,-0.3109096777370422,-40.656136363636335,-0.3566291279000669,0.3730734504905157,0.3948341406927913,0.5759293785310717,0.677043098913271,0.8601614021571606,0.7333821429329698,342.9161363636363,29.222380970724192,0.19826319258032218,41.57107789596455,3.0379473286317307,3.7979361978500186,23,1,0
MATO GROSSO,SUCUPIRA DO NORTE - MA,2111904,2111904,2003,2396.922201653005,2396.922201653005,104719.73691462586,43.68710536995462,2938.0,2850.0,970.0,1247.42,750.43,27.11510288065844,25.287166666666668,29.00483333333333,31.8520987654321,23.236584362139915,2.3768249816728364,243,60.0,4,7,203.03383333333332,260.3022727272728,0.9994167341260128,407.5138636363636,3.574646456710786,0.4274325294960626,0.4523638850897388,0.0424180790960448,0.0498652591649048,-0.217547637390858,-0.1854832733712474,342.9161363636363,29.222380970724192,0.19826319258032218,41.76934108854488,1.9177642814097453,3.7770529869335943,23,1,0
MATO GROSSO,SUCUPIRA DO NORTE - MA,2111904,2111904,2004,2149.8168200392934,2149.8168200392934,85980.4155720086,39.984556276313135,2689.0,2340.0,870.0,904.83,292.67,27.333677685950413,26.29322033898305,30.58101694915254,32.21921487603306,23.239504132231406,1.884120392920441,242,59.0,17,19,581.0393220338983,-82.28772727272724,-0.3159393530755928,-50.24613636363631,-0.4407510746087221,0.6460073347880382,0.683687757938593,1.0484717514124284,1.2325479306331268,1.3586359784283497,1.158386510748784,342.9161363636363,29.222380970724192,0.19826319258032218,41.967604281125205,-1.983048004812069,3.6884932864686366,23,1,0
MATO GROSSO,SUCUPIRA DO NORTE - MA,2111904,2111904,2005,2347.501125330263,2347.501125330263,104719.73691462586,44.60902522459628,3000.0,2850.0,950.0,856.69,195.74,27.462603305785123,26.46237288135593,31.155254237288137,32.46776859504132,23.301694214876036,2.554967060483362,242,59.0,18,22,685.415593220339,-130.42772727272722,-0.5007703231502747,-147.17613636363632,-1.2910055370143496,0.7749329546227486,0.820133372746601,1.2176242937853097,1.431397938544323,1.932873266563945,1.6479869181476203,342.9161363636363,29.222380970724192,0.19826319258032218,42.16586747370553,2.443157750890748,3.7979361978500186,23,1,0
MATO GROSSO,SUCUPIRA DO NORTE - MA,2111904,2111904,2008,2745.340789728339,2745.340789728339,122466.97653910457,44.60902522459628,3000.0,3333.0,1111.0,1073.2,329.47,26.97979338842975,25.308305084745765,29.35440677966102,31.81351239669421,23.0951652892562,2.4089779255798973,242,59.0,3,14,410.9616949152543,86.08227272727277,0.3305083085669955,-13.4461363636363,-0.1179473583544448,0.2921230372673769,0.3091620383181492,0.0635564971751421,0.074714868536975,0.1320258089368273,0.1125665141887618,342.9161363636363,29.222380970724192,0.19826319258032218,42.760657051446515,1.8483681731497654,3.7979361978500186,23,1,0
MATO GROSSO,SUCUPIRA DO NORTE - MA,2111904,2111904,2009,2745.340789728339,2745.340789728339,122466.97653910457,44.60902522459628,3000.0,3333.0,1111.0,1183.53,362.88,26.33243801652893,25.379830508474576,29.196101694915253,30.785371900826448,22.62888429752066,1.5584880181705298,242,59.0,0,15,437.9415254237288,196.4122727272727,0.7541144765840218,19.96386363636367,0.1751198199079299,-0.3552323346334489,-0.3759523852659076,0.1350819209039535,0.1587977376136507,-0.0262792758089389,-0.0224059712039541,342.9161363636363,29.222380970724192,0.19826319258032218,42.95892024402684,1.6501049805694379,3.7979361978500186,23,1,0
MATO GROSSO,SUCUPIRA DO NORTE - MA,2111904,2111904,2010,2965.264579364543,2965.264579364543,132277.5624184748,44.60902522459628,3000.0,3600.0,1200.0,1235.82,534.86,26.429586776859505,24.642881355932204,28.373050847457627,31.035454545454545,22.70280991735537,2.305631531272655,242,59.0,0,14,397.2227118644068,248.70227272727263,0.9548791509754864,191.9438636363637,1.6837008829897395,-0.2580835743028693,-0.2731371159025642,-0.601867231638419,-0.7075347617830237,-0.8493301232665651,-0.7241472871215272,342.9161363636363,29.222380970724192,0.19826319258032218,43.15718343660717,1.4518417879891103,3.7979361978500186,23,1,0
MATO GROSSO,SUCUPIRA DO NORTE - MA,2111904,2111904,2011,2088.0404746358654,2088.0404746358654,93145.45020300931,44.60902522459628,3000.0,2535.0,845.0,945.26,358.42,25.939835390946502,24.355833333333333,27.7955,30.42810699588477,22.196831275720164,1.6749742731657442,243,60.0,0,19,528.1145,-41.85772727272729,-0.1607105180087173,15.50386363636369,0.1359974129923301,-0.7478349602158723,-0.7914548020199257,-0.8889152542372898,-1.0449787089088798,-1.4268809707241914,-1.2165728680636454,342.9161363636363,29.222380970724192,0.19826319258032218,43.35544662918744,1.2535785954088396,3.7979361978500186,23,1,0
MATO GROSSO,SUCUPIRA DO NORTE - MA,2111904,2111904,2012,2594.606506943975,2594.606506943975,111149.89619885728,42.83953389068729,2881.0,3025.0,1050.0,689.6,262.77,27.251570247933884,25.64830508474576,29.61152542372881,32.10012396694215,23.321735537190083,2.1568480184548875,242,59.0,4,24,710.6766101694915,-297.51772727272726,-1.142303492859012,-80.14613636363634,-0.7030290940653227,0.5638998967715096,0.5967911436361856,0.4035564971751384,0.4744073694085736,0.3891444530046186,0.3317884203351657,342.9161363636363,29.222380970724192,0.19826319258032218,43.55370982176777,-0.7141759310804758,3.7574613652843003,23,1,0
MATO GROSSO,SUCUPIRA DO NORTE - MA,2111904,2111904,2013,2841.711888557687,2841.711888557687,132093.84358178245,46.48260428402932,3126.0,3595.0,1150.0,854.34,231.43,26.639256198347105,25.27576271186441,29.36983050847457,31.28384297520661,22.86198347107438,2.2430111523409173,242,59.0,3,22,646.1362711864407,-132.77772727272725,-0.5097930231850796,-111.48613636363632,-0.9779385632883943,-0.048414152815269,-0.0512380615641589,0.0310141242937831,0.0364591555921321,0.1474495377503828,0.1257169383544297,342.9161363636363,29.222380970724192,0.19826319258032218,43.751973014348096,2.7306312696812256,3.8390781411811936,23,1,0
MATO GROSSO,SUCUPIRA DO NORTE - MA,2111904,2111904,2014,2928.198772122486,2928.198772122486,134996.6012015212,46.09599273208283,3100.0,3674.0,1185.0,627.31,197.55,27.4247520661157,26.169661016949156,30.72050847457627,32.478801652892564,23.3098347107438,2.034960453217092,242,59.0,19,21,645.1306779661016,-359.80772727272733,-1.381462635483689,-145.36613636363631,-1.275128506405104,0.7370817149533266,0.7800743396811725,0.92491242937853,1.0872957705456898,1.4981275038520785,1.2773183688624918,342.9161363636363,29.222380970724192,0.19826319258032218,43.95023620692842,2.145756525154404,3.8307260206730094,23,1,0
MATO GROSSO,SUCUPIRA DO NORTE - MA,2111904,2111904,2015,7561.424677379584,7561.424677379584,276607.0805239661,36.57940068416895,2460.0,7528.0,3060.0,461.73,236.53,29.09934156378601,26.221833333333333,30.3725,34.46576131687243,24.65827160493827,2.425205874067685,243,60.0,17,25,759.3125,-525.3877272727273,-2.017198240489211,-106.38613636363633,-0.9332021786988072,2.4116712126236344,2.552339571786285,0.97708474576271,1.1486277811687997,1.1501190292758068,0.9806028917398064,342.9161363636363,29.222380970724192,0.19826319258032218,44.14849939950875,-7.569098715339798,3.5994852591261806,23,1,0
MATO GROSSO,SUCUPIRA DO NORTE - MA,2111904,2111904,2016,7857.951135316039,7857.951135316039,191398.2840660653,24.35652777262957,1638.0,5209.0,3180.0,742.97,334.56,27.479256198347105,25.388305084745763,29.32169491525424,32.37342975206612,23.44801652892562,2.3875608363700573,242,59.0,6,13,381.18203389830506,-244.14772727272725,-0.93739221589836,-8.356136363636324,-0.0732986921660137,0.7915858471847308,0.8377575979926342,0.1435564971751404,0.1687601628597031,0.0993139445300457,0.0846760541450838,342.9161363636363,29.222380970724192,0.19826319258032218,44.34676259208908,-19.99023481945951,3.1927998946127865,23,1,0
MATO GROSSO,SUCUPIRA DO NORTE - MA,2111904,2111904,2017,3175.304153736198,3175.304153736198,141647.2230897834,44.60902522459628,3000.0,3855.0,1285.0,710.22,411.57,27.49396694214876,26.10372881355932,30.47915254237288,32.40095041322314,23.42595041322314,2.5233136941138774,242,59.0,19,14,426.70813559322033,-276.89772727272725,-1.063134099362129,68.65386363636367,0.6022207151367548,0.8062965909863848,0.85332639250278,0.8589802259886987,1.0097881021314048,1.256771571648688,1.0715359071930874,342.9161363636363,29.222380970724192,0.19826319258032218,44.545025784669406,0.0639994399268744,3.7979361978500186,23,1,0
MATO GROSSO,SUCUPIRA DO NORTE - MA,2111904,2111904,2018,4299.633640078587,4299.633640078587,187834.13863423417,43.68710536995462,2938.0,5112.0,1740.0,725.17,212.49,27.51900826446281,26.553050847457627,30.98457627118644,32.318347107438015,23.63082644628099,2.3543622106673747,242,59.0,17,17,526.7377966101695,-261.9477272727273,-1.0057343693534777,-130.42613636363632,-1.14407721507796,0.8313379133004375,0.8798283292251079,1.3083022598870038,1.5379958886770777,1.762195300462249,1.5024651913912366,342.9161363636363,29.222380970724192,0.19826319258032218,44.74328897724973,-1.056183607295111,3.7770529869335943,23,1,0
MATO GROSSO,SUCUPIRA DO NORTE - MA,2111904,2111904,2019,10222.749637359262,10222.749637359262,430196.02799875074,42.08118046186916,2830.0,11708.0,4137.0,795.5,288.12,28.04201646090535,26.032,30.1225,32.89098765432099,24.046502057613168,2.679786836173959,243,60.0,13,12,361.47,-191.61772727272728,-0.7357060742692982,-54.79613636363632,-0.4806629471347266,1.354346109742977,1.4333426346418272,0.7872514124293772,0.925466134848822,0.9001190292758068,0.7674504121313999,342.9161363636363,29.222380970724192,0.19826319258032218,44.94155216983006,-2.8603717079609012,3.7396006208370554,23,1,0
MATO GROSSO,SUCUPIRA DO NORTE - MA,2111904,2111904,2020,15241.45993793375,15241.45993793375,753320.7179732139,49.42679994885268,3324.0,20502.0,6168.0,573.58,258.59,27.986570247933884,26.67864406779661,31.11254237288136,33.17888429752066,23.69694214876033,2.2698414711546238,242,59.0,20,19,591.1383050847458,-413.5377272727272,-1.5877561133007358,-84.32613636363635,-0.7396953857485531,1.298899896771509,1.374662345748379,1.4338954802259885,1.685639030823569,1.890161402157165,1.6115703589196082,342.9161363636363,29.222380970724192,0.19826319258032218,45.13981536241039,4.286984586442294,3.9004927861751106,23,1,0
MATO GROSSO,SUCUPIRA DO NORTE - MA,2111904,2111904,2021,16185.40249569813,16185.40249569813,774227.9215888005,47.83574471584208,3217.0,21071.0,6550.0,1153.01,298.2,26.76264462809917,25.03372881355932,28.838983050847457,31.376694214876032,23.003842975206613,2.215156680237325,242,59.0,2,15,432.5847457627119,165.8922727272727,0.6369345595362592,-44.71613636363634,-0.3922427987694247,0.0749742769367998,0.0793473890181238,-0.2110197740113015,-0.2480677094351106,-0.3833979198767352,-0.3268888691937249,342.9161363636363,29.222380970724192,0.19826319258032218,45.338078554990716,2.4976661608513666,3.867773157438798,23,1,0
MATO GROSSO,SUCUPIRA DO NORTE - MA,2111904,2111904,2022,19812.90949778742,19812.90949778742,883834.5795594422,44.60902522459628,3000.0,24054.0,8018.0,878.58,266.1,26.82190082644628,25.406779661016948,29.52525423728813,31.762727272727272,22.652561983471077,2.071938300740152,242,59.0,3,13,383.82830508474575,-108.53772727272724,-0.4167248321877739,-76.8161363636363,-0.6738188664803565,0.1342304752839034,0.1420598927471851,0.1620310734463252,0.1904782498960945,0.3028732665639424,0.2582327511008087,342.9161363636363,29.222380970724192,0.19826319258032218,45.53634174757099,-0.9273165229747065,3.7979361978500186,23,1,0
MATO GROSSO,SUCUPIRA DO NORTE - MA,2111904,2111904,2023,32776.05781724275,32776.05781724275,1871507.0456173872,57.09955228748324,3840.0,50934.0,13264.0,830.42,280.66,28.74798353909465,27.329666666666665,31.91333333333333,33.925473251028805,24.377407407407407,2.406194924825675,243,60.0,27,21,670.1800000000001,-156.69772727272732,-0.6016325911989227,-62.2561363636363,-0.5461008743971424,2.0603131879322767,2.180487477856445,2.0849180790960418,2.450959179842104,2.690952362609142,2.294332674392953,342.9161363636363,29.222380970724192,0.19826319258032218,45.734604940151314,11.364947347331928,4.044796275781544,23,1,0
MATO GROSSO,SUCUPIRA DO RIACHÃO - MA,2111953,2111953,2021,1186.105831745817,1186.105831745817,42328.81997391193,35.68722017967703,2400.0,1152.0,480.0,957.5,262.22,27.20995867768595,25.63813559322034,29.529661016949152,31.753305785123967,23.35512396694215,2.1867802546444457,242,59.0,8,14,413.41525423728814,-4.9102272727272975,-0.0205789565335111,-77.94090909090914,-0.7121441349836023,0.0302094191455388,0.0333804259552584,0.0069155110426315,0.008161844487034,0.0361427837699039,0.0319715365561916,340.1609090909091,29.49351823317925,3.5464175053554747,35.992048518714,-0.30482833903697326,3.574792646535809,3,0,0
MATO GROSSO,SUCUPIRA DO RIACHÃO - MA,2111953,2111953,2022,2471.053816137119,2471.053816137119,99208.17181385608,40.148122702136654,2700.0,2700.0,1000.0,788.25,273.05,27.45223140495868,26.04,30.16050847457627,32.35161157024793,23.18388429752066,2.1350067731352294,242,59.0,7,16,482.5681355932204,-174.1602272727273,-0.7299123946499516,-67.1109090909091,-0.6131906961306288,0.272482146418266,0.3010839125646673,0.4087799178222902,0.4824514194425297,0.6669902413970235,0.5900127400591946,340.1609090909091,29.49351823317925,3.5464175053554747,39.53846602406975,0.609656678066905,3.6925756821921922,3,0,0
MATO GROSSO,SUCUPIRA DO RIACHÃO - MA,2111953,2111953,2023,3212.3699609782548,3212.3699609782548,137421.68984585992,42.78005519038783,2877.0,3740.0,1300.0,714.61,237.55,29.143580246913583,27.927833333333336,32.42733333333334,34.14045267489712,24.70534979423868,2.3983885647194025,243,60.0,34,23,745.8286666666668,-247.80022727272728,-1.0385405446227414,-102.6109090909091,-0.9375533073292016,1.9638309883731715,2.169969392003789,2.2966132511556268,2.710515547909671,2.9338151001540886,2.595222806323773,340.1609090909091,29.49351823317925,3.5464175053554747,43.0848835294255,-0.3048283390376696,3.7560719937513194,3,0,0
MATO GROSSO,TASSO FRAGOSO - MA,2112001,2112001,1984,,395.36861058193904,10582.204993477982,26.76541513475777,1800.0,288.0,160.0,1469.25,623.65,25.7956611570248,23.89440677966101,27.82593220338983,30.70706611570248,21.56681818181818,2.24891024251745,242,59.0,0,0,0.0,362.0920454545456,1.526423941969135,251.35909090909087,2.205461880761148,-1.1117341168804664,-1.1277377120221002,-1.6372200821777128,-1.7264367100471585,-2.28248882896764,-1.8163368695476176,372.29090909090905,30.10842103235747,0.7059273624003372,21.19079208294056,5.574623051817209,3.287110574084028,40,1,0
MATO GROSSO,TASSO FRAGOSO - MA,2112001,2112001,1985,,815.4477593252493,13484.962613216734,16.535078683250354,1112.0,367.0,330.0,1409.14,352.74,24.809752066115703,23.86186440677966,28.039491525423728,29.51628099173553,20.71198347107438,1.5406244155296225,242,59.0,0,5,140.19745762711864,301.9820454545454,1.2730260993388611,-19.550909090909045,-0.1715425711410663,-2.0976432077895595,-2.127839126165492,-1.6697624550590682,-1.760752406382672,-2.068929506933742,-1.6463926991653222,372.29090909090905,30.10842103235747,0.7059273624003372,21.896719445340977,-5.361640762090623,2.8054841050102994,40,1,0
MATO GROSSO,TASSO FRAGOSO - MA,2112001,2112001,1986,,2965.264579364543,73487.53467693043,24.787748349800665,1667.0,2000.0,1200.0,1092.3,264.79,25.74995867768595,25.396440677966105,30.336610169491525,30.79359504132232,21.39413223140496,1.6949599434510612,242,59.0,14,12,364.0393220338983,-14.857954545454504,-0.0626347301233877,-107.50090909090903,-0.9432288933321988,-1.1574365962193127,-1.1740980860546526,-0.1351861838726229,-0.1425528510610755,0.2281891371340556,0.1815861430499551,372.29090909090905,30.10842103235747,0.7059273624003372,22.602646807741394,2.1851015420592717,3.210349512950566,40,1,0
MATO GROSSO,TASSO FRAGOSO - MA,2112001,2112001,1987,,4484.962676288871,70033.6205471147,15.613158828608698,1050.0,1906.0,1815.0,1201.49,363.69,26.628930041152262,25.514333333333333,29.947,31.54094650205761,22.25962962962963,2.108426346917244,243,60.0,5,5,149.735,94.33204545454556,0.3976632308947383,-8.600909090909056,-0.075465649844956,-0.2784652327529997,-0.2824737854980613,-0.0172935285053945,-0.0182359004650416,-0.1614210323574703,-0.128454066837174,372.29090909090905,30.10842103235747,0.7059273624003372,23.308574170141583,-7.695415341532884,2.7481140733513407,40,1,0
MATO GROSSO,TASSO FRAGOSO - MA,2112001,2112001,1988,2149.8168200392934,2149.8168200392934,57540.73965203653,26.76541513475777,1800.0,1566.0,870.0,1197.16,299.03,26.111570247933884,24.74847457627119,29.09406779661017,31.032603305785127,21.84161157024793,2.2851445229777863,242,59.0,1,8,232.75254237288132,90.00204545454562,0.3794098178421836,-73.26090909090908,-0.6428020636355036,-0.7958250259713786,-0.8072810578821051,-0.7831522855675388,-0.8258284088249866,-1.0143532357473006,-0.8071922006584634,372.29090909090905,30.10842103235747,0.7059273624003372,24.014501532542,2.750913602215771,3.287110574084028,40,1,0
MATO GROSSO,TASSO FRAGOSO - MA,2112001,2112001,1989,4077.2387966262463,4077.2387966262463,109128.98899524169,26.76541513475777,1800.0,2970.0,1650.0,1322.15,322.77,25.88388429752066,24.848474576271187,29.59050847457627,30.7900826446281,21.54842975206612,2.0062863329116145,242,59.0,8,26,769.3532203389831,214.99204545454563,0.9063137664423808,-49.52090909090907,-0.4345037886063109,-1.0235109763846033,-1.0382445849339563,-0.6831522855675409,-0.7203791336273151,-0.517912557781198,-0.4121394426824761,372.29090909090905,30.10842103235747,0.7059273624003372,24.720428894942415,2.044986239815355,3.287110574084028,40,1,0
MATO GROSSO,TASSO FRAGOSO - MA,2112001,2112001,1990,6135.626625468467,6135.626625468467,24618.32411677169,3.9999425951388,269.0,670.0,2483.0,1254.38,477.66,26.35330578512397,24.85254237288136,28.994745762711865,31.27512396694215,22.06342975206612,2.080031275071988,242,59.0,2,4,115.97898305084746,147.22204545454565,0.620624666541306,105.36909090909096,0.924524004960313,-0.5540894887812939,-0.5620656979450216,-0.679084488957372,-0.7160896715853763,-1.1136752696456045,-0.8862297275187996,372.29090909090905,30.10842103235747,0.7059273624003372,25.426356257342604,-21.426413662203803,1.3862800098016108,40,1,0
MATO GROSSO,TASSO FRAGOSO - MA,2112001,2112001,1991,3494.0700960178865,3494.0700960178865,93512.88787639396,26.750545459682904,1799.0,2545.0,1414.0,1140.51,626.0,26.537572016460903,24.5785,28.7605,31.653374485596707,22.108847736625517,2.432748392599009,243,60.0,7,13,373.8865,33.35204545454553,0.1405978433786167,253.70909090909092,2.226081128710541,-0.3698232574443558,-0.3751469239543906,-0.953126861838726,-1.0050653675232708,-1.347921032357469,-1.072635553452809,372.29090909090905,30.10842103235747,0.7059273624003372,26.13228361974302,0.6182618399398834,3.286554864150305,40,1,0
MATO GROSSO,TASSO FRAGOSO - MA,2112001,2112001,1992,10749.084100196467,10749.084100196467,191802.46550678843,17.843610089838513,1200.0,5220.0,4350.0,1253.54,442.41,26.123016528925618,24.57525423728813,28.960169491525424,31.1448347107438,21.70673553719008,2.1162488322637336,242,59.0,1,6,173.76101694915255,146.3820454545455,0.6170835887204864,70.11909090909097,0.6152352857194099,-0.7843787449796444,-0.7956700057961968,-0.9563726245505926,-1.0084880007775705,-1.148251540832046,-0.9137444979616482,372.29090909090905,30.10842103235747,0.7059273624003372,26.83821098214321,-8.994600892304696,2.8816454659758635,40,1,0
MATO GROSSO,TASSO FRAGOSO - MA,2112001,2112001,1993,19064.18019149787,19064.18019149787,569160.9560728262,29.84343787525491,2007.0,15490.0,7715.0,1474.67,458.98,26.107314049586776,24.538983050847456,28.39084745762712,30.954628099173554,21.83847107438017,2.0309437682418245,242,59.0,0,2,56.78169491525424,367.5120454545456,1.5492723250510865,86.68909090909096,0.7606229191327932,-0.800081224318486,-0.8115985249032196,-0.9926438109912716,-1.0467357039848637,-1.717573574730352,-1.3667940759887365,372.29090909090905,30.10842103235747,0.7059273624003372,27.544138344543626,2.2992995307112842,3.3959649789961097,40,1,0
MATO GROSSO,TASSO FRAGOSO - MA,2112001,2112001,1994,23539.2586525222,23539.2586525222,823942.2387977439,34.98834545115835,2353.0,22424.0,9526.0,1295.35,386.89,26.33243801652893,24.641186440677966,28.90135593220339,31.290413223140494,21.996446280991737,2.2069101788781262,242,59.0,0,9,260.11220338983054,188.19204545454545,0.7933365216829171,14.599090909090933,0.1280945852299077,-0.5749572573763366,-0.5832338614951471,-0.8904404211607613,-0.9389629701811372,-1.2070651001540789,-0.9605465829796288,372.29090909090905,30.10842103235747,0.7059273624003372,28.250065706944042,6.73827974421431,3.5550150189271346,40,1,0
MATO GROSSO,TASSO FRAGOSO - MA,2112001,2112001,1995,45838.04828934356,45838.04828934356,1260935.8637541109,27.49402921342617,1849.0,34317.0,18550.0,1272.93,341.03,26.166666666666668,24.905666666666665,29.129,31.029423868312755,21.875843621399177,2.250968019495923,243,60.0,0,2,58.258,165.7720454545456,0.6988234684177251,-31.26090909090908,-0.2742878449654914,-0.7407286072385943,-0.7513915171557028,-0.6259601951720626,-0.6600704888348847,-0.979421032357468,-0.7793941899316436,372.29090909090905,30.10842103235747,0.7059273624003372,28.95599306934423,-1.4619638559180608,3.3139688615868965,40,1,0
MATO GROSSO,TASSO FRAGOSO - MA,2112001,2112001,1996,41266.59872948989,41266.59872948989,1429957.193511051,34.646342924436446,2330.0,38917.0,16700.0,1339.94,420.71,25.85566115702479,24.57271186440678,28.841355932203392,30.734710743801653,21.61119834710744,2.041744783323252,242,59.0,3,7,201.88949152542372,232.7820454545456,0.981308736004726,48.419090909090926,0.4248362727399031,-1.0517341168804712,-1.066874002171055,-0.9589149974319467,-1.011168914553781,-1.2670651001540776,-1.0082928022775106,372.29090909090905,30.10842103235747,0.7059273624003372,29.661920431744647,4.984422492691799,3.5451921767595183,40,1,0
MATO GROSSO,TASSO FRAGOSO - MA,2112001,2112001,1997,80259.82794813362,80259.82794813362,2386875.1263067005,29.739350149730857,2000.0,64960.0,32480.0,887.41,321.93,27.944421487603307,26.327627118644067,30.80593220338983,33.39185950413223,22.99888429752066,2.105764237736635,242,59.0,18,6,184.83559322033895,-219.7479545454545,-0.92636262858482,-50.36090909090905,-0.441874072979711,1.037026213698045,1.051954376307513,0.796000256805339,0.8393765013728526,0.6975111710323603,0.5550586889139039,372.29090909090905,30.10842103235747,0.7059273624003372,30.367847794145064,-0.6284976444142067,3.3924710897418544,40,1,0
MATO GROSSO,TASSO FRAGOSO - MA,2112001,2112001,1998,88908.51630461354,88908.51630461354,2792158.880049972,31.404753758115785,2112.0,75990.0,35980.0,998.12,321.2,27.093595041322317,25.50050847457627,30.113728813559323,32.41909090909091,22.34735537190083,2.34515495273563,242,59.0,8,10,301.1372881355932,-109.03795454545444,-0.4596570029385453,-51.090909090909065,-0.4482792010661185,0.186199767417051,0.188880143640073,-0.031118387262456,-0.0328141138214652,0.0053077812018536,0.004223774754148,372.29090909090905,30.10842103235747,0.7059273624003372,31.073775156545253,0.33097860157053205,3.446959275025924,40,1,0
MATO GROSSO,TASSO FRAGOSO - MA,2112001,2112001,1999,120115.4549486092,120115.4549486092,4375888.739872499,36.41583425834544,2449.0,119092.0,48609.0,1616.84,499.61,25.99102880658436,24.660833333333336,28.850166666666667,30.857201646090537,21.615061728395062,2.3093255453429187,243,60.0,2,4,115.40066666666668,509.6820454545455,2.1485997462247,127.31909090909096,1.117116554955712,-0.916366467320902,-0.929557713070851,-0.8707935285053914,-0.9182454642771848,-1.258254365690803,-1.001281481279862,372.29090909090905,30.10842103235747,0.7059273624003372,31.77970251894567,4.636131739399772,3.59500368715194,40,1,0
MATO GROSSO,TASSO FRAGOSO - MA,2112001,2112001,2000,116188.95043476734,116188.95043476734,4358949.863129467,37.5013205388106,2522.0,118631.0,47020.0,1136.53,260.71,26.56309917355372,25.25254237288136,29.940677966101696,31.76309917355372,21.792148760330576,2.137852662538116,242,59.0,8,13,389.228813559322,29.372045454545518,0.1238198794180695,-111.58090909090907,-0.9790274174315718,-0.3442961003515421,-0.3492522992440708,-0.2790844889573698,-0.2942925707946786,-0.1677430662557739,-0.1334849537857916,372.29090909090905,30.10842103235747,0.7059273624003372,32.485629881346085,5.015690657464518,3.6243761467246367,40,1,0
MATO GROSSO,TASSO FRAGOSO - MA,2112001,2112001,2001,136404.6417045851,136404.6417045851,4787970.090573386,35.092433176682405,2360.0,130307.0,55201.0,1142.14,531.15,27.065454545454543,25.125084745762717,29.70457627118644,32.42380165289256,22.219297520661154,2.34030657281728,242,59.0,10,12,356.4549152542373,34.982045454545414,0.1474692205785387,158.85909090909092,1.3938531848807638,0.1580592715492841,0.1603345607140658,-0.4065421160760145,-0.4286957147754432,-0.4038447611710296,-0.3213676754862192,372.29090909090905,30.10842103235747,0.7059273624003372,33.191557243746274,1.900875932936131,3.5579855282194277,40,1,0
MATO GROSSO,TASSO FRAGOSO - MA,2112001,2112001,2002,153702.01841754495,153702.01841754495,5302346.089544562,34.48277649861292,2319.0,144306.0,62201.0,1076.75,361.36,27.44396694214876,26.20779661016949,31.017966101694917,32.78805785123967,22.540123966942147,2.3562418136472854,242,59.0,18,9,279.1616949152542,-30.40795454545446,-0.1281868254968819,-10.93090909090904,-0.095909414833078,0.5365716682434964,0.5442957055044337,0.6761697483307643,0.7130160987207264,0.9095450693374438,0.7237889723648961,372.29090909090905,30.10842103235747,0.7059273624003372,33.89748460614669,0.5852918924662305,3.5404599674553032,40,1,0
MATO GROSSO,TASSO FRAGOSO - MA,2112001,2112001,2003,153484.56568172487,153484.56568172487,5408939.758593448,35.2262602523562,2369.0,147207.0,62113.0,1404.9,733.02,27.04913580246913,24.9615,29.1415,32.251522633744855,22.30674897119341,2.4398024565394723,243,60.0,3,6,174.849,297.74204545454563,1.2551520874813946,360.7290909090909,3.165090454473986,0.1417405285638722,0.1437809067440996,-0.5701268618387267,-0.6011946435161808,-0.9669210323574688,-0.7694470609112518,372.29090909090905,30.10842103235747,0.7059273624003372,34.60341196854711,0.6228482838090912,3.5617918343585573,40,1,0
MATO GROSSO,TASSO FRAGOSO - MA,2112001,2112001,2004,187251.51607923865,187251.51607923865,7517811.5412173215,40.148122702136654,2700.0,204601.0,75778.0,1015.3,279.87,27.40289256198347,26.503389830508475,31.43203389830509,32.75169421487603,22.59764462809917,1.9332963435269424,242,59.0,21,20,628.6406779661017,-91.8579545454545,-0.3872335303651286,-92.42090909090903,-0.8109147405335375,0.4954972880782087,0.5026300528929037,0.9717629686697472,1.024717007101647,1.3236128659476163,1.0532918360505712,372.29090909090905,30.10842103235747,0.7059273624003372,35.309339330947296,4.838783371189358,3.6925756821921922,40,1,0
MATO GROSSO,TASSO FRAGOSO - MA,2112001,2112001,2005,205977.1618979257,205977.1618979257,8269589.020962319,40.13325302706179,2699.0,225061.0,83356.0,1366.59,356.11,27.427107438016527,26.396949152542373,31.12372881355932,32.721239669421486,22.614545454545457,2.637270038907418,242,59.0,20,18,560.2271186440678,259.43204545454546,1.0936536454390422,-16.18090909090904,-0.1419736921668295,0.5197121641112652,0.5271935060421553,0.8653222907036451,0.9124760836709022,1.0153077812018516,0.8079517996018432,372.29090909090905,30.10842103235747,0.7059273624003372,36.01526669334771,4.117986333714079,3.6922052432177765,40,1,0
MATO GROSSO,TASSO FRAGOSO - MA,2112001,2112001,2006,207568.520555518,207568.520555518,7777920.670206317,37.47158118866088,2520.0,211680.0,84000.0,1076.77,285.56,26.77392561983471,26.8064406779661,31.586610169491525,32.07239669421488,21.8553305785124,1.5268963050563855,242,59.0,27,21,663.318813559322,-30.38795454545448,-0.1281025141201958,-86.73090909090905,-0.7609898380518144,-0.1334696540705522,-0.1353909716545017,1.2748138161273737,1.3442819292261223,1.4781891371340556,1.176299045089184,372.29090909090905,30.10842103235747,0.7059273624003372,36.72119405574813,0.7503871329127492,3.623582810705241,40,1,0
MATO GROSSO,TASSO FRAGOSO - MA,2112001,2112001,2007,207568.520555518,207568.520555518,9259429.369293232,44.60902522459628,3000.0,252000.0,84000.0,1069.05,362.55,27.18102880658436,25.6105,30.1375,32.491769547325106,22.330164609053497,2.659417107263626,243,60.0,13,12,361.65,-38.1079545454545,-0.1606467055210562,-9.740909090909042,-0.0854681786374277,0.2736335326790993,0.2775725323083084,0.0788731381612741,0.0831711525167235,0.0290789676425298,0.0231401794336045,372.29090909090905,30.10842103235747,0.7059273624003372,37.42712141814832,7.181903806447963,3.7979361978500186,40,1,0
MATO GROSSO,TASSO FRAGOSO - MA,2112001,2112001,2008,224174.00219995945,224174.00219995945,10000183.718836691,44.60902522459628,3000.0,272160.0,90720.0,1129.15,285.5,27.14495867768595,25.87728813559322,30.75457627118644,32.410206611570246,22.404256198347102,2.478070834444813,242,59.0,18,19,584.3369491525424,21.992045454545632,0.0927089814208746,-86.79090909090905,-0.7615162869356288,0.2375634037806868,0.2409831679822592,0.3456612737544908,0.3644973078131578,0.6461552388289711,0.5141911622267333,372.29090909090905,30.10842103235747,0.7059273624003372,38.133048780548734,6.4759764440475465,3.7979361978500186,40,1,0
MATO GROSSO,TASSO FRAGOSO - MA,2112001,2112001,2009,215878.67453918717,215878.67453918717,9630137.23797101,44.60902522459628,3000.0,262089.0,87363.0,1075.98,336.71,26.96322314049587,25.67728813559322,30.37830508474576,32.0149173553719,22.449380165289256,2.07235517185169,242,59.0,9,15,455.6745762711864,-31.17795454545444,-0.1314328134992992,-35.580909090909074,-0.3121921646001212,0.055827866590608,0.0566315178962315,0.1456612737544915,0.1535987574178109,0.2698840523882921,0.2147657191722122,372.29090909090905,30.10842103235747,0.7059273624003372,38.83897614294915,5.77004908164713,3.7979361978500186,40,1,0
MATO GROSSO,TASSO FRAGOSO - MA,2112001,2112001,2010,258865.12672470845,258865.12672470845,9769359.372416452,37.72436566493359,2537.0,265878.0,104759.0,1353.19,530.67,26.431776859504133,24.558474576271188,28.58508474576271,31.34797520661157,22.003016528925617,2.445639642548556,242,59.0,2,5,142.92542372881354,246.0320454545456,1.0371650230593112,158.3790909090909,1.389641593810249,-0.4756184144011293,-0.4824650195654464,-0.97315228556754,-1.0261820317005683,-1.523336286594759,-1.212225806736268,372.29090909090905,30.10842103235747,0.7059273624003372,39.54490350534934,-1.8205378404157457,3.630306189799054,40,1,0
MATO GROSSO,TASSO FRAGOSO - MA,2112001,2112001,2011,274398.1710129464,274398.1710129464,12240634.932299608,44.60902522459628,3000.0,333135.0,111045.0,1170.51,456.17,26.044814814814817,24.416,28.521166666666662,31.049218106995884,21.56724279835391,1.8542770156286497,243,60.0,0,10,285.21166666666664,63.35204545454553,0.2670649084078664,83.87909090909096,0.7359675630741567,-0.8625804590904451,-0.8749974464211058,-1.1156268618387273,-1.1764204397194924,-1.5872543656908036,-1.2630899170965877,372.29090909090905,30.10842103235747,0.7059273624003372,40.250830867749755,4.358194356846525,3.7979361978500186,40,1,0
MATO GROSSO,TASSO FRAGOSO - MA,2112001,2112001,2012,280353.4107098368,280353.4107098368,13340045.194833826,47.58296023956937,3200.0,363056.0,113455.0,1002.63,339.86,27.4051652892562,26.16627118644068,30.81661016949153,32.66537190082645,22.636115702479337,2.2129539817319266,242,59.0,15,18,554.6989830508475,-104.52795454545446,-0.4406447874958148,-32.43090909090904,-0.28455359819987,0.4977700153509374,0.5049354964478693,0.6346443246019504,0.6692278403759293,0.7081891371340561,0.5635558974330194,372.29090909090905,30.10842103235747,0.7059273624003372,40.95675823015017,6.626202009419195,3.8624747189875897,40,1,0
MATO GROSSO,TASSO FRAGOSO - MA,2112001,2112001,2013,282048.5536277069,282048.5536277069,11842993.88216274,41.99196241141996,2824.0,322313.0,114141.0,1082.49,277.43,26.79239669421488,25.470169491525425,30.13610169491525,31.852561983471077,22.20409090909091,2.26000973992444,242,59.0,11,18,542.4498305084746,-24.66795454545445,-0.1039894603879521,-94.86090909090905,-0.8323236618086525,-0.1149985796903863,-0.1166540031259753,-0.0614573703133025,-0.0648063515509279,0.0276806625577847,0.0220274497465781,372.29090909090905,30.10842103235747,0.7059273624003372,41.66268559255036,0.3292768188696016,3.7374782288129045,40,1,0
MATO GROSSO,TASSO FRAGOSO - MA,2112001,2112001,2014,361100.0362597495,361100.0362597495,14497473.865995482,40.148122702136654,2700.0,394556.0,146132.0,903.45,282.84000000000003,27.60867768595041,26.25898305084746,31.07915254237288,32.87148760330578,22.755454545454544,2.244557434831022,242,59.0,23,20,621.5830508474576,-203.7079545454544,-0.8587449044825142,-89.45090909090902,-0.7848555207847293,0.7012824120451526,0.7113774875060109,0.7273561890087308,0.7669918294151293,0.970731510015412,0.7724793259426823,372.29090909090905,30.10842103235747,0.7059273624003372,42.36861295495078,-2.2204902528141233,3.6925756821921922,40,1,0
MATO GROSSO,TASSO FRAGOSO - MA,2112001,2112001,2015,390421.5608420325,390421.5608420325,16022854.623284526,41.04030320662857,2760.0,436070.0,157998.0,769.28,433.1,29.20576131687243,26.14283333333333,30.946,34.989300411522635,23.90539094650206,2.634001868568323,243,60.0,23,24,742.7040000000001,-337.8779545454545,-1.4243477749816622,60.80909090909091,0.5335479672475566,2.2983660429671677,2.3314513995109927,0.6112064714946044,0.6445127941523374,0.837578967642532,0.6665204844725794,372.29090909090905,30.10842103235747,0.7059273624003372,43.074540317350966,-2.034237110722394,3.7145545889109672,40,1,0
MATO GROSSO,TASSO FRAGOSO - MA,2112001,2112001,2016,386517.2958125359,386517.2958125359,7586559.129907589,19.627971098822364,1320.0,206472.0,156418.0,737.71,301.24,28.149545454545454,26.22169491525424,31.137627118644065,33.74842975206612,23.12826446280992,2.42411950905702,242,59.0,20,15,467.064406779661,-369.4479545454544,-1.5574332830807756,-71.05090909090904,-0.6234111964150099,1.2421501806401911,1.260031136431899,0.6900680534155086,0.7276717606973507,1.029206086286596,0.8190116583092613,372.29090909090905,30.10842103235747,0.7059273624003372,43.78046767975138,-24.152496580929018,2.9769556457801882,40,1,0
MATO GROSSO,TASSO FRAGOSO - MA,2112001,2112001,2017,401978.67954010586,401978.67954010586,16138707.721702706,40.148122702136654,2700.0,439223.0,162675.0,818.32,391.5,27.72681818181818,26.25152542372881,31.235762711864407,33.3250826446281,22.66995867768595,2.52968340564191,242,59.0,26,10,312.3576271186441,-288.8379545454544,-1.2176162793471816,19.209090909090943,0.1685434078029734,0.8194229079129194,0.831218635208593,0.7198985618900835,0.7591278156715706,1.1273416795069373,0.8971050508896989,372.29090909090905,30.10842103235747,0.7059273624003372,44.4863950421518,-4.338272340015145,3.6925756821921922,40,1,0
MATO GROSSO,TASSO FRAGOSO - MA,2112001,2112001,2018,447147.0722452762,447147.0722452762,18617001.34114751,41.6350902096232,2800.0,506671.0,180954.0,679.78,239.5,28.145867768595043,27.162033898305083,32.16050847457627,33.57194214876033,23.24351239669421,2.3692739821218094,242,59.0,27,18,578.8891525423728,-427.3779545454545,-1.8016411856522567,-132.79090909090905,-1.1651270978599275,1.2384724946897805,1.256300509588414,1.6304070364663552,1.7192524027256455,2.0520874422187987,1.6329902839101753,372.29090909090905,30.10842103235747,0.7059273624003372,45.19232240455199,-3.557232194928787,3.7289433263630674,40,1,0
MATO GROSSO,TASSO FRAGOSO - MA,2112001,2112001,2019,460572.3076283492,460572.3076283492,21915379.10381952,47.58296023956937,3200.0,596438.0,186387.0,739.38,252.83,28.77987654320988,27.293,32.30266666666667,34.32744855967078,23.751934156378603,2.4817045397693804,243,60.0,34,20,646.0533333333333,-367.77795454545446,-1.550393283127481,-119.46090909090908,-1.048167704172517,1.872481269304615,1.8994359446080311,1.7613731381612716,1.857355207717584,2.1942456343091976,1.746115554152488,372.29090909090905,30.10842103235747,0.7059273624003372,45.898249766952404,1.6847104726169633,3.8624747189875897,40,1,0
MATO GROSSO,TASSO FRAGOSO - MA,2112001,2112001,2020,465175.88088781264,465175.88088781264,22411126.01275009,48.17774724256398,3240.0,609930.0,188250.0,655.29,217.18,28.69446280991736,28.013050847457627,33.53949152542373,34.59479338842976,23.3550826446281,2.1371676103845343,242,59.0,40,24,804.9477966101695,-451.8679545454545,-1.904880466404468,-155.11090909090905,-1.3609660826388486,1.7870675360120956,1.8127926666011835,2.4814239856189,2.6166436074163606,3.431070493066258,2.730344069807284,372.29090909090905,30.10842103235747,0.7059273624003372,46.60417712935282,1.5735701132111615,3.8748972389861467,40,1,0
MATO GROSSO,TASSO FRAGOSO - MA,2112001,2112001,2021,488433.4394052952,488433.4394052952,23313736.657419488,47.73165699031802,3210.0,634495.0,197662.0,1393.73,391.83,26.99004132231405,25.3571186440678,29.57915254237288,31.863884297520663,22.498553719008264,2.517680797042339,242,59.0,4,16,473.2664406779661,286.5720454545456,1.2080641836021704,19.53909090909093,0.1714388766639519,0.0826460484087867,0.0838357518448038,-0.1745082177709314,-0.1840176507998254,-0.5292684899845881,-0.421176156504392,372.29090909090905,30.10842103235747,0.7059273624003372,47.31010449175301,0.4215524985650134,3.8655948463238334,40,1,0
MATO GROSSO,TASSO FRAGOSO - MA,2112001,2112001,2022,489762.866358377,489762.866358377,23536146.68111921,48.05878984196506,3232.0,640548.0,198200.0,1010.43,229.63,27.252727272727277,26.454915254237285,31.60457627118644,32.65409090909091,22.305619834710743,2.2313007203342914,242,59.0,24,20,632.0915254237289,-96.72795454545452,-0.4077633505882101,-142.66090909090906,-1.2517279392473808,0.3453319988220116,0.3503031096431008,0.9232883923985576,0.973600917768534,1.4961552388289725,1.19059593561341,372.29090909090905,30.10842103235747,0.7059273624003372,48.016031854153425,0.04275798781163331,3.872425049840758,40,1,0
MATO GROSSO,TASSO FRAGOSO - MA,2112001,2112001,2023,488725.0237555994,488725.0237555994,23439510.573019054,47.954702116441,3225.0,637918.0,197780.0,938.31,423.16,29.21481481481481,27.045666666666666,31.56883333333333,34.91061728395062,23.875884773662552,2.425925627779048,243,60.0,26,16,505.1013333333333,-168.8479545454545,-0.7117901749185265,50.86909090909097,0.4463329354956543,2.307419540909553,2.3406352240427,1.514039804827938,1.5965440003953366,1.460412300975861,1.1621527664619888,372.29090909090905,30.10842103235747,0.7059273624003372,48.72195921655384,-0.7672571001128432,3.8702568594296447,40,1,0
MATO GROSSO,TIMON - MA,2112209,2112209,2023,1878.0009002642105,1878.0009002642105,91859.41834616305,48.90636132123239,3289.0,2500.0,760.0,911.92,365.71,29.695720164609057,28.561833333333333,33.00833333333333,34.58320987654321,25.331440329218108,2.6033141218908424,243,60.0,38,18,594.15,-268.60022727272724,-0.94404260337012,-64.39340909090907,-0.5021784082199556,1.9899986218165784,2.2056265528090444,2.357877824858757,2.794694275977817,2.930987673343605,2.5524082936429684,430.10340909090905,30.077345659989728,,,,3.889907476388829,1,0,0
MATO GROSSO,URBANO SANTOS - MA,2112605,2112605,2008,988.4215264548476,988.4215264548476,39683.26872554243,40.148122702136654,2700.0,1080.0,400.0,1174.55,449.75,27.030247933884297,26.353389830508476,31.98322033898305,33.558181818181815,22.61694214876033,1.267905099273346,242,59.0,33,15,479.7483050847457,-24.548636363636437,-0.0835747558719607,15.83977272727276,0.1318831430872664,-0.3176124247525784,-0.4502678531670911,-0.1865970082177739,-0.2801434836320646,-0.4306092706728286,-0.4308462166945107,433.9102272727272,32.41382960965588,0.5200887529126043,34.59134699382935,5.556775708307306,3.6925756821921922,16,0,0
MATO GROSSO,URBANO SANTOS - MA,2112605,2112605,2009,494.2107632274238,494.2107632274238,15726.332420863111,31.82110466021201,2140.0,428.0,200.0,743.15,240.32,27.5604958677686,27.458305084745763,33.725762711864405,34.36231404958678,22.914338842975205,0.9382966391128176,242,59.0,46,25,843.1440677966101,-455.9486363636364,-1.5522571359886173,-193.59022727272725,-1.611846841700323,0.2126355091317222,0.3014458086090812,0.918318246019517,1.3786977346525862,1.3119331022085277,1.3126550033622015,433.9102272727272,32.41382960965588,0.5200887529126043,35.11143574674179,-3.290331086529779,3.460129738215669,16,0,0
MATO GROSSO,URBANO SANTOS - MA,2112605,2112605,2010,1111.9742172617036,1111.9742172617036,29762.451544156826,26.76541513475777,1800.0,810.0,450.0,1380.34,475.97,27.657520661157022,26.127966101694916,31.647457627118644,34.27871900826447,23.00289256198347,1.8547432883141728,242,59.0,24,13,411.4169491525424,181.24136363636356,0.6170282738086297,42.05977272727273,0.3501928417986761,0.3096603025201503,0.4389944119328352,-0.4120207370313338,-0.6185786455155722,-0.7663719825372333,-0.7667936845412497,433.9102272727272,32.41382960965588,0.5200887529126043,35.63152449965446,-8.86610936489669,3.287110574084028,16,0,0
MATO GROSSO,URBANO SANTOS - MA,2112605,2112605,2011,1235.5269080685596,1235.5269080685596,49604.08590692804,40.148122702136654,2700.0,1350.0,500.0,780.04,411.57,27.04942386831276,26.34883333333333,32.27916666666667,33.73341563786008,22.501069958847737,1.1114347799157924,243,60.0,32,22,710.1416666666667,-419.0586363636364,-1.426666748871085,-22.340227272727248,-0.1860064181942605,-0.2984364903241179,-0.4230828120456614,-0.1911535053929114,-0.2869842845859199,-0.134662942989209,-0.1347370422963591,433.9102272727272,32.41382960965588,0.5200887529126043,36.15161325256713,3.9965094495695226,3.6925756821921922,16,0,0
MATO GROSSO,URBANO SANTOS - MA,2112605,2112605,2012,1482.6322896822714,1482.6322896822714,47619.92247065092,32.118498161709326,2160.0,1296.0,600.0,845.74,294.09000000000003,28.472851239669424,27.51186440677966,33.63627118644068,35.447066115702484,23.66053719008265,1.539326161578646,242,59.0,47,32,1076.3606779661018,-353.3586363636364,-1.2029939802719556,-139.8202272727272,-1.1641537639080834,1.1249908810325486,1.594859613032087,0.9718775680534152,1.4591078934158852,1.222441576784803,1.2231142345469206,433.9102272727272,32.41382960965588,0.5200887529126043,36.671702005479574,-4.553203843770248,3.4694321308779825,16,0,0
MATO GROSSO,URBANO SANTOS - MA,2112605,2112605,2013,3928.9755676580194,3928.9755676580194,175267.77020447908,44.60902522459628,3000.0,4770.0,1590.0,979.45,435.87,27.851487603305788,26.334237288135597,31.87372881355932,34.42665289256198,23.355,1.7951905138935749,242,59.0,29,14,446.2322033898305,-219.64863636363637,-0.7477841493832253,1.959772727272764,0.0163172156229502,0.5036272446689125,0.7139744562265825,-0.205749550590653,-0.3088977492657728,-0.5401007960965565,-0.5403979906616954,433.9102272727272,32.41382960965588,0.5200887529126043,37.191790758392244,7.417234466204036,3.7979361978500186,16,0,0
MATO GROSSO,URBANO SANTOS - MA,2112605,2112605,2014,4176.080949271731,4176.080949271731,186290.90040601863,44.60902522459628,3000.0,5070.0,1690.0,768.41,220.76,27.984586776859505,27.64033898305085,34.32118644067797,35.00954545454545,23.179214876033058,1.44990600450481,242,59.0,46,30,1029.6355932203392,-430.6886363636364,-1.4662605738148882,-213.15022727272725,-1.7747048778099792,0.6367264182226293,0.902664426970114,1.1003521443245994,1.6519904894367077,1.907356831022092,1.9084063686048125,433.9102272727272,32.41382960965588,0.5200887529126043,37.711879511304915,6.897145713291366,3.7979361978500186,16,0,0
MATO GROSSO,URBANO SANTOS - MA,2112605,2112605,2015,3335.9226517851107,3335.9226517851107,104168.58040454888,31.2263176572174,2100.0,2835.0,1350.0,874.88,352.44,28.71349794238683,27.5075,33.582166666666666,35.75641975308642,23.903004115226334,1.6254930933361011,243,60.0,46,18,604.479,-324.2186363636364,-1.1037881282631483,-81.47022727272724,-0.6783272604828063,1.3656375837499546,1.9360158958466367,0.9675131612737538,1.4525554833267866,1.1683370570107885,1.1689799433499743,433.9102272727272,32.41382960965588,0.5200887529126043,38.231968264217585,-7.0056506070001845,3.441261253911286,16,0,0
MATO GROSSO,URBANO SANTOS - MA,2112605,2112605,2016,3335.9226517851107,3335.9226517851107,125002.29648545866,37.47158118866088,2520.0,3402.0,1350.0,1082.15,419.06,28.086652892561982,26.630338983050848,32.26338983050847,34.73400826446281,23.5602479338843,1.9074229196403156,242,59.0,33,7,225.84372881355927,-116.9486363636363,-0.3981465034908269,-14.850227272727238,-0.1236441129559514,0.7387925339251105,1.0473599338737274,0.0903521443246013,0.1356482866819614,-0.1504397791474048,-0.1505225597784767,433.9102272727272,32.41382960965588,0.5200887529126043,38.75205701713003,-1.2804758284691502,3.623582810705241,16,0,0
MATO GROSSO,URBANO SANTOS - MA,2112605,2112605,2017,3459.475342591966,3459.475342591966,154323.8228215539,44.60902522459628,3000.0,4200.0,1400.0,906.58,391.9,28.05607438016529,26.787288135593226,32.88864406779661,34.98599173553719,23.31925619834711,1.7020178050045525,242,59.0,39,13,427.552372881356,-292.51863636363635,-0.9958668685281044,-42.01022727272726,-0.3497803226051468,0.7082140215284127,1.004009862979523,0.2473012968669756,0.3712805873617584,0.4748144581407345,0.4750757284025609,433.9102272727272,32.41382960965588,0.5200887529126043,39.2721457700427,5.336879454553582,3.7979361978500186,16,0,0
MATO GROSSO,URBANO SANTOS - MA,2112605,2112605,2018,3583.0280333988226,3583.0280333988226,143851.84913009132,40.148122702136654,2700.0,3915.0,1450.0,1354.92,418.72,27.740537190082645,26.68423728813559,32.19949152542373,34.12210743801653,23.35309917355372,1.7712103255354346,242,59.0,29,13,418.5933898305085,155.82136363636369,0.5304869986520113,-15.190227272727212,-0.126474978614299,0.3926768314457689,0.5566839962928959,0.1442504494093448,0.2165673705007212,-0.2143380842321463,-0.2144560253909012,433.9102272727272,32.41382960965588,0.5200887529126043,39.79223452295537,0.3558881791812851,3.6925756821921922,16,0,0
MATO GROSSO,URBANO SANTOS - MA,2112605,2112605,2019,1976.8430529096952,1976.8430529096952,62905.329683452444,31.82110466021201,2140.0,1712.0,800.0,1380.86,667.57,27.983251028806585,26.8645,32.37833333333334,34.59205761316873,23.47753086419753,1.4229377301314332,243,60.0,37,8,259.0266666666667,181.7613636363635,0.6187985910030215,233.6597727272728,1.9454689010323207,0.6353906701697092,0.9007707844004664,0.324513161273753,0.4872009918700494,-0.0354962763225401,-0.0355158084181822,433.9102272727272,32.41382960965588,0.5200887529126043,40.31232327586781,-8.4912186156558,3.460129738215669,16,0,0
MATO GROSSO,URBANO SANTOS - MA,2112605,2112605,2020,2248.6589726847783,2248.6589726847783,98657.0153037791,43.88041114592787,2951.0,2685.0,910.0,1104.12,336.4,27.570330578512397,27.052881355932204,33.12305084745763,34.19971074380165,23.046157024793388,1.2075161804087955,242,59.0,36,19,629.3379661016949,-94.9786363636365,-0.3233506020277702,-97.51022727272726,-0.811877510953097,0.2224702198755181,0.3153881287074777,0.5128945172059574,0.7700233683177375,0.7092212378017493,0.7096114921744129,433.9102272727272,32.41382960965588,0.5200887529126043,40.83241202878048,3.0479991171473912,3.781468005142711,16,0,0
MATO GROSSO,URBANO SANTOS - MA,2112605,2112605,2021,2347.501125330263,2347.501125330263,94431.4820598556,40.222471077510974,2705.0,2570.0,950.0,1262.5,299.78,27.77322314049587,26.88237288135593,33.113389830508474,34.407396694214874,23.28520661157025,1.4197733527708565,242,59.0,42,14,463.5874576271186,63.40136363636361,0.2158471619102831,-134.13022727272727,-1.116778394508087,0.4253627818589933,0.6030217072081836,0.3423860426296841,0.5140340654193828,0.6995602208525966,0.6999451591773082,433.9102272727272,32.41382960965588,0.5200887529126043,41.35250078169315,-1.1300297041821779,3.6944258214803534,16,0,0
MATO GROSSO,URBANO SANTOS - MA,2112605,2112605,2022,2285.7247799268357,2285.7247799268357,100604.43497271776,44.01423822160167,2960.0,2738.0,925.0,1126.08,352.16,27.453884297520663,26.589152542372883,32.64728813559322,34.19223140495868,22.796652892561983,1.2983892810504092,242,59.0,36,13,424.4147457627119,-73.01863636363646,-0.2485887451261433,-81.75022727272727,-0.6806585616132107,0.1060239388837871,0.1503063722482228,0.0491657036466364,0.0738138924430969,0.233458525937344,0.2335869882643677,433.9102272727272,32.41382960965588,0.5200887529126043,41.87258953460582,2.1416486869958504,3.784513177517878,16,0,0
MATO GROSSO,URBANO SANTOS - MA,2112605,2112605,2023,2347.501125330263,2347.501125330263,99208.17181385608,42.25961656276754,2842.0,2700.0,950.0,1086.1,309.02,29.008230452674898,28.37066666666667,34.9485,36.098888888888894,24.06102880658436,1.5210684846849816,243,60.0,50,22,768.867,-112.99863636363648,-0.3846989017257353,-124.89022727272726,-1.0398454572047524,1.6603700940380222,2.35384770695836,1.830679827940422,2.7484525572652125,2.534670390344118,2.5360651119773263,433.9102272727272,32.41382960965588,0.5200887529126043,42.392678287518265,-0.13306172475072486,3.7438319388568178,16,0,0
MATO GROSSO,VILA NOVA DOS MARTÍRIOS - MA,2112852,2112852,2011,86.48688356479917,86.48688356479917,1543.238228215539,17.843610089838513,1200.0,42.0,35.0,1079.52,443.05,26.543415637860083,24.939166666666665,28.912166666666668,31.34423868312757,22.604609053497946,2.0584025189056447,243,60.0,5,12,346.946,-385.9695454545456,-1.0862183174804327,-67.06318181818182,-0.4397499023507364,-0.2129858807697395,-0.257994888354275,-0.360253145865439,-0.5382165195577626,-0.2875116204417054,-0.2875520361260634,510.1131818181818,29.199678287108373,1.9166201937483265,34.63405268279439,-16.790442592955877,2.8816454659758635,11,0,0
MATO GROSSO,VILA NOVA DOS MARTÍRIOS - MA,2112852,2112852,2014,2471.053816137119,2471.053816137119,110231.30201539565,44.60902522459628,3000.0,3000.0,1000.0,928.12,350.55,27.342644628099173,25.620169491525424,29.84694915254237,32.416157024793385,23.110495867768595,2.309495559728721,242,59.0,7,12,358.16338983050844,-537.3695454545456,-1.5122971498734528,-159.56318181818182,-1.046295325109294,0.5862431094693505,0.7101302914042599,0.3207496789933195,0.4791985243108341,0.6472708654339989,0.6473618526954923,510.1131818181818,29.199678287108373,1.9166201937483265,40.38391326403962,4.22511196055666,3.7979361978500186,11,0,0
MATO GROSSO,VILA NOVA DOS MARTÍRIOS - MA,2112852,2112852,2015,5386.897319178919,5386.897319178919,282302.36446142825,52.40073496382576,3524.0,7683.0,2180.0,775.69,183.99,29.20567901234568,27.3465,32.649166666666666,34.67012345679012,24.65353909465021,2.7387043469215606,243,60.0,36,26,848.8783333333333,-689.7995454545455,-1.941274669171128,-326.1231818181818,-2.1384705209435144,2.4492774937158543,2.9668683729463394,2.0470801874678948,3.058328251673767,3.449488379558293,3.44997327624988,510.1131818181818,29.199678287108373,1.9166201937483265,42.30053345778788,10.100201506037884,3.958920617255842,11,0,0
MATO GROSSO,VILA NOVA DOS MARTÍRIOS - MA,2112852,2112852,2016,5337.476242856177,5337.476242856177,269037.8644522423,50.40819850379379,3390.0,7322.0,2160.0,1351.76,607.76,27.54161157024793,25.38389830508475,29.243389830508477,32.526652892561984,23.45152892561984,2.655229765934961,242,59.0,5,10,292.4338983050847,-113.7295454545456,-0.3200644117296017,97.64681818181816,0.6402943850283127,0.7852100516181117,0.9511437043138083,0.0844784925526447,0.1262104738320698,0.0437115434001,0.0437176879584944,510.1131818181818,29.199678287108373,1.9166201937483265,44.21715365153614,6.191044852257654,3.9201538305742676,11,0,0
MATO GROSSO,VILA NOVA DOS MARTÍRIOS - MA,2112852,2112852,2017,6844.819070699819,6844.819070699819,333780.382502618,48.75766457048373,3279.0,9084.0,2770.0,1440.91,570.55,27.119380165289257,25.17627118644068,28.82491525423729,31.9001652892562,23.173760330578517,2.635895847167579,242,59.0,2,6,172.94949152542375,-24.579545454545496,-0.0691732102247286,60.436818181818126,0.396299193884032,0.3629786466594353,0.4396847109369134,-0.1231486260914245,-0.1839834729659898,-0.3747630328710833,-0.3748157135398587,510.1131818181818,29.199678287108373,1.9166201937483265,46.133773845284395,2.623890725199338,3.88686240704442,11,0,0
MATO GROSSO,VILA NOVA DOS MARTÍRIOS - MA,2112852,2112852,2018,8092.701247849065,8092.701247849065,435634.1055648436,53.82822377101285,3620.0,11856.0,3275.0,1386.83,397.12,26.773388429752064,25.22288135593221,28.899491525423727,31.447727272727278,22.899586776859504,2.149371249844505,242,59.0,0,10,288.9949152542373,-78.65954545454565,-0.2213683440147854,-112.99318181818182,-0.7409242944296615,0.0169869111222418,0.0205766514786243,-0.0765384565998985,-0.1143480971541801,-0.3001867616846461,-0.300228959121362,510.1131818181818,29.199678287108373,1.9166201937483265,48.05039403903311,5.777829731979743,3.9857979350195887,11,0,0
MATO GROSSO,VILA NOVA DOS MARTÍRIOS - MA,2112852,2112852,2019,8278.030284059349,8278.030284059349,443129.8341018905,53.53083026951554,3600.0,12060.0,3350.0,1229.8,516.55,27.62390946502057,26.01333333333333,29.93583333333333,32.6958024691358,23.491769547325102,2.167945275841223,243,60.0,2,7,209.55083333333332,-235.6895454545456,-0.6632914553138339,6.436818181818126,0.0422078119493064,0.8675079463907522,1.0508331114093603,0.7139135208012277,1.0665834700979564,0.7361550462249618,0.7362585279901198,510.1131818181818,29.199678287108373,1.9166201937483265,49.967014232781366,3.563816036734174,3.980257754643973,11,0,0
MATO GROSSO,VILA NOVA DOS MARTÍRIOS - MA,2112852,2112852,2020,7734.398444509183,7734.398444509183,375484.558431776,48.54948911943562,3265.0,10219.0,3130.0,1396.01,461.13,26.804917355371902,25.4635593220339,29.216610169491524,31.358057851239668,23.046735537190084,2.213138482641554,242,59.0,3,15,438.2491525423729,-69.47954545454559,-0.1955334451946536,-48.98318181818183,-0.3211948618807395,0.0485158367420801,0.0587683927143472,0.1641395095017941,0.2452236615831565,0.016931882383151,0.0169342625082149,510.1131818181818,29.199678287108373,1.9166201937483265,51.883634426529625,-3.334145307094005,3.8825836719103033,11,0,0
MATO GROSSO,VILA NOVA DOS MARTÍRIOS - MA,2112852,2112852,2021,8171.774969965452,8171.774969965452,417997.09724238026,51.15168225753708,3440.0,11376.0,3307.0,1673.09,498.09,26.414256198347108,25.12677966101695,28.767627118644068,30.840785123966945,22.800454545454546,1.759448607652331,242,59.0,0,9,258.9086440677966,207.60045454545437,0.5842414747489263,-12.023181818181854,-0.0788389826898607,-0.3421453202827145,-0.4144488047201013,-0.1726401515151536,-0.2579235811007109,-0.4320511684643051,-0.4321119021613443,510.1131818181818,29.199678287108373,1.9166201937483265,53.80025462027788,-2.6485723627408007,3.9347953805672162,11,0,0
MATO GROSSO,VILA NOVA DOS MARTÍRIOS - MA,2112852,2112852,2022,8255.790799714114,8255.790799714114,424757.9504326579,51.44907575903438,3460.0,11560.0,3341.0,1118.64,261.68,27.134256198347103,25.777627118644062,30.02627118644068,32.10528925619835,23.029545454545453,2.4112333203075598,242,59.0,3,13,390.3415254237288,-346.8495454545455,-0.976124500286146,-248.43318181818185,-1.6290379383044622,0.3778546797172843,0.4577044053600544,0.4782073061119618,0.7144394847805421,0.8265928993323044,0.8267090940017952,510.1131818181818,29.199678287108373,1.9166201937483265,55.71687481402614,-4.267799054991762,3.940592498251542,11,0,0
MATO GROSSO,VILA NOVA DOS MARTÍRIOS - MA,2112852,2112852,2023,8601.738333973311,8601.738333973311,448935.349341368,52.19255951277765,3510.0,12218.0,3481.0,898.43,377.14,28.988024691358024,26.96283333333333,31.676666666666662,34.5098353909465,24.435843621399176,2.631351074776353,243,60.0,26,14,443.4733333333333,-567.0595454545456,-1.5958525034649245,-132.97318181818184,-0.87193810574551,2.2316231727282023,2.7032184913668984,1.6634135208012282,2.4851320412490248,2.4769883795582928,2.477336571329995,510.1131818181818,29.199678287108373,1.9166201937483265,57.6334950077744,-5.440935494996751,3.9549399466596835,11,0,0
MATO GROSSO,VITORINO FREIRE - MA,2113009,2113009,1986,,7.413161448411357,73.48753467693042,9.91807327493524,667.0,2.0,3.0,1149.91,331.58,26.873305785123968,26.69542372881356,31.521186440677965,31.81004132231405,22.936280991735536,1.4608906442893677,242,59.0,25,17,535.8601694915254,-188.6838636363634,-0.6077817358522295,-154.1518181818182,-1.3103821359412853,-0.6973325621148732,-0.959716354916648,0.4960930277349789,0.6404153147725434,1.2176713533641497,1.0402446715287843,485.7318181818182,30.303515087313816,,,,2.2943586761153956,1,0,0
