municipio_codigo,municipio_nome,ano,area_colhida_ha,area_plantada_ha,producao_t,rendimento_kg_ha
1700251,Abreulândia - TO,2004,80.0,80.0,182.0,2275.0
1700251,Abreulândia - TO,2005,400.0,400.0,864.0,2160.0
1700251,Abreulândia - TO,2014,280.0,280.0,924.0,3300.0
1700251,Abreulândia - TO,2015,5350.0,5350.0,13802.0,2580.0
1700251,Abreulândia - TO,2016,3331.0,3331.0,11200.0,3362.0
1700251,Abreulândia - TO,2017,5862.0,5862.0,19532.0,3332.0
1700251,Abreulândia - TO,2018,5270.0,5270.0,17391.0,3300.0
1700251,Abreulândia - TO,2019,5445.0,5445.0,16335.0,3000.0
1700251,Abreulândia - TO,2020,3050.0,3050.0,9500.0,3115.0
1700251,Abreulândia - TO,2021,8449.0,8449.0,27000.0,3196.0
1700251,Abreulândia - TO,2022,8449.0,8449.0,27000.0,3196.0
1700251,Abreulândia - TO,2023,12207.0,12207.0,38818.0,3180.0
1700251,Abreulândia - TO,2024,15088.0,15088.0,45264.0,3000.0
1700251,Abreulândia - TO,2025,16112.0,16112.0,55103.0,3420.0
1700350,Aliança do Tocantins - TO,2004,1300.0,1300.0,2990.0,2300.0
1700350,Aliança do Tocantins - TO,2014,1730.0,1730.0,5190.0,3000.0
1700350,Aliança do Tocantins - TO,2015,3600.0,3600.0,11000.0,3056.0
1700350,Aliança do Tocantins - TO,2016,4221.0,4521.0,7600.0,1801.0
1700350,Aliança do Tocantins - TO,2017,6267.0,6267.0,18500.0,2952.0
1700350,Aliança do Tocantins - TO,2018,6500.0,6500.0,19000.0,2923.0
1700350,Aliança do Tocantins - TO,2019,6401.0,6401.0,19115.0,2986.0
1700350,Aliança do Tocantins - TO,2020,6373.0,6373.0,20500.0,3217.0
1700350,Aliança do Tocantins - TO,2021,7170.0,7170.0,23000.0,3208.0
1700350,Aliança do Tocantins - TO,2022,8124.0,8124.0,28328.0,3487.0
1700350,Aliança do Tocantins - TO,2023,9387.0,9387.0,34741.0,3701.0
1700350,Aliança do Tocantins - TO,2024,12240.0,12240.0,35732.0,2919.0
1700350,Aliança do Tocantins - TO,2025,11642.0,11642.0,43308.0,3720.0
1700350,Aliança do Tocantins - TO,1989,1200.0,1200.0,2160.0,1800.0
1700350,Aliança do Tocantins - TO,1990,1200.0,1200.0,1080.0,900.0
1700350,Aliança do Tocantins - TO,1991,147.0,150.0,221.0,1503.0
1700350,Aliança do Tocantins - TO,1992,150.0,150.0,270.0,1800.0
1700350,Aliança do Tocantins - TO,1994,2000.0,2000.0,3600.0,1800.0
1700350,Aliança do Tocantins - TO,1995,720.0,720.0,1368.0,1900.0
1700350,Aliança do Tocantins - TO,1998,400.0,400.0,320.0,800.0
1700350,Aliança do Tocantins - TO,2001,400.0,400.0,740.0,1850.0
1700350,Aliança do Tocantins - TO,2003,960.0,960.0,2304.0,2400.0
1700350,Aliança do Tocantins - TO,2012,650.0,650.0,2028.0,3120.0
1700350,Aliança do Tocantins - TO,2013,1250.0,1250.0,3000.0,2400.0
1700400,Almas - TO,2004,500.0,500.0,1250.0,2500.0
1700400,Almas - TO,2005,3450.0,3450.0,9315.0,2700.0
1700400,Almas - TO,2014,4500.0,4500.0,13500.0,3000.0
1700400,Almas - TO,2015,8000.0,8000.0,26400.0,3300.0
1700400,Almas - TO,2016,8000.0,8000.0,19200.0,2400.0
1700400,Almas - TO,2017,7925.0,7925.0,13600.0,1716.0
1700400,Almas - TO,2018,8426.0,8426.0,27603.0,3276.0
1700400,Almas - TO,2019,7800.0,7800.0,22774.0,2920.0
1700400,Almas - TO,2020,9476.0,9476.0,31270.0,3300.0
1700400,Almas - TO,2021,10016.0,10016.0,35000.0,3494.0
1700400,Almas - TO,2022,12690.0,12690.0,44415.0,3500.0
1700400,Almas - TO,2023,13227.0,13227.0,46234.0,3495.0
1700400,Almas - TO,2024,16197.0,16197.0,48591.0,3000.0
1700400,Almas - TO,2025,16250.0,16250.0,58500.0,3600.0
1700400,Almas - TO,1989,470.0,470.0,570.0,1213.0
1700400,Almas - TO,1994,110.0,110.0,220.0,2000.0
1700400,Almas - TO,1995,360.0,360.0,612.0,1700.0
1700400,Almas - TO,1998,549.0,549.0,1150.0,2094.0
1700400,Almas - TO,2001,150.0,150.0,445.0,2966.0
1700400,Almas - TO,2003,300.0,300.0,660.0,2200.0
1700400,Almas - TO,2012,400.0,400.0,1360.0,3400.0
1700400,Almas - TO,2013,2000.0,2000.0,6600.0,3300.0
1700400,Almas - TO,1985,300.0,,360.0,1200.0
1700400,Almas - TO,1987,55.0,,60.0,1091.0
1700400,Almas - TO,1988,300.0,300.0,360.0,1200.0
1700400,Almas - TO,1993,130.0,130.0,170.0,1307.0
1700400,Almas - TO,1999,500.0,500.0,1000.0,2000.0
1700400,Almas - TO,2000,1353.0,1353.0,2845.0,2102.0
1700400,Almas - TO,2002,200.0,200.0,300.0,1500.0
1700400,Almas - TO,2006,800.0,800.0,1760.0,2200.0
1700400,Almas - TO,2007,500.0,500.0,1150.0,2300.0
1700400,Almas - TO,2008,1250.0,1250.0,3375.0,2700.0
1700400,Almas - TO,2009,800.0,800.0,2160.0,2700.0
1700400,Almas - TO,2010,800.0,800.0,2160.0,2700.0
1700400,Almas - TO,2011,400.0,400.0,1280.0,3200.0
1700707,Alvorada - TO,2004,3500.0,3500.0,9800.0,2800.0
1700707,Alvorada - TO,2005,4450.0,4450.0,12015.0,2700.0
1700707,Alvorada - TO,2014,28332.0,28332.0,76496.0,2700.0
1700707,Alvorada - TO,2015,23200.0,23200.0,70000.0,3017.0
1700707,Alvorada - TO,2016,19202.0,21572.0,33000.0,1719.0
1700707,Alvorada - TO,2017,24267.0,24267.0,71000.0,2926.0
1700707,Alvorada - TO,2018,27000.0,27000.0,81200.0,3007.0
1700707,Alvorada - TO,2019,25000.0,25000.0,60000.0,2400.0
1700707,Alvorada - TO,2020,28181.0,28181.0,94350.0,3348.0
1700707,Alvorada - TO,2021,32000.0,32000.0,96600.0,3019.0
1700707,Alvorada - TO,2022,24994.0,24994.0,75732.0,3030.0
1700707,Alvorada - TO,2023,29879.0,29879.0,116528.0,3900.0
1700707,Alvorada - TO,2024,27816.0,28916.0,86647.0,3115.0
1700707,Alvorada - TO,2025,29621.0,29621.0,118484.0,4000.0
1700707,Alvorada - TO,1989,4500.0,4500.0,9450.0,2100.0
1700707,Alvorada - TO,1990,1000.0,2840.0,400.0,400.0
1700707,Alvorada - TO,1991,978.0,1000.0,2352.0,2404.0
1700707,Alvorada - TO,1992,1625.0,1625.0,3510.0,2160.0
1700707,Alvorada - TO,1994,2970.0,2970.0,7128.0,2400.0
1700707,Alvorada - TO,1995,4300.0,4300.0,8600.0,2000.0
1700707,Alvorada - TO,1998,1342.0,1342.0,2096.0,1561.0
1700707,Alvorada - TO,2001,1600.0,1600.0,3580.0,2237.0
1700707,Alvorada - TO,2003,2000.0,2000.0,5400.0,2700.0
1700707,Alvorada - TO,2012,13180.0,13180.0,43494.0,3300.0
1700707,Alvorada - TO,2013,21000.0,21000.0,58800.0,2800.0
1700707,Alvorada - TO,1985,3500.0,,5250.0,1500.0
1700707,Alvorada - TO,1987,2260.0,,3500.0,1549.0
1700707,Alvorada - TO,1988,2750.0,2750.0,4950.0,1800.0
1700707,Alvorada - TO,1993,2146.0,2146.0,3399.0,1583.0
1700707,Alvorada - TO,1999,600.0,600.0,1080.0,1800.0
1700707,Alvorada - TO,2000,1150.0,1150.0,2760.0,2400.0
1700707,Alvorada - TO,2002,1740.0,1740.0,4176.0,2400.0
1700707,Alvorada - TO,2006,4000.0,4000.0,9600.0,2400.0
1700707,Alvorada - TO,2007,2350.0,2350.0,6110.0,2600.0
1700707,Alvorada - TO,2008,2500.0,2500.0,7000.0,2800.0
1700707,Alvorada - TO,2009,4380.0,4380.0,13140.0,3000.0
1700707,Alvorada - TO,2010,7200.0,7200.0,22320.0,3100.0
1700707,Alvorada - TO,2011,9350.0,9350.0,29920.0,3200.0
1700707,Alvorada - TO,1981,117.0,,82.0,701.0
1700707,Alvorada - TO,1983,320.0,,138.0,431.0
1700707,Alvorada - TO,1984,2085.0,,3364.0,1613.0
1700707,Alvorada - TO,1986,2479.0,,3470.0,1400.0
1700707,Alvorada - TO,1996,1247.0,1247.0,1481.0,1187.0
1700707,Alvorada - TO,1997,340.0,340.0,711.0,2091.0
1701002,Ananás - TO,2019,600.0,600.0,1800.0,3000.0
1701002,Ananás - TO,2020,600.0,600.0,1800.0,3000.0
1701002,Ananás - TO,2021,600.0,600.0,1800.0,3000.0
1701002,Ananás - TO,2022,9.0,10.0,27.0,3000.0
1701002,Ananás - TO,2023,9.0,10.0,27.0,3000.0
1701002,Ananás - TO,2024,1800.0,1800.0,5940.0,3300.0
1701002,Ananás - TO,2025,1800.0,1800.0,5400.0,3000.0
1701051,Angico - TO,2024,400.0,400.0,1200.0,3000.0
1701051,Angico - TO,2025,400.0,400.0,1200.0,3000.0
1701101,Aparecida do Rio Negro - TO,2004,4200.0,4200.0,10080.0,2400.0
1701101,Aparecida do Rio Negro - TO,2005,4200.0,4200.0,10080.0,2400.0
1701101,Aparecida do Rio Negro - TO,2014,18000.0,18000.0,52920.0,2940.0
1701101,Aparecida do Rio Negro - TO,2015,18000.0,18000.0,52920.0,2940.0
1701101,Aparecida do Rio Negro - TO,2016,16751.0,16751.0,37900.0,2263.0
1701101,Aparecida do Rio Negro - TO,2017,21000.0,21000.0,56700.0,2700.0
1701101,Aparecida do Rio Negro - TO,2018,22002.0,22002.0,66006.0,3000.0
1701101,Aparecida do Rio Negro - TO,2019,22500.0,22500.0,74250.0,3300.0
1701101,Aparecida do Rio Negro - TO,2020,30000.0,30000.0,102000.0,3400.0
1701101,Aparecida do Rio Negro - TO,2021,30000.0,30000.0,86400.0,2880.0
1701101,Aparecida do Rio Negro - TO,2022,31750.0,31750.0,100573.0,3168.0
1701101,Aparecida do Rio Negro - TO,2023,29705.0,29705.0,99000.0,3333.0
1701101,Aparecida do Rio Negro - TO,2024,33071.0,33071.0,125000.0,3780.0
1701101,Aparecida do Rio Negro - TO,2025,36777.0,36777.0,116362.0,3164.0
1701101,Aparecida do Rio Negro - TO,1998,20.0,20.0,40.0,2000.0
1701101,Aparecida do Rio Negro - TO,2001,500.0,500.0,1050.0,2100.0
1701101,Aparecida do Rio Negro - TO,2003,2000.0,2000.0,4800.0,2400.0
1701101,Aparecida do Rio Negro - TO,2012,10400.0,10400.0,31200.0,3000.0
1701101,Aparecida do Rio Negro - TO,2013,12000.0,12000.0,39600.0,3300.0
1701101,Aparecida do Rio Negro - TO,1993,10.0,10.0,15.0,1500.0
1701101,Aparecida do Rio Negro - TO,2002,670.0,670.0,1608.0,2400.0
1701101,Aparecida do Rio Negro - TO,2006,3500.0,3500.0,8400.0,2400.0
1701101,Aparecida do Rio Negro - TO,2007,2800.0,2800.0,6720.0,2400.0
1701101,Aparecida do Rio Negro - TO,2008,1700.0,1700.0,4590.0,2700.0
1701101,Aparecida do Rio Negro - TO,2009,4000.0,4000.0,11280.0,2820.0
1701101,Aparecida do Rio Negro - TO,2010,4200.0,4200.0,11760.0,2800.0
1701101,Aparecida do Rio Negro - TO,2011,10400.0,10400.0,31200.0,3000.0
1701101,Aparecida do Rio Negro - TO,1996,72.0,72.0,108.0,1500.0
1701309,Aragominas - TO,2018,400.0,400.0,1200.0,3000.0
1701309,Aragominas - TO,2019,400.0,400.0,1200.0,3000.0
1701309,Aragominas - TO,2020,400.0,400.0,1200.0,3000.0
1701309,Aragominas - TO,2021,400.0,400.0,1200.0,3000.0
1701309,Aragominas - TO,2022,400.0,400.0,1200.0,3000.0
1701309,Aragominas - TO,2023,1850.0,1850.0,5550.0,3000.0
1701309,Aragominas - TO,2024,2678.0,2678.0,8034.0,3000.0
1701309,Aragominas - TO,2025,2678.0,2678.0,8034.0,3000.0
1701903,Araguacema - TO,2005,600.0,600.0,1440.0,2400.0
1701903,Araguacema - TO,2014,5500.0,5500.0,15400.0,2800.0
1701903,Araguacema - TO,2015,7450.0,7450.0,19221.0,2580.0
1701903,Araguacema - TO,2016,10375.0,10375.0,32000.0,3084.0
1701903,Araguacema - TO,2017,13927.0,13927.0,44929.0,3226.0
1701903,Araguacema - TO,2018,13599.0,13599.0,37139.0,2731.0
1701903,Araguacema - TO,2019,16000.0,16000.0,57600.0,3600.0
1701903,Araguacema - TO,2020,21500.0,21500.0,65200.0,3033.0
1701903,Araguacema - TO,2021,21500.0,21500.0,67145.0,3123.0
1701903,Araguacema - TO,2022,31570.0,31570.0,113652.0,3600.0
1701903,Araguacema - TO,2023,41620.0,41620.0,144838.0,3480.0
1701903,Araguacema - TO,2024,43037.0,43037.0,139096.0,3232.0
1701903,Araguacema - TO,2025,40951.0,40951.0,171994.0,4200.0
1701903,Araguacema - TO,2012,2400.0,2400.0,6720.0,2800.0
1701903,Araguacema - TO,2013,2500.0,2500.0,7000.0,2800.0
1701903,Araguacema - TO,1985,615.0,,1291.0,2099.0
1701903,Araguacema - TO,2006,400.0,400.0,912.0,2280.0
1701903,Araguacema - TO,2008,600.0,600.0,1476.0,2460.0
1701903,Araguacema - TO,2009,800.0,800.0,2160.0,2700.0
1701903,Araguacema - TO,2010,500.0,500.0,1400.0,2800.0
1701903,Araguacema - TO,2011,2500.0,2500.0,7500.0,3000.0
1701903,Araguacema - TO,1986,100.0,,192.0,1920.0
1702000,Araguaçu - TO,2004,380.0,380.0,836.0,2200.0
1702000,Araguaçu - TO,2005,1800.0,1800.0,3780.0,2100.0
1702000,Araguaçu - TO,2014,6057.0,6057.0,16354.0,2700.0
1702000,Araguaçu - TO,2015,9999.0,9999.0,27000.0,2700.0
1702000,Araguaçu - TO,2016,7370.0,8370.0,12000.0,1628.0
1702000,Araguaçu - TO,2017,8000.0,8000.0,23450.0,2931.0
1702000,Araguaçu - TO,2018,9275.0,9275.0,28000.0,3019.0
1702000,Araguaçu - TO,2019,8316.0,8316.0,24966.0,3002.0
1702000,Araguaçu - TO,2020,13599.0,13599.0,44705.0,3287.0
1702000,Araguaçu - TO,2021,14393.0,14393.0,46302.0,3217.0
1702000,Araguaçu - TO,2022,15636.0,15636.0,52285.0,3344.0
1702000,Araguaçu - TO,2023,19195.0,19195.0,74951.0,3905.0
1702000,Araguaçu - TO,2024,16717.0,17735.0,45184.0,2703.0
1702000,Araguaçu - TO,2025,20222.0,20222.0,79049.0,3909.0
1702000,Araguaçu - TO,1989,580.0,580.0,1100.0,1897.0
1702000,Araguaçu - TO,1990,300.0,350.0,240.0,800.0
1702000,Araguaçu - TO,2003,130.0,130.0,260.0,2000.0
1702000,Araguaçu - TO,2012,550.0,550.0,1650.0,3000.0
1702000,Araguaçu - TO,2013,2252.0,2252.0,6756.0,3000.0
1702000,Araguaçu - TO,1993,30.0,30.0,47.0,1566.0
1702000,Araguaçu - TO,2006,1700.0,1700.0,3740.0,2200.0
1702000,Araguaçu - TO,2007,1600.0,1600.0,3600.0,2250.0
1702000,Araguaçu - TO,2008,500.0,500.0,1350.0,2700.0
1702000,Araguaçu - TO,2009,600.0,600.0,1800.0,3000.0
1702000,Araguaçu - TO,2010,650.0,650.0,2000.0,3076.0
1702000,Araguaçu - TO,2011,700.0,700.0,2100.0,3000.0
1702000,Araguaçu - TO,1983,50.0,,42.0,840.0
1702000,Araguaçu - TO,1984,55.0,,70.0,1273.0
1702000,Araguaçu - TO,1982,15.0,,24.0,1600.0
1702109,Araguaína - TO,2004,2000.0,2000.0,5400.0,2700.0
1702109,Araguaína - TO,2005,2000.0,2000.0,5000.0,2500.0
1702109,Araguaína - TO,2015,5500.0,5500.0,10890.0,1980.0
1702109,Araguaína - TO,2016,5800.0,5800.0,13260.0,2286.0
1702109,Araguaína - TO,2017,5500.0,5500.0,12100.0,2200.0
1702109,Araguaína - TO,2018,7000.0,7000.0,15400.0,2200.0
1702109,Araguaína - TO,2019,7064.0,7064.0,20231.0,2864.0
1702109,Araguaína - TO,2020,7064.0,7064.0,15915.0,2253.0
1702109,Araguaína - TO,2021,7064.0,7064.0,15915.0,2253.0
1702109,Araguaína - TO,2022,7064.0,7064.0,15979.0,2262.0
1702109,Araguaína - TO,2023,7064.0,7064.0,15979.0,2262.0
1702109,Araguaína - TO,2024,9709.0,9709.0,24467.0,2520.0
1702109,Araguaína - TO,2025,9709.0,9709.0,21933.0,2259.0
1702109,Araguaína - TO,2001,100.0,100.0,65.0,650.0
1702109,Araguaína - TO,2003,850.0,850.0,2108.0,2480.0
1702109,Araguaína - TO,1987,5.0,,9.0,1800.0
1702109,Araguaína - TO,2000,46.0,46.0,83.0,1804.0
1702109,Araguaína - TO,2002,104.0,104.0,208.0,2000.0
1702158,Araguanã - TO,2023,100.0,100.0,270.0,2700.0
1702158,Araguanã - TO,2024,718.0,718.0,1939.0,2701.0
1702158,Araguanã - TO,2025,718.0,718.0,1939.0,2701.0
1702307,Arapoema - TO,2005,200.0,200.0,500.0,2500.0
1702307,Arapoema - TO,2014,1300.0,1300.0,3700.0,2846.0
1702307,Arapoema - TO,2015,1300.0,1300.0,3700.0,2846.0
1702307,Arapoema - TO,2016,1300.0,1300.0,3700.0,2846.0
1702307,Arapoema - TO,2017,720.0,720.0,2073.0,2879.0
1702307,Arapoema - TO,2018,800.0,800.0,2080.0,2600.0
1702307,Arapoema - TO,2019,1020.0,1020.0,1901.0,1864.0
1702307,Arapoema - TO,2020,540.0,540.0,1188.0,2200.0
1702307,Arapoema - TO,2021,540.0,540.0,1188.0,2200.0
1702307,Arapoema - TO,2022,540.0,540.0,1339.0,2480.0
1702307,Arapoema - TO,2023,550.0,550.0,1364.0,2480.0
1702307,Arapoema - TO,2024,1602.0,1602.0,3824.0,2387.0
1702307,Arapoema - TO,2025,1602.0,1602.0,3774.0,2356.0
1702307,Arapoema - TO,2012,1200.0,1200.0,3120.0,2600.0
1702307,Arapoema - TO,2013,1300.0,1300.0,3640.0,2800.0
1702307,Arapoema - TO,2006,800.0,800.0,2000.0,2500.0
1702307,Arapoema - TO,2007,760.0,760.0,1900.0,2500.0
1702307,Arapoema - TO,2008,1000.0,1000.0,2700.0,2700.0
1702307,Arapoema - TO,2009,560.0,560.0,1512.0,2700.0
1702307,Arapoema - TO,2010,600.0,600.0,1620.0,2700.0
1702307,Arapoema - TO,2011,600.0,600.0,1728.0,2880.0
1702406,Arraias - TO,1989,2000.0,2000.0,6000.0,3000.0
1702406,Arraias - TO,1985,340.0,,340.0,1000.0
1702406,Arraias - TO,1978,190.0,,171.0,900.0
1702554,Augustinópolis - TO,1996,7.0,7.0,6.0,857.0
1702703,Aurora do Tocantins - TO,1994,140.0,140.0,280.0,2000.0
1702703,Aurora do Tocantins - TO,1978,225.0,,225.0,1000.0
1702703,Aurora do Tocantins - TO,1979,70.0,,70.0,1000.0
1702703,Aurora do Tocantins - TO,1980,22.0,,22.0,1000.0
1703008,Babaçulândia - TO,2005,750.0,750.0,1950.0,2600.0
1703008,Babaçulândia - TO,2014,1000.0,1000.0,2900.0,2900.0
1703008,Babaçulândia - TO,2015,1000.0,1000.0,2890.0,2890.0
1703008,Babaçulândia - TO,2016,1431.0,1431.0,3863.0,2700.0
1703008,Babaçulândia - TO,2017,2200.0,2200.0,5940.0,2700.0
1703008,Babaçulândia - TO,2018,2200.0,2200.0,5940.0,2700.0
1703008,Babaçulândia - TO,2019,2200.0,2200.0,5940.0,2700.0
1703008,Babaçulândia - TO,2020,2200.0,2200.0,6079.0,2763.0
1703008,Babaçulândia - TO,2021,2200.0,2200.0,6079.0,2763.0
1703008,Babaçulândia - TO,2022,2200.0,2200.0,5986.0,2721.0
1703008,Babaçulândia - TO,2023,2205.0,2205.0,5623.0,2550.0
1703008,Babaçulândia - TO,2024,1828.0,1828.0,5000.0,2735.0
1703008,Babaçulândia - TO,2025,1828.0,1828.0,5009.0,2740.0
1703008,Babaçulândia - TO,2012,600.0,600.0,1650.0,2750.0
1703008,Babaçulândia - TO,2013,630.0,630.0,1814.0,2879.0
1703008,Babaçulândia - TO,2008,1000.0,1000.0,2600.0,2600.0
1703008,Babaçulândia - TO,2009,500.0,500.0,1350.0,2700.0
1703008,Babaçulândia - TO,2010,600.0,600.0,1620.0,2700.0
1703008,Babaçulândia - TO,2011,580.0,580.0,1566.0,2700.0
1703057,Bandeirantes do Tocantins - TO,2005,200.0,200.0,500.0,2500.0
1703057,Bandeirantes do Tocantins - TO,2014,200.0,200.0,560.0,2800.0
1703057,Bandeirantes do Tocantins - TO,2015,250.0,250.0,700.0,2800.0
1703057,Bandeirantes do Tocantins - TO,2016,250.0,250.0,700.0,2800.0
1703057,Bandeirantes do Tocantins - TO,2017,350.0,350.0,980.0,2800.0
1703057,Bandeirantes do Tocantins - TO,2018,500.0,500.0,1400.0,2800.0
1703057,Bandeirantes do Tocantins - TO,2019,300.0,300.0,750.0,2500.0
1703057,Bandeirantes do Tocantins - TO,2020,300.0,300.0,840.0,2800.0
1703057,Bandeirantes do Tocantins - TO,2012,100.0,100.0,280.0,2800.0
1703057,Bandeirantes do Tocantins - TO,2013,150.0,150.0,420.0,2800.0
1703057,Bandeirantes do Tocantins - TO,2006,300.0,300.0,750.0,2500.0
1703057,Bandeirantes do Tocantins - TO,2007,280.0,280.0,700.0,2500.0
1703073,Barra do Ouro - TO,2004,300.0,300.0,780.0,2600.0
1703073,Barra do Ouro - TO,2005,1600.0,1600.0,4240.0,2650.0
1703073,Barra do Ouro - TO,2014,7800.0,7800.0,21918.0,2810.0
1703073,Barra do Ouro - TO,2015,10300.0,10300.0,22100.0,2146.0
1703073,Barra do Ouro - TO,2016,10500.0,10500.0,25200.0,2400.0
1703073,Barra do Ouro - TO,2017,2360.0,2360.0,6342.0,2687.0
1703073,Barra do Ouro - TO,2018,5833.0,5833.0,15665.0,2686.0
1703073,Barra do Ouro - TO,2019,5033.0,5033.0,13519.0,2686.0
1703073,Barra do Ouro - TO,2020,5033.0,5033.0,12557.0,2495.0
1703073,Barra do Ouro - TO,2021,10065.0,10065.0,33818.0,3360.0
1703073,Barra do Ouro - TO,2022,10065.0,10065.0,33818.0,3360.0
1703073,Barra do Ouro - TO,2023,7800.0,7800.0,20459.0,2623.0
1703073,Barra do Ouro - TO,2024,10509.0,10509.0,27334.0,2601.0
1703073,Barra do Ouro - TO,2025,10509.0,10509.0,27040.0,2573.0
1703073,Barra do Ouro - TO,2003,70.0,70.0,182.0,2600.0
1703073,Barra do Ouro - TO,2012,5200.0,5200.0,14300.0,2750.0
1703073,Barra do Ouro - TO,2013,7000.0,7000.0,19600.0,2800.0
1703073,Barra do Ouro - TO,2006,1760.0,2200.0,4048.0,2300.0
1703073,Barra do Ouro - TO,2007,2000.0,2000.0,4800.0,2400.0
1703073,Barra do Ouro - TO,2008,2450.0,2450.0,6615.0,2700.0
1703073,Barra do Ouro - TO,2009,2550.0,2550.0,6120.0,2400.0
1703073,Barra do Ouro - TO,2010,3000.0,3000.0,8100.0,2700.0
1703073,Barra do Ouro - TO,2011,5000.0,5000.0,13500.0,2700.0
1703107,Barrolândia - TO,2004,900.0,900.0,2052.0,2280.0
1703107,Barrolândia - TO,2005,900.0,900.0,2106.0,2340.0
1703107,Barrolândia - TO,2014,320.0,320.0,896.0,2800.0
1703107,Barrolândia - TO,2015,330.0,330.0,924.0,2800.0
1703107,Barrolândia - TO,2016,330.0,330.0,924.0,2800.0
1703107,Barrolândia - TO,2022,300.0,300.0,936.0,3120.0
1703107,Barrolândia - TO,2023,820.0,820.0,2706.0,3300.0
1703107,Barrolândia - TO,2024,1604.0,1604.0,5293.0,3300.0
1703107,Barrolândia - TO,2025,2225.0,2225.0,8678.0,3900.0
1703107,Barrolândia - TO,2012,400.0,400.0,1120.0,2800.0
1703107,Barrolândia - TO,2013,300.0,300.0,840.0,2800.0
1703107,Barrolândia - TO,2006,800.0,800.0,1872.0,2340.0
1703107,Barrolândia - TO,2007,800.0,800.0,1872.0,2340.0
1703107,Barrolândia - TO,2008,700.0,700.0,1764.0,2520.0
1703107,Barrolândia - TO,2010,400.0,400.0,1120.0,2800.0
1703107,Barrolândia - TO,2011,400.0,400.0,1120.0,2800.0
1703206,Bernardo Sayão - TO,2020,520.0,520.0,1248.0,2400.0
1703206,Bernardo Sayão - TO,2021,1027.0,1027.0,3090.0,3009.0
1703206,Bernardo Sayão - TO,2022,3650.0,3650.0,11388.0,3120.0
1703206,Bernardo Sayão - TO,2023,4570.0,4570.0,15081.0,3300.0
1703206,Bernardo Sayão - TO,2024,4570.0,4570.0,17000.0,3720.0
1703206,Bernardo Sayão - TO,2025,4000.0,4000.0,18240.0,4560.0
1703305,Bom Jesus do Tocantins - TO,2004,4500.0,4500.0,12150.0,2700.0
1703305,Bom Jesus do Tocantins - TO,2005,6000.0,6000.0,16200.0,2700.0
1703305,Bom Jesus do Tocantins - TO,2014,6000.0,6000.0,16416.0,2736.0
1703305,Bom Jesus do Tocantins - TO,2015,9000.0,9000.0,24624.0,2736.0
1703305,Bom Jesus do Tocantins - TO,2016,8713.0,8713.0,15492.0,1778.0
1703305,Bom Jesus do Tocantins - TO,2017,8600.0,8600.0,15290.0,1778.0
1703305,Bom Jesus do Tocantins - TO,2018,9749.0,9749.0,26127.0,2680.0
1703305,Bom Jesus do Tocantins - TO,2019,14500.0,14500.0,39150.0,2700.0
1703305,Bom Jesus do Tocantins - TO,2020,17000.0,17000.0,48960.0,2880.0
1703305,Bom Jesus do Tocantins - TO,2021,14313.0,14313.0,39503.0,2760.0
1703305,Bom Jesus do Tocantins - TO,2022,16256.0,16256.0,55270.0,3400.0
1703305,Bom Jesus do Tocantins - TO,2023,18204.0,18204.0,53645.0,2947.0
1703305,Bom Jesus do Tocantins - TO,2024,18204.0,18204.0,60073.0,3300.0
1703305,Bom Jesus do Tocantins - TO,2025,18835.0,18835.0,76847.0,4080.0
1703305,Bom Jesus do Tocantins - TO,2001,2590.0,2590.0,6216.0,2400.0
1703305,Bom Jesus do Tocantins - TO,2003,3640.0,3640.0,9828.0,2700.0
1703305,Bom Jesus do Tocantins - TO,2012,5000.0,5000.0,14400.0,2880.0
1703305,Bom Jesus do Tocantins - TO,2013,7000.0,7000.0,18000.0,2571.0
1703305,Bom Jesus do Tocantins - TO,1999,400.0,400.0,960.0,2400.0
1703305,Bom Jesus do Tocantins - TO,2000,690.0,690.0,1697.0,2459.0
1703305,Bom Jesus do Tocantins - TO,2002,2900.0,2900.0,7482.0,2580.0
1703305,Bom Jesus do Tocantins - TO,2006,6000.0,6000.0,12240.0,2040.0
1703305,Bom Jesus do Tocantins - TO,2007,5500.0,5500.0,11550.0,2100.0
1703305,Bom Jesus do Tocantins - TO,2008,5000.0,5000.0,13500.0,2700.0
1703305,Bom Jesus do Tocantins - TO,2009,4500.0,4500.0,12600.0,2800.0
1703305,Bom Jesus do Tocantins - TO,2010,5500.0,5500.0,16500.0,3000.0
1703305,Bom Jesus do Tocantins - TO,2011,5500.0,5500.0,16500.0,3000.0
1703602,Brasilândia do Tocantins - TO,2004,2500.0,2500.0,6500.0,2600.0
1703602,Brasilândia do Tocantins - TO,2005,5000.0,5000.0,13000.0,2600.0
1703602,Brasilândia do Tocantins - TO,2014,1500.0,1500.0,4200.0,2800.0
1703602,Brasilândia do Tocantins - TO,2019,250.0,250.0,875.0,3500.0
1703602,Brasilândia do Tocantins - TO,2020,100.0,100.0,200.0,2000.0
1703602,Brasilândia do Tocantins - TO,2023,503.0,503.0,1811.0,3600.0
1703602,Brasilândia do Tocantins - TO,2024,1253.0,1253.0,3600.0,2873.0
1703602,Brasilândia do Tocantins - TO,2025,2500.0,2500.0,9000.0,3600.0
1703602,Brasilândia do Tocantins - TO,2012,1200.0,1200.0,3360.0,2800.0
1703602,Brasilândia do Tocantins - TO,2013,1300.0,1300.0,3640.0,2800.0
1703602,Brasilândia do Tocantins - TO,2006,6000.0,6000.0,14000.0,2333.0
1703602,Brasilândia do Tocantins - TO,2007,5700.0,5700.0,13680.0,2400.0
1703602,Brasilândia do Tocantins - TO,2008,2100.0,2100.0,5670.0,2700.0
1703602,Brasilândia do Tocantins - TO,2009,2000.0,2000.0,5600.0,2800.0
1703602,Brasilândia do Tocantins - TO,2010,2100.0,2100.0,5670.0,2700.0
1703602,Brasilândia do Tocantins - TO,2011,1800.0,1800.0,5184.0,2880.0
1703701,Brejinho de Nazaré - TO,2004,7800.0,7800.0,18720.0,2400.0
1703701,Brejinho de Nazaré - TO,2005,7100.0,7100.0,17040.0,2400.0
1703701,Brejinho de Nazaré - TO,2014,20000.0,20000.0,58800.0,2940.0
1703701,Brejinho de Nazaré - TO,2015,21000.0,21000.0,63000.0,3000.0
1703701,Brejinho de Nazaré - TO,2016,21500.0,21500.0,50296.0,2339.0
1703701,Brejinho de Nazaré - TO,2017,21000.0,21000.0,59220.0,2820.0
1703701,Brejinho de Nazaré - TO,2018,23505.0,23505.0,69090.0,2939.0
1703701,Brejinho de Nazaré - TO,2019,23000.0,23000.0,67620.0,2940.0
1703701,Brejinho de Nazaré - TO,2020,23500.0,23500.0,70500.0,3000.0
1703701,Brejinho de Nazaré - TO,2021,23000.0,24200.0,71300.0,3100.0
1703701,Brejinho de Nazaré - TO,2022,24200.0,24200.0,76956.0,3180.0
1703701,Brejinho de Nazaré - TO,2023,24849.0,24849.0,79020.0,3180.0
1703701,Brejinho de Nazaré - TO,2024,24629.0,24629.0,76842.0,3120.0
1703701,Brejinho de Nazaré - TO,2025,32230.0,32230.0,116028.0,3600.0
1703701,Brejinho de Nazaré - TO,1989,3500.0,3500.0,7000.0,2000.0
1703701,Brejinho de Nazaré - TO,1990,400.0,1500.0,280.0,700.0
1703701,Brejinho de Nazaré - TO,1991,49.0,50.0,74.0,1510.0
1703701,Brejinho de Nazaré - TO,1992,168.0,288.0,180.0,1071.0
1703701,Brejinho de Nazaré - TO,1994,1400.0,1400.0,2100.0,1500.0
1703701,Brejinho de Nazaré - TO,1995,1380.0,1500.0,1794.0,1300.0
1703701,Brejinho de Nazaré - TO,1998,2600.0,2600.0,4420.0,1700.0
1703701,Brejinho de Nazaré - TO,2001,1900.0,1900.0,3990.0,2100.0
1703701,Brejinho de Nazaré - TO,2003,3500.0,3500.0,7560.0,2160.0
1703701,Brejinho de Nazaré - TO,2012,9300.0,9300.0,29100.0,3129.0
1703701,Brejinho de Nazaré - TO,2013,14000.0,14000.0,40500.0,2893.0
1703701,Brejinho de Nazaré - TO,1985,5000.0,,10000.0,2000.0
1703701,Brejinho de Nazaré - TO,1987,2500.0,,4000.0,1600.0
1703701,Brejinho de Nazaré - TO,1988,1525.0,1525.0,2440.0,1600.0
1703701,Brejinho de Nazaré - TO,1993,1330.0,1330.0,2000.0,1503.0
1703701,Brejinho de Nazaré - TO,1999,500.0,500.0,1000.0,2000.0
1703701,Brejinho de Nazaré - TO,2000,300.0,300.0,600.0,2000.0
1703701,Brejinho de Nazaré - TO,2002,1900.0,1900.0,4180.0,2200.0
1703701,Brejinho de Nazaré - TO,2006,5000.0,5000.0,12000.0,2400.0
1703701,Brejinho de Nazaré - TO,2007,2500.0,2500.0,6000.0,2400.0
1703701,Brejinho de Nazaré - TO,2008,3000.0,3000.0,8100.0,2700.0
1703701,Brejinho de Nazaré - TO,2009,5350.0,5350.0,15087.0,2820.0
1703701,Brejinho de Nazaré - TO,2010,5600.0,5600.0,15680.0,2800.0
1703701,Brejinho de Nazaré - TO,2011,9700.0,9700.0,29100.0,3000.0
1703701,Brejinho de Nazaré - TO,1983,145.0,,218.0,1503.0
1703701,Brejinho de Nazaré - TO,1984,473.0,,910.0,1924.0
1703701,Brejinho de Nazaré - TO,1986,5000.0,,10000.0,2000.0
1703701,Brejinho de Nazaré - TO,1978,102.0,,122.0,1196.0
1703701,Brejinho de Nazaré - TO,1979,2.0,,2.0,1000.0
1703842,Campos Lindos - TO,2004,30960.0,30960.0,83592.0,2700.0
1703842,Campos Lindos - TO,2005,45000.0,45000.0,121500.0,2700.0
1703842,Campos Lindos - TO,2014,73000.0,73000.0,232140.0,3180.0
1703842,Campos Lindos - TO,2015,72700.0,72700.0,220660.0,3035.0
1703842,Campos Lindos - TO,2016,66100.0,66100.0,198390.0,3001.0
1703842,Campos Lindos - TO,2017,40500.0,40500.0,128790.0,3180.0
1703842,Campos Lindos - TO,2018,67000.0,67000.0,213060.0,3180.0
1703842,Campos Lindos - TO,2019,69100.0,69100.0,227700.0,3295.0
1703842,Campos Lindos - TO,2020,69100.0,69100.0,228090.0,3301.0
1703842,Campos Lindos - TO,2021,101400.0,101400.0,405600.0,4000.0
1703842,Campos Lindos - TO,2022,101500.0,101500.0,390948.0,3852.0
1703842,Campos Lindos - TO,2023,91500.0,91500.0,206863.0,2261.0
1703842,Campos Lindos - TO,2024,77600.0,77600.0,251490.0,3241.0
1703842,Campos Lindos - TO,2025,68600.0,68600.0,226440.0,3301.0
1703842,Campos Lindos - TO,1994,2000.0,2000.0,3800.0,1900.0
1703842,Campos Lindos - TO,1995,2050.0,2050.0,3526.0,1720.0
1703842,Campos Lindos - TO,1998,1420.0,1420.0,3600.0,2535.0
1703842,Campos Lindos - TO,2001,13456.0,13456.0,32000.0,2378.0
1703842,Campos Lindos - TO,2003,24500.0,24500.0,63700.0,2600.0
1703842,Campos Lindos - TO,2012,53500.0,53500.0,166920.0,3120.0
1703842,Campos Lindos - TO,2013,67800.0,67800.0,213570.0,3150.0
1703842,Campos Lindos - TO,1999,3600.0,3600.0,9360.0,2600.0
1703842,Campos Lindos - TO,2000,7000.0,7000.0,18900.0,2700.0
1703842,Campos Lindos - TO,2002,20000.0,20000.0,48000.0,2400.0
1703842,Campos Lindos - TO,2006,42000.0,48000.0,90720.0,2160.0
1703842,Campos Lindos - TO,2007,49000.0,49000.0,127400.0,2600.0
1703842,Campos Lindos - TO,2008,45000.0,45000.0,126000.0,2800.0
1703842,Campos Lindos - TO,2009,45000.0,45000.0,126000.0,2800.0
1703842,Campos Lindos - TO,2010,48000.0,48000.0,134400.0,2800.0
1703842,Campos Lindos - TO,2011,53000.0,53000.0,164300.0,3100.0
1703842,Campos Lindos - TO,1996,450.0,450.0,1140.0,2533.0
1703842,Campos Lindos - TO,1997,450.0,450.0,945.0,2100.0
1703867,Cariri do Tocantins - TO,2004,440.0,440.0,880.0,2000.0
1703867,Cariri do Tocantins - TO,2005,1000.0,1000.0,2220.0,2220.0
1703867,Cariri do Tocantins - TO,2014,23468.0,23468.0,64762.0,2760.0
1703867,Cariri do Tocantins - TO,2015,19817.0,19817.0,62409.0,3149.0
1703867,Cariri do Tocantins - TO,2016,13534.0,14934.0,23804.0,1759.0
1703867,Cariri do Tocantins - TO,2017,14900.0,14900.0,45500.0,3054.0
1703867,Cariri do Tocantins - TO,2018,17590.0,17590.0,53396.0,3036.0
1703867,Cariri do Tocantins - TO,2019,15790.0,15790.0,44945.0,2846.0
1703867,Cariri do Tocantins - TO,2020,14963.0,14963.0,52400.0,3502.0
1703867,Cariri do Tocantins - TO,2021,16207.0,16207.0,52956.0,3267.0
1703867,Cariri do Tocantins - TO,2022,20926.0,20926.0,65077.0,3110.0
1703867,Cariri do Tocantins - TO,2023,22655.0,22655.0,88532.0,3908.0
1703867,Cariri do Tocantins - TO,2024,22540.0,22540.0,68900.0,3057.0
1703867,Cariri do Tocantins - TO,2025,22973.0,22973.0,90842.0,3954.0
1703867,Cariri do Tocantins - TO,1994,50.0,50.0,90.0,1800.0
1703867,Cariri do Tocantins - TO,1995,50.0,50.0,95.0,1900.0
1703867,Cariri do Tocantins - TO,1998,600.0,600.0,660.0,1100.0
1703867,Cariri do Tocantins - TO,2001,160.0,160.0,320.0,2000.0
1703867,Cariri do Tocantins - TO,2003,330.0,330.0,690.0,2090.0
1703867,Cariri do Tocantins - TO,2012,4890.0,4890.0,16562.0,3387.0
1703867,Cariri do Tocantins - TO,2013,7821.0,7821.0,21898.0,2800.0
1703867,Cariri do Tocantins - TO,1993,50.0,50.0,56.0,1120.0
1703867,Cariri do Tocantins - TO,2006,1100.0,1100.0,2200.0,2000.0
1703867,Cariri do Tocantins - TO,2007,1000.0,1000.0,2100.0,2100.0
1703867,Cariri do Tocantins - TO,2008,1300.0,1300.0,3510.0,2700.0
1703867,Cariri do Tocantins - TO,2009,2000.0,2000.0,6000.0,3000.0
1703867,Cariri do Tocantins - TO,2010,3900.0,3900.0,12090.0,3100.0
1703867,Cariri do Tocantins - TO,2011,3480.0,3480.0,11136.0,3200.0
1703909,Caseara - TO,2004,2400.0,2400.0,5040.0,2100.0
1703909,Caseara - TO,2005,2300.0,2300.0,5520.0,2400.0
1703909,Caseara - TO,2014,11200.0,11200.0,24360.0,2175.0
1703909,Caseara - TO,2015,11400.0,11400.0,24795.0,2175.0
1703909,Caseara - TO,2016,46073.0,46073.0,126687.0,2750.0
1703909,Caseara - TO,2017,32361.0,32361.0,90611.0,2800.0
1703909,Caseara - TO,2018,31397.0,31397.0,98901.0,3150.0
1703909,Caseara - TO,2019,32798.0,32798.0,103314.0,3150.0
1703909,Caseara - TO,2020,44277.0,44277.0,133300.0,3011.0
1703909,Caseara - TO,2021,48248.0,48248.0,140000.0,2902.0
1703909,Caseara - TO,2022,48248.0,48248.0,173693.0,3600.0
1703909,Caseara - TO,2023,50479.0,50479.0,181724.0,3600.0
1703909,Caseara - TO,2024,52023.0,52023.0,174797.0,3360.0
1703909,Caseara - TO,2025,52798.0,52798.0,221752.0,4200.0
1703909,Caseara - TO,1989,50.0,50.0,96.0,1920.0
1703909,Caseara - TO,2012,2100.0,2100.0,6300.0,3000.0
1703909,Caseara - TO,2013,4000.0,4000.0,11200.0,2800.0
1703909,Caseara - TO,2008,500.0,500.0,1260.0,2520.0
1703909,Caseara - TO,2009,500.0,500.0,1350.0,2700.0
1703909,Caseara - TO,2010,600.0,600.0,1680.0,2800.0
1703909,Caseara - TO,2011,550.0,550.0,1540.0,2800.0
1704105,Centenário - TO,2004,650.0,650.0,1625.0,2500.0
1704105,Centenário - TO,2005,1800.0,1800.0,4590.0,2550.0
1704105,Centenário - TO,2014,1500.0,1500.0,4500.0,3000.0
1704105,Centenário - TO,2015,3000.0,3000.0,9000.0,3000.0
1704105,Centenário - TO,2016,3000.0,3000.0,6300.0,2100.0
1704105,Centenário - TO,2017,3000.0,3000.0,9000.0,3000.0
1704105,Centenário - TO,2018,3000.0,3000.0,8325.0,2775.0
1704105,Centenário - TO,2019,4000.0,4000.0,11100.0,2775.0
1704105,Centenário - TO,2020,4200.0,4200.0,11970.0,2850.0
1704105,Centenário - TO,2021,4150.0,4150.0,13695.0,3300.0
1704105,Centenário - TO,2022,3054.0,3054.0,6998.0,2291.0
1704105,Centenário - TO,2023,5000.0,5000.0,15000.0,3000.0
1704105,Centenário - TO,2024,4665.0,4665.0,14275.0,3060.0
1704105,Centenário - TO,2025,4700.0,4700.0,19740.0,4200.0
1704105,Centenário - TO,2012,1500.0,1500.0,4500.0,3000.0
1704105,Centenário - TO,2006,2500.0,2500.0,6250.0,2500.0
1704105,Centenário - TO,2007,2300.0,2300.0,5750.0,2500.0
1704105,Centenário - TO,2008,2500.0,2500.0,6750.0,2700.0
1704105,Centenário - TO,2009,1600.0,1600.0,4320.0,2700.0
1704105,Centenário - TO,2010,1500.0,1500.0,4050.0,2700.0
1704105,Centenário - TO,2011,1600.0,1600.0,4800.0,3000.0
1704600,Chapada de Areia - TO,2019,250.0,250.0,714.0,2856.0
1704600,Chapada de Areia - TO,2020,250.0,250.0,713.0,2852.0
1704600,Chapada de Areia - TO,2021,817.0,817.0,1900.0,2326.0
1704600,Chapada de Areia - TO,2022,1437.0,1437.0,4656.0,3240.0
1704600,Chapada de Areia - TO,2023,2290.0,2290.0,7557.0,3300.0
1704600,Chapada de Areia - TO,2024,1925.0,1925.0,5463.0,2838.0
1704600,Chapada de Areia - TO,2025,2018.0,2018.0,6054.0,3000.0
1705102,Chapada da Natividade - TO,2004,510.0,510.0,1350.0,2647.0
1705102,Chapada da Natividade - TO,2005,2490.0,2490.0,6475.0,2600.0
1705102,Chapada da Natividade - TO,2014,12000.0,12000.0,36000.0,3000.0
1705102,Chapada da Natividade - TO,2015,15000.0,15000.0,49500.0,3300.0
1705102,Chapada da Natividade - TO,2016,15000.0,15000.0,40500.0,2700.0
1705102,Chapada da Natividade - TO,2017,11000.0,11000.0,37400.0,3400.0
1705102,Chapada da Natividade - TO,2018,11000.0,11000.0,37240.0,3385.0
1705102,Chapada da Natividade - TO,2019,11976.0,11976.0,34975.0,2920.0
1705102,Chapada da Natividade - TO,2020,12000.0,12000.0,39600.0,3300.0
1705102,Chapada da Natividade - TO,2021,12400.0,12400.0,43400.0,3500.0
1705102,Chapada da Natividade - TO,2022,12800.0,12800.0,43776.0,3420.0
1705102,Chapada da Natividade - TO,2023,12856.0,12856.0,44996.0,3500.0
1705102,Chapada da Natividade - TO,2024,15585.0,15585.0,46755.0,3000.0
1705102,Chapada da Natividade - TO,2025,17117.0,17117.0,63675.0,3720.0
1705102,Chapada da Natividade - TO,2003,1200.0,1200.0,2520.0,2100.0
1705102,Chapada da Natividade - TO,2012,6500.0,6500.0,22100.0,3400.0
1705102,Chapada da Natividade - TO,2013,8000.0,8000.0,25600.0,3200.0
1705102,Chapada da Natividade - TO,2006,4000.0,4000.0,9600.0,2400.0
1705102,Chapada da Natividade - TO,2007,4500.0,4500.0,10350.0,2300.0
1705102,Chapada da Natividade - TO,2008,4200.0,4200.0,11340.0,2700.0
1705102,Chapada da Natividade - TO,2009,4500.0,4500.0,12600.0,2800.0
1705102,Chapada da Natividade - TO,2010,4500.0,4500.0,12600.0,2800.0
1705102,Chapada da Natividade - TO,2011,5500.0,5500.0,17600.0,3200.0
1705508,Colinas do Tocantins - TO,2005,200.0,200.0,500.0,2500.0
1705508,Colinas do Tocantins - TO,2014,300.0,300.0,870.0,2900.0
1705508,Colinas do Tocantins - TO,2012,150.0,150.0,435.0,2900.0
1705508,Colinas do Tocantins - TO,2013,200.0,200.0,580.0,2900.0
1705508,Colinas do Tocantins - TO,2006,250.0,250.0,650.0,2600.0
1705508,Colinas do Tocantins - TO,2007,240.0,240.0,600.0,2500.0
1705508,Colinas do Tocantins - TO,2008,200.0,200.0,540.0,2700.0
1705508,Colinas do Tocantins - TO,2011,150.0,150.0,432.0,2880.0
1705607,Conceição do Tocantins - TO,2022,306.0,306.0,918.0,3000.0
1705607,Conceição do Tocantins - TO,2023,310.0,310.0,992.0,3200.0
1705607,Conceição do Tocantins - TO,2024,197.0,197.0,589.0,2990.0
1705607,Conceição do Tocantins - TO,2025,400.0,400.0,1320.0,3300.0
1705607,Conceição do Tocantins - TO,1989,310.0,310.0,430.0,1387.0
1705607,Conceição do Tocantins - TO,1985,1950.0,,2340.0,1200.0
1705607,Conceição do Tocantins - TO,1987,180.0,,180.0,1000.0
1705607,Conceição do Tocantins - TO,1988,140.0,140.0,170.0,1214.0
1705607,Conceição do Tocantins - TO,1986,1000.0,,1200.0,1200.0
1706001,Couto Magalhães - TO,2004,250.0,250.0,625.0,2500.0
1706001,Couto Magalhães - TO,2005,400.0,400.0,1020.0,2550.0
1706001,Couto Magalhães - TO,2014,2500.0,2500.0,7000.0,2800.0
1706001,Couto Magalhães - TO,2015,2700.0,2700.0,7560.0,2800.0
1706001,Couto Magalhães - TO,2016,3000.0,3000.0,8400.0,2800.0
1706001,Couto Magalhães - TO,2017,3560.0,3560.0,10253.0,2880.0
1706001,Couto Magalhães - TO,2018,3560.0,3560.0,8910.0,2503.0
1706001,Couto Magalhães - TO,2019,6573.0,6573.0,11660.0,1774.0
1706001,Couto Magalhães - TO,2020,5822.0,5822.0,17466.0,3000.0
1706001,Couto Magalhães - TO,2021,12000.0,12000.0,41760.0,3480.0
1706001,Couto Magalhães - TO,2022,12000.0,12000.0,41760.0,3480.0
1706001,Couto Magalhães - TO,2023,14210.0,14210.0,46893.0,3300.0
1706001,Couto Magalhães - TO,2024,14651.0,14651.0,43953.0,3000.0
1706001,Couto Magalhães - TO,2025,15674.0,15674.0,47762.0,3047.0
1706001,Couto Magalhães - TO,2012,2200.0,2200.0,6380.0,2900.0
1706001,Couto Magalhães - TO,2013,2300.0,2300.0,6670.0,2900.0
1706001,Couto Magalhães - TO,2006,700.0,700.0,1750.0,2500.0
1706001,Couto Magalhães - TO,2007,670.0,670.0,1675.0,2500.0
1706001,Couto Magalhães - TO,2008,1000.0,1000.0,2700.0,2700.0
1706001,Couto Magalhães - TO,2009,1230.0,1230.0,3321.0,2700.0
1706001,Couto Magalhães - TO,2010,1300.0,1300.0,3510.0,2700.0
1706001,Couto Magalhães - TO,2011,1200.0,1200.0,3456.0,2880.0
1706001,Couto Magalhães - TO,1996,1.0,1.0,2.0,2000.0
1706100,Cristalândia - TO,2004,250.0,250.0,600.0,2400.0
1706100,Cristalândia - TO,2014,900.0,900.0,1800.0,2000.0
1706100,Cristalândia - TO,2015,3250.0,3250.0,6500.0,2000.0
1706100,Cristalândia - TO,2016,2800.0,2800.0,5234.0,1869.0
1706100,Cristalândia - TO,2017,980.0,980.0,2941.0,3001.0
1706100,Cristalândia - TO,2018,2716.0,2716.0,7697.0,2834.0
1706100,Cristalândia - TO,2019,5686.0,5686.0,16513.0,2904.0
1706100,Cristalândia - TO,2020,5930.0,5930.0,18950.0,3196.0
1706100,Cristalândia - TO,2021,4065.0,4065.0,11800.0,2903.0
1706100,Cristalândia - TO,2022,7573.0,7573.0,24453.0,3229.0
1706100,Cristalândia - TO,2023,11467.0,11467.0,39690.0,3461.0
1706100,Cristalândia - TO,2024,11467.0,11467.0,35751.0,3118.0
1706100,Cristalândia - TO,2025,14086.0,14086.0,43948.0,3120.0
1706100,Cristalândia - TO,1989,950.0,950.0,1420.0,1495.0
1706100,Cristalândia - TO,1991,372.0,380.0,559.0,1502.0
1706100,Cristalândia - TO,1994,850.0,850.0,1275.0,1500.0
1706100,Cristalândia - TO,2013,800.0,800.0,1600.0,2000.0
1706100,Cristalândia - TO,1985,790.0,,1400.0,1772.0
1706100,Cristalândia - TO,1987,110.0,,200.0,1818.0
1706100,Cristalândia - TO,1984,210.0,,380.0,1810.0
1706100,Cristalândia - TO,1986,100.0,,180.0,1800.0
1706100,Cristalândia - TO,1996,200.0,200.0,485.0,2425.0
1706258,Crixás do Tocantins - TO,2004,1300.0,1300.0,3250.0,2500.0
1706258,Crixás do Tocantins - TO,2005,2500.0,2500.0,6300.0,2520.0
1706258,Crixás do Tocantins - TO,2014,2515.0,2515.0,6790.0,2700.0
1706258,Crixás do Tocantins - TO,2015,4030.0,4030.0,12500.0,3102.0
1706258,Crixás do Tocantins - TO,2016,5425.0,5425.0,10000.0,1843.0
1706258,Crixás do Tocantins - TO,2017,4345.0,4345.0,12700.0,2923.0
1706258,Crixás do Tocantins - TO,2018,5390.0,5390.0,16170.0,3000.0
1706258,Crixás do Tocantins - TO,2019,5673.0,5673.0,15885.0,2800.0
1706258,Crixás do Tocantins - TO,2020,4904.0,4904.0,16500.0,3365.0
1706258,Crixás do Tocantins - TO,2021,5390.0,5390.0,17000.0,3154.0
1706258,Crixás do Tocantins - TO,2022,7105.0,7105.0,21883.0,3080.0
1706258,Crixás do Tocantins - TO,2023,4785.0,4785.0,17226.0,3600.0
1706258,Crixás do Tocantins - TO,2024,5866.0,5866.0,17618.0,3003.0
1706258,Crixás do Tocantins - TO,2025,8221.0,8221.0,31486.0,3830.0
1706258,Crixás do Tocantins - TO,1998,100.0,100.0,140.0,1400.0
1706258,Crixás do Tocantins - TO,2003,1330.0,1330.0,3192.0,2400.0
1706258,Crixás do Tocantins - TO,2012,1500.0,1500.0,5250.0,3500.0
1706258,Crixás do Tocantins - TO,2013,1521.0,1521.0,4563.0,3000.0
1706258,Crixás do Tocantins - TO,1999,200.0,200.0,360.0,1800.0
1706258,Crixás do Tocantins - TO,2002,200.0,200.0,480.0,2400.0
1706258,Crixás do Tocantins - TO,2006,2400.0,2400.0,5760.0,2400.0
1706258,Crixás do Tocantins - TO,2007,2300.0,2300.0,5635.0,2450.0
1706258,Crixás do Tocantins - TO,2008,500.0,500.0,1350.0,2700.0
1706258,Crixás do Tocantins - TO,2009,600.0,600.0,1620.0,2700.0
1706258,Crixás do Tocantins - TO,2010,650.0,650.0,1950.0,3000.0
1706258,Crixás do Tocantins - TO,2011,650.0,650.0,2106.0,3240.0
1706506,Darcinópolis - TO,2004,1200.0,1200.0,3120.0,2600.0
1706506,Darcinópolis - TO,2005,4700.0,4700.0,11750.0,2500.0
1706506,Darcinópolis - TO,2014,7000.0,7000.0,21802.0,3115.0
1706506,Darcinópolis - TO,2015,7000.0,7000.0,21802.0,3115.0
1706506,Darcinópolis - TO,2016,8800.0,8800.0,25310.0,2876.0
1706506,Darcinópolis - TO,2017,9000.0,9000.0,31320.0,3480.0
1706506,Darcinópolis - TO,2018,9000.0,9000.0,31320.0,3480.0
1706506,Darcinópolis - TO,2019,9000.0,9000.0,29088.0,3232.0
1706506,Darcinópolis - TO,2020,9000.0,9000.0,29439.0,3271.0
1706506,Darcinópolis - TO,2021,9000.0,9000.0,29907.0,3323.0
1706506,Darcinópolis - TO,2022,9000.0,9000.0,30186.0,3354.0
1706506,Darcinópolis - TO,2023,9000.0,9000.0,30186.0,3354.0
1706506,Darcinópolis - TO,2024,12000.0,12000.0,40800.0,3400.0
1706506,Darcinópolis - TO,2025,12000.0,12000.0,36000.0,3000.0
1706506,Darcinópolis - TO,2001,35.0,35.0,35.0,1000.0
1706506,Darcinópolis - TO,2003,30.0,30.0,72.0,2400.0
1706506,Darcinópolis - TO,2012,5780.0,5780.0,17340.0,3000.0
1706506,Darcinópolis - TO,2013,6000.0,6000.0,20000.0,3333.0
1706506,Darcinópolis - TO,2006,3570.0,4200.0,8925.0,2500.0
1706506,Darcinópolis - TO,2007,3600.0,3600.0,9360.0,2600.0
1706506,Darcinópolis - TO,2008,4640.0,4640.0,12528.0,2700.0
1706506,Darcinópolis - TO,2009,4530.0,4530.0,9060.0,2000.0
1706506,Darcinópolis - TO,2010,5830.0,5830.0,12826.0,2200.0
1706506,Darcinópolis - TO,2011,5830.0,5830.0,16790.0,2880.0
1706506,Darcinópolis - TO,1997,58.0,58.0,52.0,896.0
1707009,Dianópolis - TO,2004,16230.0,16230.0,53560.0,3300.0
1707009,Dianópolis - TO,2005,18500.0,18500.0,49950.0,2700.0
1707009,Dianópolis - TO,2014,35000.0,35000.0,105000.0,3000.0
1707009,Dianópolis - TO,2015,500.0,500.0,1500.0,3000.0
1707009,Dianópolis - TO,2016,500.0,500.0,1200.0,2400.0
1707009,Dianópolis - TO,2017,550.0,550.0,1820.0,3309.0
1707009,Dianópolis - TO,2018,560.0,560.0,1720.0,3071.0
1707009,Dianópolis - TO,2019,720.0,720.0,2160.0,3000.0
1707009,Dianópolis - TO,2020,12800.0,12800.0,42240.0,3300.0
1707009,Dianópolis - TO,2021,18308.0,18308.0,64078.0,3500.0
1707009,Dianópolis - TO,2022,16510.0,16510.0,57455.0,3480.0
1707009,Dianópolis - TO,2023,15370.0,15370.0,53027.0,3450.0
1707009,Dianópolis - TO,2024,17791.0,17791.0,62269.0,3500.0
1707009,Dianópolis - TO,2025,11941.0,11941.0,44421.0,3720.0
1707009,Dianópolis - TO,1989,1500.0,1500.0,1800.0,1200.0
1707009,Dianópolis - TO,1992,370.0,370.0,90.0,243.0
1707009,Dianópolis - TO,1994,430.0,430.0,860.0,2000.0
1707009,Dianópolis - TO,1995,680.0,680.0,884.0,1300.0
1707009,Dianópolis - TO,1998,5477.0,5477.0,11830.0,2159.0
1707009,Dianópolis - TO,2001,3396.0,3396.0,7471.0,2199.0
1707009,Dianópolis - TO,2003,5645.0,5645.0,10555.0,1869.0
1707009,Dianópolis - TO,2012,28300.0,28300.0,96220.0,3400.0
1707009,Dianópolis - TO,2013,30000.0,30000.0,90000.0,3000.0
1707009,Dianópolis - TO,1985,1205.0,,1450.0,1203.0
1707009,Dianópolis - TO,1993,500.0,500.0,650.0,1300.0
1707009,Dianópolis - TO,1999,4195.0,4195.0,9560.0,2278.0
1707009,Dianópolis - TO,2000,4000.0,4000.0,9000.0,2250.0
1707009,Dianópolis - TO,2002,5150.0,5150.0,7725.0,1500.0
1707009,Dianópolis - TO,2006,13000.0,13000.0,31200.0,2400.0
1707009,Dianópolis - TO,2007,12500.0,12500.0,30000.0,2400.0
1707009,Dianópolis - TO,2008,22800.0,22800.0,63840.0,2800.0
1707009,Dianópolis - TO,2009,24000.0,24000.0,67200.0,2800.0
1707009,Dianópolis - TO,2010,24000.0,24000.0,67200.0,2800.0
1707009,Dianópolis - TO,2011,28300.0,28300.0,90560.0,3200.0
1707009,Dianópolis - TO,1996,1050.0,1050.0,2160.0,2057.0
1707009,Dianópolis - TO,1997,500.0,500.0,1050.0,2100.0
1707108,Divinópolis do Tocantins - TO,2014,630.0,630.0,2079.0,3300.0
1707108,Divinópolis do Tocantins - TO,2015,3000.0,3000.0,9900.0,3300.0
1707108,Divinópolis do Tocantins - TO,2016,6590.0,6590.0,17980.0,2728.0
1707108,Divinópolis do Tocantins - TO,2017,7810.0,7810.0,25773.0,3300.0
1707108,Divinópolis do Tocantins - TO,2018,7363.0,7363.0,24298.0,3300.0
1707108,Divinópolis do Tocantins - TO,2019,7712.0,7712.0,22211.0,2880.0
1707108,Divinópolis do Tocantins - TO,2020,7222.0,7222.0,23500.0,3254.0
1707108,Divinópolis do Tocantins - TO,2021,16002.0,16002.0,47000.0,2937.0
1707108,Divinópolis do Tocantins - TO,2022,16002.0,16002.0,52807.0,3300.0
1707108,Divinópolis do Tocantins - TO,2023,21351.0,21351.0,70458.0,3300.0
1707108,Divinópolis do Tocantins - TO,2024,27129.0,27129.0,79759.0,2940.0
1707108,Divinópolis do Tocantins - TO,2025,22778.0,22778.0,95668.0,4200.0
1707108,Divinópolis do Tocantins - TO,1989,170.0,170.0,324.0,1906.0
1707207,Dois Irmãos do Tocantins - TO,2005,70.0,70.0,151.0,2157.0
1707207,Dois Irmãos do Tocantins - TO,2014,650.0,650.0,1820.0,2800.0
1707207,Dois Irmãos do Tocantins - TO,2015,670.0,670.0,1876.0,2800.0
1707207,Dois Irmãos do Tocantins - TO,2016,670.0,670.0,1876.0,2800.0
1707207,Dois Irmãos do Tocantins - TO,2017,2604.0,2604.0,7291.0,2800.0
1707207,Dois Irmãos do Tocantins - TO,2018,3906.0,3906.0,10937.0,2800.0
1707207,Dois Irmãos do Tocantins - TO,2019,4000.0,4000.0,12000.0,3000.0
1707207,Dois Irmãos do Tocantins - TO,2020,4000.0,4000.0,11912.0,2978.0
1707207,Dois Irmãos do Tocantins - TO,2021,4000.0,4000.0,11436.0,2859.0
1707207,Dois Irmãos do Tocantins - TO,2022,7924.0,7924.0,28526.0,3600.0
1707207,Dois Irmãos do Tocantins - TO,2023,12010.0,12010.0,39633.0,3300.0
1707207,Dois Irmãos do Tocantins - TO,2024,15115.0,15115.0,47159.0,3120.0
1707207,Dois Irmãos do Tocantins - TO,2025,15581.0,15581.0,65440.0,4200.0
1707207,Dois Irmãos do Tocantins - TO,2012,600.0,600.0,1800.0,3000.0
1707207,Dois Irmãos do Tocantins - TO,2013,600.0,600.0,1680.0,2800.0
1707207,Dois Irmãos do Tocantins - TO,2008,1322.0,1322.0,3490.0,2639.0
1707207,Dois Irmãos do Tocantins - TO,2009,800.0,800.0,2160.0,2700.0
1707207,Dois Irmãos do Tocantins - TO,2010,1000.0,1000.0,2800.0,2800.0
1707207,Dois Irmãos do Tocantins - TO,2011,900.0,900.0,2520.0,2800.0
1707306,Dueré - TO,2004,2100.0,2100.0,4995.0,2378.0
1707306,Dueré - TO,2005,2660.0,2660.0,6090.0,2289.0
1707306,Dueré - TO,2014,1450.0,1450.0,3915.0,2700.0
1707306,Dueré - TO,2015,3230.0,3230.0,9400.0,2910.0
1707306,Dueré - TO,2016,3030.0,3030.0,8300.0,2739.0
1707306,Dueré - TO,2017,3250.0,3250.0,9700.0,2985.0
1707306,Dueré - TO,2018,1568.0,1568.0,4510.0,2876.0
1707306,Dueré - TO,2019,1500.0,1500.0,4400.0,2933.0
1707306,Dueré - TO,2020,2332.0,2332.0,7350.0,3152.0
1707306,Dueré - TO,2021,2063.0,2063.0,6420.0,3112.0
1707306,Dueré - TO,2022,4114.0,4114.0,12548.0,3050.0
1707306,Dueré - TO,2023,5406.0,5406.0,17840.0,3300.0
1707306,Dueré - TO,2024,5068.0,5068.0,15457.0,3050.0
1707306,Dueré - TO,2025,3932.0,3932.0,13762.0,3500.0
1707306,Dueré - TO,1989,1200.0,1200.0,2040.0,1700.0
1707306,Dueré - TO,1990,730.0,730.0,1080.0,1479.0
1707306,Dueré - TO,1991,98.0,100.0,176.0,1795.0
1707306,Dueré - TO,2003,3080.0,3080.0,7361.0,2389.0
1707306,Dueré - TO,1985,120.0,,120.0,1000.0
1707306,Dueré - TO,2002,1450.0,1450.0,3095.0,2134.0
1707306,Dueré - TO,2006,1660.0,1660.0,4482.0,2700.0
1707306,Dueré - TO,2007,1700.0,1700.0,4420.0,2600.0
1707306,Dueré - TO,2008,379.0,379.0,1023.0,2699.0
1707306,Dueré - TO,1984,30.0,,48.0,1600.0
1707306,Dueré - TO,1986,66.0,,85.0,1288.0
1707306,Dueré - TO,1997,400.0,400.0,720.0,1800.0
1707553,Fátima - TO,2004,50.0,50.0,120.0,2400.0
1707553,Fátima - TO,2014,1200.0,1200.0,3528.0,2940.0
1707553,Fátima - TO,2015,1880.0,1880.0,5264.0,2800.0
1707553,Fátima - TO,2016,1300.0,1300.0,2730.0,2100.0
1707553,Fátima - TO,2017,1880.0,1880.0,5170.0,2750.0
1707553,Fátima - TO,2018,1972.0,1972.0,5324.0,2700.0
1707553,Fátima - TO,2019,1972.0,1972.0,5561.0,2820.0
1707553,Fátima - TO,2020,1972.0,1972.0,5817.0,2950.0
1707553,Fátima - TO,2021,2350.0,2350.0,6768.0,2880.0
1707553,Fátima - TO,2022,2400.0,2400.0,7056.0,2940.0
1707553,Fátima - TO,2023,4316.0,4316.0,13466.0,3120.0
1707553,Fátima - TO,2024,5473.0,5473.0,14120.0,2580.0
1707553,Fátima - TO,2025,6441.0,6441.0,22415.0,3480.0
1707553,Fátima - TO,1989,170.0,170.0,290.0,1706.0
1707553,Fátima - TO,2013,825.0,825.0,1733.0,2101.0
1707553,Fátima - TO,1987,50.0,,80.0,1600.0
1707553,Fátima - TO,1988,20.0,20.0,32.0,1600.0
1707553,Fátima - TO,1986,1000.0,,1600.0,1600.0
1707652,Figueirópolis - TO,2004,5160.0,5160.0,14190.0,2750.0
1707652,Figueirópolis - TO,2005,6800.0,6800.0,18360.0,2700.0
1707652,Figueirópolis - TO,2014,17300.0,17300.0,48786.0,2820.0
1707652,Figueirópolis - TO,2015,25000.0,25000.0,70000.0,2800.0
1707652,Figueirópolis - TO,2016,20575.0,22875.0,36000.0,1750.0
1707652,Figueirópolis - TO,2017,21500.0,21500.0,63000.0,2930.0
1707652,Figueirópolis - TO,2018,25537.0,25537.0,76074.0,2979.0
1707652,Figueirópolis - TO,2019,23580.0,23580.0,65182.0,2764.0
1707652,Figueirópolis - TO,2020,19417.0,19417.0,67374.0,3470.0
1707652,Figueirópolis - TO,2021,20210.0,20210.0,65170.0,3225.0
1707652,Figueirópolis - TO,2022,24741.0,24741.0,81406.0,3290.0
1707652,Figueirópolis - TO,2023,25707.0,25707.0,95768.0,3725.0
1707652,Figueirópolis - TO,2024,32372.0,32372.0,105244.0,3251.0
1707652,Figueirópolis - TO,2025,32151.0,32151.0,131176.0,4080.0
1707652,Figueirópolis - TO,1989,3840.0,3840.0,8450.0,2201.0
1707652,Figueirópolis - TO,1990,2850.0,3000.0,2850.0,1000.0
1707652,Figueirópolis - TO,1991,68.0,70.0,123.0,1808.0
1707652,Figueirópolis - TO,1992,1250.0,1250.0,2250.0,1800.0
1707652,Figueirópolis - TO,1994,700.0,700.0,1260.0,1800.0
1707652,Figueirópolis - TO,1995,830.0,830.0,1494.0,1800.0
1707652,Figueirópolis - TO,1998,950.0,950.0,1482.0,1560.0
1707652,Figueirópolis - TO,2001,570.0,570.0,1710.0,3000.0
1707652,Figueirópolis - TO,2003,2500.0,2500.0,6750.0,2700.0
1707652,Figueirópolis - TO,2012,7900.0,7900.0,27018.0,3420.0
1707652,Figueirópolis - TO,2013,10488.0,10488.0,28947.0,2760.0
1707652,Figueirópolis - TO,1985,5130.0,,5130.0,1000.0
1707652,Figueirópolis - TO,1987,374.0,,564.0,1508.0
1707652,Figueirópolis - TO,1988,1200.0,1200.0,1920.0,1600.0
1707652,Figueirópolis - TO,1993,225.0,225.0,203.0,902.0
1707652,Figueirópolis - TO,1999,200.0,200.0,360.0,1800.0
1707652,Figueirópolis - TO,2000,350.0,350.0,1400.0,4000.0
1707652,Figueirópolis - TO,2002,600.0,600.0,1500.0,2500.0
1707652,Figueirópolis - TO,2006,3500.0,3500.0,9275.0,2650.0
1707652,Figueirópolis - TO,2007,3400.0,3400.0,9350.0,2750.0
1707652,Figueirópolis - TO,2008,3600.0,3600.0,9936.0,2760.0
1707652,Figueirópolis - TO,2009,3800.0,3800.0,11400.0,3000.0
1707652,Figueirópolis - TO,2010,6000.0,6000.0,18000.0,3000.0
1707652,Figueirópolis - TO,2011,7787.0,7787.0,25200.0,3236.0
1707652,Figueirópolis - TO,1983,330.0,,396.0,1200.0
1707652,Figueirópolis - TO,1984,1740.0,,2780.0,1598.0
1707652,Figueirópolis - TO,1986,1800.0,,2375.0,1319.0
1708205,Formoso do Araguaia - TO,2004,17280.0,17280.0,43408.0,2512.0
1708205,Formoso do Araguaia - TO,2005,18330.0,18330.0,43236.0,2358.0
1708205,Formoso do Araguaia - TO,2014,20255.0,20255.0,60237.0,2974.0
1708205,Formoso do Araguaia - TO,2015,20424.0,20424.0,66650.0,3263.0
1708205,Formoso do Araguaia - TO,2016,19819.0,19819.0,60140.0,3034.0
1708205,Formoso do Araguaia - TO,2017,18826.0,18826.0,56100.0,2980.0
1708205,Formoso do Araguaia - TO,2018,2603.0,2603.0,7600.0,2920.0
1708205,Formoso do Araguaia - TO,2019,2300.0,2300.0,4687.0,2038.0
1708205,Formoso do Araguaia - TO,2020,2803.0,2803.0,9500.0,3389.0
1708205,Formoso do Araguaia - TO,2021,4214.0,4214.0,13600.0,3227.0
1708205,Formoso do Araguaia - TO,2022,5206.0,5206.0,16149.0,3102.0
1708205,Formoso do Araguaia - TO,2023,7211.0,7211.0,23796.0,3300.0
1708205,Formoso do Araguaia - TO,2024,9397.0,9397.0,27063.0,2880.0
1708205,Formoso do Araguaia - TO,2025,8192.0,8192.0,30310.0,3700.0
1708205,Formoso do Araguaia - TO,1989,10350.0,10350.0,18630.0,1800.0
1708205,Formoso do Araguaia - TO,1990,9500.0,9500.0,17100.0,1800.0
1708205,Formoso do Araguaia - TO,1994,9400.0,9400.0,15886.0,1690.0
1708205,Formoso do Araguaia - TO,1995,1637.0,1637.0,3264.0,1993.0
1708205,Formoso do Araguaia - TO,1998,7930.0,7930.0,16950.0,2137.0
1708205,Formoso do Araguaia - TO,2001,15177.0,15177.0,38208.0,2517.0
1708205,Formoso do Araguaia - TO,2003,15100.0,15100.0,37750.0,2500.0
1708205,Formoso do Araguaia - TO,2012,16493.0,16493.0,54426.0,3300.0
1708205,Formoso do Araguaia - TO,2013,32380.0,32380.0,84058.0,2596.0
1708205,Formoso do Araguaia - TO,1985,10799.0,,18060.0,1672.0
1708205,Formoso do Araguaia - TO,1987,3451.0,,6016.0,1743.0
1708205,Formoso do Araguaia - TO,1988,10840.0,10840.0,19510.0,1800.0
1708205,Formoso do Araguaia - TO,1993,6930.0,6930.0,12474.0,1800.0
1708205,Formoso do Araguaia - TO,1999,6132.0,6132.0,16640.0,2713.0
1708205,Formoso do Araguaia - TO,2000,12375.0,12375.0,31488.0,2544.0
1708205,Formoso do Araguaia - TO,2002,12840.0,12840.0,32357.0,2520.0
1708205,Formoso do Araguaia - TO,2006,8350.0,8350.0,22000.0,2634.0
1708205,Formoso do Araguaia - TO,2007,8400.0,8400.0,22260.0,2650.0
1708205,Formoso do Araguaia - TO,2008,11888.0,11888.0,32098.0,2700.0
1708205,Formoso do Araguaia - TO,2009,13950.0,13950.0,39100.0,2802.0
1708205,Formoso do Araguaia - TO,2010,16200.0,16200.0,50220.0,3100.0
1708205,Formoso do Araguaia - TO,2011,16260.0,16260.0,49544.0,3047.0
1708205,Formoso do Araguaia - TO,1981,275.0,,688.0,2502.0
1708205,Formoso do Araguaia - TO,1983,4152.0,,8400.0,2023.0
1708205,Formoso do Araguaia - TO,1984,12540.0,,13820.0,1102.0
1708205,Formoso do Araguaia - TO,1986,9028.0,,17660.0,1956.0
1708205,Formoso do Araguaia - TO,1996,1000.0,1000.0,2780.0,2780.0
1708205,Formoso do Araguaia - TO,1997,9800.0,9800.0,20580.0,2100.0
1708205,Formoso do Araguaia - TO,1982,2116.0,,3174.0,1500.0
1708254,Tabocão - TO,2004,800.0,800.0,1920.0,2400.0
1708254,Tabocão - TO,2005,1160.0,1160.0,3062.0,2639.0
1708254,Tabocão - TO,2014,3100.0,3100.0,8680.0,2800.0
1708254,Tabocão - TO,2015,3100.0,3100.0,8680.0,2800.0
1708254,Tabocão - TO,2016,3100.0,3100.0,5642.0,1820.0
1708254,Tabocão - TO,2017,3100.0,3100.0,8680.0,2800.0
1708254,Tabocão - TO,2018,4952.0,4952.0,13866.0,2800.0
1708254,Tabocão - TO,2019,4715.0,4952.0,13866.0,2941.0
1708254,Tabocão - TO,2020,5200.0,5200.0,14560.0,2800.0
1708254,Tabocão - TO,2021,4002.0,4002.0,11525.0,2880.0
1708254,Tabocão - TO,2022,3715.0,3717.0,13374.0,3600.0
1708254,Tabocão - TO,2023,4436.0,4436.0,15970.0,3600.0
1708254,Tabocão - TO,2024,4436.0,4436.0,13308.0,3000.0
1708254,Tabocão - TO,2025,4794.0,4794.0,21573.0,4500.0
1708254,Tabocão - TO,1995,120.0,120.0,223.0,1858.0
1708254,Tabocão - TO,1998,120.0,120.0,190.0,1583.0
1708254,Tabocão - TO,2001,110.0,110.0,264.0,2400.0
1708254,Tabocão - TO,2003,640.0,640.0,1536.0,2400.0
1708254,Tabocão - TO,2012,3000.0,3000.0,8400.0,2800.0
1708254,Tabocão - TO,2013,3100.0,3100.0,8680.0,2800.0
1708254,Tabocão - TO,1993,110.0,110.0,242.0,2200.0
1708254,Tabocão - TO,2000,200.0,200.0,480.0,2400.0
1708254,Tabocão - TO,2002,100.0,100.0,240.0,2400.0
1708254,Tabocão - TO,2006,3000.0,3000.0,6480.0,2160.0
1708254,Tabocão - TO,2007,3000.0,3000.0,6480.0,2160.0
1708254,Tabocão - TO,2008,3000.0,3000.0,7920.0,2640.0
1708254,Tabocão - TO,2009,2100.0,2100.0,5880.0,2800.0
1708254,Tabocão - TO,2010,2300.0,2300.0,6440.0,2800.0
1708254,Tabocão - TO,2011,3000.0,3000.0,8400.0,2800.0
1708304,Goianorte - TO,2015,120.0,120.0,240.0,2000.0
1708304,Goianorte - TO,2016,120.0,120.0,264.0,2200.0
1708304,Goianorte - TO,2017,4210.0,4210.0,11367.0,2700.0
1708304,Goianorte - TO,2018,3000.0,3000.0,8100.0,2700.0
1708304,Goianorte - TO,2019,1845.0,1845.0,6458.0,3500.0
1708304,Goianorte - TO,2020,6729.0,6729.0,22253.0,3307.0
1708304,Goianorte - TO,2021,11000.0,11000.0,33000.0,3000.0
1708304,Goianorte - TO,2022,8320.0,8461.0,30368.0,3650.0
1708304,Goianorte - TO,2023,8461.0,8461.0,27921.0,3300.0
1708304,Goianorte - TO,2024,14000.0,14000.0,38706.0,2765.0
1708304,Goianorte - TO,2025,14140.0,14140.0,60381.0,4270.0
1708304,Goianorte - TO,2012,200.0,200.0,580.0,2900.0
1708304,Goianorte - TO,2008,300.0,300.0,810.0,2700.0
1708304,Goianorte - TO,2009,600.0,600.0,1620.0,2700.0
1708304,Goianorte - TO,2010,650.0,650.0,1755.0,2700.0
1708304,Goianorte - TO,2011,300.0,300.0,864.0,2880.0
1709005,Goiatins - TO,2004,1100.0,1100.0,2805.0,2550.0
1709005,Goiatins - TO,2005,6750.0,6750.0,16875.0,2500.0
1709005,Goiatins - TO,2014,14200.0,14200.0,42387.0,2985.0
1709005,Goiatins - TO,2015,20000.0,20000.0,49190.0,2460.0
1709005,Goiatins - TO,2016,20000.0,20000.0,60000.0,3000.0
1709005,Goiatins - TO,2017,15700.0,15700.0,53929.0,3435.0
1709005,Goiatins - TO,2018,15700.0,15700.0,53929.0,3435.0
1709005,Goiatins - TO,2019,13200.0,13200.0,33540.0,2541.0
1709005,Goiatins - TO,2020,13200.0,13200.0,34320.0,2600.0
1709005,Goiatins - TO,2021,14500.0,14500.0,43500.0,3000.0
1709005,Goiatins - TO,2022,14700.0,14700.0,44280.0,3012.0
1709005,Goiatins - TO,2023,24700.0,24700.0,74280.0,3007.0
1709005,Goiatins - TO,2024,24700.0,24700.0,67910.0,2749.0
1709005,Goiatins - TO,2025,24600.0,24600.0,75852.0,3083.0
1709005,Goiatins - TO,1989,400.0,400.0,600.0,1500.0
1709005,Goiatins - TO,1990,2000.0,2000.0,3000.0,1500.0
1709005,Goiatins - TO,2012,14500.0,14500.0,45240.0,3120.0
1709005,Goiatins - TO,2013,12500.0,12500.0,37250.0,2980.0
1709005,Goiatins - TO,2006,3520.0,4200.0,7744.0,2200.0
1709005,Goiatins - TO,2007,4500.0,4500.0,10350.0,2300.0
1709005,Goiatins - TO,2008,9600.0,9600.0,24960.0,2600.0
1709005,Goiatins - TO,2009,4000.0,4000.0,10800.0,2700.0
1709005,Goiatins - TO,2010,9500.0,9500.0,25650.0,2700.0
1709005,Goiatins - TO,2011,9500.0,9500.0,29393.0,3094.0
1709005,Goiatins - TO,1996,19.0,19.0,62.0,3263.0
1709005,Goiatins - TO,1997,260.0,260.0,546.0,2100.0
1709302,Guaraí - TO,2004,1600.0,1600.0,4160.0,2600.0
1709302,Guaraí - TO,2005,8100.0,8100.0,20655.0,2550.0
1709302,Guaraí - TO,2014,11000.0,11000.0,36300.0,3300.0
1709302,Guaraí - TO,2015,11000.0,11000.0,36300.0,3300.0
1709302,Guaraí - TO,2016,11200.0,11200.0,24195.0,2160.0
1709302,Guaraí - TO,2017,12797.0,12797.0,42230.0,3300.0
1709302,Guaraí - TO,2018,11000.0,11000.0,31900.0,2900.0
1709302,Guaraí - TO,2019,13292.0,13292.0,37483.0,2820.0
1709302,Guaraí - TO,2020,5000.0,5000.0,15035.0,3007.0
1709302,Guaraí - TO,2021,12183.0,12183.0,40204.0,3300.0
1709302,Guaraí - TO,2022,12000.0,12183.0,43200.0,3600.0
1709302,Guaraí - TO,2023,12182.0,12182.0,36546.0,3000.0
1709302,Guaraí - TO,2024,12182.0,12182.0,40566.0,3330.0
1709302,Guaraí - TO,2025,9513.0,9513.0,30556.0,3212.0
1709302,Guaraí - TO,1989,1600.0,1600.0,3360.0,2100.0
1709302,Guaraí - TO,1990,800.0,800.0,1680.0,2100.0
1709302,Guaraí - TO,1991,733.0,750.0,1823.0,2487.0
1709302,Guaraí - TO,1992,370.0,370.0,810.0,2189.0
1709302,Guaraí - TO,1994,270.0,270.0,540.0,2000.0
1709302,Guaraí - TO,1995,270.0,270.0,540.0,2000.0
1709302,Guaraí - TO,1998,300.0,300.0,600.0,2000.0
1709302,Guaraí - TO,2001,140.0,140.0,280.0,2000.0
1709302,Guaraí - TO,2003,800.0,800.0,1920.0,2400.0
1709302,Guaraí - TO,2012,10000.0,10000.0,27000.0,2700.0
1709302,Guaraí - TO,2013,10000.0,10000.0,27000.0,2700.0
1709302,Guaraí - TO,1985,130.0,,156.0,1200.0
1709302,Guaraí - TO,1987,358.0,,537.0,1500.0
1709302,Guaraí - TO,1988,590.0,590.0,1300.0,2203.0
1709302,Guaraí - TO,1993,50.0,50.0,120.0,2400.0
1709302,Guaraí - TO,1999,300.0,300.0,600.0,2000.0
1709302,Guaraí - TO,2002,270.0,270.0,540.0,2000.0
1709302,Guaraí - TO,2006,9500.0,9500.0,24700.0,2600.0
1709302,Guaraí - TO,2007,9000.0,9000.0,22500.0,2500.0
1709302,Guaraí - TO,2008,8500.0,8500.0,22950.0,2700.0
1709302,Guaraí - TO,2009,8800.0,8800.0,23760.0,2700.0
1709302,Guaraí - TO,2010,9000.0,9000.0,24300.0,2700.0
1709302,Guaraí - TO,2011,10000.0,10000.0,27000.0,2700.0
1709302,Guaraí - TO,1986,250.0,,300.0,1200.0
1709302,Guaraí - TO,1996,130.0,130.0,330.0,2538.0
1709302,Guaraí - TO,1997,280.0,300.0,420.0,1500.0
1709302,Guaraí - TO,1978,3.0,,2.0,667.0
1709500,Gurupi - TO,2005,250.0,250.0,625.0,2500.0
1709500,Gurupi - TO,2014,5000.0,5000.0,13500.0,2700.0
1709500,Gurupi - TO,2015,9834.0,9834.0,32500.0,3305.0
1709500,Gurupi - TO,2016,6314.0,6914.0,11080.0,1755.0
1709500,Gurupi - TO,2017,9115.0,9115.0,26900.0,2951.0
1709500,Gurupi - TO,2018,11000.0,11000.0,32220.0,2929.0
1709500,Gurupi - TO,2019,12564.0,12564.0,35405.0,2818.0
1709500,Gurupi - TO,2020,14713.0,14713.0,51500.0,3500.0
1709500,Gurupi - TO,2021,15055.0,15055.0,46187.0,3068.0
1709500,Gurupi - TO,2022,16960.0,16960.0,54629.0,3221.0
1709500,Gurupi - TO,2023,19967.0,19967.0,76655.0,3839.0
1709500,Gurupi - TO,2024,21638.0,21638.0,64430.0,2978.0
1709500,Gurupi - TO,2025,21580.0,21580.0,90883.0,4211.0
1709500,Gurupi - TO,1989,2800.0,2800.0,4480.0,1600.0
1709500,Gurupi - TO,1990,3000.0,3000.0,2700.0,900.0
1709500,Gurupi - TO,1992,35.0,35.0,60.0,1714.0
1709500,Gurupi - TO,1994,1280.0,1280.0,2304.0,1800.0
1709500,Gurupi - TO,1995,600.0,600.0,1140.0,1900.0
1709500,Gurupi - TO,1998,400.0,400.0,230.0,575.0
1709500,Gurupi - TO,2012,520.0,520.0,1629.0,3133.0
1709500,Gurupi - TO,2013,4650.0,4650.0,13950.0,3000.0
1709500,Gurupi - TO,1985,3500.0,,5250.0,1500.0
1709500,Gurupi - TO,1987,747.0,,1210.0,1620.0
1709500,Gurupi - TO,1988,2200.0,2200.0,3520.0,1600.0
1709500,Gurupi - TO,2006,3800.0,3800.0,9424.0,2480.0
1709500,Gurupi - TO,2008,150.0,150.0,405.0,2700.0
1709500,Gurupi - TO,2010,120.0,120.0,360.0,3000.0
1709500,Gurupi - TO,2011,120.0,120.0,396.0,3300.0
1709500,Gurupi - TO,1984,50.0,,40.0,800.0
1709500,Gurupi - TO,1986,1200.0,,1584.0,1320.0
1709807,Ipueiras - TO,2005,430.0,430.0,903.0,2100.0
1709807,Ipueiras - TO,2014,6800.0,6800.0,19992.0,2940.0
1709807,Ipueiras - TO,2015,7155.0,7155.0,20750.0,2900.0
1709807,Ipueiras - TO,2016,6800.0,6800.0,13464.0,1980.0
1709807,Ipueiras - TO,2017,7155.0,7155.0,19584.0,2737.0
1709807,Ipueiras - TO,2018,3141.0,3141.0,8010.0,2550.0
1709807,Ipueiras - TO,2019,3141.0,3141.0,9235.0,2940.0
1709807,Ipueiras - TO,2020,2900.0,2900.0,8526.0,2940.0
1709807,Ipueiras - TO,2021,2850.0,2850.0,8208.0,2880.0
1709807,Ipueiras - TO,2022,3200.0,3200.0,9408.0,2940.0
1709807,Ipueiras - TO,2023,6642.0,6642.0,21122.0,3180.0
1709807,Ipueiras - TO,2024,4904.0,4904.0,12652.0,2580.0
1709807,Ipueiras - TO,2025,4002.0,4002.0,13607.0,3400.0
1709807,Ipueiras - TO,2012,6000.0,6000.0,16800.0,2800.0
1709807,Ipueiras - TO,2013,6000.0,6000.0,18000.0,3000.0
1709807,Ipueiras - TO,2006,1700.0,1700.0,3876.0,2280.0
1709807,Ipueiras - TO,2008,3600.0,3600.0,9936.0,2760.0
1709807,Ipueiras - TO,2009,3600.0,3600.0,10152.0,2820.0
1709807,Ipueiras - TO,2010,3800.0,3800.0,10640.0,2800.0
1709807,Ipueiras - TO,2011,5600.0,5600.0,16800.0,3000.0
1710508,Itacajá - TO,2004,1100.0,1100.0,2750.0,2500.0
1710508,Itacajá - TO,2005,2000.0,2000.0,5100.0,2550.0
1710508,Itacajá - TO,2014,6000.0,6000.0,17368.0,2895.0
1710508,Itacajá - TO,2015,4300.0,4300.0,12040.0,2800.0
1710508,Itacajá - TO,2016,4300.0,4300.0,12040.0,2800.0
1710508,Itacajá - TO,2017,8180.0,8180.0,20450.0,2500.0
1710508,Itacajá - TO,2018,7600.0,7600.0,19000.0,2500.0
1710508,Itacajá - TO,2019,5829.0,5829.0,13652.0,2342.0
1710508,Itacajá - TO,2020,5829.0,5829.0,15155.0,2600.0
1710508,Itacajá - TO,2021,13000.0,13000.0,36400.0,2800.0
1710508,Itacajá - TO,2022,6435.0,6435.0,16345.0,2540.0
1710508,Itacajá - TO,2023,12800.0,12800.0,38400.0,3000.0
1710508,Itacajá - TO,2024,10880.0,12800.0,21542.0,1980.0
1710508,Itacajá - TO,2025,10745.0,10745.0,27590.0,2568.0
1710508,Itacajá - TO,2001,200.0,200.0,400.0,2000.0
1710508,Itacajá - TO,2003,250.0,250.0,450.0,1800.0
1710508,Itacajá - TO,2012,3500.0,3500.0,10150.0,2900.0
1710508,Itacajá - TO,2013,3600.0,3600.0,10440.0,2900.0
1710508,Itacajá - TO,2002,200.0,200.0,400.0,2000.0
1710508,Itacajá - TO,2006,3000.0,3000.0,7500.0,2500.0
1710508,Itacajá - TO,2007,2800.0,2800.0,6720.0,2400.0
1710508,Itacajá - TO,2008,1000.0,1000.0,2700.0,2700.0
1710508,Itacajá - TO,2009,4000.0,4000.0,11200.0,2800.0
1710508,Itacajá - TO,2010,5000.0,5000.0,13500.0,2700.0
1710508,Itacajá - TO,2011,4100.0,4100.0,11808.0,2880.0
1710904,Itapiratins - TO,2004,800.0,800.0,2000.0,2500.0
1710904,Itapiratins - TO,2005,3500.0,3500.0,9100.0,2600.0
1710904,Itapiratins - TO,2014,11082.0,11082.0,32137.0,2900.0
1710904,Itapiratins - TO,2015,11100.0,11100.0,32190.0,2900.0
1710904,Itapiratins - TO,2016,5800.0,5800.0,16820.0,2900.0
1710904,Itapiratins - TO,2017,11000.0,11000.0,29700.0,2700.0
1710904,Itapiratins - TO,2018,12150.0,12150.0,33750.0,2778.0
1710904,Itapiratins - TO,2019,10121.0,10121.0,26719.0,2640.0
1710904,Itapiratins - TO,2020,10121.0,10121.0,30363.0,3000.0
1710904,Itapiratins - TO,2021,14965.0,14965.0,58364.0,3900.0
1710904,Itapiratins - TO,2022,12151.0,12151.0,35845.0,2950.0
1710904,Itapiratins - TO,2023,14439.0,14439.0,43317.0,3000.0
1710904,Itapiratins - TO,2024,14439.0,14439.0,50825.0,3520.0
1710904,Itapiratins - TO,2025,15606.0,15606.0,48113.0,3083.0
1710904,Itapiratins - TO,2012,5500.0,5500.0,15950.0,2900.0
1710904,Itapiratins - TO,2013,5600.0,5600.0,16240.0,2900.0
1710904,Itapiratins - TO,2006,4500.0,4500.0,11475.0,2550.0
1710904,Itapiratins - TO,2007,3000.0,3000.0,7350.0,2450.0
1710904,Itapiratins - TO,2008,7000.0,7000.0,18900.0,2700.0
1710904,Itapiratins - TO,2009,7000.0,7000.0,18900.0,2700.0
1710904,Itapiratins - TO,2010,7500.0,7500.0,20250.0,2700.0
1710904,Itapiratins - TO,2011,5800.0,5800.0,16704.0,2880.0
1711506,Jaú do Tocantins - TO,2004,130.0,130.0,270.0,2076.0
1711506,Jaú do Tocantins - TO,2005,210.0,210.0,420.0,2000.0
1711506,Jaú do Tocantins - TO,2017,1850.0,1850.0,5300.0,2865.0
1711506,Jaú do Tocantins - TO,2018,1850.0,1850.0,5400.0,2919.0
1711506,Jaú do Tocantins - TO,2019,1500.0,1500.0,4030.0,2687.0
1711506,Jaú do Tocantins - TO,2020,1550.0,1550.0,4900.0,3161.0
1711506,Jaú do Tocantins - TO,2021,816.0,816.0,2523.0,3092.0
1711506,Jaú do Tocantins - TO,2022,1582.0,1582.0,4904.0,3100.0
1711506,Jaú do Tocantins - TO,2023,2166.0,2166.0,7798.0,3600.0
1711506,Jaú do Tocantins - TO,2024,1546.0,1546.0,4638.0,3000.0
1711506,Jaú do Tocantins - TO,2025,2458.0,2458.0,9586.0,3900.0
1711506,Jaú do Tocantins - TO,2006,150.0,150.0,278.0,1853.0
1711506,Jaú do Tocantins - TO,2007,170.0,170.0,323.0,1900.0
1711506,Jaú do Tocantins - TO,2008,100.0,100.0,270.0,2700.0
1711803,Juarina - TO,2020,100.0,100.0,270.0,2700.0
1711803,Juarina - TO,2021,570.0,570.0,1610.0,2825.0
1711803,Juarina - TO,2022,570.0,570.0,2041.0,3581.0
1711803,Juarina - TO,2023,1310.0,1310.0,4323.0,3300.0
1711803,Juarina - TO,2024,1310.0,1310.0,2595.0,1981.0
1711803,Juarina - TO,2025,1676.0,1676.0,3557.0,2122.0
1711902,Lagoa da Confusão - TO,2004,17000.0,17000.0,37400.0,2200.0
1711902,Lagoa da Confusão - TO,2005,10000.0,10000.0,24000.0,2400.0
1711902,Lagoa da Confusão - TO,2014,50590.0,50590.0,149400.0,2953.0
1711902,Lagoa da Confusão - TO,2015,43824.0,43824.0,131472.0,3000.0
1711902,Lagoa da Confusão - TO,2016,39658.0,39658.0,101470.0,2559.0
1711902,Lagoa da Confusão - TO,2017,40128.0,40128.0,121432.0,3026.0
1711902,Lagoa da Confusão - TO,2018,38977.0,38977.0,116931.0,3000.0
1711902,Lagoa da Confusão - TO,2019,33419.0,33419.0,99630.0,2981.0
1711902,Lagoa da Confusão - TO,2020,43411.0,43411.0,143074.0,3296.0
1711902,Lagoa da Confusão - TO,2021,46711.0,46711.0,140000.0,2997.0
1711902,Lagoa da Confusão - TO,2022,48559.0,48559.0,160245.0,3300.0
1711902,Lagoa da Confusão - TO,2023,49114.0,49114.0,149240.0,3039.0
1711902,Lagoa da Confusão - TO,2024,52342.0,52342.0,161070.0,3077.0
1711902,Lagoa da Confusão - TO,2025,9342.0,9342.0,28857.0,3089.0
1711902,Lagoa da Confusão - TO,1994,1500.0,1500.0,3000.0,2000.0
1711902,Lagoa da Confusão - TO,1995,140.0,140.0,280.0,2000.0
1711902,Lagoa da Confusão - TO,1998,460.0,460.0,966.0,2100.0
1711902,Lagoa da Confusão - TO,2001,1000.0,1000.0,2100.0,2100.0
1711902,Lagoa da Confusão - TO,2003,6000.0,6000.0,14400.0,2400.0
1711902,Lagoa da Confusão - TO,2012,19600.0,19600.0,58800.0,3000.0
1711902,Lagoa da Confusão - TO,2013,26000.0,26000.0,78000.0,3000.0
1711902,Lagoa da Confusão - TO,1999,400.0,400.0,1086.0,2715.0
1711902,Lagoa da Confusão - TO,2000,950.0,950.0,2280.0,2400.0
1711902,Lagoa da Confusão - TO,2002,480.0,480.0,1152.0,2400.0
1711902,Lagoa da Confusão - TO,2006,14000.0,14000.0,37800.0,2700.0
1711902,Lagoa da Confusão - TO,2007,12000.0,12000.0,32400.0,2700.0
1711902,Lagoa da Confusão - TO,2008,11949.0,11949.0,32262.0,2699.0
1711902,Lagoa da Confusão - TO,2009,12850.0,12850.0,35983.0,2800.0
1711902,Lagoa da Confusão - TO,2010,13000.0,13000.0,36400.0,2800.0
1711902,Lagoa da Confusão - TO,2011,12000.0,12000.0,33600.0,2800.0
1711902,Lagoa da Confusão - TO,1997,1300.0,1300.0,2730.0,2100.0
1711951,Lagoa do Tocantins - TO,2014,2200.0,2200.0,6468.0,2940.0
1711951,Lagoa do Tocantins - TO,2015,2200.0,2200.0,6072.0,2760.0
1711951,Lagoa do Tocantins - TO,2016,2200.0,2200.0,4290.0,1950.0
1711951,Lagoa do Tocantins - TO,2017,2500.0,2500.0,8000.0,3200.0
1711951,Lagoa do Tocantins - TO,2018,2400.0,2400.0,6000.0,2500.0
1711951,Lagoa do Tocantins - TO,2019,2700.0,2700.0,7614.0,2820.0
1711951,Lagoa do Tocantins - TO,2020,2700.0,2700.0,7290.0,2700.0
1711951,Lagoa do Tocantins - TO,2021,3000.0,3000.0,7920.0,2640.0
1711951,Lagoa do Tocantins - TO,2022,3250.0,3250.0,8970.0,2760.0
1711951,Lagoa do Tocantins - TO,2023,4000.0,4000.0,11120.0,2780.0
1711951,Lagoa do Tocantins - TO,2024,5368.0,5368.0,13527.0,2520.0
1711951,Lagoa do Tocantins - TO,2025,6716.0,6716.0,21491.0,3200.0
1711951,Lagoa do Tocantins - TO,2013,500.0,500.0,1450.0,2900.0
1712157,Lavandeira - TO,2013,1000.0,1000.0,3150.0,3150.0
1712405,Lizarda - TO,2005,200.0,200.0,432.0,2160.0
1712405,Lizarda - TO,2015,1500.0,1500.0,4500.0,3000.0
1712405,Lizarda - TO,2016,2800.0,2800.0,5880.0,2100.0
1712405,Lizarda - TO,2017,1500.0,1500.0,4500.0,3000.0
1712405,Lizarda - TO,2018,3500.0,3500.0,11200.0,3200.0
1712405,Lizarda - TO,2019,1255.0,1255.0,3765.0,3000.0
1712405,Lizarda - TO,2020,1905.0,1905.0,5715.0,3000.0
1712405,Lizarda - TO,2021,2000.0,2000.0,5900.0,2950.0
1712405,Lizarda - TO,2022,1905.0,1905.0,5715.0,3000.0
1712405,Lizarda - TO,2023,5030.0,5030.0,15000.0,2982.0
1712405,Lizarda - TO,2024,7018.0,7018.0,21896.0,3120.0
1712405,Lizarda - TO,2025,8196.0,8196.0,24539.0,2994.0
1712405,Lizarda - TO,2006,200.0,200.0,360.0,1800.0
1712454,Luzinópolis - TO,2019,400.0,400.0,1080.0,2700.0
1712454,Luzinópolis - TO,2020,400.0,400.0,1080.0,2700.0
1712454,Luzinópolis - TO,2021,400.0,400.0,1080.0,2700.0
1712454,Luzinópolis - TO,2022,400.0,400.0,1080.0,2700.0
1712454,Luzinópolis - TO,2023,400.0,400.0,1080.0,2700.0
1712454,Luzinópolis - TO,2024,400.0,400.0,1200.0,3000.0
1712454,Luzinópolis - TO,2025,400.0,400.0,1080.0,2700.0
1712504,Marianópolis do Tocantins - TO,2005,300.0,300.0,648.0,2160.0
1712504,Marianópolis do Tocantins - TO,2014,6200.0,6200.0,15500.0,2500.0
1712504,Marianópolis do Tocantins - TO,2015,15000.0,15000.0,37500.0,2500.0
1712504,Marianópolis do Tocantins - TO,2016,12714.0,12714.0,34884.0,2744.0
1712504,Marianópolis do Tocantins - TO,2017,20243.0,20243.0,60729.0,3000.0
1712504,Marianópolis do Tocantins - TO,2018,18574.0,18574.0,55722.0,3000.0
1712504,Marianópolis do Tocantins - TO,2019,27300.0,27300.0,84630.0,3100.0
1712504,Marianópolis do Tocantins - TO,2020,14740.0,14740.0,47560.0,3227.0
1712504,Marianópolis do Tocantins - TO,2021,21347.0,21347.0,64041.0,3000.0
1712504,Marianópolis do Tocantins - TO,2022,29692.0,29692.0,106891.0,3600.0
1712504,Marianópolis do Tocantins - TO,2023,33596.0,33596.0,120946.0,3600.0
1712504,Marianópolis do Tocantins - TO,2024,39863.0,39863.0,131907.0,3309.0
1712504,Marianópolis do Tocantins - TO,2025,44142.0,44142.0,188045.0,4260.0
1712504,Marianópolis do Tocantins - TO,2013,5000.0,5000.0,12500.0,2500.0
1712504,Marianópolis do Tocantins - TO,2006,500.0,500.0,1140.0,2280.0
1712702,Mateiros - TO,2004,19900.0,19900.0,47760.0,2400.0
1712702,Mateiros - TO,2005,30100.0,30100.0,72240.0,2400.0
1712702,Mateiros - TO,2014,35000.0,35000.0,102900.0,2940.0
1712702,Mateiros - TO,2015,35000.0,35000.0,110250.0,3150.0
1712702,Mateiros - TO,2016,37703.0,37703.0,85400.0,2265.0
1712702,Mateiros - TO,2017,43000.0,43000.0,120400.0,2800.0
1712702,Mateiros - TO,2018,45000.0,45000.0,132583.0,2946.0
1712702,Mateiros - TO,2019,45000.0,45000.0,130275.0,2895.0
1712702,Mateiros - TO,2020,46000.0,46000.0,138000.0,3000.0
1712702,Mateiros - TO,2021,49000.0,49000.0,144060.0,2940.0
1712702,Mateiros - TO,2022,51500.0,51500.0,157590.0,3060.0
1712702,Mateiros - TO,2023,56000.0,56000.0,181440.0,3240.0
1712702,Mateiros - TO,2024,51725.0,51725.0,164486.0,3180.0
1712702,Mateiros - TO,2025,56000.0,56000.0,193200.0,3450.0
1712702,Mateiros - TO,1994,1815.0,1815.0,2722.0,1499.0
1712702,Mateiros - TO,1995,200.0,200.0,300.0,1500.0
1712702,Mateiros - TO,1998,6000.0,6000.0,14400.0,2400.0
1712702,Mateiros - TO,2001,3250.0,3250.0,8125.0,2500.0
1712702,Mateiros - TO,2003,15480.0,15480.0,34210.0,2209.0
1712702,Mateiros - TO,2012,33000.0,33000.0,99000.0,3000.0
1712702,Mateiros - TO,2013,42000.0,42000.0,126000.0,3000.0
1712702,Mateiros - TO,1993,1650.0,1650.0,2470.0,1496.0
1712702,Mateiros - TO,1999,6000.0,6000.0,14400.0,2400.0
1712702,Mateiros - TO,2002,13020.0,13020.0,18749.0,1440.0
1712702,Mateiros - TO,2006,26835.0,26835.0,64404.0,2400.0
1712702,Mateiros - TO,2007,26835.0,26835.0,64404.0,2400.0
1712702,Mateiros - TO,2008,27000.0,27000.0,72900.0,2700.0
1712702,Mateiros - TO,2009,27000.0,27000.0,75600.0,2800.0
1712702,Mateiros - TO,2010,30000.0,30000.0,84000.0,2800.0
1712702,Mateiros - TO,2011,41000.0,41000.0,123000.0,3000.0
1712702,Mateiros - TO,1997,3500.0,3500.0,8400.0,2400.0
1713205,Miracema do Tocantins - TO,2005,960.0,960.0,2304.0,2400.0
1713205,Miracema do Tocantins - TO,2014,1200.0,1200.0,3360.0,2800.0
1713205,Miracema do Tocantins - TO,2015,4800.0,4800.0,12000.0,2500.0
1713205,Miracema do Tocantins - TO,2016,5200.0,5200.0,9750.0,1875.0
1713205,Miracema do Tocantins - TO,2017,8400.0,8400.0,21000.0,2500.0
1713205,Miracema do Tocantins - TO,2018,8500.0,8500.0,22950.0,2700.0
1713205,Miracema do Tocantins - TO,2019,9118.0,9118.0,30089.0,3300.0
1713205,Miracema do Tocantins - TO,2020,10000.0,10000.0,27600.0,2760.0
1713205,Miracema do Tocantins - TO,2021,10250.0,10250.0,27700.0,2702.0
1713205,Miracema do Tocantins - TO,2022,10000.0,10000.0,27400.0,2740.0
1713205,Miracema do Tocantins - TO,2023,16258.0,16258.0,50545.0,3109.0
1713205,Miracema do Tocantins - TO,2024,19211.0,19211.0,59938.0,3120.0
1713205,Miracema do Tocantins - TO,2025,21137.0,21137.0,60663.0,2870.0
1713205,Miracema do Tocantins - TO,1998,0.0,40.0,0.0,
1713205,Miracema do Tocantins - TO,2012,1200.0,1200.0,3360.0,2800.0
1713205,Miracema do Tocantins - TO,2013,1200.0,1200.0,3360.0,2800.0
1713205,Miracema do Tocantins - TO,1985,50.0,,102.0,2040.0
1713205,Miracema do Tocantins - TO,1987,200.0,,384.0,1920.0
1713205,Miracema do Tocantins - TO,2006,1540.0,1540.0,3234.0,2100.0
1713205,Miracema do Tocantins - TO,2007,1500.0,1500.0,3150.0,2100.0
1713205,Miracema do Tocantins - TO,2008,2230.0,2230.0,5798.0,2600.0
1713205,Miracema do Tocantins - TO,2009,1200.0,1200.0,3240.0,2700.0
1713205,Miracema do Tocantins - TO,2010,700.0,700.0,1960.0,2800.0
1713205,Miracema do Tocantins - TO,2011,1200.0,1200.0,3360.0,2800.0
1713205,Miracema do Tocantins - TO,1986,200.0,,396.0,1980.0
1713304,Miranorte - TO,2004,220.0,220.0,528.0,2400.0
1713304,Miranorte - TO,2005,540.0,540.0,1296.0,2400.0
1713304,Miranorte - TO,2014,2260.0,2260.0,7458.0,3300.0
1713304,Miranorte - TO,2015,2260.0,2260.0,7458.0,3300.0
1713304,Miranorte - TO,2016,2300.0,2300.0,5693.0,2475.0
1713304,Miranorte - TO,2017,6750.0,6750.0,22275.0,3300.0
1713304,Miranorte - TO,2018,12368.0,12368.0,40850.0,3303.0
1713304,Miranorte - TO,2019,9067.0,9067.0,29921.0,3300.0
1713304,Miranorte - TO,2020,11550.0,11550.0,38115.0,3300.0
1713304,Miranorte - TO,2021,12012.0,12012.0,39639.0,3300.0
1713304,Miranorte - TO,2022,11550.0,11550.0,38115.0,3300.0
1713304,Miranorte - TO,2023,13200.0,13200.0,42600.0,3227.0
1713304,Miranorte - TO,2024,13495.0,13495.0,42104.0,3120.0
1713304,Miranorte - TO,2025,14909.0,14909.0,48842.0,3276.0
1713304,Miranorte - TO,2012,900.0,900.0,2520.0,2800.0
1713304,Miranorte - TO,2013,880.0,880.0,2464.0,2800.0
1713304,Miranorte - TO,2006,900.0,900.0,2160.0,2400.0
1713304,Miranorte - TO,2007,900.0,900.0,2160.0,2400.0
1713304,Miranorte - TO,2008,880.0,880.0,2288.0,2600.0
1713304,Miranorte - TO,2009,800.0,800.0,2160.0,2700.0
1713304,Miranorte - TO,2010,800.0,800.0,2240.0,2800.0
1713304,Miranorte - TO,2011,1000.0,1000.0,2800.0,2800.0
1713601,Monte do Carmo - TO,2004,4200.0,4200.0,10080.0,2400.0
1713601,Monte do Carmo - TO,2005,5200.0,5200.0,12480.0,2400.0
1713601,Monte do Carmo - TO,2014,27000.0,27000.0,79380.0,2940.0
1713601,Monte do Carmo - TO,2015,32650.0,32650.0,97950.0,3000.0
1713601,Monte do Carmo - TO,2016,29500.0,29500.0,61950.0,2100.0
1713601,Monte do Carmo - TO,2017,31500.0,31500.0,85050.0,2700.0
1713601,Monte do Carmo - TO,2018,36143.0,36143.0,97586.0,2700.0
1713601,Monte do Carmo - TO,2019,38000.0,38000.0,105640.0,2780.0
1713601,Monte do Carmo - TO,2020,36000.0,36000.0,105480.0,2930.0
1713601,Monte do Carmo - TO,2021,36500.0,36500.0,102200.0,2800.0
1713601,Monte do Carmo - TO,2022,37000.0,37000.0,108780.0,2940.0
1713601,Monte do Carmo - TO,2023,45153.0,45153.0,149908.0,3320.0
1713601,Monte do Carmo - TO,2024,52086.0,52086.0,139590.0,2680.0
1713601,Monte do Carmo - TO,2025,54000.0,54000.0,181440.0,3360.0
1713601,Monte do Carmo - TO,1989,640.0,640.0,960.0,1500.0
1713601,Monte do Carmo - TO,2001,20.0,20.0,48.0,2400.0
1713601,Monte do Carmo - TO,2003,300.0,300.0,720.0,2400.0
1713601,Monte do Carmo - TO,2012,11000.0,11000.0,33000.0,3000.0
1713601,Monte do Carmo - TO,2013,17000.0,17000.0,47600.0,2800.0
1713601,Monte do Carmo - TO,1985,193.0,,350.0,1813.0
1713601,Monte do Carmo - TO,2000,690.0,690.0,1449.0,2100.0
1713601,Monte do Carmo - TO,2002,1500.0,1500.0,3600.0,2400.0
1713601,Monte do Carmo - TO,2006,6500.0,6500.0,14820.0,2280.0
1713601,Monte do Carmo - TO,2007,5525.0,5525.0,13260.0,2400.0
1713601,Monte do Carmo - TO,2008,11900.0,11900.0,32130.0,2700.0
1713601,Monte do Carmo - TO,2009,11900.0,11900.0,33558.0,2820.0
1713601,Monte do Carmo - TO,2010,12000.0,12000.0,33600.0,2800.0
1713601,Monte do Carmo - TO,2011,13000.0,13000.0,39000.0,3000.0
1713601,Monte do Carmo - TO,1986,20.0,,35.0,1750.0
1713700,Monte Santo do Tocantins - TO,2017,420.0,420.0,1313.0,3126.0
1713700,Monte Santo do Tocantins - TO,2018,500.0,500.0,1563.0,3126.0
1713700,Monte Santo do Tocantins - TO,2019,1160.0,1160.0,3480.0,3000.0
1713700,Monte Santo do Tocantins - TO,2020,1290.0,1290.0,3852.0,2986.0
1713700,Monte Santo do Tocantins - TO,2021,2480.0,2480.0,7500.0,3024.0
1713700,Monte Santo do Tocantins - TO,2022,2480.0,2480.0,8303.0,3348.0
1713700,Monte Santo do Tocantins - TO,2023,2650.0,2650.0,8745.0,3300.0
1713700,Monte Santo do Tocantins - TO,2024,2847.0,2847.0,9053.0,3180.0
1713700,Monte Santo do Tocantins - TO,2025,3267.0,3267.0,11435.0,3500.0
1713700,Monte Santo do Tocantins - TO,2001,30.0,30.0,72.0,2400.0
1713700,Monte Santo do Tocantins - TO,2000,30.0,30.0,72.0,2400.0
1713809,Palmeiras do Tocantins - TO,2019,300.0,300.0,900.0,3000.0
1713809,Palmeiras do Tocantins - TO,2020,300.0,300.0,900.0,3000.0
1713809,Palmeiras do Tocantins - TO,2021,300.0,300.0,900.0,3000.0
1713809,Palmeiras do Tocantins - TO,2022,300.0,300.0,900.0,3000.0
1713809,Palmeiras do Tocantins - TO,2023,300.0,300.0,900.0,3000.0
1713809,Palmeiras do Tocantins - TO,2024,600.0,600.0,1980.0,3300.0
1713809,Palmeiras do Tocantins - TO,2025,600.0,600.0,1800.0,3000.0
1713809,Palmeiras do Tocantins - TO,2012,180.0,180.0,540.0,3000.0
1713809,Palmeiras do Tocantins - TO,2013,100.0,100.0,200.0,2000.0
1713809,Palmeiras do Tocantins - TO,2011,600.0,600.0,1728.0,2880.0
1713957,Muricilândia - TO,2017,1200.0,1200.0,3024.0,2520.0
1713957,Muricilândia - TO,2018,1200.0,1200.0,3024.0,2520.0
1713957,Muricilândia - TO,2019,800.0,800.0,2016.0,2520.0
1713957,Muricilândia - TO,2020,800.0,800.0,2016.0,2520.0
1713957,Muricilândia - TO,2021,800.0,800.0,2016.0,2520.0
1713957,Muricilândia - TO,2022,800.0,800.0,2016.0,2520.0
1713957,Muricilândia - TO,2023,1236.0,1236.0,3115.0,2520.0
1713957,Muricilândia - TO,2024,4379.0,4379.0,10510.0,2400.0
1713957,Muricilândia - TO,2025,4379.0,4379.0,11035.0,2520.0
1714203,Natividade - TO,2005,760.0,760.0,1900.0,2500.0
1714203,Natividade - TO,2014,400.0,400.0,1200.0,3000.0
1714203,Natividade - TO,2015,1000.0,1000.0,3300.0,3300.0
1714203,Natividade - TO,2016,1000.0,1000.0,2400.0,2400.0
1714203,Natividade - TO,2017,2300.0,2300.0,4350.0,1891.0
1714203,Natividade - TO,2018,2340.0,2340.0,7260.0,3103.0
1714203,Natividade - TO,2019,2400.0,2400.0,7008.0,2920.0
1714203,Natividade - TO,2020,2500.0,2500.0,7340.0,2936.0
1714203,Natividade - TO,2021,3000.0,3000.0,9600.0,3200.0
1714203,Natividade - TO,2022,3000.0,3000.0,10080.0,3360.0
1714203,Natividade - TO,2023,5299.0,5299.0,17690.0,3338.0
1714203,Natividade - TO,2024,5219.0,5219.0,15657.0,3000.0
1714203,Natividade - TO,2025,5645.0,5645.0,20999.0,3720.0
1714203,Natividade - TO,2003,350.0,350.0,735.0,2100.0
1714203,Natividade - TO,2013,1000.0,1000.0,3100.0,3100.0
1714203,Natividade - TO,1985,193.0,,330.0,1710.0
1714203,Natividade - TO,1987,200.0,,300.0,1500.0
1714203,Natividade - TO,1988,25.0,25.0,40.0,1600.0
1714203,Natividade - TO,2007,700.0,700.0,1680.0,2400.0
1714203,Natividade - TO,2008,600.0,600.0,1620.0,2700.0
1714203,Natividade - TO,1984,240.0,,240.0,1000.0
1714203,Natividade - TO,1986,200.0,,360.0,1800.0
1714302,Nazaré - TO,2024,500.0,500.0,1650.0,3300.0
1714302,Nazaré - TO,2025,500.0,500.0,1500.0,3000.0
1714880,Nova Olinda - TO,2004,400.0,400.0,1000.0,2500.0
1714880,Nova Olinda - TO,2005,5000.0,5000.0,12500.0,2500.0
1714880,Nova Olinda - TO,2014,400.0,400.0,1160.0,2900.0
1714880,Nova Olinda - TO,2015,430.0,430.0,1247.0,2900.0
1714880,Nova Olinda - TO,2016,430.0,430.0,1247.0,2900.0
1714880,Nova Olinda - TO,2017,230.0,230.0,564.0,2452.0
1714880,Nova Olinda - TO,2018,370.0,370.0,962.0,2600.0
1714880,Nova Olinda - TO,2019,370.0,370.0,897.0,2424.0
1714880,Nova Olinda - TO,2020,370.0,370.0,1036.0,2800.0
1714880,Nova Olinda - TO,2021,370.0,370.0,1036.0,2800.0
1714880,Nova Olinda - TO,2022,370.0,370.0,1011.0,2732.0
1714880,Nova Olinda - TO,2023,550.0,550.0,1502.0,2731.0
1714880,Nova Olinda - TO,2024,550.0,550.0,1515.0,2755.0
1714880,Nova Olinda - TO,2025,550.0,550.0,1519.0,2762.0
1714880,Nova Olinda - TO,2012,200.0,200.0,576.0,2880.0
1714880,Nova Olinda - TO,2013,250.0,250.0,700.0,2800.0
1714880,Nova Olinda - TO,2006,6000.0,6000.0,15300.0,2550.0
1714880,Nova Olinda - TO,2007,5700.0,5700.0,13680.0,2400.0
1714880,Nova Olinda - TO,2008,5800.0,5800.0,15660.0,2700.0
1714880,Nova Olinda - TO,2009,5500.0,5500.0,15400.0,2800.0
1714880,Nova Olinda - TO,2010,6000.0,6000.0,16200.0,2700.0
1714880,Nova Olinda - TO,2011,200.0,200.0,576.0,2880.0
1715002,Nova Rosalândia - TO,2004,70.0,70.0,147.0,2100.0
1715002,Nova Rosalândia - TO,2014,3500.0,3500.0,8750.0,2500.0
1715002,Nova Rosalândia - TO,2015,3600.0,3600.0,9000.0,2500.0
1715002,Nova Rosalândia - TO,2016,3600.0,3600.0,9000.0,2500.0
1715002,Nova Rosalândia - TO,2017,3835.0,3835.0,9588.0,2500.0
1715002,Nova Rosalândia - TO,2018,5910.0,5910.0,14775.0,2500.0
1715002,Nova Rosalândia - TO,2019,5010.0,5010.0,12525.0,2500.0
1715002,Nova Rosalândia - TO,2020,5537.0,5537.0,17000.0,3070.0
1715002,Nova Rosalândia - TO,2021,7501.0,7501.0,22500.0,3000.0
1715002,Nova Rosalândia - TO,2022,7501.0,7501.0,27004.0,3600.0
1715002,Nova Rosalândia - TO,2023,7903.0,7903.0,28451.0,3600.0
1715002,Nova Rosalândia - TO,2024,9520.0,9520.0,33320.0,3500.0
1715002,Nova Rosalândia - TO,2025,10885.0,10885.0,34724.0,3190.0
1715002,Nova Rosalândia - TO,1989,100.0,100.0,150.0,1500.0
1715101,Novo Acordo - TO,2014,3000.0,3000.0,8820.0,2940.0
1715101,Novo Acordo - TO,2015,3200.0,3200.0,8960.0,2800.0
1715101,Novo Acordo - TO,2016,3200.0,3200.0,6080.0,1900.0
1715101,Novo Acordo - TO,2017,3500.0,3500.0,8820.0,2520.0
1715101,Novo Acordo - TO,2018,5283.0,5283.0,15215.0,2880.0
1715101,Novo Acordo - TO,2019,5743.0,5743.0,17918.0,3120.0
1715101,Novo Acordo - TO,2020,5743.0,5743.0,17057.0,2970.0
1715101,Novo Acordo - TO,2021,5743.0,5743.0,16023.0,2790.0
1715101,Novo Acordo - TO,2022,5900.0,5900.0,17594.0,2982.0
1715101,Novo Acordo - TO,2023,7100.0,7100.0,22365.0,3150.0
1715101,Novo Acordo - TO,2024,17095.0,17095.0,44105.0,2580.0
1715101,Novo Acordo - TO,2025,18673.0,18673.0,56700.0,3036.0
1715101,Novo Acordo - TO,2013,800.0,800.0,2160.0,2700.0
1715259,Novo Jardim - TO,2004,1000.0,1000.0,2700.0,2700.0
1715259,Novo Jardim - TO,2005,1200.0,1200.0,3240.0,2700.0
1715259,Novo Jardim - TO,2020,80.0,80.0,250.0,3125.0
1715259,Novo Jardim - TO,2021,180.0,180.0,576.0,3200.0
1715259,Novo Jardim - TO,2022,730.0,730.0,2497.0,3421.0
1715259,Novo Jardim - TO,2023,368.0,368.0,1236.0,3359.0
1715259,Novo Jardim - TO,2024,460.0,460.0,1380.0,3000.0
1715259,Novo Jardim - TO,2025,1103.0,1103.0,3971.0,3600.0
1715259,Novo Jardim - TO,2003,1087.0,1087.0,1955.0,1798.0
1715259,Novo Jardim - TO,2002,800.0,800.0,1200.0,1500.0
1715259,Novo Jardim - TO,2006,1000.0,1000.0,2400.0,2400.0
1715259,Novo Jardim - TO,2007,800.0,800.0,1920.0,2400.0
1715259,Novo Jardim - TO,2008,1000.0,1000.0,2700.0,2700.0
1715259,Novo Jardim - TO,2009,500.0,500.0,1350.0,2700.0
1715259,Novo Jardim - TO,2010,500.0,500.0,1350.0,2700.0
1715507,Oliveira de Fátima - TO,2014,1550.0,1550.0,4557.0,2940.0
1715507,Oliveira de Fátima - TO,2015,1550.0,1550.0,4185.0,2700.0
1715507,Oliveira de Fátima - TO,2016,1550.0,1550.0,3255.0,2100.0
1715507,Oliveira de Fátima - TO,2017,1800.0,1800.0,4968.0,2760.0
1715507,Oliveira de Fátima - TO,2018,1448.0,1448.0,4561.0,3150.0
1715507,Oliveira de Fátima - TO,2019,1448.0,1448.0,4127.0,2850.0
1715507,Oliveira de Fátima - TO,2020,1448.0,1448.0,4315.0,2980.0
1715507,Oliveira de Fátima - TO,2021,1800.0,1800.0,5112.0,2840.0
1715507,Oliveira de Fátima - TO,2022,1870.0,1870.0,5498.0,2940.0
1715507,Oliveira de Fátima - TO,2023,4200.0,4200.0,13356.0,3180.0
1715507,Oliveira de Fátima - TO,2024,2843.0,2843.0,8017.0,2820.0
1715507,Oliveira de Fátima - TO,2025,3500.0,3500.0,12075.0,3450.0
1715507,Oliveira de Fátima - TO,2012,600.0,600.0,1800.0,3000.0
1715507,Oliveira de Fátima - TO,2013,1160.0,1160.0,3132.0,2700.0
1715507,Oliveira de Fátima - TO,2008,230.0,230.0,621.0,2700.0
1715705,Palmeirante - TO,2004,300.0,300.0,750.0,2500.0
1715705,Palmeirante - TO,2005,2000.0,2000.0,5100.0,2550.0
1715705,Palmeirante - TO,2014,10000.0,10000.0,20000.0,2000.0
1715705,Palmeirante - TO,2015,13000.0,13000.0,26000.0,2000.0
1715705,Palmeirante - TO,2016,13000.0,13000.0,26000.0,2000.0
1715705,Palmeirante - TO,2017,12370.0,12370.0,25000.0,2021.0
1715705,Palmeirante - TO,2018,13200.0,13200.0,29040.0,2200.0
1715705,Palmeirante - TO,2019,4553.0,4553.0,15936.0,3500.0
1715705,Palmeirante - TO,2020,3656.0,3656.0,9871.0,2700.0
1715705,Palmeirante - TO,2021,11133.0,11133.0,30059.0,2700.0
1715705,Palmeirante - TO,2022,11133.0,11133.0,26886.0,2415.0
1715705,Palmeirante - TO,2023,12000.0,12000.0,28980.0,2415.0
1715705,Palmeirante - TO,2024,5000.0,5000.0,12550.0,2510.0
1715705,Palmeirante - TO,2025,4000.0,4000.0,10168.0,2542.0
1715705,Palmeirante - TO,2012,6000.0,6000.0,16200.0,2700.0
1715705,Palmeirante - TO,2013,8000.0,8000.0,17550.0,2194.0
1715705,Palmeirante - TO,2006,3000.0,3000.0,7500.0,2500.0
1715705,Palmeirante - TO,2007,2850.0,2850.0,7125.0,2500.0
1715705,Palmeirante - TO,2008,5700.0,5700.0,15390.0,2700.0
1715705,Palmeirante - TO,2009,4500.0,4500.0,12150.0,2700.0
1715705,Palmeirante - TO,2010,5000.0,5000.0,13500.0,2700.0
1715705,Palmeirante - TO,2011,4100.0,4100.0,11808.0,2880.0
1715754,Palmeirópolis - TO,2005,500.0,500.0,1050.0,2100.0
1715754,Palmeirópolis - TO,2014,2260.0,2260.0,7555.0,3343.0
1715754,Palmeirópolis - TO,2015,3215.0,3215.0,9700.0,3017.0
1715754,Palmeirópolis - TO,2016,2110.0,2110.0,3900.0,1848.0
1715754,Palmeirópolis - TO,2017,2220.0,2220.0,6500.0,2928.0
1715754,Palmeirópolis - TO,2018,2250.0,2250.0,6600.0,2933.0
1715754,Palmeirópolis - TO,2019,2020.0,2020.0,5656.0,2800.0
1715754,Palmeirópolis - TO,2020,2860.0,2860.0,9500.0,3322.0
1715754,Palmeirópolis - TO,2021,3527.0,3527.0,11000.0,3119.0
1715754,Palmeirópolis - TO,2022,3532.0,3532.0,11000.0,3114.0
1715754,Palmeirópolis - TO,2023,4767.0,4767.0,18591.0,3900.0
1715754,Palmeirópolis - TO,2024,4822.0,4822.0,15551.0,3225.0
1715754,Palmeirópolis - TO,2025,5749.0,5749.0,22709.0,3950.0
1715754,Palmeirópolis - TO,1989,4610.0,4610.0,8300.0,1800.0
1715754,Palmeirópolis - TO,1990,1300.0,1500.0,1170.0,900.0
1715754,Palmeirópolis - TO,1991,489.0,500.0,980.0,2004.0
1715754,Palmeirópolis - TO,1992,200.0,200.0,400.0,2000.0
1715754,Palmeirópolis - TO,2012,500.0,500.0,1650.0,3300.0
1715754,Palmeirópolis - TO,2013,2310.0,2310.0,6653.0,2880.0
1715754,Palmeirópolis - TO,1985,630.0,,1260.0,2000.0
1715754,Palmeirópolis - TO,1987,750.0,,1500.0,2000.0
1715754,Palmeirópolis - TO,1988,2626.0,2626.0,5230.0,1992.0
1715754,Palmeirópolis - TO,2008,100.0,100.0,280.0,2800.0
1715754,Palmeirópolis - TO,2010,990.0,990.0,2970.0,3000.0
1715754,Palmeirópolis - TO,2011,1000.0,1000.0,3200.0,3200.0
1715754,Palmeirópolis - TO,1984,60.0,,70.0,1167.0
1715754,Palmeirópolis - TO,1986,750.0,,1350.0,1800.0
1715754,Palmeirópolis - TO,1996,2.0,2.0,1.0,500.0
1716109,Paraíso do Tocantins - TO,2004,1100.0,1100.0,2640.0,2400.0
1716109,Paraíso do Tocantins - TO,2005,1500.0,1500.0,3600.0,2400.0
1716109,Paraíso do Tocantins - TO,2014,950.0,950.0,2565.0,2700.0
1716109,Paraíso do Tocantins - TO,2015,13400.0,13400.0,34840.0,2600.0
1716109,Paraíso do Tocantins - TO,2016,2073.0,2073.0,6000.0,2894.0
1716109,Paraíso do Tocantins - TO,2017,700.0,700.0,1867.0,2667.0
1716109,Paraíso do Tocantins - TO,2018,720.0,720.0,1920.0,2667.0
1716109,Paraíso do Tocantins - TO,2019,1290.0,1290.0,3715.0,2880.0
1716109,Paraíso do Tocantins - TO,2020,675.0,675.0,2050.0,3037.0
1716109,Paraíso do Tocantins - TO,2021,1276.0,1276.0,3800.0,2978.0
1716109,Paraíso do Tocantins - TO,2022,1276.0,1276.0,4976.0,3900.0
1716109,Paraíso do Tocantins - TO,2023,2911.0,2911.0,9606.0,3300.0
1716109,Paraíso do Tocantins - TO,2024,3368.0,3368.0,10508.0,3120.0
1716109,Paraíso do Tocantins - TO,2025,3993.0,3993.0,14375.0,3600.0
1716109,Paraíso do Tocantins - TO,1992,62.0,62.0,90.0,1451.0
1716109,Paraíso do Tocantins - TO,2012,1000.0,1000.0,2800.0,2800.0
1716109,Paraíso do Tocantins - TO,2013,900.0,900.0,2430.0,2700.0
1716109,Paraíso do Tocantins - TO,1985,100.0,,150.0,1500.0
1716109,Paraíso do Tocantins - TO,2006,1300.0,1300.0,3120.0,2400.0
1716109,Paraíso do Tocantins - TO,2007,1300.0,1300.0,3120.0,2400.0
1716109,Paraíso do Tocantins - TO,2008,1000.0,1000.0,2600.0,2600.0
1716109,Paraíso do Tocantins - TO,2009,600.0,600.0,1620.0,2700.0
1716109,Paraíso do Tocantins - TO,1984,60.0,,70.0,1167.0
1716208,Paranã - TO,2022,700.0,700.0,1260.0,1800.0
1716208,Paranã - TO,2023,800.0,800.0,1440.0,1800.0
1716208,Paranã - TO,2024,124.0,400.0,235.0,1895.0
1716208,Paranã - TO,2025,1803.0,1803.0,4417.0,2450.0
1716208,Paranã - TO,1989,3700.0,3700.0,4440.0,1200.0
1716208,Paranã - TO,1994,200.0,200.0,400.0,2000.0
1716208,Paranã - TO,2010,30.0,30.0,81.0,2700.0
1716208,Paranã - TO,1978,180.0,,180.0,1000.0
1716307,Pau D'Arco - TO,2005,200.0,200.0,500.0,2500.0
1716307,Pau D'Arco - TO,2024,1357.0,1357.0,3175.0,2340.0
1716307,Pau D'Arco - TO,2025,1357.0,1357.0,3175.0,2340.0
1716307,Pau D'Arco - TO,2006,300.0,300.0,750.0,2500.0
1716505,Pedro Afonso - TO,2004,37000.0,37000.0,99900.0,2700.0
1716505,Pedro Afonso - TO,2005,44000.0,44000.0,118800.0,2700.0
1716505,Pedro Afonso - TO,2014,16808.0,16808.0,41952.0,2496.0
1716505,Pedro Afonso - TO,2015,17000.0,17000.0,42432.0,2496.0
1716505,Pedro Afonso - TO,2016,17000.0,17000.0,27574.0,1622.0
1716505,Pedro Afonso - TO,2017,17000.0,17000.0,42432.0,2496.0
1716505,Pedro Afonso - TO,2018,17000.0,17000.0,42455.0,2497.0
1716505,Pedro Afonso - TO,2019,12000.0,12000.0,34560.0,2880.0
1716505,Pedro Afonso - TO,2020,12600.0,12600.0,37800.0,3000.0
1716505,Pedro Afonso - TO,2021,16493.0,16493.0,54427.0,3300.0
1716505,Pedro Afonso - TO,2022,18000.0,18000.0,61560.0,3420.0
1716505,Pedro Afonso - TO,2023,22488.0,22488.0,67464.0,3000.0
1716505,Pedro Afonso - TO,2024,22000.0,22000.0,78262.0,3557.0
1716505,Pedro Afonso - TO,2025,22082.0,22082.0,90095.0,4080.0
1716505,Pedro Afonso - TO,1989,1700.0,1700.0,3060.0,1800.0
1716505,Pedro Afonso - TO,1990,400.0,400.0,800.0,2000.0
1716505,Pedro Afonso - TO,1991,391.0,400.0,706.0,1805.0
1716505,Pedro Afonso - TO,1992,920.0,920.0,1660.0,1804.0
1716505,Pedro Afonso - TO,1994,2750.0,2750.0,6600.0,2400.0
1716505,Pedro Afonso - TO,1995,4080.0,4080.0,7810.0,1914.0
1716505,Pedro Afonso - TO,1998,20000.0,20000.0,48000.0,2400.0
1716505,Pedro Afonso - TO,2001,28800.0,28800.0,62208.0,2160.0
1716505,Pedro Afonso - TO,2003,33626.0,33626.0,90790.0,2699.0
1716505,Pedro Afonso - TO,2012,14500.0,14500.0,40020.0,2760.0
1716505,Pedro Afonso - TO,2013,18000.0,18000.0,45000.0,2500.0
1716505,Pedro Afonso - TO,1985,120.0,,141.0,1175.0
1716505,Pedro Afonso - TO,1988,200.0,200.0,240.0,1200.0
1716505,Pedro Afonso - TO,1993,609.0,609.0,1280.0,2101.0
1716505,Pedro Afonso - TO,1999,20360.0,20360.0,51307.0,2519.0
1716505,Pedro Afonso - TO,2000,24870.0,24870.0,62672.0,2519.0
1716505,Pedro Afonso - TO,2002,30300.0,30300.0,78174.0,2580.0
1716505,Pedro Afonso - TO,2006,43000.0,43380.0,87720.0,2040.0
1716505,Pedro Afonso - TO,2007,35000.0,35000.0,73500.0,2100.0
1716505,Pedro Afonso - TO,2008,30600.0,30600.0,85680.0,2800.0
1716505,Pedro Afonso - TO,2009,28500.0,28500.0,76950.0,2700.0
1716505,Pedro Afonso - TO,2010,25000.0,25000.0,70000.0,2800.0
1716505,Pedro Afonso - TO,2011,14000.0,14000.0,39200.0,2800.0
1716505,Pedro Afonso - TO,1996,1440.0,1440.0,3828.0,2658.0
1716505,Pedro Afonso - TO,1997,8320.0,16400.0,7200.0,865.0
1716604,Peixe - TO,2004,4000.0,4000.0,8800.0,2200.0
1716604,Peixe - TO,2005,2230.0,2230.0,6690.0,3000.0
1716604,Peixe - TO,2014,20561.0,20561.0,61683.0,3000.0
1716604,Peixe - TO,2015,50000.0,50000.0,150000.0,3000.0
1716604,Peixe - TO,2016,42026.0,47026.0,74000.0,1761.0
1716604,Peixe - TO,2017,50000.0,50000.0,148890.0,2978.0
1716604,Peixe - TO,2018,51510.0,51510.0,149390.0,2900.0
1716604,Peixe - TO,2019,49062.0,49062.0,100000.0,2038.0
1716604,Peixe - TO,2020,57194.0,57194.0,177780.0,3108.0
1716604,Peixe - TO,2021,57694.0,57694.0,163982.0,2842.0
1716604,Peixe - TO,2022,58109.0,58109.0,170049.0,2926.0
1716604,Peixe - TO,2023,53114.0,53114.0,184965.0,3482.0
1716604,Peixe - TO,2024,50379.0,50379.0,147595.0,2930.0
1716604,Peixe - TO,2025,48826.0,48826.0,169878.0,3479.0
1716604,Peixe - TO,1989,3050.0,3050.0,5178.0,1698.0
1716604,Peixe - TO,1990,1800.0,2000.0,1800.0,1000.0
1716604,Peixe - TO,1991,587.0,600.0,1176.0,2003.0
1716604,Peixe - TO,1992,200.0,200.0,360.0,1800.0
1716604,Peixe - TO,1994,145.0,145.0,270.0,1862.0
1716604,Peixe - TO,1995,520.0,520.0,978.0,1880.0
1716604,Peixe - TO,1998,420.0,420.0,630.0,1500.0
1716604,Peixe - TO,2001,1600.0,1600.0,3040.0,1900.0
1716604,Peixe - TO,2003,1450.0,1450.0,2900.0,2000.0
1716604,Peixe - TO,2012,9000.0,9000.0,29700.0,3300.0
1716604,Peixe - TO,2013,8930.0,8930.0,25183.0,2820.0
1716604,Peixe - TO,1985,830.0,,581.0,700.0
1716604,Peixe - TO,1987,1020.0,,1590.0,1559.0
1716604,Peixe - TO,1988,1700.0,1700.0,2720.0,1600.0
1716604,Peixe - TO,1993,50.0,50.0,80.0,1600.0
1716604,Peixe - TO,1999,300.0,300.0,540.0,1800.0
1716604,Peixe - TO,2000,380.0,380.0,722.0,1900.0
1716604,Peixe - TO,2002,250.0,250.0,437.0,1748.0
1716604,Peixe - TO,2006,2100.0,2100.0,4788.0,2280.0
1716604,Peixe - TO,2007,2800.0,2800.0,6440.0,2300.0
1716604,Peixe - TO,2008,7000.0,7000.0,18900.0,2700.0
1716604,Peixe - TO,2009,7700.0,7700.0,23100.0,3000.0
1716604,Peixe - TO,2010,10350.0,10350.0,27945.0,2700.0
1716604,Peixe - TO,2011,4745.0,4745.0,15230.0,3210.0
1716604,Peixe - TO,1983,345.0,,414.0,1200.0
1716604,Peixe - TO,1984,1143.0,,1940.0,1697.0
1716604,Peixe - TO,1986,100.0,,132.0,1320.0
1716604,Peixe - TO,1996,218.0,218.0,216.0,990.0
1716604,Peixe - TO,1997,200.0,200.0,360.0,1800.0
1716604,Peixe - TO,1982,498.0,,647.0,1299.0
1716604,Peixe - TO,1978,48.0,,52.0,1083.0
1716604,Peixe - TO,1979,125.0,,188.0,1504.0
1716604,Peixe - TO,1974,100.0,,120.0,1200.0
1716653,Pequizeiro - TO,2004,350.0,350.0,875.0,2500.0
1716653,Pequizeiro - TO,2005,450.0,450.0,1125.0,2500.0
1716653,Pequizeiro - TO,2017,180.0,180.0,432.0,2400.0
1716653,Pequizeiro - TO,2019,250.0,250.0,714.0,2856.0
1716653,Pequizeiro - TO,2020,1100.0,1100.0,2908.0,2644.0
1716653,Pequizeiro - TO,2021,1100.0,1100.0,3186.0,2896.0
1716653,Pequizeiro - TO,2022,1660.0,1666.0,5993.0,3610.0
1716653,Pequizeiro - TO,2023,1965.0,1965.0,6485.0,3300.0
1716653,Pequizeiro - TO,2024,2000.0,2000.0,6000.0,3000.0
1716653,Pequizeiro - TO,2025,2508.0,2508.0,7825.0,3120.0
1716653,Pequizeiro - TO,2003,200.0,200.0,440.0,2200.0
1716653,Pequizeiro - TO,2002,200.0,200.0,400.0,2000.0
1716653,Pequizeiro - TO,2006,600.0,600.0,1530.0,2550.0
1716653,Pequizeiro - TO,2007,570.0,570.0,1425.0,2500.0
1717008,Pindorama do Tocantins - TO,2017,500.0,500.0,1110.0,2220.0
1717008,Pindorama do Tocantins - TO,2018,871.0,871.0,2195.0,2520.0
1717008,Pindorama do Tocantins - TO,2019,972.0,972.0,2508.0,2580.0
1717008,Pindorama do Tocantins - TO,2020,1000.0,1000.0,2790.0,2790.0
1717008,Pindorama do Tocantins - TO,2021,3100.0,3100.0,9300.0,3000.0
1717008,Pindorama do Tocantins - TO,2022,4600.0,4600.0,14260.0,3100.0
1717008,Pindorama do Tocantins - TO,2023,4600.0,4600.0,13616.0,2960.0
1717008,Pindorama do Tocantins - TO,2024,4400.0,4400.0,11836.0,2690.0
1717008,Pindorama do Tocantins - TO,2025,4800.0,4800.0,14400.0,3000.0
1717206,Piraquê - TO,2014,1100.0,1100.0,2706.0,2460.0
1717206,Piraquê - TO,2015,4800.0,4800.0,13248.0,2760.0
1717206,Piraquê - TO,2016,4800.0,4800.0,13248.0,2760.0
1717206,Piraquê - TO,2017,1550.0,1550.0,3875.0,2500.0
1717206,Piraquê - TO,2018,5050.0,5050.0,12625.0,2500.0
1717206,Piraquê - TO,2019,5050.0,5050.0,14544.0,2880.0
1717206,Piraquê - TO,2020,5050.0,5050.0,13534.0,2680.0
1717206,Piraquê - TO,2021,5050.0,5050.0,13534.0,2680.0
1717206,Piraquê - TO,2022,8600.0,8600.0,22532.0,2620.0
1717206,Piraquê - TO,2023,5600.0,5600.0,14672.0,2620.0
1717206,Piraquê - TO,2024,7793.0,7793.0,20729.0,2660.0
1717206,Piraquê - TO,2025,8000.0,8000.0,21600.0,2700.0
1717503,Pium - TO,2004,1840.0,1840.0,4416.0,2400.0
1717503,Pium - TO,2005,2200.0,2200.0,5280.0,2400.0
1717503,Pium - TO,2014,4340.0,4340.0,13050.0,3007.0
1717503,Pium - TO,2015,9900.0,9900.0,29730.0,3003.0
1717503,Pium - TO,2016,10391.0,10391.0,31615.0,3043.0
1717503,Pium - TO,2017,10378.0,10378.0,31195.0,3006.0
1717503,Pium - TO,2018,14017.0,14017.0,42472.0,3030.0
1717503,Pium - TO,2019,15566.0,15566.0,46698.0,3000.0
1717503,Pium - TO,2020,13536.0,13536.0,41009.0,3030.0
1717503,Pium - TO,2021,23933.0,23933.0,70000.0,2925.0
1717503,Pium - TO,2022,24536.0,24836.0,73608.0,3000.0
1717503,Pium - TO,2023,35707.0,35707.0,117026.0,3277.0
1717503,Pium - TO,2024,41646.0,41646.0,124121.0,2980.0
1717503,Pium - TO,2025,40150.0,40150.0,120450.0,3000.0
1717503,Pium - TO,2001,320.0,320.0,640.0,2000.0
1717503,Pium - TO,2012,3700.0,3700.0,11100.0,3000.0
1717503,Pium - TO,2013,1340.0,1340.0,4020.0,3000.0
1717503,Pium - TO,1985,991.0,,1780.0,1796.0
1717503,Pium - TO,1987,500.0,,700.0,1400.0
1717503,Pium - TO,2006,1000.0,1000.0,2400.0,2400.0
1717503,Pium - TO,2007,3846.0,3846.0,9230.0,2399.0
1717503,Pium - TO,2008,500.0,500.0,1350.0,2700.0
1717503,Pium - TO,2009,640.0,640.0,1796.0,2806.0
1717503,Pium - TO,2010,1500.0,1500.0,4200.0,2800.0
1717503,Pium - TO,2011,1400.0,1400.0,3920.0,2800.0
1717503,Pium - TO,1986,500.0,,650.0,1300.0
1717800,Ponte Alta do Bom Jesus - TO,2020,210.0,210.0,670.0,3190.0
1717800,Ponte Alta do Bom Jesus - TO,2022,50.0,50.0,165.0,3300.0
1717800,Ponte Alta do Bom Jesus - TO,2023,130.0,130.0,436.0,3354.0
1717800,Ponte Alta do Bom Jesus - TO,2024,293.0,293.0,876.0,2990.0
1717800,Ponte Alta do Bom Jesus - TO,2025,2130.0,2130.0,7455.0,3500.0
1717800,Ponte Alta do Bom Jesus - TO,1989,1000.0,1000.0,1200.0,1200.0
1717800,Ponte Alta do Bom Jesus - TO,1988,300.0,300.0,360.0,1200.0
1717800,Ponte Alta do Bom Jesus - TO,2006,200.0,200.0,480.0,2400.0
1717800,Ponte Alta do Bom Jesus - TO,2007,200.0,200.0,480.0,2400.0
1717800,Ponte Alta do Bom Jesus - TO,2008,200.0,200.0,540.0,2700.0
1717800,Ponte Alta do Bom Jesus - TO,2009,100.0,100.0,270.0,2700.0
1717800,Ponte Alta do Bom Jesus - TO,2010,100.0,100.0,270.0,2700.0
1717800,Ponte Alta do Bom Jesus - TO,1984,45.0,,60.0,1333.0
1717909,Ponte Alta do Tocantins - TO,2004,800.0,800.0,1920.0,2400.0
1717909,Ponte Alta do Tocantins - TO,2005,700.0,700.0,1680.0,2400.0
1717909,Ponte Alta do Tocantins - TO,2015,300.0,300.0,750.0,2500.0
1717909,Ponte Alta do Tocantins - TO,2016,300.0,300.0,630.0,2100.0
1717909,Ponte Alta do Tocantins - TO,2022,270.0,270.0,729.0,2700.0
1717909,Ponte Alta do Tocantins - TO,2023,302.0,302.0,851.0,2818.0
1717909,Ponte Alta do Tocantins - TO,2024,872.0,872.0,2354.0,2700.0
1717909,Ponte Alta do Tocantins - TO,2025,980.0,980.0,2940.0,3000.0
1717909,Ponte Alta do Tocantins - TO,1989,4620.0,4620.0,6930.0,1500.0
1717909,Ponte Alta do Tocantins - TO,1992,1320.0,1320.0,1320.0,1000.0
1717909,Ponte Alta do Tocantins - TO,1998,3250.0,3250.0,6825.0,2100.0
1717909,Ponte Alta do Tocantins - TO,1988,699.0,699.0,1120.0,1602.0
1717909,Ponte Alta do Tocantins - TO,2006,1300.0,1300.0,2964.0,2280.0
1717909,Ponte Alta do Tocantins - TO,2007,1300.0,1300.0,3120.0,2400.0
1717909,Ponte Alta do Tocantins - TO,2008,800.0,800.0,2160.0,2700.0
1718006,Porto Alegre do Tocantins - TO,2004,600.0,600.0,1500.0,2500.0
1718006,Porto Alegre do Tocantins - TO,2005,720.0,720.0,1870.0,2597.0
1718006,Porto Alegre do Tocantins - TO,2020,430.0,430.0,1398.0,3251.0
1718006,Porto Alegre do Tocantins - TO,2021,1045.0,1045.0,3501.0,3350.0
1718006,Porto Alegre do Tocantins - TO,2022,1000.0,1000.0,3480.0,3480.0
1718006,Porto Alegre do Tocantins - TO,2023,1679.0,1679.0,5580.0,3323.0
1718006,Porto Alegre do Tocantins - TO,2024,1950.0,1950.0,5850.0,3000.0
1718006,Porto Alegre do Tocantins - TO,2025,2046.0,2046.0,7366.0,3600.0
1718006,Porto Alegre do Tocantins - TO,1989,320.0,320.0,380.0,1188.0
1718006,Porto Alegre do Tocantins - TO,1995,200.0,200.0,360.0,1800.0
1718006,Porto Alegre do Tocantins - TO,2006,100.0,100.0,240.0,2400.0
1718006,Porto Alegre do Tocantins - TO,2008,200.0,200.0,540.0,2700.0
1718204,Porto Nacional - TO,2004,8500.0,8500.0,20400.0,2400.0
1718204,Porto Nacional - TO,2005,13000.0,13000.0,31200.0,2400.0
1718204,Porto Nacional - TO,2014,37000.0,37000.0,108780.0,2940.0
1718204,Porto Nacional - TO,2015,43092.0,43092.0,129166.0,2997.0
1718204,Porto Nacional - TO,2016,39500.0,39500.0,82950.0,2100.0
1718204,Porto Nacional - TO,2017,41000.0,41000.0,118900.0,2900.0
1718204,Porto Nacional - TO,2018,39635.0,39635.0,95877.0,2419.0
1718204,Porto Nacional - TO,2019,41500.0,41500.0,132800.0,3200.0
1718204,Porto Nacional - TO,2020,43000.0,43000.0,137600.0,3200.0
1718204,Porto Nacional - TO,2021,46000.0,46000.0,139840.0,3040.0
1718204,Porto Nacional - TO,2022,47500.0,47500.0,156275.0,3290.0
1718204,Porto Nacional - TO,2023,68259.0,68269.0,233446.0,3420.0
1718204,Porto Nacional - TO,2024,74701.0,74701.0,231573.0,3100.0
1718204,Porto Nacional - TO,2025,75000.0,75000.0,279000.0,3720.0
1718204,Porto Nacional - TO,1989,1630.0,1630.0,2827.0,1734.0
1718204,Porto Nacional - TO,1990,900.0,1200.0,810.0,900.0
1718204,Porto Nacional - TO,1991,391.0,400.0,588.0,1503.0
1718204,Porto Nacional - TO,1992,110.0,150.0,120.0,1090.0
1718204,Porto Nacional - TO,1994,1900.0,1900.0,2850.0,1500.0
1718204,Porto Nacional - TO,1995,580.0,580.0,592.0,1020.0
1718204,Porto Nacional - TO,1998,1650.0,1650.0,3480.0,2109.0
1718204,Porto Nacional - TO,2001,880.0,880.0,2112.0,2400.0
1718204,Porto Nacional - TO,2003,3830.0,3830.0,9192.0,2400.0
1718204,Porto Nacional - TO,2012,22000.0,22000.0,66000.0,3000.0
1718204,Porto Nacional - TO,2013,27000.0,27000.0,81000.0,3000.0
1718204,Porto Nacional - TO,1985,1100.0,,1540.0,1400.0
1718204,Porto Nacional - TO,1987,650.0,,845.0,1300.0
1718204,Porto Nacional - TO,1988,960.0,960.0,1475.0,1536.0
1718204,Porto Nacional - TO,1993,2125.0,2125.0,3300.0,1552.0
1718204,Porto Nacional - TO,1999,80.0,80.0,144.0,1800.0
1718204,Porto Nacional - TO,2000,310.0,310.0,744.0,2400.0
1718204,Porto Nacional - TO,2002,880.0,880.0,2112.0,2400.0
1718204,Porto Nacional - TO,2006,13000.0,13000.0,29640.0,2280.0
1718204,Porto Nacional - TO,2007,11000.0,11000.0,26400.0,2400.0
1718204,Porto Nacional - TO,2008,11900.0,11900.0,29700.0,2495.0
1718204,Porto Nacional - TO,2009,11000.0,11000.0,31020.0,2820.0
1718204,Porto Nacional - TO,2010,12000.0,12000.0,33600.0,2800.0
1718204,Porto Nacional - TO,2011,20540.0,20540.0,61620.0,3000.0
1718204,Porto Nacional - TO,1981,50.0,,65.0,1300.0
1718204,Porto Nacional - TO,1983,230.0,,230.0,1000.0
1718204,Porto Nacional - TO,1984,500.0,,900.0,1800.0
1718204,Porto Nacional - TO,1986,1500.0,,2100.0,1400.0
1718204,Porto Nacional - TO,1996,450.0,450.0,750.0,1666.0
1718204,Porto Nacional - TO,1997,300.0,355.0,450.0,1500.0
1718204,Porto Nacional - TO,1982,170.0,,272.0,1600.0
1718204,Porto Nacional - TO,1980,63.0,,76.0,1206.0
1718402,Presidente Kennedy - TO,2004,2200.0,2200.0,5500.0,2500.0
1718402,Presidente Kennedy - TO,2005,5200.0,5200.0,13520.0,2600.0
1718402,Presidente Kennedy - TO,2014,1500.0,1500.0,4200.0,2800.0
1718402,Presidente Kennedy - TO,2015,650.0,650.0,1820.0,2800.0
1718402,Presidente Kennedy - TO,2016,650.0,650.0,1820.0,2800.0
1718402,Presidente Kennedy - TO,2017,500.0,500.0,1400.0,2800.0
1718402,Presidente Kennedy - TO,2018,200.0,200.0,480.0,2400.0
1718402,Presidente Kennedy - TO,2003,450.0,450.0,990.0,2200.0
1718402,Presidente Kennedy - TO,2012,1100.0,1100.0,3300.0,3000.0
1718402,Presidente Kennedy - TO,2013,1200.0,1200.0,3600.0,3000.0
1718402,Presidente Kennedy - TO,2002,450.0,450.0,900.0,2000.0
1718402,Presidente Kennedy - TO,2006,6500.0,6500.0,15210.0,2340.0
1718402,Presidente Kennedy - TO,2007,6200.0,6200.0,14880.0,2400.0
1718402,Presidente Kennedy - TO,2008,2200.0,2200.0,5940.0,2700.0
1718402,Presidente Kennedy - TO,2009,1500.0,1500.0,4200.0,2800.0
1718402,Presidente Kennedy - TO,2010,1600.0,1600.0,4320.0,2700.0
1718402,Presidente Kennedy - TO,2011,850.0,850.0,2448.0,2880.0
1718451,Pugmil - TO,2014,1050.0,1050.0,3150.0,3000.0
1718451,Pugmil - TO,2015,1100.0,1100.0,3300.0,3000.0
1718451,Pugmil - TO,2016,1825.0,1825.0,5700.0,3123.0
1718451,Pugmil - TO,2017,2195.0,2195.0,6585.0,3000.0
1718451,Pugmil - TO,2018,1935.0,1935.0,5805.0,3000.0
1718451,Pugmil - TO,2019,2605.0,2605.0,7442.0,2857.0
1718451,Pugmil - TO,2020,3523.0,3523.0,10783.0,3061.0
1718451,Pugmil - TO,2021,3850.0,3850.0,11589.0,3010.0
1718451,Pugmil - TO,2022,3572.0,3572.0,13074.0,3660.0
1718451,Pugmil - TO,2023,4929.0,4929.0,16266.0,3300.0
1718451,Pugmil - TO,2024,6741.0,6741.0,22245.0,3300.0
1718451,Pugmil - TO,2025,6800.0,6800.0,22440.0,3300.0
1718501,Recursolândia - TO,2005,200.0,200.0,500.0,2500.0
1718501,Recursolândia - TO,2014,250.0,250.0,540.0,2160.0
1718501,Recursolândia - TO,2015,3000.0,3000.0,6480.0,2160.0
1718501,Recursolândia - TO,2016,3000.0,3000.0,4860.0,1620.0
1718501,Recursolândia - TO,2012,200.0,200.0,540.0,2700.0
1718501,Recursolândia - TO,2013,200.0,200.0,540.0,2700.0
1718501,Recursolândia - TO,2006,300.0,300.0,765.0,2550.0
1718501,Recursolândia - TO,2007,280.0,280.0,700.0,2500.0
1718501,Recursolândia - TO,2008,300.0,300.0,810.0,2700.0
1718501,Recursolândia - TO,2009,300.0,300.0,810.0,2700.0
1718501,Recursolândia - TO,2010,300.0,300.0,810.0,2700.0
1718501,Recursolândia - TO,2011,200.0,200.0,540.0,2700.0
1718550,Riachinho - TO,2024,500.0,500.0,1650.0,3300.0
1718550,Riachinho - TO,2025,500.0,500.0,1500.0,3000.0
1718659,Rio da Conceição - TO,2023,1750.0,1750.0,6120.0,3497.0
1718659,Rio da Conceição - TO,2024,5150.0,5150.0,18025.0,3500.0
1718659,Rio da Conceição - TO,2025,5014.0,5014.0,18652.0,3720.0
1718659,Rio da Conceição - TO,2003,2000.0,2000.0,3240.0,1620.0
1718659,Rio da Conceição - TO,2006,1500.0,1500.0,3600.0,2400.0
1718659,Rio da Conceição - TO,2007,1300.0,1300.0,3120.0,2400.0
1718659,Rio da Conceição - TO,2008,1500.0,1500.0,4050.0,2700.0
1718659,Rio da Conceição - TO,2009,1600.0,1600.0,4320.0,2700.0
1718659,Rio da Conceição - TO,2010,1600.0,1600.0,4320.0,2700.0
1718709,Rio dos Bois - TO,2004,180.0,180.0,410.0,2277.0
1718709,Rio dos Bois - TO,2005,3620.0,3620.0,8688.0,2400.0
1718709,Rio dos Bois - TO,2014,8500.0,8500.0,28050.0,3300.0
1718709,Rio dos Bois - TO,2015,8500.0,8500.0,28050.0,3300.0
1718709,Rio dos Bois - TO,2016,8500.0,8500.0,19635.0,2310.0
1718709,Rio dos Bois - TO,2017,8500.0,8500.0,28050.0,3300.0
1718709,Rio dos Bois - TO,2018,8500.0,8500.0,25217.0,2967.0
1718709,Rio dos Bois - TO,2019,8890.0,8890.0,27363.0,3078.0
1718709,Rio dos Bois - TO,2020,6730.0,6730.0,20715.0,3078.0
1718709,Rio dos Bois - TO,2021,6730.0,6730.0,20715.0,3078.0
1718709,Rio dos Bois - TO,2022,6730.0,6730.0,20715.0,3078.0
1718709,Rio dos Bois - TO,2023,6010.0,6010.0,19000.0,3161.0
1718709,Rio dos Bois - TO,2024,6079.0,6079.0,18997.0,3125.0
1718709,Rio dos Bois - TO,2025,7925.0,7925.0,24520.0,3094.0
1718709,Rio dos Bois - TO,2012,4000.0,4000.0,11200.0,2800.0
1718709,Rio dos Bois - TO,2013,4000.0,4000.0,11200.0,2800.0
1718709,Rio dos Bois - TO,2006,3000.0,3000.0,7200.0,2400.0
1718709,Rio dos Bois - TO,2007,2500.0,2500.0,6000.0,2400.0
1718709,Rio dos Bois - TO,2008,6360.0,6360.0,16536.0,2600.0
1718709,Rio dos Bois - TO,2009,4000.0,4000.0,10800.0,2700.0
1718709,Rio dos Bois - TO,2010,4000.0,4000.0,11200.0,2800.0
1718709,Rio dos Bois - TO,2011,4000.0,4000.0,11200.0,2800.0
1718758,Rio Sono - TO,2004,726.0,726.0,1742.0,2399.0
1718758,Rio Sono - TO,2005,900.0,900.0,2160.0,2400.0
1718758,Rio Sono - TO,2014,700.0,700.0,1890.0,2700.0
1718758,Rio Sono - TO,2015,700.0,700.0,1890.0,2700.0
1718758,Rio Sono - TO,2016,1210.0,1210.0,2626.0,2170.0
1718758,Rio Sono - TO,2017,1000.0,1000.0,2700.0,2700.0
1718758,Rio Sono - TO,2018,2125.0,2125.0,5738.0,2700.0
1718758,Rio Sono - TO,2019,3300.0,3300.0,8910.0,2700.0
1718758,Rio Sono - TO,2020,3700.0,3700.0,9990.0,2700.0
1718758,Rio Sono - TO,2021,4070.0,4070.0,10989.0,2700.0
1718758,Rio Sono - TO,2022,3700.0,3700.0,9990.0,2700.0
1718758,Rio Sono - TO,2023,9179.0,9179.0,28800.0,3138.0
1718758,Rio Sono - TO,2024,8600.0,8600.0,23000.0,2674.0
1718758,Rio Sono - TO,2025,20929.0,20929.0,62787.0,3000.0
1718758,Rio Sono - TO,2012,700.0,700.0,1890.0,2700.0
1718758,Rio Sono - TO,2013,700.0,700.0,1890.0,2700.0
1718758,Rio Sono - TO,1999,40.0,40.0,96.0,2400.0
1718758,Rio Sono - TO,2006,875.0,875.0,2100.0,2400.0
1718758,Rio Sono - TO,2007,800.0,800.0,1824.0,2280.0
1718758,Rio Sono - TO,2008,800.0,800.0,1920.0,2400.0
1718758,Rio Sono - TO,2009,600.0,600.0,1620.0,2700.0
1718758,Rio Sono - TO,2010,700.0,700.0,1890.0,2700.0
1718758,Rio Sono - TO,2011,700.0,700.0,1890.0,2700.0
1718840,Sandolândia - TO,2004,90.0,90.0,225.0,2500.0
1718840,Sandolândia - TO,2014,120.0,120.0,331.0,2758.0
1718840,Sandolândia - TO,2015,178.0,178.0,552.0,3101.0
1718840,Sandolândia - TO,2016,243.0,243.0,705.0,2901.0
1718840,Sandolândia - TO,2017,360.0,360.0,1240.0,3444.0
1718840,Sandolândia - TO,2018,360.0,360.0,1240.0,3444.0
1718840,Sandolândia - TO,2019,607.0,607.0,2023.0,3333.0
1718840,Sandolândia - TO,2020,608.0,608.0,2130.0,3503.0
1718840,Sandolândia - TO,2021,608.0,608.0,2155.0,3544.0
1718840,Sandolândia - TO,2022,970.0,970.0,3252.0,3353.0
1718840,Sandolândia - TO,2023,1350.0,1350.0,4873.0,3610.0
1718840,Sandolândia - TO,2024,1124.0,1124.0,3405.0,3029.0
1718840,Sandolândia - TO,2025,1391.0,1391.0,5360.0,3853.0
1718840,Sandolândia - TO,2013,100.0,100.0,250.0,2500.0
1718865,Santa Fé do Araguaia - TO,2004,20.0,20.0,52.0,2600.0
1718865,Santa Fé do Araguaia - TO,2005,130.0,130.0,325.0,2500.0
1718865,Santa Fé do Araguaia - TO,2015,1000.0,1000.0,2880.0,2880.0
1718865,Santa Fé do Araguaia - TO,2016,10300.0,10300.0,23484.0,2280.0
1718865,Santa Fé do Araguaia - TO,2017,12300.0,12300.0,22140.0,1800.0
1718865,Santa Fé do Araguaia - TO,2018,12300.0,12300.0,22140.0,1800.0
1718865,Santa Fé do Araguaia - TO,2019,9400.0,9400.0,22560.0,2400.0
1718865,Santa Fé do Araguaia - TO,2020,9400.0,9400.0,23688.0,2520.0
1718865,Santa Fé do Araguaia - TO,2021,10920.0,10923.0,24570.0,2250.0
1718865,Santa Fé do Araguaia - TO,2022,10923.0,10923.0,24570.0,2249.0
1718865,Santa Fé do Araguaia - TO,2023,11735.0,11735.0,28047.0,2390.0
1718865,Santa Fé do Araguaia - TO,2024,11735.0,11735.0,28598.0,2437.0
1718865,Santa Fé do Araguaia - TO,2025,10500.0,10500.0,28980.0,2760.0
1718865,Santa Fé do Araguaia - TO,2006,200.0,200.0,330.0,1650.0
1718865,Santa Fé do Araguaia - TO,2007,300.0,300.0,540.0,1800.0
1718881,Santa Maria do Tocantins - TO,2004,2000.0,2000.0,5000.0,2500.0
1718881,Santa Maria do Tocantins - TO,2005,3000.0,3000.0,7650.0,2550.0
1718881,Santa Maria do Tocantins - TO,2014,4000.0,4000.0,13200.0,3300.0
1718881,Santa Maria do Tocantins - TO,2015,10000.0,10000.0,33000.0,3300.0
1718881,Santa Maria do Tocantins - TO,2016,10000.0,10000.0,23000.0,2300.0
1718881,Santa Maria do Tocantins - TO,2017,4100.0,4100.0,9430.0,2300.0
1718881,Santa Maria do Tocantins - TO,2018,6500.0,6500.0,19285.0,2967.0
1718881,Santa Maria do Tocantins - TO,2019,7000.0,7000.0,19320.0,2760.0
1718881,Santa Maria do Tocantins - TO,2020,10000.0,10000.0,28800.0,2880.0
1718881,Santa Maria do Tocantins - TO,2021,9863.0,9863.0,38466.0,3900.0
1718881,Santa Maria do Tocantins - TO,2022,9002.0,9002.0,25206.0,2800.0
1718881,Santa Maria do Tocantins - TO,2023,13787.0,13787.0,41361.0,3000.0
1718881,Santa Maria do Tocantins - TO,2024,13000.0,13800.0,38604.0,2970.0
1718881,Santa Maria do Tocantins - TO,2025,16702.0,16702.0,47217.0,2827.0
1718881,Santa Maria do Tocantins - TO,2012,700.0,700.0,1960.0,2800.0
1718881,Santa Maria do Tocantins - TO,2013,4000.0,4000.0,11200.0,2800.0
1718881,Santa Maria do Tocantins - TO,2006,4000.0,4000.0,10400.0,2600.0
1718881,Santa Maria do Tocantins - TO,2007,4500.0,4500.0,10800.0,2400.0
1718881,Santa Maria do Tocantins - TO,2008,4600.0,4600.0,12420.0,2700.0
1718881,Santa Maria do Tocantins - TO,2009,250.0,250.0,675.0,2700.0
1718881,Santa Maria do Tocantins - TO,2010,700.0,700.0,1960.0,2800.0
1718881,Santa Maria do Tocantins - TO,2011,700.0,700.0,1960.0,2800.0
1718899,Santa Rita do Tocantins - TO,2005,1000.0,1000.0,2100.0,2100.0
1718899,Santa Rita do Tocantins - TO,2014,5000.0,5000.0,14700.0,2940.0
1718899,Santa Rita do Tocantins - TO,2015,7000.0,7000.0,18900.0,2700.0
1718899,Santa Rita do Tocantins - TO,2016,6200.0,6200.0,13020.0,2100.0
1718899,Santa Rita do Tocantins - TO,2017,10000.0,10000.0,29000.0,2900.0
1718899,Santa Rita do Tocantins - TO,2018,13137.0,13137.0,33105.0,2520.0
1718899,Santa Rita do Tocantins - TO,2019,15000.0,15000.0,37800.0,2520.0
1718899,Santa Rita do Tocantins - TO,2020,15000.0,15000.0,43500.0,2900.0
1718899,Santa Rita do Tocantins - TO,2021,16500.0,16500.0,48180.0,2920.0
1718899,Santa Rita do Tocantins - TO,2022,17500.0,17500.0,51450.0,2940.0
1718899,Santa Rita do Tocantins - TO,2023,22856.0,22856.0,74282.0,3250.0
1718899,Santa Rita do Tocantins - TO,2024,26067.0,26067.0,80808.0,3100.0
1718899,Santa Rita do Tocantins - TO,2025,28000.0,28000.0,105000.0,3750.0
1718899,Santa Rita do Tocantins - TO,1998,400.0,400.0,840.0,2100.0
1718899,Santa Rita do Tocantins - TO,2001,500.0,500.0,1050.0,2100.0
1718899,Santa Rita do Tocantins - TO,2003,200.0,200.0,440.0,2200.0
1718899,Santa Rita do Tocantins - TO,2012,600.0,600.0,1800.0,3000.0
1718899,Santa Rita do Tocantins - TO,2013,600.0,600.0,1908.0,3180.0
1718899,Santa Rita do Tocantins - TO,1999,500.0,500.0,1050.0,2100.0
1718899,Santa Rita do Tocantins - TO,2000,500.0,500.0,1050.0,2100.0
1718899,Santa Rita do Tocantins - TO,2002,600.0,600.0,1320.0,2200.0
1718899,Santa Rita do Tocantins - TO,2006,1500.0,1500.0,3600.0,2400.0
1718899,Santa Rita do Tocantins - TO,2007,1500.0,1500.0,3600.0,2400.0
1718899,Santa Rita do Tocantins - TO,2008,1500.0,1500.0,4050.0,2700.0
1718899,Santa Rita do Tocantins - TO,2010,250.0,250.0,630.0,2520.0
1718899,Santa Rita do Tocantins - TO,2011,400.0,400.0,1200.0,3000.0
1718907,Santa Rosa do Tocantins - TO,2004,8000.0,8000.0,18720.0,2340.0
1718907,Santa Rosa do Tocantins - TO,2005,12000.0,12000.0,28800.0,2400.0
1718907,Santa Rosa do Tocantins - TO,2014,26500.0,26500.0,77910.0,2940.0
1718907,Santa Rosa do Tocantins - TO,2015,35000.0,35000.0,98700.0,2820.0
1718907,Santa Rosa do Tocantins - TO,2016,29500.0,29500.0,60475.0,2050.0
1718907,Santa Rosa do Tocantins - TO,2017,36000.0,36000.0,103680.0,2880.0
1718907,Santa Rosa do Tocantins - TO,2018,29321.0,29321.0,98518.0,3360.0
1718907,Santa Rosa do Tocantins - TO,2019,33500.0,33500.0,97820.0,2920.0
1718907,Santa Rosa do Tocantins - TO,2020,37000.0,37000.0,114700.0,3100.0
1718907,Santa Rosa do Tocantins - TO,2021,37800.0,37800.0,115290.0,3050.0
1718907,Santa Rosa do Tocantins - TO,2022,38600.0,38600.0,120432.0,3120.0
1718907,Santa Rosa do Tocantins - TO,2023,37500.0,37500.0,120563.0,3215.0
1718907,Santa Rosa do Tocantins - TO,2024,37302.0,37302.0,100715.0,2700.0
1718907,Santa Rosa do Tocantins - TO,2025,42000.0,42000.0,147000.0,3500.0
1718907,Santa Rosa do Tocantins - TO,1995,40.0,40.0,60.0,1500.0
1718907,Santa Rosa do Tocantins - TO,2001,650.0,650.0,1365.0,2100.0
1718907,Santa Rosa do Tocantins - TO,2003,4000.0,4000.0,10800.0,2700.0
1718907,Santa Rosa do Tocantins - TO,2012,16000.0,16000.0,48000.0,3000.0
1718907,Santa Rosa do Tocantins - TO,2013,19500.0,19500.0,60420.0,3098.0
1718907,Santa Rosa do Tocantins - TO,1999,200.0,200.0,420.0,2100.0
1718907,Santa Rosa do Tocantins - TO,2000,100.0,100.0,210.0,2100.0
1718907,Santa Rosa do Tocantins - TO,2002,2260.0,2260.0,5464.0,2417.0
1718907,Santa Rosa do Tocantins - TO,2006,7000.0,7000.0,15960.0,2280.0
1718907,Santa Rosa do Tocantins - TO,2007,6500.0,6500.0,15600.0,2400.0
1718907,Santa Rosa do Tocantins - TO,2008,7000.0,7000.0,18900.0,2700.0
1718907,Santa Rosa do Tocantins - TO,2009,7000.0,7000.0,19740.0,2820.0
1718907,Santa Rosa do Tocantins - TO,2010,10760.0,10760.0,30128.0,2800.0
1718907,Santa Rosa do Tocantins - TO,2011,15300.0,15300.0,45900.0,3000.0
1719004,Santa Tereza do Tocantins - TO,2024,680.0,680.0,1904.0,2800.0
1719004,Santa Tereza do Tocantins - TO,2025,1486.0,1486.0,5052.0,3400.0
1720101,São Bento do Tocantins - TO,2004,400.0,400.0,800.0,2000.0
1720101,São Bento do Tocantins - TO,2005,400.0,400.0,800.0,2000.0
1720101,São Bento do Tocantins - TO,2014,500.0,500.0,1500.0,3000.0
1720101,São Bento do Tocantins - TO,2015,500.0,500.0,1500.0,3000.0
1720101,São Bento do Tocantins - TO,2016,300.0,300.0,900.0,3000.0
1720101,São Bento do Tocantins - TO,2017,600.0,600.0,1800.0,3000.0
1720101,São Bento do Tocantins - TO,2018,600.0,600.0,1800.0,3000.0
1720101,São Bento do Tocantins - TO,2024,600.0,600.0,1980.0,3300.0
1720101,São Bento do Tocantins - TO,2025,600.0,600.0,1800.0,3000.0
1720101,São Bento do Tocantins - TO,2006,400.0,400.0,800.0,2000.0
1720101,São Bento do Tocantins - TO,2007,200.0,200.0,400.0,2000.0
1720150,São Félix do Tocantins - TO,2024,240.0,240.0,504.0,2100.0
1720259,São Salvador do Tocantins - TO,2022,150.0,150.0,405.0,2700.0
1720259,São Salvador do Tocantins - TO,2023,250.0,250.0,930.0,3720.0
1720259,São Salvador do Tocantins - TO,2024,180.0,180.0,300.0,1667.0
1720259,São Salvador do Tocantins - TO,2025,387.0,387.0,1146.0,2961.0
1720309,São Sebastião do Tocantins - TO,2005,180.0,180.0,252.0,1400.0
1720309,São Sebastião do Tocantins - TO,2006,180.0,180.0,252.0,1400.0
1720499,São Valério - TO,2005,1700.0,1700.0,3570.0,2100.0
1720499,São Valério - TO,2014,14545.0,14545.0,42904.0,2950.0
1720499,São Valério - TO,2015,12342.0,12342.0,38000.0,3079.0
1720499,São Valério - TO,2016,13505.0,15805.0,24000.0,1777.0
1720499,São Valério - TO,2017,15500.0,15500.0,45000.0,2903.0
1720499,São Valério - TO,2018,17000.0,17000.0,50640.0,2979.0
1720499,São Valério - TO,2019,13609.0,13609.0,38110.0,2800.0
1720499,São Valério - TO,2020,14585.0,14585.0,52500.0,3600.0
1720499,São Valério - TO,2021,15732.0,15732.0,50000.0,3178.0
1720499,São Valério - TO,2022,16269.0,16269.0,52360.0,3218.0
1720499,São Valério - TO,2023,21609.0,21609.0,78228.0,3620.0
1720499,São Valério - TO,2024,20640.0,20640.0,60277.0,2920.0
1720499,São Valério - TO,2025,21091.0,21091.0,73252.0,3473.0
1720499,São Valério - TO,1989,1500.0,1500.0,1950.0,1300.0
1720499,São Valério - TO,1995,440.0,440.0,823.0,1870.0
1720499,São Valério - TO,2003,200.0,200.0,400.0,2000.0
1720499,São Valério - TO,2012,960.0,960.0,2784.0,2900.0
1720499,São Valério - TO,2013,5530.0,5530.0,14931.0,2700.0
1720499,São Valério - TO,2002,90.0,90.0,162.0,1800.0
1720499,São Valério - TO,2006,4370.0,4370.0,9177.0,2100.0
1720499,São Valério - TO,2007,4300.0,4300.0,8815.0,2050.0
1720499,São Valério - TO,2008,2500.0,2500.0,6750.0,2700.0
1720499,São Valério - TO,2009,2700.0,2700.0,7290.0,2700.0
1720499,São Valério - TO,2010,1500.0,1500.0,4125.0,2750.0
1720499,São Valério - TO,2011,1200.0,1200.0,3840.0,3200.0
1720499,São Valério - TO,1996,2.0,2.0,2.0,1000.0
1720655,Silvanópolis - TO,2004,9000.0,9000.0,21600.0,2400.0
1720655,Silvanópolis - TO,2005,10100.0,10100.0,24240.0,2400.0
1720655,Silvanópolis - TO,2014,15500.0,15500.0,45570.0,2940.0
1720655,Silvanópolis - TO,2015,17000.0,17000.0,48960.0,2880.0
1720655,Silvanópolis - TO,2016,29333.0,29333.0,65327.0,2227.0
1720655,Silvanópolis - TO,2017,20500.0,20500.0,59040.0,2880.0
1720655,Silvanópolis - TO,2018,15275.0,15275.0,37118.0,2430.0
1720655,Silvanópolis - TO,2019,21000.0,21000.0,60480.0,2880.0
1720655,Silvanópolis - TO,2020,24000.0,24000.0,69600.0,2900.0
1720655,Silvanópolis - TO,2021,24500.0,24500.0,72520.0,2960.0
1720655,Silvanópolis - TO,2022,23000.0,23000.0,69460.0,3020.0
1720655,Silvanópolis - TO,2023,21000.0,21000.0,66780.0,3180.0
1720655,Silvanópolis - TO,2024,21130.0,21130.0,59164.0,2800.0
1720655,Silvanópolis - TO,2025,19510.0,19510.0,68285.0,3500.0
1720655,Silvanópolis - TO,1989,260.0,260.0,300.0,1154.0
1720655,Silvanópolis - TO,1995,50.0,50.0,75.0,1500.0
1720655,Silvanópolis - TO,2001,520.0,520.0,1092.0,2100.0
1720655,Silvanópolis - TO,2003,1400.0,1400.0,3360.0,2400.0
1720655,Silvanópolis - TO,2012,19000.0,19000.0,57000.0,3000.0
1720655,Silvanópolis - TO,2013,13000.0,13000.0,36300.0,2792.0
1720655,Silvanópolis - TO,2002,60.0,60.0,126.0,2100.0
1720655,Silvanópolis - TO,2006,4500.0,4500.0,10260.0,2280.0
1720655,Silvanópolis - TO,2007,7500.0,7500.0,18000.0,2400.0
1720655,Silvanópolis - TO,2008,10000.0,10000.0,27000.0,2700.0
1720655,Silvanópolis - TO,2009,8800.0,8800.0,24816.0,2820.0
1720655,Silvanópolis - TO,2010,10000.0,10000.0,28000.0,2800.0
1720655,Silvanópolis - TO,2011,24000.0,24000.0,72000.0,3000.0
1720853,Sucupira - TO,2004,4600.0,4600.0,12420.0,2700.0
1720853,Sucupira - TO,2005,5730.0,5730.0,14898.0,2600.0
1720853,Sucupira - TO,2014,12688.0,12688.0,35526.0,2800.0
1720853,Sucupira - TO,2015,11280.0,11280.0,38605.0,3422.0
1720853,Sucupira - TO,2016,12284.0,12284.0,21000.0,1710.0
1720853,Sucupira - TO,2017,12409.0,12409.0,36630.0,2952.0
1720853,Sucupira - TO,2018,17200.0,17200.0,51836.0,3014.0
1720853,Sucupira - TO,2019,16210.0,16210.0,45650.0,2816.0
1720853,Sucupira - TO,2020,15479.0,15479.0,55345.0,3575.0
1720853,Sucupira - TO,2021,15293.0,15293.0,46120.0,3016.0
1720853,Sucupira - TO,2022,16628.0,16628.0,50638.0,3045.0
1720853,Sucupira - TO,2023,21565.0,21565.0,84284.0,3908.0
1720853,Sucupira - TO,2024,22409.0,22409.0,66188.0,2954.0
1720853,Sucupira - TO,2025,22703.0,22703.0,88900.0,3916.0
1720853,Sucupira - TO,1994,1200.0,1200.0,2400.0,2000.0
1720853,Sucupira - TO,1995,870.0,870.0,1653.0,1900.0
1720853,Sucupira - TO,1998,364.0,364.0,364.0,1000.0
1720853,Sucupira - TO,2003,650.0,650.0,1625.0,2500.0
1720853,Sucupira - TO,2012,5340.0,5340.0,19224.0,3600.0
1720853,Sucupira - TO,2013,7108.0,7108.0,19192.0,2700.0
1720853,Sucupira - TO,2002,163.0,163.0,326.0,2000.0
1720853,Sucupira - TO,2006,2500.0,2500.0,6375.0,2550.0
1720853,Sucupira - TO,2007,3500.0,3500.0,9275.0,2650.0
1720853,Sucupira - TO,2008,3000.0,3000.0,8100.0,2700.0
1720853,Sucupira - TO,2009,3200.0,3200.0,8960.0,2800.0
1720853,Sucupira - TO,2010,3500.0,3500.0,10850.0,3100.0
1720853,Sucupira - TO,2011,4790.0,4790.0,15328.0,3200.0
1720853,Sucupira - TO,1996,726.0,726.0,720.0,991.0
1720903,Taguatinga - TO,2004,100.0,100.0,250.0,2500.0
1720903,Taguatinga - TO,2014,700.0,700.0,2100.0,3000.0
1720903,Taguatinga - TO,2015,1500.0,1500.0,5100.0,3400.0
1720903,Taguatinga - TO,2016,1500.0,1500.0,3750.0,2500.0
1720903,Taguatinga - TO,2018,820.0,820.0,2350.0,2866.0
1720903,Taguatinga - TO,2019,940.0,940.0,2760.0,2936.0
1720903,Taguatinga - TO,2021,200.0,200.0,660.0,3300.0
1720903,Taguatinga - TO,2022,300.0,300.0,990.0,3300.0
1720903,Taguatinga - TO,2023,300.0,300.0,990.0,3300.0
1720903,Taguatinga - TO,2024,315.0,315.0,945.0,3000.0
1720903,Taguatinga - TO,2025,340.0,340.0,1183.0,3479.0
1720903,Taguatinga - TO,1998,820.0,820.0,1850.0,2256.0
1720903,Taguatinga - TO,2001,1600.0,1600.0,3360.0,2100.0
1720903,Taguatinga - TO,2003,1500.0,1500.0,3450.0,2300.0
1720903,Taguatinga - TO,2013,1000.0,1000.0,3100.0,3100.0
1720903,Taguatinga - TO,1985,140.0,,120.0,857.0
1720903,Taguatinga - TO,1987,100.0,,110.0,1100.0
1720903,Taguatinga - TO,1988,70.0,70.0,80.0,1143.0
1720903,Taguatinga - TO,1999,849.0,849.0,1780.0,2096.0
1720903,Taguatinga - TO,2000,1800.0,1800.0,3780.0,2100.0
1720903,Taguatinga - TO,2002,1200.0,1200.0,1800.0,1500.0
1720903,Taguatinga - TO,1984,120.0,,170.0,1417.0
1720937,Taipas do Tocantins - TO,2024,40.0,40.0,108.0,2700.0
1720937,Taipas do Tocantins - TO,2025,80.0,80.0,264.0,3300.0
1720978,Talismã - TO,2004,1800.0,1800.0,4536.0,2520.0
1720978,Talismã - TO,2005,2300.0,2300.0,5980.0,2600.0
1720978,Talismã - TO,2014,8565.0,8565.0,24494.0,2860.0
1720978,Talismã - TO,2015,11389.0,11389.0,34500.0,3029.0
1720978,Talismã - TO,2016,10456.0,11996.0,18000.0,1721.0
1720978,Talismã - TO,2017,15032.0,15032.0,44000.0,2927.0
1720978,Talismã - TO,2018,13500.0,13500.0,40000.0,2963.0
1720978,Talismã - TO,2019,12914.0,12914.0,36155.0,2800.0
1720978,Talismã - TO,2020,12471.0,12471.0,44000.0,3528.0
1720978,Talismã - TO,2021,13377.0,13377.0,40250.0,3009.0
1720978,Talismã - TO,2022,12789.0,12789.0,40733.0,3185.0
1720978,Talismã - TO,2023,13372.0,13372.0,52151.0,3900.0
1720978,Talismã - TO,2024,15837.0,15837.0,42617.0,2691.0
1720978,Talismã - TO,2025,16672.0,16672.0,65854.0,3950.0
1720978,Talismã - TO,1998,950.0,950.0,1482.0,1560.0
1720978,Talismã - TO,2001,1230.0,1230.0,3321.0,2700.0
1720978,Talismã - TO,2003,1750.0,1750.0,4725.0,2700.0
1720978,Talismã - TO,2012,2170.0,2170.0,7812.0,3600.0
1720978,Talismã - TO,2013,3770.0,3770.0,10179.0,2700.0
1720978,Talismã - TO,1999,900.0,900.0,1620.0,1800.0
1720978,Talismã - TO,2000,750.0,750.0,1950.0,2600.0
1720978,Talismã - TO,2002,1250.0,1250.0,3250.0,2600.0
1720978,Talismã - TO,2006,2000.0,2000.0,5000.0,2500.0
1720978,Talismã - TO,2007,2100.0,2100.0,5355.0,2550.0
1720978,Talismã - TO,2008,2200.0,2200.0,5940.0,2700.0
1720978,Talismã - TO,2009,1700.0,1700.0,5100.0,3000.0
1720978,Talismã - TO,2010,1750.0,1750.0,5285.0,3020.0
1720978,Talismã - TO,2011,1800.0,1800.0,4860.0,2700.0
1720978,Talismã - TO,1997,600.0,600.0,1140.0,1900.0
1721000,Palmas - TO,2004,2550.0,2550.0,6420.0,2517.0
1721000,Palmas - TO,2005,3650.0,3650.0,9636.0,2640.0
1721000,Palmas - TO,2014,7208.0,8190.0,26035.0,3612.0
1721000,Palmas - TO,2015,8182.0,8182.0,26175.0,3199.0
1721000,Palmas - TO,2016,9250.0,9750.0,25789.0,2788.0
1721000,Palmas - TO,2017,10529.0,10529.0,31703.0,3011.0
1721000,Palmas - TO,2018,12552.0,12552.0,34998.0,2788.0
1721000,Palmas - TO,2019,15630.0,15630.0,51720.0,3309.0
1721000,Palmas - TO,2020,13730.0,13730.0,45423.0,3308.0
1721000,Palmas - TO,2021,14060.0,14060.0,46653.0,3318.0
1721000,Palmas - TO,2022,13830.0,13830.0,47200.0,3413.0
1721000,Palmas - TO,2023,13455.0,13455.0,44140.0,3281.0
1721000,Palmas - TO,2024,15414.0,15414.0,48091.0,3120.0
1721000,Palmas - TO,2025,17194.0,17194.0,56637.0,3294.0
1721000,Palmas - TO,1989,350.0,350.0,525.0,1500.0
1721000,Palmas - TO,1990,100.0,100.0,150.0,1500.0
1721000,Palmas - TO,1991,97.0,100.0,132.0,1360.0
1721000,Palmas - TO,1992,100.0,100.0,135.0,1350.0
1721000,Palmas - TO,2001,40.0,40.0,99.0,2475.0
1721000,Palmas - TO,2003,2200.0,2200.0,5940.0,2700.0
1721000,Palmas - TO,2012,7600.0,7600.0,25080.0,3300.0
1721000,Palmas - TO,2013,8000.0,8000.0,26400.0,3300.0
1721000,Palmas - TO,2002,2000.0,2000.0,4200.0,2100.0
1721000,Palmas - TO,2006,2500.0,2500.0,5700.0,2280.0
1721000,Palmas - TO,2007,2000.0,2000.0,5000.0,2500.0
1721000,Palmas - TO,2008,4000.0,4000.0,10800.0,2700.0
1721000,Palmas - TO,2009,4500.0,4500.0,12150.0,2700.0
1721000,Palmas - TO,2010,6175.0,6175.0,18525.0,3000.0
1721000,Palmas - TO,2011,7500.0,7500.0,23250.0,3100.0
1721000,Palmas - TO,1996,5.0,5.0,6.0,1200.0
1721109,Tocantínia - TO,2005,370.0,370.0,888.0,2400.0
1721109,Tocantínia - TO,2016,3000.0,3000.0,6720.0,2240.0
1721109,Tocantínia - TO,2017,2980.0,2980.0,8940.0,3000.0
1721109,Tocantínia - TO,2018,2300.0,2300.0,8280.0,3600.0
1721109,Tocantínia - TO,2019,2980.0,2980.0,10728.0,3600.0
1721109,Tocantínia - TO,2020,3278.0,3278.0,11800.0,3600.0
1721109,Tocantínia - TO,2021,3278.0,3278.0,11801.0,3600.0
1721109,Tocantínia - TO,2022,3278.0,3278.0,11700.0,3569.0
1721109,Tocantínia - TO,2023,2988.0,2988.0,8900.0,2979.0
1721109,Tocantínia - TO,2024,2900.0,2900.0,9270.0,3197.0
1721109,Tocantínia - TO,2025,5304.0,5304.0,18325.0,3455.0
1721109,Tocantínia - TO,1985,600.0,,1116.0,1860.0
1721109,Tocantínia - TO,1987,1150.0,,1725.0,1500.0
1721109,Tocantínia - TO,1988,420.0,420.0,630.0,1500.0
1721109,Tocantínia - TO,1984,70.0,,170.0,2429.0
1721109,Tocantínia - TO,1986,845.0,,1673.0,1980.0
1721257,Tupirama - TO,2004,11000.0,11000.0,29700.0,2700.0
1721257,Tupirama - TO,2005,13000.0,13000.0,35100.0,2700.0
1721257,Tupirama - TO,2014,13000.0,13000.0,35568.0,2736.0
1721257,Tupirama - TO,2015,13000.0,13000.0,35568.0,2736.0
1721257,Tupirama - TO,2016,10000.0,10000.0,17790.0,1779.0
1721257,Tupirama - TO,2017,7600.0,7600.0,13520.0,1779.0
1721257,Tupirama - TO,2018,10027.0,10027.0,25037.0,2497.0
1721257,Tupirama - TO,2019,9680.0,9680.0,24171.0,2497.0
1721257,Tupirama - TO,2020,9680.0,9680.0,21857.0,2258.0
1721257,Tupirama - TO,2021,8520.0,8520.0,24538.0,2880.0
1721257,Tupirama - TO,2022,11429.0,11429.0,36573.0,3200.0
1721257,Tupirama - TO,2023,10348.0,10348.0,34148.0,3300.0
1721257,Tupirama - TO,2024,10248.0,10348.0,33818.0,3300.0
1721257,Tupirama - TO,2025,8748.0,8748.0,28868.0,3300.0
1721257,Tupirama - TO,1998,300.0,300.0,540.0,1800.0
1721257,Tupirama - TO,2001,1174.0,1174.0,2820.0,2402.0
1721257,Tupirama - TO,2003,6720.0,6720.0,16128.0,2400.0
1721257,Tupirama - TO,2012,8000.0,8000.0,23040.0,2880.0
1721257,Tupirama - TO,2013,13000.0,13000.0,35568.0,2736.0
1721257,Tupirama - TO,2000,75.0,75.0,180.0,2400.0
1721257,Tupirama - TO,2002,2700.0,2700.0,6966.0,2580.0
1721257,Tupirama - TO,2006,10000.0,10000.0,20400.0,2040.0
1721257,Tupirama - TO,2007,8000.0,8000.0,16800.0,2100.0
1721257,Tupirama - TO,2008,8000.0,8000.0,21120.0,2640.0
1721257,Tupirama - TO,2009,7000.0,7000.0,18900.0,2700.0
1721257,Tupirama - TO,2010,8500.0,8500.0,23800.0,2800.0
1721257,Tupirama - TO,2011,8500.0,8500.0,25500.0,3000.0
1721307,Tupiratins - TO,2004,1200.0,1200.0,3000.0,2500.0
1721307,Tupiratins - TO,2005,2150.0,2150.0,5590.0,2600.0
1721307,Tupiratins - TO,2014,1000.0,1000.0,2800.0,2800.0
1721307,Tupiratins - TO,2015,1000.0,1000.0,2800.0,2800.0
1721307,Tupiratins - TO,2016,1000.0,1000.0,2800.0,2800.0
1721307,Tupiratins - TO,2017,1200.0,1200.0,2520.0,2100.0
1721307,Tupiratins - TO,2018,1000.0,1000.0,2200.0,2200.0
1721307,Tupiratins - TO,2019,310.0,310.0,651.0,2100.0
1721307,Tupiratins - TO,2020,310.0,310.0,930.0,3000.0
1721307,Tupiratins - TO,2022,620.0,620.0,1736.0,2800.0
1721307,Tupiratins - TO,2023,1627.0,1627.0,4881.0,3000.0
1721307,Tupiratins - TO,2024,1227.0,1627.0,2945.0,2400.0
1721307,Tupiratins - TO,2025,2276.0,2276.0,6525.0,2867.0
1721307,Tupiratins - TO,2003,800.0,800.0,1600.0,2000.0
1721307,Tupiratins - TO,2012,500.0,500.0,1450.0,2900.0
1721307,Tupiratins - TO,2013,600.0,600.0,1740.0,2900.0
1721307,Tupiratins - TO,2002,850.0,850.0,1700.0,2000.0
1721307,Tupiratins - TO,2006,3000.0,3000.0,7050.0,2350.0
1721307,Tupiratins - TO,2007,2800.0,2800.0,6440.0,2300.0
1721307,Tupiratins - TO,2008,900.0,900.0,2430.0,2700.0
1721307,Tupiratins - TO,2009,900.0,900.0,2430.0,2700.0
1721307,Tupiratins - TO,2010,1000.0,1000.0,2800.0,2800.0
1721307,Tupiratins - TO,2011,850.0,850.0,2448.0,2880.0
1722081,Wanderlândia - TO,2004,50.0,50.0,131.0,2620.0
1722081,Wanderlândia - TO,2005,110.0,110.0,264.0,2400.0
1722081,Wanderlândia - TO,2014,160.0,160.0,461.0,2881.0
1722081,Wanderlândia - TO,2015,500.0,500.0,1450.0,2900.0
1722081,Wanderlândia - TO,2016,400.0,400.0,1200.0,3000.0
1722081,Wanderlândia - TO,2017,500.0,500.0,1450.0,2900.0
1722081,Wanderlândia - TO,2018,550.0,550.0,1595.0,2900.0
1722081,Wanderlândia - TO,2019,550.0,550.0,1100.0,2000.0
1722081,Wanderlândia - TO,2020,550.0,550.0,1613.0,2933.0
1722081,Wanderlândia - TO,2021,550.0,550.0,1613.0,2933.0
1722081,Wanderlândia - TO,2022,550.0,550.0,1607.0,2922.0
1722081,Wanderlândia - TO,2023,1814.0,1814.0,5301.0,2922.0
1722081,Wanderlândia - TO,2024,3060.0,3060.0,8954.0,2926.0
1722081,Wanderlândia - TO,2025,3060.0,3060.0,8957.0,2927.0
1722081,Wanderlândia - TO,1988,24.0,24.0,36.0,1500.0
1722081,Wanderlândia - TO,2006,130.0,130.0,351.0,2700.0
1722081,Wanderlândia - TO,2007,120.0,120.0,324.0,2700.0
1722081,Wanderlândia - TO,2008,180.0,180.0,468.0,2600.0
1722081,Wanderlândia - TO,2009,70.0,70.0,168.0,2400.0
1722081,Wanderlândia - TO,2010,70.0,70.0,196.0,2800.0
1722107,Xambioá - TO,2019,500.0,500.0,1260.0,2520.0
1722107,Xambioá - TO,2020,500.0,500.0,1260.0,2520.0
1722107,Xambioá - TO,2021,500.0,500.0,1260.0,2520.0
1722107,Xambioá - TO,2022,500.0,500.0,1260.0,2520.0
1722107,Xambioá - TO,2023,600.0,600.0,1512.0,2520.0
1722107,Xambioá - TO,2024,600.0,600.0,1512.0,2520.0
1722107,Xambioá - TO,2025,600.0,600.0,1512.0,2520.0
