4300034|-54.4546,-31.6528 -54.0813,-31.9296 -54.0390,-31.8974 -53.9633,-31.9220 -53.9475,-31.9546 -53.9310,-31.8740 -53.9139,-31.8551 -53.9058,-31.8079 -53.9799,-31.7490 -53.9576,-31.6695 -53.9578,-31.6129 -53.9919,-31.5376 -53.9576,-31.4932 -54.0144,-31.5376 -54.0710,-31.4560 -54.1200,-31.4353 -54.1371,-31.4759 -54.1861,-31.4869 -54.2240,-31.5149 -54.2736,-31.5094 -54.3261,-31.5816 -54.3758,-31.5923 -54.4038,-31.6317 -54.4546,-31.6528
4300059|-51.9682,-28.2783 -51.9735,-28.2415 -51.9619,-28.1687 -51.9895,-28.1291 -52.0834,-28.1177 -52.1238,-28.1825 -52.1684,-28.1891 -52.1440,-28.2428 -52.0920,-28.3063 -52.0736,-28.3052 -52.0199,-28.3026 -51.9682,-28.2783
4300109|-53.3619,-29.6367 -53.3554,-29.6682 -53.2823,-29.6898 -53.2664,-29.7295 -53.2896,-29.7857 -53.2768,-29.7989 -53.1962,-29.8310 -53.1745,-29.7697 -53.2090,-29.7588 -53.2039,-29.6695 -53.1868,-29.6320 -53.1541,-29.6326 -53.1367,-29.6082 -53.1365,-29.5591 -53.0729,-29.5595 -53.0581,-29.5696 -53.0292,-29.5532 -53.1370,-29.4948 -53.1843,-29.4674 -53.2353,-29.4653 -53.2654,-29.4493 -53.2942,-29.4526 -53.2939,-29.4859 -53.3100,-29.5379 -53.3350,-29.5562 -53.3065,-29.5797 -53.3069,-29.6165 -53.3619,-29.6367
4300208|-53.8111,-28.2848 -53.7503,-28.2859 -53.7132,-28.2979 -53.7054,-28.2797 -53.6590,-28.2816 -53.6407,-28.2577 -53.6208,-28.2062 -53.6199,-28.1457 -53.7169,-28.1512 -53.7869,-28.1294 -53.8017,-28.1023 -53.8420,-28.1887 -53.8322,-28.2367 -53.8429,-28.2582 -53.8111,-28.2848
4300307|-54.7233,-27.5635 -54.7846,-27.5787 -54.7952,-27.5350 -54.8171,-27.5356 -54.8397,-27.6052 -54.8608,-27.6294 -54.9032,-27.6364 -54.9029,-27.6989 -54.8670,-27.6904 -54.8193,-27.7045 -54.8224,-27.7397 -54.7849,-27.7625 -54.7573,-27.7225 -54.7085,-27.7170 -54.6699,-27.6858 -54.6678,-27.6457 -54.7360,-27.5799 -54.7233,-27.5635
4300406|-56.1503,-30.0550 -56.1212,-30.0802 -56.0826,-30.0793 -56.0444,-30.0501 -56.0203,-30.0815 -55.9686,-30.0905 -55.8776,-30.0878 -55.8656,-30.1344 -55.8134,-30.1695 -55.7681,-30.1686 -55.7451,-30.2310 -55.6756,-30.2268 -55.6522,-30.1466 -55.6061,-30.1443 -55.5385,-30.1632 -55.4715,-30.0787 -55.4422,-30.0935 -55.3834,-30.0746 -55.3131,-30.0813 -55.2690,-30.0384 -55.2452,-29.9879 -55.2296,-29.9294 -55.1944,-29.9155 -55.1486,-29.8700 -55.1510,-29.8284 -55.1142,-29.8013 -55.1217,-29.7670 -55.1441,-29.6951 -55.1917,-29.6967 -55.1959,-29.6659 -55.2435,-29.6203 -55.2753,-29.6173 -55.3263,-29.6422 -55.3781,-29.6149 -55.4005,-29.6153 -55.4144,-29.6600 -55.4693,-29.6473 -55.5396,-29.6623 -55.5476,-29.6029 -55.6575,-29.5600 -55.6889,-29.4935 -55.7671,-29.4831 -55.7792,-29.4204 -55.8293,-29.4289 -55.8501,-29.4113 -55.8657,-29.4226 -55.9089,-29.3879 -55.9357,-29.3515 -55.9556,-29.3619 -55.9983,-29.3351 -56.0295,-29.3009 -56.0778,-29.3321 -56.0949,-29.3697 -56.1223,-29.3570 -56.1334,-29.3272 -56.1819,-29.3221 -56.1781,-29.3773 -56.2199,-29.4002 -56.2565,-29.3997 -56.2913,-29.4172 -56.3636,-29.3977 -56.4300,-29.4274 -56.4605,-29.4205 -56.4817,-29.3934 -56.5975,-29.3933 -56.6605,-29.4233 -56.6272,-29.4412 -56.5363,-29.4543 -56.5214,-29.4707 -56.4700,-29.4701 -56.4570,-29.5309 -56.4230,-29.5431 -56.3783,-29.5892 -56.3829,-29.6258 -56.3617,-29.6701 -56.4003,-29.6934 -56.3713,-29.7444 -56.3722,-29.8098 -56.3510,-29.8486 -56.3162,-29.8595 -56.2782,-29.9319 -56.2447,-29.9766 -56.1846,-30.0014 -56.1503,-30.0550
4300455|-54.0673,-27.7434 -54.0601,-27.7677 -54.1043,-27.7861 -54.1258,-27.7687 -54.1238,-27.7990 -54.1603,-27.7975 -54.1289,-27.8167 -54.1148,-27.8827 -54.0610,-27.8786 -53.9663,-27.8241 -53.9788,-27.7797 -54.0452,-27.7375 -54.0673,-27.7434
4300471|-53.0165,-28.0372 -52.9995,-28.0621 -53.0122,-28.0972 -52.9777,-28.1315 -52.9635,-28.1776 -52.9120,-28.1781 -52.8816,-28.2219 -52.8403,-28.2402 -52.8250,-28.1957 -52.8274,-28.1632 -52.8063,-28.1219 -52.8661,-28.0694 -52.8971,-28.0687 -52.9444,-28.0443 -53.0165,-28.0372
4300505|-53.1593,-27.2824 -53.0757,-27.2705 -53.0097,-27.3237 -52.9510,-27.3083 -52.9338,-27.3128 -52.9589,-27.2918 -52.9505,-27.2492 -52.9712,-27.2178 -53.0000,-27.2067 -52.9851,-27.1705 -52.9925,-27.1400 -53.0262,-27.1586 -53.0414,-27.1249 -53.0178,-27.0931 -53.0482,-27.0837 -53.0767,-27.1078 -53.0712,-27.1570 -53.1396,-27.1757 -53.1695,-27.1442 -53.1877,-27.1923 -53.1593,-27.2824
4300554|-53.0609,-28.8297 -52.9643,-28.8699 -52.9390,-28.8489 -52.9663,-28.8134 -52.9335,-28.8010 -52.9342,-28.7480 -52.9533,-28.7392 -53.0343,-28.7637 -53.0640,-28.7993 -53.0609,-28.8297
4300570|-51.2803,-29.4048 -51.2819,-29.3721 -51.2602,-29.3507 -51.2697,-29.3128 -51.3527,-29.3331 -51.3505,-29.3519 -51.3321,-29.4096 -51.3301,-29.4272 -51.2803,-29.4048
4300604|-51.0849,-30.0462 -51.0397,-30.0065 -50.9623,-29.9900 -50.9493,-29.9663 -51.0740,-29.9670 -51.0865,-29.9709 -51.0849,-30.0462
4300638|-52.4269,-30.9151 -52.3673,-30.9095 -52.3120,-30.8873 -52.2494,-30.8838 -52.1748,-30.9119 -52.1358,-30.8998 -52.0998,-30.9091 -52.1201,-30.8842 -52.1555,-30.8629 -52.1779,-30.8186 -52.1896,-30.7642 -52.2404,-30.7566 -52.2593,-30.7986 -52.3157,-30.7330 -52.3360,-30.6921 -52.3754,-30.6871 -52.4135,-30.6551 -52.4429,-30.6593 -52.4303,-30.6978 -52.4568,-30.7971 -52.4188,-30.8545 -52.4269,-30.9151
4300646|-53.1428,-27.4056 -53.1133,-27.3765 -53.1721,-27.3402 -53.2023,-27.3119 -53.2460,-27.3212 -53.2576,-27.3397 -53.2617,-27.3739 -53.2024,-27.4127 -53.1830,-27.4091 -53.1428,-27.4056
4300661|-51.3964,-28.5400 -51.4207,-28.5012 -51.4467,-28.4864 -51.4739,-28.5168 -51.5178,-28.5422 -51.5371,-28.5265 -51.5862,-28.5204 -51.5991,-28.5365 -51.6157,-28.6353 -51.5959,-28.6691 -51.5617,-28.6929 -51.5310,-28.6671 -51.4775,-28.6499 -51.4451,-28.6737 -51.3987,-28.6388 -51.3964,-28.5400
4300703|-52.0487,-29.0206 -52.0211,-29.0397 -51.9700,-29.0391 -51.9547,-29.0748 -51.9259,-29.0749 -51.9183,-29.0229 -51.9293,-28.9901 -51.9136,-28.9479 -51.9196,-28.9209 -51.9805,-28.9112 -52.0098,-28.8770 -52.0790,-28.8777 -52.0707,-28.8871 -52.0696,-28.9796 -52.0920,-28.9804 -52.0487,-29.0206
4300802|-51.1767,-28.8575 -51.2282,-28.8207 -51.2538,-28.8175 -51.3296,-28.8427 -51.3727,-28.8305 -51.4104,-28.8003 -51.4380,-28.8059 -51.4655,-28.8298 -51.4626,-28.8562 -51.4559,-28.8864 -51.4642,-28.9249 -51.3546,-28.9193 -51.3402,-28.9646 -51.2752,-28.9259 -51.2705,-28.9603 -51.2364,-28.9393 -51.1856,-28.9423 -51.1605,-28.8740 -51.1767,-28.8575
4300851|-51.5378,-31.1150 -51.4456,-31.0895 -51.4831,-31.0310 -51.5006,-30.9655 -51.4978,-30.9176 -51.4488,-30.8722 -51.4766,-30.8824 -51.5228,-30.8334 -51.5345,-30.8016 -51.5901,-30.7602 -51.6303,-30.7448 -51.6348,-30.7501 -51.6935,-30.8131 -51.7442,-30.8390 -51.7252,-30.8818 -51.6570,-30.8924 -51.6002,-30.9532 -51.5918,-30.9848 -51.6052,-31.0478 -51.5378,-31.1150
4300877|-50.9060,-29.6314 -50.9117,-29.5995 -50.9499,-29.5959 -50.9541,-29.6664 -50.9416,-29.6912 -50.9266,-29.6756 -50.9060,-29.6314
4300901|-52.3442,-27.5094 -52.2560,-27.5111 -52.2387,-27.4824 -52.2431,-27.4457 -52.2292,-27.4079 -52.2129,-27.3892 -52.2248,-27.3306 -52.2680,-27.2832 -52.2613,-27.2569 -52.3061,-27.2657 -52.2998,-27.3191 -52.3521,-27.2889 -52.3978,-27.2925 -52.3832,-27.3202 -52.3827,-27.3647 -52.3668,-27.3961 -52.3537,-27.4723 -52.3636,-27.5007 -52.3442,-27.5094
4301008|-51.9496,-29.4157 -51.9093,-29.4168 -51.8738,-29.3870 -51.9089,-29.3521 -51.8995,-29.2958 -51.9194,-29.2916 -51.9625,-29.3285 -51.9768,-29.3011 -52.0335,-29.3288 -52.0637,-29.3541 -52.0349,-29.4012 -51.9557,-29.4216 -51.9496,-29.4157
4301057|-49.9222,-29.6072 -49.8035,-29.4436 -49.8355,-29.4242 -49.8702,-29.4473 -49.9862,-29.6012 -49.9222,-29.6072
4301073|-52.4058,-31.4950 -52.3497,-31.5058 -52.3382,-31.4099 -52.3775,-31.3912 -52.4358,-31.3955 -52.4426,-31.4504 -52.4058,-31.4950
4301107|-51.6817,-30.0107 -51.7339,-30.0604 -51.8031,-30.0922 -51.8228,-30.1302 -51.8024,-30.1482 -51.8501,-30.2040 -51.8457,-30.2852 -51.8266,-30.3168 -51.7593,-30.3431 -51.7104,-30.3032 -51.6778,-30.2888 -51.6704,-30.2210 -51.6820,-30.1835 -51.6962,-30.1329 -51.6884,-30.0803 -51.6508,-30.0798 -51.6205,-30.0611 -51.6612,-30.0477 -51.6817,-30.0107
4301206|-53.1680,-29.3417 -53.1549,-29.3550 -53.0831,-29.3719 -53.0245,-29.3371 -53.0207,-29.2658 -52.9460,-29.2622 -52.9586,-29.2267 -52.9172,-29.1854 -52.9476,-29.1766 -52.9995,-29.1390 -53.0168,-29.1557 -53.0639,-29.1818 -53.0904,-29.2122 -53.1298,-29.2282 -53.1466,-29.2674 -53.1417,-29.3132 -53.1680,-29.3417
4301305|-53.3056,-32.2176 -53.2898,-32.2348 -53.2911,-32.2753 -53.2611,-32.3023 -53.2413,-32.3466 -53.1860,-32.3719 -53.1433,-32.3644 -53.0317,-32.4292 -53.0086,-32.4243 -52.9775,-32.4529 -52.9680,-32.4905 -52.8924,-32.4611 -52.8024,-32.4470 -52.7664,-32.4262 -52.7236,-32.3816 -52.7717,-32.3526 -52.7901,-32.3788 -52.8211,-32.3341 -52.7784,-32.2522 -52.7768,-32.2306 -52.7383,-32.1924 -52.7322,-32.1597 -52.6750,-32.1640 -52.6229,-32.1456 -52.6186,-32.1309 -52.5629,-32.1000 -52.5307,-32.0932 -52.4915,-32.0552 -52.4459,-32.0644 -52.4095,-32.0385 -52.4183,-32.0155 -52.5134,-31.9750 -52.5135,-31.9540 -52.6051,-31.9382 -52.6117,-31.9193 -52.6628,-31.9007 -52.7814,-32.0635 -52.8094,-32.0710 -52.8578,-32.0419 -52.9705,-32.0319 -53.0281,-32.0213 -53.0429,-32.0027 -53.1243,-32.0026 -53.1821,-32.0603 -53.2323,-32.0993 -53.2572,-32.1720 -53.3069,-32.1893 -53.3056,-32.2176
4301404|-52.0170,-28.8419 -52.0434,-28.8443 -52.0633,-28.8096 -52.1318,-28.8048 -52.1823,-28.8239 -52.2704,-28.8077 -52.3273,-28.8136 -52.2994,-28.8756 -52.2283,-28.9701 -52.2100,-28.9320 -52.1660,-28.8861 -52.1484,-28.8922 -52.0790,-28.8777 -52.0098,-28.8770 -52.0170,-28.8419
4301503|-54.1284,-28.5547 -54.0360,-28.5936 -54.0075,-28.6331 -53.9745,-28.6477 -53.9379,-28.6278 -53.8908,-28.5741 -53.8812,-28.5233 -53.9351,-28.4839 -53.9585,-28.4886 -53.9821,-28.4419 -54.0211,-28.4222 -54.0473,-28.4707 -54.1098,-28.4682 -54.1280,-28.4901 -54.1284,-28.5547
4301552|-52.0412,-27.6455 -52.0784,-27.6717 -52.1551,-27.6690 -52.1488,-27.7341 -52.0910,-27.7944 -52.0847,-27.8006 -52.0781,-27.7789 -52.0266,-27.7317 -52.0013,-27.6945 -51.9907,-27.6490 -52.0412,-27.6455
4301602|-53.9576,-31.4932 -53.9218,-31.4555 -53.9839,-31.3930 -53.9839,-31.3690 -53.9543,-31.3461 -54.0127,-31.3141 -53.9842,-31.2620 -53.8620,-31.2206 -53.8196,-31.2437 -53.7747,-31.2322 -53.7336,-31.2389 -53.7653,-31.3122 -53.6508,-31.3381 -53.6065,-31.3116 -53.6041,-31.2890 -53.5301,-31.2420 -53.5019,-31.1558 -53.4811,-31.1156 -53.4894,-31.0356 -53.4589,-31.0222 -53.4431,-30.9642 -53.5017,-30.9408 -53.5573,-30.9423 -53.6020,-30.8676 -53.6472,-30.8692 -53.6672,-30.8427 -53.7300,-30.8762 -53.8134,-30.9034 -53.8872,-30.9170 -53.9234,-30.9398 -53.9418,-30.9812 -53.9598,-31.0353 -54.0971,-31.1073 -54.0936,-31.1264 -54.1462,-31.1615 -54.1694,-31.1430 -54.2658,-31.1615 -54.3124,-31.1609 -54.3196,-31.1874 -54.3654,-31.1996 -54.4054,-31.2323 -54.4255,-31.3025 -54.5043,-31.3082 -54.5563,-31.3438 -54.5633,-31.3686 -54.6308,-31.3574 -54.6518,-31.3933 -54.7013,-31.4357 -54.6703,-31.4541 -54.5869,-31.4565 -54.5774,-31.4810 -54.5156,-31.5102 -54.4729,-31.5704 -54.4546,-31.6528 -54.4038,-31.6317 -54.3758,-31.5923 -54.3261,-31.5816 -54.2736,-31.5094 -54.2240,-31.5149 -54.1861,-31.4869 -54.1371,-31.4759 -54.1200,-31.4353 -54.0710,-31.4560 -54.0144,-31.5376 -53.9576,-31.4932
4301636|-50.2241,-30.2363 -50.2505,-30.2283 -50.2569,-30.1728 -50.3072,-30.1466 -50.3463,-30.1596 -50.3942,-30.1579 -50.3569,-30.1968 -50.2690,-30.2224 -50.2894,-30.2914 -50.2519,-30.3049 -50.2241,-30.2363
4301651|-51.5835,-29.4071 -51.5425,-29.4189 -51.4750,-29.4001 -51.4357,-29.4314 -51.4035,-29.4335 -51.3999,-29.4170 -51.3981,-29.3516 -51.5206,-29.3509 -51.5610,-29.3742 -51.6168,-29.3779 -51.6105,-29.4008 -51.6079,-29.4112 -51.5835,-29.4071
4301701|-52.4772,-27.6035 -52.4473,-27.6628 -52.3422,-27.6610 -52.3442,-27.5094 -52.3636,-27.5007 -52.3991,-27.4790 -52.4368,-27.4946 -52.5120,-27.4867 -52.5269,-27.5302 -52.4779,-27.5460 -52.4772,-27.6035
4301750|-51.7588,-30.5050 -51.7131,-30.4723 -51.7177,-30.4479 -51.6805,-30.4377 -51.6809,-30.3837 -51.6505,-30.3386 -51.6537,-30.2972 -51.6778,-30.2888 -51.7104,-30.3032 -51.7593,-30.3431 -51.8266,-30.3168 -51.8457,-30.2852 -51.8597,-30.3186 -51.8434,-30.3470 -51.8723,-30.3813 -51.9235,-30.4061 -51.9016,-30.4476 -51.9252,-30.4980 -51.9057,-30.5407 -51.9048,-30.5767 -51.8983,-30.5717 -51.7670,-30.4668 -51.7588,-30.5050
4301800|-51.5621,-27.6320 -51.5342,-27.6725 -51.5308,-27.7093 -51.5002,-27.7236 -51.5059,-27.7499 -51.4944,-27.8037 -51.4570,-27.8246 -51.4470,-27.8471 -51.4634,-27.8933 -51.4584,-27.9290 -51.4174,-27.9163 -51.3918,-27.8893 -51.3784,-27.8488 -51.3634,-27.7985 -51.3311,-27.7864 -51.3303,-27.7511 -51.3088,-27.7195 -51.3151,-27.6751 -51.3601,-27.6788 -51.3779,-27.6600 -51.4192,-27.6546 -51.4573,-27.6075 -51.4833,-27.5632 -51.5476,-27.5591 -51.5784,-27.5770 -51.5621,-27.6320
4301859|-53.7069,-27.1983 -53.7177,-27.1825 -53.7516,-27.1881 -53.7760,-27.1475 -53.8197,-27.1757 -53.7848,-27.2132 -53.7701,-27.2621 -53.7636,-27.2790 -53.7422,-27.2327 -53.7069,-27.1983
4301875|-57.3281,-29.9719 -57.3520,-30.0081 -57.3963,-30.0228 -57.4538,-30.0816 -57.4646,-30.1103 -57.5256,-30.1514 -57.5941,-30.1790 -57.5578,-30.2134 -57.5680,-30.2522 -57.5508,-30.2726 -57.5003,-30.2889 -57.4901,-30.2690 -57.4293,-30.2746 -57.4186,-30.3026 -57.3520,-30.2845 -57.3114,-30.2581 -57.2846,-30.2937 -57.2042,-30.2851 -57.1674,-30.2476 -57.1672,-30.1963 -57.1152,-30.1137 -57.1362,-30.0645 -57.2433,-30.0047 -57.2805,-29.9531 -57.3281,-29.9719
4301909|-51.2654,-30.4798 -51.2231,-30.4198 -51.1979,-30.4080 -51.1538,-30.4137 -51.1221,-30.3969 -51.1286,-30.3593 -51.1782,-30.3864 -51.2074,-30.3408 -51.2392,-30.3182 -51.2953,-30.3029 -51.2987,-30.2408 -51.3283,-30.2265 -51.4063,-30.2304 -51.4068,-30.2652 -51.4464,-30.2520 -51.5159,-30.2729 -51.4950,-30.3537 -51.4295,-30.3540 -51.4935,-30.4123 -51.5362,-30.4124 -51.5245,-30.5100 -51.4913,-30.5026 -51.3969,-30.4955 -51.2759,-30.4707 -51.2654,-30.4798
4301925|-52.4368,-27.4946 -52.3991,-27.4790 -52.3636,-27.5007 -52.3537,-27.4723 -52.3668,-27.3961 -52.3827,-27.3647 -52.3832,-27.3202 -52.3978,-27.2925 -52.4192,-27.2824 -52.4370,-27.3229 -52.4338,-27.3684 -52.4532,-27.4086 -52.4368,-27.4946
4301958|-53.0492,-27.8817 -53.0575,-27.9416 -53.0323,-27.9618 -52.9764,-27.9534 -52.9671,-27.9134 -53.0158,-27.8853 -53.0492,-27.8817
4302006|-52.6740,-29.2331 -52.5356,-29.2245 -52.5010,-29.2473 -52.4564,-29.2403 -52.4364,-29.2140 -52.4273,-29.1570 -52.4783,-29.1053 -52.4949,-29.0340 -52.5594,-28.9747 -52.6354,-28.9615 -52.6745,-28.9778 -52.6916,-29.0522 -52.7211,-29.0735 -52.7510,-29.1441 -52.6986,-29.1929 -52.6615,-29.1942 -52.6740,-29.2331
4302055|-52.6633,-27.5338 -52.6234,-27.5423 -52.5813,-27.5356 -52.5604,-27.5126 -52.5929,-27.4678 -52.6184,-27.4322 -52.6723,-27.4266 -52.6942,-27.4436 -52.7260,-27.4322 -52.7267,-27.4362 -52.7010,-27.4688 -52.7119,-27.4855 -52.6633,-27.5338
4302105|-51.6541,-29.1981 -51.4916,-29.1979 -51.3907,-29.1971 -51.3885,-29.1560 -51.4232,-29.1562 -51.4582,-29.1687 -51.5040,-29.0818 -51.5644,-29.0439 -51.6038,-29.0494 -51.6293,-29.0207 -51.6518,-29.0142 -51.6817,-29.0890 -51.6493,-29.0938 -51.6150,-29.1253 -51.6167,-29.1872 -51.6655,-29.1881 -51.6541,-29.1981
4302154|-53.2595,-27.7120 -53.2958,-27.7058 -53.3081,-27.6827 -53.2997,-27.6175 -53.3186,-27.6006 -53.3462,-27.6191 -53.3811,-27.6105 -53.4005,-27.6205 -53.3918,-27.6907 -53.3920,-27.7573 -53.3263,-27.8003 -53.2922,-27.7546 -53.2570,-27.7268 -53.2595,-27.7120
4302204|-54.1687,-27.6916 -54.1292,-27.6967 -54.0708,-27.7356 -54.0291,-27.6972 -54.0279,-27.6667 -54.0372,-27.6548 -54.0463,-27.6523 -54.0849,-27.6269 -54.1435,-27.6257 -54.1756,-27.6680 -54.1687,-27.6916
4302220|-53.7775,-28.4365 -53.7812,-28.4884 -53.8222,-28.4869 -53.8388,-28.5126 -53.8812,-28.5233 -53.8908,-28.5741 -53.9379,-28.6278 -53.9745,-28.6477 -53.9677,-28.7213 -53.9786,-28.7587 -53.9689,-28.7958 -53.9473,-28.8143 -53.9061,-28.8115 -53.8720,-28.8155 -53.8437,-28.7990 -53.7959,-28.8028 -53.7451,-28.7592 -53.7218,-28.7094 -53.7387,-28.6553 -53.7170,-28.6376 -53.7481,-28.5726 -53.7812,-28.5496 -53.6949,-28.5101 -53.7055,-28.4808 -53.7229,-28.4794 -53.7592,-28.4371 -53.7775,-28.4365
4302238|-53.3309,-28.7858 -53.3638,-28.7741 -53.3997,-28.7809 -53.4640,-28.7373 -53.5142,-28.7738 -53.5471,-28.7439 -53.5779,-28.7622 -53.5856,-28.7926 -53.5539,-28.8425 -53.5458,-28.8834 -53.5682,-28.9543 -53.5671,-28.9625 -53.5458,-28.9750 -53.5113,-29.0369 -53.4815,-29.0185 -53.4713,-28.9795 -53.4412,-28.9870 -53.3971,-28.9692 -53.3883,-28.9250 -53.4292,-28.9009 -53.4153,-28.8769 -53.3186,-28.8713 -53.3041,-28.8238 -53.3309,-28.7858
4302253|-51.7279,-29.3622 -51.6911,-29.3714 -51.6912,-29.4151 -51.6912,-29.4235 -51.6575,-29.3993 -51.6105,-29.4008 -51.6168,-29.3779 -51.6458,-29.3713 -51.6309,-29.3333 -51.6319,-29.2935 -51.6500,-29.2939 -51.7009,-29.3043 -51.7019,-29.3344 -51.7279,-29.3622
4302303|-50.6043,-28.8101 -50.4960,-28.8052 -50.4619,-28.8189 -50.4392,-28.7881 -50.3936,-28.8242 -50.3320,-28.8116 -50.3139,-28.8399 -50.2524,-28.8219 -50.2108,-28.8231 -50.1999,-28.7810 -50.1587,-28.7122 -50.1057,-28.6815 -50.1006,-28.6385 -50.0259,-28.6349 -50.0687,-28.4792 -50.0972,-28.4844 -50.1473,-28.4495 -50.2424,-28.4320 -50.2729,-28.4571 -50.3013,-28.4393 -50.3404,-28.4410 -50.3684,-28.4212 -50.4248,-28.4333 -50.4704,-28.4149 -50.5316,-28.4078 -50.5442,-28.4275 -50.5932,-28.3816 -50.6652,-28.3379 -50.6649,-28.3128 -50.6956,-28.2699 -50.7491,-28.2485 -50.7387,-28.3221 -50.7089,-28.3628 -50.7219,-28.3885 -50.7127,-28.4346 -50.7382,-28.5104 -50.7266,-28.5998 -50.6829,-28.6268 -50.6744,-28.6475 -50.6854,-28.7051 -50.6744,-28.7390 -50.7050,-28.7951 -50.6043,-28.8101
4302352|-51.3321,-29.4096 -51.3999,-29.4170 -51.4035,-29.4335 -51.3875,-29.5027 -51.3965,-29.5250 -51.3762,-29.5524 -51.3365,-29.5162 -51.3401,-29.4736 -51.3301,-29.4272 -51.3321,-29.4096
4302378|-53.8109,-27.5763 -53.8112,-27.4984 -53.8273,-27.4892 -53.8611,-27.4991 -53.9063,-27.5298 -53.8900,-27.5614 -53.8977,-27.5953 -53.8385,-27.5936 -53.8109,-27.5763
4302402|-51.9517,-29.6090 -51.9699,-29.6336 -51.9823,-29.6605 -51.9542,-29.7128 -51.8735,-29.6426 -51.8734,-29.5735 -51.8827,-29.5602 -51.9517,-29.6090
4302451|-52.4623,-29.3740 -52.4434,-29.3464 -52.3772,-29.3581 -52.3150,-29.3924 -52.3004,-29.3554 -52.3025,-29.3098 -52.2895,-29.2882 -52.4175,-29.2359 -52.4364,-29.2140 -52.4564,-29.2403 -52.5010,-29.2473 -52.5255,-29.2631 -52.5351,-29.3290 -52.4897,-29.3442 -52.4623,-29.3740
4302501|-55.3160,-28.6576 -55.2554,-28.6827 -55.2230,-28.6693 -55.1830,-28.7492 -55.1554,-28.7367 -55.1121,-28.7425 -55.0078,-28.7965 -54.9606,-28.8084 -54.8593,-28.8322 -54.8159,-28.8685 -54.7716,-28.8717 -54.7079,-28.8367 -54.7143,-28.7952 -54.6755,-28.7377 -54.6713,-28.7160 -54.6888,-28.6776 -54.6772,-28.6345 -54.7228,-28.6254 -54.7294,-28.5866 -54.7523,-28.6103 -54.8208,-28.6203 -54.8451,-28.5858 -54.9102,-28.5850 -54.9271,-28.5593 -54.9050,-28.5254 -54.9080,-28.4976 -55.0160,-28.4789 -55.0385,-28.4858 -55.1029,-28.4640 -55.1280,-28.4649 -55.1638,-28.4277 -55.1875,-28.4422 -55.1931,-28.5175 -55.2057,-28.5437 -55.2389,-28.5493 -55.2316,-28.5790 -55.2536,-28.6363 -55.3160,-28.6576
4302584|-53.7132,-28.2979 -53.7503,-28.2859 -53.8111,-28.2848 -53.8197,-28.3689 -53.8360,-28.3884 -53.7775,-28.4365 -53.7592,-28.4371 -53.7482,-28.4199 -53.6829,-28.3918 -53.6595,-28.3194 -53.6680,-28.3010 -53.7132,-28.2979
4302600|-53.8109,-27.5763 -53.7923,-27.6027 -53.7604,-27.6132 -53.7447,-27.6560 -53.7337,-27.6619 -53.6947,-27.6399 -53.6731,-27.6058 -53.6812,-27.5480 -53.7221,-27.5510 -53.8112,-27.4984 -53.8109,-27.5763
4302659|-51.6627,-29.5901 -51.6081,-29.5922 -51.5757,-29.6130 -51.5708,-29.5507 -51.5882,-29.4768 -51.6018,-29.4757 -51.6694,-29.4809 -51.6908,-29.5008 -51.6650,-29.5008 -51.6627,-29.5901
4302709|-52.0069,-29.9496 -52.0155,-30.0418 -51.9706,-30.0278 -51.9801,-30.0672 -52.0173,-30.1394 -51.9935,-30.2003 -52.0796,-30.2165 -52.1084,-30.1907 -52.1588,-30.1913 -52.1363,-30.2276 -52.1747,-30.2809 -52.1632,-30.3222 -52.1798,-30.3864 -52.1587,-30.4427 -52.0963,-30.4051 -52.0371,-30.3974 -52.0323,-30.3462 -52.0135,-30.3262 -51.9850,-30.2489 -51.9266,-30.2269 -51.9224,-30.2094 -51.8594,-30.1753 -51.8577,-30.1321 -51.8337,-30.1139 -51.9124,-30.0547 -51.8870,-30.0296 -51.8580,-30.0387 -51.8475,-29.9701 -51.7822,-29.9594 -51.8681,-29.9600 -51.9661,-29.9378 -52.0069,-29.9496
4302808|-53.6672,-30.8427 -53.6472,-30.8692 -53.6020,-30.8676 -53.5573,-30.9423 -53.5017,-30.9408 -53.4431,-30.9642 -53.4176,-30.9648 -53.4091,-30.9223 -53.4319,-30.8860 -53.4087,-30.8386 -53.4136,-30.8051 -53.3625,-30.7756 -53.2598,-30.7859 -53.2166,-30.7690 -53.2109,-30.7274 -53.2095,-30.7273 -53.1806,-30.6935 -53.1872,-30.6519 -53.2194,-30.6239 -53.2475,-30.5797 -53.2275,-30.5699 -53.2158,-30.5202 -53.2315,-30.4737 -53.2135,-30.4509 -53.1996,-30.4045 -53.1705,-30.3738 -53.1844,-30.3141 -53.2680,-30.3453 -53.3365,-30.3188 -53.3518,-30.2485 -53.3069,-30.1727 -53.3033,-30.1388 -53.3186,-30.1433 -53.3901,-30.2131 -53.4730,-30.2723 -53.4661,-30.3285 -53.5276,-30.4032 -53.5477,-30.3630 -53.6140,-30.3778 -53.6560,-30.4323 -53.7214,-30.4224 -53.7114,-30.4803 -53.7452,-30.5137 -53.7407,-30.5628 -53.7984,-30.6309 -53.7973,-30.7057 -53.8182,-30.7394 -53.8052,-30.7879 -53.7685,-30.7978 -53.7473,-30.7726 -53.6672,-30.8427
4302907|-54.3292,-29.9275 -54.3166,-29.8894 -54.2866,-29.8613 -54.2649,-29.8154 -54.3050,-29.7369 -54.3405,-29.7274 -54.4409,-29.7471 -54.4920,-29.7425 -54.5462,-29.7798 -54.5669,-29.8100 -54.5999,-29.8212 -54.6757,-29.8079 -54.7051,-29.8297 -54.7901,-29.8301 -54.8321,-29.8559 -54.8814,-29.8068 -54.9581,-29.7778 -55.0414,-29.7847 -55.0556,-29.7671 -55.0954,-29.7770 -55.1217,-29.7670 -55.1142,-29.8013 -55.1510,-29.8284 -55.1486,-29.8700 -55.1944,-29.9155 -55.2296,-29.9294 -55.2452,-29.9879 -55.2690,-30.0384 -55.3131,-30.0813 -55.1880,-30.0790 -55.1782,-30.0458 -55.1011,-30.0535 -55.0771,-30.1243 -55.0605,-30.1449 -55.0072,-30.1303 -54.9716,-30.0871 -54.9185,-30.0711 -54.8916,-30.1000 -54.8172,-30.1079 -54.7896,-30.0943 -54.7550,-30.0210 -54.7030,-30.0290 -54.6596,-30.0321 -54.5859,-29.9625 -54.5001,-29.9331 -54.4704,-29.9590 -54.4007,-29.9391 -54.3292,-29.9275
4303004|-52.6574,-30.2094 -52.6722,-30.1618 -52.6754,-30.0791 -52.6907,-30.0612 -52.6437,-29.9945 -52.6847,-29.9863 -52.7101,-29.9570 -52.7053,-29.9172 -52.7413,-29.9047 -52.7877,-29.9049 -52.8184,-29.9230 -52.8514,-29.9105 -52.8997,-29.8461 -52.9238,-29.8314 -52.9642,-29.8341 -52.9992,-29.8085 -53.0582,-29.8234 -53.0785,-29.7936 -53.1095,-29.8522 -53.1199,-29.9198 -53.0945,-29.9276 -53.0954,-29.9670 -53.1257,-29.9683 -53.1672,-29.9948 -53.1947,-30.0429 -53.2450,-30.0908 -53.2626,-30.0905 -53.3033,-30.1388 -53.3069,-30.1727 -53.3518,-30.2485 -53.3365,-30.3188 -53.2680,-30.3453 -53.1844,-30.3141 -53.1705,-30.3738 -53.1996,-30.4045 -53.2135,-30.4509 -53.1858,-30.4905 -53.1892,-30.5323 -53.1555,-30.5466 -53.0895,-30.6352 -53.0354,-30.6713 -52.9886,-30.6777 -52.9715,-30.6555 -52.9726,-30.6032 -52.9294,-30.6053 -52.9059,-30.5742 -52.9118,-30.5433 -52.8839,-30.4846 -52.8920,-30.4503 -52.8703,-30.4143 -52.8807,-30.3517 -52.8385,-30.3345 -52.7632,-30.3430 -52.7266,-30.3608 -52.6898,-30.3413 -52.6884,-30.2727 -52.6574,-30.2094
4303103|-51.1274,-29.9545 -51.0865,-29.9709 -51.0740,-29.9670 -51.0659,-29.8910 -51.1008,-29.8685 -51.1013,-29.8687 -51.1231,-29.8664 -51.1060,-29.9024 -51.1274,-29.9545
4303202|-51.6080,-27.8820 -51.6010,-27.7867 -51.6344,-27.7390 -51.6947,-27.6999 -51.7010,-27.6899 -51.7090,-27.7037 -51.6746,-27.7298 -51.7173,-27.7733 -51.7519,-27.7815 -51.7651,-27.7998 -51.7643,-27.8454 -51.7320,-27.8903 -51.6963,-27.9023 -51.6642,-27.8689 -51.6236,-27.8606 -51.6080,-27.8820
4303301|-54.7884,-28.3626 -54.7284,-28.3634 -54.6988,-28.3379 -54.6754,-28.3930 -54.6345,-28.4317 -54.6015,-28.4363 -54.5724,-28.3635 -54.5521,-28.3636 -54.5453,-28.3312 -54.5730,-28.2986 -54.5852,-28.2963 -54.6196,-28.2773 -54.6790,-28.2753 -54.6989,-28.2555 -54.7598,-28.2474 -54.7480,-28.3053 -54.7884,-28.3626
4303400|-53.4877,-27.2903 -53.4027,-27.3205 -53.3551,-27.2682 -53.3493,-27.2396 -53.4008,-27.2365 -53.4471,-27.1998 -53.4882,-27.1938 -53.5182,-27.2022 -53.5478,-27.1764 -53.5997,-27.1894 -53.5540,-27.2377 -53.4877,-27.2903
4303509|-52.0998,-30.9091 -52.0557,-30.9270 -52.0334,-30.9166 -51.9755,-30.9234 -51.9415,-30.9437 -51.8823,-30.9123 -51.8549,-31.0041 -51.8105,-31.0298 -51.8173,-31.0475 -51.7895,-31.1236 -51.8204,-31.1591 -51.7898,-31.1764 -51.7803,-31.2334 -51.8117,-31.2857 -51.7571,-31.2861 -51.7067,-31.2656 -51.6391,-31.2707 -51.6413,-31.1877 -51.6287,-31.1530 -51.6020,-31.1317 -51.5378,-31.1150 -51.6052,-31.0478 -51.5918,-30.9848 -51.6002,-30.9532 -51.6570,-30.8924 -51.7252,-30.8818 -51.7442,-30.8390 -51.6935,-30.8131 -51.6348,-30.7501 -51.6977,-30.7453 -51.6972,-30.6904 -51.7437,-30.6817 -51.7457,-30.6573 -51.8007,-30.6287 -51.8166,-30.6488 -51.8716,-30.6090 -51.8983,-30.5717 -51.9048,-30.5767 -51.9723,-30.6379 -51.9792,-30.6605 -51.9373,-30.7108 -51.9182,-30.7550 -51.9509,-30.8006 -51.9359,-30.8479 -51.9892,-30.8437 -52.0045,-30.8574 -52.0616,-30.8559 -52.0980,-30.8405 -52.1201,-30.8842 -52.0998,-30.9091
4303558|-52.2494,-28.6624 -52.2032,-28.6736 -52.1560,-28.6517 -52.1389,-28.6327 -52.1799,-28.5621 -52.2354,-28.5484 -52.2521,-28.5870 -52.3058,-28.6015 -52.2883,-28.6423 -52.2494,-28.6624
4303608|-49.9509,-28.8935 -49.9887,-28.8972 -50.0227,-28.8624 -50.1281,-28.8206 -50.1935,-28.8395 -50.1826,-28.8836 -50.1594,-28.9065 -50.1907,-28.9297 -50.2450,-28.9338 -50.2452,-28.9584 -50.2702,-29.0144 -50.2298,-29.0210 -50.2262,-29.0426 -50.1888,-29.0724 -50.2033,-29.1033 -50.2406,-29.1023 -50.2707,-29.1376 -50.3369,-29.1097 -50.3575,-29.1171 -50.3569,-29.1905 -50.3244,-29.2219 -50.3326,-29.2395 -50.2870,-29.2955 -50.1998,-29.2570 -50.1446,-29.2702 -50.1456,-29.1978 -50.1078,-29.2110 -50.0180,-29.1628 -49.9576,-29.0682 -49.9660,-29.0217 -49.9337,-28.9658 -49.9557,-28.9489 -49.9509,-28.8935
4303673|-51.1605,-28.8740 -51.1245,-28.8769 -51.0956,-28.8411 -51.0479,-28.8621 -50.9629,-28.7945 -50.9584,-28.7903 -50.9751,-28.7452 -50.9975,-28.7362 -51.0163,-28.6823 -51.0252,-28.6243 -51.0708,-28.6213 -51.1178,-28.5557 -51.1524,-28.5649 -51.1925,-28.5907 -51.2557,-28.5886 -51.2167,-28.6202 -51.1674,-28.6286 -51.1428,-28.6711 -51.1596,-28.6993 -51.2073,-28.7145 -51.1759,-28.8172 -51.1767,-28.8575 -51.1605,-28.8740
4303707|-54.8666,-28.0094 -54.8095,-28.0228 -54.8081,-28.0467 -54.7502,-28.0429 -54.7382,-28.0586 -54.7178,-28.0101 -54.7178,-27.9852 -54.7618,-27.9801 -54.7871,-27.9357 -54.8188,-27.9156 -54.8284,-27.8703 -54.8545,-27.8761 -54.8922,-27.8552 -54.8910,-27.9097 -54.9398,-27.9302 -54.9409,-27.9469 -54.8666,-28.0094
4303806|-52.5737,-27.6807 -52.6699,-27.6850 -52.6913,-27.6508 -52.7400,-27.6264 -52.7601,-27.6909 -52.7471,-27.7467 -52.6800,-27.7959 -52.6455,-27.8527 -52.5915,-27.8197 -52.5596,-27.7149 -52.5636,-27.6892 -52.5737,-27.6807
4303905|-51.0978,-29.6438 -51.0757,-29.6861 -51.0805,-29.7155 -50.9962,-29.7063 -51.0138,-29.6958 -51.0073,-29.6504 -51.0395,-29.6488 -51.0558,-29.6156 -51.0625,-29.6471 -51.0978,-29.6438
4304002|-53.9175,-27.6924 -53.8901,-27.7224 -53.8436,-27.7289 -53.8216,-27.7639 -53.7802,-27.7548 -53.7744,-27.7071 -53.7447,-27.6560 -53.7604,-27.6132 -53.7923,-27.6027 -53.8109,-27.5763 -53.8385,-27.5936 -53.8977,-27.5953 -53.8813,-27.6702 -53.9175,-27.6924
4304101|-53.0164,-28.9466 -53.0079,-28.9201 -52.9757,-28.9136 -52.9305,-28.9341 -52.9197,-28.9133 -52.9643,-28.8699 -53.0609,-28.8297 -53.0793,-28.8625 -53.1239,-28.8471 -53.1554,-28.9019 -53.1300,-28.9406 -53.1290,-28.9872 -53.0757,-28.9616 -53.0335,-28.9683 -53.0164,-28.9466
4304200|-52.5993,-29.7379 -52.6919,-29.7132 -52.7093,-29.6628 -52.7416,-29.6500 -52.7401,-29.6203 -52.7645,-29.6028 -52.7363,-29.5473 -52.7507,-29.5037 -52.7982,-29.4955 -52.8490,-29.5116 -52.9625,-29.5155 -52.9797,-29.5568 -52.9444,-29.6467 -52.9297,-29.7192 -52.9275,-29.7711 -52.8997,-29.8461 -52.8514,-29.9105 -52.8184,-29.9230 -52.7877,-29.9049 -52.7413,-29.9047 -52.7549,-29.8426 -52.7410,-29.8043 -52.7037,-29.7927 -52.5811,-29.7937 -52.5742,-29.7708 -52.5993,-29.7379
4304309|-54.6162,-27.9364 -54.6854,-27.8893 -54.7142,-27.8661 -54.7803,-27.8631 -54.8316,-27.8413 -54.8284,-27.8703 -54.8188,-27.9156 -54.7871,-27.9357 -54.7618,-27.9801 -54.7178,-27.9852 -54.7178,-28.0101 -54.6158,-28.0117 -54.6162,-27.9364
4304358|-53.6228,-31.6050 -53.5783,-31.5372 -53.6015,-31.4605 -53.5730,-31.4424 -53.5609,-31.4075 -53.6155,-31.3853 -53.6508,-31.3381 -53.7653,-31.3122 -53.8009,-31.3739 -53.7812,-31.4386 -53.8326,-31.4702 -53.8219,-31.5152 -53.8391,-31.5511 -53.8493,-31.6251 -53.8809,-31.6624 -53.9142,-31.7606 -53.9058,-31.8079 -53.9139,-31.8551 -53.8362,-31.8284 -53.8001,-31.7875 -53.7993,-31.7611 -53.7705,-31.7472 -53.7644,-31.7104 -53.7719,-31.6506 -53.7180,-31.6453 -53.6688,-31.5914 -53.6228,-31.6050
4304408|-50.8901,-29.2878 -50.8569,-29.3049 -50.8421,-29.3597 -50.8527,-29.3790 -50.8334,-29.4122 -50.7885,-29.4390 -50.7218,-29.4041 -50.6848,-29.4069 -50.6575,-29.4221 -50.6446,-29.3822 -50.6824,-29.3596 -50.6752,-29.3356 -50.7430,-29.3270 -50.7631,-29.2762 -50.7968,-29.2769 -50.8593,-29.2476 -50.8901,-29.2878
4304507|-52.4269,-30.9151 -52.4767,-30.9106 -52.5210,-30.9335 -52.6334,-30.9516 -52.6748,-30.9074 -52.7475,-30.8959 -52.8660,-30.9224 -52.8737,-30.9609 -52.9060,-31.0118 -52.9307,-31.0693 -52.9228,-31.1785 -52.9091,-31.2246 -52.9210,-31.2462 -52.9075,-31.3168 -52.9347,-31.3848 -52.9184,-31.3982 -52.9366,-31.4373 -52.9592,-31.4460 -52.9912,-31.5595 -52.9289,-31.6108 -52.9402,-31.6445 -52.9034,-31.6721 -52.8536,-31.5961 -52.8015,-31.6098 -52.7330,-31.6020 -52.7097,-31.6114 -52.6602,-31.5799 -52.6122,-31.5040 -52.5010,-31.3282 -52.4790,-31.3222 -52.4227,-31.3363 -52.4397,-31.2814 -52.4753,-31.2450 -52.4042,-31.1481 -52.3671,-31.1362 -52.3549,-31.1092 -52.2891,-31.0886 -52.2789,-31.0413 -52.2449,-30.9853 -52.2494,-30.8838 -52.3120,-30.8873 -52.3673,-30.9095 -52.4269,-30.9151
4304606|-51.1274,-29.9545 -51.1060,-29.9024 -51.1231,-29.8664 -51.2316,-29.8623 -51.2496,-29.8841 -51.2335,-29.9387 -51.2009,-29.9715 -51.1274,-29.9545
4304614|-52.3004,-29.3554 -52.1924,-29.3608 -52.1636,-29.3287 -52.1878,-29.2865 -52.2426,-29.3135 -52.2895,-29.2882 -52.3025,-29.3098 -52.3004,-29.3554
4304622|-51.3500,-27.9987 -51.3774,-28.0158 -51.4255,-28.0682 -51.4596,-28.0560 -51.5120,-28.0592 -51.4938,-28.1378 -51.5104,-28.1702 -51.4496,-28.2362 -51.4663,-28.2837 -51.4674,-28.3293 -51.4315,-28.3406 -51.4140,-28.2948 -51.3887,-28.2959 -51.3840,-28.2407 -51.3273,-28.2201 -51.2954,-28.1906 -51.2555,-28.1765 -51.2444,-28.1538 -51.2609,-28.1344 -51.2553,-28.0921 -51.2775,-28.0632 -51.3437,-28.0380 -51.3500,-27.9987
4304630|-50.0176,-29.7725 -49.9337,-29.6251 -49.9943,-29.6201 -50.0491,-29.6537 -50.0222,-29.6912 -50.0550,-29.7617 -50.0176,-29.7725
4304655|-54.3777,-29.0045 -54.4344,-28.9030 -54.4922,-28.8678 -54.5284,-28.8672 -54.5651,-28.8376 -54.5905,-28.7848 -54.6173,-28.7533 -54.6528,-28.7405 -54.6713,-28.7160 -54.6755,-28.7377 -54.7143,-28.7952 -54.7079,-28.8367 -54.7716,-28.8717 -54.8159,-28.8685 -54.7772,-28.9024 -54.7526,-28.9410 -54.7106,-28.9544 -54.7044,-29.0060 -54.6735,-29.0503 -54.6464,-29.0474 -54.6410,-29.1338 -54.5889,-29.1220 -54.5726,-29.1538 -54.5274,-29.1784 -54.5117,-29.1569 -54.4552,-29.1276 -54.4329,-29.0900 -54.4600,-29.0696 -54.3777,-29.0045
4304663|-52.3729,-31.8001 -52.4273,-31.7327 -52.5793,-31.6819 -52.6203,-31.7276 -52.6690,-31.7384 -52.7366,-31.7406 -52.7460,-31.7759 -52.7346,-31.8133 -52.6620,-31.8792 -52.6653,-31.9000 -52.6628,-31.9007 -52.6117,-31.9193 -52.6051,-31.9382 -52.5135,-31.9540 -52.5134,-31.9750 -52.4183,-32.0155 -52.4170,-31.9671 -52.3890,-31.9434 -52.3807,-31.9126 -52.4080,-31.8633 -52.3892,-31.8489 -52.3729,-31.8001
4304671|-50.5426,-30.2523 -50.5413,-30.2078 -50.5102,-30.2145 -50.4459,-30.2013 -50.4051,-30.2162 -50.3569,-30.1968 -50.3942,-30.1579 -50.3670,-30.0759 -50.4152,-30.1028 -50.4566,-30.0517 -50.6545,-30.0437 -50.6347,-30.0584 -50.6226,-30.1197 -50.6208,-30.1984 -50.5982,-30.1960 -50.5755,-30.2382 -50.5426,-30.2523
4304689|-51.3073,-29.7757 -51.2852,-29.7220 -51.2767,-29.6559 -51.3089,-29.6377 -51.3641,-29.6376 -51.3916,-29.6531 -51.4281,-29.6531 -51.4234,-29.6802 -51.4571,-29.7058 -51.4077,-29.7290 -51.4031,-29.7721 -51.3655,-29.7880 -51.3337,-29.7566 -51.3073,-29.7757
4304697|-52.0335,-29.3288 -51.9768,-29.3011 -51.9625,-29.3285 -51.9194,-29.2916 -51.9646,-29.2380 -51.9936,-29.2338 -52.0367,-29.2676 -52.0335,-29.3288
4304705|-52.6545,-28.1691 -52.7632,-28.2412 -52.8250,-28.1957 -52.8403,-28.2402 -52.8816,-28.2219 -52.9120,-28.1781 -52.9635,-28.1776 -53.0182,-28.2088 -53.0242,-28.2263 -53.0733,-28.2619 -53.1223,-28.2553 -53.1197,-28.2977 -53.0999,-28.2788 -53.0432,-28.3050 -53.0017,-28.3679 -52.9550,-28.3339 -52.9398,-28.3797 -52.9227,-28.3728 -52.8376,-28.3863 -52.7743,-28.3708 -52.7582,-28.3437 -52.7178,-28.3368 -52.7086,-28.2875 -52.6735,-28.2702 -52.6081,-28.2338 -52.6075,-28.2056 -52.6316,-28.1702 -52.6545,-28.1691
4304713|-50.4040,-29.7060 -50.4345,-29.7511 -50.4672,-29.7722 -50.4200,-29.8308 -50.3725,-29.8583 -50.2762,-29.8348 -50.2536,-29.8017 -50.2559,-29.7571 -50.2233,-29.7259 -50.2746,-29.7076 -50.3156,-29.6784 -50.3586,-29.7158 -50.4040,-29.7060
4304804|-51.3527,-29.3331 -51.3540,-29.2909 -51.4388,-29.2907 -51.4611,-29.2550 -51.4911,-29.2602 -51.5410,-29.2749 -51.5457,-29.2928 -51.6319,-29.2935 -51.6309,-29.3333 -51.6458,-29.3713 -51.6168,-29.3779 -51.5610,-29.3742 -51.5206,-29.3509 -51.3981,-29.3516 -51.3505,-29.3519 -51.3527,-29.3331
4304853|-51.9822,-27.7204 -51.9630,-27.7492 -51.9247,-27.7522 -51.8810,-27.7198 -51.8928,-27.6791 -51.8964,-27.6522 -51.9735,-27.6730 -51.9822,-27.7204
4304903|-52.0665,-28.6144 -51.9965,-28.6105 -51.9944,-28.6725 -51.8482,-28.6635 -51.8396,-28.6520 -51.8528,-28.6436 -51.8537,-28.5904 -51.9158,-28.5616 -51.9165,-28.5103 -51.9254,-28.5204 -52.0198,-28.5281 -52.0352,-28.5459 -52.0903,-28.5357 -52.0987,-28.5480 -52.0930,-28.6159 -52.0665,-28.6144
4304952|-51.7052,-28.3127 -51.6655,-28.3239 -51.6277,-28.2799 -51.6357,-28.2525 -51.6577,-28.1734 -51.6937,-28.1500 -51.6924,-28.1905 -51.7358,-28.2140 -51.7905,-28.1941 -51.7985,-28.2129 -51.8464,-28.2389 -51.8915,-28.2117 -51.9137,-28.2413 -51.8844,-28.2608 -51.8575,-28.2523 -51.8083,-28.2499 -51.8215,-28.2980 -51.7643,-28.2881 -51.7488,-28.3080 -51.7052,-28.3127
4305009|-53.9100,-28.1154 -53.9045,-28.0828 -53.9286,-28.0618 -53.9709,-28.0667 -53.9929,-28.0485 -54.0343,-27.9847 -54.0782,-28.0063 -54.1399,-28.0187 -54.0753,-28.0539 -54.0691,-28.1078 -54.1221,-28.1149 -54.1802,-28.1382 -54.1308,-28.1831 -54.1070,-28.2416 -54.1046,-28.2777 -54.1299,-28.2857 -54.1438,-28.3366 -54.1331,-28.3554 -54.0667,-28.3423 -54.0661,-28.3049 -54.0330,-28.2754 -53.9689,-28.2895 -53.9611,-28.2385 -53.9294,-28.2381 -53.9166,-28.2145 -53.9100,-28.1154
4305108|-51.1121,-29.0327 -51.1114,-29.0803 -51.1450,-29.0904 -51.3081,-29.0882 -51.2935,-29.1134 -51.2887,-29.2454 -51.2657,-29.2459 -51.2667,-29.2951 -51.2165,-29.3367 -51.2123,-29.3586 -51.1805,-29.3262 -51.1369,-29.3388 -51.1190,-29.3083 -51.0886,-29.2909 -51.0491,-29.3077 -51.0323,-29.2943 -50.9854,-29.3208 -50.9418,-29.2835 -50.8901,-29.2878 -50.8593,-29.2476 -50.8360,-29.1860 -50.8424,-29.1272 -50.9043,-29.1160 -50.8931,-29.0668 -50.8229,-29.0543 -50.7827,-29.0001 -50.8104,-28.9594 -50.8113,-28.8852 -50.8499,-28.8327 -50.8847,-28.8389 -50.8907,-28.8063 -50.9629,-28.7945 -51.0479,-28.8621 -51.0956,-28.8411 -51.1245,-28.8769 -51.0738,-28.8870 -51.0365,-28.9215 -50.9575,-28.9610 -50.9307,-29.0242 -50.9897,-29.0225 -51.1057,-29.0402 -51.1121,-29.0327
4305116|-51.9247,-27.7522 -51.9630,-27.7492 -51.9822,-27.7204 -52.0013,-27.6945 -52.0266,-27.7317 -52.0781,-27.7789 -52.0847,-27.8006 -52.0827,-27.8185 -51.9500,-27.8268 -51.9397,-27.7908 -51.9247,-27.7522
4305124|-52.8256,-31.8582 -52.7736,-31.8733 -52.7076,-31.8699 -52.6653,-31.9000 -52.6620,-31.8792 -52.7346,-31.8133 -52.7460,-31.7759 -52.7366,-31.7406 -52.7118,-31.7112 -52.6988,-31.6367 -52.7097,-31.6114 -52.7330,-31.6020 -52.8015,-31.6098 -52.8536,-31.5961 -52.9034,-31.6721 -52.9008,-31.7227 -52.8676,-31.7718 -52.8666,-31.8076 -52.8256,-31.8582
4305132|-53.0420,-29.6753 -52.9989,-29.7007 -52.9297,-29.7192 -52.9444,-29.6467 -52.9797,-29.5568 -53.0292,-29.5532 -53.0581,-29.5696 -53.0613,-29.6048 -53.0420,-29.6753
4305157|-53.1005,-27.6464 -53.1011,-27.6073 -53.1187,-27.5885 -53.1480,-27.6052 -53.1840,-27.5877 -53.2063,-27.6001 -53.2199,-27.6527 -53.1833,-27.6703 -53.1551,-27.6619 -53.1133,-27.6502 -53.1005,-27.6464
4305173|-51.8983,-30.5717 -51.8716,-30.6090 -51.8166,-30.6488 -51.8007,-30.6287 -51.7457,-30.6573 -51.7437,-30.6817 -51.6972,-30.6904 -51.6488,-30.6137 -51.6632,-30.5897 -51.6576,-30.5187 -51.6951,-30.5269 -51.7570,-30.5228 -51.7588,-30.5050 -51.7670,-30.4668 -51.8983,-30.5717
4305207|-54.7951,-28.1763 -54.7457,-28.2080 -54.7101,-28.2082 -54.6760,-28.2266 -54.6344,-28.2074 -54.6954,-28.1599 -54.6968,-28.0675 -54.7382,-28.0586 -54.7502,-28.0429 -54.8081,-28.0467 -54.8055,-28.1268 -54.7951,-28.1763
4305306|-52.9635,-28.1776 -52.9777,-28.1315 -53.0122,-28.0972 -52.9995,-28.0621 -53.0165,-28.0372 -53.0323,-27.9618 -53.0575,-27.9416 -53.0721,-27.9237 -53.1563,-27.9433 -53.1926,-27.9938 -53.2380,-28.0030 -53.2293,-28.0353 -53.1910,-28.0451 -53.2089,-28.0740 -53.3017,-28.0809 -53.2878,-28.1102 -53.2492,-28.1423 -53.2556,-28.1644 -53.2234,-28.1464 -53.1846,-28.1843 -53.1541,-28.2305 -53.1223,-28.2553 -53.0733,-28.2619 -53.0242,-28.2263 -53.0182,-28.2088 -52.9635,-28.1776
4305355|-51.4348,-29.9832 -51.4622,-29.9490 -51.5070,-29.9275 -51.6279,-29.9462 -51.6539,-29.9961 -51.6817,-30.0107 -51.6612,-30.0477 -51.6205,-30.0611 -51.6004,-30.0136 -51.5378,-30.0485 -51.4960,-30.0376 -51.4495,-30.0098 -51.4348,-29.9832
4305371|-51.9294,-27.9906 -51.9097,-27.9524 -51.9383,-27.8845 -52.0176,-27.8813 -52.0509,-27.9063 -52.0824,-27.9063 -52.0914,-27.9359 -52.0892,-27.9769 -51.9945,-28.0143 -51.9628,-27.9812 -51.9345,-27.9997 -51.9294,-27.9906
4305405|-54.0343,-27.9847 -53.9929,-28.0485 -53.9709,-28.0667 -53.9286,-28.0618 -53.9045,-28.0828 -53.9100,-28.1154 -53.8682,-28.0789 -53.8142,-28.0557 -53.7771,-28.0400 -53.7490,-27.9926 -53.7980,-27.9850 -53.8457,-27.9552 -53.8978,-27.8953 -53.9534,-27.8515 -53.9990,-27.9169 -54.0291,-27.9470 -54.0343,-27.9847
4305439|-53.5228,-33.6893 -53.4395,-33.6935 -53.4220,-33.7438 -53.3005,-33.6618 -53.3584,-33.6160 -53.4142,-33.5606 -53.4780,-33.6165 -53.5228,-33.6893
4305447|-52.0980,-30.8405 -52.0616,-30.8559 -52.0045,-30.8574 -51.9892,-30.8437 -51.9359,-30.8479 -51.9509,-30.8006 -51.9182,-30.7550 -51.9373,-30.7108 -51.9792,-30.6605 -51.9828,-30.6989 -52.0182,-30.7296 -52.0623,-30.7385 -52.0881,-30.7890 -52.0980,-30.8405
4305454|-50.1703,-30.0971 -50.2107,-30.0833 -50.1998,-30.0404 -50.2570,-30.0653 -50.2736,-30.0438 -50.3068,-30.0673 -50.3487,-30.0532 -50.3670,-30.0759 -50.3942,-30.1579 -50.3463,-30.1596 -50.3072,-30.1466 -50.2569,-30.1728 -50.2505,-30.2283 -50.2241,-30.2363 -50.1703,-30.0971
4305504|-51.8575,-28.2523 -51.8844,-28.2608 -51.9137,-28.2413 -51.9461,-28.2442 -51.9682,-28.2783 -52.0199,-28.3026 -51.9638,-28.3312 -51.9911,-28.4394 -51.9267,-28.4764 -51.9202,-28.4942 -51.9124,-28.4843 -51.9060,-28.4674 -51.9073,-28.4116 -51.8767,-28.3789 -51.8334,-28.3569 -51.8176,-28.3385 -51.8321,-28.2895 -51.8575,-28.2523
4305587|-51.9089,-29.3521 -51.8738,-29.3870 -51.9093,-29.4168 -51.9496,-29.4157 -51.9327,-29.4256 -51.8424,-29.4240 -51.7983,-29.3897 -51.8396,-29.3801 -51.8393,-29.3437 -51.9089,-29.3521
4305603|-53.0792,-28.4925 -53.0457,-28.5482 -53.0180,-28.5632 -53.0175,-28.5892 -52.9625,-28.5766 -52.9270,-28.5847 -52.9206,-28.5401 -52.9462,-28.4963 -52.9267,-28.4018 -52.9398,-28.3797 -52.9550,-28.3339 -53.0017,-28.3679 -53.0085,-28.3845 -53.0576,-28.3969 -53.0478,-28.4259 -53.0792,-28.4925
4305702|-53.3115,-28.1951 -53.3500,-28.1555 -53.3530,-28.1287 -53.4030,-28.1362 -53.4118,-28.0874 -53.4759,-28.0881 -53.5071,-28.1467 -53.5268,-28.0659 -53.5855,-28.0391 -53.6228,-28.0926 -53.6199,-28.1457 -53.6208,-28.2062 -53.6407,-28.2577 -53.6389,-28.2704 -53.5361,-28.2264 -53.4005,-28.2423 -53.3493,-28.2410 -53.3115,-28.1951
4305801|-53.0751,-27.6752 -53.0246,-27.7264 -53.0248,-27.7603 -52.9844,-27.7905 -52.9348,-27.7662 -52.9122,-27.7383 -52.9461,-27.7187 -52.9576,-27.6859 -52.9061,-27.6721 -52.9188,-27.6091 -52.9465,-27.5882 -52.9516,-27.6257 -52.9990,-27.6098 -53.0548,-27.6450 -53.1005,-27.6464 -53.1133,-27.6502 -53.0751,-27.6752
4305835|-52.1587,-29.2139 -52.1134,-29.2328 -52.0744,-29.1964 -52.0180,-29.1673 -52.1220,-29.1484 -52.1516,-29.0878 -52.1951,-29.1168 -52.1852,-29.1646 -52.1587,-29.2139
4305850|-52.8250,-28.1957 -52.7632,-28.2412 -52.6545,-28.1691 -52.6602,-28.1226 -52.6879,-28.1149 -52.7242,-28.0596 -52.7553,-28.0365 -52.8282,-28.0292 -52.8661,-28.0694 -52.8063,-28.1219 -52.8274,-28.1632 -52.8250,-28.1957
4305871|-53.9821,-28.4419 -53.9846,-28.3469 -53.9971,-28.3343 -54.0667,-28.3423 -54.1331,-28.3554 -54.1088,-28.3741 -54.0933,-28.4260 -54.1486,-28.4328 -54.1390,-28.4659 -54.1280,-28.4901 -54.1098,-28.4682 -54.0473,-28.4707 -54.0211,-28.4222 -53.9821,-28.4419
4305900|-53.7802,-27.7548 -53.7475,-27.7691 -53.7232,-27.8453 -53.6908,-27.8773 -53.6877,-27.9298 -53.6242,-27.9454 -53.5942,-27.9143 -53.5458,-27.8940 -53.5119,-27.8171 -53.5605,-27.7438 -53.5805,-27.7122 -53.5798,-27.6809 -53.6323,-27.7090 -53.6893,-27.6732 -53.7337,-27.6619 -53.7447,-27.6560 -53.7744,-27.7071 -53.7802,-27.7548
4305934|-51.7800,-29.2989 -51.7435,-29.3092 -51.7009,-29.3043 -51.6500,-29.2939 -51.6464,-29.2538 -51.6767,-29.2469 -51.6848,-29.2126 -51.7500,-29.2081 -51.7548,-29.2606 -51.8015,-29.2598 -51.7800,-29.2989
4305959|-51.6817,-29.0890 -51.6518,-29.0142 -51.6293,-29.0207 -51.6177,-28.9833 -51.6275,-28.9275 -51.6937,-28.9318 -51.7809,-28.9375 -51.7600,-28.9965 -51.7375,-29.0191 -51.7140,-29.0907 -51.6955,-29.0973 -51.6817,-29.0890
4305975|-52.4894,-28.1201 -52.4651,-28.1676 -52.4107,-28.1749 -52.3360,-28.2006 -52.3034,-28.1916 -52.2772,-28.2283 -52.2333,-28.1771 -52.2040,-28.1766 -52.1646,-28.0736 -52.2139,-28.0647 -52.2407,-28.0792 -52.2892,-28.0772 -52.3264,-28.0289 -52.3756,-28.0432 -52.3819,-28.0812 -52.4770,-28.0656 -52.5070,-28.0361 -52.4894,-28.1201
4306007|-54.1989,-27.5589 -54.1376,-27.5637 -54.0708,-27.5508 -54.0722,-27.5761 -54.0464,-27.5808 -53.9924,-27.5220 -53.9814,-27.5242 -54.0376,-27.4521 -54.0945,-27.4475 -54.1845,-27.4123 -54.2174,-27.3850 -54.2675,-27.4043 -54.2839,-27.4478 -54.2608,-27.4673 -54.2575,-27.4989 -54.1989,-27.5589
4306056|-52.2449,-30.9853 -52.1420,-31.0060 -52.1167,-31.0177 -52.1365,-31.0491 -52.1136,-31.0759 -52.0887,-31.1468 -52.0561,-31.1603 -52.0146,-31.1320 -51.9967,-31.1000 -51.9583,-31.1067 -51.9246,-31.0458 -51.8758,-31.0436 -51.8381,-31.0997 -51.7895,-31.1236 -51.8173,-31.0475 -51.8105,-31.0298 -51.8549,-31.0041 -51.8823,-30.9123 -51.9415,-30.9437 -51.9755,-30.9234 -52.0334,-30.9166 -52.0557,-30.9270 -52.0998,-30.9091 -52.1358,-30.8998 -52.1748,-30.9119 -52.2494,-30.8838 -52.2449,-30.9853
4306072|-53.2468,-27.4958 -53.2068,-27.4530 -53.1830,-27.4091 -53.2024,-27.4127 -53.2617,-27.3739 -53.2877,-27.3964 -53.3095,-27.4292 -53.2739,-27.4812 -53.2468,-27.4958
4306106|-53.4205,-28.5898 -53.4640,-28.5536 -53.5129,-28.5706 -53.5728,-28.5263 -53.6098,-28.5259 -53.7055,-28.4808 -53.6949,-28.5101 -53.7812,-28.5496 -53.7481,-28.5726 -53.7170,-28.6376 -53.7387,-28.6553 -53.7218,-28.7094 -53.7451,-28.7592 -53.7959,-28.8028 -53.7635,-28.8613 -53.7344,-28.8647 -53.6833,-28.9013 -53.6678,-28.9377 -53.6063,-28.9387 -53.5682,-28.9543 -53.5458,-28.8834 -53.5539,-28.8425 -53.5856,-28.7926 -53.5779,-28.7622 -53.5471,-28.7439 -53.5142,-28.7738 -53.4640,-28.7373 -53.3997,-28.7809 -53.3638,-28.7741 -53.3309,-28.7858 -53.2908,-28.7259 -53.2608,-28.7298 -53.2407,-28.6821 -53.3051,-28.6373 -53.3387,-28.6041 -53.4106,-28.6033 -53.4205,-28.5898
4306130|-52.7400,-27.6264 -52.6913,-27.6508 -52.6699,-27.6850 -52.5737,-27.6807 -52.5594,-27.6790 -52.5573,-27.6028 -52.6199,-27.5826 -52.6703,-27.5795 -52.7342,-27.5910 -52.7400,-27.6264
4306205|-52.1012,-29.5485 -52.0329,-29.5955 -52.0093,-29.6246 -51.9699,-29.6336 -51.9517,-29.6090 -52.0001,-29.5840 -51.9699,-29.4987 -52.0479,-29.4693 -52.0535,-29.4847 -52.1422,-29.4841 -52.1069,-29.4976 -52.1012,-29.5485
4306304|-51.9060,-28.4674 -51.8844,-28.4581 -51.7826,-28.4717 -51.7603,-28.4493 -51.7220,-28.4364 -51.7044,-28.3794 -51.7166,-28.3697 -51.7857,-28.3819 -51.8334,-28.3569 -51.8767,-28.3789 -51.9073,-28.4116 -51.9060,-28.4674
4306320|-54.0550,-27.2640 -54.0255,-27.2799 -53.9981,-27.2627 -53.9585,-27.3024 -53.9183,-27.3234 -53.9059,-27.3331 -53.8233,-27.3195 -53.7870,-27.3029 -53.7701,-27.2621 -53.7848,-27.2132 -53.8197,-27.1757 -53.8371,-27.1684 -53.8643,-27.1262 -53.8977,-27.1703 -53.9466,-27.1513 -53.9602,-27.1953 -54.0080,-27.1984 -54.0278,-27.2549 -54.0550,-27.2640
4306353|-55.1462,-28.1872 -55.1308,-28.2093 -55.1383,-28.2533 -55.0806,-28.2894 -55.0566,-28.3219 -54.9925,-28.2496 -55.0362,-28.2161 -55.0253,-28.1765 -55.0304,-28.1436 -55.0692,-28.1125 -55.0973,-28.1232 -55.1118,-28.0765 -55.1503,-28.1008 -55.1263,-28.1438 -55.1462,-28.1872
4306379|-54.0401,-29.9174 -54.0772,-29.8757 -54.0296,-29.8702 -54.0021,-29.8487 -53.9684,-29.7965 -54.0248,-29.7674 -54.0899,-29.7633 -54.0864,-29.7242 -54.1320,-29.6865 -54.2516,-29.6934 -54.3050,-29.7369 -54.2649,-29.8154 -54.2866,-29.8613 -54.3166,-29.8894 -54.3292,-29.9275 -54.2987,-29.9343 -54.2564,-29.9068 -54.1662,-29.9283 -54.1058,-29.9259 -54.0736,-29.9108 -54.0401,-29.9174
4306403|-51.1299,-29.6386 -51.0978,-29.6438 -51.0625,-29.6471 -51.0558,-29.6156 -51.0489,-29.5617 -51.1176,-29.5510 -51.1299,-29.6386
4306429|-53.4005,-27.6205 -53.4312,-27.6351 -53.4709,-27.6306 -53.4967,-27.6051 -53.5705,-27.6170 -53.5870,-27.6381 -53.5798,-27.6809 -53.5805,-27.7122 -53.5605,-27.7438 -53.4888,-27.7382 -53.4596,-27.7558 -53.4286,-27.7276 -53.4205,-27.6922 -53.3918,-27.6907 -53.4005,-27.6205
4306452|-51.8141,-29.0145 -51.7600,-28.9965 -51.7809,-28.9375 -51.7813,-28.9363 -51.8896,-28.9325 -51.9136,-28.9479 -51.9293,-28.9901 -51.9183,-29.0229 -51.8141,-29.0145
4306502|-51.9723,-30.6379 -52.0011,-30.5964 -51.9822,-30.5759 -52.0567,-30.5098 -52.0796,-30.5105 -52.1587,-30.4427 -52.2128,-30.4478 -52.2348,-30.4334 -52.2903,-30.3471 -52.3429,-30.3590 -52.3586,-30.3921 -52.3557,-30.4392 -52.3896,-30.4716 -52.4027,-30.5092 -52.4528,-30.5760 -52.3578,-30.6121 -52.3434,-30.6294 -52.3360,-30.6921 -52.3157,-30.7330 -52.2593,-30.7986 -52.2404,-30.7566 -52.1896,-30.7642 -52.1779,-30.8186 -52.1555,-30.8629 -52.1201,-30.8842 -52.0980,-30.8405 -52.0881,-30.7890 -52.0623,-30.7385 -52.0182,-30.7296 -51.9828,-30.6989 -51.9792,-30.6605 -51.9723,-30.6379
4306551|-49.8355,-29.4242 -49.8026,-29.3919 -49.8289,-29.3569 -49.8150,-29.3390 -49.8585,-29.3128 -49.8886,-29.3124 -49.8907,-29.3723 -49.8822,-29.4102 -49.8355,-29.4242
4306601|-53.9418,-30.9812 -53.9885,-30.9889 -54.0345,-30.9626 -54.0886,-30.9599 -54.1358,-30.9803 -54.1913,-30.9480 -54.2793,-30.9335 -54.3405,-30.9049 -54.3473,-30.8904 -54.4377,-30.8897 -54.4492,-30.8745 -54.5031,-30.8784 -54.6116,-30.7795 -54.6293,-30.7873 -54.6857,-30.7519 -54.7087,-30.7591 -54.7230,-30.7132 -54.6793,-30.6937 -54.6756,-30.6500 -54.6897,-30.6287 -54.7248,-30.5991 -54.7327,-30.6306 -54.7730,-30.6636 -54.7721,-30.6866 -54.8487,-30.7351 -54.9267,-30.7198 -54.9907,-30.7307 -55.0115,-30.7230 -55.0400,-30.7986 -55.0296,-30.8531 -55.0476,-30.8849 -55.1071,-30.9121 -55.1479,-30.9806 -55.1156,-31.0109 -55.0956,-31.1181 -55.0688,-31.1562 -55.0817,-31.2053 -55.0358,-31.2839 -55.0024,-31.2692 -54.9828,-31.3114 -54.9578,-31.3244 -54.9325,-31.3851 -54.8996,-31.3763 -54.8365,-31.4419 -54.7388,-31.4256 -54.7013,-31.4357 -54.6518,-31.3933 -54.6308,-31.3574 -54.5633,-31.3686 -54.5563,-31.3438 -54.5043,-31.3082 -54.4255,-31.3025 -54.4054,-31.2323 -54.3654,-31.1996 -54.3196,-31.1874 -54.3124,-31.1609 -54.2658,-31.1615 -54.1694,-31.1430 -54.1462,-31.1615 -54.0936,-31.1264 -54.0971,-31.1073 -53.9598,-31.0353 -53.9418,-30.9812
4306700|-53.3619,-29.6367 -53.3069,-29.6165 -53.3065,-29.5797 -53.3350,-29.5562 -53.3100,-29.5379 -53.2939,-29.4859 -53.3865,-29.4891 -53.3830,-29.5894 -53.4041,-29.6106 -53.3843,-29.6318 -53.3619,-29.6367
4306734|-54.3987,-27.5700 -54.3797,-27.5539 -54.3292,-27.5458 -54.2575,-27.4989 -54.2608,-27.4673 -54.2839,-27.4478 -54.3415,-27.4044 -54.3351,-27.4513 -54.3572,-27.4649 -54.3988,-27.4116 -54.4721,-27.4345 -54.4440,-27.4600 -54.4746,-27.4812 -54.4676,-27.5226 -54.4239,-27.5474 -54.3987,-27.5700
4306759|-52.0460,-29.0577 -51.9928,-29.1436 -51.9588,-29.1554 -51.8971,-29.1458 -51.9077,-29.1075 -51.9259,-29.0749 -51.9547,-29.0748 -51.9700,-29.0391 -52.0211,-29.0397 -52.0487,-29.0206 -52.0460,-29.0577
4306767|-51.3012,-30.0542 -51.2719,-30.0390 -51.2618,-30.0096 -51.3032,-29.9501 -51.4043,-29.9873 -51.4348,-29.9832 -51.4495,-30.0098 -51.4960,-30.0376 -51.5378,-30.0485 -51.6004,-30.0136 -51.6205,-30.0611 -51.6508,-30.0798 -51.6884,-30.0803 -51.6962,-30.1329 -51.6820,-30.1835 -51.6347,-30.1740 -51.5827,-30.2128 -51.5585,-30.2031 -51.5388,-30.1536 -51.4635,-30.1172 -51.4395,-30.0949 -51.3697,-30.0967 -51.3437,-30.0648 -51.3012,-30.0542
4306809|-51.8995,-29.2958 -51.8662,-29.2767 -51.8708,-29.1990 -51.8861,-29.1714 -51.8971,-29.1458 -51.9588,-29.1554 -51.9928,-29.1436 -52.0017,-29.1661 -51.9582,-29.2020 -51.9646,-29.2380 -51.9194,-29.2916 -51.8995,-29.2958
4306908|-52.5313,-30.2724 -52.5594,-30.2852 -52.5620,-30.3603 -52.5946,-30.3455 -52.6262,-30.2443 -52.6574,-30.2094 -52.6884,-30.2727 -52.6898,-30.3413 -52.7266,-30.3608 -52.7632,-30.3430 -52.8385,-30.3345 -52.8807,-30.3517 -52.8703,-30.4143 -52.8920,-30.4503 -52.8839,-30.4846 -52.9118,-30.5433 -52.9059,-30.5742 -52.9294,-30.6053 -52.9726,-30.6032 -52.9715,-30.6555 -52.9886,-30.6777 -52.9748,-30.7281 -52.9541,-30.7335 -52.9608,-30.8588 -52.9826,-30.8588 -53.0206,-30.9201 -52.9223,-30.9355 -52.8660,-30.9224 -52.7475,-30.8959 -52.6748,-30.9074 -52.6334,-30.9516 -52.5210,-30.9335 -52.4767,-30.9106 -52.4269,-30.9151 -52.4188,-30.8545 -52.4568,-30.7971 -52.4303,-30.6978 -52.4429,-30.6593 -52.4135,-30.6551 -52.3754,-30.6871 -52.3360,-30.6921 -52.3434,-30.6294 -52.3578,-30.6121 -52.4528,-30.5760 -52.4027,-30.5092 -52.3896,-30.4716 -52.3557,-30.4392 -52.3586,-30.3921 -52.3429,-30.3590 -52.4022,-30.3808 -52.4189,-30.3630 -52.5015,-30.3623 -52.5052,-30.3140 -52.5313,-30.2724
4306924|-52.9188,-27.6091 -52.9061,-27.6721 -52.9576,-27.6859 -52.9461,-27.7187 -52.9122,-27.7383 -52.8948,-27.7508 -52.8956,-27.7211 -52.8686,-27.6715 -52.8881,-27.6291 -52.9188,-27.6091
4306932|-54.1438,-28.3366 -54.1912,-28.3401 -54.2654,-28.3284 -54.2833,-28.3568 -54.3439,-28.3232 -54.3691,-28.3492 -54.3748,-28.4362 -54.4633,-28.4887 -54.4348,-28.5062 -54.4061,-28.5507 -54.4470,-28.5816 -54.4184,-28.6086 -54.4314,-28.6583 -54.3781,-28.6597 -54.3232,-28.6135 -54.3457,-28.5531 -54.3063,-28.5118 -54.2569,-28.4899 -54.3061,-28.4575 -54.2866,-28.4335 -54.2564,-28.4457 -54.1390,-28.4659 -54.1486,-28.4328 -54.0933,-28.4260 -54.1088,-28.3741 -54.1331,-28.3554 -54.1438,-28.3366
4306957|-52.8000,-27.4962 -52.7472,-27.5384 -52.7397,-27.5604 -52.7681,-27.5848 -52.7342,-27.5910 -52.6703,-27.5795 -52.6633,-27.5338 -52.7119,-27.4855 -52.7010,-27.4688 -52.7267,-27.4362 -52.8000,-27.4962
4306973|-52.2782,-27.8758 -52.2581,-27.8070 -52.2367,-27.7847 -52.2832,-27.7754 -52.2998,-27.7472 -52.3282,-27.7490 -52.3267,-27.7704 -52.3778,-27.8113 -52.3869,-27.8501 -52.4090,-27.8580 -52.3504,-27.8981 -52.2782,-27.8758
4307005|-52.3282,-27.7490 -52.2998,-27.7472 -52.2832,-27.7754 -52.2367,-27.7847 -52.1989,-27.7503 -52.1488,-27.7341 -52.1551,-27.6690 -52.1817,-27.6644 -52.1857,-27.5681 -52.2372,-27.5693 -52.2262,-27.5103 -52.2387,-27.4824 -52.2560,-27.5111 -52.3442,-27.5094 -52.3422,-27.6610 -52.3216,-27.6609 -52.3204,-27.7206 -52.3328,-27.7504 -52.3282,-27.7490
4307054|-52.6178,-28.5179 -52.5523,-28.5298 -52.5446,-28.4980 -52.5117,-28.4760 -52.4863,-28.4602 -52.4437,-28.4042 -52.5080,-28.3726 -52.5570,-28.3216 -52.6007,-28.3327 -52.6435,-28.3730 -52.6260,-28.4107 -52.5891,-28.4354 -52.6228,-28.4905 -52.6178,-28.5179
4307104|-53.2681,-31.8644 -53.3313,-31.8404 -53.4428,-31.8388 -53.4722,-31.8681 -53.5891,-31.9427 -53.6425,-31.9707 -53.6533,-31.9884 -53.7143,-32.0005 -53.7256,-32.0984 -53.7442,-32.1153 -53.7171,-32.1555 -53.7235,-32.1737 -53.6765,-32.2381 -53.6483,-32.1821 -53.5825,-32.1477 -53.4963,-32.1909 -53.3497,-32.1852 -53.3056,-32.2176 -53.3069,-32.1893 -53.2572,-32.1720 -53.2323,-32.0993 -53.1821,-32.0603 -53.1243,-32.0026 -53.1011,-31.9616 -53.0460,-31.9152 -52.9597,-31.9035 -52.9180,-31.8878 -52.9363,-31.8641 -53.0207,-31.8704 -53.0493,-31.8844 -53.1019,-31.8694 -53.1578,-31.8908 -53.1848,-31.8813 -53.2390,-31.8864 -53.2681,-31.8644
4307203|-52.5929,-27.4678 -52.5703,-27.4641 -52.5388,-27.4924 -52.5217,-27.4755 -52.4968,-27.3932 -52.5073,-27.3561 -52.5388,-27.3094 -52.5363,-27.2601 -52.5446,-27.2406 -52.6179,-27.2657 -52.6764,-27.2457 -52.6915,-27.2844 -52.6849,-27.2960 -52.6127,-27.3700 -52.6016,-27.4089 -52.6184,-27.4322 -52.5929,-27.4678
4307302|-53.5705,-27.6170 -53.4967,-27.6051 -53.4709,-27.6306 -53.4312,-27.6351 -53.4005,-27.6205 -53.3811,-27.6105 -53.4110,-27.5451 -53.4544,-27.4968 -53.4700,-27.4534 -53.4925,-27.4502 -53.5452,-27.4294 -53.5508,-27.3944 -53.6487,-27.3544 -53.6416,-27.3424 -53.6665,-27.3706 -53.6481,-27.4193 -53.6108,-27.4640 -53.5725,-27.4815 -53.5705,-27.5459 -53.5822,-27.5714 -53.5705,-27.6170
4307401|-51.3500,-27.9987 -51.3437,-28.0380 -51.2775,-28.0632 -51.2553,-28.0921 -51.2609,-28.1344 -51.2444,-28.1538 -51.1971,-28.1870 -51.1431,-28.1811 -51.0813,-28.2329 -51.0231,-28.2164 -51.0625,-28.1838 -51.0409,-28.1506 -51.0388,-28.0688 -51.0227,-28.0190 -50.9937,-27.9908 -51.0015,-27.9632 -51.0199,-27.9225 -51.0567,-27.8868 -51.1429,-27.9355 -51.1668,-27.9579 -51.2399,-27.9795 -51.2627,-27.9415 -51.2520,-27.9030 -51.2669,-27.8604 -51.3196,-27.8745 -51.3590,-27.8628 -51.3763,-27.8776 -51.3624,-27.9261 -51.3326,-27.9313 -51.3347,-27.9824 -51.3500,-27.9987
4307450|-54.0249,-27.4002 -53.9793,-27.3896 -53.9362,-27.3551 -53.9183,-27.3234 -53.9585,-27.3024 -53.9981,-27.2627 -54.0255,-27.2799 -54.0550,-27.2640 -54.0824,-27.2989 -54.1115,-27.3025 -54.0788,-27.3246 -54.0303,-27.3787 -54.0249,-27.4002
4307500|-52.8552,-29.0426 -52.8047,-29.0434 -52.7182,-29.0099 -52.7094,-28.7899 -52.7306,-28.7619 -52.7246,-28.7348 -52.7284,-28.6853 -52.7692,-28.6476 -52.7826,-28.6811 -52.8325,-28.7249 -52.8742,-28.7063 -52.8856,-28.7271 -52.9256,-28.7298 -52.9533,-28.7392 -52.9342,-28.7480 -52.9335,-28.8010 -52.9663,-28.8134 -52.9390,-28.8489 -52.9643,-28.8699 -52.9197,-28.9133 -52.9305,-28.9341 -52.9757,-28.9136 -53.0079,-28.9201 -53.0164,-28.9466 -52.9529,-28.9555 -52.8552,-29.0426
4307559|-52.2277,-27.9724 -52.2197,-27.9123 -52.2782,-27.8758 -52.3504,-27.8981 -52.3718,-27.9280 -52.3394,-27.9466 -52.3348,-27.9765 -52.2685,-27.9548 -52.2277,-27.9724
4307609|-51.1771,-29.6722 -51.1433,-29.6699 -51.1346,-29.6381 -51.1964,-29.6165 -51.2309,-29.6168 -51.2198,-29.6822 -51.1935,-29.6804 -51.1771,-29.6722
4307708|-51.2316,-29.8623 -51.1231,-29.8664 -51.1013,-29.8687 -51.1812,-29.8296 -51.2316,-29.8623
4307807|-51.8725,-29.5439 -51.8474,-29.4650 -51.8424,-29.4240 -51.9327,-29.4256 -51.9496,-29.4157 -51.9557,-29.4216 -51.9259,-29.4365 -51.9699,-29.4987 -52.0001,-29.5840 -51.9517,-29.6090 -51.8827,-29.5602 -51.8725,-29.5439
4307815|-53.0639,-29.1818 -53.0943,-29.1399 -53.1908,-29.1305 -53.2614,-29.1443 -53.2666,-29.1907 -53.2455,-29.1936 -53.2470,-29.2404 -53.2108,-29.2641 -53.2300,-29.3092 -53.2310,-29.3501 -53.1951,-29.3640 -53.1680,-29.3417 -53.1417,-29.3132 -53.1466,-29.2674 -53.1298,-29.2282 -53.0904,-29.2122 -53.0639,-29.1818
4307831|-54.1284,-28.5547 -54.1280,-28.4901 -54.1390,-28.4659 -54.2564,-28.4457 -54.2866,-28.4335 -54.3061,-28.4575 -54.2569,-28.4899 -54.3063,-28.5118 -54.3457,-28.5531 -54.3232,-28.6135 -54.3781,-28.6597 -54.3779,-28.6950 -54.3228,-28.7244 -54.3125,-28.6861 -54.2445,-28.6524 -54.1971,-28.6601 -54.1502,-28.5673 -54.1284,-28.5547
4307864|-51.7121,-28.8355 -51.7547,-28.8360 -51.7911,-28.8839 -51.8082,-28.8951 -51.7813,-28.9363 -51.7809,-28.9375 -51.6937,-28.9318 -51.6456,-28.8912 -51.6208,-28.8864 -51.6497,-28.8726 -51.6672,-28.8348 -51.7121,-28.8355
4307906|-51.4911,-29.2602 -51.4611,-29.2550 -51.4388,-29.2907 -51.3540,-29.2909 -51.3527,-29.3331 -51.2697,-29.3128 -51.2667,-29.2951 -51.2657,-29.2459 -51.2887,-29.2454 -51.2935,-29.1134 -51.3432,-29.1149 -51.3704,-29.0686 -51.4221,-29.0598 -51.4116,-29.1273 -51.4232,-29.1562 -51.3885,-29.1560 -51.3907,-29.1971 -51.4916,-29.1979 -51.4911,-29.2602
4308003|-53.3865,-29.4891 -53.4289,-29.5124 -53.4920,-29.5252 -53.5072,-29.5171 -53.5417,-29.5127 -53.5681,-29.5390 -53.5497,-29.5744 -53.5092,-29.6236 -53.4774,-29.6124 -53.4692,-29.5891 -53.4041,-29.6106 -53.3830,-29.5894 -53.3865,-29.4891
4308052|-52.6184,-27.4322 -52.6016,-27.4089 -52.6127,-27.3700 -52.6849,-27.2960 -52.7049,-27.2984 -52.7285,-27.3362 -52.7194,-27.3981 -52.7260,-27.4322 -52.6942,-27.4436 -52.6723,-27.4266 -52.6184,-27.4322
4308078|-51.8735,-29.6426 -51.8268,-29.6488 -51.7987,-29.6142 -51.7956,-29.5737 -51.8168,-29.5294 -51.8725,-29.5439 -51.8827,-29.5602 -51.8734,-29.5735 -51.8735,-29.6426
4308102|-51.2263,-29.3899 -51.2803,-29.4048 -51.3301,-29.4272 -51.3401,-29.4736 -51.3365,-29.5162 -51.3030,-29.5231 -51.2653,-29.5030 -51.2729,-29.4893 -51.2354,-29.4227 -51.1967,-29.4094 -51.2263,-29.3899
4308201|-51.1121,-29.0327 -51.1248,-28.9809 -51.1856,-28.9423 -51.2364,-28.9393 -51.2705,-28.9603 -51.2738,-29.0286 -51.3573,-29.0581 -51.3704,-29.0686 -51.3432,-29.1149 -51.2935,-29.1134 -51.3081,-29.0882 -51.1450,-29.0904 -51.1114,-29.0803 -51.1121,-29.0327
4308250|-51.9500,-27.8268 -52.0827,-27.8185 -52.0847,-27.8006 -52.0910,-27.7944 -52.1462,-27.8457 -52.1486,-27.8944 -52.1195,-27.9108 -52.0824,-27.9063 -52.0509,-27.9063 -52.0176,-27.8813 -51.9383,-27.8845 -51.9199,-27.8449 -51.9500,-27.8268
4308300|-52.4273,-29.1570 -52.3425,-29.1406 -52.2924,-29.1639 -52.2905,-29.1297 -52.2975,-29.1040 -52.3366,-29.0591 -52.3302,-29.0201 -52.3069,-29.0135 -52.2260,-29.0378 -52.2283,-28.9701 -52.2994,-28.8756 -52.3567,-28.8757 -52.4873,-28.9086 -52.5038,-28.9498 -52.4910,-28.9919 -52.4949,-29.0340 -52.4783,-29.1053 -52.4273,-29.1570
4308409|-53.2539,-29.9578 -53.2993,-29.9379 -53.3274,-29.9435 -53.3650,-29.9251 -53.4189,-29.9249 -53.4680,-29.8804 -53.5058,-29.8834 -53.5493,-29.8675 -53.6091,-29.8720 -53.6522,-29.8928 -53.6519,-29.9301 -53.6350,-29.9895 -53.6711,-30.0508 -53.6341,-30.0941 -53.5926,-30.0981 -53.5517,-30.0822 -53.5256,-30.0560 -53.4188,-30.0379 -53.3746,-30.0225 -53.2539,-29.9578
4308433|-52.2015,-29.4254 -52.1277,-29.4242 -52.0451,-29.4149 -52.0402,-29.4007 -52.0896,-29.3601 -52.1124,-29.3619 -52.1636,-29.3287 -52.1924,-29.3608 -52.1789,-29.4063 -52.2015,-29.4254
4308458|-53.3309,-28.7858 -53.3041,-28.8238 -53.3186,-28.8713 -53.4153,-28.8769 -53.4292,-28.9009 -53.3883,-28.9250 -53.3971,-28.9692 -53.4412,-28.9870 -53.4713,-28.9795 -53.4815,-29.0185 -53.5113,-29.0369 -53.4944,-29.0731 -53.4458,-29.0865 -53.4494,-29.0473 -53.4160,-29.0388 -53.4066,-29.0017 -53.3713,-28.9755 -53.3305,-29.0094 -53.2351,-28.9562 -53.1515,-29.0247 -53.1290,-28.9872 -53.1300,-28.9406 -53.1554,-28.9019 -53.1239,-28.8471 -53.1127,-28.8143 -53.1519,-28.7968 -53.1535,-28.7518 -53.2392,-28.7440 -53.2608,-28.7298 -53.2908,-28.7259 -53.3309,-28.7858
4308508|-53.2617,-27.3739 -53.2576,-27.3397 -53.3269,-27.2205 -53.3493,-27.2396 -53.3551,-27.2682 -53.4027,-27.3205 -53.4877,-27.2903 -53.4605,-27.3511 -53.4251,-27.4015 -53.4271,-27.4236 -53.3524,-27.4205 -53.3034,-27.3885 -53.2877,-27.3964 -53.2617,-27.3739
4308607|-51.4911,-29.2602 -51.4916,-29.1979 -51.6541,-29.1981 -51.6848,-29.2126 -51.6767,-29.2469 -51.6464,-29.2538 -51.6500,-29.2939 -51.6319,-29.2935 -51.5457,-29.2928 -51.5410,-29.2749 -51.4911,-29.2602
4308656|-55.4384,-28.0863 -55.4879,-28.0765 -55.5306,-28.1155 -55.5642,-28.1635 -55.6107,-28.1175 -55.6342,-28.1778 -55.6926,-28.2188 -55.7712,-28.2415 -55.7732,-28.2742 -55.7431,-28.2815 -55.6802,-28.3222 -55.6692,-28.3408 -55.6922,-28.4164 -55.6356,-28.3664 -55.6102,-28.3719 -55.5831,-28.3394 -55.5362,-28.3896 -55.5069,-28.4032 -55.5042,-28.3312 -55.4862,-28.2723 -55.4436,-28.2488 -55.4098,-28.2946 -55.3809,-28.2872 -55.3181,-28.2089 -55.3686,-28.1617 -55.3550,-28.1336 -55.4025,-28.1151 -55.4384,-28.0863
4308706|-52.1551,-27.6690 -52.0784,-27.6717 -52.0412,-27.6455 -52.0411,-27.5951 -52.0692,-27.5853 -52.0542,-27.5425 -52.0888,-27.5077 -52.1324,-27.5175 -52.1871,-27.5436 -52.1857,-27.5681 -52.1817,-27.6644 -52.1551,-27.6690
4308805|-51.7164,-29.8607 -51.7480,-29.8520 -51.8155,-29.8618 -51.8408,-29.8238 -51.8864,-29.8040 -51.9103,-29.7666 -51.9430,-29.7586 -51.9622,-29.7347 -52.0374,-29.7038 -52.0144,-29.7361 -52.0587,-29.8143 -52.0421,-29.8927 -52.0547,-29.9229 -52.0179,-29.9379 -52.0069,-29.9496 -51.9661,-29.9378 -51.8681,-29.9600 -51.7822,-29.9594 -51.7266,-29.9467 -51.7503,-29.8884 -51.7164,-29.8607
4308854|-52.0830,-28.3448 -52.1015,-28.3522 -52.1107,-28.3989 -52.0844,-28.4763 -52.0625,-28.4741 -51.9911,-28.4394 -51.9638,-28.3312 -52.0199,-28.3026 -52.0736,-28.3052 -52.0830,-28.3448
4308904|-52.2782,-27.8758 -52.2197,-27.9123 -52.2277,-27.9724 -52.1704,-27.9431 -52.1260,-27.9526 -52.0914,-27.9359 -52.0824,-27.9063 -52.1195,-27.9108 -52.1486,-27.8944 -52.1462,-27.8457 -52.0910,-27.7944 -52.1488,-27.7341 -52.1989,-27.7503 -52.2367,-27.7847 -52.2581,-27.8070 -52.2782,-27.8758
4309001|-54.5156,-28.0929 -54.4645,-28.0773 -54.4274,-28.0936 -54.4038,-28.1394 -54.3902,-28.1612 -54.2670,-28.1642 -54.2216,-28.1429 -54.1802,-28.1382 -54.1221,-28.1149 -54.0691,-28.1078 -54.0753,-28.0539 -54.1399,-28.0187 -54.1830,-27.9802 -54.2250,-27.9258 -54.3393,-27.8573 -54.3332,-27.8214 -54.3694,-27.8351 -54.3825,-27.8723 -54.3800,-27.9167 -54.4247,-27.9234 -54.4744,-27.9833 -54.4571,-28.0064 -54.5156,-28.0929
4309050|-50.6937,-29.7901 -50.7283,-29.7692 -50.8120,-29.7738 -50.8528,-29.8355 -50.8552,-29.8720 -50.8359,-29.9468 -50.8403,-29.9768 -50.8208,-29.9988 -50.7179,-29.9789 -50.6870,-29.9489 -50.7062,-29.9262 -50.6791,-29.8865 -50.6848,-29.8405 -50.7341,-29.8136 -50.6937,-29.7901
4309100|-50.7885,-29.4390 -50.8334,-29.4122 -50.8527,-29.3790 -50.8421,-29.3597 -50.8569,-29.3049 -50.8901,-29.2878 -50.9418,-29.2835 -50.9854,-29.3208 -50.9553,-29.3743 -50.9813,-29.3904 -50.9568,-29.4254 -50.9097,-29.4509 -50.9074,-29.5002 -50.8671,-29.4760 -50.8346,-29.4758 -50.7885,-29.4390
4309126|-53.0167,-27.4617 -52.9719,-27.4857 -52.9037,-27.4672 -52.8656,-27.4713 -52.8185,-27.5027 -52.8130,-27.4503 -52.8684,-27.4332 -52.8918,-27.3866 -52.9735,-27.4115 -53.0167,-27.4617
4309159|-52.7096,-29.3058 -52.6256,-29.3388 -52.6216,-29.3599 -52.5428,-29.3764 -52.5351,-29.3290 -52.5255,-29.2631 -52.5010,-29.2473 -52.5356,-29.2245 -52.6740,-29.2331 -52.7096,-29.3058
4309209|-51.0740,-29.9670 -50.9493,-29.9663 -50.9143,-30.0026 -50.8687,-30.0156 -50.8208,-29.9988 -50.8403,-29.9768 -50.8359,-29.9468 -50.8552,-29.8720 -50.8528,-29.8355 -50.8120,-29.7738 -50.8355,-29.7657 -50.8637,-29.7891 -50.9577,-29.7893 -51.0811,-29.8298 -51.1008,-29.8685 -51.0659,-29.8910 -51.0740,-29.9670
4309258|-51.7066,-28.6096 -51.6702,-28.6287 -51.6426,-28.6541 -51.5959,-28.6691 -51.6157,-28.6353 -51.5991,-28.5365 -51.6239,-28.5149 -51.6987,-28.5204 -51.7404,-28.5486 -51.7066,-28.6096
4309308|-51.3283,-30.2265 -51.3237,-30.1728 -51.3012,-30.0542 -51.3437,-30.0648 -51.3697,-30.0967 -51.4395,-30.0949 -51.4635,-30.1172 -51.5388,-30.1536 -51.5585,-30.2031 -51.5827,-30.2128 -51.5657,-30.2664 -51.5159,-30.2729 -51.4464,-30.2520 -51.4068,-30.2652 -51.4063,-30.2304 -51.3283,-30.2265
4309407|-51.7911,-28.8839 -51.8294,-28.8688 -51.8350,-28.8186 -51.8664,-28.7953 -51.8336,-28.7782 -51.8561,-28.7550 -51.9589,-28.7613 -51.9561,-28.8219 -52.0152,-28.8255 -52.0170,-28.8419 -52.0098,-28.8770 -51.9805,-28.9112 -51.9196,-28.9209 -51.9136,-28.9479 -51.8896,-28.9325 -51.7813,-28.9363 -51.8082,-28.8951 -51.7911,-28.8839
4309506|-54.6344,-28.2074 -54.5783,-28.2350 -54.5852,-28.2963 -54.5730,-28.2986 -54.5328,-28.2777 -54.4874,-28.2460 -54.4916,-28.1243 -54.5442,-28.1157 -54.5847,-28.0937 -54.6404,-28.0978 -54.6968,-28.0675 -54.6954,-28.1599 -54.6344,-28.2074
4309555|-51.4620,-29.5690 -51.3866,-29.5836 -51.3762,-29.5524 -51.3965,-29.5250 -51.4534,-29.5017 -51.4689,-29.5485 -51.4620,-29.5690
4309571|-52.6798,-29.5002 -52.6140,-29.4930 -52.5718,-29.4729 -52.6416,-29.3979 -52.7578,-29.4049 -52.7737,-29.4427 -52.7316,-29.4334 -52.6739,-29.4740 -52.6798,-29.5002
4309605|-54.2848,-27.6754 -54.2641,-27.6306 -54.2000,-27.5912 -54.1989,-27.5589 -54.2575,-27.4989 -54.3292,-27.5458 -54.3797,-27.5539 -54.3987,-27.5700 -54.3745,-27.6453 -54.3246,-27.6719 -54.2848,-27.6754
4309654|-53.9058,-31.8079 -53.9142,-31.7606 -53.8809,-31.6624 -53.8493,-31.6251 -53.8391,-31.5511 -53.8219,-31.5152 -53.8326,-31.4702 -53.7812,-31.4386 -53.8009,-31.3739 -53.7653,-31.3122 -53.7336,-31.2389 -53.7747,-31.2322 -53.8196,-31.2437 -53.8620,-31.2206 -53.9842,-31.2620 -54.0127,-31.3141 -53.9543,-31.3461 -53.9839,-31.3690 -53.9839,-31.3930 -53.9218,-31.4555 -53.9576,-31.4932 -53.9919,-31.5376 -53.9578,-31.6129 -53.9576,-31.6695 -53.9799,-31.7490 -53.9058,-31.8079
4309704|-54.0372,-27.6548 -54.0314,-27.6271 -53.8977,-27.5953 -53.8900,-27.5614 -53.9063,-27.5298 -53.9225,-27.5188 -53.9814,-27.5242 -53.9924,-27.5220 -54.0464,-27.5808 -54.0722,-27.5761 -54.0463,-27.6523 -54.0372,-27.6548
4309753|-53.0948,-29.4669 -53.0831,-29.3719 -53.1549,-29.3550 -53.1680,-29.3417 -53.1951,-29.3640 -53.2310,-29.3501 -53.2199,-29.3699 -53.2382,-29.4119 -53.2654,-29.4493 -53.2353,-29.4653 -53.1843,-29.4674 -53.1370,-29.4948 -53.0948,-29.4669
4309803|-51.9184,-28.1121 -51.8897,-28.1148 -51.8505,-28.1515 -51.7968,-28.1661 -51.7905,-28.1941 -51.7358,-28.2140 -51.6924,-28.1905 -51.6937,-28.1500 -51.6318,-28.1198 -51.6136,-28.0633 -51.6339,-28.0476 -51.6919,-28.0918 -51.7036,-28.1380 -51.7688,-28.0589 -51.7762,-28.0275 -51.9294,-27.9906 -51.9345,-27.9997 -51.9092,-28.0247 -51.9184,-28.1121
4309902|-51.6198,-28.4796 -51.6142,-28.4471 -51.5846,-28.4243 -51.5478,-28.4218 -51.4987,-28.3982 -51.5352,-28.3742 -51.5298,-28.3340 -51.5447,-28.3136 -51.5940,-28.3014 -51.6357,-28.2525 -51.6277,-28.2799 -51.6655,-28.3239 -51.7052,-28.3127 -51.7166,-28.3697 -51.7044,-28.3794 -51.7220,-28.4364 -51.7603,-28.4493 -51.6871,-28.4667 -51.6417,-28.4656 -51.6198,-28.4796
4309951|-52.5645,-28.6540 -52.4811,-28.6754 -52.4375,-28.6994 -52.4070,-28.6893 -52.3463,-28.7036 -52.3141,-28.6482 -52.3611,-28.5791 -52.3910,-28.5691 -52.4344,-28.5490 -52.4575,-28.5652 -52.5228,-28.5437 -52.5462,-28.5474 -52.5806,-28.5819 -52.5444,-28.6243 -52.5645,-28.6540
4310009|-53.0175,-28.5892 -53.0180,-28.5632 -53.0457,-28.5482 -53.0792,-28.4925 -53.1377,-28.4797 -53.1653,-28.4901 -53.1934,-28.4639 -53.2453,-28.4826 -53.2626,-28.5675 -53.3311,-28.5587 -53.4205,-28.5898 -53.4106,-28.6033 -53.3387,-28.6041 -53.3051,-28.6373 -53.2407,-28.6821 -53.1910,-28.7067 -53.0959,-28.7013 -53.0304,-28.6900 -53.0175,-28.5892
4310108|-50.7156,-29.5164 -50.7703,-29.5401 -50.8168,-29.5249 -50.9081,-29.5163 -50.9001,-29.5505 -50.8561,-29.5562 -50.8565,-29.5844 -50.8060,-29.6174 -50.7615,-29.6079 -50.7515,-29.5828 -50.6964,-29.5923 -50.6910,-29.5648 -50.7156,-29.5164
4310207|-53.9821,-28.4419 -53.9585,-28.4886 -53.9351,-28.4839 -53.8812,-28.5233 -53.8388,-28.5126 -53.8222,-28.4869 -53.7812,-28.4884 -53.7775,-28.4365 -53.8360,-28.3884 -53.8197,-28.3689 -53.8111,-28.2848 -53.8429,-28.2582 -53.8322,-28.2367 -53.8420,-28.1887 -53.8017,-28.1023 -53.8142,-28.0557 -53.8682,-28.0789 -53.9100,-28.1154 -53.9166,-28.2145 -53.9294,-28.2381 -53.9611,-28.2385 -53.9689,-28.2895 -54.0330,-28.2754 -54.0661,-28.3049 -54.0667,-28.3423 -53.9971,-28.3343 -53.9846,-28.3469 -53.9821,-28.4419
4310306|-52.2283,-28.9701 -52.0920,-28.9804 -52.0696,-28.9796 -52.0707,-28.8871 -52.0790,-28.8777 -52.1484,-28.8922 -52.1660,-28.8861 -52.2100,-28.9320 -52.2283,-28.9701
4310330|-50.1192,-29.9762 -50.0753,-29.8845 -50.1091,-29.8845 -50.1468,-29.9189 -50.1288,-29.9404 -50.1551,-29.9866 -50.1192,-29.9762
4310363|-51.7279,-29.3622 -51.7019,-29.3344 -51.7009,-29.3043 -51.7435,-29.3092 -51.7800,-29.2989 -51.7759,-29.3426 -51.8393,-29.3437 -51.8396,-29.3801 -51.7983,-29.3897 -51.7811,-29.3879 -51.7279,-29.3622
4310405|-54.3332,-27.8214 -54.3393,-27.8573 -54.2250,-27.9258 -54.1830,-27.9802 -54.1399,-28.0187 -54.0782,-28.0063 -54.0421,-27.9678 -54.0459,-27.9407 -54.1148,-27.8827 -54.1289,-27.8167 -54.1603,-27.7975 -54.2093,-27.8223 -54.2740,-27.8179 -54.3102,-27.8316 -54.3332,-27.8214
4310413|-53.9663,-27.8241 -54.0610,-27.8786 -54.1148,-27.8827 -54.0459,-27.9407 -54.0421,-27.9678 -54.0782,-28.0063 -54.0343,-27.9847 -54.0291,-27.9470 -53.9990,-27.9169 -53.9534,-27.8515 -53.9663,-27.8241
4310439|-51.4380,-28.8059 -51.4104,-28.8003 -51.3727,-28.8305 -51.3296,-28.8427 -51.2538,-28.8175 -51.2282,-28.8207 -51.1767,-28.8575 -51.1759,-28.8172 -51.2073,-28.7145 -51.1596,-28.6993 -51.1428,-28.6711 -51.1674,-28.6286 -51.2167,-28.6202 -51.2557,-28.5886 -51.3352,-28.5839 -51.3689,-28.6334 -51.3987,-28.6388 -51.4451,-28.6737 -51.4259,-28.7385 -51.4380,-28.8059
4310462|-52.5241,-27.9421 -52.4501,-27.9844 -52.4044,-27.9914 -52.3348,-27.9765 -52.3394,-27.9466 -52.3718,-27.9280 -52.3504,-27.8981 -52.4090,-27.8580 -52.4303,-27.8648 -52.4627,-27.9092 -52.5199,-27.9245 -52.5241,-27.9421
4310504|-53.3269,-27.2205 -53.2576,-27.3397 -53.2460,-27.3212 -53.2023,-27.3119 -53.1908,-27.2860 -53.1593,-27.2824 -53.1877,-27.1923 -53.2321,-27.1711 -53.3225,-27.2099 -53.3269,-27.2205
4310538|-53.8561,-29.5923 -53.8012,-29.6459 -53.7672,-29.6578 -53.7105,-29.6312 -53.7014,-29.5495 -53.7166,-29.5217 -53.6876,-29.4661 -53.7395,-29.4931 -53.7723,-29.5257 -53.8409,-29.5637 -53.8561,-29.5923
4310553|-54.9606,-28.8084 -55.0078,-28.7965 -55.1121,-28.7425 -55.1554,-28.7367 -55.1830,-28.7492 -55.2230,-28.6693 -55.2554,-28.6827 -55.3160,-28.6576 -55.3305,-28.6674 -55.4297,-28.6510 -55.5262,-28.6904 -55.5498,-28.7075 -55.5076,-28.7448 -55.4658,-28.8121 -55.4328,-28.8274 -55.4312,-28.8578 -55.3675,-28.8800 -55.3730,-28.9206 -55.3195,-28.9540 -55.2279,-28.9818 -55.1964,-28.9578 -55.1340,-28.9458 -55.1011,-28.9552 -55.0729,-28.9327 -55.0956,-28.9045 -55.0466,-28.8875 -55.0517,-28.8481 -54.9606,-28.8084
4310579|-52.0633,-28.8096 -52.0785,-28.7414 -52.2475,-28.7498 -52.2570,-28.6805 -52.2785,-28.6961 -52.2778,-28.7352 -52.3273,-28.8136 -52.2704,-28.8077 -52.1823,-28.8239 -52.1318,-28.8048 -52.0633,-28.8096
4310603|-56.6605,-29.4233 -56.5975,-29.3933 -56.4817,-29.3934 -56.4605,-29.4205 -56.4300,-29.4274 -56.3636,-29.3977 -56.2913,-29.4172 -56.2565,-29.3997 -56.2199,-29.4002 -56.1781,-29.3773 -56.1819,-29.3221 -56.1334,-29.3272 -56.1223,-29.3570 -56.0949,-29.3697 -56.0778,-29.3321 -56.0295,-29.3009 -55.9983,-29.3351 -55.9556,-29.3619 -55.9357,-29.3515 -55.9089,-29.3879 -55.8657,-29.4226 -55.8501,-29.4113 -55.8262,-29.3956 -55.7987,-29.3447 -55.7364,-29.3369 -55.7008,-29.3089 -55.6938,-29.2857 -55.6451,-29.2769 -55.6392,-29.2419 -55.6050,-29.2226 -55.5686,-29.2236 -55.5389,-29.1972 -55.4804,-29.1986 -55.4771,-29.1707 -55.5081,-29.1034 -55.5324,-29.0720 -55.5766,-29.0944 -55.6272,-29.0933 -55.6472,-29.1079 -55.6926,-29.1080 -55.7309,-29.1235 -55.8089,-29.1277 -55.9124,-29.1564 -56.0508,-29.1500 -56.1711,-29.1608 -56.1798,-29.1335 -56.2612,-29.1090 -56.2687,-29.0952 -56.0970,-28.9198 -56.0816,-28.8567 -56.1668,-28.8649 -56.1787,-28.9010 -56.2318,-28.9375 -56.2792,-28.9406 -56.3233,-28.9247 -56.3790,-28.9480 -56.4162,-29.0007 -56.3991,-29.0174 -56.4304,-29.0795 -56.5030,-29.0887 -56.5501,-29.1167 -56.5888,-29.1198 -56.6169,-29.1711 -56.6458,-29.2003 -56.6492,-29.2550 -56.6645,-29.2950 -56.7130,-29.3674 -56.7587,-29.3709 -56.7800,-29.4200 -56.7031,-29.4002 -56.6605,-29.4233
4310652|-50.1680,-29.5351 -50.1519,-29.6003 -50.0753,-29.5454 -50.1011,-29.4821 -50.1305,-29.4415 -50.1700,-29.4190 -50.1824,-29.3906 -50.1552,-29.3552 -50.0994,-29.3387 -50.0842,-29.3495 -50.0991,-29.3341 -50.1935,-29.3422 -50.2179,-29.3289 -50.2490,-29.3455 -50.2352,-29.3942 -50.2437,-29.4224 -50.1823,-29.4899 -50.1680,-29.5351
4310702|-52.5363,-27.2601 -52.5388,-27.3094 -52.5073,-27.3561 -52.4968,-27.3932 -52.5217,-27.4755 -52.5120,-27.4867 -52.4368,-27.4946 -52.4532,-27.4086 -52.4338,-27.3684 -52.4370,-27.3229 -52.4192,-27.2824 -52.4421,-27.2505 -52.4325,-27.2178 -52.4798,-27.2355 -52.4793,-27.2659 -52.5363,-27.2601
4310751|-53.5184,-29.4710 -53.5550,-29.4505 -53.6547,-29.5081 -53.6299,-29.5684 -53.5829,-29.5770 -53.5497,-29.5744 -53.5681,-29.5390 -53.5417,-29.5127 -53.5072,-29.5171 -53.5184,-29.4710
4310801|-51.1964,-29.6165 -51.1346,-29.6381 -51.1299,-29.6386 -51.1176,-29.5510 -51.1164,-29.5441 -51.1578,-29.5387 -51.2053,-29.5572 -51.1964,-29.6165
4310850|-53.3186,-27.6006 -53.2997,-27.6175 -53.3081,-27.6827 -53.2958,-27.7058 -53.2595,-27.7120 -53.2340,-27.6912 -53.2199,-27.6527 -53.2063,-27.6001 -53.2309,-27.5786 -53.2553,-27.5806 -53.2758,-27.5180 -53.2911,-27.5299 -53.2913,-27.5777 -53.3186,-27.6006
4310876|-52.9995,-29.1390 -52.9874,-29.1057 -52.9484,-29.0958 -52.9351,-29.0670 -52.8892,-29.0450 -52.8552,-29.0426 -52.9529,-28.9555 -53.0164,-28.9466 -53.0335,-28.9683 -53.0757,-28.9616 -53.1290,-28.9872 -53.1515,-29.0247 -53.1065,-29.0660 -53.0782,-29.0759 -53.0760,-29.1247 -53.0168,-29.1557 -52.9995,-29.1390
4310900|-52.4828,-27.7194 -52.5013,-27.6931 -52.5636,-27.6892 -52.5596,-27.7149 -52.5915,-27.8197 -52.6455,-27.8527 -52.5975,-27.8841 -52.5262,-27.8399 -52.4947,-27.8066 -52.4892,-27.7693 -52.4657,-27.7373 -52.4828,-27.7194
4311007|-53.6765,-32.2381 -53.6778,-32.2586 -53.6432,-32.3016 -53.6331,-32.3540 -53.6440,-32.3849 -53.5840,-32.4513 -53.5225,-32.4862 -53.4709,-32.4807 -53.4369,-32.5482 -53.3881,-32.5869 -53.3697,-32.5699 -53.2888,-32.6211 -53.2456,-32.6071 -53.2371,-32.6298 -53.1667,-32.6486 -53.1284,-32.6385 -53.0837,-32.6567 -53.0630,-32.6181 -53.0201,-32.6131 -52.9974,-32.5912 -52.9833,-32.5042 -52.9680,-32.4905 -52.9775,-32.4529 -53.0086,-32.4243 -53.0317,-32.4292 -53.1433,-32.3644 -53.1860,-32.3719 -53.2413,-32.3466 -53.2611,-32.3023 -53.2911,-32.2753 -53.2898,-32.2348 -53.3056,-32.2176 -53.3497,-32.1852 -53.4963,-32.1909 -53.5825,-32.1477 -53.6483,-32.1821 -53.6765,-32.2381
4311106|-54.5019,-29.3276 -54.5493,-29.3100 -54.6171,-29.3487 -54.6445,-29.3118 -54.6866,-29.3247 -54.6863,-29.3941 -54.7509,-29.3915 -54.7597,-29.4097 -54.7506,-29.4610 -54.8345,-29.5055 -54.8617,-29.5329 -54.8328,-29.5746 -54.7970,-29.5775 -54.8000,-29.6228 -54.7544,-29.6128 -54.7486,-29.5918 -54.7016,-29.5857 -54.6731,-29.5626 -54.5694,-29.5309 -54.5681,-29.4855 -54.5102,-29.4440 -54.4446,-29.4662 -54.3951,-29.4523 -54.3947,-29.4521 -54.4305,-29.4245 -54.4844,-29.4090 -54.5022,-29.3692 -54.5019,-29.3276
4311122|-50.3575,-29.1171 -50.3369,-29.1097 -50.2707,-29.1376 -50.2406,-29.1023 -50.2033,-29.1033 -50.1888,-29.0724 -50.2262,-29.0426 -50.2298,-29.0210 -50.2702,-29.0144 -50.2452,-28.9584 -50.2450,-28.9338 -50.1907,-28.9297 -50.1594,-28.9065 -50.1826,-28.8836 -50.1935,-28.8395 -50.2108,-28.8231 -50.2524,-28.8219 -50.3139,-28.8399 -50.3320,-28.8116 -50.3936,-28.8242 -50.4392,-28.7881 -50.4619,-28.8189 -50.4960,-28.8052 -50.6043,-28.8101 -50.5622,-28.8866 -50.5291,-28.8895 -50.4635,-28.9596 -50.4533,-29.0403 -50.4315,-29.0760 -50.4442,-29.1157 -50.3575,-29.1171
4311130|-54.0701,-29.1988 -54.0817,-29.1909 -54.1702,-29.1924 -54.1965,-29.1638 -54.2458,-29.1525 -54.2938,-29.1072 -54.3258,-29.1420 -54.3431,-29.1814 -54.3667,-29.1875 -54.4322,-29.2543 -54.4250,-29.2925 -54.5019,-29.3276 -54.5022,-29.3692 -54.4844,-29.4090 -54.4305,-29.4245 -54.3947,-29.4521 -54.3706,-29.4105 -54.3082,-29.4318 -54.2668,-29.4097 -54.2086,-29.4263 -54.1991,-29.3923 -54.1517,-29.3104 -54.1573,-29.2852 -54.1127,-29.2413 -54.0882,-29.2394 -54.0701,-29.1988
4311155|-53.9061,-28.8115 -53.9473,-28.8143 -53.9689,-28.7958 -53.9786,-28.7587 -53.9677,-28.7213 -53.9745,-28.6477 -54.0075,-28.6331 -54.0360,-28.5936 -54.1284,-28.5547 -54.1502,-28.5673 -54.1971,-28.6601 -54.2445,-28.6524 -54.3125,-28.6861 -54.3228,-28.7244 -54.3779,-28.6950 -54.4028,-28.7098 -54.3894,-28.7748 -54.3611,-28.7982 -54.3542,-28.8939 -54.3309,-28.9311 -54.2684,-28.9120 -54.2340,-28.9250 -54.1893,-28.8945 -54.1349,-28.8826 -54.0956,-28.9048 -54.0482,-28.9118 -53.9529,-28.8984 -53.9421,-28.8617 -53.9061,-28.8115
4311205|-53.6272,-29.6047 -53.5829,-29.5770 -53.6299,-29.5684 -53.6547,-29.5081 -53.5550,-29.4505 -53.5184,-29.4710 -53.4991,-29.4550 -53.5261,-29.3996 -53.4948,-29.3585 -53.4394,-29.3387 -53.4677,-29.3040 -53.4466,-29.2872 -53.4651,-29.2524 -53.4614,-29.2068 -53.4336,-29.1820 -53.3303,-29.1698 -53.2666,-29.1907 -53.2614,-29.1443 -53.2902,-29.1278 -53.3485,-29.1185 -53.3858,-29.1237 -53.4458,-29.0865 -53.4944,-29.0731 -53.5113,-29.0369 -53.5458,-28.9750 -53.5671,-28.9625 -53.6228,-29.0265 -53.6641,-29.0583 -53.6714,-29.1024 -53.7576,-29.1639 -53.8486,-29.1418 -53.9068,-29.1946 -53.9199,-29.2207 -53.9477,-29.2735 -53.9932,-29.3177 -54.0271,-29.4047 -53.9459,-29.4040 -53.8349,-29.3686 -53.7629,-29.3624 -53.6967,-29.4109 -53.6876,-29.4661 -53.7166,-29.5217 -53.7014,-29.5495 -53.6872,-29.5759 -53.6272,-29.6047
4311239|-53.0292,-29.5532 -52.9797,-29.5568 -52.9625,-29.5155 -53.0144,-29.4640 -53.0474,-29.4540 -53.0948,-29.4669 -53.1370,-29.4948 -53.0292,-29.5532
4311254|-52.8245,-29.3275 -52.8160,-29.3159 -52.7542,-29.3642 -52.7096,-29.3058 -52.6740,-29.2331 -52.6615,-29.1942 -52.6986,-29.1929 -52.7510,-29.1441 -52.7910,-29.1171 -52.8407,-29.1402 -52.8838,-29.2057 -52.8975,-29.2156 -52.8963,-29.2677 -52.8778,-29.3213 -52.8245,-29.3275
4311270|-52.9168,-28.5958 -52.8636,-28.5979 -52.8378,-28.6123 -52.7628,-28.6268 -52.7494,-28.5977 -52.7670,-28.5691 -52.7601,-28.5429 -52.7955,-28.5187 -52.8523,-28.5351 -52.8805,-28.5205 -52.9206,-28.5401 -52.9270,-28.5847 -52.9168,-28.5958
4311304|-51.5991,-28.5365 -51.5862,-28.5204 -51.5371,-28.5265 -51.5178,-28.5422 -51.4739,-28.5168 -51.4467,-28.4864 -51.4207,-28.5012 -51.3964,-28.5400 -51.3693,-28.5030 -51.3716,-28.4641 -51.3344,-28.4185 -51.3485,-28.3980 -51.3268,-28.3333 -51.3887,-28.2959 -51.4140,-28.2948 -51.4315,-28.3406 -51.4674,-28.3293 -51.4663,-28.2837 -51.4496,-28.2362 -51.5104,-28.1702 -51.4938,-28.1378 -51.5120,-28.0592 -51.4596,-28.0560 -51.4255,-28.0682 -51.3774,-28.0158 -51.3500,-27.9987 -51.3347,-27.9824 -51.3326,-27.9313 -51.3624,-27.9261 -51.3763,-27.8776 -51.3590,-27.8628 -51.3784,-27.8488 -51.3918,-27.8893 -51.4174,-27.9163 -51.4584,-27.9290 -51.4602,-27.9492 -51.5092,-27.9554 -51.5257,-27.9840 -51.5743,-27.9878 -51.6158,-27.9693 -51.6765,-27.9831 -51.6747,-28.0221 -51.6339,-28.0476 -51.6136,-28.0633 -51.6318,-28.1198 -51.6937,-28.1500 -51.6577,-28.1734 -51.6357,-28.2525 -51.5940,-28.3014 -51.5447,-28.3136 -51.5298,-28.3340 -51.5352,-28.3742 -51.4987,-28.3982 -51.5478,-28.4218 -51.5846,-28.4243 -51.6142,-28.4471 -51.6198,-28.4796 -51.6239,-28.5149 -51.5991,-28.5365
4311403|-51.9699,-29.4987 -51.9259,-29.4365 -51.9557,-29.4216 -52.0349,-29.4012 -52.0402,-29.4007 -52.0451,-29.4149 -52.1277,-29.4242 -52.0417,-29.4452 -52.0479,-29.4693 -51.9699,-29.4987
4311429|-53.1975,-27.7329 -53.1519,-27.6992 -53.1551,-27.6619 -53.1833,-27.6703 -53.2199,-27.6527 -53.2340,-27.6912 -53.2595,-27.7120 -53.2570,-27.7268 -53.1975,-27.7329
4311502|-53.6672,-30.8427 -53.7473,-30.7726 -53.7685,-30.7978 -53.8052,-30.7879 -53.8182,-30.7394 -53.7973,-30.7057 -53.7984,-30.6309 -53.7407,-30.5628 -53.7452,-30.5137 -53.8206,-30.5175 -53.8452,-30.4830 -53.8873,-30.4972 -53.8821,-30.5163 -53.9344,-30.5744 -53.9866,-30.6163 -53.9813,-30.6394 -54.0127,-30.6632 -54.0182,-30.6935 -54.0585,-30.6869 -54.1366,-30.7106 -54.1425,-30.7619 -54.1604,-30.7774 -54.2324,-30.7431 -54.2789,-30.7302 -54.3463,-30.7371 -54.3739,-30.6770 -54.3903,-30.6742 -54.4390,-30.6228 -54.5040,-30.6313 -54.5266,-30.6141 -54.5806,-30.6118 -54.6081,-30.6232 -54.6758,-30.6051 -54.6897,-30.6287 -54.6756,-30.6500 -54.6793,-30.6937 -54.7230,-30.7132 -54.7087,-30.7591 -54.6857,-30.7519 -54.6293,-30.7873 -54.6116,-30.7795 -54.5031,-30.8784 -54.4492,-30.8745 -54.4377,-30.8897 -54.3473,-30.8904 -54.3405,-30.9049 -54.2793,-30.9335 -54.1913,-30.9480 -54.1358,-30.9803 -54.0886,-30.9599 -54.0345,-30.9626 -53.9885,-30.9889 -53.9418,-30.9812 -53.9234,-30.9398 -53.8872,-30.9170 -53.8134,-30.9034 -53.7300,-30.8762 -53.6672,-30.8427
4311601|-52.9627,-27.5811 -53.0068,-27.5620 -53.0355,-27.4540 -53.0806,-27.4360 -53.1322,-27.4441 -53.1442,-27.5225 -53.1013,-27.5687 -53.1187,-27.5885 -53.1011,-27.6073 -53.1005,-27.6464 -53.0548,-27.6450 -52.9990,-27.6098 -52.9516,-27.6257 -52.9465,-27.5882 -52.9627,-27.5811
4311627|-51.1964,-29.6165 -51.2053,-29.5572 -51.2241,-29.5471 -51.2450,-29.5837 -51.2309,-29.6168 -51.1964,-29.6165
4311643|-51.1967,-29.4094 -51.2354,-29.4227 -51.2729,-29.4893 -51.2653,-29.5030 -51.1778,-29.4941 -51.1690,-29.4394 -51.1967,-29.4094
4311700|-51.7546,-27.6672 -51.7010,-27.6899 -51.6947,-27.6999 -51.6363,-27.6787 -51.6123,-27.6583 -51.5776,-27.6609 -51.5621,-27.6320 -51.5784,-27.5770 -51.6083,-27.5414 -51.6326,-27.4886 -51.6474,-27.5163 -51.7012,-27.4798 -51.7173,-27.5114 -51.7516,-27.4881 -51.7880,-27.5148 -51.7558,-27.5355 -51.7583,-27.5842 -51.7438,-27.6016 -51.7546,-27.6672
4311718|-56.0816,-28.8567 -56.0970,-28.9198 -56.2687,-29.0952 -56.2612,-29.1090 -56.1798,-29.1335 -56.1711,-29.1608 -56.0508,-29.1500 -55.9124,-29.1564 -55.8089,-29.1277 -55.7309,-29.1235 -55.6926,-29.1080 -55.6472,-29.1079 -55.6272,-29.0933 -55.5766,-29.0944 -55.5324,-29.0720 -55.5081,-29.1034 -55.4771,-29.1707 -55.4804,-29.1986 -55.4591,-29.2151 -55.4009,-29.2198 -55.3619,-29.2068 -55.3365,-29.2234 -55.3126,-29.2048 -55.2866,-29.1857 -55.2684,-29.1425 -55.2855,-29.1048 -55.2729,-29.0570 -55.2930,-28.9915 -55.3732,-28.9719 -55.4125,-29.0475 -55.4653,-29.0822 -55.4929,-29.0532 -55.5046,-29.0007 -55.6820,-29.0163 -55.7262,-28.9823 -55.7732,-28.9803 -55.8178,-28.9927 -55.8426,-28.9687 -55.9141,-28.9486 -55.9952,-28.9444 -56.0550,-28.8916 -56.0816,-28.8567
4311734|-49.9016,-29.2153 -49.9576,-29.1995 -50.0099,-29.2254 -50.1155,-29.2623 -50.0340,-29.3496 -50.0301,-29.3425 -50.0063,-29.3025 -49.9545,-29.2854 -49.9298,-29.2526 -49.8867,-29.2584 -49.9016,-29.2153
4311759|-55.8501,-29.4113 -55.8293,-29.4289 -55.7792,-29.4204 -55.7671,-29.4831 -55.6889,-29.4935 -55.6575,-29.5600 -55.5476,-29.6029 -55.5396,-29.6623 -55.4693,-29.6473 -55.4144,-29.6600 -55.4005,-29.6153 -55.3781,-29.6149 -55.3671,-29.5554 -55.3332,-29.5100 -55.4100,-29.4024 -55.4275,-29.3680 -55.4626,-29.3525 -55.4592,-29.3253 -55.4165,-29.3218 -55.4206,-29.2705 -55.4591,-29.2151 -55.4804,-29.1986 -55.5389,-29.1972 -55.5686,-29.2236 -55.6050,-29.2226 -55.6392,-29.2419 -55.6451,-29.2769 -55.6938,-29.2857 -55.7008,-29.3089 -55.7364,-29.3369 -55.7987,-29.3447 -55.8262,-29.3956 -55.8501,-29.4113
4311775|-50.3156,-29.6784 -50.2746,-29.7076 -50.2233,-29.7259 -50.1857,-29.7440 -50.1732,-29.7940 -50.1159,-29.7882 -50.0550,-29.7617 -50.0222,-29.6912 -50.0491,-29.6537 -50.1215,-29.6485 -50.1629,-29.6249 -50.1519,-29.6003 -50.1680,-29.5351 -50.2607,-29.4961 -50.2668,-29.4664 -50.3028,-29.4477 -50.3477,-29.4943 -50.3551,-29.5507 -50.3404,-29.6082 -50.3536,-29.6496 -50.3156,-29.6784
4311791|-51.5032,-29.5770 -51.5216,-29.5115 -51.5882,-29.4768 -51.5708,-29.5507 -51.5757,-29.6130 -51.5380,-29.6128 -51.5032,-29.5770
4311809|-52.0625,-28.4741 -52.0844,-28.4763 -52.1107,-28.3989 -52.1015,-28.3522 -52.0830,-28.3448 -52.1290,-28.3328 -52.2137,-28.3528 -52.2587,-28.3659 -52.2820,-28.3349 -52.3096,-28.3611 -52.2951,-28.3893 -52.3417,-28.3940 -52.3728,-28.3769 -52.4212,-28.4048 -52.4437,-28.4042 -52.4863,-28.4602 -52.5117,-28.4760 -52.3916,-28.4676 -52.3491,-28.5301 -52.3653,-28.5638 -52.3910,-28.5691 -52.3611,-28.5791 -52.3141,-28.6482 -52.2883,-28.6423 -52.3058,-28.6015 -52.2521,-28.5870 -52.2354,-28.5484 -52.2431,-28.5141 -52.2117,-28.4828 -52.1649,-28.4776 -52.1048,-28.5023 -52.0886,-28.4956 -52.0625,-28.4741
4311908|-52.0298,-27.4359 -51.9979,-27.4534 -51.9981,-27.4871 -51.9564,-27.5124 -51.9750,-27.5772 -51.8917,-27.5790 -51.8560,-27.5557 -51.8371,-27.5222 -51.8582,-27.4751 -51.9025,-27.4914 -51.9358,-27.4287 -51.9688,-27.4107 -51.9834,-27.3751 -52.0490,-27.3463 -52.0620,-27.3879 -52.0298,-27.4359
4311981|-51.6809,-30.3837 -51.6506,-30.3989 -51.5364,-30.4001 -51.5362,-30.4124 -51.4935,-30.4123 -51.4295,-30.3540 -51.4950,-30.3537 -51.5159,-30.2729 -51.5657,-30.2664 -51.5827,-30.2128 -51.6347,-30.1740 -51.6820,-30.1835 -51.6704,-30.2210 -51.6778,-30.2888 -51.6537,-30.2972 -51.6505,-30.3386 -51.6809,-30.3837
4312005|-52.1071,-27.3434 -52.1263,-27.3025 -52.2248,-27.3306 -52.2129,-27.3892 -52.2292,-27.4079 -52.1942,-27.4084 -52.1733,-27.3783 -52.1119,-27.3738 -52.1071,-27.3434
4312054|-52.1636,-29.3287 -52.1124,-29.3619 -52.0896,-29.3601 -52.0402,-29.4007 -52.0349,-29.4012 -52.0637,-29.3541 -52.0893,-29.3328 -52.1203,-29.2780 -52.1363,-29.2766 -52.1662,-29.2266 -52.1744,-29.2133 -52.2487,-29.1973 -52.2007,-29.2434 -52.1878,-29.2865 -52.1636,-29.3287
4312104|-54.3951,-29.4523 -54.4446,-29.4662 -54.5102,-29.4440 -54.5681,-29.4855 -54.5694,-29.5309 -54.5430,-29.5481 -54.5718,-29.5848 -54.4779,-29.6477 -54.4583,-29.6120 -54.4133,-29.6042 -54.3884,-29.5824 -54.3496,-29.5806 -54.3421,-29.5493 -54.3837,-29.4994 -54.3951,-29.4523
4312138|-52.1440,-28.2428 -52.1943,-28.2225 -52.2040,-28.1766 -52.2333,-28.1771 -52.2772,-28.2283 -52.2671,-28.2413 -52.3051,-28.3017 -52.2805,-28.3230 -52.2137,-28.3528 -52.1290,-28.3328 -52.0830,-28.3448 -52.0736,-28.3052 -52.0920,-28.3063 -52.1440,-28.2428
4312153|-52.1012,-29.5485 -52.1069,-29.4976 -52.1422,-29.4841 -52.1558,-29.4769 -52.1675,-29.5455 -52.1482,-29.5645 -52.1012,-29.5485
4312179|-54.5852,-28.2963 -54.5783,-28.2350 -54.6344,-28.2074 -54.6760,-28.2266 -54.7101,-28.2082 -54.7457,-28.2080 -54.7598,-28.2474 -54.6989,-28.2555 -54.6790,-28.2753 -54.6196,-28.2773 -54.5852,-28.2963
4312203|-51.7546,-27.6672 -51.7438,-27.6016 -51.7583,-27.5842 -51.7558,-27.5355 -51.7880,-27.5148 -51.8371,-27.5222 -51.8560,-27.5557 -51.8917,-27.5790 -51.8964,-27.6522 -51.8928,-27.6791 -51.7546,-27.6672
4312252|-52.0179,-29.9379 -52.0331,-29.9573 -52.0704,-29.9325 -52.1046,-29.9456 -52.1480,-29.9515 -52.1463,-30.0203 -52.1628,-30.0663 -52.1696,-30.1255 -52.1524,-30.1461 -52.1588,-30.1913 -52.1084,-30.1907 -52.0796,-30.2165 -51.9935,-30.2003 -52.0173,-30.1394 -51.9801,-30.0672 -51.9706,-30.0278 -52.0155,-30.0418 -52.0069,-29.9496 -52.0179,-29.9379
4312302|-53.6812,-27.5480 -53.6652,-27.5487 -53.7001,-27.4468 -53.8256,-27.4389 -53.8273,-27.4892 -53.8112,-27.4984 -53.7221,-27.5510 -53.6812,-27.5480
4312351|-52.1001,-28.6690 -52.0816,-28.7120 -51.9861,-28.7069 -52.0035,-28.6605 -52.0665,-28.6144 -52.0930,-28.6159 -52.1001,-28.6690
4312377|-50.7050,-28.7951 -50.6744,-28.7390 -50.6854,-28.7051 -50.6744,-28.6475 -50.6829,-28.6268 -50.7266,-28.5998 -50.7726,-28.5834 -50.7861,-28.5582 -50.8285,-28.5533 -50.8639,-28.5735 -50.8711,-28.6087 -50.9125,-28.6619 -50.8920,-28.7003 -50.9088,-28.7345 -50.9584,-28.7903 -50.9629,-28.7945 -50.8907,-28.8063 -50.8847,-28.8389 -50.8499,-28.8327 -50.7865,-28.8144 -50.7459,-28.7827 -50.7050,-28.7951
4312385|-51.6955,-29.0973 -51.6954,-29.1584 -51.6655,-29.1881 -51.6167,-29.1872 -51.6150,-29.1253 -51.6493,-29.0938 -51.6817,-29.0890 -51.6955,-29.0973
4312401|-51.6419,-29.6358 -51.5659,-29.7366 -51.5865,-29.7760 -51.5221,-29.7810 -51.4922,-29.8232 -51.4382,-29.8444 -51.3667,-29.8373 -51.3499,-29.8186 -51.3655,-29.7880 -51.4031,-29.7721 -51.4077,-29.7290 -51.4571,-29.7058 -51.4234,-29.6802 -51.4281,-29.6531 -51.4671,-29.6214 -51.5032,-29.5770 -51.5380,-29.6128 -51.5757,-29.6130 -51.6081,-29.5922 -51.6627,-29.5901 -51.6419,-29.6358
4312427|-52.6606,-28.6116 -52.6897,-28.6361 -52.6954,-28.6663 -52.7284,-28.6853 -52.7246,-28.7348 -52.7100,-28.7465 -52.6240,-28.7593 -52.5959,-28.6879 -52.6148,-28.6370 -52.6606,-28.6116
4312443|-49.8867,-29.2584 -49.9298,-29.2526 -49.9545,-29.2854 -50.0063,-29.3025 -50.0301,-29.3425 -50.0097,-29.4011 -50.0323,-29.4224 -49.9815,-29.3981 -49.9610,-29.4056 -49.8907,-29.3723 -49.8886,-29.3124 -49.8867,-29.2584
4312450|-52.5793,-31.6819 -52.5698,-31.6658 -52.5892,-31.6084 -52.5484,-31.5593 -52.6122,-31.5040 -52.6602,-31.5799 -52.7097,-31.6114 -52.6988,-31.6367 -52.7118,-31.7112 -52.7366,-31.7406 -52.6690,-31.7384 -52.6203,-31.7276 -52.5793,-31.6819
4312476|-51.0637,-29.4675 -51.1061,-29.4769 -51.1125,-29.5107 -51.1164,-29.5441 -51.1176,-29.5510 -51.0489,-29.5617 -51.0027,-29.5417 -50.9469,-29.5526 -50.9434,-29.5470 -50.9686,-29.5195 -51.0169,-29.5149 -51.0637,-29.4675
4312500|-50.8421,-31.1900 -50.7672,-31.1101 -50.6679,-30.9629 -50.5583,-30.8182 -50.4649,-30.6807 -50.3740,-30.5629 -50.3343,-30.5008 -50.6864,-30.5008 -50.6795,-30.6092 -50.6901,-30.7069 -50.7208,-30.7797 -50.7538,-30.8189 -50.8165,-30.8412 -50.8823,-30.8916 -50.9196,-30.9064 -50.9681,-30.8978 -50.9514,-30.9595 -50.9546,-31.0032 -50.9950,-31.0481 -51.0485,-31.0616 -51.1036,-31.0994 -51.1769,-31.0798 -51.1790,-31.1342 -51.1338,-31.1234 -51.1172,-31.1508 -51.0527,-31.1639 -50.9856,-31.2062 -50.9623,-31.1832 -50.8421,-31.1900
4312609|-51.8861,-29.1714 -51.8425,-29.1512 -51.8289,-29.1761 -51.7580,-29.1852 -51.7391,-29.1368 -51.7390,-29.1188 -51.7796,-29.0942 -51.8008,-29.1158 -51.8308,-29.0968 -51.8627,-29.1162 -51.9077,-29.1075 -51.8971,-29.1458 -51.8861,-29.1714
4312617|-51.0813,-28.2329 -51.1431,-28.1811 -51.1971,-28.1870 -51.2444,-28.1538 -51.2555,-28.1765 -51.2954,-28.1906 -51.3273,-28.2201 -51.3840,-28.2407 -51.3887,-28.2959 -51.3268,-28.3333 -51.3485,-28.3980 -51.3344,-28.4185 -51.3716,-28.4641 -51.3693,-28.5030 -51.3964,-28.5400 -51.3987,-28.6388 -51.3689,-28.6334 -51.3352,-28.5839 -51.2557,-28.5886 -51.1925,-28.5907 -51.1524,-28.5649 -51.1331,-28.4929 -51.1017,-28.4588 -51.0842,-28.4146 -51.0375,-28.3764 -51.0630,-28.3189 -51.0619,-28.2539 -51.0813,-28.2329
4312625|-51.7052,-28.3127 -51.7488,-28.3080 -51.7643,-28.2881 -51.8215,-28.2980 -51.8083,-28.2499 -51.8575,-28.2523 -51.8321,-28.2895 -51.8176,-28.3385 -51.8334,-28.3569 -51.7857,-28.3819 -51.7166,-28.3697 -51.7052,-28.3127
4312658|-52.9206,-28.5401 -52.8805,-28.5205 -52.8523,-28.5351 -52.7955,-28.5187 -52.7601,-28.5429 -52.7271,-28.5486 -52.7150,-28.5013 -52.6925,-28.4690 -52.7743,-28.3708 -52.8376,-28.3863 -52.9227,-28.3728 -52.9398,-28.3797 -52.9267,-28.4018 -52.9462,-28.4963 -52.9206,-28.5401
4312674|-52.3910,-28.5691 -52.3653,-28.5638 -52.3491,-28.5301 -52.3916,-28.4676 -52.5117,-28.4760 -52.5446,-28.4980 -52.5523,-28.5298 -52.5462,-28.5474 -52.5228,-28.5437 -52.4575,-28.5652 -52.4344,-28.5490 -52.3910,-28.5691
4312708|-53.0167,-27.4617 -52.9735,-27.4115 -52.8918,-27.3866 -52.8684,-27.4332 -52.8130,-27.4503 -52.8185,-27.5027 -52.8000,-27.4962 -52.7267,-27.4362 -52.7260,-27.4322 -52.7194,-27.3981 -52.7285,-27.3362 -52.7049,-27.2984 -52.6849,-27.2960 -52.6915,-27.2844 -52.7138,-27.2377 -52.7630,-27.2492 -52.7605,-27.2132 -52.7855,-27.2060 -52.8010,-27.2034 -52.7834,-27.2330 -52.8098,-27.2976 -52.8476,-27.3402 -52.9079,-27.3116 -52.9338,-27.3128 -52.9510,-27.3083 -52.9560,-27.3716 -52.9956,-27.3871 -53.0337,-27.3721 -53.0758,-27.3733 -53.1241,-27.4343 -53.1322,-27.4441 -53.0806,-27.4360 -53.0355,-27.4540 -53.0167,-27.4617
4312757|-52.1560,-28.6517 -52.2032,-28.6736 -52.2494,-28.6624 -52.2570,-28.6805 -52.2475,-28.7498 -52.0785,-28.7414 -52.0816,-28.7120 -52.1001,-28.6690 -52.1335,-28.6730 -52.1560,-28.6517
4312807|-51.8364,-28.6795 -51.7831,-28.6658 -51.7217,-28.6827 -51.6687,-28.6577 -51.6702,-28.6287 -51.7066,-28.6096 -51.7301,-28.6284 -51.8396,-28.6520 -51.8482,-28.6635 -51.8364,-28.6795
4312906|-51.7141,-28.7842 -51.6623,-28.7739 -51.6687,-28.6577 -51.7217,-28.6827 -51.7831,-28.6658 -51.8364,-28.6795 -51.8561,-28.7550 -51.8336,-28.7782 -51.7141,-28.7842
4312955|-53.0165,-28.0372 -52.9444,-28.0443 -52.9088,-28.0145 -52.9346,-27.9614 -52.9764,-27.9534 -53.0323,-27.9618 -53.0165,-28.0372
4313003|-51.9646,-29.2380 -51.9582,-29.2020 -52.0017,-29.1661 -52.0180,-29.1673 -52.0744,-29.1964 -52.1134,-29.2328 -52.1122,-29.2706 -52.0367,-29.2676 -51.9936,-29.2338 -51.9646,-29.2380
4313011|-54.1435,-27.6257 -54.0849,-27.6269 -54.0463,-27.6523 -54.0722,-27.5761 -54.0708,-27.5508 -54.1376,-27.5637 -54.1989,-27.5589 -54.2000,-27.5912 -54.1889,-27.6148 -54.1435,-27.6257
4313037|-54.8345,-29.5055 -54.7506,-29.4610 -54.7597,-29.4097 -54.7509,-29.3915 -54.7799,-29.3454 -54.8350,-29.3514 -54.8337,-29.3187 -54.9277,-29.3270 -54.8957,-29.3493 -54.8657,-29.3977 -54.8500,-29.4771 -54.8345,-29.5055
4313060|-50.9060,-29.6314 -50.8805,-29.6367 -50.8565,-29.5844 -50.8561,-29.5562 -50.9001,-29.5505 -50.9434,-29.5470 -50.9469,-29.5526 -50.9499,-29.5959 -50.9117,-29.5995 -50.9060,-29.6314
4313086|-51.2705,-28.9603 -51.2752,-28.9259 -51.3402,-28.9646 -51.3825,-28.9998 -51.3589,-29.0177 -51.3573,-29.0581 -51.2738,-29.0286 -51.2705,-28.9603
4313102|-53.4394,-29.3387 -53.4948,-29.3585 -53.5261,-29.3996 -53.4991,-29.4550 -53.5184,-29.4710 -53.5072,-29.5171 -53.4920,-29.5252 -53.4289,-29.5124 -53.3865,-29.4891 -53.2939,-29.4859 -53.2942,-29.4526 -53.2654,-29.4493 -53.2382,-29.4119 -53.3127,-29.4375 -53.3671,-29.3574 -53.4394,-29.3387
4313201|-51.1690,-29.4394 -51.1343,-29.4373 -51.0968,-29.4095 -51.0875,-29.4503 -51.0425,-29.4394 -51.0193,-29.4368 -50.9813,-29.3904 -50.9553,-29.3743 -50.9854,-29.3208 -51.0323,-29.2943 -51.0491,-29.3077 -51.0886,-29.2909 -51.1190,-29.3083 -51.1369,-29.3388 -51.1805,-29.3262 -51.2123,-29.3586 -51.2263,-29.3899 -51.1967,-29.4094 -51.1690,-29.4394
4313300|-51.4937,-28.8236 -51.5617,-28.6929 -51.5959,-28.6691 -51.6426,-28.6541 -51.6702,-28.6287 -51.6687,-28.6577 -51.6623,-28.7739 -51.7141,-28.7842 -51.6889,-28.7921 -51.7121,-28.8355 -51.6672,-28.8348 -51.5752,-28.8334 -51.4937,-28.8236
4313334|-53.8017,-28.1023 -53.7869,-28.1294 -53.7169,-28.1512 -53.6199,-28.1457 -53.6228,-28.0926 -53.5855,-28.0391 -53.6586,-28.0353 -53.6961,-27.9871 -53.7490,-27.9926 -53.7771,-28.0400 -53.8142,-28.0557 -53.8017,-28.1023
4313359|-51.4221,-29.0598 -51.3704,-29.0686 -51.3573,-29.0581 -51.3589,-29.0177 -51.3825,-28.9998 -51.3402,-28.9646 -51.3546,-28.9193 -51.4642,-28.9249 -51.4770,-29.0187 -51.4409,-29.0594 -51.4221,-29.0598
4313375|-51.3667,-29.8373 -51.3676,-29.8892 -51.3103,-29.9315 -51.2673,-29.9352 -51.2335,-29.9387 -51.2496,-29.8841 -51.2316,-29.8623 -51.1812,-29.8296 -51.1926,-29.8034 -51.2310,-29.7808 -51.3073,-29.7757 -51.3337,-29.7566 -51.3655,-29.7880 -51.3499,-29.8186 -51.3667,-29.8373
4313391|-53.0785,-29.7936 -53.0582,-29.8234 -52.9992,-29.8085 -52.9642,-29.8341 -52.9238,-29.8314 -52.8997,-29.8461 -52.9275,-29.7711 -52.9297,-29.7192 -52.9989,-29.7007 -53.0420,-29.6753 -53.0685,-29.7278 -53.0557,-29.7686 -53.0785,-29.7936
4313409|-51.1771,-29.6722 -51.1577,-29.7164 -51.1323,-29.7410 -51.0848,-29.7351 -51.0871,-29.7624 -51.0681,-29.8113 -51.0811,-29.8298 -50.9577,-29.7893 -50.9342,-29.7691 -50.9469,-29.6931 -50.9962,-29.7063 -51.0805,-29.7155 -51.0757,-29.6861 -51.0978,-29.6438 -51.1299,-29.6386 -51.1346,-29.6381 -51.1433,-29.6699 -51.1771,-29.6722
4313425|-54.4746,-27.4812 -54.5006,-27.4804 -54.5249,-27.5062 -54.5734,-27.4536 -54.6158,-27.5322 -54.6320,-27.5457 -54.6372,-27.5752 -54.5936,-27.5983 -54.5667,-27.6308 -54.5480,-27.6138 -54.4838,-27.6019 -54.4441,-27.5798 -54.4239,-27.5474 -54.4676,-27.5226 -54.4746,-27.4812
4313441|-53.2063,-27.6001 -53.1840,-27.5877 -53.1480,-27.6052 -53.1187,-27.5885 -53.1013,-27.5687 -53.1442,-27.5225 -53.1950,-27.5201 -53.2309,-27.5786 -53.2063,-27.6001
4313466|-53.1126,-27.7582 -53.0659,-27.7749 -53.0562,-27.7971 -53.0191,-27.8048 -52.9844,-27.7905 -53.0248,-27.7603 -53.0246,-27.7264 -53.0751,-27.6752 -53.0999,-27.6752 -53.0999,-27.7345 -53.1126,-27.7582
4313490|-53.0691,-27.8138 -53.1139,-27.8362 -53.1188,-27.8630 -53.1785,-27.9139 -53.2114,-27.9660 -53.1926,-27.9938 -53.1563,-27.9433 -53.0721,-27.9237 -53.0575,-27.9416 -53.0492,-27.8817 -53.0434,-27.8651 -53.0691,-27.8138
4313508|-50.3487,-30.0532 -50.3069,-30.0214 -50.2208,-29.9775 -50.1847,-29.9950 -50.1551,-29.9866 -50.1288,-29.9404 -50.1468,-29.9189 -50.1091,-29.8845 -50.0753,-29.8845 -50.0637,-29.8600 -50.1112,-29.8338 -50.1159,-29.7882 -50.1732,-29.7940 -50.1857,-29.7440 -50.2233,-29.7259 -50.2559,-29.7571 -50.2536,-29.8017 -50.2762,-29.8348 -50.3725,-29.8583 -50.3861,-29.8849 -50.3992,-29.9717 -50.4595,-30.0168 -50.4566,-30.0517 -50.4152,-30.1028 -50.3670,-30.0759 -50.3487,-30.0532
4313607|-51.7010,-27.6899 -51.7546,-27.6672 -51.8928,-27.6791 -51.8810,-27.7198 -51.8569,-27.7501 -51.7768,-27.7603 -51.7519,-27.7815 -51.7173,-27.7733 -51.6746,-27.7298 -51.7090,-27.7037 -51.7010,-27.6899
4313656|-50.3343,-30.5008 -50.3061,-30.4471 -50.2519,-30.3049 -50.2894,-30.2914 -50.2690,-30.2224 -50.3569,-30.1968 -50.4051,-30.2162 -50.4459,-30.2013 -50.5102,-30.2145 -50.5413,-30.2078 -50.5426,-30.2523 -50.5554,-30.3168 -50.5453,-30.3560 -50.5656,-30.3879 -50.5744,-30.4815 -50.6111,-30.4857 -50.6492,-30.4536 -50.6537,-30.4175 -50.5967,-30.3910 -50.6186,-30.3607 -50.6434,-30.3959 -50.7056,-30.3476 -50.7295,-30.3681 -50.7005,-30.4248 -50.6864,-30.5008 -50.3343,-30.5008
4313706|-53.1926,-27.9938 -53.2114,-27.9660 -53.1785,-27.9139 -53.1188,-27.8630 -53.1139,-27.8362 -53.1923,-27.8295 -53.2029,-27.8035 -53.2684,-27.8384 -53.2922,-27.7546 -53.3263,-27.8003 -53.3920,-27.7573 -53.3918,-27.6907 -53.4205,-27.6922 -53.4286,-27.7276 -53.4596,-27.7558 -53.4888,-27.7382 -53.5605,-27.7438 -53.5119,-27.8171 -53.5458,-27.8940 -53.5942,-27.9143 -53.6242,-27.9454 -53.6188,-27.9816 -53.5681,-28.0014 -53.5855,-28.0391 -53.5268,-28.0659 -53.5071,-28.1467 -53.4759,-28.0881 -53.4118,-28.0874 -53.4030,-28.1362 -53.3530,-28.1287 -53.3500,-28.1555 -53.3115,-28.1951 -53.2915,-28.1716 -53.2556,-28.1644 -53.2492,-28.1423 -53.2878,-28.1102 -53.3017,-28.0809 -53.2089,-28.0740 -53.1910,-28.0451 -53.2293,-28.0353 -53.2380,-28.0030 -53.1926,-27.9938
4313805|-53.6416,-27.3424 -53.6487,-27.3544 -53.5508,-27.3944 -53.5320,-27.3874 -53.5124,-27.3658 -53.5381,-27.3366 -53.5472,-27.2713 -53.5614,-27.2451 -53.6134,-27.2851 -53.6396,-27.2612 -53.6627,-27.3159 -53.6416,-27.3424
4313904|-53.6595,-28.3194 -53.6101,-28.3810 -53.5687,-28.3970 -53.5464,-28.3763 -53.4831,-28.3907 -53.4812,-28.4409 -53.4947,-28.4769 -53.4603,-28.4913 -53.4106,-28.4304 -53.4179,-28.4120 -53.3732,-28.3868 -53.4005,-28.2423 -53.5361,-28.2264 -53.6389,-28.2704 -53.6407,-28.2577 -53.6590,-28.2816 -53.7054,-28.2797 -53.7132,-28.2979 -53.6680,-28.3010 -53.6595,-28.3194
4313953|-52.3429,-30.3590 -52.2903,-30.3471 -52.2348,-30.4334 -52.2128,-30.4478 -52.1587,-30.4427 -52.1798,-30.3864 -52.1632,-30.3222 -52.2098,-30.2596 -52.2537,-30.2697 -52.2858,-30.2185 -52.2941,-30.1697 -52.2844,-30.1370 -52.3510,-30.1418 -52.3773,-30.1279 -52.3872,-30.0891 -52.4177,-30.0815 -52.4890,-30.0986 -52.5201,-30.1181 -52.5580,-30.1721 -52.5371,-30.1933 -52.5313,-30.2724 -52.5052,-30.3140 -52.5015,-30.3623 -52.4189,-30.3630 -52.4022,-30.3808 -52.3429,-30.3590
4314001|-51.8396,-28.6520 -51.7301,-28.6284 -51.7066,-28.6096 -51.7404,-28.5486 -51.7974,-28.5321 -51.8028,-28.5377 -51.8086,-28.5570 -51.8537,-28.5904 -51.8528,-28.6436 -51.8396,-28.6520
4314027|-53.0581,-29.5696 -53.0729,-29.5595 -53.1365,-29.5591 -53.1367,-29.6082 -53.1541,-29.6326 -53.1868,-29.6320 -53.2039,-29.6695 -53.2090,-29.7588 -53.1745,-29.7697 -53.1613,-29.8129 -53.1095,-29.8522 -53.0785,-29.7936 -53.0557,-29.7686 -53.0685,-29.7278 -53.0420,-29.6753 -53.0613,-29.6048 -53.0581,-29.5696
4314035|-51.3916,-29.6531 -51.3866,-29.5836 -51.4620,-29.5690 -51.4671,-29.6214 -51.4281,-29.6531 -51.3916,-29.6531
4314050|-50.8060,-29.6174 -50.8565,-29.5844 -50.8805,-29.6367 -50.9060,-29.6314 -50.9266,-29.6756 -50.8879,-29.7008 -50.8690,-29.7297 -50.8397,-29.7247 -50.8235,-29.6851 -50.7963,-29.6677 -50.8060,-29.6174
4314068|-52.7982,-29.4955 -52.7737,-29.4427 -52.7578,-29.4049 -52.7542,-29.3642 -52.8160,-29.3159 -52.8245,-29.3275 -52.8139,-29.3483 -52.8508,-29.3863 -52.9386,-29.3949 -52.9372,-29.4101 -52.9905,-29.4350 -53.0144,-29.4640 -52.9625,-29.5155 -52.8490,-29.5116 -52.7982,-29.4955
4314076|-52.1204,-29.7238 -52.1563,-29.7045 -52.1720,-29.6770 -52.2100,-29.6664 -52.2601,-29.7024 -52.2988,-29.6746 -52.3354,-29.7291 -52.3045,-29.8087 -52.3141,-29.8355 -52.3064,-29.8725 -52.1780,-29.8267 -52.2326,-29.7754 -52.1363,-29.7489 -52.1204,-29.7238
4314100|-52.2137,-28.3528 -52.2805,-28.3230 -52.3051,-28.3017 -52.2671,-28.2413 -52.2772,-28.2283 -52.3034,-28.1916 -52.3360,-28.2006 -52.4107,-28.1749 -52.4651,-28.1676 -52.4894,-28.1201 -52.5311,-28.1384 -52.5712,-28.1236 -52.6316,-28.1702 -52.6075,-28.2056 -52.6081,-28.2338 -52.6735,-28.2702 -52.6343,-28.3007 -52.5905,-28.3099 -52.6007,-28.3327 -52.5570,-28.3216 -52.5080,-28.3726 -52.4437,-28.4042 -52.4212,-28.4048 -52.3728,-28.3769 -52.3417,-28.3940 -52.2951,-28.3893 -52.3096,-28.3611 -52.2820,-28.3349 -52.2587,-28.3659 -52.2137,-28.3528
4314134|-52.3422,-27.6610 -52.4473,-27.6628 -52.4783,-27.6822 -52.4828,-27.7194 -52.4657,-27.7373 -52.4423,-27.7367 -52.4121,-27.7731 -52.3694,-27.7521 -52.3328,-27.7504 -52.3204,-27.7206 -52.3216,-27.6609 -52.3422,-27.6610
4314159|-51.6627,-29.5901 -51.6650,-29.5008 -51.6908,-29.5008 -51.7327,-29.5235 -51.7887,-29.5163 -51.8168,-29.5294 -51.7956,-29.5737 -51.7987,-29.6142 -51.7606,-29.6492 -51.7511,-29.6286 -51.6792,-29.6145 -51.6588,-29.6444 -51.6419,-29.6358 -51.6627,-29.5901
4314175|-53.6228,-31.6050 -53.6688,-31.5914 -53.7180,-31.6453 -53.7719,-31.6506 -53.7644,-31.7104 -53.7705,-31.7472 -53.7993,-31.7611 -53.8001,-31.7875 -53.8362,-31.8284 -53.9139,-31.8551 -53.9310,-31.8740 -53.9475,-31.9546 -53.9185,-31.9638 -53.8921,-31.9954 -53.8508,-32.0002 -53.8333,-32.0551 -53.8040,-32.0707 -53.7479,-32.0779 -53.7256,-32.0984 -53.7143,-32.0005 -53.6533,-31.9884 -53.6425,-31.9707 -53.5891,-31.9427 -53.4722,-31.8681 -53.4428,-31.8388 -53.4681,-31.7776 -53.4995,-31.7509 -53.4999,-31.6738 -53.5180,-31.6526 -53.5739,-31.6342 -53.6059,-31.6350 -53.6228,-31.6050
4314209|-53.1243,-32.0026 -53.0429,-32.0027 -53.0281,-32.0213 -52.9705,-32.0319 -52.8578,-32.0419 -52.8094,-32.0710 -52.7814,-32.0635 -52.6628,-31.9007 -52.6653,-31.9000 -52.7076,-31.8699 -52.7736,-31.8733 -52.8256,-31.8582 -52.8781,-31.8845 -52.9180,-31.8878 -52.9597,-31.9035 -53.0460,-31.9152 -53.1011,-31.9616 -53.1243,-32.0026
4314308|-53.7055,-28.4808 -53.6098,-28.5259 -53.5728,-28.5263 -53.5129,-28.5706 -53.4640,-28.5536 -53.4490,-28.5106 -53.4603,-28.4913 -53.4947,-28.4769 -53.4812,-28.4409 -53.4831,-28.3907 -53.5464,-28.3763 -53.5687,-28.3970 -53.6101,-28.3810 -53.6595,-28.3194 -53.6829,-28.3918 -53.7482,-28.4199 -53.7592,-28.4371 -53.7229,-28.4794 -53.7055,-28.4808
4314407|-52.2236,-31.7889 -52.2258,-31.7519 -52.1524,-31.6993 -52.1041,-31.6847 -52.0307,-31.6923 -52.0135,-31.5972 -52.0399,-31.5600 -52.0883,-31.5499 -52.1202,-31.5650 -52.1736,-31.5192 -52.1731,-31.4984 -52.2135,-31.4804 -52.2380,-31.4447 -52.2895,-31.4747 -52.3087,-31.4404 -52.2774,-31.3905 -52.2930,-31.3680 -52.3856,-31.3517 -52.4227,-31.3363 -52.4790,-31.3222 -52.5010,-31.3282 -52.6122,-31.5040 -52.5484,-31.5593 -52.5892,-31.6084 -52.5698,-31.6658 -52.5793,-31.6819 -52.4273,-31.7327 -52.3729,-31.8001 -52.3050,-31.7741 -52.2236,-31.7889
4314423|-51.1125,-29.5107 -51.1061,-29.4769 -51.0637,-29.4675 -51.0125,-29.4760 -51.0084,-29.4459 -51.0425,-29.4394 -51.0875,-29.4503 -51.0968,-29.4095 -51.1343,-29.4373 -51.1690,-29.4394 -51.1778,-29.4941 -51.1125,-29.5107
4314456|-53.2309,-27.5786 -53.1950,-27.5201 -53.2068,-27.4870 -53.2468,-27.4958 -53.2739,-27.4812 -53.2758,-27.5180 -53.2553,-27.5806 -53.2309,-27.5786
4314464|-51.0534,-27.8689 -51.1346,-27.8037 -51.1878,-27.7777 -51.2720,-27.7517 -51.2733,-27.7355 -51.3088,-27.7195 -51.3303,-27.7511 -51.3311,-27.7864 -51.3634,-27.7985 -51.3784,-27.8488 -51.3590,-27.8628 -51.3196,-27.8745 -51.2669,-27.8604 -51.2520,-27.9030 -51.2627,-27.9415 -51.2399,-27.9795 -51.1668,-27.9579 -51.1429,-27.9355 -51.0567,-27.8868 -51.0534,-27.8689
4314472|-53.2382,-29.4119 -53.2199,-29.3699 -53.2310,-29.3501 -53.2300,-29.3092 -53.2108,-29.2641 -53.2470,-29.2404 -53.2455,-29.1936 -53.2666,-29.1907 -53.3303,-29.1698 -53.4336,-29.1820 -53.4614,-29.2068 -53.4651,-29.2524 -53.4466,-29.2872 -53.4677,-29.3040 -53.4394,-29.3387 -53.3671,-29.3574 -53.3127,-29.4375 -53.2382,-29.4119
4314498|-53.7069,-27.1983 -53.7090,-27.2147 -53.6396,-27.2612 -53.6134,-27.2851 -53.5614,-27.2451 -53.5540,-27.2377 -53.5997,-27.1894 -53.6307,-27.2134 -53.6513,-27.1766 -53.6862,-27.1636 -53.7177,-27.1825 -53.7069,-27.1983
4314506|-53.6228,-31.6050 -53.6059,-31.6350 -53.5739,-31.6342 -53.5180,-31.6526 -53.4999,-31.6738 -53.4995,-31.7509 -53.4681,-31.7776 -53.4428,-31.8388 -53.3313,-31.8404 -53.2681,-31.8644 -53.2583,-31.8444 -53.3032,-31.8149 -53.3300,-31.7459 -53.3319,-31.7081 -53.3075,-31.6367 -53.2692,-31.6212 -53.1985,-31.5219 -53.2322,-31.5014 -53.2868,-31.4901 -53.2778,-31.4292 -53.3559,-31.3986 -53.3838,-31.3581 -53.3866,-31.3148 -53.3466,-31.2557 -53.3412,-31.2045 -53.2824,-31.1520 -53.2357,-31.1521 -53.2183,-31.1073 -53.1924,-31.0861 -53.1655,-31.0240 -53.2223,-30.9907 -53.2617,-31.0105 -53.3585,-30.9795 -53.3852,-30.9881 -53.4176,-30.9648 -53.4431,-30.9642 -53.4589,-31.0222 -53.4894,-31.0356 -53.4811,-31.1156 -53.5019,-31.1558 -53.5301,-31.2420 -53.6041,-31.2890 -53.6065,-31.3116 -53.6508,-31.3381 -53.6155,-31.3853 -53.5609,-31.4075 -53.5730,-31.4424 -53.6015,-31.4605 -53.5783,-31.5372 -53.6228,-31.6050
4314548|-51.5040,-29.0818 -51.4582,-29.1687 -51.4232,-29.1562 -51.4116,-29.1273 -51.4221,-29.0598 -51.4409,-29.0594 -51.4770,-29.0187 -51.5040,-29.0818
4314555|-55.3755,-28.0340 -55.3424,-28.0497 -55.3088,-28.0878 -55.2764,-28.0964 -55.2650,-28.1236 -55.2187,-28.1491 -55.1899,-28.1508 -55.1462,-28.1872 -55.1263,-28.1438 -55.1503,-28.1008 -55.1118,-28.0765 -55.1513,-28.0463 -55.1725,-28.0540 -55.1905,-28.0101 -55.3398,-27.9660 -55.3872,-27.9862 -55.3755,-28.0340
4314605|-53.2681,-31.8644 -53.2390,-31.8864 -53.1848,-31.8813 -53.1578,-31.8908 -53.1019,-31.8694 -53.0493,-31.8844 -53.0207,-31.8704 -52.9363,-31.8641 -52.9180,-31.8878 -52.8781,-31.8845 -52.8256,-31.8582 -52.8666,-31.8076 -52.8676,-31.7718 -52.9008,-31.7227 -52.9034,-31.6721 -52.9402,-31.6445 -52.9289,-31.6108 -52.9912,-31.5595 -52.9592,-31.4460 -52.9366,-31.4373 -52.9184,-31.3982 -52.9347,-31.3848 -52.9075,-31.3168 -52.9210,-31.2462 -52.9091,-31.2246 -52.9228,-31.1785 -52.9307,-31.0693 -52.9060,-31.0118 -52.8737,-30.9609 -52.8660,-30.9224 -52.9223,-30.9355 -53.0206,-30.9201 -53.0230,-30.9864 -53.0866,-30.9688 -53.1247,-30.9855 -53.1253,-31.0164 -53.1655,-31.0240 -53.1924,-31.0861 -53.2183,-31.1073 -53.2357,-31.1521 -53.2824,-31.1520 -53.3412,-31.2045 -53.3466,-31.2557 -53.3866,-31.3148 -53.3838,-31.3581 -53.3559,-31.3986 -53.2778,-31.4292 -53.2868,-31.4901 -53.2322,-31.5014 -53.1985,-31.5219 -53.2692,-31.6212 -53.3075,-31.6367 -53.3319,-31.7081 -53.3300,-31.7459 -53.3032,-31.8149 -53.2583,-31.8444 -53.2681,-31.8644
4314704|-53.1241,-27.4343 -53.0758,-27.3733 -53.0337,-27.3721 -52.9956,-27.3871 -52.9560,-27.3716 -52.9510,-27.3083 -53.0097,-27.3237 -53.0757,-27.2705 -53.1593,-27.2824 -53.1908,-27.2860 -53.2023,-27.3119 -53.1721,-27.3402 -53.1133,-27.3765 -53.1428,-27.4056 -53.1241,-27.4343
4314753|-51.6694,-29.4809 -51.6018,-29.4757 -51.5695,-29.4580 -51.6079,-29.4112 -51.6105,-29.4008 -51.6575,-29.3993 -51.6912,-29.4235 -51.6909,-29.4707 -51.6694,-29.4809
4314779|-52.8282,-28.0292 -52.7553,-28.0365 -52.7242,-28.0596 -52.6879,-28.1149 -52.6602,-28.1226 -52.6545,-28.1691 -52.6316,-28.1702 -52.5712,-28.1236 -52.5311,-28.1384 -52.4894,-28.1201 -52.5070,-28.0361 -52.5802,-27.9455 -52.6094,-27.9371 -52.6513,-27.9481 -52.7044,-27.9121 -52.7449,-27.9450 -52.7588,-27.9686 -52.7998,-27.9841 -52.8282,-28.0292
4314787|-52.5636,-27.6892 -52.5013,-27.6931 -52.4828,-27.7194 -52.4783,-27.6822 -52.4473,-27.6628 -52.4772,-27.6035 -52.5175,-27.6150 -52.5573,-27.6028 -52.5594,-27.6790 -52.5737,-27.6807 -52.5636,-27.6892
4314803|-51.3073,-29.7757 -51.2310,-29.7808 -51.1926,-29.8034 -51.1908,-29.7778 -51.2098,-29.7344 -51.1935,-29.6804 -51.2198,-29.6822 -51.2309,-29.6168 -51.2450,-29.5837 -51.2796,-29.5838 -51.2881,-29.6189 -51.2767,-29.6559 -51.2852,-29.7220 -51.3073,-29.7757
4314902|-51.2719,-30.0390 -51.2338,-30.0476 -51.2592,-30.1235 -51.2260,-30.1442 -51.2278,-30.1771 -51.1282,-30.2478 -51.0765,-30.2434 -51.0629,-30.2596 -51.0530,-30.2307 -51.0119,-30.1989 -51.0767,-30.1753 -51.0949,-30.1186 -51.1120,-30.1042 -51.1123,-30.0510 -51.0849,-30.0462 -51.0865,-29.9709 -51.1274,-29.9545 -51.2009,-29.9715 -51.2335,-29.9387 -51.2673,-29.9352 -51.3032,-29.9501 -51.2618,-30.0096 -51.2719,-30.0390
4315008|-55.0486,-27.9228 -55.0162,-27.9249 -54.9883,-27.9047 -54.9398,-27.9302 -54.8910,-27.9097 -54.8922,-27.8552 -54.8545,-27.8761 -54.8284,-27.8703 -54.8316,-27.8413 -54.8629,-27.8340 -54.8529,-27.7828 -54.9064,-27.7992 -54.9212,-27.8176 -54.9630,-27.7898 -54.9993,-27.7905 -55.0243,-27.7942 -55.0579,-27.7681 -55.0827,-27.7969 -55.0247,-27.8353 -55.0517,-27.8524 -55.0486,-27.9228
4315057|-54.6320,-27.5457 -54.6801,-27.5266 -54.6717,-27.5664 -54.7233,-27.5635 -54.7360,-27.5799 -54.6678,-27.6457 -54.6315,-27.6513 -54.5936,-27.5983 -54.6372,-27.5752 -54.6320,-27.5457
4315073|-54.9029,-27.6989 -54.9066,-27.7298 -54.9494,-27.7793 -54.9993,-27.7905 -54.9630,-27.7898 -54.9212,-27.8176 -54.9064,-27.7992 -54.8529,-27.7828 -54.8224,-27.7397 -54.8193,-27.7045 -54.8670,-27.6904 -54.9029,-27.6989
4315107|-55.0517,-27.8524 -55.0911,-27.8432 -55.1263,-27.8598 -55.1393,-27.8951 -55.1716,-27.8613 -55.2027,-27.8579 -55.2501,-27.9142 -55.2778,-27.9329 -55.2421,-27.9596 -55.2131,-27.9532 -55.1683,-27.9919 -55.1584,-28.0345 -55.1090,-28.0332 -55.0734,-28.0099 -55.0796,-27.9422 -55.0486,-27.9228 -55.0517,-27.8524
4315131|-52.1587,-29.2139 -52.1852,-29.1646 -52.1951,-29.1168 -52.2123,-29.0946 -52.2469,-29.1020 -52.2905,-29.1297 -52.2924,-29.1639 -52.2852,-29.1866 -52.2487,-29.1973 -52.1744,-29.2133 -52.1662,-29.2266 -52.1587,-29.2139
4315149|-51.1125,-29.5107 -51.1778,-29.4941 -51.2334,-29.5208 -51.2241,-29.5471 -51.2053,-29.5572 -51.1578,-29.5387 -51.1164,-29.5441 -51.1125,-29.5107
4315156|-52.4364,-29.2140 -52.4175,-29.2359 -52.2895,-29.2882 -52.2426,-29.3135 -52.1878,-29.2865 -52.2007,-29.2434 -52.2487,-29.1973 -52.2852,-29.1866 -52.2924,-29.1639 -52.3425,-29.1406 -52.4273,-29.1570 -52.4364,-29.2140
4315172|-51.5617,-28.6929 -51.4937,-28.8236 -51.4626,-28.8562 -51.4655,-28.8298 -51.4380,-28.8059 -51.4259,-28.7385 -51.4451,-28.6737 -51.4775,-28.6499 -51.5310,-28.6671 -51.5617,-28.6929
4315206|-52.0920,-28.9804 -52.2283,-28.9701 -52.2260,-29.0378 -52.2047,-29.0729 -52.2123,-29.0946 -52.1951,-29.1168 -52.1516,-29.0878 -52.0898,-29.1082 -52.0573,-29.0927 -52.0460,-29.0577 -52.0487,-29.0206 -52.0920,-28.9804
4315305|-56.6581,-30.2013 -56.5958,-30.2954 -56.5370,-30.3341 -56.4914,-30.3981 -56.4622,-30.3845 -56.4400,-30.4325 -56.3982,-30.4484 -56.3859,-30.4956 -56.2899,-30.5323 -56.2449,-30.5013 -56.1813,-30.4816 -56.1315,-30.4563 -56.0884,-30.4537 -56.0661,-30.4372 -56.0231,-30.4417 -55.9476,-30.4226 -55.8622,-30.4332 -55.7865,-30.4162 -55.7697,-30.3968 -55.7010,-30.4008 -55.6683,-30.2982 -55.6753,-30.2777 -55.6917,-30.2555 -55.6756,-30.2268 -55.7451,-30.2310 -55.7681,-30.1686 -55.8134,-30.1695 -55.8656,-30.1344 -55.8776,-30.0878 -55.9686,-30.0905 -56.0203,-30.0815 -56.0444,-30.0501 -56.0826,-30.0793 -56.1212,-30.0802 -56.1503,-30.0550 -56.1818,-30.0859 -56.2310,-30.0918 -56.2804,-30.1144 -56.3205,-30.1201 -56.4060,-30.1163 -56.4396,-30.1369 -56.5128,-30.1590 -56.5468,-30.1343 -56.6002,-30.1481 -56.6252,-30.1830 -56.6581,-30.2013
4315313|-52.4090,-27.8580 -52.3869,-27.8501 -52.3778,-27.8113 -52.3267,-27.7704 -52.3282,-27.7490 -52.3328,-27.7504 -52.3694,-27.7521 -52.4121,-27.7731 -52.4423,-27.7367 -52.4657,-27.7373 -52.4892,-27.7693 -52.4947,-27.8066 -52.5262,-27.8399 -52.5975,-27.8841 -52.5800,-27.9249 -52.6094,-27.9371 -52.5802,-27.9455 -52.5241,-27.9421 -52.5199,-27.9245 -52.4627,-27.9092 -52.4303,-27.8648 -52.4090,-27.8580
4315321|-53.9199,-29.2207 -53.9778,-29.1416 -54.0278,-29.1057 -54.0449,-29.1786 -54.0701,-29.1988 -54.0882,-29.2394 -54.1127,-29.2413 -54.1573,-29.2852 -54.1517,-29.3104 -54.1991,-29.3923 -54.2086,-29.4263 -54.1912,-29.4825 -54.1417,-29.4804 -54.0997,-29.4610 -54.0693,-29.4472 -54.0271,-29.4047 -53.9932,-29.3177 -53.9477,-29.2735 -53.9199,-29.2207
4315354|-53.2608,-28.7298 -53.2392,-28.7440 -53.1535,-28.7518 -53.1519,-28.7968 -53.1127,-28.8143 -53.1239,-28.8471 -53.0793,-28.8625 -53.0609,-28.8297 -53.0640,-28.7993 -53.0343,-28.7637 -53.0304,-28.6900 -53.0959,-28.7013 -53.1910,-28.7067 -53.2407,-28.6821 -53.2608,-28.7298
4315404|-53.7337,-27.6619 -53.6893,-27.6732 -53.6323,-27.7090 -53.5798,-27.6809 -53.5870,-27.6381 -53.5705,-27.6170 -53.5822,-27.5714 -53.5705,-27.5459 -53.5725,-27.4815 -53.6108,-27.4640 -53.6481,-27.4193 -53.7001,-27.4468 -53.6652,-27.5487 -53.6812,-27.5480 -53.6731,-27.6058 -53.6947,-27.6399 -53.7337,-27.6619
4315453|-51.9928,-29.1436 -52.0460,-29.0577 -52.0573,-29.0927 -52.0898,-29.1082 -52.1516,-29.0878 -52.1220,-29.1484 -52.0180,-29.1673 -52.0017,-29.1661 -51.9928,-29.1436
4315503|-53.5493,-29.8675 -53.5058,-29.8834 -53.4680,-29.8804 -53.4189,-29.9249 -53.3650,-29.9251 -53.3274,-29.9435 -53.2993,-29.9379 -53.2539,-29.9578 -53.1257,-29.9683 -53.0954,-29.9670 -53.0945,-29.9276 -53.1199,-29.9198 -53.1095,-29.8522 -53.1613,-29.8129 -53.1745,-29.7697 -53.1962,-29.8310 -53.2768,-29.7989 -53.2896,-29.7857 -53.2664,-29.7295 -53.2823,-29.6898 -53.3554,-29.6682 -53.3619,-29.6367 -53.3843,-29.6318 -53.5298,-29.6958 -53.5448,-29.7041 -53.5347,-29.7547 -53.5185,-29.7648 -53.5651,-29.8133 -53.5493,-29.8675
4315552|-52.9338,-27.3128 -52.9079,-27.3116 -52.8476,-27.3402 -52.8098,-27.2976 -52.7834,-27.2330 -52.8010,-27.2034 -52.8457,-27.2074 -52.8513,-27.1703 -52.9293,-27.2041 -52.9567,-27.1633 -52.9712,-27.2178 -52.9505,-27.2492 -52.9589,-27.2918 -52.9338,-27.3128
4315602|-52.4229,-32.6288 -52.3864,-32.5258 -52.3408,-32.4246 -52.2930,-32.3383 -52.2339,-32.2602 -52.1249,-32.1693 -52.0972,-32.1617 -52.0991,-32.0826 -52.1565,-32.0958 -52.1386,-32.0465 -52.1941,-32.0579 -52.1960,-32.0280 -52.1131,-32.0092 -52.1133,-31.9779 -52.1881,-31.9821 -52.2282,-32.0361 -52.2416,-31.9916 -52.1880,-31.9630 -52.1392,-31.9184 -52.1770,-31.9073 -52.2201,-31.8728 -52.2236,-31.7889 -52.3050,-31.7741 -52.3729,-31.8001 -52.3892,-31.8489 -52.4080,-31.8633 -52.3807,-31.9126 -52.3890,-31.9434 -52.4170,-31.9671 -52.4183,-32.0155 -52.4095,-32.0385 -52.4459,-32.0644 -52.4915,-32.0552 -52.5307,-32.0932 -52.5629,-32.1000 -52.6186,-32.1309 -52.6229,-32.1456 -52.6831,-32.2728 -52.6884,-32.3195 -52.6390,-32.3930 -52.6023,-32.4606 -52.5876,-32.5377 -52.6209,-32.6379 -52.5849,-32.6434 -52.4229,-32.6288
4315701|-52.1046,-29.9456 -52.1406,-29.9248 -52.1799,-29.9334 -52.1954,-29.9137 -52.1780,-29.8267 -52.3064,-29.8725 -52.3141,-29.8355 -52.3998,-29.8400 -52.4614,-29.9028 -52.4778,-29.8753 -52.5098,-29.8729 -52.5055,-29.8394 -52.5442,-29.8333 -52.5811,-29.7937 -52.7037,-29.7927 -52.7410,-29.8043 -52.7549,-29.8426 -52.7413,-29.9047 -52.7053,-29.9172 -52.7101,-29.9570 -52.6847,-29.9863 -52.6437,-29.9945 -52.6907,-30.0612 -52.6754,-30.0791 -52.6722,-30.1618 -52.6574,-30.2094 -52.6262,-30.2443 -52.5946,-30.3455 -52.5620,-30.3603 -52.5594,-30.2852 -52.5313,-30.2724 -52.5371,-30.1933 -52.5580,-30.1721 -52.5201,-30.1181 -52.4890,-30.0986 -52.4177,-30.0815 -52.3872,-30.0891 -52.3773,-30.1279 -52.3510,-30.1418 -52.2844,-30.1370 -52.2941,-30.1697 -52.2858,-30.2185 -52.2537,-30.2697 -52.2098,-30.2596 -52.1632,-30.3222 -52.1747,-30.2809 -52.1363,-30.2276 -52.1588,-30.1913 -52.1524,-30.1461 -52.1696,-30.1255 -52.1628,-30.0663 -52.1463,-30.0203 -52.1480,-29.9515 -52.1046,-29.9456
4315750|-50.4493,-29.6794 -50.4040,-29.7060 -50.3586,-29.7158 -50.3156,-29.6784 -50.3536,-29.6496 -50.3404,-29.6082 -50.3551,-29.5507 -50.3477,-29.4943 -50.4329,-29.5373 -50.4325,-29.5561 -50.4827,-29.5946 -50.4858,-29.6429 -50.4493,-29.6794
4315800|-51.7800,-29.2989 -51.8015,-29.2598 -51.7548,-29.2606 -51.7500,-29.2081 -51.7580,-29.1852 -51.8289,-29.1761 -51.8425,-29.1512 -51.8861,-29.1714 -51.8708,-29.1990 -51.8662,-29.2767 -51.8995,-29.2958 -51.9089,-29.3521 -51.8393,-29.3437 -51.7759,-29.3426 -51.7800,-29.2989
4315909|-53.1950,-27.5201 -53.1442,-27.5225 -53.1322,-27.4441 -53.1241,-27.4343 -53.1428,-27.4056 -53.1830,-27.4091 -53.2068,-27.4530 -53.2468,-27.4958 -53.2068,-27.4870 -53.1950,-27.5201
4315958|-54.7951,-28.1763 -54.8558,-28.1611 -54.9440,-28.1825 -54.9589,-28.1883 -54.9485,-28.2271 -54.9142,-28.2759 -54.8758,-28.2767 -54.8477,-28.3308 -54.8661,-28.3487 -54.8203,-28.3731 -54.7884,-28.3626 -54.7480,-28.3053 -54.7598,-28.2474 -54.7457,-28.2080 -54.7951,-28.1763
4316006|-50.4329,-29.5373 -50.5528,-29.5386 -50.5901,-29.5533 -50.6029,-29.5891 -50.6376,-29.6100 -50.6841,-29.6768 -50.6456,-29.6815 -50.6031,-29.7069 -50.5299,-29.7140 -50.4624,-29.6954 -50.4493,-29.6794 -50.4858,-29.6429 -50.4827,-29.5946 -50.4325,-29.5561 -50.4329,-29.5373
4316105|-52.8948,-27.7508 -52.8554,-27.8031 -52.8186,-27.8304 -52.7813,-27.8265 -52.7580,-27.8801 -52.7721,-27.9154 -52.7449,-27.9450 -52.7044,-27.9121 -52.6513,-27.9481 -52.6094,-27.9371 -52.5800,-27.9249 -52.5975,-27.8841 -52.6455,-27.8527 -52.6800,-27.7959 -52.7471,-27.7467 -52.7601,-27.6909 -52.7747,-27.6815 -52.8686,-27.6715 -52.8956,-27.7211 -52.8948,-27.7508
4316204|-53.0191,-27.8048 -52.9905,-27.8643 -52.9237,-27.8874 -52.8568,-27.8795 -52.8159,-27.8879 -52.7721,-27.9154 -52.7580,-27.8801 -52.7813,-27.8265 -52.8186,-27.8304 -52.8554,-27.8031 -52.8948,-27.7508 -52.9122,-27.7383 -52.9348,-27.7662 -52.9844,-27.7905 -53.0191,-27.8048
4316303|-55.0253,-28.1765 -54.9979,-28.1592 -54.9589,-28.1883 -54.9440,-28.1825 -54.9255,-28.1404 -54.9280,-28.0576 -54.9898,-28.0545 -55.0455,-28.0031 -55.0734,-28.0099 -55.1090,-28.0332 -55.1584,-28.0345 -55.1683,-27.9919 -55.2131,-27.9532 -55.2421,-27.9596 -55.2778,-27.9329 -55.3273,-27.9267 -55.3398,-27.9660 -55.1905,-28.0101 -55.1725,-28.0540 -55.1513,-28.0463 -55.1118,-28.0765 -55.0973,-28.1232 -55.0692,-28.1125 -55.0304,-28.1436 -55.0253,-28.1765
4316402|-55.6753,-30.2777 -55.6247,-30.3047 -55.6359,-30.3331 -55.5985,-30.3846 -55.5192,-30.3864 -55.5043,-30.4067 -55.4557,-30.4115 -55.4173,-30.4297 -55.4039,-30.4594 -55.3518,-30.5013 -55.2940,-30.5196 -55.2318,-30.5184 -55.1719,-30.4896 -55.1253,-30.4523 -55.0771,-30.4407 -54.9864,-30.4879 -55.0548,-30.5052 -55.0358,-30.5273 -55.0540,-30.5714 -55.0392,-30.5862 -55.0543,-30.6338 -55.0289,-30.6502 -55.0115,-30.7230 -54.9907,-30.7307 -54.9267,-30.7198 -54.8487,-30.7351 -54.7721,-30.6866 -54.7730,-30.6636 -54.7327,-30.6306 -54.7248,-30.5991 -54.7478,-30.5160 -54.7149,-30.5005 -54.7191,-30.4579 -54.7443,-30.4205 -54.7696,-30.4166 -54.7840,-30.3498 -54.8294,-30.3242 -54.8717,-30.2691 -54.8163,-30.2685 -54.7612,-30.2823 -54.7136,-30.2635 -54.7083,-30.2100 -54.6855,-30.1990 -54.6305,-30.1235 -54.6707,-30.0956 -54.7005,-30.0556 -54.7030,-30.0290 -54.7550,-30.0210 -54.7896,-30.0943 -54.8172,-30.1079 -54.8916,-30.1000 -54.9185,-30.0711 -54.9716,-30.0871 -55.0072,-30.1303 -55.0605,-30.1449 -55.0771,-30.1243 -55.1011,-30.0535 -55.1782,-30.0458 -55.1880,-30.0790 -55.3131,-30.0813 -55.3834,-30.0746 -55.4422,-30.0935 -55.4715,-30.0787 -55.5385,-30.1632 -55.6061,-30.1443 -55.6522,-30.1466 -55.6756,-30.2268 -55.6917,-30.2555 -55.6753,-30.2777
4316428|-53.1791,-27.7574 -53.1460,-27.7461 -53.1126,-27.7582 -53.0999,-27.7345 -53.0999,-27.6752 -53.0751,-27.6752 -53.1133,-27.6502 -53.1551,-27.6619 -53.1519,-27.6992 -53.1975,-27.7329 -53.1791,-27.7574
4316436|-53.0792,-28.4925 -53.0478,-28.4259 -53.0576,-28.3969 -53.0085,-28.3845 -53.0017,-28.3679 -53.0432,-28.3050 -53.0999,-28.2788 -53.1197,-28.2977 -53.1226,-28.3410 -53.1631,-28.3655 -53.1714,-28.4163 -53.1344,-28.4559 -53.1377,-28.4797 -53.0792,-28.4925
4316451|-53.2614,-29.1443 -53.1908,-29.1305 -53.0943,-29.1399 -53.0639,-29.1818 -53.0168,-29.1557 -53.0760,-29.1247 -53.0782,-29.0759 -53.1065,-29.0660 -53.1515,-29.0247 -53.2351,-28.9562 -53.3305,-29.0094 -53.3713,-28.9755 -53.4066,-29.0017 -53.4160,-29.0388 -53.4494,-29.0473 -53.4458,-29.0865 -53.3858,-29.1237 -53.3485,-29.1185 -53.2902,-29.1278 -53.2614,-29.1443
4316477|-54.8558,-28.1611 -54.7951,-28.1763 -54.8055,-28.1268 -54.8081,-28.0467 -54.8095,-28.0228 -54.8666,-28.0094 -54.8664,-28.0457 -54.8563,-28.0889 -54.8558,-28.1611
4316501|-51.4732,-29.4373 -51.5615,-29.4312 -51.5835,-29.4071 -51.6079,-29.4112 -51.5695,-29.4580 -51.6018,-29.4757 -51.5882,-29.4768 -51.5216,-29.5115 -51.4574,-29.4957 -51.4579,-29.4527 -51.4732,-29.4373
4316600|-51.9294,-27.9906 -51.7762,-28.0275 -51.7688,-28.0589 -51.7036,-28.1380 -51.6919,-28.0918 -51.6339,-28.0476 -51.6747,-28.0221 -51.6765,-27.9831 -51.7334,-27.9332 -51.7320,-27.8903 -51.7643,-27.8454 -51.7999,-27.8672 -51.8549,-27.8440 -51.9119,-27.7983 -51.9397,-27.7908 -51.9500,-27.8268 -51.9199,-27.8449 -51.9383,-27.8845 -51.9097,-27.9524 -51.9294,-27.9906
4316709|-53.2556,-28.1644 -53.2915,-28.1716 -53.3115,-28.1951 -53.3493,-28.2410 -53.4005,-28.2423 -53.3732,-28.3868 -53.4179,-28.4120 -53.4106,-28.4304 -53.4603,-28.4913 -53.4490,-28.5106 -53.4640,-28.5536 -53.4205,-28.5898 -53.3311,-28.5587 -53.2626,-28.5675 -53.2453,-28.4826 -53.1934,-28.4639 -53.1653,-28.4901 -53.1377,-28.4797 -53.1344,-28.4559 -53.1714,-28.4163 -53.1631,-28.3655 -53.1226,-28.3410 -53.1197,-28.2977 -53.1223,-28.2553 -53.1541,-28.2305 -53.1846,-28.1843 -53.2234,-28.1464 -53.2556,-28.1644
4316733|-51.9184,-28.1121 -51.9642,-28.1121 -51.9895,-28.1291 -51.9619,-28.1687 -51.9735,-28.2415 -51.9682,-28.2783 -51.9461,-28.2442 -51.9137,-28.2413 -51.8915,-28.2117 -51.8464,-28.2389 -51.7985,-28.2129 -51.7905,-28.1941 -51.7968,-28.1661 -51.8505,-28.1515 -51.8897,-28.1148 -51.9184,-28.1121
4316758|-52.0479,-29.4693 -52.0417,-29.4452 -52.1277,-29.4242 -52.2015,-29.4254 -52.2184,-29.4553 -52.1558,-29.4769 -52.1422,-29.4841 -52.0535,-29.4847 -52.0479,-29.4693
4316808|-52.4348,-29.3783 -52.4572,-29.4157 -52.4353,-29.4712 -52.4512,-29.5101 -52.4392,-29.5403 -52.4734,-29.5605 -52.5278,-29.5649 -52.5650,-29.5847 -52.5105,-29.6218 -52.4717,-29.6941 -52.4734,-29.7471 -52.4869,-29.8016 -52.4741,-29.8335 -52.4778,-29.8753 -52.4614,-29.9028 -52.3998,-29.8400 -52.3141,-29.8355 -52.3045,-29.8087 -52.3354,-29.7291 -52.2988,-29.6746 -52.3144,-29.6658 -52.3314,-29.5179 -52.3568,-29.4645 -52.3530,-29.4289 -52.3905,-29.3754 -52.4348,-29.3783
4316907|-53.7014,-29.5495 -53.7105,-29.6312 -53.7672,-29.6578 -53.8012,-29.6459 -53.8561,-29.5923 -53.8592,-29.6106 -53.9425,-29.5965 -53.9683,-29.5672 -53.9999,-29.5674 -53.9789,-29.6032 -53.9976,-29.6359 -54.0756,-29.6386 -54.1320,-29.6865 -54.0864,-29.7242 -54.0899,-29.7633 -54.0248,-29.7674 -53.9684,-29.7965 -54.0021,-29.8487 -54.0296,-29.8702 -54.0772,-29.8757 -54.0401,-29.9174 -54.0335,-29.9576 -54.0005,-29.9859 -53.9515,-29.9910 -53.9078,-29.9829 -53.8692,-29.9940 -53.8349,-29.9862 -53.7839,-30.0024 -53.7415,-29.9638 -53.7106,-29.9500 -53.6522,-29.8928 -53.6091,-29.8720 -53.5493,-29.8675 -53.5651,-29.8133 -53.5185,-29.7648 -53.5347,-29.7547 -53.5448,-29.7041 -53.5861,-29.6947 -53.6500,-29.6228 -53.6272,-29.6047 -53.6872,-29.5759 -53.7014,-29.5495
4316956|-51.0637,-29.4675 -51.0169,-29.5149 -50.9686,-29.5195 -50.9434,-29.5470 -50.9001,-29.5505 -50.9081,-29.5163 -50.9074,-29.5002 -50.9097,-29.4509 -50.9568,-29.4254 -50.9813,-29.3904 -51.0193,-29.4368 -51.0425,-29.4394 -51.0084,-29.4459 -51.0125,-29.4760 -51.0637,-29.4675
4316972|-54.0005,-30.2474 -54.0973,-30.1889 -54.1637,-30.1756 -54.1920,-30.2065 -54.2526,-30.2229 -54.2692,-30.2637 -54.2514,-30.2877 -54.2451,-30.3474 -54.2712,-30.3969 -54.2307,-30.4540 -54.1784,-30.4994 -54.1397,-30.5207 -54.0820,-30.4640 -54.0481,-30.5454 -53.9436,-30.5596 -53.9344,-30.5744 -53.8821,-30.5163 -53.8873,-30.4972 -53.9456,-30.4891 -53.9678,-30.4422 -53.9404,-30.4244 -53.9417,-30.3928 -53.9670,-30.3372 -54.0180,-30.2664 -54.0005,-30.2474
4317004|-53.0206,-30.9201 -52.9826,-30.8588 -52.9608,-30.8588 -52.9541,-30.7335 -52.9748,-30.7281 -52.9886,-30.6777 -53.0354,-30.6713 -53.0895,-30.6352 -53.1555,-30.5466 -53.1892,-30.5323 -53.1858,-30.4905 -53.2135,-30.4509 -53.2315,-30.4737 -53.2158,-30.5202 -53.2275,-30.5699 -53.2475,-30.5797 -53.2194,-30.6239 -53.1872,-30.6519 -53.1806,-30.6935 -53.2095,-30.7273 -53.2109,-30.7274 -53.2166,-30.7690 -53.2598,-30.7859 -53.3625,-30.7756 -53.4136,-30.8051 -53.4087,-30.8386 -53.4319,-30.8860 -53.4091,-30.9223 -53.4176,-30.9648 -53.3852,-30.9881 -53.3585,-30.9795 -53.2617,-31.0105 -53.2223,-30.9907 -53.1655,-31.0240 -53.1253,-31.0164 -53.1247,-30.9855 -53.0866,-30.9688 -53.0230,-30.9864 -53.0206,-30.9201
4317103|-56.2899,-30.5323 -56.2767,-30.5607 -56.2380,-30.5734 -56.2141,-30.6085 -56.1877,-30.6047 -56.1646,-30.6432 -56.1501,-30.7055 -56.1073,-30.7320 -56.0957,-30.7540 -56.0236,-30.7857 -55.9897,-30.8599 -56.0111,-30.9120 -56.0188,-31.0436 -56.0053,-31.0819 -55.9793,-31.0732 -55.8708,-31.0716 -55.8072,-31.0165 -55.7809,-31.0171 -55.7040,-30.9552 -55.6662,-30.9540 -55.6421,-30.9116 -55.6631,-30.8719 -55.6379,-30.8462 -55.5793,-30.8401 -55.5459,-30.8905 -55.5102,-30.9018 -55.4784,-30.9538 -55.4573,-30.9514 -55.4246,-30.9856 -55.4370,-31.0047 -55.3713,-31.0234 -55.3586,-31.0626 -55.3275,-31.0882 -55.3385,-31.1337 -55.2897,-31.1453 -55.2501,-31.2060 -55.2468,-31.2522 -55.1742,-31.2682 -55.1523,-31.2932 -55.0745,-31.3321 -55.0358,-31.2839 -55.0817,-31.2053 -55.0688,-31.1562 -55.0956,-31.1181 -55.1156,-31.0109 -55.1479,-30.9806 -55.1071,-30.9121 -55.0476,-30.8849 -55.0296,-30.8531 -55.0400,-30.7986 -55.0115,-30.7230 -55.0289,-30.6502 -55.0543,-30.6338 -55.0392,-30.5862 -55.0540,-30.5714 -55.0358,-30.5273 -55.0548,-30.5052 -54.9864,-30.4879 -55.0771,-30.4407 -55.1253,-30.4523 -55.1719,-30.4896 -55.2318,-30.5184 -55.2940,-30.5196 -55.3518,-30.5013 -55.4039,-30.4594 -55.4173,-30.4297 -55.4557,-30.4115 -55.5043,-30.4067 -55.5192,-30.3864 -55.5985,-30.3846 -55.6359,-30.3331 -55.6247,-30.3047 -55.6753,-30.2777 -55.6683,-30.2982 -55.7010,-30.4008 -55.7697,-30.3968 -55.7865,-30.4162 -55.8622,-30.4332 -55.9476,-30.4226 -56.0231,-30.4417 -56.0661,-30.4372 -56.0884,-30.4537 -56.1315,-30.4563 -56.1813,-30.4816 -56.2449,-30.5013 -56.2899,-30.5323
4317202|-54.4744,-27.9833 -54.4247,-27.9234 -54.3800,-27.9167 -54.3825,-27.8723 -54.3694,-27.8351 -54.3651,-27.8093 -54.4238,-27.7248 -54.4209,-27.7021 -54.4428,-27.7068 -54.4339,-27.7143 -54.4570,-27.7836 -54.5433,-27.7574 -54.5532,-27.7881 -54.5938,-27.7931 -54.5647,-27.8110 -54.5598,-27.8408 -54.6854,-27.8893 -54.6162,-27.9364 -54.5954,-27.9438 -54.5570,-27.9799 -54.4744,-27.9833
4317251|-51.6655,-29.1881 -51.6954,-29.1584 -51.6955,-29.0973 -51.7140,-29.0907 -51.7391,-29.1368 -51.7580,-29.1852 -51.7500,-29.2081 -51.6848,-29.2126 -51.6541,-29.1981 -51.6655,-29.1881
4317301|-53.5228,-33.6893 -53.4780,-33.6165 -53.4142,-33.5606 -53.3584,-33.6160 -53.3005,-33.6618 -53.4220,-33.7438 -53.3700,-33.7439 -53.2650,-33.6713 -53.1562,-33.5901 -53.0862,-33.5307 -52.7767,-33.2831 -52.6877,-33.1885 -52.6239,-33.1042 -52.4952,-32.8672 -52.4641,-32.7876 -52.4229,-32.6288 -52.5849,-32.6434 -52.6209,-32.6379 -52.6885,-32.7578 -52.7303,-32.8474 -52.7701,-32.8931 -52.8322,-32.9150 -52.9078,-32.8877 -52.9630,-32.8422 -53.0016,-32.7975 -53.0024,-32.7650 -53.0701,-32.8338 -53.1473,-32.8188 -53.1568,-32.8592 -53.1546,-32.9538 -53.1744,-33.0035 -53.2774,-33.1094 -53.3372,-33.0826 -53.4027,-33.1583 -53.4322,-33.1621 -53.4692,-33.2554 -53.4676,-33.2797 -53.4248,-33.4376 -53.4381,-33.5164 -53.4656,-33.5580 -53.5110,-33.5440 -53.5125,-33.6026 -53.5340,-33.6514 -53.5228,-33.6893
4317400|-54.9277,-29.3270 -54.8337,-29.3187 -54.8350,-29.3514 -54.7799,-29.3454 -54.7509,-29.3915 -54.6863,-29.3941 -54.6866,-29.3247 -54.6445,-29.3118 -54.6171,-29.3487 -54.5493,-29.3100 -54.5019,-29.3276 -54.4250,-29.2925 -54.4322,-29.2543 -54.3667,-29.1875 -54.4103,-29.1483 -54.4329,-29.0900 -54.4552,-29.1276 -54.5117,-29.1569 -54.5274,-29.1784 -54.5726,-29.1538 -54.5889,-29.1220 -54.6410,-29.1338 -54.6464,-29.0474 -54.6735,-29.0503 -54.7044,-29.0060 -54.7106,-28.9544 -54.7526,-28.9410 -54.7772,-28.9024 -54.8159,-28.8685 -54.8593,-28.8322 -54.9606,-28.8084 -55.0517,-28.8481 -55.0466,-28.8875 -55.0956,-28.9045 -55.0729,-28.9327 -54.9877,-29.0552 -55.0288,-29.0662 -55.0414,-29.1005 -55.1324,-29.1984 -55.0499,-29.2243 -55.0429,-29.2445 -54.9753,-29.2787 -54.9277,-29.3270
4317509|-54.3691,-28.3492 -54.3439,-28.3232 -54.2833,-28.3568 -54.2654,-28.3284 -54.1912,-28.3401 -54.1438,-28.3366 -54.1299,-28.2857 -54.1046,-28.2777 -54.1070,-28.2416 -54.1308,-28.1831 -54.1802,-28.1382 -54.2216,-28.1429 -54.2670,-28.1642 -54.3902,-28.1612 -54.4038,-28.1394 -54.4106,-28.1931 -54.4512,-28.1943 -54.4510,-28.2256 -54.4874,-28.2460 -54.5328,-28.2777 -54.5046,-28.3031 -54.4640,-28.2928 -54.4625,-28.3367 -54.4152,-28.3357 -54.3691,-28.3492
4317558|-51.9202,-28.4942 -51.9267,-28.4764 -51.9911,-28.4394 -52.0625,-28.4741 -52.0886,-28.4956 -52.0903,-28.5357 -52.0352,-28.5459 -52.0198,-28.5281 -51.9254,-28.5204 -51.9165,-28.5103 -51.9202,-28.4942
4317608|-50.4566,-30.0517 -50.4595,-30.0168 -50.3992,-29.9717 -50.3861,-29.8849 -50.3725,-29.8583 -50.4200,-29.8308 -50.4672,-29.7722 -50.4345,-29.7511 -50.4040,-29.7060 -50.4493,-29.6794 -50.4624,-29.6954 -50.5299,-29.7140 -50.6031,-29.7069 -50.6456,-29.6815 -50.6841,-29.6768 -50.6986,-29.7139 -50.6865,-29.7465 -50.6937,-29.7901 -50.7341,-29.8136 -50.6848,-29.8405 -50.6791,-29.8865 -50.7062,-29.9262 -50.6870,-29.9489 -50.7179,-29.9789 -50.7005,-30.0340 -50.6545,-30.0437 -50.4566,-30.0517
4317707|-55.3181,-28.2089 -55.3809,-28.2872 -55.4098,-28.2946 -55.4436,-28.2488 -55.4862,-28.2723 -55.5042,-28.3312 -55.5069,-28.4032 -55.5244,-28.4152 -55.5288,-28.4578 -55.5904,-28.4884 -55.6793,-28.4983 -55.7342,-28.5732 -55.7724,-28.5852 -55.7332,-28.6227 -55.7200,-28.6531 -55.6757,-28.6715 -55.6417,-28.6692 -55.5498,-28.7075 -55.5262,-28.6904 -55.4297,-28.6510 -55.3305,-28.6674 -55.3160,-28.6576 -55.2536,-28.6363 -55.2316,-28.5790 -55.2389,-28.5493 -55.2057,-28.5437 -55.1931,-28.5175 -55.1875,-28.4422 -55.1638,-28.4277 -55.1642,-28.3975 -55.2020,-28.3984 -55.1835,-28.3587 -55.2012,-28.3384 -55.2158,-28.3030 -55.2824,-28.3152 -55.3268,-28.2587 -55.2862,-28.2492 -55.3181,-28.2089
4317756|-52.6007,-28.3327 -52.5905,-28.3099 -52.6343,-28.3007 -52.6735,-28.2702 -52.7086,-28.2875 -52.7178,-28.3368 -52.7582,-28.3437 -52.7743,-28.3708 -52.6925,-28.4690 -52.6464,-28.4420 -52.6260,-28.4107 -52.6435,-28.3730 -52.6007,-28.3327
4317806|-53.8978,-27.8953 -53.8457,-27.9552 -53.7980,-27.9850 -53.7490,-27.9926 -53.6961,-27.9871 -53.6586,-28.0353 -53.5855,-28.0391 -53.5681,-28.0014 -53.6188,-27.9816 -53.6242,-27.9454 -53.6877,-27.9298 -53.6908,-27.8773 -53.7232,-27.8453 -53.7475,-27.7691 -53.7802,-27.7548 -53.8216,-27.7639 -53.8543,-27.7661 -53.8774,-27.7910 -53.8666,-27.8383 -53.8978,-27.8953
4317905|-54.6854,-27.8893 -54.5598,-27.8408 -54.5647,-27.8110 -54.5938,-27.7931 -54.6323,-27.7637 -54.6699,-27.6858 -54.7085,-27.7170 -54.7573,-27.7225 -54.7849,-27.7625 -54.8224,-27.7397 -54.8529,-27.7828 -54.8629,-27.8340 -54.8316,-27.8413 -54.7803,-27.8631 -54.7142,-27.8661 -54.6854,-27.8893
4317954|-51.5879,-27.8989 -51.6080,-27.8820 -51.6236,-27.8606 -51.6642,-27.8689 -51.6963,-27.9023 -51.7320,-27.8903 -51.7334,-27.9332 -51.6765,-27.9831 -51.6158,-27.9693 -51.5879,-27.8989
4318002|-56.0816,-28.8567 -56.0550,-28.8916 -55.9952,-28.9444 -55.9141,-28.9486 -55.8426,-28.9687 -55.8178,-28.9927 -55.7732,-28.9803 -55.7262,-28.9823 -55.6820,-29.0163 -55.5046,-29.0007 -55.4929,-29.0532 -55.4653,-29.0822 -55.4125,-29.0475 -55.3732,-28.9719 -55.2930,-28.9915 -55.3195,-28.9540 -55.3730,-28.9206 -55.3675,-28.8800 -55.4312,-28.8578 -55.4328,-28.8274 -55.4658,-28.8121 -55.5076,-28.7448 -55.5498,-28.7075 -55.6417,-28.6692 -55.6757,-28.6715 -55.7200,-28.6531 -55.7332,-28.6227 -55.7724,-28.5852 -55.7342,-28.5732 -55.6793,-28.4983 -55.5904,-28.4884 -55.5288,-28.4578 -55.5244,-28.4152 -55.5069,-28.4032 -55.5362,-28.3896 -55.5831,-28.3394 -55.6102,-28.3719 -55.6356,-28.3664 -55.6922,-28.4164 -55.7197,-28.4187 -55.7344,-28.3812 -55.7566,-28.3694 -55.8711,-28.3573 -55.9004,-28.3983 -55.8840,-28.4792 -55.9882,-28.4981 -56.0232,-28.5228 -56.0024,-28.5783 -56.0177,-28.6129 -56.0473,-28.6241 -56.1192,-28.6812 -56.1942,-28.7752 -56.2609,-28.7790 -56.2997,-28.8081 -56.3001,-28.8956 -56.3233,-28.9247 -56.2792,-28.9406 -56.2318,-28.9375 -56.1787,-28.9010 -56.1668,-28.8649 -56.0816,-28.8567
4318051|-51.9165,-28.5103 -51.9158,-28.5616 -51.8537,-28.5904 -51.8086,-28.5570 -51.8028,-28.5377 -51.8762,-28.4903 -51.9124,-28.4843 -51.9202,-28.4942 -51.9165,-28.5103
4318101|-55.3781,-29.6149 -55.3263,-29.6422 -55.2753,-29.6173 -55.2435,-29.6203 -55.1959,-29.6659 -55.1917,-29.6967 -55.1441,-29.6951 -55.1241,-29.6603 -55.0771,-29.6696 -55.0393,-29.7061 -55.0104,-29.7106 -54.9623,-29.6957 -54.9225,-29.6626 -54.8321,-29.6657 -54.8000,-29.6228 -54.7970,-29.5775 -54.8328,-29.5746 -54.8617,-29.5329 -54.8345,-29.5055 -54.8500,-29.4771 -54.8657,-29.3977 -54.8957,-29.3493 -54.9277,-29.3270 -54.9753,-29.2787 -55.0429,-29.2445 -55.0499,-29.2243 -55.1324,-29.1984 -55.1814,-29.2084 -55.2352,-29.1886 -55.2955,-29.2146 -55.3126,-29.2048 -55.3365,-29.2234 -55.3619,-29.2068 -55.4009,-29.2198 -55.4591,-29.2151 -55.4206,-29.2705 -55.4165,-29.3218 -55.4592,-29.3253 -55.4626,-29.3525 -55.4275,-29.3680 -55.4100,-29.4024 -55.3332,-29.5100 -55.3671,-29.5554 -55.3781,-29.6149
4318200|-50.3575,-29.1171 -50.4442,-29.1157 -50.4315,-29.0760 -50.4533,-29.0403 -50.4635,-28.9596 -50.5291,-28.8895 -50.5622,-28.8866 -50.6043,-28.8101 -50.7050,-28.7951 -50.7459,-28.7827 -50.7865,-28.8144 -50.8499,-28.8327 -50.8113,-28.8852 -50.8104,-28.9594 -50.7827,-29.0001 -50.8229,-29.0543 -50.8931,-29.0668 -50.9043,-29.1160 -50.8424,-29.1272 -50.8360,-29.1860 -50.8593,-29.2476 -50.7968,-29.2769 -50.7631,-29.2762 -50.7430,-29.3270 -50.6752,-29.3356 -50.6824,-29.3596 -50.6446,-29.3822 -50.6575,-29.4221 -50.6848,-29.4069 -50.7261,-29.4477 -50.6881,-29.4836 -50.6512,-29.5025 -50.6309,-29.5586 -50.5901,-29.5533 -50.5528,-29.5386 -50.4329,-29.5373 -50.3477,-29.4943 -50.3028,-29.4477 -50.2668,-29.4664 -50.2607,-29.4961 -50.1680,-29.5351 -50.1823,-29.4899 -50.2437,-29.4224 -50.2352,-29.3942 -50.2490,-29.3455 -50.2179,-29.3289 -50.1935,-29.3422 -50.0991,-29.3341 -50.0842,-29.3495 -50.0410,-29.3551 -50.1125,-29.3040 -50.1446,-29.2702 -50.1998,-29.2570 -50.2870,-29.2955 -50.3326,-29.2395 -50.3244,-29.2219 -50.3569,-29.1905 -50.3575,-29.1171
4318309|-54.6897,-30.6287 -54.6758,-30.6051 -54.6081,-30.6232 -54.5806,-30.6118 -54.5266,-30.6141 -54.5040,-30.6313 -54.4390,-30.6228 -54.3903,-30.6742 -54.3739,-30.6770 -54.3463,-30.7371 -54.2789,-30.7302 -54.2324,-30.7431 -54.1604,-30.7774 -54.1425,-30.7619 -54.1366,-30.7106 -54.0585,-30.6869 -54.0182,-30.6935 -54.0127,-30.6632 -53.9813,-30.6394 -53.9866,-30.6163 -53.9344,-30.5744 -53.9436,-30.5596 -54.0481,-30.5454 -54.0820,-30.4640 -54.1397,-30.5207 -54.1784,-30.4994 -54.2307,-30.4540 -54.2712,-30.3969 -54.2451,-30.3474 -54.2514,-30.2877 -54.2692,-30.2637 -54.2526,-30.2229 -54.1920,-30.2065 -54.1637,-30.1756 -54.0973,-30.1889 -54.0005,-30.2474 -53.9546,-30.2075 -53.9738,-30.1694 -53.9574,-30.1239 -53.9156,-30.0847 -53.9018,-30.0438 -53.8692,-29.9940 -53.9078,-29.9829 -53.9515,-29.9910 -54.0005,-29.9859 -54.0335,-29.9576 -54.0401,-29.9174 -54.0736,-29.9108 -54.1058,-29.9259 -54.1662,-29.9283 -54.2564,-29.9068 -54.2987,-29.9343 -54.3292,-29.9275 -54.4007,-29.9391 -54.4704,-29.9590 -54.5001,-29.9331 -54.5859,-29.9625 -54.6596,-30.0321 -54.7030,-30.0290 -54.7005,-30.0556 -54.6707,-30.0956 -54.6305,-30.1235 -54.6855,-30.1990 -54.7083,-30.2100 -54.7136,-30.2635 -54.7612,-30.2823 -54.8163,-30.2685 -54.8717,-30.2691 -54.8294,-30.3242 -54.7840,-30.3498 -54.7696,-30.4166 -54.7443,-30.4205 -54.7191,-30.4579 -54.7149,-30.5005 -54.7478,-30.5160 -54.7248,-30.5991 -54.6897,-30.6287
4318408|-51.6279,-29.9462 -51.7266,-29.9467 -51.7822,-29.9594 -51.8475,-29.9701 -51.8580,-30.0387 -51.8870,-30.0296 -51.9124,-30.0547 -51.8337,-30.1139 -51.8577,-30.1321 -51.8594,-30.1753 -51.9224,-30.2094 -51.9266,-30.2269 -51.9850,-30.2489 -52.0135,-30.3262 -52.0323,-30.3462 -52.0371,-30.3974 -52.0963,-30.4051 -52.1587,-30.4427 -52.0796,-30.5105 -52.0567,-30.5098 -51.9822,-30.5759 -52.0011,-30.5964 -51.9723,-30.6379 -51.9048,-30.5767 -51.9057,-30.5407 -51.9252,-30.4980 -51.9016,-30.4476 -51.9235,-30.4061 -51.8723,-30.3813 -51.8434,-30.3470 -51.8597,-30.3186 -51.8457,-30.2852 -51.8501,-30.2040 -51.8024,-30.1482 -51.8228,-30.1302 -51.8031,-30.0922 -51.7339,-30.0604 -51.6817,-30.0107 -51.6539,-29.9961 -51.6279,-29.9462
4318424|-51.9397,-27.7908 -51.9119,-27.7983 -51.8549,-27.8440 -51.7999,-27.8672 -51.7643,-27.8454 -51.7651,-27.7998 -51.7519,-27.7815 -51.7768,-27.7603 -51.8569,-27.7501 -51.8810,-27.7198 -51.9247,-27.7522 -51.9397,-27.7908
4318432|-53.4041,-29.6106 -53.4692,-29.5891 -53.4774,-29.6124 -53.4676,-29.6397 -53.5263,-29.6392 -53.5472,-29.6609 -53.5298,-29.6958 -53.3843,-29.6318 -53.4041,-29.6106
4318440|-51.6198,-28.4796 -51.6417,-28.4656 -51.6871,-28.4667 -51.7603,-28.4493 -51.7826,-28.4717 -51.7810,-28.5111 -51.7974,-28.5321 -51.7404,-28.5486 -51.6987,-28.5204 -51.6239,-28.5149 -51.6198,-28.4796
4318457|-53.2029,-27.8035 -53.1923,-27.8295 -53.1139,-27.8362 -53.0691,-27.8138 -53.0562,-27.7971 -53.0659,-27.7749 -53.1126,-27.7582 -53.1460,-27.7461 -53.1791,-27.7574 -53.2029,-27.8035
4318465|-52.2260,-29.0378 -52.3069,-29.0135 -52.3302,-29.0201 -52.3366,-29.0591 -52.2975,-29.1040 -52.2905,-29.1297 -52.2469,-29.1020 -52.2123,-29.0946 -52.2047,-29.0729 -52.2260,-29.0378
4318481|-51.1778,-29.4941 -51.2653,-29.5030 -51.3030,-29.5231 -51.3030,-29.5799 -51.2796,-29.5838 -51.2450,-29.5837 -51.2241,-29.5471 -51.2334,-29.5208 -51.1778,-29.4941
4318499|-54.1687,-27.6916 -54.1976,-27.7310 -54.1686,-27.7699 -54.1258,-27.7687 -54.1043,-27.7861 -54.0601,-27.7677 -54.0673,-27.7434 -54.0708,-27.7356 -54.1292,-27.6967 -54.1687,-27.6916
4318507|-51.2375,-31.4574 -51.2824,-31.4969 -51.3611,-31.5320 -51.3993,-31.5204 -51.4282,-31.4920 -51.4551,-31.5289 -51.4622,-31.5670 -51.4984,-31.5832 -51.5471,-31.6506 -51.6133,-31.7294 -51.6587,-31.7669 -51.7346,-31.7887 -51.8023,-31.7885 -51.8112,-31.8447 -51.8604,-31.8702 -51.9231,-31.8634 -52.0081,-31.8182 -52.0666,-31.8176 -52.0981,-31.8359 -52.0787,-31.8688 -52.0152,-31.9224 -52.0054,-31.9515 -52.0538,-31.9849 -52.0391,-32.0300 -52.0497,-32.0772 -52.0898,-32.1314 -52.0772,-32.1432 -51.9208,-31.9877 -51.8309,-31.9192 -51.7480,-31.8700 -51.6246,-31.8095 -51.5024,-31.7429 -51.4272,-31.6956 -51.2675,-31.5786 -51.1860,-31.5044 -51.2375,-31.4574
4318606|-51.6947,-27.6999 -51.6344,-27.7390 -51.6010,-27.7867 -51.6080,-27.8820 -51.5879,-27.8989 -51.5423,-27.8747 -51.4634,-27.8933 -51.4470,-27.8471 -51.4570,-27.8246 -51.4944,-27.8037 -51.5059,-27.7499 -51.5002,-27.7236 -51.5308,-27.7093 -51.5342,-27.6725 -51.5621,-27.6320 -51.5776,-27.6609 -51.6123,-27.6583 -51.6363,-27.6787 -51.6947,-27.6999
4318614|-51.5032,-29.5770 -51.4671,-29.6214 -51.4620,-29.5690 -51.4689,-29.5485 -51.4534,-29.5017 -51.4574,-29.4957 -51.5216,-29.5115 -51.5032,-29.5770
4318622|-50.1935,-28.8395 -50.1281,-28.8206 -50.0227,-28.8624 -49.9887,-28.8972 -49.9509,-28.8935 -49.9621,-28.8535 -49.9613,-28.7722 -49.8694,-28.7010 -49.8402,-28.7131 -49.8392,-28.6665 -49.7566,-28.6160 -49.7041,-28.6300 -49.7031,-28.6289 -49.7080,-28.5822 -49.7467,-28.5354 -49.7483,-28.4940 -49.7909,-28.4964 -49.8163,-28.4690 -49.8393,-28.4965 -49.9004,-28.4647 -49.9708,-28.4402 -50.0272,-28.4743 -50.0687,-28.4792 -50.0259,-28.6349 -50.1006,-28.6385 -50.1057,-28.6815 -50.1587,-28.7122 -50.1999,-28.7810 -50.2108,-28.8231 -50.1935,-28.8395
4318705|-51.1908,-29.7778 -51.1657,-29.7992 -51.0681,-29.8113 -51.0871,-29.7624 -51.0848,-29.7351 -51.1323,-29.7410 -51.1577,-29.7164 -51.1771,-29.6722 -51.1935,-29.6804 -51.2098,-29.7344 -51.1908,-29.7778
4318804|-52.0102,-31.5009 -51.9937,-31.4136 -51.9601,-31.3528 -51.9195,-31.3108 -51.8750,-31.3090 -51.8439,-31.3232 -51.8117,-31.2857 -51.7803,-31.2334 -51.7898,-31.1764 -51.8204,-31.1591 -51.7895,-31.1236 -51.8381,-31.0997 -51.8758,-31.0436 -51.9246,-31.0458 -51.9583,-31.1067 -51.9967,-31.1000 -52.0146,-31.1320 -52.0561,-31.1603 -52.0887,-31.1468 -52.1136,-31.0759 -52.1365,-31.0491 -52.1167,-31.0177 -52.1420,-31.0060 -52.2449,-30.9853 -52.2789,-31.0413 -52.2891,-31.0886 -52.3549,-31.1092 -52.3671,-31.1362 -52.4042,-31.1481 -52.4753,-31.2450 -52.4397,-31.2814 -52.4227,-31.3363 -52.3856,-31.3517 -52.2930,-31.3680 -52.2774,-31.3905 -52.1814,-31.3831 -52.1575,-31.4147 -52.1236,-31.4290 -52.1070,-31.4632 -52.0523,-31.5143 -52.0102,-31.5009
4318903|-55.1638,-28.4277 -55.1280,-28.4649 -55.1029,-28.4640 -55.0385,-28.4858 -55.0160,-28.4789 -54.9080,-28.4976 -54.9050,-28.5254 -54.9271,-28.5593 -54.9102,-28.5850 -54.8451,-28.5858 -54.8208,-28.6203 -54.7523,-28.6103 -54.7294,-28.5866 -54.6826,-28.5590 -54.6681,-28.4922 -54.6696,-28.4433 -54.5869,-28.4816 -54.5697,-28.4536 -54.5752,-28.4115 -54.5374,-28.4040 -54.5521,-28.3636 -54.5724,-28.3635 -54.6015,-28.4363 -54.6345,-28.4317 -54.6754,-28.3930 -54.6988,-28.3379 -54.7284,-28.3634 -54.7884,-28.3626 -54.8203,-28.3731 -54.8661,-28.3487 -54.8477,-28.3308 -54.8758,-28.2767 -54.9142,-28.2759 -54.9485,-28.2271 -54.9589,-28.1883 -54.9979,-28.1592 -55.0253,-28.1765 -55.0362,-28.2161 -54.9925,-28.2496 -55.0566,-28.3219 -55.1352,-28.3361 -55.1836,-28.3138 -55.2012,-28.3384 -55.1835,-28.3587 -55.2020,-28.3984 -55.1642,-28.3975 -55.1638,-28.4277
4319000|-51.1121,-29.0327 -51.1057,-29.0402 -50.9897,-29.0225 -50.9307,-29.0242 -50.9575,-28.9610 -51.0365,-28.9215 -51.0738,-28.8870 -51.1245,-28.8769 -51.1605,-28.8740 -51.1856,-28.9423 -51.1248,-28.9809 -51.1121,-29.0327
4319109|-53.9788,-27.7797 -53.9424,-27.7708 -53.8927,-27.7811 -53.8543,-27.7661 -53.8216,-27.7639 -53.8436,-27.7289 -53.8901,-27.7224 -53.9175,-27.6924 -53.9556,-27.6863 -53.9880,-27.6632 -54.0279,-27.6667 -54.0291,-27.6972 -54.0708,-27.7356 -54.0673,-27.7434 -54.0452,-27.7375 -53.9788,-27.7797
4319125|-53.8561,-29.5923 -53.8409,-29.5637 -53.7723,-29.5257 -53.7395,-29.4931 -53.6876,-29.4661 -53.6967,-29.4109 -53.7629,-29.3624 -53.8349,-29.3686 -53.9459,-29.4040 -54.0271,-29.4047 -54.0693,-29.4472 -54.0997,-29.4610 -54.0552,-29.5085 -54.0423,-29.5443 -53.9999,-29.5674 -53.9683,-29.5672 -53.9425,-29.5965 -53.8592,-29.6106 -53.8561,-29.5923
4319158|-54.6713,-28.7160 -54.6528,-28.7405 -54.6173,-28.7533 -54.5905,-28.7848 -54.5651,-28.8376 -54.5284,-28.8672 -54.4922,-28.8678 -54.4344,-28.9030 -54.3777,-29.0045 -54.3309,-28.9311 -54.3542,-28.8939 -54.3611,-28.7982 -54.3894,-28.7748 -54.4028,-28.7098 -54.3779,-28.6950 -54.3781,-28.6597 -54.4314,-28.6583 -54.4184,-28.6086 -54.4470,-28.5816 -54.4061,-28.5507 -54.4348,-28.5062 -54.4633,-28.4887 -54.5001,-28.4368 -54.5374,-28.4040 -54.5752,-28.4115 -54.5697,-28.4536 -54.5869,-28.4816 -54.6696,-28.4433 -54.6681,-28.4922 -54.6826,-28.5590 -54.7294,-28.5866 -54.7228,-28.6254 -54.6772,-28.6345 -54.6888,-28.6776 -54.6713,-28.7160
4319208|-55.3181,-28.2089 -55.2862,-28.2492 -55.3268,-28.2587 -55.2824,-28.3152 -55.2158,-28.3030 -55.2012,-28.3384 -55.1836,-28.3138 -55.1352,-28.3361 -55.0566,-28.3219 -55.0806,-28.2894 -55.1383,-28.2533 -55.1308,-28.2093 -55.1462,-28.1872 -55.1899,-28.1508 -55.2187,-28.1491 -55.2650,-28.1236 -55.2764,-28.0964 -55.3088,-28.0878 -55.3424,-28.0497 -55.3755,-28.0340 -55.4140,-28.0546 -55.4384,-28.0863 -55.4025,-28.1151 -55.3550,-28.1336 -55.3686,-28.1617 -55.3181,-28.2089
4319307|-55.0734,-28.0099 -55.0455,-28.0031 -54.9898,-28.0545 -54.9280,-28.0576 -54.8664,-28.0457 -54.8666,-28.0094 -54.9409,-27.9469 -54.9398,-27.9302 -54.9883,-27.9047 -55.0162,-27.9249 -55.0486,-27.9228 -55.0796,-27.9422 -55.0734,-28.0099
4319356|-51.5835,-29.4071 -51.5615,-29.4312 -51.4732,-29.4373 -51.4357,-29.4314 -51.4750,-29.4001 -51.5425,-29.4189 -51.5835,-29.4071
4319364|-53.2922,-27.7546 -53.2684,-27.8384 -53.2029,-27.8035 -53.1791,-27.7574 -53.1975,-27.7329 -53.2570,-27.7268 -53.2922,-27.7546
4319372|-54.9440,-28.1825 -54.8558,-28.1611 -54.8563,-28.0889 -54.8664,-28.0457 -54.9280,-28.0576 -54.9255,-28.1404 -54.9440,-28.1825
4319406|-54.0997,-29.4610 -54.1417,-29.4804 -54.1912,-29.4825 -54.2324,-29.4851 -54.3149,-29.5481 -54.3421,-29.5493 -54.3496,-29.5806 -54.3884,-29.5824 -54.4133,-29.6042 -54.4583,-29.6120 -54.4779,-29.6477 -54.4762,-29.6902 -54.4920,-29.7425 -54.4409,-29.7471 -54.3405,-29.7274 -54.3050,-29.7369 -54.2516,-29.6934 -54.1320,-29.6865 -54.0756,-29.6386 -53.9976,-29.6359 -53.9789,-29.6032 -53.9999,-29.5674 -54.0423,-29.5443 -54.0552,-29.5085 -54.0997,-29.4610
4319505|-51.3916,-29.6531 -51.3641,-29.6376 -51.3089,-29.6377 -51.2767,-29.6559 -51.2881,-29.6189 -51.2796,-29.5838 -51.3030,-29.5799 -51.3030,-29.5231 -51.3365,-29.5162 -51.3762,-29.5524 -51.3866,-29.5836 -51.3916,-29.6531
4319604|-53.7452,-30.5137 -53.7114,-30.4803 -53.7214,-30.4224 -53.6560,-30.4323 -53.6140,-30.3778 -53.5477,-30.3630 -53.5276,-30.4032 -53.4661,-30.3285 -53.4730,-30.2723 -53.3901,-30.2131 -53.3186,-30.1433 -53.3033,-30.1388 -53.2626,-30.0905 -53.2450,-30.0908 -53.1947,-30.0429 -53.1672,-29.9948 -53.1257,-29.9683 -53.2539,-29.9578 -53.3746,-30.0225 -53.4188,-30.0379 -53.5256,-30.0560 -53.5517,-30.0822 -53.5926,-30.0981 -53.6341,-30.0941 -53.6711,-30.0508 -53.6350,-29.9895 -53.6519,-29.9301 -53.6522,-29.8928 -53.7106,-29.9500 -53.7415,-29.9638 -53.7839,-30.0024 -53.8349,-29.9862 -53.8692,-29.9940 -53.9018,-30.0438 -53.9156,-30.0847 -53.9574,-30.1239 -53.9738,-30.1694 -53.9546,-30.2075 -53.8339,-30.2615 -53.7866,-30.2551 -53.7595,-30.2785 -53.7886,-30.3058 -53.7421,-30.3217 -53.7342,-30.3558 -53.7924,-30.4035 -53.8271,-30.4424 -53.8452,-30.4830 -53.8206,-30.5175 -53.7452,-30.5137
4319703|-52.6703,-27.5795 -52.6199,-27.5826 -52.5573,-27.6028 -52.5175,-27.6150 -52.4772,-27.6035 -52.4779,-27.5460 -52.5269,-27.5302 -52.5120,-27.4867 -52.5217,-27.4755 -52.5388,-27.4924 -52.5703,-27.4641 -52.5929,-27.4678 -52.5604,-27.5126 -52.5813,-27.5356 -52.6234,-27.5423 -52.6633,-27.5338 -52.6703,-27.5795
4319711|-51.7796,-29.0942 -51.7390,-29.1188 -51.7391,-29.1368 -51.7140,-29.0907 -51.7375,-29.0191 -51.7600,-28.9965 -51.8141,-29.0145 -51.8084,-29.0817 -51.7796,-29.0942
4319737|-53.9534,-27.8515 -53.8978,-27.8953 -53.8666,-27.8383 -53.8774,-27.7910 -53.8543,-27.7661 -53.8927,-27.7811 -53.9424,-27.7708 -53.9788,-27.7797 -53.9663,-27.8241 -53.9534,-27.8515
4319752|-51.3505,-29.3519 -51.3981,-29.3516 -51.3999,-29.4170 -51.3321,-29.4096 -51.3505,-29.3519
4319802|-54.4920,-29.7425 -54.4762,-29.6902 -54.4779,-29.6477 -54.5718,-29.5848 -54.5430,-29.5481 -54.5694,-29.5309 -54.6731,-29.5626 -54.7016,-29.5857 -54.7486,-29.5918 -54.7544,-29.6128 -54.8000,-29.6228 -54.8321,-29.6657 -54.9225,-29.6626 -54.9623,-29.6957 -55.0104,-29.7106 -55.0393,-29.7061 -55.0771,-29.6696 -55.1241,-29.6603 -55.1441,-29.6951 -55.1217,-29.7670 -55.0954,-29.7770 -55.0556,-29.7671 -55.0414,-29.7847 -54.9581,-29.7778 -54.8814,-29.8068 -54.8321,-29.8559 -54.7901,-29.8301 -54.7051,-29.8297 -54.6757,-29.8079 -54.5999,-29.8212 -54.5669,-29.8100 -54.5462,-29.7798 -54.4920,-29.7425
4319901|-51.0558,-29.6156 -51.0395,-29.6488 -51.0073,-29.6504 -51.0138,-29.6958 -50.9962,-29.7063 -50.9469,-29.6931 -50.9416,-29.6912 -50.9541,-29.6664 -50.9499,-29.5959 -50.9469,-29.5526 -51.0027,-29.5417 -51.0489,-29.5617 -51.0558,-29.6156
4320008|-51.1812,-29.8296 -51.1013,-29.8687 -51.1008,-29.8685 -51.0811,-29.8298 -51.0681,-29.8113 -51.1657,-29.7992 -51.1908,-29.7778 -51.1926,-29.8034 -51.1812,-29.8296
4320107|-52.9764,-27.9534 -52.9346,-27.9614 -52.9088,-28.0145 -52.9444,-28.0443 -52.8971,-28.0687 -52.8661,-28.0694 -52.8282,-28.0292 -52.7998,-27.9841 -52.7588,-27.9686 -52.7449,-27.9450 -52.7721,-27.9154 -52.8159,-27.8879 -52.8568,-27.8795 -52.9237,-27.8874 -52.9905,-27.8643 -53.0191,-27.8048 -53.0562,-27.7971 -53.0691,-27.8138 -53.0434,-27.8651 -53.0492,-27.8817 -53.0158,-27.8853 -52.9671,-27.9134 -52.9764,-27.9534
4320206|-53.4925,-27.4502 -53.4700,-27.4534 -53.4544,-27.4968 -53.4110,-27.5451 -53.3811,-27.6105 -53.3462,-27.6191 -53.3186,-27.6006 -53.2913,-27.5777 -53.2911,-27.5299 -53.2758,-27.5180 -53.2739,-27.4812 -53.3095,-27.4292 -53.2877,-27.3964 -53.3034,-27.3885 -53.3524,-27.4205 -53.4271,-27.4236 -53.4925,-27.4502
4320230|-54.0279,-27.6667 -53.9880,-27.6632 -53.9556,-27.6863 -53.9175,-27.6924 -53.8813,-27.6702 -53.8977,-27.5953 -54.0314,-27.6271 -54.0372,-27.6548 -54.0279,-27.6667
4320263|-52.8245,-29.3275 -52.8778,-29.3213 -52.8963,-29.2677 -52.8975,-29.2156 -52.8838,-29.2057 -52.9172,-29.1854 -52.9586,-29.2267 -52.9460,-29.2622 -53.0207,-29.2658 -53.0245,-29.3371 -52.9743,-29.3585 -52.9386,-29.3949 -52.8508,-29.3863 -52.8139,-29.3483 -52.8245,-29.3275
4320305|-52.9256,-28.7298 -52.9382,-28.6728 -52.9168,-28.5958 -52.9270,-28.5847 -52.9625,-28.5766 -53.0175,-28.5892 -53.0304,-28.6900 -53.0343,-28.7637 -52.9533,-28.7392 -52.9256,-28.7298
4320321|-54.5847,-28.0937 -54.5442,-28.1157 -54.5156,-28.0929 -54.4571,-28.0064 -54.4744,-27.9833 -54.5570,-27.9799 -54.5954,-27.9438 -54.5851,-28.0147 -54.5847,-28.0937
4320354|-51.6303,-30.7448 -51.5796,-30.7026 -51.5388,-30.5934 -51.4913,-30.5026 -51.5245,-30.5100 -51.6050,-30.5242 -51.6409,-30.5402 -51.6576,-30.5187 -51.6632,-30.5897 -51.6488,-30.6137 -51.6972,-30.6904 -51.6977,-30.7453 -51.6348,-30.7501 -51.6303,-30.7448
4320404|-51.8482,-28.6635 -51.9944,-28.6725 -51.9965,-28.6105 -52.0665,-28.6144 -52.0035,-28.6605 -51.9861,-28.7069 -51.9922,-28.7483 -51.9589,-28.7613 -51.8561,-28.7550 -51.8364,-28.6795 -51.8482,-28.6635
4320453|-52.2015,-29.4254 -52.1789,-29.4063 -52.1924,-29.3608 -52.3004,-29.3554 -52.3150,-29.3924 -52.2322,-29.4567 -52.2184,-29.4553 -52.2015,-29.4254
4320503|-52.1242,-28.0241 -52.0892,-27.9769 -52.0914,-27.9359 -52.1260,-27.9526 -52.1704,-27.9431 -52.2277,-27.9724 -52.2685,-27.9548 -52.3348,-27.9765 -52.4044,-27.9914 -52.4501,-27.9844 -52.5241,-27.9421 -52.5802,-27.9455 -52.5070,-28.0361 -52.4770,-28.0656 -52.3819,-28.0812 -52.3756,-28.0432 -52.3264,-28.0289 -52.2892,-28.0772 -52.2407,-28.0792 -52.2139,-28.0647 -52.1646,-28.0736 -52.1242,-28.0241
4320552|-51.5362,-30.4124 -51.5364,-30.4001 -51.6506,-30.3989 -51.6809,-30.3837 -51.6805,-30.4377 -51.7177,-30.4479 -51.7131,-30.4723 -51.7588,-30.5050 -51.7570,-30.5228 -51.6951,-30.5269 -51.6576,-30.5187 -51.6409,-30.5402 -51.6050,-30.5242 -51.5245,-30.5100 -51.5362,-30.4124
4320578|-54.5442,-28.1157 -54.4916,-28.1243 -54.4874,-28.2460 -54.4510,-28.2256 -54.4512,-28.1943 -54.4106,-28.1931 -54.4038,-28.1394 -54.4274,-28.0936 -54.4645,-28.0773 -54.5156,-28.0929 -54.5442,-28.1157
4320602|-52.1942,-27.4084 -52.1687,-27.4589 -52.1079,-27.4810 -52.0671,-27.4803 -52.0666,-27.4539 -52.0298,-27.4359 -52.0620,-27.3879 -52.0490,-27.3463 -52.1071,-27.3434 -52.1119,-27.3738 -52.1733,-27.3783 -52.1942,-27.4084
4320651|-53.6272,-29.6047 -53.6500,-29.6228 -53.5861,-29.6947 -53.5448,-29.7041 -53.5298,-29.6958 -53.5472,-29.6609 -53.5263,-29.6392 -53.4676,-29.6397 -53.4774,-29.6124 -53.5092,-29.6236 -53.5497,-29.5744 -53.5829,-29.5770 -53.6272,-29.6047
4320677|-52.7578,-29.4049 -52.6416,-29.3979 -52.5718,-29.4729 -52.6140,-29.4930 -52.6798,-29.5002 -52.6821,-29.5266 -52.6334,-29.5309 -52.6205,-29.5808 -52.5650,-29.5847 -52.5278,-29.5649 -52.4734,-29.5605 -52.4392,-29.5403 -52.4512,-29.5101 -52.4353,-29.4712 -52.4572,-29.4157 -52.4348,-29.3783 -52.4623,-29.3740 -52.4897,-29.3442 -52.5351,-29.3290 -52.5428,-29.3764 -52.6216,-29.3599 -52.6256,-29.3388 -52.7096,-29.3058 -52.7542,-29.3642 -52.7578,-29.4049
4320701|-53.0144,-29.4640 -52.9905,-29.4350 -52.9372,-29.4101 -52.9386,-29.3949 -52.9743,-29.3585 -53.0245,-29.3371 -53.0831,-29.3719 -53.0948,-29.4669 -53.0474,-29.4540 -53.0144,-29.4640
4320800|-52.4949,-29.0340 -52.4910,-28.9919 -52.5038,-28.9498 -52.4873,-28.9086 -52.3567,-28.8757 -52.2994,-28.8756 -52.3273,-28.8136 -52.2778,-28.7352 -52.2785,-28.6961 -52.2570,-28.6805 -52.2494,-28.6624 -52.2883,-28.6423 -52.3141,-28.6482 -52.3463,-28.7036 -52.4070,-28.6893 -52.4375,-28.6994 -52.4811,-28.6754 -52.5645,-28.6540 -52.6148,-28.6370 -52.5959,-28.6879 -52.6240,-28.7593 -52.7100,-28.7465 -52.7246,-28.7348 -52.7306,-28.7619 -52.7094,-28.7899 -52.7182,-29.0099 -52.8047,-29.0434 -52.8169,-29.0837 -52.7910,-29.1171 -52.7510,-29.1441 -52.7211,-29.0735 -52.6916,-29.0522 -52.6745,-28.9778 -52.6354,-28.9615 -52.5594,-28.9747 -52.4949,-29.0340
4320859|-51.6588,-29.6444 -51.6792,-29.6145 -51.7511,-29.6286 -51.7606,-29.6492 -51.7878,-29.6729 -51.7981,-29.7135 -51.7561,-29.7332 -51.7242,-29.7157 -51.6962,-29.6717 -51.6588,-29.6444
4320909|-52.0834,-28.1177 -51.9895,-28.1291 -51.9642,-28.1121 -51.9184,-28.1121 -51.9092,-28.0247 -51.9345,-27.9997 -51.9628,-27.9812 -51.9945,-28.0143 -52.0892,-27.9769 -52.1242,-28.0241 -52.0846,-28.0553 -52.0942,-28.0975 -52.0834,-28.1177
4321006|-52.7692,-28.6476 -52.7628,-28.6268 -52.8378,-28.6123 -52.8636,-28.5979 -52.9168,-28.5958 -52.9382,-28.6728 -52.9256,-28.7298 -52.8856,-28.7271 -52.8742,-28.7063 -52.8325,-28.7249 -52.7826,-28.6811 -52.7692,-28.6476
4321105|-51.4488,-30.8722 -51.3901,-30.8799 -51.4043,-30.7829 -51.4009,-30.7171 -51.3809,-30.6435 -51.3346,-30.6338 -51.3188,-30.6461 -51.3149,-30.7053 -51.2931,-30.7077 -51.3022,-30.6344 -51.2984,-30.5591 -51.2654,-30.4798 -51.2759,-30.4707 -51.3969,-30.4955 -51.4913,-30.5026 -51.5388,-30.5934 -51.5796,-30.7026 -51.6303,-30.7448 -51.5901,-30.7602 -51.5345,-30.8016 -51.5228,-30.8334 -51.4766,-30.8824 -51.4488,-30.8722
4321204|-50.6841,-29.6768 -50.6376,-29.6100 -50.6029,-29.5891 -50.5901,-29.5533 -50.6309,-29.5586 -50.6512,-29.5025 -50.6881,-29.4836 -50.7156,-29.5164 -50.6910,-29.5648 -50.6964,-29.5923 -50.7515,-29.5828 -50.7615,-29.6079 -50.8060,-29.6174 -50.7963,-29.6677 -50.8235,-29.6851 -50.8397,-29.7247 -50.8690,-29.7297 -50.8879,-29.7008 -50.9266,-29.6756 -50.9416,-29.6912 -50.9469,-29.6931 -50.9342,-29.7691 -50.9577,-29.7893 -50.8637,-29.7891 -50.8355,-29.7657 -50.8120,-29.7738 -50.7283,-29.7692 -50.6937,-29.7901 -50.6865,-29.7465 -50.6986,-29.7139 -50.6841,-29.6768
4321303|-51.9430,-29.7586 -51.9103,-29.7666 -51.8864,-29.8040 -51.8408,-29.8238 -51.8155,-29.8618 -51.7480,-29.8520 -51.7164,-29.8607 -51.7583,-29.8188 -51.7577,-29.7921 -51.7187,-29.7428 -51.7242,-29.7157 -51.7561,-29.7332 -51.7981,-29.7135 -51.7878,-29.6729 -51.7606,-29.6492 -51.7987,-29.6142 -51.8268,-29.6488 -51.8735,-29.6426 -51.9542,-29.7128 -51.9430,-29.7586
4321329|-53.4271,-27.4236 -53.4251,-27.4015 -53.4605,-27.3511 -53.4807,-27.3876 -53.5320,-27.3874 -53.5508,-27.3944 -53.5452,-27.4294 -53.4925,-27.4502 -53.4271,-27.4236
4321352|-50.8421,-31.1900 -50.9623,-31.1832 -50.9856,-31.2062 -51.0527,-31.1639 -51.1172,-31.1508 -51.1338,-31.1234 -51.1790,-31.1342 -51.1633,-31.1973 -51.1575,-31.2847 -51.1791,-31.3650 -51.2375,-31.4574 -51.1860,-31.5044 -51.0401,-31.3599 -50.8791,-31.2270 -50.8421,-31.1900
4321402|-53.6416,-27.3424 -53.6627,-27.3159 -53.7290,-27.3055 -53.7636,-27.2790 -53.7701,-27.2621 -53.7870,-27.3029 -53.8233,-27.3195 -53.9059,-27.3331 -53.8744,-27.4049 -53.8256,-27.4389 -53.7001,-27.4468 -53.6481,-27.4193 -53.6665,-27.3706 -53.6416,-27.3424
4321436|-49.9222,-29.6072 -49.9862,-29.6012 -50.0305,-29.5594 -50.0042,-29.5369 -50.0753,-29.5454 -50.1519,-29.6003 -50.1629,-29.6249 -50.1215,-29.6485 -50.0491,-29.6537 -49.9943,-29.6201 -49.9337,-29.6251 -49.9222,-29.6072
4321451|-51.7983,-29.3897 -51.8424,-29.4240 -51.8474,-29.4650 -51.8725,-29.5439 -51.8168,-29.5294 -51.7887,-29.5163 -51.7327,-29.5235 -51.6908,-29.5008 -51.6694,-29.4809 -51.6909,-29.4707 -51.6912,-29.4235 -51.6912,-29.4151 -51.7392,-29.4144 -51.7441,-29.4622 -51.7816,-29.4614 -51.7811,-29.3879 -51.7983,-29.3897
4321469|-52.6148,-28.6370 -52.5645,-28.6540 -52.5444,-28.6243 -52.5806,-28.5819 -52.5462,-28.5474 -52.5523,-28.5298 -52.6178,-28.5179 -52.6452,-28.5282 -52.6360,-28.5860 -52.6606,-28.6116 -52.6148,-28.6370
4321477|-54.2174,-27.3850 -54.1845,-27.4123 -54.0945,-27.4475 -54.0376,-27.4521 -54.0138,-27.4204 -54.0249,-27.4002 -54.0303,-27.3787 -54.0788,-27.3246 -54.1115,-27.3025 -54.1549,-27.2969 -54.1933,-27.3085 -54.2174,-27.3850
4321493|-54.3421,-29.5493 -54.3149,-29.5481 -54.2324,-29.4851 -54.1912,-29.4825 -54.2086,-29.4263 -54.2668,-29.4097 -54.3082,-29.4318 -54.3706,-29.4105 -54.3947,-29.4521 -54.3951,-29.4523 -54.3837,-29.4994 -54.3421,-29.5493
4321501|-49.8035,-29.4436 -49.7129,-29.3256 -49.7421,-29.2988 -49.7918,-29.2856 -49.8157,-29.2859 -49.8571,-29.2331 -49.9016,-29.2153 -49.8867,-29.2584 -49.8886,-29.3124 -49.8585,-29.3128 -49.8150,-29.3390 -49.8289,-29.3569 -49.8026,-29.3919 -49.8355,-29.4242 -49.8035,-29.4436
4321600|-50.1703,-30.0971 -50.1192,-29.9762 -50.1551,-29.9866 -50.1847,-29.9950 -50.2208,-29.9775 -50.3069,-30.0214 -50.3487,-30.0532 -50.3068,-30.0673 -50.2736,-30.0438 -50.2570,-30.0653 -50.1998,-30.0404 -50.2107,-30.0833 -50.1703,-30.0971
4321626|-52.1662,-29.2266 -52.1363,-29.2766 -52.1203,-29.2780 -52.0893,-29.3328 -52.0637,-29.3541 -52.0335,-29.3288 -52.0367,-29.2676 -52.1122,-29.2706 -52.1134,-29.2328 -52.1587,-29.2139 -52.1662,-29.2266
4321634|-52.1857,-27.5681 -52.1871,-27.5436 -52.1324,-27.5175 -52.0888,-27.5077 -52.0671,-27.4803 -52.1079,-27.4810 -52.1687,-27.4589 -52.1942,-27.4084 -52.2292,-27.4079 -52.2431,-27.4457 -52.2387,-27.4824 -52.2262,-27.5103 -52.2372,-27.5693 -52.1857,-27.5681
4321667|-49.8355,-29.4242 -49.8822,-29.4102 -49.8907,-29.3723 -49.9610,-29.4056 -49.9815,-29.3981 -50.0323,-29.4224 -50.0775,-29.4638 -50.0245,-29.4826 -50.0249,-29.5168 -50.0042,-29.5369 -50.0305,-29.5594 -49.9862,-29.6012 -49.8702,-29.4473 -49.8355,-29.4242
4321709|-50.9081,-29.5163 -50.8168,-29.5249 -50.7703,-29.5401 -50.7156,-29.5164 -50.6881,-29.4836 -50.7261,-29.4477 -50.6848,-29.4069 -50.7218,-29.4041 -50.7885,-29.4390 -50.8346,-29.4758 -50.8671,-29.4760 -50.9074,-29.5002 -50.9081,-29.5163
4321808|-54.2000,-27.5912 -54.2641,-27.6306 -54.2848,-27.6754 -54.3246,-27.6944 -54.3641,-27.6910 -54.4209,-27.7021 -54.4238,-27.7248 -54.3651,-27.8093 -54.3694,-27.8351 -54.3332,-27.8214 -54.3102,-27.8316 -54.2740,-27.8179 -54.2093,-27.8223 -54.1603,-27.7975 -54.1238,-27.7990 -54.1258,-27.7687 -54.1686,-27.7699 -54.1976,-27.7310 -54.1687,-27.6916 -54.1756,-27.6680 -54.1435,-27.6257 -54.1889,-27.6148 -54.2000,-27.5912
4321832|-50.0842,-29.3495 -50.0994,-29.3387 -50.1552,-29.3552 -50.1824,-29.3906 -50.1700,-29.4190 -50.1305,-29.4415 -50.1011,-29.4821 -50.0753,-29.5454 -50.0042,-29.5369 -50.0249,-29.5168 -50.0245,-29.4826 -50.0775,-29.4638 -50.0323,-29.4224 -50.0097,-29.4011 -50.0301,-29.3425 -50.0340,-29.3496 -50.0410,-29.3551 -50.0842,-29.3495
4321857|-52.8686,-27.6715 -52.7747,-27.6815 -52.7601,-27.6909 -52.7400,-27.6264 -52.7342,-27.5910 -52.7681,-27.5848 -52.8203,-27.5969 -52.8439,-27.5637 -52.8920,-27.5491 -52.9627,-27.5811 -52.9465,-27.5882 -52.9188,-27.6091 -52.8881,-27.6291 -52.8686,-27.6715
4321907|-53.9814,-27.5242 -53.9225,-27.5188 -53.9063,-27.5298 -53.8611,-27.4991 -53.8273,-27.4892 -53.8256,-27.4389 -53.8744,-27.4049 -53.9059,-27.3331 -53.9183,-27.3234 -53.9362,-27.3551 -53.9793,-27.3896 -54.0249,-27.4002 -54.0138,-27.4204 -54.0376,-27.4521 -53.9814,-27.5242
4321956|-52.9627,-27.5811 -52.8920,-27.5491 -52.8439,-27.5637 -52.8203,-27.5969 -52.7681,-27.5848 -52.7397,-27.5604 -52.7472,-27.5384 -52.8000,-27.4962 -52.8185,-27.5027 -52.8656,-27.4713 -52.9037,-27.4672 -52.9719,-27.4857 -53.0167,-27.4617 -53.0355,-27.4540 -53.0068,-27.5620 -52.9627,-27.5811
4322004|-51.7266,-29.9467 -51.6279,-29.9462 -51.5070,-29.9275 -51.4622,-29.9490 -51.4348,-29.9832 -51.4043,-29.9873 -51.3032,-29.9501 -51.2673,-29.9352 -51.3103,-29.9315 -51.3676,-29.8892 -51.3667,-29.8373 -51.4382,-29.8444 -51.4922,-29.8232 -51.5221,-29.7810 -51.5865,-29.7760 -51.5659,-29.7366 -51.6419,-29.6358 -51.6588,-29.6444 -51.6962,-29.6717 -51.7242,-29.7157 -51.7187,-29.7428 -51.7577,-29.7921 -51.7583,-29.8188 -51.7164,-29.8607 -51.7503,-29.8884 -51.7266,-29.9467
4322103|-54.5667,-27.6308 -54.5388,-27.6555 -54.4694,-27.6624 -54.4428,-27.7068 -54.4209,-27.7021 -54.3641,-27.6910 -54.3246,-27.6944 -54.2848,-27.6754 -54.3246,-27.6719 -54.3745,-27.6453 -54.3987,-27.5700 -54.4239,-27.5474 -54.4441,-27.5798 -54.4838,-27.6019 -54.5480,-27.6138 -54.5667,-27.6308
4322152|-52.9995,-29.1390 -52.9476,-29.1766 -52.9172,-29.1854 -52.8838,-29.2057 -52.8407,-29.1402 -52.7910,-29.1171 -52.8169,-29.0837 -52.8047,-29.0434 -52.8552,-29.0426 -52.8892,-29.0450 -52.9351,-29.0670 -52.9484,-29.0958 -52.9874,-29.1057 -52.9995,-29.1390
4322186|-51.4634,-27.8933 -51.5423,-27.8747 -51.5879,-27.8989 -51.6158,-27.9693 -51.5743,-27.9878 -51.5257,-27.9840 -51.5092,-27.9554 -51.4602,-27.9492 -51.4584,-27.9290 -51.4634,-27.8933
4322202|-53.9199,-29.2207 -53.9068,-29.1946 -53.8486,-29.1418 -53.7576,-29.1639 -53.6714,-29.1024 -53.6641,-29.0583 -53.6228,-29.0265 -53.5671,-28.9625 -53.5682,-28.9543 -53.6063,-28.9387 -53.6678,-28.9377 -53.6833,-28.9013 -53.7344,-28.8647 -53.7635,-28.8613 -53.7959,-28.8028 -53.8437,-28.7990 -53.8720,-28.8155 -53.9061,-28.8115 -53.9421,-28.8617 -53.9529,-28.8984 -54.0482,-28.9118 -54.0956,-28.9048 -54.1349,-28.8826 -54.1893,-28.8945 -54.2340,-28.9250 -54.2684,-28.9120 -54.3309,-28.9311 -54.3777,-29.0045 -54.4600,-29.0696 -54.4329,-29.0900 -54.4103,-29.1483 -54.3667,-29.1875 -54.3431,-29.1814 -54.3258,-29.1420 -54.2938,-29.1072 -54.2458,-29.1525 -54.1965,-29.1638 -54.1702,-29.1924 -54.0817,-29.1909 -54.0701,-29.1988 -54.0449,-29.1786 -54.0278,-29.1057 -53.9778,-29.1416 -53.9199,-29.2207
4322251|-51.4534,-29.5017 -51.3965,-29.5250 -51.3875,-29.5027 -51.4035,-29.4335 -51.4357,-29.4314 -51.4732,-29.4373 -51.4579,-29.4527 -51.4574,-29.4957 -51.4534,-29.5017
4322301|-54.4428,-27.7068 -54.4694,-27.6624 -54.5388,-27.6555 -54.5667,-27.6308 -54.5936,-27.5983 -54.6315,-27.6513 -54.6678,-27.6457 -54.6699,-27.6858 -54.6323,-27.7637 -54.5938,-27.7931 -54.5532,-27.7881 -54.5433,-27.7574 -54.4570,-27.7836 -54.4339,-27.7143 -54.4428,-27.7068
4322327|-52.2774,-31.3905 -52.3087,-31.4404 -52.2895,-31.4747 -52.2380,-31.4447 -52.2135,-31.4804 -52.1731,-31.4984 -52.1736,-31.5192 -52.1202,-31.5650 -52.0883,-31.5499 -52.0399,-31.5600 -52.0135,-31.5972 -52.0181,-31.5479 -52.0102,-31.5009 -52.0523,-31.5143 -52.1070,-31.4632 -52.1236,-31.4290 -52.1575,-31.4147 -52.1814,-31.3831 -52.2774,-31.3905
4322343|-54.6968,-28.0675 -54.6404,-28.0978 -54.5847,-28.0937 -54.5851,-28.0147 -54.5954,-27.9438 -54.6162,-27.9364 -54.6158,-28.0117 -54.7178,-28.0101 -54.7382,-28.0586 -54.6968,-28.0675
4322350|-52.0785,-28.7414 -52.0633,-28.8096 -52.0434,-28.8443 -52.0170,-28.8419 -52.0152,-28.8255 -51.9561,-28.8219 -51.9589,-28.7613 -51.9922,-28.7483 -51.9861,-28.7069 -52.0816,-28.7120 -52.0785,-28.7414
4322376|-55.0729,-28.9327 -55.1011,-28.9552 -55.1340,-28.9458 -55.1964,-28.9578 -55.2279,-28.9818 -55.3195,-28.9540 -55.2930,-28.9915 -55.2729,-29.0570 -55.2855,-29.1048 -55.2684,-29.1425 -55.2866,-29.1857 -55.3126,-29.2048 -55.2955,-29.2146 -55.2352,-29.1886 -55.1814,-29.2084 -55.1324,-29.1984 -55.0414,-29.1005 -55.0288,-29.0662 -54.9877,-29.0552 -55.0729,-28.9327
4322400|-57.3281,-29.9719 -57.2805,-29.9531 -57.2433,-30.0047 -57.1362,-30.0645 -57.1152,-30.1137 -57.0783,-30.0915 -57.0448,-30.1057 -57.0239,-30.0875 -56.9556,-30.1011 -56.8504,-30.0889 -56.7803,-30.1266 -56.7840,-30.1512 -56.7298,-30.1717 -56.6963,-30.2051 -56.6581,-30.2013 -56.6252,-30.1830 -56.6002,-30.1481 -56.5468,-30.1343 -56.5128,-30.1590 -56.4396,-30.1369 -56.4060,-30.1163 -56.3205,-30.1201 -56.2804,-30.1144 -56.2310,-30.0918 -56.1818,-30.0859 -56.1503,-30.0550 -56.1846,-30.0014 -56.2447,-29.9766 -56.2782,-29.9319 -56.3162,-29.8595 -56.3510,-29.8486 -56.3722,-29.8098 -56.3713,-29.7444 -56.4003,-29.6934 -56.3617,-29.6701 -56.3829,-29.6258 -56.3783,-29.5892 -56.4230,-29.5431 -56.4570,-29.5309 -56.4700,-29.4701 -56.5214,-29.4707 -56.5363,-29.4543 -56.6272,-29.4412 -56.6605,-29.4233 -56.7031,-29.4002 -56.7800,-29.4200 -56.8221,-29.4900 -56.9020,-29.5338 -56.9678,-29.6018 -56.9711,-29.6434 -57.0009,-29.6519 -57.0211,-29.6833 -57.1319,-29.7702 -57.1720,-29.7807 -57.2354,-29.7808 -57.2978,-29.8347 -57.3297,-29.8876 -57.3281,-29.9719
4322509|-50.9584,-28.7903 -50.9088,-28.7345 -50.8920,-28.7003 -50.9125,-28.6619 -50.8711,-28.6087 -50.8639,-28.5735 -50.8285,-28.5533 -50.7861,-28.5582 -50.7726,-28.5834 -50.7266,-28.5998 -50.7382,-28.5104 -50.7127,-28.4346 -50.7219,-28.3885 -50.7089,-28.3628 -50.7387,-28.3221 -50.7491,-28.2485 -50.7612,-28.1950 -50.7941,-28.1386 -50.8590,-28.1397 -50.8759,-28.0951 -50.8994,-28.0897 -50.8753,-28.0413 -50.9232,-28.0120 -50.9240,-27.9717 -50.9784,-27.9482 -51.0015,-27.9632 -50.9937,-27.9908 -51.0227,-28.0190 -51.0388,-28.0688 -51.0409,-28.1506 -51.0625,-28.1838 -51.0231,-28.2164 -51.0813,-28.2329 -51.0619,-28.2539 -51.0630,-28.3189 -51.0375,-28.3764 -51.0842,-28.4146 -51.1017,-28.4588 -51.1331,-28.4929 -51.1524,-28.5649 -51.1178,-28.5557 -51.0708,-28.6213 -51.0252,-28.6243 -51.0163,-28.6823 -50.9975,-28.7362 -50.9751,-28.7452 -50.9584,-28.7903
4322525|-52.1780,-29.8267 -52.1954,-29.9137 -52.1799,-29.9334 -52.1406,-29.9248 -52.1046,-29.9456 -52.0704,-29.9325 -52.0331,-29.9573 -52.0179,-29.9379 -52.0547,-29.9229 -52.0421,-29.8927 -52.0587,-29.8143 -52.0144,-29.7361 -52.0374,-29.7038 -52.0580,-29.7263 -52.1204,-29.7238 -52.1363,-29.7489 -52.2326,-29.7754 -52.1780,-29.8267
4322533|-52.7982,-29.4955 -52.7507,-29.5037 -52.7363,-29.5473 -52.7645,-29.6028 -52.7401,-29.6203 -52.7416,-29.6500 -52.7093,-29.6628 -52.6919,-29.7132 -52.5993,-29.7379 -52.5953,-29.6959 -52.6143,-29.6536 -52.6205,-29.5808 -52.6334,-29.5309 -52.6821,-29.5266 -52.6798,-29.5002 -52.6739,-29.4740 -52.7316,-29.4334 -52.7737,-29.4427 -52.7982,-29.4955
4322541|-51.2263,-29.3899 -51.2123,-29.3586 -51.2165,-29.3367 -51.2667,-29.2951 -51.2697,-29.3128 -51.2602,-29.3507 -51.2819,-29.3721 -51.2803,-29.4048 -51.2263,-29.3899
4322558|-51.9124,-28.4843 -51.8762,-28.4903 -51.8028,-28.5377 -51.7974,-28.5321 -51.7810,-28.5111 -51.7826,-28.4717 -51.8844,-28.4581 -51.9060,-28.4674 -51.9124,-28.4843
4322608|-52.2988,-29.6746 -52.2601,-29.7024 -52.2100,-29.6664 -52.1720,-29.6770 -52.1563,-29.7045 -52.1204,-29.7238 -52.0580,-29.7263 -52.0374,-29.7038 -51.9622,-29.7347 -51.9430,-29.7586 -51.9542,-29.7128 -51.9823,-29.6605 -51.9699,-29.6336 -52.0093,-29.6246 -52.0329,-29.5955 -52.1012,-29.5485 -52.1482,-29.5645 -52.1675,-29.5455 -52.1558,-29.4769 -52.2184,-29.4553 -52.2322,-29.4567 -52.3150,-29.3924 -52.3772,-29.3581 -52.4434,-29.3464 -52.4623,-29.3740 -52.4348,-29.3783 -52.3905,-29.3754 -52.3530,-29.4289 -52.3568,-29.4645 -52.3314,-29.5179 -52.3144,-29.6658 -52.2988,-29.6746
4322707|-52.5811,-29.7937 -52.5442,-29.8333 -52.5055,-29.8394 -52.5098,-29.8729 -52.4778,-29.8753 -52.4741,-29.8335 -52.4869,-29.8016 -52.4734,-29.7471 -52.4717,-29.6941 -52.5105,-29.6218 -52.5650,-29.5847 -52.6205,-29.5808 -52.6143,-29.6536 -52.5953,-29.6959 -52.5993,-29.7379 -52.5742,-29.7708 -52.5811,-29.7937
4322806|-51.6293,-29.0207 -51.6038,-29.0494 -51.5644,-29.0439 -51.5040,-29.0818 -51.4770,-29.0187 -51.4642,-28.9249 -51.4559,-28.8864 -51.5330,-28.8872 -51.5595,-28.8798 -51.6208,-28.8864 -51.6456,-28.8912 -51.6937,-28.9318 -51.6275,-28.9275 -51.6177,-28.9833 -51.6293,-29.0207
4322855|-51.7796,-29.0942 -51.8084,-29.0817 -51.8141,-29.0145 -51.9183,-29.0229 -51.9259,-29.0749 -51.9077,-29.1075 -51.8627,-29.1162 -51.8308,-29.0968 -51.8008,-29.1158 -51.7796,-29.0942
4322905|-52.0412,-27.6455 -51.9907,-27.6490 -52.0013,-27.6945 -51.9822,-27.7204 -51.9735,-27.6730 -51.8964,-27.6522 -51.8917,-27.5790 -51.9750,-27.5772 -51.9564,-27.5124 -51.9981,-27.4871 -51.9979,-27.4534 -52.0298,-27.4359 -52.0666,-27.4539 -52.0671,-27.4803 -52.0888,-27.5077 -52.0542,-27.5425 -52.0692,-27.5853 -52.0411,-27.5951 -52.0412,-27.6455
4323002|-51.0849,-30.0462 -51.1123,-30.0510 -51.1120,-30.1042 -51.0949,-30.1186 -51.0767,-30.1753 -51.0119,-30.1989 -51.0530,-30.2307 -51.0629,-30.2596 -51.0225,-30.2842 -51.0239,-30.3164 -51.0474,-30.3815 -50.9734,-30.4076 -50.9300,-30.4358 -50.9386,-30.3751 -50.9148,-30.3264 -50.8440,-30.3208 -50.7970,-30.3384 -50.7820,-30.2848 -50.7507,-30.2967 -50.6732,-30.2966 -50.6589,-30.1999 -50.6208,-30.1984 -50.6226,-30.1197 -50.6347,-30.0584 -50.6545,-30.0437 -50.7005,-30.0340 -50.7179,-29.9789 -50.8208,-29.9988 -50.8687,-30.0156 -50.9143,-30.0026 -50.9493,-29.9663 -50.9623,-29.9900 -51.0397,-30.0065 -51.0849,-30.0462
4323101|-53.4882,-27.1938 -53.4471,-27.1998 -53.4008,-27.2365 -53.3493,-27.2396 -53.3269,-27.2205 -53.3225,-27.2099 -53.2962,-27.1324 -53.3554,-27.1113 -53.3810,-27.0941 -53.4062,-27.1365 -53.4554,-27.1569 -53.4763,-27.1389 -53.5081,-27.1515 -53.4882,-27.1938
4323200|-52.6260,-28.4107 -52.6464,-28.4420 -52.6925,-28.4690 -52.7150,-28.5013 -52.7271,-28.5486 -52.7601,-28.5429 -52.7670,-28.5691 -52.7494,-28.5977 -52.7628,-28.6268 -52.7692,-28.6476 -52.7284,-28.6853 -52.6954,-28.6663 -52.6897,-28.6361 -52.6606,-28.6116 -52.6360,-28.5860 -52.6452,-28.5282 -52.6178,-28.5179 -52.6228,-28.4905 -52.5891,-28.4354 -52.6260,-28.4107
4323309|-51.4937,-28.8236 -51.5752,-28.8334 -51.6672,-28.8348 -51.6497,-28.8726 -51.6208,-28.8864 -51.5595,-28.8798 -51.5330,-28.8872 -51.4559,-28.8864 -51.4626,-28.8562 -51.4937,-28.8236
4323358|-52.1646,-28.0736 -52.2040,-28.1766 -52.1943,-28.2225 -52.1440,-28.2428 -52.1684,-28.1891 -52.1238,-28.1825 -52.0834,-28.1177 -52.0942,-28.0975 -52.0846,-28.0553 -52.1242,-28.0241 -52.1646,-28.0736
4323408|-52.2354,-28.5484 -52.1799,-28.5621 -52.1389,-28.6327 -52.1560,-28.6517 -52.1335,-28.6730 -52.1001,-28.6690 -52.0930,-28.6159 -52.0987,-28.5480 -52.0903,-28.5357 -52.0886,-28.4956 -52.1048,-28.5023 -52.1649,-28.4776 -52.2117,-28.4828 -52.2431,-28.5141 -52.2354,-28.5484
4323457|-53.8452,-30.4830 -53.8271,-30.4424 -53.7924,-30.4035 -53.7342,-30.3558 -53.7421,-30.3217 -53.7886,-30.3058 -53.7595,-30.2785 -53.7866,-30.2551 -53.8339,-30.2615 -53.9546,-30.2075 -54.0005,-30.2474 -54.0180,-30.2664 -53.9670,-30.3372 -53.9417,-30.3928 -53.9404,-30.4244 -53.9678,-30.4422 -53.9456,-30.4891 -53.8873,-30.4972 -53.8452,-30.4830
4323507|-53.5614,-27.2451 -53.5472,-27.2713 -53.5381,-27.3366 -53.5124,-27.3658 -53.5320,-27.3874 -53.4807,-27.3876 -53.4605,-27.3511 -53.4877,-27.2903 -53.5540,-27.2377 -53.5614,-27.2451
4323606|-51.7121,-28.8355 -51.6889,-28.7921 -51.7141,-28.7842 -51.8336,-28.7782 -51.8664,-28.7953 -51.8350,-28.8186 -51.8294,-28.8688 -51.7911,-28.8839 -51.7547,-28.8360 -51.7121,-28.8355
4323705|-53.7636,-27.2790 -53.7290,-27.3055 -53.6627,-27.3159 -53.6396,-27.2612 -53.7090,-27.2147 -53.7069,-27.1983 -53.7422,-27.2327 -53.7636,-27.2790
4323754|-54.3691,-28.3492 -54.4152,-28.3357 -54.4625,-28.3367 -54.4640,-28.2928 -54.5046,-28.3031 -54.5328,-28.2777 -54.5730,-28.2986 -54.5453,-28.3312 -54.5521,-28.3636 -54.5374,-28.4040 -54.5001,-28.4368 -54.4633,-28.4887 -54.3748,-28.4362 -54.3691,-28.3492
4323770|-51.7811,-29.3879 -51.7816,-29.4614 -51.7441,-29.4622 -51.7392,-29.4144 -51.6912,-29.4151 -51.6911,-29.3714 -51.7279,-29.3622 -51.7811,-29.3879
4323804|-50.0176,-29.7725 -50.0550,-29.7617 -50.1159,-29.7882 -50.1112,-29.8338 -50.0637,-29.8600 -50.0176,-29.7725