fips5,property,depth,value
4300059,clay_pct,0-5cm,49.5
4300059,clay_pct,5-15cm,48.3
4300059,clay_pct,15-30cm,52.8
4300059,clay_pct,30-60cm,59.3
4300059,clay_pct,60-100cm,61.5
4300059,sand_pct,0-5cm,18.7
4300059,sand_pct,5-15cm,19.4
4300059,sand_pct,15-30cm,17.6
4300059,sand_pct,30-60cm,14.7
4300059,sand_pct,60-100cm,13.8
4300059,silt_pct,0-5cm,31.8
4300059,silt_pct,5-15cm,32.3
4300059,silt_pct,15-30cm,29.6
4300059,silt_pct,30-60cm,26.0
4300059,silt_pct,60-100cm,24.7
4300059,soc_pct,0-5cm,4.75
4300059,soc_pct,5-15cm,2.57
4300059,soc_pct,15-30cm,1.99
4300059,soc_pct,30-60cm,1.19
4300059,soc_pct,60-100cm,0.83
4300059,ph_h2o,0-5cm,5.0
4300059,ph_h2o,5-15cm,5.0
4300059,ph_h2o,15-30cm,5.0
4300059,ph_h2o,30-60cm,5.1
4300059,ph_h2o,60-100cm,5.1
4300059,bd_kg_dm3,0-5cm,0.99
4300059,bd_kg_dm3,5-15cm,1.01
4300059,bd_kg_dm3,15-30cm,1.06
4300059,bd_kg_dm3,30-60cm,1.11
4300059,bd_kg_dm3,60-100cm,1.13
4300059,cec_cmol_kg,0-5cm,17.7
4300059,cec_cmol_kg,5-15cm,15.4
4300059,cec_cmol_kg,15-30cm,13.8
4300059,cec_cmol_kg,30-60cm,13.2
4300059,cec_cmol_kg,60-100cm,13.3
4300208,clay_pct,0-5cm,45.9
4300208,clay_pct,5-15cm,45.3
4300208,clay_pct,15-30cm,47.3
4300208,clay_pct,30-60cm,51.3
4300208,clay_pct,60-100cm,51.3
4300208,sand_pct,0-5cm,24.8
4300208,sand_pct,5-15cm,25.3
4300208,sand_pct,15-30cm,24.9
4300208,sand_pct,30-60cm,24.1
4300208,sand_pct,60-100cm,24.2
4300208,silt_pct,0-5cm,29.2
4300208,silt_pct,5-15cm,29.4
4300208,silt_pct,15-30cm,27.8
4300208,silt_pct,30-60cm,24.6
4300208,silt_pct,60-100cm,24.5
4300208,soc_pct,0-5cm,4.66
4300208,soc_pct,5-15cm,2.1
4300208,soc_pct,15-30cm,1.62
4300208,soc_pct,30-60cm,1.09
4300208,soc_pct,60-100cm,0.68
4300208,ph_h2o,0-5cm,5.1
4300208,ph_h2o,5-15cm,5.1
4300208,ph_h2o,15-30cm,5.1
4300208,ph_h2o,30-60cm,5.2
4300208,ph_h2o,60-100cm,5.2
4300208,bd_kg_dm3,0-5cm,1.19
4300208,bd_kg_dm3,5-15cm,1.24
4300208,bd_kg_dm3,15-30cm,1.28
4300208,bd_kg_dm3,30-60cm,1.31
4300208,bd_kg_dm3,60-100cm,1.32
4300208,cec_cmol_kg,0-5cm,25.2
4300208,cec_cmol_kg,5-15cm,21.6
4300208,cec_cmol_kg,15-30cm,21.3
4300208,cec_cmol_kg,30-60cm,22.7
4300208,cec_cmol_kg,60-100cm,20.5
4300307,clay_pct,0-5cm,42.1
4300307,clay_pct,5-15cm,40.9
4300307,clay_pct,15-30cm,43.6
4300307,clay_pct,30-60cm,48.9
4300307,clay_pct,60-100cm,50.5
4300307,sand_pct,0-5cm,23.9
4300307,sand_pct,5-15cm,24.8
4300307,sand_pct,15-30cm,23.3
4300307,sand_pct,30-60cm,20.8
4300307,sand_pct,60-100cm,20.4
4300307,silt_pct,0-5cm,34.0
4300307,silt_pct,5-15cm,34.3
4300307,silt_pct,15-30cm,33.1
4300307,silt_pct,30-60cm,30.3
4300307,silt_pct,60-100cm,29.1
4300307,soc_pct,0-5cm,6.51
4300307,soc_pct,5-15cm,3.27
4300307,soc_pct,15-30cm,1.53
4300307,soc_pct,30-60cm,0.96
4300307,soc_pct,60-100cm,0.61
4300307,ph_h2o,0-5cm,5.1
4300307,ph_h2o,5-15cm,5.1
4300307,ph_h2o,15-30cm,5.1
4300307,ph_h2o,30-60cm,5.2
4300307,ph_h2o,60-100cm,5.3
4300307,bd_kg_dm3,0-5cm,1.03
4300307,bd_kg_dm3,5-15cm,1.1
4300307,bd_kg_dm3,15-30cm,1.13
4300307,bd_kg_dm3,30-60cm,1.23
4300307,bd_kg_dm3,60-100cm,1.26
4300307,cec_cmol_kg,0-5cm,19.8
4300307,cec_cmol_kg,5-15cm,17.6
4300307,cec_cmol_kg,15-30cm,17.3
4300307,cec_cmol_kg,30-60cm,17.5
4300307,cec_cmol_kg,60-100cm,16.1
4300034,clay_pct,0-5cm,34.5
4300034,clay_pct,5-15cm,36.3
4300034,clay_pct,15-30cm,37.4
4300034,clay_pct,30-60cm,43.4
4300034,clay_pct,60-100cm,43.4
4300034,sand_pct,0-5cm,21.9
4300034,sand_pct,5-15cm,21.2
4300034,sand_pct,15-30cm,20.5
4300034,sand_pct,30-60cm,17.5
4300034,sand_pct,60-100cm,17.1
4300034,silt_pct,0-5cm,43.6
4300034,silt_pct,5-15cm,42.5
4300034,silt_pct,15-30cm,42.1
4300034,silt_pct,30-60cm,39.0
4300034,silt_pct,60-100cm,39.4
4300034,soc_pct,0-5cm,3.98
4300034,soc_pct,5-15cm,2.57
4300034,soc_pct,15-30cm,1.57
4300034,soc_pct,30-60cm,0.85
4300034,soc_pct,60-100cm,0.45
4300034,ph_h2o,0-5cm,5.7
4300034,ph_h2o,5-15cm,5.7
4300034,ph_h2o,15-30cm,5.7
4300034,ph_h2o,30-60cm,6.1
4300034,ph_h2o,60-100cm,6.5
4300034,bd_kg_dm3,0-5cm,1.32
4300034,bd_kg_dm3,5-15cm,1.43
4300034,bd_kg_dm3,15-30cm,1.48
4300034,bd_kg_dm3,30-60cm,1.56
4300034,bd_kg_dm3,60-100cm,1.57
4300034,cec_cmol_kg,0-5cm,23.9
4300034,cec_cmol_kg,5-15cm,21.8
4300034,cec_cmol_kg,15-30cm,23.5
4300034,cec_cmol_kg,30-60cm,26.6
4300034,cec_cmol_kg,60-100cm,26.9
4300471,clay_pct,0-5cm,41.8
4300471,clay_pct,5-15cm,42.0
4300471,clay_pct,15-30cm,44.5
4300471,clay_pct,30-60cm,51.0
4300471,clay_pct,60-100cm,53.3
4300471,sand_pct,0-5cm,30.4
4300471,sand_pct,5-15cm,30.5
4300471,sand_pct,15-30cm,29.2
4300471,sand_pct,30-60cm,25.6
4300471,sand_pct,60-100cm,25.0
4300471,silt_pct,0-5cm,27.8
4300471,silt_pct,5-15cm,27.5
4300471,silt_pct,15-30cm,26.3
4300471,silt_pct,30-60cm,23.4
4300471,silt_pct,60-100cm,21.7
4300471,soc_pct,0-5cm,5.72
4300471,soc_pct,5-15cm,2.95
4300471,soc_pct,15-30cm,1.88
4300471,soc_pct,30-60cm,1.06
4300471,soc_pct,60-100cm,0.61
4300471,ph_h2o,0-5cm,5.0
4300471,ph_h2o,5-15cm,5.0
4300471,ph_h2o,15-30cm,5.0
4300471,ph_h2o,30-60cm,5.0
4300471,ph_h2o,60-100cm,5.1
4300471,bd_kg_dm3,0-5cm,1.01
4300471,bd_kg_dm3,5-15cm,1.06
4300471,bd_kg_dm3,15-30cm,1.12
4300471,bd_kg_dm3,30-60cm,1.17
4300471,bd_kg_dm3,60-100cm,1.2
4300471,cec_cmol_kg,0-5cm,23.0
4300471,cec_cmol_kg,5-15cm,19.0
4300471,cec_cmol_kg,15-30cm,18.9
4300471,cec_cmol_kg,30-60cm,18.2
4300471,cec_cmol_kg,60-100cm,17.4
4300505,clay_pct,0-5cm,42.0
4300505,clay_pct,5-15cm,42.3
4300505,clay_pct,15-30cm,44.3
4300505,clay_pct,30-60cm,47.6
4300505,clay_pct,60-100cm,47.0
4300505,sand_pct,0-5cm,21.3
4300505,sand_pct,5-15cm,21.5
4300505,sand_pct,15-30cm,21.1
4300505,sand_pct,30-60cm,20.2
4300505,sand_pct,60-100cm,19.9
4300505,silt_pct,0-5cm,36.7
4300505,silt_pct,5-15cm,36.3
4300505,silt_pct,15-30cm,34.6
4300505,silt_pct,30-60cm,32.2
4300505,silt_pct,60-100cm,33.1
4300505,soc_pct,0-5cm,7.17
4300505,soc_pct,5-15cm,2.84
4300505,soc_pct,15-30cm,2.55
4300505,soc_pct,30-60cm,1.74
4300505,soc_pct,60-100cm,1.52
4300505,ph_h2o,0-5cm,5.2
4300505,ph_h2o,5-15cm,5.2
4300505,ph_h2o,15-30cm,5.2
4300505,ph_h2o,30-60cm,5.2
4300505,ph_h2o,60-100cm,5.2
4300505,bd_kg_dm3,0-5cm,0.97
4300505,bd_kg_dm3,5-15cm,1.01
4300505,bd_kg_dm3,15-30cm,1.07
4300505,bd_kg_dm3,30-60cm,1.14
4300505,bd_kg_dm3,60-100cm,1.17
4300505,cec_cmol_kg,0-5cm,20.6
4300505,cec_cmol_kg,5-15cm,15.5
4300505,cec_cmol_kg,15-30cm,15.5
4300505,cec_cmol_kg,30-60cm,15.6
4300505,cec_cmol_kg,60-100cm,14.6
4300554,sand_pct,0-5cm,18.5
4300554,sand_pct,5-15cm,18.9
4300554,sand_pct,15-30cm,16.9
4300554,sand_pct,30-60cm,14.1
4300554,sand_pct,60-100cm,13.1
4300554,silt_pct,0-5cm,32.8
4300554,silt_pct,5-15cm,32.1
4300554,silt_pct,15-30cm,29.2
4300554,silt_pct,30-60cm,25.3
4300554,silt_pct,60-100cm,24.0
4300554,soc_pct,0-5cm,4.87
4300554,soc_pct,5-15cm,2.12
4300554,soc_pct,15-30cm,1.75
4300554,soc_pct,30-60cm,0.87
4300554,soc_pct,60-100cm,0.57
4300554,ph_h2o,0-5cm,5.2
4300554,ph_h2o,5-15cm,5.2
4300554,ph_h2o,15-30cm,5.1
4300554,ph_h2o,30-60cm,5.2
4300554,ph_h2o,60-100cm,5.2
4300554,bd_kg_dm3,0-5cm,1.19
4300554,bd_kg_dm3,5-15cm,1.24
4300554,bd_kg_dm3,15-30cm,1.3
4300554,bd_kg_dm3,30-60cm,1.32
4300554,bd_kg_dm3,60-100cm,1.34
4300554,cec_cmol_kg,0-5cm,21.3
4300554,cec_cmol_kg,5-15cm,18.5
4300554,cec_cmol_kg,15-30cm,18.9
4300554,cec_cmol_kg,30-60cm,18.8
4300554,cec_cmol_kg,60-100cm,19.2
4300109,clay_pct,0-5cm,34.0
4300109,clay_pct,5-15cm,35.1
4300109,clay_pct,15-30cm,38.0
4300109,clay_pct,30-60cm,46.7
4300109,clay_pct,60-100cm,48.3
4300109,sand_pct,0-5cm,30.1
4300109,sand_pct,5-15cm,32.0
4300109,sand_pct,15-30cm,29.7
4300109,sand_pct,30-60cm,24.6
4300109,sand_pct,60-100cm,23.1
4300109,silt_pct,0-5cm,36.0
4300109,silt_pct,5-15cm,32.9
4300109,silt_pct,15-30cm,32.3
4300109,silt_pct,30-60cm,28.7
4300109,silt_pct,60-100cm,28.6
4300109,soc_pct,0-5cm,6.6
4300109,soc_pct,5-15cm,2.5
4300109,soc_pct,15-30cm,3.06
4300109,soc_pct,30-60cm,1.79
4300109,soc_pct,60-100cm,1.09
4300109,ph_h2o,0-5cm,5.3
4300109,ph_h2o,5-15cm,5.3
4300109,ph_h2o,15-30cm,5.3
4300109,ph_h2o,30-60cm,5.2
4300109,ph_h2o,60-100cm,5.2
4300109,cec_cmol_kg,0-5cm,22.5
4300109,cec_cmol_kg,5-15cm,16.7
4300109,cec_cmol_kg,15-30cm,16.8
4300109,cec_cmol_kg,30-60cm,16.6
4300109,cec_cmol_kg,60-100cm,16.4
4300455,clay_pct,0-5cm,44.0
4300455,clay_pct,5-15cm,42.0
4300455,clay_pct,15-30cm,45.3
4300455,clay_pct,30-60cm,51.3
4300455,clay_pct,60-100cm,50.7
4300455,sand_pct,0-5cm,22.5
4300455,sand_pct,5-15cm,23.7
4300455,sand_pct,15-30cm,22.5
4300455,sand_pct,30-60cm,19.7
4300455,sand_pct,60-100cm,19.7
4300455,silt_pct,0-5cm,33.6
4300455,silt_pct,5-15cm,34.4
4300455,silt_pct,15-30cm,32.2
4300455,silt_pct,30-60cm,29.0
4300455,silt_pct,60-100cm,29.6
4300455,soc_pct,0-5cm,5.73
4300455,soc_pct,5-15cm,2.45
4300455,soc_pct,15-30cm,1.42
4300455,soc_pct,30-60cm,0.92
4300455,soc_pct,60-100cm,0.67
4300455,ph_h2o,0-5cm,5.1
4300455,ph_h2o,5-15cm,5.1
4300455,ph_h2o,15-30cm,5.1
4300455,ph_h2o,30-60cm,5.2
4300455,ph_h2o,60-100cm,5.2
4300455,bd_kg_dm3,0-5cm,1.0
4300455,bd_kg_dm3,5-15cm,1.05
4300455,bd_kg_dm3,15-30cm,1.08
4300455,bd_kg_dm3,30-60cm,1.19
4300455,bd_kg_dm3,60-100cm,1.23
4300455,cec_cmol_kg,0-5cm,21.9
4300455,cec_cmol_kg,5-15cm,17.9
4300455,cec_cmol_kg,15-30cm,16.8
4300455,cec_cmol_kg,30-60cm,17.0
4300455,cec_cmol_kg,60-100cm,15.7
4300638,clay_pct,0-5cm,23.5
4300638,clay_pct,5-15cm,22.0
4300638,clay_pct,15-30cm,25.5
4300638,clay_pct,30-60cm,44.9
4300638,clay_pct,60-100cm,46.1
4300638,sand_pct,0-5cm,48.0
4300638,sand_pct,5-15cm,49.3
4300638,sand_pct,15-30cm,46.3
4300638,sand_pct,30-60cm,31.7
4300638,sand_pct,60-100cm,30.5
4300638,silt_pct,0-5cm,28.5
4300638,silt_pct,5-15cm,28.7
4300638,silt_pct,15-30cm,28.3
4300638,silt_pct,30-60cm,23.4
4300638,silt_pct,60-100cm,23.4
4300638,soc_pct,0-5cm,5.01
4300638,soc_pct,5-15cm,1.79
4300638,soc_pct,15-30cm,1.41
4300638,soc_pct,30-60cm,0.82
4300638,soc_pct,60-100cm,0.65
4300638,ph_h2o,0-5cm,5.2
4300638,ph_h2o,5-15cm,5.2
4300638,ph_h2o,15-30cm,5.3
4300638,ph_h2o,30-60cm,5.3
4300638,ph_h2o,60-100cm,5.3
4300638,bd_kg_dm3,0-5cm,1.09
4300638,bd_kg_dm3,5-15cm,1.16
4300638,bd_kg_dm3,15-30cm,1.18
4300638,bd_kg_dm3,30-60cm,1.3
4300638,bd_kg_dm3,60-100cm,1.34
4300638,cec_cmol_kg,0-5cm,18.2
4300638,cec_cmol_kg,5-15cm,16.0
4300638,cec_cmol_kg,15-30cm,16.4
4300638,cec_cmol_kg,30-60cm,16.8
4300638,cec_cmol_kg,60-100cm,17.1
4300604,clay_pct,0-5cm,27.8
4300604,clay_pct,5-15cm,28.3
4300604,clay_pct,15-30cm,30.7
4300604,clay_pct,30-60cm,39.1
4300604,clay_pct,60-100cm,38.1
4300604,sand_pct,0-5cm,48.0
4300604,sand_pct,5-15cm,49.0
4300604,sand_pct,15-30cm,46.8
4300604,sand_pct,30-60cm,39.7
4300604,sand_pct,60-100cm,39.5
4300604,silt_pct,0-5cm,24.2
4300604,silt_pct,5-15cm,22.8
4300604,silt_pct,15-30cm,22.5
4300604,silt_pct,30-60cm,21.2
4300604,silt_pct,60-100cm,22.4
4300604,soc_pct,0-5cm,6.84
4300604,soc_pct,5-15cm,2.35
4300604,soc_pct,15-30cm,1.83
4300604,soc_pct,30-60cm,1.56
4300604,soc_pct,60-100cm,0.92
4300604,ph_h2o,0-5cm,5.2
4300604,ph_h2o,5-15cm,5.2
4300604,ph_h2o,15-30cm,5.2
4300604,ph_h2o,30-60cm,5.3
4300604,ph_h2o,60-100cm,5.3
4300604,bd_kg_dm3,0-5cm,1.14
4300604,bd_kg_dm3,5-15cm,1.2
4300604,bd_kg_dm3,15-30cm,1.24
4300604,bd_kg_dm3,30-60cm,1.31
4300604,bd_kg_dm3,60-100cm,1.33
4300604,cec_cmol_kg,0-5cm,21.8
4300604,cec_cmol_kg,5-15cm,16.4
4300604,cec_cmol_kg,15-30cm,16.9
4300604,cec_cmol_kg,30-60cm,17.7
4300604,cec_cmol_kg,60-100cm,17.6
4300802,clay_pct,0-5cm,51.1
4300802,clay_pct,5-15cm,50.1
4300802,clay_pct,15-30cm,49.0
4300802,clay_pct,30-60cm,55.0
4300802,clay_pct,60-100cm,55.8
4300802,sand_pct,0-5cm,16.9
4300802,sand_pct,5-15cm,17.2
4300802,sand_pct,15-30cm,17.0
4300802,sand_pct,30-60cm,14.9
4300802,sand_pct,60-100cm,14.4
4300802,silt_pct,0-5cm,32.0
4300802,silt_pct,5-15cm,32.7
4300802,silt_pct,15-30cm,34.0
4300802,silt_pct,30-60cm,30.0
4300802,silt_pct,60-100cm,29.8
4300802,soc_pct,0-5cm,7.54
4300802,soc_pct,5-15cm,4.77
4300802,soc_pct,15-30cm,3.84
4300802,soc_pct,30-60cm,2.46
4300802,soc_pct,60-100cm,1.91
4300802,ph_h2o,0-5cm,5.2
4300802,ph_h2o,5-15cm,5.1
4300802,ph_h2o,15-30cm,5.1
4300802,ph_h2o,30-60cm,5.1
4300802,ph_h2o,60-100cm,5.1
4300802,bd_kg_dm3,0-5cm,0.95
4300802,bd_kg_dm3,5-15cm,0.98
4300802,bd_kg_dm3,15-30cm,1.04
4300802,bd_kg_dm3,30-60cm,1.11
4300802,bd_kg_dm3,60-100cm,1.18
4300802,cec_cmol_kg,0-5cm,20.7
4300802,cec_cmol_kg,5-15cm,20.0
4300802,cec_cmol_kg,15-30cm,19.7
4300802,cec_cmol_kg,30-60cm,20.3
4300802,cec_cmol_kg,60-100cm,19.4
4300703,sand_pct,0-5cm,24.1
4300703,sand_pct,5-15cm,23.9
4300703,sand_pct,15-30cm,22.9
4300703,sand_pct,30-60cm,19.2
4300703,sand_pct,60-100cm,18.7
4300703,silt_pct,0-5cm,33.8
4300703,silt_pct,5-15cm,33.1
4300703,silt_pct,15-30cm,31.7
4300703,silt_pct,30-60cm,28.9
4300703,silt_pct,60-100cm,28.1
4300703,soc_pct,0-5cm,7.44
4300703,soc_pct,5-15cm,2.13
4300703,soc_pct,15-30cm,1.76
4300703,soc_pct,30-60cm,1.72
4300703,soc_pct,60-100cm,1.25
4300703,ph_h2o,0-5cm,5.2
4300703,ph_h2o,5-15cm,5.2
4300703,ph_h2o,15-30cm,5.2
4300703,ph_h2o,30-60cm,5.1
4300703,ph_h2o,60-100cm,5.1
4300703,bd_kg_dm3,0-5cm,1.03
4300703,bd_kg_dm3,5-15cm,1.06
4300703,bd_kg_dm3,15-30cm,1.11
4300703,bd_kg_dm3,30-60cm,1.19
4300703,bd_kg_dm3,60-100cm,1.25
4300703,cec_cmol_kg,0-5cm,19.2
4300703,cec_cmol_kg,5-15cm,18.1
4300703,cec_cmol_kg,15-30cm,18.3
4300703,cec_cmol_kg,30-60cm,19.1
4300703,cec_cmol_kg,60-100cm,17.0
4300877,clay_pct,0-5cm,25.7
4300877,clay_pct,5-15cm,25.4
4300877,clay_pct,15-30cm,28.9
4300877,clay_pct,30-60cm,42.9
4300877,clay_pct,60-100cm,43.4
4300877,sand_pct,0-5cm,42.7
4300877,sand_pct,5-15cm,43.6
4300877,sand_pct,15-30cm,40.7
4300877,sand_pct,30-60cm,31.6
4300877,sand_pct,60-100cm,30.5
4300877,silt_pct,0-5cm,31.6
4300877,silt_pct,5-15cm,31.0
4300877,silt_pct,15-30cm,30.4
4300877,silt_pct,30-60cm,25.5
4300877,silt_pct,60-100cm,26.1
4300877,soc_pct,0-5cm,7.34
4300877,soc_pct,5-15cm,2.42
4300877,soc_pct,15-30cm,2.26
4300877,soc_pct,30-60cm,2.2
4300877,soc_pct,60-100cm,1.4
4300877,ph_h2o,0-5cm,5.3
4300877,ph_h2o,5-15cm,5.3
4300877,ph_h2o,15-30cm,5.3
4300877,ph_h2o,30-60cm,5.4
4300877,ph_h2o,60-100cm,5.4
4300877,bd_kg_dm3,0-5cm,1.11
4300877,bd_kg_dm3,5-15cm,1.15
4300877,bd_kg_dm3,15-30cm,1.2
4300877,bd_kg_dm3,30-60cm,1.22
4300877,bd_kg_dm3,60-100cm,1.26
4300877,cec_cmol_kg,0-5cm,18.3
4300877,cec_cmol_kg,5-15cm,15.0
4300877,cec_cmol_kg,15-30cm,15.5
4300877,cec_cmol_kg,30-60cm,16.0
4300877,cec_cmol_kg,60-100cm,16.5
4300851,clay_pct,0-5cm,20.0
4300851,clay_pct,5-15cm,19.0
4300851,clay_pct,15-30cm,23.0
4300851,clay_pct,30-60cm,36.0
4300851,clay_pct,60-100cm,36.4
4300851,sand_pct,0-5cm,50.9
4300851,sand_pct,5-15cm,52.1
4300851,sand_pct,15-30cm,49.9
4300851,sand_pct,30-60cm,39.6
4300851,sand_pct,60-100cm,39.1
4300851,silt_pct,0-5cm,29.1
4300851,silt_pct,5-15cm,28.9
4300851,silt_pct,15-30cm,27.1
4300851,silt_pct,30-60cm,24.4
4300851,silt_pct,60-100cm,24.5
4300851,soc_pct,0-5cm,5.05
4300851,soc_pct,5-15cm,2.32
4300851,soc_pct,15-30cm,2.87
4300851,soc_pct,30-60cm,1.54
4300851,soc_pct,60-100cm,0.48
4300851,ph_h2o,0-5cm,5.3
4300851,ph_h2o,5-15cm,5.3
4300851,ph_h2o,15-30cm,5.3
4300851,ph_h2o,30-60cm,5.5
4300851,ph_h2o,60-100cm,5.6
4300851,bd_kg_dm3,0-5cm,1.25
4300851,bd_kg_dm3,5-15cm,1.28
4300851,bd_kg_dm3,15-30cm,1.31
4300851,bd_kg_dm3,30-60cm,1.31
4300851,bd_kg_dm3,60-100cm,1.34
4300851,cec_cmol_kg,0-5cm,23.8
4300851,cec_cmol_kg,5-15cm,17.4
4300851,cec_cmol_kg,15-30cm,17.5
4300851,cec_cmol_kg,30-60cm,18.5
4300851,cec_cmol_kg,60-100cm,18.5
4301008,clay_pct,0-5cm,35.7
4301008,clay_pct,5-15cm,36.3
4301008,clay_pct,15-30cm,45.7
4301008,clay_pct,30-60cm,56.7
4301008,clay_pct,60-100cm,58.7
4301008,sand_pct,0-5cm,23.5
4301008,sand_pct,5-15cm,23.1
4301008,sand_pct,15-30cm,18.6
4301008,sand_pct,30-60cm,14.8
4301008,sand_pct,60-100cm,13.6
4301008,silt_pct,0-5cm,40.8
4301008,silt_pct,5-15cm,40.6
4301008,silt_pct,15-30cm,35.6
4301008,silt_pct,30-60cm,28.5
4301008,silt_pct,60-100cm,27.7
4301008,soc_pct,0-5cm,5.31
4301008,soc_pct,5-15cm,2.63
4301008,soc_pct,15-30cm,2.16
4301008,soc_pct,30-60cm,1.0
4301008,soc_pct,60-100cm,0.56
4301008,bd_kg_dm3,0-5cm,1.07
4301008,bd_kg_dm3,5-15cm,1.09
4301008,bd_kg_dm3,15-30cm,1.17
4301008,bd_kg_dm3,30-60cm,1.24
4301008,bd_kg_dm3,60-100cm,1.26
4301008,cec_cmol_kg,0-5cm,24.7
4301008,cec_cmol_kg,5-15cm,22.1
4301008,cec_cmol_kg,15-30cm,21.6
4301008,cec_cmol_kg,30-60cm,22.7
4301008,cec_cmol_kg,60-100cm,22.2
4300901,clay_pct,0-5cm,45.1
4300901,clay_pct,5-15cm,45.4
4300901,clay_pct,15-30cm,47.2
4300901,clay_pct,30-60cm,52.5
4300901,clay_pct,60-100cm,53.7
4300901,sand_pct,0-5cm,23.5
4300901,sand_pct,5-15cm,23.1
4300901,sand_pct,15-30cm,22.5
4300901,sand_pct,30-60cm,20.4
4300901,sand_pct,60-100cm,19.7
4300901,silt_pct,0-5cm,31.5
4300901,silt_pct,5-15cm,31.5
4300901,silt_pct,15-30cm,30.3
4300901,silt_pct,30-60cm,27.0
4300901,silt_pct,60-100cm,26.6
4300901,soc_pct,0-5cm,6.35
4300901,soc_pct,5-15cm,3.24
4300901,soc_pct,15-30cm,4.08
4300901,soc_pct,30-60cm,3.56
4300901,soc_pct,60-100cm,3.48
4300901,ph_h2o,0-5cm,5.1
4300901,ph_h2o,5-15cm,5.1
4300901,ph_h2o,15-30cm,5.1
4300901,ph_h2o,30-60cm,5.2
4300901,ph_h2o,60-100cm,5.1
4300901,bd_kg_dm3,0-5cm,0.98
4300901,bd_kg_dm3,5-15cm,1.0
4300901,bd_kg_dm3,15-30cm,1.05
4300901,bd_kg_dm3,30-60cm,1.09
4300901,bd_kg_dm3,60-100cm,1.14
4300901,cec_cmol_kg,0-5cm,20.1
4300901,cec_cmol_kg,5-15cm,17.9
4300901,cec_cmol_kg,15-30cm,18.6
4300901,cec_cmol_kg,30-60cm,19.2
4300901,cec_cmol_kg,60-100cm,17.8
4301073,clay_pct,0-5cm,21.4
4301073,clay_pct,5-15cm,21.0
4301073,clay_pct,15-30cm,25.7
4301073,clay_pct,30-60cm,45.1
4301073,clay_pct,60-100cm,44.4
4301073,sand_pct,0-5cm,54.7
4301073,sand_pct,5-15cm,55.1
4301073,sand_pct,15-30cm,50.4
4301073,sand_pct,30-60cm,33.5
4301073,sand_pct,60-100cm,32.7
4301073,silt_pct,0-5cm,23.9
4301073,silt_pct,5-15cm,23.9
4301073,silt_pct,15-30cm,23.9
4301073,silt_pct,30-60cm,21.4
4301073,silt_pct,60-100cm,22.9
4301073,soc_pct,0-5cm,6.37
4301073,soc_pct,5-15cm,2.56
4301073,soc_pct,15-30cm,1.9
4301073,soc_pct,30-60cm,0.95
4301073,soc_pct,60-100cm,0.6
4301073,ph_h2o,0-5cm,5.2
4301073,ph_h2o,5-15cm,5.2
4301073,ph_h2o,15-30cm,5.2
4301073,ph_h2o,30-60cm,5.2
4301073,ph_h2o,60-100cm,5.2
4301073,bd_kg_dm3,0-5cm,1.07
4301073,bd_kg_dm3,5-15cm,1.15
4301073,bd_kg_dm3,15-30cm,1.19
4301073,bd_kg_dm3,30-60cm,1.25
4301073,bd_kg_dm3,60-100cm,1.32
4301073,cec_cmol_kg,0-5cm,17.8
4301073,cec_cmol_kg,5-15cm,17.9
4301073,cec_cmol_kg,15-30cm,18.8
4301073,cec_cmol_kg,30-60cm,19.6
4301073,cec_cmol_kg,60-100cm,18.4
4301107,clay_pct,0-5cm,37.5
4301107,clay_pct,5-15cm,36.0
4301107,clay_pct,15-30cm,39.8
4301107,clay_pct,30-60cm,49.2
4301107,clay_pct,60-100cm,52.2
4301107,sand_pct,0-5cm,38.5
4301107,sand_pct,5-15cm,39.5
4301107,sand_pct,15-30cm,36.4
4301107,sand_pct,30-60cm,28.3
4301107,sand_pct,60-100cm,25.8
4301107,silt_pct,0-5cm,24.0
4301107,silt_pct,5-15cm,24.5
4301107,silt_pct,15-30cm,23.8
4301107,silt_pct,30-60cm,22.5
4301107,silt_pct,60-100cm,22.0
4301107,soc_pct,0-5cm,5.89
4301107,soc_pct,5-15cm,1.93
4301107,soc_pct,15-30cm,1.32
4301107,soc_pct,30-60cm,0.84
4301107,soc_pct,60-100cm,0.57
4301107,ph_h2o,0-5cm,5.2
4301107,ph_h2o,5-15cm,5.2
4301107,ph_h2o,15-30cm,5.3
4301107,ph_h2o,30-60cm,5.2
4301107,ph_h2o,60-100cm,5.3
4301107,bd_kg_dm3,0-5cm,1.18
4301107,bd_kg_dm3,5-15cm,1.23
4301107,bd_kg_dm3,15-30cm,1.28
4301107,bd_kg_dm3,30-60cm,1.38
4301107,bd_kg_dm3,60-100cm,1.41
4301107,cec_cmol_kg,0-5cm,16.8
4301107,cec_cmol_kg,5-15cm,13.7
4301107,cec_cmol_kg,15-30cm,15.0
4301107,cec_cmol_kg,30-60cm,16.4
4301107,cec_cmol_kg,60-100cm,16.7
4301206,clay_pct,0-5cm,35.5
4301206,clay_pct,5-15cm,36.0
4301206,clay_pct,15-30cm,38.9
4301206,clay_pct,30-60cm,47.9
4301206,clay_pct,60-100cm,49.5
4301206,sand_pct,0-5cm,26.2
4301206,sand_pct,5-15cm,26.9
4301206,sand_pct,15-30cm,23.9
4301206,sand_pct,30-60cm,18.8
4301206,sand_pct,60-100cm,17.5
4301206,silt_pct,0-5cm,38.3
4301206,silt_pct,5-15cm,37.2
4301206,silt_pct,15-30cm,37.2
4301206,silt_pct,30-60cm,33.3
4301206,silt_pct,60-100cm,33.1
4301206,soc_pct,0-5cm,5.0
4301206,soc_pct,5-15cm,2.12
4301206,soc_pct,15-30cm,1.59
4301206,soc_pct,30-60cm,0.91
4301206,soc_pct,60-100cm,0.62
4301206,ph_h2o,0-5cm,5.2
4301206,ph_h2o,5-15cm,5.2
4301206,ph_h2o,15-30cm,5.2
4301206,ph_h2o,30-60cm,5.2
4301206,ph_h2o,60-100cm,5.2
4301206,bd_kg_dm3,0-5cm,1.1
4301206,bd_kg_dm3,5-15cm,1.14
4301206,bd_kg_dm3,15-30cm,1.19
4301206,bd_kg_dm3,30-60cm,1.25
4301206,bd_kg_dm3,60-100cm,1.29
4301206,cec_cmol_kg,0-5cm,18.4
4301206,cec_cmol_kg,5-15cm,16.1
4301206,cec_cmol_kg,15-30cm,16.1
4301206,cec_cmol_kg,30-60cm,17.2
4301206,cec_cmol_kg,60-100cm,17.0
4301305,clay_pct,0-5cm,27.6
4301305,clay_pct,5-15cm,27.4
4301305,clay_pct,15-30cm,29.7
4301305,clay_pct,30-60cm,43.0
4301305,clay_pct,60-100cm,41.7
4301305,sand_pct,0-5cm,43.6
4301305,sand_pct,5-15cm,43.7
4301305,sand_pct,15-30cm,40.9
4301305,sand_pct,30-60cm,31.3
4301305,sand_pct,60-100cm,31.7
4301305,silt_pct,0-5cm,28.8
4301305,silt_pct,5-15cm,28.9
4301305,silt_pct,15-30cm,29.4
4301305,silt_pct,30-60cm,25.7
4301305,silt_pct,60-100cm,26.6
4301305,soc_pct,0-5cm,5.75
4301305,soc_pct,5-15cm,2.53
4301305,soc_pct,15-30cm,2.24
4301305,soc_pct,30-60cm,1.09
4301305,soc_pct,60-100cm,0.52
4301305,ph_h2o,0-5cm,5.4
4301305,ph_h2o,5-15cm,5.4
4301305,ph_h2o,15-30cm,5.5
4301305,ph_h2o,30-60cm,5.5
4301305,ph_h2o,60-100cm,5.6
4301305,bd_kg_dm3,0-5cm,1.2
4301305,bd_kg_dm3,5-15cm,1.24
4301305,bd_kg_dm3,15-30cm,1.27
4301305,bd_kg_dm3,30-60cm,1.32
4301305,bd_kg_dm3,60-100cm,1.34
4301305,cec_cmol_kg,0-5cm,27.1
4301305,cec_cmol_kg,5-15cm,16.3
4301305,cec_cmol_kg,15-30cm,17.8
4301305,cec_cmol_kg,30-60cm,19.5
4301305,cec_cmol_kg,60-100cm,19.8
4301404,clay_pct,0-5cm,42.2
4301404,clay_pct,5-15cm,42.8
4301404,clay_pct,15-30cm,45.1
4301404,clay_pct,30-60cm,49.4
4301404,clay_pct,60-100cm,50.1
4301404,sand_pct,0-5cm,17.6
4301404,sand_pct,5-15cm,17.3
4301404,sand_pct,15-30cm,16.5
4301404,sand_pct,30-60cm,15.1
4301404,sand_pct,60-100cm,14.9
4301404,silt_pct,0-5cm,40.2
4301404,silt_pct,5-15cm,39.8
4301404,silt_pct,15-30cm,38.4
4301404,silt_pct,30-60cm,35.5
4301404,silt_pct,60-100cm,35.0
4301404,soc_pct,0-5cm,7.55
4301404,soc_pct,5-15cm,2.73
4301404,soc_pct,15-30cm,2.5
4301404,soc_pct,30-60cm,1.52
4301404,soc_pct,60-100cm,1.44
4301404,ph_h2o,0-5cm,5.2
4301404,ph_h2o,5-15cm,5.2
4301404,ph_h2o,15-30cm,5.2
4301404,ph_h2o,30-60cm,5.3
4301404,ph_h2o,60-100cm,5.3
4301404,bd_kg_dm3,0-5cm,0.99
4301404,bd_kg_dm3,5-15cm,1.02
4301404,bd_kg_dm3,15-30cm,1.07
4301404,bd_kg_dm3,30-60cm,1.14
4301404,bd_kg_dm3,60-100cm,1.19
4301404,cec_cmol_kg,0-5cm,21.8
4301404,cec_cmol_kg,5-15cm,17.6
4301404,cec_cmol_kg,15-30cm,16.4
4301404,cec_cmol_kg,30-60cm,16.0
4301404,cec_cmol_kg,60-100cm,15.2
4301503,clay_pct,0-5cm,40.0
4301503,clay_pct,5-15cm,39.9
4301503,clay_pct,15-30cm,43.5
4301503,clay_pct,30-60cm,46.3
4301503,clay_pct,60-100cm,47.8
4301503,sand_pct,0-5cm,27.8
4301503,sand_pct,5-15cm,27.8
4301503,sand_pct,15-30cm,26.1
4301503,sand_pct,30-60cm,26.2
4301503,sand_pct,60-100cm,25.0
4301503,silt_pct,0-5cm,32.2
4301503,silt_pct,5-15cm,32.2
4301503,silt_pct,15-30cm,30.4
4301503,silt_pct,30-60cm,27.5
4301503,silt_pct,60-100cm,27.2
4301503,soc_pct,0-5cm,4.74
4301503,soc_pct,5-15cm,2.16
4301503,soc_pct,15-30cm,1.52
4301503,soc_pct,30-60cm,1.15
4301503,soc_pct,60-100cm,0.81
4301503,ph_h2o,0-5cm,5.0
4301503,ph_h2o,5-15cm,5.0
4301503,ph_h2o,15-30cm,5.0
4301503,ph_h2o,30-60cm,5.0
4301503,ph_h2o,60-100cm,5.1
4301503,bd_kg_dm3,0-5cm,1.13
4301503,bd_kg_dm3,5-15cm,1.18
4301503,bd_kg_dm3,15-30cm,1.24
4301503,bd_kg_dm3,30-60cm,1.26
4301503,bd_kg_dm3,60-100cm,1.28
4301503,cec_cmol_kg,0-5cm,24.9
4301503,cec_cmol_kg,5-15cm,21.3
4301503,cec_cmol_kg,15-30cm,20.6
4301503,cec_cmol_kg,30-60cm,21.4
4301503,cec_cmol_kg,60-100cm,20.1
4301552,clay_pct,0-5cm,53.8
4301552,clay_pct,5-15cm,54.0
4301552,clay_pct,15-30cm,57.3
4301552,clay_pct,30-60cm,61.4
4301552,clay_pct,60-100cm,62.4
4301552,sand_pct,0-5cm,19.2
4301552,sand_pct,5-15cm,18.7
4301552,sand_pct,15-30cm,16.9
4301552,sand_pct,30-60cm,16.0
4301552,sand_pct,60-100cm,15.5
4301552,silt_pct,0-5cm,27.0
4301552,silt_pct,5-15cm,27.2
4301552,silt_pct,15-30cm,25.7
4301552,silt_pct,30-60cm,22.6
4301552,silt_pct,60-100cm,22.1
4301552,soc_pct,0-5cm,5.51
4301552,soc_pct,5-15cm,3.54
4301552,soc_pct,15-30cm,2.07
4301552,soc_pct,30-60cm,1.14
4301552,soc_pct,60-100cm,1.04
4301552,bd_kg_dm3,0-5cm,1.02
4301552,bd_kg_dm3,5-15cm,1.05
4301552,bd_kg_dm3,15-30cm,1.09
4301552,bd_kg_dm3,30-60cm,1.17
4301552,bd_kg_dm3,60-100cm,1.19
4301552,cec_cmol_kg,0-5cm,25.5
4301552,cec_cmol_kg,5-15cm,21.9
4301552,cec_cmol_kg,15-30cm,21.5
4301552,cec_cmol_kg,30-60cm,20.9
4301552,cec_cmol_kg,60-100cm,19.5
4301602,clay_pct,0-5cm,25.7
4301602,clay_pct,5-15cm,24.7
4301602,clay_pct,15-30cm,27.5
4301602,clay_pct,30-60cm,45.4
4301602,clay_pct,60-100cm,46.1
4301602,sand_pct,0-5cm,46.8
4301602,sand_pct,5-15cm,49.5
4301602,sand_pct,15-30cm,46.6
4301602,sand_pct,30-60cm,33.7
4301602,sand_pct,60-100cm,32.5
4301602,silt_pct,0-5cm,27.5
4301602,silt_pct,5-15cm,25.8
4301602,silt_pct,15-30cm,25.9
4301602,silt_pct,30-60cm,20.9
4301602,silt_pct,60-100cm,21.4
4301602,soc_pct,0-5cm,5.75
4301602,soc_pct,5-15cm,2.11
4301602,soc_pct,15-30cm,1.52
4301602,soc_pct,30-60cm,1.09
4301602,soc_pct,60-100cm,0.58
4301602,ph_h2o,0-5cm,5.3
4301602,ph_h2o,5-15cm,5.3
4301602,ph_h2o,15-30cm,5.3
4301602,ph_h2o,30-60cm,5.3
4301602,ph_h2o,60-100cm,5.4
4301602,bd_kg_dm3,0-5cm,1.14
4301602,bd_kg_dm3,5-15cm,1.2
4301602,bd_kg_dm3,15-30cm,1.24
4301602,bd_kg_dm3,30-60cm,1.34
4301602,bd_kg_dm3,60-100cm,1.38
4301602,cec_cmol_kg,0-5cm,22.2
4301602,cec_cmol_kg,5-15cm,17.9
4301602,cec_cmol_kg,15-30cm,17.8
4301602,cec_cmol_kg,30-60cm,18.3
4301602,cec_cmol_kg,60-100cm,18.2
4301636,clay_pct,0-5cm,20.9
4301636,clay_pct,5-15cm,21.0
4301636,clay_pct,15-30cm,22.1
4301636,clay_pct,30-60cm,30.4
4301636,clay_pct,60-100cm,27.8
4301636,sand_pct,0-5cm,59.2
4301636,sand_pct,5-15cm,61.3
4301636,sand_pct,15-30cm,60.7
4301636,sand_pct,30-60cm,53.2
4301636,sand_pct,60-100cm,54.7
4301636,silt_pct,0-5cm,19.9
4301636,silt_pct,5-15cm,17.6
4301636,silt_pct,15-30cm,17.3
4301636,silt_pct,30-60cm,16.4
4301636,silt_pct,60-100cm,17.4
4301636,soc_pct,0-5cm,5.58
4301636,soc_pct,5-15cm,2.94
4301636,soc_pct,15-30cm,2.24
4301636,soc_pct,30-60cm,1.19
4301636,soc_pct,60-100cm,0.59
4301636,ph_h2o,0-5cm,5.2
4301636,ph_h2o,5-15cm,5.1
4301636,ph_h2o,15-30cm,5.2
4301636,ph_h2o,30-60cm,5.2
4301636,ph_h2o,60-100cm,5.3
4301636,bd_kg_dm3,0-5cm,1.14
4301636,bd_kg_dm3,5-15cm,1.17
4301636,bd_kg_dm3,15-30cm,1.22
4301636,bd_kg_dm3,30-60cm,1.27
4301636,bd_kg_dm3,60-100cm,1.3
4301636,cec_cmol_kg,0-5cm,23.4
4301636,cec_cmol_kg,5-15cm,17.9
4301636,cec_cmol_kg,15-30cm,18.6
4301636,cec_cmol_kg,30-60cm,19.4
4301636,cec_cmol_kg,60-100cm,18.4
4301651,clay_pct,0-5cm,43.0
4301651,clay_pct,5-15cm,43.5
4301651,clay_pct,15-30cm,45.8
4301651,clay_pct,30-60cm,49.7
4301651,clay_pct,60-100cm,51.4
4301651,sand_pct,0-5cm,21.4
4301651,sand_pct,5-15cm,21.1
4301651,sand_pct,15-30cm,19.4
4301651,sand_pct,30-60cm,17.8
4301651,sand_pct,60-100cm,16.6
4301651,silt_pct,0-5cm,35.6
4301651,silt_pct,5-15cm,35.4
4301651,silt_pct,15-30cm,34.8
4301651,silt_pct,30-60cm,32.5
4301651,silt_pct,60-100cm,32.0
4301651,soc_pct,0-5cm,7.01
4301651,soc_pct,5-15cm,2.7
4301651,soc_pct,15-30cm,1.82
4301651,soc_pct,30-60cm,1.02
4301651,soc_pct,60-100cm,0.65
4301651,ph_h2o,0-5cm,5.3
4301651,ph_h2o,5-15cm,5.3
4301651,ph_h2o,15-30cm,5.3
4301651,ph_h2o,30-60cm,5.3
4301651,ph_h2o,60-100cm,5.3
4301651,bd_kg_dm3,0-5cm,0.98
4301651,bd_kg_dm3,5-15cm,0.99
4301651,bd_kg_dm3,15-30cm,1.04
4301651,bd_kg_dm3,30-60cm,1.12
4301651,bd_kg_dm3,60-100cm,1.18
4301651,cec_cmol_kg,0-5cm,20.5
4301651,cec_cmol_kg,5-15cm,16.1
4301651,cec_cmol_kg,15-30cm,16.3
4301651,cec_cmol_kg,30-60cm,15.4
4301651,cec_cmol_kg,60-100cm,15.4
4301701,clay_pct,0-5cm,48.3
4301701,clay_pct,5-15cm,48.0
4301701,clay_pct,15-30cm,50.1
4301701,clay_pct,30-60cm,55.2
4301701,clay_pct,60-100cm,58.3
4301701,sand_pct,0-5cm,18.7
4301701,sand_pct,5-15cm,18.4
4301701,sand_pct,15-30cm,17.8
4301701,sand_pct,30-60cm,16.0
4301701,sand_pct,60-100cm,14.6
4301701,silt_pct,0-5cm,33.0
4301701,silt_pct,5-15cm,33.6
4301701,silt_pct,15-30cm,32.1
4301701,silt_pct,30-60cm,28.8
4301701,silt_pct,60-100cm,27.2
4301701,soc_pct,0-5cm,6.5
4301701,soc_pct,5-15cm,3.81
4301701,soc_pct,15-30cm,3.09
4301701,soc_pct,30-60cm,2.17
4301701,soc_pct,60-100cm,1.76
4301701,ph_h2o,0-5cm,5.2
4301701,ph_h2o,5-15cm,5.1
4301701,ph_h2o,15-30cm,5.1
4301701,ph_h2o,30-60cm,5.2
4301701,ph_h2o,60-100cm,5.2
4301701,bd_kg_dm3,0-5cm,0.97
4301701,bd_kg_dm3,5-15cm,0.98
4301701,bd_kg_dm3,15-30cm,1.02
4301701,bd_kg_dm3,30-60cm,1.04
4301701,bd_kg_dm3,60-100cm,1.07
4301701,cec_cmol_kg,0-5cm,20.6
4301701,cec_cmol_kg,5-15cm,18.0
4301701,cec_cmol_kg,15-30cm,16.5
4301701,cec_cmol_kg,30-60cm,15.6
4301701,cec_cmol_kg,60-100cm,14.9
4301750,clay_pct,0-5cm,31.6
4301750,clay_pct,5-15cm,31.2
4301750,clay_pct,15-30cm,33.0
4301750,clay_pct,30-60cm,47.9
4301750,clay_pct,60-100cm,49.5
4301750,sand_pct,0-5cm,42.4
4301750,sand_pct,5-15cm,44.2
4301750,sand_pct,15-30cm,41.2
4301750,sand_pct,30-60cm,27.9
4301750,sand_pct,60-100cm,26.4
4301750,silt_pct,0-5cm,26.0
4301750,silt_pct,5-15cm,24.6
4301750,silt_pct,15-30cm,25.8
4301750,silt_pct,30-60cm,24.2
4301750,silt_pct,60-100cm,24.0
4301750,soc_pct,0-5cm,7.11
4301750,soc_pct,5-15cm,2.39
4301750,soc_pct,15-30cm,2.13
4301750,soc_pct,30-60cm,1.19
4301750,soc_pct,60-100cm,0.78
4301750,ph_h2o,0-5cm,5.1
4301750,ph_h2o,5-15cm,5.2
4301750,ph_h2o,15-30cm,5.2
4301750,ph_h2o,30-60cm,5.2
4301750,ph_h2o,60-100cm,5.2
4301750,bd_kg_dm3,0-5cm,1.03
4301750,bd_kg_dm3,5-15cm,1.11
4301750,bd_kg_dm3,15-30cm,1.16
4301750,bd_kg_dm3,30-60cm,1.24
4301750,bd_kg_dm3,60-100cm,1.29
4301750,cec_cmol_kg,0-5cm,17.0
4301750,cec_cmol_kg,5-15cm,13.5
4301750,cec_cmol_kg,15-30cm,13.1
4301750,cec_cmol_kg,30-60cm,14.6
4301750,cec_cmol_kg,60-100cm,15.0
4301057,clay_pct,0-5cm,28.1
4301057,clay_pct,5-15cm,27.8
4301057,clay_pct,15-30cm,30.9
4301057,clay_pct,30-60cm,35.4
4301057,clay_pct,60-100cm,35.4
4301057,sand_pct,0-5cm,49.3
4301057,sand_pct,5-15cm,50.9
4301057,sand_pct,15-30cm,48.6
4301057,sand_pct,30-60cm,44.3
4301057,sand_pct,60-100cm,44.3
4301057,silt_pct,0-5cm,22.5
4301057,silt_pct,5-15cm,21.4
4301057,silt_pct,15-30cm,20.5
4301057,silt_pct,30-60cm,20.4
4301057,silt_pct,60-100cm,20.3
4301057,soc_pct,0-5cm,5.7
4301057,soc_pct,5-15cm,4.18
4301057,soc_pct,15-30cm,2.55
4301057,soc_pct,30-60cm,1.38
4301057,soc_pct,60-100cm,0.66
4301057,ph_h2o,0-5cm,5.3
4301057,ph_h2o,5-15cm,5.3
4301057,ph_h2o,15-30cm,5.3
4301057,ph_h2o,30-60cm,5.4
4301057,ph_h2o,60-100cm,5.5
4301057,bd_kg_dm3,0-5cm,1.15
4301057,bd_kg_dm3,5-15cm,1.18
4301057,bd_kg_dm3,15-30cm,1.21
4301057,bd_kg_dm3,30-60cm,1.19
4301057,bd_kg_dm3,60-100cm,1.24
4301057,cec_cmol_kg,0-5cm,22.4
4301057,cec_cmol_kg,5-15cm,19.0
4301057,cec_cmol_kg,15-30cm,19.8
4301057,cec_cmol_kg,30-60cm,20.5
4301057,cec_cmol_kg,60-100cm,20.8
4300661,clay_pct,0-5cm,49.4
4300661,clay_pct,5-15cm,49.6
4300661,clay_pct,15-30cm,51.0
4300661,clay_pct,30-60cm,57.7
4300661,clay_pct,60-100cm,58.7
4300661,sand_pct,0-5cm,17.1
4300661,sand_pct,5-15cm,18.0
4300661,sand_pct,15-30cm,17.4
4300661,sand_pct,30-60cm,14.3
4300661,sand_pct,60-100cm,13.0
4300661,silt_pct,0-5cm,33.5
4300661,silt_pct,5-15cm,32.4
4300661,silt_pct,15-30cm,31.6
4300661,silt_pct,30-60cm,28.0
4300661,silt_pct,60-100cm,28.3
4300661,soc_pct,0-5cm,5.37
4300661,soc_pct,5-15cm,2.27
4300661,soc_pct,15-30cm,1.99
4300661,soc_pct,30-60cm,1.1
4300661,soc_pct,60-100cm,0.74
4300661,ph_h2o,0-5cm,5.1
4300661,ph_h2o,5-15cm,5.1
4300661,ph_h2o,15-30cm,5.1
4300661,ph_h2o,30-60cm,5.1
4300661,ph_h2o,60-100cm,5.0
4300661,bd_kg_dm3,0-5cm,0.98
4300661,bd_kg_dm3,5-15cm,1.01
4300661,bd_kg_dm3,15-30cm,1.05
4300661,bd_kg_dm3,30-60cm,1.09
4300661,bd_kg_dm3,60-100cm,1.13
4300661,cec_cmol_kg,0-5cm,20.8
4300661,cec_cmol_kg,5-15cm,19.1
4300661,cec_cmol_kg,15-30cm,17.4
4300661,cec_cmol_kg,30-60cm,17.4
4300661,cec_cmol_kg,60-100cm,16.6
4301875,clay_pct,0-5cm,21.7
4301875,clay_pct,5-15cm,21.2
4301875,clay_pct,15-30cm,25.1
4301875,clay_pct,30-60cm,32.9
4301875,clay_pct,60-100cm,32.7
4301875,sand_pct,0-5cm,44.5
4301875,sand_pct,5-15cm,44.8
4301875,sand_pct,15-30cm,41.9
4301875,sand_pct,30-60cm,37.1
4301875,sand_pct,60-100cm,36.0
4301875,silt_pct,0-5cm,33.7
4301875,silt_pct,5-15cm,34.0
4301875,silt_pct,15-30cm,33.0
4301875,silt_pct,30-60cm,30.0
4301875,silt_pct,60-100cm,31.3
4301875,soc_pct,0-5cm,3.18
4301875,soc_pct,5-15cm,1.47
4301875,soc_pct,15-30cm,1.22
4301875,soc_pct,30-60cm,0.76
4301875,soc_pct,60-100cm,0.37
4301875,ph_h2o,0-5cm,5.8
4301875,ph_h2o,5-15cm,5.9
4301875,ph_h2o,15-30cm,6.0
4301875,ph_h2o,30-60cm,6.3
4301875,ph_h2o,60-100cm,6.7
4301875,bd_kg_dm3,0-5cm,1.44
4301875,bd_kg_dm3,5-15cm,1.48
4301875,bd_kg_dm3,15-30cm,1.6
4301875,bd_kg_dm3,30-60cm,1.63
4301875,bd_kg_dm3,60-100cm,1.62
4301875,cec_cmol_kg,0-5cm,22.1
4301875,cec_cmol_kg,5-15cm,22.5
4301875,cec_cmol_kg,15-30cm,23.1
4301875,cec_cmol_kg,30-60cm,26.1
4301875,cec_cmol_kg,60-100cm,25.5
4301909,clay_pct,0-5cm,27.1
4301909,clay_pct,5-15cm,27.0
4301909,clay_pct,15-30cm,29.0
4301909,clay_pct,30-60cm,43.6
4301909,clay_pct,60-100cm,44.6
4301909,sand_pct,0-5cm,47.6
4301909,sand_pct,5-15cm,48.6
4301909,sand_pct,15-30cm,46.8
4301909,sand_pct,30-60cm,36.2
4301909,sand_pct,60-100cm,34.9
4301909,silt_pct,0-5cm,25.3
4301909,silt_pct,5-15cm,24.3
4301909,silt_pct,15-30cm,24.2
4301909,silt_pct,30-60cm,20.2
4301909,silt_pct,60-100cm,20.5
4301909,soc_pct,0-5cm,5.32
4301909,soc_pct,5-15cm,2.11
4301909,soc_pct,15-30cm,2.83
4301909,soc_pct,30-60cm,1.9
4301909,soc_pct,60-100cm,0.76
4301909,ph_h2o,0-5cm,5.1
4301909,ph_h2o,5-15cm,5.0
4301909,ph_h2o,15-30cm,5.1
4301909,ph_h2o,30-60cm,5.2
4301909,ph_h2o,60-100cm,5.2
4301909,bd_kg_dm3,0-5cm,1.19
4301909,bd_kg_dm3,5-15cm,1.25
4301909,bd_kg_dm3,15-30cm,1.3
4301909,bd_kg_dm3,30-60cm,1.35
4301909,bd_kg_dm3,60-100cm,1.38
4301909,cec_cmol_kg,0-5cm,25.1
4301909,cec_cmol_kg,5-15cm,17.6
4301909,cec_cmol_kg,15-30cm,17.9
4301909,cec_cmol_kg,30-60cm,18.8
4301909,cec_cmol_kg,60-100cm,18.5
4301925,clay_pct,0-5cm,42.4
4301925,clay_pct,5-15cm,42.2
4301925,clay_pct,15-30cm,45.2
4301925,clay_pct,30-60cm,50.2
4301925,clay_pct,60-100cm,53.7
4301925,sand_pct,0-5cm,24.2
4301925,sand_pct,5-15cm,23.7
4301925,sand_pct,15-30cm,22.9
4301925,sand_pct,30-60cm,21.4
4301925,sand_pct,60-100cm,19.6
4301925,silt_pct,0-5cm,33.4
4301925,silt_pct,5-15cm,34.0
4301925,silt_pct,15-30cm,31.8
4301925,silt_pct,30-60cm,28.4
4301925,silt_pct,60-100cm,26.7
4301925,soc_pct,0-5cm,7.67
4301925,soc_pct,5-15cm,3.33
4301925,soc_pct,15-30cm,2.85
4301925,soc_pct,30-60cm,2.2
4301925,soc_pct,60-100cm,1.94
4301925,ph_h2o,0-5cm,5.2
4301925,ph_h2o,5-15cm,5.2
4301925,ph_h2o,15-30cm,5.2
4301925,ph_h2o,30-60cm,5.2
4301925,ph_h2o,60-100cm,5.2
4301925,bd_kg_dm3,0-5cm,0.96
4301925,bd_kg_dm3,5-15cm,0.99
4301925,bd_kg_dm3,15-30cm,1.08
4301925,bd_kg_dm3,30-60cm,1.11
4301925,bd_kg_dm3,60-100cm,1.13
4301925,cec_cmol_kg,0-5cm,21.5
4301925,cec_cmol_kg,5-15cm,19.1
4301925,cec_cmol_kg,15-30cm,18.7
4301925,cec_cmol_kg,30-60cm,19.4
4301925,cec_cmol_kg,60-100cm,18.7
4301958,clay_pct,0-5cm,47.0
4301958,clay_pct,5-15cm,49.6
4301958,clay_pct,15-30cm,49.3
4301958,clay_pct,30-60cm,52.5
4301958,clay_pct,60-100cm,54.3
4301958,sand_pct,0-5cm,21.9
4301958,sand_pct,5-15cm,20.7
4301958,sand_pct,15-30cm,20.5
4301958,sand_pct,30-60cm,19.6
4301958,sand_pct,60-100cm,19.5
4301958,silt_pct,0-5cm,31.1
4301958,silt_pct,5-15cm,29.7
4301958,silt_pct,15-30cm,30.1
4301958,silt_pct,30-60cm,27.9
4301958,silt_pct,60-100cm,26.3
4301958,soc_pct,0-5cm,5.48
4301958,soc_pct,5-15cm,2.74
4301958,soc_pct,15-30cm,1.96
4301958,soc_pct,30-60cm,1.01
4301958,soc_pct,60-100cm,0.66
4301958,ph_h2o,0-5cm,5.1
4301958,ph_h2o,5-15cm,5.1
4301958,ph_h2o,15-30cm,5.1
4301958,ph_h2o,30-60cm,5.1
4301958,ph_h2o,60-100cm,5.1
4301958,bd_kg_dm3,0-5cm,1.1
4301958,bd_kg_dm3,5-15cm,1.14
4301958,bd_kg_dm3,15-30cm,1.19
4301958,bd_kg_dm3,30-60cm,1.22
4301958,bd_kg_dm3,60-100cm,1.23
4301958,cec_cmol_kg,0-5cm,24.1
4301958,cec_cmol_kg,5-15cm,20.0
4301958,cec_cmol_kg,15-30cm,20.2
4301958,cec_cmol_kg,30-60cm,19.8
4301958,cec_cmol_kg,60-100cm,17.5
4300406,clay_pct,0-5cm,32.6
4300406,clay_pct,5-15cm,32.0
4300406,clay_pct,15-30cm,34.4
4300406,clay_pct,30-60cm,44.8
4300406,clay_pct,60-100cm,45.7
4300406,sand_pct,0-5cm,29.6
4300406,sand_pct,5-15cm,30.0
4300406,sand_pct,15-30cm,28.3
4300406,sand_pct,30-60cm,23.4
4300406,sand_pct,60-100cm,24.9
4300406,silt_pct,0-5cm,37.8
4300406,silt_pct,5-15cm,38.0
4300406,silt_pct,15-30cm,37.3
4300406,silt_pct,30-60cm,31.8
4300406,silt_pct,60-100cm,29.4
4300406,soc_pct,0-5cm,4.64
4300406,soc_pct,5-15cm,1.61
4300406,soc_pct,15-30cm,1.56
4300406,soc_pct,30-60cm,0.92
4300406,soc_pct,60-100cm,0.63
4300406,ph_h2o,0-5cm,5.2
4300406,ph_h2o,5-15cm,5.2
4300406,ph_h2o,15-30cm,5.2
4300406,ph_h2o,30-60cm,5.2
4300406,ph_h2o,60-100cm,5.3
4300406,bd_kg_dm3,0-5cm,1.33
4300406,bd_kg_dm3,5-15cm,1.37
4300406,bd_kg_dm3,15-30cm,1.47
4300406,bd_kg_dm3,30-60cm,1.57
4300406,bd_kg_dm3,60-100cm,1.58
4300406,cec_cmol_kg,0-5cm,21.6
4300406,cec_cmol_kg,5-15cm,17.4
4300406,cec_cmol_kg,15-30cm,17.6
4300406,cec_cmol_kg,30-60cm,19.2
4300406,cec_cmol_kg,60-100cm,19.0
4302055,clay_pct,0-5cm,45.8
4302055,clay_pct,5-15cm,45.4
4302055,clay_pct,15-30cm,46.3
4302055,clay_pct,30-60cm,50.4
4302055,clay_pct,60-100cm,50.5
4302055,sand_pct,0-5cm,21.5
4302055,sand_pct,5-15cm,21.1
4302055,sand_pct,15-30cm,20.6
4302055,sand_pct,30-60cm,19.2
4302055,sand_pct,60-100cm,18.6
4302055,silt_pct,0-5cm,32.7
4302055,silt_pct,5-15cm,33.5
4302055,silt_pct,15-30cm,33.1
4302055,silt_pct,30-60cm,30.5
4302055,silt_pct,60-100cm,30.9
4302055,soc_pct,0-5cm,8.07
4302055,soc_pct,5-15cm,3.77
4302055,soc_pct,15-30cm,4.13
4302055,soc_pct,30-60cm,2.75
4302055,soc_pct,60-100cm,2.81
4302055,ph_h2o,0-5cm,5.3
4302055,ph_h2o,5-15cm,5.3
4302055,ph_h2o,15-30cm,5.3
4302055,ph_h2o,30-60cm,5.3
4302055,ph_h2o,60-100cm,5.3
4302055,bd_kg_dm3,0-5cm,0.93
4302055,bd_kg_dm3,5-15cm,0.97
4302055,bd_kg_dm3,15-30cm,1.01
4302055,bd_kg_dm3,30-60cm,1.06
4302055,bd_kg_dm3,60-100cm,1.11
4302055,cec_cmol_kg,0-5cm,20.1
4302055,cec_cmol_kg,5-15cm,16.4
4302055,cec_cmol_kg,15-30cm,15.7
4302055,cec_cmol_kg,30-60cm,16.0
4302055,cec_cmol_kg,60-100cm,15.1
4302105,clay_pct,0-5cm,44.6
4302105,clay_pct,5-15cm,43.6
4302105,clay_pct,15-30cm,45.6
4302105,clay_pct,30-60cm,46.4
4302105,clay_pct,60-100cm,48.6
4302105,sand_pct,0-5cm,18.0
4302105,sand_pct,5-15cm,18.2
4302105,sand_pct,15-30cm,17.7
4302105,sand_pct,30-60cm,17.4
4302105,sand_pct,60-100cm,16.3
4302105,silt_pct,0-5cm,37.4
4302105,silt_pct,5-15cm,38.2
4302105,silt_pct,15-30cm,36.8
4302105,silt_pct,30-60cm,36.3
4302105,silt_pct,60-100cm,35.1
4302105,soc_pct,0-5cm,7.0
4302105,soc_pct,5-15cm,2.57
4302105,soc_pct,15-30cm,2.84
4302105,soc_pct,30-60cm,1.63
4302105,soc_pct,60-100cm,1.08
4302105,ph_h2o,0-5cm,5.5
4302105,ph_h2o,5-15cm,5.5
4302105,ph_h2o,15-30cm,5.5
4302105,ph_h2o,30-60cm,5.4
4302105,ph_h2o,60-100cm,5.4
4302105,bd_kg_dm3,0-5cm,1.0
4302105,bd_kg_dm3,5-15cm,1.02
4302105,bd_kg_dm3,15-30cm,1.06
4302105,bd_kg_dm3,30-60cm,1.14
4302105,bd_kg_dm3,60-100cm,1.2
4302105,cec_cmol_kg,0-5cm,20.9
4302105,cec_cmol_kg,5-15cm,17.6
4302105,cec_cmol_kg,15-30cm,17.5
4302105,cec_cmol_kg,30-60cm,17.5
4302105,cec_cmol_kg,60-100cm,17.1
4302154,clay_pct,0-5cm,52.2
4302154,clay_pct,5-15cm,51.8
4302154,clay_pct,15-30cm,54.1
4302154,clay_pct,30-60cm,58.2
4302154,clay_pct,60-100cm,59.2
4302154,sand_pct,0-5cm,22.8
4302154,sand_pct,5-15cm,22.7
4302154,sand_pct,15-30cm,21.9
4302154,sand_pct,30-60cm,20.1
4302154,sand_pct,60-100cm,19.6
4302154,silt_pct,0-5cm,25.0
4302154,silt_pct,5-15cm,25.5
4302154,silt_pct,15-30cm,24.0
4302154,silt_pct,30-60cm,21.7
4302154,silt_pct,60-100cm,21.1
4302154,soc_pct,0-5cm,5.37
4302154,soc_pct,5-15cm,2.62
4302154,soc_pct,15-30cm,1.9
4302154,soc_pct,30-60cm,1.06
4302154,soc_pct,60-100cm,0.83
4302154,ph_h2o,0-5cm,5.2
4302154,ph_h2o,5-15cm,5.2
4302154,ph_h2o,15-30cm,5.2
4302154,ph_h2o,30-60cm,5.1
4302154,ph_h2o,60-100cm,5.2
4302154,bd_kg_dm3,0-5cm,1.06
4302154,bd_kg_dm3,5-15cm,1.11
4302154,bd_kg_dm3,15-30cm,1.16
4302154,bd_kg_dm3,30-60cm,1.19
4302154,bd_kg_dm3,60-100cm,1.19
4302154,cec_cmol_kg,0-5cm,24.5
4302154,cec_cmol_kg,5-15cm,19.5
4302154,cec_cmol_kg,15-30cm,16.4
4302154,cec_cmol_kg,30-60cm,16.6
4302154,cec_cmol_kg,60-100cm,15.9
4302204,clay_pct,0-5cm,44.8
4302204,clay_pct,5-15cm,43.6
4302204,clay_pct,15-30cm,46.1
4302204,clay_pct,30-60cm,51.5
4302204,clay_pct,60-100cm,50.3
4302204,sand_pct,0-5cm,22.7
4302204,sand_pct,5-15cm,23.7
4302204,sand_pct,15-30cm,23.0
4302204,sand_pct,30-60cm,21.0
4302204,sand_pct,60-100cm,21.2
4302204,silt_pct,0-5cm,32.5
4302204,silt_pct,5-15cm,32.6
4302204,silt_pct,15-30cm,30.9
4302204,silt_pct,30-60cm,27.6
4302204,silt_pct,60-100cm,28.5
4302204,soc_pct,0-5cm,5.68
4302204,soc_pct,5-15cm,2.55
4302204,soc_pct,15-30cm,1.88
4302204,soc_pct,30-60cm,0.98
4302204,soc_pct,60-100cm,0.73
4302204,ph_h2o,0-5cm,5.2
4302204,ph_h2o,5-15cm,5.2
4302204,ph_h2o,15-30cm,5.2
4302204,ph_h2o,30-60cm,5.3
4302204,ph_h2o,60-100cm,5.3
4302204,bd_kg_dm3,0-5cm,1.03
4302204,bd_kg_dm3,5-15cm,1.07
4302204,bd_kg_dm3,15-30cm,1.13
4302204,bd_kg_dm3,30-60cm,1.2
4302204,bd_kg_dm3,60-100cm,1.24
4302204,cec_cmol_kg,0-5cm,22.0
4302204,cec_cmol_kg,5-15cm,18.1
4302204,cec_cmol_kg,15-30cm,17.9
4302204,cec_cmol_kg,30-60cm,18.5
4302204,cec_cmol_kg,60-100cm,17.6
4302220,clay_pct,0-5cm,37.4
4302220,clay_pct,5-15cm,37.4
4302220,clay_pct,15-30cm,39.2
4302220,clay_pct,30-60cm,39.6
4302220,clay_pct,60-100cm,40.5
4302220,sand_pct,0-5cm,32.2
4302220,sand_pct,5-15cm,32.1
4302220,sand_pct,15-30cm,31.3
4302220,sand_pct,30-60cm,32.3
4302220,sand_pct,60-100cm,33.2
4302220,silt_pct,0-5cm,30.4
4302220,silt_pct,5-15cm,30.5
4302220,silt_pct,15-30cm,29.4
4302220,silt_pct,30-60cm,28.1
4302220,silt_pct,60-100cm,26.4
4302220,soc_pct,0-5cm,4.92
4302220,soc_pct,5-15cm,2.32
4302220,soc_pct,15-30cm,1.43
4302220,soc_pct,30-60cm,0.91
4302220,soc_pct,60-100cm,0.59
4302220,ph_h2o,0-5cm,5.2
4302220,ph_h2o,5-15cm,5.2
4302220,ph_h2o,15-30cm,5.2
4302220,ph_h2o,30-60cm,5.2
4302220,ph_h2o,60-100cm,5.2
4302220,bd_kg_dm3,0-5cm,1.14
4302220,bd_kg_dm3,5-15cm,1.19
4302220,bd_kg_dm3,15-30cm,1.26
4302220,bd_kg_dm3,30-60cm,1.3
4302220,bd_kg_dm3,60-100cm,1.31
4302220,cec_cmol_kg,0-5cm,20.3
4302220,cec_cmol_kg,5-15cm,19.1
4302220,cec_cmol_kg,15-30cm,18.9
4302220,cec_cmol_kg,30-60cm,19.3
4302220,cec_cmol_kg,60-100cm,18.8
4302238,clay_pct,0-5cm,41.9
4302238,clay_pct,5-15cm,43.4
4302238,clay_pct,15-30cm,46.2
4302238,clay_pct,30-60cm,47.5
4302238,clay_pct,60-100cm,48.7
4302238,sand_pct,0-5cm,27.8
4302238,sand_pct,5-15cm,27.2
4302238,sand_pct,15-30cm,25.2
4302238,sand_pct,30-60cm,24.1
4302238,sand_pct,60-100cm,23.4
4302238,silt_pct,0-5cm,30.3
4302238,silt_pct,5-15cm,29.4
4302238,silt_pct,15-30cm,28.5
4302238,silt_pct,30-60cm,28.4
4302238,silt_pct,60-100cm,27.9
4302238,soc_pct,0-5cm,4.53
4302238,soc_pct,5-15cm,2.04
4302238,soc_pct,15-30cm,1.57
4302238,soc_pct,30-60cm,1.16
4302238,soc_pct,60-100cm,1.09
4302238,ph_h2o,0-5cm,5.2
4302238,ph_h2o,5-15cm,5.1
4302238,ph_h2o,15-30cm,5.1
4302238,ph_h2o,30-60cm,5.1
4302238,ph_h2o,60-100cm,5.1
4302238,bd_kg_dm3,0-5cm,1.21
4302238,bd_kg_dm3,5-15cm,1.27
4302238,bd_kg_dm3,15-30cm,1.33
4302238,bd_kg_dm3,30-60cm,1.37
4302238,bd_kg_dm3,60-100cm,1.38
4302238,cec_cmol_kg,0-5cm,25.6
4302238,cec_cmol_kg,5-15cm,22.8
4302238,cec_cmol_kg,15-30cm,23.6
4302238,cec_cmol_kg,30-60cm,22.3
4302238,cec_cmol_kg,60-100cm,22.0
4302253,clay_pct,0-5cm,41.7
4302253,clay_pct,5-15cm,43.1
4302253,clay_pct,15-30cm,44.0
4302253,clay_pct,30-60cm,48.7
4302253,clay_pct,60-100cm,50.7
4302253,sand_pct,0-5cm,20.8
4302253,sand_pct,5-15cm,20.9
4302253,sand_pct,15-30cm,19.5
4302253,sand_pct,30-60cm,17.5
4302253,sand_pct,60-100cm,16.2
4302253,silt_pct,0-5cm,37.5
4302253,silt_pct,5-15cm,36.0
4302253,silt_pct,15-30cm,36.5
4302253,silt_pct,30-60cm,33.8
4302253,silt_pct,60-100cm,33.1
4302253,soc_pct,0-5cm,7.17
4302253,soc_pct,5-15cm,2.63
4302253,soc_pct,15-30cm,2.04
4302253,soc_pct,30-60cm,1.33
4302253,soc_pct,60-100cm,0.86
4302253,ph_h2o,0-5cm,5.1
4302253,ph_h2o,5-15cm,5.1
4302253,ph_h2o,15-30cm,5.1
4302253,ph_h2o,30-60cm,5.1
4302253,ph_h2o,60-100cm,5.1
4302253,bd_kg_dm3,0-5cm,0.99
4302253,bd_kg_dm3,5-15cm,1.01
4302253,bd_kg_dm3,15-30cm,1.05
4302253,bd_kg_dm3,30-60cm,1.15
4302253,bd_kg_dm3,60-100cm,1.18
4302253,cec_cmol_kg,0-5cm,21.0
4302253,cec_cmol_kg,5-15cm,16.2
4302253,cec_cmol_kg,15-30cm,16.2
4302253,cec_cmol_kg,30-60cm,15.5
4302253,cec_cmol_kg,60-100cm,15.4
4302303,clay_pct,0-5cm,49.9
4302303,clay_pct,5-15cm,47.3
4302303,clay_pct,15-30cm,50.0
4302303,clay_pct,30-60cm,55.7
4302303,clay_pct,60-100cm,56.7
4302303,sand_pct,0-5cm,20.2
4302303,sand_pct,5-15cm,22.1
4302303,sand_pct,15-30cm,20.9
4302303,sand_pct,30-60cm,18.2
4302303,sand_pct,60-100cm,17.4
4302303,silt_pct,0-5cm,30.0
4302303,silt_pct,5-15cm,30.6
4302303,silt_pct,15-30cm,29.1
4302303,silt_pct,30-60cm,26.1
4302303,silt_pct,60-100cm,25.9
4302303,soc_pct,0-5cm,6.38
4302303,soc_pct,5-15cm,3.12
4302303,soc_pct,15-30cm,2.27
4302303,soc_pct,30-60cm,1.24
4302303,soc_pct,60-100cm,0.72
4302303,ph_h2o,0-5cm,4.9
4302303,ph_h2o,5-15cm,4.9
4302303,ph_h2o,15-30cm,4.9
4302303,ph_h2o,30-60cm,4.9
4302303,ph_h2o,60-100cm,4.9
4302303,bd_kg_dm3,0-5cm,0.99
4302303,bd_kg_dm3,5-15cm,1.01
4302303,bd_kg_dm3,15-30cm,1.08
4302303,bd_kg_dm3,30-60cm,1.12
4302303,bd_kg_dm3,60-100cm,1.13
4302303,cec_cmol_kg,0-5cm,22.9
4302303,cec_cmol_kg,5-15cm,18.1
4302303,cec_cmol_kg,15-30cm,15.2
4302303,cec_cmol_kg,30-60cm,13.8
4302303,cec_cmol_kg,60-100cm,13.5
4302352,clay_pct,0-5cm,30.6
4302352,clay_pct,5-15cm,30.0
4302352,clay_pct,15-30cm,34.4
4302352,clay_pct,30-60cm,46.7
4302352,clay_pct,60-100cm,49.5
4302352,sand_pct,0-5cm,36.6
4302352,sand_pct,5-15cm,37.2
4302352,sand_pct,15-30cm,34.6
4302352,sand_pct,30-60cm,26.0
4302352,sand_pct,60-100cm,23.6
4302352,silt_pct,0-5cm,32.8
4302352,silt_pct,5-15cm,32.7
4302352,silt_pct,15-30cm,31.0
4302352,silt_pct,30-60cm,27.3
4302352,silt_pct,60-100cm,26.9
4302352,soc_pct,0-5cm,6.52
4302352,soc_pct,5-15cm,2.2
4302352,soc_pct,15-30cm,2.0
4302352,soc_pct,30-60cm,1.27
4302352,soc_pct,60-100cm,0.93
4302352,ph_h2o,0-5cm,5.3
4302352,ph_h2o,5-15cm,5.3
4302352,ph_h2o,15-30cm,5.3
4302352,ph_h2o,30-60cm,5.2
4302352,ph_h2o,60-100cm,5.2
4302352,bd_kg_dm3,0-5cm,1.08
4302352,bd_kg_dm3,5-15cm,1.11
4302352,bd_kg_dm3,15-30cm,1.16
4302352,bd_kg_dm3,30-60cm,1.2
4302352,bd_kg_dm3,60-100cm,1.27
4302352,cec_cmol_kg,0-5cm,22.2
4302352,cec_cmol_kg,5-15cm,18.3
4302352,cec_cmol_kg,15-30cm,18.8
4302352,cec_cmol_kg,30-60cm,19.9
4302352,cec_cmol_kg,60-100cm,19.0
4302378,clay_pct,0-5cm,49.2
4302378,clay_pct,5-15cm,49.9
4302378,clay_pct,15-30cm,52.6
4302378,clay_pct,30-60cm,56.7
4302378,clay_pct,60-100cm,57.6
4302378,silt_pct,0-5cm,29.8
4302378,silt_pct,5-15cm,29.9
4302378,silt_pct,15-30cm,27.6
4302378,silt_pct,30-60cm,25.6
4302378,silt_pct,60-100cm,25.7
4302378,soc_pct,0-5cm,5.52
4302378,soc_pct,5-15cm,2.91
4302378,soc_pct,15-30cm,2.96
4302378,soc_pct,30-60cm,1.87
4302378,soc_pct,60-100cm,1.67
4302378,ph_h2o,0-5cm,5.2
4302378,ph_h2o,5-15cm,5.3
4302378,ph_h2o,15-30cm,5.3
4302378,ph_h2o,30-60cm,5.3
4302378,ph_h2o,60-100cm,5.3
4302378,bd_kg_dm3,0-5cm,1.06
4302378,bd_kg_dm3,5-15cm,1.09
4302378,bd_kg_dm3,15-30cm,1.15
4302378,bd_kg_dm3,30-60cm,1.18
4302378,bd_kg_dm3,60-100cm,1.21
4302378,cec_cmol_kg,0-5cm,25.0
4302378,cec_cmol_kg,5-15cm,19.4
4302378,cec_cmol_kg,15-30cm,18.2
4302378,cec_cmol_kg,30-60cm,17.8
4302378,cec_cmol_kg,60-100cm,17.5
4302402,clay_pct,0-5cm,36.0
4302402,clay_pct,5-15cm,36.4
4302402,clay_pct,15-30cm,41.4
4302402,clay_pct,30-60cm,47.9
4302402,clay_pct,60-100cm,52.6
4302402,sand_pct,0-5cm,25.2
4302402,sand_pct,5-15cm,25.2
4302402,sand_pct,15-30cm,23.0
4302402,sand_pct,30-60cm,20.4
4302402,sand_pct,60-100cm,18.4
4302402,silt_pct,0-5cm,38.9
4302402,silt_pct,5-15cm,38.3
4302402,silt_pct,15-30cm,35.6
4302402,silt_pct,30-60cm,31.7
4302402,silt_pct,60-100cm,29.0
4302402,soc_pct,0-5cm,4.92
4302402,soc_pct,5-15cm,2.23
4302402,soc_pct,15-30cm,2.36
4302402,soc_pct,30-60cm,0.95
4302402,soc_pct,60-100cm,0.62
4302402,ph_h2o,0-5cm,5.3
4302402,ph_h2o,5-15cm,5.3
4302402,ph_h2o,15-30cm,5.3
4302402,ph_h2o,30-60cm,5.3
4302402,ph_h2o,60-100cm,5.3
4302402,bd_kg_dm3,0-5cm,1.14
4302402,bd_kg_dm3,5-15cm,1.18
4302402,bd_kg_dm3,15-30cm,1.24
4302402,bd_kg_dm3,30-60cm,1.3
4302402,bd_kg_dm3,60-100cm,1.33
4302402,cec_cmol_kg,0-5cm,22.0
4302402,cec_cmol_kg,5-15cm,21.2
4302402,cec_cmol_kg,15-30cm,20.7
4302402,cec_cmol_kg,30-60cm,22.4
4302402,cec_cmol_kg,60-100cm,21.7
4302451,clay_pct,0-5cm,30.5
4302451,clay_pct,5-15cm,31.4
4302451,clay_pct,15-30cm,35.9
4302451,clay_pct,30-60cm,44.4
4302451,clay_pct,60-100cm,44.9
4302451,sand_pct,0-5cm,29.5
4302451,sand_pct,5-15cm,29.9
4302451,sand_pct,15-30cm,26.8
4302451,sand_pct,30-60cm,22.2
4302451,sand_pct,60-100cm,21.5
4302451,silt_pct,0-5cm,40.0
4302451,silt_pct,5-15cm,38.8
4302451,silt_pct,15-30cm,37.3
4302451,silt_pct,30-60cm,33.4
4302451,silt_pct,60-100cm,33.6
4302451,soc_pct,0-5cm,5.99
4302451,soc_pct,5-15cm,3.23
4302451,soc_pct,15-30cm,2.2
4302451,soc_pct,30-60cm,1.14
4302451,soc_pct,60-100cm,0.71
4302451,ph_h2o,0-5cm,5.1
4302451,ph_h2o,5-15cm,5.2
4302451,ph_h2o,15-30cm,5.1
4302451,ph_h2o,30-60cm,5.1
4302451,ph_h2o,60-100cm,5.1
4302451,bd_kg_dm3,0-5cm,1.02
4302451,bd_kg_dm3,5-15cm,1.04
4302451,bd_kg_dm3,15-30cm,1.09
4302451,bd_kg_dm3,30-60cm,1.18
4302451,bd_kg_dm3,60-100cm,1.21
4302451,cec_cmol_kg,0-5cm,22.0
4302451,cec_cmol_kg,5-15cm,19.6
4302451,cec_cmol_kg,15-30cm,18.4
4302451,cec_cmol_kg,30-60cm,18.8
4302451,cec_cmol_kg,60-100cm,18.1
4302501,clay_pct,0-5cm,49.5
4302501,clay_pct,5-15cm,49.2
4302501,clay_pct,15-30cm,53.5
4302501,clay_pct,30-60cm,57.5
4302501,clay_pct,60-100cm,57.6
4302501,sand_pct,0-5cm,21.9
4302501,sand_pct,5-15cm,22.5
4302501,sand_pct,15-30cm,21.7
4302501,sand_pct,30-60cm,19.8
4302501,sand_pct,60-100cm,20.1
4302501,silt_pct,0-5cm,28.6
4302501,silt_pct,5-15cm,28.3
4302501,silt_pct,15-30cm,24.8
4302501,silt_pct,30-60cm,22.7
4302501,silt_pct,60-100cm,22.3
4302501,soc_pct,0-5cm,4.96
4302501,soc_pct,5-15cm,2.02
4302501,soc_pct,15-30cm,1.92
4302501,soc_pct,30-60cm,1.42
4302501,soc_pct,60-100cm,1.04
4302501,ph_h2o,0-5cm,5.3
4302501,ph_h2o,5-15cm,5.3
4302501,ph_h2o,15-30cm,5.3
4302501,ph_h2o,30-60cm,5.3
4302501,ph_h2o,60-100cm,5.3
4302501,bd_kg_dm3,0-5cm,1.21
4302501,bd_kg_dm3,5-15cm,1.25
4302501,bd_kg_dm3,15-30cm,1.33
4302501,bd_kg_dm3,30-60cm,1.41
4302501,bd_kg_dm3,60-100cm,1.42
4302501,cec_cmol_kg,0-5cm,26.0
4302501,cec_cmol_kg,5-15cm,20.9
4302501,cec_cmol_kg,15-30cm,20.6
4302501,cec_cmol_kg,30-60cm,20.0
4302501,cec_cmol_kg,60-100cm,17.6
4302584,clay_pct,0-5cm,52.3
4302584,clay_pct,5-15cm,52.8
4302584,clay_pct,15-30cm,53.0
4302584,clay_pct,30-60cm,55.4
4302584,clay_pct,60-100cm,53.8
4302584,sand_pct,0-5cm,22.8
4302584,sand_pct,5-15cm,22.7
4302584,sand_pct,15-30cm,22.7
4302584,sand_pct,30-60cm,22.6
4302584,sand_pct,60-100cm,24.6
4302584,silt_pct,0-5cm,24.9
4302584,silt_pct,5-15cm,24.5
4302584,silt_pct,15-30cm,24.3
4302584,silt_pct,30-60cm,22.0
4302584,silt_pct,60-100cm,21.6
4302584,soc_pct,0-5cm,4.85
4302584,soc_pct,5-15cm,2.06
4302584,soc_pct,15-30cm,1.63
4302584,soc_pct,30-60cm,0.9
4302584,soc_pct,60-100cm,0.6
4302584,ph_h2o,0-5cm,5.1
4302584,ph_h2o,5-15cm,5.1
4302584,ph_h2o,15-30cm,5.1
4302584,ph_h2o,30-60cm,5.2
4302584,ph_h2o,60-100cm,5.2
4302584,bd_kg_dm3,0-5cm,1.12
4302584,bd_kg_dm3,5-15cm,1.17
4302584,bd_kg_dm3,15-30cm,1.22
4302584,bd_kg_dm3,30-60cm,1.25
4302584,bd_kg_dm3,60-100cm,1.27
4302584,cec_cmol_kg,0-5cm,32.1
4302584,cec_cmol_kg,5-15cm,25.0
4302584,cec_cmol_kg,15-30cm,24.8
4302584,cec_cmol_kg,30-60cm,24.0
4302584,cec_cmol_kg,60-100cm,20.6
4302600,clay_pct,0-5cm,51.4
4302600,clay_pct,5-15cm,52.9
4302600,clay_pct,15-30cm,56.0
4302600,clay_pct,30-60cm,59.6
4302600,clay_pct,60-100cm,61.0
4302600,sand_pct,0-5cm,20.7
4302600,sand_pct,5-15cm,19.7
4302600,sand_pct,15-30cm,18.0
4302600,sand_pct,30-60cm,16.5
4302600,sand_pct,60-100cm,15.7
4302600,silt_pct,0-5cm,27.9
4302600,silt_pct,5-15cm,27.3
4302600,silt_pct,15-30cm,25.9
4302600,silt_pct,30-60cm,23.9
4302600,silt_pct,60-100cm,23.3
4302600,soc_pct,0-5cm,5.54
4302600,soc_pct,5-15cm,2.53
4302600,soc_pct,15-30cm,2.16
4302600,soc_pct,30-60cm,1.49
4302600,soc_pct,60-100cm,1.33
4302600,ph_h2o,0-5cm,5.2
4302600,ph_h2o,5-15cm,5.2
4302600,ph_h2o,15-30cm,5.3
4302600,ph_h2o,30-60cm,5.2
4302600,ph_h2o,60-100cm,5.3
4302600,bd_kg_dm3,0-5cm,1.06
4302600,bd_kg_dm3,5-15cm,1.11
4302600,bd_kg_dm3,15-30cm,1.17
4302600,bd_kg_dm3,30-60cm,1.2
4302600,bd_kg_dm3,60-100cm,1.22
4302659,clay_pct,0-5cm,33.9
4302659,clay_pct,5-15cm,32.9
4302659,clay_pct,15-30cm,37.8
4302659,clay_pct,30-60cm,48.3
4302659,clay_pct,60-100cm,51.1
4302659,sand_pct,0-5cm,25.5
4302659,sand_pct,5-15cm,25.8
4302659,sand_pct,15-30cm,22.6
4302659,sand_pct,30-60cm,17.6
4302659,sand_pct,60-100cm,15.7
4302659,silt_pct,0-5cm,40.6
4302659,silt_pct,5-15cm,41.3
4302659,silt_pct,15-30cm,39.6
4302659,silt_pct,30-60cm,34.1
4302659,silt_pct,60-100cm,33.2
4302659,soc_pct,0-5cm,6.09
4302659,soc_pct,5-15cm,2.29
4302659,soc_pct,15-30cm,2.17
4302659,soc_pct,30-60cm,1.05
4302659,soc_pct,60-100cm,0.63
4302659,bd_kg_dm3,0-5cm,1.07
4302659,bd_kg_dm3,5-15cm,1.1
4302659,bd_kg_dm3,15-30cm,1.17
4302659,bd_kg_dm3,30-60cm,1.24
4302659,bd_kg_dm3,60-100cm,1.27
4302659,cec_cmol_kg,0-5cm,19.1
4302659,cec_cmol_kg,5-15cm,15.4
4302659,cec_cmol_kg,15-30cm,15.3
4302659,cec_cmol_kg,30-60cm,16.0
4302659,cec_cmol_kg,60-100cm,15.8
4302709,clay_pct,0-5cm,37.5
4302709,clay_pct,5-15cm,36.4
4302709,clay_pct,15-30cm,40.3
4302709,clay_pct,30-60cm,49.2
4302709,clay_pct,60-100cm,52.6
4302709,sand_pct,0-5cm,37.3
4302709,sand_pct,5-15cm,36.8
4302709,sand_pct,15-30cm,34.6
4302709,sand_pct,30-60cm,27.1
4302709,sand_pct,60-100cm,25.7
4302709,silt_pct,0-5cm,25.3
4302709,silt_pct,5-15cm,26.8
4302709,silt_pct,15-30cm,25.1
4302709,silt_pct,30-60cm,23.6
4302709,silt_pct,60-100cm,21.7
4302709,soc_pct,0-5cm,6.23
4302709,soc_pct,5-15cm,2.38
4302709,soc_pct,15-30cm,2.07
4302709,soc_pct,30-60cm,1.0
4302709,soc_pct,60-100cm,0.63
4302709,ph_h2o,0-5cm,5.2
4302709,ph_h2o,5-15cm,5.3
4302709,ph_h2o,15-30cm,5.2
4302709,ph_h2o,30-60cm,5.2
4302709,ph_h2o,60-100cm,5.2
4302709,bd_kg_dm3,0-5cm,1.16
4302709,bd_kg_dm3,5-15cm,1.24
4302709,bd_kg_dm3,15-30cm,1.28
4302709,bd_kg_dm3,30-60cm,1.36
4302709,bd_kg_dm3,60-100cm,1.41
4302709,cec_cmol_kg,0-5cm,16.4
4302709,cec_cmol_kg,5-15cm,14.5
4302709,cec_cmol_kg,15-30cm,15.3
4302709,cec_cmol_kg,30-60cm,17.9
4302709,cec_cmol_kg,60-100cm,17.9
4302808,clay_pct,0-5cm,32.8
4302808,clay_pct,5-15cm,32.5
4302808,clay_pct,15-30cm,33.1
4302808,clay_pct,30-60cm,44.6
4302808,clay_pct,60-100cm,46.1
4302808,sand_pct,0-5cm,44.3
4302808,sand_pct,5-15cm,46.3
4302808,sand_pct,15-30cm,45.0
4302808,sand_pct,30-60cm,35.1
4302808,sand_pct,60-100cm,33.7
4302808,silt_pct,0-5cm,22.9
4302808,silt_pct,5-15cm,21.1
4302808,silt_pct,15-30cm,21.9
4302808,silt_pct,30-60cm,20.4
4302808,silt_pct,60-100cm,20.2
4302808,soc_pct,0-5cm,6.2
4302808,soc_pct,5-15cm,2.4
4302808,soc_pct,15-30cm,1.77
4302808,soc_pct,30-60cm,1.03
4302808,soc_pct,60-100cm,0.6
4302808,bd_kg_dm3,0-5cm,1.1
4302808,bd_kg_dm3,5-15cm,1.16
4302808,bd_kg_dm3,15-30cm,1.22
4302808,bd_kg_dm3,30-60cm,1.28
4302808,bd_kg_dm3,60-100cm,1.31
4302808,cec_cmol_kg,0-5cm,19.4
4302808,cec_cmol_kg,5-15cm,17.1
4302808,cec_cmol_kg,15-30cm,16.0
4302808,cec_cmol_kg,30-60cm,16.4
4302808,cec_cmol_kg,60-100cm,16.2
4302907,clay_pct,0-5cm,25.2
4302907,clay_pct,5-15cm,24.2
4302907,clay_pct,15-30cm,27.1
4302907,clay_pct,30-60cm,35.4
4302907,clay_pct,60-100cm,37.2
4302907,sand_pct,0-5cm,42.8
4302907,sand_pct,5-15cm,44.4
4302907,sand_pct,15-30cm,42.5
4302907,sand_pct,30-60cm,36.4
4302907,sand_pct,60-100cm,35.1
4302907,silt_pct,0-5cm,32.0
4302907,silt_pct,5-15cm,31.4
4302907,silt_pct,15-30cm,30.4
4302907,silt_pct,30-60cm,28.2
4302907,silt_pct,60-100cm,27.6
4302907,soc_pct,0-5cm,4.83
4302907,soc_pct,5-15cm,1.77
4302907,soc_pct,15-30cm,1.68
4302907,soc_pct,30-60cm,1.21
4302907,soc_pct,60-100cm,0.71
4302907,ph_h2o,0-5cm,5.4
4302907,ph_h2o,5-15cm,5.4
4302907,ph_h2o,15-30cm,5.4
4302907,ph_h2o,30-60cm,5.5
4302907,ph_h2o,60-100cm,5.6
4302907,bd_kg_dm3,0-5cm,1.32
4302907,bd_kg_dm3,5-15cm,1.37
4302907,bd_kg_dm3,15-30cm,1.46
4302907,bd_kg_dm3,30-60cm,1.51
4302907,bd_kg_dm3,60-100cm,1.52
4302907,cec_cmol_kg,0-5cm,20.2
4302907,cec_cmol_kg,5-15cm,17.3
4302907,cec_cmol_kg,15-30cm,16.9
4302907,cec_cmol_kg,30-60cm,18.7
4302907,cec_cmol_kg,60-100cm,17.6
4303004,clay_pct,0-5cm,27.7
4303004,clay_pct,5-15cm,27.2
4303004,clay_pct,15-30cm,26.4
4303004,clay_pct,30-60cm,40.4
4303004,clay_pct,60-100cm,43.2
4303004,sand_pct,0-5cm,35.6
4303004,sand_pct,5-15cm,36.4
4303004,sand_pct,15-30cm,37.6
4303004,sand_pct,30-60cm,28.3
4303004,sand_pct,60-100cm,26.1
4303004,silt_pct,0-5cm,36.7
4303004,silt_pct,5-15cm,36.4
4303004,silt_pct,15-30cm,36.0
4303004,silt_pct,30-60cm,31.4
4303004,silt_pct,60-100cm,30.7
4303004,soc_pct,0-5cm,4.92
4303004,soc_pct,5-15cm,1.72
4303004,soc_pct,15-30cm,1.21
4303004,soc_pct,30-60cm,0.87
4303004,soc_pct,60-100cm,0.56
4303004,ph_h2o,0-5cm,5.1
4303004,ph_h2o,5-15cm,5.1
4303004,ph_h2o,15-30cm,5.1
4303004,ph_h2o,30-60cm,5.2
4303004,ph_h2o,60-100cm,5.2
4303004,bd_kg_dm3,0-5cm,1.21
4303004,bd_kg_dm3,5-15cm,1.26
4303004,bd_kg_dm3,15-30cm,1.31
4303004,bd_kg_dm3,30-60cm,1.37
4303004,bd_kg_dm3,60-100cm,1.4
4303004,cec_cmol_kg,0-5cm,17.2
4303004,cec_cmol_kg,5-15cm,13.4
4303004,cec_cmol_kg,15-30cm,14.7
4303004,cec_cmol_kg,30-60cm,16.7
4303004,cec_cmol_kg,60-100cm,16.9
4303103,clay_pct,0-5cm,29.0
4303103,clay_pct,5-15cm,29.3
4303103,clay_pct,15-30cm,31.1
4303103,clay_pct,30-60cm,44.1
4303103,clay_pct,60-100cm,43.7
4303103,sand_pct,0-5cm,46.6
4303103,sand_pct,5-15cm,49.1
4303103,sand_pct,15-30cm,46.8
4303103,sand_pct,30-60cm,36.5
4303103,sand_pct,60-100cm,36.0
4303103,silt_pct,0-5cm,24.5
4303103,silt_pct,5-15cm,21.6
4303103,silt_pct,15-30cm,22.1
4303103,silt_pct,30-60cm,19.4
4303103,silt_pct,60-100cm,20.3
4303103,soc_pct,0-5cm,6.33
4303103,soc_pct,5-15cm,2.55
4303103,soc_pct,15-30cm,2.26
4303103,soc_pct,30-60cm,1.6
4303103,soc_pct,60-100cm,1.06
4303103,ph_h2o,0-5cm,5.1
4303103,ph_h2o,5-15cm,5.1
4303103,ph_h2o,15-30cm,5.1
4303103,ph_h2o,30-60cm,5.3
4303103,ph_h2o,60-100cm,5.3
4303103,bd_kg_dm3,0-5cm,1.16
4303103,bd_kg_dm3,5-15cm,1.22
4303103,bd_kg_dm3,15-30cm,1.26
4303103,bd_kg_dm3,30-60cm,1.33
4303103,bd_kg_dm3,60-100cm,1.35
4303103,cec_cmol_kg,0-5cm,22.0
4303103,cec_cmol_kg,5-15cm,18.0
4303103,cec_cmol_kg,15-30cm,19.0
4303103,cec_cmol_kg,30-60cm,19.3
4303103,cec_cmol_kg,60-100cm,19.1
4303202,clay_pct,0-5cm,55.7
4303202,clay_pct,5-15cm,55.0
4303202,clay_pct,15-30cm,57.4
4303202,clay_pct,30-60cm,61.7
4303202,clay_pct,60-100cm,63.3
4303202,sand_pct,0-5cm,15.2
4303202,sand_pct,5-15cm,15.6
4303202,sand_pct,15-30cm,14.8
4303202,sand_pct,30-60cm,13.2
4303202,sand_pct,60-100cm,12.0
4303202,silt_pct,0-5cm,29.1
4303202,silt_pct,5-15cm,29.4
4303202,silt_pct,15-30cm,27.8
4303202,silt_pct,30-60cm,25.1
4303202,silt_pct,60-100cm,24.7
4303202,soc_pct,0-5cm,5.62
4303202,soc_pct,5-15cm,2.7
4303202,soc_pct,15-30cm,1.94
4303202,soc_pct,30-60cm,1.31
4303202,soc_pct,60-100cm,0.8
4303202,ph_h2o,0-5cm,5.2
4303202,ph_h2o,5-15cm,5.2
4303202,ph_h2o,15-30cm,5.2
4303202,ph_h2o,30-60cm,5.2
4303202,ph_h2o,60-100cm,5.2
4303202,bd_kg_dm3,0-5cm,0.96
4303202,bd_kg_dm3,5-15cm,0.98
4303202,bd_kg_dm3,15-30cm,1.04
4303202,bd_kg_dm3,30-60cm,1.11
4303202,bd_kg_dm3,60-100cm,1.14
4303202,cec_cmol_kg,0-5cm,24.4
4303202,cec_cmol_kg,5-15cm,20.2
4303202,cec_cmol_kg,15-30cm,19.9
4303202,cec_cmol_kg,30-60cm,20.3
4303202,cec_cmol_kg,60-100cm,18.5
4303301,clay_pct,0-5cm,47.1
4303301,clay_pct,5-15cm,47.3
4303301,clay_pct,15-30cm,49.5
4303301,clay_pct,30-60cm,53.7
4303301,clay_pct,60-100cm,54.2
4303301,sand_pct,0-5cm,21.2
4303301,sand_pct,5-15cm,21.3
4303301,sand_pct,15-30cm,21.2
4303301,sand_pct,30-60cm,19.1
4303301,sand_pct,60-100cm,19.4
4303301,silt_pct,0-5cm,31.7
4303301,silt_pct,5-15cm,31.4
4303301,silt_pct,15-30cm,29.4
4303301,silt_pct,30-60cm,27.1
4303301,silt_pct,60-100cm,26.4
4303301,soc_pct,0-5cm,5.79
4303301,soc_pct,5-15cm,3.1
4303301,soc_pct,15-30cm,1.71
4303301,soc_pct,30-60cm,1.27
4303301,soc_pct,60-100cm,1.11
4303301,ph_h2o,0-5cm,5.2
4303301,ph_h2o,5-15cm,5.2
4303301,ph_h2o,15-30cm,5.2
4303301,ph_h2o,30-60cm,5.2
4303301,ph_h2o,60-100cm,5.2
4303301,bd_kg_dm3,0-5cm,1.17
4303301,bd_kg_dm3,5-15cm,1.21
4303301,bd_kg_dm3,15-30cm,1.24
4303301,bd_kg_dm3,30-60cm,1.33
4303301,bd_kg_dm3,60-100cm,1.33
4303301,cec_cmol_kg,0-5cm,21.3
4303301,cec_cmol_kg,5-15cm,18.0
4303301,cec_cmol_kg,15-30cm,17.4
4303301,cec_cmol_kg,30-60cm,18.1
4303301,cec_cmol_kg,60-100cm,17.3
4303400,clay_pct,0-5cm,41.0
4303400,clay_pct,5-15cm,40.3
4303400,clay_pct,15-30cm,42.4
4303400,clay_pct,30-60cm,45.3
4303400,clay_pct,60-100cm,46.6
4303400,sand_pct,0-5cm,23.9
4303400,sand_pct,5-15cm,24.7
4303400,sand_pct,15-30cm,24.2
4303400,sand_pct,30-60cm,22.9
4303400,sand_pct,60-100cm,21.7
4303400,silt_pct,0-5cm,35.1
4303400,silt_pct,5-15cm,35.0
4303400,silt_pct,15-30cm,33.4
4303400,silt_pct,30-60cm,31.8
4303400,silt_pct,60-100cm,31.7
4303400,ph_h2o,0-5cm,5.1
4303400,ph_h2o,5-15cm,5.1
4303400,ph_h2o,15-30cm,5.1
4303400,ph_h2o,30-60cm,5.1
4303400,ph_h2o,60-100cm,5.1
4303400,cec_cmol_kg,0-5cm,20.0
4303400,cec_cmol_kg,5-15cm,14.7
4303400,cec_cmol_kg,15-30cm,13.7
4303400,cec_cmol_kg,30-60cm,14.7
4303400,cec_cmol_kg,60-100cm,14.7
4303509,clay_pct,0-5cm,23.3
4303509,clay_pct,5-15cm,23.1
4303509,clay_pct,15-30cm,25.2
4303509,clay_pct,30-60cm,39.8
4303509,clay_pct,60-100cm,38.9
4303509,sand_pct,0-5cm,46.4
4303509,sand_pct,5-15cm,46.6
4303509,sand_pct,15-30cm,45.1
4303509,sand_pct,30-60cm,34.3
4303509,sand_pct,60-100cm,34.3
4303509,silt_pct,0-5cm,30.3
4303509,silt_pct,5-15cm,30.3
4303509,silt_pct,15-30cm,29.7
4303509,silt_pct,30-60cm,25.9
4303509,silt_pct,60-100cm,26.8
4303509,soc_pct,0-5cm,5.63
4303509,soc_pct,5-15cm,2.63
4303509,soc_pct,15-30cm,2.27
4303509,soc_pct,30-60cm,1.09
4303509,soc_pct,60-100cm,0.68
4303509,ph_h2o,0-5cm,5.2
4303509,ph_h2o,5-15cm,5.2
4303509,ph_h2o,15-30cm,5.2
4303509,ph_h2o,30-60cm,5.3
4303509,ph_h2o,60-100cm,5.3
4303509,bd_kg_dm3,0-5cm,1.17
4303509,bd_kg_dm3,5-15cm,1.22
4303509,bd_kg_dm3,15-30cm,1.25
4303509,bd_kg_dm3,30-60cm,1.33
4303509,bd_kg_dm3,60-100cm,1.39
4303509,cec_cmol_kg,0-5cm,26.1
4303509,cec_cmol_kg,5-15cm,20.3
4303509,cec_cmol_kg,15-30cm,20.0
4303509,cec_cmol_kg,30-60cm,19.3
4303509,cec_cmol_kg,60-100cm,19.7
4303558,clay_pct,0-5cm,49.2
4303558,clay_pct,5-15cm,50.0
4303558,clay_pct,15-30cm,52.9
4303558,clay_pct,30-60cm,55.5
4303558,clay_pct,60-100cm,58.6
4303558,sand_pct,0-5cm,17.8
4303558,sand_pct,5-15cm,17.6
4303558,sand_pct,15-30cm,16.4
4303558,sand_pct,30-60cm,15.7
4303558,sand_pct,60-100cm,14.1
4303558,silt_pct,0-5cm,33.0
4303558,silt_pct,5-15cm,32.4
4303558,silt_pct,15-30cm,30.7
4303558,silt_pct,30-60cm,28.8
4303558,silt_pct,60-100cm,27.3
4303558,soc_pct,0-5cm,5.15
4303558,soc_pct,5-15cm,2.42
4303558,soc_pct,15-30cm,2.08
4303558,soc_pct,30-60cm,1.02
4303558,soc_pct,60-100cm,0.8
4303558,ph_h2o,0-5cm,5.3
4303558,ph_h2o,5-15cm,5.3
4303558,ph_h2o,15-30cm,5.3
4303558,ph_h2o,30-60cm,5.4
4303558,ph_h2o,60-100cm,5.4
4303558,bd_kg_dm3,0-5cm,1.01
4303558,bd_kg_dm3,5-15cm,1.02
4303558,bd_kg_dm3,15-30cm,1.06
4303558,bd_kg_dm3,30-60cm,1.11
4303558,bd_kg_dm3,60-100cm,1.18
4303558,cec_cmol_kg,0-5cm,19.4
4303558,cec_cmol_kg,5-15cm,16.6
4303558,cec_cmol_kg,15-30cm,16.0
4303558,cec_cmol_kg,30-60cm,16.0
4303558,cec_cmol_kg,60-100cm,16.0
4300646,clay_pct,0-5cm,36.3
4300646,clay_pct,5-15cm,37.2
4300646,clay_pct,15-30cm,39.6
4300646,clay_pct,30-60cm,42.9
4300646,clay_pct,60-100cm,44.0
4300646,sand_pct,0-5cm,24.2
4300646,sand_pct,5-15cm,23.7
4300646,sand_pct,15-30cm,22.9
4300646,sand_pct,30-60cm,21.8
4300646,sand_pct,60-100cm,21.4
4300646,silt_pct,0-5cm,39.5
4300646,silt_pct,5-15cm,39.1
4300646,silt_pct,15-30cm,37.5
4300646,silt_pct,30-60cm,35.3
4300646,silt_pct,60-100cm,34.6
4300646,soc_pct,0-5cm,8.81
4300646,soc_pct,5-15cm,3.21
4300646,soc_pct,15-30cm,2.33
4300646,soc_pct,30-60cm,1.55
4300646,soc_pct,60-100cm,1.32
4300646,ph_h2o,0-5cm,5.1
4300646,ph_h2o,5-15cm,5.1
4300646,ph_h2o,15-30cm,5.1
4300646,ph_h2o,30-60cm,5.1
4300646,ph_h2o,60-100cm,5.2
4300646,bd_kg_dm3,0-5cm,1.0
4300646,bd_kg_dm3,5-15cm,1.05
4300646,bd_kg_dm3,15-30cm,1.09
4300646,bd_kg_dm3,30-60cm,1.15
4300646,bd_kg_dm3,60-100cm,1.19
4300646,cec_cmol_kg,0-5cm,22.0
4300646,cec_cmol_kg,5-15cm,15.6
4300646,cec_cmol_kg,15-30cm,15.1
4300646,cec_cmol_kg,30-60cm,14.7
4300646,cec_cmol_kg,60-100cm,14.3
4303673,clay_pct,0-5cm,53.5
4303673,clay_pct,5-15cm,51.5
4303673,clay_pct,15-30cm,52.0
4303673,clay_pct,30-60cm,59.1
4303673,clay_pct,60-100cm,59.3
4303673,sand_pct,0-5cm,12.8
4303673,sand_pct,5-15cm,13.6
4303673,sand_pct,15-30cm,12.9
4303673,sand_pct,30-60cm,10.8
4303673,sand_pct,60-100cm,10.5
4303673,silt_pct,0-5cm,33.7
4303673,silt_pct,5-15cm,34.9
4303673,silt_pct,15-30cm,35.1
4303673,silt_pct,30-60cm,30.1
4303673,silt_pct,60-100cm,30.2
4303673,soc_pct,0-5cm,4.64
4303673,soc_pct,5-15cm,2.66
4303673,soc_pct,15-30cm,2.74
4303673,soc_pct,30-60cm,1.5
4303673,soc_pct,60-100cm,0.94
4303673,ph_h2o,0-5cm,5.0
4303673,ph_h2o,5-15cm,5.0
4303673,ph_h2o,15-30cm,4.9
4303673,ph_h2o,30-60cm,5.0
4303673,ph_h2o,60-100cm,5.0
4303673,bd_kg_dm3,0-5cm,0.99
4303673,bd_kg_dm3,5-15cm,1.02
4303673,bd_kg_dm3,15-30cm,1.06
4303673,bd_kg_dm3,30-60cm,1.08
4303673,bd_kg_dm3,60-100cm,1.12
4303673,cec_cmol_kg,0-5cm,20.2
4303673,cec_cmol_kg,5-15cm,17.3
4303673,cec_cmol_kg,15-30cm,14.9
4303673,cec_cmol_kg,30-60cm,14.2
4303673,cec_cmol_kg,60-100cm,14.2
4303707,clay_pct,0-5cm,44.0
4303707,clay_pct,5-15cm,43.3
4303707,clay_pct,15-30cm,45.2
4303707,clay_pct,30-60cm,52.0
4303707,clay_pct,60-100cm,52.1
4303707,sand_pct,0-5cm,20.0
4303707,sand_pct,5-15cm,20.6
4303707,sand_pct,15-30cm,20.8
4303707,sand_pct,30-60cm,18.0
4303707,sand_pct,60-100cm,18.0
4303707,silt_pct,0-5cm,36.0
4303707,silt_pct,5-15cm,36.1
4303707,silt_pct,15-30cm,34.0
4303707,silt_pct,30-60cm,30.0
4303707,silt_pct,60-100cm,29.9
4303707,soc_pct,0-5cm,5.19
4303707,soc_pct,5-15cm,2.49
4303707,soc_pct,15-30cm,1.7
4303707,soc_pct,30-60cm,0.97
4303707,soc_pct,60-100cm,0.6
4303707,ph_h2o,0-5cm,5.2
4303707,ph_h2o,5-15cm,5.2
4303707,ph_h2o,15-30cm,5.2
4303707,ph_h2o,30-60cm,5.3
4303707,ph_h2o,60-100cm,5.3
4303707,bd_kg_dm3,0-5cm,1.05
4303707,bd_kg_dm3,5-15cm,1.11
4303707,bd_kg_dm3,15-30cm,1.16
4303707,bd_kg_dm3,30-60cm,1.26
4303707,bd_kg_dm3,60-100cm,1.29
4303707,cec_cmol_kg,0-5cm,20.1
4303707,cec_cmol_kg,5-15cm,20.3
4303707,cec_cmol_kg,15-30cm,18.5
4303707,cec_cmol_kg,30-60cm,19.3
4303707,cec_cmol_kg,60-100cm,17.6
4303806,clay_pct,0-5cm,49.7
4303806,clay_pct,5-15cm,48.8
4303806,clay_pct,15-30cm,48.8
4303806,clay_pct,30-60cm,55.3
4303806,clay_pct,60-100cm,55.6
4303806,sand_pct,0-5cm,20.1
4303806,sand_pct,5-15cm,20.7
4303806,sand_pct,15-30cm,21.0
4303806,sand_pct,30-60cm,18.6
4303806,sand_pct,60-100cm,18.6
4303806,silt_pct,0-5cm,30.1
4303806,silt_pct,5-15cm,30.4
4303806,silt_pct,15-30cm,30.2
4303806,silt_pct,30-60cm,26.1
4303806,silt_pct,60-100cm,25.8
4303806,soc_pct,0-5cm,4.76
4303806,soc_pct,5-15cm,2.65
4303806,soc_pct,15-30cm,2.29
4303806,soc_pct,30-60cm,1.06
4303806,soc_pct,60-100cm,0.84
4303806,ph_h2o,0-5cm,5.3
4303806,ph_h2o,5-15cm,5.2
4303806,ph_h2o,15-30cm,5.2
4303806,ph_h2o,30-60cm,5.2
4303806,ph_h2o,60-100cm,5.2
4303806,bd_kg_dm3,0-5cm,1.04
4303806,bd_kg_dm3,5-15cm,1.07
4303806,bd_kg_dm3,15-30cm,1.14
4303806,bd_kg_dm3,30-60cm,1.19
4303806,bd_kg_dm3,60-100cm,1.22
4303806,cec_cmol_kg,0-5cm,22.2
4303806,cec_cmol_kg,5-15cm,17.4
4303806,cec_cmol_kg,15-30cm,15.7
4303806,cec_cmol_kg,30-60cm,16.1
4303806,cec_cmol_kg,60-100cm,15.6
4300570,clay_pct,0-5cm,49.2
4300570,clay_pct,5-15cm,49.1
4300570,clay_pct,15-30cm,48.9
4300570,clay_pct,30-60cm,49.1
4300570,clay_pct,60-100cm,51.1
4300570,sand_pct,0-5cm,18.5
4300570,sand_pct,5-15cm,18.6
4300570,sand_pct,15-30cm,18.2
4300570,sand_pct,30-60cm,17.2
4300570,sand_pct,60-100cm,16.6
4300570,silt_pct,0-5cm,32.3
4300570,silt_pct,5-15cm,32.2
4300570,silt_pct,15-30cm,32.9
4300570,silt_pct,30-60cm,33.7
4300570,silt_pct,60-100cm,32.3
4300570,soc_pct,0-5cm,7.24
4300570,soc_pct,5-15cm,2.7
4300570,soc_pct,15-30cm,2.15
4300570,soc_pct,30-60cm,1.31
4300570,soc_pct,60-100cm,0.74
4300570,ph_h2o,0-5cm,5.2
4300570,ph_h2o,5-15cm,5.2
4300570,ph_h2o,15-30cm,5.2
4300570,ph_h2o,30-60cm,5.2
4300570,ph_h2o,60-100cm,5.2
4300570,bd_kg_dm3,0-5cm,0.99
4300570,bd_kg_dm3,5-15cm,1.01
4300570,bd_kg_dm3,15-30cm,1.02
4300570,bd_kg_dm3,30-60cm,1.14
4300570,bd_kg_dm3,60-100cm,1.2
4300570,cec_cmol_kg,0-5cm,21.1
4300570,cec_cmol_kg,5-15cm,17.3
4300570,cec_cmol_kg,15-30cm,16.6
4300570,cec_cmol_kg,30-60cm,16.6
4300570,cec_cmol_kg,60-100cm,16.6
4303905,clay_pct,0-5cm,
4303905,clay_pct,5-15cm,
4303905,clay_pct,15-30cm,
4303905,clay_pct,30-60cm,
4303905,clay_pct,60-100cm,
4303905,sand_pct,0-5cm,
4303905,sand_pct,5-15cm,
4303905,sand_pct,15-30cm,
4303905,sand_pct,30-60cm,
4303905,sand_pct,60-100cm,
4303905,silt_pct,0-5cm,
4303905,silt_pct,5-15cm,
4303905,silt_pct,15-30cm,
4303905,silt_pct,30-60cm,
4303905,silt_pct,60-100cm,
4303905,soc_pct,0-5cm,
4303905,soc_pct,5-15cm,
4303905,soc_pct,15-30cm,
4303905,soc_pct,30-60cm,
4303905,soc_pct,60-100cm,
4303905,ph_h2o,0-5cm,
4303905,ph_h2o,5-15cm,
4303905,ph_h2o,15-30cm,
4303905,ph_h2o,30-60cm,
4303905,ph_h2o,60-100cm,
4303905,bd_kg_dm3,0-5cm,
4303905,bd_kg_dm3,5-15cm,
4303905,bd_kg_dm3,15-30cm,
4303905,bd_kg_dm3,30-60cm,
4303905,bd_kg_dm3,60-100cm,
4303905,cec_cmol_kg,0-5cm,
4303905,cec_cmol_kg,5-15cm,
4303905,cec_cmol_kg,15-30cm,
4303905,cec_cmol_kg,30-60cm,
4303905,cec_cmol_kg,60-100cm,
4304002,clay_pct,0-5cm,42.6
4304002,clay_pct,5-15cm,43.7
4304002,clay_pct,15-30cm,46.1
4304002,clay_pct,30-60cm,53.5
4304002,clay_pct,60-100cm,53.7
4304002,sand_pct,0-5cm,24.1
4304002,sand_pct,5-15cm,23.6
4304002,sand_pct,15-30cm,23.8
4304002,sand_pct,30-60cm,20.7
4304002,sand_pct,60-100cm,20.3
4304002,silt_pct,0-5cm,33.3
4304002,silt_pct,5-15cm,32.7
4304002,silt_pct,15-30cm,30.1
4304002,silt_pct,30-60cm,25.8
4304002,silt_pct,60-100cm,26.0
4304002,soc_pct,0-5cm,4.48
4304002,soc_pct,5-15cm,2.6
4304002,soc_pct,15-30cm,2.48
4304002,soc_pct,30-60cm,1.82
4304002,soc_pct,60-100cm,1.58
4304002,ph_h2o,0-5cm,5.3
4304002,ph_h2o,5-15cm,5.3
4304002,ph_h2o,15-30cm,5.3
4304002,ph_h2o,30-60cm,5.3
4304002,ph_h2o,60-100cm,5.3
4304002,bd_kg_dm3,0-5cm,1.09
4304002,bd_kg_dm3,5-15cm,1.12
4304002,bd_kg_dm3,15-30cm,1.2
4304002,bd_kg_dm3,30-60cm,1.23
4304002,bd_kg_dm3,60-100cm,1.24
4304002,cec_cmol_kg,0-5cm,24.6
4304002,cec_cmol_kg,5-15cm,21.4
4304002,cec_cmol_kg,15-30cm,19.4
4304002,cec_cmol_kg,30-60cm,18.8
4304002,cec_cmol_kg,60-100cm,18.2
4304200,clay_pct,0-5cm,29.7
4304200,clay_pct,5-15cm,29.7
4304200,clay_pct,15-30cm,36.6
4304200,clay_pct,30-60cm,48.1
4304200,clay_pct,60-100cm,50.3
4304200,soc_pct,0-5cm,5.68
4304200,soc_pct,5-15cm,2.15
4304200,soc_pct,15-30cm,1.91
4304200,soc_pct,30-60cm,1.03
4304200,soc_pct,60-100cm,0.71
4304200,bd_kg_dm3,0-5cm,1.14
4304200,bd_kg_dm3,5-15cm,1.19
4304200,bd_kg_dm3,15-30cm,1.25
4304200,bd_kg_dm3,30-60cm,1.35
4304200,bd_kg_dm3,60-100cm,1.37
4304200,cec_cmol_kg,0-5cm,19.2
4304200,cec_cmol_kg,5-15cm,17.3
4304200,cec_cmol_kg,15-30cm,17.4
4304200,cec_cmol_kg,30-60cm,19.5
4304200,cec_cmol_kg,60-100cm,18.6
4301800,clay_pct,0-5cm,52.2
4301800,clay_pct,5-15cm,52.8
4301800,clay_pct,15-30cm,55.1
4301800,clay_pct,30-60cm,62.2
4301800,clay_pct,60-100cm,62.3
4301800,sand_pct,0-5cm,17.6
4301800,sand_pct,5-15cm,17.5
4301800,sand_pct,15-30cm,16.4
4301800,sand_pct,30-60cm,13.4
4301800,sand_pct,60-100cm,12.6
4301800,silt_pct,0-5cm,30.2
4301800,silt_pct,5-15cm,29.7
4301800,silt_pct,15-30cm,28.5
4301800,silt_pct,30-60cm,24.4
4301800,silt_pct,60-100cm,25.0
4301800,soc_pct,0-5cm,4.87
4301800,soc_pct,5-15cm,2.62
4301800,soc_pct,15-30cm,2.08
4301800,soc_pct,30-60cm,1.2
4301800,soc_pct,60-100cm,0.89
4301800,ph_h2o,0-5cm,4.9
4301800,ph_h2o,5-15cm,4.9
4301800,ph_h2o,15-30cm,5.0
4301800,ph_h2o,30-60cm,4.9
4301800,ph_h2o,60-100cm,5.0
4301800,bd_kg_dm3,0-5cm,0.98
4301800,bd_kg_dm3,5-15cm,1.01
4301800,bd_kg_dm3,15-30cm,1.04
4301800,bd_kg_dm3,30-60cm,1.09
4301800,bd_kg_dm3,60-100cm,1.11
4301800,cec_cmol_kg,0-5cm,21.2
4301800,cec_cmol_kg,5-15cm,20.3
4301800,cec_cmol_kg,15-30cm,17.9
4301800,cec_cmol_kg,30-60cm,16.6
4301800,cec_cmol_kg,60-100cm,15.7
4304358,clay_pct,0-5cm,26.9
4304358,clay_pct,5-15cm,30.0
4304358,clay_pct,15-30cm,31.5
4304358,clay_pct,30-60cm,44.4
4304358,clay_pct,60-100cm,44.9
4304358,silt_pct,0-5cm,40.9
4304358,silt_pct,5-15cm,38.6
4304358,silt_pct,15-30cm,38.1
4304358,silt_pct,30-60cm,32.4
4304358,silt_pct,60-100cm,31.9
4304358,soc_pct,0-5cm,5.93
4304358,soc_pct,5-15cm,2.47
4304358,soc_pct,15-30cm,1.66
4304358,soc_pct,30-60cm,1.07
4304358,soc_pct,60-100cm,0.57
4304358,ph_h2o,0-5cm,5.2
4304358,ph_h2o,5-15cm,5.2
4304358,ph_h2o,15-30cm,5.2
4304358,ph_h2o,30-60cm,5.4
4304358,ph_h2o,60-100cm,5.5
4304358,cec_cmol_kg,0-5cm,20.3
4304358,cec_cmol_kg,5-15cm,20.9
4304358,cec_cmol_kg,15-30cm,22.0
4304358,cec_cmol_kg,30-60cm,24.0
4304358,cec_cmol_kg,60-100cm,23.8
4304408,sand_pct,0-5cm,19.7
4304408,sand_pct,5-15cm,19.3
4304408,sand_pct,15-30cm,18.9
4304408,sand_pct,30-60cm,17.0
4304408,sand_pct,60-100cm,17.1
4304408,silt_pct,0-5cm,34.2
4304408,silt_pct,5-15cm,34.0
4304408,silt_pct,15-30cm,33.2
4304408,silt_pct,30-60cm,31.6
4304408,silt_pct,60-100cm,31.9
4304408,ph_h2o,0-5cm,5.2
4304408,ph_h2o,5-15cm,5.2
4304408,ph_h2o,15-30cm,5.2
4304408,ph_h2o,30-60cm,5.2
4304408,ph_h2o,60-100cm,5.2
4304408,cec_cmol_kg,0-5cm,25.3
4304408,cec_cmol_kg,5-15cm,22.0
4304408,cec_cmol_kg,15-30cm,20.3
4304408,cec_cmol_kg,30-60cm,20.2
4304408,cec_cmol_kg,60-100cm,20.1
4301859,clay_pct,0-5cm,36.7
4301859,clay_pct,5-15cm,37.4
4301859,clay_pct,15-30cm,38.1
4301859,clay_pct,30-60cm,40.1
4301859,clay_pct,60-100cm,40.8
4301859,sand_pct,0-5cm,25.0
4301859,sand_pct,5-15cm,25.3
4301859,sand_pct,15-30cm,25.8
4301859,sand_pct,30-60cm,25.7
4301859,sand_pct,60-100cm,24.6
4301859,silt_pct,0-5cm,38.3
4301859,silt_pct,5-15cm,37.3
4301859,silt_pct,15-30cm,36.1
4301859,silt_pct,30-60cm,34.2
4301859,silt_pct,60-100cm,34.6
4301859,soc_pct,0-5cm,7.87
4301859,soc_pct,5-15cm,3.78
4301859,soc_pct,15-30cm,2.11
4301859,soc_pct,30-60cm,1.34
4301859,soc_pct,60-100cm,1.21
4301859,ph_h2o,0-5cm,5.2
4301859,ph_h2o,5-15cm,5.2
4301859,ph_h2o,15-30cm,5.3
4301859,ph_h2o,30-60cm,5.3
4301859,ph_h2o,60-100cm,5.3
4301859,bd_kg_dm3,0-5cm,1.02
4301859,bd_kg_dm3,5-15cm,1.06
4301859,bd_kg_dm3,15-30cm,1.11
4301859,bd_kg_dm3,30-60cm,1.15
4301859,bd_kg_dm3,60-100cm,1.19
4301859,cec_cmol_kg,0-5cm,24.7
4301859,cec_cmol_kg,5-15cm,19.4
4301859,cec_cmol_kg,15-30cm,18.8
4301859,cec_cmol_kg,30-60cm,18.9
4301859,cec_cmol_kg,60-100cm,17.5
4304606,clay_pct,0-5cm,
4304606,clay_pct,5-15cm,
4304606,clay_pct,15-30cm,
4304606,clay_pct,30-60cm,
4304606,clay_pct,60-100cm,
4304606,sand_pct,0-5cm,
4304606,sand_pct,5-15cm,
4304606,sand_pct,15-30cm,
4304606,sand_pct,30-60cm,
4304606,sand_pct,60-100cm,
4304606,silt_pct,0-5cm,
4304606,silt_pct,5-15cm,
4304606,silt_pct,15-30cm,
4304606,silt_pct,30-60cm,
4304606,silt_pct,60-100cm,
4304606,ph_h2o,0-5cm,
4304606,ph_h2o,5-15cm,
4304606,ph_h2o,15-30cm,
4304606,ph_h2o,30-60cm,
4304606,ph_h2o,60-100cm,
4304606,bd_kg_dm3,0-5cm,
4304606,bd_kg_dm3,5-15cm,
4304606,bd_kg_dm3,15-30cm,
4304606,bd_kg_dm3,30-60cm,
4304606,bd_kg_dm3,60-100cm,
4304606,cec_cmol_kg,0-5cm,
4304606,cec_cmol_kg,5-15cm,
4304606,cec_cmol_kg,15-30cm,
4304606,cec_cmol_kg,30-60cm,
4304606,cec_cmol_kg,60-100cm,
4304614,clay_pct,0-5cm,32.6
4304614,clay_pct,5-15cm,33.6
4304614,clay_pct,15-30cm,41.9
4304614,clay_pct,30-60cm,49.5
4304614,clay_pct,60-100cm,49.4
4304614,silt_pct,0-5cm,37.5
4304614,silt_pct,5-15cm,37.0
4304614,silt_pct,15-30cm,32.9
4304614,silt_pct,30-60cm,28.7
4304614,silt_pct,60-100cm,29.4
4304614,soc_pct,0-5cm,7.57
4304614,soc_pct,5-15cm,4.29
4304614,soc_pct,15-30cm,2.3
4304614,soc_pct,30-60cm,1.33
4304614,soc_pct,60-100cm,1.14
4304614,ph_h2o,0-5cm,5.2
4304614,ph_h2o,5-15cm,5.2
4304614,ph_h2o,15-30cm,5.2
4304614,ph_h2o,30-60cm,5.2
4304614,ph_h2o,60-100cm,5.2
4304614,bd_kg_dm3,0-5cm,1.05
4304614,bd_kg_dm3,5-15cm,1.08
4304614,bd_kg_dm3,15-30cm,1.13
4304614,bd_kg_dm3,30-60cm,1.23
4304614,bd_kg_dm3,60-100cm,1.25
4304614,cec_cmol_kg,0-5cm,26.6
4304614,cec_cmol_kg,5-15cm,23.9
4304614,cec_cmol_kg,15-30cm,23.0
4304614,cec_cmol_kg,30-60cm,23.2
4304614,cec_cmol_kg,60-100cm,22.4
4304622,sand_pct,0-5cm,11.9
4304622,sand_pct,5-15cm,13.1
4304622,sand_pct,15-30cm,12.4
4304622,sand_pct,30-60cm,9.8
4304622,sand_pct,60-100cm,9.2
4304622,silt_pct,0-5cm,29.2
4304622,silt_pct,5-15cm,30.5
4304622,silt_pct,15-30cm,29.1
4304622,silt_pct,30-60cm,25.8
4304622,silt_pct,60-100cm,25.7
4304622,soc_pct,0-5cm,5.66
4304622,soc_pct,5-15cm,2.95
4304622,soc_pct,15-30cm,2.52
4304622,soc_pct,30-60cm,1.41
4304622,soc_pct,60-100cm,1.14
4304622,ph_h2o,0-5cm,5.0
4304622,ph_h2o,5-15cm,5.0
4304622,ph_h2o,15-30cm,5.0
4304622,ph_h2o,30-60cm,5.0
4304622,ph_h2o,60-100cm,5.0
4304622,bd_kg_dm3,0-5cm,0.94
4304622,bd_kg_dm3,5-15cm,0.96
4304622,bd_kg_dm3,15-30cm,1.01
4304622,bd_kg_dm3,30-60cm,1.09
4304622,bd_kg_dm3,60-100cm,1.12
4304622,cec_cmol_kg,0-5cm,19.5
4304622,cec_cmol_kg,5-15cm,16.7
4304622,cec_cmol_kg,15-30cm,15.5
4304622,cec_cmol_kg,30-60cm,15.0
4304622,cec_cmol_kg,60-100cm,14.8
4304630,clay_pct,0-5cm,19.7
4304630,clay_pct,5-15cm,19.8
4304630,clay_pct,15-30cm,20.4
4304630,clay_pct,30-60cm,25.9
4304630,clay_pct,60-100cm,25.5
4304630,silt_pct,0-5cm,19.8
4304630,silt_pct,5-15cm,17.5
4304630,silt_pct,15-30cm,17.3
4304630,silt_pct,30-60cm,16.0
4304630,silt_pct,60-100cm,16.0
4304630,soc_pct,0-5cm,7.11
4304630,soc_pct,5-15cm,5.62
4304630,soc_pct,15-30cm,3.4
4304630,soc_pct,30-60cm,2.92
4304630,soc_pct,60-100cm,2.3
4304630,ph_h2o,0-5cm,5.3
4304630,ph_h2o,5-15cm,5.3
4304630,ph_h2o,15-30cm,5.3
4304630,ph_h2o,30-60cm,5.4
4304630,ph_h2o,60-100cm,5.4
4304630,bd_kg_dm3,0-5cm,1.06
4304630,bd_kg_dm3,5-15cm,1.08
4304630,bd_kg_dm3,15-30cm,1.08
4304630,bd_kg_dm3,30-60cm,1.13
4304630,bd_kg_dm3,60-100cm,1.17
4304630,cec_cmol_kg,0-5cm,24.8
4304630,cec_cmol_kg,5-15cm,23.4
4304630,cec_cmol_kg,15-30cm,23.9
4304630,cec_cmol_kg,30-60cm,24.3
4304630,cec_cmol_kg,60-100cm,24.2
4304655,clay_pct,0-5cm,48.2
4304655,clay_pct,5-15cm,47.7
4304655,clay_pct,15-30cm,50.4
4304655,clay_pct,30-60cm,50.6
4304655,clay_pct,60-100cm,50.6
4304655,sand_pct,0-5cm,21.0
4304655,sand_pct,5-15cm,20.4
4304655,sand_pct,15-30cm,20.7
4304655,sand_pct,30-60cm,21.6
4304655,sand_pct,60-100cm,22.0
4304655,silt_pct,0-5cm,30.8
4304655,silt_pct,5-15cm,31.8
4304655,silt_pct,15-30cm,28.9
4304655,silt_pct,30-60cm,27.9
4304655,silt_pct,60-100cm,27.5
4304655,soc_pct,0-5cm,5.0
4304655,soc_pct,5-15cm,1.86
4304655,soc_pct,15-30cm,1.49
4304655,soc_pct,30-60cm,1.24
4304655,soc_pct,60-100cm,0.87
4304655,ph_h2o,0-5cm,5.2
4304655,ph_h2o,5-15cm,5.2
4304655,ph_h2o,15-30cm,5.2
4304655,ph_h2o,30-60cm,5.2
4304655,ph_h2o,60-100cm,5.2
4304655,bd_kg_dm3,0-5cm,1.17
4304655,bd_kg_dm3,5-15cm,1.23
4304655,bd_kg_dm3,15-30cm,1.29
4304655,bd_kg_dm3,30-60cm,1.37
4304655,bd_kg_dm3,60-100cm,1.39
4304655,cec_cmol_kg,0-5cm,22.1
4304655,cec_cmol_kg,5-15cm,17.3
4304655,cec_cmol_kg,15-30cm,15.6
4304655,cec_cmol_kg,30-60cm,16.0
4304655,cec_cmol_kg,60-100cm,15.5
4304663,clay_pct,0-5cm,26.2
4304663,clay_pct,5-15cm,26.8
4304663,clay_pct,15-30cm,31.3
4304663,clay_pct,30-60cm,45.3
4304663,clay_pct,60-100cm,42.9
4304663,sand_pct,0-5cm,45.5
4304663,sand_pct,5-15cm,45.0
4304663,sand_pct,15-30cm,41.5
4304663,sand_pct,30-60cm,31.4
4304663,sand_pct,60-100cm,32.4
4304663,silt_pct,0-5cm,28.3
4304663,silt_pct,5-15cm,28.2
4304663,silt_pct,15-30cm,27.3
4304663,silt_pct,30-60cm,23.4
4304663,silt_pct,60-100cm,24.7
4304663,soc_pct,0-5cm,6.94
4304663,soc_pct,5-15cm,3.83
4304663,soc_pct,15-30cm,3.37
4304663,soc_pct,30-60cm,2.53
4304663,soc_pct,60-100cm,1.83
4304663,ph_h2o,0-5cm,5.3
4304663,ph_h2o,5-15cm,5.3
4304663,ph_h2o,15-30cm,5.4
4304663,ph_h2o,30-60cm,5.5
4304663,ph_h2o,60-100cm,5.5
4304663,bd_kg_dm3,0-5cm,1.18
4304663,bd_kg_dm3,5-15cm,1.23
4304663,bd_kg_dm3,15-30cm,1.27
4304663,bd_kg_dm3,30-60cm,1.36
4304663,bd_kg_dm3,60-100cm,1.41
4304663,cec_cmol_kg,0-5cm,27.4
4304663,cec_cmol_kg,5-15cm,19.8
4304663,cec_cmol_kg,15-30cm,21.1
4304663,cec_cmol_kg,30-60cm,22.1
4304663,cec_cmol_kg,60-100cm,21.7
4304671,clay_pct,0-5cm,14.1
4304671,clay_pct,5-15cm,14.3
4304671,clay_pct,15-30cm,15.7
4304671,clay_pct,30-60cm,18.7
4304671,clay_pct,60-100cm,18.7
4304671,sand_pct,0-5cm,72.9
4304671,sand_pct,5-15cm,76.5
4304671,sand_pct,15-30cm,75.3
4304671,sand_pct,30-60cm,72.4
4304671,sand_pct,60-100cm,73.0
4304671,silt_pct,0-5cm,13.0
4304671,silt_pct,5-15cm,9.2
4304671,silt_pct,15-30cm,9.0
4304671,silt_pct,30-60cm,8.9
4304671,silt_pct,60-100cm,8.3
4304671,soc_pct,0-5cm,6.19
4304671,soc_pct,5-15cm,3.14
4304671,soc_pct,15-30cm,2.55
4304671,soc_pct,30-60cm,2.12
4304671,soc_pct,60-100cm,0.78
4304671,ph_h2o,0-5cm,5.2
4304671,ph_h2o,5-15cm,5.2
4304671,ph_h2o,15-30cm,5.2
4304671,ph_h2o,30-60cm,5.3
4304671,ph_h2o,60-100cm,5.4
4304671,bd_kg_dm3,0-5cm,1.14
4304671,bd_kg_dm3,5-15cm,1.19
4304671,bd_kg_dm3,15-30cm,1.23
4304671,bd_kg_dm3,30-60cm,1.28
4304671,bd_kg_dm3,60-100cm,1.29
4304671,cec_cmol_kg,0-5cm,21.5
4304671,cec_cmol_kg,5-15cm,18.6
4304671,cec_cmol_kg,15-30cm,18.5
4304671,cec_cmol_kg,30-60cm,19.1
4304671,cec_cmol_kg,60-100cm,19.1
4304689,clay_pct,0-5cm,27.6
4304689,clay_pct,5-15cm,27.4
4304689,clay_pct,15-30cm,32.4
4304689,clay_pct,30-60cm,48.5
4304689,clay_pct,60-100cm,51.2
4304689,sand_pct,0-5cm,40.7
4304689,sand_pct,5-15cm,41.7
4304689,sand_pct,15-30cm,37.7
4304689,sand_pct,30-60cm,27.1
4304689,sand_pct,60-100cm,25.0
4304689,silt_pct,0-5cm,31.6
4304689,silt_pct,5-15cm,30.9
4304689,silt_pct,15-30cm,29.9
4304689,silt_pct,30-60cm,24.4
4304689,silt_pct,60-100cm,23.8
4304689,soc_pct,0-5cm,6.71
4304689,soc_pct,5-15cm,1.92
4304689,soc_pct,15-30cm,1.55
4304689,soc_pct,30-60cm,1.05
4304689,soc_pct,60-100cm,0.64
4304689,ph_h2o,0-5cm,5.2
4304689,ph_h2o,5-15cm,5.2
4304689,ph_h2o,15-30cm,5.2
4304689,ph_h2o,30-60cm,5.2
4304689,ph_h2o,60-100cm,5.2
4304689,bd_kg_dm3,0-5cm,1.19
4304689,bd_kg_dm3,5-15cm,1.22
4304689,bd_kg_dm3,15-30cm,1.27
4304689,bd_kg_dm3,30-60cm,1.33
4304689,bd_kg_dm3,60-100cm,1.36
4304689,cec_cmol_kg,0-5cm,18.0
4304689,cec_cmol_kg,5-15cm,18.2
4304689,cec_cmol_kg,15-30cm,18.2
4304689,cec_cmol_kg,30-60cm,19.7
4304689,cec_cmol_kg,60-100cm,19.3
4304697,clay_pct,0-5cm,33.3
4304697,clay_pct,5-15cm,32.9
4304697,clay_pct,15-30cm,38.4
4304697,clay_pct,30-60cm,46.7
4304697,clay_pct,60-100cm,47.9
4304697,sand_pct,0-5cm,29.4
4304697,sand_pct,5-15cm,29.6
4304697,sand_pct,15-30cm,26.2
4304697,sand_pct,30-60cm,20.9
4304697,sand_pct,60-100cm,20.4
4304697,silt_pct,0-5cm,37.3
4304697,silt_pct,5-15cm,37.5
4304697,silt_pct,15-30cm,35.3
4304697,silt_pct,30-60cm,32.4
4304697,silt_pct,60-100cm,31.7
4304697,soc_pct,0-5cm,6.34
4304697,soc_pct,5-15cm,2.35
4304697,soc_pct,15-30cm,2.26
4304697,soc_pct,30-60cm,1.35
4304697,soc_pct,60-100cm,0.97
4304697,ph_h2o,0-5cm,5.2
4304697,ph_h2o,5-15cm,5.2
4304697,ph_h2o,15-30cm,5.2
4304697,ph_h2o,30-60cm,5.2
4304697,ph_h2o,60-100cm,5.2
4304697,bd_kg_dm3,0-5cm,1.05
4304697,bd_kg_dm3,5-15cm,1.09
4304697,bd_kg_dm3,15-30cm,1.14
4304697,bd_kg_dm3,30-60cm,1.22
4304697,bd_kg_dm3,60-100cm,1.26
4304697,cec_cmol_kg,0-5cm,19.6
4304697,cec_cmol_kg,5-15cm,16.3
4304697,cec_cmol_kg,15-30cm,16.3
4304697,cec_cmol_kg,30-60cm,17.2
4304697,cec_cmol_kg,60-100cm,16.5
4304705,clay_pct,0-5cm,43.2
4304705,clay_pct,5-15cm,44.8
4304705,clay_pct,15-30cm,46.6
4304705,clay_pct,30-60cm,52.7
4304705,clay_pct,60-100cm,54.4
4304705,sand_pct,0-5cm,27.1
4304705,sand_pct,5-15cm,26.0
4304705,sand_pct,15-30cm,25.5
4304705,sand_pct,30-60cm,23.1
4304705,sand_pct,60-100cm,22.1
4304705,silt_pct,0-5cm,29.8
4304705,silt_pct,5-15cm,29.2
4304705,silt_pct,15-30cm,27.9
4304705,silt_pct,30-60cm,24.2
4304705,silt_pct,60-100cm,23.4
4304705,soc_pct,0-5cm,4.79
4304705,soc_pct,5-15cm,2.37
4304705,soc_pct,15-30cm,1.83
4304705,soc_pct,30-60cm,1.03
4304705,soc_pct,60-100cm,0.7
4304705,ph_h2o,0-5cm,5.2
4304705,ph_h2o,5-15cm,5.2
4304705,ph_h2o,15-30cm,5.2
4304705,ph_h2o,30-60cm,5.2
4304705,ph_h2o,60-100cm,5.2
4304705,bd_kg_dm3,0-5cm,1.07
4304705,bd_kg_dm3,5-15cm,1.11
4304705,bd_kg_dm3,15-30cm,1.16
4304705,bd_kg_dm3,30-60cm,1.2
4304705,bd_kg_dm3,60-100cm,1.23
4304705,cec_cmol_kg,0-5cm,20.9
4304705,cec_cmol_kg,5-15cm,17.2
4304705,cec_cmol_kg,15-30cm,16.5
4304705,cec_cmol_kg,30-60cm,14.9
4304705,cec_cmol_kg,60-100cm,14.9
4304713,clay_pct,0-5cm,33.0
4304713,clay_pct,5-15cm,32.3
4304713,clay_pct,15-30cm,34.6
4304713,clay_pct,30-60cm,38.4
4304713,clay_pct,60-100cm,40.1
4304713,sand_pct,0-5cm,39.0
4304713,sand_pct,5-15cm,40.0
4304713,sand_pct,15-30cm,39.0
4304713,sand_pct,30-60cm,35.9
4304713,sand_pct,60-100cm,33.7
4304713,silt_pct,0-5cm,28.0
4304713,silt_pct,5-15cm,27.7
4304713,silt_pct,15-30cm,26.4
4304713,silt_pct,30-60cm,25.7
4304713,silt_pct,60-100cm,26.2
4304713,soc_pct,0-5cm,6.48
4304713,soc_pct,5-15cm,2.79
4304713,soc_pct,15-30cm,1.98
4304713,soc_pct,30-60cm,1.22
4304713,soc_pct,60-100cm,0.75
4304713,ph_h2o,0-5cm,5.4
4304713,ph_h2o,5-15cm,5.4
4304713,ph_h2o,15-30cm,5.4
4304713,ph_h2o,30-60cm,5.6
4304713,ph_h2o,60-100cm,5.6
4304713,bd_kg_dm3,0-5cm,0.98
4304713,bd_kg_dm3,5-15cm,1.0
4304713,bd_kg_dm3,15-30cm,1.06
4304713,bd_kg_dm3,30-60cm,1.15
4304713,bd_kg_dm3,60-100cm,1.19
4304713,cec_cmol_kg,0-5cm,21.7
4304713,cec_cmol_kg,5-15cm,18.7
4304713,cec_cmol_kg,15-30cm,18.7
4304713,cec_cmol_kg,30-60cm,18.8
4304713,cec_cmol_kg,60-100cm,17.6
4304804,clay_pct,0-5cm,44.6
4304804,clay_pct,5-15cm,44.5
4304804,clay_pct,15-30cm,47.1
4304804,clay_pct,30-60cm,50.1
4304804,clay_pct,60-100cm,52.1
4304804,sand_pct,0-5cm,17.3
4304804,sand_pct,5-15cm,17.0
4304804,sand_pct,15-30cm,15.8
4304804,sand_pct,30-60cm,14.0
4304804,sand_pct,60-100cm,13.2
4304804,silt_pct,0-5cm,38.1
4304804,silt_pct,5-15cm,38.5
4304804,silt_pct,15-30cm,37.1
4304804,silt_pct,30-60cm,36.0
4304804,silt_pct,60-100cm,34.7
4304804,soc_pct,0-5cm,6.27
4304804,soc_pct,5-15cm,2.77
4304804,soc_pct,15-30cm,1.93
4304804,soc_pct,30-60cm,1.19
4304804,soc_pct,60-100cm,0.76
4304804,ph_h2o,0-5cm,5.2
4304804,ph_h2o,5-15cm,5.2
4304804,ph_h2o,15-30cm,5.1
4304804,ph_h2o,30-60cm,5.1
4304804,ph_h2o,60-100cm,5.2
4304804,bd_kg_dm3,0-5cm,0.99
4304804,bd_kg_dm3,5-15cm,1.01
4304804,bd_kg_dm3,15-30cm,1.06
4304804,bd_kg_dm3,30-60cm,1.15
4304804,bd_kg_dm3,60-100cm,1.19
4304804,cec_cmol_kg,0-5cm,20.9
4304804,cec_cmol_kg,5-15cm,17.7
4304804,cec_cmol_kg,15-30cm,15.5
4304804,cec_cmol_kg,30-60cm,14.8
4304804,cec_cmol_kg,60-100cm,14.4
4304853,clay_pct,0-5cm,49.6
4304853,clay_pct,5-15cm,49.6
4304853,clay_pct,15-30cm,51.8
4304853,clay_pct,30-60cm,57.4
4304853,clay_pct,60-100cm,59.4
4304853,sand_pct,0-5cm,18.8
4304853,sand_pct,5-15cm,18.9
4304853,sand_pct,15-30cm,17.9
4304853,sand_pct,30-60cm,16.0
4304853,sand_pct,60-100cm,15.3
4304853,silt_pct,0-5cm,31.6
4304853,silt_pct,5-15cm,31.5
4304853,silt_pct,15-30cm,30.4
4304853,silt_pct,30-60cm,26.6
4304853,silt_pct,60-100cm,25.4
4304853,soc_pct,0-5cm,5.39
4304853,soc_pct,5-15cm,2.58
4304853,soc_pct,15-30cm,1.7
4304853,soc_pct,30-60cm,1.05
4304853,soc_pct,60-100cm,0.7
4304853,ph_h2o,0-5cm,5.2
4304853,ph_h2o,5-15cm,5.2
4304853,ph_h2o,15-30cm,5.2
4304853,ph_h2o,30-60cm,5.2
4304853,ph_h2o,60-100cm,5.1
4304853,bd_kg_dm3,0-5cm,0.96
4304853,bd_kg_dm3,5-15cm,0.97
4304853,bd_kg_dm3,15-30cm,1.04
4304853,bd_kg_dm3,30-60cm,1.09
4304853,bd_kg_dm3,60-100cm,1.13
4304853,cec_cmol_kg,0-5cm,20.8
4304853,cec_cmol_kg,5-15cm,16.5
4304853,cec_cmol_kg,15-30cm,16.5
4304853,cec_cmol_kg,30-60cm,15.9
4304853,cec_cmol_kg,60-100cm,15.2
4304903,clay_pct,0-5cm,50.5
4304903,clay_pct,5-15cm,50.7
4304903,clay_pct,15-30cm,54.1
4304903,clay_pct,30-60cm,59.6
4304903,clay_pct,60-100cm,61.1
4304903,sand_pct,0-5cm,18.0
4304903,sand_pct,5-15cm,18.6
4304903,sand_pct,15-30cm,17.0
4304903,sand_pct,30-60cm,14.2
4304903,sand_pct,60-100cm,13.0
4304903,silt_pct,0-5cm,31.6
4304903,silt_pct,5-15cm,30.7
4304903,silt_pct,15-30cm,29.0
4304903,silt_pct,30-60cm,26.2
4304903,silt_pct,60-100cm,25.9
4304903,soc_pct,0-5cm,4.66
4304903,soc_pct,5-15cm,2.41
4304903,soc_pct,15-30cm,2.23
4304903,soc_pct,30-60cm,1.18
4304903,soc_pct,60-100cm,1.16
4304903,ph_h2o,0-5cm,5.2
4304903,ph_h2o,5-15cm,5.2
4304903,ph_h2o,15-30cm,5.2
4304903,ph_h2o,30-60cm,5.3
4304903,ph_h2o,60-100cm,5.3
4304903,bd_kg_dm3,0-5cm,1.0
4304903,bd_kg_dm3,5-15cm,1.03
4304903,bd_kg_dm3,15-30cm,1.07
4304903,bd_kg_dm3,30-60cm,1.12
4304903,bd_kg_dm3,60-100cm,1.17
4304903,cec_cmol_kg,0-5cm,26.5
4304903,cec_cmol_kg,5-15cm,22.7
4304903,cec_cmol_kg,15-30cm,22.5
4304903,cec_cmol_kg,30-60cm,22.1
4304903,cec_cmol_kg,60-100cm,19.4
4304952,clay_pct,0-5cm,49.9
4304952,clay_pct,5-15cm,47.0
4304952,clay_pct,15-30cm,52.3
4304952,clay_pct,30-60cm,56.6
4304952,clay_pct,60-100cm,57.8
4304952,sand_pct,0-5cm,14.1
4304952,sand_pct,5-15cm,15.1
4304952,sand_pct,15-30cm,13.5
4304952,sand_pct,30-60cm,12.5
4304952,sand_pct,60-100cm,11.8
4304952,silt_pct,0-5cm,36.0
4304952,silt_pct,5-15cm,38.0
4304952,silt_pct,15-30cm,34.2
4304952,silt_pct,30-60cm,30.9
4304952,silt_pct,60-100cm,30.4
4304952,soc_pct,0-5cm,4.41
4304952,soc_pct,5-15cm,3.03
4304952,soc_pct,15-30cm,2.12
4304952,soc_pct,30-60cm,1.15
4304952,soc_pct,60-100cm,0.82
4304952,ph_h2o,0-5cm,5.1
4304952,ph_h2o,5-15cm,5.1
4304952,ph_h2o,15-30cm,5.1
4304952,ph_h2o,30-60cm,5.1
4304952,ph_h2o,60-100cm,5.2
4304952,bd_kg_dm3,0-5cm,0.97
4304952,bd_kg_dm3,5-15cm,1.01
4304952,bd_kg_dm3,15-30cm,1.04
4304952,bd_kg_dm3,30-60cm,1.08
4304952,bd_kg_dm3,60-100cm,1.1
4304952,cec_cmol_kg,0-5cm,19.8
4304952,cec_cmol_kg,5-15cm,18.6
4304952,cec_cmol_kg,15-30cm,18.4
4304952,cec_cmol_kg,30-60cm,16.9
4304952,cec_cmol_kg,60-100cm,16.6
4305009,clay_pct,0-5cm,41.3
4305009,clay_pct,5-15cm,40.3
4305009,clay_pct,15-30cm,42.4
4305009,clay_pct,30-60cm,48.1
4305009,clay_pct,60-100cm,50.4
4305009,sand_pct,0-5cm,23.7
4305009,sand_pct,5-15cm,24.4
4305009,sand_pct,15-30cm,24.0
4305009,sand_pct,30-60cm,21.9
4305009,sand_pct,60-100cm,21.2
4305009,silt_pct,0-5cm,35.0
4305009,silt_pct,5-15cm,35.3
4305009,silt_pct,15-30cm,33.6
4305009,silt_pct,30-60cm,30.0
4305009,silt_pct,60-100cm,28.3
4305009,soc_pct,0-5cm,5.29
4305009,soc_pct,5-15cm,2.44
4305009,soc_pct,15-30cm,1.42
4305009,soc_pct,30-60cm,1.02
4305009,soc_pct,60-100cm,0.62
4305009,ph_h2o,0-5cm,5.1
4305009,ph_h2o,5-15cm,5.1
4305009,ph_h2o,15-30cm,5.1
4305009,ph_h2o,30-60cm,5.2
4305009,ph_h2o,60-100cm,5.2
4305009,bd_kg_dm3,0-5cm,1.07
4305009,bd_kg_dm3,5-15cm,1.12
4305009,bd_kg_dm3,15-30cm,1.18
4305009,bd_kg_dm3,30-60cm,1.23
4305009,bd_kg_dm3,60-100cm,1.26
4305009,cec_cmol_kg,0-5cm,24.9
4305009,cec_cmol_kg,5-15cm,21.1
4305009,cec_cmol_kg,15-30cm,20.5
4305009,cec_cmol_kg,30-60cm,21.3
4305009,cec_cmol_kg,60-100cm,19.3
4305108,clay_pct,0-5cm,43.5
4305108,clay_pct,5-15cm,44.6
4305108,clay_pct,15-30cm,46.5
4305108,clay_pct,30-60cm,55.5
4305108,clay_pct,60-100cm,56.1
4305108,sand_pct,0-5cm,17.2
4305108,sand_pct,5-15cm,16.9
4305108,sand_pct,15-30cm,16.1
4305108,sand_pct,30-60cm,12.6
4305108,sand_pct,60-100cm,12.4
4305108,silt_pct,0-5cm,39.2
4305108,silt_pct,5-15cm,38.6
4305108,silt_pct,15-30cm,37.4
4305108,silt_pct,30-60cm,31.9
4305108,silt_pct,60-100cm,31.5
4305108,soc_pct,0-5cm,7.27
4305108,soc_pct,5-15cm,2.67
4305108,soc_pct,15-30cm,2.35
4305108,soc_pct,30-60cm,1.69
4305108,soc_pct,60-100cm,1.27
4305108,ph_h2o,0-5cm,5.1
4305108,ph_h2o,5-15cm,5.1
4305108,ph_h2o,15-30cm,5.1
4305108,ph_h2o,30-60cm,5.2
4305108,ph_h2o,60-100cm,5.2
4305108,bd_kg_dm3,0-5cm,0.97
4305108,bd_kg_dm3,5-15cm,0.99
4305108,bd_kg_dm3,15-30cm,1.02
4305108,bd_kg_dm3,30-60cm,1.12
4305108,bd_kg_dm3,60-100cm,1.17
4305108,cec_cmol_kg,0-5cm,20.5
4305108,cec_cmol_kg,5-15cm,18.1
4305108,cec_cmol_kg,15-30cm,16.5
4305108,cec_cmol_kg,30-60cm,15.8
4305108,cec_cmol_kg,60-100cm,15.6
4305116,clay_pct,0-5cm,56.7
4305116,clay_pct,5-15cm,56.3
4305116,clay_pct,15-30cm,57.6
4305116,clay_pct,30-60cm,63.5
4305116,clay_pct,60-100cm,63.9
4305116,sand_pct,0-5cm,15.4
4305116,sand_pct,5-15cm,15.6
4305116,sand_pct,15-30cm,14.9
4305116,sand_pct,30-60cm,12.8
4305116,sand_pct,60-100cm,12.2
4305116,silt_pct,0-5cm,27.9
4305116,silt_pct,5-15cm,28.1
4305116,silt_pct,15-30cm,27.5
4305116,silt_pct,30-60cm,23.7
4305116,silt_pct,60-100cm,23.8
4305116,soc_pct,0-5cm,4.95
4305116,soc_pct,5-15cm,2.58
4305116,soc_pct,15-30cm,2.05
4305116,soc_pct,30-60cm,1.01
4305116,soc_pct,60-100cm,0.86
4305116,ph_h2o,0-5cm,5.1
4305116,ph_h2o,5-15cm,5.1
4305116,ph_h2o,15-30cm,5.0
4305116,ph_h2o,30-60cm,5.1
4305116,ph_h2o,60-100cm,5.1
4305116,bd_kg_dm3,0-5cm,1.0
4305116,bd_kg_dm3,5-15cm,1.03
4305116,bd_kg_dm3,15-30cm,1.08
4305116,bd_kg_dm3,30-60cm,1.08
4305116,bd_kg_dm3,60-100cm,1.11
4305116,cec_cmol_kg,0-5cm,21.5
4305116,cec_cmol_kg,5-15cm,17.9
4305116,cec_cmol_kg,15-30cm,17.3
4305116,cec_cmol_kg,30-60cm,15.8
4305116,cec_cmol_kg,60-100cm,16.0
4305124,clay_pct,0-5cm,25.2
4305124,clay_pct,5-15cm,26.0
4305124,clay_pct,15-30cm,29.7
4305124,clay_pct,30-60cm,45.0
4305124,clay_pct,60-100cm,44.9
4305124,sand_pct,0-5cm,48.3
4305124,sand_pct,5-15cm,47.9
4305124,sand_pct,15-30cm,44.9
4305124,sand_pct,30-60cm,32.6
4305124,sand_pct,60-100cm,32.1
4305124,silt_pct,0-5cm,26.5
4305124,silt_pct,5-15cm,26.2
4305124,silt_pct,15-30cm,25.3
4305124,silt_pct,30-60cm,22.4
4305124,silt_pct,60-100cm,23.0
4305124,soc_pct,0-5cm,5.31
4305124,soc_pct,5-15cm,1.95
4305124,soc_pct,15-30cm,1.4
4305124,soc_pct,30-60cm,0.83
4305124,soc_pct,60-100cm,0.56
4305124,ph_h2o,0-5cm,5.3
4305124,ph_h2o,5-15cm,5.3
4305124,ph_h2o,15-30cm,5.2
4305124,ph_h2o,30-60cm,5.3
4305124,ph_h2o,60-100cm,5.3
4305124,bd_kg_dm3,0-5cm,1.09
4305124,bd_kg_dm3,5-15cm,1.21
4305124,bd_kg_dm3,15-30cm,1.26
4305124,bd_kg_dm3,30-60cm,1.32
4305124,bd_kg_dm3,60-100cm,1.38
4305124,cec_cmol_kg,0-5cm,23.1
4305124,cec_cmol_kg,5-15cm,19.7
4305124,cec_cmol_kg,15-30cm,21.0
4305124,cec_cmol_kg,30-60cm,21.8
4305124,cec_cmol_kg,60-100cm,21.6
4305132,clay_pct,0-5cm,32.7
4305132,clay_pct,5-15cm,31.5
4305132,clay_pct,15-30cm,34.9
4305132,clay_pct,30-60cm,41.2
4305132,clay_pct,60-100cm,45.4
4305132,sand_pct,0-5cm,30.7
4305132,sand_pct,5-15cm,31.5
4305132,sand_pct,15-30cm,28.0
4305132,sand_pct,30-60cm,24.9
4305132,sand_pct,60-100cm,21.3
4305132,silt_pct,0-5cm,36.6
4305132,silt_pct,5-15cm,37.0
4305132,silt_pct,15-30cm,37.1
4305132,silt_pct,30-60cm,34.0
4305132,silt_pct,60-100cm,33.2
4305132,soc_pct,0-5cm,6.31
4305132,soc_pct,5-15cm,2.07
4305132,soc_pct,15-30cm,2.18
4305132,soc_pct,30-60cm,1.13
4305132,soc_pct,60-100cm,0.78
4305132,ph_h2o,0-5cm,5.2
4305132,ph_h2o,5-15cm,5.1
4305132,ph_h2o,15-30cm,5.1
4305132,ph_h2o,30-60cm,5.1
4305132,ph_h2o,60-100cm,5.1
4305132,bd_kg_dm3,0-5cm,1.09
4305132,bd_kg_dm3,5-15cm,1.12
4305132,bd_kg_dm3,15-30cm,1.13
4305132,bd_kg_dm3,30-60cm,1.24
4305132,bd_kg_dm3,60-100cm,1.29
4305132,cec_cmol_kg,0-5cm,20.0
4305132,cec_cmol_kg,5-15cm,15.5
4305132,cec_cmol_kg,15-30cm,15.0
4305132,cec_cmol_kg,30-60cm,16.6
4305132,cec_cmol_kg,60-100cm,16.6
4305157,clay_pct,0-5cm,44.2
4305157,clay_pct,5-15cm,45.4
4305157,clay_pct,15-30cm,47.3
4305157,clay_pct,30-60cm,51.5
4305157,clay_pct,60-100cm,52.5
4305157,sand_pct,0-5cm,23.3
4305157,sand_pct,5-15cm,22.0
4305157,sand_pct,15-30cm,21.4
4305157,sand_pct,30-60cm,20.3
4305157,sand_pct,60-100cm,19.7
4305157,silt_pct,0-5cm,32.5
4305157,silt_pct,5-15cm,32.6
4305157,silt_pct,15-30cm,31.2
4305157,silt_pct,30-60cm,28.2
4305157,silt_pct,60-100cm,27.8
4305157,soc_pct,0-5cm,4.98
4305157,soc_pct,5-15cm,2.83
4305157,soc_pct,15-30cm,2.31
4305157,soc_pct,30-60cm,1.66
4305157,soc_pct,60-100cm,1.53
4305157,ph_h2o,0-5cm,5.1
4305157,ph_h2o,5-15cm,5.1
4305157,ph_h2o,15-30cm,5.1
4305157,ph_h2o,30-60cm,5.1
4305157,ph_h2o,60-100cm,5.1
4305157,bd_kg_dm3,0-5cm,1.08
4305157,bd_kg_dm3,5-15cm,1.12
4305157,bd_kg_dm3,15-30cm,1.17
4305157,bd_kg_dm3,30-60cm,1.22
4305157,bd_kg_dm3,60-100cm,1.23
4305157,cec_cmol_kg,0-5cm,23.2
4305157,cec_cmol_kg,5-15cm,16.9
4305157,cec_cmol_kg,15-30cm,15.8
4305157,cec_cmol_kg,30-60cm,15.1
4305157,cec_cmol_kg,60-100cm,14.6
4305173,clay_pct,0-5cm,26.6
4305173,clay_pct,5-15cm,25.8
4305173,clay_pct,15-30cm,28.0
4305173,clay_pct,30-60cm,49.5
4305173,clay_pct,60-100cm,52.1
4305173,sand_pct,0-5cm,45.3
4305173,sand_pct,5-15cm,46.4
4305173,sand_pct,15-30cm,43.6
4305173,sand_pct,30-60cm,28.6
4305173,sand_pct,60-100cm,26.3
4305173,silt_pct,0-5cm,28.0
4305173,silt_pct,5-15cm,27.8
4305173,silt_pct,15-30cm,28.4
4305173,silt_pct,30-60cm,21.9
4305173,silt_pct,60-100cm,21.6
4305173,soc_pct,0-5cm,5.6
4305173,soc_pct,5-15cm,2.23
4305173,soc_pct,15-30cm,1.75
4305173,soc_pct,30-60cm,1.1
4305173,soc_pct,60-100cm,0.82
4305173,ph_h2o,0-5cm,5.1
4305173,ph_h2o,5-15cm,5.1
4305173,ph_h2o,15-30cm,5.1
4305173,ph_h2o,30-60cm,5.2
4305173,ph_h2o,60-100cm,5.2
4305173,bd_kg_dm3,0-5cm,1.12
4305173,bd_kg_dm3,5-15cm,1.16
4305173,bd_kg_dm3,15-30cm,1.2
4305173,bd_kg_dm3,30-60cm,1.29
4305173,bd_kg_dm3,60-100cm,1.33
4305173,cec_cmol_kg,0-5cm,17.9
4305173,cec_cmol_kg,5-15cm,15.5
4305173,cec_cmol_kg,15-30cm,16.3
4305173,cec_cmol_kg,30-60cm,17.7
4305173,cec_cmol_kg,60-100cm,17.5
4303608,clay_pct,0-5cm,47.3
4303608,clay_pct,5-15cm,47.4
4303608,clay_pct,15-30cm,50.5
4303608,clay_pct,30-60cm,54.3
4303608,clay_pct,60-100cm,53.9
4303608,sand_pct,0-5cm,16.9
4303608,sand_pct,5-15cm,16.8
4303608,sand_pct,15-30cm,15.6
4303608,sand_pct,30-60cm,14.3
4303608,sand_pct,60-100cm,13.7
4303608,silt_pct,0-5cm,35.8
4303608,silt_pct,5-15cm,35.8
4303608,silt_pct,15-30cm,34.0
4303608,silt_pct,30-60cm,31.4
4303608,silt_pct,60-100cm,32.4
4303608,soc_pct,0-5cm,10.54
4303608,soc_pct,5-15cm,6.12
4303608,soc_pct,15-30cm,6.21
4303608,soc_pct,30-60cm,4.32
4303608,soc_pct,60-100cm,3.8
4303608,ph_h2o,0-5cm,5.0
4303608,ph_h2o,5-15cm,5.0
4303608,ph_h2o,15-30cm,5.0
4303608,ph_h2o,30-60cm,5.0
4303608,ph_h2o,60-100cm,5.0
4303608,bd_kg_dm3,0-5cm,0.97
4303608,bd_kg_dm3,5-15cm,1.0
4303608,bd_kg_dm3,15-30cm,1.03
4303608,bd_kg_dm3,30-60cm,1.07
4303608,bd_kg_dm3,60-100cm,1.09
4305306,clay_pct,0-5cm,40.1
4305306,clay_pct,5-15cm,40.7
4305306,clay_pct,15-30cm,42.5
4305306,clay_pct,30-60cm,48.2
4305306,clay_pct,60-100cm,50.1
4305306,sand_pct,0-5cm,28.6
4305306,sand_pct,5-15cm,27.9
4305306,sand_pct,15-30cm,27.0
4305306,sand_pct,30-60cm,24.5
4305306,sand_pct,60-100cm,24.1
4305306,silt_pct,0-5cm,31.2
4305306,silt_pct,5-15cm,31.4
4305306,silt_pct,15-30cm,30.6
4305306,silt_pct,30-60cm,27.3
4305306,silt_pct,60-100cm,25.8
4305306,soc_pct,0-5cm,4.59
4305306,soc_pct,5-15cm,2.36
4305306,soc_pct,15-30cm,1.75
4305306,soc_pct,30-60cm,0.99
4305306,soc_pct,60-100cm,0.65
4305306,ph_h2o,0-5cm,5.2
4305306,ph_h2o,5-15cm,5.1
4305306,ph_h2o,15-30cm,5.1
4305306,ph_h2o,30-60cm,5.1
4305306,ph_h2o,60-100cm,5.2
4305306,bd_kg_dm3,0-5cm,1.07
4305306,bd_kg_dm3,5-15cm,1.12
4305306,bd_kg_dm3,15-30cm,1.16
4305306,bd_kg_dm3,30-60cm,1.2
4305306,bd_kg_dm3,60-100cm,1.21
4305306,cec_cmol_kg,0-5cm,24.4
4305306,cec_cmol_kg,5-15cm,18.6
4305306,cec_cmol_kg,15-30cm,17.4
4305306,cec_cmol_kg,30-60cm,16.4
4305306,cec_cmol_kg,60-100cm,15.7
4305355,clay_pct,0-5cm,31.3
4305355,clay_pct,5-15cm,32.0
4305355,clay_pct,15-30cm,36.0
4305355,clay_pct,30-60cm,47.2
4305355,clay_pct,60-100cm,49.3
4305355,sand_pct,0-5cm,40.3
4305355,sand_pct,5-15cm,40.7
4305355,sand_pct,15-30cm,38.4
4305355,sand_pct,30-60cm,29.6
4305355,sand_pct,60-100cm,28.4
4305355,silt_pct,0-5cm,28.4
4305355,silt_pct,5-15cm,27.2
4305355,silt_pct,15-30cm,25.6
4305355,silt_pct,30-60cm,23.2
4305355,silt_pct,60-100cm,22.3
4305355,soc_pct,0-5cm,5.79
4305355,soc_pct,5-15cm,2.29
4305355,soc_pct,15-30cm,1.6
4305355,soc_pct,30-60cm,1.42
4305355,soc_pct,60-100cm,0.79
4305355,ph_h2o,0-5cm,5.1
4305355,ph_h2o,5-15cm,5.2
4305355,ph_h2o,15-30cm,5.2
4305355,ph_h2o,30-60cm,5.2
4305355,ph_h2o,60-100cm,5.3
4305355,bd_kg_dm3,0-5cm,1.17
4305355,bd_kg_dm3,5-15cm,1.22
4305355,bd_kg_dm3,15-30cm,1.3
4305355,bd_kg_dm3,30-60cm,1.38
4305355,bd_kg_dm3,60-100cm,1.4
4305355,cec_cmol_kg,0-5cm,25.2
4305355,cec_cmol_kg,5-15cm,15.9
4305355,cec_cmol_kg,15-30cm,16.9
4305355,cec_cmol_kg,30-60cm,18.0
4305355,cec_cmol_kg,60-100cm,17.6
4305371,clay_pct,0-5cm,50.6
4305371,clay_pct,5-15cm,49.9
4305371,clay_pct,15-30cm,51.9
4305371,clay_pct,30-60cm,57.9
4305371,clay_pct,60-100cm,59.9
4305371,sand_pct,0-5cm,17.4
4305371,sand_pct,5-15cm,17.9
4305371,sand_pct,15-30cm,16.9
4305371,sand_pct,30-60cm,14.8
4305371,sand_pct,60-100cm,13.8
4305371,silt_pct,0-5cm,32.0
4305371,silt_pct,5-15cm,32.2
4305371,silt_pct,15-30cm,31.3
4305371,silt_pct,30-60cm,27.3
4305371,silt_pct,60-100cm,26.2
4305371,soc_pct,0-5cm,4.73
4305371,soc_pct,5-15cm,2.5
4305371,soc_pct,15-30cm,1.57
4305371,soc_pct,30-60cm,0.91
4305371,soc_pct,60-100cm,0.74
4305371,ph_h2o,0-5cm,5.1
4305371,ph_h2o,5-15cm,5.1
4305371,ph_h2o,15-30cm,5.1
4305371,ph_h2o,30-60cm,5.1
4305371,ph_h2o,60-100cm,5.1
4305371,bd_kg_dm3,0-5cm,1.0
4305371,bd_kg_dm3,5-15cm,1.01
4305371,bd_kg_dm3,15-30cm,1.07
4305371,bd_kg_dm3,30-60cm,1.09
4305371,bd_kg_dm3,60-100cm,1.13
4305371,cec_cmol_kg,0-5cm,23.0
4305371,cec_cmol_kg,5-15cm,20.1
4305371,cec_cmol_kg,15-30cm,18.8
4305371,cec_cmol_kg,30-60cm,19.2
4305371,cec_cmol_kg,60-100cm,17.7
4305405,clay_pct,0-5cm,45.0
4305405,clay_pct,5-15cm,47.2
4305405,clay_pct,15-30cm,49.0
4305405,clay_pct,30-60cm,54.3
4305405,clay_pct,60-100cm,55.0
4305405,sand_pct,0-5cm,22.3
4305405,sand_pct,5-15cm,21.7
4305405,sand_pct,15-30cm,21.8
4305405,sand_pct,30-60cm,20.2
4305405,sand_pct,60-100cm,18.7
4305405,silt_pct,0-5cm,32.7
4305405,silt_pct,5-15cm,31.1
4305405,silt_pct,15-30cm,29.1
4305405,silt_pct,30-60cm,25.4
4305405,silt_pct,60-100cm,26.3
4305405,soc_pct,0-5cm,4.86
4305405,soc_pct,5-15cm,2.62
4305405,soc_pct,15-30cm,2.15
4305405,soc_pct,30-60cm,1.58
4305405,soc_pct,60-100cm,1.31
4305405,ph_h2o,0-5cm,5.1
4305405,ph_h2o,5-15cm,5.1
4305405,ph_h2o,15-30cm,5.1
4305405,ph_h2o,30-60cm,5.1
4305405,ph_h2o,60-100cm,5.2
4305405,bd_kg_dm3,0-5cm,1.07
4305405,bd_kg_dm3,5-15cm,1.11
4305405,bd_kg_dm3,15-30cm,1.18
4305405,bd_kg_dm3,30-60cm,1.22
4305405,bd_kg_dm3,60-100cm,1.23
4305405,cec_cmol_kg,0-5cm,25.9
4305405,cec_cmol_kg,5-15cm,21.3
4305405,cec_cmol_kg,15-30cm,20.2
4305405,cec_cmol_kg,30-60cm,20.2
4305405,cec_cmol_kg,60-100cm,17.7
4304309,clay_pct,0-5cm,46.8
4304309,clay_pct,5-15cm,45.6
4304309,clay_pct,15-30cm,48.5
4304309,clay_pct,30-60cm,53.0
4304309,clay_pct,60-100cm,53.8
4304309,sand_pct,0-5cm,23.0
4304309,sand_pct,5-15cm,23.6
4304309,sand_pct,15-30cm,22.6
4304309,sand_pct,30-60cm,20.7
4304309,sand_pct,60-100cm,20.6
4304309,soc_pct,0-5cm,4.75
4304309,soc_pct,5-15cm,2.13
4304309,soc_pct,15-30cm,1.4
4304309,soc_pct,30-60cm,0.91
4304309,soc_pct,60-100cm,0.69
4304309,ph_h2o,0-5cm,5.1
4304309,ph_h2o,5-15cm,5.1
4304309,ph_h2o,15-30cm,5.1
4304309,ph_h2o,30-60cm,5.1
4304309,ph_h2o,60-100cm,5.1
4305447,clay_pct,0-5cm,26.1
4305447,clay_pct,5-15cm,24.7
4305447,clay_pct,15-30cm,29.1
4305447,clay_pct,30-60cm,46.2
4305447,clay_pct,60-100cm,46.2
4305447,sand_pct,0-5cm,46.4
4305447,sand_pct,5-15cm,47.6
4305447,sand_pct,15-30cm,44.2
4305447,sand_pct,30-60cm,30.0
4305447,sand_pct,60-100cm,29.2
4305447,silt_pct,0-5cm,27.5
4305447,silt_pct,5-15cm,27.8
4305447,silt_pct,15-30cm,26.7
4305447,silt_pct,30-60cm,23.9
4305447,silt_pct,60-100cm,24.6
4305447,soc_pct,0-5cm,6.01
4305447,soc_pct,5-15cm,2.35
4305447,soc_pct,15-30cm,1.98
4305447,soc_pct,30-60cm,1.35
4305447,soc_pct,60-100cm,1.0
4305447,ph_h2o,0-5cm,5.2
4305447,ph_h2o,5-15cm,5.2
4305447,ph_h2o,15-30cm,5.2
4305447,ph_h2o,30-60cm,5.2
4305447,ph_h2o,60-100cm,5.2
4305447,bd_kg_dm3,0-5cm,1.04
4305447,bd_kg_dm3,5-15cm,1.12
4305447,bd_kg_dm3,15-30cm,1.16
4305447,bd_kg_dm3,30-60cm,1.27
4305447,bd_kg_dm3,60-100cm,1.34
4305447,cec_cmol_kg,0-5cm,18.9
4305447,cec_cmol_kg,5-15cm,18.2
4305447,cec_cmol_kg,15-30cm,17.7
4305447,cec_cmol_kg,30-60cm,18.8
4305447,cec_cmol_kg,60-100cm,18.2
4305454,clay_pct,0-5cm,24.4
4305454,clay_pct,5-15cm,24.5
4305454,clay_pct,15-30cm,24.6
4305454,clay_pct,30-60cm,29.3
4305454,clay_pct,60-100cm,27.9
4305454,sand_pct,0-5cm,58.2
4305454,sand_pct,5-15cm,59.2
4305454,sand_pct,15-30cm,59.5
4305454,sand_pct,30-60cm,55.0
4305454,sand_pct,60-100cm,57.0
4305454,silt_pct,0-5cm,17.4
4305454,silt_pct,5-15cm,16.4
4305454,silt_pct,15-30cm,15.9
4305454,silt_pct,30-60cm,15.6
4305454,silt_pct,60-100cm,15.1
4305454,soc_pct,0-5cm,6.27
4305454,soc_pct,5-15cm,4.3
4305454,soc_pct,15-30cm,2.53
4305454,soc_pct,30-60cm,1.63
4305454,soc_pct,60-100cm,0.88
4305454,ph_h2o,0-5cm,5.2
4305454,ph_h2o,5-15cm,5.2
4305454,ph_h2o,15-30cm,5.2
4305454,ph_h2o,30-60cm,5.3
4305454,ph_h2o,60-100cm,5.3
4305454,bd_kg_dm3,0-5cm,1.06
4305454,bd_kg_dm3,5-15cm,1.1
4305454,bd_kg_dm3,15-30cm,1.14
4305454,bd_kg_dm3,30-60cm,1.23
4305454,bd_kg_dm3,60-100cm,1.27
4305454,cec_cmol_kg,0-5cm,22.2
4305454,cec_cmol_kg,5-15cm,16.1
4305454,cec_cmol_kg,15-30cm,15.4
4305454,cec_cmol_kg,30-60cm,16.4
4305454,cec_cmol_kg,60-100cm,16.6
4305504,clay_pct,0-5cm,49.6
4305504,clay_pct,5-15cm,48.8
4305504,clay_pct,15-30cm,53.1
4305504,clay_pct,30-60cm,58.2
4305504,clay_pct,60-100cm,58.0
4305504,sand_pct,0-5cm,18.6
4305504,sand_pct,5-15cm,19.4
4305504,sand_pct,15-30cm,17.5
4305504,sand_pct,30-60cm,15.2
4305504,sand_pct,60-100cm,15.0
4305504,silt_pct,0-5cm,31.8
4305504,silt_pct,5-15cm,31.8
4305504,silt_pct,15-30cm,29.4
4305504,silt_pct,30-60cm,26.6
4305504,silt_pct,60-100cm,27.0
4305504,soc_pct,0-5cm,5.71
4305504,soc_pct,5-15cm,2.61
4305504,soc_pct,15-30cm,2.47
4305504,soc_pct,30-60cm,1.29
4305504,soc_pct,60-100cm,1.02
4305504,ph_h2o,0-5cm,5.1
4305504,ph_h2o,5-15cm,5.0
4305504,ph_h2o,15-30cm,5.0
4305504,ph_h2o,30-60cm,5.1
4305504,ph_h2o,60-100cm,5.2
4305504,bd_kg_dm3,0-5cm,0.95
4305504,bd_kg_dm3,5-15cm,0.99
4305504,bd_kg_dm3,15-30cm,1.06
4305504,bd_kg_dm3,30-60cm,1.12
4305504,bd_kg_dm3,60-100cm,1.17
4305504,cec_cmol_kg,0-5cm,19.2
4305504,cec_cmol_kg,5-15cm,17.2
4305504,cec_cmol_kg,15-30cm,15.9
4305504,cec_cmol_kg,30-60cm,15.0
4305504,cec_cmol_kg,60-100cm,14.7
4305587,clay_pct,0-5cm,
4305587,clay_pct,5-15cm,
4305587,clay_pct,15-30cm,
4305587,clay_pct,30-60cm,
4305587,clay_pct,60-100cm,
4305587,sand_pct,0-5cm,
4305587,sand_pct,5-15cm,
4305587,sand_pct,15-30cm,
4305587,sand_pct,30-60cm,
4305587,sand_pct,60-100cm,
4305587,silt_pct,0-5cm,
4305587,silt_pct,5-15cm,
4305587,silt_pct,15-30cm,
4305587,silt_pct,30-60cm,
4305587,silt_pct,60-100cm,
4305587,soc_pct,0-5cm,
4305587,soc_pct,5-15cm,
4305587,soc_pct,15-30cm,
4305587,soc_pct,30-60cm,
4305587,soc_pct,60-100cm,
4305587,ph_h2o,0-5cm,
4305587,ph_h2o,5-15cm,
4305587,ph_h2o,15-30cm,
4305587,ph_h2o,30-60cm,
4305587,ph_h2o,60-100cm,
4305587,bd_kg_dm3,0-5cm,
4305587,bd_kg_dm3,5-15cm,
4305587,bd_kg_dm3,15-30cm,
4305587,bd_kg_dm3,30-60cm,
4305587,bd_kg_dm3,60-100cm,
4305587,cec_cmol_kg,0-5cm,
4305587,cec_cmol_kg,5-15cm,
4305587,cec_cmol_kg,15-30cm,
4305587,cec_cmol_kg,30-60cm,
4305587,cec_cmol_kg,60-100cm,
4305603,clay_pct,0-5cm,43.0
4305603,clay_pct,5-15cm,44.2
4305603,clay_pct,15-30cm,45.4
4305603,clay_pct,30-60cm,46.8
4305603,clay_pct,60-100cm,48.6
4305603,sand_pct,0-5cm,27.5
4305603,sand_pct,5-15cm,26.8
4305603,sand_pct,15-30cm,26.3
4305603,sand_pct,30-60cm,26.6
4305603,sand_pct,60-100cm,26.3
4305603,silt_pct,0-5cm,29.4
4305603,silt_pct,5-15cm,29.1
4305603,silt_pct,15-30cm,28.3
4305603,silt_pct,30-60cm,26.6
4305603,silt_pct,60-100cm,25.1
4305603,soc_pct,0-5cm,5.46
4305603,soc_pct,5-15cm,2.44
4305603,soc_pct,15-30cm,2.2
4305603,soc_pct,30-60cm,0.93
4305603,soc_pct,60-100cm,0.59
4305603,ph_h2o,0-5cm,5.2
4305603,ph_h2o,5-15cm,5.2
4305603,ph_h2o,15-30cm,5.2
4305603,ph_h2o,30-60cm,5.2
4305603,ph_h2o,60-100cm,5.2
4305603,bd_kg_dm3,0-5cm,1.07
4305603,bd_kg_dm3,5-15cm,1.12
4305603,bd_kg_dm3,15-30cm,1.17
4305603,bd_kg_dm3,30-60cm,1.21
4305603,bd_kg_dm3,60-100cm,1.23
4305603,cec_cmol_kg,0-5cm,24.0
4305603,cec_cmol_kg,5-15cm,23.4
4305603,cec_cmol_kg,15-30cm,23.5
4305603,cec_cmol_kg,30-60cm,22.2
4305603,cec_cmol_kg,60-100cm,21.6
4305702,clay_pct,0-5cm,47.9
4305702,clay_pct,5-15cm,49.9
4305702,clay_pct,15-30cm,49.8
4305702,clay_pct,30-60cm,56.3
4305702,clay_pct,60-100cm,57.6
4305702,sand_pct,0-5cm,26.9
4305702,sand_pct,5-15cm,26.0
4305702,sand_pct,15-30cm,25.8
4305702,sand_pct,30-60cm,23.0
4305702,sand_pct,60-100cm,22.3
4305702,silt_pct,0-5cm,25.2
4305702,silt_pct,5-15cm,24.1
4305702,silt_pct,15-30cm,24.4
4305702,silt_pct,30-60cm,20.7
4305702,silt_pct,60-100cm,20.2
4305702,soc_pct,0-5cm,5.5
4305702,soc_pct,5-15cm,2.87
4305702,soc_pct,15-30cm,2.05
4305702,soc_pct,30-60cm,1.12
4305702,soc_pct,60-100cm,0.74
4305702,ph_h2o,0-5cm,5.2
4305702,ph_h2o,5-15cm,5.2
4305702,ph_h2o,15-30cm,5.2
4305702,ph_h2o,30-60cm,5.2
4305702,ph_h2o,60-100cm,5.2
4305702,bd_kg_dm3,0-5cm,1.07
4305702,bd_kg_dm3,5-15cm,1.07
4305702,bd_kg_dm3,15-30cm,1.14
4305702,bd_kg_dm3,30-60cm,1.19
4305702,bd_kg_dm3,60-100cm,1.2
4305702,cec_cmol_kg,0-5cm,24.8
4305702,cec_cmol_kg,5-15cm,21.6
4305702,cec_cmol_kg,15-30cm,21.4
4305702,cec_cmol_kg,30-60cm,20.5
4305702,cec_cmol_kg,60-100cm,18.7
4305801,clay_pct,0-5cm,46.0
4305801,clay_pct,5-15cm,46.6
4305801,clay_pct,15-30cm,46.9
4305801,clay_pct,30-60cm,54.3
4305801,clay_pct,60-100cm,55.2
4305801,sand_pct,0-5cm,21.1
4305801,sand_pct,5-15cm,20.3
4305801,sand_pct,15-30cm,21.0
4305801,sand_pct,30-60cm,17.9
4305801,sand_pct,60-100cm,17.3
4305801,silt_pct,0-5cm,32.9
4305801,silt_pct,5-15cm,33.1
4305801,silt_pct,15-30cm,32.1
4305801,silt_pct,30-60cm,27.8
4305801,silt_pct,60-100cm,27.5
4305801,soc_pct,0-5cm,6.73
4305801,soc_pct,5-15cm,3.57
4305801,soc_pct,15-30cm,2.16
4305801,soc_pct,30-60cm,1.55
4305801,soc_pct,60-100cm,1.36
4305801,ph_h2o,0-5cm,5.1
4305801,ph_h2o,5-15cm,5.1
4305801,ph_h2o,15-30cm,5.1
4305801,ph_h2o,30-60cm,5.1
4305801,ph_h2o,60-100cm,5.1
4305801,bd_kg_dm3,0-5cm,1.0
4305801,bd_kg_dm3,5-15cm,1.02
4305801,bd_kg_dm3,15-30cm,1.09
4305801,bd_kg_dm3,30-60cm,1.14
4305801,bd_kg_dm3,60-100cm,1.17
4305801,cec_cmol_kg,0-5cm,21.2
4305801,cec_cmol_kg,5-15cm,17.2
4305801,cec_cmol_kg,15-30cm,16.3
4305801,cec_cmol_kg,30-60cm,16.8
4305801,cec_cmol_kg,60-100cm,15.9
4305835,clay_pct,0-5cm,37.7
4305835,clay_pct,5-15cm,37.4
4305835,clay_pct,15-30cm,41.0
4305835,clay_pct,30-60cm,47.5
4305835,clay_pct,60-100cm,48.5
4305835,sand_pct,0-5cm,28.1
4305835,sand_pct,5-15cm,28.4
4305835,sand_pct,15-30cm,25.0
4305835,sand_pct,30-60cm,20.9
4305835,sand_pct,60-100cm,19.3
4305835,silt_pct,0-5cm,34.2
4305835,silt_pct,5-15cm,34.2
4305835,silt_pct,15-30cm,34.0
4305835,silt_pct,30-60cm,31.6
4305835,silt_pct,60-100cm,32.2
4305835,soc_pct,0-5cm,6.26
4305835,soc_pct,5-15cm,2.54
4305835,soc_pct,15-30cm,2.4
4305835,soc_pct,30-60cm,1.16
4305835,soc_pct,60-100cm,0.91
4305835,ph_h2o,0-5cm,5.2
4305835,ph_h2o,5-15cm,5.2
4305835,ph_h2o,15-30cm,5.2
4305835,ph_h2o,30-60cm,5.1
4305835,ph_h2o,60-100cm,5.1
4305835,bd_kg_dm3,0-5cm,1.0
4305835,bd_kg_dm3,5-15cm,1.02
4305835,bd_kg_dm3,15-30cm,1.08
4305835,bd_kg_dm3,30-60cm,1.16
4305835,bd_kg_dm3,60-100cm,1.21
4305835,cec_cmol_kg,0-5cm,20.0
4305835,cec_cmol_kg,5-15cm,16.3
4305835,cec_cmol_kg,15-30cm,15.7
4305835,cec_cmol_kg,30-60cm,16.4
4305835,cec_cmol_kg,60-100cm,15.4
4305850,clay_pct,0-5cm,47.8
4305850,clay_pct,5-15cm,48.0
4305850,clay_pct,15-30cm,52.6
4305850,clay_pct,30-60cm,57.1
4305850,clay_pct,60-100cm,58.0
4305850,sand_pct,0-5cm,24.1
4305850,sand_pct,5-15cm,24.5
4305850,sand_pct,15-30cm,22.5
4305850,sand_pct,30-60cm,20.4
4305850,sand_pct,60-100cm,19.7
4305850,silt_pct,0-5cm,28.1
4305850,silt_pct,5-15cm,27.5
4305850,silt_pct,15-30cm,24.9
4305850,silt_pct,30-60cm,22.5
4305850,silt_pct,60-100cm,22.3
4305850,soc_pct,0-5cm,5.67
4305850,soc_pct,5-15cm,2.97
4305850,soc_pct,15-30cm,1.92
4305850,soc_pct,30-60cm,0.96
4305850,soc_pct,60-100cm,0.73
4305850,ph_h2o,0-5cm,5.1
4305850,ph_h2o,5-15cm,5.1
4305850,ph_h2o,15-30cm,5.1
4305850,ph_h2o,30-60cm,5.1
4305850,ph_h2o,60-100cm,5.1
4305850,bd_kg_dm3,0-5cm,1.02
4305850,bd_kg_dm3,5-15cm,1.06
4305850,bd_kg_dm3,15-30cm,1.12
4305850,bd_kg_dm3,30-60cm,1.17
4305850,bd_kg_dm3,60-100cm,1.19
4305850,cec_cmol_kg,0-5cm,23.0
4305850,cec_cmol_kg,5-15cm,18.4
4305850,cec_cmol_kg,15-30cm,18.5
4305850,cec_cmol_kg,30-60cm,17.7
4305850,cec_cmol_kg,60-100cm,16.9
4305871,clay_pct,0-5cm,52.2
4305871,clay_pct,5-15cm,53.6
4305871,clay_pct,15-30cm,54.2
4305871,clay_pct,30-60cm,57.6
4305871,clay_pct,60-100cm,58.9
4305871,sand_pct,0-5cm,19.7
4305871,sand_pct,5-15cm,19.6
4305871,sand_pct,15-30cm,18.5
4305871,sand_pct,30-60cm,17.2
4305871,sand_pct,60-100cm,16.9
4305871,silt_pct,0-5cm,28.2
4305871,silt_pct,5-15cm,26.8
4305871,silt_pct,15-30cm,27.3
4305871,silt_pct,30-60cm,25.2
4305871,silt_pct,60-100cm,24.2
4305871,soc_pct,0-5cm,5.34
4305871,soc_pct,5-15cm,2.53
4305871,soc_pct,15-30cm,1.61
4305871,soc_pct,30-60cm,0.94
4305871,soc_pct,60-100cm,0.58
4305871,ph_h2o,0-5cm,5.1
4305871,ph_h2o,5-15cm,5.1
4305871,ph_h2o,15-30cm,5.1
4305871,ph_h2o,30-60cm,5.1
4305871,ph_h2o,60-100cm,5.2
4305871,bd_kg_dm3,0-5cm,1.17
4305871,bd_kg_dm3,5-15cm,1.21
4305871,bd_kg_dm3,15-30cm,1.28
4305871,bd_kg_dm3,30-60cm,1.32
4305871,bd_kg_dm3,60-100cm,1.35
4305871,cec_cmol_kg,0-5cm,25.0
4305871,cec_cmol_kg,5-15cm,21.7
4305871,cec_cmol_kg,15-30cm,21.4
4305871,cec_cmol_kg,30-60cm,21.7
4305871,cec_cmol_kg,60-100cm,20.1
4305900,clay_pct,0-5cm,52.4
4305900,clay_pct,5-15cm,52.2
4305900,clay_pct,15-30cm,55.8
4305900,clay_pct,30-60cm,58.6
4305900,clay_pct,60-100cm,60.4
4305900,sand_pct,0-5cm,22.1
4305900,sand_pct,5-15cm,21.9
4305900,sand_pct,15-30cm,20.3
4305900,sand_pct,30-60cm,19.2
4305900,sand_pct,60-100cm,18.3
4305900,silt_pct,0-5cm,25.5
4305900,silt_pct,5-15cm,25.9
4305900,silt_pct,15-30cm,23.9
4305900,silt_pct,30-60cm,22.2
4305900,silt_pct,60-100cm,21.3
4305900,soc_pct,0-5cm,8.2
4305900,soc_pct,5-15cm,2.95
4305900,soc_pct,15-30cm,2.54
4305900,soc_pct,30-60cm,1.74
4305900,soc_pct,60-100cm,1.5
4305900,ph_h2o,0-5cm,5.0
4305900,ph_h2o,5-15cm,5.0
4305900,ph_h2o,15-30cm,5.0
4305900,ph_h2o,30-60cm,5.1
4305900,ph_h2o,60-100cm,5.2
4305900,bd_kg_dm3,0-5cm,1.0
4305900,bd_kg_dm3,5-15cm,1.07
4305900,bd_kg_dm3,15-30cm,1.11
4305900,bd_kg_dm3,30-60cm,1.16
4305900,bd_kg_dm3,60-100cm,1.18
4305900,cec_cmol_kg,0-5cm,25.6
4305900,cec_cmol_kg,5-15cm,21.5
4305900,cec_cmol_kg,15-30cm,19.4
4305900,cec_cmol_kg,30-60cm,19.0
4305900,cec_cmol_kg,60-100cm,17.9
4305934,clay_pct,0-5cm,35.1
4305934,clay_pct,5-15cm,35.7
4305934,clay_pct,15-30cm,38.2
4305934,clay_pct,30-60cm,47.5
4305934,clay_pct,60-100cm,49.6
4305934,sand_pct,0-5cm,26.4
4305934,sand_pct,5-15cm,26.5
4305934,sand_pct,15-30cm,23.7
4305934,sand_pct,30-60cm,19.3
4305934,sand_pct,60-100cm,17.9
4305934,silt_pct,0-5cm,38.5
4305934,silt_pct,5-15cm,37.8
4305934,silt_pct,15-30cm,38.0
4305934,silt_pct,30-60cm,33.2
4305934,silt_pct,60-100cm,32.5
4305934,soc_pct,0-5cm,6.35
4305934,soc_pct,5-15cm,2.01
4305934,soc_pct,15-30cm,2.74
4305934,soc_pct,30-60cm,2.11
4305934,soc_pct,60-100cm,1.4
4305934,ph_h2o,0-5cm,5.3
4305934,ph_h2o,5-15cm,5.3
4305934,ph_h2o,15-30cm,5.3
4305934,ph_h2o,30-60cm,5.2
4305934,ph_h2o,60-100cm,5.2
4305934,bd_kg_dm3,0-5cm,1.02
4305934,bd_kg_dm3,5-15cm,1.05
4305934,bd_kg_dm3,15-30cm,1.11
4305934,bd_kg_dm3,30-60cm,1.18
4305934,bd_kg_dm3,60-100cm,1.22
4305934,cec_cmol_kg,0-5cm,20.3
4305934,cec_cmol_kg,5-15cm,16.9
4305934,cec_cmol_kg,15-30cm,16.9
4305934,cec_cmol_kg,30-60cm,17.1
4305934,cec_cmol_kg,60-100cm,16.4
4305959,clay_pct,0-5cm,44.8
4305959,clay_pct,5-15cm,45.5
4305959,clay_pct,15-30cm,45.7
4305959,clay_pct,30-60cm,49.8
4305959,clay_pct,60-100cm,50.3
4305959,sand_pct,0-5cm,21.5
4305959,sand_pct,5-15cm,21.9
4305959,sand_pct,15-30cm,21.4
4305959,sand_pct,30-60cm,19.3
4305959,sand_pct,60-100cm,18.5
4305959,silt_pct,0-5cm,33.8
4305959,silt_pct,5-15cm,32.6
4305959,silt_pct,15-30cm,32.8
4305959,silt_pct,30-60cm,30.9
4305959,silt_pct,60-100cm,31.1
4305959,soc_pct,0-5cm,7.11
4305959,soc_pct,5-15cm,2.46
4305959,soc_pct,15-30cm,2.55
4305959,soc_pct,30-60cm,1.77
4305959,soc_pct,60-100cm,1.16
4305959,ph_h2o,0-5cm,5.2
4305959,ph_h2o,5-15cm,5.2
4305959,ph_h2o,15-30cm,5.3
4305959,ph_h2o,30-60cm,5.2
4305959,ph_h2o,60-100cm,5.3
4305959,bd_kg_dm3,0-5cm,0.99
4305959,bd_kg_dm3,5-15cm,1.02
4305959,bd_kg_dm3,15-30cm,1.08
4305959,bd_kg_dm3,30-60cm,1.15
4305959,bd_kg_dm3,60-100cm,1.2
4305959,cec_cmol_kg,0-5cm,22.3
4305959,cec_cmol_kg,5-15cm,15.8
4305959,cec_cmol_kg,15-30cm,16.1
4305959,cec_cmol_kg,30-60cm,16.0
4305959,cec_cmol_kg,60-100cm,15.5
4305975,clay_pct,0-5cm,51.8
4305975,clay_pct,5-15cm,49.8
4305975,clay_pct,15-30cm,53.5
4305975,clay_pct,30-60cm,58.0
4305975,clay_pct,60-100cm,59.7
4305975,sand_pct,0-5cm,20.0
4305975,sand_pct,5-15cm,21.5
4305975,sand_pct,15-30cm,19.9
4305975,sand_pct,30-60cm,18.2
4305975,sand_pct,60-100cm,17.8
4305975,silt_pct,0-5cm,28.2
4305975,silt_pct,5-15cm,28.6
4305975,silt_pct,15-30cm,26.5
4305975,silt_pct,30-60cm,23.9
4305975,silt_pct,60-100cm,22.5
4305975,soc_pct,0-5cm,5.28
4305975,soc_pct,5-15cm,2.75
4305975,soc_pct,15-30cm,2.15
4305975,soc_pct,30-60cm,1.33
4305975,soc_pct,60-100cm,0.97
4305975,ph_h2o,0-5cm,5.2
4305975,ph_h2o,5-15cm,5.1
4305975,ph_h2o,15-30cm,5.1
4305975,ph_h2o,30-60cm,5.1
4305975,ph_h2o,60-100cm,5.1
4305975,bd_kg_dm3,0-5cm,1.04
4305975,bd_kg_dm3,5-15cm,1.1
4305975,bd_kg_dm3,15-30cm,1.14
4305975,bd_kg_dm3,30-60cm,1.16
4305975,bd_kg_dm3,60-100cm,1.2
4305975,cec_cmol_kg,0-5cm,28.1
4305975,cec_cmol_kg,5-15cm,27.6
4305975,cec_cmol_kg,15-30cm,27.4
4305975,cec_cmol_kg,30-60cm,26.2
4305975,cec_cmol_kg,60-100cm,24.0
4306007,clay_pct,0-5cm,45.0
4306007,clay_pct,5-15cm,42.3
4306007,clay_pct,15-30cm,43.6
4306007,clay_pct,30-60cm,49.2
4306007,clay_pct,60-100cm,49.5
4306007,sand_pct,0-5cm,20.1
4306007,sand_pct,5-15cm,21.2
4306007,sand_pct,15-30cm,21.5
4306007,sand_pct,30-60cm,19.1
4306007,sand_pct,60-100cm,18.9
4306007,silt_pct,0-5cm,35.0
4306007,silt_pct,5-15cm,36.6
4306007,silt_pct,15-30cm,35.0
4306007,silt_pct,30-60cm,31.8
4306007,silt_pct,60-100cm,31.6
4306007,soc_pct,0-5cm,5.8
4306007,soc_pct,5-15cm,2.1
4306007,soc_pct,15-30cm,1.39
4306007,soc_pct,30-60cm,0.85
4306007,soc_pct,60-100cm,0.62
4306007,ph_h2o,0-5cm,5.2
4306007,ph_h2o,5-15cm,5.2
4306007,ph_h2o,15-30cm,5.2
4306007,ph_h2o,30-60cm,5.2
4306007,ph_h2o,60-100cm,5.3
4306007,bd_kg_dm3,0-5cm,1.01
4306007,bd_kg_dm3,5-15cm,1.06
4306007,bd_kg_dm3,15-30cm,1.13
4306007,bd_kg_dm3,30-60cm,1.23
4306007,bd_kg_dm3,60-100cm,1.28
4306007,cec_cmol_kg,0-5cm,21.3
4306007,cec_cmol_kg,5-15cm,19.9
4306007,cec_cmol_kg,15-30cm,18.2
4306007,cec_cmol_kg,30-60cm,17.7
4306007,cec_cmol_kg,60-100cm,15.7
4306056,clay_pct,0-5cm,23.9
4306056,clay_pct,5-15cm,23.7
4306056,clay_pct,15-30cm,27.5
4306056,clay_pct,30-60cm,40.9
4306056,clay_pct,60-100cm,41.7
4306056,sand_pct,0-5cm,49.2
4306056,sand_pct,5-15cm,50.5
4306056,sand_pct,15-30cm,46.9
4306056,sand_pct,30-60cm,35.6
4306056,sand_pct,60-100cm,34.8
4306056,silt_pct,0-5cm,26.9
4306056,silt_pct,5-15cm,25.9
4306056,silt_pct,15-30cm,25.7
4306056,silt_pct,30-60cm,23.5
4306056,silt_pct,60-100cm,23.5
4306056,soc_pct,0-5cm,6.77
4306056,soc_pct,5-15cm,2.3
4306056,soc_pct,15-30cm,1.93
4306056,soc_pct,30-60cm,1.28
4306056,soc_pct,60-100cm,0.72
4306056,ph_h2o,0-5cm,5.0
4306056,ph_h2o,5-15cm,5.0
4306056,ph_h2o,15-30cm,5.1
4306056,ph_h2o,30-60cm,5.2
4306056,ph_h2o,60-100cm,5.3
4306056,bd_kg_dm3,0-5cm,1.09
4306056,bd_kg_dm3,5-15cm,1.16
4306056,bd_kg_dm3,15-30cm,1.22
4306056,bd_kg_dm3,30-60cm,1.32
4306056,bd_kg_dm3,60-100cm,1.35
4306056,cec_cmol_kg,0-5cm,23.5
4306056,cec_cmol_kg,5-15cm,17.5
4306056,cec_cmol_kg,15-30cm,18.6
4306056,cec_cmol_kg,30-60cm,19.9
4306056,cec_cmol_kg,60-100cm,18.8
4306072,clay_pct,0-5cm,44.5
4306072,clay_pct,5-15cm,45.5
4306072,clay_pct,15-30cm,47.3
4306072,clay_pct,30-60cm,50.2
4306072,clay_pct,60-100cm,50.8
4306072,sand_pct,0-5cm,21.7
4306072,sand_pct,5-15cm,21.1
4306072,sand_pct,15-30cm,20.6
4306072,sand_pct,30-60cm,19.9
4306072,sand_pct,60-100cm,19.3
4306072,silt_pct,0-5cm,33.8
4306072,silt_pct,5-15cm,33.4
4306072,silt_pct,15-30cm,32.1
4306072,silt_pct,30-60cm,29.9
4306072,silt_pct,60-100cm,29.9
4306072,soc_pct,0-5cm,5.12
4306072,soc_pct,5-15cm,2.4
4306072,soc_pct,15-30cm,2.06
4306072,soc_pct,30-60cm,1.37
4306072,soc_pct,60-100cm,1.18
4306072,ph_h2o,0-5cm,5.0
4306072,ph_h2o,5-15cm,5.1
4306072,ph_h2o,15-30cm,5.1
4306072,ph_h2o,30-60cm,5.1
4306072,ph_h2o,60-100cm,5.2
4306072,bd_kg_dm3,0-5cm,1.13
4306072,bd_kg_dm3,5-15cm,1.17
4306072,bd_kg_dm3,15-30cm,1.2
4306072,bd_kg_dm3,30-60cm,1.2
4306072,bd_kg_dm3,60-100cm,1.21
4306072,cec_cmol_kg,0-5cm,20.4
4306072,cec_cmol_kg,5-15cm,16.2
4306072,cec_cmol_kg,15-30cm,15.3
4306072,cec_cmol_kg,30-60cm,14.9
4306072,cec_cmol_kg,60-100cm,14.4
4306106,clay_pct,0-5cm,31.8
4306106,clay_pct,5-15cm,31.7
4306106,clay_pct,15-30cm,34.2
4306106,clay_pct,30-60cm,34.9
4306106,clay_pct,60-100cm,37.4
4306106,sand_pct,0-5cm,39.6
4306106,sand_pct,5-15cm,39.3
4306106,sand_pct,15-30cm,37.1
4306106,sand_pct,30-60cm,37.7
4306106,sand_pct,60-100cm,36.9
4306106,silt_pct,0-5cm,28.7
4306106,silt_pct,5-15cm,28.9
4306106,silt_pct,15-30cm,28.6
4306106,silt_pct,30-60cm,27.4
4306106,silt_pct,60-100cm,25.7
4306106,soc_pct,0-5cm,5.67
4306106,soc_pct,5-15cm,2.38
4306106,soc_pct,15-30cm,1.52
4306106,soc_pct,30-60cm,1.1
4306106,soc_pct,60-100cm,0.75
4306106,ph_h2o,0-5cm,5.0
4306106,ph_h2o,5-15cm,5.1
4306106,ph_h2o,15-30cm,5.0
4306106,ph_h2o,30-60cm,5.1
4306106,ph_h2o,60-100cm,5.1
4306106,bd_kg_dm3,0-5cm,1.1
4306106,bd_kg_dm3,5-15cm,1.16
4306106,bd_kg_dm3,15-30cm,1.24
4306106,bd_kg_dm3,30-60cm,1.3
4306106,bd_kg_dm3,60-100cm,1.33
4306106,cec_cmol_kg,0-5cm,21.7
4306106,cec_cmol_kg,5-15cm,21.3
4306106,cec_cmol_kg,15-30cm,20.8
4306106,cec_cmol_kg,30-60cm,20.5
4306106,cec_cmol_kg,60-100cm,20.6
4306130,clay_pct,0-5cm,50.6
4306130,clay_pct,5-15cm,52.2
4306130,clay_pct,15-30cm,52.1
4306130,clay_pct,30-60cm,58.1
4306130,clay_pct,60-100cm,57.6
4306130,sand_pct,0-5cm,20.4
4306130,sand_pct,5-15cm,19.3
4306130,sand_pct,15-30cm,19.5
4306130,sand_pct,30-60cm,17.2
4306130,sand_pct,60-100cm,17.2
4306130,silt_pct,0-5cm,29.0
4306130,silt_pct,5-15cm,28.5
4306130,silt_pct,15-30cm,28.5
4306130,silt_pct,30-60cm,24.7
4306130,silt_pct,60-100cm,25.2
4306130,soc_pct,0-5cm,5.86
4306130,soc_pct,5-15cm,2.88
4306130,soc_pct,15-30cm,2.15
4306130,soc_pct,30-60cm,1.24
4306130,soc_pct,60-100cm,0.91
4306130,ph_h2o,0-5cm,5.3
4306130,ph_h2o,5-15cm,5.3
4306130,ph_h2o,15-30cm,5.3
4306130,ph_h2o,30-60cm,5.4
4306130,ph_h2o,60-100cm,5.3
4306130,bd_kg_dm3,0-5cm,1.0
4306130,bd_kg_dm3,5-15cm,1.03
4306130,bd_kg_dm3,15-30cm,1.11
4306130,bd_kg_dm3,30-60cm,1.14
4306130,bd_kg_dm3,60-100cm,1.17
4306130,cec_cmol_kg,0-5cm,22.4
4306130,cec_cmol_kg,5-15cm,19.2
4306130,cec_cmol_kg,15-30cm,17.6
4306130,cec_cmol_kg,30-60cm,17.1
4306130,cec_cmol_kg,60-100cm,16.4
4306205,clay_pct,0-5cm,36.5
4306205,clay_pct,5-15cm,37.3
4306205,clay_pct,15-30cm,44.6
4306205,clay_pct,30-60cm,56.9
4306205,clay_pct,60-100cm,59.9
4306205,sand_pct,0-5cm,23.4
4306205,sand_pct,5-15cm,23.1
4306205,sand_pct,15-30cm,19.7
4306205,sand_pct,30-60cm,14.5
4306205,sand_pct,60-100cm,13.6
4306205,silt_pct,0-5cm,40.2
4306205,silt_pct,5-15cm,39.6
4306205,silt_pct,15-30cm,35.7
4306205,silt_pct,30-60cm,28.6
4306205,silt_pct,60-100cm,26.6
4306205,soc_pct,0-5cm,5.12
4306205,soc_pct,5-15cm,2.72
4306205,soc_pct,15-30cm,2.13
4306205,soc_pct,30-60cm,0.91
4306205,soc_pct,60-100cm,0.55
4306205,ph_h2o,0-5cm,5.4
4306205,ph_h2o,5-15cm,5.4
4306205,ph_h2o,15-30cm,5.4
4306205,ph_h2o,30-60cm,5.4
4306205,ph_h2o,60-100cm,5.4
4306205,bd_kg_dm3,0-5cm,1.13
4306205,bd_kg_dm3,5-15cm,1.16
4306205,bd_kg_dm3,15-30cm,1.2
4306205,bd_kg_dm3,30-60cm,1.27
4306205,bd_kg_dm3,60-100cm,1.31
4306205,cec_cmol_kg,0-5cm,22.3
4306205,cec_cmol_kg,5-15cm,20.8
4306205,cec_cmol_kg,15-30cm,21.3
4306205,cec_cmol_kg,30-60cm,23.5
4306205,cec_cmol_kg,60-100cm,23.1
4306304,clay_pct,0-5cm,44.7
4306304,clay_pct,5-15cm,41.9
4306304,clay_pct,15-30cm,46.5
4306304,clay_pct,30-60cm,54.6
4306304,clay_pct,60-100cm,54.9
4306304,sand_pct,0-5cm,14.9
4306304,sand_pct,5-15cm,16.0
4306304,sand_pct,15-30cm,14.5
4306304,sand_pct,30-60cm,12.0
4306304,sand_pct,60-100cm,11.6
4306304,silt_pct,0-5cm,40.4
4306304,silt_pct,5-15cm,42.1
4306304,silt_pct,15-30cm,38.9
4306304,silt_pct,30-60cm,33.4
4306304,silt_pct,60-100cm,33.5
4306304,soc_pct,0-5cm,5.17
4306304,soc_pct,5-15cm,2.49
4306304,soc_pct,15-30cm,2.2
4306304,soc_pct,30-60cm,1.01
4306304,soc_pct,60-100cm,0.84
4306304,ph_h2o,0-5cm,5.2
4306304,ph_h2o,5-15cm,5.2
4306304,ph_h2o,15-30cm,5.2
4306304,ph_h2o,30-60cm,5.1
4306304,ph_h2o,60-100cm,5.2
4306304,bd_kg_dm3,0-5cm,0.97
4306304,bd_kg_dm3,5-15cm,1.0
4306304,bd_kg_dm3,15-30cm,1.03
4306304,bd_kg_dm3,30-60cm,1.06
4306304,bd_kg_dm3,60-100cm,1.1
4306304,cec_cmol_kg,0-5cm,18.2
4306304,cec_cmol_kg,5-15cm,19.2
4306304,cec_cmol_kg,15-30cm,17.5
4306304,cec_cmol_kg,30-60cm,16.7
4306304,cec_cmol_kg,60-100cm,16.3
4306320,clay_pct,0-5cm,41.1
4306320,clay_pct,5-15cm,40.1
4306320,clay_pct,15-30cm,42.5
4306320,clay_pct,30-60cm,44.7
4306320,clay_pct,60-100cm,45.4
4306320,sand_pct,0-5cm,23.6
4306320,sand_pct,5-15cm,23.9
4306320,sand_pct,15-30cm,23.1
4306320,sand_pct,30-60cm,22.1
4306320,sand_pct,60-100cm,20.7
4306320,silt_pct,0-5cm,35.4
4306320,silt_pct,5-15cm,36.0
4306320,silt_pct,15-30cm,34.4
4306320,silt_pct,30-60cm,33.2
4306320,silt_pct,60-100cm,33.8
4306320,soc_pct,0-5cm,6.66
4306320,soc_pct,5-15cm,2.94
4306320,soc_pct,15-30cm,1.69
4306320,soc_pct,30-60cm,0.88
4306320,soc_pct,60-100cm,0.65
4306320,ph_h2o,0-5cm,5.2
4306320,ph_h2o,5-15cm,5.2
4306320,ph_h2o,15-30cm,5.3
4306320,ph_h2o,30-60cm,5.3
4306320,ph_h2o,60-100cm,5.3
4306320,bd_kg_dm3,0-5cm,1.04
4306320,bd_kg_dm3,5-15cm,1.08
4306320,bd_kg_dm3,15-30cm,1.15
4306320,bd_kg_dm3,30-60cm,1.19
4306320,bd_kg_dm3,60-100cm,1.21
4306320,cec_cmol_kg,0-5cm,20.6
4306320,cec_cmol_kg,5-15cm,18.2
4306320,cec_cmol_kg,15-30cm,17.8
4306320,cec_cmol_kg,30-60cm,17.8
4306320,cec_cmol_kg,60-100cm,18.0
4306353,clay_pct,0-5cm,42.2
4306353,clay_pct,5-15cm,41.2
4306353,clay_pct,15-30cm,42.6
4306353,clay_pct,30-60cm,46.5
4306353,clay_pct,60-100cm,46.3
4306353,sand_pct,0-5cm,21.0
4306353,sand_pct,5-15cm,22.0
4306353,sand_pct,15-30cm,22.2
4306353,sand_pct,30-60cm,20.4
4306353,sand_pct,60-100cm,20.6
4306353,silt_pct,0-5cm,36.8
4306353,silt_pct,5-15cm,36.8
4306353,silt_pct,15-30cm,35.2
4306353,silt_pct,30-60cm,33.1
4306353,silt_pct,60-100cm,33.1
4306353,ph_h2o,0-5cm,5.2
4306353,ph_h2o,5-15cm,5.2
4306353,ph_h2o,15-30cm,5.2
4306353,ph_h2o,30-60cm,5.2
4306353,ph_h2o,60-100cm,5.2
4306353,bd_kg_dm3,0-5cm,1.12
4306353,bd_kg_dm3,5-15cm,1.16
4306353,bd_kg_dm3,15-30cm,1.18
4306353,bd_kg_dm3,30-60cm,1.29
4306353,bd_kg_dm3,60-100cm,1.3
4306353,cec_cmol_kg,0-5cm,22.3
4306353,cec_cmol_kg,5-15cm,21.0
4306353,cec_cmol_kg,15-30cm,19.6
4306353,cec_cmol_kg,30-60cm,20.0
4306353,cec_cmol_kg,60-100cm,18.1
4306379,clay_pct,0-5cm,29.6
4306379,clay_pct,5-15cm,29.1
4306379,clay_pct,15-30cm,30.7
4306379,clay_pct,30-60cm,34.6
4306379,clay_pct,60-100cm,36.7
4306379,sand_pct,0-5cm,40.3
4306379,sand_pct,5-15cm,44.0
4306379,sand_pct,15-30cm,41.6
4306379,sand_pct,30-60cm,39.1
4306379,sand_pct,60-100cm,36.6
4306379,silt_pct,0-5cm,30.0
4306379,silt_pct,5-15cm,26.9
4306379,silt_pct,15-30cm,27.6
4306379,silt_pct,30-60cm,26.3
4306379,silt_pct,60-100cm,26.7
4306379,soc_pct,0-5cm,5.01
4306379,soc_pct,5-15cm,1.73
4306379,soc_pct,15-30cm,1.67
4306379,soc_pct,30-60cm,1.21
4306379,soc_pct,60-100cm,1.08
4306379,ph_h2o,0-5cm,5.3
4306379,ph_h2o,5-15cm,5.2
4306379,ph_h2o,15-30cm,5.3
4306379,ph_h2o,30-60cm,5.3
4306379,ph_h2o,60-100cm,5.3
4306379,bd_kg_dm3,0-5cm,1.23
4306379,bd_kg_dm3,5-15cm,1.32
4306379,bd_kg_dm3,15-30cm,1.38
4306379,bd_kg_dm3,30-60cm,1.43
4306379,bd_kg_dm3,60-100cm,1.44
4306379,cec_cmol_kg,0-5cm,20.1
4306379,cec_cmol_kg,5-15cm,15.9
4306379,cec_cmol_kg,15-30cm,16.1
4306379,cec_cmol_kg,30-60cm,17.2
4306379,cec_cmol_kg,60-100cm,17.4
4306403,clay_pct,0-5cm,31.7
4306403,clay_pct,5-15cm,32.6
4306403,clay_pct,15-30cm,36.0
4306403,clay_pct,30-60cm,46.1
4306403,clay_pct,60-100cm,47.8
4306403,sand_pct,0-5cm,34.7
4306403,sand_pct,5-15cm,34.5
4306403,sand_pct,15-30cm,32.4
4306403,sand_pct,30-60cm,24.7
4306403,sand_pct,60-100cm,24.1
4306403,silt_pct,0-5cm,33.6
4306403,silt_pct,5-15cm,32.9
4306403,silt_pct,15-30cm,31.6
4306403,silt_pct,30-60cm,29.2
4306403,silt_pct,60-100cm,28.1
4306403,soc_pct,0-5cm,7.28
4306403,soc_pct,5-15cm,2.26
4306403,soc_pct,15-30cm,1.66
4306403,soc_pct,30-60cm,1.23
4306403,soc_pct,60-100cm,0.74
4306403,ph_h2o,0-5cm,5.3
4306403,ph_h2o,5-15cm,5.3
4306403,ph_h2o,15-30cm,5.3
4306403,ph_h2o,30-60cm,5.3
4306403,ph_h2o,60-100cm,5.2
4306403,bd_kg_dm3,0-5cm,1.03
4306403,bd_kg_dm3,5-15cm,1.06
4306403,bd_kg_dm3,15-30cm,1.13
4306403,bd_kg_dm3,30-60cm,1.2
4306403,bd_kg_dm3,60-100cm,1.27
4306403,cec_cmol_kg,0-5cm,20.4
4306403,cec_cmol_kg,5-15cm,18.0
4306403,cec_cmol_kg,15-30cm,17.2
4306403,cec_cmol_kg,30-60cm,17.5
4306403,cec_cmol_kg,60-100cm,16.8
4306429,clay_pct,0-5cm,45.4
4306429,clay_pct,5-15cm,45.7
4306429,clay_pct,15-30cm,48.5
4306429,clay_pct,30-60cm,54.1
4306429,clay_pct,60-100cm,54.4
4306429,sand_pct,0-5cm,22.1
4306429,sand_pct,5-15cm,22.1
4306429,sand_pct,15-30cm,20.3
4306429,sand_pct,30-60cm,18.3
4306429,sand_pct,60-100cm,18.2
4306429,silt_pct,0-5cm,32.5
4306429,silt_pct,5-15cm,32.2
4306429,silt_pct,15-30cm,31.2
4306429,silt_pct,30-60cm,27.6
4306429,silt_pct,60-100cm,27.4
4306429,soc_pct,0-5cm,5.92
4306429,soc_pct,5-15cm,2.87
4306429,soc_pct,15-30cm,1.65
4306429,soc_pct,30-60cm,1.02
4306429,soc_pct,60-100cm,0.85
4306429,ph_h2o,0-5cm,5.1
4306429,ph_h2o,5-15cm,5.1
4306429,ph_h2o,15-30cm,5.1
4306429,ph_h2o,30-60cm,5.1
4306429,ph_h2o,60-100cm,5.2
4306429,bd_kg_dm3,0-5cm,1.06
4306429,bd_kg_dm3,5-15cm,1.11
4306429,bd_kg_dm3,15-30cm,1.15
4306429,bd_kg_dm3,30-60cm,1.17
4306429,bd_kg_dm3,60-100cm,1.19
4306452,clay_pct,0-5cm,42.7
4306452,clay_pct,5-15cm,43.6
4306452,clay_pct,15-30cm,43.5
4306452,clay_pct,30-60cm,45.6
4306452,clay_pct,60-100cm,47.4
4306452,sand_pct,0-5cm,21.8
4306452,sand_pct,5-15cm,21.1
4306452,sand_pct,15-30cm,21.3
4306452,sand_pct,30-60cm,19.5
4306452,sand_pct,60-100cm,18.6
4306452,silt_pct,0-5cm,35.5
4306452,silt_pct,5-15cm,35.3
4306452,silt_pct,15-30cm,35.2
4306452,silt_pct,30-60cm,34.9
4306452,silt_pct,60-100cm,34.0
4306452,soc_pct,0-5cm,7.14
4306452,soc_pct,5-15cm,2.33
4306452,soc_pct,15-30cm,2.37
4306452,soc_pct,30-60cm,1.65
4306452,soc_pct,60-100cm,0.87
4306452,ph_h2o,0-5cm,5.2
4306452,ph_h2o,5-15cm,5.2
4306452,ph_h2o,15-30cm,5.2
4306452,ph_h2o,30-60cm,5.2
4306452,ph_h2o,60-100cm,5.2
4306452,bd_kg_dm3,0-5cm,1.02
4306452,bd_kg_dm3,5-15cm,1.04
4306452,bd_kg_dm3,15-30cm,1.1
4306452,bd_kg_dm3,30-60cm,1.17
4306452,bd_kg_dm3,60-100cm,1.21
4306502,clay_pct,0-5cm,26.9
4306502,clay_pct,5-15cm,26.0
4306502,clay_pct,15-30cm,28.9
4306502,clay_pct,30-60cm,45.3
4306502,clay_pct,60-100cm,45.2
4306502,silt_pct,0-5cm,22.7
4306502,silt_pct,5-15cm,21.6
4306502,silt_pct,15-30cm,23.1
4306502,silt_pct,30-60cm,23.3
4306502,silt_pct,60-100cm,24.5
4306502,soc_pct,0-5cm,6.76
4306502,soc_pct,5-15cm,2.34
4306502,soc_pct,15-30cm,1.87
4306502,soc_pct,30-60cm,1.23
4306502,soc_pct,60-100cm,0.61
4306502,ph_h2o,0-5cm,5.4
4306502,ph_h2o,5-15cm,5.4
4306502,ph_h2o,15-30cm,5.4
4306502,ph_h2o,30-60cm,5.4
4306502,ph_h2o,60-100cm,5.4
4306502,bd_kg_dm3,0-5cm,1.07
4306502,bd_kg_dm3,5-15cm,1.13
4306502,bd_kg_dm3,15-30cm,1.16
4306502,bd_kg_dm3,30-60cm,1.26
4306502,bd_kg_dm3,60-100cm,1.32
4306502,cec_cmol_kg,0-5cm,16.3
4306502,cec_cmol_kg,5-15cm,14.5
4306502,cec_cmol_kg,15-30cm,14.2
4306502,cec_cmol_kg,30-60cm,15.4
4306502,cec_cmol_kg,60-100cm,15.1
4306551,clay_pct,0-5cm,34.1
4306551,clay_pct,5-15cm,33.5
4306551,clay_pct,15-30cm,39.1
4306551,clay_pct,30-60cm,47.6
4306551,clay_pct,60-100cm,49.5
4306551,sand_pct,0-5cm,38.8
4306551,sand_pct,5-15cm,39.6
4306551,sand_pct,15-30cm,36.0
4306551,sand_pct,30-60cm,30.6
4306551,sand_pct,60-100cm,30.2
4306551,silt_pct,0-5cm,27.1
4306551,silt_pct,5-15cm,26.9
4306551,silt_pct,15-30cm,24.9
4306551,silt_pct,30-60cm,21.8
4306551,silt_pct,60-100cm,20.3
4306551,soc_pct,0-5cm,6.26
4306551,soc_pct,5-15cm,2.45
4306551,soc_pct,15-30cm,2.07
4306551,soc_pct,30-60cm,1.68
4306551,soc_pct,60-100cm,0.99
4306551,ph_h2o,0-5cm,5.3
4306551,ph_h2o,5-15cm,5.2
4306551,ph_h2o,15-30cm,5.2
4306551,ph_h2o,30-60cm,5.2
4306551,ph_h2o,60-100cm,5.1
4306551,bd_kg_dm3,0-5cm,1.09
4306551,bd_kg_dm3,5-15cm,1.11
4306551,bd_kg_dm3,15-30cm,1.17
4306551,bd_kg_dm3,30-60cm,1.24
4306551,bd_kg_dm3,60-100cm,1.26
4306551,cec_cmol_kg,0-5cm,22.4
4306551,cec_cmol_kg,5-15cm,17.2
4306551,cec_cmol_kg,15-30cm,18.7
4306551,cec_cmol_kg,30-60cm,19.0
4306551,cec_cmol_kg,60-100cm,18.0
4306601,clay_pct,0-5cm,26.7
4306601,clay_pct,5-15cm,27.4
4306601,clay_pct,15-30cm,29.7
4306601,clay_pct,30-60cm,38.9
4306601,clay_pct,60-100cm,37.8
4306601,sand_pct,0-5cm,35.5
4306601,sand_pct,5-15cm,36.3
4306601,sand_pct,15-30cm,36.1
4306601,sand_pct,30-60cm,31.1
4306601,sand_pct,60-100cm,31.0
4306601,silt_pct,0-5cm,37.8
4306601,silt_pct,5-15cm,36.3
4306601,silt_pct,15-30cm,34.2
4306601,silt_pct,30-60cm,30.1
4306601,silt_pct,60-100cm,31.1
4306601,soc_pct,0-5cm,4.9
4306601,soc_pct,5-15cm,2.26
4306601,soc_pct,15-30cm,1.43
4306601,soc_pct,30-60cm,0.99
4306601,soc_pct,60-100cm,0.56
4306601,ph_h2o,0-5cm,5.6
4306601,ph_h2o,5-15cm,5.6
4306601,ph_h2o,15-30cm,5.7
4306601,ph_h2o,30-60cm,5.9
4306601,ph_h2o,60-100cm,6.2
4306601,bd_kg_dm3,0-5cm,1.35
4306601,bd_kg_dm3,5-15cm,1.43
4306601,bd_kg_dm3,15-30cm,1.52
4306601,bd_kg_dm3,30-60cm,1.57
4306601,bd_kg_dm3,60-100cm,1.59
4306601,cec_cmol_kg,0-5cm,24.1
4306601,cec_cmol_kg,5-15cm,24.1
4306601,cec_cmol_kg,15-30cm,25.7
4306601,cec_cmol_kg,30-60cm,26.9
4306601,cec_cmol_kg,60-100cm,27.0
4306700,clay_pct,0-5cm,26.2
4306700,clay_pct,5-15cm,28.1
4306700,clay_pct,15-30cm,31.4
4306700,clay_pct,30-60cm,41.6
4306700,clay_pct,60-100cm,41.8
4306700,sand_pct,0-5cm,37.1
4306700,sand_pct,5-15cm,40.1
4306700,sand_pct,15-30cm,37.6
4306700,sand_pct,30-60cm,30.0
4306700,sand_pct,60-100cm,30.2
4306700,silt_pct,0-5cm,36.7
4306700,silt_pct,5-15cm,31.8
4306700,silt_pct,15-30cm,31.0
4306700,silt_pct,30-60cm,28.5
4306700,silt_pct,60-100cm,28.0
4306700,soc_pct,0-5cm,6.54
4306700,soc_pct,5-15cm,1.98
4306700,soc_pct,15-30cm,2.17
4306700,soc_pct,30-60cm,1.15
4306700,soc_pct,60-100cm,0.88
4306700,ph_h2o,0-5cm,5.3
4306700,ph_h2o,5-15cm,5.3
4306700,ph_h2o,15-30cm,5.3
4306700,ph_h2o,30-60cm,5.3
4306700,ph_h2o,60-100cm,5.2
4306700,bd_kg_dm3,0-5cm,1.09
4306700,bd_kg_dm3,5-15cm,1.1
4306700,bd_kg_dm3,15-30cm,1.15
4306700,bd_kg_dm3,30-60cm,1.2
4306700,bd_kg_dm3,60-100cm,1.26
4306700,cec_cmol_kg,0-5cm,20.8
4306700,cec_cmol_kg,5-15cm,16.4
4306700,cec_cmol_kg,15-30cm,17.0
4306700,cec_cmol_kg,30-60cm,18.2
4306700,cec_cmol_kg,60-100cm,17.7
4306734,clay_pct,0-5cm,37.1
4306734,clay_pct,5-15cm,35.0
4306734,clay_pct,15-30cm,36.9
4306734,clay_pct,30-60cm,40.8
4306734,clay_pct,60-100cm,41.8
4306734,sand_pct,0-5cm,26.3
4306734,sand_pct,5-15cm,27.4
4306734,sand_pct,15-30cm,25.7
4306734,sand_pct,30-60cm,24.7
4306734,sand_pct,60-100cm,24.4
4306734,silt_pct,0-5cm,36.7
4306734,silt_pct,5-15cm,37.6
4306734,silt_pct,15-30cm,37.3
4306734,silt_pct,30-60cm,34.5
4306734,silt_pct,60-100cm,33.8
4306734,soc_pct,0-5cm,5.5
4306734,soc_pct,5-15cm,2.38
4306734,soc_pct,15-30cm,1.62
4306734,soc_pct,30-60cm,0.89
4306734,soc_pct,60-100cm,0.65
4306734,ph_h2o,0-5cm,5.2
4306734,ph_h2o,5-15cm,5.2
4306734,ph_h2o,15-30cm,5.2
4306734,ph_h2o,30-60cm,5.3
4306734,ph_h2o,60-100cm,5.3
4306734,bd_kg_dm3,0-5cm,1.13
4306734,bd_kg_dm3,5-15cm,1.17
4306734,bd_kg_dm3,15-30cm,1.22
4306734,bd_kg_dm3,30-60cm,1.32
4306734,bd_kg_dm3,60-100cm,1.34
4306734,cec_cmol_kg,0-5cm,26.7
4306734,cec_cmol_kg,5-15cm,25.1
4306734,cec_cmol_kg,15-30cm,24.8
4306734,cec_cmol_kg,30-60cm,24.6
4306734,cec_cmol_kg,60-100cm,23.0
4306759,clay_pct,0-5cm,39.6
4306759,clay_pct,5-15cm,39.7
4306759,clay_pct,15-30cm,41.3
4306759,clay_pct,30-60cm,47.0
4306759,clay_pct,60-100cm,49.1
4306759,sand_pct,0-5cm,23.9
4306759,sand_pct,5-15cm,23.9
4306759,sand_pct,15-30cm,22.3
4306759,sand_pct,30-60cm,19.2
4306759,sand_pct,60-100cm,17.7
4306759,silt_pct,0-5cm,36.6
4306759,silt_pct,5-15cm,36.4
4306759,silt_pct,15-30cm,36.4
4306759,silt_pct,30-60cm,33.9
4306759,silt_pct,60-100cm,33.2
4306759,soc_pct,0-5cm,7.4
4306759,soc_pct,5-15cm,2.4
4306759,soc_pct,15-30cm,2.09
4306759,soc_pct,30-60cm,1.11
4306759,soc_pct,60-100cm,0.75
4306759,ph_h2o,0-5cm,5.2
4306759,ph_h2o,5-15cm,5.2
4306759,ph_h2o,15-30cm,5.2
4306759,ph_h2o,30-60cm,5.1
4306759,ph_h2o,60-100cm,5.1
4306759,bd_kg_dm3,0-5cm,1.0
4306759,bd_kg_dm3,5-15cm,1.01
4306759,bd_kg_dm3,15-30cm,1.08
4306759,bd_kg_dm3,30-60cm,1.15
4306759,bd_kg_dm3,60-100cm,1.2
4306759,cec_cmol_kg,0-5cm,21.6
4306759,cec_cmol_kg,5-15cm,17.0
4306759,cec_cmol_kg,15-30cm,17.5
4306759,cec_cmol_kg,30-60cm,17.7
4306759,cec_cmol_kg,60-100cm,16.7
4306767,clay_pct,0-5cm,28.2
4306767,clay_pct,5-15cm,28.1
4306767,clay_pct,15-30cm,34.3
4306767,clay_pct,30-60cm,48.8
4306767,clay_pct,60-100cm,51.9
4306767,sand_pct,0-5cm,43.6
4306767,sand_pct,5-15cm,44.4
4306767,sand_pct,15-30cm,39.5
4306767,sand_pct,30-60cm,30.2
4306767,sand_pct,60-100cm,28.2
4306767,silt_pct,0-5cm,28.2
4306767,silt_pct,5-15cm,27.5
4306767,silt_pct,15-30cm,26.2
4306767,silt_pct,30-60cm,21.0
4306767,silt_pct,60-100cm,19.9
4306767,soc_pct,0-5cm,5.47
4306767,soc_pct,5-15cm,2.15
4306767,soc_pct,15-30cm,1.83
4306767,soc_pct,30-60cm,1.3
4306767,soc_pct,60-100cm,0.64
4306767,ph_h2o,0-5cm,5.1
4306767,ph_h2o,5-15cm,5.1
4306767,ph_h2o,15-30cm,5.1
4306767,ph_h2o,30-60cm,5.2
4306767,ph_h2o,60-100cm,5.2
4306767,bd_kg_dm3,0-5cm,1.21
4306767,bd_kg_dm3,5-15cm,1.25
4306767,bd_kg_dm3,15-30cm,1.32
4306767,bd_kg_dm3,30-60cm,1.39
4306767,bd_kg_dm3,60-100cm,1.41
4306767,cec_cmol_kg,0-5cm,21.7
4306767,cec_cmol_kg,5-15cm,16.3
4306767,cec_cmol_kg,15-30cm,17.1
4306767,cec_cmol_kg,30-60cm,18.9
4306767,cec_cmol_kg,60-100cm,18.6
4306809,clay_pct,0-5cm,33.6
4306809,clay_pct,5-15cm,34.2
4306809,clay_pct,15-30cm,39.8
4306809,clay_pct,30-60cm,45.3
4306809,clay_pct,60-100cm,46.9
4306809,sand_pct,0-5cm,27.1
4306809,sand_pct,5-15cm,27.0
4306809,sand_pct,15-30cm,23.6
4306809,sand_pct,30-60cm,20.2
4306809,sand_pct,60-100cm,19.3
4306809,silt_pct,0-5cm,39.3
4306809,silt_pct,5-15cm,38.8
4306809,silt_pct,15-30cm,36.7
4306809,silt_pct,30-60cm,34.5
4306809,silt_pct,60-100cm,33.7
4306809,soc_pct,0-5cm,6.17
4306809,soc_pct,5-15cm,2.44
4306809,soc_pct,15-30cm,2.05
4306809,soc_pct,30-60cm,1.28
4306809,soc_pct,60-100cm,0.87
4306809,ph_h2o,0-5cm,5.3
4306809,ph_h2o,5-15cm,5.4
4306809,ph_h2o,15-30cm,5.3
4306809,ph_h2o,30-60cm,5.3
4306809,ph_h2o,60-100cm,5.3
4306809,bd_kg_dm3,0-5cm,1.08
4306809,bd_kg_dm3,5-15cm,1.11
4306809,bd_kg_dm3,15-30cm,1.16
4306809,bd_kg_dm3,30-60cm,1.21
4306809,bd_kg_dm3,60-100cm,1.23
4306809,cec_cmol_kg,0-5cm,20.9
4306809,cec_cmol_kg,5-15cm,17.7
4306809,cec_cmol_kg,15-30cm,18.3
4306809,cec_cmol_kg,30-60cm,19.8
4306809,cec_cmol_kg,60-100cm,18.9
4306908,clay_pct,0-5cm,27.5
4306908,clay_pct,5-15cm,28.4
4306908,clay_pct,15-30cm,32.4
4306908,clay_pct,30-60cm,49.7
4306908,clay_pct,60-100cm,48.4
4306908,sand_pct,0-5cm,43.3
4306908,sand_pct,5-15cm,43.8
4306908,sand_pct,15-30cm,40.6
4306908,sand_pct,30-60cm,27.7
4306908,sand_pct,60-100cm,27.7
4306908,silt_pct,0-5cm,29.1
4306908,silt_pct,5-15cm,27.8
4306908,silt_pct,15-30cm,26.9
4306908,silt_pct,30-60cm,22.7
4306908,silt_pct,60-100cm,23.9
4306908,soc_pct,0-5cm,5.99
4306908,soc_pct,5-15cm,2.47
4306908,soc_pct,15-30cm,1.47
4306908,soc_pct,30-60cm,1.09
4306908,soc_pct,60-100cm,0.55
4306908,ph_h2o,0-5cm,5.2
4306908,ph_h2o,5-15cm,5.2
4306908,ph_h2o,15-30cm,5.2
4306908,ph_h2o,30-60cm,5.2
4306908,ph_h2o,60-100cm,5.3
4306908,bd_kg_dm3,0-5cm,1.18
4306908,bd_kg_dm3,5-15cm,1.26
4306908,bd_kg_dm3,15-30cm,1.31
4306908,bd_kg_dm3,30-60cm,1.37
4306908,bd_kg_dm3,60-100cm,1.4
4306908,cec_cmol_kg,0-5cm,18.0
4306908,cec_cmol_kg,5-15cm,15.8
4306908,cec_cmol_kg,15-30cm,14.9
4306908,cec_cmol_kg,30-60cm,15.1
4306908,cec_cmol_kg,60-100cm,15.6
4306924,clay_pct,0-5cm,46.0
4306924,clay_pct,5-15cm,47.3
4306924,clay_pct,15-30cm,48.5
4306924,clay_pct,30-60cm,54.2
4306924,clay_pct,60-100cm,55.4
4306924,sand_pct,0-5cm,24.1
4306924,sand_pct,5-15cm,23.4
4306924,sand_pct,15-30cm,22.8
4306924,sand_pct,30-60cm,20.1
4306924,sand_pct,60-100cm,19.9
4306924,silt_pct,0-5cm,30.0
4306924,silt_pct,5-15cm,29.3
4306924,silt_pct,15-30cm,28.7
4306924,silt_pct,30-60cm,25.7
4306924,silt_pct,60-100cm,24.7
4306924,soc_pct,0-5cm,5.82
4306924,soc_pct,5-15cm,3.07
4306924,soc_pct,15-30cm,2.44
4306924,soc_pct,30-60cm,1.87
4306924,soc_pct,60-100cm,1.65
4306924,ph_h2o,0-5cm,5.1
4306924,ph_h2o,5-15cm,5.1
4306924,ph_h2o,15-30cm,5.1
4306924,ph_h2o,30-60cm,5.1
4306924,ph_h2o,60-100cm,5.1
4306924,bd_kg_dm3,0-5cm,1.06
4306924,bd_kg_dm3,5-15cm,1.11
4306924,bd_kg_dm3,15-30cm,1.14
4306924,bd_kg_dm3,30-60cm,1.19
4306924,bd_kg_dm3,60-100cm,1.21
4306924,cec_cmol_kg,0-5cm,22.9
4306924,cec_cmol_kg,5-15cm,16.8
4306924,cec_cmol_kg,15-30cm,15.8
4306924,cec_cmol_kg,30-60cm,16.4
4306924,cec_cmol_kg,60-100cm,14.8
4306932,clay_pct,0-5cm,45.2
4306932,clay_pct,5-15cm,44.7
4306932,clay_pct,15-30cm,45.1
4306932,clay_pct,30-60cm,49.8
4306932,clay_pct,60-100cm,49.2
4306932,sand_pct,0-5cm,24.7
4306932,sand_pct,5-15cm,24.4
4306932,sand_pct,15-30cm,24.0
4306932,sand_pct,30-60cm,21.5
4306932,sand_pct,60-100cm,22.2
4306932,silt_pct,0-5cm,30.1
4306932,silt_pct,5-15cm,30.9
4306932,silt_pct,15-30cm,30.9
4306932,silt_pct,30-60cm,28.7
4306932,silt_pct,60-100cm,28.6
4306932,soc_pct,0-5cm,4.88
4306932,soc_pct,5-15cm,2.62
4306932,soc_pct,15-30cm,1.74
4306932,soc_pct,30-60cm,0.99
4306932,soc_pct,60-100cm,0.59
4306932,ph_h2o,0-5cm,5.1
4306932,ph_h2o,5-15cm,5.1
4306932,ph_h2o,15-30cm,5.2
4306932,ph_h2o,30-60cm,5.2
4306932,ph_h2o,60-100cm,5.2
4306932,bd_kg_dm3,0-5cm,1.18
4306932,bd_kg_dm3,5-15cm,1.24
4306932,bd_kg_dm3,15-30cm,1.3
4306932,bd_kg_dm3,30-60cm,1.37
4306932,bd_kg_dm3,60-100cm,1.38
4306932,cec_cmol_kg,0-5cm,21.6
4306932,cec_cmol_kg,5-15cm,17.2
4306932,cec_cmol_kg,15-30cm,17.8
4306932,cec_cmol_kg,30-60cm,17.2
4306932,cec_cmol_kg,60-100cm,16.3
4306957,clay_pct,0-5cm,47.8
4306957,clay_pct,5-15cm,47.2
4306957,clay_pct,15-30cm,46.4
4306957,clay_pct,30-60cm,51.1
4306957,clay_pct,60-100cm,50.3
4306957,sand_pct,0-5cm,22.2
4306957,sand_pct,5-15cm,22.3
4306957,sand_pct,15-30cm,22.4
4306957,sand_pct,30-60cm,20.6
4306957,sand_pct,60-100cm,21.3
4306957,silt_pct,0-5cm,30.0
4306957,silt_pct,5-15cm,30.5
4306957,silt_pct,15-30cm,31.2
4306957,silt_pct,30-60cm,28.3
4306957,silt_pct,60-100cm,28.3
4306957,soc_pct,0-5cm,5.61
4306957,soc_pct,5-15cm,2.79
4306957,soc_pct,15-30cm,2.81
4306957,soc_pct,30-60cm,2.08
4306957,soc_pct,60-100cm,2.02
4306957,ph_h2o,0-5cm,5.0
4306957,ph_h2o,5-15cm,5.0
4306957,ph_h2o,15-30cm,5.0
4306957,ph_h2o,30-60cm,5.1
4306957,ph_h2o,60-100cm,5.0
4306957,cec_cmol_kg,0-5cm,21.1
4306957,cec_cmol_kg,5-15cm,14.8
4306957,cec_cmol_kg,15-30cm,13.9
4306957,cec_cmol_kg,30-60cm,13.8
4306957,cec_cmol_kg,60-100cm,13.4
4306973,clay_pct,0-5cm,52.8
4306973,clay_pct,5-15cm,51.5
4306973,clay_pct,15-30cm,55.7
4306973,clay_pct,30-60cm,62.3
4306973,clay_pct,60-100cm,62.8
4306973,sand_pct,0-5cm,20.9
4306973,sand_pct,5-15cm,21.6
4306973,sand_pct,15-30cm,19.4
4306973,sand_pct,30-60cm,16.8
4306973,sand_pct,60-100cm,16.4
4306973,silt_pct,0-5cm,26.3
4306973,silt_pct,5-15cm,26.8
4306973,silt_pct,15-30cm,24.9
4306973,silt_pct,30-60cm,20.9
4306973,silt_pct,60-100cm,20.7
4306973,soc_pct,0-5cm,4.66
4306973,soc_pct,5-15cm,2.53
4306973,soc_pct,15-30cm,1.81
4306973,soc_pct,30-60cm,1.01
4306973,soc_pct,60-100cm,0.78
4306973,ph_h2o,0-5cm,5.2
4306973,ph_h2o,5-15cm,5.1
4306973,ph_h2o,15-30cm,5.1
4306973,ph_h2o,30-60cm,5.1
4306973,ph_h2o,60-100cm,5.1
4306973,bd_kg_dm3,0-5cm,1.04
4306973,bd_kg_dm3,5-15cm,1.09
4306973,bd_kg_dm3,15-30cm,1.13
4306973,bd_kg_dm3,30-60cm,1.19
4306973,bd_kg_dm3,60-100cm,1.2
4306973,cec_cmol_kg,0-5cm,24.2
4306973,cec_cmol_kg,5-15cm,20.5
4306973,cec_cmol_kg,15-30cm,19.4
4306973,cec_cmol_kg,30-60cm,19.2
4306973,cec_cmol_kg,60-100cm,17.3
4307005,clay_pct,0-5cm,
4307005,clay_pct,5-15cm,
4307005,clay_pct,15-30cm,
4307005,clay_pct,30-60cm,
4307005,clay_pct,60-100cm,
4307005,sand_pct,0-5cm,
4307005,sand_pct,5-15cm,
4307005,sand_pct,15-30cm,
4307005,sand_pct,30-60cm,
4307005,sand_pct,60-100cm,
4307005,silt_pct,0-5cm,
4307005,silt_pct,5-15cm,
4307005,silt_pct,15-30cm,
4307005,silt_pct,30-60cm,
4307005,silt_pct,60-100cm,
4307005,soc_pct,0-5cm,
4307005,soc_pct,5-15cm,
4307005,soc_pct,15-30cm,
4307005,soc_pct,30-60cm,
4307005,soc_pct,60-100cm,
4307005,ph_h2o,0-5cm,
4307005,ph_h2o,5-15cm,
4307005,ph_h2o,15-30cm,
4307005,ph_h2o,30-60cm,
4307005,ph_h2o,60-100cm,
4307005,bd_kg_dm3,0-5cm,
4307005,bd_kg_dm3,5-15cm,
4307005,bd_kg_dm3,15-30cm,
4307005,bd_kg_dm3,30-60cm,
4307005,bd_kg_dm3,60-100cm,
4307005,cec_cmol_kg,0-5cm,
4307005,cec_cmol_kg,5-15cm,
4307005,cec_cmol_kg,15-30cm,
4307005,cec_cmol_kg,30-60cm,
4307005,cec_cmol_kg,60-100cm,
4307054,clay_pct,0-5cm,46.6
4307054,clay_pct,5-15cm,47.9
4307054,clay_pct,15-30cm,51.3
4307054,clay_pct,30-60cm,56.2
4307054,clay_pct,60-100cm,57.5
4307054,sand_pct,0-5cm,25.8
4307054,sand_pct,5-15cm,25.5
4307054,sand_pct,15-30cm,24.2
4307054,sand_pct,30-60cm,22.5
4307054,sand_pct,60-100cm,21.8
4307054,silt_pct,0-5cm,27.6
4307054,silt_pct,5-15cm,26.6
4307054,silt_pct,15-30cm,24.5
4307054,silt_pct,30-60cm,21.3
4307054,silt_pct,60-100cm,20.7
4307054,soc_pct,0-5cm,4.74
4307054,soc_pct,5-15cm,2.62
4307054,soc_pct,15-30cm,1.6
4307054,soc_pct,30-60cm,0.92
4307054,soc_pct,60-100cm,0.66
4307054,ph_h2o,0-5cm,5.2
4307054,ph_h2o,5-15cm,5.2
4307054,ph_h2o,15-30cm,5.2
4307054,ph_h2o,30-60cm,5.2
4307054,ph_h2o,60-100cm,5.2
4307054,bd_kg_dm3,0-5cm,1.11
4307054,bd_kg_dm3,5-15cm,1.18
4307054,bd_kg_dm3,15-30cm,1.23
4307054,bd_kg_dm3,30-60cm,1.27
4307054,bd_kg_dm3,60-100cm,1.29
4307054,cec_cmol_kg,0-5cm,27.3
4307054,cec_cmol_kg,5-15cm,25.1
4307054,cec_cmol_kg,15-30cm,25.0
4307054,cec_cmol_kg,30-60cm,25.0
4307054,cec_cmol_kg,60-100cm,21.0
4307104,clay_pct,0-5cm,26.9
4307104,clay_pct,5-15cm,27.1
4307104,clay_pct,15-30cm,29.7
4307104,clay_pct,30-60cm,47.4
4307104,clay_pct,60-100cm,47.2
4307104,sand_pct,0-5cm,45.4
4307104,sand_pct,5-15cm,45.5
4307104,sand_pct,15-30cm,43.3
4307104,sand_pct,30-60cm,30.7
4307104,sand_pct,60-100cm,29.7
4307104,silt_pct,0-5cm,27.7
4307104,silt_pct,5-15cm,27.5
4307104,silt_pct,15-30cm,27.0
4307104,silt_pct,30-60cm,21.9
4307104,silt_pct,60-100cm,23.1
4307104,soc_pct,0-5cm,5.3
4307104,soc_pct,5-15cm,2.69
4307104,soc_pct,15-30cm,1.47
4307104,soc_pct,30-60cm,1.1
4307104,soc_pct,60-100cm,0.49
4307104,ph_h2o,0-5cm,5.4
4307104,ph_h2o,5-15cm,5.4
4307104,ph_h2o,15-30cm,5.4
4307104,ph_h2o,30-60cm,5.5
4307104,ph_h2o,60-100cm,5.6
4307104,bd_kg_dm3,0-5cm,1.21
4307104,bd_kg_dm3,5-15cm,1.3
4307104,bd_kg_dm3,15-30cm,1.32
4307104,bd_kg_dm3,30-60cm,1.4
4307104,bd_kg_dm3,60-100cm,1.43
4307104,cec_cmol_kg,0-5cm,18.0
4307104,cec_cmol_kg,5-15cm,15.7
4307104,cec_cmol_kg,15-30cm,16.4
4307104,cec_cmol_kg,30-60cm,18.2
4307104,cec_cmol_kg,60-100cm,18.2
4307203,clay_pct,0-5cm,44.2
4307203,clay_pct,5-15cm,45.6
4307203,clay_pct,15-30cm,45.3
4307203,clay_pct,30-60cm,50.0
4307203,clay_pct,60-100cm,49.8
4307203,sand_pct,0-5cm,21.3
4307203,sand_pct,5-15cm,20.2
4307203,sand_pct,15-30cm,20.4
4307203,sand_pct,30-60cm,18.3
4307203,sand_pct,60-100cm,18.3
4307203,silt_pct,0-5cm,34.5
4307203,silt_pct,5-15cm,34.2
4307203,silt_pct,15-30cm,34.2
4307203,silt_pct,30-60cm,31.7
4307203,silt_pct,60-100cm,31.9
4307203,soc_pct,0-5cm,7.39
4307203,soc_pct,5-15cm,3.74
4307203,soc_pct,15-30cm,5.7
4307203,soc_pct,30-60cm,4.05
4307203,soc_pct,60-100cm,4.28
4307203,ph_h2o,0-5cm,5.1
4307203,ph_h2o,5-15cm,5.1
4307203,ph_h2o,15-30cm,5.2
4307203,ph_h2o,30-60cm,5.2
4307203,ph_h2o,60-100cm,5.2
4307203,bd_kg_dm3,0-5cm,0.92
4307203,bd_kg_dm3,5-15cm,0.94
4307203,bd_kg_dm3,15-30cm,1.01
4307203,bd_kg_dm3,30-60cm,1.06
4307203,bd_kg_dm3,60-100cm,1.1
4307203,cec_cmol_kg,0-5cm,20.1
4307203,cec_cmol_kg,5-15cm,16.0
4307203,cec_cmol_kg,15-30cm,16.1
4307203,cec_cmol_kg,30-60cm,16.3
4307203,cec_cmol_kg,60-100cm,15.4
4307302,clay_pct,0-5cm,41.0
4307302,clay_pct,5-15cm,40.1
4307302,clay_pct,15-30cm,42.2
4307302,clay_pct,30-60cm,47.3
4307302,clay_pct,60-100cm,47.5
4307302,sand_pct,0-5cm,21.0
4307302,sand_pct,5-15cm,21.6
4307302,sand_pct,15-30cm,20.9
4307302,sand_pct,30-60cm,19.1
4307302,sand_pct,60-100cm,18.6
4307302,silt_pct,0-5cm,37.9
4307302,silt_pct,5-15cm,38.3
4307302,silt_pct,15-30cm,36.9
4307302,silt_pct,30-60cm,33.6
4307302,silt_pct,60-100cm,33.9
4307302,soc_pct,0-5cm,6.76
4307302,soc_pct,5-15cm,2.69
4307302,soc_pct,15-30cm,2.47
4307302,soc_pct,30-60cm,1.64
4307302,soc_pct,60-100cm,1.43
4307302,ph_h2o,0-5cm,5.3
4307302,ph_h2o,5-15cm,5.3
4307302,ph_h2o,15-30cm,5.2
4307302,ph_h2o,30-60cm,5.3
4307302,ph_h2o,60-100cm,5.3
4307302,bd_kg_dm3,0-5cm,0.99
4307302,bd_kg_dm3,5-15cm,1.05
4307302,bd_kg_dm3,15-30cm,1.09
4307302,bd_kg_dm3,30-60cm,1.17
4307302,bd_kg_dm3,60-100cm,1.2
4307302,cec_cmol_kg,0-5cm,22.2
4307302,cec_cmol_kg,5-15cm,15.2
4307302,cec_cmol_kg,15-30cm,15.7
4307302,cec_cmol_kg,30-60cm,16.6
4307302,cec_cmol_kg,60-100cm,15.8
4307401,clay_pct,0-5cm,55.8
4307401,clay_pct,5-15cm,51.9
4307401,clay_pct,15-30cm,55.3
4307401,clay_pct,30-60cm,60.5
4307401,clay_pct,60-100cm,63.1
4307401,sand_pct,0-5cm,13.5
4307401,sand_pct,5-15cm,14.2
4307401,sand_pct,15-30cm,13.0
4307401,sand_pct,30-60cm,11.0
4307401,sand_pct,60-100cm,9.8
4307401,silt_pct,0-5cm,30.7
4307401,silt_pct,5-15cm,33.9
4307401,silt_pct,15-30cm,31.7
4307401,silt_pct,30-60cm,28.6
4307401,silt_pct,60-100cm,27.2
4307401,soc_pct,0-5cm,4.32
4307401,soc_pct,5-15cm,2.6
4307401,soc_pct,15-30cm,2.0
4307401,soc_pct,30-60cm,1.12
4307401,soc_pct,60-100cm,0.91
4307401,ph_h2o,0-5cm,4.9
4307401,ph_h2o,5-15cm,4.9
4307401,ph_h2o,15-30cm,4.9
4307401,ph_h2o,30-60cm,4.9
4307401,ph_h2o,60-100cm,4.9
4307401,bd_kg_dm3,0-5cm,0.98
4307401,bd_kg_dm3,5-15cm,1.01
4307401,bd_kg_dm3,15-30cm,1.06
4307401,bd_kg_dm3,30-60cm,1.1
4307401,bd_kg_dm3,60-100cm,1.14
4307401,cec_cmol_kg,0-5cm,19.8
4307401,cec_cmol_kg,5-15cm,16.2
4307401,cec_cmol_kg,15-30cm,14.6
4307401,cec_cmol_kg,30-60cm,14.0
4307401,cec_cmol_kg,60-100cm,13.5
4307450,clay_pct,0-5cm,42.9
4307450,clay_pct,5-15cm,41.5
4307450,clay_pct,15-30cm,43.6
4307450,clay_pct,30-60cm,47.6
4307450,clay_pct,60-100cm,48.3
4307450,sand_pct,0-5cm,23.4
4307450,sand_pct,5-15cm,24.3
4307450,sand_pct,15-30cm,23.9
4307450,sand_pct,30-60cm,22.3
4307450,sand_pct,60-100cm,21.1
4307450,silt_pct,0-5cm,33.7
4307450,silt_pct,5-15cm,34.1
4307450,silt_pct,15-30cm,32.5
4307450,silt_pct,30-60cm,30.1
4307450,silt_pct,60-100cm,30.6
4307450,soc_pct,0-5cm,6.06
4307450,soc_pct,5-15cm,2.71
4307450,soc_pct,15-30cm,2.04
4307450,soc_pct,30-60cm,0.82
4307450,soc_pct,60-100cm,0.62
4307450,ph_h2o,0-5cm,5.2
4307450,ph_h2o,5-15cm,5.2
4307450,ph_h2o,15-30cm,5.2
4307450,ph_h2o,30-60cm,5.2
4307450,ph_h2o,60-100cm,5.3
4307450,bd_kg_dm3,0-5cm,0.99
4307450,bd_kg_dm3,5-15cm,1.03
4307450,bd_kg_dm3,15-30cm,1.09
4307450,bd_kg_dm3,30-60cm,1.16
4307450,bd_kg_dm3,60-100cm,1.2
4307450,cec_cmol_kg,0-5cm,19.1
4307450,cec_cmol_kg,5-15cm,16.2
4307450,cec_cmol_kg,15-30cm,14.9
4307450,cec_cmol_kg,30-60cm,16.0
4307450,cec_cmol_kg,60-100cm,15.4
4307500,clay_pct,0-5cm,44.1
4307500,clay_pct,5-15cm,43.3
4307500,clay_pct,15-30cm,47.0
4307500,clay_pct,30-60cm,49.7
4307500,clay_pct,60-100cm,52.0
4307500,silt_pct,0-5cm,30.7
4307500,silt_pct,5-15cm,30.9
4307500,silt_pct,15-30cm,29.5
4307500,silt_pct,30-60cm,28.1
4307500,silt_pct,60-100cm,26.8
4307500,soc_pct,0-5cm,4.54
4307500,soc_pct,5-15cm,2.12
4307500,soc_pct,15-30cm,1.44
4307500,soc_pct,30-60cm,0.87
4307500,soc_pct,60-100cm,0.58
4307500,ph_h2o,0-5cm,5.1
4307500,ph_h2o,5-15cm,5.1
4307500,ph_h2o,15-30cm,5.1
4307500,ph_h2o,30-60cm,5.1
4307500,ph_h2o,60-100cm,5.2
4307500,bd_kg_dm3,0-5cm,1.19
4307500,bd_kg_dm3,5-15cm,1.25
4307500,bd_kg_dm3,15-30cm,1.32
4307500,bd_kg_dm3,30-60cm,1.35
4307500,bd_kg_dm3,60-100cm,1.35
4307559,clay_pct,0-5cm,51.9
4307559,clay_pct,5-15cm,51.3
4307559,clay_pct,15-30cm,55.1
4307559,clay_pct,30-60cm,60.8
4307559,clay_pct,60-100cm,63.0
4307559,sand_pct,0-5cm,20.1
4307559,sand_pct,5-15cm,20.4
4307559,sand_pct,15-30cm,18.6
4307559,sand_pct,30-60cm,16.4
4307559,sand_pct,60-100cm,15.4
4307559,silt_pct,0-5cm,28.0
4307559,silt_pct,5-15cm,28.3
4307559,silt_pct,15-30cm,26.2
4307559,silt_pct,30-60cm,22.8
4307559,silt_pct,60-100cm,21.6
4307559,soc_pct,0-5cm,4.46
4307559,soc_pct,5-15cm,2.41
4307559,soc_pct,15-30cm,1.93
4307559,soc_pct,30-60cm,1.03
4307559,soc_pct,60-100cm,0.75
4307559,ph_h2o,0-5cm,5.0
4307559,ph_h2o,5-15cm,5.0
4307559,ph_h2o,15-30cm,5.0
4307559,ph_h2o,30-60cm,5.0
4307559,ph_h2o,60-100cm,5.1
4307559,bd_kg_dm3,0-5cm,1.03
4307559,bd_kg_dm3,5-15cm,1.08
4307559,bd_kg_dm3,15-30cm,1.12
4307559,bd_kg_dm3,30-60cm,1.14
4307559,bd_kg_dm3,60-100cm,1.19
4307559,cec_cmol_kg,0-5cm,23.8
4307559,cec_cmol_kg,5-15cm,20.2
4307559,cec_cmol_kg,15-30cm,18.2
4307559,cec_cmol_kg,30-60cm,17.3
4307559,cec_cmol_kg,60-100cm,16.0
4307609,clay_pct,0-5cm,
4307609,clay_pct,5-15cm,
4307609,clay_pct,15-30cm,
4307609,clay_pct,30-60cm,
4307609,clay_pct,60-100cm,
4307609,sand_pct,0-5cm,
4307609,sand_pct,5-15cm,
4307609,sand_pct,15-30cm,
4307609,sand_pct,30-60cm,
4307609,sand_pct,60-100cm,
4307609,silt_pct,0-5cm,
4307609,silt_pct,5-15cm,
4307609,silt_pct,15-30cm,
4307609,silt_pct,30-60cm,
4307609,silt_pct,60-100cm,
4307609,soc_pct,0-5cm,
4307609,soc_pct,5-15cm,
4307609,soc_pct,15-30cm,
4307609,soc_pct,30-60cm,
4307609,soc_pct,60-100cm,
4307609,ph_h2o,0-5cm,
4307609,ph_h2o,5-15cm,
4307609,ph_h2o,15-30cm,
4307609,ph_h2o,30-60cm,
4307609,ph_h2o,60-100cm,
4307609,bd_kg_dm3,0-5cm,
4307609,bd_kg_dm3,5-15cm,
4307609,bd_kg_dm3,15-30cm,
4307609,bd_kg_dm3,30-60cm,
4307609,bd_kg_dm3,60-100cm,
4307609,cec_cmol_kg,0-5cm,
4307609,cec_cmol_kg,5-15cm,
4307609,cec_cmol_kg,15-30cm,
4307609,cec_cmol_kg,30-60cm,
4307609,cec_cmol_kg,60-100cm,
4307708,clay_pct,0-5cm,
4307708,clay_pct,5-15cm,
4307708,clay_pct,15-30cm,
4307708,clay_pct,30-60cm,
4307708,clay_pct,60-100cm,
4307708,sand_pct,0-5cm,
4307708,sand_pct,5-15cm,
4307708,sand_pct,15-30cm,
4307708,sand_pct,30-60cm,
4307708,sand_pct,60-100cm,
4307708,silt_pct,0-5cm,
4307708,silt_pct,5-15cm,
4307708,silt_pct,15-30cm,
4307708,silt_pct,30-60cm,
4307708,silt_pct,60-100cm,
4307708,soc_pct,0-5cm,
4307708,soc_pct,5-15cm,
4307708,soc_pct,15-30cm,
4307708,soc_pct,30-60cm,
4307708,soc_pct,60-100cm,
4307708,ph_h2o,0-5cm,
4307708,ph_h2o,5-15cm,
4307708,ph_h2o,15-30cm,
4307708,ph_h2o,30-60cm,
4307708,ph_h2o,60-100cm,
4307708,bd_kg_dm3,0-5cm,
4307708,bd_kg_dm3,5-15cm,
4307708,bd_kg_dm3,15-30cm,
4307708,bd_kg_dm3,30-60cm,
4307708,bd_kg_dm3,60-100cm,
4307708,cec_cmol_kg,0-5cm,
4307708,cec_cmol_kg,5-15cm,
4307708,cec_cmol_kg,15-30cm,
4307708,cec_cmol_kg,30-60cm,
4307708,cec_cmol_kg,60-100cm,
4307807,clay_pct,0-5cm,35.3
4307807,clay_pct,5-15cm,35.3
4307807,clay_pct,15-30cm,42.0
4307807,clay_pct,30-60cm,46.8
4307807,clay_pct,60-100cm,50.1
4307807,sand_pct,0-5cm,27.7
4307807,sand_pct,5-15cm,26.9
4307807,sand_pct,15-30cm,22.2
4307807,sand_pct,30-60cm,20.0
4307807,sand_pct,60-100cm,16.8
4307807,silt_pct,0-5cm,37.0
4307807,silt_pct,5-15cm,37.8
4307807,silt_pct,15-30cm,35.8
4307807,silt_pct,30-60cm,33.3
4307807,silt_pct,60-100cm,33.1
4307807,soc_pct,0-5cm,5.07
4307807,soc_pct,5-15cm,2.62
4307807,soc_pct,15-30cm,2.08
4307807,soc_pct,30-60cm,1.35
4307807,soc_pct,60-100cm,0.68
4307807,ph_h2o,0-5cm,5.3
4307807,ph_h2o,5-15cm,5.3
4307807,ph_h2o,15-30cm,5.3
4307807,ph_h2o,30-60cm,5.3
4307807,ph_h2o,60-100cm,5.4
4307807,bd_kg_dm3,0-5cm,1.14
4307807,bd_kg_dm3,5-15cm,1.18
4307807,bd_kg_dm3,15-30cm,1.26
4307807,bd_kg_dm3,30-60cm,1.32
4307807,bd_kg_dm3,60-100cm,1.33
4307807,cec_cmol_kg,0-5cm,22.4
4307807,cec_cmol_kg,5-15cm,21.4
4307807,cec_cmol_kg,15-30cm,20.4
4307807,cec_cmol_kg,30-60cm,21.1
4307807,cec_cmol_kg,60-100cm,21.4
4307815,clay_pct,0-5cm,39.8
4307815,clay_pct,5-15cm,39.5
4307815,clay_pct,15-30cm,41.9
4307815,clay_pct,30-60cm,49.2
4307815,clay_pct,60-100cm,50.3
4307815,sand_pct,0-5cm,23.7
4307815,sand_pct,5-15cm,23.6
4307815,sand_pct,15-30cm,21.7
4307815,sand_pct,30-60cm,17.9
4307815,sand_pct,60-100cm,17.8
4307815,silt_pct,0-5cm,36.5
4307815,silt_pct,5-15cm,37.0
4307815,silt_pct,15-30cm,36.3
4307815,silt_pct,30-60cm,32.9
4307815,silt_pct,60-100cm,31.9
4307815,soc_pct,0-5cm,5.27
4307815,soc_pct,5-15cm,2.46
4307815,soc_pct,15-30cm,1.72
4307815,soc_pct,30-60cm,0.91
4307815,soc_pct,60-100cm,0.55
4307815,ph_h2o,0-5cm,5.2
4307815,ph_h2o,5-15cm,5.2
4307815,ph_h2o,15-30cm,5.1
4307815,ph_h2o,30-60cm,5.2
4307815,ph_h2o,60-100cm,5.2
4307815,bd_kg_dm3,0-5cm,1.15
4307815,bd_kg_dm3,5-15cm,1.19
4307815,bd_kg_dm3,15-30cm,1.24
4307815,bd_kg_dm3,30-60cm,1.29
4307815,bd_kg_dm3,60-100cm,1.32
4307815,cec_cmol_kg,0-5cm,20.2
4307815,cec_cmol_kg,5-15cm,17.1
4307815,cec_cmol_kg,15-30cm,17.2
4307815,cec_cmol_kg,30-60cm,17.3
4307815,cec_cmol_kg,60-100cm,16.7
4307831,clay_pct,0-5cm,45.2
4307831,clay_pct,5-15cm,44.7
4307831,clay_pct,15-30cm,47.4
4307831,clay_pct,30-60cm,49.2
4307831,clay_pct,60-100cm,49.1
4307831,sand_pct,0-5cm,24.3
4307831,sand_pct,5-15cm,25.1
4307831,sand_pct,15-30cm,25.3
4307831,sand_pct,30-60cm,25.8
4307831,sand_pct,60-100cm,26.6
4307831,silt_pct,0-5cm,30.5
4307831,silt_pct,5-15cm,30.2
4307831,silt_pct,15-30cm,27.3
4307831,silt_pct,30-60cm,25.0
4307831,silt_pct,60-100cm,24.4
4307831,soc_pct,0-5cm,4.71
4307831,soc_pct,5-15cm,1.92
4307831,soc_pct,15-30cm,1.51
4307831,soc_pct,30-60cm,0.99
4307831,soc_pct,60-100cm,0.59
4307831,ph_h2o,0-5cm,5.1
4307831,ph_h2o,5-15cm,5.1
4307831,ph_h2o,15-30cm,5.1
4307831,ph_h2o,30-60cm,5.1
4307831,ph_h2o,60-100cm,5.1
4307831,bd_kg_dm3,0-5cm,1.14
4307831,bd_kg_dm3,5-15cm,1.2
4307831,bd_kg_dm3,15-30cm,1.26
4307831,bd_kg_dm3,30-60cm,1.31
4307831,bd_kg_dm3,60-100cm,1.33
4307831,cec_cmol_kg,0-5cm,23.2
4307831,cec_cmol_kg,5-15cm,19.2
4307831,cec_cmol_kg,15-30cm,18.8
4307831,cec_cmol_kg,30-60cm,18.9
4307831,cec_cmol_kg,60-100cm,18.9
4302006,clay_pct,0-5cm,33.0
4302006,clay_pct,5-15cm,34.2
4302006,clay_pct,15-30cm,39.2
4302006,clay_pct,30-60cm,46.9
4302006,clay_pct,60-100cm,46.4
4302006,sand_pct,0-5cm,33.1
4302006,sand_pct,5-15cm,32.2
4302006,sand_pct,15-30cm,28.6
4302006,sand_pct,30-60cm,23.6
4302006,sand_pct,60-100cm,22.9
4302006,silt_pct,0-5cm,33.9
4302006,silt_pct,5-15cm,33.6
4302006,silt_pct,15-30cm,32.2
4302006,silt_pct,30-60cm,29.5
4302006,silt_pct,60-100cm,30.7
4302006,soc_pct,0-5cm,5.16
4302006,soc_pct,5-15cm,2.57
4302006,soc_pct,15-30cm,1.71
4302006,soc_pct,30-60cm,0.87
4302006,soc_pct,60-100cm,0.66
4302006,ph_h2o,0-5cm,5.1
4302006,ph_h2o,5-15cm,5.1
4302006,ph_h2o,15-30cm,5.1
4302006,ph_h2o,30-60cm,5.0
4302006,ph_h2o,60-100cm,5.1
4302006,bd_kg_dm3,0-5cm,1.02
4302006,bd_kg_dm3,5-15cm,1.04
4302006,bd_kg_dm3,15-30cm,1.1
4302006,bd_kg_dm3,30-60cm,1.18
4302006,bd_kg_dm3,60-100cm,1.24
4302006,cec_cmol_kg,0-5cm,16.3
4302006,cec_cmol_kg,5-15cm,15.5
4302006,cec_cmol_kg,15-30cm,15.1
4302006,cec_cmol_kg,30-60cm,15.0
4302006,cec_cmol_kg,60-100cm,14.1
4307864,clay_pct,0-5cm,46.2
4307864,clay_pct,5-15cm,46.4
4307864,clay_pct,15-30cm,48.5
4307864,clay_pct,30-60cm,52.6
4307864,clay_pct,60-100cm,54.7
4307864,sand_pct,0-5cm,18.5
4307864,sand_pct,5-15cm,18.0
4307864,sand_pct,15-30cm,17.0
4307864,sand_pct,30-60cm,15.0
4307864,sand_pct,60-100cm,14.7
4307864,silt_pct,0-5cm,35.3
4307864,silt_pct,5-15cm,35.6
4307864,silt_pct,15-30cm,34.5
4307864,silt_pct,30-60cm,32.4
4307864,silt_pct,60-100cm,30.6
4307864,soc_pct,0-5cm,6.19
4307864,soc_pct,5-15cm,3.6
4307864,soc_pct,15-30cm,2.24
4307864,soc_pct,30-60cm,1.42
4307864,soc_pct,60-100cm,1.07
4307864,ph_h2o,0-5cm,5.1
4307864,ph_h2o,5-15cm,5.1
4307864,ph_h2o,15-30cm,5.1
4307864,ph_h2o,30-60cm,5.1
4307864,ph_h2o,60-100cm,5.1
4307864,bd_kg_dm3,0-5cm,0.97
4307864,bd_kg_dm3,5-15cm,0.99
4307864,bd_kg_dm3,15-30cm,1.04
4307864,bd_kg_dm3,30-60cm,1.12
4307864,bd_kg_dm3,60-100cm,1.18
4307864,cec_cmol_kg,0-5cm,23.0
4307864,cec_cmol_kg,5-15cm,23.2
4307864,cec_cmol_kg,15-30cm,22.4
4307864,cec_cmol_kg,30-60cm,22.0
4307864,cec_cmol_kg,60-100cm,21.5
4308003,clay_pct,0-5cm,27.9
4308003,clay_pct,5-15cm,27.6
4308003,clay_pct,15-30cm,31.5
4308003,clay_pct,30-60cm,40.5
4308003,clay_pct,60-100cm,42.3
4308003,sand_pct,0-5cm,41.7
4308003,sand_pct,5-15cm,44.0
4308003,sand_pct,15-30cm,41.1
4308003,sand_pct,30-60cm,32.6
4308003,sand_pct,60-100cm,31.2
4308003,silt_pct,0-5cm,30.4
4308003,silt_pct,5-15cm,28.3
4308003,silt_pct,15-30cm,27.3
4308003,silt_pct,30-60cm,26.9
4308003,silt_pct,60-100cm,26.5
4308003,soc_pct,0-5cm,5.44
4308003,soc_pct,5-15cm,2.12
4308003,soc_pct,15-30cm,2.11
4308003,soc_pct,30-60cm,1.05
4308003,soc_pct,60-100cm,0.69
4308003,ph_h2o,0-5cm,5.2
4308003,ph_h2o,5-15cm,5.2
4308003,ph_h2o,15-30cm,5.2
4308003,ph_h2o,30-60cm,5.2
4308003,ph_h2o,60-100cm,5.2
4308003,bd_kg_dm3,0-5cm,1.19
4308003,bd_kg_dm3,5-15cm,1.22
4308003,bd_kg_dm3,15-30cm,1.31
4308003,bd_kg_dm3,30-60cm,1.35
4308003,bd_kg_dm3,60-100cm,1.37
4308003,cec_cmol_kg,0-5cm,23.4
4308003,cec_cmol_kg,5-15cm,19.5
4308003,cec_cmol_kg,15-30cm,20.3
4308003,cec_cmol_kg,30-60cm,19.5
4308003,cec_cmol_kg,60-100cm,19.1
4307906,clay_pct,0-5cm,46.2
4307906,clay_pct,5-15cm,46.1
4307906,clay_pct,15-30cm,47.5
4307906,clay_pct,30-60cm,55.1
4307906,clay_pct,60-100cm,56.6
4307906,sand_pct,0-5cm,17.2
4307906,sand_pct,5-15cm,16.8
4307906,sand_pct,15-30cm,16.0
4307906,sand_pct,30-60cm,13.2
4307906,sand_pct,60-100cm,12.4
4307906,silt_pct,0-5cm,36.6
4307906,silt_pct,5-15cm,37.0
4307906,silt_pct,15-30cm,36.6
4307906,silt_pct,30-60cm,31.6
4307906,silt_pct,60-100cm,31.0
4307906,soc_pct,0-5cm,7.29
4307906,soc_pct,5-15cm,2.49
4307906,soc_pct,15-30cm,2.27
4307906,soc_pct,30-60cm,1.63
4307906,soc_pct,60-100cm,1.21
4307906,ph_h2o,0-5cm,5.3
4307906,ph_h2o,5-15cm,5.3
4307906,ph_h2o,15-30cm,5.3
4307906,ph_h2o,30-60cm,5.2
4307906,ph_h2o,60-100cm,5.3
4307906,bd_kg_dm3,0-5cm,0.94
4307906,bd_kg_dm3,5-15cm,0.95
4307906,bd_kg_dm3,15-30cm,1.0
4307906,bd_kg_dm3,30-60cm,1.09
4307906,bd_kg_dm3,60-100cm,1.14
4307906,cec_cmol_kg,0-5cm,20.8
4307906,cec_cmol_kg,5-15cm,17.7
4307906,cec_cmol_kg,15-30cm,16.2
4307906,cec_cmol_kg,30-60cm,15.6
4307906,cec_cmol_kg,60-100cm,15.2
4308078,clay_pct,0-5cm,34.4
4308078,clay_pct,5-15cm,35.6
4308078,clay_pct,15-30cm,40.9
4308078,clay_pct,30-60cm,49.1
4308078,clay_pct,60-100cm,51.5
4308078,sand_pct,0-5cm,27.9
4308078,sand_pct,5-15cm,26.7
4308078,sand_pct,15-30cm,24.5
4308078,sand_pct,30-60cm,20.4
4308078,sand_pct,60-100cm,18.4
4308078,silt_pct,0-5cm,37.7
4308078,silt_pct,5-15cm,37.7
4308078,silt_pct,15-30cm,34.6
4308078,silt_pct,30-60cm,30.5
4308078,silt_pct,60-100cm,30.2
4308078,soc_pct,0-5cm,5.53
4308078,soc_pct,5-15cm,2.17
4308078,soc_pct,15-30cm,2.32
4308078,soc_pct,30-60cm,1.44
4308078,soc_pct,60-100cm,0.66
4308078,ph_h2o,0-5cm,5.3
4308078,ph_h2o,5-15cm,5.3
4308078,ph_h2o,15-30cm,5.4
4308078,ph_h2o,30-60cm,5.3
4308078,ph_h2o,60-100cm,5.3
4308078,bd_kg_dm3,0-5cm,1.17
4308078,bd_kg_dm3,5-15cm,1.21
4308078,bd_kg_dm3,15-30cm,1.25
4308078,bd_kg_dm3,30-60cm,1.34
4308078,bd_kg_dm3,60-100cm,1.37
4308078,cec_cmol_kg,0-5cm,16.8
4308078,cec_cmol_kg,5-15cm,16.5
4308078,cec_cmol_kg,15-30cm,16.9
4308078,cec_cmol_kg,30-60cm,18.4
4308078,cec_cmol_kg,60-100cm,17.9
4308102,clay_pct,0-5cm,30.8
4308102,clay_pct,5-15cm,30.9
4308102,clay_pct,15-30cm,35.1
4308102,clay_pct,30-60cm,48.4
4308102,clay_pct,60-100cm,50.8
4308102,sand_pct,0-5cm,30.4
4308102,sand_pct,5-15cm,30.1
4308102,sand_pct,15-30cm,27.4
4308102,sand_pct,30-60cm,20.6
4308102,sand_pct,60-100cm,19.5
4308102,silt_pct,0-5cm,38.8
4308102,silt_pct,5-15cm,39.0
4308102,silt_pct,15-30cm,37.5
4308102,silt_pct,30-60cm,31.0
4308102,silt_pct,60-100cm,29.7
4308102,soc_pct,0-5cm,6.46
4308102,soc_pct,5-15cm,2.29
4308102,soc_pct,15-30cm,1.97
4308102,soc_pct,30-60cm,1.21
4308102,soc_pct,60-100cm,0.68
4308102,ph_h2o,0-5cm,5.2
4308102,ph_h2o,5-15cm,5.2
4308102,ph_h2o,15-30cm,5.2
4308102,ph_h2o,30-60cm,5.1
4308102,ph_h2o,60-100cm,5.1
4308102,bd_kg_dm3,0-5cm,1.06
4308102,bd_kg_dm3,5-15cm,1.07
4308102,bd_kg_dm3,15-30cm,1.12
4308102,bd_kg_dm3,30-60cm,1.19
4308102,bd_kg_dm3,60-100cm,1.25
4308102,cec_cmol_kg,0-5cm,19.6
4308102,cec_cmol_kg,5-15cm,16.5
4308102,cec_cmol_kg,15-30cm,17.0
4308102,cec_cmol_kg,30-60cm,17.4
4308102,cec_cmol_kg,60-100cm,17.3
4308052,clay_pct,0-5cm,46.5
4308052,clay_pct,5-15cm,45.2
4308052,clay_pct,15-30cm,46.8
4308052,clay_pct,30-60cm,49.8
4308052,clay_pct,60-100cm,49.1
4308052,sand_pct,0-5cm,19.9
4308052,sand_pct,5-15cm,19.9
4308052,sand_pct,15-30cm,19.6
4308052,sand_pct,30-60cm,18.4
4308052,sand_pct,60-100cm,18.4
4308052,soc_pct,0-5cm,5.99
4308052,soc_pct,5-15cm,2.95
4308052,soc_pct,15-30cm,2.34
4308052,soc_pct,30-60cm,1.71
4308052,soc_pct,60-100cm,1.58
4308052,ph_h2o,0-5cm,5.1
4308052,ph_h2o,5-15cm,5.1
4308052,ph_h2o,15-30cm,5.1
4308052,ph_h2o,30-60cm,5.1
4308052,ph_h2o,60-100cm,5.1
4308052,bd_kg_dm3,0-5cm,0.99
4308052,bd_kg_dm3,5-15cm,1.02
4308052,bd_kg_dm3,15-30cm,1.03
4308052,bd_kg_dm3,30-60cm,1.08
4308052,bd_kg_dm3,60-100cm,1.13
4308052,cec_cmol_kg,0-5cm,21.1
4308052,cec_cmol_kg,5-15cm,17.6
4308052,cec_cmol_kg,15-30cm,16.6
4308052,cec_cmol_kg,30-60cm,16.1
4308052,cec_cmol_kg,60-100cm,15.5
4308201,clay_pct,0-5cm,50.8
4308201,clay_pct,5-15cm,49.4
4308201,clay_pct,15-30cm,51.2
4308201,clay_pct,30-60cm,56.6
4308201,clay_pct,60-100cm,59.1
4308201,sand_pct,0-5cm,16.9
4308201,sand_pct,5-15cm,16.9
4308201,sand_pct,15-30cm,16.1
4308201,sand_pct,30-60cm,14.5
4308201,sand_pct,60-100cm,13.5
4308201,silt_pct,0-5cm,32.2
4308201,silt_pct,5-15cm,33.7
4308201,silt_pct,15-30cm,32.6
4308201,silt_pct,30-60cm,28.9
4308201,silt_pct,60-100cm,27.4
4308201,soc_pct,0-5cm,8.82
4308201,soc_pct,5-15cm,4.76
4308201,soc_pct,15-30cm,4.31
4308201,soc_pct,30-60cm,2.08
4308201,soc_pct,60-100cm,1.33
4308201,ph_h2o,0-5cm,5.3
4308201,ph_h2o,5-15cm,5.3
4308201,ph_h2o,15-30cm,5.3
4308201,ph_h2o,30-60cm,5.2
4308201,ph_h2o,60-100cm,5.3
4308201,bd_kg_dm3,0-5cm,0.97
4308201,bd_kg_dm3,5-15cm,1.0
4308201,bd_kg_dm3,15-30cm,1.05
4308201,bd_kg_dm3,30-60cm,1.12
4308201,bd_kg_dm3,60-100cm,1.18
4308201,cec_cmol_kg,0-5cm,21.1
4308201,cec_cmol_kg,5-15cm,18.3
4308201,cec_cmol_kg,15-30cm,17.9
4308201,cec_cmol_kg,30-60cm,18.2
4308201,cec_cmol_kg,60-100cm,17.0
4308250,clay_pct,0-5cm,50.5
4308250,clay_pct,5-15cm,51.7
4308250,clay_pct,15-30cm,51.3
4308250,clay_pct,30-60cm,57.3
4308250,clay_pct,60-100cm,58.8
4308250,sand_pct,0-5cm,18.1
4308250,sand_pct,5-15cm,18.2
4308250,sand_pct,15-30cm,17.8
4308250,sand_pct,30-60cm,16.0
4308250,sand_pct,60-100cm,15.1
4308250,silt_pct,0-5cm,31.3
4308250,silt_pct,5-15cm,30.1
4308250,silt_pct,15-30cm,30.9
4308250,silt_pct,30-60cm,26.7
4308250,silt_pct,60-100cm,26.1
4308250,soc_pct,0-5cm,5.26
4308250,soc_pct,5-15cm,2.54
4308250,soc_pct,15-30cm,2.32
4308250,soc_pct,30-60cm,1.14
4308250,soc_pct,60-100cm,0.78
4308250,ph_h2o,0-5cm,5.2
4308250,ph_h2o,5-15cm,5.2
4308250,ph_h2o,15-30cm,5.2
4308250,ph_h2o,30-60cm,5.3
4308250,ph_h2o,60-100cm,5.2
4308250,bd_kg_dm3,0-5cm,0.95
4308250,bd_kg_dm3,5-15cm,0.98
4308250,bd_kg_dm3,15-30cm,1.05
4308250,bd_kg_dm3,30-60cm,1.09
4308250,bd_kg_dm3,60-100cm,1.14
4308250,cec_cmol_kg,0-5cm,17.7
4308250,cec_cmol_kg,5-15cm,17.0
4308250,cec_cmol_kg,15-30cm,16.2
4308250,cec_cmol_kg,30-60cm,16.2
4308250,cec_cmol_kg,60-100cm,15.3
4308300,clay_pct,0-5cm,45.4
4308300,clay_pct,5-15cm,45.6
4308300,clay_pct,15-30cm,48.6
4308300,clay_pct,30-60cm,53.0
4308300,clay_pct,60-100cm,52.7
4308300,sand_pct,0-5cm,20.7
4308300,sand_pct,5-15cm,20.4
4308300,sand_pct,15-30cm,18.5
4308300,sand_pct,30-60cm,16.6
4308300,sand_pct,60-100cm,16.1
4308300,silt_pct,0-5cm,33.9
4308300,silt_pct,5-15cm,34.0
4308300,silt_pct,15-30cm,32.9
4308300,silt_pct,30-60cm,30.4
4308300,silt_pct,60-100cm,31.2
4308300,soc_pct,0-5cm,5.96
4308300,soc_pct,5-15cm,2.38
4308300,soc_pct,15-30cm,1.8
4308300,soc_pct,30-60cm,1.08
4308300,soc_pct,60-100cm,0.74
4308300,ph_h2o,0-5cm,5.1
4308300,ph_h2o,5-15cm,5.1
4308300,ph_h2o,15-30cm,5.1
4308300,ph_h2o,30-60cm,5.1
4308300,ph_h2o,60-100cm,5.1
4308300,bd_kg_dm3,0-5cm,0.98
4308300,bd_kg_dm3,5-15cm,1.0
4308300,bd_kg_dm3,15-30cm,1.07
4308300,bd_kg_dm3,30-60cm,1.15
4308300,bd_kg_dm3,60-100cm,1.21
4308300,cec_cmol_kg,0-5cm,21.1
4308300,cec_cmol_kg,5-15cm,17.7
4308300,cec_cmol_kg,15-30cm,16.7
4308300,cec_cmol_kg,30-60cm,15.3
4308300,cec_cmol_kg,60-100cm,15.5
4308409,clay_pct,0-5cm,24.3
4308409,clay_pct,5-15cm,24.6
4308409,clay_pct,15-30cm,25.3
4308409,clay_pct,30-60cm,33.3
4308409,clay_pct,60-100cm,32.8
4308409,sand_pct,0-5cm,33.3
4308409,sand_pct,5-15cm,34.0
4308409,sand_pct,15-30cm,33.4
4308409,sand_pct,30-60cm,27.1
4308409,sand_pct,60-100cm,27.1
4308409,silt_pct,0-5cm,42.4
4308409,silt_pct,5-15cm,41.3
4308409,silt_pct,15-30cm,41.2
4308409,silt_pct,30-60cm,39.6
4308409,silt_pct,60-100cm,40.1
4308409,soc_pct,0-5cm,5.33
4308409,soc_pct,5-15cm,2.14
4308409,soc_pct,15-30cm,1.64
4308409,soc_pct,30-60cm,0.97
4308409,soc_pct,60-100cm,0.59
4308409,ph_h2o,0-5cm,5.3
4308409,ph_h2o,5-15cm,5.3
4308409,ph_h2o,15-30cm,5.3
4308409,ph_h2o,30-60cm,5.3
4308409,ph_h2o,60-100cm,5.3
4308409,bd_kg_dm3,0-5cm,1.18
4308409,bd_kg_dm3,5-15cm,1.24
4308409,bd_kg_dm3,15-30cm,1.31
4308409,bd_kg_dm3,30-60cm,1.36
4308409,bd_kg_dm3,60-100cm,1.41
4308409,cec_cmol_kg,0-5cm,18.2
4308409,cec_cmol_kg,5-15cm,15.0
4308409,cec_cmol_kg,15-30cm,15.3
4308409,cec_cmol_kg,30-60cm,16.2
4308409,cec_cmol_kg,60-100cm,16.3
4308433,clay_pct,0-5cm,33.1
4308433,clay_pct,5-15cm,33.1
4308433,clay_pct,15-30cm,41.9
4308433,clay_pct,30-60cm,50.5
4308433,clay_pct,60-100cm,52.4
4308433,silt_pct,0-5cm,41.5
4308433,silt_pct,5-15cm,41.8
4308433,silt_pct,15-30cm,36.7
4308433,silt_pct,30-60cm,31.2
4308433,silt_pct,60-100cm,30.4
4308433,soc_pct,0-5cm,6.03
4308433,soc_pct,5-15cm,3.57
4308433,soc_pct,15-30cm,1.87
4308433,soc_pct,30-60cm,1.73
4308433,soc_pct,60-100cm,0.79
4308433,ph_h2o,0-5cm,5.2
4308433,ph_h2o,5-15cm,5.3
4308433,ph_h2o,15-30cm,5.3
4308433,ph_h2o,30-60cm,5.2
4308433,ph_h2o,60-100cm,5.2
4308433,bd_kg_dm3,0-5cm,1.09
4308433,bd_kg_dm3,5-15cm,1.11
4308433,bd_kg_dm3,15-30cm,1.15
4308433,bd_kg_dm3,30-60cm,1.23
4308433,bd_kg_dm3,60-100cm,1.27
4308433,cec_cmol_kg,0-5cm,25.1
4308433,cec_cmol_kg,5-15cm,21.6
4308433,cec_cmol_kg,15-30cm,22.1
4308433,cec_cmol_kg,30-60cm,22.7
4308433,cec_cmol_kg,60-100cm,21.8
4308508,clay_pct,0-5cm,42.0
4308508,clay_pct,5-15cm,41.6
4308508,clay_pct,15-30cm,42.7
4308508,clay_pct,30-60cm,45.3
4308508,clay_pct,60-100cm,46.2
4308508,sand_pct,0-5cm,22.1
4308508,sand_pct,5-15cm,22.3
4308508,sand_pct,15-30cm,22.7
4308508,sand_pct,30-60cm,21.6
4308508,sand_pct,60-100cm,21.3
4308508,silt_pct,0-5cm,35.9
4308508,silt_pct,5-15cm,36.0
4308508,silt_pct,15-30cm,34.7
4308508,silt_pct,30-60cm,33.0
4308508,silt_pct,60-100cm,32.5
4308508,soc_pct,0-5cm,7.58
4308508,soc_pct,5-15cm,2.86
4308508,soc_pct,15-30cm,2.43
4308508,soc_pct,30-60cm,1.51
4308508,soc_pct,60-100cm,1.31
4308508,ph_h2o,0-5cm,5.1
4308508,ph_h2o,5-15cm,5.1
4308508,ph_h2o,15-30cm,5.2
4308508,ph_h2o,30-60cm,5.1
4308508,ph_h2o,60-100cm,5.1
4308508,bd_kg_dm3,0-5cm,0.91
4308508,bd_kg_dm3,5-15cm,0.96
4308508,bd_kg_dm3,15-30cm,1.03
4308508,bd_kg_dm3,30-60cm,1.1
4308508,bd_kg_dm3,60-100cm,1.14
4308508,cec_cmol_kg,0-5cm,22.2
4308508,cec_cmol_kg,5-15cm,19.1
4308508,cec_cmol_kg,15-30cm,20.4
4308508,cec_cmol_kg,30-60cm,20.2
4308508,cec_cmol_kg,60-100cm,19.2
4308458,clay_pct,0-5cm,43.1
4308458,clay_pct,5-15cm,44.4
4308458,clay_pct,15-30cm,49.1
4308458,clay_pct,30-60cm,57.2
4308458,clay_pct,60-100cm,58.0
4308458,sand_pct,0-5cm,24.2
4308458,sand_pct,5-15cm,25.5
4308458,sand_pct,15-30cm,23.1
4308458,sand_pct,30-60cm,18.9
4308458,sand_pct,60-100cm,18.7
4308458,silt_pct,0-5cm,32.6
4308458,silt_pct,5-15cm,30.1
4308458,silt_pct,15-30cm,27.8
4308458,silt_pct,30-60cm,23.9
4308458,silt_pct,60-100cm,23.3
4308458,soc_pct,0-5cm,3.99
4308458,soc_pct,5-15cm,2.17
4308458,soc_pct,15-30cm,1.47
4308458,soc_pct,30-60cm,0.87
4308458,soc_pct,60-100cm,0.52
4308458,bd_kg_dm3,0-5cm,1.22
4308458,bd_kg_dm3,5-15cm,1.27
4308458,bd_kg_dm3,15-30cm,1.34
4308458,bd_kg_dm3,30-60cm,1.39
4308458,bd_kg_dm3,60-100cm,1.4
4308458,cec_cmol_kg,0-5cm,22.3
4308458,cec_cmol_kg,5-15cm,20.4
4308458,cec_cmol_kg,15-30cm,19.0
4308458,cec_cmol_kg,30-60cm,18.2
4308458,cec_cmol_kg,60-100cm,17.9
4308607,clay_pct,0-5cm,45.4
4308607,clay_pct,5-15cm,46.1
4308607,clay_pct,15-30cm,45.3
4308607,clay_pct,30-60cm,46.5
4308607,clay_pct,60-100cm,48.4
4308607,sand_pct,0-5cm,20.5
4308607,sand_pct,5-15cm,20.9
4308607,sand_pct,15-30cm,20.4
4308607,sand_pct,30-60cm,19.4
4308607,sand_pct,60-100cm,18.1
4308607,silt_pct,0-5cm,34.1
4308607,silt_pct,5-15cm,33.0
4308607,silt_pct,15-30cm,34.3
4308607,silt_pct,30-60cm,34.1
4308607,silt_pct,60-100cm,33.5
4308607,soc_pct,0-5cm,6.54
4308607,soc_pct,5-15cm,2.18
4308607,soc_pct,15-30cm,2.17
4308607,soc_pct,30-60cm,1.12
4308607,soc_pct,60-100cm,0.73
4308607,ph_h2o,0-5cm,5.3
4308607,ph_h2o,5-15cm,5.3
4308607,ph_h2o,15-30cm,5.3
4308607,ph_h2o,30-60cm,5.2
4308607,ph_h2o,60-100cm,5.2
4308607,bd_kg_dm3,0-5cm,1.01
4308607,bd_kg_dm3,5-15cm,1.02
4308607,bd_kg_dm3,15-30cm,1.08
4308607,bd_kg_dm3,30-60cm,1.15
4308607,bd_kg_dm3,60-100cm,1.2
4308607,cec_cmol_kg,0-5cm,22.0
4308607,cec_cmol_kg,5-15cm,18.3
4308607,cec_cmol_kg,15-30cm,18.3
4308607,cec_cmol_kg,30-60cm,18.8
4308607,cec_cmol_kg,60-100cm,18.1
4308706,clay_pct,0-5cm,55.3
4308706,clay_pct,5-15cm,53.2
4308706,clay_pct,15-30cm,56.5
4308706,clay_pct,30-60cm,61.2
4308706,clay_pct,60-100cm,63.5
4308706,sand_pct,0-5cm,16.0
4308706,sand_pct,5-15cm,16.7
4308706,sand_pct,15-30cm,15.1
4308706,sand_pct,30-60cm,13.7
4308706,sand_pct,60-100cm,13.0
4308706,silt_pct,0-5cm,28.7
4308706,silt_pct,5-15cm,30.1
4308706,silt_pct,15-30cm,28.5
4308706,silt_pct,30-60cm,25.1
4308706,silt_pct,60-100cm,23.5
4308706,soc_pct,0-5cm,5.46
4308706,soc_pct,5-15cm,2.7
4308706,soc_pct,15-30cm,2.14
4308706,soc_pct,30-60cm,1.05
4308706,soc_pct,60-100cm,0.78
4308706,ph_h2o,0-5cm,5.1
4308706,ph_h2o,5-15cm,5.0
4308706,ph_h2o,15-30cm,5.0
4308706,ph_h2o,30-60cm,5.1
4308706,ph_h2o,60-100cm,5.1
4308706,bd_kg_dm3,0-5cm,0.94
4308706,bd_kg_dm3,5-15cm,0.95
4308706,bd_kg_dm3,15-30cm,1.01
4308706,bd_kg_dm3,30-60cm,1.05
4308706,bd_kg_dm3,60-100cm,1.09
4308706,cec_cmol_kg,0-5cm,20.3
4308706,cec_cmol_kg,5-15cm,19.5
4308706,cec_cmol_kg,15-30cm,18.2
4308706,cec_cmol_kg,30-60cm,17.0
4308706,cec_cmol_kg,60-100cm,16.5
4308656,clay_pct,0-5cm,38.7
4308656,clay_pct,5-15cm,40.1
4308656,clay_pct,15-30cm,41.7
4308656,clay_pct,30-60cm,46.7
4308656,clay_pct,60-100cm,45.9
4308656,sand_pct,0-5cm,24.8
4308656,sand_pct,5-15cm,24.5
4308656,sand_pct,15-30cm,23.2
4308656,sand_pct,30-60cm,20.0
4308656,sand_pct,60-100cm,20.1
4308656,silt_pct,0-5cm,36.6
4308656,silt_pct,5-15cm,35.3
4308656,silt_pct,15-30cm,35.1
4308656,silt_pct,30-60cm,33.3
4308656,silt_pct,60-100cm,34.0
4308656,soc_pct,0-5cm,4.33
4308656,soc_pct,5-15cm,2.35
4308656,soc_pct,15-30cm,1.71
4308656,soc_pct,30-60cm,1.2
4308656,soc_pct,60-100cm,0.68
4308656,ph_h2o,0-5cm,5.2
4308656,ph_h2o,5-15cm,5.3
4308656,ph_h2o,15-30cm,5.2
4308656,ph_h2o,30-60cm,5.3
4308656,ph_h2o,60-100cm,5.4
4308656,bd_kg_dm3,0-5cm,1.21
4308656,bd_kg_dm3,5-15cm,1.27
4308656,bd_kg_dm3,15-30cm,1.32
4308656,bd_kg_dm3,30-60cm,1.39
4308656,bd_kg_dm3,60-100cm,1.42
4308656,cec_cmol_kg,0-5cm,20.1
4308656,cec_cmol_kg,5-15cm,22.7
4308656,cec_cmol_kg,15-30cm,22.1
4308656,cec_cmol_kg,30-60cm,23.7
4308656,cec_cmol_kg,60-100cm,21.9
4308805,clay_pct,0-5cm,34.3
4308805,clay_pct,5-15cm,34.9
4308805,clay_pct,15-30cm,38.0
4308805,clay_pct,30-60cm,47.9
4308805,clay_pct,60-100cm,49.4
4308805,sand_pct,0-5cm,25.1
4308805,sand_pct,5-15cm,25.3
4308805,sand_pct,15-30cm,23.3
4308805,sand_pct,30-60cm,19.1
4308805,sand_pct,60-100cm,18.4
4308805,silt_pct,0-5cm,40.6
4308805,silt_pct,5-15cm,39.9
4308805,silt_pct,15-30cm,38.7
4308805,silt_pct,30-60cm,33.0
4308805,silt_pct,60-100cm,32.1
4308805,soc_pct,0-5cm,5.65
4308805,soc_pct,5-15cm,2.27
4308805,soc_pct,15-30cm,1.83
4308805,soc_pct,30-60cm,1.13
4308805,soc_pct,60-100cm,0.72
4308805,ph_h2o,0-5cm,5.2
4308805,ph_h2o,5-15cm,5.2
4308805,ph_h2o,15-30cm,5.2
4308805,ph_h2o,30-60cm,5.2
4308805,ph_h2o,60-100cm,5.2
4308805,bd_kg_dm3,0-5cm,1.2
4308805,bd_kg_dm3,5-15cm,1.23
4308805,bd_kg_dm3,15-30cm,1.3
4308805,bd_kg_dm3,30-60cm,1.39
4308805,bd_kg_dm3,60-100cm,1.4
4308805,cec_cmol_kg,0-5cm,18.6
4308805,cec_cmol_kg,5-15cm,15.6
4308805,cec_cmol_kg,15-30cm,16.1
4308805,cec_cmol_kg,30-60cm,17.7
4308805,cec_cmol_kg,60-100cm,17.0
4308904,clay_pct,0-5cm,54.0
4308904,clay_pct,5-15cm,53.8
4308904,clay_pct,15-30cm,55.5
4308904,clay_pct,30-60cm,59.7
4308904,clay_pct,60-100cm,61.2
4308904,sand_pct,0-5cm,18.7
4308904,sand_pct,5-15cm,19.4
4308904,sand_pct,15-30cm,18.4
4308904,sand_pct,30-60cm,17.1
4308904,sand_pct,60-100cm,16.4
4308904,silt_pct,0-5cm,27.3
4308904,silt_pct,5-15cm,26.8
4308904,silt_pct,15-30cm,26.2
4308904,silt_pct,30-60cm,23.2
4308904,silt_pct,60-100cm,22.4
4308904,soc_pct,0-5cm,5.82
4308904,soc_pct,5-15cm,2.73
4308904,soc_pct,15-30cm,2.16
4308904,soc_pct,30-60cm,1.12
4308904,soc_pct,60-100cm,0.82
4308904,bd_kg_dm3,0-5cm,1.01
4308904,bd_kg_dm3,5-15cm,1.06
4308904,bd_kg_dm3,15-30cm,1.12
4308904,bd_kg_dm3,30-60cm,1.16
4308904,bd_kg_dm3,60-100cm,1.2
4308904,cec_cmol_kg,0-5cm,25.5
4308904,cec_cmol_kg,5-15cm,22.7
4308904,cec_cmol_kg,15-30cm,23.4
4308904,cec_cmol_kg,30-60cm,22.4
4308904,cec_cmol_kg,60-100cm,19.2
4308854,clay_pct,0-5cm,47.9
4308854,clay_pct,5-15cm,46.5
4308854,clay_pct,15-30cm,50.9
4308854,clay_pct,30-60cm,59.1
4308854,clay_pct,60-100cm,59.3
4308854,sand_pct,0-5cm,15.5
4308854,sand_pct,5-15cm,16.4
4308854,sand_pct,15-30cm,15.0
4308854,sand_pct,30-60cm,12.7
4308854,sand_pct,60-100cm,12.6
4308854,silt_pct,0-5cm,36.6
4308854,silt_pct,5-15cm,37.1
4308854,silt_pct,15-30cm,34.0
4308854,silt_pct,30-60cm,28.1
4308854,silt_pct,60-100cm,28.1
4308854,soc_pct,0-5cm,5.03
4308854,soc_pct,5-15cm,2.33
4308854,soc_pct,15-30cm,2.1
4308854,soc_pct,30-60cm,1.06
4308854,soc_pct,60-100cm,0.77
4308854,ph_h2o,0-5cm,5.2
4308854,ph_h2o,5-15cm,5.1
4308854,ph_h2o,15-30cm,5.1
4308854,ph_h2o,30-60cm,5.2
4308854,ph_h2o,60-100cm,5.2
4308854,bd_kg_dm3,0-5cm,0.97
4308854,bd_kg_dm3,5-15cm,1.01
4308854,bd_kg_dm3,15-30cm,1.07
4308854,bd_kg_dm3,30-60cm,1.08
4308854,bd_kg_dm3,60-100cm,1.12
4309001,clay_pct,0-5cm,40.7
4309001,clay_pct,5-15cm,39.9
4309001,clay_pct,15-30cm,44.3
4309001,clay_pct,30-60cm,50.7
4309001,clay_pct,60-100cm,52.3
4309001,sand_pct,0-5cm,24.4
4309001,sand_pct,5-15cm,25.3
4309001,sand_pct,15-30cm,25.6
4309001,sand_pct,30-60cm,22.4
4309001,sand_pct,60-100cm,21.6
4309001,silt_pct,0-5cm,34.9
4309001,silt_pct,5-15cm,34.8
4309001,silt_pct,15-30cm,30.1
4309001,silt_pct,30-60cm,26.9
4309001,silt_pct,60-100cm,26.2
4309001,soc_pct,0-5cm,5.94
4309001,soc_pct,5-15cm,2.36
4309001,soc_pct,15-30cm,2.34
4309001,soc_pct,30-60cm,1.86
4309001,soc_pct,60-100cm,1.6
4309001,ph_h2o,0-5cm,5.2
4309001,ph_h2o,5-15cm,5.2
4309001,ph_h2o,15-30cm,5.2
4309001,ph_h2o,30-60cm,5.2
4309001,ph_h2o,60-100cm,5.2
4309001,bd_kg_dm3,0-5cm,1.08
4309001,bd_kg_dm3,5-15cm,1.12
4309001,bd_kg_dm3,15-30cm,1.17
4309001,bd_kg_dm3,30-60cm,1.23
4309001,bd_kg_dm3,60-100cm,1.28
4309001,cec_cmol_kg,0-5cm,22.0
4309001,cec_cmol_kg,5-15cm,17.8
4309001,cec_cmol_kg,15-30cm,16.6
4309001,cec_cmol_kg,30-60cm,16.7
4309001,cec_cmol_kg,60-100cm,15.5
4309100,clay_pct,0-5cm,46.5
4309100,clay_pct,5-15cm,46.9
4309100,clay_pct,15-30cm,47.1
4309100,clay_pct,30-60cm,51.5
4309100,clay_pct,60-100cm,51.2
4309100,sand_pct,0-5cm,15.1
4309100,sand_pct,5-15cm,15.3
4309100,sand_pct,15-30cm,15.6
4309100,sand_pct,30-60cm,14.0
4309100,sand_pct,60-100cm,13.6
4309100,silt_pct,0-5cm,38.4
4309100,silt_pct,5-15cm,37.8
4309100,silt_pct,15-30cm,37.3
4309100,silt_pct,30-60cm,34.4
4309100,silt_pct,60-100cm,35.2
4309100,soc_pct,0-5cm,7.93
4309100,soc_pct,5-15cm,4.23
4309100,soc_pct,15-30cm,6.58
4309100,soc_pct,30-60cm,5.79
4309100,soc_pct,60-100cm,5.4
4309100,ph_h2o,0-5cm,5.2
4309100,ph_h2o,5-15cm,5.2
4309100,ph_h2o,15-30cm,5.1
4309100,ph_h2o,30-60cm,5.2
4309100,ph_h2o,60-100cm,5.2
4309100,bd_kg_dm3,0-5cm,0.91
4309100,bd_kg_dm3,5-15cm,0.94
4309100,bd_kg_dm3,15-30cm,0.99
4309100,bd_kg_dm3,30-60cm,1.07
4309100,bd_kg_dm3,60-100cm,1.11
4309050,clay_pct,0-5cm,22.6
4309050,clay_pct,5-15cm,22.2
4309050,clay_pct,15-30cm,24.0
4309050,clay_pct,30-60cm,36.5
4309050,clay_pct,60-100cm,36.1
4309050,sand_pct,0-5cm,52.9
4309050,sand_pct,5-15cm,55.1
4309050,sand_pct,15-30cm,54.6
4309050,sand_pct,30-60cm,44.1
4309050,sand_pct,60-100cm,44.5
4309050,silt_pct,0-5cm,24.5
4309050,silt_pct,5-15cm,22.7
4309050,silt_pct,15-30cm,21.3
4309050,silt_pct,30-60cm,19.4
4309050,silt_pct,60-100cm,19.4
4309050,soc_pct,0-5cm,5.97
4309050,soc_pct,5-15cm,2.22
4309050,soc_pct,15-30cm,1.6
4309050,soc_pct,30-60cm,1.17
4309050,soc_pct,60-100cm,0.61
4309050,ph_h2o,0-5cm,5.2
4309050,ph_h2o,5-15cm,5.2
4309050,ph_h2o,15-30cm,5.2
4309050,ph_h2o,30-60cm,5.3
4309050,ph_h2o,60-100cm,5.3
4309050,bd_kg_dm3,0-5cm,1.13
4309050,bd_kg_dm3,5-15cm,1.17
4309050,bd_kg_dm3,15-30cm,1.24
4309050,bd_kg_dm3,30-60cm,1.28
4309050,bd_kg_dm3,60-100cm,1.3
4309050,cec_cmol_kg,0-5cm,18.7
4309050,cec_cmol_kg,5-15cm,16.4
4309050,cec_cmol_kg,15-30cm,16.4
4309050,cec_cmol_kg,30-60cm,17.5
4309050,cec_cmol_kg,60-100cm,17.4
4309126,clay_pct,0-5cm,50.0
4309126,clay_pct,5-15cm,50.3
4309126,clay_pct,15-30cm,51.1
4309126,clay_pct,30-60cm,57.5
4309126,clay_pct,60-100cm,57.3
4309126,sand_pct,0-5cm,19.4
4309126,sand_pct,5-15cm,19.6
4309126,sand_pct,15-30cm,19.6
4309126,sand_pct,30-60cm,17.3
4309126,sand_pct,60-100cm,16.8
4309126,silt_pct,0-5cm,30.6
4309126,silt_pct,5-15cm,30.1
4309126,silt_pct,15-30cm,29.3
4309126,silt_pct,30-60cm,25.2
4309126,silt_pct,60-100cm,25.9
4309126,soc_pct,0-5cm,5.2
4309126,soc_pct,5-15cm,2.56
4309126,soc_pct,15-30cm,2.54
4309126,soc_pct,30-60cm,1.51
4309126,soc_pct,60-100cm,1.31
4309126,ph_h2o,0-5cm,5.0
4309126,ph_h2o,5-15cm,5.0
4309126,ph_h2o,15-30cm,5.0
4309126,ph_h2o,30-60cm,5.0
4309126,ph_h2o,60-100cm,5.0
4309126,bd_kg_dm3,0-5cm,1.02
4309126,bd_kg_dm3,5-15cm,1.06
4309126,bd_kg_dm3,15-30cm,1.12
4309126,bd_kg_dm3,30-60cm,1.16
4309126,bd_kg_dm3,60-100cm,1.19
4309126,cec_cmol_kg,0-5cm,19.4
4309126,cec_cmol_kg,5-15cm,14.7
4309126,cec_cmol_kg,15-30cm,13.5
4309126,cec_cmol_kg,30-60cm,13.6
4309126,cec_cmol_kg,60-100cm,13.0
4309209,clay_pct,0-5cm,22.7
4309209,clay_pct,5-15cm,22.3
4309209,clay_pct,15-30cm,24.8
4309209,clay_pct,30-60cm,37.7
4309209,clay_pct,60-100cm,37.3
4309209,sand_pct,0-5cm,52.6
4309209,sand_pct,5-15cm,55.2
4309209,sand_pct,15-30cm,54.1
4309209,sand_pct,30-60cm,44.0
4309209,sand_pct,60-100cm,43.6
4309209,ph_h2o,0-5cm,5.2
4309209,ph_h2o,5-15cm,5.2
4309209,ph_h2o,15-30cm,5.1
4309209,ph_h2o,30-60cm,5.2
4309209,ph_h2o,60-100cm,5.2
4309209,bd_kg_dm3,0-5cm,1.1
4309209,bd_kg_dm3,5-15cm,1.15
4309209,bd_kg_dm3,15-30cm,1.2
4309209,bd_kg_dm3,30-60cm,1.3
4309209,bd_kg_dm3,60-100cm,1.32
4309209,cec_cmol_kg,0-5cm,20.8
4309209,cec_cmol_kg,5-15cm,16.7
4309209,cec_cmol_kg,15-30cm,17.0
4309209,cec_cmol_kg,30-60cm,18.2
4309209,cec_cmol_kg,60-100cm,18.1
4309258,sand_pct,0-5cm,19.3
4309258,sand_pct,5-15cm,20.8
4309258,sand_pct,15-30cm,18.9
4309258,sand_pct,30-60cm,15.5
4309258,sand_pct,60-100cm,14.5
4309258,silt_pct,0-5cm,36.9
4309258,silt_pct,5-15cm,35.8
4309258,silt_pct,15-30cm,34.2
4309258,silt_pct,30-60cm,30.4
4309258,silt_pct,60-100cm,31.2
4309258,soc_pct,0-5cm,5.47
4309258,soc_pct,5-15cm,2.37
4309258,soc_pct,15-30cm,2.39
4309258,soc_pct,30-60cm,2.07
4309258,soc_pct,60-100cm,1.87
4309258,ph_h2o,0-5cm,5.1
4309258,ph_h2o,5-15cm,5.1
4309258,ph_h2o,15-30cm,5.1
4309258,ph_h2o,30-60cm,5.1
4309258,ph_h2o,60-100cm,5.1
4309258,bd_kg_dm3,0-5cm,0.94
4309258,bd_kg_dm3,5-15cm,0.97
4309258,bd_kg_dm3,15-30cm,1.03
4309258,bd_kg_dm3,30-60cm,1.08
4309258,bd_kg_dm3,60-100cm,1.12
4309258,cec_cmol_kg,0-5cm,17.3
4309258,cec_cmol_kg,5-15cm,17.5
4309258,cec_cmol_kg,15-30cm,15.3
4309258,cec_cmol_kg,30-60cm,14.5
4309258,cec_cmol_kg,60-100cm,13.9
4309159,clay_pct,0-5cm,33.6
4309159,clay_pct,5-15cm,33.8
4309159,clay_pct,15-30cm,38.2
4309159,clay_pct,30-60cm,48.6
4309159,clay_pct,60-100cm,47.8
4309159,sand_pct,0-5cm,31.5
4309159,sand_pct,5-15cm,31.3
4309159,sand_pct,15-30cm,27.4
4309159,sand_pct,30-60cm,21.4
4309159,sand_pct,60-100cm,20.9
4309159,silt_pct,0-5cm,34.9
4309159,silt_pct,5-15cm,34.9
4309159,silt_pct,15-30cm,34.4
4309159,silt_pct,30-60cm,30.0
4309159,silt_pct,60-100cm,31.3
4309159,soc_pct,0-5cm,6.36
4309159,soc_pct,5-15cm,2.64
4309159,soc_pct,15-30cm,2.46
4309159,soc_pct,30-60cm,1.2
4309159,soc_pct,60-100cm,0.88
4309159,ph_h2o,0-5cm,5.2
4309159,ph_h2o,5-15cm,5.2
4309159,ph_h2o,15-30cm,5.2
4309159,ph_h2o,30-60cm,5.2
4309159,ph_h2o,60-100cm,5.2
4309159,bd_kg_dm3,0-5cm,1.06
4309159,bd_kg_dm3,5-15cm,1.1
4309159,bd_kg_dm3,15-30cm,1.14
4309159,bd_kg_dm3,30-60cm,1.21
4309159,bd_kg_dm3,60-100cm,1.24
4309159,cec_cmol_kg,0-5cm,20.6
4309159,cec_cmol_kg,5-15cm,18.2
4309159,cec_cmol_kg,15-30cm,17.3
4309159,cec_cmol_kg,30-60cm,18.1
4309159,cec_cmol_kg,60-100cm,17.6
4309308,clay_pct,0-5cm,28.6
4309308,clay_pct,5-15cm,28.2
4309308,clay_pct,15-30cm,31.2
4309308,clay_pct,30-60cm,48.6
4309308,clay_pct,60-100cm,51.1
4309308,sand_pct,0-5cm,45.9
4309308,sand_pct,5-15cm,46.5
4309308,sand_pct,15-30cm,43.9
4309308,sand_pct,30-60cm,31.0
4309308,sand_pct,60-100cm,29.1
4309308,silt_pct,0-5cm,25.5
4309308,silt_pct,5-15cm,25.3
4309308,silt_pct,15-30cm,24.9
4309308,silt_pct,30-60cm,20.5
4309308,silt_pct,60-100cm,19.8
4309308,soc_pct,0-5cm,5.8
4309308,soc_pct,5-15cm,1.78
4309308,soc_pct,15-30cm,1.48
4309308,soc_pct,30-60cm,0.94
4309308,soc_pct,60-100cm,0.7
4309308,ph_h2o,0-5cm,5.1
4309308,ph_h2o,5-15cm,5.1
4309308,ph_h2o,15-30cm,5.1
4309308,ph_h2o,30-60cm,5.2
4309308,ph_h2o,60-100cm,5.2
4309308,bd_kg_dm3,0-5cm,1.18
4309308,bd_kg_dm3,5-15cm,1.24
4309308,bd_kg_dm3,15-30cm,1.28
4309308,bd_kg_dm3,30-60cm,1.35
4309308,bd_kg_dm3,60-100cm,1.38
4309308,cec_cmol_kg,0-5cm,19.9
4309308,cec_cmol_kg,5-15cm,15.8
4309308,cec_cmol_kg,15-30cm,16.9
4309308,cec_cmol_kg,30-60cm,18.5
4309308,cec_cmol_kg,60-100cm,18.2
4309506,sand_pct,0-5cm,26.2
4309506,sand_pct,5-15cm,27.0
4309506,sand_pct,15-30cm,26.1
4309506,sand_pct,30-60cm,25.4
4309506,sand_pct,60-100cm,26.3
4309506,silt_pct,0-5cm,32.9
4309506,silt_pct,5-15cm,33.8
4309506,silt_pct,15-30cm,30.8
4309506,silt_pct,30-60cm,29.9
4309506,silt_pct,60-100cm,28.4
4309506,soc_pct,0-5cm,6.66
4309506,soc_pct,5-15cm,3.08
4309506,soc_pct,15-30cm,1.55
4309506,soc_pct,30-60cm,1.0
4309506,soc_pct,60-100cm,0.76
4309506,ph_h2o,0-5cm,5.2
4309506,ph_h2o,5-15cm,5.2
4309506,ph_h2o,15-30cm,5.3
4309506,ph_h2o,30-60cm,5.3
4309506,ph_h2o,60-100cm,5.3
4309506,bd_kg_dm3,0-5cm,1.07
4309506,bd_kg_dm3,5-15cm,1.12
4309506,bd_kg_dm3,15-30cm,1.16
4309506,bd_kg_dm3,30-60cm,1.24
4309506,bd_kg_dm3,60-100cm,1.27
4309506,cec_cmol_kg,0-5cm,24.4
4309506,cec_cmol_kg,5-15cm,20.0
4309506,cec_cmol_kg,15-30cm,19.6
4309506,cec_cmol_kg,30-60cm,20.1
4309506,cec_cmol_kg,60-100cm,17.7
4309407,clay_pct,0-5cm,
4309407,clay_pct,5-15cm,
4309407,clay_pct,15-30cm,
4309407,clay_pct,30-60cm,
4309407,clay_pct,60-100cm,
4309407,sand_pct,0-5cm,
4309407,sand_pct,5-15cm,
4309407,sand_pct,15-30cm,
4309407,sand_pct,30-60cm,
4309407,sand_pct,60-100cm,
4309407,silt_pct,0-5cm,
4309407,silt_pct,5-15cm,
4309407,silt_pct,15-30cm,
4309407,silt_pct,30-60cm,
4309407,silt_pct,60-100cm,
4309407,soc_pct,0-5cm,
4309407,soc_pct,5-15cm,
4309407,soc_pct,15-30cm,
4309407,soc_pct,30-60cm,
4309407,soc_pct,60-100cm,
4309407,ph_h2o,0-5cm,
4309407,ph_h2o,5-15cm,
4309407,ph_h2o,15-30cm,
4309407,ph_h2o,30-60cm,
4309407,ph_h2o,60-100cm,
4309407,bd_kg_dm3,0-5cm,
4309407,bd_kg_dm3,5-15cm,
4309407,bd_kg_dm3,15-30cm,
4309407,bd_kg_dm3,30-60cm,
4309407,bd_kg_dm3,60-100cm,
4309407,cec_cmol_kg,0-5cm,
4309407,cec_cmol_kg,5-15cm,
4309407,cec_cmol_kg,15-30cm,
4309407,cec_cmol_kg,30-60cm,
4309407,cec_cmol_kg,60-100cm,
4309555,clay_pct,0-5cm,29.4
4309555,clay_pct,5-15cm,28.1
4309555,clay_pct,15-30cm,32.2
4309555,clay_pct,30-60cm,45.8
4309555,clay_pct,60-100cm,48.9
4309555,sand_pct,0-5cm,38.6
4309555,sand_pct,5-15cm,39.2
4309555,sand_pct,15-30cm,35.5
4309555,sand_pct,30-60cm,26.7
4309555,sand_pct,60-100cm,24.7
4309555,silt_pct,0-5cm,32.0
4309555,silt_pct,5-15cm,32.7
4309555,silt_pct,15-30cm,32.4
4309555,silt_pct,30-60cm,27.5
4309555,silt_pct,60-100cm,26.4
4309555,soc_pct,0-5cm,6.97
4309555,soc_pct,5-15cm,2.32
4309555,soc_pct,15-30cm,1.82
4309555,soc_pct,30-60cm,1.24
4309555,soc_pct,60-100cm,0.87
4309555,ph_h2o,0-5cm,5.2
4309555,ph_h2o,5-15cm,5.3
4309555,ph_h2o,15-30cm,5.3
4309555,ph_h2o,30-60cm,5.1
4309555,ph_h2o,60-100cm,5.1
4309555,bd_kg_dm3,0-5cm,1.09
4309555,bd_kg_dm3,5-15cm,1.14
4309555,bd_kg_dm3,15-30cm,1.21
4309555,bd_kg_dm3,30-60cm,1.24
4309555,bd_kg_dm3,60-100cm,1.29
4309555,cec_cmol_kg,0-5cm,22.1
4309555,cec_cmol_kg,5-15cm,16.9
4309555,cec_cmol_kg,15-30cm,17.9
4309555,cec_cmol_kg,30-60cm,19.9
4309555,cec_cmol_kg,60-100cm,18.3
4309571,clay_pct,0-5cm,34.1
4309571,clay_pct,5-15cm,33.9
4309571,clay_pct,15-30cm,39.0
4309571,clay_pct,30-60cm,46.3
4309571,clay_pct,60-100cm,47.3
4309571,sand_pct,0-5cm,33.3
4309571,sand_pct,5-15cm,33.0
4309571,sand_pct,15-30cm,29.6
4309571,sand_pct,30-60cm,24.6
4309571,sand_pct,60-100cm,23.7
4309571,silt_pct,0-5cm,32.6
4309571,silt_pct,5-15cm,33.1
4309571,silt_pct,15-30cm,31.4
4309571,silt_pct,30-60cm,29.2
4309571,silt_pct,60-100cm,29.0
4309571,soc_pct,0-5cm,6.3
4309571,soc_pct,5-15cm,3.14
4309571,soc_pct,15-30cm,2.25
4309571,soc_pct,30-60cm,1.21
4309571,soc_pct,60-100cm,0.83
4309571,ph_h2o,0-5cm,5.2
4309571,ph_h2o,5-15cm,5.3
4309571,ph_h2o,15-30cm,5.2
4309571,ph_h2o,30-60cm,5.2
4309571,ph_h2o,60-100cm,5.1
4309571,bd_kg_dm3,0-5cm,1.01
4309571,bd_kg_dm3,5-15cm,1.02
4309571,bd_kg_dm3,15-30cm,1.08
4309571,bd_kg_dm3,30-60cm,1.17
4309571,bd_kg_dm3,60-100cm,1.21
4309571,cec_cmol_kg,0-5cm,18.7
4309571,cec_cmol_kg,5-15cm,18.7
4309571,cec_cmol_kg,15-30cm,17.7
4309571,cec_cmol_kg,30-60cm,18.0
4309571,cec_cmol_kg,60-100cm,17.3
4309605,clay_pct,0-5cm,41.1
4309605,clay_pct,5-15cm,38.8
4309605,clay_pct,15-30cm,40.6
4309605,clay_pct,30-60cm,46.5
4309605,clay_pct,60-100cm,46.2
4309605,sand_pct,0-5cm,23.3
4309605,sand_pct,5-15cm,23.9
4309605,sand_pct,15-30cm,23.4
4309605,sand_pct,30-60cm,21.1
4309605,sand_pct,60-100cm,21.5
4309605,silt_pct,0-5cm,35.6
4309605,silt_pct,5-15cm,37.4
4309605,silt_pct,15-30cm,36.0
4309605,silt_pct,30-60cm,32.4
4309605,silt_pct,60-100cm,32.2
4309605,soc_pct,0-5cm,5.48
4309605,soc_pct,5-15cm,2.22
4309605,soc_pct,15-30cm,1.5
4309605,soc_pct,30-60cm,1.07
4309605,soc_pct,60-100cm,0.77
4309605,ph_h2o,0-5cm,5.1
4309605,ph_h2o,5-15cm,5.2
4309605,ph_h2o,15-30cm,5.2
4309605,ph_h2o,30-60cm,5.2
4309605,ph_h2o,60-100cm,5.2
4309605,bd_kg_dm3,0-5cm,1.04
4309605,bd_kg_dm3,5-15cm,1.09
4309605,bd_kg_dm3,15-30cm,1.14
4309605,bd_kg_dm3,30-60cm,1.25
4309605,bd_kg_dm3,60-100cm,1.28
4309605,cec_cmol_kg,0-5cm,25.3
4309605,cec_cmol_kg,5-15cm,22.8
4309605,cec_cmol_kg,15-30cm,22.9
4309605,cec_cmol_kg,30-60cm,23.7
4309605,cec_cmol_kg,60-100cm,22.9
4309704,clay_pct,0-5cm,45.8
4309704,clay_pct,5-15cm,46.1
4309704,clay_pct,15-30cm,49.0
4309704,clay_pct,30-60cm,55.1
4309704,clay_pct,60-100cm,56.1
4309704,sand_pct,0-5cm,22.4
4309704,sand_pct,5-15cm,22.3
4309704,sand_pct,15-30cm,21.6
4309704,sand_pct,30-60cm,18.8
4309704,sand_pct,60-100cm,18.1
4309704,silt_pct,0-5cm,31.8
4309704,silt_pct,5-15cm,31.5
4309704,silt_pct,15-30cm,29.5
4309704,silt_pct,30-60cm,26.1
4309704,silt_pct,60-100cm,25.8
4309704,soc_pct,0-5cm,5.87
4309704,soc_pct,5-15cm,2.35
4309704,soc_pct,15-30cm,2.05
4309704,soc_pct,30-60cm,1.04
4309704,soc_pct,60-100cm,0.68
4309704,ph_h2o,0-5cm,5.1
4309704,ph_h2o,5-15cm,5.1
4309704,ph_h2o,15-30cm,5.1
4309704,ph_h2o,30-60cm,5.1
4309704,ph_h2o,60-100cm,5.2
4309704,bd_kg_dm3,0-5cm,1.06
4309704,bd_kg_dm3,5-15cm,1.11
4309704,bd_kg_dm3,15-30cm,1.17
4309704,bd_kg_dm3,30-60cm,1.21
4309704,bd_kg_dm3,60-100cm,1.23
4309704,cec_cmol_kg,0-5cm,24.6
4309704,cec_cmol_kg,5-15cm,20.7
4309704,cec_cmol_kg,15-30cm,20.1
4309704,cec_cmol_kg,30-60cm,18.9
4309704,cec_cmol_kg,60-100cm,16.8
4309654,clay_pct,0-5cm,30.8
4309654,clay_pct,5-15cm,31.1
4309654,clay_pct,15-30cm,32.7
4309654,clay_pct,30-60cm,41.4
4309654,clay_pct,60-100cm,41.3
4309654,sand_pct,0-5cm,22.8
4309654,sand_pct,5-15cm,22.5
4309654,sand_pct,15-30cm,21.4
4309654,sand_pct,30-60cm,17.2
4309654,sand_pct,60-100cm,16.7
4309654,silt_pct,0-5cm,46.4
4309654,silt_pct,5-15cm,46.4
4309654,silt_pct,15-30cm,45.9
4309654,silt_pct,30-60cm,41.4
4309654,silt_pct,60-100cm,42.0
4309654,soc_pct,0-5cm,4.33
4309654,soc_pct,5-15cm,2.39
4309654,soc_pct,15-30cm,1.44
4309654,soc_pct,30-60cm,0.89
4309654,soc_pct,60-100cm,0.56
4309654,ph_h2o,0-5cm,5.6
4309654,ph_h2o,5-15cm,5.6
4309654,ph_h2o,15-30cm,5.6
4309654,ph_h2o,30-60cm,5.9
4309654,ph_h2o,60-100cm,6.2
4309654,bd_kg_dm3,0-5cm,1.3
4309654,bd_kg_dm3,5-15cm,1.36
4309654,bd_kg_dm3,15-30cm,1.42
4309654,bd_kg_dm3,30-60cm,1.49
4309654,bd_kg_dm3,60-100cm,1.53
4309654,cec_cmol_kg,0-5cm,25.2
4309654,cec_cmol_kg,5-15cm,18.7
4309654,cec_cmol_kg,15-30cm,19.9
4309654,cec_cmol_kg,30-60cm,21.5
4309654,cec_cmol_kg,60-100cm,21.1
4309753,clay_pct,0-5cm,37.6
4309753,clay_pct,5-15cm,37.8
4309753,clay_pct,15-30cm,41.8
4309753,clay_pct,30-60cm,48.4
4309753,clay_pct,60-100cm,49.8
4309753,sand_pct,0-5cm,27.4
4309753,sand_pct,5-15cm,28.7
4309753,sand_pct,15-30cm,25.8
4309753,sand_pct,30-60cm,22.1
4309753,sand_pct,60-100cm,20.8
4309753,silt_pct,0-5cm,35.0
4309753,silt_pct,5-15cm,33.5
4309753,silt_pct,15-30cm,32.4
4309753,silt_pct,30-60cm,29.5
4309753,silt_pct,60-100cm,29.4
4309753,soc_pct,0-5cm,6.24
4309753,soc_pct,5-15cm,2.88
4309753,soc_pct,15-30cm,3.51
4309753,soc_pct,30-60cm,1.59
4309753,soc_pct,60-100cm,1.16
4309753,ph_h2o,0-5cm,5.5
4309753,ph_h2o,5-15cm,5.4
4309753,ph_h2o,15-30cm,5.4
4309753,ph_h2o,30-60cm,5.2
4309753,ph_h2o,60-100cm,5.2
4309753,bd_kg_dm3,0-5cm,1.09
4309753,bd_kg_dm3,5-15cm,1.11
4309753,bd_kg_dm3,15-30cm,1.13
4309753,bd_kg_dm3,30-60cm,1.2
4309753,bd_kg_dm3,60-100cm,1.24
4309753,cec_cmol_kg,0-5cm,20.8
4309753,cec_cmol_kg,5-15cm,16.0
4309753,cec_cmol_kg,15-30cm,16.1
4309753,cec_cmol_kg,30-60cm,16.8
4309753,cec_cmol_kg,60-100cm,16.7
4309902,clay_pct,0-5cm,51.8
4309902,clay_pct,5-15cm,48.5
4309902,clay_pct,15-30cm,49.5
4309902,clay_pct,30-60cm,54.2
4309902,clay_pct,60-100cm,54.0
4309902,sand_pct,0-5cm,13.1
4309902,sand_pct,5-15cm,14.5
4309902,sand_pct,15-30cm,14.1
4309902,sand_pct,30-60cm,12.7
4309902,sand_pct,60-100cm,12.4
4309902,silt_pct,0-5cm,35.1
4309902,silt_pct,5-15cm,37.1
4309902,silt_pct,15-30cm,36.4
4309902,silt_pct,30-60cm,33.1
4309902,silt_pct,60-100cm,33.6
4309902,soc_pct,0-5cm,4.76
4309902,soc_pct,5-15cm,2.37
4309902,soc_pct,15-30cm,2.24
4309902,soc_pct,30-60cm,1.19
4309902,soc_pct,60-100cm,0.85
4309902,ph_h2o,0-5cm,5.1
4309902,ph_h2o,5-15cm,5.1
4309902,ph_h2o,15-30cm,5.1
4309902,ph_h2o,30-60cm,5.0
4309902,ph_h2o,60-100cm,5.1
4309902,bd_kg_dm3,0-5cm,0.94
4309902,bd_kg_dm3,5-15cm,0.98
4309902,bd_kg_dm3,15-30cm,1.02
4309902,bd_kg_dm3,30-60cm,1.07
4309902,bd_kg_dm3,60-100cm,1.11
4309902,cec_cmol_kg,0-5cm,20.2
4309902,cec_cmol_kg,5-15cm,18.7
4309902,cec_cmol_kg,15-30cm,17.4
4309902,cec_cmol_kg,30-60cm,16.6
4309902,cec_cmol_kg,60-100cm,15.8
4309803,clay_pct,0-5cm,57.3
4309803,clay_pct,5-15cm,57.5
4309803,clay_pct,15-30cm,57.4
4309803,clay_pct,30-60cm,62.2
4309803,clay_pct,60-100cm,61.1
4309803,sand_pct,0-5cm,14.6
4309803,sand_pct,5-15cm,15.4
4309803,sand_pct,15-30cm,15.1
4309803,sand_pct,30-60cm,13.1
4309803,sand_pct,60-100cm,12.9
4309803,silt_pct,0-5cm,28.1
4309803,silt_pct,5-15cm,27.1
4309803,silt_pct,15-30cm,27.5
4309803,silt_pct,30-60cm,24.8
4309803,silt_pct,60-100cm,26.0
4309803,soc_pct,0-5cm,4.96
4309803,soc_pct,5-15cm,2.73
4309803,soc_pct,15-30cm,2.07
4309803,soc_pct,30-60cm,1.22
4309803,soc_pct,60-100cm,0.86
4309803,ph_h2o,0-5cm,5.0
4309803,ph_h2o,5-15cm,5.0
4309803,ph_h2o,15-30cm,5.0
4309803,ph_h2o,30-60cm,5.0
4309803,ph_h2o,60-100cm,5.0
4309803,bd_kg_dm3,0-5cm,0.98
4309803,bd_kg_dm3,5-15cm,1.04
4309803,bd_kg_dm3,15-30cm,1.11
4309803,bd_kg_dm3,30-60cm,1.12
4309803,bd_kg_dm3,60-100cm,1.16
4309803,cec_cmol_kg,0-5cm,26.7
4309803,cec_cmol_kg,5-15cm,25.2
4309803,cec_cmol_kg,15-30cm,23.9
4309803,cec_cmol_kg,30-60cm,23.7
4309803,cec_cmol_kg,60-100cm,21.6
4309951,clay_pct,0-5cm,48.2
4309951,clay_pct,5-15cm,50.8
4309951,clay_pct,15-30cm,51.5
4309951,clay_pct,30-60cm,58.0
4309951,clay_pct,60-100cm,60.2
4309951,sand_pct,0-5cm,21.9
4309951,sand_pct,5-15cm,22.1
4309951,sand_pct,15-30cm,21.1
4309951,sand_pct,30-60cm,18.7
4309951,sand_pct,60-100cm,17.4
4309951,silt_pct,0-5cm,29.9
4309951,silt_pct,5-15cm,27.2
4309951,silt_pct,15-30cm,27.4
4309951,silt_pct,30-60cm,23.2
4309951,silt_pct,60-100cm,22.4
4309951,soc_pct,0-5cm,5.48
4309951,soc_pct,5-15cm,2.73
4309951,soc_pct,15-30cm,1.9
4309951,soc_pct,30-60cm,1.0
4309951,soc_pct,60-100cm,0.7
4309951,bd_kg_dm3,0-5cm,1.09
4309951,bd_kg_dm3,5-15cm,1.16
4309951,bd_kg_dm3,15-30cm,1.2
4309951,bd_kg_dm3,30-60cm,1.25
4309951,bd_kg_dm3,60-100cm,1.27
4309951,cec_cmol_kg,0-5cm,20.6
4309951,cec_cmol_kg,5-15cm,18.3
4309951,cec_cmol_kg,15-30cm,17.6
4309951,cec_cmol_kg,30-60cm,16.7
4309951,cec_cmol_kg,60-100cm,16.3
4310009,clay_pct,0-5cm,44.1
4310009,clay_pct,5-15cm,45.5
4310009,clay_pct,15-30cm,48.3
4310009,clay_pct,30-60cm,50.5
4310009,clay_pct,60-100cm,51.4
4310009,sand_pct,0-5cm,28.5
4310009,sand_pct,5-15cm,27.6
4310009,sand_pct,15-30cm,26.1
4310009,sand_pct,30-60cm,26.2
4310009,sand_pct,60-100cm,26.2
4310009,silt_pct,0-5cm,27.5
4310009,silt_pct,5-15cm,26.9
4310009,silt_pct,15-30cm,25.6
4310009,silt_pct,30-60cm,23.4
4310009,silt_pct,60-100cm,22.4
4310009,soc_pct,0-5cm,4.79
4310009,soc_pct,5-15cm,2.0
4310009,soc_pct,15-30cm,1.61
4310009,soc_pct,30-60cm,0.86
4310009,soc_pct,60-100cm,0.56
4310009,ph_h2o,0-5cm,5.1
4310009,ph_h2o,5-15cm,5.1
4310009,ph_h2o,15-30cm,5.1
4310009,ph_h2o,30-60cm,5.1
4310009,ph_h2o,60-100cm,5.1
4310009,bd_kg_dm3,0-5cm,1.18
4310009,bd_kg_dm3,5-15cm,1.23
4310009,bd_kg_dm3,15-30cm,1.29
4310009,bd_kg_dm3,30-60cm,1.33
4310009,bd_kg_dm3,60-100cm,1.34
4310009,cec_cmol_kg,0-5cm,23.0
4310009,cec_cmol_kg,5-15cm,21.2
4310009,cec_cmol_kg,15-30cm,21.3
4310009,cec_cmol_kg,30-60cm,20.7
4310009,cec_cmol_kg,60-100cm,20.6
4310108,clay_pct,0-5cm,
4310108,clay_pct,5-15cm,
4310108,clay_pct,15-30cm,
4310108,clay_pct,30-60cm,
4310108,clay_pct,60-100cm,
4310108,sand_pct,0-5cm,
4310108,sand_pct,5-15cm,
4310108,sand_pct,15-30cm,
4310108,sand_pct,30-60cm,
4310108,sand_pct,60-100cm,
4310108,silt_pct,0-5cm,
4310108,silt_pct,5-15cm,
4310108,silt_pct,15-30cm,
4310108,silt_pct,30-60cm,
4310108,silt_pct,60-100cm,
4310108,soc_pct,0-5cm,
4310108,soc_pct,5-15cm,
4310108,soc_pct,15-30cm,
4310108,soc_pct,30-60cm,
4310108,soc_pct,60-100cm,
4310108,ph_h2o,0-5cm,
4310108,ph_h2o,5-15cm,
4310108,ph_h2o,15-30cm,
4310108,ph_h2o,30-60cm,
4310108,ph_h2o,60-100cm,
4310108,bd_kg_dm3,0-5cm,
4310108,bd_kg_dm3,5-15cm,
4310108,bd_kg_dm3,15-30cm,
4310108,bd_kg_dm3,30-60cm,
4310108,bd_kg_dm3,60-100cm,
4310108,cec_cmol_kg,0-5cm,
4310108,cec_cmol_kg,5-15cm,
4310108,cec_cmol_kg,15-30cm,
4310108,cec_cmol_kg,30-60cm,
4310108,cec_cmol_kg,60-100cm,
4310207,clay_pct,0-5cm,50.2
4310207,clay_pct,5-15cm,50.4
4310207,clay_pct,15-30cm,50.0
4310207,clay_pct,30-60cm,52.8
4310207,clay_pct,60-100cm,51.6
4310207,sand_pct,0-5cm,22.5
4310207,sand_pct,5-15cm,22.6
4310207,sand_pct,15-30cm,22.0
4310207,sand_pct,30-60cm,21.6
4310207,sand_pct,60-100cm,22.1
4310207,silt_pct,0-5cm,27.3
4310207,silt_pct,5-15cm,27.0
4310207,silt_pct,15-30cm,28.0
4310207,silt_pct,30-60cm,25.6
4310207,silt_pct,60-100cm,26.3
4310207,soc_pct,0-5cm,5.73
4310207,soc_pct,5-15cm,2.21
4310207,soc_pct,15-30cm,1.7
4310207,soc_pct,30-60cm,1.22
4310207,soc_pct,60-100cm,0.67
4310207,ph_h2o,0-5cm,5.0
4310207,ph_h2o,5-15cm,5.1
4310207,ph_h2o,15-30cm,5.1
4310207,ph_h2o,30-60cm,5.1
4310207,ph_h2o,60-100cm,5.2
4310207,bd_kg_dm3,0-5cm,1.11
4310207,bd_kg_dm3,5-15cm,1.19
4310207,bd_kg_dm3,15-30cm,1.24
4310207,bd_kg_dm3,30-60cm,1.28
4310207,bd_kg_dm3,60-100cm,1.3
4310207,cec_cmol_kg,0-5cm,23.6
4310207,cec_cmol_kg,5-15cm,19.3
4310207,cec_cmol_kg,15-30cm,19.9
4310207,cec_cmol_kg,30-60cm,21.8
4310207,cec_cmol_kg,60-100cm,19.5
4310306,clay_pct,0-5cm,45.3
4310306,clay_pct,5-15cm,45.8
4310306,clay_pct,15-30cm,49.2
4310306,clay_pct,30-60cm,53.8
4310306,clay_pct,60-100cm,55.7
4310306,sand_pct,0-5cm,14.2
4310306,sand_pct,5-15cm,13.8
4310306,sand_pct,15-30cm,12.5
4310306,sand_pct,30-60cm,11.5
4310306,sand_pct,60-100cm,11.0
4310306,silt_pct,0-5cm,40.5
4310306,silt_pct,5-15cm,40.4
4310306,silt_pct,15-30cm,38.3
4310306,silt_pct,30-60cm,34.7
4310306,silt_pct,60-100cm,33.2
4310306,soc_pct,0-5cm,6.12
4310306,soc_pct,5-15cm,2.71
4310306,soc_pct,15-30cm,2.48
4310306,soc_pct,30-60cm,1.71
4310306,soc_pct,60-100cm,1.14
4310306,ph_h2o,0-5cm,5.2
4310306,ph_h2o,5-15cm,5.1
4310306,ph_h2o,15-30cm,5.1
4310306,ph_h2o,30-60cm,5.2
4310306,ph_h2o,60-100cm,5.2
4310306,bd_kg_dm3,0-5cm,1.0
4310306,bd_kg_dm3,5-15cm,1.03
4310306,bd_kg_dm3,15-30cm,1.09
4310306,bd_kg_dm3,30-60cm,1.14
4310306,bd_kg_dm3,60-100cm,1.18
4310306,cec_cmol_kg,0-5cm,23.7
4310306,cec_cmol_kg,5-15cm,18.6
4310306,cec_cmol_kg,15-30cm,17.7
4310306,cec_cmol_kg,30-60cm,17.5
4310306,cec_cmol_kg,60-100cm,16.3
4310330,clay_pct,0-5cm,20.6
4310330,clay_pct,5-15cm,20.8
4310330,clay_pct,15-30cm,21.3
4310330,clay_pct,30-60cm,27.0
4310330,clay_pct,60-100cm,26.0
4310330,sand_pct,0-5cm,61.7
4310330,sand_pct,5-15cm,63.7
4310330,sand_pct,15-30cm,63.6
4310330,sand_pct,30-60cm,57.9
4310330,sand_pct,60-100cm,59.7
4310330,silt_pct,0-5cm,17.7
4310330,silt_pct,5-15cm,15.5
4310330,silt_pct,15-30cm,15.0
4310330,silt_pct,30-60cm,15.1
4310330,silt_pct,60-100cm,14.4
4310330,soc_pct,0-5cm,8.49
4310330,soc_pct,5-15cm,7.0
4310330,soc_pct,15-30cm,5.12
4310330,soc_pct,30-60cm,4.34
4310330,soc_pct,60-100cm,3.7
4310330,ph_h2o,0-5cm,5.3
4310330,ph_h2o,5-15cm,5.3
4310330,ph_h2o,15-30cm,5.3
4310330,ph_h2o,30-60cm,5.4
4310330,ph_h2o,60-100cm,5.4
4310330,bd_kg_dm3,0-5cm,1.13
4310330,bd_kg_dm3,5-15cm,1.15
4310330,bd_kg_dm3,15-30cm,1.16
4310330,bd_kg_dm3,30-60cm,1.15
4310330,bd_kg_dm3,60-100cm,1.18
4310330,cec_cmol_kg,0-5cm,28.8
4310330,cec_cmol_kg,5-15cm,28.3
4310330,cec_cmol_kg,15-30cm,29.2
4310330,cec_cmol_kg,30-60cm,30.4
4310330,cec_cmol_kg,60-100cm,30.4
4310363,clay_pct,0-5cm,36.9
4310363,clay_pct,5-15cm,37.7
4310363,clay_pct,15-30cm,44.1
4310363,clay_pct,30-60cm,53.8
4310363,clay_pct,60-100cm,55.6
4310363,sand_pct,0-5cm,26.4
4310363,sand_pct,5-15cm,25.9
4310363,sand_pct,15-30cm,21.7
4310363,sand_pct,30-60cm,17.2
4310363,sand_pct,60-100cm,16.5
4310363,silt_pct,0-5cm,36.7
4310363,silt_pct,5-15cm,36.4
4310363,silt_pct,15-30cm,34.2
4310363,silt_pct,30-60cm,29.0
4310363,silt_pct,60-100cm,27.9
4310363,soc_pct,0-5cm,6.04
4310363,soc_pct,5-15cm,2.22
4310363,soc_pct,15-30cm,2.22
4310363,soc_pct,30-60cm,1.28
4310363,soc_pct,60-100cm,0.88
4310363,ph_h2o,0-5cm,5.3
4310363,ph_h2o,5-15cm,5.4
4310363,ph_h2o,15-30cm,5.3
4310363,ph_h2o,30-60cm,5.2
4310363,ph_h2o,60-100cm,5.2
4310363,bd_kg_dm3,0-5cm,1.08
4310363,bd_kg_dm3,5-15cm,1.11
4310363,bd_kg_dm3,15-30cm,1.16
4310363,bd_kg_dm3,30-60cm,1.23
4310363,bd_kg_dm3,60-100cm,1.27
4310363,cec_cmol_kg,0-5cm,20.3
4310363,cec_cmol_kg,5-15cm,15.6
4310363,cec_cmol_kg,15-30cm,16.3
4310363,cec_cmol_kg,30-60cm,17.9
4310363,cec_cmol_kg,60-100cm,17.0
4310413,clay_pct,0-5cm,49.5
4310413,clay_pct,5-15cm,49.5
4310413,clay_pct,15-30cm,49.0
4310413,clay_pct,30-60cm,55.1
4310413,clay_pct,60-100cm,56.5
4310413,sand_pct,0-5cm,20.0
4310413,sand_pct,5-15cm,20.1
4310413,sand_pct,15-30cm,21.5
4310413,sand_pct,30-60cm,18.9
4310413,sand_pct,60-100cm,18.3
4310413,silt_pct,0-5cm,30.5
4310413,silt_pct,5-15cm,30.5
4310413,silt_pct,15-30cm,29.5
4310413,silt_pct,30-60cm,26.0
4310413,silt_pct,60-100cm,25.2
4310413,soc_pct,0-5cm,5.3
4310413,soc_pct,5-15cm,2.25
4310413,soc_pct,15-30cm,1.46
4310413,soc_pct,30-60cm,0.92
4310413,soc_pct,60-100cm,0.62
4310413,ph_h2o,0-5cm,5.1
4310413,ph_h2o,5-15cm,5.1
4310413,ph_h2o,15-30cm,5.1
4310413,ph_h2o,30-60cm,5.1
4310413,ph_h2o,60-100cm,5.2
4310413,bd_kg_dm3,0-5cm,1.11
4310413,bd_kg_dm3,5-15cm,1.15
4310413,bd_kg_dm3,15-30cm,1.23
4310413,bd_kg_dm3,30-60cm,1.25
4310413,bd_kg_dm3,60-100cm,1.27
4310413,cec_cmol_kg,0-5cm,24.7
4310413,cec_cmol_kg,5-15cm,19.4
4310413,cec_cmol_kg,15-30cm,18.0
4310413,cec_cmol_kg,30-60cm,18.0
4310413,cec_cmol_kg,60-100cm,16.6
4310405,clay_pct,0-5cm,42.3
4310405,clay_pct,5-15cm,40.0
4310405,clay_pct,15-30cm,43.1
4310405,clay_pct,30-60cm,48.1
4310405,clay_pct,60-100cm,49.6
4310405,sand_pct,0-5cm,24.8
4310405,sand_pct,5-15cm,25.8
4310405,sand_pct,15-30cm,25.6
4310405,sand_pct,30-60cm,24.2
4310405,sand_pct,60-100cm,23.3
4310405,silt_pct,0-5cm,33.0
4310405,silt_pct,5-15cm,34.2
4310405,silt_pct,15-30cm,31.3
4310405,silt_pct,30-60cm,27.7
4310405,silt_pct,60-100cm,27.1
4310405,soc_pct,0-5cm,4.97
4310405,soc_pct,5-15cm,2.35
4310405,soc_pct,15-30cm,1.44
4310405,soc_pct,30-60cm,1.04
4310405,soc_pct,60-100cm,0.97
4310405,ph_h2o,0-5cm,5.1
4310405,ph_h2o,5-15cm,5.1
4310405,ph_h2o,15-30cm,5.1
4310405,ph_h2o,30-60cm,5.1
4310405,ph_h2o,60-100cm,5.2
4310405,bd_kg_dm3,0-5cm,1.08
4310405,bd_kg_dm3,5-15cm,1.13
4310405,bd_kg_dm3,15-30cm,1.19
4310405,bd_kg_dm3,30-60cm,1.25
4310405,bd_kg_dm3,60-100cm,1.28
4310405,cec_cmol_kg,0-5cm,22.0
4310405,cec_cmol_kg,5-15cm,19.0
4310405,cec_cmol_kg,15-30cm,17.3
4310405,cec_cmol_kg,30-60cm,17.4
4310405,cec_cmol_kg,60-100cm,15.8
4310439,clay_pct,0-5cm,48.3
4310439,clay_pct,5-15cm,46.2
4310439,clay_pct,15-30cm,47.8
4310439,clay_pct,30-60cm,53.9
4310439,clay_pct,60-100cm,55.1
4310439,sand_pct,0-5cm,16.3
4310439,sand_pct,5-15cm,16.4
4310439,sand_pct,15-30cm,15.9
4310439,sand_pct,30-60cm,13.6
4310439,sand_pct,60-100cm,13.0
4310439,silt_pct,0-5cm,35.5
4310439,silt_pct,5-15cm,37.4
4310439,silt_pct,15-30cm,36.3
4310439,silt_pct,30-60cm,32.5
4310439,silt_pct,60-100cm,31.9
4310439,soc_pct,0-5cm,6.23
4310439,soc_pct,5-15cm,2.88
4310439,soc_pct,15-30cm,2.47
4310439,soc_pct,30-60cm,1.24
4310439,soc_pct,60-100cm,0.72
4310439,ph_h2o,0-5cm,5.1
4310439,ph_h2o,5-15cm,5.1
4310439,ph_h2o,15-30cm,5.1
4310439,ph_h2o,30-60cm,5.1
4310439,ph_h2o,60-100cm,5.0
4310439,bd_kg_dm3,0-5cm,0.97
4310439,bd_kg_dm3,5-15cm,1.0
4310439,bd_kg_dm3,15-30cm,1.03
4310439,bd_kg_dm3,30-60cm,1.08
4310439,bd_kg_dm3,60-100cm,1.1
4310439,cec_cmol_kg,0-5cm,19.6
4310439,cec_cmol_kg,5-15cm,17.4
4310439,cec_cmol_kg,15-30cm,16.1
4310439,cec_cmol_kg,30-60cm,15.1
4310439,cec_cmol_kg,60-100cm,14.1
4310462,clay_pct,0-5cm,49.8
4310462,clay_pct,5-15cm,48.2
4310462,clay_pct,15-30cm,52.1
4310462,clay_pct,30-60cm,60.3
4310462,clay_pct,60-100cm,60.2
4310462,sand_pct,0-5cm,22.6
4310462,sand_pct,5-15cm,23.5
4310462,sand_pct,15-30cm,21.1
4310462,sand_pct,30-60cm,17.9
4310462,sand_pct,60-100cm,17.4
4310462,silt_pct,0-5cm,27.6
4310462,silt_pct,5-15cm,28.3
4310462,silt_pct,15-30cm,26.8
4310462,silt_pct,30-60cm,21.9
4310462,silt_pct,60-100cm,22.4
4310462,soc_pct,0-5cm,6.05
4310462,soc_pct,5-15cm,2.61
4310462,soc_pct,15-30cm,2.03
4310462,soc_pct,30-60cm,1.08
4310462,soc_pct,60-100cm,0.7
4310462,ph_h2o,0-5cm,5.1
4310462,ph_h2o,5-15cm,5.0
4310462,ph_h2o,15-30cm,5.1
4310462,ph_h2o,30-60cm,5.0
4310462,ph_h2o,60-100cm,5.1
4310462,bd_kg_dm3,0-5cm,1.0
4310462,bd_kg_dm3,5-15cm,1.05
4310462,bd_kg_dm3,15-30cm,1.13
4310462,bd_kg_dm3,30-60cm,1.18
4310462,bd_kg_dm3,60-100cm,1.21
4310462,cec_cmol_kg,0-5cm,25.8
4310462,cec_cmol_kg,5-15cm,25.3
4310462,cec_cmol_kg,15-30cm,24.9
4310462,cec_cmol_kg,30-60cm,24.3
4310462,cec_cmol_kg,60-100cm,21.7
4310504,clay_pct,0-5cm,40.3
4310504,clay_pct,5-15cm,39.9
4310504,clay_pct,15-30cm,41.3
4310504,clay_pct,30-60cm,43.5
4310504,clay_pct,60-100cm,44.6
4310504,sand_pct,0-5cm,22.1
4310504,sand_pct,5-15cm,22.4
4310504,sand_pct,15-30cm,22.4
4310504,sand_pct,30-60cm,21.7
4310504,sand_pct,60-100cm,20.9
4310504,silt_pct,0-5cm,37.6
4310504,silt_pct,5-15cm,37.7
4310504,silt_pct,15-30cm,36.3
4310504,silt_pct,30-60cm,34.7
4310504,silt_pct,60-100cm,34.5
4310504,soc_pct,0-5cm,7.3
4310504,soc_pct,5-15cm,2.89
4310504,soc_pct,15-30cm,2.6
4310504,soc_pct,30-60cm,1.97
4310504,soc_pct,60-100cm,1.64
4310504,ph_h2o,0-5cm,5.1
4310504,ph_h2o,5-15cm,5.1
4310504,ph_h2o,15-30cm,5.2
4310504,ph_h2o,30-60cm,5.1
4310504,ph_h2o,60-100cm,5.1
4310504,bd_kg_dm3,0-5cm,0.98
4310504,bd_kg_dm3,5-15cm,1.03
4310504,bd_kg_dm3,15-30cm,1.07
4310504,bd_kg_dm3,30-60cm,1.13
4310504,bd_kg_dm3,60-100cm,1.16
4310504,cec_cmol_kg,0-5cm,19.5
4310504,cec_cmol_kg,5-15cm,15.2
4310504,cec_cmol_kg,15-30cm,14.9
4310504,cec_cmol_kg,30-60cm,15.5
4310504,cec_cmol_kg,60-100cm,15.1
4310553,clay_pct,0-5cm,41.5
4310553,clay_pct,5-15cm,41.5
4310553,clay_pct,15-30cm,42.9
4310553,clay_pct,30-60cm,47.8
4310553,clay_pct,60-100cm,46.7
4310553,sand_pct,0-5cm,22.8
4310553,sand_pct,5-15cm,23.3
4310553,sand_pct,15-30cm,23.3
4310553,sand_pct,30-60cm,20.9
4310553,sand_pct,60-100cm,21.1
4310553,silt_pct,0-5cm,35.7
4310553,silt_pct,5-15cm,35.2
4310553,silt_pct,15-30cm,33.9
4310553,silt_pct,30-60cm,31.2
4310553,silt_pct,60-100cm,32.1
4310553,soc_pct,0-5cm,6.06
4310553,soc_pct,5-15cm,2.69
4310553,soc_pct,15-30cm,2.04
4310553,soc_pct,30-60cm,1.29
4310553,soc_pct,60-100cm,1.23
4310553,ph_h2o,0-5cm,5.3
4310553,ph_h2o,5-15cm,5.3
4310553,ph_h2o,15-30cm,5.3
4310553,ph_h2o,30-60cm,5.3
4310553,ph_h2o,60-100cm,5.4
4310553,bd_kg_dm3,0-5cm,1.13
4310553,bd_kg_dm3,5-15cm,1.21
4310553,bd_kg_dm3,15-30cm,1.23
4310553,bd_kg_dm3,30-60cm,1.36
4310553,bd_kg_dm3,60-100cm,1.4
4310553,cec_cmol_kg,0-5cm,23.6
4310553,cec_cmol_kg,5-15cm,20.0
4310553,cec_cmol_kg,15-30cm,20.0
4310553,cec_cmol_kg,30-60cm,22.2
4310553,cec_cmol_kg,60-100cm,21.6
4310538,clay_pct,0-5cm,33.3
4310538,clay_pct,5-15cm,33.8
4310538,clay_pct,15-30cm,34.8
4310538,clay_pct,30-60cm,38.0
4310538,clay_pct,60-100cm,41.8
4310538,sand_pct,0-5cm,26.5
4310538,sand_pct,5-15cm,25.7
4310538,sand_pct,15-30cm,24.2
4310538,sand_pct,30-60cm,23.4
4310538,sand_pct,60-100cm,21.9
4310538,silt_pct,0-5cm,40.2
4310538,silt_pct,5-15cm,40.6
4310538,silt_pct,15-30cm,41.1
4310538,silt_pct,30-60cm,38.6
4310538,silt_pct,60-100cm,36.3
4310538,soc_pct,0-5cm,7.63
4310538,soc_pct,5-15cm,2.97
4310538,soc_pct,15-30cm,2.35
4310538,soc_pct,30-60cm,1.15
4310538,soc_pct,60-100cm,0.75
4310538,ph_h2o,0-5cm,5.3
4310538,ph_h2o,5-15cm,5.2
4310538,ph_h2o,15-30cm,5.2
4310538,ph_h2o,30-60cm,5.3
4310538,ph_h2o,60-100cm,5.4
4310538,bd_kg_dm3,0-5cm,1.07
4310538,bd_kg_dm3,5-15cm,1.14
4310538,bd_kg_dm3,15-30cm,1.15
4310538,bd_kg_dm3,30-60cm,1.24
4310538,bd_kg_dm3,60-100cm,1.3
4310538,cec_cmol_kg,0-5cm,19.2
4310538,cec_cmol_kg,5-15cm,15.7
4310538,cec_cmol_kg,15-30cm,15.5
4310538,cec_cmol_kg,30-60cm,15.8
4310538,cec_cmol_kg,60-100cm,15.9
4310579,clay_pct,0-5cm,49.7
4310579,clay_pct,5-15cm,48.6
4310579,clay_pct,15-30cm,51.2
4310579,clay_pct,30-60cm,55.0
4310579,clay_pct,60-100cm,56.0
4310579,sand_pct,0-5cm,16.3
4310579,sand_pct,5-15cm,16.3
4310579,sand_pct,15-30cm,15.3
4310579,sand_pct,30-60cm,13.7
4310579,sand_pct,60-100cm,13.4
4310579,silt_pct,0-5cm,34.0
4310579,silt_pct,5-15cm,35.1
4310579,silt_pct,15-30cm,33.5
4310579,silt_pct,30-60cm,31.3
4310579,silt_pct,60-100cm,30.6
4310579,soc_pct,0-5cm,6.62
4310579,soc_pct,5-15cm,3.12
4310579,soc_pct,15-30cm,1.94
4310579,soc_pct,30-60cm,1.67
4310579,soc_pct,60-100cm,1.84
4310579,ph_h2o,0-5cm,5.2
4310579,ph_h2o,5-15cm,5.2
4310579,ph_h2o,15-30cm,5.2
4310579,ph_h2o,30-60cm,5.2
4310579,ph_h2o,60-100cm,5.2
4310579,bd_kg_dm3,0-5cm,0.96
4310579,bd_kg_dm3,5-15cm,1.0
4310579,bd_kg_dm3,15-30cm,1.06
4310579,bd_kg_dm3,30-60cm,1.12
4310579,bd_kg_dm3,60-100cm,1.16
4310579,cec_cmol_kg,0-5cm,21.0
4310579,cec_cmol_kg,5-15cm,18.7
4310579,cec_cmol_kg,15-30cm,17.2
4310579,cec_cmol_kg,30-60cm,16.5
4310579,cec_cmol_kg,60-100cm,15.8
4310603,clay_pct,0-5cm,32.1
4310603,clay_pct,5-15cm,33.0
4310603,clay_pct,15-30cm,35.0
4310603,clay_pct,30-60cm,44.1
4310603,clay_pct,60-100cm,45.3
4310603,sand_pct,0-5cm,31.6
4310603,sand_pct,5-15cm,30.8
4310603,sand_pct,15-30cm,29.7
4310603,sand_pct,30-60cm,25.3
4310603,sand_pct,60-100cm,26.0
4310603,silt_pct,0-5cm,36.3
4310603,silt_pct,5-15cm,36.2
4310603,silt_pct,15-30cm,35.4
4310603,silt_pct,30-60cm,30.6
4310603,silt_pct,60-100cm,28.7
4310603,soc_pct,0-5cm,3.34
4310603,soc_pct,5-15cm,1.76
4310603,soc_pct,15-30cm,1.47
4310603,soc_pct,30-60cm,0.79
4310603,soc_pct,60-100cm,0.46
4310603,ph_h2o,0-5cm,5.4
4310603,ph_h2o,5-15cm,5.4
4310603,ph_h2o,15-30cm,5.4
4310603,ph_h2o,30-60cm,5.5
4310603,ph_h2o,60-100cm,5.6
4310603,bd_kg_dm3,0-5cm,1.29
4310603,bd_kg_dm3,5-15cm,1.35
4310603,bd_kg_dm3,15-30cm,1.45
4310603,bd_kg_dm3,30-60cm,1.55
4310603,bd_kg_dm3,60-100cm,1.55
4310603,cec_cmol_kg,0-5cm,20.1
4310603,cec_cmol_kg,5-15cm,17.8
4310603,cec_cmol_kg,15-30cm,18.4
4310603,cec_cmol_kg,30-60cm,20.2
4310603,cec_cmol_kg,60-100cm,19.8
4310652,clay_pct,0-5cm,39.0
4310652,clay_pct,5-15cm,38.7
4310652,clay_pct,15-30cm,40.4
4310652,clay_pct,30-60cm,47.0
4310652,clay_pct,60-100cm,47.9
4310652,sand_pct,0-5cm,28.2
4310652,sand_pct,5-15cm,28.8
4310652,sand_pct,15-30cm,27.5
4310652,sand_pct,30-60cm,23.5
4310652,sand_pct,60-100cm,23.0
4310652,silt_pct,0-5cm,32.7
4310652,silt_pct,5-15cm,32.5
4310652,silt_pct,15-30cm,32.1
4310652,silt_pct,30-60cm,29.5
4310652,silt_pct,60-100cm,29.1
4310652,soc_pct,0-5cm,9.43
4310652,soc_pct,5-15cm,5.45
4310652,soc_pct,15-30cm,4.26
4310652,soc_pct,30-60cm,2.97
4310652,soc_pct,60-100cm,2.21
4310652,ph_h2o,0-5cm,5.2
4310652,ph_h2o,5-15cm,5.2
4310652,ph_h2o,15-30cm,5.3
4310652,ph_h2o,30-60cm,5.4
4310652,ph_h2o,60-100cm,5.3
4310652,bd_kg_dm3,0-5cm,0.94
4310652,bd_kg_dm3,5-15cm,0.98
4310652,bd_kg_dm3,15-30cm,1.03
4310652,bd_kg_dm3,30-60cm,1.09
4310652,bd_kg_dm3,60-100cm,1.14
4310652,cec_cmol_kg,0-5cm,21.8
4310652,cec_cmol_kg,5-15cm,20.8
4310652,cec_cmol_kg,15-30cm,21.5
4310652,cec_cmol_kg,30-60cm,20.8
4310652,cec_cmol_kg,60-100cm,19.9
4310751,clay_pct,0-5cm,30.7
4310751,clay_pct,5-15cm,30.0
4310751,clay_pct,15-30cm,33.7
4310751,clay_pct,30-60cm,40.0
4310751,clay_pct,60-100cm,40.7
4310751,sand_pct,0-5cm,31.6
4310751,sand_pct,5-15cm,34.4
4310751,sand_pct,15-30cm,31.2
4310751,sand_pct,30-60cm,27.0
4310751,sand_pct,60-100cm,25.9
4310751,silt_pct,0-5cm,37.7
4310751,silt_pct,5-15cm,35.6
4310751,silt_pct,15-30cm,35.1
4310751,silt_pct,30-60cm,33.0
4310751,silt_pct,60-100cm,33.5
4310751,soc_pct,0-5cm,6.8
4310751,soc_pct,5-15cm,2.09
4310751,soc_pct,15-30cm,2.71
4310751,soc_pct,30-60cm,1.74
4310751,soc_pct,60-100cm,1.0
4310751,ph_h2o,0-5cm,5.3
4310751,ph_h2o,5-15cm,5.3
4310751,ph_h2o,15-30cm,5.3
4310751,ph_h2o,30-60cm,5.3
4310751,ph_h2o,60-100cm,5.3
4310751,bd_kg_dm3,0-5cm,1.1
4310751,bd_kg_dm3,5-15cm,1.14
4310751,bd_kg_dm3,15-30cm,1.18
4310751,bd_kg_dm3,30-60cm,1.26
4310751,bd_kg_dm3,60-100cm,1.3
4310751,cec_cmol_kg,0-5cm,18.0
4310751,cec_cmol_kg,5-15cm,15.5
4310751,cec_cmol_kg,15-30cm,15.4
4310751,cec_cmol_kg,30-60cm,15.1
4310751,cec_cmol_kg,60-100cm,15.2
4310702,clay_pct,0-5cm,39.1
4310702,clay_pct,5-15cm,39.2
4310702,clay_pct,15-30cm,41.8
4310702,clay_pct,30-60cm,43.0
4310702,clay_pct,60-100cm,44.0
4310702,sand_pct,0-5cm,25.5
4310702,sand_pct,5-15cm,25.3
4310702,sand_pct,15-30cm,23.9
4310702,sand_pct,30-60cm,23.2
4310702,sand_pct,60-100cm,22.6
4310702,silt_pct,0-5cm,35.5
4310702,silt_pct,5-15cm,35.6
4310702,silt_pct,15-30cm,34.3
4310702,silt_pct,30-60cm,33.8
4310702,silt_pct,60-100cm,33.4
4310702,soc_pct,0-5cm,8.03
4310702,soc_pct,5-15cm,3.83
4310702,soc_pct,15-30cm,3.87
4310702,soc_pct,30-60cm,3.1
4310702,soc_pct,60-100cm,2.94
4310702,ph_h2o,0-5cm,5.3
4310702,ph_h2o,5-15cm,5.3
4310702,ph_h2o,15-30cm,5.3
4310702,ph_h2o,30-60cm,5.4
4310702,ph_h2o,60-100cm,5.4
4310702,bd_kg_dm3,0-5cm,0.99
4310702,bd_kg_dm3,5-15cm,1.02
4310702,bd_kg_dm3,15-30cm,1.07
4310702,bd_kg_dm3,30-60cm,1.13
4310702,bd_kg_dm3,60-100cm,1.16
4310702,cec_cmol_kg,0-5cm,26.7
4310702,cec_cmol_kg,5-15cm,20.1
4310702,cec_cmol_kg,15-30cm,20.2
4310702,cec_cmol_kg,30-60cm,20.1
4310702,cec_cmol_kg,60-100cm,18.9
4310801,clay_pct,0-5cm,23.9
4310801,clay_pct,5-15cm,23.4
4310801,clay_pct,15-30cm,30.4
4310801,clay_pct,30-60cm,46.9
4310801,clay_pct,60-100cm,48.4
4310801,sand_pct,0-5cm,42.0
4310801,sand_pct,5-15cm,42.3
4310801,sand_pct,15-30cm,37.3
4310801,sand_pct,30-60cm,24.9
4310801,sand_pct,60-100cm,24.3
4310801,silt_pct,0-5cm,34.1
4310801,silt_pct,5-15cm,34.2
4310801,silt_pct,15-30cm,32.3
4310801,silt_pct,30-60cm,28.2
4310801,silt_pct,60-100cm,27.3
4310801,soc_pct,0-5cm,7.37
4310801,soc_pct,5-15cm,1.82
4310801,soc_pct,15-30cm,2.02
4310801,soc_pct,30-60cm,2.12
4310801,soc_pct,60-100cm,1.62
4310801,ph_h2o,0-5cm,5.0
4310801,ph_h2o,5-15cm,5.1
4310801,ph_h2o,15-30cm,5.1
4310801,ph_h2o,30-60cm,5.2
4310801,ph_h2o,60-100cm,5.2
4310801,bd_kg_dm3,0-5cm,1.03
4310801,bd_kg_dm3,5-15cm,1.05
4310801,bd_kg_dm3,15-30cm,1.13
4310801,bd_kg_dm3,30-60cm,1.18
4310801,bd_kg_dm3,60-100cm,1.23
4310801,cec_cmol_kg,0-5cm,20.1
4310801,cec_cmol_kg,5-15cm,18.4
4310801,cec_cmol_kg,15-30cm,19.2
4310801,cec_cmol_kg,30-60cm,19.2
4310801,cec_cmol_kg,60-100cm,18.3
4310876,clay_pct,0-5cm,39.0
4310876,clay_pct,5-15cm,39.6
4310876,clay_pct,15-30cm,43.5
4310876,clay_pct,30-60cm,52.3
4310876,clay_pct,60-100cm,53.2
4310876,sand_pct,0-5cm,24.4
4310876,sand_pct,5-15cm,25.8
4310876,sand_pct,15-30cm,23.5
4310876,sand_pct,30-60cm,19.2
4310876,sand_pct,60-100cm,18.1
4310876,silt_pct,0-5cm,36.6
4310876,silt_pct,5-15cm,34.7
4310876,silt_pct,15-30cm,32.9
4310876,silt_pct,30-60cm,28.4
4310876,silt_pct,60-100cm,28.7
4310876,soc_pct,0-5cm,3.77
4310876,soc_pct,5-15cm,1.96
4310876,soc_pct,15-30cm,1.37
4310876,soc_pct,30-60cm,0.82
4310876,soc_pct,60-100cm,0.63
4310876,ph_h2o,0-5cm,5.2
4310876,ph_h2o,5-15cm,5.1
4310876,ph_h2o,15-30cm,5.1
4310876,ph_h2o,30-60cm,5.2
4310876,ph_h2o,60-100cm,5.2
4310876,bd_kg_dm3,0-5cm,1.2
4310876,bd_kg_dm3,5-15cm,1.25
4310876,bd_kg_dm3,15-30cm,1.32
4310876,bd_kg_dm3,30-60cm,1.34
4310876,bd_kg_dm3,60-100cm,1.36
4310876,cec_cmol_kg,0-5cm,21.0
4310876,cec_cmol_kg,5-15cm,17.9
4310876,cec_cmol_kg,15-30cm,18.9
4310876,cec_cmol_kg,30-60cm,19.7
4310876,cec_cmol_kg,60-100cm,18.7
4310900,clay_pct,0-5cm,50.1
4310900,clay_pct,5-15cm,48.9
4310900,clay_pct,15-30cm,49.9
4310900,clay_pct,30-60cm,58.1
4310900,clay_pct,60-100cm,59.5
4310900,sand_pct,0-5cm,21.8
4310900,sand_pct,5-15cm,22.9
4310900,sand_pct,15-30cm,22.6
4310900,sand_pct,30-60cm,19.1
4310900,sand_pct,60-100cm,18.5
4310900,silt_pct,0-5cm,28.0
4310900,silt_pct,5-15cm,28.2
4310900,silt_pct,15-30cm,27.6
4310900,silt_pct,30-60cm,22.8
4310900,silt_pct,60-100cm,22.1
4310900,soc_pct,0-5cm,6.5
4310900,soc_pct,5-15cm,3.07
4310900,soc_pct,15-30cm,2.35
4310900,soc_pct,30-60cm,1.22
4310900,soc_pct,60-100cm,0.91
4310900,ph_h2o,0-5cm,5.0
4310900,ph_h2o,5-15cm,5.0
4310900,ph_h2o,15-30cm,5.0
4310900,ph_h2o,30-60cm,4.9
4310900,ph_h2o,60-100cm,5.0
4310900,bd_kg_dm3,0-5cm,1.04
4310900,bd_kg_dm3,5-15cm,1.08
4310900,bd_kg_dm3,15-30cm,1.13
4310900,bd_kg_dm3,30-60cm,1.17
4310900,bd_kg_dm3,60-100cm,1.2
4310900,cec_cmol_kg,0-5cm,26.1
4310900,cec_cmol_kg,5-15cm,21.4
4310900,cec_cmol_kg,15-30cm,20.9
4310900,cec_cmol_kg,30-60cm,20.8
4310900,cec_cmol_kg,60-100cm,19.4
4310850,clay_pct,0-5cm,49.4
4310850,clay_pct,5-15cm,49.6
4310850,clay_pct,15-30cm,52.4
4310850,clay_pct,30-60cm,56.6
4310850,clay_pct,60-100cm,57.2
4310850,sand_pct,0-5cm,19.9
4310850,sand_pct,5-15cm,20.0
4310850,sand_pct,15-30cm,19.1
4310850,sand_pct,30-60cm,17.9
4310850,sand_pct,60-100cm,17.4
4310850,silt_pct,0-5cm,30.7
4310850,silt_pct,5-15cm,30.4
4310850,silt_pct,15-30cm,28.5
4310850,silt_pct,30-60cm,25.4
4310850,silt_pct,60-100cm,25.4
4310850,soc_pct,0-5cm,5.71
4310850,soc_pct,5-15cm,3.44
4310850,soc_pct,15-30cm,2.09
4310850,soc_pct,30-60cm,1.2
4310850,soc_pct,60-100cm,0.9
4310850,ph_h2o,0-5cm,5.1
4310850,ph_h2o,5-15cm,5.0
4310850,ph_h2o,15-30cm,5.0
4310850,ph_h2o,30-60cm,5.1
4310850,ph_h2o,60-100cm,5.1
4310850,bd_kg_dm3,0-5cm,1.02
4310850,bd_kg_dm3,5-15cm,1.06
4310850,bd_kg_dm3,15-30cm,1.12
4310850,bd_kg_dm3,30-60cm,1.18
4310850,bd_kg_dm3,60-100cm,1.2
4310850,cec_cmol_kg,0-5cm,20.4
4310850,cec_cmol_kg,5-15cm,15.5
4310850,cec_cmol_kg,15-30cm,14.4
4310850,cec_cmol_kg,30-60cm,14.6
4310850,cec_cmol_kg,60-100cm,14.1
4311007,clay_pct,0-5cm,24.7
4311007,clay_pct,5-15cm,24.7
4311007,clay_pct,15-30cm,28.1
4311007,clay_pct,30-60cm,39.7
4311007,clay_pct,60-100cm,39.6
4311007,sand_pct,0-5cm,38.4
4311007,sand_pct,5-15cm,38.7
4311007,sand_pct,15-30cm,36.4
4311007,sand_pct,30-60cm,28.4
4311007,sand_pct,60-100cm,28.9
4311007,silt_pct,0-5cm,36.9
4311007,silt_pct,5-15cm,36.6
4311007,silt_pct,15-30cm,35.5
4311007,silt_pct,30-60cm,31.8
4311007,silt_pct,60-100cm,31.5
4311007,soc_pct,0-5cm,5.45
4311007,soc_pct,5-15cm,2.85
4311007,soc_pct,15-30cm,1.58
4311007,soc_pct,30-60cm,1.14
4311007,soc_pct,60-100cm,0.79
4311007,ph_h2o,0-5cm,5.7
4311007,ph_h2o,5-15cm,5.7
4311007,ph_h2o,15-30cm,5.8
4311007,ph_h2o,30-60cm,5.9
4311007,ph_h2o,60-100cm,6.2
4311007,bd_kg_dm3,0-5cm,1.25
4311007,bd_kg_dm3,5-15cm,1.33
4311007,bd_kg_dm3,15-30cm,1.37
4311007,bd_kg_dm3,30-60cm,1.45
4311007,bd_kg_dm3,60-100cm,1.47
4311007,cec_cmol_kg,0-5cm,24.5
4311007,cec_cmol_kg,5-15cm,20.3
4311007,cec_cmol_kg,15-30cm,21.0
4311007,cec_cmol_kg,30-60cm,24.7
4311007,cec_cmol_kg,60-100cm,24.0
4311106,clay_pct,0-5cm,29.3
4311106,clay_pct,5-15cm,30.1
4311106,clay_pct,15-30cm,31.0
4311106,clay_pct,30-60cm,35.2
4311106,clay_pct,60-100cm,36.6
4311106,sand_pct,0-5cm,36.3
4311106,sand_pct,5-15cm,39.3
4311106,sand_pct,15-30cm,38.0
4311106,sand_pct,30-60cm,36.3
4311106,sand_pct,60-100cm,35.8
4311106,silt_pct,0-5cm,34.4
4311106,silt_pct,5-15cm,30.6
4311106,silt_pct,15-30cm,31.0
4311106,silt_pct,30-60cm,28.5
4311106,silt_pct,60-100cm,27.6
4311106,soc_pct,0-5cm,4.86
4311106,soc_pct,5-15cm,2.1
4311106,soc_pct,15-30cm,1.97
4311106,soc_pct,30-60cm,0.84
4311106,soc_pct,60-100cm,0.79
4311106,ph_h2o,0-5cm,5.2
4311106,ph_h2o,5-15cm,5.2
4311106,ph_h2o,15-30cm,5.2
4311106,ph_h2o,30-60cm,5.3
4311106,ph_h2o,60-100cm,5.3
4311106,bd_kg_dm3,0-5cm,1.14
4311106,bd_kg_dm3,5-15cm,1.19
4311106,bd_kg_dm3,15-30cm,1.24
4311106,bd_kg_dm3,30-60cm,1.32
4311106,bd_kg_dm3,60-100cm,1.34
4311106,cec_cmol_kg,0-5cm,20.6
4311106,cec_cmol_kg,5-15cm,18.8
4311106,cec_cmol_kg,15-30cm,17.5
4311106,cec_cmol_kg,30-60cm,19.1
4311106,cec_cmol_kg,60-100cm,19.0
4311122,clay_pct,0-5cm,46.8
4311122,clay_pct,5-15cm,47.9
4311122,clay_pct,15-30cm,49.8
4311122,clay_pct,30-60cm,57.4
4311122,clay_pct,60-100cm,55.8
4311122,sand_pct,0-5cm,19.0
4311122,sand_pct,5-15cm,18.7
4311122,sand_pct,15-30cm,17.3
4311122,sand_pct,30-60cm,14.7
4311122,sand_pct,60-100cm,14.7
4311122,silt_pct,0-5cm,34.3
4311122,silt_pct,5-15cm,33.4
4311122,silt_pct,15-30cm,32.9
4311122,silt_pct,30-60cm,27.9
4311122,silt_pct,60-100cm,29.6
4311122,soc_pct,0-5cm,7.33
4311122,soc_pct,5-15cm,3.23
4311122,soc_pct,15-30cm,2.74
4311122,soc_pct,30-60cm,1.73
4311122,soc_pct,60-100cm,1.0
4311122,ph_h2o,0-5cm,5.1
4311122,ph_h2o,5-15cm,5.1
4311122,ph_h2o,15-30cm,5.1
4311122,ph_h2o,30-60cm,5.2
4311122,ph_h2o,60-100cm,5.1
4311122,bd_kg_dm3,0-5cm,0.98
4311122,bd_kg_dm3,5-15cm,1.01
4311122,bd_kg_dm3,15-30cm,1.06
4311122,bd_kg_dm3,30-60cm,1.14
4311122,bd_kg_dm3,60-100cm,1.16
4311122,cec_cmol_kg,0-5cm,21.2
4311122,cec_cmol_kg,5-15cm,17.2
4311122,cec_cmol_kg,15-30cm,15.6
4311122,cec_cmol_kg,30-60cm,14.5
4311122,cec_cmol_kg,60-100cm,14.6
4311130,clay_pct,0-5cm,32.7
4311130,clay_pct,5-15cm,33.4
4311130,clay_pct,15-30cm,34.9
4311130,clay_pct,30-60cm,34.5
4311130,clay_pct,60-100cm,34.7
4311130,sand_pct,0-5cm,32.6
4311130,sand_pct,5-15cm,32.4
4311130,sand_pct,15-30cm,31.6
4311130,sand_pct,30-60cm,33.1
4311130,sand_pct,60-100cm,32.8
4311130,silt_pct,0-5cm,34.7
4311130,silt_pct,5-15cm,34.2
4311130,silt_pct,15-30cm,33.5
4311130,silt_pct,30-60cm,32.4
4311130,silt_pct,60-100cm,32.5
4311130,soc_pct,0-5cm,4.62
4311130,soc_pct,5-15cm,1.97
4311130,soc_pct,15-30cm,1.83
4311130,soc_pct,30-60cm,0.96
4311130,soc_pct,60-100cm,0.84
4311130,ph_h2o,0-5cm,5.1
4311130,ph_h2o,5-15cm,5.1
4311130,ph_h2o,15-30cm,5.1
4311130,ph_h2o,30-60cm,5.1
4311130,ph_h2o,60-100cm,5.2
4311130,bd_kg_dm3,0-5cm,1.17
4311130,bd_kg_dm3,5-15cm,1.25
4311130,bd_kg_dm3,15-30cm,1.31
4311130,bd_kg_dm3,30-60cm,1.39
4311130,bd_kg_dm3,60-100cm,1.4
4311130,cec_cmol_kg,0-5cm,22.6
4311130,cec_cmol_kg,5-15cm,18.5
4311130,cec_cmol_kg,15-30cm,16.8
4311130,cec_cmol_kg,30-60cm,17.9
4311130,cec_cmol_kg,60-100cm,17.9
4311155,clay_pct,0-5cm,40.9
4311155,clay_pct,5-15cm,39.8
4311155,clay_pct,15-30cm,41.0
4311155,clay_pct,30-60cm,43.1
4311155,clay_pct,60-100cm,44.0
4311155,sand_pct,0-5cm,28.7
4311155,sand_pct,5-15cm,29.8
4311155,sand_pct,15-30cm,29.2
4311155,sand_pct,30-60cm,29.5
4311155,sand_pct,60-100cm,29.3
4311155,silt_pct,0-5cm,30.4
4311155,silt_pct,5-15cm,30.4
4311155,silt_pct,15-30cm,29.8
4311155,silt_pct,30-60cm,27.3
4311155,silt_pct,60-100cm,26.7
4311155,soc_pct,0-5cm,4.57
4311155,soc_pct,5-15cm,1.91
4311155,soc_pct,15-30cm,1.75
4311155,soc_pct,30-60cm,0.97
4311155,soc_pct,60-100cm,0.52
4311155,ph_h2o,0-5cm,5.1
4311155,ph_h2o,5-15cm,5.1
4311155,ph_h2o,15-30cm,5.1
4311155,ph_h2o,30-60cm,5.1
4311155,ph_h2o,60-100cm,5.2
4311155,bd_kg_dm3,0-5cm,1.17
4311155,bd_kg_dm3,5-15cm,1.23
4311155,bd_kg_dm3,15-30cm,1.29
4311155,bd_kg_dm3,30-60cm,1.35
4311155,bd_kg_dm3,60-100cm,1.38
4311155,cec_cmol_kg,0-5cm,24.0
4311155,cec_cmol_kg,5-15cm,20.6
4311155,cec_cmol_kg,15-30cm,20.3
4311155,cec_cmol_kg,30-60cm,20.6
4311155,cec_cmol_kg,60-100cm,19.5
4311205,clay_pct,0-5cm,38.9
4311205,clay_pct,5-15cm,40.0
4311205,clay_pct,15-30cm,44.2
4311205,clay_pct,30-60cm,49.4
4311205,clay_pct,60-100cm,51.0
4311205,sand_pct,0-5cm,25.8
4311205,sand_pct,5-15cm,26.3
4311205,sand_pct,15-30cm,24.3
4311205,sand_pct,30-60cm,21.6
4311205,sand_pct,60-100cm,20.6
4311205,silt_pct,0-5cm,35.3
4311205,silt_pct,5-15cm,33.7
4311205,silt_pct,15-30cm,31.4
4311205,silt_pct,30-60cm,29.0
4311205,silt_pct,60-100cm,28.4
4311205,soc_pct,0-5cm,6.03
4311205,soc_pct,5-15cm,2.68
4311205,soc_pct,15-30cm,1.87
4311205,soc_pct,30-60cm,1.02
4311205,soc_pct,60-100cm,0.88
4311205,ph_h2o,0-5cm,5.2
4311205,ph_h2o,5-15cm,5.2
4311205,ph_h2o,15-30cm,5.2
4311205,ph_h2o,30-60cm,5.2
4311205,ph_h2o,60-100cm,5.3
4311205,bd_kg_dm3,0-5cm,1.15
4311205,bd_kg_dm3,5-15cm,1.22
4311205,bd_kg_dm3,15-30cm,1.27
4311205,bd_kg_dm3,30-60cm,1.33
4311205,bd_kg_dm3,60-100cm,1.36
4311205,cec_cmol_kg,0-5cm,19.2
4311205,cec_cmol_kg,5-15cm,17.2
4311205,cec_cmol_kg,15-30cm,16.1
4311205,cec_cmol_kg,30-60cm,16.6
4311205,cec_cmol_kg,60-100cm,16.5
4311239,clay_pct,0-5cm,37.0
4311239,clay_pct,5-15cm,36.3
4311239,clay_pct,15-30cm,37.6
4311239,clay_pct,30-60cm,42.6
4311239,clay_pct,60-100cm,48.5
4311239,sand_pct,0-5cm,28.6
4311239,sand_pct,5-15cm,29.1
4311239,sand_pct,15-30cm,26.7
4311239,sand_pct,30-60cm,23.2
4311239,sand_pct,60-100cm,19.4
4311239,silt_pct,0-5cm,34.4
4311239,silt_pct,5-15cm,34.7
4311239,silt_pct,15-30cm,35.7
4311239,silt_pct,30-60cm,34.2
4311239,silt_pct,60-100cm,32.1
4311239,soc_pct,0-5cm,6.45
4311239,soc_pct,5-15cm,2.42
4311239,soc_pct,15-30cm,2.04
4311239,soc_pct,30-60cm,1.29
4311239,soc_pct,60-100cm,0.95
4311239,ph_h2o,0-5cm,5.2
4311239,ph_h2o,5-15cm,5.2
4311239,ph_h2o,15-30cm,5.2
4311239,ph_h2o,30-60cm,5.1
4311239,ph_h2o,60-100cm,5.0
4311239,bd_kg_dm3,0-5cm,1.02
4311239,bd_kg_dm3,5-15cm,1.08
4311239,bd_kg_dm3,15-30cm,1.13
4311239,bd_kg_dm3,30-60cm,1.19
4311239,bd_kg_dm3,60-100cm,1.25
4311239,cec_cmol_kg,0-5cm,18.3
4311239,cec_cmol_kg,5-15cm,15.5
4311239,cec_cmol_kg,15-30cm,14.9
4311239,cec_cmol_kg,30-60cm,16.6
4311239,cec_cmol_kg,60-100cm,15.9
4311254,clay_pct,0-5cm,37.6
4311254,clay_pct,5-15cm,37.7
4311254,clay_pct,15-30cm,40.0
4311254,clay_pct,30-60cm,46.0
4311254,clay_pct,60-100cm,49.3
4311254,sand_pct,0-5cm,25.6
4311254,sand_pct,5-15cm,25.8
4311254,sand_pct,15-30cm,24.1
4311254,sand_pct,30-60cm,20.7
4311254,sand_pct,60-100cm,19.1
4311254,silt_pct,0-5cm,36.7
4311254,silt_pct,5-15cm,36.5
4311254,silt_pct,15-30cm,35.9
4311254,silt_pct,30-60cm,33.3
4311254,silt_pct,60-100cm,31.6
4311254,ph_h2o,0-5cm,5.1
4311254,ph_h2o,5-15cm,5.1
4311254,ph_h2o,15-30cm,5.1
4311254,ph_h2o,30-60cm,5.1
4311254,ph_h2o,60-100cm,5.1
4311254,bd_kg_dm3,0-5cm,1.0
4311254,bd_kg_dm3,5-15cm,1.05
4311254,bd_kg_dm3,15-30cm,1.11
4311254,bd_kg_dm3,30-60cm,1.18
4311254,bd_kg_dm3,60-100cm,1.23
4311254,cec_cmol_kg,0-5cm,19.5
4311254,cec_cmol_kg,5-15cm,15.4
4311254,cec_cmol_kg,15-30cm,14.7
4311254,cec_cmol_kg,30-60cm,16.0
4311254,cec_cmol_kg,60-100cm,15.1
4311270,clay_pct,0-5cm,40.3
4311270,clay_pct,5-15cm,42.7
4311270,clay_pct,15-30cm,45.3
4311270,clay_pct,30-60cm,48.2
4311270,clay_pct,60-100cm,50.6
4311270,sand_pct,0-5cm,23.0
4311270,sand_pct,5-15cm,22.9
4311270,sand_pct,15-30cm,21.9
4311270,sand_pct,30-60cm,20.7
4311270,sand_pct,60-100cm,20.2
4311270,silt_pct,0-5cm,36.6
4311270,silt_pct,5-15cm,34.4
4311270,silt_pct,15-30cm,32.8
4311270,silt_pct,30-60cm,31.1
4311270,silt_pct,60-100cm,29.2
4311270,soc_pct,0-5cm,5.55
4311270,soc_pct,5-15cm,2.42
4311270,soc_pct,15-30cm,1.94
4311270,soc_pct,30-60cm,0.82
4311270,soc_pct,60-100cm,0.59
4311270,ph_h2o,0-5cm,5.1
4311270,ph_h2o,5-15cm,5.1
4311270,ph_h2o,15-30cm,5.1
4311270,ph_h2o,30-60cm,5.1
4311270,ph_h2o,60-100cm,5.2
4311270,bd_kg_dm3,0-5cm,1.1
4311270,bd_kg_dm3,5-15cm,1.14
4311270,bd_kg_dm3,15-30cm,1.22
4311270,bd_kg_dm3,30-60cm,1.29
4311270,bd_kg_dm3,60-100cm,1.31
4311270,cec_cmol_kg,0-5cm,22.7
4311270,cec_cmol_kg,5-15cm,20.3
4311270,cec_cmol_kg,15-30cm,20.3
4311270,cec_cmol_kg,30-60cm,18.9
4311270,cec_cmol_kg,60-100cm,18.2
4311403,clay_pct,0-5cm,36.5
4311403,clay_pct,5-15cm,37.5
4311403,clay_pct,15-30cm,45.4
4311403,clay_pct,30-60cm,55.4
4311403,clay_pct,60-100cm,56.6
4311403,sand_pct,0-5cm,20.4
4311403,sand_pct,5-15cm,20.3
4311403,sand_pct,15-30cm,17.2
4311403,sand_pct,30-60cm,13.3
4311403,sand_pct,60-100cm,12.3
4311403,silt_pct,0-5cm,43.1
4311403,silt_pct,5-15cm,42.3
4311403,silt_pct,15-30cm,37.4
4311403,silt_pct,30-60cm,31.3
4311403,silt_pct,60-100cm,31.1
4311403,soc_pct,0-5cm,5.51
4311403,soc_pct,5-15cm,2.1
4311403,soc_pct,15-30cm,2.45
4311403,soc_pct,30-60cm,1.03
4311403,soc_pct,60-100cm,0.73
4311403,ph_h2o,0-5cm,5.3
4311403,ph_h2o,5-15cm,5.2
4311403,ph_h2o,15-30cm,5.2
4311403,ph_h2o,30-60cm,5.2
4311403,ph_h2o,60-100cm,5.3
4311403,bd_kg_dm3,0-5cm,1.16
4311403,bd_kg_dm3,5-15cm,1.19
4311403,bd_kg_dm3,15-30cm,1.23
4311403,bd_kg_dm3,30-60cm,1.29
4311403,bd_kg_dm3,60-100cm,1.31
4311403,cec_cmol_kg,0-5cm,23.5
4311403,cec_cmol_kg,5-15cm,20.9
4311403,cec_cmol_kg,15-30cm,21.3
4311403,cec_cmol_kg,30-60cm,22.9
4311403,cec_cmol_kg,60-100cm,22.6
4311304,clay_pct,0-5cm,55.7
4311304,clay_pct,5-15cm,52.7
4311304,clay_pct,15-30cm,53.5
4311304,clay_pct,30-60cm,58.9
4311304,clay_pct,60-100cm,59.5
4311304,sand_pct,0-5cm,12.9
4311304,sand_pct,5-15cm,13.8
4311304,sand_pct,15-30cm,13.5
4311304,sand_pct,30-60cm,11.5
4311304,sand_pct,60-100cm,11.4
4311304,silt_pct,0-5cm,31.3
4311304,silt_pct,5-15cm,33.6
4311304,silt_pct,15-30cm,33.0
4311304,silt_pct,30-60cm,29.6
4311304,silt_pct,60-100cm,29.1
4311304,soc_pct,0-5cm,4.67
4311304,soc_pct,5-15cm,2.96
4311304,soc_pct,15-30cm,1.9
4311304,soc_pct,30-60cm,1.36
4311304,soc_pct,60-100cm,1.14
4311304,ph_h2o,0-5cm,5.1
4311304,ph_h2o,5-15cm,5.1
4311304,ph_h2o,15-30cm,5.0
4311304,ph_h2o,30-60cm,5.1
4311304,ph_h2o,60-100cm,5.1
4311304,bd_kg_dm3,0-5cm,1.0
4311304,bd_kg_dm3,5-15cm,1.03
4311304,bd_kg_dm3,15-30cm,1.07
4311304,bd_kg_dm3,30-60cm,1.12
4311304,bd_kg_dm3,60-100cm,1.15
4311304,cec_cmol_kg,0-5cm,20.3
4311304,cec_cmol_kg,5-15cm,17.0
4311304,cec_cmol_kg,15-30cm,15.8
4311304,cec_cmol_kg,30-60cm,14.8
4311304,cec_cmol_kg,60-100cm,15.0
4311502,clay_pct,0-5cm,30.1
4311502,clay_pct,5-15cm,30.1
4311502,clay_pct,15-30cm,30.4
4311502,clay_pct,30-60cm,37.4
4311502,clay_pct,60-100cm,40.1
4311502,sand_pct,0-5cm,42.9
4311502,sand_pct,5-15cm,43.1
4311502,sand_pct,15-30cm,43.2
4311502,sand_pct,30-60cm,38.7
4311502,sand_pct,60-100cm,37.3
4311502,silt_pct,0-5cm,27.0
4311502,silt_pct,5-15cm,26.8
4311502,silt_pct,15-30cm,26.4
4311502,silt_pct,30-60cm,23.9
4311502,silt_pct,60-100cm,22.6
4311502,soc_pct,0-5cm,5.91
4311502,soc_pct,5-15cm,2.48
4311502,soc_pct,15-30cm,1.54
4311502,soc_pct,30-60cm,0.87
4311502,soc_pct,60-100cm,0.53
4311502,ph_h2o,0-5cm,5.3
4311502,ph_h2o,5-15cm,5.3
4311502,ph_h2o,15-30cm,5.3
4311502,ph_h2o,30-60cm,5.3
4311502,ph_h2o,60-100cm,5.3
4311502,bd_kg_dm3,0-5cm,1.09
4311502,bd_kg_dm3,5-15cm,1.14
4311502,bd_kg_dm3,15-30cm,1.17
4311502,bd_kg_dm3,30-60cm,1.26
4311502,bd_kg_dm3,60-100cm,1.29
4311502,cec_cmol_kg,0-5cm,20.9
4311502,cec_cmol_kg,5-15cm,13.6
4311502,cec_cmol_kg,15-30cm,13.6
4311502,cec_cmol_kg,30-60cm,15.0
4311502,cec_cmol_kg,60-100cm,14.7
4311429,clay_pct,0-5cm,38.2
4311429,clay_pct,5-15cm,38.2
4311429,clay_pct,15-30cm,42.0
4311429,clay_pct,30-60cm,49.1
4311429,clay_pct,60-100cm,49.7
4311429,sand_pct,0-5cm,24.1
4311429,sand_pct,5-15cm,24.1
4311429,sand_pct,15-30cm,23.3
4311429,sand_pct,30-60cm,20.5
4311429,sand_pct,60-100cm,20.0
4311429,silt_pct,0-5cm,37.7
4311429,silt_pct,5-15cm,37.6
4311429,silt_pct,15-30cm,34.6
4311429,silt_pct,30-60cm,30.4
4311429,silt_pct,60-100cm,30.3
4311429,soc_pct,0-5cm,5.39
4311429,soc_pct,5-15cm,3.03
4311429,soc_pct,15-30cm,1.95
4311429,soc_pct,30-60cm,1.48
4311429,soc_pct,60-100cm,1.33
4311429,ph_h2o,0-5cm,5.1
4311429,ph_h2o,5-15cm,5.1
4311429,ph_h2o,15-30cm,5.1
4311429,ph_h2o,30-60cm,5.1
4311429,ph_h2o,60-100cm,5.2
4311429,bd_kg_dm3,0-5cm,1.08
4311429,bd_kg_dm3,5-15cm,1.12
4311429,bd_kg_dm3,15-30cm,1.17
4311429,bd_kg_dm3,30-60cm,1.21
4311429,bd_kg_dm3,60-100cm,1.23
4311429,cec_cmol_kg,0-5cm,23.7
4311429,cec_cmol_kg,5-15cm,18.6
4311429,cec_cmol_kg,15-30cm,18.6
4311429,cec_cmol_kg,30-60cm,18.7
4311429,cec_cmol_kg,60-100cm,16.8
4311601,clay_pct,0-5cm,46.2
4311601,clay_pct,5-15cm,46.8
4311601,clay_pct,15-30cm,48.6
4311601,clay_pct,30-60cm,53.7
4311601,clay_pct,60-100cm,55.6
4311601,sand_pct,0-5cm,23.1
4311601,sand_pct,5-15cm,22.3
4311601,sand_pct,15-30cm,21.9
4311601,sand_pct,30-60cm,20.4
4311601,sand_pct,60-100cm,18.9
4311601,silt_pct,0-5cm,30.8
4311601,silt_pct,5-15cm,30.9
4311601,silt_pct,15-30cm,29.4
4311601,silt_pct,30-60cm,25.9
4311601,silt_pct,60-100cm,25.5
4311601,soc_pct,0-5cm,7.02
4311601,soc_pct,5-15cm,3.39
4311601,soc_pct,15-30cm,2.31
4311601,soc_pct,30-60cm,1.75
4311601,soc_pct,60-100cm,1.54
4311601,ph_h2o,0-5cm,5.1
4311601,ph_h2o,5-15cm,5.2
4311601,ph_h2o,15-30cm,5.2
4311601,ph_h2o,30-60cm,5.2
4311601,ph_h2o,60-100cm,5.2
4311601,bd_kg_dm3,0-5cm,0.95
4311601,bd_kg_dm3,5-15cm,0.99
4311601,bd_kg_dm3,15-30cm,1.04
4311601,bd_kg_dm3,30-60cm,1.11
4311601,bd_kg_dm3,60-100cm,1.13
4311601,cec_cmol_kg,0-5cm,20.7
4311601,cec_cmol_kg,5-15cm,16.0
4311601,cec_cmol_kg,15-30cm,15.6
4311601,cec_cmol_kg,30-60cm,15.0
4311601,cec_cmol_kg,60-100cm,14.8
4311627,clay_pct,0-5cm,26.4
4311627,clay_pct,5-15cm,25.5
4311627,clay_pct,15-30cm,30.7
4311627,clay_pct,30-60cm,43.4
4311627,clay_pct,60-100cm,45.8
4311627,sand_pct,0-5cm,44.0
4311627,sand_pct,5-15cm,44.8
4311627,sand_pct,15-30cm,40.7
4311627,sand_pct,30-60cm,31.3
4311627,sand_pct,60-100cm,29.4
4311627,silt_pct,0-5cm,29.6
4311627,silt_pct,5-15cm,29.7
4311627,silt_pct,15-30cm,28.6
4311627,silt_pct,30-60cm,25.3
4311627,silt_pct,60-100cm,24.8
4311627,soc_pct,0-5cm,7.96
4311627,soc_pct,5-15cm,3.12
4311627,soc_pct,15-30cm,1.92
4311627,soc_pct,30-60cm,2.05
4311627,soc_pct,60-100cm,1.54
4311627,ph_h2o,0-5cm,5.1
4311627,ph_h2o,5-15cm,5.2
4311627,ph_h2o,15-30cm,5.2
4311627,ph_h2o,30-60cm,5.3
4311627,ph_h2o,60-100cm,5.2
4311627,bd_kg_dm3,0-5cm,1.07
4311627,bd_kg_dm3,5-15cm,1.11
4311627,bd_kg_dm3,15-30cm,1.18
4311627,bd_kg_dm3,30-60cm,1.26
4311627,bd_kg_dm3,60-100cm,1.27
4311627,cec_cmol_kg,0-5cm,23.1
4311627,cec_cmol_kg,5-15cm,19.3
4311627,cec_cmol_kg,15-30cm,19.9
4311627,cec_cmol_kg,30-60cm,20.8
4311627,cec_cmol_kg,60-100cm,19.7
4311700,clay_pct,0-5cm,50.5
4311700,clay_pct,5-15cm,47.5
4311700,clay_pct,15-30cm,49.4
4311700,clay_pct,30-60cm,55.7
4311700,clay_pct,60-100cm,56.5
4311700,sand_pct,0-5cm,16.9
4311700,sand_pct,5-15cm,18.2
4311700,sand_pct,15-30cm,16.8
4311700,sand_pct,30-60cm,14.8
4311700,sand_pct,60-100cm,14.1
4311700,silt_pct,0-5cm,32.6
4311700,silt_pct,5-15cm,34.2
4311700,silt_pct,15-30cm,33.8
4311700,silt_pct,30-60cm,29.5
4311700,silt_pct,60-100cm,29.3
4311700,soc_pct,0-5cm,4.65
4311700,soc_pct,5-15cm,2.46
4311700,soc_pct,15-30cm,1.77
4311700,soc_pct,30-60cm,1.15
4311700,soc_pct,60-100cm,0.75
4311700,ph_h2o,0-5cm,5.0
4311700,ph_h2o,5-15cm,5.0
4311700,ph_h2o,15-30cm,5.0
4311700,ph_h2o,30-60cm,5.0
4311700,ph_h2o,60-100cm,5.0
4311700,bd_kg_dm3,0-5cm,0.99
4311700,bd_kg_dm3,5-15cm,1.01
4311700,bd_kg_dm3,15-30cm,1.06
4311700,bd_kg_dm3,30-60cm,1.11
4311700,bd_kg_dm3,60-100cm,1.14
4311700,cec_cmol_kg,0-5cm,18.4
4311700,cec_cmol_kg,5-15cm,16.9
4311700,cec_cmol_kg,15-30cm,14.5
4311700,cec_cmol_kg,30-60cm,13.7
4311700,cec_cmol_kg,60-100cm,13.2
4311718,clay_pct,0-5cm,44.4
4311718,clay_pct,5-15cm,43.2
4311718,clay_pct,15-30cm,45.1
4311718,clay_pct,30-60cm,51.5
4311718,clay_pct,60-100cm,52.7
4311718,sand_pct,0-5cm,26.2
4311718,sand_pct,5-15cm,26.7
4311718,sand_pct,15-30cm,26.2
4311718,sand_pct,30-60cm,22.1
4311718,sand_pct,60-100cm,21.8
4311718,silt_pct,0-5cm,29.4
4311718,silt_pct,5-15cm,30.1
4311718,silt_pct,15-30cm,28.7
4311718,silt_pct,30-60cm,26.4
4311718,silt_pct,60-100cm,25.5
4311718,soc_pct,0-5cm,4.67
4311718,soc_pct,5-15cm,2.37
4311718,soc_pct,15-30cm,1.76
4311718,soc_pct,30-60cm,1.34
4311718,soc_pct,60-100cm,0.62
4311718,ph_h2o,0-5cm,5.2
4311718,ph_h2o,5-15cm,5.2
4311718,ph_h2o,15-30cm,5.1
4311718,ph_h2o,30-60cm,5.2
4311718,ph_h2o,60-100cm,5.2
4311718,bd_kg_dm3,0-5cm,1.2
4311718,bd_kg_dm3,5-15cm,1.27
4311718,bd_kg_dm3,15-30cm,1.31
4311718,bd_kg_dm3,30-60cm,1.46
4311718,bd_kg_dm3,60-100cm,1.47
4311718,cec_cmol_kg,0-5cm,20.6
4311718,cec_cmol_kg,5-15cm,16.9
4311718,cec_cmol_kg,15-30cm,17.7
4311718,cec_cmol_kg,30-60cm,19.8
4311718,cec_cmol_kg,60-100cm,18.5
4311643,clay_pct,0-5cm,45.1
4311643,clay_pct,5-15cm,45.8
4311643,clay_pct,15-30cm,45.9
4311643,clay_pct,30-60cm,49.8
4311643,clay_pct,60-100cm,52.6
4311643,sand_pct,0-5cm,20.7
4311643,sand_pct,5-15cm,20.6
4311643,sand_pct,15-30cm,20.6
4311643,sand_pct,30-60cm,18.7
4311643,sand_pct,60-100cm,18.3
4311643,silt_pct,0-5cm,34.2
4311643,silt_pct,5-15cm,33.6
4311643,silt_pct,15-30cm,33.6
4311643,silt_pct,30-60cm,31.5
4311643,silt_pct,60-100cm,29.1
4311643,soc_pct,0-5cm,6.86
4311643,soc_pct,5-15cm,2.3
4311643,soc_pct,15-30cm,2.36
4311643,soc_pct,30-60cm,1.06
4311643,soc_pct,60-100cm,0.71
4311643,ph_h2o,0-5cm,5.4
4311643,ph_h2o,5-15cm,5.4
4311643,ph_h2o,15-30cm,5.4
4311643,ph_h2o,30-60cm,5.4
4311643,ph_h2o,60-100cm,5.4
4311643,bd_kg_dm3,0-5cm,1.02
4311643,bd_kg_dm3,5-15cm,1.04
4311643,bd_kg_dm3,15-30cm,1.08
4311643,bd_kg_dm3,30-60cm,1.16
4311643,bd_kg_dm3,60-100cm,1.2
4311643,cec_cmol_kg,0-5cm,22.8
4311643,cec_cmol_kg,5-15cm,17.0
4311643,cec_cmol_kg,15-30cm,16.4
4311643,cec_cmol_kg,30-60cm,16.7
4311643,cec_cmol_kg,60-100cm,16.6
4304101,clay_pct,0-5cm,42.5
4304101,clay_pct,5-15cm,44.3
4304101,clay_pct,15-30cm,50.1
4304101,clay_pct,30-60cm,54.8
4304101,clay_pct,60-100cm,55.5
4304101,soc_pct,0-5cm,4.49
4304101,soc_pct,5-15cm,2.39
4304101,soc_pct,15-30cm,1.39
4304101,soc_pct,30-60cm,0.88
4304101,soc_pct,60-100cm,0.6
4311759,clay_pct,0-5cm,36.8
4311759,clay_pct,5-15cm,37.0
4311759,clay_pct,15-30cm,40.8
4311759,clay_pct,30-60cm,47.2
4311759,clay_pct,60-100cm,48.6
4311759,sand_pct,0-5cm,31.9
4311759,sand_pct,5-15cm,32.5
4311759,sand_pct,15-30cm,30.2
4311759,sand_pct,30-60cm,27.0
4311759,sand_pct,60-100cm,27.5
4311759,silt_pct,0-5cm,31.3
4311759,silt_pct,5-15cm,30.5
4311759,silt_pct,15-30cm,29.0
4311759,silt_pct,30-60cm,25.8
4311759,silt_pct,60-100cm,24.0
4311759,soc_pct,0-5cm,3.9
4311759,soc_pct,5-15cm,1.74
4311759,soc_pct,15-30cm,1.72
4311759,soc_pct,30-60cm,1.29
4311759,soc_pct,60-100cm,0.79
4311759,ph_h2o,0-5cm,5.2
4311759,ph_h2o,5-15cm,5.2
4311759,ph_h2o,15-30cm,5.2
4311759,ph_h2o,30-60cm,5.2
4311759,ph_h2o,60-100cm,5.3
4311759,bd_kg_dm3,0-5cm,1.26
4311759,bd_kg_dm3,5-15cm,1.34
4311759,bd_kg_dm3,15-30cm,1.4
4311759,bd_kg_dm3,30-60cm,1.5
4311759,bd_kg_dm3,60-100cm,1.51
4311759,cec_cmol_kg,0-5cm,21.2
4311759,cec_cmol_kg,5-15cm,17.5
4311759,cec_cmol_kg,15-30cm,17.8
4311759,cec_cmol_kg,30-60cm,18.7
4311759,cec_cmol_kg,60-100cm,17.9
4311734,clay_pct,0-5cm,40.5
4311734,clay_pct,5-15cm,41.0
4311734,clay_pct,15-30cm,43.3
4311734,clay_pct,30-60cm,47.2
4311734,clay_pct,60-100cm,48.9
4311734,sand_pct,0-5cm,25.3
4311734,sand_pct,5-15cm,26.2
4311734,sand_pct,15-30cm,24.4
4311734,sand_pct,30-60cm,22.0
4311734,sand_pct,60-100cm,21.3
4311734,silt_pct,0-5cm,34.2
4311734,silt_pct,5-15cm,32.8
4311734,silt_pct,15-30cm,32.3
4311734,silt_pct,30-60cm,30.8
4311734,silt_pct,60-100cm,29.8
4311734,soc_pct,0-5cm,7.08
4311734,soc_pct,5-15cm,3.1
4311734,soc_pct,15-30cm,2.99
4311734,soc_pct,30-60cm,2.07
4311734,soc_pct,60-100cm,1.55
4311734,ph_h2o,0-5cm,5.2
4311734,ph_h2o,5-15cm,5.2
4311734,ph_h2o,15-30cm,5.2
4311734,ph_h2o,30-60cm,5.3
4311734,ph_h2o,60-100cm,5.3
4311734,bd_kg_dm3,0-5cm,0.98
4311734,bd_kg_dm3,5-15cm,1.0
4311734,bd_kg_dm3,15-30cm,1.02
4311734,bd_kg_dm3,30-60cm,1.11
4311734,bd_kg_dm3,60-100cm,1.16
4311734,cec_cmol_kg,0-5cm,21.5
4311734,cec_cmol_kg,5-15cm,15.8
4311734,cec_cmol_kg,15-30cm,16.2
4311734,cec_cmol_kg,30-60cm,16.2
4311734,cec_cmol_kg,60-100cm,15.2
4311775,clay_pct,0-5cm,39.0
4311775,clay_pct,5-15cm,39.2
4311775,clay_pct,15-30cm,40.9
4311775,clay_pct,30-60cm,44.9
4311775,clay_pct,60-100cm,46.3
4311775,sand_pct,0-5cm,28.1
4311775,sand_pct,5-15cm,28.1
4311775,sand_pct,15-30cm,27.2
4311775,sand_pct,30-60cm,24.5
4311775,sand_pct,60-100cm,23.9
4311775,silt_pct,0-5cm,32.9
4311775,silt_pct,5-15cm,32.6
4311775,silt_pct,15-30cm,32.0
4311775,silt_pct,30-60cm,30.6
4311775,silt_pct,60-100cm,29.7
4311775,soc_pct,0-5cm,7.21
4311775,soc_pct,5-15cm,3.16
4311775,soc_pct,15-30cm,3.37
4311775,soc_pct,30-60cm,2.29
4311775,soc_pct,60-100cm,1.2
4311775,ph_h2o,0-5cm,5.3
4311775,ph_h2o,5-15cm,5.3
4311775,ph_h2o,15-30cm,5.4
4311775,ph_h2o,30-60cm,5.3
4311775,ph_h2o,60-100cm,5.3
4311775,bd_kg_dm3,0-5cm,0.94
4311775,bd_kg_dm3,5-15cm,0.97
4311775,bd_kg_dm3,15-30cm,1.03
4311775,bd_kg_dm3,30-60cm,1.13
4311775,bd_kg_dm3,60-100cm,1.17
4311775,cec_cmol_kg,0-5cm,22.3
4311775,cec_cmol_kg,5-15cm,16.3
4311775,cec_cmol_kg,15-30cm,16.7
4311775,cec_cmol_kg,30-60cm,16.8
4311775,cec_cmol_kg,60-100cm,16.0
4311908,clay_pct,0-5cm,40.2
4311908,clay_pct,5-15cm,40.7
4311908,clay_pct,15-30cm,41.1
4311908,clay_pct,30-60cm,44.8
4311908,clay_pct,60-100cm,47.0
4311908,sand_pct,0-5cm,20.9
4311908,sand_pct,5-15cm,21.2
4311908,sand_pct,15-30cm,20.2
4311908,sand_pct,30-60cm,18.6
4311908,sand_pct,60-100cm,18.2
4311908,silt_pct,0-5cm,38.8
4311908,silt_pct,5-15cm,38.1
4311908,silt_pct,15-30cm,38.7
4311908,silt_pct,30-60cm,36.6
4311908,silt_pct,60-100cm,34.8
4311908,soc_pct,0-5cm,6.3
4311908,soc_pct,5-15cm,2.8
4311908,soc_pct,15-30cm,2.5
4311908,soc_pct,30-60cm,1.66
4311908,soc_pct,60-100cm,1.26
4311908,ph_h2o,0-5cm,5.2
4311908,ph_h2o,5-15cm,5.1
4311908,ph_h2o,15-30cm,5.1
4311908,ph_h2o,30-60cm,5.2
4311908,ph_h2o,60-100cm,5.1
4311908,bd_kg_dm3,0-5cm,1.0
4311908,bd_kg_dm3,5-15cm,1.02
4311908,bd_kg_dm3,15-30cm,1.08
4311908,bd_kg_dm3,30-60cm,1.07
4311908,bd_kg_dm3,60-100cm,1.12
4311908,cec_cmol_kg,0-5cm,23.2
4311908,cec_cmol_kg,5-15cm,18.7
4311908,cec_cmol_kg,15-30cm,18.7
4311908,cec_cmol_kg,30-60cm,19.2
4311908,cec_cmol_kg,60-100cm,18.3
4311981,clay_pct,0-5cm,30.8
4311981,clay_pct,5-15cm,29.2
4311981,clay_pct,15-30cm,32.7
4311981,clay_pct,30-60cm,50.1
4311981,clay_pct,60-100cm,52.5
4311981,sand_pct,0-5cm,43.8
4311981,sand_pct,5-15cm,46.5
4311981,sand_pct,15-30cm,42.0
4311981,sand_pct,30-60cm,28.7
4311981,sand_pct,60-100cm,26.6
4311981,silt_pct,0-5cm,25.3
4311981,silt_pct,5-15cm,24.3
4311981,silt_pct,15-30cm,25.3
4311981,silt_pct,30-60cm,21.2
4311981,silt_pct,60-100cm,20.9
4311981,soc_pct,0-5cm,6.46
4311981,soc_pct,5-15cm,2.83
4311981,soc_pct,15-30cm,1.81
4311981,soc_pct,30-60cm,1.02
4311981,soc_pct,60-100cm,0.77
4311981,ph_h2o,0-5cm,5.2
4311981,ph_h2o,5-15cm,5.2
4311981,ph_h2o,15-30cm,5.2
4311981,ph_h2o,30-60cm,5.2
4311981,ph_h2o,60-100cm,5.3
4311981,bd_kg_dm3,0-5cm,1.18
4311981,bd_kg_dm3,5-15cm,1.21
4311981,bd_kg_dm3,15-30cm,1.26
4311981,bd_kg_dm3,30-60cm,1.33
4311981,bd_kg_dm3,60-100cm,1.36
4311981,cec_cmol_kg,0-5cm,18.3
4311981,cec_cmol_kg,5-15cm,14.6
4311981,cec_cmol_kg,15-30cm,14.3
4311981,cec_cmol_kg,30-60cm,15.0
4311981,cec_cmol_kg,60-100cm,14.9
4311791,sand_pct,0-5cm,29.1
4311791,sand_pct,5-15cm,28.7
4311791,sand_pct,15-30cm,26.1
4311791,sand_pct,30-60cm,19.8
4311791,sand_pct,60-100cm,18.7
4311791,silt_pct,0-5cm,39.9
4311791,silt_pct,5-15cm,39.6
4311791,silt_pct,15-30cm,38.7
4311791,silt_pct,30-60cm,32.5
4311791,silt_pct,60-100cm,30.4
4311791,soc_pct,0-5cm,7.37
4311791,soc_pct,5-15cm,2.12
4311791,soc_pct,15-30cm,2.13
4311791,soc_pct,30-60cm,1.18
4311791,soc_pct,60-100cm,0.69
4311791,ph_h2o,0-5cm,5.2
4311791,ph_h2o,5-15cm,5.2
4311791,ph_h2o,15-30cm,5.2
4311791,ph_h2o,30-60cm,5.2
4311791,ph_h2o,60-100cm,5.2
4311791,bd_kg_dm3,0-5cm,1.12
4311791,bd_kg_dm3,5-15cm,1.14
4311791,bd_kg_dm3,15-30cm,1.17
4311791,bd_kg_dm3,30-60cm,1.26
4311791,bd_kg_dm3,60-100cm,1.29
4311791,cec_cmol_kg,0-5cm,20.4
4311791,cec_cmol_kg,5-15cm,15.9
4311791,cec_cmol_kg,15-30cm,16.1
4311791,cec_cmol_kg,30-60cm,18.0
4311791,cec_cmol_kg,60-100cm,17.9
4311809,clay_pct,0-5cm,50.9
4311809,clay_pct,5-15cm,52.3
4311809,clay_pct,15-30cm,55.0
4311809,clay_pct,30-60cm,61.5
4311809,clay_pct,60-100cm,63.4
4311809,sand_pct,0-5cm,18.4
4311809,sand_pct,5-15cm,19.0
4311809,sand_pct,15-30cm,17.7
4311809,sand_pct,30-60cm,15.6
4311809,sand_pct,60-100cm,14.4
4311809,silt_pct,0-5cm,30.7
4311809,silt_pct,5-15cm,28.7
4311809,silt_pct,15-30cm,27.3
4311809,silt_pct,30-60cm,22.9
4311809,silt_pct,60-100cm,22.3
4311809,soc_pct,0-5cm,6.76
4311809,soc_pct,5-15cm,2.54
4311809,soc_pct,15-30cm,2.09
4311809,soc_pct,30-60cm,0.95
4311809,soc_pct,60-100cm,0.69
4311809,ph_h2o,0-5cm,5.0
4311809,ph_h2o,5-15cm,5.1
4311809,ph_h2o,15-30cm,5.1
4311809,ph_h2o,30-60cm,5.2
4311809,ph_h2o,60-100cm,5.2
4311809,bd_kg_dm3,0-5cm,0.98
4311809,bd_kg_dm3,5-15cm,1.04
4311809,bd_kg_dm3,15-30cm,1.1
4311809,bd_kg_dm3,30-60cm,1.16
4311809,bd_kg_dm3,60-100cm,1.21
4311809,cec_cmol_kg,0-5cm,22.2
4311809,cec_cmol_kg,5-15cm,19.6
4311809,cec_cmol_kg,15-30cm,20.6
4311809,cec_cmol_kg,30-60cm,19.2
4311809,cec_cmol_kg,60-100cm,18.7
4312005,clay_pct,0-5cm,45.0
4312005,clay_pct,5-15cm,44.9
4312005,clay_pct,15-30cm,46.4
4312005,clay_pct,30-60cm,51.7
4312005,clay_pct,60-100cm,53.3
4312005,sand_pct,0-5cm,22.9
4312005,sand_pct,5-15cm,22.9
4312005,sand_pct,15-30cm,22.1
4312005,sand_pct,30-60cm,19.9
4312005,sand_pct,60-100cm,19.2
4312005,silt_pct,0-5cm,32.1
4312005,silt_pct,5-15cm,32.2
4312005,silt_pct,15-30cm,31.5
4312005,silt_pct,30-60cm,28.4
4312005,silt_pct,60-100cm,27.5
4312005,soc_pct,0-5cm,6.18
4312005,soc_pct,5-15cm,3.31
4312005,soc_pct,15-30cm,2.99
4312005,soc_pct,30-60cm,1.22
4312005,soc_pct,60-100cm,1.15
4312005,ph_h2o,0-5cm,5.2
4312005,ph_h2o,5-15cm,5.2
4312005,ph_h2o,15-30cm,5.2
4312005,ph_h2o,30-60cm,5.2
4312005,ph_h2o,60-100cm,5.2
4312005,bd_kg_dm3,0-5cm,0.97
4312005,bd_kg_dm3,5-15cm,1.0
4312005,bd_kg_dm3,15-30cm,1.06
4312005,bd_kg_dm3,30-60cm,1.08
4312005,bd_kg_dm3,60-100cm,1.13
4312005,cec_cmol_kg,0-5cm,19.9
4312005,cec_cmol_kg,5-15cm,16.3
4312005,cec_cmol_kg,15-30cm,16.0
4312005,cec_cmol_kg,30-60cm,16.1
4312005,cec_cmol_kg,60-100cm,15.3
4312138,clay_pct,0-5cm,47.8
4312138,clay_pct,5-15cm,48.2
4312138,clay_pct,15-30cm,51.3
4312138,clay_pct,30-60cm,58.6
4312138,clay_pct,60-100cm,60.8
4312138,sand_pct,0-5cm,20.8
4312138,sand_pct,5-15cm,21.3
4312138,sand_pct,15-30cm,19.2
4312138,sand_pct,30-60cm,15.6
4312138,sand_pct,60-100cm,14.8
4312138,silt_pct,0-5cm,31.4
4312138,silt_pct,5-15cm,30.5
4312138,silt_pct,15-30cm,29.5
4312138,silt_pct,30-60cm,25.8
4312138,silt_pct,60-100cm,24.5
4312138,soc_pct,0-5cm,5.61
4312138,soc_pct,5-15cm,2.24
4312138,soc_pct,15-30cm,1.83
4312138,soc_pct,30-60cm,1.07
4312138,soc_pct,60-100cm,0.76
4312138,ph_h2o,0-5cm,5.1
4312138,ph_h2o,5-15cm,5.1
4312138,ph_h2o,15-30cm,5.1
4312138,ph_h2o,30-60cm,5.1
4312138,ph_h2o,60-100cm,5.1
4312138,bd_kg_dm3,0-5cm,0.98
4312138,bd_kg_dm3,5-15cm,1.04
4312138,bd_kg_dm3,15-30cm,1.1
4312138,bd_kg_dm3,30-60cm,1.14
4312138,bd_kg_dm3,60-100cm,1.18
4312138,cec_cmol_kg,0-5cm,18.3
4312138,cec_cmol_kg,5-15cm,17.3
4312138,cec_cmol_kg,15-30cm,15.4
4312138,cec_cmol_kg,30-60cm,14.1
4312138,cec_cmol_kg,60-100cm,13.8
4312054,clay_pct,0-5cm,30.6
4312054,clay_pct,5-15cm,31.1
4312054,clay_pct,15-30cm,38.7
4312054,clay_pct,30-60cm,47.9
4312054,clay_pct,60-100cm,49.0
4312054,sand_pct,0-5cm,29.6
4312054,sand_pct,5-15cm,28.6
4312054,sand_pct,15-30cm,25.2
4312054,sand_pct,30-60cm,20.6
4312054,sand_pct,60-100cm,20.1
4312054,silt_pct,0-5cm,39.8
4312054,silt_pct,5-15cm,40.3
4312054,silt_pct,15-30cm,36.1
4312054,silt_pct,30-60cm,31.5
4312054,silt_pct,60-100cm,31.0
4312054,soc_pct,0-5cm,6.0
4312054,soc_pct,5-15cm,3.2
4312054,soc_pct,15-30cm,2.38
4312054,soc_pct,30-60cm,1.4
4312054,soc_pct,60-100cm,0.87
4312054,ph_h2o,0-5cm,5.4
4312054,ph_h2o,5-15cm,5.4
4312054,ph_h2o,15-30cm,5.3
4312054,ph_h2o,30-60cm,5.3
4312054,ph_h2o,60-100cm,5.3
4312054,bd_kg_dm3,0-5cm,1.09
4312054,bd_kg_dm3,5-15cm,1.11
4312054,bd_kg_dm3,15-30cm,1.14
4312054,bd_kg_dm3,30-60cm,1.24
4312054,bd_kg_dm3,60-100cm,1.27
4312054,cec_cmol_kg,0-5cm,24.1
4312054,cec_cmol_kg,5-15cm,20.4
4312054,cec_cmol_kg,15-30cm,21.1
4312054,cec_cmol_kg,30-60cm,21.5
4312054,cec_cmol_kg,60-100cm,20.4
4312104,clay_pct,0-5cm,29.9
4312104,clay_pct,5-15cm,31.5
4312104,clay_pct,15-30cm,32.5
4312104,clay_pct,30-60cm,38.5
4312104,clay_pct,60-100cm,40.4
4312104,sand_pct,0-5cm,40.7
4312104,sand_pct,5-15cm,41.8
4312104,sand_pct,15-30cm,41.1
4312104,sand_pct,30-60cm,37.0
4312104,sand_pct,60-100cm,35.6
4312104,silt_pct,0-5cm,29.4
4312104,silt_pct,5-15cm,26.7
4312104,silt_pct,15-30cm,26.4
4312104,silt_pct,30-60cm,24.5
4312104,silt_pct,60-100cm,24.0
4312104,soc_pct,0-5cm,5.56
4312104,soc_pct,5-15cm,2.19
4312104,soc_pct,15-30cm,1.84
4312104,soc_pct,30-60cm,0.94
4312104,soc_pct,60-100cm,0.9
4312104,ph_h2o,0-5cm,5.1
4312104,ph_h2o,5-15cm,5.1
4312104,ph_h2o,15-30cm,5.1
4312104,ph_h2o,30-60cm,5.1
4312104,ph_h2o,60-100cm,5.2
4312104,bd_kg_dm3,0-5cm,1.12
4312104,bd_kg_dm3,5-15cm,1.16
4312104,bd_kg_dm3,15-30cm,1.22
4312104,bd_kg_dm3,30-60cm,1.25
4312104,bd_kg_dm3,60-100cm,1.28
4312104,cec_cmol_kg,0-5cm,23.5
4312104,cec_cmol_kg,5-15cm,20.9
4312104,cec_cmol_kg,15-30cm,21.3
4312104,cec_cmol_kg,30-60cm,23.0
4312104,cec_cmol_kg,60-100cm,22.6
4312153,clay_pct,0-5cm,32.2
4312153,clay_pct,5-15cm,32.4
4312153,clay_pct,15-30cm,41.8
4312153,clay_pct,30-60cm,50.8
4312153,clay_pct,60-100cm,52.9
4312153,sand_pct,0-5cm,24.2
4312153,sand_pct,5-15cm,24.1
4312153,sand_pct,15-30cm,20.4
4312153,sand_pct,30-60cm,16.3
4312153,sand_pct,60-100cm,15.4
4312153,silt_pct,0-5cm,43.6
4312153,silt_pct,5-15cm,43.4
4312153,silt_pct,15-30cm,37.8
4312153,silt_pct,30-60cm,32.9
4312153,silt_pct,60-100cm,31.7
4312153,soc_pct,0-5cm,5.0
4312153,soc_pct,5-15cm,3.33
4312153,soc_pct,15-30cm,2.22
4312153,soc_pct,30-60cm,0.99
4312153,soc_pct,60-100cm,0.67
4312153,ph_h2o,0-5cm,5.4
4312153,ph_h2o,5-15cm,5.4
4312153,ph_h2o,15-30cm,5.3
4312153,ph_h2o,30-60cm,5.4
4312153,ph_h2o,60-100cm,5.4
4312153,bd_kg_dm3,0-5cm,1.18
4312153,bd_kg_dm3,5-15cm,1.21
4312153,bd_kg_dm3,15-30cm,1.28
4312153,bd_kg_dm3,30-60cm,1.34
4312153,bd_kg_dm3,60-100cm,1.36
4312153,cec_cmol_kg,0-5cm,25.7
4312153,cec_cmol_kg,5-15cm,22.4
4312153,cec_cmol_kg,15-30cm,22.8
4312153,cec_cmol_kg,30-60cm,24.3
4312153,cec_cmol_kg,60-100cm,23.8
4312203,clay_pct,0-5cm,50.0
4312203,clay_pct,5-15cm,50.7
4312203,clay_pct,15-30cm,51.7
4312203,clay_pct,30-60cm,56.0
4312203,clay_pct,60-100cm,59.2
4312203,sand_pct,0-5cm,18.1
4312203,sand_pct,5-15cm,18.4
4312203,sand_pct,15-30cm,18.4
4312203,sand_pct,30-60cm,16.9
4312203,sand_pct,60-100cm,15.3
4312203,silt_pct,0-5cm,31.9
4312203,silt_pct,5-15cm,30.9
4312203,silt_pct,15-30cm,29.9
4312203,silt_pct,30-60cm,27.1
4312203,silt_pct,60-100cm,25.5
4312203,soc_pct,0-5cm,5.69
4312203,soc_pct,5-15cm,2.98
4312203,soc_pct,15-30cm,2.13
4312203,soc_pct,30-60cm,1.14
4312203,soc_pct,60-100cm,0.77
4312203,ph_h2o,0-5cm,5.2
4312203,ph_h2o,5-15cm,5.2
4312203,ph_h2o,15-30cm,5.2
4312203,ph_h2o,30-60cm,5.3
4312203,ph_h2o,60-100cm,5.2
4312203,bd_kg_dm3,0-5cm,0.98
4312203,bd_kg_dm3,5-15cm,1.0
4312203,bd_kg_dm3,15-30cm,1.06
4312203,bd_kg_dm3,30-60cm,1.1
4312203,bd_kg_dm3,60-100cm,1.13
4312203,cec_cmol_kg,0-5cm,18.0
4312203,cec_cmol_kg,5-15cm,16.2
4312203,cec_cmol_kg,15-30cm,15.2
4312203,cec_cmol_kg,30-60cm,14.7
4312203,cec_cmol_kg,60-100cm,13.9
4312252,clay_pct,0-5cm,32.5
4312252,clay_pct,5-15cm,31.7
4312252,clay_pct,15-30cm,40.1
4312252,clay_pct,30-60cm,49.2
4312252,clay_pct,60-100cm,52.5
4312252,sand_pct,0-5cm,37.2
4312252,sand_pct,5-15cm,37.8
4312252,sand_pct,15-30cm,33.5
4312252,sand_pct,30-60cm,27.6
4312252,sand_pct,60-100cm,25.5
4312252,silt_pct,0-5cm,30.3
4312252,silt_pct,5-15cm,30.5
4312252,silt_pct,15-30cm,26.4
4312252,silt_pct,30-60cm,23.3
4312252,silt_pct,60-100cm,21.9
4312252,soc_pct,0-5cm,4.98
4312252,soc_pct,5-15cm,1.61
4312252,soc_pct,15-30cm,1.61
4312252,soc_pct,30-60cm,1.01
4312252,soc_pct,60-100cm,0.53
4312252,ph_h2o,0-5cm,5.2
4312252,ph_h2o,5-15cm,5.2
4312252,ph_h2o,15-30cm,5.2
4312252,ph_h2o,30-60cm,5.2
4312252,ph_h2o,60-100cm,5.2
4312252,bd_kg_dm3,0-5cm,1.25
4312252,bd_kg_dm3,5-15cm,1.31
4312252,bd_kg_dm3,15-30cm,1.39
4312252,bd_kg_dm3,30-60cm,1.47
4312252,bd_kg_dm3,60-100cm,1.48
4312252,cec_cmol_kg,0-5cm,19.8
4312252,cec_cmol_kg,5-15cm,15.4
4312252,cec_cmol_kg,15-30cm,16.0
4312252,cec_cmol_kg,30-60cm,17.2
4312252,cec_cmol_kg,60-100cm,16.4
4312179,clay_pct,0-5cm,46.8
4312179,clay_pct,5-15cm,47.7
4312179,clay_pct,15-30cm,50.9
4312179,clay_pct,30-60cm,52.6
4312179,clay_pct,60-100cm,53.7
4312179,sand_pct,0-5cm,22.8
4312179,sand_pct,5-15cm,21.6
4312179,sand_pct,15-30cm,20.0
4312179,sand_pct,30-60cm,20.1
4312179,sand_pct,60-100cm,20.1
4312179,silt_pct,0-5cm,30.5
4312179,silt_pct,5-15cm,30.7
4312179,silt_pct,15-30cm,29.1
4312179,silt_pct,30-60cm,27.3
4312179,silt_pct,60-100cm,26.2
4312179,soc_pct,0-5cm,5.23
4312179,soc_pct,5-15cm,2.09
4312179,soc_pct,15-30cm,1.7
4312179,soc_pct,30-60cm,1.17
4312179,soc_pct,60-100cm,0.89
4312179,ph_h2o,0-5cm,5.2
4312179,ph_h2o,5-15cm,5.2
4312179,ph_h2o,15-30cm,5.2
4312179,ph_h2o,30-60cm,5.2
4312179,ph_h2o,60-100cm,5.3
4312179,bd_kg_dm3,0-5cm,1.23
4312179,bd_kg_dm3,5-15cm,1.28
4312179,bd_kg_dm3,15-30cm,1.32
4312179,bd_kg_dm3,30-60cm,1.35
4312179,bd_kg_dm3,60-100cm,1.35
4312179,cec_cmol_kg,0-5cm,24.0
4312179,cec_cmol_kg,5-15cm,22.1
4312179,cec_cmol_kg,15-30cm,21.2
4312179,cec_cmol_kg,30-60cm,21.3
4312179,cec_cmol_kg,60-100cm,19.7
4312351,clay_pct,0-5cm,51.9
4312351,clay_pct,5-15cm,52.4
4312351,clay_pct,15-30cm,54.0
4312351,clay_pct,30-60cm,57.8
4312351,clay_pct,60-100cm,59.4
4312351,sand_pct,0-5cm,16.3
4312351,sand_pct,5-15cm,16.3
4312351,sand_pct,15-30cm,15.5
4312351,sand_pct,30-60cm,13.8
4312351,sand_pct,60-100cm,12.4
4312351,silt_pct,0-5cm,31.8
4312351,silt_pct,5-15cm,31.3
4312351,silt_pct,15-30cm,30.6
4312351,silt_pct,30-60cm,28.4
4312351,silt_pct,60-100cm,28.2
4312351,soc_pct,0-5cm,6.3
4312351,soc_pct,5-15cm,3.08
4312351,soc_pct,15-30cm,2.57
4312351,soc_pct,30-60cm,1.44
4312351,soc_pct,60-100cm,1.3
4312351,ph_h2o,0-5cm,5.2
4312351,ph_h2o,5-15cm,5.2
4312351,ph_h2o,15-30cm,5.2
4312351,ph_h2o,30-60cm,5.2
4312351,ph_h2o,60-100cm,5.2
4312351,bd_kg_dm3,0-5cm,0.96
4312351,bd_kg_dm3,5-15cm,0.97
4312351,bd_kg_dm3,15-30cm,1.03
4312351,bd_kg_dm3,30-60cm,1.1
4312351,bd_kg_dm3,60-100cm,1.15
4312351,cec_cmol_kg,0-5cm,23.9
4312351,cec_cmol_kg,5-15cm,20.3
4312351,cec_cmol_kg,15-30cm,19.6
4312351,cec_cmol_kg,30-60cm,19.6
4312351,cec_cmol_kg,60-100cm,19.3
4312377,clay_pct,0-5cm,53.2
4312377,clay_pct,5-15cm,51.2
4312377,clay_pct,15-30cm,54.0
4312377,clay_pct,30-60cm,59.8
4312377,clay_pct,60-100cm,61.1
4312377,sand_pct,0-5cm,12.9
4312377,sand_pct,5-15cm,13.5
4312377,sand_pct,15-30cm,12.5
4312377,sand_pct,30-60cm,11.3
4312377,sand_pct,60-100cm,10.8
4312377,silt_pct,0-5cm,33.9
4312377,silt_pct,5-15cm,35.3
4312377,silt_pct,15-30cm,33.4
4312377,silt_pct,30-60cm,29.0
4312377,silt_pct,60-100cm,28.1
4312377,ph_h2o,0-5cm,5.1
4312377,ph_h2o,5-15cm,5.1
4312377,ph_h2o,15-30cm,5.1
4312377,ph_h2o,30-60cm,5.0
4312377,ph_h2o,60-100cm,5.0
4312377,bd_kg_dm3,0-5cm,0.98
4312377,bd_kg_dm3,5-15cm,0.99
4312377,bd_kg_dm3,15-30cm,1.03
4312377,bd_kg_dm3,30-60cm,1.1
4312377,bd_kg_dm3,60-100cm,1.15
4312377,cec_cmol_kg,0-5cm,21.4
4312377,cec_cmol_kg,5-15cm,17.4
4312377,cec_cmol_kg,15-30cm,15.2
4312377,cec_cmol_kg,30-60cm,14.5
4312377,cec_cmol_kg,60-100cm,14.1
4312302,clay_pct,0-5cm,43.8
4312302,clay_pct,5-15cm,46.1
4312302,clay_pct,15-30cm,47.2
4312302,clay_pct,30-60cm,51.8
4312302,clay_pct,60-100cm,52.6
4312302,sand_pct,0-5cm,20.9
4312302,sand_pct,5-15cm,20.6
4312302,sand_pct,15-30cm,21.0
4312302,sand_pct,30-60cm,19.2
4312302,sand_pct,60-100cm,18.7
4312302,silt_pct,0-5cm,35.3
4312302,silt_pct,5-15cm,33.3
4312302,silt_pct,15-30cm,31.9
4312302,silt_pct,30-60cm,29.0
4312302,silt_pct,60-100cm,28.6
4312302,soc_pct,0-5cm,8.48
4312302,soc_pct,5-15cm,3.0
4312302,soc_pct,15-30cm,2.44
4312302,soc_pct,30-60cm,1.51
4312302,soc_pct,60-100cm,1.31
4312302,ph_h2o,0-5cm,5.3
4312302,ph_h2o,5-15cm,5.3
4312302,ph_h2o,15-30cm,5.3
4312302,ph_h2o,30-60cm,5.3
4312302,ph_h2o,60-100cm,5.3
4312302,bd_kg_dm3,0-5cm,1.0
4312302,bd_kg_dm3,5-15cm,1.05
4312302,bd_kg_dm3,15-30cm,1.08
4312302,bd_kg_dm3,30-60cm,1.16
4312302,bd_kg_dm3,60-100cm,1.2
4312302,cec_cmol_kg,0-5cm,21.1
4312302,cec_cmol_kg,5-15cm,16.8
4312302,cec_cmol_kg,15-30cm,15.8
4312302,cec_cmol_kg,30-60cm,16.3
4312302,cec_cmol_kg,60-100cm,15.0
4312385,clay_pct,0-5cm,43.5
4312385,clay_pct,5-15cm,44.1
4312385,clay_pct,15-30cm,43.1
4312385,clay_pct,30-60cm,47.9
4312385,clay_pct,60-100cm,49.6
4312385,sand_pct,0-5cm,22.1
4312385,sand_pct,5-15cm,22.5
4312385,sand_pct,15-30cm,22.4
4312385,sand_pct,30-60cm,19.9
4312385,sand_pct,60-100cm,19.1
4312385,silt_pct,0-5cm,34.4
4312385,silt_pct,5-15cm,33.4
4312385,silt_pct,15-30cm,34.4
4312385,silt_pct,30-60cm,32.2
4312385,silt_pct,60-100cm,31.3
4312385,soc_pct,0-5cm,7.3
4312385,soc_pct,5-15cm,2.45
4312385,soc_pct,15-30cm,3.15
4312385,soc_pct,30-60cm,2.27
4312385,soc_pct,60-100cm,1.15
4312385,ph_h2o,0-5cm,5.4
4312385,ph_h2o,5-15cm,5.4
4312385,ph_h2o,15-30cm,5.4
4312385,ph_h2o,30-60cm,5.4
4312385,ph_h2o,60-100cm,5.4
4312385,bd_kg_dm3,0-5cm,1.0
4312385,bd_kg_dm3,5-15cm,1.02
4312385,bd_kg_dm3,15-30cm,1.09
4312385,bd_kg_dm3,30-60cm,1.14
4312385,bd_kg_dm3,60-100cm,1.2
4312385,cec_cmol_kg,0-5cm,24.3
4312385,cec_cmol_kg,5-15cm,18.2
4312385,cec_cmol_kg,15-30cm,19.0
4312385,cec_cmol_kg,30-60cm,19.3
4312385,cec_cmol_kg,60-100cm,18.5
4312401,clay_pct,0-5cm,29.2
4312401,clay_pct,5-15cm,29.8
4312401,clay_pct,15-30cm,34.3
4312401,clay_pct,30-60cm,48.0
4312401,clay_pct,60-100cm,50.1
4312401,sand_pct,0-5cm,36.7
4312401,sand_pct,5-15cm,36.8
4312401,sand_pct,15-30cm,32.3
4312401,sand_pct,30-60cm,23.5
4312401,sand_pct,60-100cm,22.3
4312401,silt_pct,0-5cm,34.1
4312401,silt_pct,5-15cm,33.3
4312401,silt_pct,15-30cm,33.4
4312401,silt_pct,30-60cm,28.5
4312401,silt_pct,60-100cm,27.6
4312401,soc_pct,0-5cm,6.22
4312401,soc_pct,5-15cm,2.18
4312401,soc_pct,15-30cm,2.22
4312401,soc_pct,30-60cm,1.26
4312401,soc_pct,60-100cm,0.66
4312401,ph_h2o,0-5cm,5.1
4312401,ph_h2o,5-15cm,5.2
4312401,ph_h2o,15-30cm,5.2
4312401,ph_h2o,30-60cm,5.1
4312401,ph_h2o,60-100cm,5.1
4312401,bd_kg_dm3,0-5cm,1.15
4312401,bd_kg_dm3,5-15cm,1.19
4312401,bd_kg_dm3,15-30cm,1.23
4312401,bd_kg_dm3,30-60cm,1.28
4312401,bd_kg_dm3,60-100cm,1.3
4312401,cec_cmol_kg,0-5cm,20.9
4312401,cec_cmol_kg,5-15cm,16.7
4312401,cec_cmol_kg,15-30cm,18.0
4312401,cec_cmol_kg,30-60cm,19.2
4312401,cec_cmol_kg,60-100cm,18.2
4312443,clay_pct,0-5cm,37.9
4312443,clay_pct,5-15cm,37.2
4312443,clay_pct,15-30cm,41.0
4312443,clay_pct,30-60cm,49.3
4312443,clay_pct,60-100cm,50.1
4312443,sand_pct,0-5cm,33.1
4312443,sand_pct,5-15cm,34.4
4312443,sand_pct,15-30cm,31.0
4312443,sand_pct,30-60cm,25.5
4312443,sand_pct,60-100cm,25.0
4312443,silt_pct,0-5cm,29.1
4312443,silt_pct,5-15cm,28.4
4312443,silt_pct,15-30cm,28.0
4312443,silt_pct,30-60cm,25.3
4312443,silt_pct,60-100cm,24.9
4312443,soc_pct,0-5cm,6.43
4312443,soc_pct,5-15cm,2.83
4312443,soc_pct,15-30cm,2.55
4312443,soc_pct,30-60cm,1.4
4312443,soc_pct,60-100cm,0.97
4312443,ph_h2o,0-5cm,5.2
4312443,ph_h2o,5-15cm,5.2
4312443,ph_h2o,15-30cm,5.1
4312443,ph_h2o,30-60cm,5.2
4312443,ph_h2o,60-100cm,5.1
4312443,bd_kg_dm3,0-5cm,1.02
4312443,bd_kg_dm3,5-15cm,1.04
4312443,bd_kg_dm3,15-30cm,1.06
4312443,bd_kg_dm3,30-60cm,1.15
4312443,bd_kg_dm3,60-100cm,1.19
4312443,cec_cmol_kg,0-5cm,22.1
4312443,cec_cmol_kg,5-15cm,16.8
4312443,cec_cmol_kg,15-30cm,16.8
4312443,cec_cmol_kg,30-60cm,16.8
4312443,cec_cmol_kg,60-100cm,15.6
4312476,clay_pct,0-5cm,46.2
4312476,clay_pct,5-15cm,46.5
4312476,clay_pct,15-30cm,47.4
4312476,clay_pct,30-60cm,55.2
4312476,clay_pct,60-100cm,55.2
4312476,sand_pct,0-5cm,17.5
4312476,sand_pct,5-15cm,17.6
4312476,sand_pct,15-30cm,16.7
4312476,sand_pct,30-60cm,13.5
4312476,sand_pct,60-100cm,12.9
4312476,silt_pct,0-5cm,36.3
4312476,silt_pct,5-15cm,35.9
4312476,silt_pct,15-30cm,35.9
4312476,silt_pct,30-60cm,31.4
4312476,silt_pct,60-100cm,31.9
4312476,soc_pct,0-5cm,7.15
4312476,soc_pct,5-15cm,2.53
4312476,soc_pct,15-30cm,2.7
4312476,soc_pct,30-60cm,1.43
4312476,soc_pct,60-100cm,1.01
4312476,ph_h2o,0-5cm,5.4
4312476,ph_h2o,5-15cm,5.5
4312476,ph_h2o,15-30cm,5.4
4312476,ph_h2o,30-60cm,5.5
4312476,ph_h2o,60-100cm,5.5
4312476,bd_kg_dm3,0-5cm,0.96
4312476,bd_kg_dm3,5-15cm,0.99
4312476,bd_kg_dm3,15-30cm,1.01
4312476,bd_kg_dm3,30-60cm,1.12
4312476,bd_kg_dm3,60-100cm,1.16
4312476,cec_cmol_kg,0-5cm,23.2
4312476,cec_cmol_kg,5-15cm,18.4
4312476,cec_cmol_kg,15-30cm,18.6
4312476,cec_cmol_kg,30-60cm,18.6
4312476,cec_cmol_kg,60-100cm,18.3
4312427,clay_pct,0-5cm,44.4
4312427,clay_pct,5-15cm,46.5
4312427,clay_pct,15-30cm,47.9
4312427,clay_pct,30-60cm,52.5
4312427,clay_pct,60-100cm,54.4
4312427,sand_pct,0-5cm,22.6
4312427,sand_pct,5-15cm,22.4
4312427,sand_pct,15-30cm,21.6
4312427,sand_pct,30-60cm,19.8
4312427,sand_pct,60-100cm,18.9
4312427,silt_pct,0-5cm,33.0
4312427,silt_pct,5-15cm,31.1
4312427,silt_pct,15-30cm,30.6
4312427,silt_pct,30-60cm,27.6
4312427,silt_pct,60-100cm,26.7
4312427,soc_pct,0-5cm,4.52
4312427,soc_pct,5-15cm,2.17
4312427,soc_pct,15-30cm,1.75
4312427,soc_pct,30-60cm,1.04
4312427,soc_pct,60-100cm,0.6
4312427,ph_h2o,0-5cm,5.2
4312427,ph_h2o,5-15cm,5.1
4312427,ph_h2o,15-30cm,5.2
4312427,ph_h2o,30-60cm,5.2
4312427,ph_h2o,60-100cm,5.2
4312427,bd_kg_dm3,0-5cm,1.17
4312427,bd_kg_dm3,5-15cm,1.22
4312427,bd_kg_dm3,15-30cm,1.3
4312427,bd_kg_dm3,30-60cm,1.32
4312427,bd_kg_dm3,60-100cm,1.33
4312427,cec_cmol_kg,0-5cm,23.0
4312427,cec_cmol_kg,5-15cm,22.3
4312427,cec_cmol_kg,15-30cm,22.6
4312427,cec_cmol_kg,30-60cm,21.6
4312427,cec_cmol_kg,60-100cm,21.1
4312450,clay_pct,0-5cm,23.0
4312450,clay_pct,5-15cm,23.0
4312450,clay_pct,15-30cm,28.2
4312450,clay_pct,30-60cm,44.2
4312450,clay_pct,60-100cm,44.8
4312450,sand_pct,0-5cm,47.6
4312450,sand_pct,5-15cm,47.9
4312450,sand_pct,15-30cm,44.9
4312450,sand_pct,30-60cm,31.3
4312450,sand_pct,60-100cm,30.8
4312450,silt_pct,0-5cm,29.4
4312450,silt_pct,5-15cm,29.1
4312450,silt_pct,15-30cm,27.0
4312450,silt_pct,30-60cm,24.5
4312450,silt_pct,60-100cm,24.4
4312450,soc_pct,0-5cm,5.77
4312450,soc_pct,5-15cm,1.96
4312450,soc_pct,15-30cm,2.02
4312450,soc_pct,30-60cm,1.18
4312450,soc_pct,60-100cm,0.75
4312450,ph_h2o,0-5cm,5.2
4312450,ph_h2o,5-15cm,5.3
4312450,ph_h2o,15-30cm,5.3
4312450,ph_h2o,30-60cm,5.3
4312450,ph_h2o,60-100cm,5.3
4312450,bd_kg_dm3,0-5cm,1.1
4312450,bd_kg_dm3,5-15cm,1.15
4312450,bd_kg_dm3,15-30cm,1.19
4312450,bd_kg_dm3,30-60cm,1.29
4312450,bd_kg_dm3,60-100cm,1.33
4312450,cec_cmol_kg,0-5cm,18.6
4312450,cec_cmol_kg,5-15cm,16.9
4312450,cec_cmol_kg,15-30cm,17.2
4312450,cec_cmol_kg,30-60cm,17.6
4312450,cec_cmol_kg,60-100cm,17.1
4312500,clay_pct,0-5cm,26.0
4312500,clay_pct,5-15cm,25.9
4312500,clay_pct,15-30cm,29.8
4312500,clay_pct,30-60cm,34.7
4312500,clay_pct,60-100cm,33.3
4312500,sand_pct,0-5cm,48.1
4312500,sand_pct,5-15cm,48.5
4312500,sand_pct,15-30cm,45.3
4312500,sand_pct,30-60cm,41.0
4312500,sand_pct,60-100cm,42.2
4312500,silt_pct,0-5cm,25.8
4312500,silt_pct,5-15cm,25.6
4312500,silt_pct,15-30cm,24.9
4312500,silt_pct,30-60cm,24.3
4312500,silt_pct,60-100cm,24.4
4312500,soc_pct,0-5cm,9.3
4312500,soc_pct,5-15cm,6.54
4312500,soc_pct,15-30cm,3.65
4312500,soc_pct,30-60cm,2.94
4312500,soc_pct,60-100cm,2.13
4312500,ph_h2o,0-5cm,5.4
4312500,ph_h2o,5-15cm,5.5
4312500,ph_h2o,15-30cm,5.5
4312500,ph_h2o,30-60cm,5.5
4312500,ph_h2o,60-100cm,5.6
4312500,bd_kg_dm3,0-5cm,1.13
4312500,bd_kg_dm3,5-15cm,1.16
4312500,bd_kg_dm3,15-30cm,1.19
4312500,bd_kg_dm3,30-60cm,1.23
4312500,bd_kg_dm3,60-100cm,1.28
4312500,cec_cmol_kg,0-5cm,29.8
4312500,cec_cmol_kg,5-15cm,21.9
4312500,cec_cmol_kg,15-30cm,23.3
4312500,cec_cmol_kg,30-60cm,23.9
4312500,cec_cmol_kg,60-100cm,22.7
4312617,clay_pct,0-5cm,56.5
4312617,clay_pct,5-15cm,52.5
4312617,clay_pct,15-30cm,54.4
4312617,clay_pct,30-60cm,60.1
4312617,clay_pct,60-100cm,60.2
4312617,sand_pct,0-5cm,11.5
4312617,sand_pct,5-15cm,12.3
4312617,sand_pct,15-30cm,11.7
4312617,sand_pct,30-60cm,10.1
4312617,sand_pct,60-100cm,10.0
4312617,silt_pct,0-5cm,32.0
4312617,silt_pct,5-15cm,35.2
4312617,silt_pct,15-30cm,33.9
4312617,silt_pct,30-60cm,29.8
4312617,silt_pct,60-100cm,29.8
4312617,soc_pct,0-5cm,4.57
4312617,soc_pct,5-15cm,2.54
4312617,soc_pct,15-30cm,2.48
4312617,soc_pct,30-60cm,1.48
4312617,soc_pct,60-100cm,1.31
4312617,ph_h2o,0-5cm,5.0
4312617,ph_h2o,5-15cm,5.0
4312617,ph_h2o,15-30cm,5.0
4312617,ph_h2o,30-60cm,5.0
4312617,ph_h2o,60-100cm,5.0
4312617,bd_kg_dm3,0-5cm,0.94
4312617,bd_kg_dm3,5-15cm,0.98
4312617,bd_kg_dm3,15-30cm,1.02
4312617,bd_kg_dm3,30-60cm,1.1
4312617,bd_kg_dm3,60-100cm,1.15
4312617,cec_cmol_kg,0-5cm,27.8
4312617,cec_cmol_kg,5-15cm,26.4
4312617,cec_cmol_kg,15-30cm,26.4
4312617,cec_cmol_kg,30-60cm,25.6
4312617,cec_cmol_kg,60-100cm,23.8
4312625,clay_pct,0-5cm,48.7
4312625,clay_pct,5-15cm,46.5
4312625,clay_pct,15-30cm,50.5
4312625,clay_pct,30-60cm,57.4
4312625,clay_pct,60-100cm,59.7
4312625,sand_pct,0-5cm,13.8
4312625,sand_pct,5-15cm,14.5
4312625,sand_pct,15-30cm,12.9
4312625,sand_pct,30-60cm,11.3
4312625,sand_pct,60-100cm,10.3
4312625,silt_pct,0-5cm,37.5
4312625,silt_pct,5-15cm,39.0
4312625,silt_pct,15-30cm,36.6
4312625,silt_pct,30-60cm,31.3
4312625,silt_pct,60-100cm,30.0
4312625,soc_pct,0-5cm,4.29
4312625,soc_pct,5-15cm,2.23
4312625,soc_pct,15-30cm,2.07
4312625,soc_pct,30-60cm,1.16
4312625,soc_pct,60-100cm,0.84
4312625,ph_h2o,0-5cm,5.1
4312625,ph_h2o,5-15cm,5.1
4312625,ph_h2o,15-30cm,5.1
4312625,ph_h2o,30-60cm,5.1
4312625,ph_h2o,60-100cm,5.0
4312625,bd_kg_dm3,0-5cm,0.94
4312625,bd_kg_dm3,5-15cm,0.96
4312625,bd_kg_dm3,15-30cm,1.02
4312625,bd_kg_dm3,30-60cm,1.07
4312625,bd_kg_dm3,60-100cm,1.09
4312625,cec_cmol_kg,0-5cm,19.2
4312625,cec_cmol_kg,5-15cm,19.0
4312625,cec_cmol_kg,15-30cm,17.3
4312625,cec_cmol_kg,30-60cm,15.9
4312625,cec_cmol_kg,60-100cm,16.0
4312658,clay_pct,0-5cm,41.3
4312658,clay_pct,5-15cm,41.5
4312658,clay_pct,15-30cm,44.1
4312658,clay_pct,30-60cm,48.1
4312658,clay_pct,60-100cm,51.6
4312658,sand_pct,0-5cm,25.8
4312658,sand_pct,5-15cm,25.9
4312658,sand_pct,15-30cm,24.9
4312658,sand_pct,30-60cm,23.1
4312658,sand_pct,60-100cm,21.2
4312658,silt_pct,0-5cm,33.0
4312658,silt_pct,5-15cm,32.6
4312658,silt_pct,15-30cm,31.0
4312658,silt_pct,30-60cm,28.8
4312658,silt_pct,60-100cm,27.1
4312658,soc_pct,0-5cm,5.84
4312658,soc_pct,5-15cm,2.48
4312658,soc_pct,15-30cm,1.8
4312658,soc_pct,30-60cm,1.66
4312658,soc_pct,60-100cm,1.27
4312658,ph_h2o,0-5cm,5.1
4312658,ph_h2o,5-15cm,5.1
4312658,ph_h2o,15-30cm,5.0
4312658,ph_h2o,30-60cm,5.0
4312658,ph_h2o,60-100cm,5.0
4312658,bd_kg_dm3,0-5cm,1.09
4312658,bd_kg_dm3,5-15cm,1.13
4312658,bd_kg_dm3,15-30cm,1.16
4312658,bd_kg_dm3,30-60cm,1.18
4312658,bd_kg_dm3,60-100cm,1.19
4312658,cec_cmol_kg,0-5cm,25.1
4312658,cec_cmol_kg,5-15cm,22.0
4312658,cec_cmol_kg,15-30cm,23.1
4312658,cec_cmol_kg,30-60cm,22.9
4312658,cec_cmol_kg,60-100cm,21.1
4312674,clay_pct,0-5cm,46.3
4312674,clay_pct,5-15cm,47.9
4312674,clay_pct,15-30cm,50.6
4312674,clay_pct,30-60cm,58.8
4312674,clay_pct,60-100cm,61.2
4312674,sand_pct,0-5cm,20.3
4312674,sand_pct,5-15cm,20.7
4312674,sand_pct,15-30cm,19.0
4312674,sand_pct,30-60cm,16.6
4312674,sand_pct,60-100cm,15.2
4312674,silt_pct,0-5cm,33.4
4312674,silt_pct,5-15cm,31.4
4312674,silt_pct,15-30cm,30.4
4312674,silt_pct,30-60cm,24.6
4312674,silt_pct,60-100cm,23.6
4312674,soc_pct,0-5cm,4.72
4312674,soc_pct,5-15cm,2.4
4312674,soc_pct,15-30cm,2.08
4312674,soc_pct,30-60cm,0.98
4312674,soc_pct,60-100cm,0.66
4312674,ph_h2o,0-5cm,5.1
4312674,ph_h2o,5-15cm,5.1
4312674,ph_h2o,15-30cm,5.1
4312674,ph_h2o,30-60cm,5.2
4312674,ph_h2o,60-100cm,5.2
4312674,bd_kg_dm3,0-5cm,1.03
4312674,bd_kg_dm3,5-15cm,1.07
4312674,bd_kg_dm3,15-30cm,1.12
4312674,bd_kg_dm3,30-60cm,1.17
4312674,bd_kg_dm3,60-100cm,1.21
4312674,cec_cmol_kg,0-5cm,21.9
4312674,cec_cmol_kg,5-15cm,20.0
4312674,cec_cmol_kg,15-30cm,20.2
4312674,cec_cmol_kg,30-60cm,19.0
4312674,cec_cmol_kg,60-100cm,18.6
4312757,clay_pct,0-5cm,45.1
4312757,clay_pct,5-15cm,45.9
4312757,clay_pct,15-30cm,48.6
4312757,clay_pct,30-60cm,52.5
4312757,clay_pct,60-100cm,53.0
4312757,sand_pct,0-5cm,17.9
4312757,sand_pct,5-15cm,17.8
4312757,sand_pct,15-30cm,16.9
4312757,sand_pct,30-60cm,15.8
4312757,sand_pct,60-100cm,15.0
4312757,silt_pct,0-5cm,36.9
4312757,silt_pct,5-15cm,36.4
4312757,silt_pct,15-30cm,34.4
4312757,silt_pct,30-60cm,31.7
4312757,silt_pct,60-100cm,32.0
4312757,soc_pct,0-5cm,6.81
4312757,soc_pct,5-15cm,2.69
4312757,soc_pct,15-30cm,2.42
4312757,soc_pct,30-60cm,1.09
4312757,soc_pct,60-100cm,0.7
4312757,ph_h2o,0-5cm,5.2
4312757,ph_h2o,5-15cm,5.2
4312757,ph_h2o,15-30cm,5.2
4312757,ph_h2o,30-60cm,5.2
4312757,ph_h2o,60-100cm,5.2
4312757,bd_kg_dm3,0-5cm,0.98
4312757,bd_kg_dm3,5-15cm,1.0
4312757,bd_kg_dm3,15-30cm,1.05
4312757,bd_kg_dm3,30-60cm,1.12
4312757,bd_kg_dm3,60-100cm,1.19
4312757,cec_cmol_kg,0-5cm,20.5
4312757,cec_cmol_kg,5-15cm,15.6
4312757,cec_cmol_kg,15-30cm,15.8
4312757,cec_cmol_kg,30-60cm,15.2
4312757,cec_cmol_kg,60-100cm,15.1
4312708,clay_pct,0-5cm,45.5
4312708,clay_pct,5-15cm,46.8
4312708,clay_pct,15-30cm,47.9
4312708,clay_pct,30-60cm,54.3
4312708,clay_pct,60-100cm,54.2
4312708,sand_pct,0-5cm,20.8
4312708,sand_pct,5-15cm,21.0
4312708,sand_pct,15-30cm,21.4
4312708,sand_pct,30-60cm,18.9
4312708,sand_pct,60-100cm,19.0
4312708,silt_pct,0-5cm,33.7
4312708,silt_pct,5-15cm,32.3
4312708,silt_pct,15-30cm,30.7
4312708,silt_pct,30-60cm,26.7
4312708,silt_pct,60-100cm,26.9
4312708,soc_pct,0-5cm,5.94
4312708,soc_pct,5-15cm,3.8
4312708,soc_pct,15-30cm,2.54
4312708,soc_pct,30-60cm,1.41
4312708,soc_pct,60-100cm,1.16
4312708,ph_h2o,0-5cm,5.1
4312708,ph_h2o,5-15cm,5.1
4312708,ph_h2o,15-30cm,5.1
4312708,ph_h2o,30-60cm,5.1
4312708,ph_h2o,60-100cm,5.1
4312708,bd_kg_dm3,0-5cm,1.04
4312708,bd_kg_dm3,5-15cm,1.09
4312708,bd_kg_dm3,15-30cm,1.12
4312708,bd_kg_dm3,30-60cm,1.17
4312708,bd_kg_dm3,60-100cm,1.19
4312708,cec_cmol_kg,0-5cm,20.5
4312708,cec_cmol_kg,5-15cm,15.9
4312708,cec_cmol_kg,15-30cm,16.2
4312708,cec_cmol_kg,30-60cm,15.9
4312708,cec_cmol_kg,60-100cm,14.8
4312807,clay_pct,0-5cm,46.1
4312807,clay_pct,5-15cm,45.9
4312807,clay_pct,15-30cm,47.7
4312807,clay_pct,30-60cm,52.5
4312807,clay_pct,60-100cm,55.1
4312807,sand_pct,0-5cm,18.1
4312807,sand_pct,5-15cm,18.3
4312807,sand_pct,15-30cm,17.5
4312807,sand_pct,30-60cm,15.0
4312807,sand_pct,60-100cm,13.9
4312807,silt_pct,0-5cm,35.8
4312807,silt_pct,5-15cm,35.8
4312807,silt_pct,15-30cm,34.8
4312807,silt_pct,30-60cm,32.5
4312807,silt_pct,60-100cm,31.1
4312807,soc_pct,0-5cm,6.13
4312807,soc_pct,5-15cm,2.49
4312807,soc_pct,15-30cm,2.42
4312807,soc_pct,30-60cm,1.38
4312807,soc_pct,60-100cm,1.01
4312807,ph_h2o,0-5cm,5.3
4312807,ph_h2o,5-15cm,5.3
4312807,ph_h2o,15-30cm,5.3
4312807,ph_h2o,30-60cm,5.3
4312807,ph_h2o,60-100cm,5.3
4312807,bd_kg_dm3,0-5cm,0.95
4312807,bd_kg_dm3,5-15cm,0.97
4312807,bd_kg_dm3,15-30cm,1.02
4312807,bd_kg_dm3,30-60cm,1.1
4312807,bd_kg_dm3,60-100cm,1.15
4312807,cec_cmol_kg,0-5cm,19.7
4312807,cec_cmol_kg,5-15cm,16.2
4312807,cec_cmol_kg,15-30cm,16.1
4312807,cec_cmol_kg,30-60cm,15.9
4312807,cec_cmol_kg,60-100cm,15.4
4312906,clay_pct,0-5cm,47.4
4312906,clay_pct,5-15cm,47.3
4312906,clay_pct,15-30cm,51.5
4312906,clay_pct,30-60cm,56.9
4312906,clay_pct,60-100cm,59.9
4312906,sand_pct,0-5cm,16.9
4312906,sand_pct,5-15cm,18.2
4312906,sand_pct,15-30cm,16.8
4312906,sand_pct,30-60cm,14.5
4312906,sand_pct,60-100cm,13.1
4312906,silt_pct,0-5cm,35.6
4312906,silt_pct,5-15cm,34.6
4312906,silt_pct,15-30cm,31.7
4312906,silt_pct,30-60cm,28.6
4312906,silt_pct,60-100cm,27.0
4312906,soc_pct,0-5cm,7.88
4312906,soc_pct,5-15cm,3.55
4312906,soc_pct,15-30cm,2.67
4312906,soc_pct,30-60cm,1.76
4312906,soc_pct,60-100cm,0.88
4312906,ph_h2o,0-5cm,5.3
4312906,ph_h2o,5-15cm,5.3
4312906,ph_h2o,15-30cm,5.3
4312906,ph_h2o,30-60cm,5.3
4312906,ph_h2o,60-100cm,5.2
4312906,bd_kg_dm3,0-5cm,0.96
4312906,bd_kg_dm3,5-15cm,0.99
4312906,bd_kg_dm3,15-30cm,1.05
4312906,bd_kg_dm3,30-60cm,1.12
4312906,bd_kg_dm3,60-100cm,1.17
4312906,cec_cmol_kg,0-5cm,23.9
4312906,cec_cmol_kg,5-15cm,23.6
4312906,cec_cmol_kg,15-30cm,22.5
4312906,cec_cmol_kg,30-60cm,21.2
4312906,cec_cmol_kg,60-100cm,20.7
4312955,clay_pct,0-5cm,40.4
4312955,clay_pct,5-15cm,40.0
4312955,clay_pct,15-30cm,42.4
4312955,clay_pct,30-60cm,48.3
4312955,clay_pct,60-100cm,49.2
4312955,sand_pct,0-5cm,24.4
4312955,sand_pct,5-15cm,24.3
4312955,sand_pct,15-30cm,23.3
4312955,sand_pct,30-60cm,21.0
4312955,sand_pct,60-100cm,21.0
4312955,silt_pct,0-5cm,35.2
4312955,silt_pct,5-15cm,35.7
4312955,silt_pct,15-30cm,34.3
4312955,silt_pct,30-60cm,30.7
4312955,silt_pct,60-100cm,29.8
4312955,soc_pct,0-5cm,5.8
4312955,soc_pct,5-15cm,2.53
4312955,soc_pct,15-30cm,1.77
4312955,soc_pct,30-60cm,0.94
4312955,soc_pct,60-100cm,0.66
4312955,ph_h2o,0-5cm,5.1
4312955,ph_h2o,5-15cm,5.1
4312955,ph_h2o,15-30cm,5.1
4312955,ph_h2o,30-60cm,5.1
4312955,ph_h2o,60-100cm,5.1
4312955,bd_kg_dm3,0-5cm,1.0
4312955,bd_kg_dm3,5-15cm,1.05
4312955,bd_kg_dm3,15-30cm,1.09
4312955,bd_kg_dm3,30-60cm,1.17
4312955,bd_kg_dm3,60-100cm,1.2
4312955,cec_cmol_kg,0-5cm,22.0
4312955,cec_cmol_kg,5-15cm,18.1
4312955,cec_cmol_kg,15-30cm,16.8
4312955,cec_cmol_kg,30-60cm,17.0
4312955,cec_cmol_kg,60-100cm,16.3
4313011,clay_pct,0-5cm,45.7
4313011,clay_pct,5-15cm,45.6
4313011,clay_pct,15-30cm,48.5
4313011,clay_pct,30-60cm,55.3
4313011,clay_pct,60-100cm,55.5
4313011,sand_pct,0-5cm,22.1
4313011,sand_pct,5-15cm,22.8
4313011,sand_pct,15-30cm,22.3
4313011,sand_pct,30-60cm,19.6
4313011,sand_pct,60-100cm,19.2
4313011,silt_pct,0-5cm,32.2
4313011,silt_pct,5-15cm,31.6
4313011,silt_pct,15-30cm,29.2
4313011,silt_pct,30-60cm,25.2
4313011,silt_pct,60-100cm,25.3
4313011,soc_pct,0-5cm,5.73
4313011,soc_pct,5-15cm,2.54
4313011,soc_pct,15-30cm,2.0
4313011,soc_pct,30-60cm,0.96
4313011,soc_pct,60-100cm,0.74
4313011,ph_h2o,0-5cm,5.2
4313011,ph_h2o,5-15cm,5.2
4313011,ph_h2o,15-30cm,5.2
4313011,ph_h2o,30-60cm,5.3
4313011,ph_h2o,60-100cm,5.3
4313011,bd_kg_dm3,0-5cm,1.04
4313011,bd_kg_dm3,5-15cm,1.09
4313011,bd_kg_dm3,15-30cm,1.17
4313011,bd_kg_dm3,30-60cm,1.22
4313011,bd_kg_dm3,60-100cm,1.26
4313011,cec_cmol_kg,0-5cm,20.4
4313011,cec_cmol_kg,5-15cm,17.3
4313011,cec_cmol_kg,15-30cm,16.4
4313011,cec_cmol_kg,30-60cm,17.2
4313011,cec_cmol_kg,60-100cm,16.3
4313037,clay_pct,0-5cm,38.2
4313037,clay_pct,5-15cm,38.3
4313037,clay_pct,15-30cm,40.8
4313037,clay_pct,30-60cm,39.1
4313037,clay_pct,60-100cm,39.1
4313037,sand_pct,0-5cm,27.9
4313037,sand_pct,5-15cm,27.8
4313037,sand_pct,15-30cm,26.6
4313037,sand_pct,30-60cm,28.8
4313037,sand_pct,60-100cm,28.6
4313037,silt_pct,0-5cm,33.9
4313037,silt_pct,5-15cm,33.9
4313037,silt_pct,15-30cm,32.6
4313037,silt_pct,30-60cm,32.1
4313037,silt_pct,60-100cm,32.2
4313037,soc_pct,0-5cm,5.86
4313037,soc_pct,5-15cm,2.65
4313037,soc_pct,15-30cm,1.6
4313037,soc_pct,30-60cm,0.99
4313037,soc_pct,60-100cm,0.9
4313037,ph_h2o,0-5cm,5.2
4313037,ph_h2o,5-15cm,5.2
4313037,ph_h2o,15-30cm,5.2
4313037,ph_h2o,30-60cm,5.2
4313037,ph_h2o,60-100cm,5.3
4313037,bd_kg_dm3,0-5cm,1.09
4313037,bd_kg_dm3,5-15cm,1.16
4313037,bd_kg_dm3,15-30cm,1.21
4313037,bd_kg_dm3,30-60cm,1.32
4313037,bd_kg_dm3,60-100cm,1.37
4313037,cec_cmol_kg,0-5cm,23.0
4313037,cec_cmol_kg,5-15cm,20.7
4313037,cec_cmol_kg,15-30cm,19.8
4313037,cec_cmol_kg,30-60cm,19.8
4313037,cec_cmol_kg,60-100cm,20.0
4313003,clay_pct,0-5cm,35.8
4313003,clay_pct,5-15cm,37.0
4313003,clay_pct,15-30cm,38.7
4313003,clay_pct,30-60cm,49.2
4313003,clay_pct,60-100cm,50.2
4313003,sand_pct,0-5cm,27.8
4313003,sand_pct,5-15cm,27.4
4313003,sand_pct,15-30cm,25.5
4313003,sand_pct,30-60cm,19.9
4313003,sand_pct,60-100cm,18.7
4313003,silt_pct,0-5cm,36.4
4313003,silt_pct,5-15cm,35.7
4313003,silt_pct,15-30cm,35.7
4313003,silt_pct,30-60cm,30.8
4313003,silt_pct,60-100cm,31.1
4313003,soc_pct,0-5cm,5.96
4313003,soc_pct,5-15cm,2.55
4313003,soc_pct,15-30cm,2.19
4313003,soc_pct,30-60cm,1.64
4313003,soc_pct,60-100cm,0.99
4313003,ph_h2o,0-5cm,5.2
4313003,ph_h2o,5-15cm,5.2
4313003,ph_h2o,15-30cm,5.2
4313003,ph_h2o,30-60cm,5.2
4313003,ph_h2o,60-100cm,5.2
4313003,bd_kg_dm3,0-5cm,1.05
4313003,bd_kg_dm3,5-15cm,1.08
4313003,bd_kg_dm3,15-30cm,1.13
4313003,bd_kg_dm3,30-60cm,1.22
4313003,bd_kg_dm3,60-100cm,1.26
4313003,cec_cmol_kg,0-5cm,19.4
4313003,cec_cmol_kg,5-15cm,16.1
4313003,cec_cmol_kg,15-30cm,16.1
4313003,cec_cmol_kg,30-60cm,16.6
4313003,cec_cmol_kg,60-100cm,16.1
4313060,clay_pct,0-5cm,
4313060,clay_pct,5-15cm,
4313060,clay_pct,15-30cm,
4313060,clay_pct,30-60cm,
4313060,clay_pct,60-100cm,
4313060,sand_pct,0-5cm,
4313060,sand_pct,5-15cm,
4313060,sand_pct,15-30cm,
4313060,sand_pct,30-60cm,
4313060,sand_pct,60-100cm,
4313060,silt_pct,0-5cm,
4313060,silt_pct,5-15cm,
4313060,silt_pct,15-30cm,
4313060,silt_pct,30-60cm,
4313060,silt_pct,60-100cm,
4313060,soc_pct,0-5cm,
4313060,soc_pct,5-15cm,
4313060,soc_pct,15-30cm,
4313060,soc_pct,30-60cm,
4313060,soc_pct,60-100cm,
4313060,ph_h2o,0-5cm,
4313060,ph_h2o,5-15cm,
4313060,ph_h2o,15-30cm,
4313060,ph_h2o,30-60cm,
4313060,ph_h2o,60-100cm,
4313060,bd_kg_dm3,0-5cm,
4313060,bd_kg_dm3,5-15cm,
4313060,bd_kg_dm3,15-30cm,
4313060,bd_kg_dm3,30-60cm,
4313060,bd_kg_dm3,60-100cm,
4313060,cec_cmol_kg,0-5cm,
4313060,cec_cmol_kg,5-15cm,
4313060,cec_cmol_kg,15-30cm,
4313060,cec_cmol_kg,30-60cm,
4313060,cec_cmol_kg,60-100cm,
4313102,clay_pct,0-5cm,37.5
4313102,clay_pct,5-15cm,37.7
4313102,clay_pct,15-30cm,42.4
4313102,clay_pct,30-60cm,47.9
4313102,clay_pct,60-100cm,48.3
4313102,sand_pct,0-5cm,27.0
4313102,sand_pct,5-15cm,27.8
4313102,sand_pct,15-30cm,25.2
4313102,sand_pct,30-60cm,22.2
4313102,sand_pct,60-100cm,21.6
4313102,silt_pct,0-5cm,35.5
4313102,silt_pct,5-15cm,34.5
4313102,silt_pct,15-30cm,32.4
4313102,silt_pct,30-60cm,29.9
4313102,silt_pct,60-100cm,30.1
4313102,soc_pct,0-5cm,6.42
4313102,soc_pct,5-15cm,2.15
4313102,soc_pct,15-30cm,2.68
4313102,soc_pct,30-60cm,1.55
4313102,soc_pct,60-100cm,0.98
4313102,ph_h2o,0-5cm,5.2
4313102,ph_h2o,5-15cm,5.2
4313102,ph_h2o,15-30cm,5.1
4313102,ph_h2o,30-60cm,5.1
4313102,ph_h2o,60-100cm,5.1
4313102,bd_kg_dm3,0-5cm,1.08
4313102,bd_kg_dm3,5-15cm,1.11
4313102,bd_kg_dm3,15-30cm,1.14
4313102,bd_kg_dm3,30-60cm,1.19
4313102,bd_kg_dm3,60-100cm,1.22
4313102,cec_cmol_kg,0-5cm,21.0
4313102,cec_cmol_kg,5-15cm,16.9
4313102,cec_cmol_kg,15-30cm,16.2
4313102,cec_cmol_kg,30-60cm,16.8
4313102,cec_cmol_kg,60-100cm,16.5
4313086,clay_pct,0-5cm,49.1
4313086,clay_pct,5-15cm,48.2
4313086,clay_pct,15-30cm,49.1
4313086,clay_pct,30-60cm,52.0
4313086,clay_pct,60-100cm,52.8
4313086,sand_pct,0-5cm,18.6
4313086,sand_pct,5-15cm,18.7
4313086,sand_pct,15-30cm,17.6
4313086,sand_pct,30-60cm,16.0
4313086,sand_pct,60-100cm,15.5
4313086,silt_pct,0-5cm,32.4
4313086,silt_pct,5-15cm,33.1
4313086,silt_pct,15-30cm,33.3
4313086,silt_pct,30-60cm,32.0
4313086,silt_pct,60-100cm,31.7
4313086,soc_pct,0-5cm,6.85
4313086,soc_pct,5-15cm,2.48
4313086,soc_pct,15-30cm,2.25
4313086,soc_pct,30-60cm,1.25
4313086,soc_pct,60-100cm,0.82
4313086,ph_h2o,0-5cm,5.4
4313086,ph_h2o,5-15cm,5.4
4313086,ph_h2o,15-30cm,5.4
4313086,ph_h2o,30-60cm,5.4
4313086,ph_h2o,60-100cm,5.4
4313086,bd_kg_dm3,0-5cm,0.99
4313086,bd_kg_dm3,5-15cm,0.99
4313086,bd_kg_dm3,15-30cm,1.07
4313086,bd_kg_dm3,30-60cm,1.14
4313086,bd_kg_dm3,60-100cm,1.19
4313086,cec_cmol_kg,0-5cm,19.8
4313086,cec_cmol_kg,5-15cm,15.9
4313086,cec_cmol_kg,15-30cm,15.9
4313086,cec_cmol_kg,30-60cm,15.6
4313086,cec_cmol_kg,60-100cm,15.1
4313201,clay_pct,0-5cm,49.6
4313201,clay_pct,5-15cm,49.4
4313201,clay_pct,15-30cm,50.3
4313201,clay_pct,30-60cm,58.0
4313201,clay_pct,60-100cm,60.9
4313201,sand_pct,0-5cm,15.6
4313201,sand_pct,5-15cm,15.6
4313201,sand_pct,15-30cm,15.2
4313201,sand_pct,30-60cm,12.6
4313201,sand_pct,60-100cm,11.8
4313201,silt_pct,0-5cm,34.8
4313201,silt_pct,5-15cm,35.0
4313201,silt_pct,15-30cm,34.6
4313201,silt_pct,30-60cm,29.4
4313201,silt_pct,60-100cm,27.4
4313201,soc_pct,0-5cm,7.33
4313201,soc_pct,5-15cm,2.93
4313201,soc_pct,15-30cm,2.75
4313201,soc_pct,30-60cm,1.97
4313201,soc_pct,60-100cm,1.55
4313201,ph_h2o,0-5cm,5.1
4313201,ph_h2o,5-15cm,5.1
4313201,ph_h2o,15-30cm,5.1
4313201,ph_h2o,30-60cm,5.2
4313201,ph_h2o,60-100cm,5.2
4313201,bd_kg_dm3,0-5cm,0.96
4313201,bd_kg_dm3,5-15cm,0.99
4313201,bd_kg_dm3,15-30cm,1.01
4313201,bd_kg_dm3,30-60cm,1.08
4313201,bd_kg_dm3,60-100cm,1.13
4313201,cec_cmol_kg,0-5cm,22.1
4313201,cec_cmol_kg,5-15cm,16.6
4313201,cec_cmol_kg,15-30cm,16.1
4313201,cec_cmol_kg,30-60cm,16.2
4313201,cec_cmol_kg,60-100cm,15.6
4313300,clay_pct,0-5cm,47.1
4313300,clay_pct,5-15cm,46.2
4313300,clay_pct,15-30cm,48.9
4313300,clay_pct,30-60cm,53.6
4313300,clay_pct,60-100cm,55.2
4313300,sand_pct,0-5cm,18.2
4313300,sand_pct,5-15cm,18.6
4313300,sand_pct,15-30cm,17.6
4313300,sand_pct,30-60cm,15.3
4313300,sand_pct,60-100cm,14.7
4313300,silt_pct,0-5cm,34.7
4313300,silt_pct,5-15cm,35.3
4313300,silt_pct,15-30cm,33.5
4313300,silt_pct,30-60cm,31.1
4313300,silt_pct,60-100cm,30.0
4313300,soc_pct,0-5cm,6.06
4313300,soc_pct,5-15cm,2.56
4313300,soc_pct,15-30cm,2.13
4313300,soc_pct,30-60cm,1.38
4313300,soc_pct,60-100cm,0.86
4313300,ph_h2o,0-5cm,5.1
4313300,ph_h2o,5-15cm,5.1
4313300,ph_h2o,15-30cm,5.1
4313300,ph_h2o,30-60cm,5.1
4313300,ph_h2o,60-100cm,5.1
4313300,bd_kg_dm3,0-5cm,1.0
4313300,bd_kg_dm3,5-15cm,1.01
4313300,bd_kg_dm3,15-30cm,1.05
4313300,bd_kg_dm3,30-60cm,1.12
4313300,bd_kg_dm3,60-100cm,1.15
4313300,cec_cmol_kg,0-5cm,20.1
4313300,cec_cmol_kg,5-15cm,18.2
4313300,cec_cmol_kg,15-30cm,17.2
4313300,cec_cmol_kg,30-60cm,16.9
4313300,cec_cmol_kg,60-100cm,16.8
4313334,clay_pct,0-5cm,45.4
4313334,clay_pct,5-15cm,46.3
4313334,clay_pct,15-30cm,47.6
4313334,clay_pct,30-60cm,53.1
4313334,clay_pct,60-100cm,54.1
4313334,sand_pct,0-5cm,23.6
4313334,sand_pct,5-15cm,22.8
4313334,sand_pct,15-30cm,22.8
4313334,sand_pct,30-60cm,20.4
4313334,sand_pct,60-100cm,19.3
4313334,silt_pct,0-5cm,31.0
4313334,silt_pct,5-15cm,30.9
4313334,silt_pct,15-30cm,29.7
4313334,silt_pct,30-60cm,26.5
4313334,silt_pct,60-100cm,26.5
4313334,soc_pct,0-5cm,5.98
4313334,soc_pct,5-15cm,2.67
4313334,soc_pct,15-30cm,1.84
4313334,soc_pct,30-60cm,0.96
4313334,soc_pct,60-100cm,0.66
4313334,ph_h2o,0-5cm,5.0
4313334,ph_h2o,5-15cm,5.0
4313334,ph_h2o,15-30cm,5.0
4313334,ph_h2o,30-60cm,5.0
4313334,ph_h2o,60-100cm,5.1
4313334,bd_kg_dm3,0-5cm,1.02
4313334,bd_kg_dm3,5-15cm,1.07
4313334,bd_kg_dm3,15-30cm,1.12
4313334,bd_kg_dm3,30-60cm,1.17
4313334,bd_kg_dm3,60-100cm,1.2
4313334,cec_cmol_kg,0-5cm,23.0
4313334,cec_cmol_kg,5-15cm,18.9
4313334,cec_cmol_kg,15-30cm,18.5
4313334,cec_cmol_kg,30-60cm,18.6
4313334,cec_cmol_kg,60-100cm,17.6
4313375,clay_pct,0-5cm,28.7
4313375,clay_pct,5-15cm,28.2
4313375,clay_pct,15-30cm,31.5
4313375,clay_pct,30-60cm,45.5
4313375,clay_pct,60-100cm,46.9
4313375,silt_pct,0-5cm,29.0
4313375,silt_pct,5-15cm,27.1
4313375,silt_pct,15-30cm,26.9
4313375,silt_pct,30-60cm,22.3
4313375,silt_pct,60-100cm,22.3
4313375,soc_pct,0-5cm,7.27
4313375,soc_pct,5-15cm,2.42
4313375,soc_pct,15-30cm,2.34
4313375,soc_pct,30-60cm,1.95
4313375,soc_pct,60-100cm,1.37
4313375,ph_h2o,0-5cm,5.2
4313375,ph_h2o,5-15cm,5.2
4313375,ph_h2o,15-30cm,5.2
4313375,ph_h2o,30-60cm,5.3
4313375,ph_h2o,60-100cm,5.2
4313375,bd_kg_dm3,0-5cm,1.18
4313375,bd_kg_dm3,5-15cm,1.23
4313375,bd_kg_dm3,15-30cm,1.29
4313375,bd_kg_dm3,30-60cm,1.36
4313375,bd_kg_dm3,60-100cm,1.39
4313375,cec_cmol_kg,0-5cm,21.6
4313375,cec_cmol_kg,5-15cm,18.2
4313375,cec_cmol_kg,15-30cm,18.5
4313375,cec_cmol_kg,30-60cm,18.7
4313375,cec_cmol_kg,60-100cm,18.1
4313359,clay_pct,0-5cm,44.7
4313359,clay_pct,5-15cm,45.5
4313359,clay_pct,15-30cm,46.7
4313359,clay_pct,30-60cm,49.0
4313359,clay_pct,60-100cm,49.3
4313359,sand_pct,0-5cm,18.9
4313359,sand_pct,5-15cm,18.3
4313359,sand_pct,15-30cm,16.9
4313359,sand_pct,30-60cm,15.6
4313359,sand_pct,60-100cm,15.2
4313359,silt_pct,0-5cm,36.4
4313359,silt_pct,5-15cm,36.2
4313359,silt_pct,15-30cm,36.4
4313359,silt_pct,30-60cm,35.4
4313359,silt_pct,60-100cm,35.5
4313359,soc_pct,0-5cm,6.54
4313359,soc_pct,5-15cm,2.79
4313359,soc_pct,15-30cm,2.19
4313359,soc_pct,30-60cm,1.64
4313359,soc_pct,60-100cm,1.04
4313359,ph_h2o,0-5cm,5.3
4313359,ph_h2o,5-15cm,5.3
4313359,ph_h2o,15-30cm,5.3
4313359,ph_h2o,30-60cm,5.3
4313359,ph_h2o,60-100cm,5.3
4313359,bd_kg_dm3,0-5cm,1.0
4313359,bd_kg_dm3,5-15cm,1.01
4313359,bd_kg_dm3,15-30cm,1.08
4313359,bd_kg_dm3,30-60cm,1.13
4313359,bd_kg_dm3,60-100cm,1.18
4313359,cec_cmol_kg,0-5cm,22.3
4313359,cec_cmol_kg,5-15cm,18.7
4313359,cec_cmol_kg,15-30cm,19.1
4313359,cec_cmol_kg,30-60cm,19.2
4313359,cec_cmol_kg,60-100cm,18.2
4313391,clay_pct,0-5cm,29.6
4313391,clay_pct,5-15cm,29.1
4313391,clay_pct,15-30cm,34.5
4313391,clay_pct,30-60cm,48.7
4313391,clay_pct,60-100cm,50.2
4313391,sand_pct,0-5cm,35.3
4313391,sand_pct,5-15cm,36.2
4313391,sand_pct,15-30cm,32.5
4313391,sand_pct,30-60cm,23.5
4313391,sand_pct,60-100cm,22.5
4313391,silt_pct,0-5cm,35.0
4313391,silt_pct,5-15cm,34.7
4313391,silt_pct,15-30cm,33.1
4313391,silt_pct,30-60cm,27.9
4313391,silt_pct,60-100cm,27.4
4313391,soc_pct,0-5cm,5.23
4313391,soc_pct,5-15cm,1.82
4313391,soc_pct,15-30cm,1.55
4313391,soc_pct,30-60cm,0.9
4313391,soc_pct,60-100cm,0.56
4313391,ph_h2o,0-5cm,5.1
4313391,ph_h2o,5-15cm,5.1
4313391,ph_h2o,15-30cm,5.2
4313391,ph_h2o,30-60cm,5.2
4313391,ph_h2o,60-100cm,5.2
4313391,bd_kg_dm3,0-5cm,1.22
4313391,bd_kg_dm3,5-15cm,1.27
4313391,bd_kg_dm3,15-30cm,1.32
4313391,bd_kg_dm3,30-60cm,1.41
4313391,bd_kg_dm3,60-100cm,1.43
4313391,cec_cmol_kg,0-5cm,21.0
4313391,cec_cmol_kg,5-15cm,17.6
4313391,cec_cmol_kg,15-30cm,17.6
4313391,cec_cmol_kg,30-60cm,19.3
4313391,cec_cmol_kg,60-100cm,19.0
4313409,clay_pct,0-5cm,26.6
4313409,clay_pct,5-15cm,26.0
4313409,clay_pct,15-30cm,27.0
4313409,clay_pct,30-60cm,39.0
4313409,clay_pct,60-100cm,38.0
4313409,sand_pct,0-5cm,48.1
4313409,sand_pct,5-15cm,50.1
4313409,sand_pct,15-30cm,47.9
4313409,sand_pct,30-60cm,38.9
4313409,sand_pct,60-100cm,38.4
4313409,silt_pct,0-5cm,25.2
4313409,silt_pct,5-15cm,23.9
4313409,silt_pct,15-30cm,25.1
4313409,silt_pct,30-60cm,22.2
4313409,silt_pct,60-100cm,23.6
4313409,soc_pct,0-5cm,8.01
4313409,soc_pct,5-15cm,6.0
4313409,soc_pct,15-30cm,2.03
4313409,soc_pct,30-60cm,1.85
4313409,soc_pct,60-100cm,1.36
4313409,bd_kg_dm3,0-5cm,1.11
4313409,bd_kg_dm3,5-15cm,1.15
4313409,bd_kg_dm3,15-30cm,1.17
4313409,bd_kg_dm3,30-60cm,1.21
4313409,bd_kg_dm3,60-100cm,1.25
4313425,clay_pct,0-5cm,35.5
4313425,clay_pct,5-15cm,34.6
4313425,clay_pct,15-30cm,36.9
4313425,clay_pct,30-60cm,41.9
4313425,clay_pct,60-100cm,44.3
4313425,sand_pct,0-5cm,29.4
4313425,sand_pct,5-15cm,30.5
4313425,sand_pct,15-30cm,29.2
4313425,sand_pct,30-60cm,27.1
4313425,sand_pct,60-100cm,26.0
4313425,silt_pct,0-5cm,35.2
4313425,silt_pct,5-15cm,34.9
4313425,silt_pct,15-30cm,33.9
4313425,silt_pct,30-60cm,31.0
4313425,silt_pct,60-100cm,29.6
4313425,soc_pct,0-5cm,5.03
4313425,soc_pct,5-15cm,2.17
4313425,soc_pct,15-30cm,1.42
4313425,soc_pct,30-60cm,0.87
4313425,soc_pct,60-100cm,0.65
4313425,ph_h2o,0-5cm,5.2
4313425,ph_h2o,5-15cm,5.2
4313425,ph_h2o,15-30cm,5.2
4313425,ph_h2o,30-60cm,5.2
4313425,ph_h2o,60-100cm,5.3
4313425,bd_kg_dm3,0-5cm,1.1
4313425,bd_kg_dm3,5-15cm,1.16
4313425,bd_kg_dm3,15-30cm,1.21
4313425,bd_kg_dm3,30-60cm,1.3
4313425,bd_kg_dm3,60-100cm,1.31
4313425,cec_cmol_kg,0-5cm,23.1
4313425,cec_cmol_kg,5-15cm,21.0
4313425,cec_cmol_kg,15-30cm,21.0
4313425,cec_cmol_kg,30-60cm,21.2
4313425,cec_cmol_kg,60-100cm,20.0
4313441,clay_pct,0-5cm,37.8
4313441,clay_pct,5-15cm,38.8
4313441,clay_pct,15-30cm,39.8
4313441,clay_pct,30-60cm,46.2
4313441,clay_pct,60-100cm,46.2
4313441,sand_pct,0-5cm,25.9
4313441,sand_pct,5-15cm,25.1
4313441,sand_pct,15-30cm,25.7
4313441,sand_pct,30-60cm,22.9
4313441,sand_pct,60-100cm,22.6
4313441,silt_pct,0-5cm,36.3
4313441,silt_pct,5-15cm,36.1
4313441,silt_pct,15-30cm,34.5
4313441,silt_pct,30-60cm,30.9
4313441,silt_pct,60-100cm,31.2
4313441,soc_pct,0-5cm,6.16
4313441,soc_pct,5-15cm,2.89
4313441,soc_pct,15-30cm,2.13
4313441,soc_pct,30-60cm,1.66
4313441,soc_pct,60-100cm,1.54
4313441,ph_h2o,0-5cm,5.0
4313441,ph_h2o,5-15cm,5.0
4313441,ph_h2o,15-30cm,5.0
4313441,ph_h2o,30-60cm,5.0
4313441,ph_h2o,60-100cm,5.1
4313441,bd_kg_dm3,0-5cm,1.04
4313441,bd_kg_dm3,5-15cm,1.06
4313441,bd_kg_dm3,15-30cm,1.11
4313441,bd_kg_dm3,30-60cm,1.21
4313441,bd_kg_dm3,60-100cm,1.23
4313441,cec_cmol_kg,0-5cm,19.7
4313441,cec_cmol_kg,5-15cm,14.8
4313441,cec_cmol_kg,15-30cm,14.0
4313441,cec_cmol_kg,30-60cm,13.5
4313441,cec_cmol_kg,60-100cm,13.2
4313466,clay_pct,0-5cm,45.1
4313466,clay_pct,5-15cm,46.5
4313466,clay_pct,15-30cm,47.3
4313466,clay_pct,30-60cm,53.1
4313466,clay_pct,60-100cm,55.1
4313466,sand_pct,0-5cm,21.6
4313466,sand_pct,5-15cm,21.1
4313466,sand_pct,15-30cm,20.9
4313466,sand_pct,30-60cm,18.8
4313466,sand_pct,60-100cm,17.9
4313466,silt_pct,0-5cm,33.2
4313466,silt_pct,5-15cm,32.4
4313466,silt_pct,15-30cm,31.9
4313466,silt_pct,30-60cm,28.1
4313466,silt_pct,60-100cm,27.0
4313466,soc_pct,0-5cm,5.85
4313466,soc_pct,5-15cm,3.46
4313466,soc_pct,15-30cm,3.02
4313466,soc_pct,30-60cm,2.35
4313466,soc_pct,60-100cm,2.18
4313466,ph_h2o,0-5cm,5.0
4313466,ph_h2o,5-15cm,5.0
4313466,ph_h2o,15-30cm,5.0
4313466,ph_h2o,30-60cm,5.1
4313466,ph_h2o,60-100cm,5.1
4313466,bd_kg_dm3,0-5cm,1.09
4313466,bd_kg_dm3,5-15cm,1.13
4313466,bd_kg_dm3,15-30cm,1.17
4313466,bd_kg_dm3,30-60cm,1.22
4313466,bd_kg_dm3,60-100cm,1.23
4313508,clay_pct,0-5cm,26.6
4313508,clay_pct,5-15cm,27.3
4313508,clay_pct,15-30cm,27.4
4313508,clay_pct,30-60cm,34.2
4313508,clay_pct,60-100cm,33.6
4313508,sand_pct,0-5cm,54.9
4313508,sand_pct,5-15cm,57.2
4313508,sand_pct,15-30cm,57.2
4313508,sand_pct,30-60cm,50.6
4313508,sand_pct,60-100cm,51.1
4313508,silt_pct,0-5cm,18.5
4313508,silt_pct,5-15cm,15.5
4313508,silt_pct,15-30cm,15.3
4313508,silt_pct,30-60cm,15.3
4313508,silt_pct,60-100cm,15.4
4313508,soc_pct,0-5cm,5.76
4313508,soc_pct,5-15cm,3.18
4313508,soc_pct,15-30cm,2.21
4313508,soc_pct,30-60cm,1.44
4313508,soc_pct,60-100cm,0.91
4313508,ph_h2o,0-5cm,5.2
4313508,ph_h2o,5-15cm,5.2
4313508,ph_h2o,15-30cm,5.3
4313508,ph_h2o,30-60cm,5.3
4313508,ph_h2o,60-100cm,5.4
4313508,bd_kg_dm3,0-5cm,1.14
4313508,bd_kg_dm3,5-15cm,1.17
4313508,bd_kg_dm3,15-30cm,1.21
4313508,bd_kg_dm3,30-60cm,1.3
4313508,bd_kg_dm3,60-100cm,1.31
4313508,cec_cmol_kg,0-5cm,24.6
4313508,cec_cmol_kg,5-15cm,19.2
4313508,cec_cmol_kg,15-30cm,19.6
4313508,cec_cmol_kg,30-60cm,20.2
4313508,cec_cmol_kg,60-100cm,20.5
4313607,clay_pct,0-5cm,52.4
4313607,clay_pct,5-15cm,50.9
4313607,clay_pct,15-30cm,51.6
4313607,clay_pct,30-60cm,57.2
4313607,clay_pct,60-100cm,58.9
4313607,sand_pct,0-5cm,17.3
4313607,sand_pct,5-15cm,18.0
4313607,sand_pct,15-30cm,17.6
4313607,sand_pct,30-60cm,15.7
4313607,sand_pct,60-100cm,14.8
4313607,silt_pct,0-5cm,30.3
4313607,silt_pct,5-15cm,31.1
4313607,silt_pct,15-30cm,30.8
4313607,silt_pct,30-60cm,27.1
4313607,silt_pct,60-100cm,26.3
4313607,soc_pct,0-5cm,5.05
4313607,soc_pct,5-15cm,2.6
4313607,soc_pct,15-30cm,1.82
4313607,soc_pct,30-60cm,1.03
4313607,soc_pct,60-100cm,0.77
4313607,ph_h2o,0-5cm,5.2
4313607,ph_h2o,5-15cm,5.2
4313607,ph_h2o,15-30cm,5.2
4313607,ph_h2o,30-60cm,5.1
4313607,ph_h2o,60-100cm,5.1
4313607,bd_kg_dm3,0-5cm,0.97
4313607,bd_kg_dm3,5-15cm,1.0
4313607,bd_kg_dm3,15-30cm,1.07
4313607,bd_kg_dm3,30-60cm,1.13
4313607,bd_kg_dm3,60-100cm,1.17
4313607,cec_cmol_kg,0-5cm,19.1
4313607,cec_cmol_kg,5-15cm,18.2
4313607,cec_cmol_kg,15-30cm,15.6
4313607,cec_cmol_kg,30-60cm,14.9
4313607,cec_cmol_kg,60-100cm,14.5
4313490,clay_pct,0-5cm,47.5
4313490,clay_pct,5-15cm,49.1
4313490,clay_pct,15-30cm,50.6
4313490,clay_pct,30-60cm,54.2
4313490,clay_pct,60-100cm,55.1
4313490,sand_pct,0-5cm,23.5
4313490,sand_pct,5-15cm,22.8
4313490,sand_pct,15-30cm,22.6
4313490,sand_pct,30-60cm,21.0
4313490,sand_pct,60-100cm,20.7
4313490,silt_pct,0-5cm,29.0
4313490,silt_pct,5-15cm,28.1
4313490,silt_pct,15-30cm,26.8
4313490,silt_pct,30-60cm,24.8
4313490,silt_pct,60-100cm,24.2
4313490,soc_pct,0-5cm,5.39
4313490,soc_pct,5-15cm,2.36
4313490,soc_pct,15-30cm,1.65
4313490,soc_pct,30-60cm,1.09
4313490,soc_pct,60-100cm,0.7
4313490,ph_h2o,0-5cm,5.0
4313490,ph_h2o,5-15cm,5.0
4313490,ph_h2o,15-30cm,5.0
4313490,ph_h2o,30-60cm,5.1
4313490,ph_h2o,60-100cm,5.1
4313490,bd_kg_dm3,0-5cm,1.08
4313490,bd_kg_dm3,5-15cm,1.12
4313490,bd_kg_dm3,15-30cm,1.16
4313490,bd_kg_dm3,30-60cm,1.21
4313490,bd_kg_dm3,60-100cm,1.24
4313490,cec_cmol_kg,0-5cm,24.4
4313490,cec_cmol_kg,5-15cm,19.0
4313490,cec_cmol_kg,15-30cm,17.9
4313490,cec_cmol_kg,30-60cm,17.5
4313490,cec_cmol_kg,60-100cm,16.2
4313656,clay_pct,0-5cm,16.8
4313656,clay_pct,5-15cm,16.0
4313656,clay_pct,15-30cm,16.7
4313656,clay_pct,30-60cm,21.7
4313656,clay_pct,60-100cm,20.3
4313656,sand_pct,0-5cm,68.6
4313656,sand_pct,5-15cm,70.7
4313656,sand_pct,15-30cm,70.4
4313656,sand_pct,30-60cm,65.1
4313656,sand_pct,60-100cm,66.3
4313656,silt_pct,0-5cm,14.6
4313656,silt_pct,5-15cm,13.3
4313656,silt_pct,15-30cm,12.9
4313656,silt_pct,30-60cm,13.2
4313656,silt_pct,60-100cm,13.4
4313656,soc_pct,0-5cm,8.07
4313656,soc_pct,5-15cm,6.05
4313656,soc_pct,15-30cm,4.1
4313656,soc_pct,30-60cm,3.39
4313656,soc_pct,60-100cm,2.31
4313656,ph_h2o,0-5cm,5.3
4313656,ph_h2o,5-15cm,5.3
4313656,ph_h2o,15-30cm,5.3
4313656,ph_h2o,30-60cm,5.4
4313656,ph_h2o,60-100cm,5.4
4313656,bd_kg_dm3,0-5cm,1.12
4313656,bd_kg_dm3,5-15cm,1.14
4313656,bd_kg_dm3,15-30cm,1.16
4313656,bd_kg_dm3,30-60cm,1.19
4313656,bd_kg_dm3,60-100cm,1.21
4313656,cec_cmol_kg,0-5cm,28.2
4313656,cec_cmol_kg,5-15cm,27.6
4313656,cec_cmol_kg,15-30cm,27.1
4313656,cec_cmol_kg,30-60cm,28.1
4313656,cec_cmol_kg,60-100cm,28.1
4313805,clay_pct,0-5cm,46.1
4313805,clay_pct,5-15cm,47.0
4313805,clay_pct,15-30cm,51.2
4313805,clay_pct,30-60cm,56.9
4313805,clay_pct,60-100cm,57.0
4313805,silt_pct,0-5cm,32.9
4313805,silt_pct,5-15cm,32.3
4313805,silt_pct,15-30cm,29.8
4313805,silt_pct,30-60cm,26.8
4313805,silt_pct,60-100cm,27.5
4313805,soc_pct,0-5cm,7.15
4313805,soc_pct,5-15cm,3.14
4313805,soc_pct,15-30cm,2.45
4313805,soc_pct,30-60cm,1.52
4313805,soc_pct,60-100cm,1.62
4313805,ph_h2o,0-5cm,5.1
4313805,ph_h2o,5-15cm,5.1
4313805,ph_h2o,15-30cm,5.2
4313805,ph_h2o,30-60cm,5.1
4313805,ph_h2o,60-100cm,5.1
4313805,bd_kg_dm3,0-5cm,0.97
4313805,bd_kg_dm3,5-15cm,1.01
4313805,bd_kg_dm3,15-30cm,1.07
4313805,bd_kg_dm3,30-60cm,1.15
4313805,bd_kg_dm3,60-100cm,1.17
4313805,cec_cmol_kg,0-5cm,22.2
4313805,cec_cmol_kg,5-15cm,15.4
4313805,cec_cmol_kg,15-30cm,14.6
4313805,cec_cmol_kg,30-60cm,15.2
4313805,cec_cmol_kg,60-100cm,14.6
4313904,clay_pct,0-5cm,41.7
4313904,clay_pct,5-15cm,43.9
4313904,clay_pct,15-30cm,43.9
4313904,clay_pct,30-60cm,46.4
4313904,clay_pct,60-100cm,47.8
4313904,sand_pct,0-5cm,29.0
4313904,sand_pct,5-15cm,28.5
4313904,sand_pct,15-30cm,27.9
4313904,sand_pct,30-60cm,27.8
4313904,sand_pct,60-100cm,27.5
4313904,silt_pct,0-5cm,29.3
4313904,silt_pct,5-15cm,27.6
4313904,silt_pct,15-30cm,28.1
4313904,silt_pct,30-60cm,25.8
4313904,silt_pct,60-100cm,24.8
4313904,soc_pct,0-5cm,4.64
4313904,soc_pct,5-15cm,2.33
4313904,soc_pct,15-30cm,1.98
4313904,soc_pct,30-60cm,1.0
4313904,soc_pct,60-100cm,1.03
4313904,ph_h2o,0-5cm,5.2
4313904,ph_h2o,5-15cm,5.1
4313904,ph_h2o,15-30cm,5.1
4313904,ph_h2o,30-60cm,5.1
4313904,ph_h2o,60-100cm,5.2
4313904,bd_kg_dm3,0-5cm,1.07
4313904,bd_kg_dm3,5-15cm,1.11
4313904,bd_kg_dm3,15-30cm,1.16
4313904,bd_kg_dm3,30-60cm,1.21
4313904,bd_kg_dm3,60-100cm,1.23
4313904,cec_cmol_kg,0-5cm,22.5
4313904,cec_cmol_kg,5-15cm,18.1
4313904,cec_cmol_kg,15-30cm,17.4
4313904,cec_cmol_kg,30-60cm,17.3
4313904,cec_cmol_kg,60-100cm,16.6
4313706,clay_pct,0-5cm,39.3
4313706,clay_pct,5-15cm,39.4
4313706,clay_pct,15-30cm,42.0
4313706,clay_pct,30-60cm,47.6
4313706,clay_pct,60-100cm,48.8
4313706,sand_pct,0-5cm,30.7
4313706,sand_pct,5-15cm,30.7
4313706,sand_pct,15-30cm,29.4
4313706,sand_pct,30-60cm,26.7
4313706,sand_pct,60-100cm,26.6
4313706,silt_pct,0-5cm,30.0
4313706,silt_pct,5-15cm,29.9
4313706,silt_pct,15-30cm,28.6
4313706,silt_pct,30-60cm,25.7
4313706,silt_pct,60-100cm,24.6
4313706,soc_pct,0-5cm,4.98
4313706,soc_pct,5-15cm,2.48
4313706,soc_pct,15-30cm,2.68
4313706,soc_pct,30-60cm,1.77
4313706,soc_pct,60-100cm,1.63
4313706,ph_h2o,0-5cm,5.2
4313706,ph_h2o,5-15cm,5.2
4313706,ph_h2o,15-30cm,5.2
4313706,ph_h2o,30-60cm,5.3
4313706,ph_h2o,60-100cm,5.3
4313706,bd_kg_dm3,0-5cm,1.1
4313706,bd_kg_dm3,5-15cm,1.15
4313706,bd_kg_dm3,15-30cm,1.18
4313706,bd_kg_dm3,30-60cm,1.21
4313706,bd_kg_dm3,60-100cm,1.23
4313706,cec_cmol_kg,0-5cm,22.8
4313706,cec_cmol_kg,5-15cm,17.8
4313706,cec_cmol_kg,15-30cm,14.8
4313706,cec_cmol_kg,30-60cm,15.7
4313706,cec_cmol_kg,60-100cm,14.2
4313953,clay_pct,0-5cm,31.8
4313953,clay_pct,5-15cm,30.9
4313953,clay_pct,15-30cm,34.2
4313953,clay_pct,30-60cm,47.0
4313953,clay_pct,60-100cm,51.0
4313953,sand_pct,0-5cm,40.8
4313953,sand_pct,5-15cm,41.5
4313953,sand_pct,15-30cm,38.4
4313953,sand_pct,30-60cm,28.5
4313953,sand_pct,60-100cm,25.0
4313953,silt_pct,0-5cm,27.4
4313953,silt_pct,5-15cm,27.7
4313953,silt_pct,15-30cm,27.4
4313953,silt_pct,30-60cm,24.5
4313953,silt_pct,60-100cm,24.0
4313953,soc_pct,0-5cm,5.35
4313953,soc_pct,5-15cm,2.49
4313953,soc_pct,15-30cm,1.73
4313953,soc_pct,30-60cm,0.97
4313953,soc_pct,60-100cm,0.63
4313953,ph_h2o,0-5cm,5.1
4313953,ph_h2o,5-15cm,5.1
4313953,ph_h2o,15-30cm,5.1
4313953,ph_h2o,30-60cm,5.2
4313953,ph_h2o,60-100cm,5.2
4313953,bd_kg_dm3,0-5cm,1.18
4313953,bd_kg_dm3,5-15cm,1.24
4313953,bd_kg_dm3,15-30cm,1.3
4313953,bd_kg_dm3,30-60cm,1.39
4313953,bd_kg_dm3,60-100cm,1.42
4313953,cec_cmol_kg,0-5cm,19.5
4313953,cec_cmol_kg,5-15cm,14.4
4313953,cec_cmol_kg,15-30cm,14.9
4313953,cec_cmol_kg,30-60cm,16.6
4313953,cec_cmol_kg,60-100cm,17.1
4314027,clay_pct,0-5cm,30.2
4314027,clay_pct,5-15cm,30.8
4314027,clay_pct,15-30cm,34.4
4314027,clay_pct,30-60cm,47.8
4314027,clay_pct,60-100cm,49.7
4314027,sand_pct,0-5cm,39.5
4314027,sand_pct,5-15cm,40.8
4314027,sand_pct,15-30cm,37.7
4314027,sand_pct,30-60cm,28.2
4314027,sand_pct,60-100cm,26.6
4314027,silt_pct,0-5cm,30.3
4314027,silt_pct,5-15cm,28.4
4314027,silt_pct,15-30cm,27.9
4314027,silt_pct,30-60cm,24.1
4314027,silt_pct,60-100cm,23.6
4314027,soc_pct,0-5cm,4.96
4314027,soc_pct,5-15cm,1.97
4314027,soc_pct,15-30cm,1.91
4314027,soc_pct,30-60cm,0.95
4314027,soc_pct,60-100cm,0.8
4314027,ph_h2o,0-5cm,5.3
4314027,ph_h2o,5-15cm,5.3
4314027,ph_h2o,15-30cm,5.3
4314027,ph_h2o,30-60cm,5.3
4314027,ph_h2o,60-100cm,5.4
4314027,bd_kg_dm3,0-5cm,1.12
4314027,bd_kg_dm3,5-15cm,1.14
4314027,bd_kg_dm3,15-30cm,1.2
4314027,bd_kg_dm3,30-60cm,1.24
4314027,bd_kg_dm3,60-100cm,1.3
4314027,cec_cmol_kg,0-5cm,18.8
4314027,cec_cmol_kg,5-15cm,15.0
4314027,cec_cmol_kg,15-30cm,15.7
4314027,cec_cmol_kg,30-60cm,18.2
4314027,cec_cmol_kg,60-100cm,17.7
4314001,clay_pct,0-5cm,48.9
4314001,clay_pct,5-15cm,47.2
4314001,clay_pct,15-30cm,50.7
4314001,clay_pct,30-60cm,54.6
4314001,clay_pct,60-100cm,55.8
4314001,sand_pct,0-5cm,16.5
4314001,sand_pct,5-15cm,17.3
4314001,sand_pct,15-30cm,15.7
4314001,sand_pct,30-60cm,13.4
4314001,sand_pct,60-100cm,12.8
4314001,silt_pct,0-5cm,34.6
4314001,silt_pct,5-15cm,35.5
4314001,silt_pct,15-30cm,33.6
4314001,silt_pct,30-60cm,32.0
4314001,silt_pct,60-100cm,31.5
4314001,soc_pct,0-5cm,6.37
4314001,soc_pct,5-15cm,2.72
4314001,soc_pct,15-30cm,2.64
4314001,soc_pct,30-60cm,1.57
4314001,soc_pct,60-100cm,1.17
4314001,ph_h2o,0-5cm,5.1
4314001,ph_h2o,5-15cm,5.1
4314001,ph_h2o,15-30cm,5.1
4314001,ph_h2o,30-60cm,5.2
4314001,ph_h2o,60-100cm,5.2
4314001,bd_kg_dm3,0-5cm,0.96
4314001,bd_kg_dm3,5-15cm,0.99
4314001,bd_kg_dm3,15-30cm,1.02
4314001,bd_kg_dm3,30-60cm,1.08
4314001,bd_kg_dm3,60-100cm,1.13
4314001,cec_cmol_kg,0-5cm,27.2
4314001,cec_cmol_kg,5-15cm,23.5
4314001,cec_cmol_kg,15-30cm,23.6
4314001,cec_cmol_kg,30-60cm,23.0
4314001,cec_cmol_kg,60-100cm,20.0
4314035,clay_pct,0-5cm,28.2
4314035,clay_pct,5-15cm,28.0
4314035,clay_pct,15-30cm,31.9
4314035,clay_pct,30-60cm,41.5
4314035,clay_pct,60-100cm,43.9
4314035,sand_pct,0-5cm,38.9
4314035,sand_pct,5-15cm,39.0
4314035,sand_pct,15-30cm,35.1
4314035,sand_pct,30-60cm,29.2
4314035,sand_pct,60-100cm,28.6
4314035,silt_pct,0-5cm,32.9
4314035,silt_pct,5-15cm,33.0
4314035,silt_pct,15-30cm,33.0
4314035,silt_pct,30-60cm,29.3
4314035,silt_pct,60-100cm,27.5
4314035,soc_pct,0-5cm,7.43
4314035,soc_pct,5-15cm,4.15
4314035,soc_pct,15-30cm,2.15
4314035,soc_pct,30-60cm,1.42
4314035,soc_pct,60-100cm,0.98
4314035,ph_h2o,0-5cm,5.2
4314035,ph_h2o,5-15cm,5.2
4314035,ph_h2o,15-30cm,5.2
4314035,ph_h2o,30-60cm,5.2
4314035,ph_h2o,60-100cm,5.2
4314035,bd_kg_dm3,0-5cm,1.14
4314035,bd_kg_dm3,5-15cm,1.16
4314035,bd_kg_dm3,15-30cm,1.21
4314035,bd_kg_dm3,30-60cm,1.25
4314035,bd_kg_dm3,60-100cm,1.28
4314035,cec_cmol_kg,0-5cm,22.6
4314035,cec_cmol_kg,5-15cm,14.8
4314035,cec_cmol_kg,15-30cm,15.1
4314035,cec_cmol_kg,30-60cm,17.0
4314035,cec_cmol_kg,60-100cm,16.7
4314068,clay_pct,0-5cm,38.9
4314068,clay_pct,5-15cm,38.1
4314068,clay_pct,15-30cm,42.7
4314068,clay_pct,30-60cm,49.3
4314068,clay_pct,60-100cm,51.3
4314068,sand_pct,0-5cm,26.9
4314068,sand_pct,5-15cm,26.6
4314068,sand_pct,15-30cm,23.4
4314068,sand_pct,30-60cm,20.3
4314068,sand_pct,60-100cm,18.7
4314068,silt_pct,0-5cm,34.2
4314068,silt_pct,5-15cm,35.3
4314068,silt_pct,15-30cm,33.8
4314068,silt_pct,30-60cm,30.4
4314068,silt_pct,60-100cm,30.0
4314068,soc_pct,0-5cm,6.91
4314068,soc_pct,5-15cm,3.56
4314068,soc_pct,15-30cm,1.99
4314068,soc_pct,30-60cm,0.97
4314068,soc_pct,60-100cm,0.61
4314068,ph_h2o,0-5cm,5.1
4314068,ph_h2o,5-15cm,5.1
4314068,ph_h2o,15-30cm,5.1
4314068,ph_h2o,30-60cm,5.1
4314068,ph_h2o,60-100cm,5.1
4314068,bd_kg_dm3,0-5cm,1.01
4314068,bd_kg_dm3,5-15cm,1.05
4314068,bd_kg_dm3,15-30cm,1.11
4314068,bd_kg_dm3,30-60cm,1.2
4314068,bd_kg_dm3,60-100cm,1.24
4314068,cec_cmol_kg,0-5cm,18.5
4314068,cec_cmol_kg,5-15cm,17.4
4314068,cec_cmol_kg,15-30cm,16.2
4314068,cec_cmol_kg,30-60cm,16.6
4314068,cec_cmol_kg,60-100cm,15.3
4314050,clay_pct,0-5cm,25.2
4314050,clay_pct,5-15cm,25.0
4314050,clay_pct,15-30cm,26.6
4314050,clay_pct,30-60cm,40.9
4314050,clay_pct,60-100cm,40.4
4314050,sand_pct,0-5cm,45.9
4314050,sand_pct,5-15cm,47.4
4314050,sand_pct,15-30cm,45.9
4314050,sand_pct,30-60cm,34.9
4314050,sand_pct,60-100cm,35.6
4314050,silt_pct,0-5cm,28.9
4314050,silt_pct,5-15cm,27.6
4314050,silt_pct,15-30cm,27.5
4314050,silt_pct,30-60cm,24.2
4314050,silt_pct,60-100cm,24.0
4314050,soc_pct,0-5cm,6.09
4314050,soc_pct,5-15cm,2.6
4314050,soc_pct,15-30cm,1.8
4314050,soc_pct,30-60cm,1.59
4314050,soc_pct,60-100cm,1.08
4314050,ph_h2o,0-5cm,5.2
4314050,ph_h2o,5-15cm,5.2
4314050,ph_h2o,15-30cm,5.2
4314050,ph_h2o,30-60cm,5.3
4314050,ph_h2o,60-100cm,5.3
4314050,bd_kg_dm3,0-5cm,1.16
4314050,bd_kg_dm3,5-15cm,1.21
4314050,bd_kg_dm3,15-30cm,1.27
4314050,bd_kg_dm3,30-60cm,1.29
4314050,bd_kg_dm3,60-100cm,1.3
4314050,cec_cmol_kg,0-5cm,24.2
4314050,cec_cmol_kg,5-15cm,15.4
4314050,cec_cmol_kg,15-30cm,16.2
4314050,cec_cmol_kg,30-60cm,16.3
4314050,cec_cmol_kg,60-100cm,16.2
4314076,clay_pct,0-5cm,36.9
4314076,clay_pct,5-15cm,38.4
4314076,clay_pct,15-30cm,40.7
4314076,clay_pct,30-60cm,46.1
4314076,clay_pct,60-100cm,52.5
4314076,sand_pct,0-5cm,22.4
4314076,sand_pct,5-15cm,21.2
4314076,sand_pct,15-30cm,21.4
4314076,sand_pct,30-60cm,20.3
4314076,sand_pct,60-100cm,18.0
4314076,silt_pct,0-5cm,40.7
4314076,silt_pct,5-15cm,40.4
4314076,silt_pct,15-30cm,37.9
4314076,silt_pct,30-60cm,33.5
4314076,silt_pct,60-100cm,29.5
4314076,soc_pct,0-5cm,4.84
4314076,soc_pct,5-15cm,1.96
4314076,soc_pct,15-30cm,2.6
4314076,soc_pct,30-60cm,0.95
4314076,soc_pct,60-100cm,0.6
4314076,ph_h2o,0-5cm,5.3
4314076,ph_h2o,5-15cm,5.3
4314076,ph_h2o,15-30cm,5.3
4314076,ph_h2o,30-60cm,5.3
4314076,ph_h2o,60-100cm,5.4
4314076,bd_kg_dm3,0-5cm,1.22
4314076,bd_kg_dm3,5-15cm,1.26
4314076,bd_kg_dm3,15-30cm,1.31
4314076,bd_kg_dm3,30-60cm,1.37
4314076,bd_kg_dm3,60-100cm,1.39
4314076,cec_cmol_kg,0-5cm,23.3
4314076,cec_cmol_kg,5-15cm,22.0
4314076,cec_cmol_kg,15-30cm,22.0
4314076,cec_cmol_kg,30-60cm,23.5
4314076,cec_cmol_kg,60-100cm,22.7
4314134,clay_pct,0-5cm,51.4
4314134,clay_pct,5-15cm,50.9
4314134,clay_pct,15-30cm,52.4
4314134,clay_pct,30-60cm,58.6
4314134,clay_pct,60-100cm,60.4
4314134,sand_pct,0-5cm,18.8
4314134,sand_pct,5-15cm,19.4
4314134,sand_pct,15-30cm,18.0
4314134,sand_pct,30-60cm,15.6
4314134,sand_pct,60-100cm,15.1
4314134,silt_pct,0-5cm,29.9
4314134,silt_pct,5-15cm,29.7
4314134,silt_pct,15-30cm,29.6
4314134,silt_pct,30-60cm,25.8
4314134,silt_pct,60-100cm,24.5
4314134,soc_pct,0-5cm,6.1
4314134,soc_pct,5-15cm,2.67
4314134,soc_pct,15-30cm,1.78
4314134,soc_pct,30-60cm,0.95
4314134,soc_pct,60-100cm,0.71
4314134,ph_h2o,0-5cm,5.1
4314134,ph_h2o,5-15cm,5.1
4314134,ph_h2o,15-30cm,5.1
4314134,ph_h2o,30-60cm,5.1
4314134,ph_h2o,60-100cm,5.1
4314100,clay_pct,0-5cm,49.2
4314100,clay_pct,5-15cm,48.8
4314100,clay_pct,15-30cm,50.8
4314100,clay_pct,30-60cm,56.3
4314100,clay_pct,60-100cm,58.7
4314100,sand_pct,0-5cm,20.5
4314100,sand_pct,5-15cm,20.9
4314100,sand_pct,15-30cm,18.9
4314100,sand_pct,30-60cm,16.7
4314100,sand_pct,60-100cm,16.0
4314100,silt_pct,0-5cm,30.3
4314100,silt_pct,5-15cm,30.3
4314100,silt_pct,15-30cm,30.3
4314100,silt_pct,30-60cm,27.0
4314100,silt_pct,60-100cm,25.4
4314100,soc_pct,0-5cm,4.98
4314100,soc_pct,5-15cm,2.43
4314100,soc_pct,15-30cm,2.27
4314100,soc_pct,30-60cm,1.06
4314100,soc_pct,60-100cm,0.78
4314100,ph_h2o,0-5cm,5.1
4314100,ph_h2o,5-15cm,5.0
4314100,ph_h2o,15-30cm,5.0
4314100,ph_h2o,30-60cm,5.1
4314100,ph_h2o,60-100cm,5.0
4314100,bd_kg_dm3,0-5cm,1.04
4314100,bd_kg_dm3,5-15cm,1.06
4314100,bd_kg_dm3,15-30cm,1.13
4314100,bd_kg_dm3,30-60cm,1.13
4314100,bd_kg_dm3,60-100cm,1.16
4314100,cec_cmol_kg,0-5cm,22.2
4314100,cec_cmol_kg,5-15cm,19.5
4314100,cec_cmol_kg,15-30cm,18.9
4314100,cec_cmol_kg,30-60cm,18.2
4314100,cec_cmol_kg,60-100cm,17.5
4314159,clay_pct,0-5cm,35.5
4314159,clay_pct,5-15cm,35.4
4314159,clay_pct,15-30cm,39.8
4314159,clay_pct,30-60cm,45.8
4314159,clay_pct,60-100cm,48.3
4314159,sand_pct,0-5cm,26.9
4314159,sand_pct,5-15cm,27.7
4314159,sand_pct,15-30cm,24.5
4314159,sand_pct,30-60cm,20.7
4314159,sand_pct,60-100cm,19.1
4314159,silt_pct,0-5cm,37.6
4314159,silt_pct,5-15cm,37.0
4314159,silt_pct,15-30cm,35.6
4314159,silt_pct,30-60cm,33.4
4314159,silt_pct,60-100cm,32.6
4314159,soc_pct,0-5cm,5.98
4314159,soc_pct,5-15cm,2.02
4314159,soc_pct,15-30cm,2.47
4314159,soc_pct,30-60cm,1.02
4314159,soc_pct,60-100cm,0.67
4314159,ph_h2o,0-5cm,5.2
4314159,ph_h2o,5-15cm,5.2
4314159,ph_h2o,15-30cm,5.2
4314159,ph_h2o,30-60cm,5.2
4314159,ph_h2o,60-100cm,5.2
4314159,bd_kg_dm3,0-5cm,1.07
4314159,bd_kg_dm3,5-15cm,1.1
4314159,bd_kg_dm3,15-30cm,1.14
4314159,bd_kg_dm3,30-60cm,1.23
4314159,bd_kg_dm3,60-100cm,1.28
4314159,cec_cmol_kg,0-5cm,19.4
4314159,cec_cmol_kg,5-15cm,14.9
4314159,cec_cmol_kg,15-30cm,14.2
4314159,cec_cmol_kg,30-60cm,15.5
4314159,cec_cmol_kg,60-100cm,15.9
4314175,clay_pct,0-5cm,23.6
4314175,clay_pct,5-15cm,25.3
4314175,clay_pct,15-30cm,28.5
4314175,clay_pct,30-60cm,43.3
4314175,clay_pct,60-100cm,44.3
4314175,sand_pct,0-5cm,36.3
4314175,sand_pct,5-15cm,35.6
4314175,sand_pct,15-30cm,34.4
4314175,sand_pct,30-60cm,25.8
4314175,sand_pct,60-100cm,25.2
4314175,silt_pct,0-5cm,40.0
4314175,silt_pct,5-15cm,39.1
4314175,silt_pct,15-30cm,37.1
4314175,silt_pct,30-60cm,31.0
4314175,silt_pct,60-100cm,30.5
4314175,soc_pct,0-5cm,5.04
4314175,soc_pct,5-15cm,3.01
4314175,soc_pct,15-30cm,1.89
4314175,soc_pct,30-60cm,1.4
4314175,soc_pct,60-100cm,0.61
4314175,ph_h2o,0-5cm,5.6
4314175,ph_h2o,5-15cm,5.6
4314175,ph_h2o,15-30cm,5.6
4314175,ph_h2o,30-60cm,5.8
4314175,ph_h2o,60-100cm,5.9
4314175,bd_kg_dm3,0-5cm,1.26
4314175,bd_kg_dm3,5-15cm,1.36
4314175,bd_kg_dm3,15-30cm,1.43
4314175,bd_kg_dm3,30-60cm,1.54
4314175,bd_kg_dm3,60-100cm,1.55
4314175,cec_cmol_kg,0-5cm,17.8
4314175,cec_cmol_kg,5-15cm,16.4
4314175,cec_cmol_kg,15-30cm,17.1
4314175,cec_cmol_kg,30-60cm,20.7
4314175,cec_cmol_kg,60-100cm,21.0
4314209,clay_pct,0-5cm,25.4
4314209,clay_pct,5-15cm,26.2
4314209,clay_pct,15-30cm,29.9
4314209,clay_pct,30-60cm,46.4
4314209,clay_pct,60-100cm,46.3
4314209,sand_pct,0-5cm,46.1
4314209,sand_pct,5-15cm,45.7
4314209,sand_pct,15-30cm,43.1
4314209,sand_pct,30-60cm,30.8
4314209,sand_pct,60-100cm,30.6
4314209,silt_pct,0-5cm,28.5
4314209,silt_pct,5-15cm,28.1
4314209,silt_pct,15-30cm,27.0
4314209,silt_pct,30-60cm,22.8
4314209,silt_pct,60-100cm,23.1
4314209,soc_pct,0-5cm,4.8
4314209,soc_pct,5-15cm,2.42
4314209,soc_pct,15-30cm,2.11
4314209,soc_pct,30-60cm,1.58
4314209,soc_pct,60-100cm,0.76
4314209,ph_h2o,0-5cm,5.4
4314209,ph_h2o,5-15cm,5.4
4314209,ph_h2o,15-30cm,5.5
4314209,ph_h2o,30-60cm,5.6
4314209,ph_h2o,60-100cm,5.7
4314209,bd_kg_dm3,0-5cm,1.21
4314209,bd_kg_dm3,5-15cm,1.27
4314209,bd_kg_dm3,15-30cm,1.3
4314209,bd_kg_dm3,30-60cm,1.4
4314209,bd_kg_dm3,60-100cm,1.41
4314209,cec_cmol_kg,0-5cm,24.4
4314209,cec_cmol_kg,5-15cm,19.7
4314209,cec_cmol_kg,15-30cm,21.5
4314209,cec_cmol_kg,30-60cm,23.3
4314209,cec_cmol_kg,60-100cm,22.9
4314308,clay_pct,0-5cm,49.4
4314308,clay_pct,5-15cm,50.2
4314308,clay_pct,15-30cm,51.3
4314308,clay_pct,30-60cm,51.1
4314308,clay_pct,60-100cm,51.2
4314308,sand_pct,0-5cm,23.3
4314308,sand_pct,5-15cm,23.5
4314308,sand_pct,15-30cm,22.6
4314308,sand_pct,30-60cm,23.2
4314308,sand_pct,60-100cm,24.3
4314308,silt_pct,0-5cm,27.3
4314308,silt_pct,5-15cm,26.3
4314308,silt_pct,15-30cm,26.1
4314308,silt_pct,30-60cm,25.8
4314308,silt_pct,60-100cm,24.6
4314308,soc_pct,0-5cm,5.22
4314308,soc_pct,5-15cm,2.25
4314308,soc_pct,15-30cm,1.71
4314308,soc_pct,30-60cm,0.98
4314308,soc_pct,60-100cm,0.65
4314308,ph_h2o,0-5cm,5.2
4314308,ph_h2o,5-15cm,5.1
4314308,ph_h2o,15-30cm,5.1
4314308,ph_h2o,30-60cm,5.1
4314308,ph_h2o,60-100cm,5.2
4314308,bd_kg_dm3,0-5cm,1.12
4314308,bd_kg_dm3,5-15cm,1.17
4314308,bd_kg_dm3,15-30cm,1.21
4314308,bd_kg_dm3,30-60cm,1.26
4314308,bd_kg_dm3,60-100cm,1.27
4314308,cec_cmol_kg,0-5cm,22.5
4314308,cec_cmol_kg,5-15cm,22.2
4314308,cec_cmol_kg,15-30cm,21.0
4314308,cec_cmol_kg,30-60cm,20.0
4314308,cec_cmol_kg,60-100cm,19.5
4314407,clay_pct,0-5cm,27.8
4314407,clay_pct,5-15cm,28.1
4314407,clay_pct,15-30cm,30.7
4314407,clay_pct,30-60cm,42.9
4314407,clay_pct,60-100cm,42.3
4314407,sand_pct,0-5cm,44.5
4314407,sand_pct,5-15cm,45.4
4314407,sand_pct,15-30cm,42.7
4314407,sand_pct,30-60cm,32.8
4314407,sand_pct,60-100cm,32.6
4314407,silt_pct,0-5cm,27.7
4314407,silt_pct,5-15cm,26.5
4314407,silt_pct,15-30cm,26.6
4314407,silt_pct,30-60cm,24.3
4314407,silt_pct,60-100cm,25.1
4314407,soc_pct,0-5cm,5.59
4314407,soc_pct,5-15cm,2.77
4314407,soc_pct,15-30cm,1.96
4314407,soc_pct,30-60cm,0.83
4314407,soc_pct,60-100cm,0.7
4314407,ph_h2o,0-5cm,5.2
4314407,ph_h2o,5-15cm,5.2
4314407,ph_h2o,15-30cm,5.2
4314407,ph_h2o,30-60cm,5.3
4314407,ph_h2o,60-100cm,5.4
4314407,bd_kg_dm3,0-5cm,1.12
4314407,bd_kg_dm3,5-15cm,1.17
4314407,bd_kg_dm3,15-30cm,1.23
4314407,bd_kg_dm3,30-60cm,1.33
4314407,bd_kg_dm3,60-100cm,1.36
4314407,cec_cmol_kg,0-5cm,24.4
4314407,cec_cmol_kg,5-15cm,21.2
4314407,cec_cmol_kg,15-30cm,23.1
4314407,cec_cmol_kg,30-60cm,24.5
4314407,cec_cmol_kg,60-100cm,24.5
4314456,clay_pct,0-5cm,41.1
4314456,clay_pct,5-15cm,41.3
4314456,clay_pct,15-30cm,43.5
4314456,clay_pct,30-60cm,49.6
4314456,clay_pct,60-100cm,51.0
4314456,sand_pct,0-5cm,23.3
4314456,sand_pct,5-15cm,22.7
4314456,sand_pct,15-30cm,22.1
4314456,sand_pct,30-60cm,19.6
4314456,sand_pct,60-100cm,19.1
4314456,silt_pct,0-5cm,35.6
4314456,silt_pct,5-15cm,36.0
4314456,silt_pct,15-30cm,34.4
4314456,silt_pct,30-60cm,30.8
4314456,silt_pct,60-100cm,29.9
4314456,ph_h2o,0-5cm,5.2
4314456,ph_h2o,5-15cm,5.1
4314456,ph_h2o,15-30cm,5.1
4314456,ph_h2o,30-60cm,5.2
4314456,ph_h2o,60-100cm,5.2
4314456,bd_kg_dm3,0-5cm,1.01
4314456,bd_kg_dm3,5-15cm,1.05
4314456,bd_kg_dm3,15-30cm,1.12
4314456,bd_kg_dm3,30-60cm,1.18
4314456,bd_kg_dm3,60-100cm,1.19
4314456,cec_cmol_kg,0-5cm,20.4
4314456,cec_cmol_kg,5-15cm,15.0
4314456,cec_cmol_kg,15-30cm,13.9
4314456,cec_cmol_kg,30-60cm,14.6
4314456,cec_cmol_kg,60-100cm,14.3
4314423,clay_pct,0-5cm,32.6
4314423,clay_pct,5-15cm,33.7
4314423,clay_pct,15-30cm,36.5
4314423,clay_pct,30-60cm,46.3
4314423,clay_pct,60-100cm,46.4
4314423,sand_pct,0-5cm,31.3
4314423,sand_pct,5-15cm,32.0
4314423,sand_pct,15-30cm,29.9
4314423,sand_pct,30-60cm,23.9
4314423,sand_pct,60-100cm,24.0
4314423,silt_pct,0-5cm,36.1
4314423,silt_pct,5-15cm,34.3
4314423,silt_pct,15-30cm,33.6
4314423,silt_pct,30-60cm,29.7
4314423,silt_pct,60-100cm,29.7
4314423,soc_pct,0-5cm,6.59
4314423,soc_pct,5-15cm,2.5
4314423,soc_pct,15-30cm,2.7
4314423,soc_pct,30-60cm,1.23
4314423,soc_pct,60-100cm,0.76
4314423,ph_h2o,0-5cm,5.3
4314423,ph_h2o,5-15cm,5.3
4314423,ph_h2o,15-30cm,5.3
4314423,ph_h2o,30-60cm,5.3
4314423,ph_h2o,60-100cm,5.2
4314423,bd_kg_dm3,0-5cm,1.03
4314423,bd_kg_dm3,5-15cm,1.05
4314423,bd_kg_dm3,15-30cm,1.1
4314423,bd_kg_dm3,30-60cm,1.18
4314423,bd_kg_dm3,60-100cm,1.22
4314423,cec_cmol_kg,0-5cm,20.9
4314423,cec_cmol_kg,5-15cm,17.0
4314423,cec_cmol_kg,15-30cm,16.6
4314423,cec_cmol_kg,30-60cm,16.7
4314423,cec_cmol_kg,60-100cm,16.8
4314464,clay_pct,0-5cm,52.8
4314464,clay_pct,5-15cm,50.7
4314464,clay_pct,15-30cm,52.0
4314464,clay_pct,30-60cm,58.1
4314464,clay_pct,60-100cm,58.3
4314464,sand_pct,0-5cm,15.5
4314464,sand_pct,5-15cm,15.8
4314464,sand_pct,15-30cm,15.2
4314464,sand_pct,30-60cm,12.8
4314464,sand_pct,60-100cm,12.3
4314464,silt_pct,0-5cm,31.7
4314464,silt_pct,5-15cm,33.5
4314464,silt_pct,15-30cm,32.8
4314464,silt_pct,30-60cm,29.1
4314464,silt_pct,60-100cm,29.4
4314464,soc_pct,0-5cm,5.01
4314464,soc_pct,5-15cm,3.13
4314464,soc_pct,15-30cm,1.86
4314464,soc_pct,30-60cm,0.92
4314464,soc_pct,60-100cm,0.74
4314464,ph_h2o,0-5cm,5.1
4314464,ph_h2o,5-15cm,5.1
4314464,ph_h2o,15-30cm,5.0
4314464,ph_h2o,30-60cm,5.0
4314464,ph_h2o,60-100cm,5.1
4314464,bd_kg_dm3,0-5cm,0.95
4314464,bd_kg_dm3,5-15cm,0.98
4314464,bd_kg_dm3,15-30cm,1.03
4314464,bd_kg_dm3,30-60cm,1.11
4314464,bd_kg_dm3,60-100cm,1.15
4314464,cec_cmol_kg,0-5cm,18.0
4314464,cec_cmol_kg,5-15cm,16.4
4314464,cec_cmol_kg,15-30cm,14.9
4314464,cec_cmol_kg,30-60cm,13.7
4314464,cec_cmol_kg,60-100cm,13.5
4314472,clay_pct,0-5cm,41.6
4314472,clay_pct,5-15cm,41.1
4314472,clay_pct,15-30cm,45.8
4314472,clay_pct,30-60cm,54.3
4314472,clay_pct,60-100cm,54.9
4314472,sand_pct,0-5cm,25.8
4314472,sand_pct,5-15cm,26.9
4314472,sand_pct,15-30cm,24.3
4314472,sand_pct,30-60cm,20.1
4314472,sand_pct,60-100cm,20.1
4314472,silt_pct,0-5cm,32.5
4314472,silt_pct,5-15cm,32.0
4314472,silt_pct,15-30cm,29.8
4314472,silt_pct,30-60cm,25.5
4314472,silt_pct,60-100cm,25.0
4314472,soc_pct,0-5cm,5.12
4314472,soc_pct,5-15cm,2.19
4314472,soc_pct,15-30cm,1.78
4314472,soc_pct,30-60cm,0.84
4314472,soc_pct,60-100cm,0.59
4314472,ph_h2o,0-5cm,5.2
4314472,ph_h2o,5-15cm,5.2
4314472,ph_h2o,15-30cm,5.2
4314472,ph_h2o,30-60cm,5.2
4314472,ph_h2o,60-100cm,5.2
4314472,bd_kg_dm3,0-5cm,1.13
4314472,bd_kg_dm3,5-15cm,1.2
4314472,bd_kg_dm3,15-30cm,1.26
4314472,bd_kg_dm3,30-60cm,1.31
4314472,bd_kg_dm3,60-100cm,1.34
4314472,cec_cmol_kg,0-5cm,19.9
4314472,cec_cmol_kg,5-15cm,17.4
4314472,cec_cmol_kg,15-30cm,16.4
4314472,cec_cmol_kg,30-60cm,16.4
4314472,cec_cmol_kg,60-100cm,16.1
4314506,clay_pct,0-5cm,23.3
4314506,clay_pct,5-15cm,23.4
4314506,clay_pct,15-30cm,27.3
4314506,clay_pct,30-60cm,42.0
4314506,clay_pct,60-100cm,43.1
4314506,sand_pct,0-5cm,52.0
4314506,sand_pct,5-15cm,54.3
4314506,sand_pct,15-30cm,51.1
4314506,sand_pct,30-60cm,37.9
4314506,sand_pct,60-100cm,37.0
4314506,silt_pct,0-5cm,24.8
4314506,silt_pct,5-15cm,22.3
4314506,silt_pct,15-30cm,21.6
4314506,silt_pct,30-60cm,20.2
4314506,silt_pct,60-100cm,19.9
4314506,soc_pct,0-5cm,7.06
4314506,soc_pct,5-15cm,2.93
4314506,soc_pct,15-30cm,2.49
4314506,soc_pct,30-60cm,1.5
4314506,soc_pct,60-100cm,0.93
4314506,ph_h2o,0-5cm,5.2
4314506,ph_h2o,5-15cm,5.2
4314506,ph_h2o,15-30cm,5.2
4314506,ph_h2o,30-60cm,5.3
4314506,ph_h2o,60-100cm,5.4
4314506,bd_kg_dm3,0-5cm,1.1
4314506,bd_kg_dm3,5-15cm,1.16
4314506,bd_kg_dm3,15-30cm,1.18
4314506,bd_kg_dm3,30-60cm,1.27
4314506,bd_kg_dm3,60-100cm,1.3
4314506,cec_cmol_kg,0-5cm,20.7
4314506,cec_cmol_kg,5-15cm,18.9
4314506,cec_cmol_kg,15-30cm,18.1
4314506,cec_cmol_kg,30-60cm,17.3
4314506,cec_cmol_kg,60-100cm,17.6
4314498,clay_pct,0-5cm,33.6
4314498,clay_pct,5-15cm,33.4
4314498,clay_pct,15-30cm,34.8
4314498,clay_pct,30-60cm,38.0
4314498,clay_pct,60-100cm,38.7
4314498,sand_pct,0-5cm,27.2
4314498,sand_pct,5-15cm,26.4
4314498,sand_pct,15-30cm,25.9
4314498,sand_pct,30-60cm,24.8
4314498,sand_pct,60-100cm,24.4
4314498,silt_pct,0-5cm,39.3
4314498,silt_pct,5-15cm,40.2
4314498,silt_pct,15-30cm,39.3
4314498,silt_pct,30-60cm,37.2
4314498,silt_pct,60-100cm,36.9
4314498,soc_pct,0-5cm,7.44
4314498,soc_pct,5-15cm,4.25
4314498,soc_pct,15-30cm,3.86
4314498,soc_pct,30-60cm,2.97
4314498,soc_pct,60-100cm,2.63
4314498,ph_h2o,0-5cm,5.2
4314498,ph_h2o,5-15cm,5.3
4314498,ph_h2o,15-30cm,5.2
4314498,ph_h2o,30-60cm,5.2
4314498,ph_h2o,60-100cm,5.3
4314498,bd_kg_dm3,0-5cm,1.03
4314498,bd_kg_dm3,5-15cm,1.05
4314498,bd_kg_dm3,15-30cm,1.07
4314498,bd_kg_dm3,30-60cm,1.09
4314498,bd_kg_dm3,60-100cm,1.12
4314498,cec_cmol_kg,0-5cm,20.8
4314498,cec_cmol_kg,5-15cm,14.9
4314498,cec_cmol_kg,15-30cm,15.4
4314498,cec_cmol_kg,30-60cm,16.6
4314498,cec_cmol_kg,60-100cm,16.7
4314548,clay_pct,0-5cm,48.1
4314548,clay_pct,5-15cm,49.0
4314548,clay_pct,15-30cm,50.5
4314548,clay_pct,30-60cm,55.4
4314548,clay_pct,60-100cm,54.8
4314548,sand_pct,0-5cm,15.9
4314548,sand_pct,5-15cm,15.5
4314548,sand_pct,15-30cm,14.9
4314548,sand_pct,30-60cm,13.2
4314548,sand_pct,60-100cm,13.4
4314548,silt_pct,0-5cm,36.0
4314548,silt_pct,5-15cm,35.5
4314548,silt_pct,15-30cm,34.7
4314548,silt_pct,30-60cm,31.4
4314548,silt_pct,60-100cm,31.7
4314548,soc_pct,0-5cm,6.68
4314548,soc_pct,5-15cm,2.94
4314548,soc_pct,15-30cm,2.78
4314548,soc_pct,30-60cm,1.94
4314548,soc_pct,60-100cm,1.44
4314548,ph_h2o,0-5cm,5.3
4314548,ph_h2o,5-15cm,5.3
4314548,ph_h2o,15-30cm,5.3
4314548,ph_h2o,30-60cm,5.3
4314548,ph_h2o,60-100cm,5.3
4314548,bd_kg_dm3,0-5cm,0.98
4314548,bd_kg_dm3,5-15cm,1.0
4314548,bd_kg_dm3,15-30cm,1.04
4314548,bd_kg_dm3,30-60cm,1.13
4314548,bd_kg_dm3,60-100cm,1.17
4314548,cec_cmol_kg,0-5cm,21.9
4314548,cec_cmol_kg,5-15cm,18.4
4314548,cec_cmol_kg,15-30cm,17.7
4314548,cec_cmol_kg,30-60cm,17.3
4314548,cec_cmol_kg,60-100cm,16.2
4314555,clay_pct,0-5cm,40.5
4314555,clay_pct,5-15cm,40.2
4314555,clay_pct,15-30cm,41.4
4314555,clay_pct,30-60cm,46.4
4314555,clay_pct,60-100cm,46.1
4314555,sand_pct,0-5cm,25.9
4314555,sand_pct,5-15cm,25.9
4314555,sand_pct,15-30cm,25.6
4314555,sand_pct,30-60cm,23.6
4314555,sand_pct,60-100cm,23.4
4314555,soc_pct,0-5cm,4.74
4314555,soc_pct,5-15cm,1.94
4314555,soc_pct,15-30cm,1.37
4314555,soc_pct,30-60cm,0.8
4314555,soc_pct,60-100cm,0.57
4314555,ph_h2o,0-5cm,5.1
4314555,ph_h2o,5-15cm,5.1
4314555,ph_h2o,15-30cm,5.1
4314555,ph_h2o,30-60cm,5.1
4314555,ph_h2o,60-100cm,5.2
4314555,bd_kg_dm3,0-5cm,1.1
4314555,bd_kg_dm3,5-15cm,1.16
4314555,bd_kg_dm3,15-30cm,1.2
4314555,bd_kg_dm3,30-60cm,1.29
4314555,bd_kg_dm3,60-100cm,1.31
4314555,cec_cmol_kg,0-5cm,20.4
4314555,cec_cmol_kg,5-15cm,19.7
4314555,cec_cmol_kg,15-30cm,18.2
4314555,cec_cmol_kg,30-60cm,18.5
4314555,cec_cmol_kg,60-100cm,16.8
4314605,clay_pct,0-5cm,22.6
4314605,clay_pct,5-15cm,22.3
4314605,clay_pct,15-30cm,24.3
4314605,clay_pct,30-60cm,44.1
4314605,clay_pct,60-100cm,44.9
4314605,silt_pct,0-5cm,27.6
4314605,silt_pct,5-15cm,26.0
4314605,silt_pct,15-30cm,25.8
4314605,silt_pct,30-60cm,21.9
4314605,silt_pct,60-100cm,21.8
4314605,soc_pct,0-5cm,6.62
4314605,soc_pct,5-15cm,2.3
4314605,soc_pct,15-30cm,1.68
4314605,soc_pct,30-60cm,0.98
4314605,soc_pct,60-100cm,0.61
4314605,ph_h2o,0-5cm,5.1
4314605,ph_h2o,5-15cm,5.2
4314605,ph_h2o,15-30cm,5.2
4314605,ph_h2o,30-60cm,5.3
4314605,ph_h2o,60-100cm,5.3
4314605,bd_kg_dm3,0-5cm,1.08
4314605,bd_kg_dm3,5-15cm,1.14
4314605,bd_kg_dm3,15-30cm,1.19
4314605,bd_kg_dm3,30-60cm,1.27
4314605,bd_kg_dm3,60-100cm,1.32
4314605,cec_cmol_kg,0-5cm,17.3
4314605,cec_cmol_kg,5-15cm,14.9
4314605,cec_cmol_kg,15-30cm,15.4
4314605,cec_cmol_kg,30-60cm,15.6
4314605,cec_cmol_kg,60-100cm,15.5
4314704,clay_pct,0-5cm,46.3
4314704,clay_pct,5-15cm,47.7
4314704,clay_pct,15-30cm,50.7
4314704,clay_pct,30-60cm,55.2
4314704,clay_pct,60-100cm,54.4
4314704,sand_pct,0-5cm,20.0
4314704,sand_pct,5-15cm,19.6
4314704,sand_pct,15-30cm,18.2
4314704,sand_pct,30-60cm,16.6
4314704,sand_pct,60-100cm,16.4
4314704,silt_pct,0-5cm,33.7
4314704,silt_pct,5-15cm,32.7
4314704,silt_pct,15-30cm,31.1
4314704,silt_pct,30-60cm,28.2
4314704,silt_pct,60-100cm,29.3
4314704,soc_pct,0-5cm,6.9
4314704,soc_pct,5-15cm,3.35
4314704,soc_pct,15-30cm,2.25
4314704,soc_pct,30-60cm,1.46
4314704,soc_pct,60-100cm,1.29
4314704,ph_h2o,0-5cm,5.1
4314704,ph_h2o,5-15cm,5.0
4314704,ph_h2o,15-30cm,5.1
4314704,ph_h2o,30-60cm,5.1
4314704,ph_h2o,60-100cm,5.1
4314704,bd_kg_dm3,0-5cm,0.98
4314704,bd_kg_dm3,5-15cm,1.01
4314704,bd_kg_dm3,15-30cm,1.06
4314704,bd_kg_dm3,30-60cm,1.14
4314704,bd_kg_dm3,60-100cm,1.16
4314704,cec_cmol_kg,0-5cm,21.0
4314704,cec_cmol_kg,5-15cm,15.3
4314704,cec_cmol_kg,15-30cm,14.8
4314704,cec_cmol_kg,30-60cm,14.6
4314704,cec_cmol_kg,60-100cm,14.0
4314779,clay_pct,0-5cm,46.5
4314779,clay_pct,5-15cm,47.0
4314779,clay_pct,15-30cm,51.0
4314779,clay_pct,30-60cm,56.3
4314779,clay_pct,60-100cm,58.3
4314779,sand_pct,0-5cm,29.1
4314779,sand_pct,5-15cm,29.2
4314779,sand_pct,15-30cm,26.8
4314779,sand_pct,30-60cm,24.3
4314779,sand_pct,60-100cm,22.9
4314779,silt_pct,0-5cm,24.4
4314779,silt_pct,5-15cm,23.7
4314779,silt_pct,15-30cm,22.2
4314779,silt_pct,30-60cm,19.4
4314779,silt_pct,60-100cm,18.7
4314779,soc_pct,0-5cm,5.42
4314779,soc_pct,5-15cm,2.85
4314779,soc_pct,15-30cm,2.17
4314779,soc_pct,30-60cm,1.4
4314779,soc_pct,60-100cm,1.04
4314779,ph_h2o,0-5cm,5.1
4314779,ph_h2o,5-15cm,5.1
4314779,ph_h2o,15-30cm,5.1
4314779,ph_h2o,30-60cm,5.1
4314779,ph_h2o,60-100cm,5.1
4314779,bd_kg_dm3,0-5cm,1.04
4314779,bd_kg_dm3,5-15cm,1.08
4314779,bd_kg_dm3,15-30cm,1.15
4314779,bd_kg_dm3,30-60cm,1.18
4314779,bd_kg_dm3,60-100cm,1.21
4314779,cec_cmol_kg,0-5cm,22.9
4314779,cec_cmol_kg,5-15cm,19.0
4314779,cec_cmol_kg,15-30cm,17.6
4314779,cec_cmol_kg,30-60cm,16.4
4314779,cec_cmol_kg,60-100cm,15.6
4314753,clay_pct,0-5cm,36.6
4314753,clay_pct,5-15cm,37.1
4314753,clay_pct,15-30cm,41.1
4314753,clay_pct,30-60cm,48.5
4314753,clay_pct,60-100cm,50.9
4314753,sand_pct,0-5cm,30.1
4314753,sand_pct,5-15cm,29.9
4314753,sand_pct,15-30cm,26.5
4314753,sand_pct,30-60cm,22.1
4314753,sand_pct,60-100cm,19.8
4314753,silt_pct,0-5cm,33.3
4314753,silt_pct,5-15cm,33.0
4314753,silt_pct,15-30cm,32.4
4314753,silt_pct,30-60cm,29.4
4314753,silt_pct,60-100cm,29.3
4314753,soc_pct,0-5cm,6.98
4314753,soc_pct,5-15cm,3.81
4314753,soc_pct,15-30cm,3.45
4314753,soc_pct,30-60cm,1.65
4314753,soc_pct,60-100cm,1.22
4314753,ph_h2o,0-5cm,5.3
4314753,ph_h2o,5-15cm,5.4
4314753,ph_h2o,15-30cm,5.3
4314753,ph_h2o,30-60cm,5.3
4314753,ph_h2o,60-100cm,5.3
4314753,bd_kg_dm3,0-5cm,1.03
4314753,bd_kg_dm3,5-15cm,1.04
4314753,bd_kg_dm3,15-30cm,1.07
4314753,bd_kg_dm3,30-60cm,1.15
4314753,bd_kg_dm3,60-100cm,1.21
4314753,cec_cmol_kg,0-5cm,20.9
4314753,cec_cmol_kg,5-15cm,17.4
4314753,cec_cmol_kg,15-30cm,16.4
4314753,cec_cmol_kg,30-60cm,17.8
4314753,cec_cmol_kg,60-100cm,17.6
4314787,clay_pct,0-5cm,49.4
4314787,clay_pct,5-15cm,47.7
4314787,clay_pct,15-30cm,49.4
4314787,clay_pct,30-60cm,57.6
4314787,clay_pct,60-100cm,58.7
4314787,sand_pct,0-5cm,20.6
4314787,sand_pct,5-15cm,21.2
4314787,sand_pct,15-30cm,20.0
4314787,sand_pct,30-60cm,16.9
4314787,sand_pct,60-100cm,16.4
4314787,silt_pct,0-5cm,29.9
4314787,silt_pct,5-15cm,31.2
4314787,silt_pct,15-30cm,30.6
4314787,silt_pct,30-60cm,25.5
4314787,silt_pct,60-100cm,24.9
4314787,soc_pct,0-5cm,5.31
4314787,soc_pct,5-15cm,2.46
4314787,soc_pct,15-30cm,2.07
4314787,soc_pct,30-60cm,1.15
4314787,soc_pct,60-100cm,0.89
4314787,ph_h2o,0-5cm,5.2
4314787,ph_h2o,5-15cm,5.2
4314787,ph_h2o,15-30cm,5.2
4314787,ph_h2o,30-60cm,5.2
4314787,ph_h2o,60-100cm,5.2
4314787,bd_kg_dm3,0-5cm,1.0
4314787,bd_kg_dm3,5-15cm,1.04
4314787,bd_kg_dm3,15-30cm,1.1
4314787,bd_kg_dm3,30-60cm,1.15
4314787,bd_kg_dm3,60-100cm,1.17
4314787,cec_cmol_kg,0-5cm,21.7
4314787,cec_cmol_kg,5-15cm,19.1
4314787,cec_cmol_kg,15-30cm,17.8
4314787,cec_cmol_kg,30-60cm,18.0
4314787,cec_cmol_kg,60-100cm,17.4
4314803,clay_pct,0-5cm,
4314803,clay_pct,5-15cm,
4314803,clay_pct,15-30cm,
4314803,clay_pct,30-60cm,
4314803,clay_pct,60-100cm,
4314803,sand_pct,0-5cm,
4314803,sand_pct,5-15cm,
4314803,sand_pct,15-30cm,
4314803,sand_pct,30-60cm,
4314803,sand_pct,60-100cm,
4314803,silt_pct,0-5cm,
4314803,silt_pct,5-15cm,
4314803,silt_pct,15-30cm,
4314803,silt_pct,30-60cm,
4314803,silt_pct,60-100cm,
4314803,soc_pct,0-5cm,
4314803,soc_pct,5-15cm,
4314803,soc_pct,15-30cm,
4314803,soc_pct,30-60cm,
4314803,soc_pct,60-100cm,
4314803,ph_h2o,0-5cm,
4314803,ph_h2o,5-15cm,
4314803,ph_h2o,15-30cm,
4314803,ph_h2o,30-60cm,
4314803,ph_h2o,60-100cm,
4314803,bd_kg_dm3,0-5cm,
4314803,bd_kg_dm3,5-15cm,
4314803,bd_kg_dm3,15-30cm,
4314803,bd_kg_dm3,30-60cm,
4314803,bd_kg_dm3,60-100cm,
4314803,cec_cmol_kg,0-5cm,
4314803,cec_cmol_kg,5-15cm,
4314803,cec_cmol_kg,15-30cm,
4314803,cec_cmol_kg,30-60cm,
4314803,cec_cmol_kg,60-100cm,
4314902,clay_pct,0-5cm,31.0
4314902,clay_pct,5-15cm,30.4
4314902,clay_pct,15-30cm,32.9
4314902,clay_pct,30-60cm,40.9
4314902,clay_pct,60-100cm,41.1
4314902,sand_pct,0-5cm,43.8
4314902,sand_pct,5-15cm,44.3
4314902,sand_pct,15-30cm,40.9
4314902,sand_pct,30-60cm,33.0
4314902,sand_pct,60-100cm,31.8
4314902,silt_pct,0-5cm,25.1
4314902,silt_pct,5-15cm,25.3
4314902,silt_pct,15-30cm,26.1
4314902,silt_pct,30-60cm,26.1
4314902,silt_pct,60-100cm,27.1
4314902,soc_pct,0-5cm,7.16
4314902,soc_pct,5-15cm,2.92
4314902,soc_pct,15-30cm,2.84
4314902,soc_pct,30-60cm,2.17
4314902,soc_pct,60-100cm,1.29
4314902,ph_h2o,0-5cm,5.1
4314902,ph_h2o,5-15cm,5.1
4314902,ph_h2o,15-30cm,5.1
4314902,ph_h2o,30-60cm,5.2
4314902,ph_h2o,60-100cm,5.2
4314902,bd_kg_dm3,0-5cm,1.11
4314902,bd_kg_dm3,5-15cm,1.15
4314902,bd_kg_dm3,15-30cm,1.18
4314902,bd_kg_dm3,30-60cm,1.26
4314902,bd_kg_dm3,60-100cm,1.29
4314902,cec_cmol_kg,0-5cm,20.9
4314902,cec_cmol_kg,5-15cm,18.3
4314902,cec_cmol_kg,15-30cm,18.7
4314902,cec_cmol_kg,30-60cm,19.3
4314902,cec_cmol_kg,60-100cm,19.3
4315008,clay_pct,0-5cm,40.6
4315008,clay_pct,5-15cm,40.2
4315008,clay_pct,15-30cm,42.6
4315008,clay_pct,30-60cm,48.3
4315008,clay_pct,60-100cm,47.8
4315008,sand_pct,0-5cm,25.4
4315008,sand_pct,5-15cm,26.2
4315008,sand_pct,15-30cm,25.2
4315008,sand_pct,30-60cm,22.1
4315008,sand_pct,60-100cm,22.4
4315008,silt_pct,0-5cm,34.1
4315008,silt_pct,5-15cm,33.6
4315008,silt_pct,15-30cm,32.2
4315008,silt_pct,30-60cm,29.7
4315008,silt_pct,60-100cm,29.8
4315008,soc_pct,0-5cm,4.64
4315008,soc_pct,5-15cm,2.01
4315008,soc_pct,15-30cm,1.36
4315008,soc_pct,30-60cm,1.01
4315008,soc_pct,60-100cm,0.57
4315008,ph_h2o,0-5cm,5.1
4315008,ph_h2o,5-15cm,5.1
4315008,ph_h2o,15-30cm,5.1
4315008,ph_h2o,30-60cm,5.1
4315008,ph_h2o,60-100cm,5.2
4315008,bd_kg_dm3,0-5cm,1.15
4315008,bd_kg_dm3,5-15cm,1.2
4315008,bd_kg_dm3,15-30cm,1.24
4315008,bd_kg_dm3,30-60cm,1.31
4315008,bd_kg_dm3,60-100cm,1.33
4315008,cec_cmol_kg,0-5cm,19.9
4315008,cec_cmol_kg,5-15cm,19.9
4315008,cec_cmol_kg,15-30cm,18.4
4315008,cec_cmol_kg,30-60cm,20.6
4315008,cec_cmol_kg,60-100cm,19.4
4315057,clay_pct,0-5cm,33.2
4315057,clay_pct,5-15cm,32.4
4315057,clay_pct,15-30cm,33.9
4315057,clay_pct,30-60cm,38.3
4315057,clay_pct,60-100cm,39.0
4315057,sand_pct,0-5cm,27.5
4315057,sand_pct,5-15cm,27.3
4315057,sand_pct,15-30cm,26.7
4315057,sand_pct,30-60cm,25.3
4315057,sand_pct,60-100cm,25.3
4315057,silt_pct,0-5cm,39.3
4315057,silt_pct,5-15cm,40.3
4315057,silt_pct,15-30cm,39.3
4315057,silt_pct,30-60cm,36.4
4315057,silt_pct,60-100cm,35.7
4315057,soc_pct,0-5cm,5.28
4315057,soc_pct,5-15cm,2.23
4315057,soc_pct,15-30cm,1.31
4315057,soc_pct,30-60cm,0.87
4315057,soc_pct,60-100cm,0.62
4315057,ph_h2o,0-5cm,5.2
4315057,ph_h2o,5-15cm,5.2
4315057,ph_h2o,15-30cm,5.2
4315057,ph_h2o,30-60cm,5.3
4315057,ph_h2o,60-100cm,5.4
4315057,bd_kg_dm3,0-5cm,1.05
4315057,bd_kg_dm3,5-15cm,1.1
4315057,bd_kg_dm3,15-30cm,1.14
4315057,bd_kg_dm3,30-60cm,1.23
4315057,bd_kg_dm3,60-100cm,1.26
4315057,cec_cmol_kg,0-5cm,18.0
4315057,cec_cmol_kg,5-15cm,16.9
4315057,cec_cmol_kg,15-30cm,15.7
4315057,cec_cmol_kg,30-60cm,17.8
4315057,cec_cmol_kg,60-100cm,17.8
4315107,clay_pct,0-5cm,43.9
4315107,clay_pct,5-15cm,40.3
4315107,clay_pct,15-30cm,41.0
4315107,clay_pct,30-60cm,44.3
4315107,clay_pct,60-100cm,44.0
4315107,sand_pct,0-5cm,24.5
4315107,sand_pct,5-15cm,26.5
4315107,sand_pct,15-30cm,25.8
4315107,sand_pct,30-60cm,24.0
4315107,sand_pct,60-100cm,24.1
4315107,silt_pct,0-5cm,31.7
4315107,silt_pct,5-15cm,33.2
4315107,silt_pct,15-30cm,33.3
4315107,silt_pct,30-60cm,31.7
4315107,silt_pct,60-100cm,31.9
4315107,soc_pct,0-5cm,5.35
4315107,soc_pct,5-15cm,2.81
4315107,soc_pct,15-30cm,2.04
4315107,soc_pct,30-60cm,0.87
4315107,soc_pct,60-100cm,0.91
4315107,ph_h2o,0-5cm,5.2
4315107,ph_h2o,5-15cm,5.2
4315107,ph_h2o,15-30cm,5.3
4315107,ph_h2o,30-60cm,5.3
4315107,ph_h2o,60-100cm,5.3
4315107,bd_kg_dm3,0-5cm,1.03
4315107,bd_kg_dm3,5-15cm,1.06
4315107,bd_kg_dm3,15-30cm,1.11
4315107,bd_kg_dm3,30-60cm,1.21
4315107,bd_kg_dm3,60-100cm,1.23
4315107,cec_cmol_kg,0-5cm,17.4
4315107,cec_cmol_kg,5-15cm,15.7
4315107,cec_cmol_kg,15-30cm,14.5
4315107,cec_cmol_kg,30-60cm,14.7
4315107,cec_cmol_kg,60-100cm,14.4
4315073,clay_pct,0-5cm,41.2
4315073,clay_pct,5-15cm,39.0
4315073,clay_pct,15-30cm,39.0
4315073,clay_pct,30-60cm,44.7
4315073,clay_pct,60-100cm,44.8
4315073,sand_pct,0-5cm,24.1
4315073,sand_pct,5-15cm,25.2
4315073,sand_pct,15-30cm,25.2
4315073,sand_pct,30-60cm,22.3
4315073,sand_pct,60-100cm,22.5
4315073,silt_pct,0-5cm,34.7
4315073,silt_pct,5-15cm,35.9
4315073,silt_pct,15-30cm,35.8
4315073,silt_pct,30-60cm,33.0
4315073,silt_pct,60-100cm,32.6
4315073,soc_pct,0-5cm,4.87
4315073,soc_pct,5-15cm,2.21
4315073,soc_pct,15-30cm,1.96
4315073,soc_pct,30-60cm,1.0
4315073,soc_pct,60-100cm,0.62
4315073,ph_h2o,0-5cm,5.2
4315073,ph_h2o,5-15cm,5.2
4315073,ph_h2o,15-30cm,5.2
4315073,ph_h2o,30-60cm,5.2
4315073,ph_h2o,60-100cm,5.2
4315073,bd_kg_dm3,0-5cm,1.07
4315073,bd_kg_dm3,5-15cm,1.11
4315073,bd_kg_dm3,15-30cm,1.15
4315073,bd_kg_dm3,30-60cm,1.28
4315073,bd_kg_dm3,60-100cm,1.31
4315073,cec_cmol_kg,0-5cm,19.0
4315073,cec_cmol_kg,5-15cm,16.5
4315073,cec_cmol_kg,15-30cm,16.1
4315073,cec_cmol_kg,30-60cm,17.3
4315073,cec_cmol_kg,60-100cm,16.8
4315131,clay_pct,0-5cm,32.4
4315131,clay_pct,5-15cm,32.7
4315131,clay_pct,15-30cm,37.8
4315131,clay_pct,30-60cm,46.7
4315131,clay_pct,60-100cm,47.1
4315131,sand_pct,0-5cm,29.1
4315131,sand_pct,5-15cm,28.6
4315131,sand_pct,15-30cm,25.0
4315131,sand_pct,30-60cm,19.7
4315131,sand_pct,60-100cm,18.9
4315131,silt_pct,0-5cm,38.5
4315131,silt_pct,5-15cm,38.7
4315131,silt_pct,15-30cm,37.2
4315131,silt_pct,30-60cm,33.7
4315131,silt_pct,60-100cm,34.0
4315131,soc_pct,0-5cm,6.01
4315131,soc_pct,5-15cm,2.88
4315131,soc_pct,15-30cm,2.16
4315131,soc_pct,30-60cm,1.15
4315131,soc_pct,60-100cm,0.77
4315131,ph_h2o,0-5cm,5.3
4315131,ph_h2o,5-15cm,5.2
4315131,ph_h2o,15-30cm,5.3
4315131,ph_h2o,30-60cm,5.3
4315131,ph_h2o,60-100cm,5.3
4315131,bd_kg_dm3,0-5cm,1.0
4315131,bd_kg_dm3,5-15cm,1.02
4315131,bd_kg_dm3,15-30cm,1.11
4315131,bd_kg_dm3,30-60cm,1.18
4315131,bd_kg_dm3,60-100cm,1.2
4315131,cec_cmol_kg,0-5cm,19.8
4315131,cec_cmol_kg,5-15cm,17.9
4315131,cec_cmol_kg,15-30cm,17.0
4315131,cec_cmol_kg,30-60cm,18.0
4315131,cec_cmol_kg,60-100cm,16.3
4315149,clay_pct,0-5cm,30.7
4315149,clay_pct,5-15cm,30.4
4315149,clay_pct,15-30cm,35.7
4315149,clay_pct,30-60cm,49.9
4315149,clay_pct,60-100cm,53.3
4315149,sand_pct,0-5cm,33.0
4315149,sand_pct,5-15cm,34.0
4315149,sand_pct,15-30cm,30.8
4315149,sand_pct,30-60cm,21.4
4315149,sand_pct,60-100cm,19.7
4315149,silt_pct,0-5cm,36.3
4315149,silt_pct,5-15cm,35.6
4315149,silt_pct,15-30cm,33.5
4315149,silt_pct,30-60cm,28.7
4315149,silt_pct,60-100cm,27.0
4315149,soc_pct,0-5cm,6.76
4315149,soc_pct,5-15cm,1.92
4315149,soc_pct,15-30cm,1.65
4315149,soc_pct,30-60cm,1.16
4315149,soc_pct,60-100cm,0.76
4315149,ph_h2o,0-5cm,5.2
4315149,ph_h2o,5-15cm,5.2
4315149,ph_h2o,15-30cm,5.2
4315149,ph_h2o,30-60cm,5.2
4315149,ph_h2o,60-100cm,5.2
4315149,bd_kg_dm3,0-5cm,1.05
4315149,bd_kg_dm3,5-15cm,1.07
4315149,bd_kg_dm3,15-30cm,1.15
4315149,bd_kg_dm3,30-60cm,1.21
4315149,bd_kg_dm3,60-100cm,1.27
4315149,cec_cmol_kg,0-5cm,19.7
4315149,cec_cmol_kg,5-15cm,17.8
4315149,cec_cmol_kg,15-30cm,17.8
4315149,cec_cmol_kg,30-60cm,18.2
4315149,cec_cmol_kg,60-100cm,17.5
4315172,clay_pct,0-5cm,50.3
4315172,clay_pct,5-15cm,49.1
4315172,clay_pct,15-30cm,50.1
4315172,clay_pct,30-60cm,55.9
4315172,clay_pct,60-100cm,57.4
4315172,sand_pct,0-5cm,16.3
4315172,sand_pct,5-15cm,16.8
4315172,sand_pct,15-30cm,16.8
4315172,sand_pct,30-60cm,14.8
4315172,sand_pct,60-100cm,14.2
4315172,silt_pct,0-5cm,33.4
4315172,silt_pct,5-15cm,34.1
4315172,silt_pct,15-30cm,33.1
4315172,silt_pct,30-60cm,29.3
4315172,silt_pct,60-100cm,28.4
4315172,soc_pct,0-5cm,8.11
4315172,soc_pct,5-15cm,2.97
4315172,soc_pct,15-30cm,2.33
4315172,soc_pct,30-60cm,1.71
4315172,soc_pct,60-100cm,1.0
4315172,ph_h2o,0-5cm,5.2
4315172,ph_h2o,5-15cm,5.2
4315172,ph_h2o,15-30cm,5.1
4315172,ph_h2o,30-60cm,5.2
4315172,ph_h2o,60-100cm,5.2
4315172,bd_kg_dm3,0-5cm,0.94
4315172,bd_kg_dm3,5-15cm,0.96
4315172,bd_kg_dm3,15-30cm,1.02
4315172,bd_kg_dm3,30-60cm,1.13
4315172,bd_kg_dm3,60-100cm,1.18
4315172,cec_cmol_kg,0-5cm,24.1
4315172,cec_cmol_kg,5-15cm,23.0
4315172,cec_cmol_kg,15-30cm,21.8
4315172,cec_cmol_kg,30-60cm,21.4
4315172,cec_cmol_kg,60-100cm,20.7
4315156,clay_pct,0-5cm,35.4
4315156,clay_pct,5-15cm,36.8
4315156,clay_pct,15-30cm,42.0
4315156,clay_pct,30-60cm,48.0
4315156,clay_pct,60-100cm,47.2
4315156,sand_pct,0-5cm,25.4
4315156,sand_pct,5-15cm,24.4
4315156,sand_pct,15-30cm,21.5
4315156,sand_pct,30-60cm,18.5
4315156,sand_pct,60-100cm,17.3
4315156,silt_pct,0-5cm,39.2
4315156,silt_pct,5-15cm,38.8
4315156,silt_pct,15-30cm,36.5
4315156,silt_pct,30-60cm,33.5
4315156,silt_pct,60-100cm,35.5
4315156,soc_pct,0-5cm,6.1
4315156,soc_pct,5-15cm,2.91
4315156,soc_pct,15-30cm,2.34
4315156,soc_pct,30-60cm,1.34
4315156,soc_pct,60-100cm,0.82
4315156,ph_h2o,0-5cm,5.3
4315156,ph_h2o,5-15cm,5.3
4315156,ph_h2o,15-30cm,5.3
4315156,ph_h2o,30-60cm,5.2
4315156,ph_h2o,60-100cm,5.1
4315156,bd_kg_dm3,0-5cm,1.08
4315156,bd_kg_dm3,5-15cm,1.1
4315156,bd_kg_dm3,15-30cm,1.14
4315156,bd_kg_dm3,30-60cm,1.21
4315156,bd_kg_dm3,60-100cm,1.24
4315156,cec_cmol_kg,0-5cm,25.4
4315156,cec_cmol_kg,5-15cm,22.2
4315156,cec_cmol_kg,15-30cm,22.3
4315156,cec_cmol_kg,30-60cm,22.9
4315156,cec_cmol_kg,60-100cm,21.8
4315305,clay_pct,0-5cm,33.6
4315305,clay_pct,5-15cm,34.5
4315305,clay_pct,15-30cm,35.0
4315305,clay_pct,30-60cm,36.7
4315305,clay_pct,60-100cm,39.3
4315305,sand_pct,0-5cm,33.7
4315305,sand_pct,5-15cm,33.4
4315305,sand_pct,15-30cm,33.0
4315305,sand_pct,30-60cm,33.0
4315305,sand_pct,60-100cm,31.3
4315305,silt_pct,0-5cm,32.7
4315305,silt_pct,5-15cm,32.1
4315305,silt_pct,15-30cm,32.0
4315305,silt_pct,30-60cm,30.3
4315305,silt_pct,60-100cm,29.5
4315305,soc_pct,0-5cm,4.37
4315305,soc_pct,5-15cm,2.11
4315305,soc_pct,15-30cm,1.42
4315305,soc_pct,30-60cm,0.78
4315305,soc_pct,60-100cm,0.51
4315305,ph_h2o,0-5cm,5.4
4315305,ph_h2o,5-15cm,5.4
4315305,ph_h2o,15-30cm,5.4
4315305,ph_h2o,30-60cm,5.4
4315305,ph_h2o,60-100cm,5.6
4315305,bd_kg_dm3,0-5cm,1.28
4315305,bd_kg_dm3,5-15cm,1.37
4315305,bd_kg_dm3,15-30cm,1.45
4315305,bd_kg_dm3,30-60cm,1.55
4315305,bd_kg_dm3,60-100cm,1.57
4315305,cec_cmol_kg,0-5cm,19.9
4315305,cec_cmol_kg,5-15cm,14.7
4315305,cec_cmol_kg,15-30cm,14.1
4315305,cec_cmol_kg,30-60cm,14.7
4315305,cec_cmol_kg,60-100cm,15.1
4315206,clay_pct,0-5cm,40.8
4315206,clay_pct,5-15cm,41.5
4315206,clay_pct,15-30cm,45.8
4315206,clay_pct,30-60cm,51.0
4315206,clay_pct,60-100cm,53.0
4315206,sand_pct,0-5cm,23.9
4315206,sand_pct,5-15cm,23.4
4315206,sand_pct,15-30cm,20.4
4315206,sand_pct,30-60cm,18.1
4315206,sand_pct,60-100cm,17.1
4315206,silt_pct,0-5cm,35.3
4315206,silt_pct,5-15cm,35.1
4315206,silt_pct,15-30cm,33.7
4315206,silt_pct,30-60cm,30.9
4315206,silt_pct,60-100cm,29.9
4315206,soc_pct,0-5cm,6.59
4315206,soc_pct,5-15cm,2.45
4315206,soc_pct,15-30cm,2.64
4315206,soc_pct,30-60cm,1.57
4315206,soc_pct,60-100cm,1.11
4315206,ph_h2o,0-5cm,5.1
4315206,ph_h2o,5-15cm,5.1
4315206,ph_h2o,15-30cm,5.1
4315206,ph_h2o,30-60cm,5.1
4315206,ph_h2o,60-100cm,5.0
4315206,bd_kg_dm3,0-5cm,0.98
4315206,bd_kg_dm3,5-15cm,1.0
4315206,bd_kg_dm3,15-30cm,1.06
4315206,bd_kg_dm3,30-60cm,1.13
4315206,bd_kg_dm3,60-100cm,1.2
4315206,cec_cmol_kg,0-5cm,19.9
4315206,cec_cmol_kg,5-15cm,15.7
4315206,cec_cmol_kg,15-30cm,15.9
4315206,cec_cmol_kg,30-60cm,15.6
4315206,cec_cmol_kg,60-100cm,15.2
4315313,clay_pct,0-5cm,51.8
4315313,clay_pct,5-15cm,51.1
4315313,clay_pct,15-30cm,55.7
4315313,clay_pct,30-60cm,61.4
4315313,clay_pct,60-100cm,63.8
4315313,sand_pct,0-5cm,19.6
4315313,sand_pct,5-15cm,19.8
4315313,sand_pct,15-30cm,17.8
4315313,sand_pct,30-60cm,15.3
4315313,sand_pct,60-100cm,14.6
4315313,silt_pct,0-5cm,28.6
4315313,silt_pct,5-15cm,29.1
4315313,silt_pct,15-30cm,26.5
4315313,silt_pct,30-60cm,23.3
4315313,silt_pct,60-100cm,21.5
4315313,soc_pct,0-5cm,5.63
4315313,soc_pct,5-15cm,2.89
4315313,soc_pct,15-30cm,1.9
4315313,soc_pct,30-60cm,1.17
4315313,soc_pct,60-100cm,0.77
4315313,ph_h2o,0-5cm,5.1
4315313,ph_h2o,5-15cm,5.1
4315313,ph_h2o,15-30cm,5.0
4315313,ph_h2o,30-60cm,5.0
4315313,ph_h2o,60-100cm,5.1
4315313,bd_kg_dm3,0-5cm,0.98
4315313,bd_kg_dm3,5-15cm,1.01
4315313,bd_kg_dm3,15-30cm,1.08
4315313,bd_kg_dm3,30-60cm,1.13
4315313,bd_kg_dm3,60-100cm,1.17
4315313,cec_cmol_kg,0-5cm,25.5
4315313,cec_cmol_kg,5-15cm,23.0
4315313,cec_cmol_kg,15-30cm,22.1
4315313,cec_cmol_kg,30-60cm,21.4
4315313,cec_cmol_kg,60-100cm,19.2
4315321,clay_pct,0-5cm,34.3
4315321,clay_pct,5-15cm,36.2
4315321,clay_pct,15-30cm,38.4
4315321,clay_pct,30-60cm,36.7
4315321,clay_pct,60-100cm,38.6
4315321,sand_pct,0-5cm,26.1
4315321,sand_pct,5-15cm,25.0
4315321,sand_pct,15-30cm,24.3
4315321,sand_pct,30-60cm,26.8
4315321,sand_pct,60-100cm,26.7
4315321,silt_pct,0-5cm,39.6
4315321,silt_pct,5-15cm,38.8
4315321,silt_pct,15-30cm,37.3
4315321,silt_pct,30-60cm,36.5
4315321,silt_pct,60-100cm,34.7
4315321,soc_pct,0-5cm,5.35
4315321,soc_pct,5-15cm,2.72
4315321,soc_pct,15-30cm,1.75
4315321,soc_pct,30-60cm,1.08
4315321,soc_pct,60-100cm,1.2
4315321,ph_h2o,0-5cm,5.1
4315321,ph_h2o,5-15cm,5.1
4315321,ph_h2o,15-30cm,5.1
4315321,ph_h2o,30-60cm,5.1
4315321,ph_h2o,60-100cm,5.1
4315321,bd_kg_dm3,0-5cm,1.14
4315321,bd_kg_dm3,5-15cm,1.2
4315321,bd_kg_dm3,15-30cm,1.26
4315321,bd_kg_dm3,30-60cm,1.32
4315321,bd_kg_dm3,60-100cm,1.32
4315321,cec_cmol_kg,0-5cm,22.0
4315321,cec_cmol_kg,5-15cm,19.5
4315321,cec_cmol_kg,15-30cm,18.3
4315321,cec_cmol_kg,30-60cm,18.2
4315321,cec_cmol_kg,60-100cm,18.0
4315354,clay_pct,0-5cm,
4315354,clay_pct,5-15cm,
4315354,clay_pct,15-30cm,
4315354,clay_pct,30-60cm,
4315354,clay_pct,60-100cm,
4315354,sand_pct,0-5cm,
4315354,sand_pct,5-15cm,
4315354,sand_pct,15-30cm,
4315354,sand_pct,30-60cm,
4315354,sand_pct,60-100cm,
4315354,silt_pct,0-5cm,
4315354,silt_pct,5-15cm,
4315354,silt_pct,15-30cm,
4315354,silt_pct,30-60cm,
4315354,silt_pct,60-100cm,
4315354,soc_pct,0-5cm,
4315354,soc_pct,5-15cm,
4315354,soc_pct,15-30cm,
4315354,soc_pct,30-60cm,
4315354,soc_pct,60-100cm,
4315354,ph_h2o,0-5cm,
4315354,ph_h2o,5-15cm,
4315354,ph_h2o,15-30cm,
4315354,ph_h2o,30-60cm,
4315354,ph_h2o,60-100cm,
4315354,bd_kg_dm3,0-5cm,
4315354,bd_kg_dm3,5-15cm,
4315354,bd_kg_dm3,15-30cm,
4315354,bd_kg_dm3,30-60cm,
4315354,bd_kg_dm3,60-100cm,
4315354,cec_cmol_kg,0-5cm,
4315354,cec_cmol_kg,5-15cm,
4315354,cec_cmol_kg,15-30cm,
4315354,cec_cmol_kg,30-60cm,
4315354,cec_cmol_kg,60-100cm,
4315404,clay_pct,0-5cm,45.1
4315404,clay_pct,5-15cm,46.4
4315404,clay_pct,15-30cm,48.7
4315404,clay_pct,30-60cm,53.7
4315404,clay_pct,60-100cm,54.0
4315404,sand_pct,0-5cm,20.3
4315404,sand_pct,5-15cm,19.5
4315404,sand_pct,15-30cm,19.0
4315404,sand_pct,30-60cm,17.5
4315404,sand_pct,60-100cm,17.2
4315404,silt_pct,0-5cm,34.7
4315404,silt_pct,5-15cm,34.1
4315404,silt_pct,15-30cm,32.3
4315404,silt_pct,30-60cm,28.8
4315404,silt_pct,60-100cm,28.8
4315404,soc_pct,0-5cm,8.16
4315404,soc_pct,5-15cm,3.01
4315404,soc_pct,15-30cm,1.98
4315404,soc_pct,30-60cm,1.26
4315404,soc_pct,60-100cm,1.07
4315404,ph_h2o,0-5cm,5.1
4315404,ph_h2o,5-15cm,5.0
4315404,ph_h2o,15-30cm,5.1
4315404,ph_h2o,30-60cm,5.2
4315404,ph_h2o,60-100cm,5.2
4315404,bd_kg_dm3,0-5cm,0.99
4315404,bd_kg_dm3,5-15cm,1.04
4315404,bd_kg_dm3,15-30cm,1.08
4315404,bd_kg_dm3,30-60cm,1.14
4315404,bd_kg_dm3,60-100cm,1.19
4315404,cec_cmol_kg,0-5cm,26.7
4315404,cec_cmol_kg,5-15cm,21.0
4315404,cec_cmol_kg,15-30cm,20.6
4315404,cec_cmol_kg,30-60cm,20.5
4315404,cec_cmol_kg,60-100cm,20.2
4315453,clay_pct,0-5cm,35.5
4315453,clay_pct,5-15cm,35.2
4315453,clay_pct,15-30cm,38.2
4315453,clay_pct,30-60cm,47.3
4315453,clay_pct,60-100cm,48.3
4315453,sand_pct,0-5cm,25.4
4315453,sand_pct,5-15cm,25.6
4315453,sand_pct,15-30cm,22.2
4315453,sand_pct,30-60cm,18.0
4315453,sand_pct,60-100cm,16.8
4315453,silt_pct,0-5cm,39.2
4315453,silt_pct,5-15cm,39.3
4315453,silt_pct,15-30cm,39.6
4315453,silt_pct,30-60cm,34.7
4315453,silt_pct,60-100cm,34.9
4315453,soc_pct,0-5cm,5.9
4315453,soc_pct,5-15cm,1.91
4315453,soc_pct,15-30cm,2.27
4315453,soc_pct,30-60cm,1.05
4315453,soc_pct,60-100cm,0.77
4315453,ph_h2o,0-5cm,5.2
4315453,ph_h2o,5-15cm,5.2
4315453,ph_h2o,15-30cm,5.2
4315453,ph_h2o,30-60cm,5.1
4315453,ph_h2o,60-100cm,5.1
4315453,bd_kg_dm3,0-5cm,1.04
4315453,bd_kg_dm3,5-15cm,1.07
4315453,bd_kg_dm3,15-30cm,1.12
4315453,bd_kg_dm3,30-60cm,1.19
4315453,bd_kg_dm3,60-100cm,1.22
4315453,cec_cmol_kg,0-5cm,21.0
4315453,cec_cmol_kg,5-15cm,16.5
4315453,cec_cmol_kg,15-30cm,16.4
4315453,cec_cmol_kg,30-60cm,17.7
4315453,cec_cmol_kg,60-100cm,16.3
4315552,clay_pct,0-5cm,45.1
4315552,clay_pct,5-15cm,45.4
4315552,clay_pct,15-30cm,50.2
4315552,clay_pct,30-60cm,52.6
4315552,clay_pct,60-100cm,53.5
4315552,sand_pct,0-5cm,21.2
4315552,sand_pct,5-15cm,20.7
4315552,sand_pct,15-30cm,19.1
4315552,sand_pct,30-60cm,17.9
4315552,sand_pct,60-100cm,16.8
4315552,silt_pct,0-5cm,33.7
4315552,silt_pct,5-15cm,33.9
4315552,silt_pct,15-30cm,30.7
4315552,silt_pct,30-60cm,29.4
4315552,silt_pct,60-100cm,29.7
4315552,soc_pct,0-5cm,5.86
4315552,soc_pct,5-15cm,3.36
4315552,soc_pct,15-30cm,2.38
4315552,soc_pct,30-60cm,1.78
4315552,soc_pct,60-100cm,1.58
4315552,ph_h2o,0-5cm,5.0
4315552,ph_h2o,5-15cm,5.0
4315552,ph_h2o,15-30cm,5.0
4315552,ph_h2o,30-60cm,5.0
4315552,ph_h2o,60-100cm,5.0
4315552,bd_kg_dm3,0-5cm,1.05
4315552,bd_kg_dm3,5-15cm,1.08
4315552,bd_kg_dm3,15-30cm,1.11
4315552,bd_kg_dm3,30-60cm,1.15
4315552,bd_kg_dm3,60-100cm,1.18
4315552,cec_cmol_kg,0-5cm,21.4
4315552,cec_cmol_kg,5-15cm,15.7
4315552,cec_cmol_kg,15-30cm,15.6
4315552,cec_cmol_kg,30-60cm,15.3
4315552,cec_cmol_kg,60-100cm,14.8
4315503,clay_pct,0-5cm,29.6
4315503,clay_pct,5-15cm,30.4
4315503,clay_pct,15-30cm,30.9
4315503,clay_pct,30-60cm,39.6
4315503,clay_pct,60-100cm,42.1
4315503,sand_pct,0-5cm,39.2
4315503,sand_pct,5-15cm,40.7
4315503,sand_pct,15-30cm,38.8
4315503,sand_pct,30-60cm,32.1
4315503,sand_pct,60-100cm,30.9
4315503,silt_pct,0-5cm,31.2
4315503,silt_pct,5-15cm,28.9
4315503,silt_pct,15-30cm,30.3
4315503,silt_pct,30-60cm,28.3
4315503,silt_pct,60-100cm,27.0
4315503,soc_pct,0-5cm,6.15
4315503,soc_pct,5-15cm,1.97
4315503,soc_pct,15-30cm,1.56
4315503,soc_pct,30-60cm,1.02
4315503,soc_pct,60-100cm,0.65
4315503,ph_h2o,0-5cm,5.2
4315503,ph_h2o,5-15cm,5.3
4315503,ph_h2o,15-30cm,5.3
4315503,ph_h2o,30-60cm,5.3
4315503,ph_h2o,60-100cm,5.4
4315503,bd_kg_dm3,0-5cm,1.11
4315503,bd_kg_dm3,5-15cm,1.17
4315503,bd_kg_dm3,15-30cm,1.23
4315503,bd_kg_dm3,30-60cm,1.27
4315503,bd_kg_dm3,60-100cm,1.31
4315503,cec_cmol_kg,0-5cm,19.3
4315503,cec_cmol_kg,5-15cm,18.7
4315503,cec_cmol_kg,15-30cm,19.2
4315503,cec_cmol_kg,30-60cm,19.8
4315503,cec_cmol_kg,60-100cm,19.5
4315602,clay_pct,0-5cm,25.9
4315602,clay_pct,5-15cm,27.1
4315602,clay_pct,15-30cm,31.0
4315602,clay_pct,30-60cm,41.3
4315602,clay_pct,60-100cm,40.8
4315602,sand_pct,0-5cm,44.5
4315602,sand_pct,5-15cm,43.3
4315602,sand_pct,15-30cm,41.7
4315602,sand_pct,30-60cm,33.5
4315602,sand_pct,60-100cm,33.4
4315602,silt_pct,0-5cm,29.6
4315602,silt_pct,5-15cm,29.6
4315602,silt_pct,15-30cm,27.3
4315602,silt_pct,30-60cm,25.2
4315602,silt_pct,60-100cm,25.8
4315602,soc_pct,0-5cm,5.85
4315602,soc_pct,5-15cm,3.75
4315602,soc_pct,15-30cm,2.39
4315602,soc_pct,30-60cm,1.4
4315602,soc_pct,60-100cm,0.89
4315602,ph_h2o,0-5cm,5.4
4315602,ph_h2o,5-15cm,5.5
4315602,ph_h2o,15-30cm,5.4
4315602,ph_h2o,30-60cm,5.6
4315602,ph_h2o,60-100cm,5.7
4315602,bd_kg_dm3,0-5cm,1.13
4315602,bd_kg_dm3,5-15cm,1.2
4315602,bd_kg_dm3,15-30cm,1.27
4315602,bd_kg_dm3,30-60cm,1.32
4315602,bd_kg_dm3,60-100cm,1.38
4315602,cec_cmol_kg,0-5cm,26.5
4315602,cec_cmol_kg,5-15cm,19.2
4315602,cec_cmol_kg,15-30cm,20.2
4315602,cec_cmol_kg,30-60cm,22.4
4315602,cec_cmol_kg,60-100cm,21.2
4315750,clay_pct,0-5cm,45.4
4315750,clay_pct,5-15cm,44.8
4315750,clay_pct,15-30cm,44.7
4315750,clay_pct,30-60cm,48.3
4315750,clay_pct,60-100cm,46.7
4315750,sand_pct,0-5cm,19.1
4315750,sand_pct,5-15cm,19.1
4315750,sand_pct,15-30cm,19.1
4315750,sand_pct,30-60cm,17.5
4315750,sand_pct,60-100cm,17.7
4315750,silt_pct,0-5cm,35.5
4315750,silt_pct,5-15cm,36.1
4315750,silt_pct,15-30cm,36.2
4315750,silt_pct,30-60cm,34.3
4315750,silt_pct,60-100cm,35.5
4315750,soc_pct,0-5cm,9.4
4315750,soc_pct,5-15cm,5.51
4315750,soc_pct,15-30cm,7.98
4315750,soc_pct,30-60cm,7.69
4315750,soc_pct,60-100cm,6.61
4315750,ph_h2o,0-5cm,5.3
4315750,ph_h2o,5-15cm,5.3
4315750,ph_h2o,15-30cm,5.4
4315750,ph_h2o,30-60cm,5.4
4315750,ph_h2o,60-100cm,5.4
4315750,bd_kg_dm3,0-5cm,0.92
4315750,bd_kg_dm3,5-15cm,0.94
4315750,bd_kg_dm3,15-30cm,0.96
4315750,bd_kg_dm3,30-60cm,1.06
4315750,bd_kg_dm3,60-100cm,1.12
4315750,cec_cmol_kg,0-5cm,23.7
4315750,cec_cmol_kg,5-15cm,20.9
4315750,cec_cmol_kg,15-30cm,19.5
4315750,cec_cmol_kg,30-60cm,19.1
4315750,cec_cmol_kg,60-100cm,18.8
4315800,clay_pct,0-5cm,34.1
4315800,clay_pct,5-15cm,34.2
4315800,clay_pct,15-30cm,37.4
4315800,clay_pct,30-60cm,45.3
4315800,clay_pct,60-100cm,47.6
4315800,sand_pct,0-5cm,28.6
4315800,sand_pct,5-15cm,29.1
4315800,sand_pct,15-30cm,26.0
4315800,sand_pct,30-60cm,21.4
4315800,sand_pct,60-100cm,19.9
4315800,silt_pct,0-5cm,37.3
4315800,silt_pct,5-15cm,36.6
4315800,silt_pct,15-30cm,36.6
4315800,silt_pct,30-60cm,33.3
4315800,silt_pct,60-100cm,32.5
4315800,soc_pct,0-5cm,6.76
4315800,soc_pct,5-15cm,2.48
4315800,soc_pct,15-30cm,2.28
4315800,soc_pct,30-60cm,1.09
4315800,soc_pct,60-100cm,0.75
4315800,ph_h2o,0-5cm,5.3
4315800,ph_h2o,5-15cm,5.3
4315800,ph_h2o,15-30cm,5.3
4315800,ph_h2o,30-60cm,5.3
4315800,ph_h2o,60-100cm,5.3
4315800,bd_kg_dm3,0-5cm,1.05
4315800,bd_kg_dm3,5-15cm,1.08
4315800,bd_kg_dm3,15-30cm,1.13
4315800,bd_kg_dm3,30-60cm,1.2
4315800,bd_kg_dm3,60-100cm,1.24
4315800,cec_cmol_kg,0-5cm,18.9
4315800,cec_cmol_kg,5-15cm,15.5
4315800,cec_cmol_kg,15-30cm,15.9
4315800,cec_cmol_kg,30-60cm,17.6
4315800,cec_cmol_kg,60-100cm,16.9
4315909,clay_pct,0-5cm,45.5
4315909,clay_pct,5-15cm,47.0
4315909,clay_pct,15-30cm,47.5
4315909,clay_pct,30-60cm,49.5
4315909,clay_pct,60-100cm,50.3
4315909,sand_pct,0-5cm,21.2
4315909,sand_pct,5-15cm,21.0
4315909,sand_pct,15-30cm,20.7
4315909,sand_pct,30-60cm,20.0
4315909,sand_pct,60-100cm,19.3
4315909,silt_pct,0-5cm,33.3
4315909,silt_pct,5-15cm,32.0
4315909,silt_pct,15-30cm,31.8
4315909,silt_pct,30-60cm,30.4
4315909,silt_pct,60-100cm,30.3
4315909,soc_pct,0-5cm,5.91
4315909,soc_pct,5-15cm,2.78
4315909,soc_pct,15-30cm,1.91
4315909,soc_pct,30-60cm,1.09
4315909,soc_pct,60-100cm,0.94
4315909,ph_h2o,0-5cm,5.1
4315909,ph_h2o,5-15cm,5.1
4315909,ph_h2o,15-30cm,5.1
4315909,ph_h2o,30-60cm,5.1
4315909,ph_h2o,60-100cm,5.2
4315909,bd_kg_dm3,0-5cm,1.08
4315909,bd_kg_dm3,5-15cm,1.13
4315909,bd_kg_dm3,15-30cm,1.17
4315909,bd_kg_dm3,30-60cm,1.21
4315909,bd_kg_dm3,60-100cm,1.23
4315909,cec_cmol_kg,0-5cm,20.4
4315909,cec_cmol_kg,5-15cm,15.2
4315909,cec_cmol_kg,15-30cm,14.5
4315909,cec_cmol_kg,30-60cm,14.8
4315909,cec_cmol_kg,60-100cm,14.1
4315958,clay_pct,0-5cm,48.3
4315958,clay_pct,5-15cm,48.8
4315958,clay_pct,15-30cm,50.5
4315958,clay_pct,30-60cm,55.1
4315958,clay_pct,60-100cm,56.0
4315958,sand_pct,0-5cm,19.4
4315958,sand_pct,5-15cm,19.9
4315958,sand_pct,15-30cm,19.6
4315958,sand_pct,30-60cm,17.7
4315958,sand_pct,60-100cm,17.8
4315958,silt_pct,0-5cm,32.3
4315958,silt_pct,5-15cm,31.4
4315958,silt_pct,15-30cm,29.9
4315958,silt_pct,30-60cm,27.1
4315958,silt_pct,60-100cm,26.2
4315958,soc_pct,0-5cm,4.94
4315958,soc_pct,5-15cm,2.23
4315958,soc_pct,15-30cm,1.64
4315958,soc_pct,30-60cm,1.14
4315958,soc_pct,60-100cm,0.94
4315958,ph_h2o,0-5cm,5.2
4315958,ph_h2o,5-15cm,5.2
4315958,ph_h2o,15-30cm,5.2
4315958,ph_h2o,30-60cm,5.2
4315958,ph_h2o,60-100cm,5.2
4315958,bd_kg_dm3,0-5cm,1.19
4315958,bd_kg_dm3,5-15cm,1.24
4315958,bd_kg_dm3,15-30cm,1.28
4315958,bd_kg_dm3,30-60cm,1.32
4315958,bd_kg_dm3,60-100cm,1.34
4315958,cec_cmol_kg,0-5cm,20.7
4315958,cec_cmol_kg,5-15cm,18.6
4315958,cec_cmol_kg,15-30cm,17.0
4315958,cec_cmol_kg,30-60cm,18.3
4315958,cec_cmol_kg,60-100cm,16.7
4316006,clay_pct,0-5cm,35.6
4316006,clay_pct,5-15cm,35.5
4316006,clay_pct,15-30cm,38.7
4316006,clay_pct,30-60cm,43.3
4316006,clay_pct,60-100cm,45.3
4316006,sand_pct,0-5cm,32.1
4316006,sand_pct,5-15cm,33.8
4316006,sand_pct,15-30cm,31.9
4316006,sand_pct,30-60cm,28.4
4316006,sand_pct,60-100cm,27.1
4316006,silt_pct,0-5cm,32.3
4316006,silt_pct,5-15cm,30.6
4316006,silt_pct,15-30cm,29.4
4316006,silt_pct,30-60cm,28.3
4316006,silt_pct,60-100cm,27.6
4316006,soc_pct,0-5cm,6.55
4316006,soc_pct,5-15cm,2.76
4316006,soc_pct,15-30cm,2.2
4316006,soc_pct,30-60cm,1.19
4316006,soc_pct,60-100cm,0.84
4316006,ph_h2o,0-5cm,5.4
4316006,ph_h2o,5-15cm,5.4
4316006,ph_h2o,15-30cm,5.4
4316006,ph_h2o,30-60cm,5.3
4316006,ph_h2o,60-100cm,5.4
4316006,bd_kg_dm3,0-5cm,0.98
4316006,bd_kg_dm3,5-15cm,1.02
4316006,bd_kg_dm3,15-30cm,1.08
4316006,bd_kg_dm3,30-60cm,1.15
4316006,bd_kg_dm3,60-100cm,1.2
4316006,cec_cmol_kg,0-5cm,19.9
4316006,cec_cmol_kg,5-15cm,16.1
4316006,cec_cmol_kg,15-30cm,16.3
4316006,cec_cmol_kg,30-60cm,16.4
4316006,cec_cmol_kg,60-100cm,15.6
4316105,clay_pct,0-5cm,49.1
4316105,clay_pct,5-15cm,49.3
4316105,clay_pct,15-30cm,50.1
4316105,clay_pct,30-60cm,56.2
4316105,clay_pct,60-100cm,57.6
4316105,sand_pct,0-5cm,24.3
4316105,sand_pct,5-15cm,24.9
4316105,sand_pct,15-30cm,24.6
4316105,sand_pct,30-60cm,21.6
4316105,sand_pct,60-100cm,21.2
4316105,silt_pct,0-5cm,26.7
4316105,silt_pct,5-15cm,25.7
4316105,silt_pct,15-30cm,25.3
4316105,silt_pct,30-60cm,22.2
4316105,silt_pct,60-100cm,21.2
4316105,soc_pct,0-5cm,5.22
4316105,soc_pct,5-15cm,2.68
4316105,soc_pct,15-30cm,2.19
4316105,soc_pct,30-60cm,1.34
4316105,soc_pct,60-100cm,0.99
4316105,ph_h2o,0-5cm,5.2
4316105,ph_h2o,5-15cm,5.2
4316105,ph_h2o,15-30cm,5.2
4316105,ph_h2o,30-60cm,5.2
4316105,ph_h2o,60-100cm,5.2
4316105,bd_kg_dm3,0-5cm,1.04
4316105,bd_kg_dm3,5-15cm,1.09
4316105,bd_kg_dm3,15-30cm,1.16
4316105,bd_kg_dm3,30-60cm,1.19
4316105,bd_kg_dm3,60-100cm,1.21
4316105,cec_cmol_kg,0-5cm,23.8
4316105,cec_cmol_kg,5-15cm,19.7
4316105,cec_cmol_kg,15-30cm,19.7
4316105,cec_cmol_kg,30-60cm,20.0
4316105,cec_cmol_kg,60-100cm,18.7
4316204,clay_pct,0-5cm,50.3
4316204,clay_pct,5-15cm,51.8
4316204,clay_pct,15-30cm,52.9
4316204,clay_pct,30-60cm,57.6
4316204,clay_pct,60-100cm,58.0
4316204,sand_pct,0-5cm,18.4
4316204,sand_pct,5-15cm,17.7
4316204,sand_pct,15-30cm,17.6
4316204,sand_pct,30-60cm,16.0
4316204,sand_pct,60-100cm,15.4
4316204,silt_pct,0-5cm,31.3
4316204,silt_pct,5-15cm,30.5
4316204,silt_pct,15-30cm,29.5
4316204,silt_pct,30-60cm,26.4
4316204,silt_pct,60-100cm,26.6
4316204,soc_pct,0-5cm,5.32
4316204,soc_pct,5-15cm,2.63
4316204,soc_pct,15-30cm,2.02
4316204,soc_pct,30-60cm,1.34
4316204,soc_pct,60-100cm,0.87
4316204,ph_h2o,0-5cm,5.2
4316204,ph_h2o,5-15cm,5.1
4316204,ph_h2o,15-30cm,5.1
4316204,ph_h2o,30-60cm,5.1
4316204,ph_h2o,60-100cm,5.2
4316204,bd_kg_dm3,0-5cm,0.98
4316204,bd_kg_dm3,5-15cm,1.01
4316204,bd_kg_dm3,15-30cm,1.07
4316204,bd_kg_dm3,30-60cm,1.12
4316204,bd_kg_dm3,60-100cm,1.15
4316204,cec_cmol_kg,0-5cm,20.9
4316204,cec_cmol_kg,5-15cm,16.8
4316204,cec_cmol_kg,15-30cm,16.2
4316204,cec_cmol_kg,30-60cm,16.4
4316204,cec_cmol_kg,60-100cm,15.6
4304507,clay_pct,0-5cm,22.0
4304507,clay_pct,5-15cm,21.8
4304507,clay_pct,15-30cm,27.1
4304507,clay_pct,30-60cm,46.5
4304507,clay_pct,60-100cm,46.9
4304507,sand_pct,0-5cm,54.4
4304507,sand_pct,5-15cm,55.4
4304507,sand_pct,15-30cm,49.7
4304507,sand_pct,30-60cm,31.1
4304507,sand_pct,60-100cm,30.6
4304507,silt_pct,0-5cm,23.6
4304507,silt_pct,5-15cm,22.8
4304507,silt_pct,15-30cm,23.1
4304507,silt_pct,30-60cm,22.4
4304507,silt_pct,60-100cm,22.5
4304507,soc_pct,0-5cm,6.09
4304507,soc_pct,5-15cm,2.44
4304507,soc_pct,15-30cm,1.62
4304507,soc_pct,30-60cm,0.74
4304507,soc_pct,60-100cm,0.54
4316402,clay_pct,0-5cm,20.9
4316402,clay_pct,5-15cm,20.4
4316402,clay_pct,15-30cm,23.0
4316402,clay_pct,30-60cm,37.7
4316402,clay_pct,60-100cm,39.4
4316402,sand_pct,0-5cm,51.5
4316402,sand_pct,5-15cm,53.1
4316402,sand_pct,15-30cm,51.6
4316402,sand_pct,30-60cm,40.6
4316402,sand_pct,60-100cm,39.7
4316402,silt_pct,0-5cm,27.6
4316402,silt_pct,5-15cm,26.5
4316402,silt_pct,15-30cm,25.4
4316402,silt_pct,30-60cm,21.7
4316402,silt_pct,60-100cm,20.9
4316402,soc_pct,0-5cm,3.98
4316402,soc_pct,5-15cm,1.56
4316402,soc_pct,15-30cm,1.36
4316402,soc_pct,30-60cm,0.89
4316402,soc_pct,60-100cm,0.5
4316402,ph_h2o,0-5cm,5.4
4316402,ph_h2o,5-15cm,5.4
4316402,ph_h2o,15-30cm,5.4
4316402,ph_h2o,30-60cm,5.5
4316402,ph_h2o,60-100cm,5.6
4316402,bd_kg_dm3,0-5cm,1.33
4316402,bd_kg_dm3,5-15cm,1.4
4316402,bd_kg_dm3,15-30cm,1.49
4316402,bd_kg_dm3,30-60cm,1.57
4316402,bd_kg_dm3,60-100cm,1.58
4316402,cec_cmol_kg,0-5cm,20.3
4316402,cec_cmol_kg,5-15cm,17.2
4316402,cec_cmol_kg,15-30cm,16.6
4316402,cec_cmol_kg,30-60cm,17.6
4316402,cec_cmol_kg,60-100cm,17.7
4316428,clay_pct,0-5cm,46.6
4316428,clay_pct,5-15cm,47.9
4316428,clay_pct,15-30cm,47.6
4316428,clay_pct,30-60cm,53.3
4316428,clay_pct,60-100cm,54.5
4316428,sand_pct,0-5cm,20.6
4316428,sand_pct,5-15cm,20.3
4316428,sand_pct,15-30cm,20.1
4316428,sand_pct,30-60cm,18.4
4316428,sand_pct,60-100cm,17.9
4316428,silt_pct,0-5cm,32.8
4316428,silt_pct,5-15cm,31.8
4316428,silt_pct,15-30cm,32.3
4316428,silt_pct,30-60cm,28.3
4316428,silt_pct,60-100cm,27.7
4316428,soc_pct,0-5cm,6.08
4316428,soc_pct,5-15cm,3.02
4316428,soc_pct,15-30cm,2.09
4316428,soc_pct,30-60cm,2.18
4316428,soc_pct,60-100cm,2.0
4316428,ph_h2o,0-5cm,5.0
4316428,ph_h2o,5-15cm,5.1
4316428,ph_h2o,15-30cm,5.1
4316428,ph_h2o,30-60cm,5.0
4316428,ph_h2o,60-100cm,5.1
4316428,bd_kg_dm3,0-5cm,1.05
4316428,bd_kg_dm3,5-15cm,1.09
4316428,bd_kg_dm3,15-30cm,1.14
4316428,bd_kg_dm3,30-60cm,1.19
4316428,bd_kg_dm3,60-100cm,1.2
4316428,cec_cmol_kg,0-5cm,25.7
4316428,cec_cmol_kg,5-15cm,20.7
4316428,cec_cmol_kg,15-30cm,20.9
4316428,cec_cmol_kg,30-60cm,20.7
4316428,cec_cmol_kg,60-100cm,18.7
4316436,clay_pct,0-5cm,38.5
4316436,clay_pct,5-15cm,38.9
4316436,clay_pct,15-30cm,42.0
4316436,clay_pct,30-60cm,44.1
4316436,clay_pct,60-100cm,46.1
4316436,sand_pct,0-5cm,32.3
4316436,sand_pct,5-15cm,31.6
4316436,sand_pct,15-30cm,30.3
4316436,sand_pct,30-60cm,30.7
4316436,sand_pct,60-100cm,30.1
4316436,silt_pct,0-5cm,29.2
4316436,silt_pct,5-15cm,29.5
4316436,silt_pct,15-30cm,27.7
4316436,silt_pct,30-60cm,25.2
4316436,silt_pct,60-100cm,23.8
4316436,soc_pct,0-5cm,5.07
4316436,soc_pct,5-15cm,2.24
4316436,soc_pct,15-30cm,1.63
4316436,soc_pct,30-60cm,0.89
4316436,soc_pct,60-100cm,0.64
4316436,ph_h2o,0-5cm,5.2
4316436,ph_h2o,5-15cm,5.1
4316436,ph_h2o,15-30cm,5.2
4316436,ph_h2o,30-60cm,5.1
4316436,ph_h2o,60-100cm,5.2
4316436,bd_kg_dm3,0-5cm,1.09
4316436,bd_kg_dm3,5-15cm,1.15
4316436,bd_kg_dm3,15-30cm,1.2
4316436,bd_kg_dm3,30-60cm,1.27
4316436,bd_kg_dm3,60-100cm,1.29
4316436,cec_cmol_kg,0-5cm,23.3
4316436,cec_cmol_kg,5-15cm,21.3
4316436,cec_cmol_kg,15-30cm,20.9
4316436,cec_cmol_kg,30-60cm,20.5
4316436,cec_cmol_kg,60-100cm,20.2
4316451,clay_pct,0-5cm,42.9
4316451,clay_pct,5-15cm,41.2
4316451,clay_pct,15-30cm,43.3
4316451,clay_pct,30-60cm,50.2
4316451,clay_pct,60-100cm,53.2
4316451,sand_pct,0-5cm,25.5
4316451,sand_pct,5-15cm,27.1
4316451,sand_pct,15-30cm,25.1
4316451,sand_pct,30-60cm,21.4
4316451,sand_pct,60-100cm,20.4
4316451,silt_pct,0-5cm,31.6
4316451,silt_pct,5-15cm,31.7
4316451,silt_pct,15-30cm,31.6
4316451,silt_pct,30-60cm,28.4
4316451,silt_pct,60-100cm,26.5
4316451,soc_pct,0-5cm,4.59
4316451,soc_pct,5-15cm,2.01
4316451,soc_pct,15-30cm,1.36
4316451,soc_pct,30-60cm,0.84
4316451,soc_pct,60-100cm,0.56
4316451,ph_h2o,0-5cm,5.2
4316451,ph_h2o,5-15cm,5.2
4316451,ph_h2o,15-30cm,5.2
4316451,ph_h2o,30-60cm,5.2
4316451,ph_h2o,60-100cm,5.2
4316451,bd_kg_dm3,0-5cm,1.2
4316451,bd_kg_dm3,5-15cm,1.24
4316451,bd_kg_dm3,15-30cm,1.3
4316451,bd_kg_dm3,30-60cm,1.37
4316451,bd_kg_dm3,60-100cm,1.38
4316451,cec_cmol_kg,0-5cm,19.3
4316451,cec_cmol_kg,5-15cm,17.8
4316451,cec_cmol_kg,15-30cm,17.3
4316451,cec_cmol_kg,30-60cm,17.9
4316451,cec_cmol_kg,60-100cm,17.7
4316477,clay_pct,0-5cm,41.4
4316477,clay_pct,5-15cm,40.5
4316477,clay_pct,15-30cm,45.4
4316477,clay_pct,30-60cm,49.7
4316477,clay_pct,60-100cm,48.8
4316477,sand_pct,0-5cm,25.0
4316477,sand_pct,5-15cm,26.0
4316477,sand_pct,15-30cm,23.8
4316477,sand_pct,30-60cm,22.0
4316477,sand_pct,60-100cm,22.7
4316477,silt_pct,0-5cm,33.6
4316477,silt_pct,5-15cm,33.5
4316477,silt_pct,15-30cm,30.8
4316477,silt_pct,30-60cm,28.3
4316477,silt_pct,60-100cm,28.6
4316477,soc_pct,0-5cm,5.07
4316477,soc_pct,5-15cm,2.15
4316477,soc_pct,15-30cm,1.46
4316477,soc_pct,30-60cm,1.1
4316477,soc_pct,60-100cm,0.88
4316477,ph_h2o,0-5cm,5.2
4316477,ph_h2o,5-15cm,5.2
4316477,ph_h2o,15-30cm,5.2
4316477,ph_h2o,30-60cm,5.2
4316477,ph_h2o,60-100cm,5.2
4316477,bd_kg_dm3,0-5cm,1.09
4316477,bd_kg_dm3,5-15cm,1.13
4316477,bd_kg_dm3,15-30cm,1.2
4316477,bd_kg_dm3,30-60cm,1.27
4316477,bd_kg_dm3,60-100cm,1.29
4316477,cec_cmol_kg,0-5cm,24.0
4316477,cec_cmol_kg,5-15cm,18.6
4316477,cec_cmol_kg,15-30cm,18.2
4316477,cec_cmol_kg,30-60cm,18.7
4316477,cec_cmol_kg,60-100cm,16.7
4316501,clay_pct,0-5cm,41.9
4316501,clay_pct,5-15cm,42.1
4316501,clay_pct,15-30cm,44.8
4316501,clay_pct,30-60cm,50.3
4316501,clay_pct,60-100cm,52.8
4316501,sand_pct,0-5cm,24.9
4316501,sand_pct,5-15cm,25.2
4316501,sand_pct,15-30cm,23.0
4316501,sand_pct,30-60cm,20.3
4316501,sand_pct,60-100cm,18.4
4316501,silt_pct,0-5cm,33.2
4316501,silt_pct,5-15cm,32.7
4316501,silt_pct,15-30cm,32.2
4316501,silt_pct,30-60cm,29.4
4316501,silt_pct,60-100cm,28.8
4316501,soc_pct,0-5cm,6.25
4316501,soc_pct,5-15cm,2.33
4316501,soc_pct,15-30cm,1.61
4316501,soc_pct,30-60cm,1.04
4316501,soc_pct,60-100cm,0.69
4316501,ph_h2o,0-5cm,5.1
4316501,ph_h2o,5-15cm,5.1
4316501,ph_h2o,15-30cm,5.1
4316501,ph_h2o,30-60cm,5.1
4316501,ph_h2o,60-100cm,5.1
4316501,bd_kg_dm3,0-5cm,1.01
4316501,bd_kg_dm3,5-15cm,1.02
4316501,bd_kg_dm3,15-30cm,1.07
4316501,bd_kg_dm3,30-60cm,1.16
4316501,bd_kg_dm3,60-100cm,1.2
4316501,cec_cmol_kg,0-5cm,21.2
4316501,cec_cmol_kg,5-15cm,16.4
4316501,cec_cmol_kg,15-30cm,16.0
4316501,cec_cmol_kg,30-60cm,15.9
4316501,cec_cmol_kg,60-100cm,16.3
4316600,clay_pct,0-5cm,56.9
4316600,clay_pct,5-15cm,56.9
4316600,clay_pct,15-30cm,59.8
4316600,clay_pct,30-60cm,63.9
4316600,clay_pct,60-100cm,66.2
4316600,sand_pct,0-5cm,15.5
4316600,sand_pct,5-15cm,15.7
4316600,sand_pct,15-30cm,14.6
4316600,sand_pct,30-60cm,12.8
4316600,sand_pct,60-100cm,11.6
4316600,silt_pct,0-5cm,27.5
4316600,silt_pct,5-15cm,27.4
4316600,silt_pct,15-30cm,25.6
4316600,silt_pct,30-60cm,23.3
4316600,silt_pct,60-100cm,22.1
4316600,soc_pct,0-5cm,5.62
4316600,soc_pct,5-15cm,2.66
4316600,soc_pct,15-30cm,2.11
4316600,soc_pct,30-60cm,1.1
4316600,soc_pct,60-100cm,0.94
4316600,ph_h2o,0-5cm,5.1
4316600,ph_h2o,5-15cm,5.1
4316600,ph_h2o,15-30cm,5.1
4316600,ph_h2o,30-60cm,5.1
4316600,ph_h2o,60-100cm,5.0
4316600,bd_kg_dm3,0-5cm,0.99
4316600,bd_kg_dm3,5-15cm,1.02
4316600,bd_kg_dm3,15-30cm,1.07
4316600,bd_kg_dm3,30-60cm,1.1
4316600,bd_kg_dm3,60-100cm,1.13
4316600,cec_cmol_kg,0-5cm,23.4
4316600,cec_cmol_kg,5-15cm,19.7
4316600,cec_cmol_kg,15-30cm,18.6
4316600,cec_cmol_kg,30-60cm,18.3
4316600,cec_cmol_kg,60-100cm,16.7
4316709,clay_pct,0-5cm,39.0
4316709,clay_pct,5-15cm,39.1
4316709,clay_pct,15-30cm,41.7
4316709,clay_pct,30-60cm,45.0
4316709,clay_pct,60-100cm,48.0
4316709,sand_pct,0-5cm,34.4
4316709,sand_pct,5-15cm,34.2
4316709,sand_pct,15-30cm,32.7
4316709,sand_pct,30-60cm,32.2
4316709,sand_pct,60-100cm,31.8
4316709,silt_pct,0-5cm,26.6
4316709,silt_pct,5-15cm,26.7
4316709,silt_pct,15-30cm,25.6
4316709,silt_pct,30-60cm,22.8
4316709,silt_pct,60-100cm,20.2
4316709,soc_pct,0-5cm,4.76
4316709,soc_pct,5-15cm,2.23
4316709,soc_pct,15-30cm,1.66
4316709,soc_pct,30-60cm,1.04
4316709,soc_pct,60-100cm,0.61
4316709,ph_h2o,0-5cm,5.1
4316709,ph_h2o,5-15cm,5.1
4316709,ph_h2o,15-30cm,5.1
4316709,ph_h2o,30-60cm,5.1
4316709,ph_h2o,60-100cm,5.1
4316709,bd_kg_dm3,0-5cm,1.1
4316709,bd_kg_dm3,5-15cm,1.16
4316709,bd_kg_dm3,15-30cm,1.21
4316709,bd_kg_dm3,30-60cm,1.3
4316709,bd_kg_dm3,60-100cm,1.31
4316709,cec_cmol_kg,0-5cm,23.4
4316709,cec_cmol_kg,5-15cm,20.9
4316709,cec_cmol_kg,15-30cm,20.0
4316709,cec_cmol_kg,30-60cm,20.6
4316709,cec_cmol_kg,60-100cm,20.1
4316733,clay_pct,0-5cm,48.9
4316733,clay_pct,5-15cm,47.5
4316733,clay_pct,15-30cm,52.7
4316733,clay_pct,30-60cm,60.0
4316733,clay_pct,60-100cm,59.7
4316733,sand_pct,0-5cm,15.7
4316733,sand_pct,5-15cm,16.4
4316733,sand_pct,15-30cm,14.4
4316733,sand_pct,30-60cm,12.6
4316733,sand_pct,60-100cm,12.1
4316733,silt_pct,0-5cm,35.4
4316733,silt_pct,5-15cm,36.1
4316733,silt_pct,15-30cm,32.9
4316733,silt_pct,30-60cm,27.5
4316733,silt_pct,60-100cm,28.2
4316733,soc_pct,0-5cm,4.83
4316733,soc_pct,5-15cm,2.69
4316733,soc_pct,15-30cm,2.08
4316733,soc_pct,30-60cm,1.13
4316733,soc_pct,60-100cm,0.83
4316733,ph_h2o,0-5cm,5.1
4316733,ph_h2o,5-15cm,5.1
4316733,ph_h2o,15-30cm,5.1
4316733,ph_h2o,30-60cm,5.2
4316733,ph_h2o,60-100cm,5.2
4316733,bd_kg_dm3,0-5cm,1.01
4316733,bd_kg_dm3,5-15cm,1.04
4316733,bd_kg_dm3,15-30cm,1.09
4316733,bd_kg_dm3,30-60cm,1.1
4316733,bd_kg_dm3,60-100cm,1.13
4316733,cec_cmol_kg,0-5cm,18.8
4316733,cec_cmol_kg,5-15cm,17.0
4316733,cec_cmol_kg,15-30cm,15.6
4316733,cec_cmol_kg,30-60cm,15.0
4316733,cec_cmol_kg,60-100cm,14.8
4316758,clay_pct,0-5cm,33.0
4316758,clay_pct,5-15cm,33.3
4316758,clay_pct,15-30cm,38.4
4316758,clay_pct,30-60cm,47.2
4316758,clay_pct,60-100cm,48.7
4316758,sand_pct,0-5cm,26.4
4316758,sand_pct,5-15cm,26.5
4316758,sand_pct,15-30cm,23.6
4316758,sand_pct,30-60cm,20.4
4316758,sand_pct,60-100cm,19.4
4316758,silt_pct,0-5cm,40.5
4316758,silt_pct,5-15cm,40.3
4316758,silt_pct,15-30cm,38.0
4316758,silt_pct,30-60cm,32.5
4316758,silt_pct,60-100cm,31.9
4316758,soc_pct,0-5cm,6.68
4316758,soc_pct,5-15cm,3.61
4316758,soc_pct,15-30cm,2.26
4316758,soc_pct,30-60cm,1.16
4316758,soc_pct,60-100cm,0.73
4316758,ph_h2o,0-5cm,5.3
4316758,ph_h2o,5-15cm,5.3
4316758,ph_h2o,15-30cm,5.3
4316758,ph_h2o,30-60cm,5.3
4316758,ph_h2o,60-100cm,5.2
4316758,bd_kg_dm3,0-5cm,1.09
4316758,bd_kg_dm3,5-15cm,1.12
4316758,bd_kg_dm3,15-30cm,1.14
4316758,bd_kg_dm3,30-60cm,1.26
4316758,bd_kg_dm3,60-100cm,1.27
4316758,cec_cmol_kg,0-5cm,24.9
4316758,cec_cmol_kg,5-15cm,22.6
4316758,cec_cmol_kg,15-30cm,22.6
4316758,cec_cmol_kg,30-60cm,22.5
4316758,cec_cmol_kg,60-100cm,21.9
4316808,clay_pct,0-5cm,33.2
4316808,clay_pct,5-15cm,33.3
4316808,clay_pct,15-30cm,40.7
4316808,clay_pct,30-60cm,47.6
4316808,clay_pct,60-100cm,48.7
4316808,sand_pct,0-5cm,26.0
4316808,sand_pct,5-15cm,26.3
4316808,sand_pct,15-30cm,23.3
4316808,sand_pct,30-60cm,20.0
4316808,sand_pct,60-100cm,19.4
4316808,silt_pct,0-5cm,40.8
4316808,silt_pct,5-15cm,40.3
4316808,silt_pct,15-30cm,36.0
4316808,silt_pct,30-60cm,32.3
4316808,silt_pct,60-100cm,31.9
4316808,soc_pct,0-5cm,6.18
4316808,soc_pct,5-15cm,3.33
4316808,soc_pct,15-30cm,1.84
4316808,soc_pct,30-60cm,1.43
4316808,soc_pct,60-100cm,0.88
4316808,ph_h2o,0-5cm,5.3
4316808,ph_h2o,5-15cm,5.3
4316808,ph_h2o,15-30cm,5.3
4316808,ph_h2o,30-60cm,5.3
4316808,ph_h2o,60-100cm,5.2
4316808,bd_kg_dm3,0-5cm,1.1
4316808,bd_kg_dm3,5-15cm,1.13
4316808,bd_kg_dm3,15-30cm,1.16
4316808,bd_kg_dm3,30-60cm,1.26
4316808,bd_kg_dm3,60-100cm,1.27
4316808,cec_cmol_kg,0-5cm,25.0
4316808,cec_cmol_kg,5-15cm,21.6
4316808,cec_cmol_kg,15-30cm,21.4
4316808,cec_cmol_kg,30-60cm,21.9
4316808,cec_cmol_kg,60-100cm,21.4
4316907,clay_pct,0-5cm,27.6
4316907,clay_pct,5-15cm,27.1
4316907,clay_pct,15-30cm,28.3
4316907,clay_pct,30-60cm,31.3
4316907,clay_pct,60-100cm,34.6
4316907,sand_pct,0-5cm,42.0
4316907,sand_pct,5-15cm,46.9
4316907,sand_pct,15-30cm,44.6
4316907,sand_pct,30-60cm,41.2
4316907,sand_pct,60-100cm,39.6
4316907,silt_pct,0-5cm,30.4
4316907,silt_pct,5-15cm,25.9
4316907,silt_pct,15-30cm,27.1
4316907,silt_pct,30-60cm,27.5
4316907,silt_pct,60-100cm,25.8
4316907,soc_pct,0-5cm,5.21
4316907,soc_pct,5-15cm,1.65
4316907,soc_pct,15-30cm,1.68
4316907,soc_pct,30-60cm,0.92
4316907,soc_pct,60-100cm,0.83
4316907,ph_h2o,0-5cm,5.2
4316907,ph_h2o,5-15cm,5.2
4316907,ph_h2o,15-30cm,5.2
4316907,ph_h2o,30-60cm,5.3
4316907,ph_h2o,60-100cm,5.4
4316907,bd_kg_dm3,0-5cm,1.18
4316907,bd_kg_dm3,5-15cm,1.23
4316907,bd_kg_dm3,15-30cm,1.29
4316907,bd_kg_dm3,30-60cm,1.33
4316907,bd_kg_dm3,60-100cm,1.35
4316907,cec_cmol_kg,0-5cm,20.6
4316907,cec_cmol_kg,5-15cm,17.6
4316907,cec_cmol_kg,15-30cm,17.4
4316907,cec_cmol_kg,30-60cm,18.6
4316907,cec_cmol_kg,60-100cm,18.4
4316956,clay_pct,0-5cm,47.4
4316956,clay_pct,5-15cm,48.2
4316956,clay_pct,15-30cm,50.2
4316956,clay_pct,30-60cm,54.0
4316956,clay_pct,60-100cm,54.9
4316956,sand_pct,0-5cm,17.1
4316956,sand_pct,5-15cm,17.0
4316956,sand_pct,15-30cm,16.3
4316956,sand_pct,30-60cm,14.6
4316956,sand_pct,60-100cm,14.1
4316956,silt_pct,0-5cm,35.5
4316956,silt_pct,5-15cm,34.8
4316956,silt_pct,15-30cm,33.5
4316956,silt_pct,30-60cm,31.5
4316956,silt_pct,60-100cm,31.0
4316956,soc_pct,0-5cm,7.67
4316956,soc_pct,5-15cm,3.21
4316956,soc_pct,15-30cm,3.18
4316956,soc_pct,30-60cm,1.86
4316956,soc_pct,60-100cm,1.63
4316956,ph_h2o,0-5cm,5.4
4316956,ph_h2o,5-15cm,5.4
4316956,ph_h2o,15-30cm,5.4
4316956,ph_h2o,30-60cm,5.4
4316956,ph_h2o,60-100cm,5.4
4316956,bd_kg_dm3,0-5cm,0.97
4316956,bd_kg_dm3,5-15cm,0.99
4316956,bd_kg_dm3,15-30cm,1.01
4316956,bd_kg_dm3,30-60cm,1.09
4316956,bd_kg_dm3,60-100cm,1.15
4316956,cec_cmol_kg,0-5cm,24.3
4316956,cec_cmol_kg,5-15cm,17.5
4316956,cec_cmol_kg,15-30cm,17.1
4316956,cec_cmol_kg,30-60cm,17.0
4316956,cec_cmol_kg,60-100cm,16.2
4305207,clay_pct,0-5cm,42.2
4305207,clay_pct,5-15cm,40.9
4305207,clay_pct,15-30cm,42.9
4305207,clay_pct,30-60cm,47.1
4305207,clay_pct,60-100cm,46.7
4305207,sand_pct,0-5cm,24.3
4305207,sand_pct,5-15cm,24.9
4305207,sand_pct,15-30cm,24.7
4305207,sand_pct,30-60cm,22.5
4305207,sand_pct,60-100cm,23.0
4305207,silt_pct,0-5cm,33.5
4305207,silt_pct,5-15cm,34.1
4305207,silt_pct,15-30cm,32.4
4305207,silt_pct,30-60cm,30.4
4305207,silt_pct,60-100cm,30.3
4305207,soc_pct,0-5cm,5.21
4305207,soc_pct,5-15cm,2.29
4305207,soc_pct,15-30cm,1.57
4305207,soc_pct,30-60cm,1.27
4305207,soc_pct,60-100cm,0.98
4305207,ph_h2o,0-5cm,5.2
4305207,ph_h2o,5-15cm,5.2
4305207,ph_h2o,15-30cm,5.2
4305207,ph_h2o,30-60cm,5.2
4305207,ph_h2o,60-100cm,5.2
4305207,bd_kg_dm3,0-5cm,1.13
4305207,bd_kg_dm3,5-15cm,1.16
4305207,bd_kg_dm3,15-30cm,1.19
4305207,bd_kg_dm3,30-60cm,1.27
4305207,bd_kg_dm3,60-100cm,1.28
4305207,cec_cmol_kg,0-5cm,21.8
4305207,cec_cmol_kg,5-15cm,15.9
4305207,cec_cmol_kg,15-30cm,15.1
4305207,cec_cmol_kg,30-60cm,15.6
4305207,cec_cmol_kg,60-100cm,14.5
4317004,clay_pct,0-5cm,20.0
4317004,clay_pct,5-15cm,19.5
4317004,clay_pct,15-30cm,22.9
4317004,clay_pct,30-60cm,38.4
4317004,clay_pct,60-100cm,39.4
4317004,sand_pct,0-5cm,49.1
4317004,sand_pct,5-15cm,51.3
4317004,sand_pct,15-30cm,49.8
4317004,sand_pct,30-60cm,37.9
4317004,sand_pct,60-100cm,36.8
4317004,silt_pct,0-5cm,30.9
4317004,silt_pct,5-15cm,29.2
4317004,silt_pct,15-30cm,27.3
4317004,silt_pct,30-60cm,23.6
4317004,silt_pct,60-100cm,23.8
4317004,soc_pct,0-5cm,6.56
4317004,soc_pct,5-15cm,2.59
4317004,soc_pct,15-30cm,1.57
4317004,soc_pct,30-60cm,1.0
4317004,soc_pct,60-100cm,0.58
4317004,ph_h2o,0-5cm,5.2
4317004,ph_h2o,5-15cm,5.2
4317004,ph_h2o,15-30cm,5.3
4317004,ph_h2o,30-60cm,5.3
4317004,ph_h2o,60-100cm,5.3
4317004,bd_kg_dm3,0-5cm,1.05
4317004,bd_kg_dm3,5-15cm,1.12
4317004,bd_kg_dm3,15-30cm,1.14
4317004,bd_kg_dm3,30-60cm,1.23
4317004,bd_kg_dm3,60-100cm,1.28
4317004,cec_cmol_kg,0-5cm,18.0
4317004,cec_cmol_kg,5-15cm,14.9
4317004,cec_cmol_kg,15-30cm,15.1
4317004,cec_cmol_kg,30-60cm,15.4
4317004,cec_cmol_kg,60-100cm,16.0
4317103,clay_pct,0-5cm,41.1
4317103,clay_pct,5-15cm,41.4
4317103,clay_pct,15-30cm,36.8
4317103,clay_pct,30-60cm,37.0
4317103,clay_pct,60-100cm,39.5
4317103,sand_pct,0-5cm,25.2
4317103,sand_pct,5-15cm,24.8
4317103,sand_pct,15-30cm,28.4
4317103,sand_pct,30-60cm,29.2
4317103,sand_pct,60-100cm,28.1
4317103,silt_pct,0-5cm,33.7
4317103,silt_pct,5-15cm,33.8
4317103,silt_pct,15-30cm,34.8
4317103,silt_pct,30-60cm,33.8
4317103,silt_pct,60-100cm,32.4
4317103,soc_pct,0-5cm,6.07
4317103,soc_pct,5-15cm,3.09
4317103,soc_pct,15-30cm,1.7
4317103,soc_pct,30-60cm,0.84
4317103,soc_pct,60-100cm,0.55
4317103,ph_h2o,0-5cm,5.2
4317103,ph_h2o,5-15cm,5.2
4317103,ph_h2o,15-30cm,5.3
4317103,ph_h2o,30-60cm,5.3
4317103,ph_h2o,60-100cm,5.3
4317103,bd_kg_dm3,0-5cm,1.24
4317103,bd_kg_dm3,5-15cm,1.31
4317103,bd_kg_dm3,15-30cm,1.35
4317103,bd_kg_dm3,30-60cm,1.44
4317103,bd_kg_dm3,60-100cm,1.5
4317103,cec_cmol_kg,0-5cm,19.4
4317103,cec_cmol_kg,5-15cm,16.3
4317103,cec_cmol_kg,15-30cm,15.6
4317103,cec_cmol_kg,30-60cm,16.8
4317103,cec_cmol_kg,60-100cm,17.2
4317202,clay_pct,0-5cm,45.0
4317202,clay_pct,5-15cm,43.6
4317202,clay_pct,15-30cm,46.8
4317202,clay_pct,30-60cm,50.3
4317202,clay_pct,60-100cm,52.2
4317202,sand_pct,0-5cm,24.3
4317202,sand_pct,5-15cm,24.9
4317202,sand_pct,15-30cm,24.1
4317202,sand_pct,30-60cm,22.9
4317202,sand_pct,60-100cm,22.2
4317202,silt_pct,0-5cm,30.7
4317202,silt_pct,5-15cm,31.6
4317202,silt_pct,15-30cm,29.1
4317202,silt_pct,30-60cm,26.8
4317202,silt_pct,60-100cm,25.6
4317202,soc_pct,0-5cm,4.37
4317202,soc_pct,5-15cm,2.08
4317202,soc_pct,15-30cm,1.69
4317202,soc_pct,30-60cm,0.94
4317202,soc_pct,60-100cm,0.65
4317202,ph_h2o,0-5cm,5.1
4317202,ph_h2o,5-15cm,5.1
4317202,ph_h2o,15-30cm,5.1
4317202,ph_h2o,30-60cm,5.1
4317202,ph_h2o,60-100cm,5.1
4317202,cec_cmol_kg,0-5cm,21.7
4317202,cec_cmol_kg,5-15cm,18.2
4317202,cec_cmol_kg,15-30cm,17.6
4317202,cec_cmol_kg,30-60cm,17.0
4317202,cec_cmol_kg,60-100cm,16.2
4317251,clay_pct,0-5cm,36.0
4317251,clay_pct,5-15cm,36.1
4317251,clay_pct,15-30cm,37.7
4317251,clay_pct,30-60cm,43.4
4317251,clay_pct,60-100cm,45.5
4317251,sand_pct,0-5cm,26.6
4317251,sand_pct,5-15cm,26.5
4317251,sand_pct,15-30cm,25.0
4317251,sand_pct,30-60cm,22.2
4317251,sand_pct,60-100cm,20.7
4317251,silt_pct,0-5cm,37.4
4317251,silt_pct,5-15cm,37.3
4317251,silt_pct,15-30cm,37.3
4317251,silt_pct,30-60cm,34.5
4317251,silt_pct,60-100cm,33.8
4317251,soc_pct,0-5cm,7.88
4317251,soc_pct,5-15cm,2.93
4317251,soc_pct,15-30cm,3.75
4317251,soc_pct,30-60cm,1.95
4317251,soc_pct,60-100cm,1.37
4317251,ph_h2o,0-5cm,5.4
4317251,ph_h2o,5-15cm,5.4
4317251,ph_h2o,15-30cm,5.4
4317251,ph_h2o,30-60cm,5.3
4317251,ph_h2o,60-100cm,5.2
4317251,bd_kg_dm3,0-5cm,1.03
4317251,bd_kg_dm3,5-15cm,1.05
4317251,bd_kg_dm3,15-30cm,1.1
4317251,bd_kg_dm3,30-60cm,1.17
4317251,bd_kg_dm3,60-100cm,1.21
4317251,cec_cmol_kg,0-5cm,24.3
4317251,cec_cmol_kg,5-15cm,19.8
4317251,cec_cmol_kg,15-30cm,20.6
4317251,cec_cmol_kg,30-60cm,20.9
4317251,cec_cmol_kg,60-100cm,20.2
4317301,clay_pct,0-5cm,23.6
4317301,clay_pct,5-15cm,23.8
4317301,clay_pct,15-30cm,27.9
4317301,clay_pct,30-60cm,37.5
4317301,clay_pct,60-100cm,38.0
4317301,sand_pct,0-5cm,34.9
4317301,sand_pct,5-15cm,34.6
4317301,sand_pct,15-30cm,31.7
4317301,sand_pct,30-60cm,26.4
4317301,sand_pct,60-100cm,25.3
4317301,silt_pct,0-5cm,41.5
4317301,silt_pct,5-15cm,41.6
4317301,silt_pct,15-30cm,40.3
4317301,silt_pct,30-60cm,36.0
4317301,silt_pct,60-100cm,36.7
4317301,soc_pct,0-5cm,6.39
4317301,soc_pct,5-15cm,5.83
4317301,soc_pct,15-30cm,3.08
4317301,soc_pct,30-60cm,1.93
4317301,soc_pct,60-100cm,1.05
4317301,ph_h2o,0-5cm,6.0
4317301,ph_h2o,5-15cm,6.0
4317301,ph_h2o,15-30cm,6.1
4317301,ph_h2o,30-60cm,6.3
4317301,ph_h2o,60-100cm,6.5
4317301,bd_kg_dm3,0-5cm,1.26
4317301,bd_kg_dm3,5-15cm,1.31
4317301,bd_kg_dm3,15-30cm,1.37
4317301,bd_kg_dm3,30-60cm,1.42
4317301,bd_kg_dm3,60-100cm,1.44
4317301,cec_cmol_kg,0-5cm,30.7
4317301,cec_cmol_kg,5-15cm,17.7
4317301,cec_cmol_kg,15-30cm,17.8
4317301,cec_cmol_kg,30-60cm,20.4
4317301,cec_cmol_kg,60-100cm,19.6
4317400,clay_pct,0-5cm,38.9
4317400,clay_pct,5-15cm,37.4
4317400,clay_pct,15-30cm,39.1
4317400,clay_pct,30-60cm,38.0
4317400,clay_pct,60-100cm,37.5
4317400,sand_pct,0-5cm,26.0
4317400,sand_pct,5-15cm,27.1
4317400,sand_pct,15-30cm,26.8
4317400,sand_pct,30-60cm,28.7
4317400,sand_pct,60-100cm,29.1
4317400,silt_pct,0-5cm,35.1
4317400,silt_pct,5-15cm,35.6
4317400,silt_pct,15-30cm,34.1
4317400,silt_pct,30-60cm,33.3
4317400,silt_pct,60-100cm,33.4
4317400,soc_pct,0-5cm,4.47
4317400,soc_pct,5-15cm,1.85
4317400,soc_pct,15-30cm,1.41
4317400,soc_pct,30-60cm,0.82
4317400,soc_pct,60-100cm,0.48
4317400,ph_h2o,0-5cm,5.1
4317400,ph_h2o,5-15cm,5.1
4317400,ph_h2o,15-30cm,5.1
4317400,ph_h2o,30-60cm,5.1
4317400,ph_h2o,60-100cm,5.2
4317400,bd_kg_dm3,0-5cm,1.19
4317400,bd_kg_dm3,5-15cm,1.26
4317400,bd_kg_dm3,15-30cm,1.32
4317400,bd_kg_dm3,30-60cm,1.43
4317400,bd_kg_dm3,60-100cm,1.43
4317400,cec_cmol_kg,0-5cm,21.6
4317400,cec_cmol_kg,5-15cm,16.6
4317400,cec_cmol_kg,15-30cm,15.5
4317400,cec_cmol_kg,30-60cm,16.0
4317400,cec_cmol_kg,60-100cm,16.4
4317509,clay_pct,0-5cm,53.2
4317509,clay_pct,5-15cm,52.9
4317509,clay_pct,15-30cm,54.3
4317509,clay_pct,30-60cm,59.7
4317509,clay_pct,60-100cm,60.7
4317509,sand_pct,0-5cm,17.2
4317509,sand_pct,5-15cm,16.8
4317509,sand_pct,15-30cm,16.9
4317509,sand_pct,30-60cm,15.0
4317509,sand_pct,60-100cm,14.7
4317509,silt_pct,0-5cm,29.7
4317509,silt_pct,5-15cm,30.3
4317509,silt_pct,15-30cm,28.8
4317509,silt_pct,30-60cm,25.3
4317509,silt_pct,60-100cm,24.6
4317509,soc_pct,0-5cm,5.31
4317509,soc_pct,5-15cm,2.49
4317509,soc_pct,15-30cm,2.29
4317509,soc_pct,30-60cm,2.12
4317509,soc_pct,60-100cm,1.81
4317509,ph_h2o,0-5cm,5.2
4317509,ph_h2o,5-15cm,5.2
4317509,ph_h2o,15-30cm,5.2
4317509,ph_h2o,30-60cm,5.3
4317509,ph_h2o,60-100cm,5.3
4317509,bd_kg_dm3,0-5cm,1.14
4317509,bd_kg_dm3,5-15cm,1.18
4317509,bd_kg_dm3,15-30cm,1.25
4317509,bd_kg_dm3,30-60cm,1.3
4317509,bd_kg_dm3,60-100cm,1.32
4317509,cec_cmol_kg,0-5cm,25.1
4317509,cec_cmol_kg,5-15cm,20.3
4317509,cec_cmol_kg,15-30cm,21.8
4317509,cec_cmol_kg,30-60cm,20.5
4317509,cec_cmol_kg,60-100cm,17.2
4317558,clay_pct,0-5cm,41.8
4317558,clay_pct,5-15cm,38.9
4317558,clay_pct,15-30cm,45.1
4317558,clay_pct,30-60cm,54.3
4317558,clay_pct,60-100cm,55.6
4317558,sand_pct,0-5cm,18.9
4317558,sand_pct,5-15cm,20.2
4317558,sand_pct,15-30cm,18.2
4317558,sand_pct,30-60cm,15.0
4317558,sand_pct,60-100cm,14.3
4317558,silt_pct,0-5cm,39.3
4317558,silt_pct,5-15cm,40.9
4317558,silt_pct,15-30cm,36.7
4317558,silt_pct,30-60cm,30.7
4317558,silt_pct,60-100cm,30.1
4317558,soc_pct,0-5cm,5.38
4317558,soc_pct,5-15cm,2.24
4317558,soc_pct,15-30cm,2.11
4317558,soc_pct,30-60cm,1.48
4317558,soc_pct,60-100cm,1.36
4317558,ph_h2o,0-5cm,5.1
4317558,ph_h2o,5-15cm,5.1
4317558,ph_h2o,15-30cm,5.1
4317558,ph_h2o,30-60cm,5.1
4317558,ph_h2o,60-100cm,5.1
4317558,bd_kg_dm3,0-5cm,0.94
4317558,bd_kg_dm3,5-15cm,0.98
4317558,bd_kg_dm3,15-30cm,1.04
4317558,bd_kg_dm3,30-60cm,1.1
4317558,bd_kg_dm3,60-100cm,1.14
4317558,cec_cmol_kg,0-5cm,19.5
4317558,cec_cmol_kg,5-15cm,19.8
4317558,cec_cmol_kg,15-30cm,18.9
4317558,cec_cmol_kg,30-60cm,18.2
4317558,cec_cmol_kg,60-100cm,17.2
4317608,sand_pct,0-5cm,59.4
4317608,sand_pct,5-15cm,62.3
4317608,sand_pct,15-30cm,60.1
4317608,sand_pct,30-60cm,55.0
4317608,sand_pct,60-100cm,54.2
4317608,silt_pct,0-5cm,17.4
4317608,silt_pct,5-15cm,15.0
4317608,silt_pct,15-30cm,14.2
4317608,silt_pct,30-60cm,14.2
4317608,silt_pct,60-100cm,14.7
4317608,soc_pct,0-5cm,6.14
4317608,soc_pct,5-15cm,2.47
4317608,soc_pct,15-30cm,1.83
4317608,soc_pct,30-60cm,1.27
4317608,soc_pct,60-100cm,0.92
4317608,ph_h2o,0-5cm,5.2
4317608,ph_h2o,5-15cm,5.2
4317608,ph_h2o,15-30cm,5.3
4317608,ph_h2o,30-60cm,5.3
4317608,ph_h2o,60-100cm,5.3
4317608,bd_kg_dm3,0-5cm,1.08
4317608,bd_kg_dm3,5-15cm,1.12
4317608,bd_kg_dm3,15-30cm,1.16
4317608,bd_kg_dm3,30-60cm,1.2
4317608,bd_kg_dm3,60-100cm,1.23
4317608,cec_cmol_kg,0-5cm,20.9
4317608,cec_cmol_kg,5-15cm,17.1
4317608,cec_cmol_kg,15-30cm,18.0
4317608,cec_cmol_kg,30-60cm,18.1
4317608,cec_cmol_kg,60-100cm,18.0
4317707,clay_pct,0-5cm,37.9
4317707,clay_pct,5-15cm,37.0
4317707,clay_pct,15-30cm,38.3
4317707,clay_pct,30-60cm,43.9
4317707,clay_pct,60-100cm,45.0
4317707,sand_pct,0-5cm,21.1
4317707,sand_pct,5-15cm,21.8
4317707,sand_pct,15-30cm,21.4
4317707,sand_pct,30-60cm,18.8
4317707,sand_pct,60-100cm,18.4
4317707,silt_pct,0-5cm,41.0
4317707,silt_pct,5-15cm,41.1
4317707,silt_pct,15-30cm,40.3
4317707,silt_pct,30-60cm,37.3
4317707,silt_pct,60-100cm,36.6
4317707,soc_pct,0-5cm,4.02
4317707,soc_pct,5-15cm,1.96
4317707,soc_pct,15-30cm,1.48
4317707,soc_pct,30-60cm,0.87
4317707,soc_pct,60-100cm,0.62
4317707,ph_h2o,0-5cm,5.1
4317707,ph_h2o,5-15cm,5.1
4317707,ph_h2o,15-30cm,5.1
4317707,ph_h2o,30-60cm,5.1
4317707,ph_h2o,60-100cm,5.2
4317707,bd_kg_dm3,0-5cm,1.21
4317707,bd_kg_dm3,5-15cm,1.27
4317707,bd_kg_dm3,15-30cm,1.31
4317707,bd_kg_dm3,30-60cm,1.38
4317707,bd_kg_dm3,60-100cm,1.39
4317707,cec_cmol_kg,0-5cm,21.0
4317707,cec_cmol_kg,5-15cm,22.4
4317707,cec_cmol_kg,15-30cm,22.1
4317707,cec_cmol_kg,30-60cm,23.6
4317707,cec_cmol_kg,60-100cm,21.3
4317756,clay_pct,0-5cm,46.4
4317756,clay_pct,5-15cm,45.2
4317756,clay_pct,15-30cm,47.2
4317756,clay_pct,30-60cm,52.5
4317756,clay_pct,60-100cm,54.6
4317756,sand_pct,0-5cm,24.1
4317756,sand_pct,5-15cm,25.1
4317756,sand_pct,15-30cm,24.0
4317756,sand_pct,30-60cm,22.3
4317756,sand_pct,60-100cm,22.1
4317756,silt_pct,0-5cm,29.5
4317756,silt_pct,5-15cm,29.7
4317756,silt_pct,15-30cm,28.8
4317756,silt_pct,30-60cm,25.2
4317756,silt_pct,60-100cm,23.3
4317756,soc_pct,0-5cm,5.07
4317756,soc_pct,5-15cm,3.06
4317756,soc_pct,15-30cm,2.44
4317756,soc_pct,30-60cm,1.43
4317756,soc_pct,60-100cm,1.08
4317756,ph_h2o,0-5cm,5.2
4317756,ph_h2o,5-15cm,5.1
4317756,ph_h2o,15-30cm,5.1
4317756,ph_h2o,30-60cm,5.1
4317756,ph_h2o,60-100cm,5.2
4317756,bd_kg_dm3,0-5cm,1.06
4317756,bd_kg_dm3,5-15cm,1.11
4317756,bd_kg_dm3,15-30cm,1.16
4317756,bd_kg_dm3,30-60cm,1.17
4317756,bd_kg_dm3,60-100cm,1.19
4317756,cec_cmol_kg,0-5cm,23.6
4317756,cec_cmol_kg,5-15cm,20.6
4317756,cec_cmol_kg,15-30cm,20.9
4317756,cec_cmol_kg,30-60cm,21.0
4317756,cec_cmol_kg,60-100cm,19.6
4317806,clay_pct,0-5cm,45.4
4317806,clay_pct,5-15cm,46.5
4317806,clay_pct,15-30cm,50.0
4317806,clay_pct,30-60cm,55.9
4317806,clay_pct,60-100cm,57.0
4317806,sand_pct,0-5cm,21.8
4317806,sand_pct,5-15cm,21.3
4317806,sand_pct,15-30cm,20.5
4317806,sand_pct,30-60cm,18.8
4317806,sand_pct,60-100cm,17.8
4317806,silt_pct,0-5cm,32.8
4317806,silt_pct,5-15cm,32.2
4317806,silt_pct,15-30cm,29.6
4317806,silt_pct,30-60cm,25.3
4317806,silt_pct,60-100cm,25.2
4317806,soc_pct,0-5cm,5.01
4317806,soc_pct,5-15cm,2.38
4317806,soc_pct,15-30cm,2.0
4317806,soc_pct,30-60cm,1.52
4317806,soc_pct,60-100cm,1.24
4317806,ph_h2o,0-5cm,5.2
4317806,ph_h2o,5-15cm,5.2
4317806,ph_h2o,15-30cm,5.2
4317806,ph_h2o,30-60cm,5.2
4317806,ph_h2o,60-100cm,5.2
4317806,bd_kg_dm3,0-5cm,1.07
4317806,bd_kg_dm3,5-15cm,1.1
4317806,bd_kg_dm3,15-30cm,1.16
4317806,bd_kg_dm3,30-60cm,1.19
4317806,bd_kg_dm3,60-100cm,1.22
4317806,cec_cmol_kg,0-5cm,23.8
4317806,cec_cmol_kg,5-15cm,18.4
4317806,cec_cmol_kg,15-30cm,17.7
4317806,cec_cmol_kg,30-60cm,17.3
4317806,cec_cmol_kg,60-100cm,16.0
4317905,clay_pct,0-5cm,43.8
4317905,clay_pct,5-15cm,41.5
4317905,clay_pct,15-30cm,42.7
4317905,clay_pct,30-60cm,46.4
4317905,clay_pct,60-100cm,48.5
4317905,sand_pct,0-5cm,22.4
4317905,sand_pct,5-15cm,23.2
4317905,sand_pct,15-30cm,22.2
4317905,sand_pct,30-60cm,20.7
4317905,sand_pct,60-100cm,21.4
4317905,silt_pct,0-5cm,33.8
4317905,silt_pct,5-15cm,35.3
4317905,silt_pct,15-30cm,35.1
4317905,silt_pct,30-60cm,32.8
4317905,silt_pct,60-100cm,30.1
4317905,soc_pct,0-5cm,5.41
4317905,soc_pct,5-15cm,2.24
4317905,soc_pct,15-30cm,1.29
4317905,soc_pct,30-60cm,1.02
4317905,soc_pct,60-100cm,0.59
4317905,ph_h2o,0-5cm,5.2
4317905,ph_h2o,5-15cm,5.2
4317905,ph_h2o,15-30cm,5.1
4317905,ph_h2o,30-60cm,5.1
4317905,ph_h2o,60-100cm,5.2
4317905,bd_kg_dm3,0-5cm,1.09
4317905,bd_kg_dm3,5-15cm,1.16
4317905,bd_kg_dm3,15-30cm,1.19
4317905,bd_kg_dm3,30-60cm,1.28
4317905,bd_kg_dm3,60-100cm,1.3
4317905,cec_cmol_kg,0-5cm,21.3
4317905,cec_cmol_kg,5-15cm,19.1
4317905,cec_cmol_kg,15-30cm,18.2
4317905,cec_cmol_kg,30-60cm,18.5
4317905,cec_cmol_kg,60-100cm,17.7
4317954,clay_pct,0-5cm,53.3
4317954,clay_pct,5-15cm,51.9
4317954,clay_pct,15-30cm,54.0
4317954,clay_pct,30-60cm,59.5
4317954,clay_pct,60-100cm,62.3
4317954,sand_pct,0-5cm,15.8
4317954,sand_pct,5-15cm,16.4
4317954,sand_pct,15-30cm,15.9
4317954,sand_pct,30-60cm,13.6
4317954,sand_pct,60-100cm,12.3
4317954,silt_pct,0-5cm,30.9
4317954,silt_pct,5-15cm,31.7
4317954,silt_pct,15-30cm,30.1
4317954,silt_pct,30-60cm,27.0
4317954,silt_pct,60-100cm,25.4
4317954,soc_pct,0-5cm,4.87
4317954,soc_pct,5-15cm,2.42
4317954,soc_pct,15-30cm,1.68
4317954,soc_pct,30-60cm,1.0
4317954,soc_pct,60-100cm,0.74
4317954,ph_h2o,0-5cm,5.0
4317954,ph_h2o,5-15cm,5.1
4317954,ph_h2o,15-30cm,5.1
4317954,ph_h2o,30-60cm,5.1
4317954,ph_h2o,60-100cm,5.1
4317954,bd_kg_dm3,0-5cm,0.97
4317954,bd_kg_dm3,5-15cm,1.0
4317954,bd_kg_dm3,15-30cm,1.05
4317954,bd_kg_dm3,30-60cm,1.13
4317954,bd_kg_dm3,60-100cm,1.16
4317954,cec_cmol_kg,0-5cm,18.7
4317954,cec_cmol_kg,5-15cm,17.3
4317954,cec_cmol_kg,15-30cm,16.2
4317954,cec_cmol_kg,30-60cm,14.6
4317954,cec_cmol_kg,60-100cm,14.2
4318002,clay_pct,0-5cm,39.2
4318002,clay_pct,5-15cm,38.5
4318002,clay_pct,15-30cm,41.4
4318002,clay_pct,30-60cm,52.6
4318002,clay_pct,60-100cm,53.1
4318002,sand_pct,0-5cm,20.2
4318002,sand_pct,5-15cm,20.8
4318002,sand_pct,15-30cm,19.5
4318002,sand_pct,30-60cm,15.4
4318002,sand_pct,60-100cm,15.2
4318002,silt_pct,0-5cm,40.6
4318002,silt_pct,5-15cm,40.7
4318002,silt_pct,15-30cm,39.1
4318002,silt_pct,30-60cm,32.0
4318002,silt_pct,60-100cm,31.7
4318002,soc_pct,0-5cm,3.97
4318002,soc_pct,5-15cm,1.84
4318002,soc_pct,15-30cm,1.64
4318002,soc_pct,30-60cm,1.08
4318002,soc_pct,60-100cm,0.64
4318002,ph_h2o,0-5cm,5.1
4318002,ph_h2o,5-15cm,5.1
4318002,ph_h2o,15-30cm,5.2
4318002,ph_h2o,30-60cm,5.2
4318002,ph_h2o,60-100cm,5.2
4318002,bd_kg_dm3,0-5cm,1.29
4318002,bd_kg_dm3,5-15cm,1.35
4318002,bd_kg_dm3,15-30cm,1.41
4318002,bd_kg_dm3,30-60cm,1.5
4318002,bd_kg_dm3,60-100cm,1.52
4318002,cec_cmol_kg,0-5cm,23.1
4318002,cec_cmol_kg,5-15cm,21.2
4318002,cec_cmol_kg,15-30cm,23.8
4318002,cec_cmol_kg,30-60cm,24.4
4318002,cec_cmol_kg,60-100cm,22.6
4318051,clay_pct,0-5cm,41.3
4318051,clay_pct,5-15cm,40.1
4318051,clay_pct,15-30cm,45.3
4318051,clay_pct,30-60cm,54.2
4318051,clay_pct,60-100cm,57.4
4318051,sand_pct,0-5cm,21.6
4318051,sand_pct,5-15cm,21.8
4318051,sand_pct,15-30cm,19.8
4318051,sand_pct,30-60cm,15.9
4318051,sand_pct,60-100cm,14.2
4318051,silt_pct,0-5cm,37.1
4318051,silt_pct,5-15cm,38.1
4318051,silt_pct,15-30cm,34.9
4318051,silt_pct,30-60cm,29.9
4318051,silt_pct,60-100cm,28.4
4318051,soc_pct,0-5cm,6.69
4318051,soc_pct,5-15cm,2.53
4318051,soc_pct,15-30cm,3.08
4318051,soc_pct,30-60cm,1.5
4318051,soc_pct,60-100cm,1.41
4318051,ph_h2o,0-5cm,5.3
4318051,ph_h2o,5-15cm,5.3
4318051,ph_h2o,15-30cm,5.3
4318051,ph_h2o,30-60cm,5.3
4318051,ph_h2o,60-100cm,5.3
4318101,clay_pct,0-5cm,40.4
4318101,clay_pct,5-15cm,41.5
4318101,clay_pct,15-30cm,42.8
4318101,clay_pct,30-60cm,48.3
4318101,clay_pct,60-100cm,47.2
4318101,sand_pct,0-5cm,27.8
4318101,sand_pct,5-15cm,27.6
4318101,sand_pct,15-30cm,27.5
4318101,sand_pct,30-60cm,25.3
4318101,sand_pct,60-100cm,25.9
4318101,silt_pct,0-5cm,31.8
4318101,silt_pct,5-15cm,30.9
4318101,silt_pct,15-30cm,29.7
4318101,silt_pct,30-60cm,26.3
4318101,silt_pct,60-100cm,26.9
4318101,soc_pct,0-5cm,4.6
4318101,soc_pct,5-15cm,2.05
4318101,soc_pct,15-30cm,1.78
4318101,soc_pct,30-60cm,0.84
4318101,soc_pct,60-100cm,0.76
4318101,ph_h2o,0-5cm,5.2
4318101,ph_h2o,5-15cm,5.2
4318101,ph_h2o,15-30cm,5.2
4318101,ph_h2o,30-60cm,5.2
4318101,ph_h2o,60-100cm,5.2
4318101,bd_kg_dm3,0-5cm,1.13
4318101,bd_kg_dm3,5-15cm,1.2
4318101,bd_kg_dm3,15-30cm,1.28
4318101,bd_kg_dm3,30-60cm,1.38
4318101,bd_kg_dm3,60-100cm,1.39
4318101,cec_cmol_kg,0-5cm,22.3
4318101,cec_cmol_kg,5-15cm,15.8
4318101,cec_cmol_kg,15-30cm,16.5
4318101,cec_cmol_kg,30-60cm,16.4
4318101,cec_cmol_kg,60-100cm,15.7
4318200,clay_pct,0-5cm,45.8
4318200,clay_pct,5-15cm,46.6
4318200,clay_pct,15-30cm,49.7
4318200,clay_pct,30-60cm,52.8
4318200,clay_pct,60-100cm,51.2
4318200,sand_pct,0-5cm,16.9
4318200,sand_pct,5-15cm,16.6
4318200,sand_pct,15-30cm,15.9
4318200,sand_pct,30-60cm,14.7
4318200,sand_pct,60-100cm,14.6
4318200,silt_pct,0-5cm,37.3
4318200,silt_pct,5-15cm,36.7
4318200,silt_pct,15-30cm,34.4
4318200,silt_pct,30-60cm,32.5
4318200,silt_pct,60-100cm,34.2
4318200,soc_pct,0-5cm,12.13
4318200,soc_pct,5-15cm,7.45
4318200,soc_pct,15-30cm,9.47
4318200,soc_pct,30-60cm,8.0
4318200,soc_pct,60-100cm,7.24
4318200,ph_h2o,0-5cm,5.0
4318200,ph_h2o,5-15cm,5.0
4318200,ph_h2o,15-30cm,5.0
4318200,ph_h2o,30-60cm,5.1
4318200,ph_h2o,60-100cm,5.2
4318200,bd_kg_dm3,0-5cm,0.89
4318200,bd_kg_dm3,5-15cm,0.91
4318200,bd_kg_dm3,15-30cm,0.94
4318200,bd_kg_dm3,30-60cm,1.02
4318200,bd_kg_dm3,60-100cm,1.09
4318200,cec_cmol_kg,0-5cm,26.5
4318200,cec_cmol_kg,5-15cm,23.9
4318200,cec_cmol_kg,15-30cm,21.0
4318200,cec_cmol_kg,30-60cm,19.9
4318200,cec_cmol_kg,60-100cm,19.2
4318309,clay_pct,0-5cm,27.2
4318309,clay_pct,5-15cm,26.2
4318309,clay_pct,15-30cm,28.3
4318309,clay_pct,30-60cm,36.7
4318309,clay_pct,60-100cm,36.8
4318309,sand_pct,0-5cm,41.5
4318309,sand_pct,5-15cm,43.1
4318309,sand_pct,15-30cm,41.2
4318309,sand_pct,30-60cm,34.8
4318309,sand_pct,60-100cm,34.1
4318309,silt_pct,0-5cm,31.3
4318309,silt_pct,5-15cm,30.7
4318309,silt_pct,15-30cm,30.5
4318309,silt_pct,30-60cm,28.5
4318309,silt_pct,60-100cm,29.1
4318309,soc_pct,0-5cm,5.04
4318309,soc_pct,5-15cm,2.28
4318309,soc_pct,15-30cm,2.05
4318309,soc_pct,30-60cm,1.41
4318309,soc_pct,60-100cm,0.65
4318309,ph_h2o,0-5cm,5.4
4318309,ph_h2o,5-15cm,5.4
4318309,ph_h2o,15-30cm,5.4
4318309,ph_h2o,30-60cm,5.5
4318309,ph_h2o,60-100cm,5.6
4318309,bd_kg_dm3,0-5cm,1.27
4318309,bd_kg_dm3,5-15cm,1.34
4318309,bd_kg_dm3,15-30cm,1.42
4318309,bd_kg_dm3,30-60cm,1.5
4318309,bd_kg_dm3,60-100cm,1.51
4318309,cec_cmol_kg,0-5cm,20.1
4318309,cec_cmol_kg,5-15cm,15.2
4318309,cec_cmol_kg,15-30cm,15.2
4318309,cec_cmol_kg,30-60cm,17.4
4318309,cec_cmol_kg,60-100cm,17.3
4318408,clay_pct,0-5cm,34.6
4318408,clay_pct,5-15cm,33.6
4318408,clay_pct,15-30cm,37.9
4318408,clay_pct,30-60cm,45.4
4318408,clay_pct,60-100cm,49.4
4318408,sand_pct,0-5cm,38.9
4318408,sand_pct,5-15cm,40.8
4318408,sand_pct,15-30cm,38.0
4318408,sand_pct,30-60cm,29.1
4318408,sand_pct,60-100cm,26.7
4318408,silt_pct,0-5cm,26.6
4318408,silt_pct,5-15cm,25.6
4318408,silt_pct,15-30cm,24.1
4318408,silt_pct,30-60cm,25.5
4318408,silt_pct,60-100cm,23.9
4318408,soc_pct,0-5cm,6.22
4318408,soc_pct,5-15cm,2.15
4318408,soc_pct,15-30cm,1.47
4318408,soc_pct,30-60cm,1.05
4318408,soc_pct,60-100cm,0.76
4318408,ph_h2o,0-5cm,5.0
4318408,ph_h2o,5-15cm,5.1
4318408,ph_h2o,15-30cm,5.1
4318408,ph_h2o,30-60cm,5.2
4318408,ph_h2o,60-100cm,5.2
4318408,bd_kg_dm3,0-5cm,1.18
4318408,bd_kg_dm3,5-15cm,1.23
4318408,bd_kg_dm3,15-30cm,1.26
4318408,bd_kg_dm3,30-60cm,1.36
4318408,bd_kg_dm3,60-100cm,1.4
4318408,cec_cmol_kg,0-5cm,17.3
4318408,cec_cmol_kg,5-15cm,12.6
4318408,cec_cmol_kg,15-30cm,13.4
4318408,cec_cmol_kg,30-60cm,15.6
4318408,cec_cmol_kg,60-100cm,16.6
4318424,clay_pct,0-5cm,47.6
4318424,clay_pct,5-15cm,47.6
4318424,clay_pct,15-30cm,49.2
4318424,clay_pct,30-60cm,54.9
4318424,clay_pct,60-100cm,57.8
4318424,sand_pct,0-5cm,17.3
4318424,sand_pct,5-15cm,17.4
4318424,sand_pct,15-30cm,16.8
4318424,sand_pct,30-60cm,14.6
4318424,sand_pct,60-100cm,13.4
4318424,silt_pct,0-5cm,35.1
4318424,silt_pct,5-15cm,35.0
4318424,silt_pct,15-30cm,34.0
4318424,silt_pct,30-60cm,30.5
4318424,silt_pct,60-100cm,28.9
4318424,soc_pct,0-5cm,4.97
4318424,soc_pct,5-15cm,2.65
4318424,soc_pct,15-30cm,2.26
4318424,soc_pct,30-60cm,1.12
4318424,soc_pct,60-100cm,0.78
4318424,ph_h2o,0-5cm,5.1
4318424,ph_h2o,5-15cm,5.2
4318424,ph_h2o,15-30cm,5.2
4318424,ph_h2o,30-60cm,5.1
4318424,ph_h2o,60-100cm,5.1
4318424,bd_kg_dm3,0-5cm,0.96
4318424,bd_kg_dm3,5-15cm,0.98
4318424,bd_kg_dm3,15-30cm,1.05
4318424,bd_kg_dm3,30-60cm,1.09
4318424,bd_kg_dm3,60-100cm,1.12
4318424,cec_cmol_kg,0-5cm,18.1
4318424,cec_cmol_kg,5-15cm,16.5
4318424,cec_cmol_kg,15-30cm,14.6
4318424,cec_cmol_kg,30-60cm,14.3
4318424,cec_cmol_kg,60-100cm,14.2
4318432,clay_pct,0-5cm,35.7
4318432,clay_pct,5-15cm,35.0
4318432,clay_pct,15-30cm,37.0
4318432,clay_pct,30-60cm,42.2
4318432,clay_pct,60-100cm,42.3
4318432,sand_pct,0-5cm,30.3
4318432,sand_pct,5-15cm,34.0
4318432,sand_pct,15-30cm,32.1
4318432,sand_pct,30-60cm,28.4
4318432,sand_pct,60-100cm,28.1
4318432,silt_pct,0-5cm,34.1
4318432,silt_pct,5-15cm,31.0
4318432,silt_pct,15-30cm,30.9
4318432,silt_pct,30-60cm,29.5
4318432,silt_pct,60-100cm,29.6
4318432,soc_pct,0-5cm,7.69
4318432,soc_pct,5-15cm,3.12
4318432,soc_pct,15-30cm,3.96
4318432,soc_pct,30-60cm,2.11
4318432,soc_pct,60-100cm,1.45
4318432,ph_h2o,0-5cm,5.3
4318432,ph_h2o,5-15cm,5.3
4318432,ph_h2o,15-30cm,5.3
4318432,ph_h2o,30-60cm,5.3
4318432,ph_h2o,60-100cm,5.3
4318432,bd_kg_dm3,0-5cm,1.07
4318432,bd_kg_dm3,5-15cm,1.12
4318432,bd_kg_dm3,15-30cm,1.15
4318432,bd_kg_dm3,30-60cm,1.19
4318432,bd_kg_dm3,60-100cm,1.23
4318432,cec_cmol_kg,0-5cm,22.0
4318432,cec_cmol_kg,5-15cm,16.2
4318432,cec_cmol_kg,15-30cm,16.0
4318432,cec_cmol_kg,30-60cm,16.6
4318432,cec_cmol_kg,60-100cm,16.5
4318440,clay_pct,0-5cm,45.7
4318440,clay_pct,5-15cm,44.5
4318440,clay_pct,15-30cm,49.5
4318440,clay_pct,30-60cm,58.0
4318440,clay_pct,60-100cm,60.3
4318440,sand_pct,0-5cm,18.3
4318440,sand_pct,5-15cm,19.3
4318440,sand_pct,15-30cm,17.2
4318440,sand_pct,30-60cm,13.9
4318440,sand_pct,60-100cm,12.8
4318440,silt_pct,0-5cm,36.0
4318440,silt_pct,5-15cm,36.2
4318440,silt_pct,15-30cm,33.2
4318440,silt_pct,30-60cm,28.1
4318440,silt_pct,60-100cm,26.9
4318440,soc_pct,0-5cm,5.74
4318440,soc_pct,5-15cm,2.18
4318440,soc_pct,15-30cm,1.96
4318440,soc_pct,30-60cm,1.09
4318440,soc_pct,60-100cm,0.75
4318440,bd_kg_dm3,0-5cm,0.98
4318440,bd_kg_dm3,5-15cm,1.0
4318440,bd_kg_dm3,15-30cm,1.06
4318440,bd_kg_dm3,30-60cm,1.09
4318440,bd_kg_dm3,60-100cm,1.15
4318440,cec_cmol_kg,0-5cm,18.3
4318440,cec_cmol_kg,5-15cm,17.5
4318440,cec_cmol_kg,15-30cm,17.1
4318440,cec_cmol_kg,30-60cm,15.8
4318440,cec_cmol_kg,60-100cm,15.4
4318457,clay_pct,0-5cm,46.6
4318457,clay_pct,5-15cm,48.5
4318457,clay_pct,15-30cm,50.0
4318457,clay_pct,30-60cm,55.2
4318457,clay_pct,60-100cm,56.9
4318457,sand_pct,0-5cm,21.0
4318457,sand_pct,5-15cm,20.4
4318457,sand_pct,15-30cm,19.7
4318457,sand_pct,30-60cm,17.4
4318457,sand_pct,60-100cm,16.3
4318457,silt_pct,0-5cm,32.3
4318457,silt_pct,5-15cm,31.1
4318457,silt_pct,15-30cm,30.3
4318457,silt_pct,30-60cm,27.3
4318457,silt_pct,60-100cm,26.8
4318457,soc_pct,0-5cm,5.71
4318457,soc_pct,5-15cm,2.76
4318457,soc_pct,15-30cm,2.45
4318457,soc_pct,30-60cm,1.72
4318457,soc_pct,60-100cm,1.46
4318457,ph_h2o,0-5cm,5.0
4318457,ph_h2o,5-15cm,5.0
4318457,ph_h2o,15-30cm,5.0
4318457,ph_h2o,30-60cm,5.1
4318457,ph_h2o,60-100cm,5.1
4318457,bd_kg_dm3,0-5cm,1.02
4318457,bd_kg_dm3,5-15cm,1.06
4318457,bd_kg_dm3,15-30cm,1.12
4318457,bd_kg_dm3,30-60cm,1.18
4318457,bd_kg_dm3,60-100cm,1.2
4318457,cec_cmol_kg,0-5cm,23.7
4318457,cec_cmol_kg,5-15cm,17.6
4318457,cec_cmol_kg,15-30cm,17.2
4318457,cec_cmol_kg,30-60cm,17.0
4318457,cec_cmol_kg,60-100cm,15.4
4318465,clay_pct,0-5cm,46.6
4318465,clay_pct,5-15cm,46.1
4318465,clay_pct,15-30cm,48.9
4318465,clay_pct,30-60cm,55.2
4318465,clay_pct,60-100cm,54.5
4318465,sand_pct,0-5cm,18.8
4318465,sand_pct,5-15cm,18.9
4318465,sand_pct,15-30cm,17.4
4318465,sand_pct,30-60cm,14.5
4318465,sand_pct,60-100cm,14.4
4318465,silt_pct,0-5cm,34.6
4318465,silt_pct,5-15cm,35.0
4318465,silt_pct,15-30cm,33.7
4318465,silt_pct,30-60cm,30.3
4318465,silt_pct,60-100cm,31.1
4318465,soc_pct,0-5cm,6.98
4318465,soc_pct,5-15cm,2.6
4318465,soc_pct,15-30cm,2.19
4318465,soc_pct,30-60cm,1.19
4318465,soc_pct,60-100cm,0.82
4318465,ph_h2o,0-5cm,5.2
4318465,ph_h2o,5-15cm,5.1
4318465,ph_h2o,15-30cm,5.2
4318465,ph_h2o,30-60cm,5.2
4318465,ph_h2o,60-100cm,5.2
4318465,bd_kg_dm3,0-5cm,1.01
4318465,bd_kg_dm3,5-15cm,1.03
4318465,bd_kg_dm3,15-30cm,1.1
4318465,bd_kg_dm3,30-60cm,1.15
4318465,bd_kg_dm3,60-100cm,1.19
4318465,cec_cmol_kg,0-5cm,26.4
4318465,cec_cmol_kg,5-15cm,21.4
4318465,cec_cmol_kg,15-30cm,20.5
4318465,cec_cmol_kg,30-60cm,20.4
4318465,cec_cmol_kg,60-100cm,18.4
4318481,sand_pct,0-5cm,37.6
4318481,sand_pct,5-15cm,37.8
4318481,sand_pct,15-30cm,34.4
4318481,sand_pct,30-60cm,24.8
4318481,sand_pct,60-100cm,22.2
4318481,silt_pct,0-5cm,32.0
4318481,silt_pct,5-15cm,32.3
4318481,silt_pct,15-30cm,32.3
4318481,silt_pct,30-60cm,29.9
4318481,silt_pct,60-100cm,29.0
4318481,soc_pct,0-5cm,5.45
4318481,soc_pct,5-15cm,2.08
4318481,soc_pct,15-30cm,1.59
4318481,soc_pct,30-60cm,0.96
4318481,soc_pct,60-100cm,0.65
4318481,ph_h2o,0-5cm,5.1
4318481,ph_h2o,5-15cm,5.1
4318481,ph_h2o,15-30cm,5.1
4318481,ph_h2o,30-60cm,5.2
4318481,ph_h2o,60-100cm,5.2
4318481,bd_kg_dm3,0-5cm,1.12
4318481,bd_kg_dm3,5-15cm,1.17
4318481,bd_kg_dm3,15-30cm,1.25
4318481,bd_kg_dm3,30-60cm,1.29
4318481,bd_kg_dm3,60-100cm,1.32
4318481,cec_cmol_kg,0-5cm,21.0
4318481,cec_cmol_kg,5-15cm,18.6
4318481,cec_cmol_kg,15-30cm,20.4
4318481,cec_cmol_kg,30-60cm,20.0
4318481,cec_cmol_kg,60-100cm,19.0
4318499,clay_pct,0-5cm,44.7
4318499,clay_pct,5-15cm,43.2
4318499,clay_pct,15-30cm,45.9
4318499,clay_pct,30-60cm,50.2
4318499,clay_pct,60-100cm,49.3
4318499,sand_pct,0-5cm,22.7
4318499,sand_pct,5-15cm,23.1
4318499,sand_pct,15-30cm,22.8
4318499,sand_pct,30-60cm,21.3
4318499,sand_pct,60-100cm,21.6
4318499,silt_pct,0-5cm,32.6
4318499,silt_pct,5-15cm,33.7
4318499,silt_pct,15-30cm,31.3
4318499,silt_pct,30-60cm,28.6
4318499,silt_pct,60-100cm,29.0
4318499,ph_h2o,0-5cm,5.1
4318499,ph_h2o,5-15cm,5.1
4318499,ph_h2o,15-30cm,5.1
4318499,ph_h2o,30-60cm,5.1
4318499,ph_h2o,60-100cm,5.1
4318499,bd_kg_dm3,0-5cm,1.01
4318499,bd_kg_dm3,5-15cm,1.06
4318499,bd_kg_dm3,15-30cm,1.12
4318499,bd_kg_dm3,30-60cm,1.19
4318499,bd_kg_dm3,60-100cm,1.21
4318499,cec_cmol_kg,0-5cm,20.0
4318499,cec_cmol_kg,5-15cm,18.0
4318499,cec_cmol_kg,15-30cm,16.6
4318499,cec_cmol_kg,30-60cm,17.9
4318499,cec_cmol_kg,60-100cm,16.8
4316303,clay_pct,0-5cm,43.5
4316303,clay_pct,5-15cm,43.3
4316303,clay_pct,15-30cm,44.2
4316303,clay_pct,30-60cm,45.9
4316303,clay_pct,60-100cm,46.2
4316303,sand_pct,0-5cm,24.1
4316303,sand_pct,5-15cm,23.6
4316303,sand_pct,15-30cm,23.0
4316303,sand_pct,30-60cm,22.0
4316303,sand_pct,60-100cm,22.4
4316303,silt_pct,0-5cm,32.3
4316303,silt_pct,5-15cm,33.1
4316303,silt_pct,15-30cm,32.7
4316303,silt_pct,30-60cm,32.1
4316303,silt_pct,60-100cm,31.5
4316303,soc_pct,0-5cm,4.68
4316303,soc_pct,5-15cm,2.04
4316303,soc_pct,15-30cm,1.46
4316303,soc_pct,30-60cm,1.03
4316303,soc_pct,60-100cm,0.62
4316303,ph_h2o,0-5cm,5.2
4316303,ph_h2o,5-15cm,5.1
4316303,ph_h2o,15-30cm,5.2
4316303,ph_h2o,30-60cm,5.2
4316303,ph_h2o,60-100cm,5.2
4316303,bd_kg_dm3,0-5cm,1.15
4316303,bd_kg_dm3,5-15cm,1.2
4316303,bd_kg_dm3,15-30cm,1.23
4316303,bd_kg_dm3,30-60cm,1.3
4316303,bd_kg_dm3,60-100cm,1.32
4316303,cec_cmol_kg,0-5cm,20.9
4316303,cec_cmol_kg,5-15cm,19.4
4316303,cec_cmol_kg,15-30cm,19.4
4316303,cec_cmol_kg,30-60cm,21.6
4316303,cec_cmol_kg,60-100cm,20.0
4318606,clay_pct,0-5cm,56.0
4318606,clay_pct,5-15cm,54.3
4318606,clay_pct,15-30cm,56.8
4318606,clay_pct,30-60cm,61.9
4318606,clay_pct,60-100cm,62.7
4318606,soc_pct,0-5cm,5.04
4318606,soc_pct,5-15cm,2.65
4318606,soc_pct,15-30cm,2.06
4318606,soc_pct,30-60cm,0.98
4318606,soc_pct,60-100cm,0.89
4318606,ph_h2o,0-5cm,5.0
4318606,ph_h2o,5-15cm,5.0
4318606,ph_h2o,15-30cm,5.0
4318606,ph_h2o,30-60cm,5.0
4318606,ph_h2o,60-100cm,5.0
4318606,bd_kg_dm3,0-5cm,0.95
4318606,bd_kg_dm3,5-15cm,0.98
4318606,bd_kg_dm3,15-30cm,1.03
4318606,bd_kg_dm3,30-60cm,1.09
4318606,bd_kg_dm3,60-100cm,1.12
4318606,cec_cmol_kg,0-5cm,18.4
4318606,cec_cmol_kg,5-15cm,16.3
4318606,cec_cmol_kg,15-30cm,14.6
4318606,cec_cmol_kg,30-60cm,13.8
4318606,cec_cmol_kg,60-100cm,13.7
4318614,clay_pct,0-5cm,29.8
4318614,clay_pct,5-15cm,30.2
4318614,clay_pct,15-30cm,35.1
4318614,clay_pct,30-60cm,50.2
4318614,clay_pct,60-100cm,53.1
4318614,sand_pct,0-5cm,33.5
4318614,sand_pct,5-15cm,33.6
4318614,sand_pct,15-30cm,29.7
4318614,sand_pct,30-60cm,21.2
4318614,sand_pct,60-100cm,19.7
4318614,silt_pct,0-5cm,36.7
4318614,silt_pct,5-15cm,36.2
4318614,silt_pct,15-30cm,35.2
4318614,silt_pct,30-60cm,28.5
4318614,silt_pct,60-100cm,27.2
4318614,soc_pct,0-5cm,7.06
4318614,soc_pct,5-15cm,2.54
4318614,soc_pct,15-30cm,2.69
4318614,soc_pct,30-60cm,1.25
4318614,soc_pct,60-100cm,1.06
4318614,ph_h2o,0-5cm,5.2
4318614,ph_h2o,5-15cm,5.2
4318614,ph_h2o,15-30cm,5.2
4318614,ph_h2o,30-60cm,5.2
4318614,ph_h2o,60-100cm,5.2
4318614,bd_kg_dm3,0-5cm,1.12
4318614,bd_kg_dm3,5-15cm,1.13
4318614,bd_kg_dm3,15-30cm,1.16
4318614,bd_kg_dm3,30-60cm,1.24
4318614,bd_kg_dm3,60-100cm,1.28
4318614,cec_cmol_kg,0-5cm,19.8
4318614,cec_cmol_kg,5-15cm,16.9
4318614,cec_cmol_kg,15-30cm,17.4
4318614,cec_cmol_kg,30-60cm,18.3
4318614,cec_cmol_kg,60-100cm,18.1
4318622,clay_pct,0-5cm,52.8
4318622,clay_pct,5-15cm,53.0
4318622,clay_pct,15-30cm,54.9
4318622,clay_pct,30-60cm,56.7
4318622,clay_pct,60-100cm,55.7
4318622,sand_pct,0-5cm,19.5
4318622,sand_pct,5-15cm,20.1
4318622,sand_pct,15-30cm,18.6
4318622,sand_pct,30-60cm,17.6
4318622,sand_pct,60-100cm,17.9
4318622,silt_pct,0-5cm,27.7
4318622,silt_pct,5-15cm,26.8
4318622,silt_pct,15-30cm,26.5
4318622,silt_pct,30-60cm,25.6
4318622,silt_pct,60-100cm,26.4
4318622,soc_pct,0-5cm,6.6
4318622,soc_pct,5-15cm,4.36
4318622,soc_pct,15-30cm,3.93
4318622,soc_pct,30-60cm,2.67
4318622,soc_pct,60-100cm,1.72
4318622,ph_h2o,0-5cm,5.1
4318622,ph_h2o,5-15cm,5.1
4318622,ph_h2o,15-30cm,5.1
4318622,ph_h2o,30-60cm,5.1
4318622,ph_h2o,60-100cm,5.1
4318622,bd_kg_dm3,0-5cm,0.9
4318622,bd_kg_dm3,5-15cm,0.93
4318622,bd_kg_dm3,15-30cm,0.99
4318622,bd_kg_dm3,30-60cm,1.04
4318622,bd_kg_dm3,60-100cm,1.09
4318622,cec_cmol_kg,0-5cm,26.9
4318622,cec_cmol_kg,5-15cm,21.7
4318622,cec_cmol_kg,15-30cm,19.4
4318622,cec_cmol_kg,30-60cm,17.7
4318622,cec_cmol_kg,60-100cm,17.7
4318705,clay_pct,0-5cm,
4318705,clay_pct,5-15cm,
4318705,clay_pct,15-30cm,
4318705,clay_pct,30-60cm,
4318705,clay_pct,60-100cm,
4318705,sand_pct,0-5cm,
4318705,sand_pct,5-15cm,
4318705,sand_pct,15-30cm,
4318705,sand_pct,30-60cm,
4318705,sand_pct,60-100cm,
4318705,silt_pct,0-5cm,
4318705,silt_pct,5-15cm,
4318705,silt_pct,15-30cm,
4318705,silt_pct,30-60cm,
4318705,silt_pct,60-100cm,
4318705,soc_pct,0-5cm,
4318705,soc_pct,5-15cm,
4318705,soc_pct,15-30cm,
4318705,soc_pct,30-60cm,
4318705,soc_pct,60-100cm,
4318705,ph_h2o,0-5cm,
4318705,ph_h2o,5-15cm,
4318705,ph_h2o,15-30cm,
4318705,ph_h2o,30-60cm,
4318705,ph_h2o,60-100cm,
4318705,bd_kg_dm3,0-5cm,
4318705,bd_kg_dm3,5-15cm,
4318705,bd_kg_dm3,15-30cm,
4318705,bd_kg_dm3,30-60cm,
4318705,bd_kg_dm3,60-100cm,
4318705,cec_cmol_kg,0-5cm,
4318705,cec_cmol_kg,5-15cm,
4318705,cec_cmol_kg,15-30cm,
4318705,cec_cmol_kg,30-60cm,
4318705,cec_cmol_kg,60-100cm,
4318804,clay_pct,0-5cm,25.1
4318804,clay_pct,5-15cm,24.4
4318804,clay_pct,15-30cm,27.3
4318804,clay_pct,30-60cm,47.0
4318804,clay_pct,60-100cm,46.3
4318804,sand_pct,0-5cm,48.2
4318804,sand_pct,5-15cm,49.8
4318804,sand_pct,15-30cm,47.1
4318804,sand_pct,30-60cm,31.0
4318804,sand_pct,60-100cm,30.5
4318804,silt_pct,0-5cm,26.7
4318804,silt_pct,5-15cm,25.8
4318804,silt_pct,15-30cm,25.6
4318804,silt_pct,30-60cm,22.0
4318804,silt_pct,60-100cm,23.2
4318804,soc_pct,0-5cm,6.56
4318804,soc_pct,5-15cm,2.33
4318804,soc_pct,15-30cm,1.73
4318804,soc_pct,30-60cm,0.93
4318804,soc_pct,60-100cm,0.63
4318804,ph_h2o,0-5cm,5.1
4318804,ph_h2o,5-15cm,5.1
4318804,ph_h2o,15-30cm,5.2
4318804,ph_h2o,30-60cm,5.2
4318804,ph_h2o,60-100cm,5.3
4318804,bd_kg_dm3,0-5cm,1.1
4318804,bd_kg_dm3,5-15cm,1.19
4318804,bd_kg_dm3,15-30cm,1.25
4318804,bd_kg_dm3,30-60cm,1.34
4318804,bd_kg_dm3,60-100cm,1.37
4318804,cec_cmol_kg,0-5cm,21.0
4318804,cec_cmol_kg,5-15cm,18.1
4318804,cec_cmol_kg,15-30cm,19.2
4318804,cec_cmol_kg,30-60cm,20.1
4318804,cec_cmol_kg,60-100cm,19.8
4318903,clay_pct,0-5cm,49.0
4318903,clay_pct,5-15cm,49.3
4318903,clay_pct,15-30cm,49.7
4318903,clay_pct,30-60cm,52.9
4318903,clay_pct,60-100cm,53.2
4318903,sand_pct,0-5cm,18.2
4318903,sand_pct,5-15cm,19.1
4318903,sand_pct,15-30cm,19.8
4318903,sand_pct,30-60cm,18.5
4318903,sand_pct,60-100cm,18.6
4318903,silt_pct,0-5cm,32.7
4318903,silt_pct,5-15cm,31.5
4318903,silt_pct,15-30cm,30.5
4318903,silt_pct,30-60cm,28.6
4318903,silt_pct,60-100cm,28.3
4318903,soc_pct,0-5cm,5.87
4318903,soc_pct,5-15cm,3.1
4318903,soc_pct,15-30cm,2.29
4318903,soc_pct,30-60cm,1.76
4318903,soc_pct,60-100cm,1.57
4318903,ph_h2o,0-5cm,5.1
4318903,ph_h2o,5-15cm,5.2
4318903,ph_h2o,15-30cm,5.2
4318903,ph_h2o,30-60cm,5.2
4318903,ph_h2o,60-100cm,5.2
4318903,bd_kg_dm3,0-5cm,1.1
4318903,bd_kg_dm3,5-15cm,1.14
4318903,bd_kg_dm3,15-30cm,1.17
4318903,bd_kg_dm3,30-60cm,1.23
4318903,bd_kg_dm3,60-100cm,1.28
4318903,cec_cmol_kg,0-5cm,24.0
4318903,cec_cmol_kg,5-15cm,22.3
4318903,cec_cmol_kg,15-30cm,22.1
4318903,cec_cmol_kg,30-60cm,22.4
4318903,cec_cmol_kg,60-100cm,20.7
4319000,clay_pct,0-5cm,47.4
4319000,clay_pct,5-15cm,46.9
4319000,clay_pct,15-30cm,46.8
4319000,clay_pct,30-60cm,54.5
4319000,clay_pct,60-100cm,57.7
4319000,sand_pct,0-5cm,16.8
4319000,sand_pct,5-15cm,16.9
4319000,sand_pct,15-30cm,16.1
4319000,sand_pct,30-60cm,13.3
4319000,sand_pct,60-100cm,12.0
4319000,silt_pct,0-5cm,35.8
4319000,silt_pct,5-15cm,36.1
4319000,silt_pct,15-30cm,37.1
4319000,silt_pct,30-60cm,32.3
4319000,silt_pct,60-100cm,30.3
4319000,soc_pct,0-5cm,7.15
4319000,soc_pct,5-15cm,3.59
4319000,soc_pct,15-30cm,2.99
4319000,soc_pct,30-60cm,1.26
4319000,soc_pct,60-100cm,1.12
4319000,ph_h2o,0-5cm,5.1
4319000,ph_h2o,5-15cm,5.0
4319000,ph_h2o,15-30cm,5.1
4319000,ph_h2o,30-60cm,5.1
4319000,ph_h2o,60-100cm,5.1
4319000,bd_kg_dm3,0-5cm,0.98
4319000,bd_kg_dm3,5-15cm,1.0
4319000,bd_kg_dm3,15-30cm,1.05
4319000,bd_kg_dm3,30-60cm,1.1
4319000,bd_kg_dm3,60-100cm,1.13
4319000,cec_cmol_kg,0-5cm,24.0
4319000,cec_cmol_kg,5-15cm,22.3
4319000,cec_cmol_kg,15-30cm,21.3
4319000,cec_cmol_kg,30-60cm,19.6
4319000,cec_cmol_kg,60-100cm,19.3
4319109,clay_pct,0-5cm,50.0
4319109,clay_pct,5-15cm,49.8
4319109,clay_pct,15-30cm,52.5
4319109,clay_pct,30-60cm,56.7
4319109,clay_pct,60-100cm,57.8
4319109,sand_pct,0-5cm,21.7
4319109,sand_pct,5-15cm,21.4
4319109,sand_pct,15-30cm,21.0
4319109,sand_pct,30-60cm,19.1
4319109,sand_pct,60-100cm,18.6
4319109,silt_pct,0-5cm,28.3
4319109,silt_pct,5-15cm,28.8
4319109,silt_pct,15-30cm,26.5
4319109,silt_pct,30-60cm,24.2
4319109,silt_pct,60-100cm,23.7
4319109,soc_pct,0-5cm,5.71
4319109,soc_pct,5-15cm,2.61
4319109,soc_pct,15-30cm,2.25
4319109,soc_pct,30-60cm,1.23
4319109,soc_pct,60-100cm,0.97
4319109,ph_h2o,0-5cm,5.1
4319109,ph_h2o,5-15cm,5.1
4319109,ph_h2o,15-30cm,5.1
4319109,ph_h2o,30-60cm,5.2
4319109,ph_h2o,60-100cm,5.2
4319109,bd_kg_dm3,0-5cm,1.06
4319109,bd_kg_dm3,5-15cm,1.09
4319109,bd_kg_dm3,15-30cm,1.17
4319109,bd_kg_dm3,30-60cm,1.2
4319109,bd_kg_dm3,60-100cm,1.21
4319109,cec_cmol_kg,0-5cm,25.1
4319109,cec_cmol_kg,5-15cm,21.0
4319109,cec_cmol_kg,15-30cm,20.6
4319109,cec_cmol_kg,30-60cm,19.7
4319109,cec_cmol_kg,60-100cm,17.7
4319125,clay_pct,0-5cm,35.6
4319125,clay_pct,5-15cm,37.2
4319125,clay_pct,15-30cm,37.6
4319125,clay_pct,30-60cm,38.5
4319125,clay_pct,60-100cm,39.8
4319125,sand_pct,0-5cm,24.8
4319125,sand_pct,5-15cm,24.6
4319125,sand_pct,15-30cm,23.1
4319125,sand_pct,30-60cm,23.3
4319125,sand_pct,60-100cm,22.5
4319125,silt_pct,0-5cm,39.6
4319125,silt_pct,5-15cm,38.3
4319125,silt_pct,15-30cm,39.2
4319125,silt_pct,30-60cm,38.3
4319125,silt_pct,60-100cm,37.8
4319125,soc_pct,0-5cm,5.34
4319125,soc_pct,5-15cm,2.15
4319125,soc_pct,15-30cm,1.75
4319125,soc_pct,30-60cm,0.97
4319125,soc_pct,60-100cm,0.91
4319125,ph_h2o,0-5cm,5.2
4319125,ph_h2o,5-15cm,5.1
4319125,ph_h2o,15-30cm,5.1
4319125,ph_h2o,30-60cm,5.1
4319125,ph_h2o,60-100cm,5.2
4319125,bd_kg_dm3,0-5cm,1.12
4319125,bd_kg_dm3,5-15cm,1.16
4319125,bd_kg_dm3,15-30cm,1.21
4319125,bd_kg_dm3,30-60cm,1.23
4319125,bd_kg_dm3,60-100cm,1.25
4319125,cec_cmol_kg,0-5cm,20.7
4319125,cec_cmol_kg,5-15cm,16.6
4319125,cec_cmol_kg,15-30cm,16.2
4319125,cec_cmol_kg,30-60cm,16.4
4319125,cec_cmol_kg,60-100cm,16.4
4319158,clay_pct,0-5cm,42.8
4319158,clay_pct,5-15cm,41.9
4319158,clay_pct,15-30cm,43.1
4319158,clay_pct,30-60cm,46.5
4319158,clay_pct,60-100cm,46.6
4319158,sand_pct,0-5cm,23.5
4319158,sand_pct,5-15cm,24.2
4319158,sand_pct,15-30cm,24.7
4319158,sand_pct,30-60cm,23.6
4319158,sand_pct,60-100cm,23.8
4319158,silt_pct,0-5cm,33.7
4319158,silt_pct,5-15cm,33.9
4319158,silt_pct,15-30cm,32.2
4319158,silt_pct,30-60cm,29.8
4319158,silt_pct,60-100cm,29.6
4319158,soc_pct,0-5cm,7.32
4319158,soc_pct,5-15cm,2.74
4319158,soc_pct,15-30cm,1.8
4319158,soc_pct,30-60cm,1.08
4319158,soc_pct,60-100cm,0.77
4319158,ph_h2o,0-5cm,5.2
4319158,ph_h2o,5-15cm,5.2
4319158,ph_h2o,15-30cm,5.2
4319158,ph_h2o,30-60cm,5.3
4319158,ph_h2o,60-100cm,5.3
4319158,bd_kg_dm3,0-5cm,1.07
4319158,bd_kg_dm3,5-15cm,1.13
4319158,bd_kg_dm3,15-30cm,1.16
4319158,bd_kg_dm3,30-60cm,1.26
4319158,bd_kg_dm3,60-100cm,1.31
4319158,cec_cmol_kg,0-5cm,22.7
4319158,cec_cmol_kg,5-15cm,20.1
4319158,cec_cmol_kg,15-30cm,19.4
4319158,cec_cmol_kg,30-60cm,19.4
4319158,cec_cmol_kg,60-100cm,18.8
4319208,clay_pct,0-5cm,41.5
4319208,clay_pct,5-15cm,40.4
4319208,clay_pct,15-30cm,41.1
4319208,clay_pct,30-60cm,47.2
4319208,clay_pct,60-100cm,46.7
4319208,sand_pct,0-5cm,19.6
4319208,sand_pct,5-15cm,20.2
4319208,sand_pct,15-30cm,20.2
4319208,sand_pct,30-60cm,17.8
4319208,sand_pct,60-100cm,18.1
4319208,silt_pct,0-5cm,38.9
4319208,silt_pct,5-15cm,39.4
4319208,silt_pct,15-30cm,38.8
4319208,silt_pct,30-60cm,35.0
4319208,silt_pct,60-100cm,35.2
4319208,soc_pct,0-5cm,3.77
4319208,soc_pct,5-15cm,1.9
4319208,soc_pct,15-30cm,1.37
4319208,soc_pct,30-60cm,0.84
4319208,soc_pct,60-100cm,0.62
4319208,ph_h2o,0-5cm,5.3
4319208,ph_h2o,5-15cm,5.3
4319208,ph_h2o,15-30cm,5.3
4319208,ph_h2o,30-60cm,5.4
4319208,ph_h2o,60-100cm,5.4
4319208,bd_kg_dm3,0-5cm,1.18
4319208,bd_kg_dm3,5-15cm,1.23
4319208,bd_kg_dm3,15-30cm,1.28
4319208,bd_kg_dm3,30-60cm,1.31
4319208,bd_kg_dm3,60-100cm,1.33
4319208,cec_cmol_kg,0-5cm,23.5
4319208,cec_cmol_kg,5-15cm,22.9
4319208,cec_cmol_kg,15-30cm,23.3
4319208,cec_cmol_kg,30-60cm,23.8
4319208,cec_cmol_kg,60-100cm,21.8
4319307,clay_pct,0-5cm,42.4
4319307,clay_pct,5-15cm,41.3
4319307,clay_pct,15-30cm,44.1
4319307,clay_pct,30-60cm,50.7
4319307,clay_pct,60-100cm,48.9
4319307,sand_pct,0-5cm,23.8
4319307,sand_pct,5-15cm,24.4
4319307,sand_pct,15-30cm,23.5
4319307,sand_pct,30-60cm,20.6
4319307,sand_pct,60-100cm,21.1
4319307,silt_pct,0-5cm,33.8
4319307,silt_pct,5-15cm,34.3
4319307,silt_pct,15-30cm,32.4
4319307,silt_pct,30-60cm,28.7
4319307,silt_pct,60-100cm,30.0
4319307,soc_pct,0-5cm,4.89
4319307,soc_pct,5-15cm,2.13
4319307,soc_pct,15-30cm,1.61
4319307,soc_pct,30-60cm,0.8
4319307,soc_pct,60-100cm,0.6
4319307,ph_h2o,0-5cm,5.2
4319307,ph_h2o,5-15cm,5.2
4319307,ph_h2o,15-30cm,5.2
4319307,ph_h2o,30-60cm,5.2
4319307,ph_h2o,60-100cm,5.3
4319307,bd_kg_dm3,0-5cm,1.07
4319307,bd_kg_dm3,5-15cm,1.13
4319307,bd_kg_dm3,15-30cm,1.2
4319307,bd_kg_dm3,30-60cm,1.26
4319307,bd_kg_dm3,60-100cm,1.29
4319307,cec_cmol_kg,0-5cm,20.9
4319307,cec_cmol_kg,5-15cm,17.8
4319307,cec_cmol_kg,15-30cm,17.7
4319307,cec_cmol_kg,30-60cm,18.3
4319307,cec_cmol_kg,60-100cm,17.4
4319356,clay_pct,0-5cm,
4319356,clay_pct,5-15cm,
4319356,clay_pct,15-30cm,
4319356,clay_pct,30-60cm,
4319356,clay_pct,60-100cm,
4319356,sand_pct,0-5cm,
4319356,sand_pct,5-15cm,
4319356,sand_pct,15-30cm,
4319356,sand_pct,30-60cm,
4319356,sand_pct,60-100cm,
4319356,silt_pct,0-5cm,
4319356,silt_pct,5-15cm,
4319356,silt_pct,15-30cm,
4319356,silt_pct,30-60cm,
4319356,silt_pct,60-100cm,
4319356,soc_pct,0-5cm,
4319356,soc_pct,5-15cm,
4319356,soc_pct,15-30cm,
4319356,soc_pct,30-60cm,
4319356,soc_pct,60-100cm,
4319356,ph_h2o,0-5cm,
4319356,ph_h2o,5-15cm,
4319356,ph_h2o,15-30cm,
4319356,ph_h2o,30-60cm,
4319356,ph_h2o,60-100cm,
4319356,bd_kg_dm3,0-5cm,
4319356,bd_kg_dm3,5-15cm,
4319356,bd_kg_dm3,15-30cm,
4319356,bd_kg_dm3,30-60cm,
4319356,bd_kg_dm3,60-100cm,
4319356,cec_cmol_kg,0-5cm,
4319356,cec_cmol_kg,5-15cm,
4319356,cec_cmol_kg,15-30cm,
4319356,cec_cmol_kg,30-60cm,
4319356,cec_cmol_kg,60-100cm,
4319364,clay_pct,0-5cm,41.1
4319364,clay_pct,5-15cm,41.3
4319364,clay_pct,15-30cm,44.1
4319364,clay_pct,30-60cm,50.1
4319364,clay_pct,60-100cm,49.6
4319364,sand_pct,0-5cm,24.0
4319364,sand_pct,5-15cm,23.9
4319364,sand_pct,15-30cm,23.4
4319364,sand_pct,30-60cm,21.3
4319364,sand_pct,60-100cm,21.1
4319364,silt_pct,0-5cm,34.9
4319364,silt_pct,5-15cm,34.8
4319364,silt_pct,15-30cm,32.4
4319364,silt_pct,30-60cm,28.6
4319364,silt_pct,60-100cm,29.3
4319364,soc_pct,0-5cm,5.48
4319364,soc_pct,5-15cm,3.06
4319364,soc_pct,15-30cm,2.73
4319364,soc_pct,30-60cm,1.45
4319364,soc_pct,60-100cm,1.22
4319364,ph_h2o,0-5cm,5.2
4319364,ph_h2o,5-15cm,5.1
4319364,ph_h2o,15-30cm,5.1
4319364,ph_h2o,30-60cm,5.2
4319364,ph_h2o,60-100cm,5.2
4319364,bd_kg_dm3,0-5cm,1.07
4319364,bd_kg_dm3,5-15cm,1.11
4319364,bd_kg_dm3,15-30cm,1.16
4319364,bd_kg_dm3,30-60cm,1.21
4319364,bd_kg_dm3,60-100cm,1.23
4319364,cec_cmol_kg,0-5cm,21.9
4319364,cec_cmol_kg,5-15cm,17.6
4319364,cec_cmol_kg,15-30cm,15.9
4319364,cec_cmol_kg,30-60cm,15.5
4319364,cec_cmol_kg,60-100cm,15.3
4319372,clay_pct,0-5cm,41.7
4319372,clay_pct,5-15cm,39.4
4319372,clay_pct,15-30cm,43.5
4319372,clay_pct,30-60cm,47.0
4319372,clay_pct,60-100cm,47.5
4319372,sand_pct,0-5cm,25.0
4319372,sand_pct,5-15cm,25.7
4319372,sand_pct,15-30cm,24.1
4319372,sand_pct,30-60cm,22.0
4319372,sand_pct,60-100cm,22.2
4319372,silt_pct,0-5cm,33.3
4319372,silt_pct,5-15cm,34.9
4319372,silt_pct,15-30cm,32.4
4319372,silt_pct,30-60cm,30.9
4319372,silt_pct,60-100cm,30.3
4319372,soc_pct,0-5cm,5.25
4319372,soc_pct,5-15cm,2.4
4319372,soc_pct,15-30cm,1.53
4319372,soc_pct,30-60cm,1.07
4319372,soc_pct,60-100cm,0.84
4319372,ph_h2o,0-5cm,5.1
4319372,ph_h2o,5-15cm,5.1
4319372,ph_h2o,15-30cm,5.1
4319372,ph_h2o,30-60cm,5.1
4319372,ph_h2o,60-100cm,5.1
4319372,bd_kg_dm3,0-5cm,1.12
4319372,bd_kg_dm3,5-15cm,1.15
4319372,bd_kg_dm3,15-30cm,1.21
4319372,bd_kg_dm3,30-60cm,1.28
4319372,bd_kg_dm3,60-100cm,1.3
4319372,cec_cmol_kg,0-5cm,25.7
4319372,cec_cmol_kg,5-15cm,18.1
4319372,cec_cmol_kg,15-30cm,18.6
4319372,cec_cmol_kg,30-60cm,18.6
4319372,cec_cmol_kg,60-100cm,15.9
4319406,clay_pct,0-5cm,23.5
4319406,clay_pct,5-15cm,25.1
4319406,clay_pct,15-30cm,27.8
4319406,clay_pct,30-60cm,37.0
4319406,clay_pct,60-100cm,38.7
4319406,sand_pct,0-5cm,45.4
4319406,sand_pct,5-15cm,42.0
4319406,sand_pct,15-30cm,39.1
4319406,sand_pct,30-60cm,33.0
4319406,sand_pct,60-100cm,31.2
4319406,silt_pct,0-5cm,31.1
4319406,silt_pct,5-15cm,32.9
4319406,silt_pct,15-30cm,33.1
4319406,silt_pct,30-60cm,30.0
4319406,silt_pct,60-100cm,30.0
4319406,soc_pct,0-5cm,4.72
4319406,soc_pct,5-15cm,1.44
4319406,soc_pct,15-30cm,1.65
4319406,soc_pct,30-60cm,0.84
4319406,soc_pct,60-100cm,0.82
4319406,ph_h2o,0-5cm,5.2
4319406,ph_h2o,5-15cm,5.2
4319406,ph_h2o,15-30cm,5.2
4319406,ph_h2o,30-60cm,5.2
4319406,ph_h2o,60-100cm,5.3
4319406,bd_kg_dm3,0-5cm,1.17
4319406,bd_kg_dm3,5-15cm,1.23
4319406,bd_kg_dm3,15-30cm,1.28
4319406,bd_kg_dm3,30-60cm,1.34
4319406,bd_kg_dm3,60-100cm,1.35
4319406,cec_cmol_kg,0-5cm,23.1
4319406,cec_cmol_kg,5-15cm,19.9
4319406,cec_cmol_kg,15-30cm,20.2
4319406,cec_cmol_kg,30-60cm,21.8
4319406,cec_cmol_kg,60-100cm,20.9
4319505,clay_pct,0-5cm,29.6
4319505,clay_pct,5-15cm,29.3
4319505,clay_pct,15-30cm,32.1
4319505,clay_pct,30-60cm,40.9
4319505,clay_pct,60-100cm,43.0
4319505,sand_pct,0-5cm,39.7
4319505,sand_pct,5-15cm,40.0
4319505,sand_pct,15-30cm,36.6
4319505,sand_pct,30-60cm,30.6
4319505,sand_pct,60-100cm,29.3
4319505,silt_pct,0-5cm,30.7
4319505,silt_pct,5-15cm,30.7
4319505,silt_pct,15-30cm,31.4
4319505,silt_pct,30-60cm,28.5
4319505,silt_pct,60-100cm,27.7
4319505,soc_pct,0-5cm,8.41
4319505,soc_pct,5-15cm,5.34
4319505,soc_pct,15-30cm,2.53
4319505,soc_pct,30-60cm,1.53
4319505,soc_pct,60-100cm,1.15
4319505,ph_h2o,0-5cm,5.0
4319505,ph_h2o,5-15cm,5.1
4319505,ph_h2o,15-30cm,5.2
4319505,ph_h2o,30-60cm,5.2
4319505,ph_h2o,60-100cm,5.2
4319505,bd_kg_dm3,0-5cm,1.11
4319505,bd_kg_dm3,5-15cm,1.14
4319505,bd_kg_dm3,15-30cm,1.18
4319505,bd_kg_dm3,30-60cm,1.25
4319505,bd_kg_dm3,60-100cm,1.27
4319505,cec_cmol_kg,0-5cm,24.4
4319505,cec_cmol_kg,5-15cm,16.9
4319505,cec_cmol_kg,15-30cm,17.3
4319505,cec_cmol_kg,30-60cm,18.0
4319505,cec_cmol_kg,60-100cm,17.9
4319604,clay_pct,0-5cm,28.8
4319604,clay_pct,5-15cm,28.9
4319604,clay_pct,15-30cm,27.6
4319604,clay_pct,30-60cm,36.7
4319604,clay_pct,60-100cm,39.3
4319604,sand_pct,0-5cm,44.1
4319604,sand_pct,5-15cm,46.3
4319604,sand_pct,15-30cm,46.4
4319604,sand_pct,30-60cm,39.4
4319604,sand_pct,60-100cm,38.0
4319604,silt_pct,0-5cm,27.1
4319604,silt_pct,5-15cm,24.9
4319604,silt_pct,15-30cm,25.9
4319604,silt_pct,30-60cm,23.9
4319604,silt_pct,60-100cm,22.8
4319604,soc_pct,0-5cm,4.62
4319604,soc_pct,5-15cm,1.81
4319604,soc_pct,15-30cm,1.55
4319604,soc_pct,30-60cm,1.04
4319604,soc_pct,60-100cm,0.63
4319604,ph_h2o,0-5cm,5.2
4319604,ph_h2o,5-15cm,5.2
4319604,ph_h2o,15-30cm,5.2
4319604,ph_h2o,30-60cm,5.2
4319604,ph_h2o,60-100cm,5.2
4319604,bd_kg_dm3,0-5cm,1.12
4319604,bd_kg_dm3,5-15cm,1.19
4319604,bd_kg_dm3,15-30cm,1.23
4319604,bd_kg_dm3,30-60cm,1.31
4319604,bd_kg_dm3,60-100cm,1.34
4319604,cec_cmol_kg,0-5cm,19.3
4319604,cec_cmol_kg,5-15cm,14.1
4319604,cec_cmol_kg,15-30cm,14.0
4319604,cec_cmol_kg,30-60cm,14.8
4319604,cec_cmol_kg,60-100cm,14.7
4312609,clay_pct,0-5cm,34.0
4312609,clay_pct,5-15cm,33.5
4312609,clay_pct,15-30cm,33.9
4312609,clay_pct,30-60cm,44.8
4312609,clay_pct,60-100cm,47.9
4312609,sand_pct,0-5cm,29.7
4312609,sand_pct,5-15cm,30.5
4312609,sand_pct,15-30cm,28.4
4312609,sand_pct,30-60cm,23.0
4312609,sand_pct,60-100cm,21.6
4312609,silt_pct,0-5cm,36.3
4312609,silt_pct,5-15cm,36.0
4312609,silt_pct,15-30cm,37.7
4312609,silt_pct,30-60cm,32.2
4312609,silt_pct,60-100cm,30.6
4312609,soc_pct,0-5cm,7.42
4312609,soc_pct,5-15cm,2.74
4312609,soc_pct,15-30cm,2.62
4312609,soc_pct,30-60cm,1.87
4312609,soc_pct,60-100cm,1.37
4312609,ph_h2o,0-5cm,5.4
4312609,ph_h2o,5-15cm,5.4
4312609,ph_h2o,15-30cm,5.3
4312609,ph_h2o,30-60cm,5.3
4312609,ph_h2o,60-100cm,5.2
4312609,bd_kg_dm3,0-5cm,1.09
4312609,bd_kg_dm3,5-15cm,1.12
4312609,bd_kg_dm3,15-30cm,1.17
4312609,bd_kg_dm3,30-60cm,1.24
4312609,bd_kg_dm3,60-100cm,1.28
4312609,cec_cmol_kg,0-5cm,21.4
4312609,cec_cmol_kg,5-15cm,17.8
4312609,cec_cmol_kg,15-30cm,17.3
4312609,cec_cmol_kg,30-60cm,18.3
4312609,cec_cmol_kg,60-100cm,17.4
4318507,clay_pct,0-5cm,
4318507,clay_pct,5-15cm,
4318507,clay_pct,15-30cm,
4318507,clay_pct,30-60cm,
4318507,clay_pct,60-100cm,
4318507,sand_pct,0-5cm,
4318507,sand_pct,5-15cm,
4318507,sand_pct,15-30cm,
4318507,sand_pct,30-60cm,
4318507,sand_pct,60-100cm,
4318507,silt_pct,0-5cm,
4318507,silt_pct,5-15cm,
4318507,silt_pct,15-30cm,
4318507,silt_pct,30-60cm,
4318507,silt_pct,60-100cm,
4318507,soc_pct,0-5cm,
4318507,soc_pct,5-15cm,
4318507,soc_pct,15-30cm,
4318507,soc_pct,30-60cm,
4318507,soc_pct,60-100cm,
4318507,ph_h2o,0-5cm,
4318507,ph_h2o,5-15cm,
4318507,ph_h2o,15-30cm,
4318507,ph_h2o,30-60cm,
4318507,ph_h2o,60-100cm,
4318507,bd_kg_dm3,0-5cm,
4318507,bd_kg_dm3,5-15cm,
4318507,bd_kg_dm3,15-30cm,
4318507,bd_kg_dm3,30-60cm,
4318507,bd_kg_dm3,60-100cm,
4318507,cec_cmol_kg,0-5cm,
4318507,cec_cmol_kg,5-15cm,
4318507,cec_cmol_kg,15-30cm,
4318507,cec_cmol_kg,30-60cm,
4318507,cec_cmol_kg,60-100cm,
4319737,clay_pct,0-5cm,50.3
4319737,clay_pct,5-15cm,50.5
4319737,clay_pct,15-30cm,52.6
4319737,clay_pct,30-60cm,56.7
4319737,clay_pct,60-100cm,57.7
4319737,sand_pct,0-5cm,21.8
4319737,sand_pct,5-15cm,22.3
4319737,sand_pct,15-30cm,22.4
4319737,sand_pct,30-60cm,20.5
4319737,sand_pct,60-100cm,20.2
4319737,silt_pct,0-5cm,27.8
4319737,silt_pct,5-15cm,27.2
4319737,silt_pct,15-30cm,24.9
4319737,silt_pct,30-60cm,22.8
4319737,silt_pct,60-100cm,22.1
4319737,soc_pct,0-5cm,4.13
4319737,soc_pct,5-15cm,2.25
4319737,soc_pct,15-30cm,1.61
4319737,soc_pct,30-60cm,0.95
4319737,soc_pct,60-100cm,0.64
4319737,ph_h2o,0-5cm,5.2
4319737,ph_h2o,5-15cm,5.2
4319737,ph_h2o,15-30cm,5.2
4319737,ph_h2o,30-60cm,5.2
4319737,ph_h2o,60-100cm,5.2
4319737,bd_kg_dm3,0-5cm,1.07
4319737,bd_kg_dm3,5-15cm,1.1
4319737,bd_kg_dm3,15-30cm,1.15
4319737,bd_kg_dm3,30-60cm,1.18
4319737,bd_kg_dm3,60-100cm,1.2
4319737,cec_cmol_kg,0-5cm,24.9
4319737,cec_cmol_kg,5-15cm,20.6
4319737,cec_cmol_kg,15-30cm,20.7
4319737,cec_cmol_kg,30-60cm,20.5
4319737,cec_cmol_kg,60-100cm,17.5
4319752,clay_pct,0-5cm,31.4
4319752,clay_pct,5-15cm,31.3
4319752,clay_pct,15-30cm,36.1
4319752,clay_pct,30-60cm,46.7
4319752,clay_pct,60-100cm,50.9
4319752,sand_pct,0-5cm,32.2
4319752,sand_pct,5-15cm,33.0
4319752,sand_pct,15-30cm,30.2
4319752,sand_pct,30-60cm,24.4
4319752,sand_pct,60-100cm,21.3
4319752,silt_pct,0-5cm,36.4
4319752,silt_pct,5-15cm,35.6
4319752,silt_pct,15-30cm,33.7
4319752,silt_pct,30-60cm,28.9
4319752,silt_pct,60-100cm,27.9
4319752,soc_pct,0-5cm,6.62
4319752,soc_pct,5-15cm,2.52
4319752,soc_pct,15-30cm,2.84
4319752,soc_pct,30-60cm,1.92
4319752,soc_pct,60-100cm,1.37
4319752,ph_h2o,0-5cm,5.2
4319752,ph_h2o,5-15cm,5.2
4319752,ph_h2o,15-30cm,5.2
4319752,ph_h2o,30-60cm,5.2
4319752,ph_h2o,60-100cm,5.2
4319752,bd_kg_dm3,0-5cm,1.08
4319752,bd_kg_dm3,5-15cm,1.1
4319752,bd_kg_dm3,15-30cm,1.14
4319752,bd_kg_dm3,30-60cm,1.19
4319752,bd_kg_dm3,60-100cm,1.24
4319752,cec_cmol_kg,0-5cm,18.9
4319752,cec_cmol_kg,5-15cm,15.7
4319752,cec_cmol_kg,15-30cm,16.7
4319752,cec_cmol_kg,30-60cm,17.2
4319752,cec_cmol_kg,60-100cm,17.0
4319802,clay_pct,0-5cm,25.4
4319802,clay_pct,5-15cm,27.2
4319802,clay_pct,15-30cm,31.7
4319802,clay_pct,30-60cm,36.8
4319802,clay_pct,60-100cm,38.8
4319802,sand_pct,0-5cm,41.4
4319802,sand_pct,5-15cm,42.2
4319802,sand_pct,15-30cm,40.1
4319802,sand_pct,30-60cm,36.4
4319802,sand_pct,60-100cm,35.1
4319802,silt_pct,0-5cm,33.3
4319802,silt_pct,5-15cm,30.6
4319802,silt_pct,15-30cm,28.2
4319802,silt_pct,30-60cm,26.7
4319802,silt_pct,60-100cm,26.1
4319802,soc_pct,0-5cm,4.58
4319802,soc_pct,5-15cm,1.53
4319802,soc_pct,15-30cm,1.42
4319802,soc_pct,30-60cm,0.95
4319802,soc_pct,60-100cm,0.77
4319802,ph_h2o,0-5cm,5.4
4319802,ph_h2o,5-15cm,5.4
4319802,ph_h2o,15-30cm,5.4
4319802,ph_h2o,30-60cm,5.5
4319802,ph_h2o,60-100cm,5.5
4319802,bd_kg_dm3,0-5cm,1.31
4319802,bd_kg_dm3,5-15cm,1.38
4319802,bd_kg_dm3,15-30cm,1.48
4319802,bd_kg_dm3,30-60cm,1.54
4319802,bd_kg_dm3,60-100cm,1.55
4319802,cec_cmol_kg,0-5cm,22.2
4319802,cec_cmol_kg,5-15cm,19.5
4319802,cec_cmol_kg,15-30cm,19.1
4319802,cec_cmol_kg,30-60cm,20.7
4319802,cec_cmol_kg,60-100cm,20.9
4319901,clay_pct,0-5cm,
4319901,clay_pct,5-15cm,
4319901,clay_pct,15-30cm,
4319901,clay_pct,30-60cm,
4319901,clay_pct,60-100cm,
4319901,sand_pct,0-5cm,
4319901,sand_pct,5-15cm,
4319901,sand_pct,15-30cm,
4319901,sand_pct,30-60cm,
4319901,sand_pct,60-100cm,
4319901,silt_pct,0-5cm,
4319901,silt_pct,5-15cm,
4319901,silt_pct,15-30cm,
4319901,silt_pct,30-60cm,
4319901,silt_pct,60-100cm,
4319901,soc_pct,0-5cm,
4319901,soc_pct,5-15cm,
4319901,soc_pct,15-30cm,
4319901,soc_pct,30-60cm,
4319901,soc_pct,60-100cm,
4319901,ph_h2o,0-5cm,
4319901,ph_h2o,5-15cm,
4319901,ph_h2o,15-30cm,
4319901,ph_h2o,30-60cm,
4319901,ph_h2o,60-100cm,
4319901,bd_kg_dm3,0-5cm,
4319901,bd_kg_dm3,5-15cm,
4319901,bd_kg_dm3,15-30cm,
4319901,bd_kg_dm3,30-60cm,
4319901,bd_kg_dm3,60-100cm,
4319901,cec_cmol_kg,0-5cm,
4319901,cec_cmol_kg,5-15cm,
4319901,cec_cmol_kg,15-30cm,
4319901,cec_cmol_kg,30-60cm,
4319901,cec_cmol_kg,60-100cm,
4320008,clay_pct,0-5cm,
4320008,clay_pct,5-15cm,
4320008,clay_pct,15-30cm,
4320008,clay_pct,30-60cm,
4320008,clay_pct,60-100cm,
4320008,sand_pct,0-5cm,
4320008,sand_pct,5-15cm,
4320008,sand_pct,15-30cm,
4320008,sand_pct,30-60cm,
4320008,sand_pct,60-100cm,
4320008,silt_pct,0-5cm,
4320008,silt_pct,5-15cm,
4320008,silt_pct,15-30cm,
4320008,silt_pct,30-60cm,
4320008,silt_pct,60-100cm,
4320008,soc_pct,0-5cm,
4320008,soc_pct,5-15cm,
4320008,soc_pct,15-30cm,
4320008,soc_pct,30-60cm,
4320008,soc_pct,60-100cm,
4320008,ph_h2o,0-5cm,
4320008,ph_h2o,5-15cm,
4320008,ph_h2o,15-30cm,
4320008,ph_h2o,30-60cm,
4320008,ph_h2o,60-100cm,
4320008,bd_kg_dm3,0-5cm,
4320008,bd_kg_dm3,5-15cm,
4320008,bd_kg_dm3,15-30cm,
4320008,bd_kg_dm3,30-60cm,
4320008,bd_kg_dm3,60-100cm,
4320008,cec_cmol_kg,0-5cm,
4320008,cec_cmol_kg,5-15cm,
4320008,cec_cmol_kg,15-30cm,
4320008,cec_cmol_kg,30-60cm,
4320008,cec_cmol_kg,60-100cm,
4320107,clay_pct,0-5cm,43.1
4320107,clay_pct,5-15cm,43.2
4320107,clay_pct,15-30cm,45.2
4320107,clay_pct,30-60cm,51.0
4320107,clay_pct,60-100cm,51.3
4320107,sand_pct,0-5cm,22.2
4320107,sand_pct,5-15cm,22.4
4320107,sand_pct,15-30cm,21.3
4320107,sand_pct,30-60cm,18.8
4320107,sand_pct,60-100cm,18.5
4320107,silt_pct,0-5cm,34.7
4320107,silt_pct,5-15cm,34.4
4320107,silt_pct,15-30cm,33.4
4320107,silt_pct,30-60cm,30.2
4320107,silt_pct,60-100cm,30.2
4320107,soc_pct,0-5cm,5.62
4320107,soc_pct,5-15cm,2.92
4320107,soc_pct,15-30cm,2.31
4320107,soc_pct,30-60cm,1.3
4320107,soc_pct,60-100cm,0.97
4320107,ph_h2o,0-5cm,5.1
4320107,ph_h2o,5-15cm,5.0
4320107,ph_h2o,15-30cm,5.0
4320107,ph_h2o,30-60cm,5.1
4320107,ph_h2o,60-100cm,5.1
4320107,bd_kg_dm3,0-5cm,1.0
4320107,bd_kg_dm3,5-15cm,1.04
4320107,bd_kg_dm3,15-30cm,1.09
4320107,bd_kg_dm3,30-60cm,1.13
4320107,bd_kg_dm3,60-100cm,1.15
4320107,cec_cmol_kg,0-5cm,22.9
4320107,cec_cmol_kg,5-15cm,18.2
4320107,cec_cmol_kg,15-30cm,16.8
4320107,cec_cmol_kg,30-60cm,17.4
4320107,cec_cmol_kg,60-100cm,16.3
4320206,clay_pct,0-5cm,46.6
4320206,clay_pct,5-15cm,48.2
4320206,clay_pct,15-30cm,49.3
4320206,clay_pct,30-60cm,54.1
4320206,clay_pct,60-100cm,53.8
4320206,sand_pct,0-5cm,20.2
4320206,sand_pct,5-15cm,19.6
4320206,sand_pct,15-30cm,18.7
4320206,sand_pct,30-60cm,16.8
4320206,sand_pct,60-100cm,16.9
4320206,silt_pct,0-5cm,33.2
4320206,silt_pct,5-15cm,32.2
4320206,silt_pct,15-30cm,32.1
4320206,silt_pct,30-60cm,29.1
4320206,silt_pct,60-100cm,29.4
4320206,soc_pct,0-5cm,6.13
4320206,soc_pct,5-15cm,2.96
4320206,soc_pct,15-30cm,2.15
4320206,soc_pct,30-60cm,1.47
4320206,soc_pct,60-100cm,1.29
4320206,ph_h2o,0-5cm,5.2
4320206,ph_h2o,5-15cm,5.2
4320206,ph_h2o,15-30cm,5.2
4320206,ph_h2o,30-60cm,5.1
4320206,ph_h2o,60-100cm,5.1
4320206,bd_kg_dm3,0-5cm,0.97
4320206,bd_kg_dm3,5-15cm,1.0
4320206,bd_kg_dm3,15-30cm,1.05
4320206,bd_kg_dm3,30-60cm,1.14
4320206,bd_kg_dm3,60-100cm,1.18
4320206,cec_cmol_kg,0-5cm,22.1
4320206,cec_cmol_kg,5-15cm,15.0
4320206,cec_cmol_kg,15-30cm,14.6
4320206,cec_cmol_kg,30-60cm,15.2
4320206,cec_cmol_kg,60-100cm,14.8
4320230,clay_pct,0-5cm,45.6
4320230,clay_pct,5-15cm,46.2
4320230,clay_pct,15-30cm,48.0
4320230,clay_pct,30-60cm,54.0
4320230,clay_pct,60-100cm,55.6
4320230,sand_pct,0-5cm,23.5
4320230,sand_pct,5-15cm,23.2
4320230,sand_pct,15-30cm,24.5
4320230,sand_pct,30-60cm,22.0
4320230,sand_pct,60-100cm,21.2
4320230,silt_pct,0-5cm,31.0
4320230,silt_pct,5-15cm,30.5
4320230,silt_pct,15-30cm,27.5
4320230,silt_pct,30-60cm,23.9
4320230,silt_pct,60-100cm,23.2
4320230,soc_pct,0-5cm,5.52
4320230,soc_pct,5-15cm,2.91
4320230,soc_pct,15-30cm,2.13
4320230,soc_pct,30-60cm,0.97
4320230,soc_pct,60-100cm,0.6
4320230,ph_h2o,0-5cm,5.1
4320230,ph_h2o,5-15cm,5.1
4320230,ph_h2o,15-30cm,5.1
4320230,ph_h2o,30-60cm,5.1
4320230,ph_h2o,60-100cm,5.2
4320230,bd_kg_dm3,0-5cm,1.08
4320230,bd_kg_dm3,5-15cm,1.11
4320230,bd_kg_dm3,15-30cm,1.17
4320230,bd_kg_dm3,30-60cm,1.24
4320230,bd_kg_dm3,60-100cm,1.26
4320230,cec_cmol_kg,0-5cm,23.9
4320230,cec_cmol_kg,5-15cm,20.6
4320230,cec_cmol_kg,15-30cm,19.5
4320230,cec_cmol_kg,30-60cm,18.9
4320230,cec_cmol_kg,60-100cm,17.1
4320263,clay_pct,0-5cm,35.4
4320263,clay_pct,5-15cm,34.9
4320263,clay_pct,15-30cm,41.4
4320263,clay_pct,30-60cm,50.4
4320263,clay_pct,60-100cm,51.7
4320263,sand_pct,0-5cm,25.7
4320263,sand_pct,5-15cm,26.4
4320263,sand_pct,15-30cm,23.0
4320263,sand_pct,30-60cm,17.9
4320263,sand_pct,60-100cm,16.4
4320263,silt_pct,0-5cm,38.9
4320263,silt_pct,5-15cm,38.7
4320263,silt_pct,15-30cm,35.6
4320263,silt_pct,30-60cm,31.7
4320263,silt_pct,60-100cm,31.9
4320263,soc_pct,0-5cm,5.9
4320263,soc_pct,5-15cm,2.29
4320263,soc_pct,15-30cm,1.64
4320263,soc_pct,30-60cm,0.95
4320263,soc_pct,60-100cm,0.66
4320263,ph_h2o,0-5cm,5.1
4320263,ph_h2o,5-15cm,5.1
4320263,ph_h2o,15-30cm,5.1
4320263,ph_h2o,30-60cm,5.0
4320263,ph_h2o,60-100cm,5.1
4320263,bd_kg_dm3,0-5cm,1.09
4320263,bd_kg_dm3,5-15cm,1.12
4320263,bd_kg_dm3,15-30cm,1.14
4320263,bd_kg_dm3,30-60cm,1.22
4320263,bd_kg_dm3,60-100cm,1.27
4320263,cec_cmol_kg,0-5cm,19.4
4320263,cec_cmol_kg,5-15cm,16.3
4320263,cec_cmol_kg,15-30cm,15.1
4320263,cec_cmol_kg,30-60cm,15.6
4320263,cec_cmol_kg,60-100cm,14.7
4320305,clay_pct,0-5cm,49.8
4320305,clay_pct,5-15cm,49.8
4320305,clay_pct,15-30cm,53.5
4320305,clay_pct,30-60cm,58.8
4320305,clay_pct,60-100cm,61.0
4320305,sand_pct,0-5cm,24.7
4320305,sand_pct,5-15cm,24.6
4320305,sand_pct,15-30cm,22.4
4320305,sand_pct,30-60cm,19.9
4320305,sand_pct,60-100cm,19.3
4320305,silt_pct,0-5cm,25.5
4320305,silt_pct,5-15cm,25.7
4320305,silt_pct,15-30cm,24.1
4320305,silt_pct,30-60cm,21.4
4320305,silt_pct,60-100cm,19.7
4320305,ph_h2o,0-5cm,5.2
4320305,ph_h2o,5-15cm,5.2
4320305,ph_h2o,15-30cm,5.1
4320305,ph_h2o,30-60cm,5.1
4320305,ph_h2o,60-100cm,5.1
4320305,bd_kg_dm3,0-5cm,1.18
4320305,bd_kg_dm3,5-15cm,1.25
4320305,bd_kg_dm3,15-30cm,1.3
4320305,bd_kg_dm3,30-60cm,1.33
4320305,bd_kg_dm3,60-100cm,1.35
4320305,cec_cmol_kg,0-5cm,23.5
4320305,cec_cmol_kg,5-15cm,21.6
4320305,cec_cmol_kg,15-30cm,21.8
4320305,cec_cmol_kg,30-60cm,21.5
4320305,cec_cmol_kg,60-100cm,20.6
4320321,clay_pct,0-5cm,46.4
4320321,clay_pct,5-15cm,45.8
4320321,clay_pct,15-30cm,48.1
4320321,clay_pct,30-60cm,51.0
4320321,clay_pct,60-100cm,51.1
4320321,sand_pct,0-5cm,23.6
4320321,sand_pct,5-15cm,23.7
4320321,sand_pct,15-30cm,23.6
4320321,sand_pct,30-60cm,22.2
4320321,sand_pct,60-100cm,22.5
4320321,silt_pct,0-5cm,30.0
4320321,silt_pct,5-15cm,30.5
4320321,silt_pct,15-30cm,28.3
4320321,silt_pct,30-60cm,26.8
4320321,silt_pct,60-100cm,26.4
4320321,soc_pct,0-5cm,5.4
4320321,soc_pct,5-15cm,2.54
4320321,soc_pct,15-30cm,2.34
4320321,soc_pct,30-60cm,1.8
4320321,soc_pct,60-100cm,1.57
4320321,ph_h2o,0-5cm,5.2
4320321,ph_h2o,5-15cm,5.2
4320321,ph_h2o,15-30cm,5.2
4320321,ph_h2o,30-60cm,5.2
4320321,ph_h2o,60-100cm,5.2
4320321,bd_kg_dm3,0-5cm,1.13
4320321,bd_kg_dm3,5-15cm,1.16
4320321,bd_kg_dm3,15-30cm,1.22
4320321,bd_kg_dm3,30-60cm,1.28
4320321,bd_kg_dm3,60-100cm,1.31
4320321,cec_cmol_kg,0-5cm,25.2
4320321,cec_cmol_kg,5-15cm,18.3
4320321,cec_cmol_kg,15-30cm,17.5
4320321,cec_cmol_kg,30-60cm,16.9
4320321,cec_cmol_kg,60-100cm,15.5
4320354,clay_pct,0-5cm,27.7
4320354,clay_pct,5-15cm,26.4
4320354,clay_pct,15-30cm,32.5
4320354,clay_pct,30-60cm,47.8
4320354,clay_pct,60-100cm,47.9
4320354,sand_pct,0-5cm,48.1
4320354,sand_pct,5-15cm,49.3
4320354,sand_pct,15-30cm,44.6
4320354,sand_pct,30-60cm,32.6
4320354,sand_pct,60-100cm,31.1
4320354,silt_pct,0-5cm,24.2
4320354,silt_pct,5-15cm,24.2
4320354,silt_pct,15-30cm,22.9
4320354,silt_pct,30-60cm,19.6
4320354,silt_pct,60-100cm,21.0
4320354,soc_pct,0-5cm,6.45
4320354,soc_pct,5-15cm,2.28
4320354,soc_pct,15-30cm,1.76
4320354,soc_pct,30-60cm,1.01
4320354,soc_pct,60-100cm,0.65
4320354,ph_h2o,0-5cm,5.0
4320354,ph_h2o,5-15cm,5.1
4320354,ph_h2o,15-30cm,5.1
4320354,ph_h2o,30-60cm,5.2
4320354,ph_h2o,60-100cm,5.3
4320354,bd_kg_dm3,0-5cm,1.16
4320354,bd_kg_dm3,5-15cm,1.2
4320354,bd_kg_dm3,15-30cm,1.24
4320354,bd_kg_dm3,30-60cm,1.31
4320354,bd_kg_dm3,60-100cm,1.36
4320354,cec_cmol_kg,0-5cm,18.9
4320354,cec_cmol_kg,5-15cm,15.9
4320354,cec_cmol_kg,15-30cm,16.0
4320354,cec_cmol_kg,30-60cm,16.7
4320354,cec_cmol_kg,60-100cm,16.9
4320404,clay_pct,0-5cm,49.2
4320404,clay_pct,5-15cm,49.2
4320404,clay_pct,15-30cm,51.4
4320404,clay_pct,30-60cm,55.6
4320404,clay_pct,60-100cm,57.9
4320404,sand_pct,0-5cm,16.3
4320404,sand_pct,5-15cm,16.8
4320404,sand_pct,15-30cm,16.1
4320404,sand_pct,30-60cm,14.0
4320404,sand_pct,60-100cm,12.9
4320404,silt_pct,0-5cm,34.5
4320404,silt_pct,5-15cm,34.0
4320404,silt_pct,15-30cm,32.5
4320404,silt_pct,30-60cm,30.4
4320404,silt_pct,60-100cm,29.2
4320404,soc_pct,0-5cm,5.98
4320404,soc_pct,5-15cm,2.4
4320404,soc_pct,15-30cm,1.84
4320404,soc_pct,30-60cm,1.33
4320404,soc_pct,60-100cm,1.18
4320404,ph_h2o,0-5cm,5.1
4320404,ph_h2o,5-15cm,5.1
4320404,ph_h2o,15-30cm,5.1
4320404,ph_h2o,30-60cm,5.2
4320404,ph_h2o,60-100cm,5.1
4320404,bd_kg_dm3,0-5cm,0.99
4320404,bd_kg_dm3,5-15cm,1.02
4320404,bd_kg_dm3,15-30cm,1.08
4320404,bd_kg_dm3,30-60cm,1.12
4320404,bd_kg_dm3,60-100cm,1.16
4320404,cec_cmol_kg,0-5cm,25.6
4320404,cec_cmol_kg,5-15cm,23.5
4320404,cec_cmol_kg,15-30cm,22.7
4320404,cec_cmol_kg,30-60cm,21.6
4320404,cec_cmol_kg,60-100cm,20.7
4320453,clay_pct,0-5cm,30.4
4320453,clay_pct,5-15cm,30.6
4320453,clay_pct,15-30cm,40.3
4320453,clay_pct,30-60cm,51.2
4320453,clay_pct,60-100cm,51.5
4320453,sand_pct,0-5cm,32.5
4320453,sand_pct,5-15cm,32.0
4320453,sand_pct,15-30cm,27.0
4320453,sand_pct,30-60cm,21.3
4320453,sand_pct,60-100cm,20.4
4320453,silt_pct,0-5cm,37.1
4320453,silt_pct,5-15cm,37.4
4320453,silt_pct,15-30cm,32.7
4320453,silt_pct,30-60cm,27.5
4320453,silt_pct,60-100cm,28.1
4320453,soc_pct,0-5cm,6.21
4320453,soc_pct,5-15cm,3.85
4320453,soc_pct,15-30cm,3.3
4320453,soc_pct,30-60cm,1.64
4320453,soc_pct,60-100cm,0.99
4320453,ph_h2o,0-5cm,5.3
4320453,ph_h2o,5-15cm,5.3
4320453,ph_h2o,15-30cm,5.3
4320453,ph_h2o,30-60cm,5.3
4320453,ph_h2o,60-100cm,5.3
4320453,bd_kg_dm3,0-5cm,1.01
4320453,bd_kg_dm3,5-15cm,1.03
4320453,bd_kg_dm3,15-30cm,1.09
4320453,bd_kg_dm3,30-60cm,1.18
4320453,bd_kg_dm3,60-100cm,1.21
4320453,cec_cmol_kg,0-5cm,21.8
4320453,cec_cmol_kg,5-15cm,21.1
4320453,cec_cmol_kg,15-30cm,20.2
4320453,cec_cmol_kg,30-60cm,20.2
4320453,cec_cmol_kg,60-100cm,19.1
4319703,clay_pct,0-5cm,46.2
4319703,clay_pct,5-15cm,46.8
4319703,clay_pct,15-30cm,50.0
4319703,clay_pct,30-60cm,52.5
4319703,clay_pct,60-100cm,52.7
4319703,sand_pct,0-5cm,19.1
4319703,sand_pct,5-15cm,19.0
4319703,sand_pct,15-30cm,17.9
4319703,sand_pct,30-60cm,16.9
4319703,sand_pct,60-100cm,17.1
4319703,silt_pct,0-5cm,34.7
4319703,silt_pct,5-15cm,34.2
4319703,silt_pct,15-30cm,32.1
4319703,silt_pct,30-60cm,30.7
4319703,silt_pct,60-100cm,30.2
4319703,soc_pct,0-5cm,6.06
4319703,soc_pct,5-15cm,4.32
4319703,soc_pct,15-30cm,3.14
4319703,soc_pct,30-60cm,2.46
4319703,soc_pct,60-100cm,2.5
4319703,ph_h2o,0-5cm,5.1
4319703,ph_h2o,5-15cm,5.1
4319703,ph_h2o,15-30cm,5.1
4319703,ph_h2o,30-60cm,5.1
4319703,ph_h2o,60-100cm,5.1
4319703,bd_kg_dm3,0-5cm,0.96
4319703,bd_kg_dm3,5-15cm,0.98
4319703,bd_kg_dm3,15-30cm,1.04
4319703,bd_kg_dm3,30-60cm,1.09
4319703,bd_kg_dm3,60-100cm,1.12
4319703,cec_cmol_kg,0-5cm,20.9
4319703,cec_cmol_kg,5-15cm,16.3
4319703,cec_cmol_kg,15-30cm,14.5
4319703,cec_cmol_kg,30-60cm,13.8
4319703,cec_cmol_kg,60-100cm,13.1
4320552,clay_pct,0-5cm,30.6
4320552,clay_pct,5-15cm,29.8
4320552,clay_pct,15-30cm,34.3
4320552,clay_pct,30-60cm,51.1
4320552,clay_pct,60-100cm,53.0
4320552,sand_pct,0-5cm,43.9
4320552,sand_pct,5-15cm,45.0
4320552,sand_pct,15-30cm,40.5
4320552,sand_pct,30-60cm,27.7
4320552,sand_pct,60-100cm,26.2
4320552,soc_pct,0-5cm,7.19
4320552,soc_pct,5-15cm,2.63
4320552,soc_pct,15-30cm,2.04
4320552,soc_pct,30-60cm,1.12
4320552,soc_pct,60-100cm,0.82
4320552,ph_h2o,0-5cm,5.2
4320552,ph_h2o,5-15cm,5.2
4320552,ph_h2o,15-30cm,5.2
4320552,ph_h2o,30-60cm,5.2
4320552,ph_h2o,60-100cm,5.3
4320552,bd_kg_dm3,0-5cm,1.12
4320552,bd_kg_dm3,5-15cm,1.17
4320552,bd_kg_dm3,15-30cm,1.19
4320552,bd_kg_dm3,30-60cm,1.26
4320552,bd_kg_dm3,60-100cm,1.32
4320552,cec_cmol_kg,0-5cm,18.6
4320552,cec_cmol_kg,5-15cm,15.3
4320552,cec_cmol_kg,15-30cm,16.2
4320552,cec_cmol_kg,30-60cm,18.0
4320552,cec_cmol_kg,60-100cm,17.8
4320578,clay_pct,0-5cm,43.7
4320578,clay_pct,5-15cm,45.5
4320578,clay_pct,15-30cm,47.0
4320578,clay_pct,30-60cm,51.5
4320578,clay_pct,60-100cm,52.2
4320578,sand_pct,0-5cm,21.4
4320578,sand_pct,5-15cm,20.9
4320578,sand_pct,15-30cm,21.7
4320578,sand_pct,30-60cm,20.2
4320578,sand_pct,60-100cm,19.6
4320578,silt_pct,0-5cm,35.0
4320578,silt_pct,5-15cm,33.6
4320578,silt_pct,15-30cm,31.3
4320578,silt_pct,30-60cm,28.3
4320578,silt_pct,60-100cm,28.2
4320578,soc_pct,0-5cm,5.59
4320578,soc_pct,5-15cm,2.89
4320578,soc_pct,15-30cm,2.02
4320578,soc_pct,30-60cm,1.51
4320578,soc_pct,60-100cm,1.31
4320578,ph_h2o,0-5cm,5.1
4320578,ph_h2o,5-15cm,5.1
4320578,ph_h2o,15-30cm,5.1
4320578,ph_h2o,30-60cm,5.2
4320578,ph_h2o,60-100cm,5.2
4320578,bd_kg_dm3,0-5cm,1.06
4320578,bd_kg_dm3,5-15cm,1.11
4320578,bd_kg_dm3,15-30cm,1.15
4320578,bd_kg_dm3,30-60cm,1.21
4320578,bd_kg_dm3,60-100cm,1.26
4320578,cec_cmol_kg,0-5cm,23.1
4320578,cec_cmol_kg,5-15cm,16.9
4320578,cec_cmol_kg,15-30cm,15.8
4320578,cec_cmol_kg,30-60cm,16.0
4320578,cec_cmol_kg,60-100cm,15.3
4320602,clay_pct,0-5cm,45.8
4320602,clay_pct,5-15cm,45.7
4320602,clay_pct,15-30cm,47.6
4320602,clay_pct,30-60cm,52.5
4320602,clay_pct,60-100cm,53.7
4320602,sand_pct,0-5cm,21.9
4320602,sand_pct,5-15cm,22.1
4320602,sand_pct,15-30cm,21.0
4320602,sand_pct,30-60cm,19.4
4320602,sand_pct,60-100cm,19.1
4320602,silt_pct,0-5cm,32.3
4320602,silt_pct,5-15cm,32.2
4320602,silt_pct,15-30cm,31.4
4320602,silt_pct,30-60cm,28.1
4320602,silt_pct,60-100cm,27.2
4320602,soc_pct,0-5cm,6.69
4320602,soc_pct,5-15cm,2.86
4320602,soc_pct,15-30cm,2.51
4320602,soc_pct,30-60cm,1.4
4320602,soc_pct,60-100cm,1.46
4320602,ph_h2o,0-5cm,5.2
4320602,ph_h2o,5-15cm,5.2
4320602,ph_h2o,15-30cm,5.2
4320602,ph_h2o,30-60cm,5.2
4320602,ph_h2o,60-100cm,5.2
4320602,bd_kg_dm3,0-5cm,0.96
4320602,bd_kg_dm3,5-15cm,0.99
4320602,bd_kg_dm3,15-30cm,1.04
4320602,bd_kg_dm3,30-60cm,1.07
4320602,bd_kg_dm3,60-100cm,1.11
4320602,cec_cmol_kg,0-5cm,19.7
4320602,cec_cmol_kg,5-15cm,16.7
4320602,cec_cmol_kg,15-30cm,16.7
4320602,cec_cmol_kg,30-60cm,17.0
4320602,cec_cmol_kg,60-100cm,16.3
4320651,clay_pct,0-5cm,36.9
4320651,clay_pct,5-15cm,37.5
4320651,clay_pct,15-30cm,39.9
4320651,clay_pct,30-60cm,45.1
4320651,clay_pct,60-100cm,47.5
4320651,sand_pct,0-5cm,26.2
4320651,sand_pct,5-15cm,27.7
4320651,sand_pct,15-30cm,26.2
4320651,sand_pct,30-60cm,23.4
4320651,sand_pct,60-100cm,21.4
4320651,silt_pct,0-5cm,36.9
4320651,silt_pct,5-15cm,34.8
4320651,silt_pct,15-30cm,33.9
4320651,silt_pct,30-60cm,31.6
4320651,silt_pct,60-100cm,31.1
4320651,soc_pct,0-5cm,6.63
4320651,soc_pct,5-15cm,2.59
4320651,soc_pct,15-30cm,2.49
4320651,soc_pct,30-60cm,1.27
4320651,soc_pct,60-100cm,1.1
4320651,ph_h2o,0-5cm,5.2
4320651,ph_h2o,5-15cm,5.2
4320651,ph_h2o,15-30cm,5.2
4320651,ph_h2o,30-60cm,5.2
4320651,ph_h2o,60-100cm,5.2
4320651,bd_kg_dm3,0-5cm,1.09
4320651,bd_kg_dm3,5-15cm,1.11
4320651,bd_kg_dm3,15-30cm,1.15
4320651,bd_kg_dm3,30-60cm,1.21
4320651,bd_kg_dm3,60-100cm,1.26
4320651,cec_cmol_kg,0-5cm,21.8
4320651,cec_cmol_kg,5-15cm,16.7
4320651,cec_cmol_kg,15-30cm,16.1
4320651,cec_cmol_kg,30-60cm,16.4
4320651,cec_cmol_kg,60-100cm,16.5
4320677,clay_pct,0-5cm,31.2
4320677,clay_pct,5-15cm,30.7
4320677,clay_pct,15-30cm,38.0
4320677,clay_pct,30-60cm,47.9
4320677,clay_pct,60-100cm,49.1
4320677,sand_pct,0-5cm,30.8
4320677,sand_pct,5-15cm,31.0
4320677,sand_pct,15-30cm,27.7
4320677,sand_pct,30-60cm,22.4
4320677,sand_pct,60-100cm,21.5
4320677,silt_pct,0-5cm,37.9
4320677,silt_pct,5-15cm,38.3
4320677,silt_pct,15-30cm,34.2
4320677,silt_pct,30-60cm,29.7
4320677,silt_pct,60-100cm,29.4
4320677,soc_pct,0-5cm,6.74
4320677,soc_pct,5-15cm,3.44
4320677,soc_pct,15-30cm,2.17
4320677,soc_pct,30-60cm,1.27
4320677,soc_pct,60-100cm,0.83
4320677,ph_h2o,0-5cm,5.3
4320677,ph_h2o,5-15cm,5.4
4320677,ph_h2o,15-30cm,5.3
4320677,ph_h2o,30-60cm,5.2
4320677,ph_h2o,60-100cm,5.1
4320677,bd_kg_dm3,0-5cm,1.04
4320677,bd_kg_dm3,5-15cm,1.06
4320677,bd_kg_dm3,15-30cm,1.11
4320677,bd_kg_dm3,30-60cm,1.21
4320677,bd_kg_dm3,60-100cm,1.24
4320677,cec_cmol_kg,0-5cm,25.3
4320677,cec_cmol_kg,5-15cm,21.1
4320677,cec_cmol_kg,15-30cm,20.1
4320677,cec_cmol_kg,30-60cm,20.4
4320677,cec_cmol_kg,60-100cm,19.9
4305439,clay_pct,0-5cm,26.5
4305439,clay_pct,5-15cm,28.0
4305439,clay_pct,15-30cm,30.1
4305439,clay_pct,30-60cm,37.2
4305439,clay_pct,60-100cm,38.0
4305439,sand_pct,0-5cm,23.2
4305439,sand_pct,5-15cm,21.7
4305439,sand_pct,15-30cm,20.3
4305439,sand_pct,30-60cm,16.6
4305439,sand_pct,60-100cm,15.7
4305439,silt_pct,0-5cm,50.4
4305439,silt_pct,5-15cm,50.3
4305439,silt_pct,15-30cm,49.7
4305439,silt_pct,30-60cm,46.2
4305439,silt_pct,60-100cm,46.2
4305439,soc_pct,0-5cm,5.99
4305439,soc_pct,5-15cm,4.62
4305439,soc_pct,15-30cm,2.93
4305439,soc_pct,30-60cm,1.93
4305439,soc_pct,60-100cm,0.93
4305439,ph_h2o,0-5cm,5.9
4305439,ph_h2o,5-15cm,5.9
4305439,ph_h2o,15-30cm,6.0
4305439,ph_h2o,30-60cm,6.2
4305439,ph_h2o,60-100cm,6.5
4305439,bd_kg_dm3,0-5cm,1.25
4305439,bd_kg_dm3,5-15cm,1.32
4305439,bd_kg_dm3,15-30cm,1.39
4305439,bd_kg_dm3,30-60cm,1.42
4305439,bd_kg_dm3,60-100cm,1.44
4305439,cec_cmol_kg,0-5cm,29.0
4305439,cec_cmol_kg,5-15cm,22.7
4305439,cec_cmol_kg,15-30cm,24.6
4305439,cec_cmol_kg,30-60cm,31.1
4305439,cec_cmol_kg,60-100cm,28.4
4320800,clay_pct,0-5cm,42.6
4320800,clay_pct,5-15cm,44.2
4320800,clay_pct,15-30cm,50.2
4320800,clay_pct,30-60cm,58.2
4320800,clay_pct,60-100cm,59.4
4320800,sand_pct,0-5cm,21.0
4320800,sand_pct,5-15cm,21.1
4320800,sand_pct,15-30cm,18.5
4320800,sand_pct,30-60cm,15.2
4320800,sand_pct,60-100cm,15.0
4320800,silt_pct,0-5cm,36.4
4320800,silt_pct,5-15cm,34.7
4320800,silt_pct,15-30cm,31.4
4320800,silt_pct,30-60cm,26.6
4320800,silt_pct,60-100cm,25.7
4320800,soc_pct,0-5cm,4.63
4320800,soc_pct,5-15cm,2.2
4320800,soc_pct,15-30cm,1.49
4320800,soc_pct,30-60cm,1.03
4320800,soc_pct,60-100cm,0.67
4320800,ph_h2o,0-5cm,5.1
4320800,ph_h2o,5-15cm,5.0
4320800,ph_h2o,15-30cm,5.0
4320800,ph_h2o,30-60cm,5.1
4320800,ph_h2o,60-100cm,5.1
4320800,bd_kg_dm3,0-5cm,1.1
4320800,bd_kg_dm3,5-15cm,1.14
4320800,bd_kg_dm3,15-30cm,1.2
4320800,bd_kg_dm3,30-60cm,1.22
4320800,bd_kg_dm3,60-100cm,1.24
4320800,cec_cmol_kg,0-5cm,19.0
4320800,cec_cmol_kg,5-15cm,17.4
4320800,cec_cmol_kg,15-30cm,15.6
4320800,cec_cmol_kg,30-60cm,14.8
4320800,cec_cmol_kg,60-100cm,14.8
4320859,clay_pct,0-5cm,33.7
4320859,clay_pct,5-15cm,34.2
4320859,clay_pct,15-30cm,40.5
4320859,clay_pct,30-60cm,50.4
4320859,clay_pct,60-100cm,51.7
4320859,sand_pct,0-5cm,28.3
4320859,sand_pct,5-15cm,28.3
4320859,sand_pct,15-30cm,25.0
4320859,sand_pct,30-60cm,19.9
4320859,sand_pct,60-100cm,19.3
4320859,silt_pct,0-5cm,38.1
4320859,silt_pct,5-15cm,37.5
4320859,silt_pct,15-30cm,34.5
4320859,silt_pct,30-60cm,29.8
4320859,silt_pct,60-100cm,29.0
4320859,soc_pct,0-5cm,5.88
4320859,soc_pct,5-15cm,2.02
4320859,soc_pct,15-30cm,2.01
4320859,soc_pct,30-60cm,1.41
4320859,soc_pct,60-100cm,0.66
4320859,ph_h2o,0-5cm,5.2
4320859,ph_h2o,5-15cm,5.3
4320859,ph_h2o,15-30cm,5.2
4320859,ph_h2o,30-60cm,5.2
4320859,ph_h2o,60-100cm,5.2
4320859,bd_kg_dm3,0-5cm,1.15
4320859,bd_kg_dm3,5-15cm,1.17
4320859,bd_kg_dm3,15-30cm,1.21
4320859,bd_kg_dm3,30-60cm,1.29
4320859,bd_kg_dm3,60-100cm,1.32
4320859,cec_cmol_kg,0-5cm,19.9
4320859,cec_cmol_kg,5-15cm,16.6
4320859,cec_cmol_kg,15-30cm,17.0
4320859,cec_cmol_kg,30-60cm,18.4
4320859,cec_cmol_kg,60-100cm,17.4
4320909,clay_pct,0-5cm,51.4
4320909,clay_pct,5-15cm,50.9
4320909,clay_pct,15-30cm,52.8
4320909,clay_pct,30-60cm,57.7
4320909,clay_pct,60-100cm,58.8
4320909,sand_pct,0-5cm,22.3
4320909,sand_pct,5-15cm,22.9
4320909,sand_pct,15-30cm,20.5
4320909,sand_pct,30-60cm,18.2
4320909,sand_pct,60-100cm,17.6
4320909,silt_pct,0-5cm,26.3
4320909,silt_pct,5-15cm,26.2
4320909,silt_pct,15-30cm,26.6
4320909,silt_pct,30-60cm,24.2
4320909,silt_pct,60-100cm,23.5
4320909,soc_pct,0-5cm,4.43
4320909,soc_pct,5-15cm,2.34
4320909,soc_pct,15-30cm,1.8
4320909,soc_pct,30-60cm,1.12
4320909,soc_pct,60-100cm,0.79
4320909,ph_h2o,0-5cm,5.2
4320909,ph_h2o,5-15cm,5.1
4320909,ph_h2o,15-30cm,5.1
4320909,ph_h2o,30-60cm,5.2
4320909,ph_h2o,60-100cm,5.2
4320909,bd_kg_dm3,0-5cm,1.09
4320909,bd_kg_dm3,5-15cm,1.14
4320909,bd_kg_dm3,15-30cm,1.18
4320909,bd_kg_dm3,30-60cm,1.2
4320909,bd_kg_dm3,60-100cm,1.22
4320909,cec_cmol_kg,0-5cm,19.8
4320909,cec_cmol_kg,5-15cm,17.9
4320909,cec_cmol_kg,15-30cm,15.8
4320909,cec_cmol_kg,30-60cm,15.0
4320909,cec_cmol_kg,60-100cm,15.4
4321006,clay_pct,0-5cm,43.2
4321006,clay_pct,5-15cm,44.0
4321006,clay_pct,15-30cm,49.2
4321006,clay_pct,30-60cm,52.9
4321006,clay_pct,60-100cm,54.4
4321006,sand_pct,0-5cm,26.6
4321006,sand_pct,5-15cm,26.3
4321006,sand_pct,15-30cm,23.7
4321006,sand_pct,30-60cm,22.3
4321006,sand_pct,60-100cm,22.0
4321006,silt_pct,0-5cm,30.2
4321006,silt_pct,5-15cm,29.7
4321006,silt_pct,15-30cm,27.2
4321006,silt_pct,30-60cm,24.8
4321006,silt_pct,60-100cm,23.5
4321006,soc_pct,0-5cm,5.76
4321006,soc_pct,5-15cm,2.49
4321006,soc_pct,15-30cm,1.74
4321006,soc_pct,30-60cm,0.9
4321006,soc_pct,60-100cm,0.61
4321006,ph_h2o,0-5cm,5.0
4321006,ph_h2o,5-15cm,5.0
4321006,ph_h2o,15-30cm,5.0
4321006,ph_h2o,30-60cm,5.1
4321006,ph_h2o,60-100cm,5.2
4321006,bd_kg_dm3,0-5cm,1.15
4321006,bd_kg_dm3,5-15cm,1.23
4321006,bd_kg_dm3,15-30cm,1.29
4321006,bd_kg_dm3,30-60cm,1.32
4321006,bd_kg_dm3,60-100cm,1.34
4321006,cec_cmol_kg,0-5cm,25.3
4321006,cec_cmol_kg,5-15cm,24.3
4321006,cec_cmol_kg,15-30cm,23.9
4321006,cec_cmol_kg,30-60cm,23.4
4321006,cec_cmol_kg,60-100cm,21.0
4320503,clay_pct,0-5cm,52.0
4320503,clay_pct,5-15cm,51.1
4320503,clay_pct,15-30cm,55.4
4320503,clay_pct,30-60cm,60.6
4320503,clay_pct,60-100cm,62.0
4320503,sand_pct,0-5cm,18.9
4320503,sand_pct,5-15cm,19.7
4320503,sand_pct,15-30cm,18.1
4320503,sand_pct,30-60cm,16.3
4320503,sand_pct,60-100cm,16.0
4320503,silt_pct,0-5cm,29.1
4320503,silt_pct,5-15cm,29.2
4320503,silt_pct,15-30cm,26.5
4320503,silt_pct,30-60cm,23.1
4320503,silt_pct,60-100cm,22.0
4320503,soc_pct,0-5cm,4.48
4320503,soc_pct,5-15cm,2.48
4320503,soc_pct,15-30cm,2.01
4320503,soc_pct,30-60cm,1.04
4320503,soc_pct,60-100cm,0.77
4320503,ph_h2o,0-5cm,5.1
4320503,ph_h2o,5-15cm,5.1
4320503,ph_h2o,15-30cm,5.1
4320503,ph_h2o,30-60cm,5.1
4320503,ph_h2o,60-100cm,5.1
4320503,bd_kg_dm3,0-5cm,1.03
4320503,bd_kg_dm3,5-15cm,1.08
4320503,bd_kg_dm3,15-30cm,1.12
4320503,bd_kg_dm3,30-60cm,1.15
4320503,bd_kg_dm3,60-100cm,1.18
4320503,cec_cmol_kg,0-5cm,20.3
4320503,cec_cmol_kg,5-15cm,17.4
4320503,cec_cmol_kg,15-30cm,15.3
4320503,cec_cmol_kg,30-60cm,14.4
4320503,cec_cmol_kg,60-100cm,14.6
4321204,clay_pct,0-5cm,
4321204,clay_pct,5-15cm,
4321204,clay_pct,15-30cm,
4321204,clay_pct,30-60cm,
4321204,clay_pct,60-100cm,
4321204,sand_pct,0-5cm,
4321204,sand_pct,5-15cm,
4321204,sand_pct,15-30cm,
4321204,sand_pct,30-60cm,
4321204,sand_pct,60-100cm,
4321204,silt_pct,0-5cm,
4321204,silt_pct,5-15cm,
4321204,silt_pct,15-30cm,
4321204,silt_pct,30-60cm,
4321204,silt_pct,60-100cm,
4321204,soc_pct,0-5cm,
4321204,soc_pct,5-15cm,
4321204,soc_pct,15-30cm,
4321204,soc_pct,30-60cm,
4321204,soc_pct,60-100cm,
4321204,ph_h2o,0-5cm,
4321204,ph_h2o,5-15cm,
4321204,ph_h2o,15-30cm,
4321204,ph_h2o,30-60cm,
4321204,ph_h2o,60-100cm,
4321204,bd_kg_dm3,0-5cm,
4321204,bd_kg_dm3,5-15cm,
4321204,bd_kg_dm3,15-30cm,
4321204,bd_kg_dm3,30-60cm,
4321204,bd_kg_dm3,60-100cm,
4321204,cec_cmol_kg,0-5cm,
4321204,cec_cmol_kg,5-15cm,
4321204,cec_cmol_kg,15-30cm,
4321204,cec_cmol_kg,30-60cm,
4321204,cec_cmol_kg,60-100cm,
4321303,clay_pct,0-5cm,32.1
4321303,clay_pct,5-15cm,31.6
4321303,clay_pct,15-30cm,35.7
4321303,clay_pct,30-60cm,45.4
4321303,clay_pct,60-100cm,50.1
4321303,sand_pct,0-5cm,28.0
4321303,sand_pct,5-15cm,28.5
4321303,sand_pct,15-30cm,26.4
4321303,sand_pct,30-60cm,21.7
4321303,sand_pct,60-100cm,20.0
4321303,silt_pct,0-5cm,39.9
4321303,silt_pct,5-15cm,40.0
4321303,silt_pct,15-30cm,37.9
4321303,silt_pct,30-60cm,33.0
4321303,silt_pct,60-100cm,29.9
4321303,soc_pct,0-5cm,5.91
4321303,soc_pct,5-15cm,2.22
4321303,soc_pct,15-30cm,2.4
4321303,soc_pct,30-60cm,1.39
4321303,soc_pct,60-100cm,0.67
4321303,ph_h2o,0-5cm,5.3
4321303,ph_h2o,5-15cm,5.3
4321303,ph_h2o,15-30cm,5.3
4321303,ph_h2o,30-60cm,5.3
4321303,ph_h2o,60-100cm,5.3
4321303,bd_kg_dm3,0-5cm,1.21
4321303,bd_kg_dm3,5-15cm,1.25
4321303,bd_kg_dm3,15-30cm,1.31
4321303,bd_kg_dm3,30-60cm,1.39
4321303,bd_kg_dm3,60-100cm,1.41
4321303,cec_cmol_kg,0-5cm,19.2
4321303,cec_cmol_kg,5-15cm,15.8
4321303,cec_cmol_kg,15-30cm,16.5
4321303,cec_cmol_kg,30-60cm,18.3
4321303,cec_cmol_kg,60-100cm,17.1
4321329,clay_pct,0-5cm,47.5
4321329,clay_pct,5-15cm,47.7
4321329,clay_pct,15-30cm,53.0
4321329,clay_pct,30-60cm,56.4
4321329,clay_pct,60-100cm,56.2
4321329,sand_pct,0-5cm,18.4
4321329,sand_pct,5-15cm,18.5
4321329,sand_pct,15-30cm,16.8
4321329,sand_pct,30-60cm,16.1
4321329,sand_pct,60-100cm,15.7
4321329,silt_pct,0-5cm,34.1
4321329,silt_pct,5-15cm,33.8
4321329,silt_pct,15-30cm,30.2
4321329,silt_pct,30-60cm,27.5
4321329,silt_pct,60-100cm,28.0
4321329,soc_pct,0-5cm,6.55
4321329,soc_pct,5-15cm,2.53
4321329,soc_pct,15-30cm,2.15
4321329,soc_pct,30-60cm,1.54
4321329,soc_pct,60-100cm,1.5
4321329,ph_h2o,0-5cm,5.1
4321329,ph_h2o,5-15cm,5.1
4321329,ph_h2o,15-30cm,5.1
4321329,ph_h2o,30-60cm,5.1
4321329,ph_h2o,60-100cm,5.1
4321329,bd_kg_dm3,0-5cm,0.98
4321329,bd_kg_dm3,5-15cm,1.01
4321329,bd_kg_dm3,15-30cm,1.05
4321329,bd_kg_dm3,30-60cm,1.12
4321329,bd_kg_dm3,60-100cm,1.16
4321329,cec_cmol_kg,0-5cm,19.8
4321329,cec_cmol_kg,5-15cm,14.9
4321329,cec_cmol_kg,15-30cm,14.0
4321329,cec_cmol_kg,30-60cm,14.8
4321329,cec_cmol_kg,60-100cm,14.2
4321352,clay_pct,0-5cm,26.2
4321352,clay_pct,5-15cm,26.5
4321352,clay_pct,15-30cm,31.3
4321352,clay_pct,30-60cm,34.4
4321352,clay_pct,60-100cm,33.9
4321352,sand_pct,0-5cm,43.7
4321352,sand_pct,5-15cm,44.5
4321352,sand_pct,15-30cm,42.2
4321352,sand_pct,30-60cm,39.2
4321352,sand_pct,60-100cm,39.0
4321352,silt_pct,0-5cm,30.1
4321352,silt_pct,5-15cm,29.0
4321352,silt_pct,15-30cm,26.6
4321352,silt_pct,30-60cm,26.4
4321352,silt_pct,60-100cm,27.1
4321352,soc_pct,0-5cm,7.4
4321352,soc_pct,5-15cm,5.25
4321352,soc_pct,15-30cm,3.52
4321352,soc_pct,30-60cm,1.98
4321352,soc_pct,60-100cm,1.15
4321352,ph_h2o,0-5cm,5.4
4321352,ph_h2o,5-15cm,5.4
4321352,ph_h2o,15-30cm,5.5
4321352,ph_h2o,30-60cm,5.6
4321352,ph_h2o,60-100cm,5.7
4321352,bd_kg_dm3,0-5cm,1.15
4321352,bd_kg_dm3,5-15cm,1.2
4321352,bd_kg_dm3,15-30cm,1.23
4321352,bd_kg_dm3,30-60cm,1.24
4321352,bd_kg_dm3,60-100cm,1.28
4321352,cec_cmol_kg,0-5cm,29.6
4321352,cec_cmol_kg,5-15cm,21.5
4321352,cec_cmol_kg,15-30cm,22.1
4321352,cec_cmol_kg,30-60cm,23.0
4321352,cec_cmol_kg,60-100cm,22.6
4321402,clay_pct,0-5cm,54.0
4321402,clay_pct,5-15cm,54.3
4321402,clay_pct,15-30cm,57.1
4321402,clay_pct,30-60cm,61.5
4321402,clay_pct,60-100cm,62.0
4321402,sand_pct,0-5cm,19.1
4321402,sand_pct,5-15cm,18.8
4321402,sand_pct,15-30cm,18.5
4321402,sand_pct,30-60cm,16.9
4321402,sand_pct,60-100cm,16.9
4321402,silt_pct,0-5cm,26.9
4321402,silt_pct,5-15cm,26.9
4321402,silt_pct,15-30cm,24.3
4321402,silt_pct,30-60cm,21.6
4321402,silt_pct,60-100cm,21.1
4321402,soc_pct,0-5cm,5.74
4321402,soc_pct,5-15cm,2.87
4321402,soc_pct,15-30cm,2.0
4321402,soc_pct,30-60cm,0.99
4321402,soc_pct,60-100cm,0.78
4321402,ph_h2o,0-5cm,5.1
4321402,ph_h2o,5-15cm,5.1
4321402,ph_h2o,15-30cm,5.1
4321402,ph_h2o,30-60cm,5.1
4321402,ph_h2o,60-100cm,5.1
4321402,bd_kg_dm3,0-5cm,1.05
4321402,bd_kg_dm3,5-15cm,1.09
4321402,bd_kg_dm3,15-30cm,1.15
4321402,bd_kg_dm3,30-60cm,1.19
4321402,bd_kg_dm3,60-100cm,1.22
4321402,cec_cmol_kg,0-5cm,21.0
4321402,cec_cmol_kg,5-15cm,16.9
4321402,cec_cmol_kg,15-30cm,14.8
4321402,cec_cmol_kg,30-60cm,14.5
4321402,cec_cmol_kg,60-100cm,13.8
4321436,clay_pct,0-5cm,17.3
4321436,clay_pct,5-15cm,16.4
4321436,clay_pct,15-30cm,17.8
4321436,clay_pct,30-60cm,24.7
4321436,clay_pct,60-100cm,25.3
4321436,sand_pct,0-5cm,65.3
4321436,sand_pct,5-15cm,67.9
4321436,sand_pct,15-30cm,66.8
4321436,sand_pct,30-60cm,60.8
4321436,sand_pct,60-100cm,61.3
4321436,silt_pct,0-5cm,17.5
4321436,silt_pct,5-15cm,15.7
4321436,silt_pct,15-30cm,15.4
4321436,silt_pct,30-60cm,14.5
4321436,silt_pct,60-100cm,13.3
4321436,soc_pct,0-5cm,5.82
4321436,soc_pct,5-15cm,3.75
4321436,soc_pct,15-30cm,1.85
4321436,soc_pct,30-60cm,1.39
4321436,soc_pct,60-100cm,1.0
4321436,ph_h2o,0-5cm,5.1
4321436,ph_h2o,5-15cm,5.1
4321436,ph_h2o,15-30cm,5.1
4321436,ph_h2o,30-60cm,5.2
4321436,ph_h2o,60-100cm,5.3
4321436,bd_kg_dm3,0-5cm,1.18
4321436,bd_kg_dm3,5-15cm,1.21
4321436,bd_kg_dm3,15-30cm,1.21
4321436,bd_kg_dm3,30-60cm,1.2
4321436,bd_kg_dm3,60-100cm,1.22
4321436,cec_cmol_kg,0-5cm,24.1
4321436,cec_cmol_kg,5-15cm,18.4
4321436,cec_cmol_kg,15-30cm,19.8
4321436,cec_cmol_kg,30-60cm,20.4
4321436,cec_cmol_kg,60-100cm,19.4
4321451,clay_pct,0-5cm,37.8
4321451,clay_pct,5-15cm,38.2
4321451,clay_pct,15-30cm,42.6
4321451,clay_pct,30-60cm,50.2
4321451,clay_pct,60-100cm,53.2
4321451,sand_pct,0-5cm,24.3
4321451,sand_pct,5-15cm,24.2
4321451,sand_pct,15-30cm,20.7
4321451,sand_pct,30-60cm,17.6
4321451,sand_pct,60-100cm,16.1
4321451,silt_pct,0-5cm,37.8
4321451,silt_pct,5-15cm,37.6
4321451,silt_pct,15-30cm,36.7
4321451,silt_pct,30-60cm,32.2
4321451,silt_pct,60-100cm,30.7
4321451,soc_pct,0-5cm,5.98
4321451,soc_pct,5-15cm,2.48
4321451,soc_pct,15-30cm,2.09
4321451,soc_pct,30-60cm,1.17
4321451,soc_pct,60-100cm,0.59
4321451,ph_h2o,0-5cm,5.2
4321451,ph_h2o,5-15cm,5.2
4321451,ph_h2o,15-30cm,5.3
4321451,ph_h2o,30-60cm,5.3
4321451,ph_h2o,60-100cm,5.4
4321451,bd_kg_dm3,0-5cm,1.12
4321451,bd_kg_dm3,5-15cm,1.15
4321451,bd_kg_dm3,15-30cm,1.22
4321451,bd_kg_dm3,30-60cm,1.28
4321451,bd_kg_dm3,60-100cm,1.3
4321451,cec_cmol_kg,0-5cm,18.3
4321451,cec_cmol_kg,5-15cm,17.0
4321451,cec_cmol_kg,15-30cm,16.9
4321451,cec_cmol_kg,30-60cm,19.6
4321451,cec_cmol_kg,60-100cm,18.3
4321469,clay_pct,0-5cm,48.4
4321469,clay_pct,5-15cm,49.1
4321469,clay_pct,15-30cm,51.6
4321469,clay_pct,30-60cm,56.5
4321469,clay_pct,60-100cm,58.8
4321469,sand_pct,0-5cm,19.1
4321469,sand_pct,5-15cm,19.3
4321469,sand_pct,15-30cm,18.2
4321469,sand_pct,30-60cm,16.1
4321469,sand_pct,60-100cm,15.0
4321469,silt_pct,0-5cm,32.6
4321469,silt_pct,5-15cm,31.6
4321469,silt_pct,15-30cm,30.1
4321469,silt_pct,30-60cm,27.5
4321469,silt_pct,60-100cm,26.1
4321469,soc_pct,0-5cm,4.67
4321469,soc_pct,5-15cm,2.6
4321469,soc_pct,15-30cm,1.85
4321469,soc_pct,30-60cm,1.36
4321469,soc_pct,60-100cm,0.9
4321469,ph_h2o,0-5cm,5.2
4321469,ph_h2o,5-15cm,5.2
4321469,ph_h2o,15-30cm,5.1
4321469,ph_h2o,30-60cm,5.1
4321469,ph_h2o,60-100cm,5.2
4321469,bd_kg_dm3,0-5cm,1.06
4321469,bd_kg_dm3,5-15cm,1.11
4321469,bd_kg_dm3,15-30cm,1.18
4321469,bd_kg_dm3,30-60cm,1.21
4321469,bd_kg_dm3,60-100cm,1.24
4321469,cec_cmol_kg,0-5cm,23.2
4321469,cec_cmol_kg,5-15cm,22.4
4321469,cec_cmol_kg,15-30cm,21.6
4321469,cec_cmol_kg,30-60cm,20.7
4321469,cec_cmol_kg,60-100cm,20.5
4321477,clay_pct,0-5cm,43.2
4321477,clay_pct,5-15cm,42.0
4321477,clay_pct,15-30cm,44.1
4321477,clay_pct,30-60cm,52.9
4321477,clay_pct,60-100cm,53.3
4321477,sand_pct,0-5cm,19.7
4321477,sand_pct,5-15cm,20.6
4321477,sand_pct,15-30cm,19.7
4321477,sand_pct,30-60cm,16.3
4321477,sand_pct,60-100cm,15.7
4321477,silt_pct,0-5cm,37.1
4321477,silt_pct,5-15cm,37.4
4321477,silt_pct,15-30cm,36.3
4321477,silt_pct,30-60cm,30.8
4321477,silt_pct,60-100cm,30.9
4321477,soc_pct,0-5cm,5.62
4321477,soc_pct,5-15cm,2.31
4321477,soc_pct,15-30cm,1.55
4321477,soc_pct,30-60cm,0.91
4321477,soc_pct,60-100cm,0.63
4321477,ph_h2o,0-5cm,5.0
4321477,ph_h2o,5-15cm,5.0
4321477,ph_h2o,15-30cm,5.0
4321477,ph_h2o,30-60cm,5.1
4321477,ph_h2o,60-100cm,5.1
4321477,bd_kg_dm3,0-5cm,1.0
4321477,bd_kg_dm3,5-15cm,1.05
4321477,bd_kg_dm3,15-30cm,1.12
4321477,bd_kg_dm3,30-60cm,1.22
4321477,bd_kg_dm3,60-100cm,1.26
4321477,cec_cmol_kg,0-5cm,18.9
4321477,cec_cmol_kg,5-15cm,14.5
4321477,cec_cmol_kg,15-30cm,13.0
4321477,cec_cmol_kg,30-60cm,13.6
4321477,cec_cmol_kg,60-100cm,13.3
4321493,clay_pct,0-5cm,32.9
4321493,clay_pct,5-15cm,33.6
4321493,clay_pct,15-30cm,36.9
4321493,clay_pct,30-60cm,39.1
4321493,clay_pct,60-100cm,41.2
4321493,sand_pct,0-5cm,34.7
4321493,sand_pct,5-15cm,35.0
4321493,sand_pct,15-30cm,33.5
4321493,sand_pct,30-60cm,32.9
4321493,sand_pct,60-100cm,31.6
4321493,silt_pct,0-5cm,32.5
4321493,silt_pct,5-15cm,31.4
4321493,silt_pct,15-30cm,29.6
4321493,silt_pct,30-60cm,28.0
4321493,silt_pct,60-100cm,27.2
4321493,soc_pct,0-5cm,6.68
4321493,soc_pct,5-15cm,3.08
4321493,soc_pct,15-30cm,2.45
4321493,soc_pct,30-60cm,1.91
4321493,soc_pct,60-100cm,1.37
4321493,ph_h2o,0-5cm,5.2
4321493,ph_h2o,5-15cm,5.3
4321493,ph_h2o,15-30cm,5.3
4321493,ph_h2o,30-60cm,5.3
4321493,ph_h2o,60-100cm,5.3
4321493,bd_kg_dm3,0-5cm,1.02
4321493,bd_kg_dm3,5-15cm,1.07
4321493,bd_kg_dm3,15-30cm,1.11
4321493,bd_kg_dm3,30-60cm,1.17
4321493,bd_kg_dm3,60-100cm,1.21
4321493,cec_cmol_kg,0-5cm,20.1
4321493,cec_cmol_kg,5-15cm,16.6
4321493,cec_cmol_kg,15-30cm,15.7
4321493,cec_cmol_kg,30-60cm,16.6
4321493,cec_cmol_kg,60-100cm,16.8
4321501,clay_pct,0-5cm,30.6
4321501,clay_pct,5-15cm,30.8
4321501,clay_pct,15-30cm,35.0
4321501,clay_pct,30-60cm,44.9
4321501,clay_pct,60-100cm,46.2
4321501,sand_pct,0-5cm,40.3
4321501,sand_pct,5-15cm,41.2
4321501,sand_pct,15-30cm,38.5
4321501,sand_pct,30-60cm,32.0
4321501,sand_pct,60-100cm,30.2
4321501,silt_pct,0-5cm,29.1
4321501,silt_pct,5-15cm,28.0
4321501,silt_pct,15-30cm,26.5
4321501,silt_pct,30-60cm,23.1
4321501,silt_pct,60-100cm,23.6
4321501,soc_pct,0-5cm,5.61
4321501,soc_pct,5-15cm,2.91
4321501,soc_pct,15-30cm,2.11
4321501,soc_pct,30-60cm,1.81
4321501,soc_pct,60-100cm,0.95
4321501,ph_h2o,0-5cm,5.2
4321501,ph_h2o,5-15cm,5.2
4321501,ph_h2o,15-30cm,5.1
4321501,ph_h2o,30-60cm,5.1
4321501,ph_h2o,60-100cm,5.1
4321501,bd_kg_dm3,0-5cm,1.05
4321501,bd_kg_dm3,5-15cm,1.08
4321501,bd_kg_dm3,15-30cm,1.11
4321501,bd_kg_dm3,30-60cm,1.14
4321501,bd_kg_dm3,60-100cm,1.18
4321501,cec_cmol_kg,0-5cm,21.1
4321501,cec_cmol_kg,5-15cm,17.2
4321501,cec_cmol_kg,15-30cm,18.3
4321501,cec_cmol_kg,30-60cm,18.7
4321501,cec_cmol_kg,60-100cm,18.0
4321600,clay_pct,0-5cm,24.6
4321600,clay_pct,5-15cm,24.5
4321600,clay_pct,15-30cm,25.8
4321600,clay_pct,30-60cm,34.5
4321600,clay_pct,60-100cm,33.7
4321600,sand_pct,0-5cm,57.1
4321600,sand_pct,5-15cm,58.6
4321600,sand_pct,15-30cm,57.3
4321600,sand_pct,30-60cm,49.7
4321600,sand_pct,60-100cm,50.3
4321600,silt_pct,0-5cm,18.3
4321600,silt_pct,5-15cm,17.0
4321600,silt_pct,15-30cm,16.9
4321600,silt_pct,30-60cm,15.8
4321600,silt_pct,60-100cm,16.0
4321600,soc_pct,0-5cm,6.85
4321600,soc_pct,5-15cm,2.69
4321600,soc_pct,15-30cm,1.7
4321600,soc_pct,30-60cm,1.57
4321600,soc_pct,60-100cm,1.18
4321600,ph_h2o,0-5cm,5.2
4321600,ph_h2o,5-15cm,5.2
4321600,ph_h2o,15-30cm,5.2
4321600,ph_h2o,30-60cm,5.3
4321600,ph_h2o,60-100cm,5.3
4321600,bd_kg_dm3,0-5cm,1.04
4321600,bd_kg_dm3,5-15cm,1.11
4321600,bd_kg_dm3,15-30cm,1.13
4321600,bd_kg_dm3,30-60cm,1.23
4321600,bd_kg_dm3,60-100cm,1.26
4321600,cec_cmol_kg,0-5cm,21.1
4321600,cec_cmol_kg,5-15cm,15.3
4321600,cec_cmol_kg,15-30cm,16.1
4321600,cec_cmol_kg,30-60cm,16.7
4321600,cec_cmol_kg,60-100cm,16.2
4321626,clay_pct,0-5cm,35.1
4321626,clay_pct,5-15cm,35.8
4321626,clay_pct,15-30cm,43.7
4321626,clay_pct,30-60cm,54.7
4321626,clay_pct,60-100cm,56.0
4321626,sand_pct,0-5cm,27.6
4321626,sand_pct,5-15cm,27.6
4321626,sand_pct,15-30cm,23.7
4321626,sand_pct,30-60cm,17.4
4321626,sand_pct,60-100cm,16.3
4321626,silt_pct,0-5cm,37.3
4321626,silt_pct,5-15cm,36.6
4321626,silt_pct,15-30cm,32.7
4321626,silt_pct,30-60cm,27.9
4321626,silt_pct,60-100cm,27.7
4321626,soc_pct,0-5cm,5.64
4321626,soc_pct,5-15cm,3.4
4321626,soc_pct,15-30cm,2.64
4321626,soc_pct,30-60cm,1.35
4321626,soc_pct,60-100cm,0.83
4321626,ph_h2o,0-5cm,5.3
4321626,ph_h2o,5-15cm,5.3
4321626,ph_h2o,15-30cm,5.3
4321626,ph_h2o,30-60cm,5.3
4321626,ph_h2o,60-100cm,5.2
4321626,bd_kg_dm3,0-5cm,1.06
4321626,bd_kg_dm3,5-15cm,1.11
4321626,bd_kg_dm3,15-30cm,1.15
4321626,bd_kg_dm3,30-60cm,1.22
4321626,bd_kg_dm3,60-100cm,1.25
4321626,cec_cmol_kg,0-5cm,24.6
4321626,cec_cmol_kg,5-15cm,20.7
4321626,cec_cmol_kg,15-30cm,21.2
4321626,cec_cmol_kg,30-60cm,21.8
4321626,cec_cmol_kg,60-100cm,21.5
4321634,clay_pct,0-5cm,44.1
4321634,clay_pct,5-15cm,43.3
4321634,clay_pct,15-30cm,45.8
4321634,clay_pct,30-60cm,53.4
4321634,clay_pct,60-100cm,56.2
4321634,sand_pct,0-5cm,22.8
4321634,sand_pct,5-15cm,22.3
4321634,sand_pct,15-30cm,21.6
4321634,sand_pct,30-60cm,19.2
4321634,sand_pct,60-100cm,18.3
4321634,silt_pct,0-5cm,33.2
4321634,silt_pct,5-15cm,34.4
4321634,silt_pct,15-30cm,32.6
4321634,silt_pct,30-60cm,27.4
4321634,silt_pct,60-100cm,25.5
4321634,soc_pct,0-5cm,7.6
4321634,soc_pct,5-15cm,3.29
4321634,soc_pct,15-30cm,2.85
4321634,soc_pct,30-60cm,1.53
4321634,soc_pct,60-100cm,1.12
4321634,ph_h2o,0-5cm,5.3
4321634,ph_h2o,5-15cm,5.2
4321634,ph_h2o,15-30cm,5.2
4321634,ph_h2o,30-60cm,5.3
4321634,ph_h2o,60-100cm,5.2
4321634,bd_kg_dm3,0-5cm,0.94
4321634,bd_kg_dm3,5-15cm,0.97
4321634,bd_kg_dm3,15-30cm,1.04
4321634,bd_kg_dm3,30-60cm,1.1
4321634,bd_kg_dm3,60-100cm,1.14
4321634,cec_cmol_kg,0-5cm,19.7
4321634,cec_cmol_kg,5-15cm,17.3
4321634,cec_cmol_kg,15-30cm,17.2
4321634,cec_cmol_kg,30-60cm,17.1
4321634,cec_cmol_kg,60-100cm,16.0
4321667,clay_pct,0-5cm,41.0
4321667,clay_pct,5-15cm,40.7
4321667,clay_pct,15-30cm,42.7
4321667,clay_pct,30-60cm,49.0
4321667,clay_pct,60-100cm,50.6
4321667,sand_pct,0-5cm,33.6
4321667,sand_pct,5-15cm,34.8
4321667,sand_pct,15-30cm,32.9
4321667,sand_pct,30-60cm,28.9
4321667,sand_pct,60-100cm,27.9
4321667,silt_pct,0-5cm,25.4
4321667,silt_pct,5-15cm,24.4
4321667,silt_pct,15-30cm,24.4
4321667,silt_pct,30-60cm,22.1
4321667,silt_pct,60-100cm,21.5
4321667,soc_pct,0-5cm,6.84
4321667,soc_pct,5-15cm,3.88
4321667,soc_pct,15-30cm,2.56
4321667,soc_pct,30-60cm,1.21
4321667,soc_pct,60-100cm,0.94
4321667,ph_h2o,0-5cm,5.4
4321667,ph_h2o,5-15cm,5.4
4321667,ph_h2o,15-30cm,5.5
4321667,ph_h2o,30-60cm,5.4
4321667,ph_h2o,60-100cm,5.3
4321667,bd_kg_dm3,0-5cm,1.0
4321667,bd_kg_dm3,5-15cm,1.03
4321667,bd_kg_dm3,15-30cm,1.07
4321667,bd_kg_dm3,30-60cm,1.18
4321667,bd_kg_dm3,60-100cm,1.21
4321667,cec_cmol_kg,0-5cm,22.5
4321667,cec_cmol_kg,5-15cm,19.4
4321667,cec_cmol_kg,15-30cm,19.9
4321667,cec_cmol_kg,30-60cm,19.7
4321667,cec_cmol_kg,60-100cm,19.2
4321709,clay_pct,0-5cm,34.8
4321709,clay_pct,5-15cm,35.3
4321709,clay_pct,15-30cm,37.0
4321709,clay_pct,30-60cm,46.2
4321709,clay_pct,60-100cm,46.4
4321709,sand_pct,0-5cm,32.6
4321709,sand_pct,5-15cm,33.4
4321709,sand_pct,15-30cm,31.8
4321709,sand_pct,30-60cm,25.5
4321709,sand_pct,60-100cm,25.1
4321709,silt_pct,0-5cm,32.6
4321709,silt_pct,5-15cm,31.3
4321709,silt_pct,15-30cm,31.2
4321709,silt_pct,30-60cm,28.3
4321709,silt_pct,60-100cm,28.5
4321709,soc_pct,0-5cm,6.67
4321709,soc_pct,5-15cm,2.38
4321709,soc_pct,15-30cm,2.65
4321709,soc_pct,30-60cm,1.6
4321709,soc_pct,60-100cm,1.15
4321709,ph_h2o,0-5cm,5.3
4321709,ph_h2o,5-15cm,5.4
4321709,ph_h2o,15-30cm,5.4
4321709,ph_h2o,30-60cm,5.3
4321709,ph_h2o,60-100cm,5.4
4321709,bd_kg_dm3,0-5cm,1.0
4321709,bd_kg_dm3,5-15cm,1.04
4321709,bd_kg_dm3,15-30cm,1.1
4321709,bd_kg_dm3,30-60cm,1.17
4321709,bd_kg_dm3,60-100cm,1.19
4321709,cec_cmol_kg,0-5cm,18.8
4321709,cec_cmol_kg,5-15cm,16.3
4321709,cec_cmol_kg,15-30cm,16.3
4321709,cec_cmol_kg,30-60cm,16.4
4321709,cec_cmol_kg,60-100cm,15.4
4321808,clay_pct,0-5cm,41.3
4321808,clay_pct,5-15cm,39.1
4321808,clay_pct,15-30cm,43.0
4321808,clay_pct,30-60cm,47.5
4321808,clay_pct,60-100cm,48.4
4321808,sand_pct,0-5cm,25.2
4321808,sand_pct,5-15cm,26.9
4321808,sand_pct,15-30cm,26.0
4321808,sand_pct,30-60cm,24.2
4321808,sand_pct,60-100cm,23.4
4321808,silt_pct,0-5cm,33.5
4321808,silt_pct,5-15cm,34.0
4321808,silt_pct,15-30cm,31.0
4321808,silt_pct,30-60cm,28.3
4321808,silt_pct,60-100cm,28.3
4321808,soc_pct,0-5cm,4.95
4321808,soc_pct,5-15cm,2.53
4321808,soc_pct,15-30cm,1.62
4321808,soc_pct,30-60cm,1.0
4321808,soc_pct,60-100cm,0.61
4321808,ph_h2o,0-5cm,5.2
4321808,ph_h2o,5-15cm,5.2
4321808,ph_h2o,15-30cm,5.2
4321808,ph_h2o,30-60cm,5.2
4321808,ph_h2o,60-100cm,5.3
4321808,bd_kg_dm3,0-5cm,1.09
4321808,bd_kg_dm3,5-15cm,1.12
4321808,bd_kg_dm3,15-30cm,1.17
4321808,bd_kg_dm3,30-60cm,1.22
4321808,bd_kg_dm3,60-100cm,1.24
4321808,cec_cmol_kg,0-5cm,23.9
4321808,cec_cmol_kg,5-15cm,21.1
4321808,cec_cmol_kg,15-30cm,20.2
4321808,cec_cmol_kg,30-60cm,21.2
4321808,cec_cmol_kg,60-100cm,18.9
4321832,clay_pct,0-5cm,41.1
4321832,clay_pct,5-15cm,41.5
4321832,clay_pct,15-30cm,43.5
4321832,clay_pct,30-60cm,47.3
4321832,clay_pct,60-100cm,50.3
4321832,sand_pct,0-5cm,28.7
4321832,sand_pct,5-15cm,29.8
4321832,sand_pct,15-30cm,28.1
4321832,sand_pct,30-60cm,24.9
4321832,sand_pct,60-100cm,23.1
4321832,silt_pct,0-5cm,30.1
4321832,silt_pct,5-15cm,28.7
4321832,silt_pct,15-30cm,28.5
4321832,silt_pct,30-60cm,27.8
4321832,silt_pct,60-100cm,26.7
4321832,soc_pct,0-5cm,5.9
4321832,soc_pct,5-15cm,2.66
4321832,soc_pct,15-30cm,2.5
4321832,soc_pct,30-60cm,1.19
4321832,soc_pct,60-100cm,0.66
4321832,bd_kg_dm3,0-5cm,0.98
4321832,bd_kg_dm3,5-15cm,1.02
4321832,bd_kg_dm3,15-30cm,1.07
4321832,bd_kg_dm3,30-60cm,1.15
4321832,bd_kg_dm3,60-100cm,1.19
4321832,cec_cmol_kg,0-5cm,20.5
4321832,cec_cmol_kg,5-15cm,16.1
4321832,cec_cmol_kg,15-30cm,17.0
4321832,cec_cmol_kg,30-60cm,17.5
4321832,cec_cmol_kg,60-100cm,15.9
4321857,clay_pct,0-5cm,50.6
4321857,clay_pct,5-15cm,50.3
4321857,clay_pct,15-30cm,52.0
4321857,clay_pct,30-60cm,55.5
4321857,clay_pct,60-100cm,56.5
4321857,sand_pct,0-5cm,18.0
4321857,sand_pct,5-15cm,18.8
4321857,sand_pct,15-30cm,17.8
4321857,sand_pct,30-60cm,16.4
4321857,sand_pct,60-100cm,16.1
4321857,silt_pct,0-5cm,31.4
4321857,silt_pct,5-15cm,30.9
4321857,silt_pct,15-30cm,30.2
4321857,silt_pct,30-60cm,28.0
4321857,silt_pct,60-100cm,27.4
4321857,soc_pct,0-5cm,4.99
4321857,soc_pct,5-15cm,2.47
4321857,soc_pct,15-30cm,2.42
4321857,soc_pct,30-60cm,1.65
4321857,soc_pct,60-100cm,1.45
4321857,ph_h2o,0-5cm,5.1
4321857,ph_h2o,5-15cm,5.0
4321857,ph_h2o,15-30cm,5.0
4321857,ph_h2o,30-60cm,5.0
4321857,ph_h2o,60-100cm,5.0
4321857,bd_kg_dm3,0-5cm,1.05
4321857,bd_kg_dm3,5-15cm,1.09
4321857,bd_kg_dm3,15-30cm,1.14
4321857,bd_kg_dm3,30-60cm,1.17
4321857,bd_kg_dm3,60-100cm,1.19
4321857,cec_cmol_kg,0-5cm,20.9
4321857,cec_cmol_kg,5-15cm,18.2
4321857,cec_cmol_kg,15-30cm,16.6
4321857,cec_cmol_kg,30-60cm,15.6
4321857,cec_cmol_kg,60-100cm,14.8
4321907,clay_pct,0-5cm,46.1
4321907,clay_pct,5-15cm,45.8
4321907,clay_pct,15-30cm,50.8
4321907,clay_pct,30-60cm,55.3
4321907,clay_pct,60-100cm,56.1
4321907,sand_pct,0-5cm,21.5
4321907,sand_pct,5-15cm,22.0
4321907,sand_pct,15-30cm,21.0
4321907,sand_pct,30-60cm,19.0
4321907,sand_pct,60-100cm,18.4
4321907,silt_pct,0-5cm,32.4
4321907,silt_pct,5-15cm,32.1
4321907,silt_pct,15-30cm,28.3
4321907,silt_pct,30-60cm,25.7
4321907,silt_pct,60-100cm,25.5
4321907,soc_pct,0-5cm,7.79
4321907,soc_pct,5-15cm,3.62
4321907,soc_pct,15-30cm,2.6
4321907,soc_pct,30-60cm,1.23
4321907,soc_pct,60-100cm,0.95
4321907,ph_h2o,0-5cm,5.0
4321907,ph_h2o,5-15cm,5.0
4321907,ph_h2o,15-30cm,5.0
4321907,ph_h2o,30-60cm,5.1
4321907,ph_h2o,60-100cm,5.1
4321907,bd_kg_dm3,0-5cm,0.99
4321907,bd_kg_dm3,5-15cm,1.05
4321907,bd_kg_dm3,15-30cm,1.1
4321907,bd_kg_dm3,30-60cm,1.15
4321907,bd_kg_dm3,60-100cm,1.2
4321907,cec_cmol_kg,0-5cm,22.9
4321907,cec_cmol_kg,5-15cm,17.7
4321907,cec_cmol_kg,15-30cm,17.1
4321907,cec_cmol_kg,30-60cm,16.8
4321907,cec_cmol_kg,60-100cm,16.3
4321956,clay_pct,0-5cm,51.2
4321956,clay_pct,5-15cm,49.8
4321956,clay_pct,15-30cm,51.3
4321956,clay_pct,30-60cm,57.1
4321956,clay_pct,60-100cm,58.0
4321956,sand_pct,0-5cm,19.4
4321956,sand_pct,5-15cm,20.7
4321956,sand_pct,15-30cm,20.1
4321956,sand_pct,30-60cm,18.0
4321956,sand_pct,60-100cm,17.2
4321956,silt_pct,0-5cm,29.4
4321956,silt_pct,5-15cm,29.4
4321956,silt_pct,15-30cm,28.6
4321956,silt_pct,30-60cm,24.9
4321956,silt_pct,60-100cm,24.8
4321956,soc_pct,0-5cm,5.47
4321956,soc_pct,5-15cm,2.82
4321956,soc_pct,15-30cm,1.98
4321956,soc_pct,30-60cm,1.28
4321956,soc_pct,60-100cm,1.41
4321956,ph_h2o,0-5cm,5.1
4321956,ph_h2o,5-15cm,5.0
4321956,ph_h2o,15-30cm,5.1
4321956,ph_h2o,30-60cm,5.1
4321956,ph_h2o,60-100cm,5.1
4321956,bd_kg_dm3,0-5cm,1.0
4321956,bd_kg_dm3,5-15cm,1.05
4321956,bd_kg_dm3,15-30cm,1.1
4321956,bd_kg_dm3,30-60cm,1.13
4321956,bd_kg_dm3,60-100cm,1.16
4321956,cec_cmol_kg,0-5cm,26.0
4321956,cec_cmol_kg,5-15cm,19.6
4321956,cec_cmol_kg,15-30cm,18.6
4321956,cec_cmol_kg,30-60cm,18.1
4321956,cec_cmol_kg,60-100cm,16.5
4322004,clay_pct,0-5cm,29.9
4322004,clay_pct,5-15cm,30.5
4322004,clay_pct,15-30cm,35.2
4322004,clay_pct,30-60cm,44.6
4322004,clay_pct,60-100cm,48.3
4322004,sand_pct,0-5cm,38.6
4322004,sand_pct,5-15cm,38.7
4322004,sand_pct,15-30cm,35.6
4322004,sand_pct,30-60cm,29.5
4322004,sand_pct,60-100cm,27.1
4322004,silt_pct,0-5cm,31.5
4322004,silt_pct,5-15cm,30.7
4322004,silt_pct,15-30cm,29.2
4322004,silt_pct,30-60cm,25.9
4322004,silt_pct,60-100cm,24.6
4322004,soc_pct,0-5cm,7.16
4322004,soc_pct,5-15cm,2.76
4322004,soc_pct,15-30cm,1.65
4322004,soc_pct,30-60cm,1.16
4322004,soc_pct,60-100cm,0.65
4322004,ph_h2o,0-5cm,5.1
4322004,ph_h2o,5-15cm,5.1
4322004,ph_h2o,15-30cm,5.1
4322004,ph_h2o,30-60cm,5.2
4322004,ph_h2o,60-100cm,5.3
4322004,bd_kg_dm3,0-5cm,1.15
4322004,bd_kg_dm3,5-15cm,1.18
4322004,bd_kg_dm3,15-30cm,1.23
4322004,bd_kg_dm3,30-60cm,1.34
4322004,bd_kg_dm3,60-100cm,1.37
4322004,cec_cmol_kg,0-5cm,21.1
4322004,cec_cmol_kg,5-15cm,17.1
4322004,cec_cmol_kg,15-30cm,17.7
4322004,cec_cmol_kg,30-60cm,18.8
4322004,cec_cmol_kg,60-100cm,18.4
4322103,clay_pct,0-5cm,41.1
4322103,clay_pct,5-15cm,38.6
4322103,clay_pct,15-30cm,41.9
4322103,clay_pct,30-60cm,47.5
4322103,clay_pct,60-100cm,46.8
4322103,sand_pct,0-5cm,23.4
4322103,sand_pct,5-15cm,24.7
4322103,sand_pct,15-30cm,24.2
4322103,sand_pct,30-60cm,21.7
4322103,sand_pct,60-100cm,22.1
4322103,silt_pct,0-5cm,35.5
4322103,silt_pct,5-15cm,36.7
4322103,silt_pct,15-30cm,34.0
4322103,silt_pct,30-60cm,30.8
4322103,silt_pct,60-100cm,31.0
4322103,soc_pct,0-5cm,4.18
4322103,soc_pct,5-15cm,2.06
4322103,soc_pct,15-30cm,1.28
4322103,soc_pct,30-60cm,1.0
4322103,soc_pct,60-100cm,0.61
4322103,ph_h2o,0-5cm,5.2
4322103,ph_h2o,5-15cm,5.1
4322103,ph_h2o,15-30cm,5.1
4322103,ph_h2o,30-60cm,5.1
4322103,ph_h2o,60-100cm,5.2
4322103,bd_kg_dm3,0-5cm,1.12
4322103,bd_kg_dm3,5-15cm,1.16
4322103,bd_kg_dm3,15-30cm,1.22
4322103,bd_kg_dm3,30-60cm,1.3
4322103,bd_kg_dm3,60-100cm,1.33
4322103,cec_cmol_kg,0-5cm,22.4
4322103,cec_cmol_kg,5-15cm,18.2
4322103,cec_cmol_kg,15-30cm,16.9
4322103,cec_cmol_kg,30-60cm,18.3
4322103,cec_cmol_kg,60-100cm,16.8
4322152,clay_pct,0-5cm,39.3
4322152,clay_pct,5-15cm,38.8
4322152,clay_pct,15-30cm,43.1
4322152,clay_pct,30-60cm,48.4
4322152,clay_pct,60-100cm,48.7
4322152,sand_pct,0-5cm,26.5
4322152,sand_pct,5-15cm,27.3
4322152,sand_pct,15-30cm,25.0
4322152,sand_pct,30-60cm,21.4
4322152,sand_pct,60-100cm,20.6
4322152,silt_pct,0-5cm,34.1
4322152,silt_pct,5-15cm,33.9
4322152,silt_pct,15-30cm,31.9
4322152,silt_pct,30-60cm,30.1
4322152,silt_pct,60-100cm,30.8
4322152,soc_pct,0-5cm,5.77
4322152,soc_pct,5-15cm,2.45
4322152,soc_pct,15-30cm,1.63
4322152,soc_pct,30-60cm,0.95
4322152,soc_pct,60-100cm,0.69
4322152,ph_h2o,0-5cm,5.2
4322152,ph_h2o,5-15cm,5.1
4322152,ph_h2o,15-30cm,5.1
4322152,ph_h2o,30-60cm,5.1
4322152,ph_h2o,60-100cm,5.1
4322152,bd_kg_dm3,0-5cm,1.07
4322152,bd_kg_dm3,5-15cm,1.1
4322152,bd_kg_dm3,15-30cm,1.15
4322152,bd_kg_dm3,30-60cm,1.19
4322152,bd_kg_dm3,60-100cm,1.25
4322152,cec_cmol_kg,0-5cm,17.5
4322152,cec_cmol_kg,5-15cm,16.6
4322152,cec_cmol_kg,15-30cm,16.7
4322152,cec_cmol_kg,30-60cm,18.3
4322152,cec_cmol_kg,60-100cm,16.9
4322186,clay_pct,0-5cm,53.7
4322186,clay_pct,5-15cm,52.6
4322186,clay_pct,15-30cm,54.6
4322186,clay_pct,30-60cm,59.7
4322186,clay_pct,60-100cm,63.3
4322186,sand_pct,0-5cm,13.2
4322186,sand_pct,5-15cm,13.5
4322186,sand_pct,15-30cm,12.7
4322186,sand_pct,30-60cm,11.3
4322186,sand_pct,60-100cm,10.3
4322186,silt_pct,0-5cm,33.1
4322186,silt_pct,5-15cm,33.9
4322186,silt_pct,15-30cm,32.7
4322186,silt_pct,30-60cm,28.9
4322186,silt_pct,60-100cm,26.4
4322186,soc_pct,0-5cm,5.2
4322186,soc_pct,5-15cm,2.72
4322186,soc_pct,15-30cm,2.19
4322186,soc_pct,30-60cm,1.1
4322186,soc_pct,60-100cm,0.86
4322186,ph_h2o,0-5cm,5.0
4322186,ph_h2o,5-15cm,5.0
4322186,ph_h2o,15-30cm,5.0
4322186,ph_h2o,30-60cm,5.0
4322186,ph_h2o,60-100cm,5.0
4322186,bd_kg_dm3,0-5cm,0.9
4322186,bd_kg_dm3,5-15cm,0.93
4322186,bd_kg_dm3,15-30cm,0.98
4322186,bd_kg_dm3,30-60cm,1.04
4322186,bd_kg_dm3,60-100cm,1.08
4322186,cec_cmol_kg,0-5cm,18.3
4322186,cec_cmol_kg,5-15cm,15.9
4322186,cec_cmol_kg,15-30cm,13.8
4322186,cec_cmol_kg,30-60cm,13.0
4322186,cec_cmol_kg,60-100cm,12.5
4322202,clay_pct,0-5cm,38.1
4322202,clay_pct,5-15cm,40.7
4322202,clay_pct,15-30cm,42.6
4322202,clay_pct,30-60cm,40.4
4322202,clay_pct,60-100cm,39.1
4322202,sand_pct,0-5cm,27.1
4322202,sand_pct,5-15cm,26.0
4322202,sand_pct,15-30cm,25.9
4322202,sand_pct,30-60cm,28.5
4322202,sand_pct,60-100cm,29.7
4322202,silt_pct,0-5cm,34.8
4322202,silt_pct,5-15cm,33.3
4322202,silt_pct,15-30cm,31.5
4322202,silt_pct,30-60cm,31.2
4322202,silt_pct,60-100cm,31.2
4322202,soc_pct,0-5cm,4.89
4322202,soc_pct,5-15cm,2.41
4322202,soc_pct,15-30cm,1.88
4322202,soc_pct,30-60cm,1.08
4322202,soc_pct,60-100cm,0.96
4322202,ph_h2o,0-5cm,5.1
4322202,ph_h2o,5-15cm,5.1
4322202,ph_h2o,15-30cm,5.1
4322202,ph_h2o,30-60cm,5.1
4322202,ph_h2o,60-100cm,5.1
4322202,bd_kg_dm3,0-5cm,1.15
4322202,bd_kg_dm3,5-15cm,1.19
4322202,bd_kg_dm3,15-30cm,1.25
4322202,bd_kg_dm3,30-60cm,1.31
4322202,bd_kg_dm3,60-100cm,1.32
4322202,cec_cmol_kg,0-5cm,23.1
4322202,cec_cmol_kg,5-15cm,18.2
4322202,cec_cmol_kg,15-30cm,16.9
4322202,cec_cmol_kg,30-60cm,17.2
4322202,cec_cmol_kg,60-100cm,16.6
4322251,clay_pct,0-5cm,32.8
4322251,clay_pct,5-15cm,32.8
4322251,clay_pct,15-30cm,35.6
4322251,clay_pct,30-60cm,50.1
4322251,clay_pct,60-100cm,52.2
4322251,sand_pct,0-5cm,30.2
4322251,sand_pct,5-15cm,30.0
4322251,sand_pct,15-30cm,28.1
4322251,sand_pct,30-60cm,20.8
4322251,sand_pct,60-100cm,19.3
4322251,silt_pct,0-5cm,37.0
4322251,silt_pct,5-15cm,37.3
4322251,silt_pct,15-30cm,36.3
4322251,silt_pct,30-60cm,29.2
4322251,silt_pct,60-100cm,28.5
4322251,soc_pct,0-5cm,6.32
4322251,soc_pct,5-15cm,2.35
4322251,soc_pct,15-30cm,1.98
4322251,soc_pct,30-60cm,1.16
4322251,soc_pct,60-100cm,0.73
4322251,ph_h2o,0-5cm,5.2
4322251,ph_h2o,5-15cm,5.2
4322251,ph_h2o,15-30cm,5.2
4322251,ph_h2o,30-60cm,5.1
4322251,ph_h2o,60-100cm,5.1
4322251,bd_kg_dm3,0-5cm,1.05
4322251,bd_kg_dm3,5-15cm,1.09
4322251,bd_kg_dm3,15-30cm,1.11
4322251,bd_kg_dm3,30-60cm,1.19
4322251,bd_kg_dm3,60-100cm,1.24
4322251,cec_cmol_kg,0-5cm,21.9
4322251,cec_cmol_kg,5-15cm,17.1
4322251,cec_cmol_kg,15-30cm,16.8
4322251,cec_cmol_kg,30-60cm,16.7
4322251,cec_cmol_kg,60-100cm,16.8
4322301,clay_pct,0-5cm,41.4
4322301,clay_pct,5-15cm,38.7
4322301,clay_pct,15-30cm,40.9
4322301,clay_pct,30-60cm,45.1
4322301,clay_pct,60-100cm,46.1
4322301,sand_pct,0-5cm,23.9
4322301,sand_pct,5-15cm,25.0
4322301,sand_pct,15-30cm,24.2
4322301,sand_pct,30-60cm,22.5
4322301,sand_pct,60-100cm,22.8
4322301,silt_pct,0-5cm,34.7
4322301,silt_pct,5-15cm,36.3
4322301,silt_pct,15-30cm,35.0
4322301,silt_pct,30-60cm,32.4
4322301,silt_pct,60-100cm,31.2
4322301,soc_pct,0-5cm,5.2
4322301,soc_pct,5-15cm,2.12
4322301,soc_pct,15-30cm,1.47
4322301,soc_pct,30-60cm,0.98
4322301,soc_pct,60-100cm,0.6
4322301,ph_h2o,0-5cm,5.2
4322301,ph_h2o,5-15cm,5.2
4322301,ph_h2o,15-30cm,5.2
4322301,ph_h2o,30-60cm,5.2
4322301,ph_h2o,60-100cm,5.3
4322301,bd_kg_dm3,0-5cm,1.06
4322301,bd_kg_dm3,5-15cm,1.12
4322301,bd_kg_dm3,15-30cm,1.19
4322301,bd_kg_dm3,30-60cm,1.26
4322301,bd_kg_dm3,60-100cm,1.3
4322301,cec_cmol_kg,0-5cm,23.6
4322301,cec_cmol_kg,5-15cm,21.0
4322301,cec_cmol_kg,15-30cm,20.7
4322301,cec_cmol_kg,30-60cm,20.3
4322301,cec_cmol_kg,60-100cm,19.5
4316972,clay_pct,0-5cm,26.1
4316972,clay_pct,5-15cm,24.9
4316972,clay_pct,15-30cm,24.5
4316972,clay_pct,30-60cm,33.4
4316972,clay_pct,60-100cm,33.1
4316972,sand_pct,0-5cm,41.7
4316972,sand_pct,5-15cm,42.6
4316972,sand_pct,15-30cm,41.9
4316972,sand_pct,30-60cm,36.1
4316972,sand_pct,60-100cm,36.3
4316972,silt_pct,0-5cm,32.2
4316972,silt_pct,5-15cm,32.5
4316972,silt_pct,15-30cm,33.6
4316972,silt_pct,30-60cm,30.5
4316972,silt_pct,60-100cm,30.6
4316972,soc_pct,0-5cm,5.37
4316972,soc_pct,5-15cm,2.21
4316972,soc_pct,15-30cm,1.89
4316972,soc_pct,30-60cm,1.59
4316972,soc_pct,60-100cm,0.65
4316972,ph_h2o,0-5cm,5.3
4316972,ph_h2o,5-15cm,5.3
4316972,ph_h2o,15-30cm,5.4
4316972,ph_h2o,30-60cm,5.4
4316972,ph_h2o,60-100cm,5.5
4316972,bd_kg_dm3,0-5cm,1.24
4316972,bd_kg_dm3,5-15cm,1.31
4316972,bd_kg_dm3,15-30cm,1.38
4316972,bd_kg_dm3,30-60cm,1.45
4316972,bd_kg_dm3,60-100cm,1.5
4316972,cec_cmol_kg,0-5cm,21.9
4316972,cec_cmol_kg,5-15cm,18.5
4316972,cec_cmol_kg,15-30cm,18.5
4316972,cec_cmol_kg,30-60cm,19.1
4316972,cec_cmol_kg,60-100cm,19.1
4322327,clay_pct,0-5cm,26.4
4322327,clay_pct,5-15cm,26.7
4322327,clay_pct,15-30cm,28.7
4322327,clay_pct,30-60cm,41.8
4322327,clay_pct,60-100cm,40.8
4322327,sand_pct,0-5cm,47.1
4322327,sand_pct,5-15cm,46.7
4322327,sand_pct,15-30cm,45.3
4322327,sand_pct,30-60cm,34.7
4322327,sand_pct,60-100cm,34.9
4322327,silt_pct,0-5cm,26.5
4322327,silt_pct,5-15cm,26.6
4322327,silt_pct,15-30cm,26.1
4322327,silt_pct,30-60cm,23.4
4322327,silt_pct,60-100cm,24.3
4322327,soc_pct,0-5cm,5.15
4322327,soc_pct,5-15cm,2.54
4322327,soc_pct,15-30cm,1.95
4322327,soc_pct,30-60cm,0.95
4322327,soc_pct,60-100cm,0.57
4322327,ph_h2o,0-5cm,5.4
4322327,ph_h2o,5-15cm,5.4
4322327,ph_h2o,15-30cm,5.4
4322327,ph_h2o,30-60cm,5.5
4322327,ph_h2o,60-100cm,5.5
4322327,bd_kg_dm3,0-5cm,1.16
4322327,bd_kg_dm3,5-15cm,1.21
4322327,bd_kg_dm3,15-30cm,1.26
4322327,bd_kg_dm3,30-60cm,1.35
4322327,bd_kg_dm3,60-100cm,1.39
4322327,cec_cmol_kg,0-5cm,28.5
4322327,cec_cmol_kg,5-15cm,20.2
4322327,cec_cmol_kg,15-30cm,21.1
4322327,cec_cmol_kg,30-60cm,22.8
4322327,cec_cmol_kg,60-100cm,22.3
4322343,clay_pct,0-5cm,41.3
4322343,clay_pct,5-15cm,40.1
4322343,clay_pct,15-30cm,44.5
4322343,clay_pct,30-60cm,51.2
4322343,clay_pct,60-100cm,52.0
4322343,sand_pct,0-5cm,24.0
4322343,sand_pct,5-15cm,24.6
4322343,sand_pct,15-30cm,23.7
4322343,sand_pct,30-60cm,20.5
4322343,sand_pct,60-100cm,20.0
4322343,silt_pct,0-5cm,34.7
4322343,silt_pct,5-15cm,35.2
4322343,silt_pct,15-30cm,31.8
4322343,silt_pct,30-60cm,28.3
4322343,silt_pct,60-100cm,28.1
4322343,soc_pct,0-5cm,4.48
4322343,soc_pct,5-15cm,2.14
4322343,soc_pct,15-30cm,1.97
4322343,soc_pct,30-60cm,1.81
4322343,soc_pct,60-100cm,1.51
4322343,ph_h2o,0-5cm,5.1
4322343,ph_h2o,5-15cm,5.1
4322343,ph_h2o,15-30cm,5.1
4322343,ph_h2o,30-60cm,5.1
4322343,ph_h2o,60-100cm,5.1
4322343,bd_kg_dm3,0-5cm,1.12
4322343,bd_kg_dm3,5-15cm,1.16
4322343,bd_kg_dm3,15-30cm,1.21
4322343,bd_kg_dm3,30-60cm,1.27
4322343,bd_kg_dm3,60-100cm,1.29
4322343,cec_cmol_kg,0-5cm,23.8
4322343,cec_cmol_kg,5-15cm,19.2
4322343,cec_cmol_kg,15-30cm,18.2
4322343,cec_cmol_kg,30-60cm,18.6
4322343,cec_cmol_kg,60-100cm,15.9
4322376,clay_pct,0-5cm,44.3
4322376,clay_pct,5-15cm,42.1
4322376,clay_pct,15-30cm,44.5
4322376,clay_pct,30-60cm,48.4
4322376,clay_pct,60-100cm,49.1
4322376,sand_pct,0-5cm,23.9
4322376,sand_pct,5-15cm,24.5
4322376,sand_pct,15-30cm,23.5
4322376,sand_pct,30-60cm,21.7
4322376,sand_pct,60-100cm,21.1
4322376,silt_pct,0-5cm,31.8
4322376,silt_pct,5-15cm,33.4
4322376,silt_pct,15-30cm,32.0
4322376,silt_pct,30-60cm,29.8
4322376,silt_pct,60-100cm,29.8
4322376,soc_pct,0-5cm,6.77
4322376,soc_pct,5-15cm,2.58
4322376,soc_pct,15-30cm,2.1
4322376,soc_pct,30-60cm,1.32
4322376,soc_pct,60-100cm,1.19
4322376,ph_h2o,0-5cm,5.3
4322376,ph_h2o,5-15cm,5.3
4322376,ph_h2o,15-30cm,5.4
4322376,ph_h2o,30-60cm,5.3
4322376,ph_h2o,60-100cm,5.4
4322376,bd_kg_dm3,0-5cm,1.06
4322376,bd_kg_dm3,5-15cm,1.14
4322376,bd_kg_dm3,15-30cm,1.14
4322376,bd_kg_dm3,30-60cm,1.26
4322376,bd_kg_dm3,60-100cm,1.32
4322376,cec_cmol_kg,0-5cm,20.5
4322376,cec_cmol_kg,5-15cm,15.6
4322376,cec_cmol_kg,15-30cm,15.8
4322376,cec_cmol_kg,30-60cm,16.8
4322376,cec_cmol_kg,60-100cm,16.4
4322350,clay_pct,0-5cm,44.3
4322350,clay_pct,5-15cm,46.0
4322350,clay_pct,15-30cm,46.6
4322350,clay_pct,30-60cm,50.2
4322350,clay_pct,60-100cm,52.6
4322350,sand_pct,0-5cm,20.2
4322350,sand_pct,5-15cm,19.6
4322350,sand_pct,15-30cm,19.9
4322350,sand_pct,30-60cm,17.9
4322350,sand_pct,60-100cm,17.1
4322350,silt_pct,0-5cm,35.5
4322350,silt_pct,5-15cm,34.4
4322350,silt_pct,15-30cm,33.5
4322350,silt_pct,30-60cm,31.9
4322350,silt_pct,60-100cm,30.2
4322350,soc_pct,0-5cm,6.39
4322350,soc_pct,5-15cm,2.73
4322350,soc_pct,15-30cm,1.97
4322350,soc_pct,30-60cm,1.33
4322350,soc_pct,60-100cm,1.3
4322350,ph_h2o,0-5cm,5.1
4322350,ph_h2o,5-15cm,5.1
4322350,ph_h2o,15-30cm,5.1
4322350,ph_h2o,30-60cm,5.1
4322350,ph_h2o,60-100cm,5.1
4322350,bd_kg_dm3,0-5cm,1.02
4322350,bd_kg_dm3,5-15cm,1.05
4322350,bd_kg_dm3,15-30cm,1.12
4322350,bd_kg_dm3,30-60cm,1.17
4322350,bd_kg_dm3,60-100cm,1.21
4322350,cec_cmol_kg,0-5cm,22.4
4322350,cec_cmol_kg,5-15cm,19.8
4322350,cec_cmol_kg,15-30cm,19.7
4322350,cec_cmol_kg,30-60cm,19.5
4322350,cec_cmol_kg,60-100cm,17.8
4322400,clay_pct,0-5cm,24.4
4322400,clay_pct,5-15cm,23.7
4322400,clay_pct,15-30cm,29.0
4322400,clay_pct,30-60cm,35.0
4322400,clay_pct,60-100cm,37.8
4322400,sand_pct,0-5cm,39.3
4322400,sand_pct,5-15cm,38.9
4322400,sand_pct,15-30cm,35.1
4322400,sand_pct,30-60cm,31.6
4322400,sand_pct,60-100cm,30.5
4322400,silt_pct,0-5cm,36.2
4322400,silt_pct,5-15cm,37.3
4322400,silt_pct,15-30cm,35.9
4322400,silt_pct,30-60cm,33.5
4322400,silt_pct,60-100cm,31.7
4322400,soc_pct,0-5cm,2.92
4322400,soc_pct,5-15cm,1.55
4322400,soc_pct,15-30cm,1.26
4322400,soc_pct,30-60cm,0.8
4322400,soc_pct,60-100cm,0.4
4322400,ph_h2o,0-5cm,5.4
4322400,ph_h2o,5-15cm,5.4
4322400,ph_h2o,15-30cm,5.4
4322400,ph_h2o,30-60cm,5.4
4322400,ph_h2o,60-100cm,5.4
4322400,bd_kg_dm3,0-5cm,1.39
4322400,bd_kg_dm3,5-15cm,1.43
4322400,bd_kg_dm3,15-30cm,1.52
4322400,bd_kg_dm3,30-60cm,1.61
4322400,bd_kg_dm3,60-100cm,1.61
4322400,cec_cmol_kg,0-5cm,21.8
4322400,cec_cmol_kg,5-15cm,19.8
4322400,cec_cmol_kg,15-30cm,20.2
4322400,cec_cmol_kg,30-60cm,21.1
4322400,cec_cmol_kg,60-100cm,20.4
4322509,clay_pct,0-5cm,54.2
4322509,clay_pct,5-15cm,51.1
4322509,clay_pct,15-30cm,53.6
4322509,clay_pct,30-60cm,60.7
4322509,clay_pct,60-100cm,62.4
4322509,sand_pct,0-5cm,15.2
4322509,sand_pct,5-15cm,16.0
4322509,sand_pct,15-30cm,15.4
4322509,sand_pct,30-60cm,12.5
4322509,sand_pct,60-100cm,11.9
4322509,silt_pct,0-5cm,30.6
4322509,silt_pct,5-15cm,32.9
4322509,silt_pct,15-30cm,31.0
4322509,silt_pct,30-60cm,26.8
4322509,silt_pct,60-100cm,25.6
4322509,soc_pct,0-5cm,5.18
4322509,soc_pct,5-15cm,2.54
4322509,soc_pct,15-30cm,2.1
4322509,soc_pct,30-60cm,1.43
4322509,soc_pct,60-100cm,1.19
4322509,ph_h2o,0-5cm,5.0
4322509,ph_h2o,5-15cm,5.0
4322509,ph_h2o,15-30cm,5.0
4322509,ph_h2o,30-60cm,5.1
4322509,ph_h2o,60-100cm,5.1
4322509,bd_kg_dm3,0-5cm,1.01
4322509,bd_kg_dm3,5-15cm,1.05
4322509,bd_kg_dm3,15-30cm,1.08
4322509,bd_kg_dm3,30-60cm,1.13
4322509,bd_kg_dm3,60-100cm,1.16
4322509,cec_cmol_kg,0-5cm,23.0
4322509,cec_cmol_kg,5-15cm,18.8
4322509,cec_cmol_kg,15-30cm,19.6
4322509,cec_cmol_kg,30-60cm,18.7
4322509,cec_cmol_kg,60-100cm,17.9
4322525,clay_pct,0-5cm,34.2
4322525,clay_pct,5-15cm,33.9
4322525,clay_pct,15-30cm,39.0
4322525,clay_pct,30-60cm,46.6
4322525,clay_pct,60-100cm,48.7
4322525,sand_pct,0-5cm,24.6
4322525,sand_pct,5-15cm,25.2
4322525,sand_pct,15-30cm,23.0
4322525,sand_pct,30-60cm,19.0
4322525,sand_pct,60-100cm,16.9
4322525,silt_pct,0-5cm,41.2
4322525,silt_pct,5-15cm,40.9
4322525,silt_pct,15-30cm,38.0
4322525,silt_pct,30-60cm,34.4
4322525,silt_pct,60-100cm,34.4
4322525,soc_pct,0-5cm,5.52
4322525,soc_pct,5-15cm,2.07
4322525,soc_pct,15-30cm,2.28
4322525,soc_pct,30-60cm,1.22
4322525,soc_pct,60-100cm,0.85
4322525,ph_h2o,0-5cm,5.5
4322525,ph_h2o,5-15cm,5.5
4322525,ph_h2o,15-30cm,5.5
4322525,ph_h2o,30-60cm,5.5
4322525,ph_h2o,60-100cm,5.5
4322525,bd_kg_dm3,0-5cm,1.18
4322525,bd_kg_dm3,5-15cm,1.21
4322525,bd_kg_dm3,15-30cm,1.25
4322525,bd_kg_dm3,30-60cm,1.38
4322525,bd_kg_dm3,60-100cm,1.4
4322525,cec_cmol_kg,0-5cm,20.8
4322525,cec_cmol_kg,5-15cm,23.0
4322525,cec_cmol_kg,15-30cm,23.1
4322525,cec_cmol_kg,30-60cm,24.9
4322525,cec_cmol_kg,60-100cm,24.3
4322533,clay_pct,0-5cm,31.5
4322533,clay_pct,5-15cm,32.3
4322533,clay_pct,15-30cm,37.8
4322533,clay_pct,30-60cm,46.7
4322533,clay_pct,60-100cm,45.9
4322533,sand_pct,0-5cm,28.7
4322533,sand_pct,5-15cm,28.1
4322533,sand_pct,15-30cm,25.4
4322533,sand_pct,30-60cm,19.7
4322533,sand_pct,60-100cm,19.6
4322533,silt_pct,0-5cm,39.8
4322533,silt_pct,5-15cm,39.6
4322533,silt_pct,15-30cm,36.8
4322533,silt_pct,30-60cm,33.6
4322533,silt_pct,60-100cm,34.5
4322533,soc_pct,0-5cm,5.79
4322533,soc_pct,5-15cm,2.7
4322533,soc_pct,15-30cm,2.2
4322533,soc_pct,30-60cm,1.13
4322533,soc_pct,60-100cm,0.68
4322533,ph_h2o,0-5cm,5.3
4322533,ph_h2o,5-15cm,5.3
4322533,ph_h2o,15-30cm,5.3
4322533,ph_h2o,30-60cm,5.2
4322533,ph_h2o,60-100cm,5.2
4322533,bd_kg_dm3,0-5cm,1.12
4322533,bd_kg_dm3,5-15cm,1.14
4322533,bd_kg_dm3,15-30cm,1.18
4322533,bd_kg_dm3,30-60cm,1.28
4322533,bd_kg_dm3,60-100cm,1.3
4322533,cec_cmol_kg,0-5cm,24.3
4322533,cec_cmol_kg,5-15cm,21.5
4322533,cec_cmol_kg,15-30cm,20.5
4322533,cec_cmol_kg,30-60cm,21.8
4322533,cec_cmol_kg,60-100cm,20.9
4322541,clay_pct,0-5cm,47.9
4322541,clay_pct,5-15cm,46.6
4322541,clay_pct,15-30cm,48.6
4322541,clay_pct,30-60cm,54.3
4322541,clay_pct,60-100cm,56.1
4322541,sand_pct,0-5cm,18.7
4322541,sand_pct,5-15cm,19.4
4322541,sand_pct,15-30cm,18.2
4322541,sand_pct,30-60cm,15.6
4322541,sand_pct,60-100cm,14.7
4322541,silt_pct,0-5cm,33.4
4322541,silt_pct,5-15cm,34.0
4322541,silt_pct,15-30cm,33.3
4322541,silt_pct,30-60cm,30.1
4322541,silt_pct,60-100cm,29.2
4322541,soc_pct,0-5cm,6.77
4322541,soc_pct,5-15cm,2.18
4322541,soc_pct,15-30cm,2.73
4322541,soc_pct,30-60cm,1.1
4322541,soc_pct,60-100cm,0.77
4322541,ph_h2o,0-5cm,5.2
4322541,ph_h2o,5-15cm,5.3
4322541,ph_h2o,15-30cm,5.3
4322541,ph_h2o,30-60cm,5.2
4322541,ph_h2o,60-100cm,5.2
4322541,bd_kg_dm3,0-5cm,0.98
4322541,bd_kg_dm3,5-15cm,0.99
4322541,bd_kg_dm3,15-30cm,1.03
4322541,bd_kg_dm3,30-60cm,1.11
4322541,bd_kg_dm3,60-100cm,1.17
4322541,cec_cmol_kg,0-5cm,22.7
4322541,cec_cmol_kg,5-15cm,17.2
4322541,cec_cmol_kg,15-30cm,16.7
4322541,cec_cmol_kg,30-60cm,17.0
4322541,cec_cmol_kg,60-100cm,16.8
4322608,clay_pct,0-5cm,34.1
4322608,clay_pct,5-15cm,34.4
4322608,clay_pct,15-30cm,44.0
4322608,clay_pct,30-60cm,50.9
4322608,clay_pct,60-100cm,52.1
4322608,sand_pct,0-5cm,28.9
4322608,sand_pct,5-15cm,28.5
4322608,sand_pct,15-30cm,23.9
4322608,sand_pct,30-60cm,19.8
4322608,sand_pct,60-100cm,19.4
4322608,silt_pct,0-5cm,37.0
4322608,silt_pct,5-15cm,37.1
4322608,silt_pct,15-30cm,32.1
4322608,silt_pct,30-60cm,29.3
4322608,silt_pct,60-100cm,28.4
4322608,soc_pct,0-5cm,4.81
4322608,soc_pct,5-15cm,2.97
4322608,soc_pct,15-30cm,1.87
4322608,soc_pct,30-60cm,0.95
4322608,soc_pct,60-100cm,0.59
4322608,ph_h2o,0-5cm,5.4
4322608,ph_h2o,5-15cm,5.4
4322608,ph_h2o,15-30cm,5.4
4322608,ph_h2o,30-60cm,5.4
4322608,ph_h2o,60-100cm,5.5
4322608,bd_kg_dm3,0-5cm,1.19
4322608,bd_kg_dm3,5-15cm,1.22
4322608,bd_kg_dm3,15-30cm,1.29
4322608,bd_kg_dm3,30-60cm,1.36
4322608,bd_kg_dm3,60-100cm,1.38
4322608,cec_cmol_kg,0-5cm,24.6
4322608,cec_cmol_kg,5-15cm,21.8
4322608,cec_cmol_kg,15-30cm,21.9
4322608,cec_cmol_kg,30-60cm,23.4
4322608,cec_cmol_kg,60-100cm,22.8
4322558,clay_pct,0-5cm,44.9
4322558,clay_pct,5-15cm,43.2
4322558,clay_pct,15-30cm,46.9
4322558,clay_pct,30-60cm,55.7
4322558,clay_pct,60-100cm,57.2
4322558,sand_pct,0-5cm,16.0
4322558,sand_pct,5-15cm,16.5
4322558,sand_pct,15-30cm,15.3
4322558,sand_pct,30-60cm,12.5
4322558,sand_pct,60-100cm,11.3
4322558,silt_pct,0-5cm,39.1
4322558,silt_pct,5-15cm,40.3
4322558,silt_pct,15-30cm,37.8
4322558,silt_pct,30-60cm,31.8
4322558,silt_pct,60-100cm,31.4
4322558,soc_pct,0-5cm,6.05
4322558,soc_pct,5-15cm,2.4
4322558,soc_pct,15-30cm,1.97
4322558,soc_pct,30-60cm,1.47
4322558,soc_pct,60-100cm,1.34
4322558,ph_h2o,0-5cm,5.1
4322558,ph_h2o,5-15cm,5.1
4322558,ph_h2o,15-30cm,5.1
4322558,ph_h2o,30-60cm,5.1
4322558,ph_h2o,60-100cm,5.1
4322558,bd_kg_dm3,0-5cm,0.93
4322558,bd_kg_dm3,5-15cm,0.97
4322558,bd_kg_dm3,15-30cm,1.03
4322558,bd_kg_dm3,30-60cm,1.05
4322558,bd_kg_dm3,60-100cm,1.12
4322558,cec_cmol_kg,0-5cm,20.6
4322558,cec_cmol_kg,5-15cm,20.4
4322558,cec_cmol_kg,15-30cm,19.4
4322558,cec_cmol_kg,30-60cm,18.6
4322558,cec_cmol_kg,60-100cm,18.0
4322707,clay_pct,0-5cm,33.2
4322707,clay_pct,5-15cm,33.1
4322707,clay_pct,15-30cm,37.8
4322707,clay_pct,30-60cm,44.0
4322707,clay_pct,60-100cm,45.6
4322707,sand_pct,0-5cm,24.3
4322707,sand_pct,5-15cm,24.3
4322707,sand_pct,15-30cm,22.4
4322707,sand_pct,30-60cm,19.4
4322707,sand_pct,60-100cm,16.8
4322707,silt_pct,0-5cm,42.5
4322707,silt_pct,5-15cm,42.6
4322707,silt_pct,15-30cm,39.8
4322707,silt_pct,30-60cm,36.7
4322707,silt_pct,60-100cm,37.5
4322707,soc_pct,0-5cm,5.12
4322707,soc_pct,5-15cm,2.27
4322707,soc_pct,15-30cm,2.58
4322707,soc_pct,30-60cm,1.24
4322707,soc_pct,60-100cm,0.68
4322707,ph_h2o,0-5cm,5.3
4322707,ph_h2o,5-15cm,5.3
4322707,ph_h2o,15-30cm,5.3
4322707,ph_h2o,30-60cm,5.4
4322707,ph_h2o,60-100cm,5.4
4322707,bd_kg_dm3,0-5cm,1.21
4322707,bd_kg_dm3,5-15cm,1.26
4322707,bd_kg_dm3,15-30cm,1.33
4322707,bd_kg_dm3,30-60cm,1.42
4322707,bd_kg_dm3,60-100cm,1.43
4322707,cec_cmol_kg,0-5cm,23.0
4322707,cec_cmol_kg,5-15cm,23.2
4322707,cec_cmol_kg,15-30cm,22.7
4322707,cec_cmol_kg,30-60cm,23.9
4322707,cec_cmol_kg,60-100cm,23.3
4322855,clay_pct,0-5cm,41.0
4322855,clay_pct,5-15cm,41.3
4322855,clay_pct,15-30cm,41.5
4322855,clay_pct,30-60cm,46.2
4322855,clay_pct,60-100cm,47.7
4322855,sand_pct,0-5cm,22.4
4322855,sand_pct,5-15cm,23.0
4322855,sand_pct,15-30cm,22.9
4322855,sand_pct,30-60cm,20.2
4322855,sand_pct,60-100cm,18.7
4322855,silt_pct,0-5cm,36.7
4322855,silt_pct,5-15cm,35.7
4322855,silt_pct,15-30cm,35.6
4322855,silt_pct,30-60cm,33.7
4322855,silt_pct,60-100cm,33.5
4322855,soc_pct,0-5cm,6.56
4322855,soc_pct,5-15cm,2.16
4322855,soc_pct,15-30cm,2.1
4322855,soc_pct,30-60cm,1.15
4322855,soc_pct,60-100cm,0.69
4322855,ph_h2o,0-5cm,5.1
4322855,ph_h2o,5-15cm,5.2
4322855,ph_h2o,15-30cm,5.2
4322855,ph_h2o,30-60cm,5.1
4322855,ph_h2o,60-100cm,5.1
4322855,bd_kg_dm3,0-5cm,1.05
4322855,bd_kg_dm3,5-15cm,1.06
4322855,bd_kg_dm3,15-30cm,1.11
4322855,bd_kg_dm3,30-60cm,1.18
4322855,bd_kg_dm3,60-100cm,1.21
4322855,cec_cmol_kg,0-5cm,20.5
4322855,cec_cmol_kg,5-15cm,19.4
4322855,cec_cmol_kg,15-30cm,19.6
4322855,cec_cmol_kg,30-60cm,20.6
4322855,cec_cmol_kg,60-100cm,19.7
4322806,clay_pct,0-5cm,50.9
4322806,clay_pct,5-15cm,51.1
4322806,clay_pct,15-30cm,51.0
4322806,clay_pct,30-60cm,56.9
4322806,clay_pct,60-100cm,58.0
4322806,sand_pct,0-5cm,15.5
4322806,sand_pct,5-15cm,15.2
4322806,sand_pct,15-30cm,14.8
4322806,sand_pct,30-60cm,12.8
4322806,sand_pct,60-100cm,12.2
4322806,silt_pct,0-5cm,33.6
4322806,silt_pct,5-15cm,33.7
4322806,silt_pct,15-30cm,34.2
4322806,silt_pct,30-60cm,30.2
4322806,silt_pct,60-100cm,29.8
4322806,soc_pct,0-5cm,6.79
4322806,soc_pct,5-15cm,2.3
4322806,soc_pct,15-30cm,2.5
4322806,soc_pct,30-60cm,1.55
4322806,soc_pct,60-100cm,1.02
4322806,ph_h2o,0-5cm,5.2
4322806,ph_h2o,5-15cm,5.2
4322806,ph_h2o,15-30cm,5.2
4322806,ph_h2o,30-60cm,5.2
4322806,ph_h2o,60-100cm,5.2
4322806,bd_kg_dm3,0-5cm,0.95
4322806,bd_kg_dm3,5-15cm,0.98
4322806,bd_kg_dm3,15-30cm,1.04
4322806,bd_kg_dm3,30-60cm,1.12
4322806,bd_kg_dm3,60-100cm,1.17
4322806,cec_cmol_kg,0-5cm,20.6
4322806,cec_cmol_kg,5-15cm,16.6
4322806,cec_cmol_kg,15-30cm,16.9
4322806,cec_cmol_kg,30-60cm,17.0
4322806,cec_cmol_kg,60-100cm,15.1
4322905,clay_pct,0-5cm,51.0
4322905,clay_pct,5-15cm,51.2
4322905,clay_pct,15-30cm,54.3
4322905,clay_pct,30-60cm,58.9
4322905,clay_pct,60-100cm,60.2
4322905,sand_pct,0-5cm,19.4
4322905,sand_pct,5-15cm,19.1
4322905,sand_pct,15-30cm,17.7
4322905,sand_pct,30-60cm,16.2
4322905,sand_pct,60-100cm,15.2
4322905,silt_pct,0-5cm,29.6
4322905,silt_pct,5-15cm,29.6
4322905,silt_pct,15-30cm,28.0
4322905,silt_pct,30-60cm,24.9
4322905,silt_pct,60-100cm,24.6
4322905,soc_pct,0-5cm,5.9
4322905,soc_pct,5-15cm,2.74
4322905,soc_pct,15-30cm,1.82
4322905,soc_pct,30-60cm,1.15
4322905,soc_pct,60-100cm,0.75
4322905,ph_h2o,0-5cm,5.2
4322905,ph_h2o,5-15cm,5.1
4322905,ph_h2o,15-30cm,5.2
4322905,ph_h2o,30-60cm,5.1
4322905,ph_h2o,60-100cm,5.1
4322905,bd_kg_dm3,0-5cm,0.98
4322905,bd_kg_dm3,5-15cm,1.01
4322905,bd_kg_dm3,15-30cm,1.08
4322905,bd_kg_dm3,30-60cm,1.11
4322905,bd_kg_dm3,60-100cm,1.16
4322905,cec_cmol_kg,0-5cm,24.2
4322905,cec_cmol_kg,5-15cm,20.2
4322905,cec_cmol_kg,15-30cm,20.6
4322905,cec_cmol_kg,30-60cm,20.1
4322905,cec_cmol_kg,60-100cm,19.0
4323002,clay_pct,0-5cm,25.8
4323002,clay_pct,5-15cm,25.7
4323002,clay_pct,15-30cm,28.3
4323002,clay_pct,30-60cm,38.4
4323002,clay_pct,60-100cm,38.6
4323002,sand_pct,0-5cm,51.4
4323002,sand_pct,5-15cm,52.0
4323002,sand_pct,15-30cm,49.3
4323002,sand_pct,30-60cm,39.3
4323002,sand_pct,60-100cm,38.2
4323002,silt_pct,0-5cm,22.8
4323002,silt_pct,5-15cm,22.3
4323002,silt_pct,15-30cm,22.4
4323002,silt_pct,30-60cm,22.3
4323002,silt_pct,60-100cm,23.2
4323002,soc_pct,0-5cm,5.92
4323002,soc_pct,5-15cm,2.27
4323002,soc_pct,15-30cm,1.56
4323002,soc_pct,30-60cm,0.92
4323002,soc_pct,60-100cm,0.77
4323002,ph_h2o,0-5cm,5.1
4323002,ph_h2o,5-15cm,5.1
4323002,ph_h2o,15-30cm,5.1
4323002,ph_h2o,30-60cm,5.2
4323002,ph_h2o,60-100cm,5.2
4323002,bd_kg_dm3,0-5cm,1.09
4323002,bd_kg_dm3,5-15cm,1.15
4323002,bd_kg_dm3,15-30cm,1.19
4323002,bd_kg_dm3,30-60cm,1.24
4323002,bd_kg_dm3,60-100cm,1.28
4323002,cec_cmol_kg,0-5cm,18.9
4323002,cec_cmol_kg,5-15cm,16.4
4323002,cec_cmol_kg,15-30cm,16.8
4323002,cec_cmol_kg,30-60cm,18.1
4323002,cec_cmol_kg,60-100cm,18.3
4323101,clay_pct,0-5cm,38.9
4323101,clay_pct,5-15cm,37.9
4323101,clay_pct,15-30cm,38.6
4323101,clay_pct,30-60cm,41.4
4323101,clay_pct,60-100cm,41.1
4323101,sand_pct,0-5cm,25.4
4323101,sand_pct,5-15cm,25.8
4323101,sand_pct,15-30cm,25.6
4323101,sand_pct,30-60cm,24.9
4323101,sand_pct,60-100cm,24.6
4323101,silt_pct,0-5cm,35.8
4323101,silt_pct,5-15cm,36.3
4323101,silt_pct,15-30cm,35.8
4323101,silt_pct,30-60cm,33.7
4323101,silt_pct,60-100cm,34.3
4323101,soc_pct,0-5cm,6.94
4323101,soc_pct,5-15cm,3.32
4323101,soc_pct,15-30cm,2.35
4323101,soc_pct,30-60cm,1.86
4323101,soc_pct,60-100cm,1.65
4323101,ph_h2o,0-5cm,5.1
4323101,ph_h2o,5-15cm,5.1
4323101,ph_h2o,15-30cm,5.2
4323101,ph_h2o,30-60cm,5.2
4323101,ph_h2o,60-100cm,5.2
4323101,bd_kg_dm3,0-5cm,0.99
4323101,bd_kg_dm3,5-15cm,1.03
4323101,bd_kg_dm3,15-30cm,1.07
4323101,bd_kg_dm3,30-60cm,1.13
4323101,bd_kg_dm3,60-100cm,1.16
4323101,cec_cmol_kg,0-5cm,19.2
4323101,cec_cmol_kg,5-15cm,14.9
4323101,cec_cmol_kg,15-30cm,15.0
4323101,cec_cmol_kg,30-60cm,15.0
4323101,cec_cmol_kg,60-100cm,14.7
4323200,clay_pct,0-5cm,48.0
4323200,clay_pct,5-15cm,49.1
4323200,clay_pct,15-30cm,51.7
4323200,clay_pct,30-60cm,56.4
4323200,clay_pct,60-100cm,58.5
4323200,sand_pct,0-5cm,19.0
4323200,sand_pct,5-15cm,19.0
4323200,sand_pct,15-30cm,17.9
4323200,sand_pct,30-60cm,16.0
4323200,sand_pct,60-100cm,15.0
4323200,silt_pct,0-5cm,33.0
4323200,silt_pct,5-15cm,31.9
4323200,silt_pct,15-30cm,30.4
4323200,silt_pct,30-60cm,27.5
4323200,silt_pct,60-100cm,26.5
4323200,soc_pct,0-5cm,4.81
4323200,soc_pct,5-15cm,2.25
4323200,soc_pct,15-30cm,1.82
4323200,soc_pct,30-60cm,1.04
4323200,soc_pct,60-100cm,0.76
4323200,ph_h2o,0-5cm,5.2
4323200,ph_h2o,5-15cm,5.2
4323200,ph_h2o,15-30cm,5.1
4323200,ph_h2o,30-60cm,5.1
4323200,ph_h2o,60-100cm,5.1
4323200,cec_cmol_kg,0-5cm,24.5
4323200,cec_cmol_kg,5-15cm,22.8
4323200,cec_cmol_kg,15-30cm,23.0
4323200,cec_cmol_kg,30-60cm,22.1
4323200,cec_cmol_kg,60-100cm,22.0
4323309,clay_pct,0-5cm,45.9
4323309,clay_pct,5-15cm,45.5
4323309,clay_pct,15-30cm,47.6
4323309,clay_pct,30-60cm,55.1
4323309,clay_pct,60-100cm,55.5
4323309,sand_pct,0-5cm,15.8
4323309,sand_pct,5-15cm,15.8
4323309,sand_pct,15-30cm,15.3
4323309,sand_pct,30-60cm,12.4
4323309,sand_pct,60-100cm,12.0
4323309,soc_pct,0-5cm,6.92
4323309,soc_pct,5-15cm,2.74
4323309,soc_pct,15-30cm,2.32
4323309,soc_pct,30-60cm,1.4
4323309,soc_pct,60-100cm,0.84
4323309,ph_h2o,0-5cm,5.2
4323309,ph_h2o,5-15cm,5.1
4323309,ph_h2o,15-30cm,5.1
4323309,ph_h2o,30-60cm,5.2
4323309,ph_h2o,60-100cm,5.2
4323309,bd_kg_dm3,0-5cm,0.96
4323309,bd_kg_dm3,5-15cm,1.0
4323309,bd_kg_dm3,15-30cm,1.04
4323309,bd_kg_dm3,30-60cm,1.12
4323309,bd_kg_dm3,60-100cm,1.17
4323309,cec_cmol_kg,0-5cm,23.8
4323309,cec_cmol_kg,5-15cm,21.8
4323309,cec_cmol_kg,15-30cm,20.8
4323309,cec_cmol_kg,30-60cm,20.4
4323309,cec_cmol_kg,60-100cm,19.9
4323358,clay_pct,0-5cm,51.7
4323358,clay_pct,5-15cm,50.9
4323358,clay_pct,15-30cm,54.6
4323358,clay_pct,30-60cm,59.0
4323358,clay_pct,60-100cm,61.0
4323358,sand_pct,0-5cm,20.5
4323358,sand_pct,5-15cm,20.9
4323358,sand_pct,15-30cm,18.7
4323358,sand_pct,30-60cm,16.8
4323358,sand_pct,60-100cm,16.5
4323358,ph_h2o,0-5cm,5.1
4323358,ph_h2o,5-15cm,5.1
4323358,ph_h2o,15-30cm,5.1
4323358,ph_h2o,30-60cm,5.1
4323358,ph_h2o,60-100cm,5.1
4323358,bd_kg_dm3,0-5cm,1.02
4323358,bd_kg_dm3,5-15cm,1.08
4323358,bd_kg_dm3,15-30cm,1.14
4323358,bd_kg_dm3,30-60cm,1.16
4323358,bd_kg_dm3,60-100cm,1.2
4323358,cec_cmol_kg,0-5cm,25.3
4323358,cec_cmol_kg,5-15cm,21.4
4323358,cec_cmol_kg,15-30cm,20.6
4323358,cec_cmol_kg,30-60cm,20.3
4323358,cec_cmol_kg,60-100cm,18.6
4320701,clay_pct,0-5cm,34.2
4320701,clay_pct,5-15cm,34.1
4320701,clay_pct,15-30cm,38.1
4320701,clay_pct,30-60cm,45.5
4320701,clay_pct,60-100cm,48.6
4320701,sand_pct,0-5cm,29.6
4320701,sand_pct,5-15cm,29.4
4320701,sand_pct,15-30cm,25.7
4320701,sand_pct,30-60cm,21.4
4320701,sand_pct,60-100cm,18.9
4320701,silt_pct,0-5cm,36.3
4320701,silt_pct,5-15cm,36.6
4320701,silt_pct,15-30cm,36.1
4320701,silt_pct,30-60cm,33.1
4320701,silt_pct,60-100cm,32.5
4320701,soc_pct,0-5cm,5.33
4320701,soc_pct,5-15cm,2.11
4320701,soc_pct,15-30cm,2.1
4320701,soc_pct,30-60cm,1.14
4320701,soc_pct,60-100cm,0.9
4320701,ph_h2o,0-5cm,5.2
4320701,ph_h2o,5-15cm,5.2
4320701,ph_h2o,15-30cm,5.2
4320701,ph_h2o,30-60cm,5.2
4320701,ph_h2o,60-100cm,5.3
4320701,bd_kg_dm3,0-5cm,1.11
4320701,bd_kg_dm3,5-15cm,1.16
4320701,bd_kg_dm3,15-30cm,1.19
4320701,bd_kg_dm3,30-60cm,1.25
4320701,bd_kg_dm3,60-100cm,1.29
4320701,cec_cmol_kg,0-5cm,19.0
4320701,cec_cmol_kg,5-15cm,15.9
4320701,cec_cmol_kg,15-30cm,16.0
4320701,cec_cmol_kg,30-60cm,16.7
4320701,cec_cmol_kg,60-100cm,15.5
4321105,clay_pct,0-5cm,26.4
4321105,clay_pct,5-15cm,25.2
4321105,clay_pct,15-30cm,27.1
4321105,clay_pct,30-60cm,35.6
4321105,clay_pct,60-100cm,34.6
4321105,sand_pct,0-5cm,47.9
4321105,sand_pct,5-15cm,49.2
4321105,sand_pct,15-30cm,47.9
4321105,sand_pct,30-60cm,40.2
4321105,sand_pct,60-100cm,39.9
4321105,silt_pct,0-5cm,25.6
4321105,silt_pct,5-15cm,25.6
4321105,silt_pct,15-30cm,25.1
4321105,silt_pct,30-60cm,24.3
4321105,silt_pct,60-100cm,25.5
4321105,soc_pct,0-5cm,5.55
4321105,soc_pct,5-15cm,3.34
4321105,soc_pct,15-30cm,2.16
4321105,soc_pct,30-60cm,1.69
4321105,soc_pct,60-100cm,0.83
4321105,ph_h2o,0-5cm,5.2
4321105,ph_h2o,5-15cm,5.1
4321105,ph_h2o,15-30cm,5.2
4321105,ph_h2o,30-60cm,5.3
4321105,ph_h2o,60-100cm,5.4
4321105,bd_kg_dm3,0-5cm,1.13
4321105,bd_kg_dm3,5-15cm,1.17
4321105,bd_kg_dm3,15-30cm,1.22
4321105,bd_kg_dm3,30-60cm,1.26
4321105,bd_kg_dm3,60-100cm,1.29
4321105,cec_cmol_kg,0-5cm,29.4
4321105,cec_cmol_kg,5-15cm,21.8
4321105,cec_cmol_kg,15-30cm,22.6
4321105,cec_cmol_kg,30-60cm,24.6
4321105,cec_cmol_kg,60-100cm,23.2
4323606,silt_pct,0-5cm,37.6
4323606,silt_pct,5-15cm,36.6
4323606,silt_pct,15-30cm,34.6
4323606,silt_pct,30-60cm,34.5
4323606,silt_pct,60-100cm,33.8
4323606,soc_pct,0-5cm,6.92
4323606,soc_pct,5-15cm,2.76
4323606,soc_pct,15-30cm,2.1
4323606,soc_pct,30-60cm,1.23
4323606,soc_pct,60-100cm,0.81
4323606,ph_h2o,0-5cm,5.2
4323606,ph_h2o,5-15cm,5.3
4323606,ph_h2o,15-30cm,5.3
4323606,ph_h2o,30-60cm,5.3
4323606,ph_h2o,60-100cm,5.3
4323606,bd_kg_dm3,0-5cm,0.95
4323606,bd_kg_dm3,5-15cm,0.99
4323606,bd_kg_dm3,15-30cm,1.06
4323606,bd_kg_dm3,30-60cm,1.14
4323606,bd_kg_dm3,60-100cm,1.2
4323606,cec_cmol_kg,0-5cm,24.9
4323606,cec_cmol_kg,5-15cm,25.2
4323606,cec_cmol_kg,15-30cm,26.4
4323606,cec_cmol_kg,30-60cm,25.5
4323606,cec_cmol_kg,60-100cm,23.7
4323705,sand_pct,0-5cm,24.3
4323705,sand_pct,5-15cm,24.6
4323705,sand_pct,15-30cm,24.9
4323705,sand_pct,30-60cm,23.0
4323705,sand_pct,60-100cm,22.0
4323705,silt_pct,0-5cm,35.9
4323705,silt_pct,5-15cm,35.9
4323705,silt_pct,15-30cm,33.9
4323705,silt_pct,30-60cm,31.6
4323705,silt_pct,60-100cm,32.6
4323705,soc_pct,0-5cm,6.66
4323705,soc_pct,5-15cm,3.3
4323705,soc_pct,15-30cm,2.47
4323705,soc_pct,30-60cm,1.59
4323705,soc_pct,60-100cm,1.45
4323705,ph_h2o,0-5cm,5.2
4323705,ph_h2o,5-15cm,5.1
4323705,ph_h2o,15-30cm,5.2
4323705,ph_h2o,30-60cm,5.2
4323705,ph_h2o,60-100cm,5.2
4323705,bd_kg_dm3,0-5cm,1.02
4323705,bd_kg_dm3,5-15cm,1.05
4323705,bd_kg_dm3,15-30cm,1.1
4323705,bd_kg_dm3,30-60cm,1.16
4323705,bd_kg_dm3,60-100cm,1.19
4323705,cec_cmol_kg,0-5cm,21.4
4323705,cec_cmol_kg,5-15cm,16.7
4323705,cec_cmol_kg,15-30cm,15.9
4323705,cec_cmol_kg,30-60cm,16.4
4323705,cec_cmol_kg,60-100cm,16.3
4323754,sand_pct,0-5cm,24.1
4323754,sand_pct,5-15cm,22.9
4323754,sand_pct,15-30cm,22.5
4323754,sand_pct,30-60cm,21.3
4323754,sand_pct,60-100cm,21.1
4323754,silt_pct,0-5cm,27.7
4323754,silt_pct,5-15cm,29.1
4323754,silt_pct,15-30cm,26.2
4323754,silt_pct,30-60cm,25.2
4323754,silt_pct,60-100cm,23.7
4323754,soc_pct,0-5cm,5.02
4323754,soc_pct,5-15cm,2.35
4323754,soc_pct,15-30cm,1.7
4323754,soc_pct,30-60cm,1.05
4323754,soc_pct,60-100cm,0.82
4323754,ph_h2o,0-5cm,5.2
4323754,ph_h2o,5-15cm,5.2
4323754,ph_h2o,15-30cm,5.2
4323754,ph_h2o,30-60cm,5.2
4323754,ph_h2o,60-100cm,5.2
4323754,bd_kg_dm3,0-5cm,1.22
4323754,bd_kg_dm3,5-15cm,1.26
4323754,bd_kg_dm3,15-30cm,1.29
4323754,bd_kg_dm3,30-60cm,1.32
4323754,bd_kg_dm3,60-100cm,1.33
4323754,cec_cmol_kg,0-5cm,23.5
4323754,cec_cmol_kg,5-15cm,17.8
4323754,cec_cmol_kg,15-30cm,16.8
4323754,cec_cmol_kg,30-60cm,17.3
4323754,cec_cmol_kg,60-100cm,17.1
4323770,clay_pct,0-5cm,38.3
4323770,clay_pct,5-15cm,38.9
4323770,clay_pct,15-30cm,42.3
4323770,clay_pct,30-60cm,48.7
4323770,clay_pct,60-100cm,51.6
4323770,sand_pct,0-5cm,29.9
4323770,sand_pct,5-15cm,29.6
4323770,sand_pct,15-30cm,26.1
4323770,sand_pct,30-60cm,22.3
4323770,sand_pct,60-100cm,19.6
4323770,silt_pct,0-5cm,31.8
4323770,silt_pct,5-15cm,31.6
4323770,silt_pct,15-30cm,31.6
4323770,silt_pct,30-60cm,29.0
4323770,silt_pct,60-100cm,28.8
4323770,soc_pct,0-5cm,6.33
4323770,soc_pct,5-15cm,1.96
4323770,soc_pct,15-30cm,2.09
4323770,soc_pct,30-60cm,1.08
4323770,soc_pct,60-100cm,0.71
4323770,ph_h2o,0-5cm,5.2
4323770,ph_h2o,5-15cm,5.2
4323770,ph_h2o,15-30cm,5.2
4323770,ph_h2o,30-60cm,5.2
4323770,ph_h2o,60-100cm,5.2
4323770,bd_kg_dm3,0-5cm,1.0
4323770,bd_kg_dm3,5-15cm,1.02
4323770,bd_kg_dm3,15-30cm,1.06
4323770,bd_kg_dm3,30-60cm,1.16
4323770,bd_kg_dm3,60-100cm,1.2
4323770,cec_cmol_kg,0-5cm,20.3
4323770,cec_cmol_kg,5-15cm,15.3
4323770,cec_cmol_kg,15-30cm,15.2
4323770,cec_cmol_kg,30-60cm,16.4
4323770,cec_cmol_kg,60-100cm,16.0
4323804,clay_pct,0-5cm,21.1
4323804,clay_pct,5-15cm,20.7
4323804,clay_pct,15-30cm,21.8
4323804,clay_pct,30-60cm,26.6
4323804,clay_pct,60-100cm,26.7
4323804,sand_pct,0-5cm,59.5
4323804,sand_pct,5-15cm,62.8
4323804,sand_pct,15-30cm,62.0
4323804,sand_pct,30-60cm,57.2
4323804,sand_pct,60-100cm,57.5
4323804,silt_pct,0-5cm,19.4
4323804,silt_pct,5-15cm,16.4
4323804,silt_pct,15-30cm,16.2
4323804,silt_pct,30-60cm,16.1
4323804,silt_pct,60-100cm,15.8
4323804,soc_pct,0-5cm,6.74
4323804,soc_pct,5-15cm,5.84
4323804,soc_pct,15-30cm,3.17
4323804,soc_pct,30-60cm,1.98
4323804,soc_pct,60-100cm,1.22
4323804,ph_h2o,0-5cm,5.2
4323804,ph_h2o,5-15cm,5.2
4323804,ph_h2o,15-30cm,5.3
4323804,ph_h2o,30-60cm,5.4
4323804,ph_h2o,60-100cm,5.4
4323804,bd_kg_dm3,0-5cm,1.14
4323804,bd_kg_dm3,5-15cm,1.15
4323804,bd_kg_dm3,15-30cm,1.13
4323804,bd_kg_dm3,30-60cm,1.17
4323804,bd_kg_dm3,60-100cm,1.2
4323804,cec_cmol_kg,0-5cm,24.1
4323804,cec_cmol_kg,5-15cm,21.7
4323804,cec_cmol_kg,15-30cm,22.0
4323804,cec_cmol_kg,30-60cm,22.6
4323804,cec_cmol_kg,60-100cm,22.4
4319711,clay_pct,0-5cm,43.8
4319711,clay_pct,5-15cm,44.7
4319711,clay_pct,15-30cm,45.3
4319711,clay_pct,30-60cm,47.1
4319711,clay_pct,60-100cm,48.1
4319711,sand_pct,0-5cm,19.0
4319711,sand_pct,5-15cm,18.5
4319711,sand_pct,15-30cm,18.7
4319711,sand_pct,30-60cm,17.4
4319711,sand_pct,60-100cm,17.6
4319711,silt_pct,0-5cm,37.2
4319711,silt_pct,5-15cm,36.8
4319711,silt_pct,15-30cm,36.0
4319711,silt_pct,30-60cm,35.4
4319711,silt_pct,60-100cm,34.2
4319711,soc_pct,0-5cm,7.32
4319711,soc_pct,5-15cm,2.45
4319711,soc_pct,15-30cm,2.22
4319711,soc_pct,30-60cm,1.48
4319711,soc_pct,60-100cm,0.8
4319711,ph_h2o,0-5cm,5.4
4319711,ph_h2o,5-15cm,5.5
4319711,ph_h2o,15-30cm,5.5
4319711,ph_h2o,30-60cm,5.5
4319711,ph_h2o,60-100cm,5.4
4319711,bd_kg_dm3,0-5cm,1.01
4319711,bd_kg_dm3,5-15cm,1.04
4319711,bd_kg_dm3,15-30cm,1.1
4319711,bd_kg_dm3,30-60cm,1.16
4319711,bd_kg_dm3,60-100cm,1.22
4319711,cec_cmol_kg,0-5cm,24.6
4319711,cec_cmol_kg,5-15cm,19.0
4319711,cec_cmol_kg,15-30cm,19.5
4319711,cec_cmol_kg,30-60cm,19.3
4319711,cec_cmol_kg,60-100cm,18.3
4315701,clay_pct,0-5cm,
4315701,clay_pct,5-15cm,
4315701,clay_pct,15-30cm,
4315701,clay_pct,30-60cm,
4315701,clay_pct,60-100cm,
4315701,sand_pct,0-5cm,
4315701,sand_pct,5-15cm,
4315701,sand_pct,15-30cm,
4315701,sand_pct,30-60cm,
4315701,sand_pct,60-100cm,
4315701,silt_pct,0-5cm,
4315701,silt_pct,5-15cm,
4315701,silt_pct,15-30cm,
4315701,silt_pct,30-60cm,
4315701,silt_pct,60-100cm,
4315701,soc_pct,0-5cm,
4315701,soc_pct,5-15cm,
4315701,soc_pct,15-30cm,
4315701,soc_pct,30-60cm,
4315701,soc_pct,60-100cm,
4315701,ph_h2o,0-5cm,
4315701,ph_h2o,5-15cm,
4315701,ph_h2o,15-30cm,
4315701,ph_h2o,30-60cm,
4315701,ph_h2o,60-100cm,
4315701,bd_kg_dm3,0-5cm,
4315701,bd_kg_dm3,5-15cm,
4315701,bd_kg_dm3,15-30cm,
4315701,bd_kg_dm3,30-60cm,
4315701,bd_kg_dm3,60-100cm,
4315701,cec_cmol_kg,0-5cm,
4315701,cec_cmol_kg,5-15cm,
4315701,cec_cmol_kg,15-30cm,
4315701,cec_cmol_kg,30-60cm,
4315701,cec_cmol_kg,60-100cm,
4323457,clay_pct,0-5cm,28.7
4323457,clay_pct,5-15cm,27.9
4323457,clay_pct,15-30cm,28.1
4323457,clay_pct,30-60cm,33.7
4323457,clay_pct,60-100cm,35.3
4323457,sand_pct,0-5cm,40.2
4323457,sand_pct,5-15cm,43.1
4323457,sand_pct,15-30cm,41.7
4323457,sand_pct,30-60cm,37.6
4323457,sand_pct,60-100cm,36.6
4323457,silt_pct,0-5cm,31.1
4323457,silt_pct,5-15cm,29.1
4323457,silt_pct,15-30cm,30.2
4323457,silt_pct,30-60cm,28.7
4323457,silt_pct,60-100cm,28.1
4323457,soc_pct,0-5cm,5.65
4323457,soc_pct,5-15cm,2.24
4323457,soc_pct,15-30cm,1.65
4323457,soc_pct,30-60cm,1.16
4323457,soc_pct,60-100cm,0.65
4323457,ph_h2o,0-5cm,5.4
4323457,ph_h2o,5-15cm,5.4
4323457,ph_h2o,15-30cm,5.4
4323457,ph_h2o,30-60cm,5.5
4323457,ph_h2o,60-100cm,5.6
4323457,bd_kg_dm3,0-5cm,1.19
4323457,bd_kg_dm3,5-15cm,1.26
4323457,bd_kg_dm3,15-30cm,1.32
4323457,bd_kg_dm3,30-60cm,1.34
4323457,bd_kg_dm3,60-100cm,1.38
4323457,cec_cmol_kg,0-5cm,20.7
4323457,cec_cmol_kg,5-15cm,15.1
4323457,cec_cmol_kg,15-30cm,15.6
4323457,cec_cmol_kg,30-60cm,16.5
4323457,cec_cmol_kg,60-100cm,16.8
4323408,clay_pct,0-5cm,51.1
4323408,clay_pct,5-15cm,51.7
4323408,clay_pct,15-30cm,53.7
4323408,clay_pct,30-60cm,58.6
4323408,clay_pct,60-100cm,60.5
4323408,sand_pct,0-5cm,15.9
4323408,sand_pct,5-15cm,15.8
4323408,sand_pct,15-30cm,15.0
4323408,sand_pct,30-60cm,13.5
4323408,sand_pct,60-100cm,12.5
4323408,silt_pct,0-5cm,33.0
4323408,silt_pct,5-15cm,32.5
4323408,silt_pct,15-30cm,31.3
4323408,silt_pct,30-60cm,27.9
4323408,silt_pct,60-100cm,27.0
4323408,soc_pct,0-5cm,6.55
4323408,soc_pct,5-15cm,2.67
4323408,soc_pct,15-30cm,2.72
4323408,soc_pct,30-60cm,1.39
4323408,soc_pct,60-100cm,1.04
4323408,ph_h2o,0-5cm,5.3
4323408,ph_h2o,5-15cm,5.3
4323408,ph_h2o,15-30cm,5.2
4323408,ph_h2o,30-60cm,5.2
4323408,ph_h2o,60-100cm,5.2
4323408,bd_kg_dm3,0-5cm,0.93
4323408,bd_kg_dm3,5-15cm,0.95
4323408,bd_kg_dm3,15-30cm,1.0
4323408,bd_kg_dm3,30-60cm,1.08
4323408,bd_kg_dm3,60-100cm,1.14
4323408,cec_cmol_kg,0-5cm,20.9
4323408,cec_cmol_kg,5-15cm,19.0
4323408,cec_cmol_kg,15-30cm,18.8
4323408,cec_cmol_kg,30-60cm,18.8
4323408,cec_cmol_kg,60-100cm,17.3
4323507,clay_pct,0-5cm,45.1
4323507,clay_pct,5-15cm,44.8
4323507,clay_pct,15-30cm,48.9
4323507,clay_pct,30-60cm,52.0
4323507,clay_pct,60-100cm,52.2
4323507,sand_pct,0-5cm,19.9
4323507,sand_pct,5-15cm,19.9
4323507,sand_pct,15-30cm,18.5
4323507,sand_pct,30-60cm,17.6
4323507,sand_pct,60-100cm,17.4
4323507,silt_pct,0-5cm,35.0
4323507,silt_pct,5-15cm,35.3
4323507,silt_pct,15-30cm,32.6
4323507,silt_pct,30-60cm,30.3
4323507,silt_pct,60-100cm,30.4
4323507,soc_pct,0-5cm,6.3
4323507,soc_pct,5-15cm,3.05
4323507,soc_pct,15-30cm,2.25
4323507,soc_pct,30-60cm,1.57
4323507,soc_pct,60-100cm,1.45
4323507,ph_h2o,0-5cm,5.1
4323507,ph_h2o,5-15cm,5.0
4323507,ph_h2o,15-30cm,5.0
4323507,ph_h2o,30-60cm,5.1
4323507,ph_h2o,60-100cm,5.1
4323507,bd_kg_dm3,0-5cm,1.01
4323507,bd_kg_dm3,5-15cm,1.04
4323507,bd_kg_dm3,15-30cm,1.09
4323507,bd_kg_dm3,30-60cm,1.14
4323507,bd_kg_dm3,60-100cm,1.17
4323507,cec_cmol_kg,0-5cm,21.1
4323507,cec_cmol_kg,5-15cm,15.9
4323507,cec_cmol_kg,15-30cm,13.9
4323507,cec_cmol_kg,30-60cm,14.3
4323507,cec_cmol_kg,60-100cm,13.8
