5200050|-49.4375,-16.8601 -49.3841,-16.8319 -49.4122,-16.7408 -49.4446,-16.7177 -49.5395,-16.7644 -49.5025,-16.8002 -49.4749,-16.7919 -49.4579,-16.8198 -49.4645,-16.8462 -49.4375,-16.8601
5200100|-48.7700,-16.2894 -48.7167,-16.2800 -48.6902,-16.2923 -48.6294,-16.2850 -48.6184,-16.3092 -48.5487,-16.3458 -48.5160,-16.3394 -48.4946,-16.3048 -48.4514,-16.2864 -48.4116,-16.2867 -48.4429,-16.2068 -48.5033,-16.1950 -48.6129,-16.1428 -48.6833,-16.1468 -48.7216,-16.0972 -48.7573,-16.0713 -48.7922,-16.0128 -48.9067,-15.9894 -48.8978,-16.0320 -48.9046,-16.0656 -48.9399,-16.1345 -48.9238,-16.1591 -48.9292,-16.2228 -48.8972,-16.2371 -48.8484,-16.2269 -48.8239,-16.2543 -48.7700,-16.2894
5200134|-50.1501,-17.6008 -50.1115,-17.5906 -50.0764,-17.5383 -50.0656,-17.4980 -50.0753,-17.4627 -50.1256,-17.4245 -50.1266,-17.3850 -50.1477,-17.3408 -50.2012,-17.2928 -50.2449,-17.2712 -50.2866,-17.2529 -50.3542,-17.3025 -50.3920,-17.1888 -50.4205,-17.2266 -50.4300,-17.2869 -50.4581,-17.3304 -50.4969,-17.3453 -50.5068,-17.3969 -50.5268,-17.4305 -50.5163,-17.5221 -50.5600,-17.5470 -50.5460,-17.5812 -50.5596,-17.5965 -50.5188,-17.6477 -50.4769,-17.6599 -50.4328,-17.6175 -50.3750,-17.6044 -50.2784,-17.6038 -50.2756,-17.5796 -50.2301,-17.5650 -50.1629,-17.5666 -50.1501,-17.6008
5200159|-50.2462,-16.3490 -50.2258,-16.3621 -50.2265,-16.4037 -50.1821,-16.4214 -50.1662,-16.4656 -50.1655,-16.4243 -50.1386,-16.3280 -50.1865,-16.2995 -50.2196,-16.3066 -50.2138,-16.3419 -50.2462,-16.3490
5200175|-47.7720,-14.6416 -47.7791,-14.6785 -47.8084,-14.6934 -47.8345,-14.7409 -47.8671,-14.7731 -47.9583,-14.8022 -48.0035,-14.8048 -48.0606,-14.8592 -48.0797,-14.8986 -48.0466,-14.9228 -48.0362,-14.9622 -48.0626,-15.0239 -48.0562,-15.0524 -48.0829,-15.0835 -48.0902,-15.1363 -48.0724,-15.1483 -48.0152,-15.1334 -47.9877,-15.1033 -47.9253,-15.0774 -47.9124,-15.0882 -47.8234,-15.0970 -47.7838,-15.0745 -47.7618,-15.0413 -47.7147,-15.0202 -47.6782,-15.0389 -47.5709,-15.0471 -47.5730,-14.9612 -47.5479,-14.9260 -47.4991,-14.9077 -47.4893,-14.8401 -47.4775,-14.8170 -47.5279,-14.7701 -47.5346,-14.7371 -47.5573,-14.7325 -47.5845,-14.7749 -47.6479,-14.8328 -47.6404,-14.7574 -47.6314,-14.7444 -47.6655,-14.7085 -47.6935,-14.7439 -47.7060,-14.6703 -47.7179,-14.6533 -47.7720,-14.6416
5200209|-48.8114,-18.2346 -48.7855,-18.2418 -48.7207,-18.2045 -48.7038,-18.1518 -48.7081,-18.1116 -48.6921,-18.0952 -48.7105,-18.0867 -48.7322,-18.0423 -48.7655,-17.9343 -48.8467,-17.9079 -48.8433,-17.9399 -48.8631,-17.9915 -48.8609,-18.0457 -48.8855,-18.0890 -48.8637,-18.1407 -48.8194,-18.1994 -48.8114,-18.2346
5200258|-48.2818,-15.8306 -48.2430,-15.7973 -48.2088,-15.7497 -48.2080,-15.7179 -48.2412,-15.7056 -48.2349,-15.6600 -48.2520,-15.6592 -48.2996,-15.7095 -48.3492,-15.7258 -48.3504,-15.7920 -48.3777,-15.8215 -48.3135,-15.8218 -48.2818,-15.8306
5200308|-48.6129,-16.1428 -48.5033,-16.1950 -48.4429,-16.2068 -48.4116,-16.2867 -48.3743,-16.3096 -48.3236,-16.3182 -48.3291,-16.2603 -48.3631,-16.2416 -48.3722,-16.1990 -48.3533,-16.1805 -48.3503,-16.1188 -48.3692,-16.0723 -48.3719,-15.9975 -48.4082,-15.9771 -48.4239,-15.9877 -48.4905,-15.9340 -48.5285,-15.9331 -48.5421,-15.9136 -48.5907,-15.9206 -48.6282,-15.9405 -48.6496,-15.9682 -48.6186,-16.0552 -48.6228,-16.1274 -48.6129,-16.1428
5200506|-49.4119,-17.6554 -49.4338,-17.6344 -49.5019,-17.6559 -49.5130,-17.6706 -49.5081,-17.7498 -49.4596,-17.7511 -49.4321,-17.7397 -49.4119,-17.6554
5200555|-49.5607,-14.1994 -49.4954,-14.2302 -49.4580,-14.2905 -49.4239,-14.2677 -49.3818,-14.2516 -49.3251,-14.2565 -49.2787,-14.2208 -49.2756,-14.1797 -49.3113,-14.1363 -49.3639,-14.1237 -49.3893,-14.0844 -49.4305,-14.0672 -49.4553,-14.0828 -49.5210,-14.0824 -49.5710,-14.0995 -49.5930,-14.1264 -49.5733,-14.1287 -49.5458,-14.1693 -49.5607,-14.1994
5200605|-47.1141,-14.0970 -47.1265,-14.0877 -47.1497,-14.0158 -47.1943,-13.9657 -47.1756,-13.9531 -47.1714,-13.9150 -47.1981,-13.8616 -47.2382,-13.8760 -47.2505,-13.8984 -47.2422,-13.9425 -47.2640,-13.9769 -47.5048,-13.9602 -47.5518,-14.0279 -47.5915,-14.0563 -47.6077,-14.0467 -47.6625,-14.0709 -47.6992,-14.0692 -47.7284,-14.0962 -47.7560,-14.0942 -47.8075,-14.1457 -47.8635,-14.1758 -47.8997,-14.1701 -47.9320,-14.1771 -47.9030,-14.2356 -47.8393,-14.3310 -47.8277,-14.3509 -47.8091,-14.3797 -47.7634,-14.4107 -47.7337,-14.4118 -47.7051,-14.4626 -47.6602,-14.4587 -47.6482,-14.4386 -47.5972,-14.4272 -47.5536,-14.4546 -47.5496,-14.4248 -47.5162,-14.4322 -47.4817,-14.4181 -47.4651,-14.3631 -47.4252,-14.3233 -47.3895,-14.3138 -47.4033,-14.2231 -47.4312,-14.2111 -47.4547,-14.1614 -47.4115,-14.1676 -47.4018,-14.1470 -47.3619,-14.1322 -47.3253,-14.1616 -47.2863,-14.1597 -47.2468,-14.1419 -47.1755,-14.1480 -47.1141,-14.0970
5200803|-46.4582,-14.4776 -46.4785,-14.4702 -46.5426,-14.4864 -46.5644,-14.4724 -46.5977,-14.4798 -46.6301,-14.5067 -46.7183,-14.4665 -46.7120,-14.4283 -46.7316,-14.3912 -46.7840,-14.3910 -46.8157,-14.3503 -46.8444,-14.3483 -46.8823,-14.3166 -46.9013,-14.3304 -46.8790,-14.3610 -46.8872,-14.4367 -46.8620,-14.4462 -46.8580,-14.4907 -46.8686,-14.5161 -46.8507,-14.5435 -46.7484,-14.5983 -46.7163,-14.5970 -46.6824,-14.6522 -46.6886,-14.6871 -46.6692,-14.7209 -46.6688,-14.7606 -46.6309,-14.7803 -46.6197,-14.8187 -46.5605,-14.8150 -46.5638,-14.7834 -46.5442,-14.7530 -46.5103,-14.7383 -46.5034,-14.7041 -46.4994,-14.6645 -46.4631,-14.6261 -46.4206,-14.6344 -46.3808,-14.5692 -46.3882,-14.5403 -46.3792,-14.4894 -46.3979,-14.4760 -46.4261,-14.4919 -46.4582,-14.4776
5200829|-49.8349,-13.9036 -49.7570,-13.8489 -49.7339,-13.8614 -49.6716,-13.8383 -49.6240,-13.8866 -49.5865,-13.9364 -49.5201,-13.9870 -49.4823,-13.9755 -49.4558,-13.9864 -49.4117,-13.9528 -49.3684,-13.9594 -49.3215,-13.9997 -49.2938,-13.9918 -49.2641,-13.9617 -49.2579,-13.8991 -49.2245,-13.8653 -49.3341,-13.8702 -49.2982,-13.8058 -49.3001,-13.7802 -49.3336,-13.7655 -49.4101,-13.8157 -49.5257,-13.8352 -49.5747,-13.7666 -49.6197,-13.7545 -49.6514,-13.7266 -49.7200,-13.7284 -49.7353,-13.7180 -49.7840,-13.7267 -49.8215,-13.6920 -49.8867,-13.6941 -49.9095,-13.6809 -49.9640,-13.7026 -49.9596,-13.7442 -49.9211,-13.7601 -49.9423,-13.8021 -49.9407,-13.8339 -49.9746,-13.8845 -49.9425,-13.9142 -49.9364,-13.8956 -49.8349,-13.9036
5200852|-49.9407,-16.2239 -49.9666,-16.2379 -50.0930,-16.2256 -50.1068,-16.2508 -50.1005,-16.2827 -50.0655,-16.2912 -50.0485,-16.2658 -50.0212,-16.3156 -49.9826,-16.3289 -49.9861,-16.2928 -49.9444,-16.2444 -49.9268,-16.2573 -49.8706,-16.2661 -49.8689,-16.2320 -49.8978,-16.2305 -49.8981,-16.2307 -49.9407,-16.2239
5200902|-51.2317,-16.5052 -51.2426,-16.5556 -51.2151,-16.5661 -51.1851,-16.6449 -51.1372,-16.6332 -51.1231,-16.6985 -51.1023,-16.7320 -51.0969,-16.7944 -51.0532,-16.8143 -51.0494,-16.7486 -51.0251,-16.6961 -51.0370,-16.6607 -50.9982,-16.6331 -51.0318,-16.6253 -51.0266,-16.5693 -51.0642,-16.5491 -51.0766,-16.5179 -51.1490,-16.5111 -51.1834,-16.5304 -51.2317,-16.5052
5201108|-48.9821,-16.4054 -48.9971,-16.4860 -48.9005,-16.4186 -48.8747,-16.4006 -48.8235,-16.4003 -48.7997,-16.3843 -48.7605,-16.3855 -48.7517,-16.3306 -48.7700,-16.2894 -48.8239,-16.2543 -48.8484,-16.2269 -48.8972,-16.2371 -48.9292,-16.2228 -48.9238,-16.1591 -48.9399,-16.1345 -48.9640,-16.1260 -49.0440,-16.1353 -49.1273,-16.1308 -49.1648,-16.1377 -49.1889,-16.1423 -49.1436,-16.2229 -49.1100,-16.2235 -49.0418,-16.2606 -49.0549,-16.3489 -49.1015,-16.3245 -49.1142,-16.3418 -49.1623,-16.3301 -49.1651,-16.3143 -49.1934,-16.3464 -49.1117,-16.4271 -49.0971,-16.3936 -49.0479,-16.3771 -49.0246,-16.4122 -48.9821,-16.4054
5201207|-48.2718,-18.3294 -48.2272,-18.3460 -48.1788,-18.3286 -48.1961,-18.2814 -48.2295,-18.2746 -48.2593,-18.2873 -48.2718,-18.3294
5201306|-50.1662,-16.4656 -50.1716,-16.4828 -50.1292,-16.5011 -50.0980,-16.4924 -50.0139,-16.5065 -49.9832,-16.5606 -49.9297,-16.5343 -49.8422,-16.5142 -49.8304,-16.5194 -49.8463,-16.4920 -49.8146,-16.3976 -49.7999,-16.3625 -49.7428,-16.3634 -49.7556,-16.3198 -49.7967,-16.2996 -49.8202,-16.2746 -49.8478,-16.2826 -49.8706,-16.2661 -49.9268,-16.2573 -49.9444,-16.2444 -49.9861,-16.2928 -49.9826,-16.3289 -50.0212,-16.3156 -50.0485,-16.2658 -50.0655,-16.2912 -50.1005,-16.2827 -50.1386,-16.3280 -50.1655,-16.4243 -50.1662,-16.4656
5201405|-49.1589,-16.7908 -49.2209,-16.7381 -49.2549,-16.7315 -49.2881,-16.7483 -49.3315,-16.7495 -49.3496,-16.7642 -49.3654,-16.8181 -49.3841,-16.8319 -49.3636,-16.8923 -49.3496,-16.8607 -49.3024,-16.8671 -49.2582,-16.8454 -49.1397,-16.8889 -49.1542,-16.8241 -49.1589,-16.7908
5201454|-51.1462,-18.3004 -51.1247,-18.2772 -51.1380,-18.2507 -51.1162,-18.1991 -51.1555,-18.1315 -51.2254,-18.1034 -51.2385,-18.0822 -51.2860,-18.0817 -51.3181,-18.1243 -51.3232,-18.1723 -51.3379,-18.1960 -51.3724,-18.1961 -51.3987,-18.1725 -51.4357,-18.1618 -51.4499,-18.1772 -51.4372,-18.2425 -51.4169,-18.2444 -51.3664,-18.2806 -51.3012,-18.3039 -51.2382,-18.3569 -51.1898,-18.3149 -51.1462,-18.3004
5201504|-52.4119,-18.7440 -52.3539,-18.8002 -52.3447,-18.8230 -52.3051,-18.8404 -52.1874,-18.8459 -52.1506,-18.8933 -52.1108,-18.8987 -52.1058,-18.9259 -52.0794,-18.9511 -52.0436,-18.9507 -52.0145,-18.9761 -51.9510,-18.9811 -51.8971,-18.9945 -51.8522,-19.0525 -51.8157,-19.0551 -51.7275,-19.1078 -51.6921,-19.1180 -51.6921,-19.0662 -51.7240,-18.8337 -51.6642,-18.7821 -51.7171,-18.7545 -51.7675,-18.7628 -51.8002,-18.7245 -51.8575,-18.6791 -51.8969,-18.6332 -51.9429,-18.6153 -51.9529,-18.5973 -52.0131,-18.5670 -52.0534,-18.5149 -52.0730,-18.5052 -52.1108,-18.5268 -52.1598,-18.4949 -52.2428,-18.5046 -52.2956,-18.4924 -52.3119,-18.5011 -52.3313,-18.5301 -52.3258,-18.5630 -52.2906,-18.5887 -52.2907,-18.6153 -52.3819,-18.5768 -52.4281,-18.6350 -52.5019,-18.6759 -52.4480,-18.6920 -52.4119,-18.7440
5201603|-49.7378,-16.2840 -49.7235,-16.3367 -49.7372,-16.3766 -49.7213,-16.4418 -49.7707,-16.4343 -49.7382,-16.4673 -49.6969,-16.4709 -49.6958,-16.4531 -49.6594,-16.4278 -49.6636,-16.4050 -49.6529,-16.3310 -49.6658,-16.3300 -49.6913,-16.2696 -49.7310,-16.2624 -49.7378,-16.2840
5201702|-51.9721,-15.8381 -52.0095,-15.8858 -52.1112,-15.8829 -52.1276,-15.8950 -52.1949,-15.8809 -52.2543,-15.8937 -52.2569,-15.9309 -52.2898,-15.9646 -52.3108,-16.0070 -52.3285,-16.0704 -52.3610,-16.0816 -52.3567,-16.1304 -52.3017,-16.1660 -52.0362,-15.9153 -51.8655,-15.9117 -51.8515,-15.8844 -51.8803,-15.8243 -51.9485,-15.8101 -51.9721,-15.8381
5201801|-49.4836,-17.0227 -49.4232,-17.0471 -49.3827,-17.0406 -49.3683,-17.0042 -49.3636,-16.8923 -49.3841,-16.8319 -49.4375,-16.8601 -49.4469,-16.9011 -49.4823,-16.9297 -49.4792,-16.9812 -49.4836,-17.0227
5202155|-50.7307,-15.2560 -50.7053,-15.2664 -50.6439,-15.2470 -50.6057,-15.2592 -50.4925,-15.3399 -50.4481,-15.3500 -50.4395,-15.3701 -50.3826,-15.3258 -50.3575,-15.3156 -50.2885,-15.2471 -50.2393,-15.2380 -50.1823,-15.2494 -50.1433,-15.2401 -50.0862,-15.2477 -50.0658,-15.2286 -50.0392,-15.1977 -50.0562,-15.1826 -50.0370,-15.1489 -50.0539,-15.1230 -50.1094,-15.1217 -50.1277,-15.0812 -50.1544,-15.0798 -50.1853,-15.0374 -50.2374,-15.0136 -50.2433,-14.9702 -50.2926,-14.9429 -50.3148,-14.9441 -50.4013,-15.0276 -50.5004,-15.0541 -50.5493,-15.0453 -50.5953,-14.9902 -50.6483,-14.9838 -50.7171,-14.9504 -50.7713,-14.9569 -50.8004,-14.9025 -50.8303,-14.9390 -50.8216,-14.9899 -50.7975,-15.0251 -50.7484,-15.0476 -50.7234,-15.0835 -50.7134,-15.1370 -50.7459,-15.1751 -50.7307,-15.2560
5202353|-51.8298,-16.0831 -51.7963,-16.1004 -51.7859,-16.1430 -51.7089,-16.2274 -51.6721,-16.2576 -51.6733,-16.3235 -51.6480,-16.3513 -51.6378,-16.3846 -51.6743,-16.4192 -51.6685,-16.4439 -51.6098,-16.5424 -51.5693,-16.5530 -51.6023,-16.6024 -51.5768,-16.6626 -51.5420,-16.6119 -51.5089,-16.5824 -51.5097,-16.5465 -51.4566,-16.5288 -51.4005,-16.4681 -51.3779,-16.4648 -51.3965,-16.4198 -51.4329,-16.3501 -51.4299,-16.3203 -51.5221,-16.2872 -51.5543,-16.2277 -51.5974,-16.2304 -51.6161,-16.1845 -51.7179,-16.0944 -51.7572,-16.0887 -51.7983,-16.0298 -51.8208,-16.0342 -51.8298,-16.0831
5202502|-51.0871,-14.9213 -51.1472,-15.0225 -51.1152,-15.0534 -51.1159,-15.0994 -51.1775,-15.2046 -51.1620,-15.2164 -51.0898,-15.2287 -51.0649,-15.2623 -51.0314,-15.2808 -51.0025,-15.3279 -50.9230,-15.3107 -50.9091,-15.2997 -50.9052,-15.2439 -50.8704,-15.1960 -50.8010,-15.2029 -50.7766,-15.1762 -50.7414,-15.0930 -50.7975,-15.0251 -50.8216,-14.9899 -50.8303,-14.9390 -50.8004,-14.9025 -50.8036,-14.8562 -50.8303,-14.8200 -50.8320,-14.7332 -50.8555,-14.6768 -50.8747,-14.6679 -50.8481,-14.6202 -50.8809,-14.5992 -50.8604,-14.5582 -50.8582,-14.4907 -50.8400,-14.4662 -50.8398,-14.4256 -50.8069,-14.3950 -50.7590,-14.3132 -50.7745,-14.2420 -50.8070,-14.1678 -50.8488,-14.1195 -50.8415,-14.1043 -50.8518,-14.1176 -50.8987,-14.1149 -50.9770,-14.2935 -50.9693,-14.3358 -50.9873,-14.3577 -50.9979,-14.4138 -50.9890,-14.4536 -50.9680,-14.4820 -50.9642,-14.5283 -50.9937,-14.5701 -50.9928,-14.6125 -51.0267,-14.6594 -51.0301,-14.7097 -51.0532,-14.7389 -51.0448,-14.7928 -51.0896,-14.8402 -51.0930,-14.8879 -51.0924,-14.8945 -51.0871,-14.9213
5202601|-50.4496,-16.7976 -50.4293,-16.7538 -50.3763,-16.7238 -50.3617,-16.6997 -50.3638,-16.6572 -50.3895,-16.6302 -50.4292,-16.6355 -50.4362,-16.6546 -50.4779,-16.6733 -50.4847,-16.6372 -50.5230,-16.6086 -50.5628,-16.5181 -50.6017,-16.5065 -50.6168,-16.5910 -50.6599,-16.6129 -50.6062,-16.6359 -50.6070,-16.6709 -50.5838,-16.7020 -50.6064,-16.7260 -50.6138,-16.7802 -50.6410,-16.8350 -50.5762,-16.8479 -50.5278,-16.8128 -50.4496,-16.7976
5202809|-49.8146,-16.3976 -49.8463,-16.4920 -49.8304,-16.5194 -49.7967,-16.5174 -49.7637,-16.5639 -49.7298,-16.5801 -49.6951,-16.5220 -49.6902,-16.5077 -49.6969,-16.4709 -49.7382,-16.4673 -49.7707,-16.4343 -49.8146,-16.3976
5203104|-52.6294,-16.5178 -52.5465,-16.5525 -52.5065,-16.5415 -52.4954,-16.5630 -52.4181,-16.5410 -52.3410,-16.5436 -52.3357,-16.5624 -52.2590,-16.5992 -52.2446,-16.5793 -52.1966,-16.4645 -52.2504,-16.4488 -52.2656,-16.4338 -52.2381,-16.3859 -52.2572,-16.3447 -52.3212,-16.3069 -52.3013,-16.2798 -52.3066,-16.2498 -52.2706,-16.1981 -52.3017,-16.1660 -52.3567,-16.1304 -52.3610,-16.0816 -52.4717,-16.1267 -52.5492,-16.1650 -52.5460,-16.2597 -52.6592,-16.2807 -52.6812,-16.3017 -52.6927,-16.3664 -52.6745,-16.4124 -52.6410,-16.4157 -52.6061,-16.4860 -52.6294,-16.5178
5203203|-48.9500,-14.6812 -48.9119,-14.7357 -48.8910,-14.7457 -48.8938,-14.7822 -48.9125,-14.8333 -48.9453,-14.8534 -48.9979,-14.9255 -49.0430,-14.9764 -49.0468,-15.0011 -48.9951,-15.0356 -49.0051,-15.0741 -49.0267,-15.0784 -49.0813,-15.1505 -49.0382,-15.1314 -48.9784,-15.1342 -48.9694,-15.1613 -48.9089,-15.1670 -48.8520,-15.0884 -48.8549,-15.0648 -48.8068,-15.0049 -48.8060,-14.9537 -48.7943,-14.9196 -48.7727,-14.9078 -48.7573,-14.8628 -48.7124,-14.7304 -48.7315,-14.7070 -48.7267,-14.6756 -48.7740,-14.6447 -48.8263,-14.6860 -48.8716,-14.6952 -48.9054,-14.6717 -48.9500,-14.6812
5203302|-49.0843,-17.0606 -49.0550,-17.0530 -49.0139,-17.0676 -48.9824,-17.0924 -48.9231,-17.0589 -48.8611,-17.0485 -48.8427,-17.0669 -48.8004,-17.1799 -48.7047,-17.1598 -48.6619,-17.1775 -48.6379,-17.1654 -48.6375,-17.1346 -48.6818,-17.1179 -48.7092,-17.0777 -48.7080,-17.0489 -48.7765,-17.0067 -48.7801,-16.9734 -48.7666,-16.9419 -48.8009,-16.9114 -48.7879,-16.8368 -48.8019,-16.7972 -48.8296,-16.7662 -48.8681,-16.7676 -48.8895,-16.7962 -48.9903,-16.8000 -49.0223,-16.8267 -49.0671,-16.8153 -49.0615,-16.7878 -49.0849,-16.7723 -49.1542,-16.8241 -49.1397,-16.8889 -49.1171,-16.9136 -49.1127,-16.9487 -49.0750,-16.9566 -49.0579,-16.9837 -49.0931,-17.0355 -49.0843,-17.0606
5203401|-52.1249,-16.4711 -52.1408,-16.4475 -52.0854,-16.3924 -52.0405,-16.3608 -52.0172,-16.3111 -51.9725,-16.2969 -51.9589,-16.2586 -51.9106,-16.2399 -51.8914,-16.1971 -51.9027,-16.1229 -51.8602,-16.0904 -51.8298,-16.0831 -51.8208,-16.0342 -51.8362,-15.9824 -51.8623,-15.9650 -51.8474,-15.9389 -51.8655,-15.9117 -52.0362,-15.9153 -52.3017,-16.1660 -52.2706,-16.1981 -52.3066,-16.2498 -52.3013,-16.2798 -52.3212,-16.3069 -52.2572,-16.3447 -52.2381,-16.3859 -52.2656,-16.4338 -52.2504,-16.4488 -52.1966,-16.4645 -52.1249,-16.4711
5203500|-49.9776,-18.3638 -49.9440,-18.3111 -49.8776,-18.2894 -49.8581,-18.2608 -49.8163,-18.2356 -49.7533,-18.2128 -49.7020,-18.2442 -49.6999,-18.2615 -49.6415,-18.2748 -49.6035,-18.3036 -49.5626,-18.2636 -49.5642,-18.2237 -49.5447,-18.2175 -49.5496,-18.2055 -49.5791,-18.1859 -49.5836,-18.1452 -49.6307,-18.0967 -49.6676,-18.0803 -49.7224,-18.0906 -49.7834,-18.0623 -49.8027,-18.0707 -49.8615,-18.0032 -49.9011,-18.0288 -49.9355,-18.0728 -49.9588,-18.0750 -50.0001,-18.1185 -50.0556,-18.0978 -50.0946,-18.1137 -50.1614,-18.1213 -50.1858,-18.1400 -50.1586,-18.1596 -50.1259,-18.2128 -50.1273,-18.2391 -50.0954,-18.2489 -50.1160,-18.3160 -50.1064,-18.3308 -50.0460,-18.3846 -49.9776,-18.3638
5203559|-49.0123,-16.6601 -48.9502,-16.6287 -48.9639,-16.5667 -48.9926,-16.5799 -49.0079,-16.5520 -48.9972,-16.5300 -49.0572,-16.5619 -49.0780,-16.5935 -49.0613,-16.6412 -49.0123,-16.6601
5203575|-49.9640,-13.7026 -49.9095,-13.6809 -49.8867,-13.6941 -49.8215,-13.6920 -49.7840,-13.7267 -49.7353,-13.7180 -49.7200,-13.7284 -49.6857,-13.6717 -49.6489,-13.6577 -49.6421,-13.6278 -49.5897,-13.5861 -49.5876,-13.5624 -49.5375,-13.5314 -49.5419,-13.4998 -49.5715,-13.4674 -49.6197,-13.4327 -49.5999,-13.4032 -49.6106,-13.3755 -49.6468,-13.3528 -49.6946,-13.4013 -49.7321,-13.4282 -49.7608,-13.4259 -49.7837,-13.4541 -49.8427,-13.4741 -49.8489,-13.4951 -49.9206,-13.5059 -49.9793,-13.4872 -50.0026,-13.4884 -50.0598,-13.5249 -50.1090,-13.5131 -50.1707,-13.5526 -50.2114,-13.5334 -50.2556,-13.5454 -50.2356,-13.6221 -50.2394,-13.6528 -50.1992,-13.6560 -50.1867,-13.6411 -50.1009,-13.6599 -50.0544,-13.7054 -50.0235,-13.6861 -49.9735,-13.6887 -49.9640,-13.7026
5203609|-49.4217,-16.4056 -49.3852,-16.4563 -49.3222,-16.4375 -49.2981,-16.4372 -49.3631,-16.3816 -49.3676,-16.3627 -49.3334,-16.2871 -49.3777,-16.3058 -49.4489,-16.3786 -49.4217,-16.4056
5203807|-50.9269,-15.4493 -50.9558,-15.4270 -50.9759,-15.3565 -51.0332,-15.3448 -51.0649,-15.2623 -51.0898,-15.2287 -51.1620,-15.2164 -51.1775,-15.2046 -51.1159,-15.0994 -51.1152,-15.0534 -51.1472,-15.0225 -51.0871,-14.9213 -51.0990,-14.9253 -51.1028,-14.9265 -51.1449,-14.9434 -51.1570,-14.9856 -51.2160,-15.0220 -51.2759,-15.0438 -51.2950,-15.0302 -51.3071,-14.9810 -51.3387,-14.9751 -51.3355,-14.9792 -51.3416,-14.9944 -51.3563,-15.0128 -51.3967,-15.0413 -51.4084,-15.1219 -51.3804,-15.1817 -51.3803,-15.2436 -51.2724,-15.2758 -51.2308,-15.2708 -51.2133,-15.3080 -51.3068,-15.3234 -51.3019,-15.4110 -51.3157,-15.4119 -51.3114,-15.4806 -51.2849,-15.4713 -51.2319,-15.4846 -51.1892,-15.4513 -51.1254,-15.4209 -51.1196,-15.4369 -50.9269,-15.4493
5203906|-49.2480,-18.1683 -49.1844,-18.1687 -49.1225,-18.1068 -49.1008,-18.1076 -49.0931,-18.1553 -49.0507,-18.1994 -49.0113,-18.2078 -48.9805,-18.2970 -48.9595,-18.3235 -48.9177,-18.3059 -48.8783,-18.2713 -48.8662,-18.2964 -48.8239,-18.2658 -48.8114,-18.2346 -48.8194,-18.1994 -48.8637,-18.1407 -48.8855,-18.0890 -48.9237,-18.0680 -48.9336,-18.0251 -48.9598,-17.9853 -49.0384,-17.9751 -49.0618,-17.9488 -49.1061,-17.9792 -49.1531,-17.9687 -49.1750,-17.9883 -49.1732,-18.0375 -49.1856,-18.0807 -49.2026,-18.0908 -49.2480,-18.1683
5203939|-50.4783,-16.1201 -50.4892,-16.1481 -50.5585,-16.2000 -50.5297,-16.2374 -50.5142,-16.2264 -50.4630,-16.2616 -50.4577,-16.2330 -50.4149,-16.2119 -50.3937,-16.1603 -50.3698,-16.1422 -50.3791,-16.1011 -50.3550,-16.0782 -50.4212,-16.0884 -50.4400,-16.1140 -50.4783,-16.1201
5203962|-46.1957,-14.3021 -46.2823,-14.3721 -46.3455,-14.3719 -46.3667,-14.3984 -46.4322,-14.4229 -46.4373,-14.4565 -46.4582,-14.4776 -46.4261,-14.4919 -46.3979,-14.4760 -46.3813,-14.4452 -46.3339,-14.4533 -46.2755,-14.4329 -46.1976,-14.4540 -46.1729,-14.4384 -46.2009,-14.4022 -46.1904,-14.3239 -46.1957,-14.3021
5204003|-46.9525,-15.9166 -46.8249,-15.8857 -46.8062,-15.8706 -46.8232,-15.8246 -46.8131,-15.7872 -46.8278,-15.7287 -46.8558,-15.6818 -46.8549,-15.6183 -46.8826,-15.6101 -46.9337,-15.6496 -46.9617,-15.6595 -46.9984,-15.6521 -47.0147,-15.6200 -47.0196,-15.5459 -47.0469,-15.5360 -47.1030,-15.5587 -47.1267,-15.5859 -47.1783,-15.5988 -47.1614,-15.6504 -47.1310,-15.6716 -47.1029,-15.7379 -47.1190,-15.8007 -47.1162,-15.8983 -47.1366,-15.9274 -47.1067,-15.9583 -47.0565,-15.9378 -46.9525,-15.9166
5204102|-51.2382,-18.3569 -51.2219,-18.3733 -51.2112,-18.4507 -51.1703,-18.4913 -51.1424,-18.5448 -51.1118,-18.5635 -51.0216,-18.7035 -50.9936,-18.7381 -50.9846,-18.7933 -50.9388,-18.8411 -50.9384,-18.8786 -50.8776,-18.8948 -50.8355,-18.9168 -50.8184,-18.8695 -50.8390,-18.7475 -50.7841,-18.6556 -50.8330,-18.6444 -50.9026,-18.5689 -50.9607,-18.5308 -50.9027,-18.4811 -50.8918,-18.4481 -50.8590,-18.4533 -50.7896,-18.4224 -50.7532,-18.4185 -50.7729,-18.3748 -50.8225,-18.3588 -50.8584,-18.2981 -50.8864,-18.3198 -50.9447,-18.3125 -50.9828,-18.3231 -51.0449,-18.3232 -51.1000,-18.3462 -51.1462,-18.3004 -51.1898,-18.3149 -51.2382,-18.3569
5204201|-50.8118,-16.6952 -50.8155,-16.7288 -50.7899,-16.7988 -50.7009,-16.8097 -50.6410,-16.8350 -50.6138,-16.7802 -50.6064,-16.7260 -50.5838,-16.7020 -50.6070,-16.6709 -50.6062,-16.6359 -50.6599,-16.6129 -50.7120,-16.6129 -50.7309,-16.5862 -50.7674,-16.6817 -50.8118,-16.6952
5204250|-49.5476,-18.5396 -49.5457,-18.4995 -49.4998,-18.4910 -49.4862,-18.5323 -49.4434,-18.5427 -49.4223,-18.5254 -49.4213,-18.4467 -49.5067,-18.4064 -49.5588,-18.4219 -49.5879,-18.4449 -49.6269,-18.4520 -49.7120,-18.4088 -49.7411,-18.3462 -49.7789,-18.4456 -49.7726,-18.4958 -49.7472,-18.5670 -49.7577,-18.6097 -49.7230,-18.6094 -49.6526,-18.5736 -49.6420,-18.5552 -49.5476,-18.5396
5204300|-51.5298,-18.5384 -51.4885,-18.5737 -51.4320,-18.5955 -51.4115,-18.6202 -51.3071,-18.6851 -51.2641,-18.7296 -51.2287,-18.7431 -51.2069,-18.7848 -51.1492,-18.8209 -51.1246,-18.8721 -51.0769,-18.8706 -50.9955,-18.9043 -50.9413,-18.9982 -50.8491,-19.0669 -50.7864,-19.0923 -50.7693,-19.1449 -50.7262,-19.1640 -50.7331,-19.1870 -50.6825,-19.1756 -50.6745,-19.1363 -50.6457,-19.1348 -50.6539,-19.0768 -50.6776,-19.0198 -50.7094,-18.9954 -50.8141,-18.9411 -50.8355,-18.9168 -50.8776,-18.8948 -50.9384,-18.8786 -50.9388,-18.8411 -50.9846,-18.7933 -50.9936,-18.7381 -51.0216,-18.7035 -51.1118,-18.5635 -51.1424,-18.5448 -51.1703,-18.4913 -51.2112,-18.4507 -51.2219,-18.3733 -51.2382,-18.3569 -51.3012,-18.3039 -51.3664,-18.2806 -51.3821,-18.3166 -51.3823,-18.3616 -51.5029,-18.4949 -51.5298,-18.5384
5204409|-51.6023,-16.6024 -51.6679,-16.5990 -51.6763,-16.6261 -51.7092,-16.6410 -51.7834,-16.6081 -51.8659,-16.6581 -51.8995,-16.6342 -51.9168,-16.6499 -51.9752,-16.6275 -52.0045,-16.5660 -52.0457,-16.5461 -52.0523,-16.4901 -52.1249,-16.4711 -52.1966,-16.4645 -52.2446,-16.5793 -52.1909,-16.5994 -52.1391,-16.6412 -52.1460,-16.6729 -52.1296,-16.7049 -52.1361,-16.7368 -52.1681,-16.8027 -52.2095,-16.8063 -52.2524,-16.8296 -52.2930,-16.9276 -52.3237,-16.9409 -52.3836,-16.9481 -52.4289,-16.9942 -52.4212,-17.0441 -52.3882,-17.1407 -52.4139,-17.1758 -52.3920,-17.2230 -52.4061,-17.2610 -52.3779,-17.2680 -52.3499,-17.3029 -52.2946,-17.3011 -52.2629,-17.3274 -52.2459,-17.3163 -52.1583,-17.3149 -52.1457,-17.3559 -52.1191,-17.3686 -52.0998,-17.4111 -52.0421,-17.4617 -52.0261,-17.4910 -51.9958,-17.4884 -51.9603,-17.4317 -51.9495,-17.3942 -51.9549,-17.3583 -51.8939,-17.3622 -51.8750,-17.3318 -51.8131,-17.3130 -51.7779,-17.3182 -51.7584,-17.2847 -51.6862,-17.2746 -51.6425,-17.2842 -51.5475,-17.3240 -51.5266,-17.3500 -51.5147,-17.3334 -51.4762,-17.3466 -51.4221,-17.3340 -51.4068,-17.3054 -51.3397,-17.2694 -51.3237,-17.2699 -51.2914,-17.2117 -51.2647,-17.1819 -51.2725,-17.1615 -51.2357,-17.1325 -51.1551,-17.1243 -51.1386,-17.0887 -51.0987,-17.0604 -51.0871,-17.0137 -51.1078,-16.9691 -51.0557,-16.9546 -51.0800,-16.9414 -51.1050,-16.8955 -51.1503,-16.8894 -51.1806,-16.8416 -51.2225,-16.8095 -51.2219,-16.7295 -51.2566,-16.7823 -51.3027,-16.7851 -51.3681,-16.8197 -51.4171,-16.8285 -51.4275,-16.8536 -51.5034,-16.8848 -51.5487,-16.8944 -51.5772,-16.8750 -51.6108,-16.8880 -51.6316,-16.9192 -51.6592,-16.9218 -51.6589,-16.7949 -51.5903,-16.7325 -51.6109,-16.6934 -51.5768,-16.6626 -51.6023,-16.6024
5204508|-48.7167,-17.8517 -48.6881,-17.8687 -48.6738,-17.9072 -48.6434,-17.9316 -48.6195,-18.0073 -48.6355,-18.0483 -48.6159,-18.0667 -48.5623,-18.0534 -48.5391,-18.0303 -48.5438,-17.9927 -48.5200,-17.9837 -48.5123,-17.8805 -48.5134,-17.8503 -48.5582,-17.8218 -48.5431,-17.7933 -48.5125,-17.7874 -48.5199,-17.7536 -48.4924,-17.7111 -48.4628,-17.7140 -48.4537,-17.6857 -48.4664,-17.6018 -48.5024,-17.5717 -48.4988,-17.5551 -48.5224,-17.4799 -48.6158,-17.4750 -48.7029,-17.4969 -48.6973,-17.5266 -48.7595,-17.5691 -48.8135,-17.5719 -48.8558,-17.5601 -48.8969,-17.5316 -48.9254,-17.5656 -48.9280,-17.5998 -48.8910,-17.6503 -48.8490,-17.6815 -48.8384,-17.7213 -48.7791,-17.7155 -48.7385,-17.7509 -48.7482,-17.7952 -48.7167,-17.8517
5204557|-49.0615,-16.7878 -49.0671,-16.8153 -49.0223,-16.8267 -48.9903,-16.8000 -48.8895,-16.7962 -48.8681,-16.7676 -48.8668,-16.7544 -48.9159,-16.7199 -48.8723,-16.6570 -48.8522,-16.6568 -48.8584,-16.6309 -48.9029,-16.6649 -48.9200,-16.6924 -48.9754,-16.6929 -49.0123,-16.6601 -49.0534,-16.7300 -49.0615,-16.7878
5204607|-49.7275,-16.6710 -49.7659,-16.7336 -49.7816,-16.7840 -49.7581,-16.8171 -49.7522,-16.8542 -49.7277,-16.8727 -49.7331,-16.9022 -49.6843,-16.8741 -49.6638,-16.8756 -49.6095,-16.8419 -49.5986,-16.8023 -49.6352,-16.8057 -49.6398,-16.7711 -49.6899,-16.6920 -49.6872,-16.6710 -49.7275,-16.6710
5204656|-48.3467,-13.8624 -48.3826,-13.8248 -48.3936,-13.7964 -48.4371,-13.7585 -48.4339,-13.7283 -48.4665,-13.6634 -48.4620,-13.6169 -48.5070,-13.6142 -48.5332,-13.5961 -48.5715,-13.5951 -48.5919,-13.6299 -48.6425,-13.6191 -48.6619,-13.6457 -48.6676,-13.6822 -48.7101,-13.7134 -48.7272,-13.7732 -48.7850,-13.8163 -48.7679,-13.8442 -48.7803,-13.8792 -48.7607,-13.9252 -48.7267,-13.9602 -48.7341,-13.9904 -48.7131,-14.0203 -48.7199,-14.0445 -48.7019,-14.1078 -48.7228,-14.1281 -48.7079,-14.1613 -48.6150,-14.1789 -48.5822,-14.1649 -48.5419,-14.1153 -48.5007,-14.1085 -48.4740,-14.0201 -48.3985,-14.0056 -48.3576,-13.9754 -48.3210,-13.9774 -48.3187,-13.9392 -48.3467,-13.8624
5204706|-49.1764,-14.1325 -49.1870,-14.1597 -49.1604,-14.2125 -49.1709,-14.2725 -49.1641,-14.2939 -49.1867,-14.3371 -49.1960,-14.3821 -49.1356,-14.3741 -49.0861,-14.3336 -49.0089,-14.0914 -48.7990,-14.0614 -48.7803,-13.8792 -48.7679,-13.8442 -48.7850,-13.8163 -48.7272,-13.7732 -48.7101,-13.7134 -48.6676,-13.6822 -48.6619,-13.6457 -48.7014,-13.6385 -48.7255,-13.6671 -48.7887,-13.7109 -48.7837,-13.7317 -48.8069,-13.7714 -48.7859,-13.7993 -48.7993,-13.8227 -48.8697,-13.8637 -48.8814,-13.9318 -48.9290,-13.9656 -48.9143,-14.0036 -48.9657,-14.0350 -49.1131,-14.0068 -49.1203,-14.0193 -49.1746,-14.0244 -49.1764,-14.1325
5204805|-47.5246,-17.4119 -47.5548,-17.3563 -47.6572,-17.2973 -47.6913,-17.2580 -47.6765,-17.2309 -47.6878,-17.1909 -47.7138,-17.1538 -47.7298,-17.1834 -47.7905,-17.2135 -47.8472,-17.2595 -47.8841,-17.2631 -47.8883,-17.3780 -47.9647,-17.5518 -47.9618,-17.6304 -47.9450,-17.6523 -47.9298,-17.7230 -47.9335,-17.7696 -47.9543,-17.8413 -47.9823,-17.8982 -47.9389,-17.8966 -47.9184,-17.9133 -47.8670,-17.9190 -47.8025,-17.8575 -47.7542,-17.7978 -47.7448,-17.8302 -47.7107,-17.8422 -47.6755,-17.8359 -47.6436,-17.7974 -47.6168,-17.7342 -47.6193,-17.6955 -47.6370,-17.6667 -47.6291,-17.6205 -47.5629,-17.5108 -47.5366,-17.4571 -47.5246,-17.4119
5204854|-49.1651,-16.3143 -49.1623,-16.3301 -49.1142,-16.3418 -49.1015,-16.3245 -49.0549,-16.3489 -49.0418,-16.2606 -49.1100,-16.2235 -49.1436,-16.2229 -49.1784,-16.2637 -49.1651,-16.3143
5204904|-46.6354,-12.9699 -46.7506,-12.9692 -46.8228,-13.0068 -46.8548,-13.0676 -46.8231,-13.0587 -46.8038,-13.0843 -46.7367,-13.1080 -46.6745,-13.0622 -46.6226,-13.0677 -46.6051,-13.0395 -46.5766,-13.0428 -46.5025,-13.0050 -46.4683,-13.0105 -46.4535,-13.0544 -46.4494,-13.0551 -46.2987,-13.0638 -46.2755,-13.0202 -46.1938,-12.9968 -46.1247,-12.9598 -46.1130,-12.9180 -46.1982,-12.9573 -46.2293,-12.9576 -46.3048,-12.9785 -46.3709,-12.9877 -46.3657,-12.8635 -46.3976,-12.8513 -46.4180,-12.8224 -46.4328,-12.9294 -46.4459,-12.9358 -46.4546,-12.9712 -46.6354,-12.9699
5204953|-49.5930,-14.1264 -49.6382,-14.1179 -49.6626,-14.0832 -49.6988,-14.0551 -49.7443,-14.0802 -49.7323,-14.1088 -49.7511,-14.1643 -49.7052,-14.2114 -49.7692,-14.2527 -49.7529,-14.2862 -49.7035,-14.3047 -49.5753,-14.2884 -49.5616,-14.2329 -49.5607,-14.1994 -49.5458,-14.1693 -49.5733,-14.1287 -49.5930,-14.1264
5205000|-49.7323,-15.5263 -49.6833,-15.4822 -49.6961,-15.4456 -49.6866,-15.4215 -49.6547,-15.4069 -49.6055,-15.4087 -49.5912,-15.3545 -49.6120,-15.3594 -49.6615,-15.3413 -49.6713,-15.3089 -49.7482,-15.2938 -49.7568,-15.3390 -49.7877,-15.3621 -49.7863,-15.4203 -49.8119,-15.4507 -49.8599,-15.4495 -49.8866,-15.4811 -49.8887,-15.5080 -49.8572,-15.5322 -49.8106,-15.5323 -49.7721,-15.5463 -49.7323,-15.5263
5205059|-50.3571,-18.1596 -50.3869,-18.1903 -50.4289,-18.1994 -50.5238,-18.1593 -50.5755,-18.1293 -50.5892,-18.1359 -50.5086,-18.2162 -50.4095,-18.2333 -50.3713,-18.2309 -50.3430,-18.2026 -50.2862,-18.1961 -50.2244,-18.1378 -50.1858,-18.1400 -50.1614,-18.1213 -50.1692,-18.0742 -50.1884,-18.0601 -50.2168,-18.0748 -50.2816,-18.0788 -50.3261,-18.1161 -50.3571,-18.1596
5205109|-48.0623,-18.2642 -48.0547,-18.2992 -48.0167,-18.3033 -47.9976,-18.2866 -47.9660,-18.2934 -47.9384,-18.3285 -47.9376,-18.3784 -47.9767,-18.3836 -47.9878,-18.4077 -48.0270,-18.4361 -47.9967,-18.4535 -47.9546,-18.5000 -47.9143,-18.4666 -47.8879,-18.4772 -47.8646,-18.4491 -47.8605,-18.4402 -47.8659,-18.4042 -47.8521,-18.3610 -47.9101,-18.3267 -47.8750,-18.2833 -47.8787,-18.2461 -47.8357,-18.1502 -47.7968,-18.1243 -47.7587,-18.1176 -47.7115,-18.1308 -47.6856,-18.1185 -47.6641,-18.0744 -47.6052,-18.0287 -47.5932,-17.9970 -47.5610,-17.9829 -47.4977,-18.0279 -47.4768,-18.0790 -47.4330,-18.1098 -47.4079,-18.1419 -47.3700,-18.1160 -47.3243,-18.0698 -47.2834,-18.0408 -47.3230,-17.9835 -47.3418,-17.9002 -47.3567,-17.8941 -47.3547,-17.8151 -47.3170,-17.7252 -47.3140,-17.6998 -47.2725,-17.6740 -47.2790,-17.6427 -47.2648,-17.6114 -47.3131,-17.5434 -47.3254,-17.5238 -47.3747,-17.5235 -47.4004,-17.5118 -47.4669,-17.5340 -47.5089,-17.5012 -47.5133,-17.4632 -47.5366,-17.4571 -47.5629,-17.5108 -47.6291,-17.6205 -47.6370,-17.6667 -47.6193,-17.6955 -47.6168,-17.7342 -47.6436,-17.7974 -47.6755,-17.8359 -47.7107,-17.8422 -47.7448,-17.8302 -47.7542,-17.7978 -47.8025,-17.8575 -47.8670,-17.9190 -47.9184,-17.9133 -47.9389,-17.8966 -47.9823,-17.8982 -48.0396,-17.9229 -48.0876,-17.9132 -48.1209,-17.9208 -48.1739,-17.9710 -48.1291,-17.9757 -48.0961,-17.9997 -48.0744,-18.0450 -48.0332,-18.0631 -48.0232,-18.1260 -48.0425,-18.1574 -48.0091,-18.1794 -48.0452,-18.2233 -48.0623,-18.2642
5205208|-49.4477,-16.4378 -49.4879,-16.4138 -49.5449,-16.4285 -49.5554,-16.4087 -49.6285,-16.3988 -49.6594,-16.4278 -49.6958,-16.4531 -49.6969,-16.4709 -49.6902,-16.5077 -49.6535,-16.5068 -49.6197,-16.4894 -49.5577,-16.5028 -49.5120,-16.4950 -49.4837,-16.4584 -49.4477,-16.4378
5205307|-47.3929,-13.2624 -47.4172,-13.2708 -47.4539,-13.2517 -47.4880,-13.2121 -47.4775,-13.1872 -47.5406,-13.1917 -47.5650,-13.1803 -47.5687,-13.1169 -47.6171,-13.1036 -47.6463,-13.1205 -47.6454,-13.1505 -47.6668,-13.2084 -47.6397,-13.2643 -47.6585,-13.2950 -47.6501,-13.3488 -47.6241,-13.3761 -47.6797,-13.4682 -47.7982,-13.3290 -47.8236,-13.3117 -47.8855,-13.3203 -47.9373,-13.2906 -47.9660,-13.3135 -47.9810,-13.2843 -48.0329,-13.2744 -48.0625,-13.2357 -48.0791,-13.2853 -48.1562,-13.3079 -48.1699,-13.3003 -48.1666,-13.3729 -48.1480,-13.3793 -48.1483,-13.4397 -48.1988,-13.4711 -48.1325,-13.5042 -48.1074,-13.5621 -48.1203,-13.6284 -48.0577,-13.7020 -48.0542,-13.7392 -48.0277,-13.7441 -48.0188,-13.8131 -47.9594,-13.8532 -47.9479,-13.8848 -47.9649,-13.9065 -47.9604,-13.9389 -47.9303,-13.9565 -47.8982,-14.0468 -47.8984,-14.0930 -47.9158,-14.1482 -47.8997,-14.1701 -47.8635,-14.1758 -47.8075,-14.1457 -47.7560,-14.0942 -47.7284,-14.0962 -47.6992,-14.0692 -47.6625,-14.0709 -47.6077,-14.0467 -47.5915,-14.0563 -47.5518,-14.0279 -47.5048,-13.9602 -47.2640,-13.9769 -47.2795,-13.9521 -47.3355,-13.9301 -47.3097,-13.8920 -47.3261,-13.8269 -47.3537,-13.8047 -47.3169,-13.7724 -47.3068,-13.7346 -47.3341,-13.7086 -47.3074,-13.6650 -47.3242,-13.6321 -47.2600,-13.5342 -47.2496,-13.4864 -47.2725,-13.4322 -47.3118,-13.4041 -47.3275,-13.3602 -47.3524,-13.3465 -47.3472,-13.3161 -47.3929,-13.2624
5205406|-49.7482,-15.2938 -49.6713,-15.3089 -49.6615,-15.3413 -49.6120,-15.3594 -49.5912,-15.3545 -49.5509,-15.2582 -49.5645,-15.2413 -49.5494,-15.1841 -49.5839,-15.1900 -49.6386,-15.2429 -49.6955,-15.2515 -49.7467,-15.2402 -49.7706,-15.2877 -49.7482,-15.2938
5205455|-49.8804,-16.9742 -49.8439,-17.0058 -49.8455,-17.0433 -49.8217,-17.0667 -49.8238,-17.0983 -49.8495,-17.1217 -49.8432,-17.1641 -49.7942,-17.1584 -49.7677,-17.1371 -49.7305,-17.1572 -49.7100,-17.1927 -49.6583,-17.2546 -49.6456,-17.3020 -49.6193,-17.2920 -49.6207,-17.2288 -49.6578,-17.1812 -49.6581,-17.1552 -49.6881,-17.1269 -49.7012,-17.0853 -49.7266,-17.0671 -49.7482,-17.0071 -49.7420,-16.9568 -49.7487,-16.9450 -49.8017,-16.9027 -49.8550,-16.9439 -49.8804,-16.9742
5205471|-52.8734,-18.6459 -52.8465,-18.6670 -52.8101,-18.6677 -52.7481,-18.6921 -52.6873,-18.6783 -52.6347,-18.6915 -52.5887,-18.6868 -52.5662,-18.6646 -52.5315,-18.6575 -52.5019,-18.6759 -52.4281,-18.6350 -52.3819,-18.5768 -52.2907,-18.6153 -52.2906,-18.5887 -52.3258,-18.5630 -52.3313,-18.5301 -52.3119,-18.5011 -52.3358,-18.4697 -52.3704,-18.4688 -52.4619,-18.4115 -52.4777,-18.3596 -52.5224,-18.3430 -52.5981,-18.2549 -52.6674,-18.1995 -52.7532,-18.1215 -52.7826,-18.0704 -52.8208,-18.3107 -52.7759,-18.3288 -52.7589,-18.3631 -52.7985,-18.4149 -52.8385,-18.4236 -52.8734,-18.6459
5205497|-47.9636,-16.1047 -47.8625,-16.1581 -47.8383,-16.2309 -47.7939,-16.2534 -47.7421,-16.1946 -47.7324,-16.1662 -47.7233,-16.0921 -47.6831,-16.0700 -47.6836,-16.0498 -47.9386,-16.0499 -47.9636,-16.1047
5205513|-48.8564,-15.8016 -48.8360,-15.8324 -48.7832,-15.8196 -48.7625,-15.8548 -48.7179,-15.8651 -48.6746,-15.8620 -48.6694,-15.8359 -48.6967,-15.8149 -48.6674,-15.7684 -48.6226,-15.7533 -48.5760,-15.7640 -48.5240,-15.8138 -48.4621,-15.8296 -48.4546,-15.8903 -48.4179,-15.9134 -48.3777,-15.8215 -48.3504,-15.7920 -48.3492,-15.7258 -48.2996,-15.7095 -48.2520,-15.6592 -48.2573,-15.6459 -48.3148,-15.6229 -48.3516,-15.6310 -48.3749,-15.6131 -48.4016,-15.6545 -48.5481,-15.5993 -48.5798,-15.5460 -48.5800,-15.4814 -48.5537,-15.4564 -48.5709,-15.4358 -48.5699,-15.3780 -48.5928,-15.3647 -48.6596,-15.3699 -48.7122,-15.4032 -48.7227,-15.4420 -48.7479,-15.4731 -48.8140,-15.5176 -48.8308,-15.5425 -48.7921,-15.5547 -48.7918,-15.5854 -48.8290,-15.6248 -48.8085,-15.6674 -48.8363,-15.7256 -48.8168,-15.7494 -48.8367,-15.8033 -48.8564,-15.8016
5205521|-48.3187,-13.9392 -48.2811,-13.9392 -48.2512,-13.9610 -48.2454,-13.9936 -48.2215,-13.9966 -48.1715,-14.0672 -48.1631,-14.1181 -48.1203,-14.1543 -48.0429,-14.2326 -47.9582,-14.2721 -47.9140,-14.3320 -47.8776,-14.3433 -47.8393,-14.3310 -47.9030,-14.2356 -47.9320,-14.1771 -47.8997,-14.1701 -47.9158,-14.1482 -47.8984,-14.0930 -47.8982,-14.0468 -47.9303,-13.9565 -47.9604,-13.9389 -47.9649,-13.9065 -47.9479,-13.8848 -47.9594,-13.8532 -48.0188,-13.8131 -48.0277,-13.7441 -48.0542,-13.7392 -48.0577,-13.7020 -48.1203,-13.6284 -48.1431,-13.6527 -48.1475,-13.7033 -48.1379,-13.7547 -48.1967,-13.7905 -48.2076,-13.8222 -48.2510,-13.8579 -48.2821,-13.8319 -48.3318,-13.8365 -48.3467,-13.8624 -48.3187,-13.9392
5205703|-50.5377,-16.4989 -50.5403,-16.3903 -50.5027,-16.3564 -50.4763,-16.2746 -50.4630,-16.2616 -50.5142,-16.2264 -50.5297,-16.2374 -50.5585,-16.2000 -50.5951,-16.2329 -50.6098,-16.2745 -50.6006,-16.3074 -50.6783,-16.3370 -50.6796,-16.4068 -50.6773,-16.4470 -50.6554,-16.4582 -50.6556,-16.4951 -50.6017,-16.5065 -50.5628,-16.5181 -50.5377,-16.4989
5205802|-48.9067,-15.9894 -48.7922,-16.0128 -48.7573,-16.0713 -48.7216,-16.0972 -48.6833,-16.1468 -48.6129,-16.1428 -48.6228,-16.1274 -48.6186,-16.0552 -48.6496,-15.9682 -48.6282,-15.9405 -48.5907,-15.9206 -48.5421,-15.9136 -48.5285,-15.9331 -48.4905,-15.9340 -48.4239,-15.9877 -48.4082,-15.9771 -48.4225,-15.9482 -48.4179,-15.9134 -48.4546,-15.8903 -48.4621,-15.8296 -48.5240,-15.8138 -48.5760,-15.7640 -48.6226,-15.7533 -48.6674,-15.7684 -48.6967,-15.8149 -48.6694,-15.8359 -48.6746,-15.8620 -48.7179,-15.8651 -48.7625,-15.8548 -48.7832,-15.8196 -48.8360,-15.8324 -48.8564,-15.8016 -48.8440,-15.8413 -48.8957,-15.8763 -48.9037,-15.9088 -48.8965,-15.9794 -48.9067,-15.9894
5205901|-48.6538,-18.3428 -48.5614,-18.3239 -48.5545,-18.3469 -48.5156,-18.3664 -48.4695,-18.3707 -48.4420,-18.3566 -48.4000,-18.3728 -48.3418,-18.3708 -48.3561,-18.3221 -48.3077,-18.2842 -48.3202,-18.2499 -48.3357,-18.2059 -48.3969,-18.1280 -48.3353,-18.0796 -48.2973,-18.0347 -48.3190,-17.9865 -48.3143,-17.9430 -48.3882,-17.9385 -48.4120,-17.8561 -48.4519,-17.8387 -48.4697,-17.8638 -48.5123,-17.8805 -48.5200,-17.9837 -48.5438,-17.9927 -48.5391,-18.0303 -48.5623,-18.0534 -48.6159,-18.0667 -48.6355,-18.0483 -48.6565,-18.0881 -48.6921,-18.0952 -48.7081,-18.1116 -48.7038,-18.1518 -48.7207,-18.2045 -48.7855,-18.2418 -48.8114,-18.2346 -48.8239,-18.2658 -48.8662,-18.2964 -48.8783,-18.2713 -48.9177,-18.3059 -48.8321,-18.3461 -48.8280,-18.3752 -48.7577,-18.3448 -48.7423,-18.3525 -48.6538,-18.3428
5206206|-47.8925,-16.9181 -47.8321,-16.9246 -47.7723,-16.9184 -47.7336,-16.9291 -47.6915,-16.9075 -47.6845,-16.9411 -47.6989,-16.9996 -47.7187,-17.0329 -47.6937,-17.0777 -47.6650,-17.0882 -47.6382,-17.1449 -47.5982,-17.1659 -47.5383,-17.2324 -47.5108,-17.3261 -47.4868,-17.3495 -47.4379,-17.3179 -47.4111,-17.2492 -47.3842,-17.2478 -47.3485,-17.1762 -47.2931,-17.1394 -47.2775,-17.1110 -47.2252,-17.0775 -47.1981,-17.0723 -47.1781,-17.0408 -47.1466,-17.0323 -47.1295,-16.9752 -47.1545,-16.9529 -47.1807,-16.9018 -47.2084,-16.8747 -47.2064,-16.8384 -47.2197,-16.7781 -47.2365,-16.7553 -47.2257,-16.7205 -47.2462,-16.7005 -47.2518,-16.6645 -47.2877,-16.6423 -47.3473,-16.5908 -47.3738,-16.5932 -47.4310,-16.5490 -47.4595,-16.5041 -47.4550,-16.4660 -47.4289,-16.4370 -47.4272,-16.3989 -47.3655,-16.3299 -47.3516,-16.2754 -47.3220,-16.2314 -47.3226,-16.2091 -47.3523,-16.1338 -47.3126,-16.0888 -47.3085,-16.0500 -47.6836,-16.0498 -47.6831,-16.0700 -47.7233,-16.0921 -47.7324,-16.1662 -47.6584,-16.1670 -47.6637,-16.2471 -47.6412,-16.2829 -47.6537,-16.3270 -47.6479,-16.3717 -47.6872,-16.4249 -47.7200,-16.4879 -47.7200,-16.5346 -47.7757,-16.5676 -47.8195,-16.6345 -47.8672,-16.6801 -47.8879,-16.7526 -47.8800,-16.7690 -47.9025,-16.8132 -47.8892,-16.8471 -47.8925,-16.9181
5206305|-48.6379,-17.1654 -48.6619,-17.1775 -48.7047,-17.1598 -48.8004,-17.1799 -48.8106,-17.2250 -48.7847,-17.2781 -48.8052,-17.3129 -48.7946,-17.3537 -48.7546,-17.2792 -48.7043,-17.2376 -48.6074,-17.2220 -48.5777,-17.1619 -48.5729,-17.1293 -48.6022,-17.1306 -48.6379,-17.1654
5206404|-49.7745,-14.7551 -49.7527,-14.7050 -49.7307,-14.6934 -49.7434,-14.6577 -49.8225,-14.6024 -49.8213,-14.5502 -49.7871,-14.5331 -49.7529,-14.4892 -49.6945,-14.4658 -49.7377,-14.4440 -49.7281,-14.4254 -49.7657,-14.4061 -49.7919,-14.3057 -49.8394,-14.3437 -49.8738,-14.3334 -49.9213,-14.3526 -49.9275,-14.3886 -50.0043,-14.3165 -50.0355,-14.3003 -50.0285,-14.2746 -50.0719,-14.2295 -50.1220,-14.2108 -50.1257,-14.1359 -50.1435,-14.1258 -50.3547,-14.3536 -50.3292,-14.4063 -50.3009,-14.4434 -50.3022,-14.4982 -50.2775,-14.5117 -50.2691,-14.5427 -50.2948,-14.5819 -50.2391,-14.6194 -50.2347,-14.6492 -50.2746,-14.7321 -50.3026,-14.7393 -50.3333,-14.7240 -50.4229,-14.7355 -50.4453,-14.7242 -50.4077,-14.8014 -50.3620,-14.8114 -50.3343,-14.8730 -50.3039,-14.8977 -50.3148,-14.9441 -50.2926,-14.9429 -50.2433,-14.9702 -50.2374,-15.0136 -50.1853,-15.0374 -50.1544,-15.0798 -50.1277,-15.0812 -50.1094,-15.1217 -50.0539,-15.1230 -50.0502,-15.0656 -49.9610,-14.9965 -49.9062,-14.9796 -49.8592,-14.9832 -49.8244,-14.7825 -49.7745,-14.7551
5206503|-49.4570,-17.1502 -49.4080,-17.1880 -49.4068,-17.2033 -49.4699,-17.2458 -49.4764,-17.2889 -49.4556,-17.3103 -49.4294,-17.3050 -49.3512,-17.3190 -49.3247,-17.3612 -49.2999,-17.3729 -49.2911,-17.3608 -49.2929,-17.2917 -49.2622,-17.2283 -49.2572,-17.2002 -49.2764,-17.1591 -49.3203,-17.1295 -49.4073,-17.1610 -49.4570,-17.1502
5206602|-48.2272,-18.3460 -48.2215,-18.3620 -48.1594,-18.3755 -48.1465,-18.4095 -48.0941,-18.4310 -48.0475,-18.4176 -48.0270,-18.4361 -47.9878,-18.4077 -47.9767,-18.3836 -47.9376,-18.3784 -47.9384,-18.3285 -47.9660,-18.2934 -47.9976,-18.2866 -48.0167,-18.3033 -48.0547,-18.2992 -48.0623,-18.2642 -48.1311,-18.2305 -48.1631,-18.2310 -48.2277,-18.1996 -48.2717,-18.2233 -48.3202,-18.2499 -48.3077,-18.2842 -48.3561,-18.3221 -48.3418,-18.3708 -48.3181,-18.3671 -48.2718,-18.3294 -48.2593,-18.2873 -48.2295,-18.2746 -48.1961,-18.2814 -48.1788,-18.3286 -48.2272,-18.3460
5206701|-46.3339,-14.4533 -46.3190,-14.5234 -46.2922,-14.5387 -46.2544,-14.6043 -46.2127,-14.6091 -46.1853,-14.6266 -46.1642,-14.6661 -46.0251,-14.6781 -46.0210,-14.6699 -46.0155,-14.6451 -46.0659,-14.6104 -46.0967,-14.6216 -46.1225,-14.5869 -46.1116,-14.5592 -46.1507,-14.5008 -46.1976,-14.4540 -46.2755,-14.4329 -46.3339,-14.4533
5206800|-49.4030,-16.1944 -49.3708,-16.2045 -49.3777,-16.3058 -49.3334,-16.2871 -49.3062,-16.3092 -49.2757,-16.2679 -49.2881,-16.2331 -49.3109,-16.2304 -49.3150,-16.2201 -49.4030,-16.1944
5206909|-47.4079,-18.1419 -47.4330,-18.1098 -47.4768,-18.0790 -47.4977,-18.0279 -47.5610,-17.9829 -47.5932,-17.9970 -47.6052,-18.0287 -47.6641,-18.0744 -47.6856,-18.1185 -47.7115,-18.1308 -47.6598,-18.1615 -47.6404,-18.1846 -47.6354,-18.2410 -47.6070,-18.2462 -47.5675,-18.2111 -47.5395,-18.2169 -47.4970,-18.1990 -47.4511,-18.1595 -47.4298,-18.1652 -47.4079,-18.1419
5207105|-51.1180,-16.3066 -51.1352,-16.2284 -51.1725,-16.1886 -51.1718,-16.1259 -51.1965,-16.1011 -51.2032,-16.0698 -51.2277,-16.0919 -51.2268,-16.1295 -51.2579,-16.1848 -51.2806,-16.1665 -51.3085,-16.2044 -51.3601,-16.2112 -51.3888,-16.1885 -51.4050,-16.2070 -51.4420,-16.1981 -51.4404,-16.1443 -51.4825,-16.1127 -51.4991,-16.1399 -51.5348,-16.1470 -51.5911,-16.1891 -51.6161,-16.1845 -51.5974,-16.2304 -51.5543,-16.2277 -51.5221,-16.2872 -51.4299,-16.3203 -51.4125,-16.2760 -51.3689,-16.2847 -51.1180,-16.3066
5207253|-52.4061,-17.2610 -52.3920,-17.2230 -52.4139,-17.1758 -52.3882,-17.1407 -52.4212,-17.0441 -52.4289,-16.9942 -52.3836,-16.9481 -52.3237,-16.9409 -52.2930,-16.9276 -52.2524,-16.8296 -52.2095,-16.8063 -52.1681,-16.8027 -52.1361,-16.7368 -52.1296,-16.7049 -52.1460,-16.6729 -52.1391,-16.6412 -52.1909,-16.5994 -52.2446,-16.5793 -52.2590,-16.5992 -52.3357,-16.5624 -52.3410,-16.5436 -52.4181,-16.5410 -52.4954,-16.5630 -52.5065,-16.5415 -52.5465,-16.5525 -52.6294,-16.5178 -52.6257,-16.5322 -52.6756,-16.5855 -52.7032,-16.5963 -52.7328,-16.5859 -52.7260,-16.6145 -52.7590,-16.6711 -52.7616,-16.7068 -52.7857,-16.7144 -52.8324,-16.7722 -52.8236,-16.8303 -52.8289,-16.8784 -52.7494,-16.9531 -52.6935,-16.9689 -52.6308,-16.9649 -52.6337,-17.0070 -52.5942,-17.0406 -52.5449,-17.0659 -52.5115,-17.1275 -52.5113,-17.2092 -52.4781,-17.2454 -52.4165,-17.2818 -52.4061,-17.2610
5207352|-49.8254,-17.5850 -49.7472,-17.5798 -49.7405,-17.5613 -49.6964,-17.5533 -49.6435,-17.4869 -49.6504,-17.4409 -49.6254,-17.4351 -49.6539,-17.3933 -49.6398,-17.3669 -49.6456,-17.3020 -49.6583,-17.2546 -49.7100,-17.1927 -49.7703,-17.2244 -49.7949,-17.2679 -49.7973,-17.3200 -49.7551,-17.3200 -49.7407,-17.3409 -49.7472,-17.3779 -49.7312,-17.4131 -49.7270,-17.4607 -49.7757,-17.4566 -49.7991,-17.4849 -49.8523,-17.4992 -49.8883,-17.5291 -49.9073,-17.5885 -49.9247,-17.6059 -49.8953,-17.6124 -49.8490,-17.5767 -49.8254,-17.5850
5207402|-49.9247,-17.6059 -49.9073,-17.5885 -49.8883,-17.5291 -49.8523,-17.4992 -49.7991,-17.4849 -49.7757,-17.4566 -49.7270,-17.4607 -49.7312,-17.4131 -49.7472,-17.3779 -49.7407,-17.3409 -49.7551,-17.3200 -49.7973,-17.3200 -49.7949,-17.2679 -49.8186,-17.2679 -49.8223,-17.2290 -49.8549,-17.2051 -49.9189,-17.2069 -49.9713,-17.2305 -50.0169,-17.2316 -50.0213,-17.2528 -50.0029,-17.3201 -50.0238,-17.3580 -50.0558,-17.3888 -50.0519,-17.4315 -50.0753,-17.4627 -50.0656,-17.4980 -50.0764,-17.5383 -50.1115,-17.5906 -50.1501,-17.6008 -50.1759,-17.6753 -50.2042,-17.7164 -50.1937,-17.7419 -50.2087,-17.7710 -50.1506,-17.8074 -50.0871,-17.7850 -50.0659,-17.7654 -50.0657,-17.7320 -50.0264,-17.7097 -50.0033,-17.6599 -49.9808,-17.6648 -49.9568,-17.6278 -49.9247,-17.6059
5207501|-49.1267,-13.6821 -49.1615,-13.6985 -49.1797,-13.7337 -49.1618,-13.8126 -49.1410,-13.8605 -49.1113,-13.8852 -49.1147,-13.9277 -49.0987,-13.9400 -49.0238,-13.8898 -49.0253,-13.8511 -48.9923,-13.8107 -48.9773,-13.7680 -48.9908,-13.7415 -49.0290,-13.7652 -49.0572,-13.7445 -49.1170,-13.7720 -49.1371,-13.7295 -49.1267,-13.6821
5207535|-50.5281,-15.5577 -50.4834,-15.6381 -50.3702,-15.6378 -50.2760,-15.6437 -50.1718,-15.6255 -50.1244,-15.6483 -50.1313,-15.5839 -50.1543,-15.5617 -50.1657,-15.5184 -50.1539,-15.4948 -50.1603,-15.4179 -50.1351,-15.3980 -50.0862,-15.2477 -50.1433,-15.2401 -50.1823,-15.2494 -50.2393,-15.2380 -50.2885,-15.2471 -50.3575,-15.3156 -50.3826,-15.3258 -50.4395,-15.3701 -50.4481,-15.3500 -50.4925,-15.3399 -50.6057,-15.2592 -50.6439,-15.2470 -50.7053,-15.2664 -50.7307,-15.2560 -50.6909,-15.3731 -50.6626,-15.4186 -50.6085,-15.4662 -50.5775,-15.4745 -50.5355,-15.4661 -50.5189,-15.5190 -50.5281,-15.5577
5207600|-50.9098,-16.2014 -50.8662,-16.2053 -50.8319,-16.2505 -50.7781,-16.3492 -50.7544,-16.3824 -50.7027,-16.4142 -50.6796,-16.4068 -50.6783,-16.3370 -50.6006,-16.3074 -50.6098,-16.2745 -50.5951,-16.2329 -50.6536,-16.1086 -50.6793,-16.1113 -50.8081,-16.0889 -50.8237,-16.0702 -50.7985,-16.0287 -50.7963,-16.0010 -50.8153,-16.0226 -50.8724,-16.0117 -50.8872,-16.0423 -50.9627,-16.0133 -50.9865,-16.0302 -51.0341,-15.9879 -51.2339,-15.9447 -51.2579,-15.9694 -51.2079,-16.0026 -51.2131,-16.0308 -51.1739,-16.0306 -51.1452,-16.0649 -51.1236,-16.0636 -51.0938,-16.1032 -51.0512,-16.1198 -51.0053,-16.1232 -50.9648,-16.1738 -50.9310,-16.1740 -50.9098,-16.2014
5207808|-50.3617,-16.6997 -50.3594,-16.7405 -50.2846,-16.7684 -50.2833,-16.8042 -50.2585,-16.7712 -50.2539,-16.7368 -50.2134,-16.7031 -50.2115,-16.6798 -50.2408,-16.6360 -50.2329,-16.6102 -50.2473,-16.5454 -50.2334,-16.5187 -50.2433,-16.4894 -50.2281,-16.4513 -50.2451,-16.4501 -50.2825,-16.5078 -50.3032,-16.5586 -50.3471,-16.5774 -50.4452,-16.5976 -50.4847,-16.6372 -50.4779,-16.6733 -50.4362,-16.6546 -50.4292,-16.6355 -50.3895,-16.6302 -50.3638,-16.6572 -50.3617,-16.6997
5207907|-47.1108,-14.6767 -47.0952,-14.7254 -47.1154,-14.7727 -47.0815,-14.8016 -47.0538,-14.9030 -46.9843,-14.9106 -46.9251,-15.0575 -46.8569,-15.0103 -46.7859,-15.0184 -46.6817,-15.0586 -46.6254,-15.0895 -46.5775,-15.0841 -46.5261,-15.0564 -46.5596,-15.0261 -46.5673,-14.9750 -46.5871,-14.9350 -46.6197,-14.8187 -46.6309,-14.7803 -46.6688,-14.7606 -46.6692,-14.7209 -46.6886,-14.6871 -46.6824,-14.6522 -46.7163,-14.5970 -46.7484,-14.5983 -46.8507,-14.5435 -46.8686,-14.5161 -46.8580,-14.4907 -46.8620,-14.4462 -46.8872,-14.4367 -46.8790,-14.3610 -46.9013,-14.3304 -46.9917,-14.1947 -46.9307,-14.1152 -46.9376,-14.1030 -46.9944,-14.0821 -47.0310,-14.0887 -47.0827,-14.1414 -47.0842,-14.1684 -47.1310,-14.2049 -47.1399,-14.2546 -47.1706,-14.2643 -47.1904,-14.3679 -47.1831,-14.4398 -47.1566,-14.4677 -47.1456,-14.5396 -47.0936,-14.5456 -47.0810,-14.5993 -47.0864,-14.6468 -47.1108,-14.6767
5208004|-47.4927,-15.5019 -47.4184,-15.5018 -47.4184,-15.5457 -47.3779,-15.5760 -47.3222,-15.5985 -47.3339,-15.6295 -47.3315,-15.6835 -47.3125,-15.6972 -47.3149,-15.7464 -47.3664,-15.8274 -47.3789,-15.8873 -47.3623,-15.9294 -47.3769,-15.9619 -47.3702,-16.0012 -47.3100,-16.0363 -47.2869,-16.0093 -47.2264,-16.0160 -47.2094,-15.9901 -47.1366,-15.9274 -47.1162,-15.8983 -47.1190,-15.8007 -47.1029,-15.7379 -47.1310,-15.6716 -47.1614,-15.6504 -47.1783,-15.5988 -47.1267,-15.5859 -47.1030,-15.5587 -47.0469,-15.5360 -47.0196,-15.5459 -47.0147,-15.6200 -46.9984,-15.6521 -46.9617,-15.6595 -46.9337,-15.6496 -46.8826,-15.6101 -46.9461,-15.5633 -46.9305,-15.4431 -46.9119,-15.4115 -46.8495,-15.3732 -46.8359,-15.3265 -46.8737,-15.2854 -46.9413,-15.3145 -46.9881,-15.2579 -47.0188,-15.1974 -47.0085,-15.1731 -47.0385,-15.1248 -47.0483,-15.0897 -47.0780,-15.0638 -47.1330,-15.1179 -47.1860,-15.0123 -47.1734,-14.9754 -47.2160,-14.9543 -47.2104,-14.9046 -47.2276,-14.8779 -47.2092,-14.8256 -47.2196,-14.8107 -47.1460,-14.6959 -47.1108,-14.6767 -47.0864,-14.6468 -47.0810,-14.5993 -47.0936,-14.5456 -47.1456,-14.5396 -47.1859,-14.5601 -47.2318,-14.6394 -47.2344,-14.6879 -47.2823,-14.6943 -47.3148,-14.7672 -47.3572,-14.7762 -47.3604,-14.8032 -47.4276,-14.8306 -47.4775,-14.8170 -47.4893,-14.8401 -47.4991,-14.9077 -47.5479,-14.9260 -47.5730,-14.9612 -47.5709,-15.0471 -47.5694,-15.0744 -47.5264,-15.1728 -47.5278,-15.2074 -47.4961,-15.2920 -47.4750,-15.3260 -47.4734,-15.3664 -47.4886,-15.4402 -47.4927,-15.5019
5208103|-48.8330,-13.4779 -48.8363,-13.5303 -48.8851,-13.6001 -48.9220,-13.6216 -48.9281,-13.6675 -48.9590,-13.6788 -48.9706,-13.7214 -48.9908,-13.7415 -48.9773,-13.7680 -48.9923,-13.8107 -49.0253,-13.8511 -49.0238,-13.8898 -48.9762,-13.9033 -48.9362,-13.9361 -48.8814,-13.9318 -48.8697,-13.8637 -48.7993,-13.8227 -48.7859,-13.7993 -48.8069,-13.7714 -48.7837,-13.7317 -48.7887,-13.7109 -48.7255,-13.6671 -48.7014,-13.6385 -48.7260,-13.6070 -48.7316,-13.5731 -48.7717,-13.5305 -48.7885,-13.4729 -48.8330,-13.4779
5208152|-48.8747,-16.4006 -48.8709,-16.4211 -48.8223,-16.4347 -48.7799,-16.4640 -48.7504,-16.4998 -48.6987,-16.4931 -48.6443,-16.5192 -48.5899,-16.5142 -48.5414,-16.4994 -48.5588,-16.4714 -48.6050,-16.4447 -48.5788,-16.4189 -48.5413,-16.4175 -48.5226,-16.3942 -48.5160,-16.3394 -48.5487,-16.3458 -48.6184,-16.3092 -48.6294,-16.2850 -48.6902,-16.2923 -48.7167,-16.2800 -48.7700,-16.2894 -48.7517,-16.3306 -48.7605,-16.3855 -48.7997,-16.3843 -48.8235,-16.4003 -48.8747,-16.4006
5208301|-46.7154,-13.3854 -46.3833,-13.3826 -46.3836,-13.3320 -46.3953,-13.3115 -46.3825,-13.2798 -46.3765,-13.2177 -46.4073,-13.1233 -46.4494,-13.0551 -46.4535,-13.0544 -46.4596,-13.0717 -46.5065,-13.0972 -46.5405,-13.1671 -46.5783,-13.2035 -46.6477,-13.2372 -46.6751,-13.2392 -46.6766,-13.2841 -46.7035,-13.2982 -46.6960,-13.3538 -46.7154,-13.3854
5208400|-48.9971,-16.4860 -48.9821,-16.4054 -49.0044,-16.4126 -49.0200,-16.4455 -49.0688,-16.4676 -49.0801,-16.5006 -49.1131,-16.5369 -49.1273,-16.5136 -49.1755,-16.5395 -49.1661,-16.5754 -49.1343,-16.5794 -49.1029,-16.5626 -49.0780,-16.5935 -49.0572,-16.5619 -48.9972,-16.5300 -48.9971,-16.4860
5208509|-48.2717,-18.2233 -48.2277,-18.1996 -48.1631,-18.2310 -48.1311,-18.2305 -48.0623,-18.2642 -48.0452,-18.2233 -48.0091,-18.1794 -48.0425,-18.1574 -48.0232,-18.1260 -48.0332,-18.0631 -48.0744,-18.0450 -48.0961,-17.9997 -48.1291,-17.9757 -48.1739,-17.9710 -48.2098,-17.9975 -48.2257,-18.0354 -48.2167,-18.0735 -48.2173,-18.0739 -48.2357,-18.0832 -48.2315,-18.1221 -48.2617,-18.1251 -48.2779,-18.1824 -48.2717,-18.2233
5208608|-49.0813,-15.1505 -49.1588,-15.1588 -49.1881,-15.1350 -49.1779,-15.0917 -49.1346,-14.9988 -49.2903,-14.9908 -49.3125,-15.1229 -49.3049,-15.1550 -49.3220,-15.2335 -49.3431,-15.2764 -49.3551,-15.3277 -49.3406,-15.3439 -49.2820,-15.3288 -49.2618,-15.3509 -49.2750,-15.3883 -49.2976,-15.4102 -49.2822,-15.4379 -49.2216,-15.4831 -49.2388,-15.5537 -49.2116,-15.5672 -49.1865,-15.6022 -49.1286,-15.5733 -49.0811,-15.5113 -49.0905,-15.4678 -49.0673,-15.4313 -49.0855,-15.3821 -49.0775,-15.3433 -49.0299,-15.2803 -48.9902,-15.2620 -48.9399,-15.2606 -48.9185,-15.2394 -48.9089,-15.1670 -48.9694,-15.1613 -48.9784,-15.1342 -49.0382,-15.1314 -49.0813,-15.1505
5208707|-49.1589,-16.7908 -49.1508,-16.7472 -49.1937,-16.6914 -49.1666,-16.6509 -49.1476,-16.6472 -49.0780,-16.5935 -49.1029,-16.5626 -49.1343,-16.5794 -49.1661,-16.5754 -49.1755,-16.5395 -49.1960,-16.4937 -49.1737,-16.4671 -49.2137,-16.4538 -49.2634,-16.5159 -49.3101,-16.5298 -49.3280,-16.5565 -49.3918,-16.5978 -49.3801,-16.6303 -49.4397,-16.6713 -49.4446,-16.7177 -49.4122,-16.7408 -49.3841,-16.8319 -49.3654,-16.8181 -49.3496,-16.7642 -49.3315,-16.7495 -49.2881,-16.7483 -49.2549,-16.7315 -49.2209,-16.7381 -49.1589,-16.7908
5208806|-49.6197,-16.4894 -49.5941,-16.5280 -49.4589,-16.4938 -49.4549,-16.5359 -49.4219,-16.5572 -49.3918,-16.5978 -49.3280,-16.5565 -49.3404,-16.5201 -49.3672,-16.4989 -49.3222,-16.4375 -49.3852,-16.4563 -49.4217,-16.4056 -49.4477,-16.4378 -49.4837,-16.4584 -49.5120,-16.4950 -49.5577,-16.5028 -49.6197,-16.4894
5208905|-50.0233,-15.7809 -50.0864,-15.7702 -50.0627,-15.7240 -50.0810,-15.6877 -50.1244,-15.6483 -50.1718,-15.6255 -50.2760,-15.6437 -50.3702,-15.6378 -50.4834,-15.6381 -50.5281,-15.5577 -50.5901,-15.5718 -50.6366,-15.5958 -50.6170,-15.6455 -50.6101,-15.6987 -50.6201,-15.7231 -50.5793,-15.7330 -50.5714,-15.7602 -50.5239,-15.7828 -50.5040,-15.8222 -50.5148,-15.8719 -50.4638,-15.9416 -50.5052,-16.0060 -50.4740,-16.0755 -50.4783,-16.1201 -50.4400,-16.1140 -50.4212,-16.0884 -50.3550,-16.0782 -50.3356,-16.0916 -50.2961,-16.0828 -50.2570,-16.0936 -50.1388,-16.0545 -50.0999,-16.0330 -50.0429,-16.0298 -50.0041,-16.0138 -49.9525,-15.9751 -49.8619,-15.9772 -49.8327,-15.9296 -49.8410,-15.9129 -49.7949,-15.8850 -49.7936,-15.8681 -49.8255,-15.8090 -49.8778,-15.7595 -49.9376,-15.7495 -50.0233,-15.7809
5209101|-49.1750,-17.9883 -49.2888,-17.9464 -49.3673,-17.9563 -49.3992,-17.9135 -49.4361,-17.9158 -49.4550,-17.8898 -49.4541,-17.8508 -49.4968,-17.8321 -49.5176,-17.8554 -49.5610,-17.8336 -49.5954,-17.8402 -49.6448,-17.8677 -49.6797,-17.8600 -49.7601,-17.8676 -49.7826,-17.8862 -49.8027,-17.8867 -49.8205,-17.8503 -49.8573,-17.8630 -49.9153,-17.7960 -49.9845,-17.7826 -50.0730,-17.7990 -50.0552,-17.8250 -50.0221,-17.8322 -49.9805,-17.9265 -50.0165,-17.9543 -50.0460,-17.9424 -50.1356,-18.0001 -50.1692,-18.0742 -50.1614,-18.1213 -50.0946,-18.1137 -50.0556,-18.0978 -50.0001,-18.1185 -49.9588,-18.0750 -49.9355,-18.0728 -49.9011,-18.0288 -49.8615,-18.0032 -49.8027,-18.0707 -49.7834,-18.0623 -49.7224,-18.0906 -49.6676,-18.0803 -49.6307,-18.0967 -49.5836,-18.1452 -49.5791,-18.1859 -49.5496,-18.2055 -49.5106,-18.1470 -49.5099,-18.0830 -49.4688,-18.0877 -49.4143,-18.1387 -49.3682,-18.1446 -49.3508,-18.1822 -49.2897,-18.1451 -49.2525,-18.1791 -49.2480,-18.1683 -49.2026,-18.0908 -49.1856,-18.0807 -49.1732,-18.0375 -49.1750,-17.9883
5209150|-50.0288,-18.6015 -50.0509,-18.5775 -50.0297,-18.5401 -50.0438,-18.5208 -50.0372,-18.4837 -50.0636,-18.4321 -50.0460,-18.3846 -50.1064,-18.3308 -50.1311,-18.3266 -50.2386,-18.3633 -50.2715,-18.3794 -50.2562,-18.4384 -50.2726,-18.5306 -50.2604,-18.6093 -50.2415,-18.6245 -50.2700,-18.6842 -50.1989,-18.6791 -50.1643,-18.6644 -50.0798,-18.6719 -50.0502,-18.6435 -50.0288,-18.6015
5209200|-49.4792,-16.9812 -49.4823,-16.9297 -49.4469,-16.9011 -49.4375,-16.8601 -49.4645,-16.8462 -49.4579,-16.8198 -49.4749,-16.7919 -49.5025,-16.8002 -49.5332,-16.8125 -49.5761,-16.7719 -49.5986,-16.8023 -49.6095,-16.8419 -49.6638,-16.8756 -49.6843,-16.8741 -49.7331,-16.9022 -49.7253,-16.9333 -49.7487,-16.9450 -49.7420,-16.9568 -49.6439,-16.9579 -49.5937,-16.9523 -49.6326,-17.0107 -49.6028,-17.0655 -49.5276,-17.0266 -49.5202,-17.0010 -49.4792,-16.9812
5209291|-50.0233,-15.7809 -49.9972,-15.7387 -50.0064,-15.7085 -49.9895,-15.6408 -50.0325,-15.5774 -50.0692,-15.5992 -50.1260,-15.6095 -50.1313,-15.5839 -50.1244,-15.6483 -50.0810,-15.6877 -50.0627,-15.7240 -50.0864,-15.7702 -50.0233,-15.7809
5209408|-46.7592,-13.8244 -46.7539,-13.8444 -46.7144,-13.8779 -46.6993,-13.9075 -46.6569,-13.9318 -46.5821,-13.9472 -46.5703,-13.9863 -46.5386,-14.0131 -46.4986,-14.0113 -46.4445,-13.9956 -46.4309,-14.0390 -46.3767,-14.0258 -46.2984,-14.0210 -46.2843,-14.0525 -46.2270,-14.0490 -46.2121,-14.0101 -46.2201,-13.9754 -46.2642,-13.9474 -46.2568,-13.8872 -46.2325,-13.8486 -46.2775,-13.7909 -46.2229,-13.7654 -46.2543,-13.7350 -46.2357,-13.7081 -46.3012,-13.7002 -46.3685,-13.7416 -46.4586,-13.8090 -46.4961,-13.8136 -46.5411,-13.7941 -46.6217,-13.8195 -46.6830,-13.8152 -46.7314,-13.8352 -46.7592,-13.8244
5209457|-49.6945,-14.4658 -49.7529,-14.4892 -49.7871,-14.5331 -49.8213,-14.5502 -49.8225,-14.6024 -49.7434,-14.6577 -49.7307,-14.6934 -49.7527,-14.7050 -49.7745,-14.7551 -49.7763,-14.7833 -49.8129,-14.8401 -49.8191,-14.9333 -49.8054,-14.9392 -49.7548,-14.9073 -49.7371,-14.9135 -49.7049,-14.8794 -49.6457,-14.8410 -49.6561,-14.7309 -49.6887,-14.6599 -49.7347,-14.6088 -49.6347,-14.5778 -49.6635,-14.5253 -49.6605,-14.4814 -49.6945,-14.4658
5209606|-49.9376,-15.7495 -49.8778,-15.7595 -49.8255,-15.8090 -49.7936,-15.7889 -49.6930,-15.8061 -49.6851,-15.7641 -49.6960,-15.7223 -49.7466,-15.6646 -49.7945,-15.6832 -49.8159,-15.7104 -49.8548,-15.7011 -49.8999,-15.7534 -49.9376,-15.7495
5209705|-49.0843,-17.0606 -49.0931,-17.0355 -49.0579,-16.9837 -49.0750,-16.9566 -49.1127,-16.9487 -49.1171,-16.9136 -49.1397,-16.8889 -49.2582,-16.8454 -49.3024,-16.8671 -49.3496,-16.8607 -49.3636,-16.8923 -49.3683,-17.0042 -49.3827,-17.0406 -49.4232,-17.0471 -49.4836,-17.0227 -49.4939,-17.0596 -49.4733,-17.0946 -49.4903,-17.1190 -49.4896,-17.1610 -49.4570,-17.1502 -49.4073,-17.1610 -49.3203,-17.1295 -49.2675,-17.0945 -49.2245,-17.0825 -49.1933,-17.1357 -49.1758,-17.1196 -49.1096,-17.1355 -49.1212,-17.1059 -49.0843,-17.0606
5209804|-49.4360,-14.6195 -49.4914,-14.6938 -49.5303,-14.7296 -49.5283,-14.7752 -49.4946,-14.7776 -49.4270,-14.8185 -49.4120,-14.8481 -49.4090,-14.8486 -49.3546,-14.8099 -49.2496,-14.8215 -49.2391,-14.8649 -49.2058,-14.8458 -49.1874,-14.8136 -49.1945,-14.7681 -49.1975,-14.7481 -49.2817,-14.7018 -49.2812,-14.6810 -49.3200,-14.6688 -49.3265,-14.6367 -49.3580,-14.6076 -49.3921,-14.6375 -49.4360,-14.6195
5209903|-46.4309,-14.0390 -46.4445,-13.9956 -46.4986,-14.0113 -46.5386,-14.0131 -46.5703,-13.9863 -46.5821,-13.9472 -46.6569,-13.9318 -46.6993,-13.9075 -46.7144,-13.8779 -46.7539,-13.8444 -46.7592,-13.8244 -46.8169,-13.8295 -46.8250,-13.8445 -46.8670,-13.8877 -46.8372,-13.9107 -46.8377,-13.9684 -46.8511,-13.9858 -46.8274,-14.0317 -46.8760,-14.0337 -46.9017,-14.0788 -46.9376,-14.1030 -46.9307,-14.1152 -46.9917,-14.1947 -46.9013,-14.3304 -46.8823,-14.3166 -46.8444,-14.3483 -46.8157,-14.3503 -46.7859,-14.3557 -46.7708,-14.3024 -46.7408,-14.2858 -46.7399,-14.2483 -46.7229,-14.1924 -46.6672,-14.1454 -46.6341,-14.1285 -46.5504,-14.1081 -46.5173,-14.1135 -46.4932,-14.0856 -46.4855,-14.0528 -46.4309,-14.0390
5209937|-50.0460,-18.3846 -50.0636,-18.4321 -50.0372,-18.4837 -50.0438,-18.5208 -50.0297,-18.5401 -50.0509,-18.5775 -50.0288,-18.6015 -49.9815,-18.6046 -49.9317,-18.6240 -49.8893,-18.6099 -49.7946,-18.6438 -49.7577,-18.6097 -49.7472,-18.5670 -49.7726,-18.4958 -49.8244,-18.4949 -49.8520,-18.4221 -49.9212,-18.3663 -49.9540,-18.3529 -49.9776,-18.3638 -50.0460,-18.3846
5209952|-49.7100,-17.1927 -49.7305,-17.1572 -49.7677,-17.1371 -49.7942,-17.1584 -49.8432,-17.1641 -49.8495,-17.1217 -49.8238,-17.0983 -49.8217,-17.0667 -49.8455,-17.0433 -49.8439,-17.0058 -49.8804,-16.9742 -49.8998,-16.9541 -49.9275,-16.9606 -49.9502,-17.0051 -49.9496,-17.0303 -49.9907,-17.0605 -50.0689,-17.0836 -50.1006,-17.1282 -50.1063,-17.2426 -50.1476,-17.3056 -50.1477,-17.3408 -50.1266,-17.3850 -50.1256,-17.4245 -50.0753,-17.4627 -50.0519,-17.4315 -50.0558,-17.3888 -50.0238,-17.3580 -50.0029,-17.3201 -50.0213,-17.2528 -50.0169,-17.2316 -49.9713,-17.2305 -49.9189,-17.2069 -49.8549,-17.2051 -49.8223,-17.2290 -49.8186,-17.2679 -49.7949,-17.2679 -49.7703,-17.2244 -49.7100,-17.1927
5210000|-49.6594,-16.4278 -49.6285,-16.3988 -49.5554,-16.4087 -49.5449,-16.4285 -49.4879,-16.4138 -49.4477,-16.4378 -49.4217,-16.4056 -49.4489,-16.3786 -49.3777,-16.3058 -49.3708,-16.2045 -49.4030,-16.1944 -49.4452,-16.2186 -49.5477,-16.1811 -49.5996,-16.2250 -49.6435,-16.2261 -49.6214,-16.2896 -49.6529,-16.3310 -49.6636,-16.4050 -49.6594,-16.4278
5210109|-48.1193,-17.2738 -48.0885,-17.2924 -48.0757,-17.3663 -48.0464,-17.4146 -48.0869,-17.4293 -48.1190,-17.4582 -48.1053,-17.4998 -48.1142,-17.5433 -48.1593,-17.5297 -48.1684,-17.5537 -48.2232,-17.5896 -48.2594,-17.5425 -48.2967,-17.5403 -48.3144,-17.5223 -48.3644,-17.5136 -48.3919,-17.5733 -48.4052,-17.5666 -48.4409,-17.6125 -48.4664,-17.6018 -48.4537,-17.6857 -48.4628,-17.7140 -48.4924,-17.7111 -48.5199,-17.7536 -48.5125,-17.7874 -48.5431,-17.7933 -48.5582,-17.8218 -48.5134,-17.8503 -48.5123,-17.8805 -48.4697,-17.8638 -48.4519,-17.8387 -48.4120,-17.8561 -48.3882,-17.9385 -48.3143,-17.9430 -48.2480,-17.9972 -48.2098,-17.9975 -48.1739,-17.9710 -48.1209,-17.9208 -48.0876,-17.9132 -48.0396,-17.9229 -47.9823,-17.8982 -47.9543,-17.8413 -47.9335,-17.7696 -47.9298,-17.7230 -47.9450,-17.6523 -47.9618,-17.6304 -47.9647,-17.5518 -47.8883,-17.3780 -47.8841,-17.2631 -47.8472,-17.2595 -47.7905,-17.2135 -47.7298,-17.1834 -47.7138,-17.1538 -47.6878,-17.1909 -47.6765,-17.2309 -47.6913,-17.2580 -47.6572,-17.2973 -47.5548,-17.3563 -47.5246,-17.4119 -47.5108,-17.3261 -47.5383,-17.2324 -47.5982,-17.1659 -47.6382,-17.1449 -47.6650,-17.0882 -47.6937,-17.0777 -47.7187,-17.0329 -47.6989,-16.9996 -47.6845,-16.9411 -47.6915,-16.9075 -47.7336,-16.9291 -47.7723,-16.9184 -47.8321,-16.9246 -47.8925,-16.9181 -47.9216,-16.9832 -47.9181,-17.0039 -47.9917,-17.0889 -47.9981,-17.1248 -48.0316,-17.1932 -48.0552,-17.1968 -48.1193,-17.2738
5210158|-49.5839,-15.1900 -49.6359,-15.0955 -49.6084,-15.0412 -49.6487,-15.0477 -49.6667,-15.0664 -49.7707,-15.2287 -49.7467,-15.2402 -49.6955,-15.2515 -49.6386,-15.2429 -49.5839,-15.1900
5210208|-51.2317,-16.5052 -51.1834,-16.5304 -51.1490,-16.5111 -51.0766,-16.5179 -51.0642,-16.5491 -51.0266,-16.5693 -51.0318,-16.6253 -50.9982,-16.6331 -50.9749,-16.6268 -50.9465,-16.5855 -50.9683,-16.5314 -51.0018,-16.5025 -50.9776,-16.4773 -50.9644,-16.4221 -50.9469,-16.3979 -50.9761,-16.4170 -51.0346,-16.3996 -51.0290,-16.3649 -51.0684,-16.3341 -51.0663,-16.3065 -51.1180,-16.3066 -51.3689,-16.2847 -51.4125,-16.2760 -51.4299,-16.3203 -51.4329,-16.3501 -51.3965,-16.4198 -51.3618,-16.4398 -51.3335,-16.4772 -51.2772,-16.4480 -51.2317,-16.5052
5210307|-50.9469,-16.3979 -50.9202,-16.3993 -50.8555,-16.4438 -50.8439,-16.4712 -50.7774,-16.4990 -50.7515,-16.4545 -50.7044,-16.4430 -50.7027,-16.4142 -50.7544,-16.3824 -50.7781,-16.3492 -50.8319,-16.2505 -50.8662,-16.2053 -50.9098,-16.2014 -50.9006,-16.2442 -50.9267,-16.2786 -50.9337,-16.3104 -50.9656,-16.3035 -50.9959,-16.2705 -51.0217,-16.2733 -51.0663,-16.3065 -51.0684,-16.3341 -51.0290,-16.3649 -51.0346,-16.3996 -50.9761,-16.4170 -50.9469,-16.3979
5210406|-49.8706,-16.2661 -49.8478,-16.2826 -49.8202,-16.2746 -49.7967,-16.2996 -49.7556,-16.3198 -49.7428,-16.3634 -49.7999,-16.3625 -49.8146,-16.3976 -49.7707,-16.4343 -49.7213,-16.4418 -49.7372,-16.3766 -49.7235,-16.3367 -49.7378,-16.2840 -49.7561,-16.2306 -49.7349,-16.1921 -49.6417,-16.1151 -49.6525,-16.0775 -49.6804,-16.0390 -49.6845,-16.0072 -49.6821,-15.8660 -49.6895,-15.8271 -49.6930,-15.8061 -49.7936,-15.7889 -49.8255,-15.8090 -49.7936,-15.8681 -49.7949,-15.8850 -49.8410,-15.9129 -49.8327,-15.9296 -49.8619,-15.9772 -49.9525,-15.9751 -50.0041,-16.0138 -50.0429,-16.0298 -50.0315,-16.0553 -50.0396,-16.1303 -50.0315,-16.1845 -49.9680,-16.2025 -49.9407,-16.2239 -49.8981,-16.2307 -49.8978,-16.2305 -49.8689,-16.2320 -49.8706,-16.2661
5210562|-49.5507,-15.9694 -49.5414,-15.9304 -49.5961,-15.9113 -49.6071,-15.8833 -49.6821,-15.8660 -49.6845,-16.0072 -49.6511,-15.9841 -49.5507,-15.9694
5210604|-49.6071,-15.8833 -49.5359,-15.7140 -49.5568,-15.6838 -49.5552,-15.6369 -49.6457,-15.7104 -49.6433,-15.7379 -49.6788,-15.7783 -49.6895,-15.8271 -49.6821,-15.8660 -49.6071,-15.8833
5210802|-51.4484,-19.1604 -51.4615,-19.1230 -51.4358,-19.0659 -51.3284,-19.0758 -51.3208,-19.1008 -51.2718,-19.1206 -51.2647,-19.1425 -51.2213,-19.1522 -51.2033,-19.1828 -51.1567,-19.2053 -51.1026,-19.2151 -51.0894,-19.2632 -51.0920,-19.3076 -51.0455,-19.3434 -51.0205,-19.3866 -50.9880,-19.4084 -50.9350,-19.4675 -50.8494,-19.4981 -50.8256,-19.4733 -50.8754,-19.4228 -50.8280,-19.3108 -50.8792,-19.2835 -50.9050,-19.2230 -50.9331,-19.2240 -50.9914,-19.1671 -51.0309,-19.1705 -51.0823,-19.1203 -51.1246,-19.0996 -51.1712,-19.0629 -51.1857,-19.0716 -51.2259,-19.0339 -51.3053,-19.0085 -51.3002,-18.9841 -51.3304,-18.9514 -51.4322,-18.8916 -51.4814,-18.8823 -51.5232,-18.8521 -51.5813,-18.8292 -51.5960,-18.7949 -51.6642,-18.7821 -51.7240,-18.8337 -51.6921,-19.0662 -51.6921,-19.1180 -51.6601,-19.1343 -51.6090,-19.1410 -51.5922,-19.1268 -51.5392,-19.1427 -51.4987,-19.1610 -51.4484,-19.1604
5210901|-49.6084,-15.0412 -49.5913,-15.0400 -49.5560,-14.9938 -49.5062,-15.0011 -49.4508,-14.9987 -49.4281,-14.9713 -49.4090,-14.8486 -49.4120,-14.8481 -49.4444,-14.8653 -49.4749,-14.8632 -49.5278,-14.8155 -49.5901,-14.8021 -49.6398,-14.8235 -49.6457,-14.8410 -49.7049,-14.8794 -49.7371,-14.9135 -49.7548,-14.9073 -49.8054,-14.9392 -49.8191,-14.9333 -49.8129,-14.8401 -49.7763,-14.7833 -49.7745,-14.7551 -49.8244,-14.7825 -49.8592,-14.9832 -49.8412,-15.0067 -49.8520,-15.0487 -49.8237,-15.0814 -49.7674,-15.0729 -49.7513,-15.0843 -49.6962,-15.0619 -49.6667,-15.0664 -49.6487,-15.0477 -49.6084,-15.0412
5211008|-50.5052,-16.0060 -50.4638,-15.9416 -50.5148,-15.8719 -50.5040,-15.8222 -50.5239,-15.7828 -50.5714,-15.7602 -50.5793,-15.7330 -50.6201,-15.7231 -50.6101,-15.6987 -50.6170,-15.6455 -50.6366,-15.5958 -50.6775,-15.5759 -50.7376,-15.4933 -50.8275,-15.4729 -50.8435,-15.4991 -50.9011,-15.4733 -50.9269,-15.4493 -51.1196,-15.4369 -51.0998,-15.4533 -51.0861,-15.4945 -51.0619,-15.5054 -51.0486,-15.5762 -51.0202,-15.6398 -51.0191,-15.6839 -51.0001,-15.7156 -50.9438,-15.7256 -50.8885,-15.7846 -50.8291,-15.7897 -50.8071,-15.8024 -50.7816,-15.8435 -50.7842,-15.8688 -50.7636,-15.9058 -50.7702,-15.9283 -50.7422,-15.8999 -50.6855,-15.9018 -50.6834,-15.9521 -50.6274,-15.9615 -50.5912,-16.0106 -50.5612,-16.0331 -50.5052,-16.0060
5211206|-50.1313,-15.5839 -50.1260,-15.6095 -50.0692,-15.5992 -50.0325,-15.5774 -49.9895,-15.6408 -50.0064,-15.7085 -49.9972,-15.7387 -50.0233,-15.7809 -49.9376,-15.7495 -49.8999,-15.7534 -49.8548,-15.7011 -49.8159,-15.7104 -49.7945,-15.6832 -49.7466,-15.6646 -49.7002,-15.6143 -49.6928,-15.5539 -49.7323,-15.5263 -49.7721,-15.5463 -49.8106,-15.5323 -49.8572,-15.5322 -49.8887,-15.5080 -49.8866,-15.4811 -49.8599,-15.4495 -49.8624,-15.4136 -49.9152,-15.3832 -49.9079,-15.3700 -49.9377,-15.3574 -49.9773,-15.3720 -50.0171,-15.3599 -50.1125,-15.3700 -50.1351,-15.3980 -50.1603,-15.4179 -50.1539,-15.4948 -50.1657,-15.5184 -50.1543,-15.5617 -50.1313,-15.5839
5211305|-50.7331,-19.1870 -50.7262,-19.1640 -50.7693,-19.1449 -50.7864,-19.0923 -50.8491,-19.0669 -50.9413,-18.9982 -50.9955,-18.9043 -51.0769,-18.8706 -51.1246,-18.8721 -51.1492,-18.8209 -51.2069,-18.7848 -51.2287,-18.7431 -51.2641,-18.7296 -51.3071,-18.6851 -51.4115,-18.6202 -51.4320,-18.5955 -51.4885,-18.5737 -51.5298,-18.5384 -51.5716,-18.5264 -51.5982,-18.5032 -51.6396,-18.4962 -51.7148,-18.4756 -51.7652,-18.4755 -51.7974,-18.4885 -51.7986,-18.5406 -51.8452,-18.5713 -51.9267,-18.5397 -51.9011,-18.5869 -51.8969,-18.6332 -51.8575,-18.6791 -51.8002,-18.7245 -51.7675,-18.7628 -51.7171,-18.7545 -51.6642,-18.7821 -51.5960,-18.7949 -51.5813,-18.8292 -51.5232,-18.8521 -51.4814,-18.8823 -51.4322,-18.8916 -51.3304,-18.9514 -51.3002,-18.9841 -51.3053,-19.0085 -51.2259,-19.0339 -51.1857,-19.0716 -51.1712,-19.0629 -51.1246,-19.0996 -51.0823,-19.1203 -51.0309,-19.1705 -50.9914,-19.1671 -50.9331,-19.2240 -50.9050,-19.2230 -50.8792,-19.2835 -50.8280,-19.3108 -50.8171,-19.2893 -50.7465,-19.2399 -50.7404,-19.2132 -50.7331,-19.1870
5211404|-49.6529,-16.3310 -49.6214,-16.2896 -49.6435,-16.2261 -49.5996,-16.2250 -49.5477,-16.1811 -49.4452,-16.2186 -49.4030,-16.1944 -49.4101,-16.1753 -49.4472,-16.1671 -49.4866,-16.1305 -49.5250,-16.1142 -49.5519,-16.1278 -49.5742,-16.1019 -49.6417,-16.1151 -49.7349,-16.1921 -49.7561,-16.2306 -49.7378,-16.2840 -49.7310,-16.2624 -49.6913,-16.2696 -49.6658,-16.3300 -49.6529,-16.3310
5211503|-49.2493,-18.5228 -49.2284,-18.4792 -49.2014,-18.4612 -49.2108,-18.4233 -49.1593,-18.4167 -49.1263,-18.3843 -49.0791,-18.4167 -49.0538,-18.4026 -49.0296,-18.3688 -49.0060,-18.3744 -48.9595,-18.3235 -48.9805,-18.2970 -49.0113,-18.2078 -49.0507,-18.1994 -49.0931,-18.1553 -49.1008,-18.1076 -49.1225,-18.1068 -49.1844,-18.1687 -49.2480,-18.1683 -49.2525,-18.1791 -49.2370,-18.2178 -49.2857,-18.2297 -49.3444,-18.2894 -49.3665,-18.2920 -49.4064,-18.3414 -49.4261,-18.2825 -49.4772,-18.2712 -49.5094,-18.2136 -49.5447,-18.2175 -49.5642,-18.2237 -49.5626,-18.2636 -49.6035,-18.3036 -49.6415,-18.2748 -49.6999,-18.2615 -49.7020,-18.2442 -49.7533,-18.2128 -49.8163,-18.2356 -49.8581,-18.2608 -49.8776,-18.2894 -49.9440,-18.3111 -49.9776,-18.3638 -49.9540,-18.3529 -49.9212,-18.3663 -49.8520,-18.4221 -49.8244,-18.4949 -49.7726,-18.4958 -49.7789,-18.4456 -49.7411,-18.3462 -49.7120,-18.4088 -49.6269,-18.4520 -49.5879,-18.4449 -49.5588,-18.4219 -49.5067,-18.4064 -49.4213,-18.4467 -49.4223,-18.5254 -49.4434,-18.5427 -49.4862,-18.5323 -49.4057,-18.6451 -49.3734,-18.6348 -49.3275,-18.5622 -49.2927,-18.5639 -49.2856,-18.5363 -49.2493,-18.5228
5211602|-50.7309,-16.5862 -50.7923,-16.5818 -50.7986,-16.5320 -50.8174,-16.5104 -50.8764,-16.5261 -50.9186,-16.5267 -50.9776,-16.4773 -51.0018,-16.5025 -50.9683,-16.5314 -50.9465,-16.5855 -50.9749,-16.6268 -50.9982,-16.6331 -51.0370,-16.6607 -51.0251,-16.6961 -51.0494,-16.7486 -51.0532,-16.8143 -51.0969,-16.7944 -51.1023,-16.7320 -51.1231,-16.6985 -51.1372,-16.6332 -51.1851,-16.6449 -51.2151,-16.5661 -51.2426,-16.5556 -51.2317,-16.5052 -51.2772,-16.4480 -51.3335,-16.4772 -51.3618,-16.4398 -51.3965,-16.4198 -51.3779,-16.4648 -51.2892,-16.5565 -51.2887,-16.5999 -51.2598,-16.6263 -51.2353,-16.6737 -51.2219,-16.7295 -51.2225,-16.8095 -51.1806,-16.8416 -51.1503,-16.8894 -51.1050,-16.8955 -51.0800,-16.9414 -51.0557,-16.9546 -51.0519,-16.8715 -50.9864,-16.8279 -50.9586,-16.7935 -50.8487,-16.7259 -50.8118,-16.6952 -50.7674,-16.6817 -50.7309,-16.5862
5211701|-50.1430,-16.9328 -50.1784,-16.9337 -50.2270,-16.9090 -50.2837,-16.8960 -50.2819,-16.9711 -50.2992,-17.0201 -50.2874,-17.0482 -50.2994,-17.1044 -50.2703,-17.1557 -50.2969,-17.1802 -50.2338,-17.2369 -50.2449,-17.2712 -50.2012,-17.2928 -50.1477,-17.3408 -50.1476,-17.3056 -50.1063,-17.2426 -50.1006,-17.1282 -50.0689,-17.0836 -50.0757,-17.0434 -50.0393,-16.9654 -50.0427,-16.9295 -50.0708,-16.9170 -50.1000,-16.9510 -50.1430,-16.9328
5211800|-49.2162,-15.8565 -49.1272,-15.6245 -49.1672,-15.6271 -49.1865,-15.6022 -49.2116,-15.5672 -49.2388,-15.5537 -49.2216,-15.4831 -49.2822,-15.4379 -49.3396,-15.4915 -49.3520,-15.5003 -49.4314,-15.4950 -49.4557,-15.5337 -49.5043,-15.5161 -49.5260,-15.4746 -49.5442,-15.4680 -49.5686,-15.4777 -49.5552,-15.6369 -49.5568,-15.6838 -49.5359,-15.7140 -49.6071,-15.8833 -49.5961,-15.9113 -49.5414,-15.9304 -49.5507,-15.9694 -49.5324,-15.9788 -49.5094,-15.9729 -49.4652,-16.0046 -49.4681,-15.9462 -49.3928,-15.9059 -49.3632,-15.9035 -49.3442,-15.9016 -49.3402,-15.8570 -49.3050,-15.8257 -49.2652,-15.8277 -49.2162,-15.8565
5211909|-52.2237,-17.8128 -52.1920,-17.8267 -52.2019,-17.8887 -52.1926,-17.9432 -52.1594,-17.9776 -52.1642,-18.0024 -52.1400,-18.0269 -52.0804,-18.0456 -52.0394,-18.0740 -52.0094,-18.1519 -51.9222,-18.1571 -51.9000,-18.1359 -51.8465,-18.1387 -51.8258,-18.2127 -51.7999,-18.2123 -51.7857,-18.2626 -51.7376,-18.2431 -51.6539,-18.2873 -51.6429,-18.3298 -51.6839,-18.3597 -51.6484,-18.3914 -51.6519,-18.4296 -51.6305,-18.4722 -51.6396,-18.4962 -51.5982,-18.5032 -51.5716,-18.5264 -51.5298,-18.5384 -51.5029,-18.4949 -51.3823,-18.3616 -51.3821,-18.3166 -51.3664,-18.2806 -51.4169,-18.2444 -51.4372,-18.2425 -51.4499,-18.1772 -51.4357,-18.1618 -51.3987,-18.1725 -51.3724,-18.1961 -51.3379,-18.1960 -51.3232,-18.1723 -51.3181,-18.1243 -51.2860,-18.0817 -51.2385,-18.0822 -51.2254,-18.1034 -51.1555,-18.1315 -51.1661,-18.0704 -51.1911,-18.0523 -51.2136,-18.0087 -51.2075,-17.9730 -51.2335,-17.9395 -51.2422,-17.8856 -51.2815,-17.8861 -51.2857,-17.8639 -51.3468,-17.8749 -51.3862,-17.8680 -51.4413,-17.8175 -51.4841,-17.7477 -51.5546,-17.7268 -51.5823,-17.6874 -51.6312,-17.6678 -51.6381,-17.6523 -51.6071,-17.6042 -51.6878,-17.5476 -51.7033,-17.5248 -51.6942,-17.4968 -51.7220,-17.4790 -51.7183,-17.4146 -51.7300,-17.3714 -51.7013,-17.2948 -51.6862,-17.2746 -51.7584,-17.2847 -51.7779,-17.3182 -51.8131,-17.3130 -51.8750,-17.3318 -51.8939,-17.3622 -51.9549,-17.3583 -51.9495,-17.3942 -51.9603,-17.4317 -51.9958,-17.4884 -52.0261,-17.4910 -51.9900,-17.5661 -52.0066,-17.5968 -51.9933,-17.6448 -52.0453,-17.6331 -52.0962,-17.6500 -52.1445,-17.6369 -52.2344,-17.6384 -52.3076,-17.5860 -52.3033,-17.6093 -52.2139,-17.6765 -52.2434,-17.7291 -52.2193,-17.7600 -52.2237,-17.8128
5212006|-51.0663,-16.3065 -51.0217,-16.2733 -50.9959,-16.2705 -50.9656,-16.3035 -50.9337,-16.3104 -50.9267,-16.2786 -50.9006,-16.2442 -50.9098,-16.2014 -50.9310,-16.1740 -50.9648,-16.1738 -51.0053,-16.1232 -51.0512,-16.1198 -51.0938,-16.1032 -51.1236,-16.0636 -51.1452,-16.0649 -51.1739,-16.0306 -51.2131,-16.0308 -51.2032,-16.0698 -51.1965,-16.1011 -51.1718,-16.1259 -51.1725,-16.1886 -51.1352,-16.2284 -51.1180,-16.3066 -51.0663,-16.3065
5212055|-49.3632,-15.9035 -49.3928,-15.9059 -49.4681,-15.9462 -49.4652,-16.0046 -49.4014,-16.0155 -49.3646,-16.0057 -49.3484,-15.9353 -49.3632,-15.9035
5212105|-49.5081,-17.7498 -49.5381,-17.7312 -49.5622,-17.7407 -49.5636,-17.7842 -49.6136,-17.7530 -49.6940,-17.6869 -49.7317,-17.7259 -49.7336,-17.7611 -49.6839,-17.8068 -49.7786,-17.7758 -49.7826,-17.8862 -49.7601,-17.8676 -49.6797,-17.8600 -49.6448,-17.8677 -49.5954,-17.8402 -49.5610,-17.8336 -49.5176,-17.8554 -49.4968,-17.8321 -49.4541,-17.8508 -49.4248,-17.7886 -49.4284,-17.7479 -49.4596,-17.7511 -49.5081,-17.7498
5212204|-51.2579,-15.9694 -51.2339,-15.9447 -51.0341,-15.9879 -50.9865,-16.0302 -50.9627,-16.0133 -50.8872,-16.0423 -50.8724,-16.0117 -50.8153,-16.0226 -50.7963,-16.0010 -50.7702,-15.9283 -50.7636,-15.9058 -50.7842,-15.8688 -50.7816,-15.8435 -50.8071,-15.8024 -50.8291,-15.7897 -50.8885,-15.7846 -50.9438,-15.7256 -51.0001,-15.7156 -51.0029,-15.7762 -51.0277,-15.7853 -51.0551,-15.8253 -51.0584,-15.8808 -51.1244,-15.9032 -51.1267,-15.8549 -51.1543,-15.8223 -51.1562,-15.7982 -51.2429,-15.8080 -51.3071,-15.7688 -51.3558,-15.7250 -51.3837,-15.7242 -51.4031,-15.6850 -51.4304,-15.6701 -51.4344,-15.6307 -51.4162,-15.6139 -51.3873,-15.6315 -51.3727,-15.5979 -51.3197,-15.6243 -51.2429,-15.6774 -51.1786,-15.6464 -51.2187,-15.6049 -51.2437,-15.5399 -51.2319,-15.4846 -51.2849,-15.4713 -51.3114,-15.4806 -51.3157,-15.4119 -51.3019,-15.4110 -51.3068,-15.3234 -51.2133,-15.3080 -51.2308,-15.2708 -51.2724,-15.2758 -51.3803,-15.2436 -51.3804,-15.1817 -51.4084,-15.1219 -51.3967,-15.0413 -51.3563,-15.0128 -51.3416,-14.9944 -51.3355,-14.9792 -51.3387,-14.9751 -51.3413,-14.9805 -51.3474,-14.9877 -51.3531,-14.9939 -51.3682,-15.0096 -51.4305,-15.0098 -51.4620,-15.0480 -51.5341,-15.0652 -51.6061,-15.1623 -51.6474,-15.1735 -51.6682,-15.2322 -51.6507,-15.2731 -51.6772,-15.2876 -51.6915,-15.3249 -51.6695,-15.3744 -51.6960,-15.4059 -51.7093,-15.4616 -51.6990,-15.4849 -51.6489,-15.5079 -51.6442,-15.5539 -51.6168,-15.5863 -51.5939,-15.5878 -51.5819,-15.6473 -51.5683,-15.6584 -51.5740,-15.7062 -51.5353,-15.7170 -51.5385,-15.7653 -51.5279,-15.8116 -51.4976,-15.8099 -51.4335,-15.8455 -51.4326,-15.8716 -51.3776,-15.9307 -51.3471,-15.9283 -51.2579,-15.9694
5212253|-51.4484,-19.1604 -51.4201,-19.1662 -51.3640,-19.2225 -51.3088,-19.2178 -51.2766,-19.2605 -51.2255,-19.2590 -51.1692,-19.2870 -51.0920,-19.3076 -51.0894,-19.2632 -51.1026,-19.2151 -51.1567,-19.2053 -51.2033,-19.1828 -51.2213,-19.1522 -51.2647,-19.1425 -51.2718,-19.1206 -51.3208,-19.1008 -51.3284,-19.0758 -51.4358,-19.0659 -51.4615,-19.1230 -51.4484,-19.1604
5212303|-48.9005,-16.4186 -48.9971,-16.4860 -48.9972,-16.5300 -49.0079,-16.5520 -48.9926,-16.5799 -48.9639,-16.5667 -48.9502,-16.6287 -49.0123,-16.6601 -48.9754,-16.6929 -48.9200,-16.6924 -48.9029,-16.6649 -48.8584,-16.6309 -48.8522,-16.6568 -48.8326,-16.6587 -48.7841,-16.6320 -48.7221,-16.6861 -48.7188,-16.6184 -48.7848,-16.5884 -48.8374,-16.5050 -48.8615,-16.4895 -48.8621,-16.4553 -48.9005,-16.4186
5212501|-47.7324,-16.1662 -47.7421,-16.1946 -47.7939,-16.2534 -47.8383,-16.2309 -47.8625,-16.1581 -47.9636,-16.1047 -48.0019,-16.1369 -48.0280,-16.2036 -48.1406,-16.1692 -48.1742,-16.2145 -48.2018,-16.3125 -48.2410,-16.3253 -48.2608,-16.3146 -48.3236,-16.3182 -48.3743,-16.3096 -48.4011,-16.3267 -48.4012,-16.3841 -48.3582,-16.4141 -48.3416,-16.4441 -48.3093,-16.4518 -48.2699,-16.4892 -48.2407,-16.5772 -48.1951,-16.6425 -48.1855,-16.7069 -48.1946,-16.7338 -48.1053,-16.7474 -48.0799,-16.7855 -48.0765,-16.8410 -48.0874,-16.8931 -48.0650,-16.9327 -48.0342,-16.9224 -48.0028,-16.9506 -47.9181,-17.0039 -47.9216,-16.9832 -47.8925,-16.9181 -47.8892,-16.8471 -47.9025,-16.8132 -47.8800,-16.7690 -47.8879,-16.7526 -47.8672,-16.6801 -47.8195,-16.6345 -47.7757,-16.5676 -47.7200,-16.5346 -47.7200,-16.4879 -47.6872,-16.4249 -47.6479,-16.3717 -47.6537,-16.3270 -47.6412,-16.2829 -47.6637,-16.2471 -47.6584,-16.1670 -47.7324,-16.1662
5212600|-49.6193,-17.2920 -49.5943,-17.2968 -49.5098,-17.3513 -49.4456,-17.3291 -49.3336,-17.4721 -49.3020,-17.5070 -49.2765,-17.4730 -49.2948,-17.4551 -49.2999,-17.3729 -49.3247,-17.3612 -49.3512,-17.3190 -49.4294,-17.3050 -49.4556,-17.3103 -49.4764,-17.2889 -49.4699,-17.2458 -49.4068,-17.2033 -49.4080,-17.1880 -49.4570,-17.1502 -49.4896,-17.1610 -49.5033,-17.1510 -49.6207,-17.2288 -49.6193,-17.2920
5212709|-46.1976,-14.4540 -46.1507,-14.5008 -46.1116,-14.5592 -46.1225,-14.5869 -46.0967,-14.6216 -46.0659,-14.6104 -46.0155,-14.6451 -46.0210,-14.6699 -45.9917,-14.6620 -45.9850,-14.6191 -45.9979,-14.6036 -45.9814,-14.5319 -46.0040,-14.5146 -45.9961,-14.4884 -46.0190,-14.4721 -46.0001,-14.4466 -45.9317,-14.4090 -45.9072,-14.3552 -45.9422,-14.3433 -45.9644,-14.2843 -45.9954,-14.2562 -46.0296,-14.2595 -46.0601,-14.2319 -46.0821,-14.2652 -46.1498,-14.2618 -46.1839,-14.2747 -46.1957,-14.3021 -46.1904,-14.3239 -46.2009,-14.4022 -46.1729,-14.4384 -46.1976,-14.4540
5212808|-49.2245,-13.8653 -49.2579,-13.8991 -49.2641,-13.9617 -49.2938,-13.9918 -49.3215,-13.9997 -49.3684,-13.9594 -49.4117,-13.9528 -49.4558,-13.9864 -49.4823,-13.9755 -49.5201,-13.9870 -49.5865,-13.9364 -49.6240,-13.8866 -49.6716,-13.8383 -49.7339,-13.8614 -49.7570,-13.8489 -49.8349,-13.9036 -49.8188,-13.9399 -49.7958,-14.0081 -49.7451,-14.0463 -49.7443,-14.0802 -49.6988,-14.0551 -49.6626,-14.0832 -49.6382,-14.1179 -49.5930,-14.1264 -49.5710,-14.0995 -49.5210,-14.0824 -49.4553,-14.0828 -49.4305,-14.0672 -49.3893,-14.0844 -49.3639,-14.1237 -49.3113,-14.1363 -49.2756,-14.1797 -49.2787,-14.2208 -49.2382,-14.1817 -49.2394,-14.1585 -49.2174,-14.1055 -49.1764,-14.1325 -49.1746,-14.0244 -49.1203,-14.0193 -49.1131,-14.0068 -48.9657,-14.0350 -48.9143,-14.0036 -48.9290,-13.9656 -48.8814,-13.9318 -48.9362,-13.9361 -48.9762,-13.9033 -49.0238,-13.8898 -49.0987,-13.9400 -49.1147,-13.9277 -49.1113,-13.8852 -49.1410,-13.8605 -49.2245,-13.8653
5212907|-48.6355,-18.0483 -48.6195,-18.0073 -48.6434,-17.9316 -48.6738,-17.9072 -48.6881,-17.8687 -48.7167,-17.8517 -48.7091,-17.9017 -48.7655,-17.9343 -48.7322,-18.0423 -48.7105,-18.0867 -48.6921,-18.0952 -48.6565,-18.0881 -48.6355,-18.0483
5212956|-50.9269,-15.4493 -50.9011,-15.4733 -50.8435,-15.4991 -50.8275,-15.4729 -50.7376,-15.4933 -50.6775,-15.5759 -50.6366,-15.5958 -50.5901,-15.5718 -50.5281,-15.5577 -50.5189,-15.5190 -50.5355,-15.4661 -50.5775,-15.4745 -50.6085,-15.4662 -50.6626,-15.4186 -50.6909,-15.3731 -50.7307,-15.2560 -50.7459,-15.1751 -50.7134,-15.1370 -50.7234,-15.0835 -50.7484,-15.0476 -50.7975,-15.0251 -50.7414,-15.0930 -50.7766,-15.1762 -50.8010,-15.2029 -50.8704,-15.1960 -50.9052,-15.2439 -50.9091,-15.2997 -50.9230,-15.3107 -51.0025,-15.3279 -51.0314,-15.2808 -51.0649,-15.2623 -51.0332,-15.3448 -50.9759,-15.3565 -50.9558,-15.4270 -50.9269,-15.4493
5213004|-50.2268,-18.0139 -50.2510,-18.0316 -50.2909,-18.0301 -50.2982,-18.0001 -50.3238,-17.9874 -50.3444,-17.9425 -50.4009,-17.9287 -50.4678,-17.9511 -50.4796,-17.9993 -50.5067,-18.0200 -50.4379,-18.0511 -50.4268,-18.0954 -50.3763,-18.1549 -50.3571,-18.1596 -50.3261,-18.1161 -50.2816,-18.0788 -50.2168,-18.0748 -50.1884,-18.0601 -50.2268,-18.0139
5213053|-48.0902,-15.1363 -48.0829,-15.0835 -48.0562,-15.0524 -48.0626,-15.0239 -48.0362,-14.9622 -48.0466,-14.9228 -48.0797,-14.8986 -48.0808,-14.8645 -48.1006,-14.8488 -48.1843,-14.8486 -48.2352,-14.8816 -48.2558,-14.8748 -48.2868,-14.9004 -48.3215,-14.9013 -48.3847,-14.9447 -48.4239,-14.9389 -48.4740,-14.9641 -48.5236,-15.0171 -48.5947,-14.9937 -48.6110,-15.0024 -48.6060,-15.0173 -48.6534,-15.0431 -48.6538,-15.1008 -48.6071,-15.1528 -48.5540,-15.1734 -48.4978,-15.1498 -48.4888,-15.1190 -48.4453,-15.0992 -48.3656,-15.0900 -48.2560,-15.1212 -48.2127,-15.1169 -48.1820,-15.1417 -48.1302,-15.1360 -48.1073,-15.1475 -48.0902,-15.1363
5213087|-48.1203,-13.6284 -48.1074,-13.5621 -48.1325,-13.5042 -48.1988,-13.4711 -48.1483,-13.4397 -48.1480,-13.3793 -48.1666,-13.3729 -48.1699,-13.3003 -48.1533,-13.2797 -48.1668,-13.2326 -48.1659,-13.1893 -48.1437,-13.1525 -48.1802,-13.1520 -48.2352,-13.1761 -48.2921,-13.2200 -48.3417,-13.2317 -48.3848,-13.2642 -48.4619,-13.2752 -48.4770,-13.1780 -48.4686,-13.1587 -48.5161,-13.1391 -48.5304,-13.1923 -48.5537,-13.2042 -48.5540,-13.3034 -48.5801,-13.3133 -48.5603,-13.3876 -48.5813,-13.4132 -48.5515,-13.4326 -48.5802,-13.4961 -48.6269,-13.5353 -48.6441,-13.5728 -48.6864,-13.5938 -48.7014,-13.6385 -48.6619,-13.6457 -48.6425,-13.6191 -48.5919,-13.6299 -48.5715,-13.5951 -48.5332,-13.5961 -48.5070,-13.6142 -48.4620,-13.6169 -48.4665,-13.6634 -48.4339,-13.7283 -48.4371,-13.7585 -48.3936,-13.7964 -48.3826,-13.8248 -48.3467,-13.8624 -48.3318,-13.8365 -48.2821,-13.8319 -48.2510,-13.8579 -48.2076,-13.8222 -48.1967,-13.7905 -48.1379,-13.7547 -48.1475,-13.7033 -48.1431,-13.6527 -48.1203,-13.6284
5213103|-52.4061,-17.2610 -52.4165,-17.2818 -52.4781,-17.2454 -52.5113,-17.2092 -52.5115,-17.1275 -52.5449,-17.0659 -52.5942,-17.0406 -52.6337,-17.0070 -52.6308,-16.9649 -52.6935,-16.9689 -52.7494,-16.9531 -52.8289,-16.8784 -52.8236,-16.8303 -52.8324,-16.7722 -52.8851,-16.7770 -52.9140,-16.8127 -52.9291,-16.8376 -52.9274,-16.8856 -52.9092,-16.9263 -52.9471,-16.9484 -52.9614,-16.9840 -52.9534,-17.0343 -52.9697,-17.0530 -52.9530,-17.1167 -52.9245,-17.1485 -52.9155,-17.1916 -52.9235,-17.2198 -52.8911,-17.2582 -52.8864,-17.2825 -52.9358,-17.3068 -52.9646,-17.3079 -53.0455,-17.3649 -53.0699,-17.3711 -53.0976,-17.4162 -53.1145,-17.4752 -53.1340,-17.5026 -53.1692,-17.5126 -53.1795,-17.5509 -53.0665,-17.6637 -53.1161,-17.6613 -53.1631,-17.6441 -53.1964,-17.6105 -53.2404,-17.6000 -53.2485,-17.6273 -53.2338,-17.7130 -53.2019,-17.7261 -53.1600,-17.7749 -53.1317,-17.8423 -53.1251,-17.9175 -53.0713,-17.9659 -53.0723,-18.0340 -53.0757,-18.0508 -53.1237,-18.0588 -53.1432,-18.0841 -53.1297,-18.1607 -53.1102,-18.2196 -53.0997,-18.3136 -53.0717,-18.3415 -53.0231,-18.3495 -53.0139,-18.3261 -52.9653,-18.2989 -52.9352,-18.2966 -52.8732,-18.3148 -52.8208,-18.3107 -52.7826,-18.0704 -52.7121,-17.9716 -52.6642,-17.9775 -52.6592,-17.9592 -52.5440,-17.9055 -52.5051,-17.9142 -52.4670,-17.8803 -52.4290,-17.8713 -52.3961,-17.8308 -52.3584,-17.8524 -52.3146,-17.8307 -52.2612,-17.8433 -52.2237,-17.8128 -52.2193,-17.7600 -52.2434,-17.7291 -52.2139,-17.6765 -52.3033,-17.6093 -52.3076,-17.5860 -52.3083,-17.5638 -52.3708,-17.5122 -52.3788,-17.4806 -52.3659,-17.4530 -52.3746,-17.4203 -52.4298,-17.4204 -52.4813,-17.4085 -52.5100,-17.3783 -52.5137,-17.3494 -52.4738,-17.3223 -52.4293,-17.3229 -52.2979,-17.3429 -52.2631,-17.4020 -52.2385,-17.3915 -52.2148,-17.4176 -52.1611,-17.4380 -52.0998,-17.4111 -52.1191,-17.3686 -52.1457,-17.3559 -52.1583,-17.3149 -52.2459,-17.3163 -52.2629,-17.3274 -52.2946,-17.3011 -52.3499,-17.3029 -52.3779,-17.2680 -52.4061,-17.2610
5213400|-50.9776,-16.4773 -50.9186,-16.5267 -50.8764,-16.5261 -50.8174,-16.5104 -50.7986,-16.5320 -50.7923,-16.5818 -50.7309,-16.5862 -50.7120,-16.6129 -50.6599,-16.6129 -50.6168,-16.5910 -50.6017,-16.5065 -50.6556,-16.4951 -50.6554,-16.4582 -50.6773,-16.4470 -50.6796,-16.4068 -50.7027,-16.4142 -50.7044,-16.4430 -50.7515,-16.4545 -50.7774,-16.4990 -50.8439,-16.4712 -50.8555,-16.4438 -50.9202,-16.3993 -50.9469,-16.3979 -50.9644,-16.4221 -50.9776,-16.4773
5213509|-47.1267,-13.4398 -47.1002,-13.4319 -47.0680,-13.4460 -47.0795,-13.4953 -47.0509,-13.5262 -46.9467,-13.5611 -46.9277,-13.5913 -46.9044,-13.5858 -46.8509,-13.6146 -46.8164,-13.5870 -46.7915,-13.5911 -46.7725,-13.5411 -46.7650,-13.4506 -46.7488,-13.4075 -46.7154,-13.3854 -46.6960,-13.3538 -46.7035,-13.2982 -46.6766,-13.2841 -46.6751,-13.2392 -46.6477,-13.2372 -46.5783,-13.2035 -46.5405,-13.1671 -46.5065,-13.0972 -46.4596,-13.0717 -46.4535,-13.0544 -46.4683,-13.0105 -46.5025,-13.0050 -46.5766,-13.0428 -46.6051,-13.0395 -46.6226,-13.0677 -46.6745,-13.0622 -46.7367,-13.1080 -46.8038,-13.0843 -46.8231,-13.0587 -46.8548,-13.0676 -46.8941,-13.0541 -47.0106,-13.1410 -47.0915,-13.1734 -47.1325,-13.1781 -47.1548,-13.2101 -47.2250,-13.1935 -47.2524,-13.2126 -47.2814,-13.2647 -47.3797,-13.2306 -47.3929,-13.2624 -47.3472,-13.3161 -47.3524,-13.3465 -47.3275,-13.3602 -47.3118,-13.4041 -47.2725,-13.4322 -47.2574,-13.4503 -47.1968,-13.4520 -47.1477,-13.4135 -47.1267,-13.4398
5213707|-51.6161,-16.1845 -51.5911,-16.1891 -51.5348,-16.1470 -51.4991,-16.1399 -51.4825,-16.1127 -51.4404,-16.1443 -51.4420,-16.1981 -51.4050,-16.2070 -51.3888,-16.1885 -51.3601,-16.2112 -51.3085,-16.2044 -51.2806,-16.1665 -51.2579,-16.1848 -51.2268,-16.1295 -51.2277,-16.0919 -51.2032,-16.0698 -51.2131,-16.0308 -51.2079,-16.0026 -51.2579,-15.9694 -51.3471,-15.9283 -51.3776,-15.9307 -51.4326,-15.8716 -51.4335,-15.8455 -51.4976,-15.8099 -51.5279,-15.8116 -51.5385,-15.7653 -51.5353,-15.7170 -51.5740,-15.7062 -51.5683,-15.6584 -51.5819,-15.6473 -51.5939,-15.5878 -51.6168,-15.5863 -51.6442,-15.5539 -51.6489,-15.5079 -51.6990,-15.4849 -51.7319,-15.5040 -51.7256,-15.5441 -51.7556,-15.5574 -51.7540,-15.6150 -51.7679,-15.6536 -51.8233,-15.7314 -51.8803,-15.8243 -51.8515,-15.8844 -51.8655,-15.9117 -51.8474,-15.9389 -51.8623,-15.9650 -51.8362,-15.9824 -51.8208,-16.0342 -51.7983,-16.0298 -51.7572,-16.0887 -51.7179,-16.0944 -51.6161,-16.1845
5213756|-51.0557,-16.9546 -51.1078,-16.9691 -51.0871,-17.0137 -51.0987,-17.0604 -51.1386,-17.0887 -51.1551,-17.1243 -51.2357,-17.1325 -51.2725,-17.1615 -51.2647,-17.1819 -51.2914,-17.2117 -51.3237,-17.2699 -51.3397,-17.2694 -51.4068,-17.3054 -51.4221,-17.3340 -51.4762,-17.3466 -51.5147,-17.3334 -51.5266,-17.3500 -51.5373,-17.3788 -51.4999,-17.3828 -51.4506,-17.4094 -51.4365,-17.4368 -51.4578,-17.4705 -51.3428,-17.5086 -51.2642,-17.5193 -51.2408,-17.5332 -51.1824,-17.5297 -51.1550,-17.5182 -51.0811,-17.5294 -51.0592,-17.5237 -50.9377,-17.4139 -50.9879,-17.3734 -50.9723,-17.3192 -51.0054,-17.3165 -51.0541,-17.2867 -51.1160,-17.2880 -51.1274,-17.2200 -51.0917,-17.1904 -51.0135,-17.1629 -51.0109,-17.1257 -50.9876,-17.1011 -50.9469,-17.0901 -50.9804,-17.0375 -51.0025,-17.0226 -51.0557,-16.9546
5213772|-48.8551,-13.2192 -48.8356,-13.2168 -48.7935,-13.2441 -48.7636,-13.2927 -48.8242,-13.3193 -48.7895,-13.3465 -48.7492,-13.3445 -48.7094,-13.3743 -48.6355,-13.4075 -48.6084,-13.3920 -48.5603,-13.3876 -48.5801,-13.3133 -48.5999,-13.2880 -48.5886,-13.2548 -48.5759,-13.1242 -48.6005,-13.0589 -48.6276,-13.0511 -48.6377,-13.0170 -48.6698,-12.9957 -48.7174,-13.0015 -48.7317,-12.9846 -48.7363,-12.9214 -48.8397,-12.8432 -48.8469,-12.8091 -48.8703,-12.8033 -48.8798,-12.8171 -48.8625,-12.8706 -48.8589,-12.9145 -48.8245,-12.9489 -48.8483,-12.9708 -48.8798,-13.0358 -48.8791,-13.1242 -48.9103,-13.1649 -48.8551,-13.2192
5213806|-49.1750,-17.9883 -49.1531,-17.9687 -49.1061,-17.9792 -49.0618,-17.9488 -49.0384,-17.9751 -48.9598,-17.9853 -48.9336,-18.0251 -48.9237,-18.0680 -48.8855,-18.0890 -48.8609,-18.0457 -48.8631,-17.9915 -48.8433,-17.9399 -48.8467,-17.9079 -48.8188,-17.8215 -48.8257,-17.7781 -48.8467,-17.7453 -48.8384,-17.7213 -48.8490,-17.6815 -48.8910,-17.6503 -48.9280,-17.5998 -48.9775,-17.5730 -49.0595,-17.5396 -49.1254,-17.5301 -49.1541,-17.5444 -49.1944,-17.5347 -49.2314,-17.5093 -49.2579,-17.5188 -49.3020,-17.5070 -49.3077,-17.5676 -49.3457,-17.5825 -49.3640,-17.6088 -49.4083,-17.6321 -49.4119,-17.6554 -49.4321,-17.7397 -49.4596,-17.7511 -49.4284,-17.7479 -49.4248,-17.7886 -49.4541,-17.8508 -49.4550,-17.8898 -49.4361,-17.9158 -49.3992,-17.9135 -49.3673,-17.9563 -49.2888,-17.9464 -49.1750,-17.9883
5213855|-49.8964,-15.3254 -49.9225,-15.2458 -49.9751,-15.2672 -50.0058,-15.2631 -50.0482,-15.2217 -50.0658,-15.2286 -50.0862,-15.2477 -50.1351,-15.3980 -50.1125,-15.3700 -50.0171,-15.3599 -49.9773,-15.3720 -49.9377,-15.3574 -49.9079,-15.3700 -49.8964,-15.3254
5213905|-50.3698,-16.1422 -50.3110,-16.1600 -50.2802,-16.1578 -50.2596,-16.1784 -50.2115,-16.2585 -50.2196,-16.3066 -50.1865,-16.2995 -50.1386,-16.3280 -50.1005,-16.2827 -50.1068,-16.2508 -50.0930,-16.2256 -49.9666,-16.2379 -49.9407,-16.2239 -49.9680,-16.2025 -50.0315,-16.1845 -50.0396,-16.1303 -50.0315,-16.0553 -50.0429,-16.0298 -50.0999,-16.0330 -50.1388,-16.0545 -50.2570,-16.0936 -50.2961,-16.0828 -50.3356,-16.0916 -50.3550,-16.0782 -50.3791,-16.1011 -50.3698,-16.1422
5214002|-50.8004,-14.9025 -50.7713,-14.9569 -50.7171,-14.9504 -50.6483,-14.9838 -50.5953,-14.9902 -50.5493,-15.0453 -50.5004,-15.0541 -50.4013,-15.0276 -50.3148,-14.9441 -50.3039,-14.8977 -50.3343,-14.8730 -50.3620,-14.8114 -50.4077,-14.8014 -50.4453,-14.7242 -50.5044,-14.7147 -50.4865,-14.6913 -50.5048,-14.6655 -50.5705,-14.6325 -50.5800,-14.6686 -50.6370,-14.6742 -50.6656,-14.7057 -50.6912,-14.6992 -50.7202,-14.7175 -50.7803,-14.6848 -50.7841,-14.6282 -50.8481,-14.6202 -50.8747,-14.6679 -50.8555,-14.6768 -50.8320,-14.7332 -50.8303,-14.8200 -50.8036,-14.8562 -50.8004,-14.9025
5214051|-50.1605,-14.0010 -49.9510,-14.0218 -49.9199,-13.9324 -49.9425,-13.9142 -49.9746,-13.8845 -49.9407,-13.8339 -49.9423,-13.8021 -49.9211,-13.7601 -49.9596,-13.7442 -49.9640,-13.7026 -49.9735,-13.6887 -50.0235,-13.6861 -50.0544,-13.7054 -50.1009,-13.6599 -50.1867,-13.6411 -50.1992,-13.6560 -50.2394,-13.6528 -50.2356,-13.6221 -50.2556,-13.5454 -50.2809,-13.5433 -50.3720,-13.5569 -50.4438,-13.5441 -50.4689,-13.5628 -50.4591,-13.5889 -50.4585,-13.6939 -50.4747,-13.7105 -50.4415,-13.7714 -50.4230,-13.8246 -50.3708,-13.8530 -50.3838,-13.8801 -50.3449,-13.9671 -50.2856,-13.9942 -50.1605,-14.0010
5214101|-49.1410,-13.8605 -49.1618,-13.8126 -49.1797,-13.7337 -49.1615,-13.6985 -49.1267,-13.6821 -49.1205,-13.6388 -49.0951,-13.6159 -49.0761,-13.5762 -49.0838,-13.5567 -49.1203,-13.5577 -49.1466,-13.5845 -49.2405,-13.5923 -49.2668,-13.5640 -49.3173,-13.5744 -49.3634,-13.5692 -49.3079,-13.6971 -49.3365,-13.7114 -49.3913,-13.7000 -49.4296,-13.6654 -49.4538,-13.6671 -49.5368,-13.7134 -49.5589,-13.7694 -49.5747,-13.7666 -49.5257,-13.8352 -49.4101,-13.8157 -49.3336,-13.7655 -49.3001,-13.7802 -49.2982,-13.8058 -49.3341,-13.8702 -49.2245,-13.8653 -49.1410,-13.8605
5214408|-49.9832,-16.5606 -50.0067,-16.6206 -49.9735,-16.5896 -49.9024,-16.6190 -49.8839,-16.6413 -49.7290,-16.6378 -49.7298,-16.5801 -49.7637,-16.5639 -49.7967,-16.5174 -49.8304,-16.5194 -49.8422,-16.5142 -49.9297,-16.5343 -49.9832,-16.5606
5214507|-49.2804,-16.3990 -49.2137,-16.4538 -49.1737,-16.4671 -49.1960,-16.4937 -49.1755,-16.5395 -49.1273,-16.5136 -49.1117,-16.4271 -49.1934,-16.3464 -49.2280,-16.3197 -49.2582,-16.3451 -49.2575,-16.4031 -49.2804,-16.3990
5214606|-48.3187,-13.9392 -48.3210,-13.9774 -48.3576,-13.9754 -48.3985,-14.0056 -48.4740,-14.0201 -48.5007,-14.1085 -48.5419,-14.1153 -48.5822,-14.1649 -48.6150,-14.1789 -48.7079,-14.1613 -48.7228,-14.1281 -48.7635,-14.1197 -48.7941,-14.1395 -48.8103,-14.1709 -48.8490,-14.1582 -48.8940,-14.2302 -48.9422,-14.2510 -48.9649,-14.2926 -49.0167,-14.3206 -48.9890,-14.3371 -48.9927,-14.3899 -48.9776,-14.4165 -48.9927,-14.4552 -49.0243,-14.4706 -49.0406,-14.5278 -49.0084,-14.5364 -49.0092,-14.5601 -49.0399,-14.5767 -48.9846,-14.5935 -48.9907,-14.6305 -48.9500,-14.6812 -48.9054,-14.6717 -48.8716,-14.6952 -48.8263,-14.6860 -48.7740,-14.6447 -48.7267,-14.6756 -48.7315,-14.7070 -48.7124,-14.7304 -48.7573,-14.8628 -48.7438,-14.8862 -48.7503,-14.9295 -48.7040,-14.9473 -48.6744,-14.9795 -48.6563,-14.9691 -48.6110,-15.0024 -48.5947,-14.9937 -48.5236,-15.0171 -48.4740,-14.9641 -48.4239,-14.9389 -48.3847,-14.9447 -48.3215,-14.9013 -48.2868,-14.9004 -48.2558,-14.8748 -48.2352,-14.8816 -48.1843,-14.8486 -48.1006,-14.8488 -48.0808,-14.8645 -48.0797,-14.8986 -48.0606,-14.8592 -48.0035,-14.8048 -47.9583,-14.8022 -47.8671,-14.7731 -47.8345,-14.7409 -47.8084,-14.6934 -47.7791,-14.6785 -47.7720,-14.6416 -47.7622,-14.5438 -47.8235,-14.5033 -47.8412,-14.4293 -47.8638,-14.3785 -47.8277,-14.3509 -47.8393,-14.3310 -47.8776,-14.3433 -47.9140,-14.3320 -47.9582,-14.2721 -48.0429,-14.2326 -48.1203,-14.1543 -48.1631,-14.1181 -48.1715,-14.0672 -48.2215,-13.9966 -48.2454,-13.9936 -48.2512,-13.9610 -48.2811,-13.9392 -48.3187,-13.9392
5214705|-49.8592,-14.9832 -49.9062,-14.9796 -49.9610,-14.9965 -50.0502,-15.0656 -50.0539,-15.1230 -50.0044,-15.0841 -49.9569,-15.0823 -49.9216,-15.0939 -49.8237,-15.0814 -49.8520,-15.0487 -49.8412,-15.0067 -49.8592,-14.9832
5214804|-48.3143,-17.9430 -48.3190,-17.9865 -48.2973,-18.0347 -48.3353,-18.0796 -48.3969,-18.1280 -48.3357,-18.2059 -48.3202,-18.2499 -48.2717,-18.2233 -48.2779,-18.1824 -48.2617,-18.1251 -48.2315,-18.1221 -48.2357,-18.0832 -48.2173,-18.0739 -48.2167,-18.0735 -48.2257,-18.0354 -48.2098,-17.9975 -48.2480,-17.9972 -48.3143,-17.9430
5214838|-50.8481,-14.6202 -50.7841,-14.6282 -50.7803,-14.6848 -50.7202,-14.7175 -50.6912,-14.6992 -50.6656,-14.7057 -50.6370,-14.6742 -50.5800,-14.6686 -50.5705,-14.6325 -50.5048,-14.6655 -50.4865,-14.6913 -50.5044,-14.7147 -50.4453,-14.7242 -50.4229,-14.7355 -50.3333,-14.7240 -50.3026,-14.7393 -50.2746,-14.7321 -50.2347,-14.6492 -50.2391,-14.6194 -50.2948,-14.5819 -50.2691,-14.5427 -50.2775,-14.5117 -50.3022,-14.4982 -50.3009,-14.4434 -50.3292,-14.4063 -50.3547,-14.3536 -50.1435,-14.1258 -50.1477,-14.0495 -50.1605,-14.0010 -50.2856,-13.9942 -50.3449,-13.9671 -50.3838,-13.8801 -50.3708,-13.8530 -50.4230,-13.8246 -50.4415,-13.7714 -50.4747,-13.7105 -50.4585,-13.6939 -50.4591,-13.5889 -50.4689,-13.5628 -50.4978,-13.5514 -50.5315,-13.4994 -50.5202,-13.4636 -50.5450,-13.4579 -50.5778,-13.3864 -50.6090,-13.3541 -50.6111,-13.3202 -50.6695,-13.3952 -50.6639,-13.4350 -50.6835,-13.4452 -50.7148,-13.4915 -50.7590,-13.5203 -50.7716,-13.6045 -50.8088,-13.6974 -50.8739,-13.7345 -50.8553,-13.7574 -50.8591,-13.8287 -50.8406,-13.8638 -50.8402,-13.9237 -50.8658,-13.9598 -50.8562,-14.0193 -50.8313,-14.0828 -50.8415,-14.1043 -50.8488,-14.1195 -50.8070,-14.1678 -50.7745,-14.2420 -50.7590,-14.3132 -50.8069,-14.3950 -50.8398,-14.4256 -50.8400,-14.4662 -50.8582,-14.4907 -50.8604,-14.5582 -50.8809,-14.5992 -50.8481,-14.6202
5214861|-49.5059,-15.1762 -49.4814,-15.1765 -49.4780,-15.1391 -49.3976,-15.0936 -49.3862,-15.0487 -49.3480,-15.0276 -49.3233,-14.9892 -49.3691,-15.0116 -49.4198,-14.9989 -49.4281,-14.9713 -49.4508,-14.9987 -49.5062,-15.0011 -49.5560,-14.9938 -49.5913,-15.0400 -49.6084,-15.0412 -49.6359,-15.0955 -49.5839,-15.1900 -49.5494,-15.1841 -49.5059,-15.1762
5214879|-49.2787,-14.2208 -49.3251,-14.2565 -49.3818,-14.2516 -49.4239,-14.2677 -49.4254,-14.2994 -49.3977,-14.4031 -49.4034,-14.4417 -49.3553,-14.5022 -49.3697,-14.5146 -49.3467,-14.5103 -49.3339,-14.4593 -49.3054,-14.4398 -49.3018,-14.4052 -49.2123,-14.3920 -49.1960,-14.3821 -49.1867,-14.3371 -49.1641,-14.2939 -49.1709,-14.2725 -49.1604,-14.2125 -49.1870,-14.1597 -49.1764,-14.1325 -49.2174,-14.1055 -49.2394,-14.1585 -49.2382,-14.1817 -49.2787,-14.2208
5214903|-47.1981,-13.8616 -47.1714,-13.9150 -47.1756,-13.9531 -47.1943,-13.9657 -47.1497,-14.0158 -47.1265,-14.0877 -47.1141,-14.0970 -47.0389,-14.0321 -46.9855,-14.0525 -46.9944,-14.0821 -46.9376,-14.1030 -46.9017,-14.0788 -46.8760,-14.0337 -46.8274,-14.0317 -46.8511,-13.9858 -46.8377,-13.9684 -46.8372,-13.9107 -46.8670,-13.8877 -46.8250,-13.8445 -46.8484,-13.8195 -46.8182,-13.7990 -46.8371,-13.7635 -46.7850,-13.7030 -46.8083,-13.6763 -46.7999,-13.6559 -46.8515,-13.6317 -46.8509,-13.6146 -46.9044,-13.5858 -46.9277,-13.5913 -46.9467,-13.5611 -47.0509,-13.5262 -47.0795,-13.4953 -47.0680,-13.4460 -47.1002,-13.4319 -47.1267,-13.4398 -47.1434,-13.5104 -47.1379,-13.5667 -47.1624,-13.6313 -47.1579,-13.6713 -47.1942,-13.7229 -47.2035,-13.7729 -47.1909,-13.7954 -47.1981,-13.8616
5215009|-49.3334,-16.2871 -49.3676,-16.3627 -49.3631,-16.3816 -49.2981,-16.4372 -49.2804,-16.3990 -49.2575,-16.4031 -49.2582,-16.3451 -49.2280,-16.3197 -49.2879,-16.3220 -49.3062,-16.3092 -49.3334,-16.2871
5215207|-50.7963,-16.0010 -50.7985,-16.0287 -50.8237,-16.0702 -50.8081,-16.0889 -50.6793,-16.1113 -50.6536,-16.1086 -50.5951,-16.2329 -50.5585,-16.2000 -50.4892,-16.1481 -50.4783,-16.1201 -50.4740,-16.0755 -50.5052,-16.0060 -50.5612,-16.0331 -50.5912,-16.0106 -50.6274,-15.9615 -50.6834,-15.9521 -50.6855,-15.9018 -50.7422,-15.8999 -50.7702,-15.9283 -50.7963,-16.0010
5215231|-48.1406,-16.1692 -48.0280,-16.2036 -48.0019,-16.1369 -48.0309,-16.0873 -48.0178,-16.0497 -48.0181,-16.0497 -48.0848,-16.0497 -48.1475,-16.0958 -48.1406,-16.1692
5215256|-49.3683,-13.2723 -49.9088,-12.9751 -49.8428,-13.1520 -49.8227,-13.1889 -49.8184,-13.2796 -49.8506,-13.3274 -49.8620,-13.3905 -49.9015,-13.4496 -49.9463,-13.4598 -49.9793,-13.4872 -49.9206,-13.5059 -49.8489,-13.4951 -49.8427,-13.4741 -49.7837,-13.4541 -49.7608,-13.4259 -49.7321,-13.4282 -49.6946,-13.4013 -49.6468,-13.3528 -49.5918,-13.3198 -49.5835,-13.2919 -49.5352,-13.2809 -49.4851,-13.2494 -49.4428,-13.2457 -49.4108,-13.2662 -49.3683,-13.2723
5215306|-48.4901,-17.0020 -48.3549,-17.1180 -48.3383,-17.1432 -48.2693,-17.1842 -48.2259,-17.1992 -48.2152,-17.2445 -48.1869,-17.2741 -48.1991,-17.3103 -48.1193,-17.2738 -48.0552,-17.1968 -48.0316,-17.1932 -47.9981,-17.1248 -47.9917,-17.0889 -47.9181,-17.0039 -48.0028,-16.9506 -48.0342,-16.9224 -48.0650,-16.9327 -48.0874,-16.8931 -48.0765,-16.8410 -48.0799,-16.7855 -48.1053,-16.7474 -48.1946,-16.7338 -48.2566,-16.7389 -48.2631,-16.7986 -48.3016,-16.8102 -48.3093,-16.8415 -48.4147,-16.9364 -48.4494,-16.9299 -48.4713,-16.9509 -48.4901,-17.0020
5215405|-49.2280,-16.3197 -49.1934,-16.3464 -49.1651,-16.3143 -49.1784,-16.2637 -49.1436,-16.2229 -49.1889,-16.1423 -49.2158,-16.1910 -49.3109,-16.2304 -49.2881,-16.2331 -49.2757,-16.2679 -49.3062,-16.3092 -49.2879,-16.3220 -49.2280,-16.3197
5215504|-47.8750,-18.2833 -47.7142,-18.2901 -47.6102,-18.3157 -47.6328,-18.2916 -47.6070,-18.2462 -47.6354,-18.2410 -47.6404,-18.1846 -47.6598,-18.1615 -47.7115,-18.1308 -47.7587,-18.1176 -47.7968,-18.1243 -47.8357,-18.1502 -47.8787,-18.2461 -47.8750,-18.2833
5215603|-48.2520,-15.6592 -48.2349,-15.6600 -48.1997,-15.6229 -48.2000,-15.5023 -48.0744,-15.5022 -48.0543,-15.5022 -48.0423,-15.4698 -47.9565,-15.4398 -47.9246,-15.3580 -47.9680,-15.3275 -47.9721,-15.2830 -47.9901,-15.2679 -48.0264,-15.2066 -48.0853,-15.1901 -48.1073,-15.1475 -48.1302,-15.1360 -48.1820,-15.1417 -48.2127,-15.1169 -48.2560,-15.1212 -48.3656,-15.0900 -48.4453,-15.0992 -48.4888,-15.1190 -48.4978,-15.1498 -48.5540,-15.1734 -48.6071,-15.1528 -48.6179,-15.1722 -48.5885,-15.1970 -48.5688,-15.2324 -48.5714,-15.2657 -48.5915,-15.2866 -48.5796,-15.3484 -48.5928,-15.3647 -48.5699,-15.3780 -48.5709,-15.4358 -48.5537,-15.4564 -48.5800,-15.4814 -48.5798,-15.5460 -48.5481,-15.5993 -48.4016,-15.6545 -48.3749,-15.6131 -48.3516,-15.6310 -48.3148,-15.6229 -48.2573,-15.6459 -48.2520,-15.6592
5215652|-51.5768,-16.6626 -51.6109,-16.6934 -51.5903,-16.7325 -51.6589,-16.7949 -51.6592,-16.9218 -51.6316,-16.9192 -51.6108,-16.8880 -51.5772,-16.8750 -51.5487,-16.8944 -51.5034,-16.8848 -51.4275,-16.8536 -51.4171,-16.8285 -51.3681,-16.8197 -51.3027,-16.7851 -51.2566,-16.7823 -51.2219,-16.7295 -51.2353,-16.6737 -51.2598,-16.6263 -51.2887,-16.5999 -51.2892,-16.5565 -51.3779,-16.4648 -51.4005,-16.4681 -51.4566,-16.5288 -51.5097,-16.5465 -51.5089,-16.5824 -51.5420,-16.6119 -51.5768,-16.6626
5215702|-49.7290,-16.6378 -49.8839,-16.6413 -49.9024,-16.6190 -49.9735,-16.5896 -50.0067,-16.6206 -50.1500,-16.6807 -50.1593,-16.7224 -50.1039,-16.7981 -50.1036,-16.8992 -50.1304,-16.9024 -50.1430,-16.9328 -50.1000,-16.9510 -50.0708,-16.9170 -50.0427,-16.9295 -50.0393,-16.9654 -50.0757,-17.0434 -50.0689,-17.0836 -49.9907,-17.0605 -49.9496,-17.0303 -49.9502,-17.0051 -49.9275,-16.9606 -49.8998,-16.9541 -49.8804,-16.9742 -49.8550,-16.9439 -49.8017,-16.9027 -49.7487,-16.9450 -49.7253,-16.9333 -49.7331,-16.9022 -49.7277,-16.8727 -49.7522,-16.8542 -49.7581,-16.8171 -49.7816,-16.7840 -49.7659,-16.7336 -49.7275,-16.6710 -49.7290,-16.6378
5215801|-48.4045,-17.2394 -48.4305,-17.3410 -48.4144,-17.3427 -48.3654,-17.3359 -48.3740,-17.2695 -48.4045,-17.2394
5215900|-50.1430,-16.9328 -50.1304,-16.9024 -50.1036,-16.8992 -50.1039,-16.7981 -50.1593,-16.7224 -50.1500,-16.6807 -50.1932,-16.6862 -50.2134,-16.7031 -50.2539,-16.7368 -50.2585,-16.7712 -50.2833,-16.8042 -50.3029,-16.8581 -50.2852,-16.8906 -50.2837,-16.8960 -50.2270,-16.9090 -50.1784,-16.9337 -50.1430,-16.9328
5216007|-49.2525,-18.1791 -49.2897,-18.1451 -49.3508,-18.1822 -49.3682,-18.1446 -49.4143,-18.1387 -49.4688,-18.0877 -49.5099,-18.0830 -49.5106,-18.1470 -49.5496,-18.2055 -49.5447,-18.2175 -49.5094,-18.2136 -49.4772,-18.2712 -49.4261,-18.2825 -49.4064,-18.3414 -49.3665,-18.2920 -49.3444,-18.2894 -49.2857,-18.2297 -49.2370,-18.2178 -49.2525,-18.1791
5216304|-50.7094,-18.9954 -50.6817,-18.9582 -50.6790,-18.9134 -50.6171,-18.9277 -50.5662,-18.9065 -50.5394,-18.9112 -50.4948,-18.8930 -50.4732,-18.9214 -50.4434,-18.8941 -50.4235,-18.8327 -50.3703,-18.8044 -50.3523,-18.7603 -50.3668,-18.7607 -50.4278,-18.7210 -50.4232,-18.7068 -50.4943,-18.6752 -50.5225,-18.6209 -50.5534,-18.6175 -50.5916,-18.6988 -50.5886,-18.7333 -50.6075,-18.7539 -50.6661,-18.7422 -50.7038,-18.7209 -50.7250,-18.6944 -50.7559,-18.6848 -50.7841,-18.6556 -50.8390,-18.7475 -50.8184,-18.8695 -50.8355,-18.9168 -50.8141,-18.9411 -50.7094,-18.9954
5216403|-50.2449,-17.2712 -50.2338,-17.2369 -50.2969,-17.1802 -50.2703,-17.1557 -50.2994,-17.1044 -50.2874,-17.0482 -50.2992,-17.0201 -50.2819,-16.9711 -50.2837,-16.8960 -50.2852,-16.8906 -50.3294,-16.8827 -50.3897,-16.8969 -50.4192,-16.9168 -50.4557,-16.8884 -50.4496,-16.7976 -50.5278,-16.8128 -50.5762,-16.8479 -50.6410,-16.8350 -50.7009,-16.8097 -50.7899,-16.7988 -50.8155,-16.7288 -50.8118,-16.6952 -50.8487,-16.7259 -50.9586,-16.7935 -50.9864,-16.8279 -51.0519,-16.8715 -51.0557,-16.9546 -51.0025,-17.0226 -50.9804,-17.0375 -50.9469,-17.0901 -50.9260,-17.0999 -50.8913,-17.1554 -50.8700,-17.1725 -50.7966,-17.1808 -50.7602,-17.2215 -50.7265,-17.2422 -50.7353,-17.2639 -50.7015,-17.3005 -50.6646,-17.3604 -50.6178,-17.3766 -50.5900,-17.4087 -50.5268,-17.4305 -50.5068,-17.3969 -50.4969,-17.3453 -50.4581,-17.3304 -50.4300,-17.2869 -50.4205,-17.2266 -50.3920,-17.1888 -50.3542,-17.3025 -50.2866,-17.2529 -50.2449,-17.2712
5216452|-52.3076,-17.5860 -52.2344,-17.6384 -52.1445,-17.6369 -52.0962,-17.6500 -52.0453,-17.6331 -51.9933,-17.6448 -52.0066,-17.5968 -51.9900,-17.5661 -52.0261,-17.4910 -52.0421,-17.4617 -52.0998,-17.4111 -52.1611,-17.4380 -52.2148,-17.4176 -52.2385,-17.3915 -52.2631,-17.4020 -52.2979,-17.3429 -52.4293,-17.3229 -52.4738,-17.3223 -52.5137,-17.3494 -52.5100,-17.3783 -52.4813,-17.4085 -52.4298,-17.4204 -52.3746,-17.4203 -52.3659,-17.4530 -52.3788,-17.4806 -52.3708,-17.5122 -52.3083,-17.5638 -52.3076,-17.5860
5216809|-49.3646,-16.0057 -49.4014,-16.0155 -49.4413,-16.0777 -49.4550,-16.1504 -49.4472,-16.1671 -49.4101,-16.1753 -49.4030,-16.1944 -49.3150,-16.2201 -49.3109,-16.2304 -49.2158,-16.1910 -49.1889,-16.1423 -49.1648,-16.1377 -49.1819,-16.1252 -49.1508,-16.0868 -49.1500,-16.0299 -49.1772,-16.0836 -49.2155,-16.0816 -49.2884,-16.0056 -49.3646,-16.0057
5216908|-49.6457,-14.8410 -49.6398,-14.8235 -49.5901,-14.8021 -49.5278,-14.8155 -49.4749,-14.8632 -49.4444,-14.8653 -49.4120,-14.8481 -49.4270,-14.8185 -49.4946,-14.7776 -49.5283,-14.7752 -49.5303,-14.7296 -49.4914,-14.6938 -49.4360,-14.6195 -49.4526,-14.5881 -49.4422,-14.5520 -49.3979,-14.5213 -49.3697,-14.5146 -49.3553,-14.5022 -49.4034,-14.4417 -49.3977,-14.4031 -49.4254,-14.2994 -49.4239,-14.2677 -49.4580,-14.2905 -49.4954,-14.2302 -49.5607,-14.1994 -49.5616,-14.2329 -49.4971,-14.2552 -49.4728,-14.4631 -49.5003,-14.4631 -49.5484,-14.4987 -49.5384,-14.5385 -49.5705,-14.6144 -49.5661,-14.6419 -49.6255,-14.6747 -49.6437,-14.6283 -49.6347,-14.5778 -49.7347,-14.6088 -49.6887,-14.6599 -49.6561,-14.7309 -49.6457,-14.8410
5217104|-49.3020,-17.5070 -49.2579,-17.5188 -49.2314,-17.5093 -49.1944,-17.5347 -49.1541,-17.5444 -49.1254,-17.5301 -49.0595,-17.5396 -48.9775,-17.5730 -48.9280,-17.5998 -48.9254,-17.5656 -48.8969,-17.5316 -48.8558,-17.5601 -48.8135,-17.5719 -48.7595,-17.5691 -48.6973,-17.5266 -48.7029,-17.4969 -48.7551,-17.4819 -48.8007,-17.4322 -48.8081,-17.4122 -48.7946,-17.3537 -48.8052,-17.3129 -48.7847,-17.2781 -48.8106,-17.2250 -48.8004,-17.1799 -48.8427,-17.0669 -48.8611,-17.0485 -48.9231,-17.0589 -48.9824,-17.0924 -49.0139,-17.0676 -49.0550,-17.0530 -49.0843,-17.0606 -49.1212,-17.1059 -49.1096,-17.1355 -49.1758,-17.1196 -49.1933,-17.1357 -49.2245,-17.0825 -49.2113,-17.1201 -49.2103,-17.1764 -49.1935,-17.1772 -49.1725,-17.2575 -49.1999,-17.3535 -49.2477,-17.3616 -49.2233,-17.4008 -49.2403,-17.4553 -49.2765,-17.4730 -49.3020,-17.5070
5217203|-52.1249,-16.4711 -52.0523,-16.4901 -52.0457,-16.5461 -52.0045,-16.5660 -51.9752,-16.6275 -51.9168,-16.6499 -51.8995,-16.6342 -51.8659,-16.6581 -51.7834,-16.6081 -51.7092,-16.6410 -51.6763,-16.6261 -51.6679,-16.5990 -51.6023,-16.6024 -51.5693,-16.5530 -51.6098,-16.5424 -51.6685,-16.4439 -51.6743,-16.4192 -51.6378,-16.3846 -51.6480,-16.3513 -51.6733,-16.3235 -51.6721,-16.2576 -51.7089,-16.2274 -51.7859,-16.1430 -51.7963,-16.1004 -51.8298,-16.0831 -51.8602,-16.0904 -51.9027,-16.1229 -51.8914,-16.1971 -51.9106,-16.2399 -51.9589,-16.2586 -51.9725,-16.2969 -52.0172,-16.3111 -52.0405,-16.3608 -52.0854,-16.3924 -52.1408,-16.4475 -52.1249,-16.4711
5217302|-48.8140,-15.5176 -48.8953,-15.5228 -48.9175,-15.5311 -48.9574,-15.5114 -48.9932,-15.5375 -49.0304,-15.5405 -49.0811,-15.5113 -49.1286,-15.5733 -49.1865,-15.6022 -49.1672,-15.6271 -49.1272,-15.6245 -49.2162,-15.8565 -49.1990,-15.8874 -49.1968,-15.9291 -49.1797,-15.9592 -49.1339,-16.0021 -49.1500,-16.0299 -49.1508,-16.0868 -49.1819,-16.1252 -49.1648,-16.1377 -49.1273,-16.1308 -49.0440,-16.1353 -48.9640,-16.1260 -48.9399,-16.1345 -48.9046,-16.0656 -48.8978,-16.0320 -48.9067,-15.9894 -48.8965,-15.9794 -48.9037,-15.9088 -48.8957,-15.8763 -48.8440,-15.8413 -48.8564,-15.8016 -48.8367,-15.8033 -48.8168,-15.7494 -48.8363,-15.7256 -48.8085,-15.6674 -48.8290,-15.6248 -48.7918,-15.5854 -48.7921,-15.5547 -48.8308,-15.5425 -48.8140,-15.5176
5217401|-48.4045,-17.2394 -48.3740,-17.2695 -48.3654,-17.3359 -48.4144,-17.3427 -48.4471,-17.4364 -48.4372,-17.4702 -48.4683,-17.5416 -48.5024,-17.5717 -48.4664,-17.6018 -48.4409,-17.6125 -48.4052,-17.5666 -48.3919,-17.5733 -48.3644,-17.5136 -48.3711,-17.4744 -48.3492,-17.4515 -48.3119,-17.4490 -48.2683,-17.3959 -48.2390,-17.3274 -48.1991,-17.3103 -48.1869,-17.2741 -48.2152,-17.2445 -48.2259,-17.1992 -48.2693,-17.1842 -48.3383,-17.1432 -48.3549,-17.1180 -48.4901,-17.0020 -48.5729,-17.1293 -48.5777,-17.1619 -48.6074,-17.2220 -48.4565,-17.2002 -48.4045,-17.2394
5217609|-47.4927,-15.5019 -47.4886,-15.4402 -47.4734,-15.3664 -47.4750,-15.3260 -47.4961,-15.2920 -47.5278,-15.2074 -47.5264,-15.1728 -47.5694,-15.0744 -47.5709,-15.0471 -47.6782,-15.0389 -47.7147,-15.0202 -47.7618,-15.0413 -47.7838,-15.0745 -47.8234,-15.0970 -47.9124,-15.0882 -47.9253,-15.0774 -47.9877,-15.1033 -48.0152,-15.1334 -48.0724,-15.1483 -48.0902,-15.1363 -48.1073,-15.1475 -48.0853,-15.1901 -48.0264,-15.2066 -47.9901,-15.2679 -47.9721,-15.2830 -47.9680,-15.3275 -47.9246,-15.3580 -47.9565,-15.4398 -48.0423,-15.4698 -48.0543,-15.5022 -48.0541,-15.5022 -48.0348,-15.5022 -47.4927,-15.5019
5217708|-49.4119,-17.6554 -49.4083,-17.6321 -49.3640,-17.6088 -49.3457,-17.5825 -49.3077,-17.5676 -49.3020,-17.5070 -49.3336,-17.4721 -49.4456,-17.3291 -49.5098,-17.3513 -49.5943,-17.2968 -49.6193,-17.2920 -49.6456,-17.3020 -49.6398,-17.3669 -49.6539,-17.3933 -49.6254,-17.4351 -49.6504,-17.4409 -49.6435,-17.4869 -49.6964,-17.5533 -49.7405,-17.5613 -49.7472,-17.5798 -49.8254,-17.5850 -49.7465,-17.6388 -49.6940,-17.6869 -49.6136,-17.7530 -49.5636,-17.7842 -49.5622,-17.7407 -49.5381,-17.7312 -49.5081,-17.7498 -49.5130,-17.6706 -49.5019,-17.6559 -49.4338,-17.6344 -49.4119,-17.6554
5218003|-48.9552,-13.3456 -48.9187,-13.3075 -48.9002,-13.2546 -48.8566,-13.2443 -48.8551,-13.2192 -48.9103,-13.1649 -48.8791,-13.1242 -48.8798,-13.0358 -48.8483,-12.9708 -48.8245,-12.9489 -48.8589,-12.9145 -48.8625,-12.8706 -48.8798,-12.8171 -48.9756,-12.9569 -49.0323,-12.9024 -49.0878,-12.8907 -49.0734,-12.8551 -49.1046,-12.8354 -49.1177,-12.7901 -49.1887,-12.8505 -49.2107,-12.8779 -49.2377,-12.8838 -49.2514,-12.9304 -49.2806,-12.9703 -49.3031,-13.0288 -49.3361,-13.0632 -49.3551,-13.1073 -49.3417,-13.1243 -49.3487,-13.2172 -49.3394,-13.2534 -49.3683,-13.2723 -49.4108,-13.2662 -49.4428,-13.2457 -49.4851,-13.2494 -49.5352,-13.2809 -49.5835,-13.2919 -49.5918,-13.3198 -49.6468,-13.3528 -49.6106,-13.3755 -49.5999,-13.4032 -49.6197,-13.4327 -49.5715,-13.4674 -49.5419,-13.4998 -49.5375,-13.5314 -49.5876,-13.5624 -49.5897,-13.5861 -49.6421,-13.6278 -49.6489,-13.6577 -49.6857,-13.6717 -49.7200,-13.7284 -49.6514,-13.7266 -49.6197,-13.7545 -49.5747,-13.7666 -49.5589,-13.7694 -49.5368,-13.7134 -49.4538,-13.6671 -49.4296,-13.6654 -49.3913,-13.7000 -49.3365,-13.7114 -49.3079,-13.6971 -49.3634,-13.5692 -49.3173,-13.5744 -49.2668,-13.5640 -49.2405,-13.5923 -49.1466,-13.5845 -49.1203,-13.5577 -49.0838,-13.5567 -49.0624,-13.5283 -49.0202,-13.5061 -48.9982,-13.3987 -48.9552,-13.3456
5218052|-50.0871,-17.7850 -50.1506,-17.8074 -50.2087,-17.7710 -50.2692,-17.8137 -50.2419,-17.8389 -50.2403,-17.9038 -50.2959,-17.9359 -50.2683,-17.9729 -50.2112,-17.9850 -50.2268,-18.0139 -50.1884,-18.0601 -50.1692,-18.0742 -50.1356,-18.0001 -50.0460,-17.9424 -50.0165,-17.9543 -49.9805,-17.9265 -50.0221,-17.8322 -50.0552,-17.8250 -50.0730,-17.7990 -50.0871,-17.7850
5218102|-52.5221,-17.3426 -52.6069,-17.3302 -52.6461,-17.2444 -52.6908,-17.2058 -52.7263,-17.2197 -52.7430,-17.2461 -52.8160,-17.2972 -52.8023,-17.3349 -52.8629,-17.3992 -52.8921,-17.4114 -52.8850,-17.4769 -52.8514,-17.4321 -52.7652,-17.4200 -52.6410,-17.4569 -52.6110,-17.4414 -52.5899,-17.4038 -52.5543,-17.4038 -52.5221,-17.3426
5218300|-46.4309,-14.0390 -46.4855,-14.0528 -46.4932,-14.0856 -46.5173,-14.1135 -46.5504,-14.1081 -46.6341,-14.1285 -46.6672,-14.1454 -46.7229,-14.1924 -46.7399,-14.2483 -46.7408,-14.2858 -46.7708,-14.3024 -46.7859,-14.3557 -46.8157,-14.3503 -46.7840,-14.3910 -46.7316,-14.3912 -46.6836,-14.3881 -46.6580,-14.3689 -46.6288,-14.3832 -46.5834,-14.3856 -46.5631,-14.3667 -46.5275,-14.3889 -46.4673,-14.3981 -46.4475,-14.3872 -46.4474,-14.3871 -46.4322,-14.4229 -46.3667,-14.3984 -46.3455,-14.3719 -46.2823,-14.3721 -46.1957,-14.3021 -46.1839,-14.2747 -46.1498,-14.2618 -46.0821,-14.2652 -46.0601,-14.2319 -46.0610,-14.1955 -46.0983,-14.1967 -46.1163,-14.1616 -46.1869,-14.1531 -46.2215,-14.1068 -46.2270,-14.0490 -46.2843,-14.0525 -46.2984,-14.0210 -46.3767,-14.0258 -46.4309,-14.0390
5218391|-49.2765,-17.4730 -49.2403,-17.4553 -49.2233,-17.4008 -49.2477,-17.3616 -49.1999,-17.3535 -49.1725,-17.2575 -49.1935,-17.1772 -49.2103,-17.1764 -49.2113,-17.1201 -49.2245,-17.0825 -49.2675,-17.0945 -49.3203,-17.1295 -49.2764,-17.1591 -49.2572,-17.2002 -49.2622,-17.2283 -49.2929,-17.2917 -49.2911,-17.3608 -49.2999,-17.3729 -49.2948,-17.4551 -49.2765,-17.4730
5218508|-50.2700,-18.6842 -50.2415,-18.6245 -50.2604,-18.6093 -50.2726,-18.5306 -50.2562,-18.4384 -50.2715,-18.3794 -50.2386,-18.3633 -50.1311,-18.3266 -50.1064,-18.3308 -50.1160,-18.3160 -50.0954,-18.2489 -50.1273,-18.2391 -50.1259,-18.2128 -50.1586,-18.1596 -50.1858,-18.1400 -50.2244,-18.1378 -50.2862,-18.1961 -50.3430,-18.2026 -50.3713,-18.2309 -50.4095,-18.2333 -50.5086,-18.2162 -50.5892,-18.1359 -50.6021,-18.1637 -50.6832,-18.1947 -50.7183,-18.1820 -50.7542,-18.1907 -50.8103,-18.1719 -50.8242,-18.1954 -50.8000,-18.2427 -50.8584,-18.2981 -50.8225,-18.3588 -50.7729,-18.3748 -50.7532,-18.4185 -50.7896,-18.4224 -50.8590,-18.4533 -50.8918,-18.4481 -50.9027,-18.4811 -50.9607,-18.5308 -50.9026,-18.5689 -50.8330,-18.6444 -50.7841,-18.6556 -50.7559,-18.6848 -50.7250,-18.6944 -50.7038,-18.7209 -50.6661,-18.7422 -50.6075,-18.7539 -50.5886,-18.7333 -50.5916,-18.6988 -50.5534,-18.6175 -50.5225,-18.6209 -50.4943,-18.6752 -50.4232,-18.7068 -50.4278,-18.7210 -50.3668,-18.7607 -50.3523,-18.7603 -50.3145,-18.7007 -50.2700,-18.6842
5218607|-49.5494,-15.1841 -49.5645,-15.2413 -49.5509,-15.2582 -49.5912,-15.3545 -49.6055,-15.4087 -49.5873,-15.4094 -49.5706,-15.4549 -49.5394,-15.4483 -49.4626,-15.4324 -49.4540,-15.3816 -49.4873,-15.3575 -49.4834,-15.3277 -49.5206,-15.2701 -49.4980,-15.2031 -49.5059,-15.1762 -49.5494,-15.1841
5218706|-49.4626,-15.4324 -49.5394,-15.4483 -49.5442,-15.4680 -49.5260,-15.4746 -49.5043,-15.5161 -49.4557,-15.5337 -49.4314,-15.4950 -49.3520,-15.5003 -49.3396,-15.4915 -49.3621,-15.4403 -49.4626,-15.4324
5218789|-48.7167,-17.8517 -48.7482,-17.7952 -48.7385,-17.7509 -48.7791,-17.7155 -48.8384,-17.7213 -48.8467,-17.7453 -48.8257,-17.7781 -48.8188,-17.8215 -48.8467,-17.9079 -48.7655,-17.9343 -48.7091,-17.9017 -48.7167,-17.8517
5218805|-50.4678,-17.9511 -50.5246,-17.9504 -50.5874,-17.9829 -50.7001,-17.9719 -50.7228,-17.9518 -50.6490,-17.8803 -50.6745,-17.8499 -50.7460,-17.8302 -50.7851,-17.7774 -50.7831,-17.7469 -50.7210,-17.6991 -50.7014,-17.6605 -50.7089,-17.6348 -50.7500,-17.5819 -50.7501,-17.5285 -50.7295,-17.5086 -50.6728,-17.4828 -50.6463,-17.4570 -50.6546,-17.4095 -50.6178,-17.3766 -50.6646,-17.3604 -50.7015,-17.3005 -50.7353,-17.2639 -50.7265,-17.2422 -50.7602,-17.2215 -50.7966,-17.1808 -50.8700,-17.1725 -50.8913,-17.1554 -50.9260,-17.0999 -50.9469,-17.0901 -50.9876,-17.1011 -51.0109,-17.1257 -51.0135,-17.1629 -51.0917,-17.1904 -51.1274,-17.2200 -51.1160,-17.2880 -51.0541,-17.2867 -51.0054,-17.3165 -50.9723,-17.3192 -50.9879,-17.3734 -50.9377,-17.4139 -51.0592,-17.5237 -51.0811,-17.5294 -51.1550,-17.5182 -51.1824,-17.5297 -51.2408,-17.5332 -51.2642,-17.5193 -51.3428,-17.5086 -51.4578,-17.4705 -51.4365,-17.4368 -51.4506,-17.4094 -51.4999,-17.3828 -51.5373,-17.3788 -51.5266,-17.3500 -51.5475,-17.3240 -51.6425,-17.2842 -51.6862,-17.2746 -51.7013,-17.2948 -51.7300,-17.3714 -51.7183,-17.4146 -51.7220,-17.4790 -51.6942,-17.4968 -51.7033,-17.5248 -51.6878,-17.5476 -51.6071,-17.6042 -51.6381,-17.6523 -51.6312,-17.6678 -51.5823,-17.6874 -51.5546,-17.7268 -51.4841,-17.7477 -51.4413,-17.8175 -51.3862,-17.8680 -51.3468,-17.8749 -51.2857,-17.8639 -51.2815,-17.8861 -51.2422,-17.8856 -51.2335,-17.9395 -51.2075,-17.9730 -51.2136,-18.0087 -51.1911,-18.0523 -51.1661,-18.0704 -51.1555,-18.1315 -51.1162,-18.1991 -51.1380,-18.2507 -51.1247,-18.2772 -51.1462,-18.3004 -51.1000,-18.3462 -51.0449,-18.3232 -50.9828,-18.3231 -50.9447,-18.3125 -50.8864,-18.3198 -50.8584,-18.2981 -50.8000,-18.2427 -50.8242,-18.1954 -50.8103,-18.1719 -50.7542,-18.1907 -50.7183,-18.1820 -50.6832,-18.1947 -50.6021,-18.1637 -50.5892,-18.1359 -50.5755,-18.1293 -50.5238,-18.1593 -50.4289,-18.1994 -50.3869,-18.1903 -50.3571,-18.1596 -50.3763,-18.1549 -50.4268,-18.0954 -50.4379,-18.0511 -50.5067,-18.0200 -50.4796,-17.9993 -50.4678,-17.9511
5218904|-49.8237,-15.0814 -49.9216,-15.0939 -49.9569,-15.0823 -50.0044,-15.0841 -50.0539,-15.1230 -50.0370,-15.1489 -50.0562,-15.1826 -50.0392,-15.1977 -50.0658,-15.2286 -50.0482,-15.2217 -50.0058,-15.2631 -49.9751,-15.2672 -49.9225,-15.2458 -49.8964,-15.3254 -49.8634,-15.3338 -49.8307,-15.3079 -49.7706,-15.2877 -49.7467,-15.2402 -49.7707,-15.2287 -49.6667,-15.0664 -49.6962,-15.0619 -49.7513,-15.0843 -49.7674,-15.0729 -49.8237,-15.0814
5219001|-50.2196,-16.3066 -50.2115,-16.2585 -50.2596,-16.1784 -50.2802,-16.1578 -50.3110,-16.1600 -50.3698,-16.1422 -50.3937,-16.1603 -50.4149,-16.2119 -50.4577,-16.2330 -50.4630,-16.2616 -50.4763,-16.2746 -50.5027,-16.3564 -50.5403,-16.3903 -50.5377,-16.4989 -50.5075,-16.5034 -50.4754,-16.4330 -50.4613,-16.3674 -50.4088,-16.2868 -50.3679,-16.2891 -50.3062,-16.3253 -50.2934,-16.3124 -50.2451,-16.3208 -50.2462,-16.3490 -50.2138,-16.3419 -50.2196,-16.3066
5219100|-49.6951,-16.5220 -49.7298,-16.5801 -49.7290,-16.6378 -49.7275,-16.6710 -49.6872,-16.6710 -49.6563,-16.6625 -49.6538,-16.6309 -49.6331,-16.5930 -49.6023,-16.5686 -49.6399,-16.5428 -49.6951,-16.5220
5219209|-48.7029,-17.4969 -48.6158,-17.4750 -48.5224,-17.4799 -48.4988,-17.5551 -48.5024,-17.5717 -48.4683,-17.5416 -48.4372,-17.4702 -48.4471,-17.4364 -48.4144,-17.3427 -48.4305,-17.3410 -48.4045,-17.2394 -48.4565,-17.2002 -48.6074,-17.2220 -48.7043,-17.2376 -48.7546,-17.2792 -48.7946,-17.3537 -48.8081,-17.4122 -48.8007,-17.4322 -48.7551,-17.4819 -48.7029,-17.4969
5219258|-51.2319,-15.4846 -51.2437,-15.5399 -51.2187,-15.6049 -51.1786,-15.6464 -51.2429,-15.6774 -51.3197,-15.6243 -51.3727,-15.5979 -51.3873,-15.6315 -51.4162,-15.6139 -51.4344,-15.6307 -51.4304,-15.6701 -51.4031,-15.6850 -51.3837,-15.7242 -51.3558,-15.7250 -51.3071,-15.7688 -51.2429,-15.8080 -51.1562,-15.7982 -51.1543,-15.8223 -51.1267,-15.8549 -51.1244,-15.9032 -51.0584,-15.8808 -51.0551,-15.8253 -51.0277,-15.7853 -51.0029,-15.7762 -51.0001,-15.7156 -51.0191,-15.6839 -51.0202,-15.6398 -51.0486,-15.5762 -51.0619,-15.5054 -51.0861,-15.4945 -51.0998,-15.4533 -51.1196,-15.4369 -51.1254,-15.4209 -51.1892,-15.4513 -51.2319,-15.4846
5219308|-50.3444,-17.9425 -50.3647,-17.9295 -50.3729,-17.8927 -50.4229,-17.8830 -50.4134,-17.8312 -50.4430,-17.7922 -50.4231,-17.7306 -50.4605,-17.7214 -50.4769,-17.6599 -50.5188,-17.6477 -50.5596,-17.5965 -50.6103,-17.6260 -50.6373,-17.6253 -50.6728,-17.6566 -50.7014,-17.6605 -50.7210,-17.6991 -50.7831,-17.7469 -50.7851,-17.7774 -50.7460,-17.8302 -50.6745,-17.8499 -50.6490,-17.8803 -50.7228,-17.9518 -50.7001,-17.9719 -50.5874,-17.9829 -50.5246,-17.9504 -50.4678,-17.9511 -50.4009,-17.9287 -50.3444,-17.9425
5219357|-49.4626,-15.4324 -49.3621,-15.4403 -49.3396,-15.4915 -49.2822,-15.4379 -49.2976,-15.4102 -49.2750,-15.3883 -49.2618,-15.3509 -49.2820,-15.3288 -49.3406,-15.3439 -49.3551,-15.3277 -49.3431,-15.2764 -49.3220,-15.2335 -49.3049,-15.1550 -49.3125,-15.1229 -49.2903,-14.9908 -49.3233,-14.9892 -49.3480,-15.0276 -49.3862,-15.0487 -49.3976,-15.0936 -49.4780,-15.1391 -49.4814,-15.1765 -49.5059,-15.1762 -49.4980,-15.2031 -49.5206,-15.2701 -49.4834,-15.3277 -49.4873,-15.3575 -49.4540,-15.3816 -49.4626,-15.4324
5219407|-53.0141,-16.8643 -53.0350,-16.9425 -53.0545,-16.9684 -53.0638,-17.0165 -53.0550,-17.0644 -53.1107,-17.1081 -53.1282,-17.1549 -53.1551,-17.1866 -53.2092,-17.3160 -53.1972,-17.3783 -53.2314,-17.4404 -53.2236,-17.4583 -53.2420,-17.5042 -53.2404,-17.6000 -53.1964,-17.6105 -53.1631,-17.6441 -53.1161,-17.6613 -53.0665,-17.6637 -53.1795,-17.5509 -53.1692,-17.5126 -53.1340,-17.5026 -53.1145,-17.4752 -53.0976,-17.4162 -53.0699,-17.3711 -53.0455,-17.3649 -52.9646,-17.3079 -52.9358,-17.3068 -52.8864,-17.2825 -52.8911,-17.2582 -52.9235,-17.2198 -52.9155,-17.1916 -52.9245,-17.1485 -52.9530,-17.1167 -52.9697,-17.0530 -52.9534,-17.0343 -52.9614,-16.9840 -52.9471,-16.9484 -52.9092,-16.9263 -52.9274,-16.8856 -52.9291,-16.8376 -52.9717,-16.8697 -53.0141,-16.8643
5219456|-49.2058,-14.8458 -49.1566,-14.8817 -49.1046,-14.8533 -49.0905,-14.8870 -49.0988,-14.9320 -49.1203,-14.9473 -49.1346,-14.9988 -49.1779,-15.0917 -49.1881,-15.1350 -49.1588,-15.1588 -49.0813,-15.1505 -49.0267,-15.0784 -49.0051,-15.0741 -48.9951,-15.0356 -49.0468,-15.0011 -49.0430,-14.9764 -48.9979,-14.9255 -48.9453,-14.8534 -48.9125,-14.8333 -48.8938,-14.7822 -48.8910,-14.7457 -48.9119,-14.7357 -48.9500,-14.6812 -48.9907,-14.6305 -48.9846,-14.5935 -49.0399,-14.5767 -49.0152,-14.6701 -49.0706,-14.7434 -49.0907,-14.7293 -49.1497,-14.7347 -49.1515,-14.7662 -49.1945,-14.7681 -49.1874,-14.8136 -49.2058,-14.8458
5219506|-49.4652,-16.0046 -49.5094,-15.9729 -49.5324,-15.9788 -49.5173,-15.9973 -49.5388,-16.0541 -49.5250,-16.1142 -49.4866,-16.1305 -49.4472,-16.1671 -49.4550,-16.1504 -49.4413,-16.0777 -49.4014,-16.0155 -49.4652,-16.0046
5219605|-48.9552,-13.3456 -48.9982,-13.3987 -49.0202,-13.5061 -49.0624,-13.5283 -49.0838,-13.5567 -49.0761,-13.5762 -49.0951,-13.6159 -49.1205,-13.6388 -49.1267,-13.6821 -49.1371,-13.7295 -49.1170,-13.7720 -49.0572,-13.7445 -49.0290,-13.7652 -48.9908,-13.7415 -48.9706,-13.7214 -48.9590,-13.6788 -48.9281,-13.6675 -48.9220,-13.6216 -48.8851,-13.6001 -48.8363,-13.5303 -48.8330,-13.4779 -48.8594,-13.4349 -48.8931,-13.4244 -48.8949,-13.3997 -48.9552,-13.3456
5219704|-49.7919,-14.3057 -49.7657,-14.4061 -49.7281,-14.4254 -49.7377,-14.4440 -49.6945,-14.4658 -49.6605,-14.4814 -49.6635,-14.5253 -49.6347,-14.5778 -49.6437,-14.6283 -49.6255,-14.6747 -49.5661,-14.6419 -49.5705,-14.6144 -49.5384,-14.5385 -49.5484,-14.4987 -49.5003,-14.4631 -49.4728,-14.4631 -49.4971,-14.2552 -49.5616,-14.2329 -49.5753,-14.2884 -49.7035,-14.3047 -49.7529,-14.2862 -49.7692,-14.2527 -49.7052,-14.2114 -49.7511,-14.1643 -49.7323,-14.1088 -49.7443,-14.0802 -49.7451,-14.0463 -49.7958,-14.0081 -49.8188,-13.9399 -49.8817,-13.9847 -49.8736,-14.0441 -49.8969,-14.0684 -49.8814,-14.0977 -49.8367,-14.1247 -49.8490,-14.1769 -49.8171,-14.2001 -49.8247,-14.2315 -49.7919,-14.3057
5219712|-50.6178,-17.3766 -50.6546,-17.4095 -50.6463,-17.4570 -50.6728,-17.4828 -50.7295,-17.5086 -50.7501,-17.5285 -50.7500,-17.5819 -50.7089,-17.6348 -50.7014,-17.6605 -50.6728,-17.6566 -50.6373,-17.6253 -50.6103,-17.6260 -50.5596,-17.5965 -50.5460,-17.5812 -50.5600,-17.5470 -50.5163,-17.5221 -50.5268,-17.4305 -50.5900,-17.4087 -50.6178,-17.3766
5219738|-49.3222,-16.4375 -49.3672,-16.4989 -49.3404,-16.5201 -49.3280,-16.5565 -49.3101,-16.5298 -49.2634,-16.5159 -49.2137,-16.4538 -49.2804,-16.3990 -49.2981,-16.4372 -49.3222,-16.4375
5219753|-48.0848,-16.0497 -48.2778,-16.0496 -48.2514,-15.9557 -48.2747,-15.9093 -48.2818,-15.8306 -48.3135,-15.8218 -48.3777,-15.8215 -48.4179,-15.9134 -48.4225,-15.9482 -48.4082,-15.9771 -48.3719,-15.9975 -48.3692,-16.0723 -48.3503,-16.1188 -48.3533,-16.1805 -48.3722,-16.1990 -48.3631,-16.2416 -48.3291,-16.2603 -48.3236,-16.3182 -48.2608,-16.3146 -48.2410,-16.3253 -48.2018,-16.3125 -48.1742,-16.2145 -48.1406,-16.1692 -48.1475,-16.0958 -48.0848,-16.0497
5219803|-46.4494,-13.0551 -46.4073,-13.1233 -46.3765,-13.2177 -46.3825,-13.2798 -46.3953,-13.3115 -46.3836,-13.3320 -46.3833,-13.3826 -46.7154,-13.3854 -46.7488,-13.4075 -46.7650,-13.4506 -46.7725,-13.5411 -46.7915,-13.5911 -46.8164,-13.5870 -46.8509,-13.6146 -46.8515,-13.6317 -46.7999,-13.6559 -46.8083,-13.6763 -46.7850,-13.7030 -46.8371,-13.7635 -46.8182,-13.7990 -46.8484,-13.8195 -46.8250,-13.8445 -46.8169,-13.8295 -46.7592,-13.8244 -46.7314,-13.8352 -46.6830,-13.8152 -46.6217,-13.8195 -46.5411,-13.7941 -46.4961,-13.8136 -46.4586,-13.8090 -46.3685,-13.7416 -46.3012,-13.7002 -46.2357,-13.7081 -46.2562,-13.6842 -46.2164,-13.6360 -46.1627,-13.6036 -46.1996,-13.5725 -46.2317,-13.5832 -46.2473,-13.5217 -46.2332,-13.4817 -46.2090,-13.4656 -46.2320,-13.4186 -46.1917,-13.4100 -46.1355,-13.3755 -46.0733,-13.3114 -46.0683,-13.2954 -46.1032,-13.2575 -46.1749,-13.2770 -46.2925,-13.3169 -46.3055,-13.2517 -46.2996,-13.1281 -46.3290,-13.0998 -46.2987,-13.0638 -46.4494,-13.0551
5219902|-49.3646,-16.0057 -49.2884,-16.0056 -49.2155,-16.0816 -49.1772,-16.0836 -49.1500,-16.0299 -49.1339,-16.0021 -49.1797,-15.9592 -49.1968,-15.9291 -49.1990,-15.8874 -49.2162,-15.8565 -49.2652,-15.8277 -49.3050,-15.8257 -49.3402,-15.8570 -49.3442,-15.9016 -49.3632,-15.9035 -49.3484,-15.9353 -49.3646,-16.0057
5220009|-47.1141,-14.0970 -47.1755,-14.1480 -47.2468,-14.1419 -47.2863,-14.1597 -47.3253,-14.1616 -47.3619,-14.1322 -47.4018,-14.1470 -47.4115,-14.1676 -47.4547,-14.1614 -47.4312,-14.2111 -47.4033,-14.2231 -47.3895,-14.3138 -47.4252,-14.3233 -47.4651,-14.3631 -47.4817,-14.4181 -47.5162,-14.4322 -47.5496,-14.4248 -47.5536,-14.4546 -47.5972,-14.4272 -47.6482,-14.4386 -47.6602,-14.4587 -47.7051,-14.4626 -47.7337,-14.4118 -47.7634,-14.4107 -47.8091,-14.3797 -47.8277,-14.3509 -47.8638,-14.3785 -47.8412,-14.4293 -47.8235,-14.5033 -47.7622,-14.5438 -47.7720,-14.6416 -47.7179,-14.6533 -47.7060,-14.6703 -47.6935,-14.7439 -47.6655,-14.7085 -47.6314,-14.7444 -47.6404,-14.7574 -47.6479,-14.8328 -47.5845,-14.7749 -47.5573,-14.7325 -47.5346,-14.7371 -47.5279,-14.7701 -47.4775,-14.8170 -47.4276,-14.8306 -47.3604,-14.8032 -47.3572,-14.7762 -47.3148,-14.7672 -47.2823,-14.6943 -47.2344,-14.6879 -47.2318,-14.6394 -47.1859,-14.5601 -47.1456,-14.5396 -47.1566,-14.4677 -47.1831,-14.4398 -47.1904,-14.3679 -47.1706,-14.2643 -47.1399,-14.2546 -47.1310,-14.2049 -47.0842,-14.1684 -47.0827,-14.1414 -47.0310,-14.0887 -46.9944,-14.0821 -46.9855,-14.0525 -47.0389,-14.0321 -47.1141,-14.0970
5220058|-50.4496,-16.7976 -50.4557,-16.8884 -50.4192,-16.9168 -50.3897,-16.8969 -50.3294,-16.8827 -50.2852,-16.8906 -50.3029,-16.8581 -50.2833,-16.8042 -50.2846,-16.7684 -50.3594,-16.7405 -50.3617,-16.6997 -50.3763,-16.7238 -50.4293,-16.7538 -50.4496,-16.7976
5220108|-50.4847,-16.6372 -50.4452,-16.5976 -50.3471,-16.5774 -50.3032,-16.5586 -50.2825,-16.5078 -50.2451,-16.4501 -50.2281,-16.4513 -50.2219,-16.4761 -50.1662,-16.4656 -50.1821,-16.4214 -50.2265,-16.4037 -50.2258,-16.3621 -50.2462,-16.3490 -50.2451,-16.3208 -50.2934,-16.3124 -50.3062,-16.3253 -50.3679,-16.2891 -50.4088,-16.2868 -50.4613,-16.3674 -50.4754,-16.4330 -50.5075,-16.5034 -50.5377,-16.4989 -50.5628,-16.5181 -50.5230,-16.6086 -50.4847,-16.6372
5220157|-49.4281,-14.9713 -49.4198,-14.9989 -49.3691,-15.0116 -49.3233,-14.9892 -49.2903,-14.9908 -49.1346,-14.9988 -49.1203,-14.9473 -49.0988,-14.9320 -49.0905,-14.8870 -49.1046,-14.8533 -49.1566,-14.8817 -49.2058,-14.8458 -49.2391,-14.8649 -49.2496,-14.8215 -49.3546,-14.8099 -49.4090,-14.8486 -49.4281,-14.9713
5220207|-49.9088,-12.9751 -49.9778,-12.9406 -50.0897,-12.9082 -50.1852,-12.8936 -50.2253,-12.8600 -50.2856,-12.8397 -50.3108,-12.7916 -50.2958,-12.7107 -50.2684,-12.6517 -50.2368,-12.6241 -50.2448,-12.5975 -50.1934,-12.5638 -50.2293,-12.5316 -50.2152,-12.4820 -50.1418,-12.3954 -50.2058,-12.4452 -50.2537,-12.4623 -50.3055,-12.4924 -50.3315,-12.5355 -50.3696,-12.5581 -50.4174,-12.6232 -50.4348,-12.6577 -50.4316,-12.6884 -50.4789,-12.7126 -50.4874,-12.7445 -50.4755,-12.7713 -50.4842,-12.8089 -50.5110,-12.8609 -50.5237,-12.9712 -50.5488,-12.9928 -50.5873,-12.9985 -50.5708,-13.0342 -50.6103,-13.0648 -50.5946,-13.0967 -50.6047,-13.1915 -50.5850,-13.2153 -50.6111,-13.3202 -50.6090,-13.3541 -50.5778,-13.3864 -50.5450,-13.4579 -50.5202,-13.4636 -50.5315,-13.4994 -50.4978,-13.5514 -50.4689,-13.5628 -50.4438,-13.5441 -50.3720,-13.5569 -50.2809,-13.5433 -50.2556,-13.5454 -50.2114,-13.5334 -50.1707,-13.5526 -50.1090,-13.5131 -50.0598,-13.5249 -50.0026,-13.4884 -49.9793,-13.4872 -49.9463,-13.4598 -49.9015,-13.4496 -49.8620,-13.3905 -49.8506,-13.3274 -49.8184,-13.2796 -49.8227,-13.1889 -49.8428,-13.1520 -49.9088,-12.9751
5220264|-48.7879,-16.8368 -48.8009,-16.9114 -48.7666,-16.9419 -48.7801,-16.9734 -48.7765,-17.0067 -48.7080,-17.0489 -48.7092,-17.0777 -48.6818,-17.1179 -48.6375,-17.1346 -48.6379,-17.1654 -48.6022,-17.1306 -48.5729,-17.1293 -48.5860,-17.0895 -48.5308,-17.0150 -48.5485,-16.9725 -48.5767,-16.9553 -48.5958,-16.9237 -48.6292,-16.9146 -48.6466,-16.8857 -48.6869,-16.8920 -48.7228,-16.8452 -48.7879,-16.8368
5220280|-49.9079,-15.3700 -49.9152,-15.3832 -49.8624,-15.4136 -49.8599,-15.4495 -49.8119,-15.4507 -49.7863,-15.4203 -49.7877,-15.3621 -49.7568,-15.3390 -49.7482,-15.2938 -49.7706,-15.2877 -49.8307,-15.3079 -49.8634,-15.3338 -49.8964,-15.3254 -49.9079,-15.3700
5220405|-50.4732,-18.9214 -50.4948,-18.8930 -50.5394,-18.9112 -50.5662,-18.9065 -50.6171,-18.9277 -50.6790,-18.9134 -50.6817,-18.9582 -50.7094,-18.9954 -50.6776,-19.0198 -50.6539,-19.0768 -50.6457,-19.1348 -50.5865,-19.1395 -50.5352,-19.0989 -50.5031,-19.0469 -50.4951,-19.0129 -50.5119,-18.9520 -50.4732,-18.9214
5220454|-49.0780,-16.5935 -49.1476,-16.6472 -49.1666,-16.6509 -49.1937,-16.6914 -49.1508,-16.7472 -49.1589,-16.7908 -49.1542,-16.8241 -49.0849,-16.7723 -49.0615,-16.7878 -49.0534,-16.7300 -49.0123,-16.6601 -49.0613,-16.6412 -49.0780,-16.5935
5220504|-52.3119,-18.5011 -52.2956,-18.4924 -52.2428,-18.5046 -52.1598,-18.4949 -52.1108,-18.5268 -52.0730,-18.5052 -52.0534,-18.5149 -52.0131,-18.5670 -51.9529,-18.5973 -51.9429,-18.6153 -51.8969,-18.6332 -51.9011,-18.5869 -51.9267,-18.5397 -51.8452,-18.5713 -51.7986,-18.5406 -51.7974,-18.4885 -51.7652,-18.4755 -51.7148,-18.4756 -51.6396,-18.4962 -51.6305,-18.4722 -51.6519,-18.4296 -51.6484,-18.3914 -51.6839,-18.3597 -51.6429,-18.3298 -51.6539,-18.2873 -51.7376,-18.2431 -51.7857,-18.2626 -51.7999,-18.2123 -51.8258,-18.2127 -51.8465,-18.1387 -51.9000,-18.1359 -51.9222,-18.1571 -52.0094,-18.1519 -52.0394,-18.0740 -52.0804,-18.0456 -52.1400,-18.0269 -52.1642,-18.0024 -52.1594,-17.9776 -52.1926,-17.9432 -52.2019,-17.8887 -52.1920,-17.8267 -52.2237,-17.8128 -52.2612,-17.8433 -52.3146,-17.8307 -52.3584,-17.8524 -52.3961,-17.8308 -52.4290,-17.8713 -52.4670,-17.8803 -52.5051,-17.9142 -52.5440,-17.9055 -52.6592,-17.9592 -52.6642,-17.9775 -52.7121,-17.9716 -52.7826,-18.0704 -52.7532,-18.1215 -52.6674,-18.1995 -52.5981,-18.2549 -52.5224,-18.3430 -52.4777,-18.3596 -52.4619,-18.4115 -52.3704,-18.4688 -52.3358,-18.4697 -52.3119,-18.5011
5220603|-48.5958,-16.9237 -48.5624,-16.8139 -48.5454,-16.7920 -48.5266,-16.6923 -48.5080,-16.6480 -48.4321,-16.6277 -48.3931,-16.6325 -48.3198,-16.6617 -48.3117,-16.6836 -48.2566,-16.7389 -48.1946,-16.7338 -48.1855,-16.7069 -48.1951,-16.6425 -48.2407,-16.5772 -48.2699,-16.4892 -48.3093,-16.4518 -48.3416,-16.4441 -48.3582,-16.4141 -48.4012,-16.3841 -48.4011,-16.3267 -48.3743,-16.3096 -48.4116,-16.2867 -48.4514,-16.2864 -48.4946,-16.3048 -48.5160,-16.3394 -48.5226,-16.3942 -48.5413,-16.4175 -48.5788,-16.4189 -48.6050,-16.4447 -48.5588,-16.4714 -48.5414,-16.4994 -48.5899,-16.5142 -48.6443,-16.5192 -48.6987,-16.4931 -48.7504,-16.4998 -48.7799,-16.4640 -48.8223,-16.4347 -48.8709,-16.4211 -48.8747,-16.4006 -48.9005,-16.4186 -48.8621,-16.4553 -48.8615,-16.4895 -48.8374,-16.5050 -48.7848,-16.5884 -48.7188,-16.6184 -48.7221,-16.6861 -48.7841,-16.6320 -48.8326,-16.6587 -48.8522,-16.6568 -48.8723,-16.6570 -48.9159,-16.7199 -48.8668,-16.7544 -48.8681,-16.7676 -48.8296,-16.7662 -48.8019,-16.7972 -48.7879,-16.8368 -48.7228,-16.8452 -48.6869,-16.8920 -48.6466,-16.8857 -48.6292,-16.9146 -48.5958,-16.9237
5220686|-46.7316,-14.3912 -46.7120,-14.4283 -46.7183,-14.4665 -46.6301,-14.5067 -46.5977,-14.4798 -46.5644,-14.4724 -46.5426,-14.4864 -46.4785,-14.4702 -46.4582,-14.4776 -46.4373,-14.4565 -46.4322,-14.4229 -46.4474,-14.3871 -46.4475,-14.3872 -46.4673,-14.3981 -46.5275,-14.3889 -46.5631,-14.3667 -46.5834,-14.3856 -46.6288,-14.3832 -46.6580,-14.3689 -46.6836,-14.3881 -46.7316,-14.3912
5220702|-46.5027,-15.0509 -46.5308,-15.0053 -46.5181,-14.9705 -46.5408,-14.9516 -46.5399,-14.8919 -46.5216,-14.8512 -46.5605,-14.8150 -46.6197,-14.8187 -46.5871,-14.9350 -46.5673,-14.9750 -46.5596,-15.0261 -46.5261,-15.0564 -46.5027,-15.0509
5221007|-49.6417,-16.1151 -49.5742,-16.1019 -49.5519,-16.1278 -49.5250,-16.1142 -49.5388,-16.0541 -49.5173,-15.9973 -49.5324,-15.9788 -49.5507,-15.9694 -49.6511,-15.9841 -49.6845,-16.0072 -49.6804,-16.0390 -49.6525,-16.0775 -49.6417,-16.1151
5221080|-47.2725,-13.4322 -47.2496,-13.4864 -47.2600,-13.5342 -47.3242,-13.6321 -47.3074,-13.6650 -47.3341,-13.7086 -47.3068,-13.7346 -47.3169,-13.7724 -47.3537,-13.8047 -47.3261,-13.8269 -47.3097,-13.8920 -47.3355,-13.9301 -47.2795,-13.9521 -47.2640,-13.9769 -47.2422,-13.9425 -47.2505,-13.8984 -47.2382,-13.8760 -47.1981,-13.8616 -47.1909,-13.7954 -47.2035,-13.7729 -47.1942,-13.7229 -47.1579,-13.6713 -47.1624,-13.6313 -47.1379,-13.5667 -47.1434,-13.5104 -47.1267,-13.4398 -47.1477,-13.4135 -47.1968,-13.4520 -47.2574,-13.4503 -47.2725,-13.4322
5221197|-49.1117,-16.4271 -49.1273,-16.5136 -49.1131,-16.5369 -49.0801,-16.5006 -49.0688,-16.4676 -49.0200,-16.4455 -49.0044,-16.4126 -48.9821,-16.4054 -49.0246,-16.4122 -49.0479,-16.3771 -49.0971,-16.3936 -49.1117,-16.4271
5221304|-47.6102,-18.3157 -47.7142,-18.2901 -47.8750,-18.2833 -47.9101,-18.3267 -47.8521,-18.3610 -47.8659,-18.4042 -47.8605,-18.4402 -47.8297,-18.4113 -47.7695,-18.4183 -47.7370,-18.3626 -47.6940,-18.3750 -47.6797,-18.3561 -47.6102,-18.3157
5221403|-49.4446,-16.7177 -49.4397,-16.6713 -49.3801,-16.6303 -49.3918,-16.5978 -49.4219,-16.5572 -49.4549,-16.5359 -49.4589,-16.4938 -49.5941,-16.5280 -49.6197,-16.4894 -49.6535,-16.5068 -49.6902,-16.5077 -49.6951,-16.5220 -49.6399,-16.5428 -49.6023,-16.5686 -49.6331,-16.5930 -49.6538,-16.6309 -49.6563,-16.6625 -49.6872,-16.6710 -49.6899,-16.6920 -49.6398,-16.7711 -49.6352,-16.8057 -49.5986,-16.8023 -49.5761,-16.7719 -49.5332,-16.8125 -49.5025,-16.8002 -49.5395,-16.7644 -49.4446,-16.7177
5221452|-48.8330,-13.4779 -48.7885,-13.4729 -48.7717,-13.5305 -48.7316,-13.5731 -48.7260,-13.6070 -48.7014,-13.6385 -48.6864,-13.5938 -48.6441,-13.5728 -48.6269,-13.5353 -48.5802,-13.4961 -48.5515,-13.4326 -48.5813,-13.4132 -48.5603,-13.3876 -48.6084,-13.3920 -48.6355,-13.4075 -48.7094,-13.3743 -48.7492,-13.3445 -48.7895,-13.3465 -48.8242,-13.3193 -48.7636,-13.2927 -48.7935,-13.2441 -48.8356,-13.2168 -48.8551,-13.2192 -48.8566,-13.2443 -48.9002,-13.2546 -48.9187,-13.3075 -48.9552,-13.3456 -48.8949,-13.3997 -48.8931,-13.4244 -48.8594,-13.4349 -48.8330,-13.4779
5221502|-49.9832,-16.5606 -50.0139,-16.5065 -50.0980,-16.4924 -50.1292,-16.5011 -50.1716,-16.4828 -50.1662,-16.4656 -50.2219,-16.4761 -50.2281,-16.4513 -50.2433,-16.4894 -50.2334,-16.5187 -50.2473,-16.5454 -50.2329,-16.6102 -50.2408,-16.6360 -50.2115,-16.6798 -50.2134,-16.7031 -50.1932,-16.6862 -50.1500,-16.6807 -50.0067,-16.6206 -49.9832,-16.5606
5221551|-50.3444,-17.9425 -50.3238,-17.9874 -50.2982,-18.0001 -50.2909,-18.0301 -50.2510,-18.0316 -50.2268,-18.0139 -50.2112,-17.9850 -50.2683,-17.9729 -50.2959,-17.9359 -50.2403,-17.9038 -50.2419,-17.8389 -50.2692,-17.8137 -50.2087,-17.7710 -50.1937,-17.7419 -50.2042,-17.7164 -50.1759,-17.6753 -50.1501,-17.6008 -50.1629,-17.5666 -50.2301,-17.5650 -50.2756,-17.5796 -50.2784,-17.6038 -50.3750,-17.6044 -50.4328,-17.6175 -50.4769,-17.6599 -50.4605,-17.7214 -50.4231,-17.7306 -50.4430,-17.7922 -50.4134,-17.8312 -50.4229,-17.8830 -50.3729,-17.8927 -50.3647,-17.9295 -50.3444,-17.9425
5221577|-49.7919,-14.3057 -49.8247,-14.2315 -49.8171,-14.2001 -49.8490,-14.1769 -49.8367,-14.1247 -49.8814,-14.0977 -49.8969,-14.0684 -49.8736,-14.0441 -49.8817,-13.9847 -49.8188,-13.9399 -49.8349,-13.9036 -49.9364,-13.8956 -49.9425,-13.9142 -49.9199,-13.9324 -49.9510,-14.0218 -50.1605,-14.0010 -50.1477,-14.0495 -50.1435,-14.1258 -50.1257,-14.1359 -50.1220,-14.2108 -50.0719,-14.2295 -50.0285,-14.2746 -50.0355,-14.3003 -50.0043,-14.3165 -49.9275,-14.3886 -49.9213,-14.3526 -49.8738,-14.3334 -49.8394,-14.3437 -49.7919,-14.3057
5221601|-49.0399,-14.5767 -49.0092,-14.5601 -49.0084,-14.5364 -49.0406,-14.5278 -49.0243,-14.4706 -48.9927,-14.4552 -48.9776,-14.4165 -48.9927,-14.3899 -48.9890,-14.3371 -49.0167,-14.3206 -48.9649,-14.2926 -48.9422,-14.2510 -48.8940,-14.2302 -48.8490,-14.1582 -48.8103,-14.1709 -48.7941,-14.1395 -48.7635,-14.1197 -48.7228,-14.1281 -48.7019,-14.1078 -48.7199,-14.0445 -48.7131,-14.0203 -48.7341,-13.9904 -48.7267,-13.9602 -48.7607,-13.9252 -48.7803,-13.8792 -48.7990,-14.0614 -49.0089,-14.0914 -49.0861,-14.3336 -49.1356,-14.3741 -49.1960,-14.3821 -49.2123,-14.3920 -49.3018,-14.4052 -49.3054,-14.4398 -49.3339,-14.4593 -49.3467,-14.5103 -49.3697,-14.5146 -49.3979,-14.5213 -49.4422,-14.5520 -49.4526,-14.5881 -49.4360,-14.6195 -49.3921,-14.6375 -49.3580,-14.6076 -49.3265,-14.6367 -49.3200,-14.6688 -49.2812,-14.6810 -49.2817,-14.7018 -49.1975,-14.7481 -49.1945,-14.7681 -49.1515,-14.7662 -49.1497,-14.7347 -49.0907,-14.7293 -49.0706,-14.7434 -49.0152,-14.6701 -49.0399,-14.5767
5221700|-49.5552,-15.6369 -49.5686,-15.4777 -49.5442,-15.4680 -49.5394,-15.4483 -49.5706,-15.4549 -49.5873,-15.4094 -49.6055,-15.4087 -49.6547,-15.4069 -49.6866,-15.4215 -49.6961,-15.4456 -49.6833,-15.4822 -49.7323,-15.5263 -49.6928,-15.5539 -49.7002,-15.6143 -49.7466,-15.6646 -49.6960,-15.7223 -49.6851,-15.7641 -49.6930,-15.8061 -49.6895,-15.8271 -49.6788,-15.7783 -49.6433,-15.7379 -49.6457,-15.7104 -49.5552,-15.6369
5221809|-48.3644,-17.5136 -48.3144,-17.5223 -48.2967,-17.5403 -48.2594,-17.5425 -48.2232,-17.5896 -48.1684,-17.5537 -48.1593,-17.5297 -48.1142,-17.5433 -48.1053,-17.4998 -48.1190,-17.4582 -48.0869,-17.4293 -48.0464,-17.4146 -48.0757,-17.3663 -48.0885,-17.2924 -48.1193,-17.2738 -48.1991,-17.3103 -48.2390,-17.3274 -48.2683,-17.3959 -48.3119,-17.4490 -48.3492,-17.4515 -48.3711,-17.4744 -48.3644,-17.5136
5221858|-47.9636,-16.1047 -47.9386,-16.0499 -48.0160,-16.0497 -48.0178,-16.0497 -48.0309,-16.0873 -48.0019,-16.1369 -47.9636,-16.1047
5221908|-49.7420,-16.9568 -49.7482,-17.0071 -49.7266,-17.0671 -49.7012,-17.0853 -49.6881,-17.1269 -49.6581,-17.1552 -49.6578,-17.1812 -49.6207,-17.2288 -49.5033,-17.1510 -49.4896,-17.1610 -49.4903,-17.1190 -49.4733,-17.0946 -49.4939,-17.0596 -49.4836,-17.0227 -49.4792,-16.9812 -49.5202,-17.0010 -49.5276,-17.0266 -49.6028,-17.0655 -49.6326,-17.0107 -49.5937,-16.9523 -49.6439,-16.9579 -49.7420,-16.9568
5222005|-48.4901,-17.0020 -48.4713,-16.9509 -48.4494,-16.9299 -48.4147,-16.9364 -48.3093,-16.8415 -48.3016,-16.8102 -48.2631,-16.7986 -48.2566,-16.7389 -48.3117,-16.6836 -48.3198,-16.6617 -48.3931,-16.6325 -48.4321,-16.6277 -48.5080,-16.6480 -48.5266,-16.6923 -48.5454,-16.7920 -48.5624,-16.8139 -48.5958,-16.9237 -48.5767,-16.9553 -48.5485,-16.9725 -48.5308,-17.0150 -48.5860,-17.0895 -48.5729,-17.1293 -48.4901,-17.0020
5222054|-49.7826,-17.8862 -49.7786,-17.7758 -49.6839,-17.8068 -49.7336,-17.7611 -49.7317,-17.7259 -49.6940,-17.6869 -49.7465,-17.6388 -49.8254,-17.5850 -49.8490,-17.5767 -49.8953,-17.6124 -49.9247,-17.6059 -49.9568,-17.6278 -49.9808,-17.6648 -50.0033,-17.6599 -50.0264,-17.7097 -50.0657,-17.7320 -50.0659,-17.7654 -50.0871,-17.7850 -50.0730,-17.7990 -49.9845,-17.7826 -49.9153,-17.7960 -49.8573,-17.8630 -49.8205,-17.8503 -49.8027,-17.8867 -49.7826,-17.8862
5222203|-47.1108,-14.6767 -47.1460,-14.6959 -47.2196,-14.8107 -47.2092,-14.8256 -47.2276,-14.8779 -47.2104,-14.9046 -47.2160,-14.9543 -47.1734,-14.9754 -47.1860,-15.0123 -47.1330,-15.1179 -47.0780,-15.0638 -47.0483,-15.0897 -47.0385,-15.1248 -47.0085,-15.1731 -47.0188,-15.1974 -46.9881,-15.2579 -46.9413,-15.3145 -46.8737,-15.2854 -46.8915,-15.2353 -46.9277,-15.2551 -46.9373,-15.2050 -46.8883,-15.1125 -46.9260,-15.0736 -46.9251,-15.0575 -46.9843,-14.9106 -47.0538,-14.9030 -47.0815,-14.8016 -47.1154,-14.7727 -47.0952,-14.7254 -47.1108,-14.6767
5222302|-48.5928,-15.3647 -48.5796,-15.3484 -48.5915,-15.2866 -48.5714,-15.2657 -48.5688,-15.2324 -48.5885,-15.1970 -48.6179,-15.1722 -48.6071,-15.1528 -48.6538,-15.1008 -48.6534,-15.0431 -48.6060,-15.0173 -48.6110,-15.0024 -48.6563,-14.9691 -48.6744,-14.9795 -48.7040,-14.9473 -48.7503,-14.9295 -48.7438,-14.8862 -48.7573,-14.8628 -48.7727,-14.9078 -48.7943,-14.9196 -48.8060,-14.9537 -48.8068,-15.0049 -48.8549,-15.0648 -48.8520,-15.0884 -48.9089,-15.1670 -48.9185,-15.2394 -48.9399,-15.2606 -48.9902,-15.2620 -49.0299,-15.2803 -49.0775,-15.3433 -49.0855,-15.3821 -49.0673,-15.4313 -49.0905,-15.4678 -49.0811,-15.5113 -49.0304,-15.5405 -48.9932,-15.5375 -48.9574,-15.5114 -48.9175,-15.5311 -48.8953,-15.5228 -48.8140,-15.5176 -48.7479,-15.4731 -48.7227,-15.4420 -48.7122,-15.4032 -48.6596,-15.3699 -48.5928,-15.3647