fips5,property,depth,value
5200159,clay_pct,0-5cm,33.8
5200159,clay_pct,5-15cm,35.9
5200159,clay_pct,15-30cm,38.6
5200159,clay_pct,30-60cm,42.3
5200159,clay_pct,60-100cm,43.1
5200159,sand_pct,0-5cm,44.3
5200159,sand_pct,5-15cm,45.2
5200159,sand_pct,15-30cm,43.3
5200159,sand_pct,30-60cm,41.4
5200159,sand_pct,60-100cm,40.8
5200159,silt_pct,0-5cm,21.9
5200159,silt_pct,5-15cm,18.9
5200159,silt_pct,15-30cm,18.1
5200159,silt_pct,30-60cm,16.3
5200159,silt_pct,60-100cm,16.1
5200159,soc_pct,0-5cm,2.37
5200159,soc_pct,5-15cm,2.17
5200159,soc_pct,15-30cm,1.51
5200159,soc_pct,30-60cm,0.87
5200159,soc_pct,60-100cm,0.64
5200159,ph_h2o,0-5cm,5.6
5200159,ph_h2o,5-15cm,5.6
5200159,ph_h2o,15-30cm,5.6
5200159,ph_h2o,30-60cm,5.8
5200159,ph_h2o,60-100cm,5.8
5200159,bd_kg_dm3,0-5cm,1.29
5200159,bd_kg_dm3,5-15cm,1.3
5200159,bd_kg_dm3,15-30cm,1.33
5200159,bd_kg_dm3,30-60cm,1.29
5200159,bd_kg_dm3,60-100cm,1.29
5200159,cec_cmol_kg,0-5cm,11.6
5200159,cec_cmol_kg,5-15cm,10.6
5200159,cec_cmol_kg,15-30cm,7.1
5200159,cec_cmol_kg,30-60cm,6.2
5200159,cec_cmol_kg,60-100cm,5.6
5200175,clay_pct,0-5cm,40.8
5200175,clay_pct,5-15cm,43.2
5200175,clay_pct,15-30cm,45.6
5200175,clay_pct,30-60cm,54.9
5200175,clay_pct,60-100cm,55.7
5200175,sand_pct,0-5cm,28.5
5200175,sand_pct,5-15cm,27.3
5200175,sand_pct,15-30cm,25.6
5200175,sand_pct,30-60cm,21.0
5200175,sand_pct,60-100cm,20.8
5200175,silt_pct,0-5cm,30.7
5200175,silt_pct,5-15cm,29.5
5200175,silt_pct,15-30cm,28.8
5200175,silt_pct,30-60cm,24.1
5200175,silt_pct,60-100cm,23.5
5200175,soc_pct,0-5cm,2.39
5200175,soc_pct,5-15cm,1.91
5200175,soc_pct,15-30cm,1.35
5200175,soc_pct,30-60cm,0.94
5200175,soc_pct,60-100cm,0.65
5200175,ph_h2o,0-5cm,5.3
5200175,ph_h2o,5-15cm,5.3
5200175,ph_h2o,15-30cm,5.4
5200175,ph_h2o,30-60cm,5.5
5200175,ph_h2o,60-100cm,5.5
5200175,bd_kg_dm3,0-5cm,1.18
5200175,bd_kg_dm3,5-15cm,1.2
5200175,bd_kg_dm3,15-30cm,1.19
5200175,bd_kg_dm3,30-60cm,1.2
5200175,bd_kg_dm3,60-100cm,1.2
5200175,cec_cmol_kg,0-5cm,10.3
5200175,cec_cmol_kg,5-15cm,8.2
5200175,cec_cmol_kg,15-30cm,7.7
5200175,cec_cmol_kg,30-60cm,7.2
5200175,cec_cmol_kg,60-100cm,6.6
5200209,clay_pct,0-5cm,36.6
5200209,clay_pct,5-15cm,38.0
5200209,clay_pct,15-30cm,41.3
5200209,clay_pct,30-60cm,45.9
5200209,clay_pct,60-100cm,47.8
5200209,sand_pct,0-5cm,43.2
5200209,sand_pct,5-15cm,41.7
5200209,sand_pct,15-30cm,39.7
5200209,sand_pct,30-60cm,36.0
5200209,sand_pct,60-100cm,34.9
5200209,silt_pct,0-5cm,20.2
5200209,silt_pct,5-15cm,20.3
5200209,silt_pct,15-30cm,19.0
5200209,silt_pct,30-60cm,18.1
5200209,silt_pct,60-100cm,17.3
5200209,soc_pct,0-5cm,2.42
5200209,soc_pct,5-15cm,1.78
5200209,soc_pct,15-30cm,1.23
5200209,soc_pct,30-60cm,0.69
5200209,soc_pct,60-100cm,0.52
5200209,ph_h2o,0-5cm,5.6
5200209,ph_h2o,5-15cm,5.6
5200209,ph_h2o,15-30cm,5.6
5200209,ph_h2o,30-60cm,5.7
5200209,ph_h2o,60-100cm,5.8
5200209,bd_kg_dm3,0-5cm,1.28
5200209,bd_kg_dm3,5-15cm,1.31
5200209,bd_kg_dm3,15-30cm,1.34
5200209,bd_kg_dm3,30-60cm,1.29
5200209,bd_kg_dm3,60-100cm,1.27
5200209,cec_cmol_kg,0-5cm,11.0
5200209,cec_cmol_kg,5-15cm,10.5
5200209,cec_cmol_kg,15-30cm,8.7
5200209,cec_cmol_kg,30-60cm,7.8
5200209,cec_cmol_kg,60-100cm,7.3
5200050,clay_pct,0-5cm,32.8
5200050,clay_pct,5-15cm,37.0
5200050,clay_pct,15-30cm,37.6
5200050,clay_pct,30-60cm,43.2
5200050,clay_pct,60-100cm,44.4
5200050,sand_pct,0-5cm,42.4
5200050,sand_pct,5-15cm,46.4
5200050,sand_pct,15-30cm,45.7
5200050,sand_pct,30-60cm,41.3
5200050,sand_pct,60-100cm,40.5
5200050,silt_pct,0-5cm,24.8
5200050,silt_pct,5-15cm,16.6
5200050,silt_pct,15-30cm,16.7
5200050,silt_pct,30-60cm,15.4
5200050,silt_pct,60-100cm,15.1
5200050,soc_pct,0-5cm,2.88
5200050,soc_pct,5-15cm,2.29
5200050,soc_pct,15-30cm,1.38
5200050,soc_pct,30-60cm,0.84
5200050,soc_pct,60-100cm,0.62
5200050,ph_h2o,0-5cm,5.6
5200050,ph_h2o,5-15cm,5.6
5200050,ph_h2o,15-30cm,5.6
5200050,ph_h2o,30-60cm,5.7
5200050,ph_h2o,60-100cm,5.8
5200050,bd_kg_dm3,0-5cm,1.27
5200050,bd_kg_dm3,5-15cm,1.29
5200050,bd_kg_dm3,15-30cm,1.31
5200050,bd_kg_dm3,30-60cm,1.28
5200050,bd_kg_dm3,60-100cm,1.28
5200050,cec_cmol_kg,0-5cm,11.5
5200050,cec_cmol_kg,5-15cm,10.3
5200050,cec_cmol_kg,15-30cm,8.1
5200050,cec_cmol_kg,30-60cm,7.5
5200050,cec_cmol_kg,60-100cm,6.7
5200100,clay_pct,0-5cm,
5200100,clay_pct,5-15cm,
5200100,clay_pct,15-30cm,
5200100,clay_pct,30-60cm,
5200100,clay_pct,60-100cm,
5200100,sand_pct,0-5cm,
5200100,sand_pct,5-15cm,
5200100,sand_pct,15-30cm,
5200100,sand_pct,30-60cm,
5200100,sand_pct,60-100cm,
5200100,silt_pct,0-5cm,
5200100,silt_pct,5-15cm,
5200100,silt_pct,15-30cm,
5200100,silt_pct,30-60cm,
5200100,silt_pct,60-100cm,
5200100,soc_pct,0-5cm,
5200100,soc_pct,5-15cm,
5200100,soc_pct,15-30cm,
5200100,soc_pct,30-60cm,
5200100,soc_pct,60-100cm,
5200100,ph_h2o,0-5cm,
5200100,ph_h2o,5-15cm,
5200100,ph_h2o,15-30cm,
5200100,ph_h2o,30-60cm,
5200100,ph_h2o,60-100cm,
5200100,bd_kg_dm3,0-5cm,
5200100,bd_kg_dm3,5-15cm,
5200100,bd_kg_dm3,15-30cm,
5200100,bd_kg_dm3,30-60cm,
5200100,bd_kg_dm3,60-100cm,
5200100,cec_cmol_kg,0-5cm,
5200100,cec_cmol_kg,5-15cm,
5200100,cec_cmol_kg,15-30cm,
5200100,cec_cmol_kg,30-60cm,
5200100,cec_cmol_kg,60-100cm,
5200134,clay_pct,0-5cm,31.0
5200134,clay_pct,5-15cm,32.2
5200134,clay_pct,15-30cm,35.5
5200134,clay_pct,30-60cm,42.2
5200134,clay_pct,60-100cm,42.6
5200134,sand_pct,0-5cm,44.2
5200134,sand_pct,5-15cm,46.0
5200134,sand_pct,15-30cm,44.0
5200134,sand_pct,30-60cm,40.5
5200134,sand_pct,60-100cm,40.1
5200134,silt_pct,0-5cm,24.8
5200134,silt_pct,5-15cm,21.8
5200134,silt_pct,15-30cm,20.6
5200134,silt_pct,30-60cm,17.3
5200134,silt_pct,60-100cm,17.3
5200134,soc_pct,0-5cm,2.38
5200134,soc_pct,5-15cm,2.35
5200134,soc_pct,15-30cm,1.16
5200134,soc_pct,30-60cm,0.75
5200134,soc_pct,60-100cm,0.45
5200134,ph_h2o,0-5cm,5.6
5200134,ph_h2o,5-15cm,5.7
5200134,ph_h2o,15-30cm,5.7
5200134,ph_h2o,30-60cm,5.8
5200134,ph_h2o,60-100cm,5.9
5200134,bd_kg_dm3,0-5cm,1.3
5200134,bd_kg_dm3,5-15cm,1.32
5200134,bd_kg_dm3,15-30cm,1.36
5200134,bd_kg_dm3,30-60cm,1.35
5200134,bd_kg_dm3,60-100cm,1.33
5200134,cec_cmol_kg,0-5cm,9.3
5200134,cec_cmol_kg,5-15cm,8.3
5200134,cec_cmol_kg,15-30cm,7.1
5200134,cec_cmol_kg,30-60cm,7.1
5200134,cec_cmol_kg,60-100cm,6.7
5200258,clay_pct,0-5cm,
5200258,clay_pct,5-15cm,
5200258,clay_pct,15-30cm,
5200258,clay_pct,30-60cm,
5200258,clay_pct,60-100cm,
5200258,sand_pct,0-5cm,
5200258,sand_pct,5-15cm,
5200258,sand_pct,15-30cm,
5200258,sand_pct,30-60cm,
5200258,sand_pct,60-100cm,
5200258,silt_pct,0-5cm,
5200258,silt_pct,5-15cm,
5200258,silt_pct,15-30cm,
5200258,silt_pct,30-60cm,
5200258,silt_pct,60-100cm,
5200258,soc_pct,0-5cm,
5200258,soc_pct,5-15cm,
5200258,soc_pct,15-30cm,
5200258,soc_pct,30-60cm,
5200258,soc_pct,60-100cm,
5200258,ph_h2o,0-5cm,
5200258,ph_h2o,5-15cm,
5200258,ph_h2o,15-30cm,
5200258,ph_h2o,30-60cm,
5200258,ph_h2o,60-100cm,
5200258,bd_kg_dm3,0-5cm,
5200258,bd_kg_dm3,5-15cm,
5200258,bd_kg_dm3,15-30cm,
5200258,bd_kg_dm3,30-60cm,
5200258,bd_kg_dm3,60-100cm,
5200258,cec_cmol_kg,0-5cm,
5200258,cec_cmol_kg,5-15cm,
5200258,cec_cmol_kg,15-30cm,
5200258,cec_cmol_kg,30-60cm,
5200258,cec_cmol_kg,60-100cm,
5200605,clay_pct,0-5cm,37.6
5200605,clay_pct,5-15cm,39.9
5200605,clay_pct,15-30cm,38.0
5200605,clay_pct,30-60cm,39.9
5200605,clay_pct,60-100cm,41.5
5200605,sand_pct,0-5cm,37.8
5200605,sand_pct,5-15cm,35.8
5200605,sand_pct,15-30cm,37.3
5200605,sand_pct,30-60cm,36.1
5200605,sand_pct,60-100cm,35.9
5200605,silt_pct,0-5cm,24.6
5200605,silt_pct,5-15cm,24.3
5200605,silt_pct,15-30cm,24.7
5200605,silt_pct,30-60cm,24.0
5200605,silt_pct,60-100cm,22.5
5200605,soc_pct,0-5cm,4.72
5200605,soc_pct,5-15cm,4.55
5200605,soc_pct,15-30cm,2.91
5200605,soc_pct,30-60cm,3.34
5200605,soc_pct,60-100cm,2.01
5200605,ph_h2o,0-5cm,5.2
5200605,ph_h2o,5-15cm,5.3
5200605,ph_h2o,15-30cm,5.3
5200605,ph_h2o,30-60cm,5.3
5200605,ph_h2o,60-100cm,5.4
5200605,bd_kg_dm3,0-5cm,1.21
5200605,bd_kg_dm3,5-15cm,1.21
5200605,bd_kg_dm3,15-30cm,1.22
5200605,bd_kg_dm3,30-60cm,1.19
5200605,bd_kg_dm3,60-100cm,1.16
5200605,cec_cmol_kg,0-5cm,9.7
5200605,cec_cmol_kg,5-15cm,7.9
5200605,cec_cmol_kg,15-30cm,6.8
5200605,cec_cmol_kg,30-60cm,5.8
5200605,cec_cmol_kg,60-100cm,5.5
5200555,clay_pct,0-5cm,24.5
5200555,clay_pct,5-15cm,26.9
5200555,clay_pct,15-30cm,30.6
5200555,clay_pct,30-60cm,35.4
5200555,clay_pct,60-100cm,37.0
5200555,sand_pct,0-5cm,55.5
5200555,sand_pct,5-15cm,53.4
5200555,sand_pct,15-30cm,50.5
5200555,sand_pct,30-60cm,46.1
5200555,sand_pct,60-100cm,44.9
5200555,silt_pct,0-5cm,20.0
5200555,silt_pct,5-15cm,19.7
5200555,silt_pct,15-30cm,18.9
5200555,silt_pct,30-60cm,18.5
5200555,silt_pct,60-100cm,18.1
5200555,soc_pct,0-5cm,1.9
5200555,soc_pct,5-15cm,1.66
5200555,soc_pct,15-30cm,1.32
5200555,soc_pct,30-60cm,0.57
5200555,soc_pct,60-100cm,0.45
5200555,ph_h2o,0-5cm,5.6
5200555,ph_h2o,5-15cm,5.5
5200555,ph_h2o,15-30cm,5.6
5200555,ph_h2o,30-60cm,5.6
5200555,ph_h2o,60-100cm,5.7
5200555,bd_kg_dm3,0-5cm,1.3
5200555,bd_kg_dm3,5-15cm,1.32
5200555,bd_kg_dm3,15-30cm,1.33
5200555,bd_kg_dm3,30-60cm,1.32
5200555,bd_kg_dm3,60-100cm,1.31
5200555,cec_cmol_kg,0-5cm,11.0
5200555,cec_cmol_kg,5-15cm,11.1
5200555,cec_cmol_kg,15-30cm,9.1
5200555,cec_cmol_kg,30-60cm,8.4
5200555,cec_cmol_kg,60-100cm,7.6
5200803,clay_pct,0-5cm,29.0
5200803,clay_pct,5-15cm,29.5
5200803,clay_pct,15-30cm,36.1
5200803,clay_pct,30-60cm,45.4
5200803,clay_pct,60-100cm,47.5
5200803,sand_pct,0-5cm,33.8
5200803,sand_pct,5-15cm,33.0
5200803,sand_pct,15-30cm,30.5
5200803,sand_pct,30-60cm,25.4
5200803,sand_pct,60-100cm,24.1
5200803,silt_pct,0-5cm,37.3
5200803,silt_pct,5-15cm,37.5
5200803,silt_pct,15-30cm,33.5
5200803,silt_pct,30-60cm,29.2
5200803,silt_pct,60-100cm,28.4
5200803,soc_pct,0-5cm,1.81
5200803,soc_pct,5-15cm,1.33
5200803,soc_pct,15-30cm,1.2
5200803,soc_pct,30-60cm,0.67
5200803,soc_pct,60-100cm,0.39
5200803,ph_h2o,0-5cm,5.8
5200803,ph_h2o,5-15cm,5.8
5200803,ph_h2o,15-30cm,5.7
5200803,ph_h2o,30-60cm,5.8
5200803,ph_h2o,60-100cm,5.8
5200803,bd_kg_dm3,0-5cm,1.37
5200803,bd_kg_dm3,5-15cm,1.38
5200803,bd_kg_dm3,15-30cm,1.37
5200803,bd_kg_dm3,30-60cm,1.39
5200803,bd_kg_dm3,60-100cm,1.37
5200803,cec_cmol_kg,0-5cm,10.9
5200803,cec_cmol_kg,5-15cm,9.6
5200803,cec_cmol_kg,15-30cm,8.6
5200803,cec_cmol_kg,30-60cm,7.9
5200803,cec_cmol_kg,60-100cm,7.9
5200506,clay_pct,0-5cm,28.6
5200506,clay_pct,5-15cm,29.6
5200506,clay_pct,15-30cm,32.6
5200506,clay_pct,30-60cm,38.6
5200506,clay_pct,60-100cm,39.8
5200506,sand_pct,0-5cm,49.0
5200506,sand_pct,5-15cm,48.3
5200506,sand_pct,15-30cm,46.3
5200506,sand_pct,30-60cm,42.5
5200506,sand_pct,60-100cm,42.0
5200506,silt_pct,0-5cm,22.4
5200506,silt_pct,5-15cm,22.1
5200506,silt_pct,15-30cm,21.1
5200506,silt_pct,30-60cm,18.9
5200506,silt_pct,60-100cm,18.2
5200506,soc_pct,0-5cm,2.07
5200506,soc_pct,5-15cm,1.94
5200506,soc_pct,15-30cm,1.21
5200506,soc_pct,30-60cm,0.62
5200506,soc_pct,60-100cm,0.43
5200506,ph_h2o,0-5cm,5.6
5200506,ph_h2o,5-15cm,5.7
5200506,ph_h2o,15-30cm,5.7
5200506,ph_h2o,30-60cm,5.7
5200506,ph_h2o,60-100cm,5.8
5200506,bd_kg_dm3,0-5cm,1.31
5200506,bd_kg_dm3,5-15cm,1.34
5200506,bd_kg_dm3,15-30cm,1.37
5200506,bd_kg_dm3,30-60cm,1.35
5200506,bd_kg_dm3,60-100cm,1.34
5200506,cec_cmol_kg,0-5cm,11.2
5200506,cec_cmol_kg,5-15cm,9.2
5200506,cec_cmol_kg,15-30cm,8.5
5200506,cec_cmol_kg,30-60cm,7.8
5200506,cec_cmol_kg,60-100cm,7.0
5200308,clay_pct,0-5cm,42.6
5200308,clay_pct,5-15cm,44.5
5200308,clay_pct,15-30cm,41.9
5200308,clay_pct,30-60cm,44.2
5200308,clay_pct,60-100cm,46.8
5200308,sand_pct,0-5cm,32.9
5200308,sand_pct,5-15cm,34.7
5200308,sand_pct,15-30cm,36.2
5200308,sand_pct,30-60cm,34.4
5200308,sand_pct,60-100cm,32.8
5200308,silt_pct,0-5cm,24.4
5200308,silt_pct,5-15cm,20.8
5200308,silt_pct,15-30cm,21.9
5200308,silt_pct,30-60cm,21.5
5200308,silt_pct,60-100cm,20.4
5200308,soc_pct,0-5cm,2.73
5200308,soc_pct,5-15cm,2.27
5200308,soc_pct,15-30cm,1.66
5200308,soc_pct,30-60cm,1.15
5200308,soc_pct,60-100cm,0.67
5200308,ph_h2o,0-5cm,5.3
5200308,ph_h2o,5-15cm,5.3
5200308,ph_h2o,15-30cm,5.3
5200308,ph_h2o,30-60cm,5.3
5200308,ph_h2o,60-100cm,5.5
5200308,bd_kg_dm3,0-5cm,1.2
5200308,bd_kg_dm3,5-15cm,1.22
5200308,bd_kg_dm3,15-30cm,1.25
5200308,bd_kg_dm3,30-60cm,1.25
5200308,bd_kg_dm3,60-100cm,1.24
5200308,cec_cmol_kg,0-5cm,10.8
5200308,cec_cmol_kg,5-15cm,8.7
5200308,cec_cmol_kg,15-30cm,6.4
5200308,cec_cmol_kg,30-60cm,5.8
5200308,cec_cmol_kg,60-100cm,5.1
5200829,clay_pct,0-5cm,22.3
5200829,clay_pct,5-15cm,23.3
5200829,clay_pct,15-30cm,28.4
5200829,clay_pct,30-60cm,36.7
5200829,clay_pct,60-100cm,37.7
5200829,sand_pct,0-5cm,64.9
5200829,sand_pct,5-15cm,63.0
5200829,sand_pct,15-30cm,58.6
5200829,sand_pct,30-60cm,50.7
5200829,sand_pct,60-100cm,50.0
5200829,silt_pct,0-5cm,12.8
5200829,silt_pct,5-15cm,13.6
5200829,silt_pct,15-30cm,13.0
5200829,silt_pct,30-60cm,12.7
5200829,silt_pct,60-100cm,12.3
5200829,soc_pct,0-5cm,2.06
5200829,soc_pct,5-15cm,1.74
5200829,soc_pct,15-30cm,0.95
5200829,soc_pct,30-60cm,0.55
5200829,soc_pct,60-100cm,0.49
5200829,ph_h2o,0-5cm,5.5
5200829,ph_h2o,5-15cm,5.5
5200829,ph_h2o,15-30cm,5.5
5200829,ph_h2o,30-60cm,5.5
5200829,ph_h2o,60-100cm,5.6
5200829,bd_kg_dm3,0-5cm,1.25
5200829,bd_kg_dm3,5-15cm,1.28
5200829,bd_kg_dm3,15-30cm,1.3
5200829,bd_kg_dm3,30-60cm,1.3
5200829,bd_kg_dm3,60-100cm,1.3
5200829,cec_cmol_kg,0-5cm,11.0
5200829,cec_cmol_kg,5-15cm,10.3
5200829,cec_cmol_kg,15-30cm,8.9
5200829,cec_cmol_kg,30-60cm,8.5
5200829,cec_cmol_kg,60-100cm,7.8
5201108,clay_pct,0-5cm,36.1
5201108,clay_pct,5-15cm,39.4
5201108,clay_pct,15-30cm,41.2
5201108,clay_pct,30-60cm,43.6
5201108,clay_pct,60-100cm,45.5
5201108,sand_pct,0-5cm,39.6
5201108,sand_pct,5-15cm,42.4
5201108,sand_pct,15-30cm,41.0
5201108,sand_pct,30-60cm,39.2
5201108,sand_pct,60-100cm,38.4
5201108,silt_pct,0-5cm,24.3
5201108,silt_pct,5-15cm,18.2
5201108,silt_pct,15-30cm,17.8
5201108,silt_pct,30-60cm,17.2
5201108,silt_pct,60-100cm,16.1
5201108,soc_pct,0-5cm,2.9
5201108,soc_pct,5-15cm,2.22
5201108,soc_pct,15-30cm,2.08
5201108,soc_pct,30-60cm,1.24
5201108,soc_pct,60-100cm,0.95
5201108,ph_h2o,0-5cm,5.5
5201108,ph_h2o,5-15cm,5.5
5201108,ph_h2o,15-30cm,5.5
5201108,ph_h2o,30-60cm,5.6
5201108,ph_h2o,60-100cm,5.7
5201108,bd_kg_dm3,0-5cm,1.24
5201108,bd_kg_dm3,5-15cm,1.24
5201108,bd_kg_dm3,15-30cm,1.27
5201108,bd_kg_dm3,30-60cm,1.26
5201108,bd_kg_dm3,60-100cm,1.26
5201108,cec_cmol_kg,0-5cm,10.0
5201108,cec_cmol_kg,5-15cm,9.2
5201108,cec_cmol_kg,15-30cm,6.8
5201108,cec_cmol_kg,30-60cm,5.6
5201108,cec_cmol_kg,60-100cm,5.1
5201306,clay_pct,0-5cm,31.9
5201306,clay_pct,5-15cm,33.2
5201306,clay_pct,15-30cm,37.4
5201306,clay_pct,30-60cm,45.3
5201306,clay_pct,60-100cm,45.0
5201306,sand_pct,0-5cm,45.9
5201306,sand_pct,5-15cm,49.5
5201306,sand_pct,15-30cm,46.1
5201306,sand_pct,30-60cm,40.0
5201306,sand_pct,60-100cm,40.9
5201306,silt_pct,0-5cm,22.2
5201306,silt_pct,5-15cm,17.3
5201306,silt_pct,15-30cm,16.5
5201306,silt_pct,30-60cm,14.7
5201306,silt_pct,60-100cm,14.1
5201306,soc_pct,0-5cm,2.63
5201306,soc_pct,5-15cm,2.21
5201306,soc_pct,15-30cm,1.53
5201306,soc_pct,30-60cm,1.04
5201306,soc_pct,60-100cm,0.63
5201306,ph_h2o,0-5cm,5.5
5201306,ph_h2o,5-15cm,5.6
5201306,ph_h2o,15-30cm,5.6
5201306,ph_h2o,30-60cm,5.7
5201306,ph_h2o,60-100cm,5.8
5201306,bd_kg_dm3,0-5cm,1.26
5201306,bd_kg_dm3,5-15cm,1.28
5201306,bd_kg_dm3,15-30cm,1.32
5201306,bd_kg_dm3,30-60cm,1.3
5201306,bd_kg_dm3,60-100cm,1.31
5201306,cec_cmol_kg,0-5cm,9.8
5201306,cec_cmol_kg,5-15cm,8.9
5201306,cec_cmol_kg,15-30cm,6.1
5201306,cec_cmol_kg,30-60cm,5.0
5201306,cec_cmol_kg,60-100cm,4.3
5201405,clay_pct,0-5cm,
5201405,clay_pct,5-15cm,
5201405,clay_pct,15-30cm,
5201405,clay_pct,30-60cm,
5201405,clay_pct,60-100cm,
5201405,sand_pct,0-5cm,
5201405,sand_pct,5-15cm,
5201405,sand_pct,15-30cm,
5201405,sand_pct,30-60cm,
5201405,sand_pct,60-100cm,
5201405,silt_pct,0-5cm,
5201405,silt_pct,5-15cm,
5201405,silt_pct,15-30cm,
5201405,silt_pct,30-60cm,
5201405,silt_pct,60-100cm,
5201405,soc_pct,0-5cm,
5201405,soc_pct,5-15cm,
5201405,soc_pct,15-30cm,
5201405,soc_pct,30-60cm,
5201405,soc_pct,60-100cm,
5201405,ph_h2o,0-5cm,
5201405,ph_h2o,5-15cm,
5201405,ph_h2o,15-30cm,
5201405,ph_h2o,30-60cm,
5201405,ph_h2o,60-100cm,
5201405,bd_kg_dm3,0-5cm,
5201405,bd_kg_dm3,5-15cm,
5201405,bd_kg_dm3,15-30cm,
5201405,bd_kg_dm3,30-60cm,
5201405,bd_kg_dm3,60-100cm,
5201405,cec_cmol_kg,0-5cm,
5201405,cec_cmol_kg,5-15cm,
5201405,cec_cmol_kg,15-30cm,
5201405,cec_cmol_kg,30-60cm,
5201405,cec_cmol_kg,60-100cm,
5201207,clay_pct,0-5cm,32.3
5201207,clay_pct,5-15cm,34.7
5201207,clay_pct,15-30cm,32.7
5201207,clay_pct,30-60cm,35.8
5201207,clay_pct,60-100cm,36.9
5201207,sand_pct,0-5cm,46.3
5201207,sand_pct,5-15cm,44.1
5201207,sand_pct,15-30cm,45.4
5201207,sand_pct,30-60cm,43.1
5201207,sand_pct,60-100cm,42.2
5201207,silt_pct,0-5cm,21.4
5201207,silt_pct,5-15cm,21.2
5201207,silt_pct,15-30cm,22.0
5201207,silt_pct,30-60cm,21.1
5201207,silt_pct,60-100cm,20.9
5201207,soc_pct,0-5cm,2.52
5201207,soc_pct,5-15cm,1.96
5201207,soc_pct,15-30cm,1.54
5201207,soc_pct,30-60cm,0.67
5201207,soc_pct,60-100cm,0.51
5201207,ph_h2o,0-5cm,5.6
5201207,ph_h2o,5-15cm,5.6
5201207,ph_h2o,15-30cm,5.6
5201207,ph_h2o,30-60cm,5.6
5201207,ph_h2o,60-100cm,5.7
5201207,bd_kg_dm3,0-5cm,1.27
5201207,bd_kg_dm3,5-15cm,1.29
5201207,bd_kg_dm3,15-30cm,1.32
5201207,bd_kg_dm3,30-60cm,1.34
5201207,bd_kg_dm3,60-100cm,1.32
5201207,cec_cmol_kg,0-5cm,12.1
5201207,cec_cmol_kg,5-15cm,9.7
5201207,cec_cmol_kg,15-30cm,8.5
5201207,cec_cmol_kg,30-60cm,7.9
5201207,cec_cmol_kg,60-100cm,7.7
5200852,clay_pct,0-5cm,31.1
5200852,clay_pct,5-15cm,33.8
5200852,clay_pct,15-30cm,38.3
5200852,clay_pct,30-60cm,47.1
5200852,clay_pct,60-100cm,48.0
5200852,sand_pct,0-5cm,46.8
5200852,sand_pct,5-15cm,48.1
5200852,sand_pct,15-30cm,45.3
5200852,sand_pct,30-60cm,38.7
5200852,sand_pct,60-100cm,38.5
5200852,silt_pct,0-5cm,22.1
5200852,silt_pct,5-15cm,18.1
5200852,silt_pct,15-30cm,16.4
5200852,silt_pct,30-60cm,14.3
5200852,silt_pct,60-100cm,13.5
5200852,soc_pct,0-5cm,2.42
5200852,soc_pct,5-15cm,2.43
5200852,soc_pct,15-30cm,1.4
5200852,soc_pct,30-60cm,1.16
5200852,soc_pct,60-100cm,0.71
5200852,ph_h2o,0-5cm,5.6
5200852,ph_h2o,5-15cm,5.6
5200852,ph_h2o,15-30cm,5.6
5200852,ph_h2o,30-60cm,5.6
5200852,ph_h2o,60-100cm,5.7
5200852,bd_kg_dm3,0-5cm,1.24
5200852,bd_kg_dm3,5-15cm,1.26
5200852,bd_kg_dm3,15-30cm,1.3
5200852,bd_kg_dm3,30-60cm,1.27
5200852,bd_kg_dm3,60-100cm,1.27
5200852,cec_cmol_kg,0-5cm,9.2
5200852,cec_cmol_kg,5-15cm,8.9
5200852,cec_cmol_kg,15-30cm,6.0
5200852,cec_cmol_kg,30-60cm,5.0
5200852,cec_cmol_kg,60-100cm,4.3
5200902,clay_pct,0-5cm,25.2
5200902,clay_pct,5-15cm,27.5
5200902,clay_pct,15-30cm,31.5
5200902,clay_pct,30-60cm,33.9
5200902,clay_pct,60-100cm,32.4
5200902,sand_pct,0-5cm,55.4
5200902,sand_pct,5-15cm,55.8
5200902,sand_pct,15-30cm,52.6
5200902,sand_pct,30-60cm,51.2
5200902,sand_pct,60-100cm,53.0
5200902,silt_pct,0-5cm,19.4
5200902,silt_pct,5-15cm,16.8
5200902,silt_pct,15-30cm,15.9
5200902,silt_pct,30-60cm,14.9
5200902,silt_pct,60-100cm,14.7
5200902,soc_pct,0-5cm,2.36
5200902,soc_pct,5-15cm,2.02
5200902,soc_pct,15-30cm,1.24
5200902,soc_pct,30-60cm,0.77
5200902,soc_pct,60-100cm,0.62
5200902,ph_h2o,0-5cm,5.5
5200902,ph_h2o,5-15cm,5.6
5200902,ph_h2o,15-30cm,5.6
5200902,ph_h2o,30-60cm,5.7
5200902,ph_h2o,60-100cm,5.8
5200902,bd_kg_dm3,0-5cm,1.28
5200902,bd_kg_dm3,5-15cm,1.3
5200902,bd_kg_dm3,15-30cm,1.34
5200902,bd_kg_dm3,30-60cm,1.33
5200902,bd_kg_dm3,60-100cm,1.33
5200902,cec_cmol_kg,0-5cm,9.9
5200902,cec_cmol_kg,5-15cm,8.1
5200902,cec_cmol_kg,15-30cm,5.9
5200902,cec_cmol_kg,30-60cm,5.2
5200902,cec_cmol_kg,60-100cm,4.7
5201702,clay_pct,0-5cm,17.1
5201702,clay_pct,5-15cm,17.5
5201702,clay_pct,15-30cm,25.0
5201702,clay_pct,30-60cm,26.8
5201702,clay_pct,60-100cm,27.7
5201702,sand_pct,0-5cm,71.5
5201702,sand_pct,5-15cm,72.5
5201702,sand_pct,15-30cm,66.0
5201702,sand_pct,30-60cm,64.2
5201702,sand_pct,60-100cm,64.3
5201702,silt_pct,0-5cm,11.4
5201702,silt_pct,5-15cm,9.9
5201702,silt_pct,15-30cm,8.9
5201702,silt_pct,30-60cm,9.0
5201702,silt_pct,60-100cm,8.0
5201702,soc_pct,0-5cm,1.84
5201702,soc_pct,5-15cm,1.46
5201702,soc_pct,15-30cm,1.06
5201702,soc_pct,30-60cm,0.63
5201702,soc_pct,60-100cm,0.43
5201702,ph_h2o,0-5cm,5.5
5201702,ph_h2o,5-15cm,5.5
5201702,ph_h2o,15-30cm,5.5
5201702,ph_h2o,30-60cm,5.5
5201702,ph_h2o,60-100cm,5.6
5201702,bd_kg_dm3,0-5cm,1.29
5201702,bd_kg_dm3,5-15cm,1.33
5201702,bd_kg_dm3,15-30cm,1.35
5201702,bd_kg_dm3,30-60cm,1.35
5201702,bd_kg_dm3,60-100cm,1.36
5201702,cec_cmol_kg,0-5cm,10.1
5201702,cec_cmol_kg,5-15cm,9.1
5201702,cec_cmol_kg,15-30cm,8.1
5201702,cec_cmol_kg,30-60cm,7.6
5201702,cec_cmol_kg,60-100cm,7.0
5202155,clay_pct,0-5cm,23.0
5202155,clay_pct,5-15cm,23.4
5202155,clay_pct,15-30cm,28.8
5202155,clay_pct,30-60cm,34.1
5202155,clay_pct,60-100cm,34.8
5202155,sand_pct,0-5cm,56.0
5202155,sand_pct,5-15cm,55.6
5202155,sand_pct,15-30cm,51.7
5202155,sand_pct,30-60cm,47.1
5202155,sand_pct,60-100cm,46.6
5202155,silt_pct,0-5cm,21.0
5202155,silt_pct,5-15cm,21.0
5202155,silt_pct,15-30cm,19.6
5202155,silt_pct,30-60cm,18.8
5202155,silt_pct,60-100cm,18.6
5202155,soc_pct,0-5cm,1.94
5202155,soc_pct,5-15cm,1.57
5202155,soc_pct,15-30cm,1.09
5202155,soc_pct,30-60cm,0.7
5202155,soc_pct,60-100cm,0.37
5202155,ph_h2o,0-5cm,5.5
5202155,ph_h2o,5-15cm,5.6
5202155,ph_h2o,15-30cm,5.6
5202155,ph_h2o,30-60cm,5.6
5202155,ph_h2o,60-100cm,5.7
5202155,bd_kg_dm3,0-5cm,1.32
5202155,bd_kg_dm3,5-15cm,1.34
5202155,bd_kg_dm3,15-30cm,1.35
5202155,bd_kg_dm3,30-60cm,1.33
5202155,bd_kg_dm3,60-100cm,1.33
5202155,cec_cmol_kg,0-5cm,11.3
5202155,cec_cmol_kg,5-15cm,9.4
5202155,cec_cmol_kg,15-30cm,8.2
5202155,cec_cmol_kg,30-60cm,7.8
5202155,cec_cmol_kg,60-100cm,7.2
5201801,clay_pct,0-5cm,34.3
5201801,clay_pct,5-15cm,36.8
5201801,clay_pct,15-30cm,39.0
5201801,clay_pct,30-60cm,42.7
5201801,clay_pct,60-100cm,44.4
5201801,sand_pct,0-5cm,43.9
5201801,sand_pct,5-15cm,45.7
5201801,sand_pct,15-30cm,43.6
5201801,sand_pct,30-60cm,41.3
5201801,sand_pct,60-100cm,39.9
5201801,silt_pct,0-5cm,21.8
5201801,silt_pct,5-15cm,17.5
5201801,silt_pct,15-30cm,17.5
5201801,silt_pct,30-60cm,16.0
5201801,silt_pct,60-100cm,15.7
5201801,soc_pct,0-5cm,2.24
5201801,soc_pct,5-15cm,2.16
5201801,soc_pct,15-30cm,1.34
5201801,soc_pct,30-60cm,0.82
5201801,soc_pct,60-100cm,0.61
5201801,ph_h2o,0-5cm,5.5
5201801,ph_h2o,5-15cm,5.6
5201801,ph_h2o,15-30cm,5.6
5201801,ph_h2o,30-60cm,5.6
5201801,ph_h2o,60-100cm,5.8
5201801,bd_kg_dm3,0-5cm,1.29
5201801,bd_kg_dm3,5-15cm,1.32
5201801,bd_kg_dm3,15-30cm,1.35
5201801,bd_kg_dm3,30-60cm,1.31
5201801,bd_kg_dm3,60-100cm,1.3
5201801,cec_cmol_kg,0-5cm,10.2
5201801,cec_cmol_kg,5-15cm,10.1
5201801,cec_cmol_kg,15-30cm,6.7
5201801,cec_cmol_kg,30-60cm,6.3
5201801,cec_cmol_kg,60-100cm,5.2
5201603,clay_pct,0-5cm,30.7
5201603,clay_pct,5-15cm,32.0
5201603,clay_pct,15-30cm,37.0
5201603,clay_pct,30-60cm,41.9
5201603,clay_pct,60-100cm,41.8
5201603,sand_pct,0-5cm,46.1
5201603,sand_pct,5-15cm,48.9
5201603,sand_pct,15-30cm,44.9
5201603,sand_pct,30-60cm,41.1
5201603,sand_pct,60-100cm,41.2
5201603,silt_pct,0-5cm,23.1
5201603,silt_pct,5-15cm,19.1
5201603,silt_pct,15-30cm,18.1
5201603,silt_pct,30-60cm,17.0
5201603,silt_pct,60-100cm,17.0
5201603,soc_pct,0-5cm,2.5
5201603,soc_pct,5-15cm,2.43
5201603,soc_pct,15-30cm,1.44
5201603,soc_pct,30-60cm,0.89
5201603,soc_pct,60-100cm,0.86
5201603,ph_h2o,0-5cm,5.7
5201603,ph_h2o,5-15cm,5.7
5201603,ph_h2o,15-30cm,5.7
5201603,ph_h2o,30-60cm,5.8
5201603,ph_h2o,60-100cm,5.8
5201603,bd_kg_dm3,0-5cm,1.27
5201603,bd_kg_dm3,5-15cm,1.29
5201603,bd_kg_dm3,15-30cm,1.31
5201603,bd_kg_dm3,30-60cm,1.31
5201603,bd_kg_dm3,60-100cm,1.3
5201603,cec_cmol_kg,0-5cm,12.5
5201603,cec_cmol_kg,5-15cm,11.3
5201603,cec_cmol_kg,15-30cm,8.2
5201603,cec_cmol_kg,30-60cm,7.2
5201603,cec_cmol_kg,60-100cm,6.6
5201454,clay_pct,0-5cm,26.1
5201454,clay_pct,5-15cm,26.7
5201454,clay_pct,15-30cm,25.7
5201454,clay_pct,30-60cm,30.7
5201454,clay_pct,60-100cm,31.7
5201454,sand_pct,0-5cm,64.5
5201454,sand_pct,5-15cm,63.7
5201454,sand_pct,15-30cm,64.9
5201454,sand_pct,30-60cm,60.4
5201454,sand_pct,60-100cm,59.8
5201454,silt_pct,0-5cm,9.4
5201454,silt_pct,5-15cm,9.5
5201454,silt_pct,15-30cm,9.4
5201454,silt_pct,30-60cm,8.9
5201454,silt_pct,60-100cm,8.6
5201454,soc_pct,0-5cm,1.98
5201454,soc_pct,5-15cm,1.69
5201454,soc_pct,15-30cm,0.93
5201454,soc_pct,30-60cm,0.77
5201454,soc_pct,60-100cm,0.51
5201454,ph_h2o,0-5cm,5.4
5201454,ph_h2o,5-15cm,5.4
5201454,ph_h2o,15-30cm,5.4
5201454,ph_h2o,30-60cm,5.5
5201454,ph_h2o,60-100cm,5.5
5201454,bd_kg_dm3,0-5cm,1.29
5201454,bd_kg_dm3,5-15cm,1.31
5201454,bd_kg_dm3,15-30cm,1.34
5201454,bd_kg_dm3,30-60cm,1.36
5201454,bd_kg_dm3,60-100cm,1.35
5201454,cec_cmol_kg,0-5cm,10.1
5201454,cec_cmol_kg,5-15cm,9.0
5201454,cec_cmol_kg,15-30cm,7.2
5201454,cec_cmol_kg,30-60cm,6.6
5201454,cec_cmol_kg,60-100cm,6.3
5201504,clay_pct,0-5cm,27.7
5201504,clay_pct,5-15cm,27.8
5201504,clay_pct,15-30cm,28.4
5201504,clay_pct,30-60cm,28.9
5201504,clay_pct,60-100cm,28.4
5201504,sand_pct,0-5cm,59.8
5201504,sand_pct,5-15cm,60.8
5201504,sand_pct,15-30cm,60.6
5201504,sand_pct,30-60cm,59.9
5201504,sand_pct,60-100cm,60.4
5201504,silt_pct,0-5cm,12.5
5201504,silt_pct,5-15cm,11.4
5201504,silt_pct,15-30cm,11.0
5201504,silt_pct,30-60cm,11.2
5201504,silt_pct,60-100cm,11.3
5201504,soc_pct,0-5cm,2.4
5201504,soc_pct,5-15cm,2.11
5201504,soc_pct,15-30cm,1.14
5201504,soc_pct,30-60cm,0.76
5201504,soc_pct,60-100cm,0.44
5201504,ph_h2o,0-5cm,5.4
5201504,ph_h2o,5-15cm,5.4
5201504,ph_h2o,15-30cm,5.4
5201504,ph_h2o,30-60cm,5.4
5201504,ph_h2o,60-100cm,5.4
5201504,bd_kg_dm3,0-5cm,1.27
5201504,bd_kg_dm3,5-15cm,1.28
5201504,bd_kg_dm3,15-30cm,1.31
5201504,bd_kg_dm3,30-60cm,1.29
5201504,bd_kg_dm3,60-100cm,1.3
5201504,cec_cmol_kg,0-5cm,7.4
5201504,cec_cmol_kg,5-15cm,6.6
5201504,cec_cmol_kg,15-30cm,5.5
5201504,cec_cmol_kg,30-60cm,4.9
5201504,cec_cmol_kg,60-100cm,4.3
5202601,clay_pct,0-5cm,27.0
5202601,clay_pct,5-15cm,29.8
5202601,clay_pct,15-30cm,35.5
5202601,clay_pct,30-60cm,39.5
5202601,clay_pct,60-100cm,39.4
5202601,sand_pct,0-5cm,53.8
5202601,sand_pct,5-15cm,52.0
5202601,sand_pct,15-30cm,47.4
5202601,sand_pct,30-60cm,44.0
5202601,sand_pct,60-100cm,44.3
5202601,silt_pct,0-5cm,19.1
5202601,silt_pct,5-15cm,18.2
5202601,silt_pct,15-30cm,17.2
5202601,silt_pct,30-60cm,16.5
5202601,silt_pct,60-100cm,16.3
5202601,soc_pct,0-5cm,2.58
5202601,soc_pct,5-15cm,2.01
5202601,soc_pct,15-30cm,1.27
5202601,soc_pct,30-60cm,0.67
5202601,soc_pct,60-100cm,0.5
5202601,ph_h2o,0-5cm,5.7
5202601,ph_h2o,5-15cm,5.7
5202601,ph_h2o,15-30cm,5.7
5202601,ph_h2o,30-60cm,5.8
5202601,ph_h2o,60-100cm,5.9
5202601,bd_kg_dm3,0-5cm,1.27
5202601,bd_kg_dm3,5-15cm,1.28
5202601,bd_kg_dm3,15-30cm,1.3
5202601,bd_kg_dm3,30-60cm,1.3
5202601,bd_kg_dm3,60-100cm,1.29
5202601,cec_cmol_kg,0-5cm,12.3
5202601,cec_cmol_kg,5-15cm,11.6
5202601,cec_cmol_kg,15-30cm,10.5
5202601,cec_cmol_kg,30-60cm,10.5
5202601,cec_cmol_kg,60-100cm,10.1
5202809,clay_pct,0-5cm,33.0
5202809,clay_pct,5-15cm,35.6
5202809,clay_pct,15-30cm,39.6
5202809,clay_pct,30-60cm,44.6
5202809,clay_pct,60-100cm,46.8
5202809,sand_pct,0-5cm,43.6
5202809,sand_pct,5-15cm,45.5
5202809,sand_pct,15-30cm,42.9
5202809,sand_pct,30-60cm,39.7
5202809,sand_pct,60-100cm,38.6
5202809,silt_pct,0-5cm,23.4
5202809,silt_pct,5-15cm,18.9
5202809,silt_pct,15-30cm,17.5
5202809,silt_pct,30-60cm,15.8
5202809,silt_pct,60-100cm,14.6
5202809,soc_pct,0-5cm,2.42
5202809,soc_pct,5-15cm,2.25
5202809,soc_pct,15-30cm,1.54
5202809,soc_pct,30-60cm,0.77
5202809,soc_pct,60-100cm,0.58
5202809,ph_h2o,0-5cm,5.7
5202809,ph_h2o,5-15cm,5.7
5202809,ph_h2o,15-30cm,5.7
5202809,ph_h2o,30-60cm,5.7
5202809,ph_h2o,60-100cm,5.8
5202809,bd_kg_dm3,0-5cm,1.29
5202809,bd_kg_dm3,5-15cm,1.3
5202809,bd_kg_dm3,15-30cm,1.33
5202809,bd_kg_dm3,30-60cm,1.29
5202809,bd_kg_dm3,60-100cm,1.28
5202809,cec_cmol_kg,0-5cm,10.1
5202809,cec_cmol_kg,5-15cm,9.4
5202809,cec_cmol_kg,15-30cm,6.6
5202809,cec_cmol_kg,30-60cm,5.9
5202809,cec_cmol_kg,60-100cm,4.9
5202353,clay_pct,0-5cm,29.4
5202353,clay_pct,5-15cm,29.9
5202353,clay_pct,15-30cm,33.9
5202353,clay_pct,30-60cm,39.3
5202353,clay_pct,60-100cm,40.1
5202353,sand_pct,0-5cm,47.6
5202353,sand_pct,5-15cm,47.5
5202353,sand_pct,15-30cm,44.7
5202353,sand_pct,30-60cm,41.0
5202353,sand_pct,60-100cm,41.6
5202353,silt_pct,0-5cm,23.0
5202353,silt_pct,5-15cm,22.6
5202353,silt_pct,15-30cm,21.4
5202353,silt_pct,30-60cm,19.7
5202353,silt_pct,60-100cm,18.3
5202353,soc_pct,0-5cm,1.95
5202353,soc_pct,5-15cm,1.87
5202353,soc_pct,15-30cm,1.1
5202353,soc_pct,30-60cm,0.69
5202353,soc_pct,60-100cm,0.4
5202353,ph_h2o,0-5cm,5.6
5202353,ph_h2o,5-15cm,5.6
5202353,ph_h2o,15-30cm,5.6
5202353,ph_h2o,30-60cm,5.7
5202353,ph_h2o,60-100cm,5.8
5202353,bd_kg_dm3,0-5cm,1.3
5202353,bd_kg_dm3,5-15cm,1.34
5202353,bd_kg_dm3,15-30cm,1.33
5202353,bd_kg_dm3,30-60cm,1.32
5202353,bd_kg_dm3,60-100cm,1.31
5202353,cec_cmol_kg,0-5cm,12.8
5202353,cec_cmol_kg,5-15cm,11.3
5202353,cec_cmol_kg,15-30cm,10.4
5202353,cec_cmol_kg,30-60cm,9.8
5202353,cec_cmol_kg,60-100cm,9.6
5203104,clay_pct,0-5cm,29.0
5203104,clay_pct,5-15cm,32.3
5203104,clay_pct,15-30cm,36.4
5203104,clay_pct,30-60cm,41.7
5203104,clay_pct,60-100cm,42.4
5203104,sand_pct,0-5cm,48.9
5203104,sand_pct,5-15cm,47.4
5203104,sand_pct,15-30cm,44.8
5203104,sand_pct,30-60cm,41.0
5203104,sand_pct,60-100cm,40.1
5203104,silt_pct,0-5cm,22.1
5203104,silt_pct,5-15cm,20.3
5203104,silt_pct,15-30cm,18.9
5203104,silt_pct,30-60cm,17.2
5203104,silt_pct,60-100cm,17.4
5203104,soc_pct,0-5cm,2.17
5203104,soc_pct,5-15cm,1.76
5203104,soc_pct,15-30cm,1.02
5203104,soc_pct,30-60cm,0.7
5203104,soc_pct,60-100cm,0.42
5203104,ph_h2o,0-5cm,5.5
5203104,ph_h2o,5-15cm,5.6
5203104,ph_h2o,15-30cm,5.6
5203104,ph_h2o,30-60cm,5.6
5203104,ph_h2o,60-100cm,5.7
5203104,bd_kg_dm3,0-5cm,1.28
5203104,bd_kg_dm3,5-15cm,1.32
5203104,bd_kg_dm3,15-30cm,1.33
5203104,bd_kg_dm3,30-60cm,1.35
5203104,bd_kg_dm3,60-100cm,1.34
5203104,cec_cmol_kg,0-5cm,11.1
5203104,cec_cmol_kg,5-15cm,9.7
5203104,cec_cmol_kg,15-30cm,8.3
5203104,cec_cmol_kg,30-60cm,7.5
5203104,cec_cmol_kg,60-100cm,7.1
5202502,clay_pct,0-5cm,23.9
5202502,clay_pct,5-15cm,26.1
5202502,clay_pct,15-30cm,29.4
5202502,clay_pct,30-60cm,35.7
5202502,clay_pct,60-100cm,36.3
5202502,sand_pct,0-5cm,61.1
5202502,sand_pct,5-15cm,58.3
5202502,sand_pct,15-30cm,56.0
5202502,sand_pct,30-60cm,50.0
5202502,sand_pct,60-100cm,50.1
5202502,silt_pct,0-5cm,15.0
5202502,silt_pct,5-15cm,15.6
5202502,silt_pct,15-30cm,14.6
5202502,silt_pct,30-60cm,14.3
5202502,silt_pct,60-100cm,13.6
5202502,soc_pct,0-5cm,2.48
5202502,soc_pct,5-15cm,2.41
5202502,soc_pct,15-30cm,1.75
5202502,soc_pct,30-60cm,0.84
5202502,soc_pct,60-100cm,0.41
5202502,ph_h2o,0-5cm,5.7
5202502,ph_h2o,5-15cm,5.7
5202502,ph_h2o,15-30cm,5.7
5202502,ph_h2o,30-60cm,5.7
5202502,ph_h2o,60-100cm,5.8
5202502,bd_kg_dm3,0-5cm,1.26
5202502,bd_kg_dm3,5-15cm,1.3
5202502,bd_kg_dm3,15-30cm,1.31
5202502,bd_kg_dm3,30-60cm,1.32
5202502,bd_kg_dm3,60-100cm,1.33
5202502,cec_cmol_kg,0-5cm,10.6
5202502,cec_cmol_kg,5-15cm,8.8
5202502,cec_cmol_kg,15-30cm,6.7
5202502,cec_cmol_kg,30-60cm,6.4
5202502,cec_cmol_kg,60-100cm,5.8
5203401,clay_pct,0-5cm,26.8
5203401,clay_pct,5-15cm,28.1
5203401,clay_pct,15-30cm,34.4
5203401,clay_pct,30-60cm,34.4
5203401,clay_pct,60-100cm,35.2
5203401,sand_pct,0-5cm,57.1
5203401,sand_pct,5-15cm,58.2
5203401,sand_pct,15-30cm,52.9
5203401,sand_pct,30-60cm,52.9
5203401,sand_pct,60-100cm,52.4
5203401,silt_pct,0-5cm,16.1
5203401,silt_pct,5-15cm,13.7
5203401,silt_pct,15-30cm,12.7
5203401,silt_pct,30-60cm,12.7
5203401,silt_pct,60-100cm,12.4
5203401,soc_pct,0-5cm,1.81
5203401,soc_pct,5-15cm,1.59
5203401,soc_pct,15-30cm,1.22
5203401,soc_pct,30-60cm,0.68
5203401,soc_pct,60-100cm,0.4
5203401,ph_h2o,0-5cm,5.5
5203401,ph_h2o,5-15cm,5.5
5203401,ph_h2o,15-30cm,5.6
5203401,ph_h2o,30-60cm,5.6
5203401,ph_h2o,60-100cm,5.7
5203401,bd_kg_dm3,0-5cm,1.31
5203401,bd_kg_dm3,5-15cm,1.33
5203401,bd_kg_dm3,15-30cm,1.34
5203401,bd_kg_dm3,30-60cm,1.33
5203401,bd_kg_dm3,60-100cm,1.31
5203401,cec_cmol_kg,0-5cm,10.0
5203401,cec_cmol_kg,5-15cm,8.3
5203401,cec_cmol_kg,15-30cm,7.0
5203401,cec_cmol_kg,30-60cm,6.3
5203401,cec_cmol_kg,60-100cm,5.5
5203302,clay_pct,0-5cm,31.2
5203302,clay_pct,5-15cm,34.3
5203302,clay_pct,15-30cm,35.8
5203302,clay_pct,30-60cm,41.7
5203302,clay_pct,60-100cm,43.5
5203302,sand_pct,0-5cm,43.2
5203302,sand_pct,5-15cm,45.6
5203302,sand_pct,15-30cm,44.3
5203302,sand_pct,30-60cm,40.0
5203302,sand_pct,60-100cm,38.0
5203302,silt_pct,0-5cm,25.6
5203302,silt_pct,5-15cm,20.1
5203302,silt_pct,15-30cm,19.9
5203302,silt_pct,30-60cm,18.3
5203302,silt_pct,60-100cm,18.5
5203302,soc_pct,0-5cm,2.59
5203302,soc_pct,5-15cm,2.13
5203302,soc_pct,15-30cm,1.31
5203302,soc_pct,30-60cm,0.81
5203302,soc_pct,60-100cm,0.55
5203302,ph_h2o,0-5cm,5.5
5203302,ph_h2o,5-15cm,5.5
5203302,ph_h2o,15-30cm,5.6
5203302,ph_h2o,30-60cm,5.6
5203302,ph_h2o,60-100cm,5.7
5203302,bd_kg_dm3,0-5cm,1.27
5203302,bd_kg_dm3,5-15cm,1.3
5203302,bd_kg_dm3,15-30cm,1.32
5203302,bd_kg_dm3,30-60cm,1.32
5203302,bd_kg_dm3,60-100cm,1.31
5203302,cec_cmol_kg,0-5cm,11.2
5203302,cec_cmol_kg,5-15cm,10.0
5203302,cec_cmol_kg,15-30cm,6.3
5203302,cec_cmol_kg,30-60cm,5.3
5203302,cec_cmol_kg,60-100cm,4.6
5203559,clay_pct,0-5cm,34.3
5203559,clay_pct,5-15cm,36.7
5203559,clay_pct,15-30cm,38.5
5203559,clay_pct,30-60cm,43.4
5203559,clay_pct,60-100cm,43.8
5203559,sand_pct,0-5cm,44.5
5203559,sand_pct,5-15cm,46.0
5203559,sand_pct,15-30cm,44.2
5203559,sand_pct,30-60cm,40.0
5203559,sand_pct,60-100cm,39.4
5203559,silt_pct,0-5cm,21.2
5203559,silt_pct,5-15cm,17.3
5203559,silt_pct,15-30cm,17.3
5203559,silt_pct,30-60cm,16.6
5203559,silt_pct,60-100cm,16.8
5203559,soc_pct,0-5cm,2.36
5203559,soc_pct,5-15cm,2.26
5203559,soc_pct,15-30cm,1.37
5203559,soc_pct,30-60cm,0.89
5203559,soc_pct,60-100cm,0.91
5203559,ph_h2o,0-5cm,5.5
5203559,ph_h2o,5-15cm,5.5
5203559,ph_h2o,15-30cm,5.5
5203559,ph_h2o,30-60cm,5.6
5203559,ph_h2o,60-100cm,5.7
5203559,bd_kg_dm3,0-5cm,1.26
5203559,bd_kg_dm3,5-15cm,1.28
5203559,bd_kg_dm3,15-30cm,1.3
5203559,bd_kg_dm3,30-60cm,1.3
5203559,bd_kg_dm3,60-100cm,1.29
5203559,cec_cmol_kg,0-5cm,10.7
5203559,cec_cmol_kg,5-15cm,9.0
5203559,cec_cmol_kg,15-30cm,6.4
5203559,cec_cmol_kg,30-60cm,5.6
5203559,cec_cmol_kg,60-100cm,5.1
5203203,clay_pct,0-5cm,30.9
5203203,clay_pct,5-15cm,34.6
5203203,clay_pct,15-30cm,39.2
5203203,clay_pct,30-60cm,49.2
5203203,clay_pct,60-100cm,50.9
5203203,sand_pct,0-5cm,41.5
5203203,sand_pct,5-15cm,38.5
5203203,sand_pct,15-30cm,35.4
5203203,sand_pct,30-60cm,28.8
5203203,sand_pct,60-100cm,29.6
5203203,silt_pct,0-5cm,27.6
5203203,silt_pct,5-15cm,26.9
5203203,silt_pct,15-30cm,25.5
5203203,silt_pct,30-60cm,22.0
5203203,silt_pct,60-100cm,19.5
5203203,soc_pct,0-5cm,2.2
5203203,soc_pct,5-15cm,1.96
5203203,soc_pct,15-30cm,1.38
5203203,soc_pct,30-60cm,0.76
5203203,soc_pct,60-100cm,0.6
5203203,ph_h2o,0-5cm,5.4
5203203,ph_h2o,5-15cm,5.4
5203203,ph_h2o,15-30cm,5.4
5203203,ph_h2o,30-60cm,5.4
5203203,ph_h2o,60-100cm,5.4
5203203,bd_kg_dm3,0-5cm,1.28
5203203,bd_kg_dm3,5-15cm,1.29
5203203,bd_kg_dm3,15-30cm,1.3
5203203,bd_kg_dm3,30-60cm,1.27
5203203,bd_kg_dm3,60-100cm,1.28
5203203,cec_cmol_kg,0-5cm,9.2
5203203,cec_cmol_kg,5-15cm,9.0
5203203,cec_cmol_kg,15-30cm,7.5
5203203,cec_cmol_kg,30-60cm,6.7
5203203,cec_cmol_kg,60-100cm,6.5
5203500,clay_pct,0-5cm,26.5
5203500,clay_pct,5-15cm,27.9
5203500,clay_pct,15-30cm,31.5
5203500,clay_pct,30-60cm,41.5
5203500,clay_pct,60-100cm,43.4
5203500,sand_pct,0-5cm,51.0
5203500,sand_pct,5-15cm,50.8
5203500,sand_pct,15-30cm,47.6
5203500,sand_pct,30-60cm,40.5
5203500,sand_pct,60-100cm,39.0
5203500,silt_pct,0-5cm,22.5
5203500,silt_pct,5-15cm,21.3
5203500,silt_pct,15-30cm,20.8
5203500,silt_pct,30-60cm,18.0
5203500,silt_pct,60-100cm,17.6
5203500,soc_pct,0-5cm,2.33
5203500,soc_pct,5-15cm,2.01
5203500,soc_pct,15-30cm,1.14
5203500,soc_pct,30-60cm,0.89
5203500,soc_pct,60-100cm,0.64
5203500,ph_h2o,0-5cm,5.5
5203500,ph_h2o,5-15cm,5.5
5203500,ph_h2o,15-30cm,5.5
5203500,ph_h2o,30-60cm,5.6
5203500,ph_h2o,60-100cm,5.7
5203500,bd_kg_dm3,0-5cm,1.34
5203500,bd_kg_dm3,5-15cm,1.35
5203500,bd_kg_dm3,15-30cm,1.36
5203500,bd_kg_dm3,30-60cm,1.33
5203500,bd_kg_dm3,60-100cm,1.32
5203500,cec_cmol_kg,0-5cm,12.6
5203500,cec_cmol_kg,5-15cm,11.3
5203500,cec_cmol_kg,15-30cm,10.8
5203500,cec_cmol_kg,30-60cm,10.9
5203500,cec_cmol_kg,60-100cm,10.5
5203575,clay_pct,0-5cm,19.7
5203575,clay_pct,5-15cm,23.3
5203575,clay_pct,15-30cm,26.2
5203575,clay_pct,30-60cm,33.4
5203575,clay_pct,60-100cm,34.8
5203575,sand_pct,0-5cm,68.5
5203575,sand_pct,5-15cm,63.8
5203575,sand_pct,15-30cm,61.2
5203575,sand_pct,30-60cm,54.8
5203575,sand_pct,60-100cm,54.9
5203575,silt_pct,0-5cm,11.8
5203575,silt_pct,5-15cm,12.9
5203575,silt_pct,15-30cm,12.6
5203575,silt_pct,30-60cm,11.9
5203575,silt_pct,60-100cm,10.3
5203575,soc_pct,0-5cm,1.91
5203575,soc_pct,5-15cm,1.72
5203575,soc_pct,15-30cm,0.98
5203575,soc_pct,30-60cm,0.53
5203575,soc_pct,60-100cm,0.37
5203575,ph_h2o,0-5cm,5.4
5203575,ph_h2o,5-15cm,5.4
5203575,ph_h2o,15-30cm,5.4
5203575,ph_h2o,30-60cm,5.5
5203575,ph_h2o,60-100cm,5.6
5203575,bd_kg_dm3,0-5cm,1.29
5203575,bd_kg_dm3,5-15cm,1.33
5203575,bd_kg_dm3,15-30cm,1.35
5203575,bd_kg_dm3,30-60cm,1.38
5203575,bd_kg_dm3,60-100cm,1.37
5203575,cec_cmol_kg,0-5cm,9.7
5203575,cec_cmol_kg,5-15cm,8.6
5203575,cec_cmol_kg,15-30cm,6.6
5203575,cec_cmol_kg,30-60cm,6.3
5203575,cec_cmol_kg,60-100cm,5.6
5203807,clay_pct,0-5cm,26.5
5203807,clay_pct,5-15cm,27.2
5203807,clay_pct,15-30cm,29.4
5203807,clay_pct,30-60cm,35.6
5203807,clay_pct,60-100cm,36.6
5203807,sand_pct,0-5cm,59.3
5203807,sand_pct,5-15cm,58.8
5203807,sand_pct,15-30cm,57.7
5203807,sand_pct,30-60cm,52.3
5203807,sand_pct,60-100cm,51.8
5203807,silt_pct,0-5cm,14.2
5203807,silt_pct,5-15cm,14.0
5203807,silt_pct,15-30cm,12.9
5203807,silt_pct,30-60cm,12.1
5203807,silt_pct,60-100cm,11.6
5203807,soc_pct,0-5cm,2.24
5203807,soc_pct,5-15cm,1.74
5203807,soc_pct,15-30cm,1.13
5203807,soc_pct,30-60cm,1.01
5203807,soc_pct,60-100cm,0.37
5203807,ph_h2o,0-5cm,5.4
5203807,ph_h2o,5-15cm,5.4
5203807,ph_h2o,15-30cm,5.4
5203807,ph_h2o,30-60cm,5.5
5203807,ph_h2o,60-100cm,5.7
5203807,bd_kg_dm3,0-5cm,1.29
5203807,bd_kg_dm3,5-15cm,1.31
5203807,bd_kg_dm3,15-30cm,1.32
5203807,bd_kg_dm3,30-60cm,1.33
5203807,bd_kg_dm3,60-100cm,1.34
5203807,cec_cmol_kg,0-5cm,11.6
5203807,cec_cmol_kg,5-15cm,10.8
5203807,cec_cmol_kg,15-30cm,9.8
5203807,cec_cmol_kg,30-60cm,10.2
5203807,cec_cmol_kg,60-100cm,9.7
5203962,clay_pct,0-5cm,33.2
5203962,clay_pct,5-15cm,30.0
5203962,clay_pct,15-30cm,32.3
5203962,clay_pct,30-60cm,39.3
5203962,clay_pct,60-100cm,41.2
5203962,sand_pct,0-5cm,36.1
5203962,sand_pct,5-15cm,37.7
5203962,sand_pct,15-30cm,36.4
5203962,sand_pct,30-60cm,31.3
5203962,sand_pct,60-100cm,30.0
5203962,silt_pct,0-5cm,30.7
5203962,silt_pct,5-15cm,32.3
5203962,silt_pct,15-30cm,31.4
5203962,silt_pct,30-60cm,29.4
5203962,silt_pct,60-100cm,28.8
5203962,soc_pct,0-5cm,2.34
5203962,soc_pct,5-15cm,1.88
5203962,soc_pct,15-30cm,1.36
5203962,soc_pct,30-60cm,0.64
5203962,soc_pct,60-100cm,0.43
5203962,ph_h2o,0-5cm,5.7
5203962,ph_h2o,5-15cm,5.7
5203962,ph_h2o,15-30cm,5.7
5203962,ph_h2o,30-60cm,5.7
5203962,ph_h2o,60-100cm,5.8
5203962,bd_kg_dm3,0-5cm,1.28
5203962,bd_kg_dm3,5-15cm,1.29
5203962,bd_kg_dm3,15-30cm,1.33
5203962,bd_kg_dm3,30-60cm,1.31
5203962,bd_kg_dm3,60-100cm,1.29
5203962,cec_cmol_kg,0-5cm,11.3
5203962,cec_cmol_kg,5-15cm,10.5
5203962,cec_cmol_kg,15-30cm,9.0
5203962,cec_cmol_kg,30-60cm,8.1
5203962,cec_cmol_kg,60-100cm,7.5
5204102,clay_pct,0-5cm,27.2
5204102,clay_pct,5-15cm,29.8
5204102,clay_pct,15-30cm,25.2
5204102,clay_pct,30-60cm,20.3
5204102,clay_pct,60-100cm,21.0
5204102,sand_pct,0-5cm,56.7
5204102,sand_pct,5-15cm,56.1
5204102,sand_pct,15-30cm,61.2
5204102,sand_pct,30-60cm,65.2
5204102,sand_pct,60-100cm,66.3
5204102,silt_pct,0-5cm,16.0
5204102,silt_pct,5-15cm,14.1
5204102,silt_pct,15-30cm,13.6
5204102,silt_pct,30-60cm,14.5
5204102,silt_pct,60-100cm,12.6
5204102,soc_pct,0-5cm,2.04
5204102,soc_pct,5-15cm,1.53
5204102,soc_pct,15-30cm,0.98
5204102,soc_pct,30-60cm,1.01
5204102,soc_pct,60-100cm,0.33
5204102,ph_h2o,0-5cm,5.6
5204102,ph_h2o,5-15cm,5.6
5204102,ph_h2o,15-30cm,5.6
5204102,ph_h2o,30-60cm,5.6
5204102,ph_h2o,60-100cm,5.6
5204102,bd_kg_dm3,0-5cm,1.33
5204102,bd_kg_dm3,5-15cm,1.35
5204102,bd_kg_dm3,15-30cm,1.39
5204102,bd_kg_dm3,30-60cm,1.37
5204102,bd_kg_dm3,60-100cm,1.36
5204102,cec_cmol_kg,0-5cm,10.7
5204102,cec_cmol_kg,5-15cm,10.1
5204102,cec_cmol_kg,15-30cm,8.9
5204102,cec_cmol_kg,30-60cm,8.0
5204102,cec_cmol_kg,60-100cm,7.7
5203906,clay_pct,0-5cm,36.4
5203906,clay_pct,5-15cm,38.6
5203906,clay_pct,15-30cm,38.8
5203906,clay_pct,30-60cm,44.2
5203906,clay_pct,60-100cm,45.3
5203906,sand_pct,0-5cm,40.5
5203906,sand_pct,5-15cm,40.9
5203906,sand_pct,15-30cm,40.7
5203906,sand_pct,30-60cm,36.5
5203906,sand_pct,60-100cm,36.9
5203906,silt_pct,0-5cm,23.1
5203906,silt_pct,5-15cm,20.5
5203906,silt_pct,15-30cm,20.6
5203906,silt_pct,30-60cm,19.3
5203906,silt_pct,60-100cm,17.8
5203906,soc_pct,0-5cm,2.69
5203906,soc_pct,5-15cm,2.0
5203906,soc_pct,15-30cm,1.53
5203906,soc_pct,30-60cm,0.97
5203906,soc_pct,60-100cm,0.68
5203906,ph_h2o,0-5cm,5.7
5203906,ph_h2o,5-15cm,5.7
5203906,ph_h2o,15-30cm,5.7
5203906,ph_h2o,30-60cm,5.8
5203906,ph_h2o,60-100cm,5.8
5203906,bd_kg_dm3,0-5cm,1.29
5203906,bd_kg_dm3,5-15cm,1.3
5203906,bd_kg_dm3,15-30cm,1.32
5203906,bd_kg_dm3,30-60cm,1.3
5203906,bd_kg_dm3,60-100cm,1.28
5203906,cec_cmol_kg,0-5cm,8.9
5203906,cec_cmol_kg,5-15cm,7.7
5203906,cec_cmol_kg,15-30cm,5.7
5203906,cec_cmol_kg,30-60cm,4.7
5203906,cec_cmol_kg,60-100cm,4.3
5203609,clay_pct,0-5cm,35.3
5203609,clay_pct,5-15cm,38.5
5203609,clay_pct,15-30cm,40.0
5203609,clay_pct,30-60cm,44.1
5203609,clay_pct,60-100cm,44.5
5203609,sand_pct,0-5cm,40.6
5203609,sand_pct,5-15cm,43.6
5203609,sand_pct,15-30cm,42.0
5203609,sand_pct,30-60cm,39.4
5203609,sand_pct,60-100cm,39.8
5203609,silt_pct,0-5cm,24.2
5203609,silt_pct,5-15cm,17.9
5203609,silt_pct,15-30cm,17.9
5203609,silt_pct,30-60cm,16.5
5203609,silt_pct,60-100cm,15.7
5203609,soc_pct,0-5cm,2.6
5203609,soc_pct,5-15cm,2.31
5203609,soc_pct,15-30cm,1.51
5203609,soc_pct,30-60cm,0.96
5203609,soc_pct,60-100cm,1.04
5203609,ph_h2o,0-5cm,5.7
5203609,ph_h2o,5-15cm,5.7
5203609,ph_h2o,15-30cm,5.7
5203609,ph_h2o,30-60cm,5.7
5203609,ph_h2o,60-100cm,5.8
5203609,bd_kg_dm3,0-5cm,1.26
5203609,bd_kg_dm3,5-15cm,1.28
5203609,bd_kg_dm3,15-30cm,1.3
5203609,bd_kg_dm3,30-60cm,1.26
5203609,bd_kg_dm3,60-100cm,1.26
5203609,cec_cmol_kg,0-5cm,11.4
5203609,cec_cmol_kg,5-15cm,9.1
5203609,cec_cmol_kg,15-30cm,7.3
5203609,cec_cmol_kg,30-60cm,6.3
5203609,cec_cmol_kg,60-100cm,5.9
5203939,clay_pct,0-5cm,24.7
5203939,clay_pct,5-15cm,26.9
5203939,clay_pct,15-30cm,28.8
5203939,clay_pct,30-60cm,35.7
5203939,clay_pct,60-100cm,35.6
5203939,sand_pct,0-5cm,49.7
5203939,sand_pct,5-15cm,48.6
5203939,sand_pct,15-30cm,47.1
5203939,sand_pct,30-60cm,42.2
5203939,sand_pct,60-100cm,41.7
5203939,silt_pct,0-5cm,25.6
5203939,silt_pct,5-15cm,24.4
5203939,silt_pct,15-30cm,24.1
5203939,silt_pct,30-60cm,22.1
5203939,silt_pct,60-100cm,22.7
5203939,soc_pct,0-5cm,2.35
5203939,soc_pct,5-15cm,2.27
5203939,soc_pct,15-30cm,1.29
5203939,soc_pct,30-60cm,0.72
5203939,soc_pct,60-100cm,0.48
5203939,ph_h2o,0-5cm,5.7
5203939,ph_h2o,5-15cm,5.7
5203939,ph_h2o,15-30cm,5.7
5203939,ph_h2o,30-60cm,5.8
5203939,ph_h2o,60-100cm,5.9
5203939,bd_kg_dm3,0-5cm,1.26
5203939,bd_kg_dm3,5-15cm,1.28
5203939,bd_kg_dm3,15-30cm,1.32
5203939,bd_kg_dm3,30-60cm,1.31
5203939,bd_kg_dm3,60-100cm,1.32
5203939,cec_cmol_kg,0-5cm,11.8
5203939,cec_cmol_kg,5-15cm,10.4
5203939,cec_cmol_kg,15-30cm,8.1
5203939,cec_cmol_kg,30-60cm,7.4
5203939,cec_cmol_kg,60-100cm,6.7
5204300,clay_pct,0-5cm,21.3
5204300,clay_pct,5-15cm,22.5
5204300,clay_pct,15-30cm,22.7
5204300,clay_pct,30-60cm,26.6
5204300,clay_pct,60-100cm,24.5
5204300,sand_pct,0-5cm,66.2
5204300,sand_pct,5-15cm,65.1
5204300,sand_pct,15-30cm,64.9
5204300,sand_pct,30-60cm,61.5
5204300,sand_pct,60-100cm,64.2
5204300,silt_pct,0-5cm,12.5
5204300,silt_pct,5-15cm,12.4
5204300,silt_pct,15-30cm,12.5
5204300,silt_pct,30-60cm,11.9
5204300,silt_pct,60-100cm,11.4
5204300,soc_pct,0-5cm,2.9
5204300,soc_pct,5-15cm,1.79
5204300,soc_pct,15-30cm,1.28
5204300,soc_pct,30-60cm,0.8
5204300,soc_pct,60-100cm,0.4
5204300,ph_h2o,0-5cm,5.7
5204300,ph_h2o,5-15cm,5.7
5204300,ph_h2o,15-30cm,5.7
5204300,ph_h2o,30-60cm,5.7
5204300,ph_h2o,60-100cm,5.7
5204300,bd_kg_dm3,0-5cm,1.24
5204300,bd_kg_dm3,5-15cm,1.29
5204300,bd_kg_dm3,15-30cm,1.32
5204300,bd_kg_dm3,30-60cm,1.28
5204300,bd_kg_dm3,60-100cm,1.25
5204300,cec_cmol_kg,0-5cm,8.6
5204300,cec_cmol_kg,5-15cm,7.3
5204300,cec_cmol_kg,15-30cm,6.6
5204300,cec_cmol_kg,30-60cm,6.0
5204300,cec_cmol_kg,60-100cm,5.5
5204409,clay_pct,0-5cm,26.5
5204409,clay_pct,5-15cm,29.2
5204409,clay_pct,15-30cm,35.1
5204409,clay_pct,30-60cm,39.0
5204409,clay_pct,60-100cm,40.0
5204409,sand_pct,0-5cm,53.4
5204409,sand_pct,5-15cm,53.5
5204409,sand_pct,15-30cm,48.6
5204409,sand_pct,30-60cm,46.4
5204409,sand_pct,60-100cm,45.6
5204409,silt_pct,0-5cm,20.1
5204409,silt_pct,5-15cm,17.3
5204409,silt_pct,15-30cm,16.3
5204409,silt_pct,30-60cm,14.6
5204409,silt_pct,60-100cm,14.4
5204409,soc_pct,0-5cm,2.18
5204409,soc_pct,5-15cm,1.85
5204409,soc_pct,15-30cm,1.18
5204409,soc_pct,30-60cm,0.78
5204409,soc_pct,60-100cm,0.47
5204409,ph_h2o,0-5cm,5.4
5204409,ph_h2o,5-15cm,5.5
5204409,ph_h2o,15-30cm,5.5
5204409,ph_h2o,30-60cm,5.6
5204409,ph_h2o,60-100cm,5.7
5204409,cec_cmol_kg,0-5cm,10.1
5204409,cec_cmol_kg,5-15cm,8.8
5204409,cec_cmol_kg,15-30cm,7.3
5204409,cec_cmol_kg,30-60cm,6.6
5204409,cec_cmol_kg,60-100cm,6.0
5204250,clay_pct,0-5cm,29.0
5204250,clay_pct,5-15cm,30.7
5204250,clay_pct,15-30cm,30.9
5204250,clay_pct,30-60cm,36.2
5204250,clay_pct,60-100cm,36.7
5204250,sand_pct,0-5cm,50.4
5204250,sand_pct,5-15cm,48.9
5204250,sand_pct,15-30cm,48.6
5204250,sand_pct,30-60cm,44.6
5204250,sand_pct,60-100cm,44.4
5204250,silt_pct,0-5cm,20.6
5204250,silt_pct,5-15cm,20.4
5204250,silt_pct,15-30cm,20.5
5204250,silt_pct,30-60cm,19.2
5204250,silt_pct,60-100cm,18.8
5204250,soc_pct,0-5cm,1.71
5204250,soc_pct,5-15cm,1.51
5204250,soc_pct,15-30cm,1.07
5204250,soc_pct,30-60cm,0.76
5204250,soc_pct,60-100cm,0.44
5204250,ph_h2o,0-5cm,5.4
5204250,ph_h2o,5-15cm,5.5
5204250,ph_h2o,15-30cm,5.5
5204250,ph_h2o,30-60cm,5.5
5204250,ph_h2o,60-100cm,5.5
5204250,bd_kg_dm3,0-5cm,1.33
5204250,bd_kg_dm3,5-15cm,1.36
5204250,bd_kg_dm3,15-30cm,1.38
5204250,bd_kg_dm3,30-60cm,1.33
5204250,bd_kg_dm3,60-100cm,1.31
5204250,cec_cmol_kg,0-5cm,10.3
5204250,cec_cmol_kg,5-15cm,10.2
5204250,cec_cmol_kg,15-30cm,9.1
5204250,cec_cmol_kg,30-60cm,8.0
5204250,cec_cmol_kg,60-100cm,7.1
5204003,clay_pct,0-5cm,36.8
5204003,clay_pct,5-15cm,35.3
5204003,clay_pct,15-30cm,36.8
5204003,clay_pct,30-60cm,45.5
5204003,clay_pct,60-100cm,44.8
5204003,sand_pct,0-5cm,36.7
5204003,sand_pct,5-15cm,38.2
5204003,sand_pct,15-30cm,36.9
5204003,sand_pct,30-60cm,30.8
5204003,sand_pct,60-100cm,31.3
5204003,silt_pct,0-5cm,26.5
5204003,silt_pct,5-15cm,26.5
5204003,silt_pct,15-30cm,26.4
5204003,silt_pct,30-60cm,23.6
5204003,silt_pct,60-100cm,23.9
5204003,soc_pct,0-5cm,2.16
5204003,soc_pct,5-15cm,1.77
5204003,soc_pct,15-30cm,1.57
5204003,soc_pct,30-60cm,0.95
5204003,soc_pct,60-100cm,0.59
5204003,ph_h2o,0-5cm,5.3
5204003,ph_h2o,5-15cm,5.2
5204003,ph_h2o,15-30cm,5.2
5204003,ph_h2o,30-60cm,5.2
5204003,ph_h2o,60-100cm,5.3
5204003,cec_cmol_kg,0-5cm,9.1
5204003,cec_cmol_kg,5-15cm,8.9
5204003,cec_cmol_kg,15-30cm,6.7
5204003,cec_cmol_kg,30-60cm,5.9
5204003,cec_cmol_kg,60-100cm,5.3
5204557,clay_pct,0-5cm,32.4
5204557,clay_pct,5-15cm,34.4
5204557,clay_pct,15-30cm,36.0
5204557,clay_pct,30-60cm,42.8
5204557,clay_pct,60-100cm,42.4
5204557,sand_pct,0-5cm,44.5
5204557,sand_pct,5-15cm,45.4
5204557,sand_pct,15-30cm,44.0
5204557,sand_pct,30-60cm,39.3
5204557,sand_pct,60-100cm,39.0
5204557,silt_pct,0-5cm,23.1
5204557,silt_pct,5-15cm,20.2
5204557,silt_pct,15-30cm,20.0
5204557,silt_pct,30-60cm,17.9
5204557,silt_pct,60-100cm,18.6
5204557,soc_pct,0-5cm,2.72
5204557,soc_pct,5-15cm,2.18
5204557,soc_pct,15-30cm,1.57
5204557,soc_pct,30-60cm,1.0
5204557,soc_pct,60-100cm,1.01
5204557,ph_h2o,0-5cm,5.3
5204557,ph_h2o,5-15cm,5.3
5204557,ph_h2o,15-30cm,5.4
5204557,ph_h2o,30-60cm,5.4
5204557,ph_h2o,60-100cm,5.5
5204557,bd_kg_dm3,0-5cm,1.28
5204557,bd_kg_dm3,5-15cm,1.3
5204557,bd_kg_dm3,15-30cm,1.3
5204557,bd_kg_dm3,30-60cm,1.28
5204557,bd_kg_dm3,60-100cm,1.26
5204557,cec_cmol_kg,0-5cm,11.1
5204557,cec_cmol_kg,5-15cm,9.5
5204557,cec_cmol_kg,15-30cm,7.6
5204557,cec_cmol_kg,30-60cm,7.1
5204557,cec_cmol_kg,60-100cm,6.5
5204508,clay_pct,0-5cm,31.5
5204508,clay_pct,5-15cm,32.3
5204508,clay_pct,15-30cm,35.7
5204508,clay_pct,30-60cm,39.3
5204508,clay_pct,60-100cm,39.3
5204508,sand_pct,0-5cm,45.8
5204508,sand_pct,5-15cm,46.8
5204508,sand_pct,15-30cm,43.8
5204508,sand_pct,30-60cm,40.9
5204508,sand_pct,60-100cm,41.8
5204508,soc_pct,0-5cm,2.42
5204508,soc_pct,5-15cm,1.96
5204508,soc_pct,15-30cm,1.4
5204508,soc_pct,30-60cm,0.91
5204508,soc_pct,60-100cm,0.59
5204508,ph_h2o,0-5cm,5.5
5204508,ph_h2o,5-15cm,5.5
5204508,ph_h2o,15-30cm,5.5
5204508,ph_h2o,30-60cm,5.5
5204508,ph_h2o,60-100cm,5.6
5204508,cec_cmol_kg,0-5cm,9.1
5204508,cec_cmol_kg,5-15cm,7.9
5204508,cec_cmol_kg,15-30cm,5.8
5204508,cec_cmol_kg,30-60cm,5.0
5204508,cec_cmol_kg,60-100cm,4.4
5204201,clay_pct,0-5cm,31.5
5204201,clay_pct,5-15cm,31.9
5204201,clay_pct,15-30cm,31.2
5204201,clay_pct,30-60cm,36.4
5204201,clay_pct,60-100cm,36.6
5204201,silt_pct,0-5cm,16.4
5204201,silt_pct,5-15cm,14.8
5204201,silt_pct,15-30cm,14.9
5204201,silt_pct,30-60cm,13.8
5204201,silt_pct,60-100cm,14.0
5204201,soc_pct,0-5cm,2.56
5204201,soc_pct,5-15cm,1.91
5204201,soc_pct,15-30cm,1.16
5204201,soc_pct,30-60cm,0.76
5204201,soc_pct,60-100cm,0.49
5204201,bd_kg_dm3,0-5cm,1.27
5204201,bd_kg_dm3,5-15cm,1.29
5204201,bd_kg_dm3,15-30cm,1.33
5204201,bd_kg_dm3,30-60cm,1.3
5204201,bd_kg_dm3,60-100cm,1.29
5204607,clay_pct,0-5cm,32.5
5204607,clay_pct,5-15cm,33.9
5204607,clay_pct,15-30cm,38.3
5204607,clay_pct,30-60cm,43.4
5204607,clay_pct,60-100cm,44.9
5204607,sand_pct,0-5cm,45.0
5204607,sand_pct,5-15cm,46.6
5204607,sand_pct,15-30cm,43.6
5204607,sand_pct,30-60cm,40.4
5204607,sand_pct,60-100cm,38.9
5204607,silt_pct,0-5cm,22.5
5204607,silt_pct,5-15cm,19.5
5204607,silt_pct,15-30cm,18.1
5204607,silt_pct,30-60cm,16.3
5204607,silt_pct,60-100cm,16.2
5204607,soc_pct,0-5cm,2.21
5204607,soc_pct,5-15cm,2.48
5204607,soc_pct,15-30cm,1.28
5204607,soc_pct,30-60cm,0.81
5204607,soc_pct,60-100cm,0.52
5204607,ph_h2o,0-5cm,5.6
5204607,ph_h2o,5-15cm,5.6
5204607,ph_h2o,15-30cm,5.6
5204607,ph_h2o,30-60cm,5.7
5204607,ph_h2o,60-100cm,5.9
5204607,bd_kg_dm3,0-5cm,1.26
5204607,bd_kg_dm3,5-15cm,1.28
5204607,bd_kg_dm3,15-30cm,1.32
5204607,bd_kg_dm3,30-60cm,1.3
5204607,bd_kg_dm3,60-100cm,1.28
5204607,cec_cmol_kg,0-5cm,12.8
5204607,cec_cmol_kg,5-15cm,11.6
5204607,cec_cmol_kg,15-30cm,8.7
5204607,cec_cmol_kg,30-60cm,8.2
5204607,cec_cmol_kg,60-100cm,7.6
5204656,clay_pct,0-5cm,34.2
5204656,clay_pct,5-15cm,34.2
5204656,clay_pct,15-30cm,33.8
5204656,clay_pct,30-60cm,42.1
5204656,clay_pct,60-100cm,44.5
5204656,sand_pct,0-5cm,40.5
5204656,sand_pct,5-15cm,40.2
5204656,sand_pct,15-30cm,40.7
5204656,sand_pct,30-60cm,34.8
5204656,sand_pct,60-100cm,34.3
5204656,silt_pct,0-5cm,25.2
5204656,silt_pct,5-15cm,25.6
5204656,silt_pct,15-30cm,25.6
5204656,silt_pct,30-60cm,23.1
5204656,silt_pct,60-100cm,21.2
5204656,soc_pct,0-5cm,4.26
5204656,soc_pct,5-15cm,2.56
5204656,soc_pct,15-30cm,1.47
5204656,soc_pct,30-60cm,0.76
5204656,soc_pct,60-100cm,0.55
5204656,ph_h2o,0-5cm,5.4
5204656,ph_h2o,5-15cm,5.4
5204656,ph_h2o,15-30cm,5.4
5204656,ph_h2o,30-60cm,5.4
5204656,ph_h2o,60-100cm,5.5
5204656,bd_kg_dm3,0-5cm,1.16
5204656,bd_kg_dm3,5-15cm,1.18
5204656,bd_kg_dm3,15-30cm,1.21
5204656,bd_kg_dm3,30-60cm,1.18
5204656,bd_kg_dm3,60-100cm,1.19
5204656,cec_cmol_kg,0-5cm,12.9
5204656,cec_cmol_kg,5-15cm,13.7
5204656,cec_cmol_kg,15-30cm,13.0
5204656,cec_cmol_kg,30-60cm,13.1
5204656,cec_cmol_kg,60-100cm,13.2
5204706,clay_pct,0-5cm,34.4
5204706,clay_pct,5-15cm,34.2
5204706,clay_pct,15-30cm,36.5
5204706,clay_pct,30-60cm,43.6
5204706,clay_pct,60-100cm,45.4
5204706,sand_pct,0-5cm,41.1
5204706,sand_pct,5-15cm,41.1
5204706,sand_pct,15-30cm,39.6
5204706,sand_pct,30-60cm,34.1
5204706,sand_pct,60-100cm,33.3
5204706,silt_pct,0-5cm,24.5
5204706,silt_pct,5-15cm,24.7
5204706,silt_pct,15-30cm,23.9
5204706,silt_pct,30-60cm,22.3
5204706,silt_pct,60-100cm,21.2
5204706,soc_pct,0-5cm,2.86
5204706,soc_pct,5-15cm,2.11
5204706,soc_pct,15-30cm,1.17
5204706,soc_pct,30-60cm,0.66
5204706,soc_pct,60-100cm,0.53
5204706,ph_h2o,0-5cm,5.5
5204706,ph_h2o,5-15cm,5.5
5204706,ph_h2o,15-30cm,5.4
5204706,ph_h2o,30-60cm,5.4
5204706,ph_h2o,60-100cm,5.5
5204706,bd_kg_dm3,0-5cm,1.25
5204706,bd_kg_dm3,5-15cm,1.28
5204706,bd_kg_dm3,15-30cm,1.31
5204706,bd_kg_dm3,30-60cm,1.27
5204706,bd_kg_dm3,60-100cm,1.29
5204706,cec_cmol_kg,0-5cm,9.9
5204706,cec_cmol_kg,5-15cm,10.2
5204706,cec_cmol_kg,15-30cm,8.4
5204706,cec_cmol_kg,30-60cm,8.1
5204706,cec_cmol_kg,60-100cm,7.6
5205000,clay_pct,0-5cm,32.8
5205000,clay_pct,5-15cm,34.4
5205000,clay_pct,15-30cm,41.2
5205000,clay_pct,30-60cm,49.5
5205000,clay_pct,60-100cm,48.7
5205000,sand_pct,0-5cm,39.7
5205000,sand_pct,5-15cm,40.0
5205000,sand_pct,15-30cm,35.6
5205000,sand_pct,30-60cm,30.1
5205000,sand_pct,60-100cm,30.2
5205000,silt_pct,0-5cm,27.6
5205000,silt_pct,5-15cm,25.6
5205000,silt_pct,15-30cm,23.1
5205000,silt_pct,30-60cm,20.4
5205000,silt_pct,60-100cm,21.1
5205000,soc_pct,0-5cm,2.09
5205000,soc_pct,5-15cm,2.02
5205000,soc_pct,15-30cm,1.14
5205000,soc_pct,30-60cm,0.7
5205000,soc_pct,60-100cm,0.61
5205000,ph_h2o,0-5cm,5.6
5205000,ph_h2o,5-15cm,5.6
5205000,ph_h2o,15-30cm,5.6
5205000,ph_h2o,30-60cm,5.6
5205000,ph_h2o,60-100cm,5.7
5205000,bd_kg_dm3,0-5cm,1.29
5205000,bd_kg_dm3,5-15cm,1.31
5205000,bd_kg_dm3,15-30cm,1.33
5205000,bd_kg_dm3,30-60cm,1.29
5205000,bd_kg_dm3,60-100cm,1.28
5205000,cec_cmol_kg,0-5cm,11.3
5205000,cec_cmol_kg,5-15cm,10.4
5205000,cec_cmol_kg,15-30cm,7.6
5205000,cec_cmol_kg,30-60cm,6.6
5205000,cec_cmol_kg,60-100cm,5.9
5204805,clay_pct,0-5cm,38.0
5204805,clay_pct,5-15cm,41.9
5204805,clay_pct,15-30cm,43.3
5204805,clay_pct,30-60cm,41.9
5204805,clay_pct,60-100cm,41.6
5204805,silt_pct,0-5cm,24.0
5204805,silt_pct,5-15cm,23.8
5204805,silt_pct,15-30cm,23.4
5204805,silt_pct,30-60cm,24.4
5204805,silt_pct,60-100cm,24.7
5204805,soc_pct,0-5cm,2.63
5204805,soc_pct,5-15cm,1.72
5204805,soc_pct,15-30cm,1.52
5204805,soc_pct,30-60cm,0.94
5204805,soc_pct,60-100cm,0.57
5204805,ph_h2o,0-5cm,5.2
5204805,ph_h2o,5-15cm,5.2
5204805,ph_h2o,15-30cm,5.3
5204805,ph_h2o,30-60cm,5.4
5204805,ph_h2o,60-100cm,5.5
5204805,cec_cmol_kg,0-5cm,12.0
5204805,cec_cmol_kg,5-15cm,11.0
5204805,cec_cmol_kg,15-30cm,8.6
5204805,cec_cmol_kg,30-60cm,7.5
5204805,cec_cmol_kg,60-100cm,6.9
5204904,clay_pct,0-5cm,32.9
5204904,clay_pct,5-15cm,33.6
5204904,clay_pct,15-30cm,36.7
5204904,clay_pct,30-60cm,45.3
5204904,clay_pct,60-100cm,45.5
5204904,sand_pct,0-5cm,31.2
5204904,sand_pct,5-15cm,30.5
5204904,sand_pct,15-30cm,28.9
5204904,sand_pct,30-60cm,24.5
5204904,sand_pct,60-100cm,23.5
5204904,soc_pct,0-5cm,2.06
5204904,soc_pct,5-15cm,1.74
5204904,soc_pct,15-30cm,1.15
5204904,soc_pct,30-60cm,0.65
5204904,soc_pct,60-100cm,0.42
5204904,ph_h2o,0-5cm,5.7
5204904,ph_h2o,5-15cm,5.7
5204904,ph_h2o,15-30cm,5.7
5204904,ph_h2o,30-60cm,5.7
5204904,ph_h2o,60-100cm,5.7
5204904,bd_kg_dm3,0-5cm,1.27
5204904,bd_kg_dm3,5-15cm,1.32
5204904,bd_kg_dm3,15-30cm,1.32
5204904,bd_kg_dm3,30-60cm,1.33
5204904,bd_kg_dm3,60-100cm,1.31
5204904,cec_cmol_kg,0-5cm,9.2
5204904,cec_cmol_kg,5-15cm,8.8
5204904,cec_cmol_kg,15-30cm,7.1
5204904,cec_cmol_kg,30-60cm,7.1
5204904,cec_cmol_kg,60-100cm,6.5
5204854,clay_pct,0-5cm,32.5
5204854,clay_pct,5-15cm,35.2
5204854,clay_pct,15-30cm,39.2
5204854,clay_pct,30-60cm,44.8
5204854,clay_pct,60-100cm,45.3
5204854,soc_pct,0-5cm,2.65
5204854,soc_pct,5-15cm,2.83
5204854,soc_pct,15-30cm,1.68
5204854,soc_pct,30-60cm,1.25
5204854,soc_pct,60-100cm,0.68
5204854,bd_kg_dm3,0-5cm,1.27
5204854,bd_kg_dm3,5-15cm,1.3
5204854,bd_kg_dm3,15-30cm,1.31
5204854,bd_kg_dm3,30-60cm,1.29
5204854,bd_kg_dm3,60-100cm,1.28
5204854,cec_cmol_kg,0-5cm,11.5
5204854,cec_cmol_kg,5-15cm,9.0
5204854,cec_cmol_kg,15-30cm,8.2
5204854,cec_cmol_kg,30-60cm,7.3
5204854,cec_cmol_kg,60-100cm,6.4
5204953,clay_pct,0-5cm,24.8
5204953,clay_pct,5-15cm,25.6
5204953,clay_pct,15-30cm,30.4
5204953,clay_pct,30-60cm,34.0
5204953,clay_pct,60-100cm,36.3
5204953,sand_pct,0-5cm,59.3
5204953,sand_pct,5-15cm,58.6
5204953,sand_pct,15-30cm,54.9
5204953,sand_pct,30-60cm,50.8
5204953,sand_pct,60-100cm,48.8
5204953,soc_pct,0-5cm,2.01
5204953,soc_pct,5-15cm,1.83
5204953,soc_pct,15-30cm,0.99
5204953,soc_pct,30-60cm,0.54
5204953,soc_pct,60-100cm,0.46
5204953,ph_h2o,0-5cm,5.7
5204953,ph_h2o,5-15cm,5.7
5204953,ph_h2o,15-30cm,5.7
5204953,ph_h2o,30-60cm,5.7
5204953,ph_h2o,60-100cm,5.8
5204953,bd_kg_dm3,0-5cm,1.25
5204953,bd_kg_dm3,5-15cm,1.29
5204953,bd_kg_dm3,15-30cm,1.3
5204953,bd_kg_dm3,30-60cm,1.29
5204953,bd_kg_dm3,60-100cm,1.29
5204953,cec_cmol_kg,0-5cm,10.8
5204953,cec_cmol_kg,5-15cm,9.6
5204953,cec_cmol_kg,15-30cm,7.4
5204953,cec_cmol_kg,30-60cm,6.9
5204953,cec_cmol_kg,60-100cm,5.8
5205307,clay_pct,0-5cm,32.9
5205307,clay_pct,5-15cm,30.7
5205307,clay_pct,15-30cm,32.8
5205307,clay_pct,30-60cm,39.5
5205307,clay_pct,60-100cm,40.4
5205307,sand_pct,0-5cm,40.4
5205307,sand_pct,5-15cm,40.8
5205307,sand_pct,15-30cm,39.4
5205307,sand_pct,30-60cm,35.5
5205307,sand_pct,60-100cm,35.2
5205307,silt_pct,0-5cm,26.8
5205307,silt_pct,5-15cm,28.5
5205307,silt_pct,15-30cm,27.8
5205307,silt_pct,30-60cm,25.0
5205307,silt_pct,60-100cm,24.4
5205307,soc_pct,0-5cm,2.7
5205307,soc_pct,5-15cm,2.13
5205307,soc_pct,15-30cm,1.32
5205307,soc_pct,30-60cm,0.78
5205307,soc_pct,60-100cm,0.55
5205307,ph_h2o,0-5cm,5.2
5205307,ph_h2o,5-15cm,5.3
5205307,ph_h2o,15-30cm,5.3
5205307,ph_h2o,30-60cm,5.3
5205307,ph_h2o,60-100cm,5.4
5205307,bd_kg_dm3,0-5cm,1.27
5205307,bd_kg_dm3,5-15cm,1.3
5205307,bd_kg_dm3,15-30cm,1.34
5205307,bd_kg_dm3,30-60cm,1.29
5205307,bd_kg_dm3,60-100cm,1.28
5205307,cec_cmol_kg,0-5cm,10.6
5205307,cec_cmol_kg,5-15cm,10.3
5205307,cec_cmol_kg,15-30cm,8.8
5205307,cec_cmol_kg,30-60cm,8.3
5205307,cec_cmol_kg,60-100cm,7.8
5205109,clay_pct,0-5cm,35.0
5205109,clay_pct,5-15cm,36.4
5205109,clay_pct,15-30cm,38.4
5205109,clay_pct,30-60cm,40.9
5205109,clay_pct,60-100cm,41.6
5205109,sand_pct,0-5cm,36.3
5205109,sand_pct,5-15cm,34.7
5205109,sand_pct,15-30cm,32.5
5205109,sand_pct,30-60cm,31.0
5205109,sand_pct,60-100cm,30.4
5205109,silt_pct,0-5cm,28.8
5205109,silt_pct,5-15cm,28.9
5205109,silt_pct,15-30cm,29.1
5205109,silt_pct,30-60cm,28.1
5205109,silt_pct,60-100cm,28.0
5205109,soc_pct,0-5cm,2.63
5205109,soc_pct,5-15cm,1.68
5205109,soc_pct,15-30cm,1.31
5205109,soc_pct,30-60cm,0.77
5205109,soc_pct,60-100cm,0.55
5205109,ph_h2o,0-5cm,5.4
5205109,ph_h2o,5-15cm,5.4
5205109,ph_h2o,15-30cm,5.4
5205109,ph_h2o,30-60cm,5.4
5205109,ph_h2o,60-100cm,5.5
5205109,bd_kg_dm3,0-5cm,1.3
5205109,bd_kg_dm3,5-15cm,1.3
5205109,bd_kg_dm3,15-30cm,1.34
5205109,bd_kg_dm3,30-60cm,1.31
5205109,bd_kg_dm3,60-100cm,1.29
5205109,cec_cmol_kg,0-5cm,11.2
5205109,cec_cmol_kg,5-15cm,9.4
5205109,cec_cmol_kg,15-30cm,7.2
5205109,cec_cmol_kg,30-60cm,6.1
5205109,cec_cmol_kg,60-100cm,5.4
5205208,clay_pct,0-5cm,38.9
5205208,clay_pct,5-15cm,40.5
5205208,clay_pct,15-30cm,41.0
5205208,clay_pct,30-60cm,46.4
5205208,clay_pct,60-100cm,46.6
5205208,sand_pct,0-5cm,38.7
5205208,sand_pct,5-15cm,40.3
5205208,sand_pct,15-30cm,39.7
5205208,sand_pct,30-60cm,36.4
5205208,sand_pct,60-100cm,36.1
5205208,silt_pct,0-5cm,22.4
5205208,silt_pct,5-15cm,19.1
5205208,silt_pct,15-30cm,19.3
5205208,silt_pct,30-60cm,17.3
5205208,silt_pct,60-100cm,17.3
5205208,soc_pct,0-5cm,2.39
5205208,soc_pct,5-15cm,2.44
5205208,soc_pct,15-30cm,1.54
5205208,soc_pct,30-60cm,1.09
5205208,soc_pct,60-100cm,0.72
5205208,ph_h2o,0-5cm,5.5
5205208,ph_h2o,5-15cm,5.6
5205208,ph_h2o,15-30cm,5.6
5205208,ph_h2o,30-60cm,5.6
5205208,ph_h2o,60-100cm,5.7
5205208,bd_kg_dm3,0-5cm,1.24
5205208,bd_kg_dm3,5-15cm,1.26
5205208,bd_kg_dm3,15-30cm,1.29
5205208,bd_kg_dm3,30-60cm,1.22
5205208,bd_kg_dm3,60-100cm,1.22
5205208,cec_cmol_kg,0-5cm,12.0
5205208,cec_cmol_kg,5-15cm,11.7
5205208,cec_cmol_kg,15-30cm,9.2
5205208,cec_cmol_kg,30-60cm,9.0
5205208,cec_cmol_kg,60-100cm,8.4
5205059,clay_pct,0-5cm,28.1
5205059,clay_pct,5-15cm,29.2
5205059,clay_pct,15-30cm,31.7
5205059,clay_pct,30-60cm,40.3
5205059,clay_pct,60-100cm,38.8
5205059,sand_pct,0-5cm,49.9
5205059,sand_pct,5-15cm,49.6
5205059,sand_pct,15-30cm,47.2
5205059,sand_pct,30-60cm,40.9
5205059,sand_pct,60-100cm,41.1
5205059,silt_pct,0-5cm,22.0
5205059,silt_pct,5-15cm,21.2
5205059,silt_pct,15-30cm,21.2
5205059,silt_pct,30-60cm,18.8
5205059,silt_pct,60-100cm,20.0
5205059,ph_h2o,0-5cm,5.4
5205059,ph_h2o,5-15cm,5.4
5205059,ph_h2o,15-30cm,5.5
5205059,ph_h2o,30-60cm,5.5
5205059,ph_h2o,60-100cm,5.6
5205059,bd_kg_dm3,0-5cm,1.32
5205059,bd_kg_dm3,5-15cm,1.35
5205059,bd_kg_dm3,15-30cm,1.37
5205059,bd_kg_dm3,30-60cm,1.34
5205059,bd_kg_dm3,60-100cm,1.32
5205059,cec_cmol_kg,0-5cm,10.2
5205059,cec_cmol_kg,5-15cm,10.0
5205059,cec_cmol_kg,15-30cm,8.9
5205059,cec_cmol_kg,30-60cm,8.9
5205059,cec_cmol_kg,60-100cm,8.8
5205455,clay_pct,0-5cm,28.3
5205455,clay_pct,5-15cm,29.5
5205455,clay_pct,15-30cm,34.2
5205455,clay_pct,30-60cm,41.5
5205455,clay_pct,60-100cm,42.1
5205455,sand_pct,0-5cm,48.2
5205455,sand_pct,5-15cm,50.6
5205455,sand_pct,15-30cm,47.1
5205455,sand_pct,30-60cm,42.2
5205455,sand_pct,60-100cm,42.0
5205455,silt_pct,0-5cm,23.5
5205455,silt_pct,5-15cm,19.9
5205455,silt_pct,15-30cm,18.7
5205455,silt_pct,30-60cm,16.2
5205455,silt_pct,60-100cm,15.9
5205455,soc_pct,0-5cm,2.35
5205455,soc_pct,5-15cm,2.09
5205455,soc_pct,15-30cm,1.35
5205455,soc_pct,30-60cm,0.82
5205455,soc_pct,60-100cm,0.5
5205455,ph_h2o,0-5cm,5.6
5205455,ph_h2o,5-15cm,5.6
5205455,ph_h2o,15-30cm,5.6
5205455,ph_h2o,30-60cm,5.7
5205455,ph_h2o,60-100cm,5.8
5205455,bd_kg_dm3,0-5cm,1.28
5205455,bd_kg_dm3,5-15cm,1.3
5205455,bd_kg_dm3,15-30cm,1.34
5205455,bd_kg_dm3,30-60cm,1.32
5205455,bd_kg_dm3,60-100cm,1.32
5205455,cec_cmol_kg,0-5cm,10.4
5205455,cec_cmol_kg,5-15cm,9.5
5205455,cec_cmol_kg,15-30cm,6.3
5205455,cec_cmol_kg,30-60cm,5.8
5205455,cec_cmol_kg,60-100cm,5.1
5205497,clay_pct,0-5cm,46.2
5205497,clay_pct,5-15cm,47.5
5205497,clay_pct,15-30cm,46.5
5205497,clay_pct,30-60cm,55.0
5205497,clay_pct,60-100cm,56.9
5205497,sand_pct,0-5cm,22.8
5205497,sand_pct,5-15cm,22.9
5205497,sand_pct,15-30cm,22.9
5205497,sand_pct,30-60cm,18.5
5205497,sand_pct,60-100cm,18.1
5205497,soc_pct,0-5cm,2.31
5205497,soc_pct,5-15cm,1.88
5205497,soc_pct,15-30cm,1.6
5205497,soc_pct,30-60cm,0.93
5205497,soc_pct,60-100cm,0.6
5205497,ph_h2o,0-5cm,5.2
5205497,ph_h2o,5-15cm,5.2
5205497,ph_h2o,15-30cm,5.2
5205497,ph_h2o,30-60cm,5.2
5205497,ph_h2o,60-100cm,5.3
5205497,bd_kg_dm3,0-5cm,1.23
5205497,bd_kg_dm3,5-15cm,1.26
5205497,bd_kg_dm3,15-30cm,1.28
5205497,bd_kg_dm3,30-60cm,1.26
5205497,bd_kg_dm3,60-100cm,1.25
5205497,cec_cmol_kg,0-5cm,9.2
5205497,cec_cmol_kg,5-15cm,8.2
5205497,cec_cmol_kg,15-30cm,6.2
5205497,cec_cmol_kg,30-60cm,5.4
5205497,cec_cmol_kg,60-100cm,4.7
5205471,clay_pct,0-5cm,36.6
5205471,clay_pct,5-15cm,37.6
5205471,clay_pct,15-30cm,39.2
5205471,clay_pct,30-60cm,50.2
5205471,clay_pct,60-100cm,53.2
5205471,sand_pct,0-5cm,45.0
5205471,sand_pct,5-15cm,43.6
5205471,sand_pct,15-30cm,42.1
5205471,sand_pct,30-60cm,34.5
5205471,sand_pct,60-100cm,32.1
5205471,silt_pct,0-5cm,18.4
5205471,silt_pct,5-15cm,18.8
5205471,silt_pct,15-30cm,18.7
5205471,silt_pct,30-60cm,15.3
5205471,silt_pct,60-100cm,14.7
5205471,soc_pct,0-5cm,2.04
5205471,soc_pct,5-15cm,1.67
5205471,soc_pct,15-30cm,1.15
5205471,soc_pct,30-60cm,0.84
5205471,soc_pct,60-100cm,0.69
5205471,ph_h2o,0-5cm,4.9
5205471,ph_h2o,5-15cm,5.0
5205471,ph_h2o,15-30cm,5.0
5205471,ph_h2o,30-60cm,5.1
5205471,ph_h2o,60-100cm,5.2
5205471,bd_kg_dm3,0-5cm,1.29
5205471,bd_kg_dm3,5-15cm,1.31
5205471,bd_kg_dm3,15-30cm,1.32
5205471,bd_kg_dm3,30-60cm,1.28
5205471,bd_kg_dm3,60-100cm,1.27
5205406,clay_pct,0-5cm,34.8
5205406,clay_pct,5-15cm,38.6
5205406,clay_pct,15-30cm,43.9
5205406,clay_pct,30-60cm,50.2
5205406,clay_pct,60-100cm,50.9
5205406,sand_pct,0-5cm,37.8
5205406,sand_pct,5-15cm,35.7
5205406,sand_pct,15-30cm,32.3
5205406,sand_pct,30-60cm,28.2
5205406,sand_pct,60-100cm,28.0
5205406,silt_pct,0-5cm,27.4
5205406,silt_pct,5-15cm,25.6
5205406,silt_pct,15-30cm,23.8
5205406,silt_pct,30-60cm,21.6
5205406,silt_pct,60-100cm,21.1
5205406,soc_pct,0-5cm,2.09
5205406,soc_pct,5-15cm,2.05
5205406,soc_pct,15-30cm,1.11
5205406,soc_pct,30-60cm,0.68
5205406,soc_pct,60-100cm,0.57
5205406,ph_h2o,0-5cm,5.6
5205406,ph_h2o,5-15cm,5.6
5205406,ph_h2o,15-30cm,5.6
5205406,ph_h2o,30-60cm,5.7
5205406,ph_h2o,60-100cm,5.7
5205406,cec_cmol_kg,0-5cm,8.2
5205406,cec_cmol_kg,5-15cm,6.7
5205406,cec_cmol_kg,15-30cm,5.8
5205406,cec_cmol_kg,30-60cm,5.8
5205406,cec_cmol_kg,60-100cm,5.3
5205513,clay_pct,0-5cm,40.7
5205513,clay_pct,5-15cm,41.2
5205513,clay_pct,15-30cm,47.0
5205513,clay_pct,30-60cm,49.2
5205513,clay_pct,60-100cm,50.5
5205513,sand_pct,0-5cm,34.3
5205513,sand_pct,5-15cm,33.9
5205513,sand_pct,15-30cm,30.8
5205513,sand_pct,30-60cm,28.7
5205513,sand_pct,60-100cm,27.2
5205513,silt_pct,0-5cm,25.0
5205513,silt_pct,5-15cm,24.9
5205513,silt_pct,15-30cm,22.3
5205513,silt_pct,30-60cm,22.1
5205513,silt_pct,60-100cm,22.3
5205513,soc_pct,0-5cm,2.53
5205513,soc_pct,5-15cm,2.32
5205513,soc_pct,15-30cm,1.19
5205513,soc_pct,30-60cm,0.76
5205513,soc_pct,60-100cm,0.6
5205513,ph_h2o,0-5cm,5.4
5205513,ph_h2o,5-15cm,5.5
5205513,ph_h2o,15-30cm,5.5
5205513,ph_h2o,30-60cm,5.5
5205513,ph_h2o,60-100cm,5.5
5205513,bd_kg_dm3,0-5cm,1.31
5205513,bd_kg_dm3,5-15cm,1.32
5205513,bd_kg_dm3,15-30cm,1.32
5205513,bd_kg_dm3,30-60cm,1.31
5205513,bd_kg_dm3,60-100cm,1.3
5205513,cec_cmol_kg,0-5cm,10.1
5205513,cec_cmol_kg,5-15cm,9.2
5205513,cec_cmol_kg,15-30cm,7.3
5205513,cec_cmol_kg,30-60cm,6.4
5205513,cec_cmol_kg,60-100cm,5.7
5205703,clay_pct,0-5cm,32.2
5205703,clay_pct,5-15cm,34.0
5205703,clay_pct,15-30cm,40.5
5205703,clay_pct,30-60cm,43.3
5205703,clay_pct,60-100cm,44.3
5205703,sand_pct,0-5cm,47.1
5205703,sand_pct,5-15cm,48.4
5205703,sand_pct,15-30cm,43.5
5205703,sand_pct,30-60cm,41.2
5205703,sand_pct,60-100cm,40.6
5205703,silt_pct,0-5cm,20.7
5205703,silt_pct,5-15cm,17.6
5205703,silt_pct,15-30cm,16.0
5205703,silt_pct,30-60cm,15.5
5205703,silt_pct,60-100cm,15.1
5205703,soc_pct,0-5cm,2.74
5205703,soc_pct,5-15cm,2.02
5205703,soc_pct,15-30cm,1.36
5205703,soc_pct,30-60cm,0.78
5205703,soc_pct,60-100cm,0.56
5205703,ph_h2o,0-5cm,5.7
5205703,ph_h2o,5-15cm,5.7
5205703,ph_h2o,15-30cm,5.7
5205703,ph_h2o,30-60cm,5.8
5205703,ph_h2o,60-100cm,5.9
5205703,bd_kg_dm3,0-5cm,1.25
5205703,bd_kg_dm3,5-15cm,1.26
5205703,bd_kg_dm3,15-30cm,1.29
5205703,bd_kg_dm3,30-60cm,1.27
5205703,bd_kg_dm3,60-100cm,1.28
5205703,cec_cmol_kg,0-5cm,9.9
5205703,cec_cmol_kg,5-15cm,8.7
5205703,cec_cmol_kg,15-30cm,5.9
5205703,cec_cmol_kg,30-60cm,5.1
5205703,cec_cmol_kg,60-100cm,4.4
5205802,clay_pct,0-5cm,37.4
5205802,clay_pct,5-15cm,38.7
5205802,clay_pct,15-30cm,41.7
5205802,clay_pct,30-60cm,47.5
5205802,clay_pct,60-100cm,48.0
5205802,sand_pct,0-5cm,42.7
5205802,sand_pct,5-15cm,44.0
5205802,sand_pct,15-30cm,42.0
5205802,sand_pct,30-60cm,36.6
5205802,sand_pct,60-100cm,35.4
5205802,silt_pct,0-5cm,19.8
5205802,silt_pct,5-15cm,17.3
5205802,silt_pct,15-30cm,16.3
5205802,silt_pct,30-60cm,15.9
5205802,silt_pct,60-100cm,16.5
5205802,soc_pct,0-5cm,2.36
5205802,soc_pct,5-15cm,2.15
5205802,soc_pct,15-30cm,1.63
5205802,soc_pct,30-60cm,1.18
5205802,soc_pct,60-100cm,0.86
5205802,ph_h2o,0-5cm,5.4
5205802,ph_h2o,5-15cm,5.4
5205802,ph_h2o,15-30cm,5.4
5205802,ph_h2o,30-60cm,5.5
5205802,ph_h2o,60-100cm,5.6
5205802,bd_kg_dm3,0-5cm,1.2
5205802,bd_kg_dm3,5-15cm,1.22
5205802,bd_kg_dm3,15-30cm,1.23
5205802,bd_kg_dm3,30-60cm,1.21
5205802,bd_kg_dm3,60-100cm,1.21
5205802,cec_cmol_kg,0-5cm,10.8
5205802,cec_cmol_kg,5-15cm,9.8
5205802,cec_cmol_kg,15-30cm,7.9
5205802,cec_cmol_kg,30-60cm,7.4
5205802,cec_cmol_kg,60-100cm,6.0
5205521,clay_pct,0-5cm,24.8
5205521,clay_pct,5-15cm,26.6
5205521,clay_pct,15-30cm,29.7
5205521,clay_pct,30-60cm,37.2
5205521,clay_pct,60-100cm,38.9
5205521,sand_pct,0-5cm,50.5
5205521,sand_pct,5-15cm,48.9
5205521,sand_pct,15-30cm,47.2
5205521,sand_pct,30-60cm,41.4
5205521,sand_pct,60-100cm,40.6
5205521,silt_pct,0-5cm,24.6
5205521,silt_pct,5-15cm,24.5
5205521,silt_pct,15-30cm,23.1
5205521,silt_pct,30-60cm,21.4
5205521,silt_pct,60-100cm,20.5
5205521,soc_pct,0-5cm,2.24
5205521,soc_pct,5-15cm,1.85
5205521,soc_pct,15-30cm,1.07
5205521,soc_pct,30-60cm,0.6
5205521,soc_pct,60-100cm,0.48
5205521,bd_kg_dm3,0-5cm,1.31
5205521,bd_kg_dm3,5-15cm,1.32
5205521,bd_kg_dm3,15-30cm,1.35
5205521,bd_kg_dm3,30-60cm,1.34
5205521,bd_kg_dm3,60-100cm,1.33
5205521,cec_cmol_kg,0-5cm,10.6
5205521,cec_cmol_kg,5-15cm,9.3
5205521,cec_cmol_kg,15-30cm,8.0
5205521,cec_cmol_kg,30-60cm,7.8
5205521,cec_cmol_kg,60-100cm,7.5
5206404,clay_pct,0-5cm,24.8
5206404,clay_pct,5-15cm,25.8
5206404,clay_pct,15-30cm,31.6
5206404,clay_pct,30-60cm,43.5
5206404,clay_pct,60-100cm,44.6
5206404,sand_pct,0-5cm,52.8
5206404,sand_pct,5-15cm,50.0
5206404,sand_pct,15-30cm,45.6
5206404,sand_pct,30-60cm,35.8
5206404,sand_pct,60-100cm,34.3
5206404,silt_pct,0-5cm,22.4
5206404,silt_pct,5-15cm,24.2
5206404,silt_pct,15-30cm,22.8
5206404,silt_pct,30-60cm,20.7
5206404,silt_pct,60-100cm,21.1
5206404,soc_pct,0-5cm,2.15
5206404,soc_pct,5-15cm,2.17
5206404,soc_pct,15-30cm,1.23
5206404,soc_pct,30-60cm,0.75
5206404,soc_pct,60-100cm,0.59
5206404,ph_h2o,0-5cm,5.4
5206404,ph_h2o,5-15cm,5.5
5206404,ph_h2o,15-30cm,5.5
5206404,ph_h2o,30-60cm,5.5
5206404,ph_h2o,60-100cm,5.6
5206404,bd_kg_dm3,0-5cm,1.24
5206404,bd_kg_dm3,5-15cm,1.26
5206404,bd_kg_dm3,15-30cm,1.3
5206404,bd_kg_dm3,30-60cm,1.29
5206404,bd_kg_dm3,60-100cm,1.28
5206404,cec_cmol_kg,0-5cm,10.7
5206404,cec_cmol_kg,5-15cm,9.7
5206404,cec_cmol_kg,15-30cm,8.5
5206404,cec_cmol_kg,30-60cm,8.6
5206404,cec_cmol_kg,60-100cm,8.0
5205901,clay_pct,0-5cm,31.0
5205901,clay_pct,5-15cm,33.0
5205901,clay_pct,15-30cm,36.1
5205901,clay_pct,30-60cm,43.7
5205901,clay_pct,60-100cm,44.3
5205901,sand_pct,0-5cm,42.2
5205901,sand_pct,5-15cm,40.4
5205901,sand_pct,15-30cm,38.6
5205901,sand_pct,30-60cm,33.4
5205901,sand_pct,60-100cm,32.7
5205901,silt_pct,0-5cm,26.8
5205901,silt_pct,5-15cm,26.6
5205901,silt_pct,15-30cm,25.4
5205901,silt_pct,30-60cm,22.9
5205901,silt_pct,60-100cm,23.0
5205901,soc_pct,0-5cm,2.09
5205901,soc_pct,5-15cm,1.82
5205901,soc_pct,15-30cm,1.23
5205901,soc_pct,30-60cm,0.65
5205901,soc_pct,60-100cm,0.48
5205901,ph_h2o,0-5cm,5.5
5205901,ph_h2o,5-15cm,5.5
5205901,ph_h2o,15-30cm,5.4
5205901,ph_h2o,30-60cm,5.5
5205901,ph_h2o,60-100cm,5.6
5205901,bd_kg_dm3,0-5cm,1.3
5205901,bd_kg_dm3,5-15cm,1.33
5205901,bd_kg_dm3,15-30cm,1.36
5205901,bd_kg_dm3,30-60cm,1.34
5205901,bd_kg_dm3,60-100cm,1.33
5206206,clay_pct,0-5cm,34.7
5206206,clay_pct,5-15cm,40.1
5206206,clay_pct,15-30cm,44.7
5206206,clay_pct,30-60cm,50.9
5206206,clay_pct,60-100cm,50.8
5206206,silt_pct,0-5cm,23.9
5206206,silt_pct,5-15cm,21.9
5206206,silt_pct,15-30cm,20.3
5206206,silt_pct,30-60cm,19.2
5206206,silt_pct,60-100cm,19.3
5206206,soc_pct,0-5cm,2.32
5206206,soc_pct,5-15cm,1.73
5206206,soc_pct,15-30cm,1.6
5206206,soc_pct,30-60cm,0.96
5206206,soc_pct,60-100cm,0.64
5206206,ph_h2o,0-5cm,5.2
5206206,ph_h2o,5-15cm,5.2
5206206,ph_h2o,15-30cm,5.3
5206206,ph_h2o,30-60cm,5.3
5206206,ph_h2o,60-100cm,5.4
5206206,bd_kg_dm3,0-5cm,1.23
5206206,bd_kg_dm3,5-15cm,1.23
5206206,bd_kg_dm3,15-30cm,1.24
5206206,bd_kg_dm3,30-60cm,1.21
5206206,bd_kg_dm3,60-100cm,1.21
5206503,clay_pct,0-5cm,28.6
5206503,clay_pct,5-15cm,30.4
5206503,clay_pct,15-30cm,33.4
5206503,clay_pct,30-60cm,39.2
5206503,clay_pct,60-100cm,40.0
5206503,sand_pct,0-5cm,49.0
5206503,sand_pct,5-15cm,50.9
5206503,sand_pct,15-30cm,48.7
5206503,sand_pct,30-60cm,44.2
5206503,sand_pct,60-100cm,43.3
5206503,silt_pct,0-5cm,22.4
5206503,silt_pct,5-15cm,18.7
5206503,silt_pct,15-30cm,18.0
5206503,silt_pct,30-60cm,16.6
5206503,silt_pct,60-100cm,16.8
5206503,soc_pct,0-5cm,2.24
5206503,soc_pct,5-15cm,2.16
5206503,soc_pct,15-30cm,1.29
5206503,soc_pct,30-60cm,0.72
5206503,soc_pct,60-100cm,0.53
5206503,cec_cmol_kg,0-5cm,9.7
5206503,cec_cmol_kg,5-15cm,8.7
5206503,cec_cmol_kg,15-30cm,6.2
5206503,cec_cmol_kg,30-60cm,4.9
5206503,cec_cmol_kg,60-100cm,4.2
5206701,clay_pct,0-5cm,30.4
5206701,clay_pct,5-15cm,29.1
5206701,clay_pct,15-30cm,28.7
5206701,clay_pct,30-60cm,32.3
5206701,clay_pct,60-100cm,32.6
5206701,sand_pct,0-5cm,39.5
5206701,sand_pct,5-15cm,41.0
5206701,sand_pct,15-30cm,40.9
5206701,sand_pct,30-60cm,38.2
5206701,sand_pct,60-100cm,37.6
5206701,silt_pct,0-5cm,30.1
5206701,silt_pct,5-15cm,29.8
5206701,silt_pct,15-30cm,30.4
5206701,silt_pct,30-60cm,29.4
5206701,silt_pct,60-100cm,29.8
5206701,soc_pct,0-5cm,1.74
5206701,soc_pct,5-15cm,1.43
5206701,soc_pct,15-30cm,1.11
5206701,soc_pct,30-60cm,0.69
5206701,soc_pct,60-100cm,0.39
5206701,ph_h2o,0-5cm,5.5
5206701,ph_h2o,5-15cm,5.5
5206701,ph_h2o,15-30cm,5.5
5206701,ph_h2o,30-60cm,5.5
5206701,ph_h2o,60-100cm,5.6
5206602,clay_pct,0-5cm,29.7
5206602,clay_pct,5-15cm,31.5
5206602,clay_pct,15-30cm,32.8
5206602,clay_pct,30-60cm,40.6
5206602,clay_pct,60-100cm,41.3
5206602,sand_pct,0-5cm,46.4
5206602,sand_pct,5-15cm,44.6
5206602,sand_pct,15-30cm,43.5
5206602,sand_pct,30-60cm,38.3
5206602,sand_pct,60-100cm,37.5
5206602,silt_pct,0-5cm,23.9
5206602,silt_pct,5-15cm,24.0
5206602,silt_pct,15-30cm,23.7
5206602,silt_pct,30-60cm,21.0
5206602,silt_pct,60-100cm,21.2
5206602,soc_pct,0-5cm,2.46
5206602,soc_pct,5-15cm,1.67
5206602,soc_pct,15-30cm,1.36
5206602,soc_pct,30-60cm,0.73
5206602,soc_pct,60-100cm,0.48
5206602,cec_cmol_kg,0-5cm,10.6
5206602,cec_cmol_kg,5-15cm,9.5
5206602,cec_cmol_kg,15-30cm,8.1
5206602,cec_cmol_kg,30-60cm,8.0
5206602,cec_cmol_kg,60-100cm,7.6
5206305,clay_pct,0-5cm,32.6
5206305,clay_pct,5-15cm,36.2
5206305,clay_pct,15-30cm,38.1
5206305,clay_pct,30-60cm,43.8
5206305,clay_pct,60-100cm,44.0
5206305,sand_pct,0-5cm,45.2
5206305,sand_pct,5-15cm,46.4
5206305,sand_pct,15-30cm,45.0
5206305,sand_pct,30-60cm,40.6
5206305,sand_pct,60-100cm,40.5
5206305,silt_pct,0-5cm,22.2
5206305,silt_pct,5-15cm,17.5
5206305,silt_pct,15-30cm,16.9
5206305,silt_pct,30-60cm,15.6
5206305,silt_pct,60-100cm,15.5
5206305,ph_h2o,0-5cm,5.5
5206305,ph_h2o,5-15cm,5.5
5206305,ph_h2o,15-30cm,5.5
5206305,ph_h2o,30-60cm,5.6
5206305,ph_h2o,60-100cm,5.7
5207352,sand_pct,0-5cm,49.2
5207352,sand_pct,5-15cm,49.3
5207352,sand_pct,15-30cm,46.4
5207352,sand_pct,30-60cm,44.6
5207352,sand_pct,60-100cm,44.8
5207352,silt_pct,0-5cm,23.0
5207352,silt_pct,5-15cm,20.9
5207352,silt_pct,15-30cm,19.5
5207352,silt_pct,30-60cm,17.8
5207352,silt_pct,60-100cm,17.2
5207352,soc_pct,0-5cm,2.16
5207352,soc_pct,5-15cm,1.84
5207352,soc_pct,15-30cm,1.18
5207352,soc_pct,30-60cm,0.79
5207352,soc_pct,60-100cm,0.48
5207352,ph_h2o,0-5cm,5.5
5207352,ph_h2o,5-15cm,5.5
5207352,ph_h2o,15-30cm,5.5
5207352,ph_h2o,30-60cm,5.5
5207352,ph_h2o,60-100cm,5.7
5207352,bd_kg_dm3,0-5cm,1.33
5207352,bd_kg_dm3,5-15cm,1.36
5207352,bd_kg_dm3,15-30cm,1.39
5207352,bd_kg_dm3,30-60cm,1.37
5207352,bd_kg_dm3,60-100cm,1.35
5207352,cec_cmol_kg,0-5cm,9.2
5207352,cec_cmol_kg,5-15cm,8.5
5207352,cec_cmol_kg,15-30cm,6.9
5207352,cec_cmol_kg,30-60cm,6.4
5207352,cec_cmol_kg,60-100cm,5.5
5206909,clay_pct,0-5cm,33.6
5206909,clay_pct,5-15cm,33.3
5206909,clay_pct,15-30cm,35.5
5206909,clay_pct,30-60cm,38.9
5206909,clay_pct,60-100cm,38.7
5206909,sand_pct,0-5cm,44.2
5206909,sand_pct,5-15cm,43.7
5206909,sand_pct,15-30cm,42.2
5206909,sand_pct,30-60cm,39.9
5206909,sand_pct,60-100cm,39.4
5206909,silt_pct,0-5cm,22.2
5206909,silt_pct,5-15cm,23.0
5206909,silt_pct,15-30cm,22.3
5206909,silt_pct,30-60cm,21.1
5206909,silt_pct,60-100cm,21.9
5206909,ph_h2o,0-5cm,5.2
5206909,ph_h2o,5-15cm,5.1
5206909,ph_h2o,15-30cm,5.2
5206909,ph_h2o,30-60cm,5.2
5206909,ph_h2o,60-100cm,5.4
5206909,bd_kg_dm3,0-5cm,1.29
5206909,bd_kg_dm3,5-15cm,1.3
5206909,bd_kg_dm3,15-30cm,1.33
5206909,bd_kg_dm3,30-60cm,1.29
5206909,bd_kg_dm3,60-100cm,1.27
5206909,cec_cmol_kg,0-5cm,11.7
5206909,cec_cmol_kg,5-15cm,10.5
5206909,cec_cmol_kg,15-30cm,9.4
5206909,cec_cmol_kg,30-60cm,8.5
5206909,cec_cmol_kg,60-100cm,8.2
5206800,clay_pct,0-5cm,35.2
5206800,clay_pct,5-15cm,37.5
5206800,clay_pct,15-30cm,39.5
5206800,clay_pct,30-60cm,45.9
5206800,clay_pct,60-100cm,48.1
5206800,silt_pct,0-5cm,24.4
5206800,silt_pct,5-15cm,18.7
5206800,silt_pct,15-30cm,18.2
5206800,silt_pct,30-60cm,15.8
5206800,silt_pct,60-100cm,15.0
5206800,soc_pct,0-5cm,2.64
5206800,soc_pct,5-15cm,2.32
5206800,soc_pct,15-30cm,1.4
5206800,soc_pct,30-60cm,0.89
5206800,soc_pct,60-100cm,0.66
5206800,ph_h2o,0-5cm,5.7
5206800,ph_h2o,5-15cm,5.7
5206800,ph_h2o,15-30cm,5.7
5206800,ph_h2o,30-60cm,5.7
5206800,ph_h2o,60-100cm,5.8
5206800,bd_kg_dm3,0-5cm,1.23
5206800,bd_kg_dm3,5-15cm,1.24
5206800,bd_kg_dm3,15-30cm,1.28
5206800,bd_kg_dm3,30-60cm,1.27
5206800,bd_kg_dm3,60-100cm,1.29
5206800,cec_cmol_kg,0-5cm,10.5
5206800,cec_cmol_kg,5-15cm,9.9
5206800,cec_cmol_kg,15-30cm,7.5
5206800,cec_cmol_kg,30-60cm,6.0
5206800,cec_cmol_kg,60-100cm,5.5
5207105,clay_pct,0-5cm,28.0
5207105,clay_pct,5-15cm,29.7
5207105,clay_pct,15-30cm,34.6
5207105,clay_pct,30-60cm,40.9
5207105,clay_pct,60-100cm,40.6
5207105,sand_pct,0-5cm,51.4
5207105,sand_pct,5-15cm,50.1
5207105,sand_pct,15-30cm,46.4
5207105,sand_pct,30-60cm,41.6
5207105,sand_pct,60-100cm,42.3
5207105,silt_pct,0-5cm,20.6
5207105,silt_pct,5-15cm,20.2
5207105,silt_pct,15-30cm,19.0
5207105,silt_pct,30-60cm,17.5
5207105,silt_pct,60-100cm,17.1
5207105,soc_pct,0-5cm,1.95
5207105,soc_pct,5-15cm,1.81
5207105,soc_pct,15-30cm,1.14
5207105,soc_pct,30-60cm,0.69
5207105,soc_pct,60-100cm,0.46
5207105,ph_h2o,0-5cm,5.6
5207105,ph_h2o,5-15cm,5.7
5207105,ph_h2o,15-30cm,5.7
5207105,ph_h2o,30-60cm,5.7
5207105,ph_h2o,60-100cm,5.8
5207105,bd_kg_dm3,0-5cm,1.3
5207105,bd_kg_dm3,5-15cm,1.32
5207105,bd_kg_dm3,15-30cm,1.31
5207105,bd_kg_dm3,30-60cm,1.3
5207105,bd_kg_dm3,60-100cm,1.29
5207105,cec_cmol_kg,0-5cm,11.3
5207105,cec_cmol_kg,5-15cm,10.4
5207105,cec_cmol_kg,15-30cm,8.8
5207105,cec_cmol_kg,30-60cm,8.4
5207105,cec_cmol_kg,60-100cm,8.0
5207402,clay_pct,0-5cm,30.5
5207402,clay_pct,5-15cm,30.6
5207402,clay_pct,15-30cm,34.7
5207402,clay_pct,30-60cm,43.8
5207402,clay_pct,60-100cm,42.0
5207402,sand_pct,0-5cm,47.0
5207402,sand_pct,5-15cm,49.0
5207402,sand_pct,15-30cm,46.0
5207402,sand_pct,30-60cm,40.0
5207402,sand_pct,60-100cm,41.7
5207402,silt_pct,0-5cm,22.5
5207402,silt_pct,5-15cm,20.4
5207402,silt_pct,15-30cm,19.3
5207402,silt_pct,30-60cm,16.2
5207402,silt_pct,60-100cm,16.3
5207402,soc_pct,0-5cm,2.05
5207402,soc_pct,5-15cm,1.81
5207402,soc_pct,15-30cm,1.21
5207402,soc_pct,30-60cm,0.88
5207402,soc_pct,60-100cm,0.43
5207402,ph_h2o,0-5cm,5.6
5207402,ph_h2o,5-15cm,5.6
5207402,ph_h2o,15-30cm,5.6
5207402,ph_h2o,30-60cm,5.6
5207402,ph_h2o,60-100cm,5.7
5207402,bd_kg_dm3,0-5cm,1.31
5207402,bd_kg_dm3,5-15cm,1.34
5207402,bd_kg_dm3,15-30cm,1.37
5207402,bd_kg_dm3,30-60cm,1.37
5207402,bd_kg_dm3,60-100cm,1.36
5207402,cec_cmol_kg,0-5cm,10.0
5207402,cec_cmol_kg,5-15cm,9.6
5207402,cec_cmol_kg,15-30cm,7.1
5207402,cec_cmol_kg,30-60cm,6.5
5207402,cec_cmol_kg,60-100cm,5.8
5207253,silt_pct,0-5cm,19.7
5207253,silt_pct,5-15cm,18.2
5207253,silt_pct,15-30cm,18.2
5207253,silt_pct,30-60cm,18.1
5207253,silt_pct,60-100cm,17.2
5207253,soc_pct,0-5cm,1.94
5207253,soc_pct,5-15cm,1.73
5207253,soc_pct,15-30cm,1.16
5207253,soc_pct,30-60cm,0.65
5207253,soc_pct,60-100cm,0.46
5207253,ph_h2o,0-5cm,5.5
5207253,ph_h2o,5-15cm,5.5
5207253,ph_h2o,15-30cm,5.6
5207253,ph_h2o,30-60cm,5.7
5207253,ph_h2o,60-100cm,5.8
5207253,bd_kg_dm3,0-5cm,1.29
5207253,bd_kg_dm3,5-15cm,1.31
5207253,bd_kg_dm3,15-30cm,1.34
5207253,bd_kg_dm3,30-60cm,1.32
5207253,bd_kg_dm3,60-100cm,1.32
5207253,cec_cmol_kg,0-5cm,11.7
5207253,cec_cmol_kg,5-15cm,10.1
5207253,cec_cmol_kg,15-30cm,9.5
5207253,cec_cmol_kg,30-60cm,9.1
5207253,cec_cmol_kg,60-100cm,8.7
5207501,clay_pct,0-5cm,24.7
5207501,clay_pct,5-15cm,28.2
5207501,clay_pct,15-30cm,31.4
5207501,clay_pct,30-60cm,36.5
5207501,clay_pct,60-100cm,37.7
5207501,sand_pct,0-5cm,52.3
5207501,sand_pct,5-15cm,49.7
5207501,sand_pct,15-30cm,47.3
5207501,sand_pct,30-60cm,43.5
5207501,sand_pct,60-100cm,43.2
5207501,silt_pct,0-5cm,23.0
5207501,silt_pct,5-15cm,22.1
5207501,silt_pct,15-30cm,21.3
5207501,silt_pct,30-60cm,20.1
5207501,silt_pct,60-100cm,19.1
5207501,soc_pct,0-5cm,1.83
5207501,soc_pct,5-15cm,1.78
5207501,soc_pct,15-30cm,1.15
5207501,soc_pct,30-60cm,0.58
5207501,soc_pct,60-100cm,0.45
5207501,ph_h2o,0-5cm,5.6
5207501,ph_h2o,5-15cm,5.6
5207501,ph_h2o,15-30cm,5.6
5207501,ph_h2o,30-60cm,5.6
5207501,ph_h2o,60-100cm,5.6
5207501,bd_kg_dm3,0-5cm,1.29
5207501,bd_kg_dm3,5-15cm,1.34
5207501,bd_kg_dm3,15-30cm,1.37
5207501,bd_kg_dm3,30-60cm,1.34
5207501,bd_kg_dm3,60-100cm,1.34
5207501,cec_cmol_kg,0-5cm,9.7
5207501,cec_cmol_kg,5-15cm,9.8
5207501,cec_cmol_kg,15-30cm,7.4
5207501,cec_cmol_kg,30-60cm,6.8
5207501,cec_cmol_kg,60-100cm,6.4
5207535,clay_pct,0-5cm,24.2
5207535,clay_pct,5-15cm,25.2
5207535,clay_pct,15-30cm,27.8
5207535,clay_pct,30-60cm,32.8
5207535,clay_pct,60-100cm,34.3
5207535,sand_pct,0-5cm,52.5
5207535,sand_pct,5-15cm,52.0
5207535,sand_pct,15-30cm,50.3
5207535,sand_pct,30-60cm,46.6
5207535,sand_pct,60-100cm,46.2
5207535,silt_pct,0-5cm,23.3
5207535,silt_pct,5-15cm,22.8
5207535,silt_pct,15-30cm,21.8
5207535,silt_pct,30-60cm,20.6
5207535,silt_pct,60-100cm,19.5
5207535,soc_pct,0-5cm,2.3
5207535,soc_pct,5-15cm,1.73
5207535,soc_pct,15-30cm,1.05
5207535,soc_pct,30-60cm,0.6
5207535,soc_pct,60-100cm,0.42
5207535,ph_h2o,0-5cm,5.5
5207535,ph_h2o,5-15cm,5.5
5207535,ph_h2o,15-30cm,5.5
5207535,ph_h2o,30-60cm,5.5
5207535,ph_h2o,60-100cm,5.6
5207535,bd_kg_dm3,0-5cm,1.27
5207535,bd_kg_dm3,5-15cm,1.32
5207535,bd_kg_dm3,15-30cm,1.33
5207535,bd_kg_dm3,30-60cm,1.35
5207535,bd_kg_dm3,60-100cm,1.36
5207535,cec_cmol_kg,0-5cm,11.4
5207535,cec_cmol_kg,5-15cm,9.7
5207535,cec_cmol_kg,15-30cm,8.1
5207535,cec_cmol_kg,30-60cm,7.6
5207535,cec_cmol_kg,60-100cm,7.1
5207600,clay_pct,0-5cm,28.3
5207600,clay_pct,5-15cm,30.0
5207600,clay_pct,15-30cm,35.0
5207600,clay_pct,30-60cm,40.1
5207600,clay_pct,60-100cm,40.0
5207600,sand_pct,0-5cm,52.1
5207600,sand_pct,5-15cm,52.7
5207600,sand_pct,15-30cm,49.1
5207600,sand_pct,30-60cm,45.3
5207600,sand_pct,60-100cm,44.5
5207600,silt_pct,0-5cm,19.6
5207600,silt_pct,5-15cm,17.3
5207600,silt_pct,15-30cm,15.9
5207600,silt_pct,30-60cm,14.6
5207600,silt_pct,60-100cm,15.4
5207600,soc_pct,0-5cm,2.54
5207600,soc_pct,5-15cm,1.8
5207600,soc_pct,15-30cm,1.27
5207600,soc_pct,30-60cm,0.67
5207600,soc_pct,60-100cm,0.52
5207600,ph_h2o,0-5cm,5.6
5207600,ph_h2o,5-15cm,5.6
5207600,ph_h2o,15-30cm,5.6
5207600,ph_h2o,30-60cm,5.7
5207600,ph_h2o,60-100cm,5.7
5207600,bd_kg_dm3,0-5cm,1.17
5207600,bd_kg_dm3,5-15cm,1.19
5207600,bd_kg_dm3,15-30cm,1.25
5207600,bd_kg_dm3,30-60cm,1.26
5207600,bd_kg_dm3,60-100cm,1.28
5207600,cec_cmol_kg,0-5cm,10.8
5207600,cec_cmol_kg,5-15cm,10.4
5207600,cec_cmol_kg,15-30cm,8.5
5207600,cec_cmol_kg,30-60cm,8.0
5207600,cec_cmol_kg,60-100cm,7.6
5208103,clay_pct,0-5cm,23.1
5208103,clay_pct,5-15cm,27.5
5208103,clay_pct,15-30cm,31.4
5208103,clay_pct,30-60cm,36.1
5208103,clay_pct,60-100cm,36.9
5208103,sand_pct,0-5cm,54.4
5208103,sand_pct,5-15cm,51.2
5208103,sand_pct,15-30cm,48.9
5208103,sand_pct,30-60cm,44.1
5208103,sand_pct,60-100cm,44.0
5208103,silt_pct,0-5cm,22.5
5208103,silt_pct,5-15cm,21.3
5208103,silt_pct,15-30cm,19.7
5208103,silt_pct,30-60cm,19.8
5208103,silt_pct,60-100cm,19.1
5208103,soc_pct,0-5cm,2.25
5208103,soc_pct,5-15cm,1.83
5208103,soc_pct,15-30cm,1.14
5208103,soc_pct,30-60cm,0.62
5208103,soc_pct,60-100cm,0.47
5208103,ph_h2o,0-5cm,5.6
5208103,ph_h2o,5-15cm,5.7
5208103,ph_h2o,15-30cm,5.7
5208103,ph_h2o,30-60cm,5.6
5208103,ph_h2o,60-100cm,5.7
5208103,bd_kg_dm3,0-5cm,1.29
5208103,bd_kg_dm3,5-15cm,1.33
5208103,bd_kg_dm3,15-30cm,1.35
5208103,bd_kg_dm3,30-60cm,1.33
5208103,bd_kg_dm3,60-100cm,1.31
5208152,clay_pct,0-5cm,38.0
5208152,clay_pct,5-15cm,41.3
5208152,clay_pct,15-30cm,42.5
5208152,clay_pct,30-60cm,45.2
5208152,clay_pct,60-100cm,45.5
5208152,sand_pct,0-5cm,40.0
5208152,sand_pct,5-15cm,41.0
5208152,sand_pct,15-30cm,40.2
5208152,sand_pct,30-60cm,37.6
5208152,sand_pct,60-100cm,37.6
5208152,silt_pct,0-5cm,22.0
5208152,silt_pct,5-15cm,17.7
5208152,silt_pct,15-30cm,17.3
5208152,silt_pct,30-60cm,17.2
5208152,silt_pct,60-100cm,16.9
5208152,soc_pct,0-5cm,2.48
5208152,soc_pct,5-15cm,2.23
5208152,soc_pct,15-30cm,1.86
5208152,soc_pct,30-60cm,1.37
5208152,soc_pct,60-100cm,0.81
5208152,bd_kg_dm3,0-5cm,1.2
5208152,bd_kg_dm3,5-15cm,1.23
5208152,bd_kg_dm3,15-30cm,1.24
5208152,bd_kg_dm3,30-60cm,1.23
5208152,bd_kg_dm3,60-100cm,1.22
5208152,cec_cmol_kg,0-5cm,10.2
5208152,cec_cmol_kg,5-15cm,7.5
5208152,cec_cmol_kg,15-30cm,6.2
5208152,cec_cmol_kg,30-60cm,4.9
5208152,cec_cmol_kg,60-100cm,4.1
5208301,clay_pct,0-5cm,33.6
5208301,clay_pct,5-15cm,35.3
5208301,clay_pct,15-30cm,39.4
5208301,clay_pct,30-60cm,43.6
5208301,clay_pct,60-100cm,44.9
5208301,sand_pct,0-5cm,25.9
5208301,sand_pct,5-15cm,24.8
5208301,sand_pct,15-30cm,23.4
5208301,sand_pct,30-60cm,21.6
5208301,sand_pct,60-100cm,21.9
5208301,silt_pct,0-5cm,40.4
5208301,silt_pct,5-15cm,39.9
5208301,silt_pct,15-30cm,37.2
5208301,silt_pct,30-60cm,34.7
5208301,silt_pct,60-100cm,33.1
5208301,soc_pct,0-5cm,2.05
5208301,soc_pct,5-15cm,1.85
5208301,soc_pct,15-30cm,1.15
5208301,soc_pct,30-60cm,0.6
5208301,soc_pct,60-100cm,0.43
5208301,ph_h2o,0-5cm,5.9
5208301,ph_h2o,5-15cm,5.9
5208301,ph_h2o,15-30cm,5.9
5208301,ph_h2o,30-60cm,5.9
5208301,ph_h2o,60-100cm,5.9
5208301,bd_kg_dm3,0-5cm,1.3
5208301,bd_kg_dm3,5-15cm,1.34
5208301,bd_kg_dm3,15-30cm,1.35
5208301,bd_kg_dm3,30-60cm,1.33
5208301,bd_kg_dm3,60-100cm,1.31
5208301,cec_cmol_kg,0-5cm,12.1
5208301,cec_cmol_kg,5-15cm,11.5
5208301,cec_cmol_kg,15-30cm,10.2
5208301,cec_cmol_kg,30-60cm,9.9
5208301,cec_cmol_kg,60-100cm,9.8
5207808,clay_pct,0-5cm,30.2
5207808,clay_pct,5-15cm,31.5
5207808,clay_pct,15-30cm,36.3
5207808,clay_pct,30-60cm,39.6
5207808,clay_pct,60-100cm,40.0
5207808,sand_pct,0-5cm,48.3
5207808,sand_pct,5-15cm,48.5
5207808,sand_pct,15-30cm,45.0
5207808,sand_pct,30-60cm,42.5
5207808,sand_pct,60-100cm,42.8
5207808,silt_pct,0-5cm,21.5
5207808,silt_pct,5-15cm,20.0
5207808,silt_pct,15-30cm,18.7
5207808,silt_pct,30-60cm,17.8
5207808,silt_pct,60-100cm,17.2
5207808,soc_pct,0-5cm,2.9
5207808,soc_pct,5-15cm,2.16
5207808,soc_pct,15-30cm,1.3
5207808,soc_pct,30-60cm,0.76
5207808,soc_pct,60-100cm,0.57
5207808,bd_kg_dm3,0-5cm,1.26
5207808,bd_kg_dm3,5-15cm,1.28
5207808,bd_kg_dm3,15-30cm,1.31
5207808,bd_kg_dm3,30-60cm,1.3
5207808,bd_kg_dm3,60-100cm,1.29
5207808,cec_cmol_kg,0-5cm,13.4
5207808,cec_cmol_kg,5-15cm,12.7
5207808,cec_cmol_kg,15-30cm,10.9
5207808,cec_cmol_kg,30-60cm,11.2
5207808,cec_cmol_kg,60-100cm,11.0
5208004,silt_pct,0-5cm,29.6
5208004,silt_pct,5-15cm,29.9
5208004,silt_pct,15-30cm,26.9
5208004,silt_pct,30-60cm,22.3
5208004,silt_pct,60-100cm,22.2
5208004,soc_pct,0-5cm,3.05
5208004,soc_pct,5-15cm,1.67
5208004,soc_pct,15-30cm,1.25
5208004,soc_pct,30-60cm,0.75
5208004,soc_pct,60-100cm,0.48
5208004,ph_h2o,0-5cm,5.5
5208004,ph_h2o,5-15cm,5.5
5208004,ph_h2o,15-30cm,5.5
5208004,ph_h2o,30-60cm,5.6
5208004,ph_h2o,60-100cm,5.6
5208004,bd_kg_dm3,0-5cm,1.21
5208004,bd_kg_dm3,5-15cm,1.24
5208004,bd_kg_dm3,15-30cm,1.28
5208004,bd_kg_dm3,30-60cm,1.26
5208004,bd_kg_dm3,60-100cm,1.28
5208004,cec_cmol_kg,0-5cm,9.8
5208004,cec_cmol_kg,5-15cm,9.5
5208004,cec_cmol_kg,15-30cm,8.4
5208004,cec_cmol_kg,30-60cm,7.6
5208004,cec_cmol_kg,60-100cm,7.2
5207907,clay_pct,0-5cm,32.3
5207907,clay_pct,5-15cm,32.7
5207907,clay_pct,15-30cm,38.4
5207907,clay_pct,30-60cm,43.5
5207907,clay_pct,60-100cm,44.2
5207907,sand_pct,0-5cm,32.2
5207907,sand_pct,5-15cm,32.6
5207907,sand_pct,15-30cm,29.3
5207907,sand_pct,30-60cm,26.8
5207907,sand_pct,60-100cm,26.9
5207907,silt_pct,0-5cm,35.5
5207907,silt_pct,5-15cm,34.8
5207907,silt_pct,15-30cm,32.3
5207907,silt_pct,30-60cm,29.6
5207907,silt_pct,60-100cm,28.9
5207907,soc_pct,0-5cm,2.02
5207907,soc_pct,5-15cm,1.74
5207907,soc_pct,15-30cm,1.43
5207907,soc_pct,30-60cm,0.56
5207907,soc_pct,60-100cm,0.36
5207907,bd_kg_dm3,0-5cm,1.34
5207907,bd_kg_dm3,5-15cm,1.35
5207907,bd_kg_dm3,15-30cm,1.36
5207907,bd_kg_dm3,30-60cm,1.34
5207907,bd_kg_dm3,60-100cm,1.34
5207907,cec_cmol_kg,0-5cm,11.3
5207907,cec_cmol_kg,5-15cm,10.3
5207907,cec_cmol_kg,15-30cm,10.0
5207907,cec_cmol_kg,30-60cm,9.5
5207907,cec_cmol_kg,60-100cm,8.9
5208608,clay_pct,0-5cm,39.1
5208608,clay_pct,5-15cm,41.6
5208608,clay_pct,15-30cm,43.8
5208608,clay_pct,30-60cm,54.1
5208608,clay_pct,60-100cm,54.8
5208608,sand_pct,0-5cm,32.0
5208608,sand_pct,5-15cm,30.9
5208608,sand_pct,15-30cm,30.0
5208608,sand_pct,30-60cm,23.7
5208608,sand_pct,60-100cm,23.7
5208608,silt_pct,0-5cm,29.0
5208608,silt_pct,5-15cm,27.5
5208608,silt_pct,15-30cm,26.3
5208608,silt_pct,30-60cm,22.2
5208608,silt_pct,60-100cm,21.5
5208608,soc_pct,0-5cm,2.72
5208608,soc_pct,5-15cm,2.24
5208608,soc_pct,15-30cm,1.68
5208608,soc_pct,30-60cm,0.83
5208608,soc_pct,60-100cm,0.66
5208608,ph_h2o,0-5cm,5.7
5208608,ph_h2o,5-15cm,5.7
5208608,ph_h2o,15-30cm,5.7
5208608,ph_h2o,30-60cm,5.8
5208608,ph_h2o,60-100cm,5.8
5208608,bd_kg_dm3,0-5cm,1.26
5208608,bd_kg_dm3,5-15cm,1.29
5208608,bd_kg_dm3,15-30cm,1.27
5208608,bd_kg_dm3,30-60cm,1.25
5208608,bd_kg_dm3,60-100cm,1.27
5208608,cec_cmol_kg,0-5cm,10.2
5208608,cec_cmol_kg,5-15cm,10.2
5208608,cec_cmol_kg,15-30cm,8.4
5208608,cec_cmol_kg,30-60cm,8.6
5208608,cec_cmol_kg,60-100cm,8.2
5208400,clay_pct,0-5cm,32.4
5208400,clay_pct,5-15cm,36.5
5208400,clay_pct,15-30cm,40.0
5208400,clay_pct,30-60cm,44.1
5208400,clay_pct,60-100cm,44.3
5208400,sand_pct,0-5cm,46.1
5208400,sand_pct,5-15cm,45.1
5208400,sand_pct,15-30cm,42.3
5208400,sand_pct,30-60cm,39.1
5208400,sand_pct,60-100cm,38.9
5208400,silt_pct,0-5cm,21.5
5208400,silt_pct,5-15cm,18.4
5208400,silt_pct,15-30cm,17.7
5208400,silt_pct,30-60cm,16.9
5208400,silt_pct,60-100cm,16.8
5208400,soc_pct,0-5cm,2.49
5208400,soc_pct,5-15cm,2.27
5208400,soc_pct,15-30cm,1.52
5208400,soc_pct,30-60cm,1.01
5208400,soc_pct,60-100cm,1.25
5208400,ph_h2o,0-5cm,5.6
5208400,ph_h2o,5-15cm,5.6
5208400,ph_h2o,15-30cm,5.7
5208400,ph_h2o,30-60cm,5.7
5208400,ph_h2o,60-100cm,5.8
5208400,bd_kg_dm3,0-5cm,1.26
5208400,bd_kg_dm3,5-15cm,1.29
5208400,bd_kg_dm3,15-30cm,1.3
5208400,bd_kg_dm3,30-60cm,1.28
5208400,bd_kg_dm3,60-100cm,1.28
5208400,cec_cmol_kg,0-5cm,11.0
5208400,cec_cmol_kg,5-15cm,9.3
5208400,cec_cmol_kg,15-30cm,8.0
5208400,cec_cmol_kg,30-60cm,7.3
5208400,cec_cmol_kg,60-100cm,6.9
5208806,clay_pct,0-5cm,
5208806,clay_pct,5-15cm,
5208806,clay_pct,15-30cm,
5208806,clay_pct,30-60cm,
5208806,clay_pct,60-100cm,
5208806,sand_pct,0-5cm,
5208806,sand_pct,5-15cm,
5208806,sand_pct,15-30cm,
5208806,sand_pct,30-60cm,
5208806,sand_pct,60-100cm,
5208806,silt_pct,0-5cm,
5208806,silt_pct,5-15cm,
5208806,silt_pct,15-30cm,
5208806,silt_pct,30-60cm,
5208806,silt_pct,60-100cm,
5208806,soc_pct,0-5cm,
5208806,soc_pct,5-15cm,
5208806,soc_pct,15-30cm,
5208806,soc_pct,30-60cm,
5208806,soc_pct,60-100cm,
5208806,ph_h2o,0-5cm,
5208806,ph_h2o,5-15cm,
5208806,ph_h2o,15-30cm,
5208806,ph_h2o,30-60cm,
5208806,ph_h2o,60-100cm,
5208806,bd_kg_dm3,0-5cm,
5208806,bd_kg_dm3,5-15cm,
5208806,bd_kg_dm3,15-30cm,
5208806,bd_kg_dm3,30-60cm,
5208806,bd_kg_dm3,60-100cm,
5208806,cec_cmol_kg,0-5cm,
5208806,cec_cmol_kg,5-15cm,
5208806,cec_cmol_kg,15-30cm,
5208806,cec_cmol_kg,30-60cm,
5208806,cec_cmol_kg,60-100cm,
5208509,clay_pct,0-5cm,37.3
5208509,clay_pct,5-15cm,38.3
5208509,clay_pct,15-30cm,40.8
5208509,clay_pct,30-60cm,44.6
5208509,clay_pct,60-100cm,44.3
5208509,sand_pct,0-5cm,42.6
5208509,sand_pct,5-15cm,41.7
5208509,sand_pct,15-30cm,39.5
5208509,sand_pct,30-60cm,36.5
5208509,sand_pct,60-100cm,36.6
5208509,silt_pct,0-5cm,20.2
5208509,silt_pct,5-15cm,20.0
5208509,silt_pct,15-30cm,19.7
5208509,silt_pct,30-60cm,18.9
5208509,silt_pct,60-100cm,19.1
5208509,soc_pct,0-5cm,2.19
5208509,soc_pct,5-15cm,1.69
5208509,soc_pct,15-30cm,1.26
5208509,soc_pct,30-60cm,0.77
5208509,soc_pct,60-100cm,0.49
5208509,ph_h2o,0-5cm,5.5
5208509,ph_h2o,5-15cm,5.5
5208509,ph_h2o,15-30cm,5.5
5208509,ph_h2o,30-60cm,5.6
5208509,ph_h2o,60-100cm,5.6
5208509,bd_kg_dm3,0-5cm,1.29
5208509,bd_kg_dm3,5-15cm,1.31
5208509,bd_kg_dm3,15-30cm,1.32
5208509,bd_kg_dm3,30-60cm,1.29
5208509,bd_kg_dm3,60-100cm,1.26
5208509,cec_cmol_kg,0-5cm,11.0
5208509,cec_cmol_kg,5-15cm,10.4
5208509,cec_cmol_kg,15-30cm,8.8
5208509,cec_cmol_kg,30-60cm,8.4
5208509,cec_cmol_kg,60-100cm,7.8
5208905,clay_pct,0-5cm,27.0
5208905,clay_pct,5-15cm,27.5
5208905,clay_pct,15-30cm,29.8
5208905,clay_pct,30-60cm,36.4
5208905,clay_pct,60-100cm,37.5
5208905,sand_pct,0-5cm,47.8
5208905,sand_pct,5-15cm,49.1
5208905,sand_pct,15-30cm,47.3
5208905,sand_pct,30-60cm,43.2
5208905,sand_pct,60-100cm,42.2
5208905,silt_pct,0-5cm,25.2
5208905,silt_pct,5-15cm,23.4
5208905,silt_pct,15-30cm,22.8
5208905,silt_pct,30-60cm,20.4
5208905,silt_pct,60-100cm,20.3
5208905,soc_pct,0-5cm,2.27
5208905,soc_pct,5-15cm,1.83
5208905,soc_pct,15-30cm,1.15
5208905,soc_pct,30-60cm,0.75
5208905,soc_pct,60-100cm,0.5
5208905,ph_h2o,0-5cm,5.6
5208905,ph_h2o,5-15cm,5.6
5208905,ph_h2o,15-30cm,5.6
5208905,ph_h2o,30-60cm,5.6
5208905,ph_h2o,60-100cm,5.6
5208905,bd_kg_dm3,0-5cm,1.19
5208905,bd_kg_dm3,5-15cm,1.25
5208905,bd_kg_dm3,15-30cm,1.28
5208905,bd_kg_dm3,30-60cm,1.33
5208905,bd_kg_dm3,60-100cm,1.35
5208905,cec_cmol_kg,0-5cm,11.7
5208905,cec_cmol_kg,5-15cm,11.2
5208905,cec_cmol_kg,15-30cm,8.7
5208905,cec_cmol_kg,30-60cm,7.8
5208905,cec_cmol_kg,60-100cm,7.4
5209150,clay_pct,0-5cm,29.6
5209150,clay_pct,5-15cm,30.0
5209150,clay_pct,15-30cm,31.2
5209150,clay_pct,30-60cm,37.0
5209150,clay_pct,60-100cm,38.3
5209150,sand_pct,0-5cm,53.1
5209150,sand_pct,5-15cm,52.7
5209150,sand_pct,15-30cm,51.2
5209150,sand_pct,30-60cm,46.2
5209150,sand_pct,60-100cm,45.0
5209150,silt_pct,0-5cm,17.4
5209150,silt_pct,5-15cm,17.3
5209150,silt_pct,15-30cm,17.6
5209150,silt_pct,30-60cm,16.7
5209150,silt_pct,60-100cm,16.7
5209150,soc_pct,0-5cm,1.98
5209150,soc_pct,5-15cm,1.85
5209150,soc_pct,15-30cm,1.15
5209150,soc_pct,30-60cm,1.2
5209150,soc_pct,60-100cm,0.55
5209150,ph_h2o,0-5cm,5.5
5209150,ph_h2o,5-15cm,5.5
5209150,ph_h2o,15-30cm,5.5
5209150,ph_h2o,30-60cm,5.5
5209150,ph_h2o,60-100cm,5.6
5209150,bd_kg_dm3,0-5cm,1.31
5209150,bd_kg_dm3,5-15cm,1.34
5209150,bd_kg_dm3,15-30cm,1.34
5209150,bd_kg_dm3,30-60cm,1.32
5209150,bd_kg_dm3,60-100cm,1.29
5209150,cec_cmol_kg,0-5cm,10.6
5209150,cec_cmol_kg,5-15cm,10.2
5209150,cec_cmol_kg,15-30cm,9.4
5209150,cec_cmol_kg,30-60cm,8.2
5209150,cec_cmol_kg,60-100cm,8.0
5209101,clay_pct,0-5cm,28.6
5209101,clay_pct,5-15cm,30.5
5209101,clay_pct,15-30cm,39.0
5209101,clay_pct,30-60cm,42.0
5209101,clay_pct,60-100cm,42.2
5209101,sand_pct,0-5cm,50.4
5209101,sand_pct,5-15cm,50.6
5209101,sand_pct,15-30cm,44.4
5209101,sand_pct,30-60cm,41.4
5209101,sand_pct,60-100cm,41.2
5209101,silt_pct,0-5cm,20.9
5209101,silt_pct,5-15cm,18.9
5209101,silt_pct,15-30cm,16.6
5209101,silt_pct,30-60cm,16.6
5209101,silt_pct,60-100cm,16.6
5209101,soc_pct,0-5cm,2.04
5209101,soc_pct,5-15cm,1.88
5209101,soc_pct,15-30cm,1.19
5209101,soc_pct,30-60cm,0.77
5209101,soc_pct,60-100cm,0.51
5209101,ph_h2o,0-5cm,5.4
5209101,ph_h2o,5-15cm,5.4
5209101,ph_h2o,15-30cm,5.5
5209101,ph_h2o,30-60cm,5.6
5209101,ph_h2o,60-100cm,5.6
5209101,bd_kg_dm3,0-5cm,1.33
5209101,bd_kg_dm3,5-15cm,1.35
5209101,bd_kg_dm3,15-30cm,1.36
5209101,bd_kg_dm3,30-60cm,1.33
5209101,bd_kg_dm3,60-100cm,1.34
5209101,cec_cmol_kg,0-5cm,12.8
5209101,cec_cmol_kg,5-15cm,11.0
5209101,cec_cmol_kg,15-30cm,10.3
5209101,cec_cmol_kg,30-60cm,10.3
5209101,cec_cmol_kg,60-100cm,10.0
5208707,clay_pct,0-5cm,34.2
5208707,clay_pct,5-15cm,35.8
5208707,clay_pct,15-30cm,38.7
5208707,clay_pct,30-60cm,41.0
5208707,clay_pct,60-100cm,41.4
5208707,sand_pct,0-5cm,46.3
5208707,sand_pct,5-15cm,45.9
5208707,sand_pct,15-30cm,43.4
5208707,sand_pct,30-60cm,41.6
5208707,sand_pct,60-100cm,41.2
5208707,silt_pct,0-5cm,19.5
5208707,silt_pct,5-15cm,18.3
5208707,silt_pct,15-30cm,18.0
5208707,silt_pct,30-60cm,17.4
5208707,silt_pct,60-100cm,17.5
5208707,soc_pct,0-5cm,2.16
5208707,soc_pct,5-15cm,2.04
5208707,soc_pct,15-30cm,1.57
5208707,soc_pct,30-60cm,0.98
5208707,soc_pct,60-100cm,0.56
5208707,ph_h2o,0-5cm,5.5
5208707,ph_h2o,5-15cm,5.5
5208707,ph_h2o,15-30cm,5.5
5208707,ph_h2o,30-60cm,5.6
5208707,ph_h2o,60-100cm,5.8
5208707,bd_kg_dm3,0-5cm,1.26
5208707,bd_kg_dm3,5-15cm,1.28
5208707,bd_kg_dm3,15-30cm,1.31
5208707,bd_kg_dm3,30-60cm,1.27
5208707,bd_kg_dm3,60-100cm,1.25
5208707,cec_cmol_kg,0-5cm,12.3
5208707,cec_cmol_kg,5-15cm,10.4
5208707,cec_cmol_kg,15-30cm,9.1
5208707,cec_cmol_kg,30-60cm,7.5
5208707,cec_cmol_kg,60-100cm,7.2
5209200,clay_pct,0-5cm,30.1
5209200,clay_pct,5-15cm,32.2
5209200,clay_pct,15-30cm,35.1
5209200,clay_pct,30-60cm,41.0
5209200,clay_pct,60-100cm,41.2
5209200,sand_pct,0-5cm,48.2
5209200,sand_pct,5-15cm,47.8
5209200,sand_pct,15-30cm,45.4
5209200,sand_pct,30-60cm,41.3
5209200,sand_pct,60-100cm,40.4
5209200,silt_pct,0-5cm,21.7
5209200,silt_pct,5-15cm,19.9
5209200,silt_pct,15-30cm,19.4
5209200,silt_pct,30-60cm,17.7
5209200,silt_pct,60-100cm,18.4
5209200,soc_pct,0-5cm,2.17
5209200,soc_pct,5-15cm,2.19
5209200,soc_pct,15-30cm,1.11
5209200,soc_pct,30-60cm,0.7
5209200,soc_pct,60-100cm,0.49
5209200,ph_h2o,0-5cm,5.6
5209200,ph_h2o,5-15cm,5.7
5209200,ph_h2o,15-30cm,5.7
5209200,ph_h2o,30-60cm,5.8
5209200,ph_h2o,60-100cm,5.9
5209200,bd_kg_dm3,0-5cm,1.28
5209200,bd_kg_dm3,5-15cm,1.31
5209200,bd_kg_dm3,15-30cm,1.34
5209200,bd_kg_dm3,30-60cm,1.32
5209200,bd_kg_dm3,60-100cm,1.32
5209200,cec_cmol_kg,0-5cm,11.2
5209200,cec_cmol_kg,5-15cm,10.1
5209200,cec_cmol_kg,15-30cm,7.9
5209200,cec_cmol_kg,30-60cm,7.3
5209200,cec_cmol_kg,60-100cm,6.6
5209408,clay_pct,0-5cm,35.3
5209408,clay_pct,5-15cm,37.4
5209408,clay_pct,15-30cm,40.8
5209408,clay_pct,30-60cm,48.6
5209408,clay_pct,60-100cm,50.5
5209408,sand_pct,0-5cm,25.8
5209408,sand_pct,5-15cm,24.4
5209408,sand_pct,15-30cm,22.9
5209408,sand_pct,30-60cm,19.6
5209408,sand_pct,60-100cm,19.1
5209408,silt_pct,0-5cm,38.9
5209408,silt_pct,5-15cm,38.2
5209408,silt_pct,15-30cm,36.2
5209408,silt_pct,30-60cm,31.9
5209408,silt_pct,60-100cm,30.5
5209408,soc_pct,0-5cm,1.89
5209408,soc_pct,5-15cm,1.78
5209408,soc_pct,15-30cm,1.06
5209408,soc_pct,30-60cm,0.58
5209408,soc_pct,60-100cm,0.46
5209408,ph_h2o,0-5cm,6.0
5209408,ph_h2o,5-15cm,6.0
5209408,ph_h2o,15-30cm,6.0
5209408,ph_h2o,30-60cm,5.9
5209408,ph_h2o,60-100cm,5.9
5209408,bd_kg_dm3,0-5cm,1.33
5209408,bd_kg_dm3,5-15cm,1.34
5209408,bd_kg_dm3,15-30cm,1.34
5209408,bd_kg_dm3,30-60cm,1.3
5209408,bd_kg_dm3,60-100cm,1.28
5209408,cec_cmol_kg,0-5cm,10.8
5209408,cec_cmol_kg,5-15cm,10.4
5209408,cec_cmol_kg,15-30cm,10.0
5209408,cec_cmol_kg,30-60cm,9.9
5209408,cec_cmol_kg,60-100cm,9.1
5209457,clay_pct,0-5cm,25.7
5209457,clay_pct,5-15cm,26.8
5209457,clay_pct,15-30cm,30.1
5209457,clay_pct,30-60cm,35.5
5209457,clay_pct,60-100cm,37.1
5209457,sand_pct,0-5cm,51.0
5209457,sand_pct,5-15cm,49.7
5209457,sand_pct,15-30cm,47.8
5209457,sand_pct,30-60cm,43.6
5209457,sand_pct,60-100cm,42.6
5209457,silt_pct,0-5cm,23.3
5209457,silt_pct,5-15cm,23.4
5209457,silt_pct,15-30cm,22.1
5209457,silt_pct,30-60cm,20.9
5209457,silt_pct,60-100cm,20.4
5209457,soc_pct,0-5cm,2.1
5209457,soc_pct,5-15cm,1.8
5209457,soc_pct,15-30cm,1.06
5209457,soc_pct,30-60cm,0.64
5209457,soc_pct,60-100cm,0.48
5209457,ph_h2o,0-5cm,5.7
5209457,ph_h2o,5-15cm,5.7
5209457,ph_h2o,15-30cm,5.7
5209457,ph_h2o,30-60cm,5.7
5209457,ph_h2o,60-100cm,5.8
5209457,bd_kg_dm3,0-5cm,1.23
5209457,bd_kg_dm3,5-15cm,1.29
5209457,bd_kg_dm3,15-30cm,1.3
5209457,bd_kg_dm3,30-60cm,1.3
5209457,bd_kg_dm3,60-100cm,1.3
5209457,cec_cmol_kg,0-5cm,12.1
5209457,cec_cmol_kg,5-15cm,12.0
5209457,cec_cmol_kg,15-30cm,10.7
5209457,cec_cmol_kg,30-60cm,10.6
5209457,cec_cmol_kg,60-100cm,10.3
5209606,clay_pct,0-5cm,34.2
5209606,clay_pct,5-15cm,35.4
5209606,clay_pct,15-30cm,38.6
5209606,clay_pct,30-60cm,44.1
5209606,clay_pct,60-100cm,46.3
5209606,sand_pct,0-5cm,42.6
5209606,sand_pct,5-15cm,43.7
5209606,sand_pct,15-30cm,41.3
5209606,sand_pct,30-60cm,37.5
5209606,sand_pct,60-100cm,36.1
5209606,silt_pct,0-5cm,23.2
5209606,silt_pct,5-15cm,20.9
5209606,silt_pct,15-30cm,20.2
5209606,silt_pct,30-60cm,18.4
5209606,silt_pct,60-100cm,17.6
5209606,soc_pct,0-5cm,2.37
5209606,soc_pct,5-15cm,2.23
5209606,soc_pct,15-30cm,1.32
5209606,soc_pct,30-60cm,0.79
5209606,soc_pct,60-100cm,0.63
5209606,ph_h2o,0-5cm,5.8
5209606,ph_h2o,5-15cm,5.7
5209606,ph_h2o,15-30cm,5.8
5209606,ph_h2o,30-60cm,5.8
5209606,ph_h2o,60-100cm,5.8
5209606,bd_kg_dm3,0-5cm,1.29
5209606,bd_kg_dm3,5-15cm,1.3
5209606,bd_kg_dm3,15-30cm,1.34
5209606,bd_kg_dm3,30-60cm,1.28
5209606,bd_kg_dm3,60-100cm,1.26
5209606,cec_cmol_kg,0-5cm,10.3
5209606,cec_cmol_kg,5-15cm,8.1
5209606,cec_cmol_kg,15-30cm,6.5
5209606,cec_cmol_kg,30-60cm,6.1
5209606,cec_cmol_kg,60-100cm,5.2
5209291,clay_pct,0-5cm,31.1
5209291,clay_pct,5-15cm,33.1
5209291,clay_pct,15-30cm,37.7
5209291,clay_pct,30-60cm,41.1
5209291,clay_pct,60-100cm,41.0
5209291,sand_pct,0-5cm,41.2
5209291,sand_pct,5-15cm,41.1
5209291,sand_pct,15-30cm,38.0
5209291,sand_pct,30-60cm,36.0
5209291,sand_pct,60-100cm,35.3
5209291,silt_pct,0-5cm,27.6
5209291,silt_pct,5-15cm,25.8
5209291,silt_pct,15-30cm,24.2
5209291,silt_pct,30-60cm,22.9
5209291,silt_pct,60-100cm,23.7
5209291,soc_pct,0-5cm,2.69
5209291,soc_pct,5-15cm,2.63
5209291,soc_pct,15-30cm,1.33
5209291,soc_pct,30-60cm,0.77
5209291,soc_pct,60-100cm,0.59
5209291,ph_h2o,0-5cm,5.8
5209291,ph_h2o,5-15cm,5.8
5209291,ph_h2o,15-30cm,5.8
5209291,ph_h2o,30-60cm,5.9
5209291,ph_h2o,60-100cm,6.0
5209291,bd_kg_dm3,0-5cm,1.27
5209291,bd_kg_dm3,5-15cm,1.3
5209291,bd_kg_dm3,15-30cm,1.32
5209291,bd_kg_dm3,30-60cm,1.28
5209291,bd_kg_dm3,60-100cm,1.27
5209291,cec_cmol_kg,0-5cm,12.1
5209291,cec_cmol_kg,5-15cm,11.4
5209291,cec_cmol_kg,15-30cm,10.7
5209291,cec_cmol_kg,30-60cm,10.1
5209291,cec_cmol_kg,60-100cm,9.8
5209937,clay_pct,0-5cm,30.3
5209937,clay_pct,5-15cm,31.1
5209937,clay_pct,15-30cm,30.3
5209937,clay_pct,30-60cm,38.3
5209937,clay_pct,60-100cm,41.3
5209937,sand_pct,0-5cm,54.6
5209937,sand_pct,5-15cm,54.0
5209937,sand_pct,15-30cm,54.9
5209937,sand_pct,30-60cm,48.3
5209937,sand_pct,60-100cm,45.7
5209937,silt_pct,0-5cm,15.1
5209937,silt_pct,5-15cm,14.8
5209937,silt_pct,15-30cm,14.8
5209937,silt_pct,30-60cm,13.4
5209937,silt_pct,60-100cm,12.9
5209937,soc_pct,0-5cm,1.8
5209937,soc_pct,5-15cm,1.45
5209937,soc_pct,15-30cm,1.09
5209937,soc_pct,30-60cm,0.77
5209937,soc_pct,60-100cm,0.49
5209937,ph_h2o,0-5cm,5.3
5209937,ph_h2o,5-15cm,5.3
5209937,ph_h2o,15-30cm,5.3
5209937,ph_h2o,30-60cm,5.4
5209937,ph_h2o,60-100cm,5.4
5209937,bd_kg_dm3,0-5cm,1.34
5209937,bd_kg_dm3,5-15cm,1.36
5209937,bd_kg_dm3,15-30cm,1.36
5209937,bd_kg_dm3,30-60cm,1.32
5209937,bd_kg_dm3,60-100cm,1.28
5209937,cec_cmol_kg,0-5cm,8.7
5209937,cec_cmol_kg,5-15cm,7.7
5209937,cec_cmol_kg,15-30cm,6.6
5209937,cec_cmol_kg,30-60cm,5.8
5209937,cec_cmol_kg,60-100cm,5.6
5209952,clay_pct,0-5cm,28.1
5209952,clay_pct,5-15cm,29.5
5209952,clay_pct,15-30cm,36.1
5209952,clay_pct,30-60cm,43.6
5209952,clay_pct,60-100cm,43.0
5209952,sand_pct,0-5cm,49.0
5209952,sand_pct,5-15cm,51.1
5209952,sand_pct,15-30cm,46.4
5209952,sand_pct,30-60cm,40.8
5209952,sand_pct,60-100cm,41.2
5209952,silt_pct,0-5cm,22.8
5209952,silt_pct,5-15cm,19.5
5209952,silt_pct,15-30cm,17.4
5209952,silt_pct,30-60cm,15.6
5209952,silt_pct,60-100cm,15.8
5209952,soc_pct,0-5cm,2.01
5209952,soc_pct,5-15cm,1.7
5209952,soc_pct,15-30cm,1.15
5209952,soc_pct,30-60cm,0.67
5209952,soc_pct,60-100cm,0.56
5209952,ph_h2o,0-5cm,5.5
5209952,ph_h2o,5-15cm,5.6
5209952,ph_h2o,15-30cm,5.6
5209952,ph_h2o,30-60cm,5.7
5209952,ph_h2o,60-100cm,5.8
5209952,bd_kg_dm3,0-5cm,1.28
5209952,bd_kg_dm3,5-15cm,1.32
5209952,bd_kg_dm3,15-30cm,1.36
5209952,bd_kg_dm3,30-60cm,1.32
5209952,bd_kg_dm3,60-100cm,1.33
5209952,cec_cmol_kg,0-5cm,9.4
5209952,cec_cmol_kg,5-15cm,8.2
5209952,cec_cmol_kg,15-30cm,5.4
5209952,cec_cmol_kg,30-60cm,4.9
5209952,cec_cmol_kg,60-100cm,4.2
5209804,clay_pct,0-5cm,34.4
5209804,clay_pct,5-15cm,36.0
5209804,clay_pct,15-30cm,41.4
5209804,clay_pct,30-60cm,52.0
5209804,clay_pct,60-100cm,53.1
5209804,sand_pct,0-5cm,37.9
5209804,sand_pct,5-15cm,36.7
5209804,sand_pct,15-30cm,34.1
5209804,sand_pct,30-60cm,26.7
5209804,sand_pct,60-100cm,26.6
5209804,silt_pct,0-5cm,27.7
5209804,silt_pct,5-15cm,27.2
5209804,silt_pct,15-30cm,24.5
5209804,silt_pct,30-60cm,21.4
5209804,silt_pct,60-100cm,20.3
5209804,soc_pct,0-5cm,2.6
5209804,soc_pct,5-15cm,2.12
5209804,soc_pct,15-30cm,1.39
5209804,soc_pct,30-60cm,0.71
5209804,soc_pct,60-100cm,0.57
5209804,ph_h2o,0-5cm,5.5
5209804,ph_h2o,5-15cm,5.6
5209804,ph_h2o,15-30cm,5.6
5209804,ph_h2o,30-60cm,5.5
5209804,ph_h2o,60-100cm,5.6
5209804,bd_kg_dm3,0-5cm,1.26
5209804,bd_kg_dm3,5-15cm,1.29
5209804,bd_kg_dm3,15-30cm,1.29
5209804,bd_kg_dm3,30-60cm,1.26
5209804,bd_kg_dm3,60-100cm,1.26
5209804,cec_cmol_kg,0-5cm,10.2
5209804,cec_cmol_kg,5-15cm,10.0
5209804,cec_cmol_kg,15-30cm,8.3
5209804,cec_cmol_kg,30-60cm,7.6
5209804,cec_cmol_kg,60-100cm,7.2
5209903,clay_pct,0-5cm,33.9
5209903,clay_pct,5-15cm,35.0
5209903,clay_pct,15-30cm,35.4
5209903,clay_pct,30-60cm,38.6
5209903,clay_pct,60-100cm,40.0
5209903,sand_pct,0-5cm,30.8
5209903,sand_pct,5-15cm,28.4
5209903,sand_pct,15-30cm,28.3
5209903,sand_pct,30-60cm,26.7
5209903,sand_pct,60-100cm,26.9
5209903,silt_pct,0-5cm,35.3
5209903,silt_pct,5-15cm,36.6
5209903,silt_pct,15-30cm,36.3
5209903,silt_pct,30-60cm,34.7
5209903,silt_pct,60-100cm,33.0
5209903,soc_pct,0-5cm,2.09
5209903,soc_pct,5-15cm,2.14
5209903,soc_pct,15-30cm,1.51
5209903,soc_pct,30-60cm,0.9
5209903,soc_pct,60-100cm,0.41
5209903,ph_h2o,0-5cm,5.9
5209903,ph_h2o,5-15cm,6.0
5209903,ph_h2o,15-30cm,5.9
5209903,ph_h2o,30-60cm,5.9
5209903,ph_h2o,60-100cm,6.0
5209903,bd_kg_dm3,0-5cm,1.31
5209903,bd_kg_dm3,5-15cm,1.33
5209903,bd_kg_dm3,15-30cm,1.33
5209903,bd_kg_dm3,30-60cm,1.35
5209903,bd_kg_dm3,60-100cm,1.34
5209903,cec_cmol_kg,0-5cm,9.6
5209903,cec_cmol_kg,5-15cm,8.9
5209903,cec_cmol_kg,15-30cm,7.4
5209903,cec_cmol_kg,30-60cm,6.7
5209903,cec_cmol_kg,60-100cm,6.0
5210000,clay_pct,0-5cm,33.5
5210000,clay_pct,5-15cm,38.0
5210000,clay_pct,15-30cm,39.5
5210000,clay_pct,30-60cm,43.0
5210000,clay_pct,60-100cm,44.7
5210000,sand_pct,0-5cm,39.2
5210000,sand_pct,5-15cm,42.7
5210000,sand_pct,15-30cm,41.8
5210000,sand_pct,30-60cm,39.3
5210000,sand_pct,60-100cm,38.7
5210000,silt_pct,0-5cm,27.3
5210000,silt_pct,5-15cm,19.3
5210000,silt_pct,15-30cm,18.7
5210000,silt_pct,30-60cm,17.8
5210000,silt_pct,60-100cm,16.6
5210000,soc_pct,0-5cm,2.75
5210000,soc_pct,5-15cm,2.18
5210000,soc_pct,15-30cm,1.41
5210000,soc_pct,30-60cm,1.06
5210000,soc_pct,60-100cm,0.66
5210000,ph_h2o,0-5cm,5.6
5210000,ph_h2o,5-15cm,5.6
5210000,ph_h2o,15-30cm,5.6
5210000,ph_h2o,30-60cm,5.7
5210000,ph_h2o,60-100cm,5.8
5210000,bd_kg_dm3,0-5cm,1.26
5210000,bd_kg_dm3,5-15cm,1.29
5210000,bd_kg_dm3,15-30cm,1.31
5210000,bd_kg_dm3,30-60cm,1.27
5210000,bd_kg_dm3,60-100cm,1.26
5210000,cec_cmol_kg,0-5cm,11.2
5210000,cec_cmol_kg,5-15cm,9.8
5210000,cec_cmol_kg,15-30cm,7.7
5210000,cec_cmol_kg,30-60cm,6.7
5210000,cec_cmol_kg,60-100cm,5.8
5209705,clay_pct,0-5cm,30.8
5209705,clay_pct,5-15cm,33.2
5209705,clay_pct,15-30cm,36.0
5209705,clay_pct,30-60cm,42.5
5209705,clay_pct,60-100cm,43.2
5209705,sand_pct,0-5cm,45.4
5209705,sand_pct,5-15cm,47.8
5209705,sand_pct,15-30cm,45.6
5209705,sand_pct,30-60cm,41.0
5209705,sand_pct,60-100cm,40.0
5209705,silt_pct,0-5cm,23.8
5209705,silt_pct,5-15cm,19.0
5209705,silt_pct,15-30cm,18.4
5209705,silt_pct,30-60cm,16.5
5209705,silt_pct,60-100cm,16.8
5209705,soc_pct,0-5cm,2.05
5209705,soc_pct,5-15cm,1.99
5209705,soc_pct,15-30cm,1.34
5209705,soc_pct,30-60cm,0.85
5209705,soc_pct,60-100cm,0.55
5209705,ph_h2o,0-5cm,5.3
5209705,ph_h2o,5-15cm,5.4
5209705,ph_h2o,15-30cm,5.4
5209705,ph_h2o,30-60cm,5.4
5209705,ph_h2o,60-100cm,5.6
5209705,bd_kg_dm3,0-5cm,1.3
5209705,bd_kg_dm3,5-15cm,1.32
5209705,bd_kg_dm3,15-30cm,1.35
5209705,bd_kg_dm3,30-60cm,1.31
5209705,bd_kg_dm3,60-100cm,1.31
5209705,cec_cmol_kg,0-5cm,9.7
5209705,cec_cmol_kg,5-15cm,8.4
5209705,cec_cmol_kg,15-30cm,5.1
5209705,cec_cmol_kg,30-60cm,3.9
5209705,cec_cmol_kg,60-100cm,3.4
5210158,clay_pct,0-5cm,34.6
5210158,clay_pct,5-15cm,33.5
5210158,clay_pct,15-30cm,39.4
5210158,clay_pct,30-60cm,49.1
5210158,clay_pct,60-100cm,49.0
5210158,sand_pct,0-5cm,40.9
5210158,sand_pct,5-15cm,41.2
5210158,sand_pct,15-30cm,37.2
5210158,sand_pct,30-60cm,30.9
5210158,sand_pct,60-100cm,30.6
5210158,silt_pct,0-5cm,24.5
5210158,silt_pct,5-15cm,25.3
5210158,silt_pct,15-30cm,23.4
5210158,silt_pct,30-60cm,20.0
5210158,silt_pct,60-100cm,20.4
5210158,soc_pct,0-5cm,2.68
5210158,soc_pct,5-15cm,2.29
5210158,soc_pct,15-30cm,1.17
5210158,soc_pct,30-60cm,0.72
5210158,soc_pct,60-100cm,0.53
5210158,ph_h2o,0-5cm,5.5
5210158,ph_h2o,5-15cm,5.6
5210158,ph_h2o,15-30cm,5.6
5210158,ph_h2o,30-60cm,5.7
5210158,ph_h2o,60-100cm,5.8
5210158,bd_kg_dm3,0-5cm,1.29
5210158,bd_kg_dm3,5-15cm,1.31
5210158,bd_kg_dm3,15-30cm,1.35
5210158,bd_kg_dm3,30-60cm,1.32
5210158,bd_kg_dm3,60-100cm,1.31
5210158,cec_cmol_kg,0-5cm,10.3
5210158,cec_cmol_kg,5-15cm,10.6
5210158,cec_cmol_kg,15-30cm,8.1
5210158,cec_cmol_kg,30-60cm,7.2
5210158,cec_cmol_kg,60-100cm,6.7
5210109,clay_pct,0-5cm,37.8
5210109,clay_pct,5-15cm,41.5
5210109,clay_pct,15-30cm,41.9
5210109,clay_pct,30-60cm,45.4
5210109,clay_pct,60-100cm,44.5
5210109,sand_pct,0-5cm,38.0
5210109,sand_pct,5-15cm,36.9
5210109,sand_pct,15-30cm,36.7
5210109,sand_pct,30-60cm,33.7
5210109,sand_pct,60-100cm,34.4
5210109,silt_pct,0-5cm,24.1
5210109,silt_pct,5-15cm,21.7
5210109,silt_pct,15-30cm,21.4
5210109,silt_pct,30-60cm,20.8
5210109,silt_pct,60-100cm,21.2
5210109,soc_pct,0-5cm,2.2
5210109,soc_pct,5-15cm,1.83
5210109,soc_pct,15-30cm,1.52
5210109,soc_pct,30-60cm,0.99
5210109,soc_pct,60-100cm,0.57
5210109,ph_h2o,0-5cm,5.2
5210109,ph_h2o,5-15cm,5.1
5210109,ph_h2o,15-30cm,5.2
5210109,ph_h2o,30-60cm,5.2
5210109,ph_h2o,60-100cm,5.4
5210109,bd_kg_dm3,0-5cm,1.26
5210109,bd_kg_dm3,5-15cm,1.27
5210109,bd_kg_dm3,15-30cm,1.3
5210109,bd_kg_dm3,30-60cm,1.3
5210109,bd_kg_dm3,60-100cm,1.3
5210109,cec_cmol_kg,0-5cm,9.8
5210109,cec_cmol_kg,5-15cm,9.1
5210109,cec_cmol_kg,15-30cm,6.3
5210109,cec_cmol_kg,30-60cm,5.4
5210109,cec_cmol_kg,60-100cm,4.8
5210406,clay_pct,0-5cm,34.7
5210406,clay_pct,5-15cm,37.4
5210406,clay_pct,15-30cm,41.6
5210406,clay_pct,30-60cm,41.9
5210406,clay_pct,60-100cm,44.1
5210406,sand_pct,0-5cm,41.7
5210406,sand_pct,5-15cm,44.2
5210406,sand_pct,15-30cm,41.2
5210406,sand_pct,30-60cm,41.0
5210406,sand_pct,60-100cm,40.1
5210406,silt_pct,0-5cm,23.6
5210406,silt_pct,5-15cm,18.4
5210406,silt_pct,15-30cm,17.2
5210406,silt_pct,30-60cm,17.1
5210406,silt_pct,60-100cm,15.7
5210406,soc_pct,0-5cm,2.31
5210406,soc_pct,5-15cm,2.17
5210406,soc_pct,15-30cm,1.19
5210406,soc_pct,30-60cm,0.88
5210406,soc_pct,60-100cm,0.75
5210406,ph_h2o,0-5cm,5.6
5210406,ph_h2o,5-15cm,5.5
5210406,ph_h2o,15-30cm,5.6
5210406,ph_h2o,30-60cm,5.6
5210406,ph_h2o,60-100cm,5.7
5210406,bd_kg_dm3,0-5cm,1.26
5210406,bd_kg_dm3,5-15cm,1.28
5210406,bd_kg_dm3,15-30cm,1.31
5210406,bd_kg_dm3,30-60cm,1.31
5210406,bd_kg_dm3,60-100cm,1.3
5210406,cec_cmol_kg,0-5cm,9.5
5210406,cec_cmol_kg,5-15cm,8.5
5210406,cec_cmol_kg,15-30cm,5.9
5210406,cec_cmol_kg,30-60cm,4.7
5210406,cec_cmol_kg,60-100cm,3.8
5210208,clay_pct,0-5cm,25.8
5210208,clay_pct,5-15cm,26.9
5210208,clay_pct,15-30cm,33.7
5210208,clay_pct,30-60cm,36.6
5210208,clay_pct,60-100cm,35.7
5210208,sand_pct,0-5cm,54.5
5210208,sand_pct,5-15cm,55.2
5210208,sand_pct,15-30cm,49.8
5210208,sand_pct,30-60cm,47.5
5210208,sand_pct,60-100cm,47.9
5210208,silt_pct,0-5cm,19.7
5210208,silt_pct,5-15cm,17.9
5210208,silt_pct,15-30cm,16.5
5210208,silt_pct,30-60cm,15.9
5210208,silt_pct,60-100cm,16.3
5210208,soc_pct,0-5cm,2.53
5210208,soc_pct,5-15cm,1.71
5210208,soc_pct,15-30cm,1.12
5210208,soc_pct,30-60cm,0.69
5210208,soc_pct,60-100cm,0.47
5210208,ph_h2o,0-5cm,5.6
5210208,ph_h2o,5-15cm,5.6
5210208,ph_h2o,15-30cm,5.6
5210208,ph_h2o,30-60cm,5.7
5210208,ph_h2o,60-100cm,5.8
5210208,bd_kg_dm3,0-5cm,1.29
5210208,bd_kg_dm3,5-15cm,1.3
5210208,bd_kg_dm3,15-30cm,1.32
5210208,bd_kg_dm3,30-60cm,1.31
5210208,bd_kg_dm3,60-100cm,1.3
5210208,cec_cmol_kg,0-5cm,11.5
5210208,cec_cmol_kg,5-15cm,9.3
5210208,cec_cmol_kg,15-30cm,7.7
5210208,cec_cmol_kg,30-60cm,7.8
5210208,cec_cmol_kg,60-100cm,7.4
5210307,clay_pct,0-5cm,27.7
5210307,clay_pct,5-15cm,28.8
5210307,clay_pct,15-30cm,34.5
5210307,clay_pct,30-60cm,39.7
5210307,clay_pct,60-100cm,38.6
5210307,sand_pct,0-5cm,52.0
5210307,sand_pct,5-15cm,52.1
5210307,sand_pct,15-30cm,47.7
5210307,sand_pct,30-60cm,43.9
5210307,sand_pct,60-100cm,44.4
5210307,silt_pct,0-5cm,20.3
5210307,silt_pct,5-15cm,19.1
5210307,silt_pct,15-30cm,17.7
5210307,silt_pct,30-60cm,16.4
5210307,silt_pct,60-100cm,17.0
5210307,soc_pct,0-5cm,1.91
5210307,soc_pct,5-15cm,1.97
5210307,soc_pct,15-30cm,1.21
5210307,soc_pct,30-60cm,0.75
5210307,soc_pct,60-100cm,0.46
5210307,ph_h2o,0-5cm,5.6
5210307,ph_h2o,5-15cm,5.7
5210307,ph_h2o,15-30cm,5.7
5210307,ph_h2o,30-60cm,5.8
5210307,ph_h2o,60-100cm,5.9
5210307,bd_kg_dm3,0-5cm,1.28
5210307,bd_kg_dm3,5-15cm,1.31
5210307,bd_kg_dm3,15-30cm,1.33
5210307,bd_kg_dm3,30-60cm,1.32
5210307,bd_kg_dm3,60-100cm,1.31
5210307,cec_cmol_kg,0-5cm,12.5
5210307,cec_cmol_kg,5-15cm,11.0
5210307,cec_cmol_kg,15-30cm,9.5
5210307,cec_cmol_kg,30-60cm,9.8
5210307,cec_cmol_kg,60-100cm,9.4
5210562,clay_pct,0-5cm,33.6
5210562,clay_pct,5-15cm,35.3
5210562,clay_pct,15-30cm,38.2
5210562,clay_pct,30-60cm,42.7
5210562,clay_pct,60-100cm,44.2
5210562,silt_pct,0-5cm,23.5
5210562,silt_pct,5-15cm,21.9
5210562,silt_pct,15-30cm,21.3
5210562,silt_pct,30-60cm,20.1
5210562,silt_pct,60-100cm,19.9
5210562,soc_pct,0-5cm,1.95
5210562,soc_pct,5-15cm,2.09
5210562,soc_pct,15-30cm,1.41
5210562,soc_pct,30-60cm,0.86
5210562,soc_pct,60-100cm,0.66
5210562,ph_h2o,0-5cm,5.6
5210562,ph_h2o,5-15cm,5.6
5210562,ph_h2o,15-30cm,5.6
5210562,ph_h2o,30-60cm,5.6
5210562,ph_h2o,60-100cm,5.7
5210562,cec_cmol_kg,0-5cm,11.4
5210562,cec_cmol_kg,5-15cm,11.4
5210562,cec_cmol_kg,15-30cm,8.8
5210562,cec_cmol_kg,30-60cm,8.3
5210562,cec_cmol_kg,60-100cm,7.7
5210604,clay_pct,0-5cm,37.5
5210604,clay_pct,5-15cm,39.5
5210604,clay_pct,15-30cm,40.9
5210604,clay_pct,30-60cm,43.6
5210604,clay_pct,60-100cm,43.7
5210604,sand_pct,0-5cm,38.4
5210604,sand_pct,5-15cm,39.4
5210604,sand_pct,15-30cm,38.1
5210604,sand_pct,30-60cm,36.0
5210604,sand_pct,60-100cm,36.3
5210604,soc_pct,0-5cm,2.06
5210604,soc_pct,5-15cm,2.0
5210604,soc_pct,15-30cm,1.15
5210604,soc_pct,30-60cm,0.77
5210604,soc_pct,60-100cm,0.59
5210604,ph_h2o,0-5cm,5.6
5210604,ph_h2o,5-15cm,5.6
5210604,ph_h2o,15-30cm,5.6
5210604,ph_h2o,30-60cm,5.6
5210604,ph_h2o,60-100cm,5.7
5210604,bd_kg_dm3,0-5cm,1.29
5210604,bd_kg_dm3,5-15cm,1.33
5210604,bd_kg_dm3,15-30cm,1.34
5210604,bd_kg_dm3,30-60cm,1.31
5210604,bd_kg_dm3,60-100cm,1.29
5210604,cec_cmol_kg,0-5cm,9.8
5210604,cec_cmol_kg,5-15cm,7.6
5210604,cec_cmol_kg,15-30cm,5.3
5210604,cec_cmol_kg,30-60cm,4.6
5210604,cec_cmol_kg,60-100cm,3.9
5210901,clay_pct,0-5cm,30.9
5210901,clay_pct,5-15cm,31.3
5210901,clay_pct,15-30cm,38.4
5210901,clay_pct,30-60cm,50.3
5210901,clay_pct,60-100cm,51.8
5210901,sand_pct,0-5cm,41.3
5210901,sand_pct,5-15cm,40.2
5210901,sand_pct,15-30cm,36.1
5210901,sand_pct,30-60cm,28.4
5210901,sand_pct,60-100cm,27.6
5210901,silt_pct,0-5cm,27.8
5210901,silt_pct,5-15cm,28.5
5210901,silt_pct,15-30cm,25.5
5210901,silt_pct,30-60cm,21.4
5210901,silt_pct,60-100cm,20.6
5210901,soc_pct,0-5cm,3.06
5210901,soc_pct,5-15cm,2.22
5210901,soc_pct,15-30cm,1.68
5210901,soc_pct,30-60cm,0.79
5210901,soc_pct,60-100cm,0.6
5210901,ph_h2o,0-5cm,5.4
5210901,ph_h2o,5-15cm,5.5
5210901,ph_h2o,15-30cm,5.5
5210901,ph_h2o,30-60cm,5.5
5210901,ph_h2o,60-100cm,5.6
5210901,bd_kg_dm3,0-5cm,1.26
5210901,bd_kg_dm3,5-15cm,1.28
5210901,bd_kg_dm3,15-30cm,1.29
5210901,bd_kg_dm3,30-60cm,1.28
5210901,bd_kg_dm3,60-100cm,1.28
5210901,cec_cmol_kg,0-5cm,8.7
5210901,cec_cmol_kg,5-15cm,8.0
5210901,cec_cmol_kg,15-30cm,6.4
5210901,cec_cmol_kg,30-60cm,6.1
5210901,cec_cmol_kg,60-100cm,5.6
5210802,clay_pct,0-5cm,20.0
5210802,clay_pct,5-15cm,18.9
5210802,clay_pct,15-30cm,20.0
5210802,clay_pct,30-60cm,25.0
5210802,clay_pct,60-100cm,23.9
5210802,sand_pct,0-5cm,67.2
5210802,sand_pct,5-15cm,68.1
5210802,sand_pct,15-30cm,67.9
5210802,sand_pct,30-60cm,63.5
5210802,sand_pct,60-100cm,63.8
5210802,silt_pct,0-5cm,12.8
5210802,silt_pct,5-15cm,13.0
5210802,silt_pct,15-30cm,12.1
5210802,silt_pct,30-60cm,11.4
5210802,silt_pct,60-100cm,12.3
5210802,soc_pct,0-5cm,1.93
5210802,soc_pct,5-15cm,1.45
5210802,soc_pct,15-30cm,1.15
5210802,soc_pct,30-60cm,0.66
5210802,soc_pct,60-100cm,0.34
5210802,ph_h2o,0-5cm,5.4
5210802,ph_h2o,5-15cm,5.4
5210802,ph_h2o,15-30cm,5.4
5210802,ph_h2o,30-60cm,5.4
5210802,ph_h2o,60-100cm,5.3
5210802,bd_kg_dm3,0-5cm,1.34
5210802,bd_kg_dm3,5-15cm,1.36
5210802,bd_kg_dm3,15-30cm,1.38
5210802,bd_kg_dm3,30-60cm,1.34
5210802,bd_kg_dm3,60-100cm,1.31
5210802,cec_cmol_kg,0-5cm,8.6
5210802,cec_cmol_kg,5-15cm,6.0
5210802,cec_cmol_kg,15-30cm,4.9
5210802,cec_cmol_kg,30-60cm,4.0
5210802,cec_cmol_kg,60-100cm,3.6
5211008,clay_pct,0-5cm,25.6
5211008,clay_pct,5-15cm,26.4
5211008,clay_pct,15-30cm,30.6
5211008,clay_pct,30-60cm,37.9
5211008,clay_pct,60-100cm,38.3
5211008,sand_pct,0-5cm,53.7
5211008,sand_pct,5-15cm,55.3
5211008,sand_pct,15-30cm,51.9
5211008,sand_pct,30-60cm,46.1
5211008,sand_pct,60-100cm,46.0
5211008,silt_pct,0-5cm,20.7
5211008,silt_pct,5-15cm,18.3
5211008,silt_pct,15-30cm,17.5
5211008,silt_pct,30-60cm,16.0
5211008,silt_pct,60-100cm,15.7
5211008,soc_pct,0-5cm,1.89
5211008,soc_pct,5-15cm,1.96
5211008,soc_pct,15-30cm,1.14
5211008,soc_pct,30-60cm,0.66
5211008,soc_pct,60-100cm,0.5
5211008,ph_h2o,0-5cm,5.5
5211008,ph_h2o,5-15cm,5.5
5211008,ph_h2o,15-30cm,5.5
5211008,ph_h2o,30-60cm,5.6
5211008,ph_h2o,60-100cm,5.6
5211008,bd_kg_dm3,0-5cm,1.29
5211008,bd_kg_dm3,5-15cm,1.31
5211008,bd_kg_dm3,15-30cm,1.31
5211008,bd_kg_dm3,30-60cm,1.3
5211008,bd_kg_dm3,60-100cm,1.31
5211008,cec_cmol_kg,0-5cm,10.4
5211008,cec_cmol_kg,5-15cm,9.0
5211008,cec_cmol_kg,15-30cm,7.0
5211008,cec_cmol_kg,30-60cm,6.7
5211008,cec_cmol_kg,60-100cm,6.2
5211305,clay_pct,0-5cm,19.7
5211305,clay_pct,5-15cm,18.4
5211305,clay_pct,15-30cm,20.5
5211305,clay_pct,30-60cm,27.7
5211305,clay_pct,60-100cm,27.9
5211305,sand_pct,0-5cm,66.6
5211305,sand_pct,5-15cm,67.8
5211305,sand_pct,15-30cm,66.3
5211305,sand_pct,30-60cm,60.4
5211305,sand_pct,60-100cm,59.8
5211305,silt_pct,0-5cm,13.7
5211305,silt_pct,5-15cm,13.8
5211305,silt_pct,15-30cm,13.2
5211305,silt_pct,30-60cm,12.0
5211305,silt_pct,60-100cm,12.4
5211305,soc_pct,0-5cm,2.91
5211305,soc_pct,5-15cm,1.8
5211305,soc_pct,15-30cm,1.38
5211305,soc_pct,30-60cm,0.69
5211305,soc_pct,60-100cm,0.46
5211305,ph_h2o,0-5cm,5.6
5211305,ph_h2o,5-15cm,5.6
5211305,ph_h2o,15-30cm,5.6
5211305,ph_h2o,30-60cm,5.6
5211305,ph_h2o,60-100cm,5.6
5211305,bd_kg_dm3,0-5cm,1.26
5211305,bd_kg_dm3,5-15cm,1.29
5211305,bd_kg_dm3,15-30cm,1.32
5211305,bd_kg_dm3,30-60cm,1.29
5211305,bd_kg_dm3,60-100cm,1.26
5211305,cec_cmol_kg,0-5cm,10.4
5211305,cec_cmol_kg,5-15cm,8.5
5211305,cec_cmol_kg,15-30cm,6.9
5211305,cec_cmol_kg,30-60cm,6.4
5211305,cec_cmol_kg,60-100cm,5.8
5211206,clay_pct,0-5cm,35.6
5211206,clay_pct,5-15cm,37.1
5211206,clay_pct,15-30cm,41.8
5211206,clay_pct,30-60cm,46.9
5211206,clay_pct,60-100cm,47.5
5211206,sand_pct,0-5cm,40.7
5211206,sand_pct,5-15cm,40.9
5211206,sand_pct,15-30cm,38.1
5211206,sand_pct,30-60cm,34.0
5211206,sand_pct,60-100cm,33.6
5211206,silt_pct,0-5cm,23.7
5211206,silt_pct,5-15cm,21.9
5211206,silt_pct,15-30cm,20.2
5211206,silt_pct,30-60cm,19.1
5211206,silt_pct,60-100cm,18.9
5211206,soc_pct,0-5cm,2.4
5211206,soc_pct,5-15cm,2.38
5211206,soc_pct,15-30cm,1.42
5211206,soc_pct,30-60cm,0.8
5211206,soc_pct,60-100cm,0.6
5211206,ph_h2o,0-5cm,5.5
5211206,ph_h2o,5-15cm,5.5
5211206,ph_h2o,15-30cm,5.5
5211206,ph_h2o,30-60cm,5.6
5211206,ph_h2o,60-100cm,5.7
5211206,bd_kg_dm3,0-5cm,1.29
5211206,bd_kg_dm3,5-15cm,1.3
5211206,bd_kg_dm3,15-30cm,1.31
5211206,bd_kg_dm3,30-60cm,1.28
5211206,bd_kg_dm3,60-100cm,1.27
5211206,cec_cmol_kg,0-5cm,10.7
5211206,cec_cmol_kg,5-15cm,9.2
5211206,cec_cmol_kg,15-30cm,8.2
5211206,cec_cmol_kg,30-60cm,6.8
5211206,cec_cmol_kg,60-100cm,6.2
5211602,clay_pct,0-5cm,26.3
5211602,clay_pct,5-15cm,29.5
5211602,clay_pct,15-30cm,31.7
5211602,clay_pct,30-60cm,34.7
5211602,clay_pct,60-100cm,35.5
5211602,sand_pct,0-5cm,54.7
5211602,sand_pct,5-15cm,54.6
5211602,sand_pct,15-30cm,53.4
5211602,sand_pct,30-60cm,50.8
5211602,sand_pct,60-100cm,50.6
5211602,silt_pct,0-5cm,19.0
5211602,silt_pct,5-15cm,15.9
5211602,silt_pct,15-30cm,15.0
5211602,silt_pct,30-60cm,14.4
5211602,silt_pct,60-100cm,13.8
5211602,soc_pct,0-5cm,2.4
5211602,soc_pct,5-15cm,1.9
5211602,soc_pct,15-30cm,1.1
5211602,soc_pct,30-60cm,0.71
5211602,soc_pct,60-100cm,0.48
5211602,ph_h2o,0-5cm,5.5
5211602,ph_h2o,5-15cm,5.5
5211602,ph_h2o,15-30cm,5.5
5211602,ph_h2o,30-60cm,5.6
5211602,ph_h2o,60-100cm,5.7
5211602,bd_kg_dm3,0-5cm,1.29
5211602,bd_kg_dm3,5-15cm,1.31
5211602,bd_kg_dm3,15-30cm,1.34
5211602,bd_kg_dm3,30-60cm,1.34
5211602,bd_kg_dm3,60-100cm,1.33
5211602,cec_cmol_kg,0-5cm,10.5
5211602,cec_cmol_kg,5-15cm,7.8
5211602,cec_cmol_kg,15-30cm,6.2
5211602,cec_cmol_kg,30-60cm,5.4
5211602,cec_cmol_kg,60-100cm,5.0
5211503,clay_pct,0-5cm,30.0
5211503,clay_pct,5-15cm,32.0
5211503,clay_pct,15-30cm,34.2
5211503,clay_pct,30-60cm,40.9
5211503,clay_pct,60-100cm,41.7
5211503,sand_pct,0-5cm,46.1
5211503,sand_pct,5-15cm,44.9
5211503,sand_pct,15-30cm,43.4
5211503,sand_pct,30-60cm,38.7
5211503,sand_pct,60-100cm,38.3
5211503,silt_pct,0-5cm,23.8
5211503,silt_pct,5-15cm,23.1
5211503,silt_pct,15-30cm,22.3
5211503,silt_pct,30-60cm,20.4
5211503,silt_pct,60-100cm,20.0
5211503,soc_pct,0-5cm,2.29
5211503,soc_pct,5-15cm,1.85
5211503,soc_pct,15-30cm,1.16
5211503,soc_pct,30-60cm,0.74
5211503,soc_pct,60-100cm,0.45
5211503,ph_h2o,0-5cm,5.5
5211503,ph_h2o,5-15cm,5.6
5211503,ph_h2o,15-30cm,5.6
5211503,ph_h2o,30-60cm,5.6
5211503,ph_h2o,60-100cm,5.7
5211503,bd_kg_dm3,0-5cm,1.34
5211503,bd_kg_dm3,5-15cm,1.35
5211503,bd_kg_dm3,15-30cm,1.34
5211503,bd_kg_dm3,30-60cm,1.36
5211503,bd_kg_dm3,60-100cm,1.33
5211503,cec_cmol_kg,0-5cm,10.3
5211503,cec_cmol_kg,5-15cm,9.9
5211503,cec_cmol_kg,15-30cm,8.6
5211503,cec_cmol_kg,30-60cm,7.9
5211503,cec_cmol_kg,60-100cm,7.3
5211701,clay_pct,0-5cm,34.0
5211701,clay_pct,5-15cm,35.4
5211701,clay_pct,15-30cm,39.0
5211701,clay_pct,30-60cm,41.2
5211701,clay_pct,60-100cm,41.3
5211701,sand_pct,0-5cm,44.1
5211701,sand_pct,5-15cm,46.5
5211701,sand_pct,15-30cm,44.2
5211701,sand_pct,30-60cm,42.4
5211701,sand_pct,60-100cm,42.7
5211701,silt_pct,0-5cm,21.8
5211701,silt_pct,5-15cm,18.1
5211701,silt_pct,15-30cm,16.7
5211701,silt_pct,30-60cm,16.4
5211701,silt_pct,60-100cm,16.0
5211701,ph_h2o,0-5cm,5.5
5211701,ph_h2o,5-15cm,5.5
5211701,ph_h2o,15-30cm,5.5
5211701,ph_h2o,30-60cm,5.6
5211701,ph_h2o,60-100cm,5.7
5211701,bd_kg_dm3,0-5cm,1.25
5211701,bd_kg_dm3,5-15cm,1.25
5211701,bd_kg_dm3,15-30cm,1.28
5211701,bd_kg_dm3,30-60cm,1.27
5211701,bd_kg_dm3,60-100cm,1.25
5211701,cec_cmol_kg,0-5cm,9.8
5211701,cec_cmol_kg,5-15cm,7.7
5211701,cec_cmol_kg,15-30cm,6.1
5211701,cec_cmol_kg,30-60cm,5.3
5211701,cec_cmol_kg,60-100cm,4.9
5211404,clay_pct,0-5cm,34.0
5211404,clay_pct,5-15cm,37.1
5211404,clay_pct,15-30cm,39.2
5211404,clay_pct,30-60cm,45.4
5211404,clay_pct,60-100cm,46.5
5211404,sand_pct,0-5cm,41.3
5211404,sand_pct,5-15cm,43.4
5211404,sand_pct,15-30cm,42.0
5211404,sand_pct,30-60cm,38.0
5211404,sand_pct,60-100cm,37.3
5211404,silt_pct,0-5cm,24.7
5211404,silt_pct,5-15cm,19.5
5211404,silt_pct,15-30cm,18.8
5211404,silt_pct,30-60cm,16.6
5211404,silt_pct,60-100cm,16.2
5211404,soc_pct,0-5cm,2.64
5211404,soc_pct,5-15cm,2.33
5211404,soc_pct,15-30cm,1.37
5211404,soc_pct,30-60cm,0.88
5211404,soc_pct,60-100cm,0.77
5211404,ph_h2o,0-5cm,5.7
5211404,ph_h2o,5-15cm,5.6
5211404,ph_h2o,15-30cm,5.6
5211404,ph_h2o,30-60cm,5.7
5211404,ph_h2o,60-100cm,5.8
5211404,cec_cmol_kg,0-5cm,10.9
5211404,cec_cmol_kg,5-15cm,9.5
5211404,cec_cmol_kg,15-30cm,7.2
5211404,cec_cmol_kg,30-60cm,6.4
5211404,cec_cmol_kg,60-100cm,5.8
5211909,clay_pct,0-5cm,25.8
5211909,clay_pct,5-15cm,26.7
5211909,clay_pct,15-30cm,25.8
5211909,clay_pct,30-60cm,27.3
5211909,clay_pct,60-100cm,27.6
5211909,sand_pct,0-5cm,59.5
5211909,sand_pct,5-15cm,59.2
5211909,sand_pct,15-30cm,59.9
5211909,sand_pct,30-60cm,58.8
5211909,sand_pct,60-100cm,58.0
5211909,silt_pct,0-5cm,14.7
5211909,silt_pct,5-15cm,14.2
5211909,silt_pct,15-30cm,14.3
5211909,silt_pct,30-60cm,13.9
5211909,silt_pct,60-100cm,14.4
5211909,soc_pct,0-5cm,2.49
5211909,soc_pct,5-15cm,1.65
5211909,soc_pct,15-30cm,1.13
5211909,soc_pct,30-60cm,0.81
5211909,soc_pct,60-100cm,0.46
5211909,ph_h2o,0-5cm,5.3
5211909,ph_h2o,5-15cm,5.3
5211909,ph_h2o,15-30cm,5.3
5211909,ph_h2o,30-60cm,5.3
5211909,ph_h2o,60-100cm,5.5
5211909,cec_cmol_kg,0-5cm,12.1
5211909,cec_cmol_kg,5-15cm,10.5
5211909,cec_cmol_kg,15-30cm,9.5
5211909,cec_cmol_kg,30-60cm,9.1
5211909,cec_cmol_kg,60-100cm,8.8
5212006,clay_pct,0-5cm,26.3
5212006,clay_pct,5-15cm,26.5
5212006,clay_pct,15-30cm,32.3
5212006,clay_pct,30-60cm,38.5
5212006,clay_pct,60-100cm,36.9
5212006,sand_pct,0-5cm,54.5
5212006,sand_pct,5-15cm,55.8
5212006,sand_pct,15-30cm,51.5
5212006,sand_pct,30-60cm,46.1
5212006,sand_pct,60-100cm,46.8
5212006,silt_pct,0-5cm,19.3
5212006,silt_pct,5-15cm,17.7
5212006,silt_pct,15-30cm,16.2
5212006,silt_pct,30-60cm,15.5
5212006,silt_pct,60-100cm,16.4
5212006,bd_kg_dm3,0-5cm,1.27
5212006,bd_kg_dm3,5-15cm,1.31
5212006,bd_kg_dm3,15-30cm,1.33
5212006,bd_kg_dm3,30-60cm,1.34
5212006,bd_kg_dm3,60-100cm,1.36
5211800,clay_pct,0-5cm,29.3
5211800,clay_pct,5-15cm,32.1
5211800,clay_pct,15-30cm,36.2
5211800,clay_pct,30-60cm,44.3
5211800,clay_pct,60-100cm,44.1
5211800,silt_pct,0-5cm,27.7
5211800,silt_pct,5-15cm,26.9
5211800,silt_pct,15-30cm,25.3
5211800,silt_pct,30-60cm,22.4
5211800,silt_pct,60-100cm,23.1
5211800,soc_pct,0-5cm,2.02
5211800,soc_pct,5-15cm,1.95
5211800,soc_pct,15-30cm,1.2
5211800,soc_pct,30-60cm,0.81
5211800,soc_pct,60-100cm,0.6
5212055,clay_pct,0-5cm,34.7
5212055,clay_pct,5-15cm,34.9
5212055,clay_pct,15-30cm,38.3
5212055,clay_pct,30-60cm,42.5
5212055,clay_pct,60-100cm,43.1
5212055,sand_pct,0-5cm,41.1
5212055,sand_pct,5-15cm,43.9
5212055,sand_pct,15-30cm,41.6
5212055,sand_pct,30-60cm,38.6
5212055,sand_pct,60-100cm,38.5
5212055,silt_pct,0-5cm,24.2
5212055,silt_pct,5-15cm,21.3
5212055,silt_pct,15-30cm,20.2
5212055,silt_pct,30-60cm,18.8
5212055,silt_pct,60-100cm,18.5
5212055,ph_h2o,0-5cm,5.6
5212055,ph_h2o,5-15cm,5.6
5212055,ph_h2o,15-30cm,5.7
5212055,ph_h2o,30-60cm,5.7
5212055,ph_h2o,60-100cm,5.8
5212105,clay_pct,0-5cm,33.3
5212105,clay_pct,5-15cm,35.6
5212105,clay_pct,15-30cm,39.3
5212105,clay_pct,30-60cm,44.8
5212105,clay_pct,60-100cm,44.8
5212105,sand_pct,0-5cm,43.8
5212105,sand_pct,5-15cm,44.3
5212105,sand_pct,15-30cm,42.1
5212105,sand_pct,30-60cm,38.4
5212105,sand_pct,60-100cm,38.6
5212105,silt_pct,0-5cm,22.9
5212105,silt_pct,5-15cm,20.1
5212105,silt_pct,15-30cm,18.6
5212105,silt_pct,30-60cm,16.8
5212105,silt_pct,60-100cm,16.6
5212105,soc_pct,0-5cm,2.74
5212105,soc_pct,5-15cm,1.95
5212105,soc_pct,15-30cm,1.29
5212105,soc_pct,30-60cm,0.83
5212105,soc_pct,60-100cm,0.68
5212105,cec_cmol_kg,0-5cm,11.8
5212105,cec_cmol_kg,5-15cm,9.5
5212105,cec_cmol_kg,15-30cm,8.4
5212105,cec_cmol_kg,30-60cm,7.9
5212105,cec_cmol_kg,60-100cm,7.2
5212501,silt_pct,0-5cm,29.2
5212501,silt_pct,5-15cm,27.6
5212501,silt_pct,15-30cm,26.4
5212501,silt_pct,30-60cm,22.7
5212501,silt_pct,60-100cm,23.4
5212501,soc_pct,0-5cm,2.9
5212501,soc_pct,5-15cm,1.92
5212501,soc_pct,15-30cm,1.32
5212501,soc_pct,30-60cm,0.75
5212501,soc_pct,60-100cm,0.55
5212501,ph_h2o,0-5cm,5.2
5212501,ph_h2o,5-15cm,5.2
5212501,ph_h2o,15-30cm,5.2
5212501,ph_h2o,30-60cm,5.2
5212501,ph_h2o,60-100cm,5.3
5212253,clay_pct,0-5cm,17.6
5212253,clay_pct,5-15cm,17.9
5212253,clay_pct,15-30cm,18.9
5212253,clay_pct,30-60cm,24.1
5212253,clay_pct,60-100cm,23.2
5212253,soc_pct,0-5cm,2.03
5212253,soc_pct,5-15cm,2.12
5212253,soc_pct,15-30cm,1.21
5212253,soc_pct,30-60cm,0.69
5212253,soc_pct,60-100cm,0.36
5212253,ph_h2o,0-5cm,5.4
5212253,ph_h2o,5-15cm,5.4
5212253,ph_h2o,15-30cm,5.4
5212253,ph_h2o,30-60cm,5.4
5212253,ph_h2o,60-100cm,5.4
5212600,sand_pct,0-5cm,47.5
5212600,sand_pct,5-15cm,49.5
5212600,sand_pct,15-30cm,49.1
5212600,sand_pct,30-60cm,43.4
5212600,sand_pct,60-100cm,43.9
5212600,silt_pct,0-5cm,20.1
5212600,silt_pct,5-15cm,16.4
5212600,silt_pct,15-30cm,16.6
5212600,silt_pct,30-60cm,14.9
5212600,silt_pct,60-100cm,14.1
5212204,bd_kg_dm3,0-5cm,1.2
5212204,bd_kg_dm3,5-15cm,1.25
5212204,bd_kg_dm3,15-30cm,1.27
5212204,bd_kg_dm3,30-60cm,1.29
5212204,bd_kg_dm3,60-100cm,1.3
5212204,cec_cmol_kg,0-5cm,11.3
5212204,cec_cmol_kg,5-15cm,9.1
5212204,cec_cmol_kg,15-30cm,6.6
5212204,cec_cmol_kg,30-60cm,6.2
5212204,cec_cmol_kg,60-100cm,5.6
5212303,sand_pct,0-5cm,40.5
5212303,sand_pct,5-15cm,42.9
5212303,sand_pct,15-30cm,40.1
5212303,sand_pct,30-60cm,36.1
5212303,sand_pct,60-100cm,36.5
5212303,bd_kg_dm3,0-5cm,1.27
5212303,bd_kg_dm3,5-15cm,1.26
5212303,bd_kg_dm3,15-30cm,1.3
5212303,bd_kg_dm3,30-60cm,1.26
5212303,bd_kg_dm3,60-100cm,1.25
5212303,cec_cmol_kg,0-5cm,10.6
5212303,cec_cmol_kg,5-15cm,9.3
5212303,cec_cmol_kg,15-30cm,7.5
5212303,cec_cmol_kg,30-60cm,6.3
5212303,cec_cmol_kg,60-100cm,6.0
5212709,cec_cmol_kg,0-5cm,12.4
5212709,cec_cmol_kg,5-15cm,12.2
5212709,cec_cmol_kg,15-30cm,12.2
5212709,cec_cmol_kg,30-60cm,12.2
5212709,cec_cmol_kg,60-100cm,12.3
5212907,sand_pct,0-5cm,42.2
5212907,sand_pct,5-15cm,43.5
5212907,sand_pct,15-30cm,45.3
5212907,sand_pct,30-60cm,42.8
5212907,sand_pct,60-100cm,43.8
5212907,silt_pct,0-5cm,18.6
5212907,silt_pct,5-15cm,15.6
5212907,silt_pct,15-30cm,16.0
5212907,silt_pct,30-60cm,15.2
5212907,silt_pct,60-100cm,15.5
5212907,soc_pct,0-5cm,2.58
5212907,soc_pct,5-15cm,2.21
5212907,soc_pct,15-30cm,1.49
5212907,soc_pct,30-60cm,0.91
5212907,soc_pct,60-100cm,0.52
5212907,ph_h2o,0-5cm,5.4
5212907,ph_h2o,5-15cm,5.4
5212907,ph_h2o,15-30cm,5.4
5212907,ph_h2o,30-60cm,5.4
5212907,ph_h2o,60-100cm,5.5
5212907,bd_kg_dm3,0-5cm,1.29
5212907,bd_kg_dm3,5-15cm,1.3
5212907,bd_kg_dm3,15-30cm,1.34
5212907,bd_kg_dm3,30-60cm,1.31
5212907,bd_kg_dm3,60-100cm,1.3
5212907,cec_cmol_kg,0-5cm,9.6
5212907,cec_cmol_kg,5-15cm,7.0
5212907,cec_cmol_kg,15-30cm,5.1
5212907,cec_cmol_kg,30-60cm,4.1
5212907,cec_cmol_kg,60-100cm,3.5
5212808,silt_pct,0-5cm,20.0
5212808,silt_pct,5-15cm,20.1
5212808,silt_pct,15-30cm,19.3
5212808,silt_pct,30-60cm,17.9
5212808,silt_pct,60-100cm,17.0
5212808,soc_pct,0-5cm,1.87
5212808,soc_pct,5-15cm,1.61
5212808,soc_pct,15-30cm,1.32
5212808,soc_pct,30-60cm,0.57
5212808,soc_pct,60-100cm,0.51
5212808,ph_h2o,0-5cm,5.4
5212808,ph_h2o,5-15cm,5.4
5212808,ph_h2o,15-30cm,5.4
5212808,ph_h2o,30-60cm,5.5
5212808,ph_h2o,60-100cm,5.6
5212808,cec_cmol_kg,0-5cm,11.5
5212808,cec_cmol_kg,5-15cm,11.4
5212808,cec_cmol_kg,15-30cm,10.0
5212808,cec_cmol_kg,30-60cm,10.0
5212808,cec_cmol_kg,60-100cm,9.2
5213004,clay_pct,0-5cm,30.7
5213004,clay_pct,5-15cm,31.4
5213004,clay_pct,15-30cm,34.4
5213004,clay_pct,30-60cm,42.0
5213004,clay_pct,60-100cm,43.1
5213004,sand_pct,0-5cm,48.0
5213004,sand_pct,5-15cm,48.3
5213004,sand_pct,15-30cm,45.6
5213004,sand_pct,30-60cm,40.1
5213004,sand_pct,60-100cm,39.2
5213004,soc_pct,0-5cm,1.91
5213004,soc_pct,5-15cm,1.84
5213004,soc_pct,15-30cm,1.16
5213004,soc_pct,30-60cm,0.91
5213004,soc_pct,60-100cm,0.53
5213004,ph_h2o,0-5cm,5.4
5213004,ph_h2o,5-15cm,5.4
5213004,ph_h2o,15-30cm,5.4
5213004,ph_h2o,30-60cm,5.5
5213004,ph_h2o,60-100cm,5.6
5213004,bd_kg_dm3,0-5cm,1.32
5213004,bd_kg_dm3,5-15cm,1.35
5213004,bd_kg_dm3,15-30cm,1.36
5213004,bd_kg_dm3,30-60cm,1.34
5213004,bd_kg_dm3,60-100cm,1.33
5213004,cec_cmol_kg,0-5cm,10.1
5213004,cec_cmol_kg,5-15cm,9.3
5213004,cec_cmol_kg,15-30cm,7.9
5213004,cec_cmol_kg,30-60cm,8.0
5213004,cec_cmol_kg,60-100cm,7.9
5213103,clay_pct,0-5cm,26.1
5213103,clay_pct,5-15cm,26.8
5213103,clay_pct,15-30cm,29.8
5213103,clay_pct,30-60cm,34.7
5213103,clay_pct,60-100cm,35.3
5213103,silt_pct,0-5cm,16.0
5213103,silt_pct,5-15cm,15.2
5213103,silt_pct,15-30cm,14.4
5213103,silt_pct,30-60cm,13.0
5213103,silt_pct,60-100cm,12.8
5213103,soc_pct,0-5cm,1.99
5213103,soc_pct,5-15cm,1.73
5213103,soc_pct,15-30cm,0.95
5213103,soc_pct,30-60cm,0.66
5213103,soc_pct,60-100cm,0.4
5213103,ph_h2o,0-5cm,5.2
5213103,ph_h2o,5-15cm,5.2
5213103,ph_h2o,15-30cm,5.2
5213103,ph_h2o,30-60cm,5.3
5213103,ph_h2o,60-100cm,5.4
5213103,bd_kg_dm3,0-5cm,1.29
5213103,bd_kg_dm3,5-15cm,1.3
5213103,bd_kg_dm3,15-30cm,1.32
5213103,bd_kg_dm3,30-60cm,1.32
5213103,bd_kg_dm3,60-100cm,1.32
5213103,cec_cmol_kg,0-5cm,8.8
5213103,cec_cmol_kg,5-15cm,7.5
5213103,cec_cmol_kg,15-30cm,6.8
5213103,cec_cmol_kg,30-60cm,6.3
5213103,cec_cmol_kg,60-100cm,5.9
5213053,clay_pct,0-5cm,40.4
5213053,clay_pct,5-15cm,44.9
5213053,clay_pct,15-30cm,48.0
5213053,clay_pct,30-60cm,52.6
5213053,clay_pct,60-100cm,54.4
5213053,sand_pct,0-5cm,32.1
5213053,sand_pct,5-15cm,30.0
5213053,sand_pct,15-30cm,28.2
5213053,sand_pct,30-60cm,25.7
5213053,sand_pct,60-100cm,25.3
5213053,silt_pct,0-5cm,27.4
5213053,silt_pct,5-15cm,25.1
5213053,silt_pct,15-30cm,23.8
5213053,silt_pct,30-60cm,21.7
5213053,silt_pct,60-100cm,20.2
5213053,soc_pct,0-5cm,2.03
5213053,soc_pct,5-15cm,2.01
5213053,soc_pct,15-30cm,1.2
5213053,soc_pct,30-60cm,0.68
5213053,soc_pct,60-100cm,0.55
5213053,ph_h2o,0-5cm,5.4
5213053,ph_h2o,5-15cm,5.4
5213053,ph_h2o,15-30cm,5.4
5213053,ph_h2o,30-60cm,5.4
5213053,ph_h2o,60-100cm,5.5
5213053,bd_kg_dm3,0-5cm,1.3
5213053,bd_kg_dm3,5-15cm,1.32
5213053,bd_kg_dm3,15-30cm,1.35
5213053,bd_kg_dm3,30-60cm,1.31
5213053,bd_kg_dm3,60-100cm,1.29
5213053,cec_cmol_kg,0-5cm,12.4
5213053,cec_cmol_kg,5-15cm,9.9
5213053,cec_cmol_kg,15-30cm,9.2
5213053,cec_cmol_kg,30-60cm,8.6
5213053,cec_cmol_kg,60-100cm,8.3
5212956,clay_pct,0-5cm,20.9
5212956,clay_pct,5-15cm,22.1
5212956,clay_pct,15-30cm,28.3
5212956,clay_pct,30-60cm,38.3
5212956,clay_pct,60-100cm,38.6
5212956,sand_pct,0-5cm,62.6
5212956,sand_pct,5-15cm,61.7
5212956,sand_pct,15-30cm,56.8
5212956,sand_pct,30-60cm,48.5
5212956,sand_pct,60-100cm,48.9
5212956,soc_pct,0-5cm,2.17
5212956,soc_pct,5-15cm,1.77
5212956,soc_pct,15-30cm,1.09
5212956,soc_pct,30-60cm,0.61
5212956,soc_pct,60-100cm,0.38
5212956,ph_h2o,0-5cm,5.5
5212956,ph_h2o,5-15cm,5.5
5212956,ph_h2o,15-30cm,5.5
5212956,ph_h2o,30-60cm,5.5
5212956,ph_h2o,60-100cm,5.6
5213400,sand_pct,0-5cm,49.1
5213400,sand_pct,5-15cm,50.4
5213400,sand_pct,15-30cm,47.3
5213400,sand_pct,30-60cm,45.0
5213400,sand_pct,60-100cm,44.1
5213400,silt_pct,0-5cm,23.3
5213400,silt_pct,5-15cm,18.4
5213400,silt_pct,15-30cm,16.8
5213400,silt_pct,30-60cm,15.9
5213400,silt_pct,60-100cm,15.4
5213400,ph_h2o,0-5cm,5.7
5213400,ph_h2o,5-15cm,5.6
5213400,ph_h2o,15-30cm,5.7
5213400,ph_h2o,30-60cm,5.8
5213400,ph_h2o,60-100cm,5.9
5213400,bd_kg_dm3,0-5cm,1.28
5213400,bd_kg_dm3,5-15cm,1.29
5213400,bd_kg_dm3,15-30cm,1.32
5213400,bd_kg_dm3,30-60cm,1.29
5213400,bd_kg_dm3,60-100cm,1.28
5213400,cec_cmol_kg,0-5cm,10.9
5213400,cec_cmol_kg,5-15cm,9.5
5213400,cec_cmol_kg,15-30cm,6.7
5213400,cec_cmol_kg,30-60cm,6.2
5213400,cec_cmol_kg,60-100cm,5.3
5213087,clay_pct,0-5cm,22.3
5213087,clay_pct,5-15cm,23.3
5213087,clay_pct,15-30cm,26.7
5213087,clay_pct,30-60cm,34.0
5213087,clay_pct,60-100cm,35.8
5213087,sand_pct,0-5cm,57.7
5213087,sand_pct,5-15cm,56.0
5213087,sand_pct,15-30cm,53.7
5213087,sand_pct,30-60cm,48.1
5213087,sand_pct,60-100cm,47.1
5213087,silt_pct,0-5cm,20.0
5213087,silt_pct,5-15cm,20.7
5213087,silt_pct,15-30cm,19.6
5213087,silt_pct,30-60cm,17.9
5213087,silt_pct,60-100cm,17.1
5213087,soc_pct,0-5cm,2.02
5213087,soc_pct,5-15cm,1.77
5213087,soc_pct,15-30cm,0.93
5213087,soc_pct,30-60cm,0.61
5213087,soc_pct,60-100cm,0.44
5213087,ph_h2o,0-5cm,5.5
5213087,ph_h2o,5-15cm,5.5
5213087,ph_h2o,15-30cm,5.5
5213087,ph_h2o,30-60cm,5.5
5213087,ph_h2o,60-100cm,5.6
5213087,cec_cmol_kg,0-5cm,10.6
5213087,cec_cmol_kg,5-15cm,10.1
5213087,cec_cmol_kg,15-30cm,8.6
5213087,cec_cmol_kg,30-60cm,8.3
5213087,cec_cmol_kg,60-100cm,7.8
5213772,clay_pct,0-5cm,23.2
5213772,clay_pct,5-15cm,25.3
5213772,clay_pct,15-30cm,29.3
5213772,clay_pct,30-60cm,34.5
5213772,clay_pct,60-100cm,35.2
5213772,sand_pct,0-5cm,60.4
5213772,sand_pct,5-15cm,58.9
5213772,sand_pct,15-30cm,55.4
5213772,sand_pct,30-60cm,50.9
5213772,sand_pct,60-100cm,50.5
5213772,silt_pct,0-5cm,16.4
5213772,silt_pct,5-15cm,15.8
5213772,silt_pct,15-30cm,15.3
5213772,silt_pct,30-60cm,14.6
5213772,silt_pct,60-100cm,14.3
5213772,ph_h2o,0-5cm,5.5
5213772,ph_h2o,5-15cm,5.6
5213772,ph_h2o,15-30cm,5.6
5213772,ph_h2o,30-60cm,5.6
5213772,ph_h2o,60-100cm,5.6
5213772,cec_cmol_kg,0-5cm,10.5
5213772,cec_cmol_kg,5-15cm,8.7
5213772,cec_cmol_kg,15-30cm,7.5
5213772,cec_cmol_kg,30-60cm,6.9
5213772,cec_cmol_kg,60-100cm,6.7
5213509,clay_pct,0-5cm,39.1
5213509,clay_pct,5-15cm,40.9
5213509,clay_pct,15-30cm,40.0
5213509,clay_pct,30-60cm,43.1
5213509,clay_pct,60-100cm,44.9
5213509,sand_pct,0-5cm,24.3
5213509,sand_pct,5-15cm,23.7
5213509,sand_pct,15-30cm,24.1
5213509,sand_pct,30-60cm,23.1
5213509,sand_pct,60-100cm,22.3
5213509,silt_pct,0-5cm,36.6
5213509,silt_pct,5-15cm,35.4
5213509,silt_pct,15-30cm,35.9
5213509,silt_pct,30-60cm,33.8
5213509,silt_pct,60-100cm,32.8
5213509,soc_pct,0-5cm,2.06
5213509,soc_pct,5-15cm,1.81
5213509,soc_pct,15-30cm,1.04
5213509,soc_pct,30-60cm,0.59
5213509,soc_pct,60-100cm,0.45
5213509,ph_h2o,0-5cm,5.9
5213509,ph_h2o,5-15cm,6.0
5213509,ph_h2o,15-30cm,5.9
5213509,ph_h2o,30-60cm,5.9
5213509,ph_h2o,60-100cm,5.9
5213509,bd_kg_dm3,0-5cm,1.29
5213509,bd_kg_dm3,5-15cm,1.33
5213509,bd_kg_dm3,15-30cm,1.31
5213509,bd_kg_dm3,30-60cm,1.32
5213509,bd_kg_dm3,60-100cm,1.29
5213509,cec_cmol_kg,0-5cm,12.9
5213509,cec_cmol_kg,5-15cm,11.9
5213509,cec_cmol_kg,15-30cm,10.0
5213509,cec_cmol_kg,30-60cm,9.3
5213509,cec_cmol_kg,60-100cm,8.9
5213756,clay_pct,0-5cm,39.6
5213756,clay_pct,5-15cm,42.0
5213756,clay_pct,15-30cm,43.8
5213756,clay_pct,30-60cm,47.3
5213756,clay_pct,60-100cm,48.7
5213756,sand_pct,0-5cm,40.1
5213756,sand_pct,5-15cm,39.7
5213756,sand_pct,15-30cm,38.2
5213756,sand_pct,30-60cm,35.8
5213756,sand_pct,60-100cm,35.0
5213756,soc_pct,0-5cm,2.54
5213756,soc_pct,5-15cm,1.98
5213756,soc_pct,15-30cm,1.36
5213756,soc_pct,30-60cm,0.97
5213756,soc_pct,60-100cm,0.67
5213756,ph_h2o,0-5cm,5.1
5213756,ph_h2o,5-15cm,5.2
5213756,ph_h2o,15-30cm,5.2
5213756,ph_h2o,30-60cm,5.3
5213756,ph_h2o,60-100cm,5.4
5213756,cec_cmol_kg,0-5cm,12.4
5213756,cec_cmol_kg,5-15cm,11.6
5213756,cec_cmol_kg,15-30cm,10.5
5213756,cec_cmol_kg,30-60cm,10.8
5213756,cec_cmol_kg,60-100cm,10.6
5213707,clay_pct,0-5cm,21.8
5213707,clay_pct,5-15cm,22.8
5213707,clay_pct,15-30cm,29.1
5213707,clay_pct,30-60cm,28.8
5213707,clay_pct,60-100cm,28.3
5213707,sand_pct,0-5cm,61.3
5213707,sand_pct,5-15cm,61.7
5213707,sand_pct,15-30cm,56.5
5213707,sand_pct,30-60cm,56.6
5213707,sand_pct,60-100cm,57.2
5213707,soc_pct,0-5cm,2.17
5213707,soc_pct,5-15cm,1.77
5213707,soc_pct,15-30cm,1.18
5213707,soc_pct,30-60cm,0.63
5213707,soc_pct,60-100cm,0.38
5213707,bd_kg_dm3,0-5cm,1.25
5213707,bd_kg_dm3,5-15cm,1.28
5213707,bd_kg_dm3,15-30cm,1.3
5213707,bd_kg_dm3,30-60cm,1.33
5213707,bd_kg_dm3,60-100cm,1.35
5213707,cec_cmol_kg,0-5cm,10.0
5213707,cec_cmol_kg,5-15cm,9.6
5213707,cec_cmol_kg,15-30cm,8.6
5213707,cec_cmol_kg,30-60cm,8.2
5213707,cec_cmol_kg,60-100cm,7.7
5213806,clay_pct,0-5cm,37.4
5213806,clay_pct,5-15cm,39.1
5213806,clay_pct,15-30cm,41.9
5213806,clay_pct,30-60cm,44.4
5213806,clay_pct,60-100cm,47.7
5213806,sand_pct,0-5cm,39.9
5213806,sand_pct,5-15cm,41.0
5213806,sand_pct,15-30cm,38.8
5213806,sand_pct,30-60cm,36.8
5213806,sand_pct,60-100cm,35.1
5213806,soc_pct,0-5cm,1.88
5213806,soc_pct,5-15cm,1.99
5213806,soc_pct,15-30cm,1.12
5213806,soc_pct,30-60cm,0.72
5213806,soc_pct,60-100cm,0.61
5213806,ph_h2o,0-5cm,5.5
5213806,ph_h2o,5-15cm,5.5
5213806,ph_h2o,15-30cm,5.5
5213806,ph_h2o,30-60cm,5.6
5213806,ph_h2o,60-100cm,5.6
5213806,cec_cmol_kg,0-5cm,10.0
5213806,cec_cmol_kg,5-15cm,9.0
5213806,cec_cmol_kg,15-30cm,7.5
5213806,cec_cmol_kg,30-60cm,7.1
5213806,cec_cmol_kg,60-100cm,6.5
5213855,clay_pct,0-5cm,32.1
5213855,clay_pct,5-15cm,33.7
5213855,clay_pct,15-30cm,38.2
5213855,clay_pct,30-60cm,44.4
5213855,clay_pct,60-100cm,44.8
5213855,sand_pct,0-5cm,43.4
5213855,sand_pct,5-15cm,43.5
5213855,sand_pct,15-30cm,40.2
5213855,sand_pct,30-60cm,35.5
5213855,sand_pct,60-100cm,35.2
5213855,silt_pct,0-5cm,24.5
5213855,silt_pct,5-15cm,22.8
5213855,silt_pct,15-30cm,21.6
5213855,silt_pct,30-60cm,20.1
5213855,silt_pct,60-100cm,20.0
5213855,soc_pct,0-5cm,2.24
5213855,soc_pct,5-15cm,2.21
5213855,soc_pct,15-30cm,1.09
5213855,soc_pct,30-60cm,0.67
5213855,soc_pct,60-100cm,0.52
5213905,silt_pct,0-5cm,24.5
5213905,silt_pct,5-15cm,20.6
5213905,silt_pct,15-30cm,19.8
5213905,silt_pct,30-60cm,18.2
5213905,silt_pct,60-100cm,17.2
5213905,soc_pct,0-5cm,2.46
5213905,soc_pct,5-15cm,2.37
5213905,soc_pct,15-30cm,1.29
5213905,soc_pct,30-60cm,0.76
5213905,soc_pct,60-100cm,0.63
5213905,ph_h2o,0-5cm,5.8
5213905,ph_h2o,5-15cm,5.8
5213905,ph_h2o,15-30cm,5.8
5213905,ph_h2o,30-60cm,5.9
5213905,ph_h2o,60-100cm,6.0
5213905,cec_cmol_kg,0-5cm,12.0
5213905,cec_cmol_kg,5-15cm,11.0
5213905,cec_cmol_kg,15-30cm,8.8
5213905,cec_cmol_kg,30-60cm,7.8
5213905,cec_cmol_kg,60-100cm,7.1
5214002,silt_pct,0-5cm,14.1
5214002,silt_pct,5-15cm,14.6
5214002,silt_pct,15-30cm,13.2
5214002,silt_pct,30-60cm,12.9
5214002,silt_pct,60-100cm,11.4
5214002,ph_h2o,0-5cm,5.6
5214002,ph_h2o,5-15cm,5.6
5214002,ph_h2o,15-30cm,5.7
5214002,ph_h2o,30-60cm,5.7
5214002,ph_h2o,60-100cm,5.8
5214002,bd_kg_dm3,0-5cm,1.28
5214002,bd_kg_dm3,5-15cm,1.32
5214002,bd_kg_dm3,15-30cm,1.32
5214002,bd_kg_dm3,30-60cm,1.33
5214002,bd_kg_dm3,60-100cm,1.35
5214002,cec_cmol_kg,0-5cm,11.6
5214002,cec_cmol_kg,5-15cm,10.6
5214002,cec_cmol_kg,15-30cm,9.8
5214002,cec_cmol_kg,30-60cm,9.6
5214002,cec_cmol_kg,60-100cm,8.9
5214101,sand_pct,0-5cm,59.1
5214101,sand_pct,5-15cm,57.1
5214101,sand_pct,15-30cm,52.9
5214101,sand_pct,30-60cm,47.0
5214101,sand_pct,60-100cm,47.2
5214101,silt_pct,0-5cm,18.5
5214101,silt_pct,5-15cm,18.6
5214101,silt_pct,15-30cm,17.3
5214101,silt_pct,30-60cm,16.5
5214101,silt_pct,60-100cm,15.0
5214101,ph_h2o,0-5cm,5.5
5214101,ph_h2o,5-15cm,5.5
5214101,ph_h2o,15-30cm,5.5
5214101,ph_h2o,30-60cm,5.5
5214101,ph_h2o,60-100cm,5.6
5214101,cec_cmol_kg,0-5cm,10.3
5214101,cec_cmol_kg,5-15cm,9.1
5214101,cec_cmol_kg,15-30cm,7.6
5214101,cec_cmol_kg,30-60cm,6.8
5214101,cec_cmol_kg,60-100cm,6.1
5214051,clay_pct,0-5cm,23.0
5214051,clay_pct,5-15cm,25.5
5214051,clay_pct,15-30cm,27.9
5214051,clay_pct,30-60cm,32.6
5214051,clay_pct,60-100cm,33.7
5214051,silt_pct,0-5cm,15.3
5214051,silt_pct,5-15cm,16.1
5214051,silt_pct,15-30cm,14.7
5214051,silt_pct,30-60cm,13.7
5214051,silt_pct,60-100cm,11.8
5214051,bd_kg_dm3,0-5cm,1.27
5214051,bd_kg_dm3,5-15cm,1.3
5214051,bd_kg_dm3,15-30cm,1.33
5214051,bd_kg_dm3,30-60cm,1.33
5214051,bd_kg_dm3,60-100cm,1.34
5214051,cec_cmol_kg,0-5cm,9.5
5214051,cec_cmol_kg,5-15cm,8.7
5214051,cec_cmol_kg,15-30cm,7.5
5214051,cec_cmol_kg,30-60cm,6.9
5214051,cec_cmol_kg,60-100cm,6.2
5214408,bd_kg_dm3,0-5cm,1.27
5214408,bd_kg_dm3,5-15cm,1.29
5214408,bd_kg_dm3,15-30cm,1.33
5214408,bd_kg_dm3,30-60cm,1.31
5214408,bd_kg_dm3,60-100cm,1.3
5214408,cec_cmol_kg,0-5cm,11.4
5214408,cec_cmol_kg,5-15cm,10.1
5214408,cec_cmol_kg,15-30cm,8.2
5214408,cec_cmol_kg,30-60cm,7.5
5214408,cec_cmol_kg,60-100cm,6.6
5214507,clay_pct,0-5cm,33.9
5214507,clay_pct,5-15cm,37.0
5214507,clay_pct,15-30cm,39.5
5214507,clay_pct,30-60cm,44.8
5214507,clay_pct,60-100cm,45.7
5214507,sand_pct,0-5cm,42.1
5214507,sand_pct,5-15cm,44.1
5214507,sand_pct,15-30cm,42.0
5214507,sand_pct,30-60cm,37.7
5214507,sand_pct,60-100cm,36.8
5214507,soc_pct,0-5cm,2.38
5214507,soc_pct,5-15cm,2.36
5214507,soc_pct,15-30cm,1.31
5214507,soc_pct,30-60cm,1.02
5214507,soc_pct,60-100cm,0.66
5214507,ph_h2o,0-5cm,5.6
5214507,ph_h2o,5-15cm,5.6
5214507,ph_h2o,15-30cm,5.6
5214507,ph_h2o,30-60cm,5.6
5214507,ph_h2o,60-100cm,5.7
5214507,bd_kg_dm3,0-5cm,1.25
5214507,bd_kg_dm3,5-15cm,1.27
5214507,bd_kg_dm3,15-30cm,1.29
5214507,bd_kg_dm3,30-60cm,1.32
5214507,bd_kg_dm3,60-100cm,1.32
5214606,silt_pct,0-5cm,24.7
5214606,silt_pct,5-15cm,25.0
5214606,silt_pct,15-30cm,24.4
5214606,silt_pct,30-60cm,24.5
5214606,silt_pct,60-100cm,22.7
5214606,soc_pct,0-5cm,2.29
5214606,soc_pct,5-15cm,1.9
5214606,soc_pct,15-30cm,1.13
5214606,soc_pct,30-60cm,0.65
5214606,soc_pct,60-100cm,0.51
5214606,bd_kg_dm3,0-5cm,1.32
5214606,bd_kg_dm3,5-15cm,1.32
5214606,bd_kg_dm3,15-30cm,1.35
5214606,bd_kg_dm3,30-60cm,1.33
5214606,bd_kg_dm3,60-100cm,1.32
5214606,cec_cmol_kg,0-5cm,10.2
5214606,cec_cmol_kg,5-15cm,9.6
5214606,cec_cmol_kg,15-30cm,8.2
5214606,cec_cmol_kg,30-60cm,7.5
5214606,cec_cmol_kg,60-100cm,7.3
5214705,sand_pct,0-5cm,42.5
5214705,sand_pct,5-15cm,38.8
5214705,sand_pct,15-30cm,35.6
5214705,sand_pct,30-60cm,30.6
5214705,sand_pct,60-100cm,30.1
5214705,ph_h2o,0-5cm,5.5
5214705,ph_h2o,5-15cm,5.5
5214705,ph_h2o,15-30cm,5.5
5214705,ph_h2o,30-60cm,5.5
5214705,ph_h2o,60-100cm,5.6
5214705,bd_kg_dm3,0-5cm,1.23
5214705,bd_kg_dm3,5-15cm,1.28
5214705,bd_kg_dm3,15-30cm,1.3
5214705,bd_kg_dm3,30-60cm,1.28
5214705,bd_kg_dm3,60-100cm,1.27
5214705,cec_cmol_kg,0-5cm,11.0
5214705,cec_cmol_kg,5-15cm,10.2
5214705,cec_cmol_kg,15-30cm,9.1
5214705,cec_cmol_kg,30-60cm,8.7
5214705,cec_cmol_kg,60-100cm,8.5
5214804,clay_pct,0-5cm,34.6
5214804,clay_pct,5-15cm,38.3
5214804,clay_pct,15-30cm,39.8
5214804,clay_pct,30-60cm,45.1
5214804,clay_pct,60-100cm,48.4
5214804,sand_pct,0-5cm,40.7
5214804,sand_pct,5-15cm,38.9
5214804,sand_pct,15-30cm,37.7
5214804,sand_pct,30-60cm,33.5
5214804,sand_pct,60-100cm,31.5
5214804,silt_pct,0-5cm,24.7
5214804,silt_pct,5-15cm,22.8
5214804,silt_pct,15-30cm,22.5
5214804,silt_pct,30-60cm,21.3
5214804,silt_pct,60-100cm,20.0
5214804,ph_h2o,0-5cm,5.5
5214804,ph_h2o,5-15cm,5.5
5214804,ph_h2o,15-30cm,5.5
5214804,ph_h2o,30-60cm,5.5
5214804,ph_h2o,60-100cm,5.7
5214804,bd_kg_dm3,0-5cm,1.27
5214804,bd_kg_dm3,5-15cm,1.29
5214804,bd_kg_dm3,15-30cm,1.31
5214804,bd_kg_dm3,30-60cm,1.28
5214804,bd_kg_dm3,60-100cm,1.27
5214804,cec_cmol_kg,0-5cm,8.4
5214804,cec_cmol_kg,5-15cm,7.2
5214804,cec_cmol_kg,15-30cm,5.6
5214804,cec_cmol_kg,30-60cm,4.8
5214804,cec_cmol_kg,60-100cm,4.0
5214861,clay_pct,0-5cm,31.8
5214861,clay_pct,5-15cm,34.6
5214861,clay_pct,15-30cm,37.4
5214861,clay_pct,30-60cm,49.3
5214861,clay_pct,60-100cm,48.4
5214861,sand_pct,0-5cm,41.6
5214861,sand_pct,5-15cm,39.2
5214861,sand_pct,15-30cm,37.6
5214861,sand_pct,30-60cm,30.3
5214861,sand_pct,60-100cm,31.1
5214861,soc_pct,0-5cm,2.16
5214861,soc_pct,5-15cm,1.91
5214861,soc_pct,15-30cm,1.11
5214861,soc_pct,30-60cm,0.58
5214861,soc_pct,60-100cm,0.54
5214861,ph_h2o,0-5cm,5.5
5214861,ph_h2o,5-15cm,5.5
5214861,ph_h2o,15-30cm,5.5
5214861,ph_h2o,30-60cm,5.6
5214861,ph_h2o,60-100cm,5.6
5214861,bd_kg_dm3,0-5cm,1.32
5214861,bd_kg_dm3,5-15cm,1.35
5214861,bd_kg_dm3,15-30cm,1.34
5214861,bd_kg_dm3,30-60cm,1.32
5214861,bd_kg_dm3,60-100cm,1.28
5214861,cec_cmol_kg,0-5cm,9.0
5214861,cec_cmol_kg,5-15cm,8.7
5214861,cec_cmol_kg,15-30cm,6.2
5214861,cec_cmol_kg,30-60cm,6.2
5214861,cec_cmol_kg,60-100cm,5.6
5214838,soc_pct,0-5cm,1.88
5214838,soc_pct,5-15cm,1.68
5214838,soc_pct,15-30cm,1.07
5214838,soc_pct,30-60cm,0.57
5214838,soc_pct,60-100cm,0.38
5214838,bd_kg_dm3,0-5cm,1.27
5214838,bd_kg_dm3,5-15cm,1.3
5214838,bd_kg_dm3,15-30cm,1.33
5214838,bd_kg_dm3,30-60cm,1.34
5214838,bd_kg_dm3,60-100cm,1.34
5214838,cec_cmol_kg,0-5cm,11.0
5214838,cec_cmol_kg,5-15cm,9.2
5214838,cec_cmol_kg,15-30cm,7.7
5214838,cec_cmol_kg,30-60cm,7.9
5214838,cec_cmol_kg,60-100cm,7.4
5214879,sand_pct,0-5cm,42.4
5214879,sand_pct,5-15cm,39.5
5214879,sand_pct,15-30cm,36.5
5214879,sand_pct,30-60cm,33.5
5214879,sand_pct,60-100cm,32.6
5214879,silt_pct,0-5cm,27.6
5214879,silt_pct,5-15cm,26.7
5214879,silt_pct,15-30cm,25.1
5214879,silt_pct,30-60cm,23.7
5214879,silt_pct,60-100cm,24.0
5214879,ph_h2o,0-5cm,5.7
5214879,ph_h2o,5-15cm,5.7
5214879,ph_h2o,15-30cm,5.7
5214879,ph_h2o,30-60cm,5.7
5214879,ph_h2o,60-100cm,5.8
5214879,bd_kg_dm3,0-5cm,1.33
5214879,bd_kg_dm3,5-15cm,1.35
5214879,bd_kg_dm3,15-30cm,1.36
5214879,bd_kg_dm3,30-60cm,1.34
5214879,bd_kg_dm3,60-100cm,1.3
5214879,cec_cmol_kg,0-5cm,11.5
5214879,cec_cmol_kg,5-15cm,11.8
5214879,cec_cmol_kg,15-30cm,10.5
5214879,cec_cmol_kg,30-60cm,10.6
5214879,cec_cmol_kg,60-100cm,10.2
5214903,sand_pct,0-5cm,37.6
5214903,sand_pct,5-15cm,37.2
5214903,sand_pct,15-30cm,35.4
5214903,sand_pct,30-60cm,27.9
5214903,sand_pct,60-100cm,27.6
5214903,silt_pct,0-5cm,27.1
5214903,silt_pct,5-15cm,27.1
5214903,silt_pct,15-30cm,26.1
5214903,silt_pct,30-60cm,21.3
5214903,silt_pct,60-100cm,20.9
5214903,soc_pct,0-5cm,3.14
5214903,soc_pct,5-15cm,2.28
5214903,soc_pct,15-30cm,1.42
5214903,soc_pct,30-60cm,1.08
5214903,soc_pct,60-100cm,0.53
5214903,bd_kg_dm3,0-5cm,1.24
5214903,bd_kg_dm3,5-15cm,1.26
5214903,bd_kg_dm3,15-30cm,1.28
5214903,bd_kg_dm3,30-60cm,1.26
5214903,bd_kg_dm3,60-100cm,1.27
5214903,cec_cmol_kg,0-5cm,10.7
5214903,cec_cmol_kg,5-15cm,9.4
5214903,cec_cmol_kg,15-30cm,7.0
5214903,cec_cmol_kg,30-60cm,6.8
5214903,cec_cmol_kg,60-100cm,6.1
5215231,clay_pct,0-5cm,46.9
5215231,clay_pct,5-15cm,48.1
5215231,clay_pct,15-30cm,48.9
5215231,clay_pct,30-60cm,52.3
5215231,clay_pct,60-100cm,53.1
5215231,sand_pct,0-5cm,27.5
5215231,sand_pct,5-15cm,27.1
5215231,sand_pct,15-30cm,26.2
5215231,sand_pct,30-60cm,24.4
5215231,sand_pct,60-100cm,24.3
5215231,silt_pct,0-5cm,25.6
5215231,silt_pct,5-15cm,24.8
5215231,silt_pct,15-30cm,24.9
5215231,silt_pct,30-60cm,23.3
5215231,silt_pct,60-100cm,22.6
5215231,soc_pct,0-5cm,2.85
5215231,soc_pct,5-15cm,2.48
5215231,soc_pct,15-30cm,1.44
5215231,soc_pct,30-60cm,0.78
5215231,soc_pct,60-100cm,0.59
5215231,ph_h2o,0-5cm,5.2
5215231,ph_h2o,5-15cm,5.2
5215231,ph_h2o,15-30cm,5.2
5215231,ph_h2o,30-60cm,5.2
5215231,ph_h2o,60-100cm,5.3
5215231,bd_kg_dm3,0-5cm,1.22
5215231,bd_kg_dm3,5-15cm,1.23
5215231,bd_kg_dm3,15-30cm,1.23
5215231,bd_kg_dm3,30-60cm,1.22
5215231,bd_kg_dm3,60-100cm,1.19
5215231,cec_cmol_kg,0-5cm,12.2
5215231,cec_cmol_kg,5-15cm,10.1
5215231,cec_cmol_kg,15-30cm,8.4
5215231,cec_cmol_kg,30-60cm,7.9
5215231,cec_cmol_kg,60-100cm,7.5
5215009,sand_pct,0-5cm,38.1
5215009,sand_pct,5-15cm,40.8
5215009,sand_pct,15-30cm,39.5
5215009,sand_pct,30-60cm,37.2
5215009,sand_pct,60-100cm,37.0
5215009,silt_pct,0-5cm,22.1
5215009,silt_pct,5-15cm,18.1
5215009,silt_pct,15-30cm,17.4
5215009,silt_pct,30-60cm,16.6
5215009,silt_pct,60-100cm,16.6
5215009,soc_pct,0-5cm,2.47
5215009,soc_pct,5-15cm,2.3
5215009,soc_pct,15-30cm,1.51
5215009,soc_pct,30-60cm,0.9
5215009,soc_pct,60-100cm,0.64
5215009,ph_h2o,0-5cm,5.6
5215009,ph_h2o,5-15cm,5.6
5215009,ph_h2o,15-30cm,5.6
5215009,ph_h2o,30-60cm,5.6
5215009,ph_h2o,60-100cm,5.7
5215009,bd_kg_dm3,0-5cm,1.3
5215009,bd_kg_dm3,5-15cm,1.32
5215009,bd_kg_dm3,15-30cm,1.34
5215009,bd_kg_dm3,30-60cm,1.3
5215009,bd_kg_dm3,60-100cm,1.29
5215009,cec_cmol_kg,0-5cm,10.8
5215009,cec_cmol_kg,5-15cm,9.1
5215009,cec_cmol_kg,15-30cm,6.8
5215009,cec_cmol_kg,30-60cm,5.8
5215009,cec_cmol_kg,60-100cm,5.3
5215207,clay_pct,0-5cm,28.2
5215207,clay_pct,5-15cm,30.4
5215207,clay_pct,15-30cm,32.6
5215207,clay_pct,30-60cm,34.7
5215207,clay_pct,60-100cm,35.0
5215207,silt_pct,0-5cm,21.9
5215207,silt_pct,5-15cm,20.2
5215207,silt_pct,15-30cm,19.6
5215207,silt_pct,30-60cm,18.7
5215207,silt_pct,60-100cm,18.1
5215207,soc_pct,0-5cm,2.39
5215207,soc_pct,5-15cm,2.13
5215207,soc_pct,15-30cm,1.25
5215207,soc_pct,30-60cm,0.68
5215207,soc_pct,60-100cm,0.54
5215207,ph_h2o,0-5cm,5.6
5215207,ph_h2o,5-15cm,5.6
5215207,ph_h2o,15-30cm,5.6
5215207,ph_h2o,30-60cm,5.6
5215207,ph_h2o,60-100cm,5.7
5215207,bd_kg_dm3,0-5cm,1.26
5215207,bd_kg_dm3,5-15cm,1.29
5215207,bd_kg_dm3,15-30cm,1.32
5215207,bd_kg_dm3,30-60cm,1.3
5215207,bd_kg_dm3,60-100cm,1.3
5215207,cec_cmol_kg,0-5cm,11.5
5215207,cec_cmol_kg,5-15cm,11.2
5215207,cec_cmol_kg,15-30cm,8.9
5215207,cec_cmol_kg,30-60cm,8.6
5215207,cec_cmol_kg,60-100cm,8.2
5215306,clay_pct,0-5cm,33.4
5215306,clay_pct,5-15cm,37.5
5215306,clay_pct,15-30cm,41.6
5215306,clay_pct,30-60cm,46.6
5215306,clay_pct,60-100cm,47.0
5215306,sand_pct,0-5cm,43.0
5215306,sand_pct,5-15cm,40.2
5215306,sand_pct,15-30cm,37.6
5215306,sand_pct,30-60cm,33.7
5215306,sand_pct,60-100cm,32.7
5215306,silt_pct,0-5cm,23.6
5215306,silt_pct,5-15cm,22.3
5215306,silt_pct,15-30cm,20.8
5215306,silt_pct,30-60cm,19.7
5215306,silt_pct,60-100cm,20.3
5215306,soc_pct,0-5cm,2.82
5215306,soc_pct,5-15cm,2.01
5215306,soc_pct,15-30cm,1.44
5215306,soc_pct,30-60cm,0.75
5215306,soc_pct,60-100cm,0.55
5215306,ph_h2o,0-5cm,5.4
5215306,ph_h2o,5-15cm,5.4
5215306,ph_h2o,15-30cm,5.5
5215306,ph_h2o,30-60cm,5.5
5215306,ph_h2o,60-100cm,5.6
5215306,bd_kg_dm3,0-5cm,1.24
5215306,bd_kg_dm3,5-15cm,1.24
5215306,bd_kg_dm3,15-30cm,1.25
5215306,bd_kg_dm3,30-60cm,1.26
5215306,bd_kg_dm3,60-100cm,1.27
5215306,cec_cmol_kg,0-5cm,9.8
5215306,cec_cmol_kg,5-15cm,8.5
5215306,cec_cmol_kg,15-30cm,6.6
5215306,cec_cmol_kg,30-60cm,5.6
5215306,cec_cmol_kg,60-100cm,4.7
5215256,clay_pct,0-5cm,19.8
5215256,clay_pct,5-15cm,22.5
5215256,clay_pct,15-30cm,23.8
5215256,clay_pct,30-60cm,30.3
5215256,clay_pct,60-100cm,31.0
5215256,sand_pct,0-5cm,67.2
5215256,sand_pct,5-15cm,62.3
5215256,sand_pct,15-30cm,62.0
5215256,sand_pct,30-60cm,56.0
5215256,sand_pct,60-100cm,55.8
5215256,silt_pct,0-5cm,13.0
5215256,silt_pct,5-15cm,15.2
5215256,silt_pct,15-30cm,14.2
5215256,silt_pct,30-60cm,13.7
5215256,silt_pct,60-100cm,13.2
5215256,ph_h2o,0-5cm,5.4
5215256,ph_h2o,5-15cm,5.5
5215256,ph_h2o,15-30cm,5.5
5215256,ph_h2o,30-60cm,5.5
5215256,ph_h2o,60-100cm,5.6
5215256,bd_kg_dm3,0-5cm,1.26
5215256,bd_kg_dm3,5-15cm,1.33
5215256,bd_kg_dm3,15-30cm,1.33
5215256,bd_kg_dm3,30-60cm,1.36
5215256,bd_kg_dm3,60-100cm,1.36
5215256,cec_cmol_kg,0-5cm,9.4
5215256,cec_cmol_kg,5-15cm,8.6
5215256,cec_cmol_kg,15-30cm,6.5
5215256,cec_cmol_kg,30-60cm,6.1
5215256,cec_cmol_kg,60-100cm,5.5
5215504,clay_pct,0-5cm,36.7
5215504,clay_pct,5-15cm,38.0
5215504,clay_pct,15-30cm,39.6
5215504,clay_pct,30-60cm,41.7
5215504,clay_pct,60-100cm,42.4
5215504,sand_pct,0-5cm,41.5
5215504,sand_pct,5-15cm,40.1
5215504,sand_pct,15-30cm,39.2
5215504,sand_pct,30-60cm,38.0
5215504,sand_pct,60-100cm,37.4
5215504,silt_pct,0-5cm,21.8
5215504,silt_pct,5-15cm,21.9
5215504,silt_pct,15-30cm,21.2
5215504,silt_pct,30-60cm,20.3
5215504,silt_pct,60-100cm,20.2
5215504,soc_pct,0-5cm,2.59
5215504,soc_pct,5-15cm,1.77
5215504,soc_pct,15-30cm,1.46
5215504,soc_pct,30-60cm,0.86
5215504,soc_pct,60-100cm,0.49
5215504,ph_h2o,0-5cm,5.4
5215504,ph_h2o,5-15cm,5.4
5215504,ph_h2o,15-30cm,5.4
5215504,ph_h2o,30-60cm,5.5
5215504,ph_h2o,60-100cm,5.6
5215504,bd_kg_dm3,0-5cm,1.28
5215504,bd_kg_dm3,5-15cm,1.3
5215504,bd_kg_dm3,15-30cm,1.32
5215504,bd_kg_dm3,30-60cm,1.3
5215504,bd_kg_dm3,60-100cm,1.27
5215504,cec_cmol_kg,0-5cm,11.5
5215504,cec_cmol_kg,5-15cm,10.1
5215504,cec_cmol_kg,15-30cm,9.1
5215504,cec_cmol_kg,30-60cm,8.2
5215504,cec_cmol_kg,60-100cm,7.9
5215405,sand_pct,0-5cm,43.4
5215405,sand_pct,5-15cm,44.7
5215405,sand_pct,15-30cm,42.6
5215405,sand_pct,30-60cm,39.7
5215405,sand_pct,60-100cm,40.0
5215405,silt_pct,0-5cm,23.5
5215405,silt_pct,5-15cm,17.5
5215405,silt_pct,15-30cm,16.9
5215405,silt_pct,30-60cm,16.0
5215405,silt_pct,60-100cm,15.7
5215405,soc_pct,0-5cm,4.0
5215405,soc_pct,5-15cm,2.4
5215405,soc_pct,15-30cm,1.89
5215405,soc_pct,30-60cm,1.25
5215405,soc_pct,60-100cm,1.29
5215405,bd_kg_dm3,0-5cm,1.22
5215405,bd_kg_dm3,5-15cm,1.24
5215405,bd_kg_dm3,15-30cm,1.26
5215405,bd_kg_dm3,30-60cm,1.24
5215405,bd_kg_dm3,60-100cm,1.25
5215405,cec_cmol_kg,0-5cm,9.6
5215405,cec_cmol_kg,5-15cm,8.7
5215405,cec_cmol_kg,15-30cm,5.9
5215405,cec_cmol_kg,30-60cm,4.9
5215405,cec_cmol_kg,60-100cm,3.8
5215652,clay_pct,0-5cm,28.0
5215652,clay_pct,5-15cm,31.5
5215652,clay_pct,15-30cm,34.3
5215652,clay_pct,30-60cm,37.3
5215652,clay_pct,60-100cm,38.9
5215652,sand_pct,0-5cm,53.4
5215652,sand_pct,5-15cm,53.1
5215652,sand_pct,15-30cm,51.1
5215652,sand_pct,30-60cm,48.3
5215652,sand_pct,60-100cm,47.6
5215652,silt_pct,0-5cm,18.6
5215652,silt_pct,5-15cm,15.4
5215652,silt_pct,15-30cm,14.6
5215652,silt_pct,30-60cm,14.4
5215652,silt_pct,60-100cm,13.6
5215652,soc_pct,0-5cm,3.4
5215652,soc_pct,5-15cm,1.82
5215652,soc_pct,15-30cm,1.25
5215652,soc_pct,30-60cm,0.74
5215652,soc_pct,60-100cm,0.58
5215652,ph_h2o,0-5cm,5.5
5215652,ph_h2o,5-15cm,5.4
5215652,ph_h2o,15-30cm,5.5
5215652,ph_h2o,30-60cm,5.5
5215652,ph_h2o,60-100cm,5.6
5215652,bd_kg_dm3,0-5cm,1.23
5215652,bd_kg_dm3,5-15cm,1.24
5215652,bd_kg_dm3,15-30cm,1.27
5215652,bd_kg_dm3,30-60cm,1.27
5215652,bd_kg_dm3,60-100cm,1.28
5215652,cec_cmol_kg,0-5cm,9.8
5215652,cec_cmol_kg,5-15cm,8.5
5215652,cec_cmol_kg,15-30cm,6.8
5215652,cec_cmol_kg,30-60cm,6.0
5215652,cec_cmol_kg,60-100cm,5.3
5215702,clay_pct,0-5cm,28.1
5215702,clay_pct,5-15cm,30.9
5215702,clay_pct,15-30cm,33.7
5215702,clay_pct,30-60cm,40.8
5215702,clay_pct,60-100cm,41.0
5215702,sand_pct,0-5cm,46.7
5215702,sand_pct,5-15cm,47.0
5215702,sand_pct,15-30cm,45.5
5215702,sand_pct,30-60cm,41.0
5215702,sand_pct,60-100cm,41.2
5215702,silt_pct,0-5cm,25.2
5215702,silt_pct,5-15cm,22.1
5215702,silt_pct,15-30cm,20.8
5215702,silt_pct,30-60cm,18.2
5215702,silt_pct,60-100cm,17.7
5215702,soc_pct,0-5cm,2.29
5215702,soc_pct,5-15cm,2.13
5215702,soc_pct,15-30cm,1.19
5215702,soc_pct,30-60cm,0.82
5215702,soc_pct,60-100cm,0.45
5215702,ph_h2o,0-5cm,5.6
5215702,ph_h2o,5-15cm,5.6
5215702,ph_h2o,15-30cm,5.6
5215702,ph_h2o,30-60cm,5.7
5215702,ph_h2o,60-100cm,5.8
5215702,bd_kg_dm3,0-5cm,1.29
5215702,bd_kg_dm3,5-15cm,1.3
5215702,bd_kg_dm3,15-30cm,1.34
5215702,bd_kg_dm3,30-60cm,1.33
5215702,bd_kg_dm3,60-100cm,1.3
5215702,cec_cmol_kg,0-5cm,9.8
5215702,cec_cmol_kg,5-15cm,9.0
5215702,cec_cmol_kg,15-30cm,6.6
5215702,cec_cmol_kg,30-60cm,5.9
5215702,cec_cmol_kg,60-100cm,5.1
5215603,sand_pct,0-5cm,28.8
5215603,sand_pct,5-15cm,29.6
5215603,sand_pct,15-30cm,27.1
5215603,sand_pct,30-60cm,22.0
5215603,sand_pct,60-100cm,21.7
5215603,silt_pct,0-5cm,30.2
5215603,silt_pct,5-15cm,29.9
5215603,silt_pct,15-30cm,27.8
5215603,silt_pct,30-60cm,23.2
5215603,silt_pct,60-100cm,23.6
5215603,soc_pct,0-5cm,2.64
5215603,soc_pct,5-15cm,2.18
5215603,soc_pct,15-30cm,1.12
5215603,soc_pct,30-60cm,0.72
5215603,soc_pct,60-100cm,0.59
5215603,ph_h2o,0-5cm,5.3
5215603,ph_h2o,5-15cm,5.3
5215603,ph_h2o,15-30cm,5.3
5215603,ph_h2o,30-60cm,5.3
5215603,ph_h2o,60-100cm,5.4
5215603,bd_kg_dm3,0-5cm,1.26
5215603,bd_kg_dm3,5-15cm,1.27
5215603,bd_kg_dm3,15-30cm,1.28
5215603,bd_kg_dm3,30-60cm,1.25
5215603,bd_kg_dm3,60-100cm,1.25
5215603,cec_cmol_kg,0-5cm,10.3
5215603,cec_cmol_kg,5-15cm,10.4
5215603,cec_cmol_kg,15-30cm,8.1
5215603,cec_cmol_kg,30-60cm,7.0
5215603,cec_cmol_kg,60-100cm,6.2
5215900,clay_pct,0-5cm,32.4
5215900,clay_pct,5-15cm,33.5
5215900,clay_pct,15-30cm,36.4
5215900,clay_pct,30-60cm,39.8
5215900,clay_pct,60-100cm,41.2
5215900,sand_pct,0-5cm,47.5
5215900,sand_pct,5-15cm,48.0
5215900,sand_pct,15-30cm,45.9
5215900,sand_pct,30-60cm,43.2
5215900,sand_pct,60-100cm,42.3
5215900,silt_pct,0-5cm,20.2
5215900,silt_pct,5-15cm,18.5
5215900,silt_pct,15-30cm,17.6
5215900,silt_pct,30-60cm,17.0
5215900,silt_pct,60-100cm,16.4
5215900,soc_pct,0-5cm,2.82
5215900,soc_pct,5-15cm,2.23
5215900,soc_pct,15-30cm,1.42
5215900,soc_pct,30-60cm,0.83
5215900,soc_pct,60-100cm,0.61
5215900,ph_h2o,0-5cm,5.6
5215900,ph_h2o,5-15cm,5.6
5215900,ph_h2o,15-30cm,5.7
5215900,ph_h2o,30-60cm,5.7
5215900,ph_h2o,60-100cm,5.8
5215900,bd_kg_dm3,0-5cm,1.27
5215900,bd_kg_dm3,5-15cm,1.29
5215900,bd_kg_dm3,15-30cm,1.31
5215900,bd_kg_dm3,30-60cm,1.29
5215900,bd_kg_dm3,60-100cm,1.28
5215900,cec_cmol_kg,0-5cm,9.9
5215900,cec_cmol_kg,5-15cm,8.8
5215900,cec_cmol_kg,15-30cm,6.3
5215900,cec_cmol_kg,30-60cm,5.5
5215900,cec_cmol_kg,60-100cm,4.8
5215801,clay_pct,0-5cm,31.7
5215801,clay_pct,5-15cm,34.5
5215801,clay_pct,15-30cm,36.9
5215801,clay_pct,30-60cm,41.4
5215801,clay_pct,60-100cm,41.7
5215801,sand_pct,0-5cm,44.2
5215801,sand_pct,5-15cm,45.7
5215801,sand_pct,15-30cm,44.1
5215801,sand_pct,30-60cm,40.7
5215801,sand_pct,60-100cm,40.5
5215801,silt_pct,0-5cm,24.1
5215801,silt_pct,5-15cm,19.7
5215801,silt_pct,15-30cm,19.0
5215801,silt_pct,30-60cm,17.9
5215801,silt_pct,60-100cm,17.8
5215801,soc_pct,0-5cm,2.46
5215801,soc_pct,5-15cm,2.07
5215801,soc_pct,15-30cm,1.42
5215801,soc_pct,30-60cm,0.74
5215801,soc_pct,60-100cm,0.54
5215801,ph_h2o,0-5cm,5.5
5215801,ph_h2o,5-15cm,5.5
5215801,ph_h2o,15-30cm,5.5
5215801,ph_h2o,30-60cm,5.5
5215801,ph_h2o,60-100cm,5.7
5215801,bd_kg_dm3,0-5cm,1.24
5215801,bd_kg_dm3,5-15cm,1.25
5215801,bd_kg_dm3,15-30cm,1.28
5215801,bd_kg_dm3,30-60cm,1.29
5215801,bd_kg_dm3,60-100cm,1.29
5215801,cec_cmol_kg,0-5cm,10.1
5215801,cec_cmol_kg,5-15cm,8.1
5215801,cec_cmol_kg,15-30cm,5.2
5215801,cec_cmol_kg,30-60cm,4.2
5215801,cec_cmol_kg,60-100cm,3.4
5216007,clay_pct,0-5cm,30.8
5216007,clay_pct,5-15cm,32.3
5216007,clay_pct,15-30cm,38.0
5216007,clay_pct,30-60cm,48.5
5216007,clay_pct,60-100cm,49.0
5216007,sand_pct,0-5cm,46.5
5216007,sand_pct,5-15cm,46.0
5216007,sand_pct,15-30cm,41.9
5216007,sand_pct,30-60cm,34.7
5216007,sand_pct,60-100cm,34.4
5216007,silt_pct,0-5cm,22.7
5216007,silt_pct,5-15cm,21.6
5216007,silt_pct,15-30cm,20.1
5216007,silt_pct,30-60cm,16.8
5216007,silt_pct,60-100cm,16.6
5216007,soc_pct,0-5cm,2.17
5216007,soc_pct,5-15cm,1.94
5216007,soc_pct,15-30cm,1.18
5216007,soc_pct,30-60cm,0.79
5216007,soc_pct,60-100cm,0.59
5216007,ph_h2o,0-5cm,5.5
5216007,ph_h2o,5-15cm,5.5
5216007,ph_h2o,15-30cm,5.6
5216007,ph_h2o,30-60cm,5.6
5216007,ph_h2o,60-100cm,5.6
5216007,bd_kg_dm3,0-5cm,1.27
5216007,bd_kg_dm3,5-15cm,1.29
5216007,bd_kg_dm3,15-30cm,1.3
5216007,bd_kg_dm3,30-60cm,1.27
5216007,bd_kg_dm3,60-100cm,1.26
5216007,cec_cmol_kg,0-5cm,9.9
5216007,cec_cmol_kg,5-15cm,8.0
5216007,cec_cmol_kg,15-30cm,6.3
5216007,cec_cmol_kg,30-60cm,5.8
5216007,cec_cmol_kg,60-100cm,5.2
5216403,clay_pct,0-5cm,35.0
5216403,clay_pct,5-15cm,35.5
5216403,clay_pct,15-30cm,36.8
5216403,clay_pct,30-60cm,40.5
5216403,clay_pct,60-100cm,41.1
5216403,sand_pct,0-5cm,46.4
5216403,sand_pct,5-15cm,47.4
5216403,sand_pct,15-30cm,46.7
5216403,sand_pct,30-60cm,43.5
5216403,sand_pct,60-100cm,42.8
5216403,silt_pct,0-5cm,18.7
5216403,silt_pct,5-15cm,17.1
5216403,silt_pct,15-30cm,16.6
5216403,silt_pct,30-60cm,16.0
5216403,silt_pct,60-100cm,16.1
5216403,soc_pct,0-5cm,2.34
5216403,soc_pct,5-15cm,2.15
5216403,soc_pct,15-30cm,1.12
5216403,soc_pct,30-60cm,0.77
5216403,soc_pct,60-100cm,0.65
5216403,ph_h2o,0-5cm,5.4
5216403,ph_h2o,5-15cm,5.4
5216403,ph_h2o,15-30cm,5.4
5216403,ph_h2o,30-60cm,5.5
5216403,ph_h2o,60-100cm,5.6
5216403,bd_kg_dm3,0-5cm,1.31
5216403,bd_kg_dm3,5-15cm,1.33
5216403,bd_kg_dm3,15-30cm,1.37
5216403,bd_kg_dm3,30-60cm,1.33
5216403,bd_kg_dm3,60-100cm,1.32
5216403,cec_cmol_kg,0-5cm,11.7
5216403,cec_cmol_kg,5-15cm,10.3
5216403,cec_cmol_kg,15-30cm,10.2
5216403,cec_cmol_kg,30-60cm,10.0
5216403,cec_cmol_kg,60-100cm,9.7
5216452,clay_pct,0-5cm,36.9
5216452,clay_pct,5-15cm,37.8
5216452,clay_pct,15-30cm,43.5
5216452,clay_pct,30-60cm,53.5
5216452,clay_pct,60-100cm,54.2
5216452,sand_pct,0-5cm,40.6
5216452,sand_pct,5-15cm,40.4
5216452,sand_pct,15-30cm,36.5
5216452,sand_pct,30-60cm,29.9
5216452,sand_pct,60-100cm,29.4
5216452,silt_pct,0-5cm,22.4
5216452,silt_pct,5-15cm,21.7
5216452,silt_pct,15-30cm,20.0
5216452,silt_pct,30-60cm,16.6
5216452,silt_pct,60-100cm,16.4
5216452,soc_pct,0-5cm,2.63
5216452,soc_pct,5-15cm,2.07
5216452,soc_pct,15-30cm,1.26
5216452,soc_pct,30-60cm,0.91
5216452,soc_pct,60-100cm,0.64
5216452,ph_h2o,0-5cm,5.4
5216452,ph_h2o,5-15cm,5.4
5216452,ph_h2o,15-30cm,5.4
5216452,ph_h2o,30-60cm,5.4
5216452,ph_h2o,60-100cm,5.4
5216452,bd_kg_dm3,0-5cm,1.21
5216452,bd_kg_dm3,5-15cm,1.23
5216452,bd_kg_dm3,15-30cm,1.23
5216452,bd_kg_dm3,30-60cm,1.25
5216452,bd_kg_dm3,60-100cm,1.25
5216452,cec_cmol_kg,0-5cm,14.4
5216452,cec_cmol_kg,5-15cm,12.0
5216452,cec_cmol_kg,15-30cm,11.9
5216452,cec_cmol_kg,30-60cm,11.6
5216452,cec_cmol_kg,60-100cm,10.8
5216809,clay_pct,0-5cm,35.0
5216809,clay_pct,5-15cm,37.2
5216809,clay_pct,15-30cm,40.5
5216809,clay_pct,30-60cm,44.3
5216809,clay_pct,60-100cm,46.6
5216809,sand_pct,0-5cm,41.0
5216809,sand_pct,5-15cm,42.2
5216809,sand_pct,15-30cm,39.9
5216809,sand_pct,30-60cm,37.1
5216809,sand_pct,60-100cm,35.6
5216809,silt_pct,0-5cm,23.9
5216809,silt_pct,5-15cm,20.6
5216809,silt_pct,15-30cm,19.6
5216809,silt_pct,30-60cm,18.6
5216809,silt_pct,60-100cm,17.8
5216809,soc_pct,0-5cm,2.67
5216809,soc_pct,5-15cm,2.29
5216809,soc_pct,15-30cm,1.73
5216809,soc_pct,30-60cm,0.98
5216809,soc_pct,60-100cm,0.65
5216809,ph_h2o,0-5cm,5.7
5216809,ph_h2o,5-15cm,5.7
5216809,ph_h2o,15-30cm,5.7
5216809,ph_h2o,30-60cm,5.8
5216809,ph_h2o,60-100cm,5.8
5216809,bd_kg_dm3,0-5cm,1.26
5216809,bd_kg_dm3,5-15cm,1.27
5216809,bd_kg_dm3,15-30cm,1.33
5216809,bd_kg_dm3,30-60cm,1.28
5216809,bd_kg_dm3,60-100cm,1.26
5216809,cec_cmol_kg,0-5cm,11.6
5216809,cec_cmol_kg,5-15cm,10.3
5216809,cec_cmol_kg,15-30cm,8.6
5216809,cec_cmol_kg,30-60cm,7.4
5216809,cec_cmol_kg,60-100cm,7.0
5216908,clay_pct,0-5cm,26.8
5216908,clay_pct,5-15cm,29.3
5216908,clay_pct,15-30cm,34.1
5216908,clay_pct,30-60cm,37.8
5216908,clay_pct,60-100cm,38.1
5216908,sand_pct,0-5cm,43.2
5216908,sand_pct,5-15cm,41.2
5216908,sand_pct,15-30cm,38.2
5216908,sand_pct,30-60cm,36.0
5216908,sand_pct,60-100cm,35.6
5216908,silt_pct,0-5cm,30.0
5216908,silt_pct,5-15cm,29.6
5216908,silt_pct,15-30cm,27.8
5216908,silt_pct,30-60cm,26.2
5216908,silt_pct,60-100cm,26.3
5216908,soc_pct,0-5cm,2.29
5216908,soc_pct,5-15cm,2.01
5216908,soc_pct,15-30cm,1.06
5216908,soc_pct,30-60cm,0.71
5216908,soc_pct,60-100cm,0.47
5216908,ph_h2o,0-5cm,5.6
5216908,ph_h2o,5-15cm,5.6
5216908,ph_h2o,15-30cm,5.6
5216908,ph_h2o,30-60cm,5.7
5216908,ph_h2o,60-100cm,5.7
5216908,bd_kg_dm3,0-5cm,1.27
5216908,bd_kg_dm3,5-15cm,1.31
5216908,bd_kg_dm3,15-30cm,1.33
5216908,bd_kg_dm3,30-60cm,1.3
5216908,bd_kg_dm3,60-100cm,1.29
5216908,cec_cmol_kg,0-5cm,11.2
5216908,cec_cmol_kg,5-15cm,11.3
5216908,cec_cmol_kg,15-30cm,10.0
5216908,cec_cmol_kg,30-60cm,9.4
5216908,cec_cmol_kg,60-100cm,9.2
5217104,clay_pct,0-5cm,36.5
5217104,clay_pct,5-15cm,39.7
5217104,clay_pct,15-30cm,41.9
5217104,clay_pct,30-60cm,43.9
5217104,clay_pct,60-100cm,43.9
5217104,sand_pct,0-5cm,42.8
5217104,sand_pct,5-15cm,42.6
5217104,sand_pct,15-30cm,41.1
5217104,sand_pct,30-60cm,39.6
5217104,sand_pct,60-100cm,38.8
5217104,silt_pct,0-5cm,20.6
5217104,silt_pct,5-15cm,17.8
5217104,silt_pct,15-30cm,17.0
5217104,silt_pct,30-60cm,16.5
5217104,silt_pct,60-100cm,17.3
5217104,soc_pct,0-5cm,2.12
5217104,soc_pct,5-15cm,1.94
5217104,soc_pct,15-30cm,1.33
5217104,soc_pct,30-60cm,0.79
5217104,soc_pct,60-100cm,0.64
5217104,ph_h2o,0-5cm,5.4
5217104,ph_h2o,5-15cm,5.5
5217104,ph_h2o,15-30cm,5.5
5217104,ph_h2o,30-60cm,5.5
5217104,ph_h2o,60-100cm,5.6
5217104,bd_kg_dm3,0-5cm,1.28
5217104,bd_kg_dm3,5-15cm,1.31
5217104,bd_kg_dm3,15-30cm,1.33
5217104,bd_kg_dm3,30-60cm,1.29
5217104,bd_kg_dm3,60-100cm,1.28
5217104,cec_cmol_kg,0-5cm,10.5
5217104,cec_cmol_kg,5-15cm,8.5
5217104,cec_cmol_kg,15-30cm,5.7
5217104,cec_cmol_kg,30-60cm,4.6
5217104,cec_cmol_kg,60-100cm,3.9
5217302,clay_pct,0-5cm,38.6
5217302,clay_pct,5-15cm,41.1
5217302,clay_pct,15-30cm,43.0
5217302,clay_pct,30-60cm,41.9
5217302,clay_pct,60-100cm,43.0
5217302,sand_pct,0-5cm,35.7
5217302,sand_pct,5-15cm,34.8
5217302,sand_pct,15-30cm,33.3
5217302,sand_pct,30-60cm,33.2
5217302,sand_pct,60-100cm,30.8
5217302,silt_pct,0-5cm,25.7
5217302,silt_pct,5-15cm,24.1
5217302,silt_pct,15-30cm,23.7
5217302,silt_pct,30-60cm,24.9
5217302,silt_pct,60-100cm,26.2
5217302,soc_pct,0-5cm,3.46
5217302,soc_pct,5-15cm,2.42
5217302,soc_pct,15-30cm,1.48
5217302,soc_pct,30-60cm,0.98
5217302,soc_pct,60-100cm,0.65
5217302,ph_h2o,0-5cm,5.3
5217302,ph_h2o,5-15cm,5.3
5217302,ph_h2o,15-30cm,5.4
5217302,ph_h2o,30-60cm,5.4
5217302,ph_h2o,60-100cm,5.5
5217302,bd_kg_dm3,0-5cm,1.12
5217302,bd_kg_dm3,5-15cm,1.14
5217302,bd_kg_dm3,15-30cm,1.15
5217302,bd_kg_dm3,30-60cm,1.16
5217302,bd_kg_dm3,60-100cm,1.18
5217302,cec_cmol_kg,0-5cm,12.6
5217302,cec_cmol_kg,5-15cm,10.4
5217302,cec_cmol_kg,15-30cm,9.8
5217302,cec_cmol_kg,30-60cm,8.7
5217302,cec_cmol_kg,60-100cm,8.3
5216304,clay_pct,0-5cm,20.4
5216304,clay_pct,5-15cm,19.8
5216304,clay_pct,15-30cm,22.3
5216304,clay_pct,30-60cm,26.9
5216304,clay_pct,60-100cm,26.4
5216304,sand_pct,0-5cm,67.1
5216304,sand_pct,5-15cm,68.1
5216304,sand_pct,15-30cm,66.3
5216304,sand_pct,30-60cm,62.0
5216304,sand_pct,60-100cm,62.4
5216304,silt_pct,0-5cm,12.6
5216304,silt_pct,5-15cm,12.0
5216304,silt_pct,15-30cm,11.5
5216304,silt_pct,30-60cm,11.0
5216304,silt_pct,60-100cm,11.2
5216304,soc_pct,0-5cm,1.7
5216304,soc_pct,5-15cm,1.4
5216304,soc_pct,15-30cm,0.97
5216304,soc_pct,30-60cm,0.69
5216304,soc_pct,60-100cm,0.38
5216304,ph_h2o,0-5cm,5.4
5216304,ph_h2o,5-15cm,5.4
5216304,ph_h2o,15-30cm,5.4
5216304,ph_h2o,30-60cm,5.4
5216304,ph_h2o,60-100cm,5.5
5216304,bd_kg_dm3,0-5cm,1.33
5216304,bd_kg_dm3,5-15cm,1.34
5216304,bd_kg_dm3,15-30cm,1.33
5216304,bd_kg_dm3,30-60cm,1.3
5216304,bd_kg_dm3,60-100cm,1.28
5216304,cec_cmol_kg,0-5cm,8.1
5216304,cec_cmol_kg,5-15cm,7.0
5216304,cec_cmol_kg,15-30cm,5.5
5216304,cec_cmol_kg,30-60cm,5.1
5216304,cec_cmol_kg,60-100cm,4.7
5217401,clay_pct,0-5cm,32.5
5217401,clay_pct,5-15cm,35.4
5217401,clay_pct,15-30cm,36.4
5217401,clay_pct,30-60cm,37.4
5217401,clay_pct,60-100cm,38.6
5217401,sand_pct,0-5cm,41.9
5217401,sand_pct,5-15cm,41.9
5217401,sand_pct,15-30cm,41.3
5217401,sand_pct,30-60cm,40.2
5217401,sand_pct,60-100cm,38.6
5217401,silt_pct,0-5cm,25.6
5217401,silt_pct,5-15cm,22.7
5217401,silt_pct,15-30cm,22.3
5217401,silt_pct,30-60cm,22.4
5217401,silt_pct,60-100cm,22.8
5217401,soc_pct,0-5cm,2.32
5217401,soc_pct,5-15cm,1.86
5217401,soc_pct,15-30cm,1.57
5217401,soc_pct,30-60cm,0.83
5217401,soc_pct,60-100cm,0.55
5217401,ph_h2o,0-5cm,5.3
5217401,ph_h2o,5-15cm,5.3
5217401,ph_h2o,15-30cm,5.3
5217401,ph_h2o,30-60cm,5.4
5217401,ph_h2o,60-100cm,5.6
5217401,bd_kg_dm3,0-5cm,1.27
5217401,bd_kg_dm3,5-15cm,1.3
5217401,bd_kg_dm3,15-30cm,1.32
5217401,bd_kg_dm3,30-60cm,1.29
5217401,bd_kg_dm3,60-100cm,1.27
5217401,cec_cmol_kg,0-5cm,10.9
5217401,cec_cmol_kg,5-15cm,8.9
5217401,cec_cmol_kg,15-30cm,6.3
5217401,cec_cmol_kg,30-60cm,5.3
5217401,cec_cmol_kg,60-100cm,4.6
5217203,clay_pct,0-5cm,27.0
5217203,clay_pct,5-15cm,28.1
5217203,clay_pct,15-30cm,31.6
5217203,clay_pct,30-60cm,34.4
5217203,clay_pct,60-100cm,34.0
5217203,sand_pct,0-5cm,55.6
5217203,sand_pct,5-15cm,56.1
5217203,sand_pct,15-30cm,53.5
5217203,sand_pct,30-60cm,51.8
5217203,sand_pct,60-100cm,52.3
5217203,silt_pct,0-5cm,17.4
5217203,silt_pct,5-15cm,15.9
5217203,silt_pct,15-30cm,14.9
5217203,silt_pct,30-60cm,13.8
5217203,silt_pct,60-100cm,13.7
5217203,soc_pct,0-5cm,2.8
5217203,soc_pct,5-15cm,2.12
5217203,soc_pct,15-30cm,1.5
5217203,soc_pct,30-60cm,1.02
5217203,soc_pct,60-100cm,0.69
5217203,ph_h2o,0-5cm,5.5
5217203,ph_h2o,5-15cm,5.6
5217203,ph_h2o,15-30cm,5.6
5217203,ph_h2o,30-60cm,5.6
5217203,ph_h2o,60-100cm,5.7
5217203,bd_kg_dm3,0-5cm,1.27
5217203,bd_kg_dm3,5-15cm,1.31
5217203,bd_kg_dm3,15-30cm,1.33
5217203,bd_kg_dm3,30-60cm,1.33
5217203,bd_kg_dm3,60-100cm,1.32
5217203,cec_cmol_kg,0-5cm,10.8
5217203,cec_cmol_kg,5-15cm,8.4
5217203,cec_cmol_kg,15-30cm,6.7
5217203,cec_cmol_kg,30-60cm,6.3
5217203,cec_cmol_kg,60-100cm,5.8
5217609,clay_pct,0-5cm,38.2
5217609,clay_pct,5-15cm,39.6
5217609,clay_pct,15-30cm,40.0
5217609,clay_pct,30-60cm,47.6
5217609,clay_pct,60-100cm,48.2
5217609,sand_pct,0-5cm,30.1
5217609,sand_pct,5-15cm,28.8
5217609,sand_pct,15-30cm,28.7
5217609,sand_pct,30-60cm,24.5
5217609,sand_pct,60-100cm,24.9
5217609,silt_pct,0-5cm,31.7
5217609,silt_pct,5-15cm,31.6
5217609,silt_pct,15-30cm,31.3
5217609,silt_pct,30-60cm,27.9
5217609,silt_pct,60-100cm,26.9
5217609,soc_pct,0-5cm,2.51
5217609,soc_pct,5-15cm,1.73
5217609,soc_pct,15-30cm,1.25
5217609,soc_pct,30-60cm,0.92
5217609,soc_pct,60-100cm,0.68
5217609,ph_h2o,0-5cm,5.2
5217609,ph_h2o,5-15cm,5.2
5217609,ph_h2o,15-30cm,5.2
5217609,ph_h2o,30-60cm,5.3
5217609,ph_h2o,60-100cm,5.3
5217609,bd_kg_dm3,0-5cm,1.22
5217609,bd_kg_dm3,5-15cm,1.23
5217609,bd_kg_dm3,15-30cm,1.25
5217609,bd_kg_dm3,30-60cm,1.22
5217609,bd_kg_dm3,60-100cm,1.21
5217609,cec_cmol_kg,0-5cm,9.0
5217609,cec_cmol_kg,5-15cm,7.3
5217609,cec_cmol_kg,15-30cm,6.1
5217609,cec_cmol_kg,30-60cm,5.8
5217609,cec_cmol_kg,60-100cm,5.5
5217708,clay_pct,0-5cm,27.6
5217708,clay_pct,5-15cm,29.0
5217708,clay_pct,15-30cm,33.2
5217708,clay_pct,30-60cm,38.2
5217708,clay_pct,60-100cm,37.6
5217708,sand_pct,0-5cm,49.2
5217708,sand_pct,5-15cm,49.2
5217708,sand_pct,15-30cm,46.8
5217708,sand_pct,30-60cm,43.5
5217708,sand_pct,60-100cm,44.2
5217708,silt_pct,0-5cm,23.2
5217708,silt_pct,5-15cm,21.8
5217708,silt_pct,15-30cm,20.1
5217708,silt_pct,30-60cm,18.3
5217708,silt_pct,60-100cm,18.2
5217708,soc_pct,0-5cm,2.21
5217708,soc_pct,5-15cm,1.82
5217708,soc_pct,15-30cm,1.18
5217708,soc_pct,30-60cm,0.73
5217708,soc_pct,60-100cm,0.48
5217708,ph_h2o,0-5cm,5.5
5217708,ph_h2o,5-15cm,5.5
5217708,ph_h2o,15-30cm,5.5
5217708,ph_h2o,30-60cm,5.6
5217708,ph_h2o,60-100cm,5.8
5217708,bd_kg_dm3,0-5cm,1.32
5217708,bd_kg_dm3,5-15cm,1.35
5217708,bd_kg_dm3,15-30cm,1.38
5217708,bd_kg_dm3,30-60cm,1.37
5217708,bd_kg_dm3,60-100cm,1.36
5217708,cec_cmol_kg,0-5cm,10.4
5217708,cec_cmol_kg,5-15cm,9.0
5217708,cec_cmol_kg,15-30cm,7.6
5217708,cec_cmol_kg,30-60cm,6.8
5217708,cec_cmol_kg,60-100cm,5.9
5218052,clay_pct,0-5cm,29.4
5218052,clay_pct,5-15cm,30.5
5218052,clay_pct,15-30cm,36.7
5218052,clay_pct,30-60cm,47.3
5218052,clay_pct,60-100cm,47.7
5218052,sand_pct,0-5cm,45.9
5218052,sand_pct,5-15cm,46.3
5218052,sand_pct,15-30cm,42.0
5218052,sand_pct,30-60cm,35.5
5218052,sand_pct,60-100cm,35.2
5218052,silt_pct,0-5cm,24.7
5218052,silt_pct,5-15cm,23.2
5218052,silt_pct,15-30cm,21.3
5218052,silt_pct,30-60cm,17.2
5218052,silt_pct,60-100cm,17.1
5218052,soc_pct,0-5cm,2.4
5218052,soc_pct,5-15cm,2.06
5218052,soc_pct,15-30cm,1.35
5218052,soc_pct,30-60cm,0.97
5218052,soc_pct,60-100cm,0.65
5218052,ph_h2o,0-5cm,5.4
5218052,ph_h2o,5-15cm,5.5
5218052,ph_h2o,15-30cm,5.5
5218052,ph_h2o,30-60cm,5.5
5218052,ph_h2o,60-100cm,5.6
5218052,bd_kg_dm3,0-5cm,1.31
5218052,bd_kg_dm3,5-15cm,1.34
5218052,bd_kg_dm3,15-30cm,1.35
5218052,bd_kg_dm3,30-60cm,1.31
5218052,bd_kg_dm3,60-100cm,1.31
5218052,cec_cmol_kg,0-5cm,14.8
5218052,cec_cmol_kg,5-15cm,12.2
5218052,cec_cmol_kg,15-30cm,11.8
5218052,cec_cmol_kg,30-60cm,10.6
5218052,cec_cmol_kg,60-100cm,10.3
5218300,clay_pct,0-5cm,33.3
5218300,clay_pct,5-15cm,36.9
5218300,clay_pct,15-30cm,37.1
5218300,clay_pct,30-60cm,39.3
5218300,clay_pct,60-100cm,39.7
5218300,sand_pct,0-5cm,26.8
5218300,sand_pct,5-15cm,26.8
5218300,sand_pct,15-30cm,26.6
5218300,sand_pct,30-60cm,25.4
5218300,sand_pct,60-100cm,25.8
5218300,silt_pct,0-5cm,39.9
5218300,silt_pct,5-15cm,36.3
5218300,silt_pct,15-30cm,36.3
5218300,silt_pct,30-60cm,35.4
5218300,silt_pct,60-100cm,34.5
5218300,soc_pct,0-5cm,2.3
5218300,soc_pct,5-15cm,1.95
5218300,soc_pct,15-30cm,1.26
5218300,soc_pct,30-60cm,0.74
5218300,soc_pct,60-100cm,0.53
5218300,ph_h2o,0-5cm,5.7
5218300,ph_h2o,5-15cm,5.7
5218300,ph_h2o,15-30cm,5.7
5218300,ph_h2o,30-60cm,5.7
5218300,ph_h2o,60-100cm,5.7
5218300,bd_kg_dm3,0-5cm,1.26
5218300,bd_kg_dm3,5-15cm,1.28
5218300,bd_kg_dm3,15-30cm,1.3
5218300,bd_kg_dm3,30-60cm,1.29
5218300,bd_kg_dm3,60-100cm,1.29
5218300,cec_cmol_kg,0-5cm,10.9
5218300,cec_cmol_kg,5-15cm,10.3
5218300,cec_cmol_kg,15-30cm,9.6
5218300,cec_cmol_kg,30-60cm,9.0
5218300,cec_cmol_kg,60-100cm,8.8
5218102,clay_pct,0-5cm,30.7
5218102,clay_pct,5-15cm,30.7
5218102,clay_pct,15-30cm,30.6
5218102,clay_pct,30-60cm,36.9
5218102,clay_pct,60-100cm,38.1
5218102,sand_pct,0-5cm,51.3
5218102,sand_pct,5-15cm,51.1
5218102,sand_pct,15-30cm,52.3
5218102,sand_pct,30-60cm,48.2
5218102,sand_pct,60-100cm,47.8
5218102,silt_pct,0-5cm,18.0
5218102,silt_pct,5-15cm,18.2
5218102,silt_pct,15-30cm,17.1
5218102,silt_pct,30-60cm,14.9
5218102,silt_pct,60-100cm,14.1
5218102,soc_pct,0-5cm,2.03
5218102,soc_pct,5-15cm,1.89
5218102,soc_pct,15-30cm,1.14
5218102,soc_pct,30-60cm,0.74
5218102,soc_pct,60-100cm,0.64
5218102,ph_h2o,0-5cm,5.3
5218102,ph_h2o,5-15cm,5.3
5218102,ph_h2o,15-30cm,5.4
5218102,ph_h2o,30-60cm,5.5
5218102,ph_h2o,60-100cm,5.5
5218102,bd_kg_dm3,0-5cm,1.27
5218102,bd_kg_dm3,5-15cm,1.29
5218102,bd_kg_dm3,15-30cm,1.33
5218102,bd_kg_dm3,30-60cm,1.32
5218102,bd_kg_dm3,60-100cm,1.31
5218102,cec_cmol_kg,0-5cm,9.7
5218102,cec_cmol_kg,5-15cm,8.2
5218102,cec_cmol_kg,15-30cm,7.0
5218102,cec_cmol_kg,30-60cm,6.4
5218102,cec_cmol_kg,60-100cm,6.3
5218003,clay_pct,0-5cm,21.5
5218003,clay_pct,5-15cm,24.4
5218003,clay_pct,15-30cm,30.2
5218003,clay_pct,30-60cm,39.5
5218003,clay_pct,60-100cm,42.1
5218003,sand_pct,0-5cm,59.2
5218003,sand_pct,5-15cm,57.1
5218003,sand_pct,15-30cm,52.5
5218003,sand_pct,30-60cm,44.8
5218003,sand_pct,60-100cm,43.1
5218003,silt_pct,0-5cm,19.2
5218003,silt_pct,5-15cm,18.5
5218003,silt_pct,15-30cm,17.3
5218003,silt_pct,30-60cm,15.7
5218003,silt_pct,60-100cm,14.8
5218003,soc_pct,0-5cm,1.92
5218003,soc_pct,5-15cm,1.8
5218003,soc_pct,15-30cm,0.95
5218003,soc_pct,30-60cm,0.55
5218003,soc_pct,60-100cm,0.46
5218003,ph_h2o,0-5cm,5.4
5218003,ph_h2o,5-15cm,5.4
5218003,ph_h2o,15-30cm,5.3
5218003,ph_h2o,30-60cm,5.4
5218003,ph_h2o,60-100cm,5.5
5218003,bd_kg_dm3,0-5cm,1.28
5218003,bd_kg_dm3,5-15cm,1.33
5218003,bd_kg_dm3,15-30cm,1.34
5218003,bd_kg_dm3,30-60cm,1.36
5218003,bd_kg_dm3,60-100cm,1.35
5218003,cec_cmol_kg,0-5cm,9.9
5218003,cec_cmol_kg,5-15cm,8.4
5218003,cec_cmol_kg,15-30cm,6.6
5218003,cec_cmol_kg,30-60cm,6.1
5218003,cec_cmol_kg,60-100cm,5.2
5218391,clay_pct,0-5cm,30.3
5218391,clay_pct,5-15cm,33.9
5218391,clay_pct,15-30cm,34.8
5218391,clay_pct,30-60cm,41.3
5218391,clay_pct,60-100cm,41.2
5218391,sand_pct,0-5cm,48.4
5218391,sand_pct,5-15cm,49.2
5218391,sand_pct,15-30cm,48.5
5218391,sand_pct,30-60cm,43.3
5218391,sand_pct,60-100cm,43.2
5218391,silt_pct,0-5cm,21.2
5218391,silt_pct,5-15cm,16.9
5218391,silt_pct,15-30cm,16.7
5218391,silt_pct,30-60cm,15.4
5218391,silt_pct,60-100cm,15.6
5218391,soc_pct,0-5cm,2.15
5218391,soc_pct,5-15cm,2.1
5218391,soc_pct,15-30cm,1.38
5218391,soc_pct,30-60cm,0.75
5218391,soc_pct,60-100cm,0.52
5218391,ph_h2o,0-5cm,5.4
5218391,ph_h2o,5-15cm,5.4
5218391,ph_h2o,15-30cm,5.4
5218391,ph_h2o,30-60cm,5.5
5218391,ph_h2o,60-100cm,5.7
5218391,bd_kg_dm3,0-5cm,1.31
5218391,bd_kg_dm3,5-15cm,1.34
5218391,bd_kg_dm3,15-30cm,1.35
5218391,bd_kg_dm3,30-60cm,1.34
5218391,bd_kg_dm3,60-100cm,1.35
5218391,cec_cmol_kg,0-5cm,8.9
5218391,cec_cmol_kg,5-15cm,8.1
5218391,cec_cmol_kg,15-30cm,5.3
5218391,cec_cmol_kg,30-60cm,4.0
5218391,cec_cmol_kg,60-100cm,3.5
5218508,clay_pct,0-5cm,29.9
5218508,clay_pct,5-15cm,29.9
5218508,clay_pct,15-30cm,28.3
5218508,clay_pct,30-60cm,26.6
5218508,clay_pct,60-100cm,27.1
5218508,sand_pct,0-5cm,55.0
5218508,sand_pct,5-15cm,54.3
5218508,sand_pct,15-30cm,55.9
5218508,sand_pct,30-60cm,56.9
5218508,sand_pct,60-100cm,56.1
5218508,silt_pct,0-5cm,15.1
5218508,silt_pct,5-15cm,15.9
5218508,silt_pct,15-30cm,15.8
5218508,silt_pct,30-60cm,16.4
5218508,silt_pct,60-100cm,16.9
5218508,soc_pct,0-5cm,1.79
5218508,soc_pct,5-15cm,1.97
5218508,soc_pct,15-30cm,1.17
5218508,soc_pct,30-60cm,1.06
5218508,soc_pct,60-100cm,0.58
5218508,ph_h2o,0-5cm,5.4
5218508,ph_h2o,5-15cm,5.5
5218508,ph_h2o,15-30cm,5.5
5218508,ph_h2o,30-60cm,5.5
5218508,ph_h2o,60-100cm,5.6
5218508,bd_kg_dm3,0-5cm,1.35
5218508,bd_kg_dm3,5-15cm,1.36
5218508,bd_kg_dm3,15-30cm,1.37
5218508,bd_kg_dm3,30-60cm,1.33
5218508,bd_kg_dm3,60-100cm,1.32
5218508,cec_cmol_kg,0-5cm,11.8
5218508,cec_cmol_kg,5-15cm,9.9
5218508,cec_cmol_kg,15-30cm,9.3
5218508,cec_cmol_kg,30-60cm,8.2
5218508,cec_cmol_kg,60-100cm,7.7
5218607,clay_pct,0-5cm,33.5
5218607,clay_pct,5-15cm,36.0
5218607,clay_pct,15-30cm,40.5
5218607,clay_pct,30-60cm,46.2
5218607,clay_pct,60-100cm,46.3
5218607,sand_pct,0-5cm,40.6
5218607,sand_pct,5-15cm,39.4
5218607,sand_pct,15-30cm,36.3
5218607,sand_pct,30-60cm,32.6
5218607,sand_pct,60-100cm,32.0
5218607,silt_pct,0-5cm,25.9
5218607,silt_pct,5-15cm,24.6
5218607,silt_pct,15-30cm,23.2
5218607,silt_pct,30-60cm,21.3
5218607,silt_pct,60-100cm,21.7
5218607,soc_pct,0-5cm,2.5
5218607,soc_pct,5-15cm,1.97
5218607,soc_pct,15-30cm,1.17
5218607,soc_pct,30-60cm,0.71
5218607,soc_pct,60-100cm,0.57
5218607,ph_h2o,0-5cm,5.5
5218607,ph_h2o,5-15cm,5.6
5218607,ph_h2o,15-30cm,5.6
5218607,ph_h2o,30-60cm,5.7
5218607,ph_h2o,60-100cm,5.7
5218607,bd_kg_dm3,0-5cm,1.3
5218607,bd_kg_dm3,5-15cm,1.33
5218607,bd_kg_dm3,15-30cm,1.35
5218607,bd_kg_dm3,30-60cm,1.32
5218607,bd_kg_dm3,60-100cm,1.31
5218607,cec_cmol_kg,0-5cm,9.6
5218607,cec_cmol_kg,5-15cm,8.1
5218607,cec_cmol_kg,15-30cm,6.6
5218607,cec_cmol_kg,30-60cm,5.7
5218607,cec_cmol_kg,60-100cm,5.3
5218706,clay_pct,0-5cm,31.7
5218706,clay_pct,5-15cm,32.8
5218706,clay_pct,15-30cm,38.4
5218706,clay_pct,30-60cm,45.3
5218706,clay_pct,60-100cm,46.6
5218706,sand_pct,0-5cm,41.3
5218706,sand_pct,5-15cm,40.4
5218706,sand_pct,15-30cm,37.1
5218706,sand_pct,30-60cm,32.0
5218706,sand_pct,60-100cm,31.8
5218706,silt_pct,0-5cm,27.0
5218706,silt_pct,5-15cm,26.8
5218706,silt_pct,15-30cm,24.5
5218706,silt_pct,30-60cm,22.7
5218706,silt_pct,60-100cm,21.6
5218706,soc_pct,0-5cm,2.08
5218706,soc_pct,5-15cm,1.84
5218706,soc_pct,15-30cm,1.18
5218706,soc_pct,30-60cm,0.67
5218706,soc_pct,60-100cm,0.51
5218706,ph_h2o,0-5cm,5.5
5218706,ph_h2o,5-15cm,5.5
5218706,ph_h2o,15-30cm,5.5
5218706,ph_h2o,30-60cm,5.6
5218706,ph_h2o,60-100cm,5.7
5218706,bd_kg_dm3,0-5cm,1.3
5218706,bd_kg_dm3,5-15cm,1.32
5218706,bd_kg_dm3,15-30cm,1.33
5218706,bd_kg_dm3,30-60cm,1.34
5218706,bd_kg_dm3,60-100cm,1.31
5218706,cec_cmol_kg,0-5cm,10.1
5218706,cec_cmol_kg,5-15cm,8.7
5218706,cec_cmol_kg,15-30cm,7.1
5218706,cec_cmol_kg,30-60cm,6.2
5218706,cec_cmol_kg,60-100cm,5.9
5218805,clay_pct,0-5cm,33.0
5218805,clay_pct,5-15cm,32.6
5218805,clay_pct,15-30cm,37.8
5218805,clay_pct,30-60cm,44.7
5218805,clay_pct,60-100cm,45.9
5218805,sand_pct,0-5cm,47.5
5218805,sand_pct,5-15cm,49.4
5218805,sand_pct,15-30cm,45.7
5218805,sand_pct,30-60cm,40.2
5218805,sand_pct,60-100cm,39.8
5218805,silt_pct,0-5cm,19.5
5218805,silt_pct,5-15cm,18.0
5218805,silt_pct,15-30cm,16.5
5218805,silt_pct,30-60cm,15.1
5218805,silt_pct,60-100cm,14.2
5218805,soc_pct,0-5cm,2.09
5218805,soc_pct,5-15cm,2.14
5218805,soc_pct,15-30cm,1.11
5218805,soc_pct,30-60cm,0.75
5218805,soc_pct,60-100cm,0.54
5218805,ph_h2o,0-5cm,5.3
5218805,ph_h2o,5-15cm,5.3
5218805,ph_h2o,15-30cm,5.3
5218805,ph_h2o,30-60cm,5.4
5218805,ph_h2o,60-100cm,5.6
5218805,bd_kg_dm3,0-5cm,1.3
5218805,bd_kg_dm3,5-15cm,1.32
5218805,bd_kg_dm3,15-30cm,1.36
5218805,bd_kg_dm3,30-60cm,1.32
5218805,bd_kg_dm3,60-100cm,1.32
5218805,cec_cmol_kg,0-5cm,10.3
5218805,cec_cmol_kg,5-15cm,9.4
5218805,cec_cmol_kg,15-30cm,8.1
5218805,cec_cmol_kg,30-60cm,7.6
5218805,cec_cmol_kg,60-100cm,7.1
5219001,clay_pct,0-5cm,30.9
5219001,clay_pct,5-15cm,33.0
5219001,clay_pct,15-30cm,36.9
5219001,clay_pct,30-60cm,43.4
5219001,clay_pct,60-100cm,44.0
5219001,sand_pct,0-5cm,46.9
5219001,sand_pct,5-15cm,47.2
5219001,sand_pct,15-30cm,44.3
5219001,sand_pct,30-60cm,39.1
5219001,sand_pct,60-100cm,39.2
5219001,silt_pct,0-5cm,22.1
5219001,silt_pct,5-15cm,19.7
5219001,silt_pct,15-30cm,18.8
5219001,silt_pct,30-60cm,17.6
5219001,silt_pct,60-100cm,16.7
5219001,soc_pct,0-5cm,2.19
5219001,soc_pct,5-15cm,2.31
5219001,soc_pct,15-30cm,1.15
5219001,soc_pct,30-60cm,0.69
5219001,soc_pct,60-100cm,0.48
5219001,ph_h2o,0-5cm,5.8
5219001,ph_h2o,5-15cm,5.7
5219001,ph_h2o,15-30cm,5.7
5219001,ph_h2o,30-60cm,5.9
5219001,ph_h2o,60-100cm,5.9
5219001,bd_kg_dm3,0-5cm,1.3
5219001,bd_kg_dm3,5-15cm,1.32
5219001,bd_kg_dm3,15-30cm,1.35
5219001,bd_kg_dm3,30-60cm,1.32
5219001,bd_kg_dm3,60-100cm,1.3
5219001,cec_cmol_kg,0-5cm,11.1
5219001,cec_cmol_kg,5-15cm,9.7
5219001,cec_cmol_kg,15-30cm,8.5
5219001,cec_cmol_kg,30-60cm,8.0
5219001,cec_cmol_kg,60-100cm,7.5
5218789,clay_pct,0-5cm,29.4
5218789,clay_pct,5-15cm,30.8
5218789,clay_pct,15-30cm,33.8
5218789,clay_pct,30-60cm,38.1
5218789,clay_pct,60-100cm,39.2
5218789,sand_pct,0-5cm,42.6
5218789,sand_pct,5-15cm,41.9
5218789,sand_pct,15-30cm,40.0
5218789,sand_pct,30-60cm,37.3
5218789,sand_pct,60-100cm,36.6
5218789,silt_pct,0-5cm,28.1
5218789,silt_pct,5-15cm,27.4
5218789,silt_pct,15-30cm,26.2
5218789,silt_pct,30-60cm,24.5
5218789,silt_pct,60-100cm,24.2
5218789,soc_pct,0-5cm,2.19
5218789,soc_pct,5-15cm,2.05
5218789,soc_pct,15-30cm,1.44
5218789,soc_pct,30-60cm,0.7
5218789,soc_pct,60-100cm,0.5
5218789,ph_h2o,0-5cm,5.5
5218789,ph_h2o,5-15cm,5.5
5218789,ph_h2o,15-30cm,5.5
5218789,ph_h2o,30-60cm,5.5
5218789,ph_h2o,60-100cm,5.6
5218789,bd_kg_dm3,0-5cm,1.31
5218789,bd_kg_dm3,5-15cm,1.32
5218789,bd_kg_dm3,15-30cm,1.35
5218789,bd_kg_dm3,30-60cm,1.3
5218789,bd_kg_dm3,60-100cm,1.28
5218789,cec_cmol_kg,0-5cm,12.5
5218789,cec_cmol_kg,5-15cm,10.6
5218789,cec_cmol_kg,15-30cm,9.4
5218789,cec_cmol_kg,30-60cm,8.8
5218789,cec_cmol_kg,60-100cm,7.9
5219100,clay_pct,0-5cm,31.2
5219100,clay_pct,5-15cm,31.4
5219100,clay_pct,15-30cm,35.6
5219100,clay_pct,30-60cm,42.6
5219100,clay_pct,60-100cm,43.6
5219100,sand_pct,0-5cm,42.0
5219100,sand_pct,5-15cm,44.9
5219100,sand_pct,15-30cm,41.8
5219100,sand_pct,30-60cm,37.0
5219100,sand_pct,60-100cm,36.7
5219100,silt_pct,0-5cm,26.9
5219100,silt_pct,5-15cm,23.7
5219100,silt_pct,15-30cm,22.6
5219100,silt_pct,30-60cm,20.4
5219100,silt_pct,60-100cm,19.7
5219100,soc_pct,0-5cm,2.07
5219100,soc_pct,5-15cm,2.02
5219100,soc_pct,15-30cm,1.32
5219100,soc_pct,30-60cm,0.77
5219100,soc_pct,60-100cm,0.56
5219100,ph_h2o,0-5cm,5.6
5219100,ph_h2o,5-15cm,5.6
5219100,ph_h2o,15-30cm,5.6
5219100,ph_h2o,30-60cm,5.6
5219100,ph_h2o,60-100cm,5.8
5219100,bd_kg_dm3,0-5cm,1.28
5219100,bd_kg_dm3,5-15cm,1.31
5219100,bd_kg_dm3,15-30cm,1.33
5219100,bd_kg_dm3,30-60cm,1.32
5219100,bd_kg_dm3,60-100cm,1.3
5219100,cec_cmol_kg,0-5cm,11.7
5219100,cec_cmol_kg,5-15cm,10.6
5219100,cec_cmol_kg,15-30cm,6.8
5219100,cec_cmol_kg,30-60cm,5.8
5219100,cec_cmol_kg,60-100cm,5.2
5219209,clay_pct,0-5cm,29.8
5219209,clay_pct,5-15cm,30.5
5219209,clay_pct,15-30cm,31.4
5219209,clay_pct,30-60cm,34.6
5219209,clay_pct,60-100cm,35.9
5219209,sand_pct,0-5cm,46.7
5219209,sand_pct,5-15cm,46.9
5219209,sand_pct,15-30cm,46.3
5219209,sand_pct,30-60cm,43.9
5219209,sand_pct,60-100cm,43.0
5219209,silt_pct,0-5cm,23.5
5219209,silt_pct,5-15cm,22.6
5219209,silt_pct,15-30cm,22.3
5219209,silt_pct,30-60cm,21.5
5219209,silt_pct,60-100cm,21.1
5219209,soc_pct,0-5cm,2.69
5219209,soc_pct,5-15cm,2.04
5219209,soc_pct,15-30cm,1.8
5219209,soc_pct,30-60cm,0.91
5219209,soc_pct,60-100cm,0.54
5219209,ph_h2o,0-5cm,5.4
5219209,ph_h2o,5-15cm,5.4
5219209,ph_h2o,15-30cm,5.4
5219209,ph_h2o,30-60cm,5.5
5219209,ph_h2o,60-100cm,5.6
5219209,bd_kg_dm3,0-5cm,1.28
5219209,bd_kg_dm3,5-15cm,1.3
5219209,bd_kg_dm3,15-30cm,1.32
5219209,bd_kg_dm3,30-60cm,1.31
5219209,bd_kg_dm3,60-100cm,1.3
5219209,cec_cmol_kg,0-5cm,11.4
5219209,cec_cmol_kg,5-15cm,9.5
5219209,cec_cmol_kg,15-30cm,8.0
5219209,cec_cmol_kg,30-60cm,7.5
5219209,cec_cmol_kg,60-100cm,7.2
5218904,clay_pct,0-5cm,39.8
5218904,clay_pct,5-15cm,43.2
5218904,clay_pct,15-30cm,44.1
5218904,clay_pct,30-60cm,51.5
5218904,clay_pct,60-100cm,52.2
5218904,sand_pct,0-5cm,36.3
5218904,sand_pct,5-15cm,35.3
5218904,sand_pct,15-30cm,35.0
5218904,sand_pct,30-60cm,29.9
5218904,sand_pct,60-100cm,29.6
5218904,silt_pct,0-5cm,23.9
5218904,silt_pct,5-15cm,21.5
5218904,silt_pct,15-30cm,20.9
5218904,silt_pct,30-60cm,18.6
5218904,silt_pct,60-100cm,18.2
5218904,soc_pct,0-5cm,2.07
5218904,soc_pct,5-15cm,2.15
5218904,soc_pct,15-30cm,1.25
5218904,soc_pct,30-60cm,0.7
5218904,soc_pct,60-100cm,0.57
5218904,ph_h2o,0-5cm,5.4
5218904,ph_h2o,5-15cm,5.4
5218904,ph_h2o,15-30cm,5.5
5218904,ph_h2o,30-60cm,5.5
5218904,ph_h2o,60-100cm,5.5
5218904,bd_kg_dm3,0-5cm,1.25
5218904,bd_kg_dm3,5-15cm,1.28
5218904,bd_kg_dm3,15-30cm,1.3
5218904,bd_kg_dm3,30-60cm,1.27
5218904,bd_kg_dm3,60-100cm,1.26
5218904,cec_cmol_kg,0-5cm,9.0
5218904,cec_cmol_kg,5-15cm,8.2
5218904,cec_cmol_kg,15-30cm,6.1
5218904,cec_cmol_kg,30-60cm,5.3
5218904,cec_cmol_kg,60-100cm,4.7
5219456,clay_pct,0-5cm,34.1
5219456,clay_pct,5-15cm,38.1
5219456,clay_pct,15-30cm,43.1
5219456,clay_pct,30-60cm,49.5
5219456,clay_pct,60-100cm,49.6
5219456,sand_pct,0-5cm,43.0
5219456,sand_pct,5-15cm,39.9
5219456,sand_pct,15-30cm,37.1
5219456,sand_pct,30-60cm,31.8
5219456,sand_pct,60-100cm,32.4
5219456,silt_pct,0-5cm,23.0
5219456,silt_pct,5-15cm,22.1
5219456,silt_pct,15-30cm,19.9
5219456,silt_pct,30-60cm,18.7
5219456,silt_pct,60-100cm,18.1
5219456,soc_pct,0-5cm,2.26
5219456,soc_pct,5-15cm,1.85
5219456,soc_pct,15-30cm,1.39
5219456,soc_pct,30-60cm,0.7
5219456,soc_pct,60-100cm,0.82
5219456,ph_h2o,0-5cm,5.5
5219456,ph_h2o,5-15cm,5.5
5219456,ph_h2o,15-30cm,5.6
5219456,ph_h2o,30-60cm,5.6
5219456,ph_h2o,60-100cm,5.6
5219456,bd_kg_dm3,0-5cm,1.27
5219456,bd_kg_dm3,5-15cm,1.3
5219456,bd_kg_dm3,15-30cm,1.31
5219456,bd_kg_dm3,30-60cm,1.29
5219456,bd_kg_dm3,60-100cm,1.29
5219456,cec_cmol_kg,0-5cm,10.2
5219456,cec_cmol_kg,5-15cm,9.1
5219456,cec_cmol_kg,15-30cm,7.5
5219456,cec_cmol_kg,30-60cm,7.3
5219456,cec_cmol_kg,60-100cm,6.8
5219258,clay_pct,0-5cm,19.3
5219258,clay_pct,5-15cm,20.8
5219258,clay_pct,15-30cm,30.4
5219258,clay_pct,30-60cm,34.4
5219258,clay_pct,60-100cm,34.2
5219258,sand_pct,0-5cm,66.6
5219258,sand_pct,5-15cm,66.3
5219258,sand_pct,15-30cm,58.4
5219258,sand_pct,30-60cm,54.7
5219258,sand_pct,60-100cm,54.9
5219258,silt_pct,0-5cm,14.1
5219258,silt_pct,5-15cm,12.9
5219258,silt_pct,15-30cm,11.2
5219258,silt_pct,30-60cm,10.9
5219258,silt_pct,60-100cm,11.0
5219258,soc_pct,0-5cm,1.78
5219258,soc_pct,5-15cm,1.71
5219258,soc_pct,15-30cm,1.11
5219258,soc_pct,30-60cm,0.66
5219258,soc_pct,60-100cm,0.38
5219258,ph_h2o,0-5cm,5.4
5219258,ph_h2o,5-15cm,5.4
5219258,ph_h2o,15-30cm,5.5
5219258,ph_h2o,30-60cm,5.5
5219258,ph_h2o,60-100cm,5.5
5219258,bd_kg_dm3,0-5cm,1.29
5219258,bd_kg_dm3,5-15cm,1.31
5219258,bd_kg_dm3,15-30cm,1.32
5219258,bd_kg_dm3,30-60cm,1.31
5219258,bd_kg_dm3,60-100cm,1.33
5219258,cec_cmol_kg,0-5cm,9.6
5219258,cec_cmol_kg,5-15cm,7.4
5219258,cec_cmol_kg,15-30cm,5.8
5219258,cec_cmol_kg,30-60cm,5.4
5219258,cec_cmol_kg,60-100cm,5.2
5219357,clay_pct,0-5cm,35.2
5219357,clay_pct,5-15cm,37.5
5219357,clay_pct,15-30cm,44.5
5219357,clay_pct,30-60cm,49.9
5219357,clay_pct,60-100cm,50.3
5219357,sand_pct,0-5cm,37.9
5219357,sand_pct,5-15cm,36.9
5219357,sand_pct,15-30cm,32.7
5219357,sand_pct,30-60cm,29.1
5219357,sand_pct,60-100cm,28.8
5219357,silt_pct,0-5cm,26.9
5219357,silt_pct,5-15cm,25.5
5219357,silt_pct,15-30cm,22.9
5219357,silt_pct,30-60cm,21.0
5219357,silt_pct,60-100cm,20.9
5219357,soc_pct,0-5cm,2.65
5219357,soc_pct,5-15cm,2.28
5219357,soc_pct,15-30cm,1.28
5219357,soc_pct,30-60cm,0.68
5219357,soc_pct,60-100cm,0.55
5219357,ph_h2o,0-5cm,5.6
5219357,ph_h2o,5-15cm,5.6
5219357,ph_h2o,15-30cm,5.6
5219357,ph_h2o,30-60cm,5.7
5219357,ph_h2o,60-100cm,5.7
5219357,bd_kg_dm3,0-5cm,1.3
5219357,bd_kg_dm3,5-15cm,1.32
5219357,bd_kg_dm3,15-30cm,1.33
5219357,bd_kg_dm3,30-60cm,1.28
5219357,bd_kg_dm3,60-100cm,1.28
5219357,cec_cmol_kg,0-5cm,10.8
5219357,cec_cmol_kg,5-15cm,10.4
5219357,cec_cmol_kg,15-30cm,8.7
5219357,cec_cmol_kg,30-60cm,7.9
5219357,cec_cmol_kg,60-100cm,7.4
5219506,clay_pct,0-5cm,37.7
5219506,clay_pct,5-15cm,41.7
5219506,clay_pct,15-30cm,42.1
5219506,clay_pct,30-60cm,45.0
5219506,clay_pct,60-100cm,47.0
5219506,sand_pct,0-5cm,38.3
5219506,sand_pct,5-15cm,39.9
5219506,sand_pct,15-30cm,39.9
5219506,sand_pct,30-60cm,37.7
5219506,sand_pct,60-100cm,36.5
5219506,silt_pct,0-5cm,24.1
5219506,silt_pct,5-15cm,18.4
5219506,silt_pct,15-30cm,18.1
5219506,silt_pct,30-60cm,17.3
5219506,silt_pct,60-100cm,16.4
5219506,soc_pct,0-5cm,2.7
5219506,soc_pct,5-15cm,2.2
5219506,soc_pct,15-30cm,1.45
5219506,soc_pct,30-60cm,1.07
5219506,soc_pct,60-100cm,0.66
5219506,ph_h2o,0-5cm,5.7
5219506,ph_h2o,5-15cm,5.7
5219506,ph_h2o,15-30cm,5.7
5219506,ph_h2o,30-60cm,5.8
5219506,ph_h2o,60-100cm,5.9
5219506,bd_kg_dm3,0-5cm,1.28
5219506,bd_kg_dm3,5-15cm,1.3
5219506,bd_kg_dm3,15-30cm,1.33
5219506,bd_kg_dm3,30-60cm,1.29
5219506,bd_kg_dm3,60-100cm,1.28
5219506,cec_cmol_kg,0-5cm,10.8
5219506,cec_cmol_kg,5-15cm,9.7
5219506,cec_cmol_kg,15-30cm,7.3
5219506,cec_cmol_kg,30-60cm,7.1
5219506,cec_cmol_kg,60-100cm,6.5
5219712,clay_pct,0-5cm,30.5
5219712,clay_pct,5-15cm,31.8
5219712,clay_pct,15-30cm,37.2
5219712,clay_pct,30-60cm,43.9
5219712,clay_pct,60-100cm,44.0
5219712,sand_pct,0-5cm,49.4
5219712,sand_pct,5-15cm,49.7
5219712,sand_pct,15-30cm,45.7
5219712,sand_pct,30-60cm,40.7
5219712,sand_pct,60-100cm,40.5
5219712,silt_pct,0-5cm,20.1
5219712,silt_pct,5-15cm,18.5
5219712,silt_pct,15-30cm,17.1
5219712,silt_pct,30-60cm,15.4
5219712,silt_pct,60-100cm,15.5
5219712,soc_pct,0-5cm,2.01
5219712,soc_pct,5-15cm,2.09
5219712,soc_pct,15-30cm,1.18
5219712,soc_pct,30-60cm,0.81
5219712,soc_pct,60-100cm,0.5
5219712,ph_h2o,0-5cm,5.5
5219712,ph_h2o,5-15cm,5.5
5219712,ph_h2o,15-30cm,5.5
5219712,ph_h2o,30-60cm,5.6
5219712,ph_h2o,60-100cm,5.7
5219712,bd_kg_dm3,0-5cm,1.31
5219712,bd_kg_dm3,5-15cm,1.33
5219712,bd_kg_dm3,15-30cm,1.36
5219712,bd_kg_dm3,30-60cm,1.34
5219712,bd_kg_dm3,60-100cm,1.33
5219712,cec_cmol_kg,0-5cm,10.2
5219712,cec_cmol_kg,5-15cm,9.0
5219712,cec_cmol_kg,15-30cm,7.8
5219712,cec_cmol_kg,30-60cm,7.7
5219712,cec_cmol_kg,60-100cm,7.3
5219738,clay_pct,0-5cm,33.9
5219738,clay_pct,5-15cm,36.4
5219738,clay_pct,15-30cm,41.0
5219738,clay_pct,30-60cm,45.5
5219738,clay_pct,60-100cm,46.9
5219738,sand_pct,0-5cm,40.0
5219738,sand_pct,5-15cm,44.0
5219738,sand_pct,15-30cm,40.5
5219738,sand_pct,30-60cm,36.9
5219738,sand_pct,60-100cm,35.4
5219738,silt_pct,0-5cm,26.0
5219738,silt_pct,5-15cm,19.5
5219738,silt_pct,15-30cm,18.5
5219738,silt_pct,30-60cm,17.6
5219738,silt_pct,60-100cm,17.6
5219738,soc_pct,0-5cm,2.41
5219738,soc_pct,5-15cm,2.18
5219738,soc_pct,15-30cm,1.46
5219738,soc_pct,30-60cm,1.04
5219738,soc_pct,60-100cm,0.73
5219738,ph_h2o,0-5cm,5.5
5219738,ph_h2o,5-15cm,5.5
5219738,ph_h2o,15-30cm,5.6
5219738,ph_h2o,30-60cm,5.6
5219738,ph_h2o,60-100cm,5.8
5219738,bd_kg_dm3,0-5cm,1.27
5219738,bd_kg_dm3,5-15cm,1.29
5219738,bd_kg_dm3,15-30cm,1.3
5219738,bd_kg_dm3,30-60cm,1.28
5219738,bd_kg_dm3,60-100cm,1.27
5219738,cec_cmol_kg,0-5cm,10.9
5219738,cec_cmol_kg,5-15cm,9.1
5219738,cec_cmol_kg,15-30cm,7.4
5219738,cec_cmol_kg,30-60cm,6.5
5219738,cec_cmol_kg,60-100cm,6.0
5219308,clay_pct,0-5cm,28.2
5219308,clay_pct,5-15cm,30.6
5219308,clay_pct,15-30cm,34.0
5219308,clay_pct,30-60cm,41.4
5219308,clay_pct,60-100cm,41.6
5219308,sand_pct,0-5cm,50.9
5219308,sand_pct,5-15cm,50.2
5219308,sand_pct,15-30cm,47.3
5219308,sand_pct,30-60cm,42.0
5219308,sand_pct,60-100cm,41.7
5219308,silt_pct,0-5cm,21.0
5219308,silt_pct,5-15cm,19.2
5219308,silt_pct,15-30cm,18.8
5219308,silt_pct,30-60cm,16.7
5219308,silt_pct,60-100cm,16.7
5219308,soc_pct,0-5cm,2.47
5219308,soc_pct,5-15cm,2.16
5219308,soc_pct,15-30cm,1.11
5219308,soc_pct,30-60cm,0.7
5219308,soc_pct,60-100cm,0.5
5219308,ph_h2o,0-5cm,5.5
5219308,ph_h2o,5-15cm,5.5
5219308,ph_h2o,15-30cm,5.6
5219308,ph_h2o,30-60cm,5.6
5219308,ph_h2o,60-100cm,5.8
5219308,bd_kg_dm3,0-5cm,1.3
5219308,bd_kg_dm3,5-15cm,1.31
5219308,bd_kg_dm3,15-30cm,1.34
5219308,bd_kg_dm3,30-60cm,1.3
5219308,bd_kg_dm3,60-100cm,1.31
5219308,cec_cmol_kg,0-5cm,10.5
5219308,cec_cmol_kg,5-15cm,9.1
5219308,cec_cmol_kg,15-30cm,7.4
5219308,cec_cmol_kg,30-60cm,8.1
5219308,cec_cmol_kg,60-100cm,7.6
5219704,clay_pct,0-5cm,24.5
5219704,clay_pct,5-15cm,25.4
5219704,clay_pct,15-30cm,30.2
5219704,clay_pct,30-60cm,36.2
5219704,clay_pct,60-100cm,37.4
5219704,sand_pct,0-5cm,58.1
5219704,sand_pct,5-15cm,56.5
5219704,sand_pct,15-30cm,52.8
5219704,sand_pct,30-60cm,47.6
5219704,sand_pct,60-100cm,46.6
5219704,silt_pct,0-5cm,17.4
5219704,silt_pct,5-15cm,18.1
5219704,silt_pct,15-30cm,16.9
5219704,silt_pct,30-60cm,16.2
5219704,silt_pct,60-100cm,16.0
5219704,soc_pct,0-5cm,2.1
5219704,soc_pct,5-15cm,2.0
5219704,soc_pct,15-30cm,0.95
5219704,soc_pct,30-60cm,0.64
5219704,soc_pct,60-100cm,0.43
5219704,ph_h2o,0-5cm,5.6
5219704,ph_h2o,5-15cm,5.7
5219704,ph_h2o,15-30cm,5.7
5219704,ph_h2o,30-60cm,5.7
5219704,ph_h2o,60-100cm,5.8
5219704,bd_kg_dm3,0-5cm,1.26
5219704,bd_kg_dm3,5-15cm,1.3
5219704,bd_kg_dm3,15-30cm,1.33
5219704,bd_kg_dm3,30-60cm,1.33
5219704,bd_kg_dm3,60-100cm,1.34
5219704,cec_cmol_kg,0-5cm,10.4
5219704,cec_cmol_kg,5-15cm,9.6
5219704,cec_cmol_kg,15-30cm,8.1
5219704,cec_cmol_kg,30-60cm,7.5
5219704,cec_cmol_kg,60-100cm,6.6
5219753,clay_pct,0-5cm,44.6
5219753,clay_pct,5-15cm,48.7
5219753,clay_pct,15-30cm,48.5
5219753,clay_pct,30-60cm,51.9
5219753,clay_pct,60-100cm,53.0
5219753,sand_pct,0-5cm,27.8
5219753,sand_pct,5-15cm,26.5
5219753,sand_pct,15-30cm,26.6
5219753,sand_pct,30-60cm,24.6
5219753,sand_pct,60-100cm,24.4
5219753,silt_pct,0-5cm,27.6
5219753,silt_pct,5-15cm,24.8
5219753,silt_pct,15-30cm,24.9
5219753,silt_pct,30-60cm,23.5
5219753,silt_pct,60-100cm,22.6
5219753,soc_pct,0-5cm,2.5
5219753,soc_pct,5-15cm,2.16
5219753,soc_pct,15-30cm,1.37
5219753,soc_pct,30-60cm,0.88
5219753,soc_pct,60-100cm,0.72
5219753,ph_h2o,0-5cm,5.3
5219753,ph_h2o,5-15cm,5.3
5219753,ph_h2o,15-30cm,5.3
5219753,ph_h2o,30-60cm,5.3
5219753,ph_h2o,60-100cm,5.4
5219753,bd_kg_dm3,0-5cm,1.2
5219753,bd_kg_dm3,5-15cm,1.21
5219753,bd_kg_dm3,15-30cm,1.21
5219753,bd_kg_dm3,30-60cm,1.18
5219753,bd_kg_dm3,60-100cm,1.15
5219753,cec_cmol_kg,0-5cm,10.3
5219753,cec_cmol_kg,5-15cm,8.8
5219753,cec_cmol_kg,15-30cm,6.9
5219753,cec_cmol_kg,30-60cm,6.4
5219753,cec_cmol_kg,60-100cm,5.6
5219803,clay_pct,0-5cm,39.4
5219803,clay_pct,5-15cm,42.8
5219803,clay_pct,15-30cm,43.0
5219803,clay_pct,30-60cm,43.7
5219803,clay_pct,60-100cm,45.5
5219803,sand_pct,0-5cm,23.5
5219803,sand_pct,5-15cm,22.6
5219803,sand_pct,15-30cm,23.2
5219803,sand_pct,30-60cm,23.2
5219803,sand_pct,60-100cm,22.7
5219803,silt_pct,0-5cm,37.2
5219803,silt_pct,5-15cm,34.6
5219803,silt_pct,15-30cm,33.8
5219803,silt_pct,30-60cm,33.1
5219803,silt_pct,60-100cm,31.8
5219803,soc_pct,0-5cm,2.4
5219803,soc_pct,5-15cm,1.82
5219803,soc_pct,15-30cm,1.39
5219803,soc_pct,30-60cm,0.72
5219803,soc_pct,60-100cm,0.46
5219803,ph_h2o,0-5cm,6.0
5219803,ph_h2o,5-15cm,6.1
5219803,ph_h2o,15-30cm,6.1
5219803,ph_h2o,30-60cm,6.1
5219803,ph_h2o,60-100cm,6.2
5219803,bd_kg_dm3,0-5cm,1.34
5219803,bd_kg_dm3,5-15cm,1.36
5219803,bd_kg_dm3,15-30cm,1.38
5219803,bd_kg_dm3,30-60cm,1.37
5219803,bd_kg_dm3,60-100cm,1.36
5219803,cec_cmol_kg,0-5cm,11.2
5219803,cec_cmol_kg,5-15cm,10.8
5219803,cec_cmol_kg,15-30cm,10.0
5219803,cec_cmol_kg,30-60cm,9.5
5219803,cec_cmol_kg,60-100cm,9.7
5219407,clay_pct,0-5cm,27.0
5219407,clay_pct,5-15cm,28.5
5219407,clay_pct,15-30cm,29.3
5219407,clay_pct,30-60cm,32.5
5219407,clay_pct,60-100cm,31.9
5219407,sand_pct,0-5cm,58.5
5219407,sand_pct,5-15cm,57.7
5219407,sand_pct,15-30cm,57.2
5219407,sand_pct,30-60cm,54.5
5219407,sand_pct,60-100cm,55.1
5219407,silt_pct,0-5cm,14.5
5219407,silt_pct,5-15cm,13.9
5219407,silt_pct,15-30cm,13.4
5219407,silt_pct,30-60cm,13.1
5219407,silt_pct,60-100cm,13.0
5219407,soc_pct,0-5cm,1.92
5219407,soc_pct,5-15cm,1.68
5219407,soc_pct,15-30cm,0.93
5219407,soc_pct,30-60cm,0.65
5219407,soc_pct,60-100cm,0.39
5219407,ph_h2o,0-5cm,5.3
5219407,ph_h2o,5-15cm,5.3
5219407,ph_h2o,15-30cm,5.3
5219407,ph_h2o,30-60cm,5.3
5219407,ph_h2o,60-100cm,5.4
5219407,bd_kg_dm3,0-5cm,1.23
5219407,bd_kg_dm3,5-15cm,1.25
5219407,bd_kg_dm3,15-30cm,1.27
5219407,bd_kg_dm3,30-60cm,1.27
5219407,bd_kg_dm3,60-100cm,1.29
5219407,cec_cmol_kg,0-5cm,8.5
5219407,cec_cmol_kg,5-15cm,6.9
5219407,cec_cmol_kg,15-30cm,5.0
5219407,cec_cmol_kg,30-60cm,4.4
5219407,cec_cmol_kg,60-100cm,4.0
5220058,clay_pct,0-5cm,30.0
5220058,clay_pct,5-15cm,30.5
5220058,clay_pct,15-30cm,33.1
5220058,clay_pct,30-60cm,40.8
5220058,clay_pct,60-100cm,42.1
5220058,sand_pct,0-5cm,50.5
5220058,sand_pct,5-15cm,52.6
5220058,sand_pct,15-30cm,50.5
5220058,sand_pct,30-60cm,44.3
5220058,sand_pct,60-100cm,43.7
5220058,silt_pct,0-5cm,19.5
5220058,silt_pct,5-15cm,17.0
5220058,silt_pct,15-30cm,16.4
5220058,silt_pct,30-60cm,14.9
5220058,silt_pct,60-100cm,14.2
5220058,soc_pct,0-5cm,2.27
5220058,soc_pct,5-15cm,2.19
5220058,soc_pct,15-30cm,1.1
5220058,soc_pct,30-60cm,0.74
5220058,soc_pct,60-100cm,0.55
5220058,ph_h2o,0-5cm,5.5
5220058,ph_h2o,5-15cm,5.5
5220058,ph_h2o,15-30cm,5.5
5220058,ph_h2o,30-60cm,5.6
5220058,ph_h2o,60-100cm,5.7
5220058,bd_kg_dm3,0-5cm,1.31
5220058,bd_kg_dm3,5-15cm,1.32
5220058,bd_kg_dm3,15-30cm,1.35
5220058,bd_kg_dm3,30-60cm,1.34
5220058,bd_kg_dm3,60-100cm,1.33
5220058,cec_cmol_kg,0-5cm,8.9
5220058,cec_cmol_kg,5-15cm,7.4
5220058,cec_cmol_kg,15-30cm,4.8
5220058,cec_cmol_kg,30-60cm,4.2
5220058,cec_cmol_kg,60-100cm,3.7
5219605,clay_pct,0-5cm,21.1
5219605,clay_pct,5-15cm,23.0
5219605,clay_pct,15-30cm,27.7
5219605,clay_pct,30-60cm,37.6
5219605,clay_pct,60-100cm,39.6
5219605,sand_pct,0-5cm,62.4
5219605,sand_pct,5-15cm,60.9
5219605,sand_pct,15-30cm,56.9
5219605,sand_pct,30-60cm,48.7
5219605,sand_pct,60-100cm,46.7
5219605,silt_pct,0-5cm,16.5
5219605,silt_pct,5-15cm,16.1
5219605,silt_pct,15-30cm,15.4
5219605,silt_pct,30-60cm,13.7
5219605,silt_pct,60-100cm,13.6
5219605,soc_pct,0-5cm,1.82
5219605,soc_pct,5-15cm,1.81
5219605,soc_pct,15-30cm,0.94
5219605,soc_pct,30-60cm,0.55
5219605,soc_pct,60-100cm,0.4
5219605,ph_h2o,0-5cm,5.4
5219605,ph_h2o,5-15cm,5.4
5219605,ph_h2o,15-30cm,5.4
5219605,ph_h2o,30-60cm,5.4
5219605,ph_h2o,60-100cm,5.5
5219605,bd_kg_dm3,0-5cm,1.28
5219605,bd_kg_dm3,5-15cm,1.32
5219605,bd_kg_dm3,15-30cm,1.35
5219605,bd_kg_dm3,30-60cm,1.34
5219605,bd_kg_dm3,60-100cm,1.33
5219605,cec_cmol_kg,0-5cm,9.5
5219605,cec_cmol_kg,5-15cm,9.1
5219605,cec_cmol_kg,15-30cm,6.9
5219605,cec_cmol_kg,30-60cm,6.0
5219605,cec_cmol_kg,60-100cm,5.4
5220108,clay_pct,0-5cm,27.3
5220108,clay_pct,5-15cm,28.5
5220108,clay_pct,15-30cm,34.6
5220108,clay_pct,30-60cm,39.7
5220108,clay_pct,60-100cm,40.1
5220108,sand_pct,0-5cm,52.9
5220108,sand_pct,5-15cm,52.8
5220108,sand_pct,15-30cm,48.4
5220108,sand_pct,30-60cm,44.5
5220108,sand_pct,60-100cm,44.6
5220108,silt_pct,0-5cm,19.8
5220108,silt_pct,5-15cm,18.7
5220108,silt_pct,15-30cm,17.0
5220108,silt_pct,30-60cm,15.7
5220108,silt_pct,60-100cm,15.2
5220108,soc_pct,0-5cm,2.78
5220108,soc_pct,5-15cm,2.25
5220108,soc_pct,15-30cm,1.4
5220108,soc_pct,30-60cm,0.78
5220108,soc_pct,60-100cm,0.62
5220108,ph_h2o,0-5cm,5.8
5220108,ph_h2o,5-15cm,5.8
5220108,ph_h2o,15-30cm,5.9
5220108,ph_h2o,30-60cm,5.9
5220108,ph_h2o,60-100cm,6.0
5220108,bd_kg_dm3,0-5cm,1.26
5220108,bd_kg_dm3,5-15cm,1.28
5220108,bd_kg_dm3,15-30cm,1.32
5220108,bd_kg_dm3,30-60cm,1.3
5220108,bd_kg_dm3,60-100cm,1.3
5220108,cec_cmol_kg,0-5cm,13.3
5220108,cec_cmol_kg,5-15cm,11.6
5220108,cec_cmol_kg,15-30cm,9.2
5220108,cec_cmol_kg,30-60cm,8.4
5220108,cec_cmol_kg,60-100cm,7.8
5220009,clay_pct,0-5cm,45.3
5220009,clay_pct,5-15cm,47.0
5220009,clay_pct,15-30cm,45.4
5220009,clay_pct,30-60cm,50.5
5220009,clay_pct,60-100cm,53.1
5220009,sand_pct,0-5cm,28.0
5220009,sand_pct,5-15cm,27.9
5220009,sand_pct,15-30cm,28.3
5220009,sand_pct,30-60cm,24.8
5220009,sand_pct,60-100cm,23.8
5220009,silt_pct,0-5cm,26.7
5220009,silt_pct,5-15cm,25.1
5220009,silt_pct,15-30cm,26.3
5220009,silt_pct,30-60cm,24.6
5220009,silt_pct,60-100cm,23.1
5220009,soc_pct,0-5cm,2.45
5220009,soc_pct,5-15cm,2.21
5220009,soc_pct,15-30cm,1.46
5220009,soc_pct,30-60cm,1.17
5220009,soc_pct,60-100cm,0.71
5220009,ph_h2o,0-5cm,5.4
5220009,ph_h2o,5-15cm,5.3
5220009,ph_h2o,15-30cm,5.4
5220009,ph_h2o,30-60cm,5.4
5220009,ph_h2o,60-100cm,5.4
5220009,bd_kg_dm3,0-5cm,1.24
5220009,bd_kg_dm3,5-15cm,1.26
5220009,bd_kg_dm3,15-30cm,1.27
5220009,bd_kg_dm3,30-60cm,1.25
5220009,bd_kg_dm3,60-100cm,1.23
5220009,cec_cmol_kg,0-5cm,10.1
5220009,cec_cmol_kg,5-15cm,8.1
5220009,cec_cmol_kg,15-30cm,6.4
5220009,cec_cmol_kg,30-60cm,5.7
5220009,cec_cmol_kg,60-100cm,4.9
5219902,clay_pct,0-5cm,36.3
5219902,clay_pct,5-15cm,36.6
5219902,clay_pct,15-30cm,40.6
5219902,clay_pct,30-60cm,45.1
5219902,clay_pct,60-100cm,47.9
5219902,sand_pct,0-5cm,41.4
5219902,sand_pct,5-15cm,44.3
5219902,sand_pct,15-30cm,41.5
5219902,sand_pct,30-60cm,38.1
5219902,sand_pct,60-100cm,36.4
5219902,silt_pct,0-5cm,22.4
5219902,silt_pct,5-15cm,19.1
5219902,silt_pct,15-30cm,17.9
5219902,silt_pct,30-60cm,16.8
5219902,silt_pct,60-100cm,15.8
5219902,soc_pct,0-5cm,2.62
5219902,soc_pct,5-15cm,2.22
5219902,soc_pct,15-30cm,1.47
5219902,soc_pct,30-60cm,0.95
5219902,soc_pct,60-100cm,0.63
5219902,ph_h2o,0-5cm,5.6
5219902,ph_h2o,5-15cm,5.5
5219902,ph_h2o,15-30cm,5.5
5219902,ph_h2o,30-60cm,5.6
5219902,ph_h2o,60-100cm,5.7
5219902,bd_kg_dm3,0-5cm,1.28
5219902,bd_kg_dm3,5-15cm,1.29
5219902,bd_kg_dm3,15-30cm,1.31
5219902,bd_kg_dm3,30-60cm,1.26
5219902,bd_kg_dm3,60-100cm,1.24
5219902,cec_cmol_kg,0-5cm,9.9
5219902,cec_cmol_kg,5-15cm,8.6
5219902,cec_cmol_kg,15-30cm,5.8
5219902,cec_cmol_kg,30-60cm,5.2
5219902,cec_cmol_kg,60-100cm,4.3
5220405,clay_pct,0-5cm,23.1
5220405,clay_pct,5-15cm,23.0
5220405,clay_pct,15-30cm,25.1
5220405,clay_pct,30-60cm,29.2
5220405,clay_pct,60-100cm,28.1
5220405,sand_pct,0-5cm,65.6
5220405,sand_pct,5-15cm,65.8
5220405,sand_pct,15-30cm,63.6
5220405,sand_pct,30-60cm,60.1
5220405,sand_pct,60-100cm,61.2
5220405,silt_pct,0-5cm,11.2
5220405,silt_pct,5-15cm,11.2
5220405,silt_pct,15-30cm,11.3
5220405,silt_pct,30-60cm,10.7
5220405,silt_pct,60-100cm,10.6
5220405,soc_pct,0-5cm,1.94
5220405,soc_pct,5-15cm,1.58
5220405,soc_pct,15-30cm,1.0
5220405,soc_pct,30-60cm,0.97
5220405,soc_pct,60-100cm,0.36
5220405,ph_h2o,0-5cm,5.4
5220405,ph_h2o,5-15cm,5.4
5220405,ph_h2o,15-30cm,5.4
5220405,ph_h2o,30-60cm,5.4
5220405,ph_h2o,60-100cm,5.4
5220405,cec_cmol_kg,0-5cm,8.9
5220405,cec_cmol_kg,5-15cm,6.8
5220405,cec_cmol_kg,15-30cm,5.1
5220405,cec_cmol_kg,30-60cm,4.6
5220405,cec_cmol_kg,60-100cm,4.1
5220157,clay_pct,0-5cm,30.1
5220157,clay_pct,5-15cm,33.0
5220157,clay_pct,15-30cm,36.3
5220157,clay_pct,30-60cm,44.9
5220157,clay_pct,60-100cm,45.2
5220157,sand_pct,0-5cm,42.8
5220157,sand_pct,5-15cm,41.0
5220157,sand_pct,15-30cm,38.8
5220157,sand_pct,30-60cm,32.5
5220157,sand_pct,60-100cm,33.6
5220157,silt_pct,0-5cm,27.1
5220157,silt_pct,5-15cm,26.0
5220157,silt_pct,15-30cm,24.9
5220157,silt_pct,30-60cm,22.5
5220157,silt_pct,60-100cm,21.2
5220157,soc_pct,0-5cm,2.0
5220157,soc_pct,5-15cm,1.92
5220157,soc_pct,15-30cm,1.01
5220157,soc_pct,30-60cm,0.58
5220157,soc_pct,60-100cm,0.44
5220157,ph_h2o,0-5cm,5.6
5220157,ph_h2o,5-15cm,5.6
5220157,ph_h2o,15-30cm,5.6
5220157,ph_h2o,30-60cm,5.7
5220157,ph_h2o,60-100cm,5.8
5220157,bd_kg_dm3,0-5cm,1.29
5220157,bd_kg_dm3,5-15cm,1.32
5220157,bd_kg_dm3,15-30cm,1.33
5220157,bd_kg_dm3,30-60cm,1.3
5220157,bd_kg_dm3,60-100cm,1.29
5220207,clay_pct,0-5cm,17.2
5220207,clay_pct,5-15cm,23.4
5220207,clay_pct,15-30cm,24.0
5220207,clay_pct,30-60cm,28.3
5220207,clay_pct,60-100cm,29.6
5220207,sand_pct,0-5cm,70.9
5220207,sand_pct,5-15cm,64.7
5220207,sand_pct,15-30cm,64.9
5220207,sand_pct,30-60cm,61.1
5220207,sand_pct,60-100cm,60.5
5220207,silt_pct,0-5cm,11.8
5220207,silt_pct,5-15cm,11.8
5220207,silt_pct,15-30cm,11.1
5220207,silt_pct,30-60cm,10.6
5220207,silt_pct,60-100cm,9.9
5220207,soc_pct,0-5cm,2.11
5220207,soc_pct,5-15cm,1.94
5220207,soc_pct,15-30cm,0.86
5220207,soc_pct,30-60cm,0.55
5220207,soc_pct,60-100cm,0.37
5220207,ph_h2o,0-5cm,5.3
5220207,ph_h2o,5-15cm,5.2
5220207,ph_h2o,15-30cm,5.3
5220207,ph_h2o,30-60cm,5.3
5220207,ph_h2o,60-100cm,5.4
5220207,bd_kg_dm3,0-5cm,1.27
5220207,bd_kg_dm3,5-15cm,1.32
5220207,bd_kg_dm3,15-30cm,1.33
5220207,bd_kg_dm3,30-60cm,1.36
5220207,bd_kg_dm3,60-100cm,1.39
5220207,cec_cmol_kg,0-5cm,11.4
5220207,cec_cmol_kg,5-15cm,9.8
5220207,cec_cmol_kg,15-30cm,7.8
5220207,cec_cmol_kg,30-60cm,7.4
5220207,cec_cmol_kg,60-100cm,6.9
5220264,clay_pct,0-5cm,36.4
5220264,clay_pct,5-15cm,39.6
5220264,clay_pct,15-30cm,41.6
5220264,clay_pct,30-60cm,47.7
5220264,clay_pct,60-100cm,47.8
5220264,sand_pct,0-5cm,40.0
5220264,sand_pct,5-15cm,40.8
5220264,sand_pct,15-30cm,39.0
5220264,sand_pct,30-60cm,34.9
5220264,sand_pct,60-100cm,34.7
5220264,silt_pct,0-5cm,23.6
5220264,silt_pct,5-15cm,19.6
5220264,silt_pct,15-30cm,19.5
5220264,silt_pct,30-60cm,17.4
5220264,silt_pct,60-100cm,17.6
5220264,soc_pct,0-5cm,2.66
5220264,soc_pct,5-15cm,2.11
5220264,soc_pct,15-30cm,1.51
5220264,soc_pct,30-60cm,0.98
5220264,soc_pct,60-100cm,0.66
5220264,ph_h2o,0-5cm,5.3
5220264,ph_h2o,5-15cm,5.3
5220264,ph_h2o,15-30cm,5.4
5220264,ph_h2o,30-60cm,5.4
5220264,ph_h2o,60-100cm,5.5
5220264,bd_kg_dm3,0-5cm,1.26
5220264,bd_kg_dm3,5-15cm,1.27
5220264,bd_kg_dm3,15-30cm,1.3
5220264,bd_kg_dm3,30-60cm,1.27
5220264,bd_kg_dm3,60-100cm,1.27
5220264,cec_cmol_kg,0-5cm,8.5
5220264,cec_cmol_kg,5-15cm,7.9
5220264,cec_cmol_kg,15-30cm,5.5
5220264,cec_cmol_kg,30-60cm,4.3
5220264,cec_cmol_kg,60-100cm,3.6
5220454,clay_pct,0-5cm,
5220454,clay_pct,5-15cm,
5220454,clay_pct,15-30cm,
5220454,clay_pct,30-60cm,
5220454,clay_pct,60-100cm,
5220454,sand_pct,0-5cm,
5220454,sand_pct,5-15cm,
5220454,sand_pct,15-30cm,
5220454,sand_pct,30-60cm,
5220454,sand_pct,60-100cm,
5220454,silt_pct,0-5cm,
5220454,silt_pct,5-15cm,
5220454,silt_pct,15-30cm,
5220454,silt_pct,30-60cm,
5220454,silt_pct,60-100cm,
5220454,soc_pct,0-5cm,
5220454,soc_pct,5-15cm,
5220454,soc_pct,15-30cm,
5220454,soc_pct,30-60cm,
5220454,soc_pct,60-100cm,
5220454,ph_h2o,0-5cm,
5220454,ph_h2o,5-15cm,
5220454,ph_h2o,15-30cm,
5220454,ph_h2o,30-60cm,
5220454,ph_h2o,60-100cm,
5220454,bd_kg_dm3,0-5cm,
5220454,bd_kg_dm3,5-15cm,
5220454,bd_kg_dm3,15-30cm,
5220454,bd_kg_dm3,30-60cm,
5220454,bd_kg_dm3,60-100cm,
5220454,cec_cmol_kg,0-5cm,
5220454,cec_cmol_kg,5-15cm,
5220454,cec_cmol_kg,15-30cm,
5220454,cec_cmol_kg,30-60cm,
5220454,cec_cmol_kg,60-100cm,
5220280,clay_pct,0-5cm,32.8
5220280,clay_pct,5-15cm,35.7
5220280,clay_pct,15-30cm,37.4
5220280,clay_pct,30-60cm,42.0
5220280,clay_pct,60-100cm,41.3
5220280,sand_pct,0-5cm,42.2
5220280,sand_pct,5-15cm,41.3
5220280,sand_pct,15-30cm,40.3
5220280,sand_pct,30-60cm,37.0
5220280,sand_pct,60-100cm,36.7
5220280,silt_pct,0-5cm,25.0
5220280,silt_pct,5-15cm,22.9
5220280,silt_pct,15-30cm,22.3
5220280,silt_pct,30-60cm,21.0
5220280,silt_pct,60-100cm,22.0
5220280,soc_pct,0-5cm,2.28
5220280,soc_pct,5-15cm,2.03
5220280,soc_pct,15-30cm,1.26
5220280,soc_pct,30-60cm,0.7
5220280,soc_pct,60-100cm,0.54
5220280,ph_h2o,0-5cm,5.6
5220280,ph_h2o,5-15cm,5.6
5220280,ph_h2o,15-30cm,5.6
5220280,ph_h2o,30-60cm,5.7
5220280,ph_h2o,60-100cm,5.7
5220280,bd_kg_dm3,0-5cm,1.29
5220280,bd_kg_dm3,5-15cm,1.31
5220280,bd_kg_dm3,15-30cm,1.33
5220280,bd_kg_dm3,30-60cm,1.31
5220280,bd_kg_dm3,60-100cm,1.29
5220280,cec_cmol_kg,0-5cm,11.3
5220280,cec_cmol_kg,5-15cm,10.1
5220280,cec_cmol_kg,15-30cm,8.3
5220280,cec_cmol_kg,30-60cm,7.8
5220280,cec_cmol_kg,60-100cm,7.2
5220603,clay_pct,0-5cm,34.4
5220603,clay_pct,5-15cm,36.0
5220603,clay_pct,15-30cm,35.9
5220603,clay_pct,30-60cm,37.3
5220603,clay_pct,60-100cm,39.0
5220603,sand_pct,0-5cm,40.7
5220603,sand_pct,5-15cm,41.9
5220603,sand_pct,15-30cm,42.3
5220603,sand_pct,30-60cm,40.8
5220603,sand_pct,60-100cm,39.7
5220603,silt_pct,0-5cm,24.8
5220603,silt_pct,5-15cm,22.0
5220603,silt_pct,15-30cm,21.7
5220603,silt_pct,30-60cm,21.9
5220603,silt_pct,60-100cm,21.3
5220603,soc_pct,0-5cm,2.45
5220603,soc_pct,5-15cm,2.14
5220603,soc_pct,15-30cm,1.54
5220603,soc_pct,30-60cm,1.03
5220603,soc_pct,60-100cm,0.84
5220603,ph_h2o,0-5cm,5.5
5220603,ph_h2o,5-15cm,5.5
5220603,ph_h2o,15-30cm,5.5
5220603,ph_h2o,30-60cm,5.6
5220603,ph_h2o,60-100cm,5.7
5220603,bd_kg_dm3,0-5cm,1.24
5220603,bd_kg_dm3,5-15cm,1.26
5220603,bd_kg_dm3,15-30cm,1.28
5220603,bd_kg_dm3,30-60cm,1.29
5220603,bd_kg_dm3,60-100cm,1.29
5220603,cec_cmol_kg,0-5cm,11.1
5220603,cec_cmol_kg,5-15cm,9.2
5220603,cec_cmol_kg,15-30cm,7.2
5220603,cec_cmol_kg,30-60cm,6.5
5220603,cec_cmol_kg,60-100cm,6.0
5220702,clay_pct,0-5cm,33.4
5220702,clay_pct,5-15cm,35.5
5220702,clay_pct,15-30cm,41.5
5220702,clay_pct,30-60cm,54.5
5220702,clay_pct,60-100cm,54.0
5220702,sand_pct,0-5cm,40.7
5220702,sand_pct,5-15cm,39.7
5220702,sand_pct,15-30cm,35.8
5220702,sand_pct,30-60cm,26.8
5220702,sand_pct,60-100cm,26.3
5220702,silt_pct,0-5cm,25.9
5220702,silt_pct,5-15cm,24.7
5220702,silt_pct,15-30cm,22.8
5220702,silt_pct,30-60cm,18.7
5220702,silt_pct,60-100cm,19.7
5220702,soc_pct,0-5cm,2.33
5220702,soc_pct,5-15cm,1.83
5220702,soc_pct,15-30cm,1.71
5220702,soc_pct,30-60cm,1.07
5220702,soc_pct,60-100cm,0.59
5220702,ph_h2o,0-5cm,5.3
5220702,ph_h2o,5-15cm,5.3
5220702,ph_h2o,15-30cm,5.3
5220702,ph_h2o,30-60cm,5.3
5220702,ph_h2o,60-100cm,5.3
5220702,bd_kg_dm3,0-5cm,1.26
5220702,bd_kg_dm3,5-15cm,1.28
5220702,bd_kg_dm3,15-30cm,1.3
5220702,bd_kg_dm3,30-60cm,1.28
5220702,bd_kg_dm3,60-100cm,1.26
5220702,cec_cmol_kg,0-5cm,10.1
5220702,cec_cmol_kg,5-15cm,7.5
5220702,cec_cmol_kg,15-30cm,6.4
5220702,cec_cmol_kg,30-60cm,6.1
5220702,cec_cmol_kg,60-100cm,5.5
5221197,clay_pct,0-5cm,32.8
5221197,clay_pct,5-15cm,37.0
5221197,clay_pct,15-30cm,39.5
5221197,clay_pct,30-60cm,46.4
5221197,clay_pct,60-100cm,46.8
5221197,sand_pct,0-5cm,43.5
5221197,sand_pct,5-15cm,43.2
5221197,sand_pct,15-30cm,41.5
5221197,sand_pct,30-60cm,36.5
5221197,sand_pct,60-100cm,35.7
5221197,silt_pct,0-5cm,23.7
5221197,silt_pct,5-15cm,19.9
5221197,silt_pct,15-30cm,19.0
5221197,silt_pct,30-60cm,17.0
5221197,silt_pct,60-100cm,17.4
5221197,soc_pct,0-5cm,2.2
5221197,soc_pct,5-15cm,2.16
5221197,soc_pct,15-30cm,1.39
5221197,soc_pct,30-60cm,0.89
5221197,soc_pct,60-100cm,0.66
5221197,ph_h2o,0-5cm,5.5
5221197,ph_h2o,5-15cm,5.5
5221197,ph_h2o,15-30cm,5.6
5221197,ph_h2o,30-60cm,5.6
5221197,ph_h2o,60-100cm,5.7
5221197,bd_kg_dm3,0-5cm,1.3
5221197,bd_kg_dm3,5-15cm,1.31
5221197,bd_kg_dm3,15-30cm,1.31
5221197,bd_kg_dm3,30-60cm,1.3
5221197,bd_kg_dm3,60-100cm,1.29
5221197,cec_cmol_kg,0-5cm,10.2
5221197,cec_cmol_kg,5-15cm,8.9
5221197,cec_cmol_kg,15-30cm,7.0
5221197,cec_cmol_kg,30-60cm,6.3
5221197,cec_cmol_kg,60-100cm,5.7
5220504,clay_pct,0-5cm,22.0
5220504,clay_pct,5-15cm,21.5
5220504,clay_pct,15-30cm,21.5
5220504,clay_pct,30-60cm,28.2
5220504,clay_pct,60-100cm,29.1
5220504,sand_pct,0-5cm,63.0
5220504,sand_pct,5-15cm,64.1
5220504,sand_pct,15-30cm,64.0
5220504,sand_pct,30-60cm,58.1
5220504,sand_pct,60-100cm,57.1
5220504,silt_pct,0-5cm,15.0
5220504,silt_pct,5-15cm,14.5
5220504,silt_pct,15-30cm,14.5
5220504,silt_pct,30-60cm,13.7
5220504,silt_pct,60-100cm,13.9
5220504,soc_pct,0-5cm,2.43
5220504,soc_pct,5-15cm,1.82
5220504,soc_pct,15-30cm,1.47
5220504,soc_pct,30-60cm,0.66
5220504,soc_pct,60-100cm,0.43
5220504,ph_h2o,0-5cm,5.3
5220504,ph_h2o,5-15cm,5.3
5220504,ph_h2o,15-30cm,5.3
5220504,ph_h2o,30-60cm,5.3
5220504,ph_h2o,60-100cm,5.4
5220504,bd_kg_dm3,0-5cm,1.29
5220504,bd_kg_dm3,5-15cm,1.3
5220504,bd_kg_dm3,15-30cm,1.34
5220504,bd_kg_dm3,30-60cm,1.3
5220504,bd_kg_dm3,60-100cm,1.31
5220504,cec_cmol_kg,0-5cm,8.5
5220504,cec_cmol_kg,5-15cm,6.8
5220504,cec_cmol_kg,15-30cm,5.7
5220504,cec_cmol_kg,30-60cm,5.4
5220504,cec_cmol_kg,60-100cm,5.2
5221007,clay_pct,0-5cm,35.5
5221007,clay_pct,5-15cm,38.9
5221007,clay_pct,15-30cm,42.6
5221007,clay_pct,30-60cm,45.5
5221007,clay_pct,60-100cm,45.6
5221007,sand_pct,0-5cm,40.7
5221007,sand_pct,5-15cm,41.1
5221007,sand_pct,15-30cm,38.6
5221007,sand_pct,30-60cm,36.7
5221007,sand_pct,60-100cm,37.0
5221007,silt_pct,0-5cm,23.8
5221007,silt_pct,5-15cm,20.0
5221007,silt_pct,15-30cm,18.7
5221007,silt_pct,30-60cm,17.7
5221007,silt_pct,60-100cm,17.3
5221007,soc_pct,0-5cm,2.36
5221007,soc_pct,5-15cm,2.09
5221007,soc_pct,15-30cm,1.43
5221007,soc_pct,30-60cm,1.06
5221007,soc_pct,60-100cm,0.76
5221007,ph_h2o,0-5cm,5.7
5221007,ph_h2o,5-15cm,5.7
5221007,ph_h2o,15-30cm,5.7
5221007,ph_h2o,30-60cm,5.8
5221007,ph_h2o,60-100cm,5.9
5221007,bd_kg_dm3,0-5cm,1.27
5221007,bd_kg_dm3,5-15cm,1.28
5221007,bd_kg_dm3,15-30cm,1.31
5221007,bd_kg_dm3,30-60cm,1.25
5221007,bd_kg_dm3,60-100cm,1.25
5221007,cec_cmol_kg,0-5cm,10.3
5221007,cec_cmol_kg,5-15cm,9.4
5221007,cec_cmol_kg,15-30cm,7.6
5221007,cec_cmol_kg,30-60cm,6.9
5221007,cec_cmol_kg,60-100cm,6.0
5221304,clay_pct,0-5cm,
5221304,clay_pct,5-15cm,
5221304,clay_pct,15-30cm,
5221304,clay_pct,30-60cm,
5221304,clay_pct,60-100cm,
5221304,sand_pct,0-5cm,
5221304,sand_pct,5-15cm,
5221304,sand_pct,15-30cm,
5221304,sand_pct,30-60cm,
5221304,sand_pct,60-100cm,
5221304,silt_pct,0-5cm,
5221304,silt_pct,5-15cm,
5221304,silt_pct,15-30cm,
5221304,silt_pct,30-60cm,
5221304,silt_pct,60-100cm,
5221304,soc_pct,0-5cm,
5221304,soc_pct,5-15cm,
5221304,soc_pct,15-30cm,
5221304,soc_pct,30-60cm,
5221304,soc_pct,60-100cm,
5221304,ph_h2o,0-5cm,
5221304,ph_h2o,5-15cm,
5221304,ph_h2o,15-30cm,
5221304,ph_h2o,30-60cm,
5221304,ph_h2o,60-100cm,
5221304,bd_kg_dm3,0-5cm,
5221304,bd_kg_dm3,5-15cm,
5221304,bd_kg_dm3,15-30cm,
5221304,bd_kg_dm3,30-60cm,
5221304,bd_kg_dm3,60-100cm,
5221304,cec_cmol_kg,0-5cm,
5221304,cec_cmol_kg,5-15cm,
5221304,cec_cmol_kg,15-30cm,
5221304,cec_cmol_kg,30-60cm,
5221304,cec_cmol_kg,60-100cm,
5221080,clay_pct,0-5cm,33.0
5221080,clay_pct,5-15cm,34.4
5221080,clay_pct,15-30cm,38.3
5221080,clay_pct,30-60cm,47.0
5221080,clay_pct,60-100cm,48.0
5221080,sand_pct,0-5cm,34.0
5221080,sand_pct,5-15cm,32.8
5221080,sand_pct,15-30cm,30.6
5221080,sand_pct,30-60cm,25.6
5221080,sand_pct,60-100cm,26.0
5221080,silt_pct,0-5cm,33.0
5221080,silt_pct,5-15cm,32.9
5221080,silt_pct,15-30cm,31.1
5221080,silt_pct,30-60cm,27.4
5221080,silt_pct,60-100cm,26.0
5221080,soc_pct,0-5cm,2.23
5221080,soc_pct,5-15cm,1.97
5221080,soc_pct,15-30cm,1.26
5221080,soc_pct,30-60cm,0.97
5221080,soc_pct,60-100cm,0.63
5221080,ph_h2o,0-5cm,5.6
5221080,ph_h2o,5-15cm,5.6
5221080,ph_h2o,15-30cm,5.6
5221080,ph_h2o,30-60cm,5.7
5221080,ph_h2o,60-100cm,5.8
5221080,bd_kg_dm3,0-5cm,1.28
5221080,bd_kg_dm3,5-15cm,1.31
5221080,bd_kg_dm3,15-30cm,1.31
5221080,bd_kg_dm3,30-60cm,1.3
5221080,bd_kg_dm3,60-100cm,1.3
5221080,cec_cmol_kg,0-5cm,13.0
5221080,cec_cmol_kg,5-15cm,13.4
5221080,cec_cmol_kg,15-30cm,12.6
5221080,cec_cmol_kg,30-60cm,12.6
5221080,cec_cmol_kg,60-100cm,12.4
5220686,clay_pct,0-5cm,29.1
5220686,clay_pct,5-15cm,29.1
5220686,clay_pct,15-30cm,36.2
5220686,clay_pct,30-60cm,49.3
5220686,clay_pct,60-100cm,52.7
5220686,sand_pct,0-5cm,31.7
5220686,sand_pct,5-15cm,30.3
5220686,sand_pct,15-30cm,26.9
5220686,sand_pct,30-60cm,21.2
5220686,sand_pct,60-100cm,19.6
5220686,silt_pct,0-5cm,39.2
5220686,silt_pct,5-15cm,40.6
5220686,silt_pct,15-30cm,36.8
5220686,silt_pct,30-60cm,29.5
5220686,silt_pct,60-100cm,27.7
5220686,soc_pct,0-5cm,2.03
5220686,soc_pct,5-15cm,1.74
5220686,soc_pct,15-30cm,1.11
5220686,soc_pct,30-60cm,0.5
5220686,soc_pct,60-100cm,0.43
5220686,ph_h2o,0-5cm,5.8
5220686,ph_h2o,5-15cm,5.8
5220686,ph_h2o,15-30cm,5.8
5220686,ph_h2o,30-60cm,5.8
5220686,ph_h2o,60-100cm,5.8
5220686,bd_kg_dm3,0-5cm,1.36
5220686,bd_kg_dm3,5-15cm,1.36
5220686,bd_kg_dm3,15-30cm,1.39
5220686,bd_kg_dm3,30-60cm,1.37
5220686,bd_kg_dm3,60-100cm,1.35
5220686,cec_cmol_kg,0-5cm,10.7
5220686,cec_cmol_kg,5-15cm,9.7
5220686,cec_cmol_kg,15-30cm,8.6
5220686,cec_cmol_kg,30-60cm,7.8
5220686,cec_cmol_kg,60-100cm,7.8
5221403,clay_pct,0-5cm,30.3
5221403,clay_pct,5-15cm,32.3
5221403,clay_pct,15-30cm,36.9
5221403,clay_pct,30-60cm,42.1
5221403,clay_pct,60-100cm,44.3
5221403,sand_pct,0-5cm,46.5
5221403,sand_pct,5-15cm,47.5
5221403,sand_pct,15-30cm,43.6
5221403,sand_pct,30-60cm,39.5
5221403,sand_pct,60-100cm,38.3
5221403,silt_pct,0-5cm,23.2
5221403,silt_pct,5-15cm,20.2
5221403,silt_pct,15-30cm,19.5
5221403,silt_pct,30-60cm,18.4
5221403,silt_pct,60-100cm,17.5
5221403,soc_pct,0-5cm,2.1
5221403,soc_pct,5-15cm,2.29
5221403,soc_pct,15-30cm,1.39
5221403,soc_pct,30-60cm,0.73
5221403,soc_pct,60-100cm,0.58
5221403,ph_h2o,0-5cm,5.6
5221403,ph_h2o,5-15cm,5.5
5221403,ph_h2o,15-30cm,5.6
5221403,ph_h2o,30-60cm,5.7
5221403,ph_h2o,60-100cm,5.8
5221403,bd_kg_dm3,0-5cm,1.28
5221403,bd_kg_dm3,5-15cm,1.31
5221403,bd_kg_dm3,15-30cm,1.34
5221403,bd_kg_dm3,30-60cm,1.33
5221403,bd_kg_dm3,60-100cm,1.31
5221403,cec_cmol_kg,0-5cm,11.5
5221403,cec_cmol_kg,5-15cm,10.6
5221403,cec_cmol_kg,15-30cm,8.7
5221403,cec_cmol_kg,30-60cm,8.0
5221403,cec_cmol_kg,60-100cm,7.4
5221502,clay_pct,0-5cm,32.9
5221502,clay_pct,5-15cm,35.0
5221502,clay_pct,15-30cm,39.7
5221502,clay_pct,30-60cm,44.2
5221502,clay_pct,60-100cm,44.8
5221502,sand_pct,0-5cm,43.7
5221502,sand_pct,5-15cm,44.1
5221502,sand_pct,15-30cm,41.1
5221502,sand_pct,30-60cm,38.2
5221502,sand_pct,60-100cm,37.8
5221502,silt_pct,0-5cm,23.4
5221502,silt_pct,5-15cm,20.9
5221502,silt_pct,15-30cm,19.2
5221502,silt_pct,30-60cm,17.6
5221502,silt_pct,60-100cm,17.4
5221502,soc_pct,0-5cm,2.21
5221502,soc_pct,5-15cm,1.96
5221502,soc_pct,15-30cm,1.14
5221502,soc_pct,30-60cm,0.77
5221502,soc_pct,60-100cm,0.46
5221502,ph_h2o,0-5cm,5.7
5221502,ph_h2o,5-15cm,5.7
5221502,ph_h2o,15-30cm,5.7
5221502,ph_h2o,30-60cm,5.8
5221502,ph_h2o,60-100cm,5.9
5221502,bd_kg_dm3,0-5cm,1.28
5221502,bd_kg_dm3,5-15cm,1.3
5221502,bd_kg_dm3,15-30cm,1.34
5221502,bd_kg_dm3,30-60cm,1.32
5221502,bd_kg_dm3,60-100cm,1.3
5221502,cec_cmol_kg,0-5cm,10.5
5221502,cec_cmol_kg,5-15cm,10.1
5221502,cec_cmol_kg,15-30cm,7.7
5221502,cec_cmol_kg,30-60cm,6.9
5221502,cec_cmol_kg,60-100cm,6.5
5221577,clay_pct,0-5cm,22.7
5221577,clay_pct,5-15cm,25.1
5221577,clay_pct,15-30cm,31.5
5221577,clay_pct,30-60cm,36.1
5221577,clay_pct,60-100cm,38.8
5221577,sand_pct,0-5cm,62.5
5221577,sand_pct,5-15cm,60.2
5221577,sand_pct,15-30cm,54.3
5221577,sand_pct,30-60cm,49.8
5221577,sand_pct,60-100cm,48.4
5221577,silt_pct,0-5cm,14.8
5221577,silt_pct,5-15cm,14.7
5221577,silt_pct,15-30cm,14.2
5221577,silt_pct,30-60cm,14.2
5221577,silt_pct,60-100cm,12.7
5221577,soc_pct,0-5cm,2.01
5221577,soc_pct,5-15cm,1.87
5221577,soc_pct,15-30cm,0.89
5221577,soc_pct,30-60cm,0.52
5221577,soc_pct,60-100cm,0.42
5221577,ph_h2o,0-5cm,5.6
5221577,ph_h2o,5-15cm,5.6
5221577,ph_h2o,15-30cm,5.5
5221577,ph_h2o,30-60cm,5.6
5221577,ph_h2o,60-100cm,5.6
5221577,bd_kg_dm3,0-5cm,1.3
5221577,bd_kg_dm3,5-15cm,1.34
5221577,bd_kg_dm3,15-30cm,1.35
5221577,bd_kg_dm3,30-60cm,1.34
5221577,bd_kg_dm3,60-100cm,1.32
5221577,cec_cmol_kg,0-5cm,10.6
5221577,cec_cmol_kg,5-15cm,9.8
5221577,cec_cmol_kg,15-30cm,8.5
5221577,cec_cmol_kg,30-60cm,8.5
5221577,cec_cmol_kg,60-100cm,8.0
5221809,clay_pct,0-5cm,32.2
5221809,clay_pct,5-15cm,34.2
5221809,clay_pct,15-30cm,35.0
5221809,clay_pct,30-60cm,36.3
5221809,clay_pct,60-100cm,38.0
5221809,sand_pct,0-5cm,43.8
5221809,sand_pct,5-15cm,42.9
5221809,sand_pct,15-30cm,42.6
5221809,sand_pct,30-60cm,41.7
5221809,sand_pct,60-100cm,40.7
5221809,silt_pct,0-5cm,24.0
5221809,silt_pct,5-15cm,22.8
5221809,silt_pct,15-30cm,22.4
5221809,silt_pct,30-60cm,22.0
5221809,silt_pct,60-100cm,21.3
5221809,soc_pct,0-5cm,2.76
5221809,soc_pct,5-15cm,1.92
5221809,soc_pct,15-30cm,1.33
5221809,soc_pct,30-60cm,0.81
5221809,soc_pct,60-100cm,0.55
5221809,ph_h2o,0-5cm,5.0
5221809,ph_h2o,5-15cm,5.0
5221809,ph_h2o,15-30cm,5.0
5221809,ph_h2o,30-60cm,5.1
5221809,ph_h2o,60-100cm,5.3
5221809,bd_kg_dm3,0-5cm,1.29
5221809,bd_kg_dm3,5-15cm,1.31
5221809,bd_kg_dm3,15-30cm,1.33
5221809,bd_kg_dm3,30-60cm,1.31
5221809,bd_kg_dm3,60-100cm,1.29
5221809,cec_cmol_kg,0-5cm,12.0
5221809,cec_cmol_kg,5-15cm,12.2
5221809,cec_cmol_kg,15-30cm,8.8
5221809,cec_cmol_kg,30-60cm,7.3
5221809,cec_cmol_kg,60-100cm,6.4
5221700,clay_pct,0-5cm,33.9
5221700,clay_pct,5-15cm,35.6
5221700,clay_pct,15-30cm,38.4
5221700,clay_pct,30-60cm,40.4
5221700,clay_pct,60-100cm,41.0
5221700,sand_pct,0-5cm,41.2
5221700,sand_pct,5-15cm,41.4
5221700,sand_pct,15-30cm,39.0
5221700,sand_pct,30-60cm,36.8
5221700,sand_pct,60-100cm,37.0
5221700,silt_pct,0-5cm,24.9
5221700,silt_pct,5-15cm,23.0
5221700,silt_pct,15-30cm,22.5
5221700,silt_pct,30-60cm,22.8
5221700,silt_pct,60-100cm,22.0
5221700,soc_pct,0-5cm,1.88
5221700,soc_pct,5-15cm,1.78
5221700,soc_pct,15-30cm,1.03
5221700,soc_pct,30-60cm,0.68
5221700,soc_pct,60-100cm,0.51
5221700,ph_h2o,0-5cm,5.5
5221700,ph_h2o,5-15cm,5.5
5221700,ph_h2o,15-30cm,5.5
5221700,ph_h2o,30-60cm,5.6
5221700,ph_h2o,60-100cm,5.7
5221700,bd_kg_dm3,0-5cm,1.3
5221700,bd_kg_dm3,5-15cm,1.33
5221700,bd_kg_dm3,15-30cm,1.36
5221700,bd_kg_dm3,30-60cm,1.33
5221700,bd_kg_dm3,60-100cm,1.29
5221700,cec_cmol_kg,0-5cm,10.5
5221700,cec_cmol_kg,5-15cm,9.4
5221700,cec_cmol_kg,15-30cm,7.8
5221700,cec_cmol_kg,30-60cm,7.1
5221700,cec_cmol_kg,60-100cm,6.5
5221858,clay_pct,0-5cm,
5221858,clay_pct,5-15cm,
5221858,clay_pct,15-30cm,
5221858,clay_pct,30-60cm,
5221858,clay_pct,60-100cm,
5221858,sand_pct,0-5cm,
5221858,sand_pct,5-15cm,
5221858,sand_pct,15-30cm,
5221858,sand_pct,30-60cm,
5221858,sand_pct,60-100cm,
5221858,silt_pct,0-5cm,
5221858,silt_pct,5-15cm,
5221858,silt_pct,15-30cm,
5221858,silt_pct,30-60cm,
5221858,silt_pct,60-100cm,
5221858,soc_pct,0-5cm,
5221858,soc_pct,5-15cm,
5221858,soc_pct,15-30cm,
5221858,soc_pct,30-60cm,
5221858,soc_pct,60-100cm,
5221858,ph_h2o,0-5cm,
5221858,ph_h2o,5-15cm,
5221858,ph_h2o,15-30cm,
5221858,ph_h2o,30-60cm,
5221858,ph_h2o,60-100cm,
5221858,bd_kg_dm3,0-5cm,
5221858,bd_kg_dm3,5-15cm,
5221858,bd_kg_dm3,15-30cm,
5221858,bd_kg_dm3,30-60cm,
5221858,bd_kg_dm3,60-100cm,
5221858,cec_cmol_kg,0-5cm,
5221858,cec_cmol_kg,5-15cm,
5221858,cec_cmol_kg,15-30cm,
5221858,cec_cmol_kg,30-60cm,
5221858,cec_cmol_kg,60-100cm,
5221601,clay_pct,0-5cm,28.9
5221601,clay_pct,5-15cm,33.6
5221601,clay_pct,15-30cm,35.4
5221601,clay_pct,30-60cm,44.2
5221601,clay_pct,60-100cm,45.7
5221601,sand_pct,0-5cm,48.2
5221601,sand_pct,5-15cm,44.4
5221601,sand_pct,15-30cm,43.5
5221601,sand_pct,30-60cm,37.3
5221601,sand_pct,60-100cm,36.0
5221601,silt_pct,0-5cm,22.9
5221601,silt_pct,5-15cm,21.9
5221601,silt_pct,15-30cm,21.0
5221601,silt_pct,30-60cm,18.5
5221601,silt_pct,60-100cm,18.3
5221601,soc_pct,0-5cm,2.06
5221601,soc_pct,5-15cm,1.74
5221601,soc_pct,15-30cm,1.11
5221601,soc_pct,30-60cm,0.54
5221601,soc_pct,60-100cm,0.44
5221601,ph_h2o,0-5cm,5.6
5221601,ph_h2o,5-15cm,5.7
5221601,ph_h2o,15-30cm,5.6
5221601,ph_h2o,30-60cm,5.7
5221601,ph_h2o,60-100cm,5.7
5221601,bd_kg_dm3,0-5cm,1.3
5221601,bd_kg_dm3,5-15cm,1.33
5221601,bd_kg_dm3,15-30cm,1.34
5221601,bd_kg_dm3,30-60cm,1.32
5221601,bd_kg_dm3,60-100cm,1.28
5221601,cec_cmol_kg,0-5cm,9.4
5221601,cec_cmol_kg,5-15cm,8.1
5221601,cec_cmol_kg,15-30cm,6.4
5221601,cec_cmol_kg,30-60cm,6.5
5221601,cec_cmol_kg,60-100cm,6.1
5221551,clay_pct,0-5cm,31.4
5221551,clay_pct,5-15cm,33.6
5221551,clay_pct,15-30cm,35.9
5221551,clay_pct,30-60cm,47.1
5221551,clay_pct,60-100cm,46.7
5221551,sand_pct,0-5cm,44.7
5221551,sand_pct,5-15cm,43.7
5221551,sand_pct,15-30cm,42.1
5221551,sand_pct,30-60cm,35.1
5221551,sand_pct,60-100cm,35.5
5221551,silt_pct,0-5cm,24.0
5221551,silt_pct,5-15cm,22.8
5221551,silt_pct,15-30cm,22.0
5221551,silt_pct,30-60cm,17.8
5221551,silt_pct,60-100cm,17.7
5221551,soc_pct,0-5cm,2.51
5221551,soc_pct,5-15cm,2.1
5221551,soc_pct,15-30cm,1.35
5221551,soc_pct,30-60cm,1.09
5221551,soc_pct,60-100cm,0.61
5221551,ph_h2o,0-5cm,5.5
5221551,ph_h2o,5-15cm,5.5
5221551,ph_h2o,15-30cm,5.5
5221551,ph_h2o,30-60cm,5.5
5221551,ph_h2o,60-100cm,5.6
5221551,bd_kg_dm3,0-5cm,1.28
5221551,bd_kg_dm3,5-15cm,1.3
5221551,bd_kg_dm3,15-30cm,1.32
5221551,bd_kg_dm3,30-60cm,1.29
5221551,bd_kg_dm3,60-100cm,1.3
5221551,cec_cmol_kg,0-5cm,13.7
5221551,cec_cmol_kg,5-15cm,11.5
5221551,cec_cmol_kg,15-30cm,10.4
5221551,cec_cmol_kg,30-60cm,9.6
5221551,cec_cmol_kg,60-100cm,9.4
5221452,clay_pct,0-5cm,23.4
5221452,clay_pct,5-15cm,23.7
5221452,clay_pct,15-30cm,26.4
5221452,clay_pct,30-60cm,36.5
5221452,clay_pct,60-100cm,38.1
5221452,sand_pct,0-5cm,61.1
5221452,sand_pct,5-15cm,60.6
5221452,sand_pct,15-30cm,58.6
5221452,sand_pct,30-60cm,49.6
5221452,sand_pct,60-100cm,47.7
5221452,silt_pct,0-5cm,15.5
5221452,silt_pct,5-15cm,15.7
5221452,silt_pct,15-30cm,15.0
5221452,silt_pct,30-60cm,13.9
5221452,silt_pct,60-100cm,14.1
5221452,soc_pct,0-5cm,1.78
5221452,soc_pct,5-15cm,1.8
5221452,soc_pct,15-30cm,0.93
5221452,soc_pct,30-60cm,0.57
5221452,soc_pct,60-100cm,0.48
5221452,ph_h2o,0-5cm,5.5
5221452,ph_h2o,5-15cm,5.5
5221452,ph_h2o,15-30cm,5.5
5221452,ph_h2o,30-60cm,5.5
5221452,ph_h2o,60-100cm,5.6
5221452,bd_kg_dm3,0-5cm,1.33
5221452,bd_kg_dm3,5-15cm,1.35
5221452,bd_kg_dm3,15-30cm,1.36
5221452,bd_kg_dm3,30-60cm,1.32
5221452,bd_kg_dm3,60-100cm,1.29
5221452,cec_cmol_kg,0-5cm,10.4
5221452,cec_cmol_kg,5-15cm,9.8
5221452,cec_cmol_kg,15-30cm,8.7
5221452,cec_cmol_kg,30-60cm,8.6
5221452,cec_cmol_kg,60-100cm,8.3
5221908,clay_pct,0-5cm,31.0
5221908,clay_pct,5-15cm,33.3
5221908,clay_pct,15-30cm,35.0
5221908,clay_pct,30-60cm,39.7
5221908,clay_pct,60-100cm,40.1
5221908,sand_pct,0-5cm,46.1
5221908,sand_pct,5-15cm,45.0
5221908,sand_pct,15-30cm,43.6
5221908,sand_pct,30-60cm,40.2
5221908,sand_pct,60-100cm,38.7
5221908,silt_pct,0-5cm,22.9
5221908,silt_pct,5-15cm,21.8
5221908,silt_pct,15-30cm,21.4
5221908,silt_pct,30-60cm,20.1
5221908,silt_pct,60-100cm,21.2
5221908,soc_pct,0-5cm,1.94
5221908,soc_pct,5-15cm,2.04
5221908,soc_pct,15-30cm,1.24
5221908,soc_pct,30-60cm,0.77
5221908,soc_pct,60-100cm,0.45
5221908,ph_h2o,0-5cm,5.6
5221908,ph_h2o,5-15cm,5.5
5221908,ph_h2o,15-30cm,5.6
5221908,ph_h2o,30-60cm,5.6
5221908,ph_h2o,60-100cm,5.7
5221908,bd_kg_dm3,0-5cm,1.31
5221908,bd_kg_dm3,5-15cm,1.33
5221908,bd_kg_dm3,15-30cm,1.35
5221908,bd_kg_dm3,30-60cm,1.33
5221908,bd_kg_dm3,60-100cm,1.32
5221908,cec_cmol_kg,0-5cm,11.3
5221908,cec_cmol_kg,5-15cm,10.1
5221908,cec_cmol_kg,15-30cm,7.6
5221908,cec_cmol_kg,30-60cm,7.1
5221908,cec_cmol_kg,60-100cm,6.5
5222054,clay_pct,0-5cm,26.8
5222054,clay_pct,5-15cm,27.1
5222054,clay_pct,15-30cm,30.8
5222054,clay_pct,30-60cm,38.4
5222054,clay_pct,60-100cm,39.6
5222054,sand_pct,0-5cm,50.5
5222054,sand_pct,5-15cm,52.0
5222054,sand_pct,15-30cm,48.7
5222054,sand_pct,30-60cm,43.4
5222054,sand_pct,60-100cm,42.3
5222054,silt_pct,0-5cm,22.7
5222054,silt_pct,5-15cm,20.9
5222054,silt_pct,15-30cm,20.5
5222054,silt_pct,30-60cm,18.2
5222054,silt_pct,60-100cm,18.0
5222054,soc_pct,0-5cm,2.39
5222054,soc_pct,5-15cm,1.99
5222054,soc_pct,15-30cm,1.4
5222054,soc_pct,30-60cm,0.99
5222054,soc_pct,60-100cm,0.66
5222054,ph_h2o,0-5cm,5.4
5222054,ph_h2o,5-15cm,5.4
5222054,ph_h2o,15-30cm,5.5
5222054,ph_h2o,30-60cm,5.5
5222054,ph_h2o,60-100cm,5.7
5222054,bd_kg_dm3,0-5cm,1.32
5222054,bd_kg_dm3,5-15cm,1.33
5222054,bd_kg_dm3,15-30cm,1.35
5222054,bd_kg_dm3,30-60cm,1.32
5222054,bd_kg_dm3,60-100cm,1.32
5222054,cec_cmol_kg,0-5cm,14.0
5222054,cec_cmol_kg,5-15cm,12.2
5222054,cec_cmol_kg,15-30cm,11.4
5222054,cec_cmol_kg,30-60cm,11.0
5222054,cec_cmol_kg,60-100cm,10.6
5222203,clay_pct,0-5cm,37.8
5222203,clay_pct,5-15cm,41.6
5222203,clay_pct,15-30cm,39.0
5222203,clay_pct,30-60cm,47.6
5222203,clay_pct,60-100cm,48.5
5222203,sand_pct,0-5cm,30.0
5222203,sand_pct,5-15cm,27.7
5222203,sand_pct,15-30cm,29.6
5222203,sand_pct,30-60cm,25.3
5222203,sand_pct,60-100cm,24.7
5222203,silt_pct,0-5cm,32.3
5222203,silt_pct,5-15cm,30.7
5222203,silt_pct,15-30cm,31.4
5222203,silt_pct,30-60cm,27.2
5222203,silt_pct,60-100cm,26.7
5222203,soc_pct,0-5cm,1.77
5222203,soc_pct,5-15cm,1.62
5222203,soc_pct,15-30cm,1.02
5222203,soc_pct,30-60cm,0.54
5222203,soc_pct,60-100cm,0.37
5222203,ph_h2o,0-5cm,5.8
5222203,ph_h2o,5-15cm,5.8
5222203,ph_h2o,15-30cm,5.8
5222203,ph_h2o,30-60cm,5.8
5222203,ph_h2o,60-100cm,5.9
5222203,bd_kg_dm3,0-5cm,1.37
5222203,bd_kg_dm3,5-15cm,1.37
5222203,bd_kg_dm3,15-30cm,1.37
5222203,bd_kg_dm3,30-60cm,1.38
5222203,bd_kg_dm3,60-100cm,1.36
5222203,cec_cmol_kg,0-5cm,10.2
5222203,cec_cmol_kg,5-15cm,9.2
5222203,cec_cmol_kg,15-30cm,7.1
5222203,cec_cmol_kg,30-60cm,6.1
5222203,cec_cmol_kg,60-100cm,5.6
5222302,clay_pct,0-5cm,37.7
5222302,clay_pct,5-15cm,39.3
5222302,clay_pct,15-30cm,43.2
5222302,clay_pct,30-60cm,53.7
5222302,clay_pct,60-100cm,53.4
5222302,sand_pct,0-5cm,32.3
5222302,sand_pct,5-15cm,31.5
5222302,sand_pct,15-30cm,28.8
5222302,sand_pct,30-60cm,22.5
5222302,sand_pct,60-100cm,23.0
5222302,silt_pct,0-5cm,30.0
5222302,silt_pct,5-15cm,29.2
5222302,silt_pct,15-30cm,28.1
5222302,silt_pct,30-60cm,23.7
5222302,silt_pct,60-100cm,23.6
5222302,soc_pct,0-5cm,2.16
5222302,soc_pct,5-15cm,2.07
5222302,soc_pct,15-30cm,1.11
5222302,soc_pct,30-60cm,0.67
5222302,soc_pct,60-100cm,0.53
5222302,ph_h2o,0-5cm,5.5
5222302,ph_h2o,5-15cm,5.5
5222302,ph_h2o,15-30cm,5.5
5222302,ph_h2o,30-60cm,5.5
5222302,ph_h2o,60-100cm,5.5
5222302,bd_kg_dm3,0-5cm,1.33
5222302,bd_kg_dm3,5-15cm,1.34
5222302,bd_kg_dm3,15-30cm,1.37
5222302,bd_kg_dm3,30-60cm,1.34
5222302,bd_kg_dm3,60-100cm,1.32
5222302,cec_cmol_kg,0-5cm,11.4
5222302,cec_cmol_kg,5-15cm,10.4
5222302,cec_cmol_kg,15-30cm,9.9
5222302,cec_cmol_kg,30-60cm,9.7
5222302,cec_cmol_kg,60-100cm,9.5
5222005,clay_pct,0-5cm,43.8
5222005,clay_pct,5-15cm,48.6
5222005,clay_pct,15-30cm,46.8
5222005,clay_pct,30-60cm,52.6
5222005,clay_pct,60-100cm,53.2
5222005,sand_pct,0-5cm,30.3
5222005,sand_pct,5-15cm,29.8
5222005,sand_pct,15-30cm,30.9
5222005,sand_pct,30-60cm,27.4
5222005,sand_pct,60-100cm,27.2
5222005,silt_pct,0-5cm,25.9
5222005,silt_pct,5-15cm,21.5
5222005,silt_pct,15-30cm,22.3
5222005,silt_pct,30-60cm,20.0
5222005,silt_pct,60-100cm,19.6
5222005,soc_pct,0-5cm,2.08
5222005,soc_pct,5-15cm,2.04
5222005,soc_pct,15-30cm,1.39
5222005,soc_pct,30-60cm,0.97
5222005,soc_pct,60-100cm,0.72
5222005,ph_h2o,0-5cm,5.3
5222005,ph_h2o,5-15cm,5.3
5222005,ph_h2o,15-30cm,5.3
5222005,ph_h2o,30-60cm,5.3
5222005,ph_h2o,60-100cm,5.4
5222005,bd_kg_dm3,0-5cm,1.25
5222005,bd_kg_dm3,5-15cm,1.27
5222005,bd_kg_dm3,15-30cm,1.28
5222005,bd_kg_dm3,30-60cm,1.24
5222005,bd_kg_dm3,60-100cm,1.25
5222005,cec_cmol_kg,0-5cm,11.2
5222005,cec_cmol_kg,5-15cm,9.8
5222005,cec_cmol_kg,15-30cm,8.9
5222005,cec_cmol_kg,30-60cm,8.1
5222005,cec_cmol_kg,60-100cm,7.7
