SOURCE_DESC,SECTOR_DESC,GROUP_DESC,COMMODITY_DESC,CLASS_DESC,PRODN_PRACTICE_DESC,UTIL_PRACTICE_DESC,STATISTICCAT_DESC,UNIT_DESC,SHORT_DESC,DOMAIN_DESC,DOMAINCAT_DESC,AGG_LEVEL_DESC,STATE_ANSI,STATE_FIPS_CODE,STATE_ALPHA,STATE_NAME,ASD_CODE,ASD_DESC,COUNTY_ANSI,COUNTY_CODE,COUNTY_NAME,REGION_DESC,ZIP_5,WATERSHED_CODE,WATERSHED_DESC,CONGR_DISTRICT_CODE,COUNTRY_CODE,COUNTRY_NAME,LOCATION_DESC,YEAR,FREQ_DESC,BEGIN_CODE,END_CODE,REFERENCE_PERIOD_DESC,WEEK_ENDING,LOAD_TIME,VALUE,CV_%,CENSUS_YEAR,VALUE_NUM,suppressed,series
CENSUS,CROPS,FIELD CROPS,SOYBEANS,ALL CLASSES,ALL PRODUCTION PRACTICES,ALL UTILIZATION PRACTICES,AREA HARVESTED,ACRES,SOYBEANS - ACRES HARVESTED,TOTAL,NOT SPECIFIED,COUNTY,39,39,OH,OHIO,10,NORTHWEST,003,003,ALLEN,,,00000000,,,9000,UNITED STATES,"OHIO, NORTHWEST, ALLEN",2017,ANNUAL,00,00,YEAR,,2018-02-01 00:00:00,"86,780",16.7,2017,86780.0,False,TOTAL
CENSUS,DEMOGRAPHICS,FIELD CROPS,SOYBEANS,ALL CLASSES,ALL PRODUCTION PRACTICES,ALL UTILIZATION PRACTICES,AREA HARVESTED,ACRES,SOYBEANS - ACRES HARVESTED,PRODUCERS,PRODUCERS: (GENDER = FEMALE),COUNTY,39,39,OH,OHIO,10,NORTHWEST,003,003,ALLEN,,,00000000,,,9000,UNITED STATES,"OHIO, NORTHWEST, ALLEN",2017,ANNUAL,00,00,YEAR,,2018-02-01 00:00:00,"27,854",,2017,27854.0,False,TOTAL
CENSUS,CROPS,FIELD CROPS,SOYBEANS,ALL CLASSES,ALL PRODUCTION PRACTICES,ALL UTILIZATION PRACTICES,AREA HARVESTED,ACRES,SOYBEANS - ACRES HARVESTED,TOTAL,NOT SPECIFIED,COUNTY,39,39,OH,OHIO,10,NORTHWEST,039,039,DEFIANCE,,,00000000,,,9000,UNITED STATES,"OHIO, NORTHWEST, DEFIANCE",2017,ANNUAL,00,00,YEAR,,2018-02-01 00:00:00,"122,763",16.7,2017,122763.0,False,TOTAL
CENSUS,CROPS,FIELD CROPS,SOYBEANS,ALL CLASSES,IRRIGATED,ALL UTILIZATION PRACTICES,AREA HARVESTED,ACRES,"SOYBEANS, IRRIGATED - ACRES HARVESTED",TOTAL,NOT SPECIFIED,COUNTY,39,39,OH,OHIO,10,NORTHWEST,039,039,DEFIANCE,,,00000000,,,9000,UNITED STATES,"OHIO, NORTHWEST, DEFIANCE",2017,ANNUAL,00,00,YEAR,,2018-02-01 00:00:00,285,31.0,2017,285.0,False,IRRIGATED
CENSUS,DEMOGRAPHICS,FIELD CROPS,SOYBEANS,ALL CLASSES,ALL PRODUCTION PRACTICES,ALL UTILIZATION PRACTICES,AREA HARVESTED,ACRES,SOYBEANS - ACRES HARVESTED,PRODUCERS,PRODUCERS: (GENDER = FEMALE),COUNTY,39,39,OH,OHIO,10,NORTHWEST,039,039,DEFIANCE,,,00000000,,,9000,UNITED STATES,"OHIO, NORTHWEST, DEFIANCE",2017,ANNUAL,00,00,YEAR,,2018-02-01 00:00:00,"29,541",,2017,29541.0,False,TOTAL
CENSUS,CROPS,FIELD CROPS,SOYBEANS,ALL CLASSES,ALL PRODUCTION PRACTICES,ALL UTILIZATION PRACTICES,AREA HARVESTED,ACRES,SOYBEANS - ACRES HARVESTED,TOTAL,NOT SPECIFIED,COUNTY,39,39,OH,OHIO,10,NORTHWEST,051,051,FULTON,,,00000000,,,9000,UNITED STATES,"OHIO, NORTHWEST, FULTON",2017,ANNUAL,00,00,YEAR,,2018-02-01 00:00:00,"85,396",16.7,2017,85396.0,False,TOTAL
CENSUS,DEMOGRAPHICS,FIELD CROPS,SOYBEANS,ALL CLASSES,ALL PRODUCTION PRACTICES,ALL UTILIZATION PRACTICES,AREA HARVESTED,ACRES,SOYBEANS - ACRES HARVESTED,PRODUCERS,PRODUCERS: (GENDER = FEMALE),COUNTY,39,39,OH,OHIO,10,NORTHWEST,051,051,FULTON,,,00000000,,,9000,UNITED STATES,"OHIO, NORTHWEST, FULTON",2017,ANNUAL,00,00,YEAR,,2018-02-01 00:00:00,"24,356",,2017,24356.0,False,TOTAL
CENSUS,CROPS,FIELD CROPS,SOYBEANS,ALL CLASSES,ALL PRODUCTION PRACTICES,ALL UTILIZATION PRACTICES,AREA HARVESTED,ACRES,SOYBEANS - ACRES HARVESTED,TOTAL,NOT SPECIFIED,COUNTY,39,39,OH,OHIO,10,NORTHWEST,063,063,HANCOCK,,,00000000,,,9000,UNITED STATES,"OHIO, NORTHWEST, HANCOCK",2017,ANNUAL,00,00,YEAR,,2018-02-01 00:00:00,"129,932",16.7,2017,129932.0,False,TOTAL
CENSUS,DEMOGRAPHICS,FIELD CROPS,SOYBEANS,ALL CLASSES,ALL PRODUCTION PRACTICES,ALL UTILIZATION PRACTICES,AREA HARVESTED,ACRES,SOYBEANS - ACRES HARVESTED,PRODUCERS,PRODUCERS: (GENDER = FEMALE),COUNTY,39,39,OH,OHIO,10,NORTHWEST,063,063,HANCOCK,,,00000000,,,9000,UNITED STATES,"OHIO, NORTHWEST, HANCOCK",2017,ANNUAL,00,00,YEAR,,2018-02-01 00:00:00,"32,280",,2017,32280.0,False,TOTAL
CENSUS,CROPS,FIELD CROPS,SOYBEANS,ALL CLASSES,ALL PRODUCTION PRACTICES,ALL UTILIZATION PRACTICES,AREA HARVESTED,ACRES,SOYBEANS - ACRES HARVESTED,TOTAL,NOT SPECIFIED,COUNTY,39,39,OH,OHIO,10,NORTHWEST,069,069,HENRY,,,00000000,,,9000,UNITED STATES,"OHIO, NORTHWEST, HENRY",2017,ANNUAL,00,00,YEAR,,2018-02-01 00:00:00,"114,191",16.7,2017,114191.0,False,TOTAL
CENSUS,CROPS,FIELD CROPS,SOYBEANS,ALL CLASSES,IRRIGATED,ALL UTILIZATION PRACTICES,AREA HARVESTED,ACRES,"SOYBEANS, IRRIGATED - ACRES HARVESTED",TOTAL,NOT SPECIFIED,COUNTY,39,39,OH,OHIO,10,NORTHWEST,069,069,HENRY,,,00000000,,,9000,UNITED STATES,"OHIO, NORTHWEST, HENRY",2017,ANNUAL,00,00,YEAR,,2018-02-01 00:00:00,(D),(D),2017,,True,IRRIGATED
CENSUS,DEMOGRAPHICS,FIELD CROPS,SOYBEANS,ALL CLASSES,ALL PRODUCTION PRACTICES,ALL UTILIZATION PRACTICES,AREA HARVESTED,ACRES,SOYBEANS - ACRES HARVESTED,PRODUCERS,PRODUCERS: (GENDER = FEMALE),COUNTY,39,39,OH,OHIO,10,NORTHWEST,069,069,HENRY,,,00000000,,,9000,UNITED STATES,"OHIO, NORTHWEST, HENRY",2017,ANNUAL,00,00,YEAR,,2018-02-01 00:00:00,"21,744",,2017,21744.0,False,TOTAL
CENSUS,CROPS,FIELD CROPS,SOYBEANS,ALL CLASSES,ALL PRODUCTION PRACTICES,ALL UTILIZATION PRACTICES,AREA HARVESTED,ACRES,SOYBEANS - ACRES HARVESTED,TOTAL,NOT SPECIFIED,COUNTY,39,39,OH,OHIO,10,NORTHWEST,095,095,LUCAS,,,00000000,,,9000,UNITED STATES,"OHIO, NORTHWEST, LUCAS",2017,ANNUAL,00,00,YEAR,,2018-02-01 00:00:00,"29,845",16.7,2017,29845.0,False,TOTAL
CENSUS,CROPS,FIELD CROPS,SOYBEANS,ALL CLASSES,IRRIGATED,ALL UTILIZATION PRACTICES,AREA HARVESTED,ACRES,"SOYBEANS, IRRIGATED - ACRES HARVESTED",TOTAL,NOT SPECIFIED,COUNTY,39,39,OH,OHIO,10,NORTHWEST,095,095,LUCAS,,,00000000,,,9000,UNITED STATES,"OHIO, NORTHWEST, LUCAS",2017,ANNUAL,00,00,YEAR,,2018-02-01 00:00:00,(D),(D),2017,,True,IRRIGATED
CENSUS,DEMOGRAPHICS,FIELD CROPS,SOYBEANS,ALL CLASSES,ALL PRODUCTION PRACTICES,ALL UTILIZATION PRACTICES,AREA HARVESTED,ACRES,SOYBEANS - ACRES HARVESTED,PRODUCERS,PRODUCERS: (GENDER = FEMALE),COUNTY,39,39,OH,OHIO,10,NORTHWEST,095,095,LUCAS,,,00000000,,,9000,UNITED STATES,"OHIO, NORTHWEST, LUCAS",2017,ANNUAL,00,00,YEAR,,2018-02-01 00:00:00,"8,466",,2017,8466.0,False,TOTAL
CENSUS,CROPS,FIELD CROPS,SOYBEANS,ALL CLASSES,ALL PRODUCTION PRACTICES,ALL UTILIZATION PRACTICES,AREA HARVESTED,ACRES,SOYBEANS - ACRES HARVESTED,TOTAL,NOT SPECIFIED,COUNTY,39,39,OH,OHIO,10,NORTHWEST,125,125,PAULDING,,,00000000,,,9000,UNITED STATES,"OHIO, NORTHWEST, PAULDING",2017,ANNUAL,00,00,YEAR,,2018-02-01 00:00:00,"120,688",16.7,2017,120688.0,False,TOTAL
CENSUS,CROPS,FIELD CROPS,SOYBEANS,ALL CLASSES,IRRIGATED,ALL UTILIZATION PRACTICES,AREA HARVESTED,ACRES,"SOYBEANS, IRRIGATED - ACRES HARVESTED",TOTAL,NOT SPECIFIED,COUNTY,39,39,OH,OHIO,10,NORTHWEST,125,125,PAULDING,,,00000000,,,9000,UNITED STATES,"OHIO, NORTHWEST, PAULDING",2017,ANNUAL,00,00,YEAR,,2018-02-01 00:00:00,(D),(D),2017,,True,IRRIGATED
CENSUS,DEMOGRAPHICS,FIELD CROPS,SOYBEANS,ALL CLASSES,ALL PRODUCTION PRACTICES,ALL UTILIZATION PRACTICES,AREA HARVESTED,ACRES,SOYBEANS - ACRES HARVESTED,PRODUCERS,PRODUCERS: (GENDER = FEMALE),COUNTY,39,39,OH,OHIO,10,NORTHWEST,125,125,PAULDING,,,00000000,,,9000,UNITED STATES,"OHIO, NORTHWEST, PAULDING",2017,ANNUAL,00,00,YEAR,,2018-02-01 00:00:00,"36,366",,2017,36366.0,False,TOTAL
CENSUS,CROPS,FIELD CROPS,SOYBEANS,ALL CLASSES,ALL PRODUCTION PRACTICES,ALL UTILIZATION PRACTICES,AREA HARVESTED,ACRES,SOYBEANS - ACRES HARVESTED,TOTAL,NOT SPECIFIED,COUNTY,39,39,OH,OHIO,10,NORTHWEST,137,137,PUTNAM,,,00000000,,,9000,UNITED STATES,"OHIO, NORTHWEST, PUTNAM",2017,ANNUAL,00,00,YEAR,,2018-02-01 00:00:00,"163,194",16.7,2017,163194.0,False,TOTAL
CENSUS,CROPS,FIELD CROPS,SOYBEANS,ALL CLASSES,IRRIGATED,ALL UTILIZATION PRACTICES,AREA HARVESTED,ACRES,"SOYBEANS, IRRIGATED - ACRES HARVESTED",TOTAL,NOT SPECIFIED,COUNTY,39,39,OH,OHIO,10,NORTHWEST,137,137,PUTNAM,,,00000000,,,9000,UNITED STATES,"OHIO, NORTHWEST, PUTNAM",2017,ANNUAL,00,00,YEAR,,2018-02-01 00:00:00,(D),(D),2017,,True,IRRIGATED
CENSUS,DEMOGRAPHICS,FIELD CROPS,SOYBEANS,ALL CLASSES,ALL PRODUCTION PRACTICES,ALL UTILIZATION PRACTICES,AREA HARVESTED,ACRES,SOYBEANS - ACRES HARVESTED,PRODUCERS,PRODUCERS: (GENDER = FEMALE),COUNTY,39,39,OH,OHIO,10,NORTHWEST,137,137,PUTNAM,,,00000000,,,9000,UNITED STATES,"OHIO, NORTHWEST, PUTNAM",2017,ANNUAL,00,00,YEAR,,2018-02-01 00:00:00,"38,646",,2017,38646.0,False,TOTAL
CENSUS,CROPS,FIELD CROPS,SOYBEANS,ALL CLASSES,ALL PRODUCTION PRACTICES,ALL UTILIZATION PRACTICES,AREA HARVESTED,ACRES,SOYBEANS - ACRES HARVESTED,TOTAL,NOT SPECIFIED,COUNTY,39,39,OH,OHIO,10,NORTHWEST,161,161,VAN WERT,,,00000000,,,9000,UNITED STATES,"OHIO, NORTHWEST, VAN WERT",2017,ANNUAL,00,00,YEAR,,2018-02-01 00:00:00,"142,004",16.7,2017,142004.0,False,TOTAL
CENSUS,CROPS,FIELD CROPS,SOYBEANS,ALL CLASSES,IRRIGATED,ALL UTILIZATION PRACTICES,AREA HARVESTED,ACRES,"SOYBEANS, IRRIGATED - ACRES HARVESTED",TOTAL,NOT SPECIFIED,COUNTY,39,39,OH,OHIO,10,NORTHWEST,161,161,VAN WERT,,,00000000,,,9000,UNITED STATES,"OHIO, NORTHWEST, VAN WERT",2017,ANNUAL,00,00,YEAR,,2018-02-01 00:00:00,(D),(D),2017,,True,IRRIGATED
CENSUS,DEMOGRAPHICS,FIELD CROPS,SOYBEANS,ALL CLASSES,ALL PRODUCTION PRACTICES,ALL UTILIZATION PRACTICES,AREA HARVESTED,ACRES,SOYBEANS - ACRES HARVESTED,PRODUCERS,PRODUCERS: (GENDER = FEMALE),COUNTY,39,39,OH,OHIO,10,NORTHWEST,161,161,VAN WERT,,,00000000,,,9000,UNITED STATES,"OHIO, NORTHWEST, VAN WERT",2017,ANNUAL,00,00,YEAR,,2018-02-01 00:00:00,"39,916",,2017,39916.0,False,TOTAL
CENSUS,CROPS,FIELD CROPS,SOYBEANS,ALL CLASSES,ALL PRODUCTION PRACTICES,ALL UTILIZATION PRACTICES,AREA HARVESTED,ACRES,SOYBEANS - ACRES HARVESTED,TOTAL,NOT SPECIFIED,COUNTY,39,39,OH,OHIO,10,NORTHWEST,171,171,WILLIAMS,,,00000000,,,9000,UNITED STATES,"OHIO, NORTHWEST, WILLIAMS",2017,ANNUAL,00,00,YEAR,,2018-02-01 00:00:00,"94,672",16.7,2017,94672.0,False,TOTAL
CENSUS,CROPS,FIELD CROPS,SOYBEANS,ALL CLASSES,IRRIGATED,ALL UTILIZATION PRACTICES,AREA HARVESTED,ACRES,"SOYBEANS, IRRIGATED - ACRES HARVESTED",TOTAL,NOT SPECIFIED,COUNTY,39,39,OH,OHIO,10,NORTHWEST,171,171,WILLIAMS,,,00000000,,,9000,UNITED STATES,"OHIO, NORTHWEST, WILLIAMS",2017,ANNUAL,00,00,YEAR,,2018-02-01 00:00:00,"1,473",31.0,2017,1473.0,False,IRRIGATED
CENSUS,DEMOGRAPHICS,FIELD CROPS,SOYBEANS,ALL CLASSES,ALL PRODUCTION PRACTICES,ALL UTILIZATION PRACTICES,AREA HARVESTED,ACRES,SOYBEANS - ACRES HARVESTED,PRODUCERS,PRODUCERS: (GENDER = FEMALE),COUNTY,39,39,OH,OHIO,10,NORTHWEST,171,171,WILLIAMS,,,00000000,,,9000,UNITED STATES,"OHIO, NORTHWEST, WILLIAMS",2017,ANNUAL,00,00,YEAR,,2018-02-01 00:00:00,"33,370",,2017,33370.0,False,TOTAL
CENSUS,CROPS,FIELD CROPS,SOYBEANS,ALL CLASSES,ALL PRODUCTION PRACTICES,ALL UTILIZATION PRACTICES,AREA HARVESTED,ACRES,SOYBEANS - ACRES HARVESTED,TOTAL,NOT SPECIFIED,COUNTY,39,39,OH,OHIO,10,NORTHWEST,173,173,WOOD,,,00000000,,,9000,UNITED STATES,"OHIO, NORTHWEST, WOOD",2017,ANNUAL,00,00,YEAR,,2018-02-01 00:00:00,"132,719",16.7,2017,132719.0,False,TOTAL
CENSUS,CROPS,FIELD CROPS,SOYBEANS,ALL CLASSES,IRRIGATED,ALL UTILIZATION PRACTICES,AREA HARVESTED,ACRES,"SOYBEANS, IRRIGATED - ACRES HARVESTED",TOTAL,NOT SPECIFIED,COUNTY,39,39,OH,OHIO,10,NORTHWEST,173,173,WOOD,,,00000000,,,9000,UNITED STATES,"OHIO, NORTHWEST, WOOD",2017,ANNUAL,00,00,YEAR,,2018-02-01 00:00:00,(D),(D),2017,,True,IRRIGATED
CENSUS,DEMOGRAPHICS,FIELD CROPS,SOYBEANS,ALL CLASSES,ALL PRODUCTION PRACTICES,ALL UTILIZATION PRACTICES,AREA HARVESTED,ACRES,SOYBEANS - ACRES HARVESTED,PRODUCERS,PRODUCERS: (GENDER = FEMALE),COUNTY,39,39,OH,OHIO,10,NORTHWEST,173,173,WOOD,,,00000000,,,9000,UNITED STATES,"OHIO, NORTHWEST, WOOD",2017,ANNUAL,00,00,YEAR,,2018-02-01 00:00:00,"34,143",,2017,34143.0,False,TOTAL
CENSUS,CROPS,FIELD CROPS,SOYBEANS,ALL CLASSES,ALL PRODUCTION PRACTICES,ALL UTILIZATION PRACTICES,AREA HARVESTED,ACRES,SOYBEANS - ACRES HARVESTED,TOTAL,NOT SPECIFIED,COUNTY,39,39,OH,OHIO,20,NORTH CENTRAL,005,005,ASHLAND,,,00000000,,,9000,UNITED STATES,"OHIO, NORTH CENTRAL, ASHLAND",2017,ANNUAL,00,00,YEAR,,2018-02-01 00:00:00,"42,907",16.7,2017,42907.0,False,TOTAL
CENSUS,DEMOGRAPHICS,FIELD CROPS,SOYBEANS,ALL CLASSES,ALL PRODUCTION PRACTICES,ALL UTILIZATION PRACTICES,AREA HARVESTED,ACRES,SOYBEANS - ACRES HARVESTED,PRODUCERS,PRODUCERS: (GENDER = FEMALE),COUNTY,39,39,OH,OHIO,20,NORTH CENTRAL,005,005,ASHLAND,,,00000000,,,9000,UNITED STATES,"OHIO, NORTH CENTRAL, ASHLAND",2017,ANNUAL,00,00,YEAR,,2018-02-01 00:00:00,"14,523",,2017,14523.0,False,TOTAL
CENSUS,CROPS,FIELD CROPS,SOYBEANS,ALL CLASSES,ALL PRODUCTION PRACTICES,ALL UTILIZATION PRACTICES,AREA HARVESTED,ACRES,SOYBEANS - ACRES HARVESTED,TOTAL,NOT SPECIFIED,COUNTY,39,39,OH,OHIO,20,NORTH CENTRAL,033,033,CRAWFORD,,,00000000,,,9000,UNITED STATES,"OHIO, NORTH CENTRAL, CRAWFORD",2017,ANNUAL,00,00,YEAR,,2018-02-01 00:00:00,"112,530",16.7,2017,112530.0,False,TOTAL
CENSUS,DEMOGRAPHICS,FIELD CROPS,SOYBEANS,ALL CLASSES,ALL PRODUCTION PRACTICES,ALL UTILIZATION PRACTICES,AREA HARVESTED,ACRES,SOYBEANS - ACRES HARVESTED,PRODUCERS,PRODUCERS: (GENDER = FEMALE),COUNTY,39,39,OH,OHIO,20,NORTH CENTRAL,033,033,CRAWFORD,,,00000000,,,9000,UNITED STATES,"OHIO, NORTH CENTRAL, CRAWFORD",2017,ANNUAL,00,00,YEAR,,2018-02-01 00:00:00,"45,024",,2017,45024.0,False,TOTAL
CENSUS,CROPS,FIELD CROPS,SOYBEANS,ALL CLASSES,ALL PRODUCTION PRACTICES,ALL UTILIZATION PRACTICES,AREA HARVESTED,ACRES,SOYBEANS - ACRES HARVESTED,TOTAL,NOT SPECIFIED,COUNTY,39,39,OH,OHIO,20,NORTH CENTRAL,043,043,ERIE,,,00000000,,,9000,UNITED STATES,"OHIO, NORTH CENTRAL, ERIE",2017,ANNUAL,00,00,YEAR,,2018-02-01 00:00:00,"37,825",16.7,2017,37825.0,False,TOTAL
CENSUS,CROPS,FIELD CROPS,SOYBEANS,ALL CLASSES,IRRIGATED,ALL UTILIZATION PRACTICES,AREA HARVESTED,ACRES,"SOYBEANS, IRRIGATED - ACRES HARVESTED",TOTAL,NOT SPECIFIED,COUNTY,39,39,OH,OHIO,20,NORTH CENTRAL,043,043,ERIE,,,00000000,,,9000,UNITED STATES,"OHIO, NORTH CENTRAL, ERIE",2017,ANNUAL,00,00,YEAR,,2018-02-01 00:00:00,(D),(D),2017,,True,IRRIGATED
CENSUS,DEMOGRAPHICS,FIELD CROPS,SOYBEANS,ALL CLASSES,ALL PRODUCTION PRACTICES,ALL UTILIZATION PRACTICES,AREA HARVESTED,ACRES,SOYBEANS - ACRES HARVESTED,PRODUCERS,PRODUCERS: (GENDER = FEMALE),COUNTY,39,39,OH,OHIO,20,NORTH CENTRAL,043,043,ERIE,,,00000000,,,9000,UNITED STATES,"OHIO, NORTH CENTRAL, ERIE",2017,ANNUAL,00,00,YEAR,,2018-02-01 00:00:00,"9,245",,2017,9245.0,False,TOTAL
CENSUS,CROPS,FIELD CROPS,SOYBEANS,ALL CLASSES,ALL PRODUCTION PRACTICES,ALL UTILIZATION PRACTICES,AREA HARVESTED,ACRES,SOYBEANS - ACRES HARVESTED,TOTAL,NOT SPECIFIED,COUNTY,39,39,OH,OHIO,20,NORTH CENTRAL,077,077,HURON,,,00000000,,,9000,UNITED STATES,"OHIO, NORTH CENTRAL, HURON",2017,ANNUAL,00,00,YEAR,,2018-02-01 00:00:00,"121,114",16.7,2017,121114.0,False,TOTAL
CENSUS,DEMOGRAPHICS,FIELD CROPS,SOYBEANS,ALL CLASSES,ALL PRODUCTION PRACTICES,ALL UTILIZATION PRACTICES,AREA HARVESTED,ACRES,SOYBEANS - ACRES HARVESTED,PRODUCERS,PRODUCERS: (GENDER = FEMALE),COUNTY,39,39,OH,OHIO,20,NORTH CENTRAL,077,077,HURON,,,00000000,,,9000,UNITED STATES,"OHIO, NORTH CENTRAL, HURON",2017,ANNUAL,00,00,YEAR,,2018-02-01 00:00:00,"44,773",,2017,44773.0,False,TOTAL
CENSUS,CROPS,FIELD CROPS,SOYBEANS,ALL CLASSES,ALL PRODUCTION PRACTICES,ALL UTILIZATION PRACTICES,AREA HARVESTED,ACRES,SOYBEANS - ACRES HARVESTED,TOTAL,NOT SPECIFIED,COUNTY,39,39,OH,OHIO,20,NORTH CENTRAL,093,093,LORAIN,,,00000000,,,9000,UNITED STATES,"OHIO, NORTH CENTRAL, LORAIN",2017,ANNUAL,00,00,YEAR,,2018-02-01 00:00:00,"57,754",16.7,2017,57754.0,False,TOTAL
CENSUS,CROPS,FIELD CROPS,SOYBEANS,ALL CLASSES,IRRIGATED,ALL UTILIZATION PRACTICES,AREA HARVESTED,ACRES,"SOYBEANS, IRRIGATED - ACRES HARVESTED",TOTAL,NOT SPECIFIED,COUNTY,39,39,OH,OHIO,20,NORTH CENTRAL,093,093,LORAIN,,,00000000,,,9000,UNITED STATES,"OHIO, NORTH CENTRAL, LORAIN",2017,ANNUAL,00,00,YEAR,,2018-02-01 00:00:00,(D),(D),2017,,True,IRRIGATED
CENSUS,DEMOGRAPHICS,FIELD CROPS,SOYBEANS,ALL CLASSES,ALL PRODUCTION PRACTICES,ALL UTILIZATION PRACTICES,AREA HARVESTED,ACRES,SOYBEANS - ACRES HARVESTED,PRODUCERS,PRODUCERS: (GENDER = FEMALE),COUNTY,39,39,OH,OHIO,20,NORTH CENTRAL,093,093,LORAIN,,,00000000,,,9000,UNITED STATES,"OHIO, NORTH CENTRAL, LORAIN",2017,ANNUAL,00,00,YEAR,,2018-02-01 00:00:00,"18,203",,2017,18203.0,False,TOTAL
CENSUS,CROPS,FIELD CROPS,SOYBEANS,ALL CLASSES,ALL PRODUCTION PRACTICES,ALL UTILIZATION PRACTICES,AREA HARVESTED,ACRES,SOYBEANS - ACRES HARVESTED,TOTAL,NOT SPECIFIED,COUNTY,39,39,OH,OHIO,20,NORTH CENTRAL,123,123,OTTAWA,,,00000000,,,9000,UNITED STATES,"OHIO, NORTH CENTRAL, OTTAWA",2017,ANNUAL,00,00,YEAR,,2018-02-01 00:00:00,"75,594",16.7,2017,75594.0,False,TOTAL
CENSUS,DEMOGRAPHICS,FIELD CROPS,SOYBEANS,ALL CLASSES,ALL PRODUCTION PRACTICES,ALL UTILIZATION PRACTICES,AREA HARVESTED,ACRES,SOYBEANS - ACRES HARVESTED,PRODUCERS,PRODUCERS: (GENDER = FEMALE),COUNTY,39,39,OH,OHIO,20,NORTH CENTRAL,123,123,OTTAWA,,,00000000,,,9000,UNITED STATES,"OHIO, NORTH CENTRAL, OTTAWA",2017,ANNUAL,00,00,YEAR,,2018-02-01 00:00:00,"20,930",,2017,20930.0,False,TOTAL
CENSUS,CROPS,FIELD CROPS,SOYBEANS,ALL CLASSES,ALL PRODUCTION PRACTICES,ALL UTILIZATION PRACTICES,AREA HARVESTED,ACRES,SOYBEANS - ACRES HARVESTED,TOTAL,NOT SPECIFIED,COUNTY,39,39,OH,OHIO,20,NORTH CENTRAL,139,139,RICHLAND,,,00000000,,,9000,UNITED STATES,"OHIO, NORTH CENTRAL, RICHLAND",2017,ANNUAL,00,00,YEAR,,2018-02-01 00:00:00,"42,436",16.7,2017,42436.0,False,TOTAL
CENSUS,CROPS,FIELD CROPS,SOYBEANS,ALL CLASSES,IRRIGATED,ALL UTILIZATION PRACTICES,AREA HARVESTED,ACRES,"SOYBEANS, IRRIGATED - ACRES HARVESTED",TOTAL,NOT SPECIFIED,COUNTY,39,39,OH,OHIO,20,NORTH CENTRAL,139,139,RICHLAND,,,00000000,,,9000,UNITED STATES,"OHIO, NORTH CENTRAL, RICHLAND",2017,ANNUAL,00,00,YEAR,,2018-02-01 00:00:00,(D),(D),2017,,True,IRRIGATED
CENSUS,DEMOGRAPHICS,FIELD CROPS,SOYBEANS,ALL CLASSES,ALL PRODUCTION PRACTICES,ALL UTILIZATION PRACTICES,AREA HARVESTED,ACRES,SOYBEANS - ACRES HARVESTED,PRODUCERS,PRODUCERS: (GENDER = FEMALE),COUNTY,39,39,OH,OHIO,20,NORTH CENTRAL,139,139,RICHLAND,,,00000000,,,9000,UNITED STATES,"OHIO, NORTH CENTRAL, RICHLAND",2017,ANNUAL,00,00,YEAR,,2018-02-01 00:00:00,"16,136",,2017,16136.0,False,TOTAL
CENSUS,CROPS,FIELD CROPS,SOYBEANS,ALL CLASSES,ALL PRODUCTION PRACTICES,ALL UTILIZATION PRACTICES,AREA HARVESTED,ACRES,SOYBEANS - ACRES HARVESTED,TOTAL,NOT SPECIFIED,COUNTY,39,39,OH,OHIO,20,NORTH CENTRAL,143,143,SANDUSKY,,,00000000,,,9000,UNITED STATES,"OHIO, NORTH CENTRAL, SANDUSKY",2017,ANNUAL,00,00,YEAR,,2018-02-01 00:00:00,"89,116",16.7,2017,89116.0,False,TOTAL
CENSUS,DEMOGRAPHICS,FIELD CROPS,SOYBEANS,ALL CLASSES,ALL PRODUCTION PRACTICES,ALL UTILIZATION PRACTICES,AREA HARVESTED,ACRES,SOYBEANS - ACRES HARVESTED,PRODUCERS,PRODUCERS: (GENDER = FEMALE),COUNTY,39,39,OH,OHIO,20,NORTH CENTRAL,143,143,SANDUSKY,,,00000000,,,9000,UNITED STATES,"OHIO, NORTH CENTRAL, SANDUSKY",2017,ANNUAL,00,00,YEAR,,2018-02-01 00:00:00,"34,250",,2017,34250.0,False,TOTAL
CENSUS,CROPS,FIELD CROPS,SOYBEANS,ALL CLASSES,ALL PRODUCTION PRACTICES,ALL UTILIZATION PRACTICES,AREA HARVESTED,ACRES,SOYBEANS - ACRES HARVESTED,TOTAL,NOT SPECIFIED,COUNTY,39,39,OH,OHIO,20,NORTH CENTRAL,147,147,SENECA,,,00000000,,,9000,UNITED STATES,"OHIO, NORTH CENTRAL, SENECA",2017,ANNUAL,00,00,YEAR,,2018-02-01 00:00:00,"123,121",16.7,2017,123121.0,False,TOTAL
CENSUS,CROPS,FIELD CROPS,SOYBEANS,ALL CLASSES,IRRIGATED,ALL UTILIZATION PRACTICES,AREA HARVESTED,ACRES,"SOYBEANS, IRRIGATED - ACRES HARVESTED",TOTAL,NOT SPECIFIED,COUNTY,39,39,OH,OHIO,20,NORTH CENTRAL,147,147,SENECA,,,00000000,,,9000,UNITED STATES,"OHIO, NORTH CENTRAL, SENECA",2017,ANNUAL,00,00,YEAR,,2018-02-01 00:00:00,(D),(D),2017,,True,IRRIGATED
CENSUS,DEMOGRAPHICS,FIELD CROPS,SOYBEANS,ALL CLASSES,ALL PRODUCTION PRACTICES,ALL UTILIZATION PRACTICES,AREA HARVESTED,ACRES,SOYBEANS - ACRES HARVESTED,PRODUCERS,PRODUCERS: (GENDER = FEMALE),COUNTY,39,39,OH,OHIO,20,NORTH CENTRAL,147,147,SENECA,,,00000000,,,9000,UNITED STATES,"OHIO, NORTH CENTRAL, SENECA",2017,ANNUAL,00,00,YEAR,,2018-02-01 00:00:00,"43,093",,2017,43093.0,False,TOTAL
CENSUS,CROPS,FIELD CROPS,SOYBEANS,ALL CLASSES,ALL PRODUCTION PRACTICES,ALL UTILIZATION PRACTICES,AREA HARVESTED,ACRES,SOYBEANS - ACRES HARVESTED,TOTAL,NOT SPECIFIED,COUNTY,39,39,OH,OHIO,20,NORTH CENTRAL,175,175,WYANDOT,,,00000000,,,9000,UNITED STATES,"OHIO, NORTH CENTRAL, WYANDOT",2017,ANNUAL,00,00,YEAR,,2018-02-01 00:00:00,"109,998",16.7,2017,109998.0,False,TOTAL
CENSUS,DEMOGRAPHICS,FIELD CROPS,SOYBEANS,ALL CLASSES,ALL PRODUCTION PRACTICES,ALL UTILIZATION PRACTICES,AREA HARVESTED,ACRES,SOYBEANS - ACRES HARVESTED,PRODUCERS,PRODUCERS: (GENDER = FEMALE),COUNTY,39,39,OH,OHIO,20,NORTH CENTRAL,175,175,WYANDOT,,,00000000,,,9000,UNITED STATES,"OHIO, NORTH CENTRAL, WYANDOT",2017,ANNUAL,00,00,YEAR,,2018-02-01 00:00:00,"35,172",,2017,35172.0,False,TOTAL
CENSUS,CROPS,FIELD CROPS,SOYBEANS,ALL CLASSES,ALL PRODUCTION PRACTICES,ALL UTILIZATION PRACTICES,AREA HARVESTED,ACRES,SOYBEANS - ACRES HARVESTED,TOTAL,NOT SPECIFIED,COUNTY,39,39,OH,OHIO,30,NORTHEAST,007,007,ASHTABULA,,,00000000,,,9000,UNITED STATES,"OHIO, NORTHEAST, ASHTABULA",2017,ANNUAL,00,00,YEAR,,2018-02-01 00:00:00,"41,344",16.7,2017,41344.0,False,TOTAL
CENSUS,DEMOGRAPHICS,FIELD CROPS,SOYBEANS,ALL CLASSES,ALL PRODUCTION PRACTICES,ALL UTILIZATION PRACTICES,AREA HARVESTED,ACRES,SOYBEANS - ACRES HARVESTED,PRODUCERS,PRODUCERS: (GENDER = FEMALE),COUNTY,39,39,OH,OHIO,30,NORTHEAST,007,007,ASHTABULA,,,00000000,,,9000,UNITED STATES,"OHIO, NORTHEAST, ASHTABULA",2017,ANNUAL,00,00,YEAR,,2018-02-01 00:00:00,"15,953",,2017,15953.0,False,TOTAL
CENSUS,CROPS,FIELD CROPS,SOYBEANS,ALL CLASSES,ALL PRODUCTION PRACTICES,ALL UTILIZATION PRACTICES,AREA HARVESTED,ACRES,SOYBEANS - ACRES HARVESTED,TOTAL,NOT SPECIFIED,COUNTY,39,39,OH,OHIO,30,NORTHEAST,029,029,COLUMBIANA,,,00000000,,,9000,UNITED STATES,"OHIO, NORTHEAST, COLUMBIANA",2017,ANNUAL,00,00,YEAR,,2018-02-01 00:00:00,"26,937",16.7,2017,26937.0,False,TOTAL
CENSUS,DEMOGRAPHICS,FIELD CROPS,SOYBEANS,ALL CLASSES,ALL PRODUCTION PRACTICES,ALL UTILIZATION PRACTICES,AREA HARVESTED,ACRES,SOYBEANS - ACRES HARVESTED,PRODUCERS,PRODUCERS: (GENDER = FEMALE),COUNTY,39,39,OH,OHIO,30,NORTHEAST,029,029,COLUMBIANA,,,00000000,,,9000,UNITED STATES,"OHIO, NORTHEAST, COLUMBIANA",2017,ANNUAL,00,00,YEAR,,2018-02-01 00:00:00,"8,482",,2017,8482.0,False,TOTAL
CENSUS,CROPS,FIELD CROPS,SOYBEANS,ALL CLASSES,ALL PRODUCTION PRACTICES,ALL UTILIZATION PRACTICES,AREA HARVESTED,ACRES,SOYBEANS - ACRES HARVESTED,TOTAL,NOT SPECIFIED,COUNTY,39,39,OH,OHIO,30,NORTHEAST,035,035,CUYAHOGA,,,00000000,,,9000,UNITED STATES,"OHIO, NORTHEAST, CUYAHOGA",2017,ANNUAL,00,00,YEAR,,2018-02-01 00:00:00,(D),(D),2017,,True,TOTAL
CENSUS,CROPS,FIELD CROPS,SOYBEANS,ALL CLASSES,ALL PRODUCTION PRACTICES,ALL UTILIZATION PRACTICES,AREA HARVESTED,ACRES,SOYBEANS - ACRES HARVESTED,TOTAL,NOT SPECIFIED,COUNTY,39,39,OH,OHIO,30,NORTHEAST,055,055,GEAUGA,,,00000000,,,9000,UNITED STATES,"OHIO, NORTHEAST, GEAUGA",2017,ANNUAL,00,00,YEAR,,2018-02-01 00:00:00,"7,465",16.7,2017,7465.0,False,TOTAL
CENSUS,CROPS,FIELD CROPS,SOYBEANS,ALL CLASSES,IRRIGATED,ALL UTILIZATION PRACTICES,AREA HARVESTED,ACRES,"SOYBEANS, IRRIGATED - ACRES HARVESTED",TOTAL,NOT SPECIFIED,COUNTY,39,39,OH,OHIO,30,NORTHEAST,055,055,GEAUGA,,,00000000,,,9000,UNITED STATES,"OHIO, NORTHEAST, GEAUGA",2017,ANNUAL,00,00,YEAR,,2018-02-01 00:00:00,(D),(D),2017,,True,IRRIGATED
CENSUS,DEMOGRAPHICS,FIELD CROPS,SOYBEANS,ALL CLASSES,ALL PRODUCTION PRACTICES,ALL UTILIZATION PRACTICES,AREA HARVESTED,ACRES,SOYBEANS - ACRES HARVESTED,PRODUCERS,PRODUCERS: (GENDER = FEMALE),COUNTY,39,39,OH,OHIO,30,NORTHEAST,055,055,GEAUGA,,,00000000,,,9000,UNITED STATES,"OHIO, NORTHEAST, GEAUGA",2017,ANNUAL,00,00,YEAR,,2018-02-01 00:00:00,"4,064",,2017,4064.0,False,TOTAL
CENSUS,CROPS,FIELD CROPS,SOYBEANS,ALL CLASSES,ALL PRODUCTION PRACTICES,ALL UTILIZATION PRACTICES,AREA HARVESTED,ACRES,SOYBEANS - ACRES HARVESTED,TOTAL,NOT SPECIFIED,COUNTY,39,39,OH,OHIO,30,NORTHEAST,085,085,LAKE,,,00000000,,,9000,UNITED STATES,"OHIO, NORTHEAST, LAKE",2017,ANNUAL,00,00,YEAR,,2018-02-01 00:00:00,753,16.7,2017,753.0,False,TOTAL
CENSUS,DEMOGRAPHICS,FIELD CROPS,SOYBEANS,ALL CLASSES,ALL PRODUCTION PRACTICES,ALL UTILIZATION PRACTICES,AREA HARVESTED,ACRES,SOYBEANS - ACRES HARVESTED,PRODUCERS,PRODUCERS: (GENDER = FEMALE),COUNTY,39,39,OH,OHIO,30,NORTHEAST,085,085,LAKE,,,00000000,,,9000,UNITED STATES,"OHIO, NORTHEAST, LAKE",2017,ANNUAL,00,00,YEAR,,2018-02-01 00:00:00,122,,2017,122.0,False,TOTAL
CENSUS,CROPS,FIELD CROPS,SOYBEANS,ALL CLASSES,ALL PRODUCTION PRACTICES,ALL UTILIZATION PRACTICES,AREA HARVESTED,ACRES,SOYBEANS - ACRES HARVESTED,TOTAL,NOT SPECIFIED,COUNTY,39,39,OH,OHIO,30,NORTHEAST,099,099,MAHONING,,,00000000,,,9000,UNITED STATES,"OHIO, NORTHEAST, MAHONING",2017,ANNUAL,00,00,YEAR,,2018-02-01 00:00:00,"16,019",16.7,2017,16019.0,False,TOTAL
CENSUS,DEMOGRAPHICS,FIELD CROPS,SOYBEANS,ALL CLASSES,ALL PRODUCTION PRACTICES,ALL UTILIZATION PRACTICES,AREA HARVESTED,ACRES,SOYBEANS - ACRES HARVESTED,PRODUCERS,PRODUCERS: (GENDER = FEMALE),COUNTY,39,39,OH,OHIO,30,NORTHEAST,099,099,MAHONING,,,00000000,,,9000,UNITED STATES,"OHIO, NORTHEAST, MAHONING",2017,ANNUAL,00,00,YEAR,,2018-02-01 00:00:00,"4,399",,2017,4399.0,False,TOTAL
CENSUS,CROPS,FIELD CROPS,SOYBEANS,ALL CLASSES,ALL PRODUCTION PRACTICES,ALL UTILIZATION PRACTICES,AREA HARVESTED,ACRES,SOYBEANS - ACRES HARVESTED,TOTAL,NOT SPECIFIED,COUNTY,39,39,OH,OHIO,30,NORTHEAST,103,103,MEDINA,,,00000000,,,9000,UNITED STATES,"OHIO, NORTHEAST, MEDINA",2017,ANNUAL,00,00,YEAR,,2018-02-01 00:00:00,"39,063",16.7,2017,39063.0,False,TOTAL
CENSUS,DEMOGRAPHICS,FIELD CROPS,SOYBEANS,ALL CLASSES,ALL PRODUCTION PRACTICES,ALL UTILIZATION PRACTICES,AREA HARVESTED,ACRES,SOYBEANS - ACRES HARVESTED,PRODUCERS,PRODUCERS: (GENDER = FEMALE),COUNTY,39,39,OH,OHIO,30,NORTHEAST,103,103,MEDINA,,,00000000,,,9000,UNITED STATES,"OHIO, NORTHEAST, MEDINA",2017,ANNUAL,00,00,YEAR,,2018-02-01 00:00:00,"11,915",,2017,11915.0,False,TOTAL
CENSUS,CROPS,FIELD CROPS,SOYBEANS,ALL CLASSES,ALL PRODUCTION PRACTICES,ALL UTILIZATION PRACTICES,AREA HARVESTED,ACRES,SOYBEANS - ACRES HARVESTED,TOTAL,NOT SPECIFIED,COUNTY,39,39,OH,OHIO,30,NORTHEAST,133,133,PORTAGE,,,00000000,,,9000,UNITED STATES,"OHIO, NORTHEAST, PORTAGE",2017,ANNUAL,00,00,YEAR,,2018-02-01 00:00:00,"23,650",16.7,2017,23650.0,False,TOTAL
CENSUS,DEMOGRAPHICS,FIELD CROPS,SOYBEANS,ALL CLASSES,ALL PRODUCTION PRACTICES,ALL UTILIZATION PRACTICES,AREA HARVESTED,ACRES,SOYBEANS - ACRES HARVESTED,PRODUCERS,PRODUCERS: (GENDER = FEMALE),COUNTY,39,39,OH,OHIO,30,NORTHEAST,133,133,PORTAGE,,,00000000,,,9000,UNITED STATES,"OHIO, NORTHEAST, PORTAGE",2017,ANNUAL,00,00,YEAR,,2018-02-01 00:00:00,"8,820",,2017,8820.0,False,TOTAL
CENSUS,CROPS,FIELD CROPS,SOYBEANS,ALL CLASSES,ALL PRODUCTION PRACTICES,ALL UTILIZATION PRACTICES,AREA HARVESTED,ACRES,SOYBEANS - ACRES HARVESTED,TOTAL,NOT SPECIFIED,COUNTY,39,39,OH,OHIO,30,NORTHEAST,151,151,STARK,,,00000000,,,9000,UNITED STATES,"OHIO, NORTHEAST, STARK",2017,ANNUAL,00,00,YEAR,,2018-02-01 00:00:00,"29,355",16.7,2017,29355.0,False,TOTAL
CENSUS,CROPS,FIELD CROPS,SOYBEANS,ALL CLASSES,IRRIGATED,ALL UTILIZATION PRACTICES,AREA HARVESTED,ACRES,"SOYBEANS, IRRIGATED - ACRES HARVESTED",TOTAL,NOT SPECIFIED,COUNTY,39,39,OH,OHIO,30,NORTHEAST,151,151,STARK,,,00000000,,,9000,UNITED STATES,"OHIO, NORTHEAST, STARK",2017,ANNUAL,00,00,YEAR,,2018-02-01 00:00:00,(D),(D),2017,,True,IRRIGATED
CENSUS,DEMOGRAPHICS,FIELD CROPS,SOYBEANS,ALL CLASSES,ALL PRODUCTION PRACTICES,ALL UTILIZATION PRACTICES,AREA HARVESTED,ACRES,SOYBEANS - ACRES HARVESTED,PRODUCERS,PRODUCERS: (GENDER = FEMALE),COUNTY,39,39,OH,OHIO,30,NORTHEAST,151,151,STARK,,,00000000,,,9000,UNITED STATES,"OHIO, NORTHEAST, STARK",2017,ANNUAL,00,00,YEAR,,2018-02-01 00:00:00,"8,742",,2017,8742.0,False,TOTAL
CENSUS,CROPS,FIELD CROPS,SOYBEANS,ALL CLASSES,ALL PRODUCTION PRACTICES,ALL UTILIZATION PRACTICES,AREA HARVESTED,ACRES,SOYBEANS - ACRES HARVESTED,TOTAL,NOT SPECIFIED,COUNTY,39,39,OH,OHIO,30,NORTHEAST,153,153,SUMMIT,,,00000000,,,9000,UNITED STATES,"OHIO, NORTHEAST, SUMMIT",2017,ANNUAL,00,00,YEAR,,2018-02-01 00:00:00,"2,183",16.7,2017,2183.0,False,TOTAL
CENSUS,DEMOGRAPHICS,FIELD CROPS,SOYBEANS,ALL CLASSES,ALL PRODUCTION PRACTICES,ALL UTILIZATION PRACTICES,AREA HARVESTED,ACRES,SOYBEANS - ACRES HARVESTED,PRODUCERS,PRODUCERS: (GENDER = FEMALE),COUNTY,39,39,OH,OHIO,30,NORTHEAST,153,153,SUMMIT,,,00000000,,,9000,UNITED STATES,"OHIO, NORTHEAST, SUMMIT",2017,ANNUAL,00,00,YEAR,,2018-02-01 00:00:00,276,,2017,276.0,False,TOTAL
CENSUS,CROPS,FIELD CROPS,SOYBEANS,ALL CLASSES,ALL PRODUCTION PRACTICES,ALL UTILIZATION PRACTICES,AREA HARVESTED,ACRES,SOYBEANS - ACRES HARVESTED,TOTAL,NOT SPECIFIED,COUNTY,39,39,OH,OHIO,30,NORTHEAST,155,155,TRUMBULL,,,00000000,,,9000,UNITED STATES,"OHIO, NORTHEAST, TRUMBULL",2017,ANNUAL,00,00,YEAR,,2018-02-01 00:00:00,"33,964",16.7,2017,33964.0,False,TOTAL
CENSUS,DEMOGRAPHICS,FIELD CROPS,SOYBEANS,ALL CLASSES,ALL PRODUCTION PRACTICES,ALL UTILIZATION PRACTICES,AREA HARVESTED,ACRES,SOYBEANS - ACRES HARVESTED,PRODUCERS,PRODUCERS: (GENDER = FEMALE),COUNTY,39,39,OH,OHIO,30,NORTHEAST,155,155,TRUMBULL,,,00000000,,,9000,UNITED STATES,"OHIO, NORTHEAST, TRUMBULL",2017,ANNUAL,00,00,YEAR,,2018-02-01 00:00:00,"15,598",,2017,15598.0,False,TOTAL
CENSUS,CROPS,FIELD CROPS,SOYBEANS,ALL CLASSES,ALL PRODUCTION PRACTICES,ALL UTILIZATION PRACTICES,AREA HARVESTED,ACRES,SOYBEANS - ACRES HARVESTED,TOTAL,NOT SPECIFIED,COUNTY,39,39,OH,OHIO,30,NORTHEAST,169,169,WAYNE,,,00000000,,,9000,UNITED STATES,"OHIO, NORTHEAST, WAYNE",2017,ANNUAL,00,00,YEAR,,2018-02-01 00:00:00,"53,087",16.7,2017,53087.0,False,TOTAL
CENSUS,DEMOGRAPHICS,FIELD CROPS,SOYBEANS,ALL CLASSES,ALL PRODUCTION PRACTICES,ALL UTILIZATION PRACTICES,AREA HARVESTED,ACRES,SOYBEANS - ACRES HARVESTED,PRODUCERS,PRODUCERS: (GENDER = FEMALE),COUNTY,39,39,OH,OHIO,30,NORTHEAST,169,169,WAYNE,,,00000000,,,9000,UNITED STATES,"OHIO, NORTHEAST, WAYNE",2017,ANNUAL,00,00,YEAR,,2018-02-01 00:00:00,"21,855",,2017,21855.0,False,TOTAL
CENSUS,CROPS,FIELD CROPS,SOYBEANS,ALL CLASSES,ALL PRODUCTION PRACTICES,ALL UTILIZATION PRACTICES,AREA HARVESTED,ACRES,SOYBEANS - ACRES HARVESTED,TOTAL,NOT SPECIFIED,COUNTY,39,39,OH,OHIO,40,WEST CENTRAL,011,011,AUGLAIZE,,,00000000,,,9000,UNITED STATES,"OHIO, WEST CENTRAL, AUGLAIZE",2017,ANNUAL,00,00,YEAR,,2018-02-01 00:00:00,"96,280",16.7,2017,96280.0,False,TOTAL
CENSUS,CROPS,FIELD CROPS,SOYBEANS,ALL CLASSES,IRRIGATED,ALL UTILIZATION PRACTICES,AREA HARVESTED,ACRES,"SOYBEANS, IRRIGATED - ACRES HARVESTED",TOTAL,NOT SPECIFIED,COUNTY,39,39,OH,OHIO,40,WEST CENTRAL,011,011,AUGLAIZE,,,00000000,,,9000,UNITED STATES,"OHIO, WEST CENTRAL, AUGLAIZE",2017,ANNUAL,00,00,YEAR,,2018-02-01 00:00:00,(D),(D),2017,,True,IRRIGATED
CENSUS,DEMOGRAPHICS,FIELD CROPS,SOYBEANS,ALL CLASSES,ALL PRODUCTION PRACTICES,ALL UTILIZATION PRACTICES,AREA HARVESTED,ACRES,SOYBEANS - ACRES HARVESTED,PRODUCERS,PRODUCERS: (GENDER = FEMALE),COUNTY,39,39,OH,OHIO,40,WEST CENTRAL,011,011,AUGLAIZE,,,00000000,,,9000,UNITED STATES,"OHIO, WEST CENTRAL, AUGLAIZE",2017,ANNUAL,00,00,YEAR,,2018-02-01 00:00:00,"28,878",,2017,28878.0,False,TOTAL
CENSUS,CROPS,FIELD CROPS,SOYBEANS,ALL CLASSES,ALL PRODUCTION PRACTICES,ALL UTILIZATION PRACTICES,AREA HARVESTED,ACRES,SOYBEANS - ACRES HARVESTED,TOTAL,NOT SPECIFIED,COUNTY,39,39,OH,OHIO,40,WEST CENTRAL,021,021,CHAMPAIGN,,,00000000,,,9000,UNITED STATES,"OHIO, WEST CENTRAL, CHAMPAIGN",2017,ANNUAL,00,00,YEAR,,2018-02-01 00:00:00,"76,511",16.7,2017,76511.0,False,TOTAL
CENSUS,CROPS,FIELD CROPS,SOYBEANS,ALL CLASSES,IRRIGATED,ALL UTILIZATION PRACTICES,AREA HARVESTED,ACRES,"SOYBEANS, IRRIGATED - ACRES HARVESTED",TOTAL,NOT SPECIFIED,COUNTY,39,39,OH,OHIO,40,WEST CENTRAL,021,021,CHAMPAIGN,,,00000000,,,9000,UNITED STATES,"OHIO, WEST CENTRAL, CHAMPAIGN",2017,ANNUAL,00,00,YEAR,,2018-02-01 00:00:00,546,31.0,2017,546.0,False,IRRIGATED
CENSUS,DEMOGRAPHICS,FIELD CROPS,SOYBEANS,ALL CLASSES,ALL PRODUCTION PRACTICES,ALL UTILIZATION PRACTICES,AREA HARVESTED,ACRES,SOYBEANS - ACRES HARVESTED,PRODUCERS,PRODUCERS: (GENDER = FEMALE),COUNTY,39,39,OH,OHIO,40,WEST CENTRAL,021,021,CHAMPAIGN,,,00000000,,,9000,UNITED STATES,"OHIO, WEST CENTRAL, CHAMPAIGN",2017,ANNUAL,00,00,YEAR,,2018-02-01 00:00:00,"26,694",,2017,26694.0,False,TOTAL
CENSUS,CROPS,FIELD CROPS,SOYBEANS,ALL CLASSES,ALL PRODUCTION PRACTICES,ALL UTILIZATION PRACTICES,AREA HARVESTED,ACRES,SOYBEANS - ACRES HARVESTED,TOTAL,NOT SPECIFIED,COUNTY,39,39,OH,OHIO,40,WEST CENTRAL,023,023,CLARK,,,00000000,,,9000,UNITED STATES,"OHIO, WEST CENTRAL, CLARK",2017,ANNUAL,00,00,YEAR,,2018-02-01 00:00:00,"72,282",16.7,2017,72282.0,False,TOTAL
CENSUS,CROPS,FIELD CROPS,SOYBEANS,ALL CLASSES,IRRIGATED,ALL UTILIZATION PRACTICES,AREA HARVESTED,ACRES,"SOYBEANS, IRRIGATED - ACRES HARVESTED",TOTAL,NOT SPECIFIED,COUNTY,39,39,OH,OHIO,40,WEST CENTRAL,023,023,CLARK,,,00000000,,,9000,UNITED STATES,"OHIO, WEST CENTRAL, CLARK",2017,ANNUAL,00,00,YEAR,,2018-02-01 00:00:00,217,31.0,2017,217.0,False,IRRIGATED
CENSUS,DEMOGRAPHICS,FIELD CROPS,SOYBEANS,ALL CLASSES,ALL PRODUCTION PRACTICES,ALL UTILIZATION PRACTICES,AREA HARVESTED,ACRES,SOYBEANS - ACRES HARVESTED,PRODUCERS,PRODUCERS: (GENDER = FEMALE),COUNTY,39,39,OH,OHIO,40,WEST CENTRAL,023,023,CLARK,,,00000000,,,9000,UNITED STATES,"OHIO, WEST CENTRAL, CLARK",2017,ANNUAL,00,00,YEAR,,2018-02-01 00:00:00,"29,563",,2017,29563.0,False,TOTAL
CENSUS,CROPS,FIELD CROPS,SOYBEANS,ALL CLASSES,ALL PRODUCTION PRACTICES,ALL UTILIZATION PRACTICES,AREA HARVESTED,ACRES,SOYBEANS - ACRES HARVESTED,TOTAL,NOT SPECIFIED,COUNTY,39,39,OH,OHIO,40,WEST CENTRAL,037,037,DARKE,,,00000000,,,9000,UNITED STATES,"OHIO, WEST CENTRAL, DARKE",2017,ANNUAL,00,00,YEAR,,2018-02-01 00:00:00,"154,962",16.7,2017,154962.0,False,TOTAL
CENSUS,CROPS,FIELD CROPS,SOYBEANS,ALL CLASSES,IRRIGATED,ALL UTILIZATION PRACTICES,AREA HARVESTED,ACRES,"SOYBEANS, IRRIGATED - ACRES HARVESTED",TOTAL,NOT SPECIFIED,COUNTY,39,39,OH,OHIO,40,WEST CENTRAL,037,037,DARKE,,,00000000,,,9000,UNITED STATES,"OHIO, WEST CENTRAL, DARKE",2017,ANNUAL,00,00,YEAR,,2018-02-01 00:00:00,50,31.0,2017,50.0,False,IRRIGATED
CENSUS,DEMOGRAPHICS,FIELD CROPS,SOYBEANS,ALL CLASSES,ALL PRODUCTION PRACTICES,ALL UTILIZATION PRACTICES,AREA HARVESTED,ACRES,SOYBEANS - ACRES HARVESTED,PRODUCERS,PRODUCERS: (GENDER = FEMALE),COUNTY,39,39,OH,OHIO,40,WEST CENTRAL,037,037,DARKE,,,00000000,,,9000,UNITED STATES,"OHIO, WEST CENTRAL, DARKE",2017,ANNUAL,00,00,YEAR,,2018-02-01 00:00:00,"53,006",,2017,53006.0,False,TOTAL
CENSUS,CROPS,FIELD CROPS,SOYBEANS,ALL CLASSES,ALL PRODUCTION PRACTICES,ALL UTILIZATION PRACTICES,AREA HARVESTED,ACRES,SOYBEANS - ACRES HARVESTED,TOTAL,NOT SPECIFIED,COUNTY,39,39,OH,OHIO,40,WEST CENTRAL,065,065,HARDIN,,,00000000,,,9000,UNITED STATES,"OHIO, WEST CENTRAL, HARDIN",2017,ANNUAL,00,00,YEAR,,2018-02-01 00:00:00,"120,186",16.7,2017,120186.0,False,TOTAL
CENSUS,CROPS,FIELD CROPS,SOYBEANS,ALL CLASSES,IRRIGATED,ALL UTILIZATION PRACTICES,AREA HARVESTED,ACRES,"SOYBEANS, IRRIGATED - ACRES HARVESTED",TOTAL,NOT SPECIFIED,COUNTY,39,39,OH,OHIO,40,WEST CENTRAL,065,065,HARDIN,,,00000000,,,9000,UNITED STATES,"OHIO, WEST CENTRAL, HARDIN",2017,ANNUAL,00,00,YEAR,,2018-02-01 00:00:00,(D),(D),2017,,True,IRRIGATED
CENSUS,DEMOGRAPHICS,FIELD CROPS,SOYBEANS,ALL CLASSES,ALL PRODUCTION PRACTICES,ALL UTILIZATION PRACTICES,AREA HARVESTED,ACRES,SOYBEANS - ACRES HARVESTED,PRODUCERS,PRODUCERS: (GENDER = FEMALE),COUNTY,39,39,OH,OHIO,40,WEST CENTRAL,065,065,HARDIN,,,00000000,,,9000,UNITED STATES,"OHIO, WEST CENTRAL, HARDIN",2017,ANNUAL,00,00,YEAR,,2018-02-01 00:00:00,"44,891",,2017,44891.0,False,TOTAL
CENSUS,CROPS,FIELD CROPS,SOYBEANS,ALL CLASSES,ALL PRODUCTION PRACTICES,ALL UTILIZATION PRACTICES,AREA HARVESTED,ACRES,SOYBEANS - ACRES HARVESTED,TOTAL,NOT SPECIFIED,COUNTY,39,39,OH,OHIO,40,WEST CENTRAL,091,091,LOGAN,,,00000000,,,9000,UNITED STATES,"OHIO, WEST CENTRAL, LOGAN",2017,ANNUAL,00,00,YEAR,,2018-02-01 00:00:00,"88,676",16.7,2017,88676.0,False,TOTAL
CENSUS,DEMOGRAPHICS,FIELD CROPS,SOYBEANS,ALL CLASSES,ALL PRODUCTION PRACTICES,ALL UTILIZATION PRACTICES,AREA HARVESTED,ACRES,SOYBEANS - ACRES HARVESTED,PRODUCERS,PRODUCERS: (GENDER = FEMALE),COUNTY,39,39,OH,OHIO,40,WEST CENTRAL,091,091,LOGAN,,,00000000,,,9000,UNITED STATES,"OHIO, WEST CENTRAL, LOGAN",2017,ANNUAL,00,00,YEAR,,2018-02-01 00:00:00,"31,778",,2017,31778.0,False,TOTAL
CENSUS,CROPS,FIELD CROPS,SOYBEANS,ALL CLASSES,ALL PRODUCTION PRACTICES,ALL UTILIZATION PRACTICES,AREA HARVESTED,ACRES,SOYBEANS - ACRES HARVESTED,TOTAL,NOT SPECIFIED,COUNTY,39,39,OH,OHIO,40,WEST CENTRAL,107,107,MERCER,,,00000000,,,9000,UNITED STATES,"OHIO, WEST CENTRAL, MERCER",2017,ANNUAL,00,00,YEAR,,2018-02-01 00:00:00,"109,812",16.7,2017,109812.0,False,TOTAL
CENSUS,DEMOGRAPHICS,FIELD CROPS,SOYBEANS,ALL CLASSES,ALL PRODUCTION PRACTICES,ALL UTILIZATION PRACTICES,AREA HARVESTED,ACRES,SOYBEANS - ACRES HARVESTED,PRODUCERS,PRODUCERS: (GENDER = FEMALE),COUNTY,39,39,OH,OHIO,40,WEST CENTRAL,107,107,MERCER,,,00000000,,,9000,UNITED STATES,"OHIO, WEST CENTRAL, MERCER",2017,ANNUAL,00,00,YEAR,,2018-02-01 00:00:00,"38,452",,2017,38452.0,False,TOTAL
CENSUS,CROPS,FIELD CROPS,SOYBEANS,ALL CLASSES,ALL PRODUCTION PRACTICES,ALL UTILIZATION PRACTICES,AREA HARVESTED,ACRES,SOYBEANS - ACRES HARVESTED,TOTAL,NOT SPECIFIED,COUNTY,39,39,OH,OHIO,40,WEST CENTRAL,109,109,MIAMI,,,00000000,,,9000,UNITED STATES,"OHIO, WEST CENTRAL, MIAMI",2017,ANNUAL,00,00,YEAR,,2018-02-01 00:00:00,"76,036",16.7,2017,76036.0,False,TOTAL
CENSUS,CROPS,FIELD CROPS,SOYBEANS,ALL CLASSES,IRRIGATED,ALL UTILIZATION PRACTICES,AREA HARVESTED,ACRES,"SOYBEANS, IRRIGATED - ACRES HARVESTED",TOTAL,NOT SPECIFIED,COUNTY,39,39,OH,OHIO,40,WEST CENTRAL,109,109,MIAMI,,,00000000,,,9000,UNITED STATES,"OHIO, WEST CENTRAL, MIAMI",2017,ANNUAL,00,00,YEAR,,2018-02-01 00:00:00,424,31.0,2017,424.0,False,IRRIGATED
CENSUS,DEMOGRAPHICS,FIELD CROPS,SOYBEANS,ALL CLASSES,ALL PRODUCTION PRACTICES,ALL UTILIZATION PRACTICES,AREA HARVESTED,ACRES,SOYBEANS - ACRES HARVESTED,PRODUCERS,PRODUCERS: (GENDER = FEMALE),COUNTY,39,39,OH,OHIO,40,WEST CENTRAL,109,109,MIAMI,,,00000000,,,9000,UNITED STATES,"OHIO, WEST CENTRAL, MIAMI",2017,ANNUAL,00,00,YEAR,,2018-02-01 00:00:00,"21,341",,2017,21341.0,False,TOTAL
CENSUS,CROPS,FIELD CROPS,SOYBEANS,ALL CLASSES,ALL PRODUCTION PRACTICES,ALL UTILIZATION PRACTICES,AREA HARVESTED,ACRES,SOYBEANS - ACRES HARVESTED,TOTAL,NOT SPECIFIED,COUNTY,39,39,OH,OHIO,40,WEST CENTRAL,149,149,SHELBY,,,00000000,,,9000,UNITED STATES,"OHIO, WEST CENTRAL, SHELBY",2017,ANNUAL,00,00,YEAR,,2018-02-01 00:00:00,"98,264",16.7,2017,98264.0,False,TOTAL
CENSUS,CROPS,FIELD CROPS,SOYBEANS,ALL CLASSES,IRRIGATED,ALL UTILIZATION PRACTICES,AREA HARVESTED,ACRES,"SOYBEANS, IRRIGATED - ACRES HARVESTED",TOTAL,NOT SPECIFIED,COUNTY,39,39,OH,OHIO,40,WEST CENTRAL,149,149,SHELBY,,,00000000,,,9000,UNITED STATES,"OHIO, WEST CENTRAL, SHELBY",2017,ANNUAL,00,00,YEAR,,2018-02-01 00:00:00,(D),(D),2017,,True,IRRIGATED
CENSUS,DEMOGRAPHICS,FIELD CROPS,SOYBEANS,ALL CLASSES,ALL PRODUCTION PRACTICES,ALL UTILIZATION PRACTICES,AREA HARVESTED,ACRES,SOYBEANS - ACRES HARVESTED,PRODUCERS,PRODUCERS: (GENDER = FEMALE),COUNTY,39,39,OH,OHIO,40,WEST CENTRAL,149,149,SHELBY,,,00000000,,,9000,UNITED STATES,"OHIO, WEST CENTRAL, SHELBY",2017,ANNUAL,00,00,YEAR,,2018-02-01 00:00:00,"35,766",,2017,35766.0,False,TOTAL
CENSUS,CROPS,FIELD CROPS,SOYBEANS,ALL CLASSES,ALL PRODUCTION PRACTICES,ALL UTILIZATION PRACTICES,AREA HARVESTED,ACRES,SOYBEANS - ACRES HARVESTED,TOTAL,NOT SPECIFIED,COUNTY,39,39,OH,OHIO,50,CENTRAL,041,041,DELAWARE,,,00000000,,,9000,UNITED STATES,"OHIO, CENTRAL, DELAWARE",2017,ANNUAL,00,00,YEAR,,2018-02-01 00:00:00,"67,409",16.7,2017,67409.0,False,TOTAL
CENSUS,DEMOGRAPHICS,FIELD CROPS,SOYBEANS,ALL CLASSES,ALL PRODUCTION PRACTICES,ALL UTILIZATION PRACTICES,AREA HARVESTED,ACRES,SOYBEANS - ACRES HARVESTED,PRODUCERS,PRODUCERS: (GENDER = FEMALE),COUNTY,39,39,OH,OHIO,50,CENTRAL,041,041,DELAWARE,,,00000000,,,9000,UNITED STATES,"OHIO, CENTRAL, DELAWARE",2017,ANNUAL,00,00,YEAR,,2018-02-01 00:00:00,"31,420",,2017,31420.0,False,TOTAL
CENSUS,CROPS,FIELD CROPS,SOYBEANS,ALL CLASSES,ALL PRODUCTION PRACTICES,ALL UTILIZATION PRACTICES,AREA HARVESTED,ACRES,SOYBEANS - ACRES HARVESTED,TOTAL,NOT SPECIFIED,COUNTY,39,39,OH,OHIO,50,CENTRAL,045,045,FAIRFIELD,,,00000000,,,9000,UNITED STATES,"OHIO, CENTRAL, FAIRFIELD",2017,ANNUAL,00,00,YEAR,,2018-02-01 00:00:00,"68,989",16.7,2017,68989.0,False,TOTAL
CENSUS,DEMOGRAPHICS,FIELD CROPS,SOYBEANS,ALL CLASSES,ALL PRODUCTION PRACTICES,ALL UTILIZATION PRACTICES,AREA HARVESTED,ACRES,SOYBEANS - ACRES HARVESTED,PRODUCERS,PRODUCERS: (GENDER = FEMALE),COUNTY,39,39,OH,OHIO,50,CENTRAL,045,045,FAIRFIELD,,,00000000,,,9000,UNITED STATES,"OHIO, CENTRAL, FAIRFIELD",2017,ANNUAL,00,00,YEAR,,2018-02-01 00:00:00,"18,567",,2017,18567.0,False,TOTAL
CENSUS,CROPS,FIELD CROPS,SOYBEANS,ALL CLASSES,ALL PRODUCTION PRACTICES,ALL UTILIZATION PRACTICES,AREA HARVESTED,ACRES,SOYBEANS - ACRES HARVESTED,TOTAL,NOT SPECIFIED,COUNTY,39,39,OH,OHIO,50,CENTRAL,047,047,FAYETTE,,,00000000,,,9000,UNITED STATES,"OHIO, CENTRAL, FAYETTE",2017,ANNUAL,00,00,YEAR,,2018-02-01 00:00:00,"97,538",16.7,2017,97538.0,False,TOTAL
CENSUS,CROPS,FIELD CROPS,SOYBEANS,ALL CLASSES,IRRIGATED,ALL UTILIZATION PRACTICES,AREA HARVESTED,ACRES,"SOYBEANS, IRRIGATED - ACRES HARVESTED",TOTAL,NOT SPECIFIED,COUNTY,39,39,OH,OHIO,50,CENTRAL,047,047,FAYETTE,,,00000000,,,9000,UNITED STATES,"OHIO, CENTRAL, FAYETTE",2017,ANNUAL,00,00,YEAR,,2018-02-01 00:00:00,(D),(D),2017,,True,IRRIGATED
CENSUS,DEMOGRAPHICS,FIELD CROPS,SOYBEANS,ALL CLASSES,ALL PRODUCTION PRACTICES,ALL UTILIZATION PRACTICES,AREA HARVESTED,ACRES,SOYBEANS - ACRES HARVESTED,PRODUCERS,PRODUCERS: (GENDER = FEMALE),COUNTY,39,39,OH,OHIO,50,CENTRAL,047,047,FAYETTE,,,00000000,,,9000,UNITED STATES,"OHIO, CENTRAL, FAYETTE",2017,ANNUAL,00,00,YEAR,,2018-02-01 00:00:00,"20,443",,2017,20443.0,False,TOTAL
CENSUS,CROPS,FIELD CROPS,SOYBEANS,ALL CLASSES,ALL PRODUCTION PRACTICES,ALL UTILIZATION PRACTICES,AREA HARVESTED,ACRES,SOYBEANS - ACRES HARVESTED,TOTAL,NOT SPECIFIED,COUNTY,39,39,OH,OHIO,50,CENTRAL,049,049,FRANKLIN,,,00000000,,,9000,UNITED STATES,"OHIO, CENTRAL, FRANKLIN",2017,ANNUAL,00,00,YEAR,,2018-02-01 00:00:00,"25,099",16.7,2017,25099.0,False,TOTAL
CENSUS,DEMOGRAPHICS,FIELD CROPS,SOYBEANS,ALL CLASSES,ALL PRODUCTION PRACTICES,ALL UTILIZATION PRACTICES,AREA HARVESTED,ACRES,SOYBEANS - ACRES HARVESTED,PRODUCERS,PRODUCERS: (GENDER = FEMALE),COUNTY,39,39,OH,OHIO,50,CENTRAL,049,049,FRANKLIN,,,00000000,,,9000,UNITED STATES,"OHIO, CENTRAL, FRANKLIN",2017,ANNUAL,00,00,YEAR,,2018-02-01 00:00:00,"4,857",,2017,4857.0,False,TOTAL
CENSUS,CROPS,FIELD CROPS,SOYBEANS,ALL CLASSES,ALL PRODUCTION PRACTICES,ALL UTILIZATION PRACTICES,AREA HARVESTED,ACRES,SOYBEANS - ACRES HARVESTED,TOTAL,NOT SPECIFIED,COUNTY,39,39,OH,OHIO,50,CENTRAL,083,083,KNOX,,,00000000,,,9000,UNITED STATES,"OHIO, CENTRAL, KNOX",2017,ANNUAL,00,00,YEAR,,2018-02-01 00:00:00,"54,782",16.7,2017,54782.0,False,TOTAL
CENSUS,DEMOGRAPHICS,FIELD CROPS,SOYBEANS,ALL CLASSES,ALL PRODUCTION PRACTICES,ALL UTILIZATION PRACTICES,AREA HARVESTED,ACRES,SOYBEANS - ACRES HARVESTED,PRODUCERS,PRODUCERS: (GENDER = FEMALE),COUNTY,39,39,OH,OHIO,50,CENTRAL,083,083,KNOX,,,00000000,,,9000,UNITED STATES,"OHIO, CENTRAL, KNOX",2017,ANNUAL,00,00,YEAR,,2018-02-01 00:00:00,"25,147",,2017,25147.0,False,TOTAL
CENSUS,CROPS,FIELD CROPS,SOYBEANS,ALL CLASSES,ALL PRODUCTION PRACTICES,ALL UTILIZATION PRACTICES,AREA HARVESTED,ACRES,SOYBEANS - ACRES HARVESTED,TOTAL,NOT SPECIFIED,COUNTY,39,39,OH,OHIO,50,CENTRAL,089,089,LICKING,,,00000000,,,9000,UNITED STATES,"OHIO, CENTRAL, LICKING",2017,ANNUAL,00,00,YEAR,,2018-02-01 00:00:00,"69,392",16.7,2017,69392.0,False,TOTAL
CENSUS,CROPS,FIELD CROPS,SOYBEANS,ALL CLASSES,IRRIGATED,ALL UTILIZATION PRACTICES,AREA HARVESTED,ACRES,"SOYBEANS, IRRIGATED - ACRES HARVESTED",TOTAL,NOT SPECIFIED,COUNTY,39,39,OH,OHIO,50,CENTRAL,089,089,LICKING,,,00000000,,,9000,UNITED STATES,"OHIO, CENTRAL, LICKING",2017,ANNUAL,00,00,YEAR,,2018-02-01 00:00:00,(D),(D),2017,,True,IRRIGATED
CENSUS,DEMOGRAPHICS,FIELD CROPS,SOYBEANS,ALL CLASSES,ALL PRODUCTION PRACTICES,ALL UTILIZATION PRACTICES,AREA HARVESTED,ACRES,SOYBEANS - ACRES HARVESTED,PRODUCERS,PRODUCERS: (GENDER = FEMALE),COUNTY,39,39,OH,OHIO,50,CENTRAL,089,089,LICKING,,,00000000,,,9000,UNITED STATES,"OHIO, CENTRAL, LICKING",2017,ANNUAL,00,00,YEAR,,2018-02-01 00:00:00,"23,100",,2017,23100.0,False,TOTAL
CENSUS,CROPS,FIELD CROPS,SOYBEANS,ALL CLASSES,ALL PRODUCTION PRACTICES,ALL UTILIZATION PRACTICES,AREA HARVESTED,ACRES,SOYBEANS - ACRES HARVESTED,TOTAL,NOT SPECIFIED,COUNTY,39,39,OH,OHIO,50,CENTRAL,097,097,MADISON,,,00000000,,,9000,UNITED STATES,"OHIO, CENTRAL, MADISON",2017,ANNUAL,00,00,YEAR,,2018-02-01 00:00:00,"123,616",16.7,2017,123616.0,False,TOTAL
CENSUS,DEMOGRAPHICS,FIELD CROPS,SOYBEANS,ALL CLASSES,ALL PRODUCTION PRACTICES,ALL UTILIZATION PRACTICES,AREA HARVESTED,ACRES,SOYBEANS - ACRES HARVESTED,PRODUCERS,PRODUCERS: (GENDER = FEMALE),COUNTY,39,39,OH,OHIO,50,CENTRAL,097,097,MADISON,,,00000000,,,9000,UNITED STATES,"OHIO, CENTRAL, MADISON",2017,ANNUAL,00,00,YEAR,,2018-02-01 00:00:00,"35,157",,2017,35157.0,False,TOTAL
CENSUS,CROPS,FIELD CROPS,SOYBEANS,ALL CLASSES,ALL PRODUCTION PRACTICES,ALL UTILIZATION PRACTICES,AREA HARVESTED,ACRES,SOYBEANS - ACRES HARVESTED,TOTAL,NOT SPECIFIED,COUNTY,39,39,OH,OHIO,50,CENTRAL,101,101,MARION,,,00000000,,,9000,UNITED STATES,"OHIO, CENTRAL, MARION",2017,ANNUAL,00,00,YEAR,,2018-02-01 00:00:00,"114,102",16.7,2017,114102.0,False,TOTAL
CENSUS,CROPS,FIELD CROPS,SOYBEANS,ALL CLASSES,IRRIGATED,ALL UTILIZATION PRACTICES,AREA HARVESTED,ACRES,"SOYBEANS, IRRIGATED - ACRES HARVESTED",TOTAL,NOT SPECIFIED,COUNTY,39,39,OH,OHIO,50,CENTRAL,101,101,MARION,,,00000000,,,9000,UNITED STATES,"OHIO, CENTRAL, MARION",2017,ANNUAL,00,00,YEAR,,2018-02-01 00:00:00,(D),(D),2017,,True,IRRIGATED
CENSUS,DEMOGRAPHICS,FIELD CROPS,SOYBEANS,ALL CLASSES,ALL PRODUCTION PRACTICES,ALL UTILIZATION PRACTICES,AREA HARVESTED,ACRES,SOYBEANS - ACRES HARVESTED,PRODUCERS,PRODUCERS: (GENDER = FEMALE),COUNTY,39,39,OH,OHIO,50,CENTRAL,101,101,MARION,,,00000000,,,9000,UNITED STATES,"OHIO, CENTRAL, MARION",2017,ANNUAL,00,00,YEAR,,2018-02-01 00:00:00,"33,312",,2017,33312.0,False,TOTAL
CENSUS,CROPS,FIELD CROPS,SOYBEANS,ALL CLASSES,ALL PRODUCTION PRACTICES,ALL UTILIZATION PRACTICES,AREA HARVESTED,ACRES,SOYBEANS - ACRES HARVESTED,TOTAL,NOT SPECIFIED,COUNTY,39,39,OH,OHIO,50,CENTRAL,117,117,MORROW,,,00000000,,,9000,UNITED STATES,"OHIO, CENTRAL, MORROW",2017,ANNUAL,00,00,YEAR,,2018-02-01 00:00:00,"70,220",16.7,2017,70220.0,False,TOTAL
CENSUS,DEMOGRAPHICS,FIELD CROPS,SOYBEANS,ALL CLASSES,ALL PRODUCTION PRACTICES,ALL UTILIZATION PRACTICES,AREA HARVESTED,ACRES,SOYBEANS - ACRES HARVESTED,PRODUCERS,PRODUCERS: (GENDER = FEMALE),COUNTY,39,39,OH,OHIO,50,CENTRAL,117,117,MORROW,,,00000000,,,9000,UNITED STATES,"OHIO, CENTRAL, MORROW",2017,ANNUAL,00,00,YEAR,,2018-02-01 00:00:00,"29,444",,2017,29444.0,False,TOTAL
CENSUS,CROPS,FIELD CROPS,SOYBEANS,ALL CLASSES,ALL PRODUCTION PRACTICES,ALL UTILIZATION PRACTICES,AREA HARVESTED,ACRES,SOYBEANS - ACRES HARVESTED,TOTAL,NOT SPECIFIED,COUNTY,39,39,OH,OHIO,50,CENTRAL,129,129,PICKAWAY,,,00000000,,,9000,UNITED STATES,"OHIO, CENTRAL, PICKAWAY",2017,ANNUAL,00,00,YEAR,,2018-02-01 00:00:00,"132,409",16.7,2017,132409.0,False,TOTAL
CENSUS,CROPS,FIELD CROPS,SOYBEANS,ALL CLASSES,IRRIGATED,ALL UTILIZATION PRACTICES,AREA HARVESTED,ACRES,"SOYBEANS, IRRIGATED - ACRES HARVESTED",TOTAL,NOT SPECIFIED,COUNTY,39,39,OH,OHIO,50,CENTRAL,129,129,PICKAWAY,,,00000000,,,9000,UNITED STATES,"OHIO, CENTRAL, PICKAWAY",2017,ANNUAL,00,00,YEAR,,2018-02-01 00:00:00,763,31.0,2017,763.0,False,IRRIGATED
CENSUS,DEMOGRAPHICS,FIELD CROPS,SOYBEANS,ALL CLASSES,ALL PRODUCTION PRACTICES,ALL UTILIZATION PRACTICES,AREA HARVESTED,ACRES,SOYBEANS - ACRES HARVESTED,PRODUCERS,PRODUCERS: (GENDER = FEMALE),COUNTY,39,39,OH,OHIO,50,CENTRAL,129,129,PICKAWAY,,,00000000,,,9000,UNITED STATES,"OHIO, CENTRAL, PICKAWAY",2017,ANNUAL,00,00,YEAR,,2018-02-01 00:00:00,"37,726",,2017,37726.0,False,TOTAL
CENSUS,CROPS,FIELD CROPS,SOYBEANS,ALL CLASSES,ALL PRODUCTION PRACTICES,ALL UTILIZATION PRACTICES,AREA HARVESTED,ACRES,SOYBEANS - ACRES HARVESTED,TOTAL,NOT SPECIFIED,COUNTY,39,39,OH,OHIO,50,CENTRAL,141,141,ROSS,,,00000000,,,9000,UNITED STATES,"OHIO, CENTRAL, ROSS",2017,ANNUAL,00,00,YEAR,,2018-02-01 00:00:00,"63,869",16.7,2017,63869.0,False,TOTAL
CENSUS,CROPS,FIELD CROPS,SOYBEANS,ALL CLASSES,IRRIGATED,ALL UTILIZATION PRACTICES,AREA HARVESTED,ACRES,"SOYBEANS, IRRIGATED - ACRES HARVESTED",TOTAL,NOT SPECIFIED,COUNTY,39,39,OH,OHIO,50,CENTRAL,141,141,ROSS,,,00000000,,,9000,UNITED STATES,"OHIO, CENTRAL, ROSS",2017,ANNUAL,00,00,YEAR,,2018-02-01 00:00:00,(D),(D),2017,,True,IRRIGATED
CENSUS,DEMOGRAPHICS,FIELD CROPS,SOYBEANS,ALL CLASSES,ALL PRODUCTION PRACTICES,ALL UTILIZATION PRACTICES,AREA HARVESTED,ACRES,SOYBEANS - ACRES HARVESTED,PRODUCERS,PRODUCERS: (GENDER = FEMALE),COUNTY,39,39,OH,OHIO,50,CENTRAL,141,141,ROSS,,,00000000,,,9000,UNITED STATES,"OHIO, CENTRAL, ROSS",2017,ANNUAL,00,00,YEAR,,2018-02-01 00:00:00,"15,664",,2017,15664.0,False,TOTAL
CENSUS,CROPS,FIELD CROPS,SOYBEANS,ALL CLASSES,ALL PRODUCTION PRACTICES,ALL UTILIZATION PRACTICES,AREA HARVESTED,ACRES,SOYBEANS - ACRES HARVESTED,TOTAL,NOT SPECIFIED,COUNTY,39,39,OH,OHIO,50,CENTRAL,159,159,UNION,,,00000000,,,9000,UNITED STATES,"OHIO, CENTRAL, UNION",2017,ANNUAL,00,00,YEAR,,2018-02-01 00:00:00,"113,180",16.7,2017,113180.0,False,TOTAL
CENSUS,CROPS,FIELD CROPS,SOYBEANS,ALL CLASSES,IRRIGATED,ALL UTILIZATION PRACTICES,AREA HARVESTED,ACRES,"SOYBEANS, IRRIGATED - ACRES HARVESTED",TOTAL,NOT SPECIFIED,COUNTY,39,39,OH,OHIO,50,CENTRAL,159,159,UNION,,,00000000,,,9000,UNITED STATES,"OHIO, CENTRAL, UNION",2017,ANNUAL,00,00,YEAR,,2018-02-01 00:00:00,(D),(D),2017,,True,IRRIGATED
CENSUS,DEMOGRAPHICS,FIELD CROPS,SOYBEANS,ALL CLASSES,ALL PRODUCTION PRACTICES,ALL UTILIZATION PRACTICES,AREA HARVESTED,ACRES,SOYBEANS - ACRES HARVESTED,PRODUCERS,PRODUCERS: (GENDER = FEMALE),COUNTY,39,39,OH,OHIO,50,CENTRAL,159,159,UNION,,,00000000,,,9000,UNITED STATES,"OHIO, CENTRAL, UNION",2017,ANNUAL,00,00,YEAR,,2018-02-01 00:00:00,"32,133",,2017,32133.0,False,TOTAL
CENSUS,CROPS,FIELD CROPS,SOYBEANS,ALL CLASSES,ALL PRODUCTION PRACTICES,ALL UTILIZATION PRACTICES,AREA HARVESTED,ACRES,SOYBEANS - ACRES HARVESTED,TOTAL,NOT SPECIFIED,COUNTY,39,39,OH,OHIO,60,EAST CENTRAL,013,013,BELMONT,,,00000000,,,9000,UNITED STATES,"OHIO, EAST CENTRAL, BELMONT",2017,ANNUAL,00,00,YEAR,,2018-02-01 00:00:00,180,16.7,2017,180.0,False,TOTAL
CENSUS,DEMOGRAPHICS,FIELD CROPS,SOYBEANS,ALL CLASSES,ALL PRODUCTION PRACTICES,ALL UTILIZATION PRACTICES,AREA HARVESTED,ACRES,SOYBEANS - ACRES HARVESTED,PRODUCERS,PRODUCERS: (GENDER = FEMALE),COUNTY,39,39,OH,OHIO,60,EAST CENTRAL,013,013,BELMONT,,,00000000,,,9000,UNITED STATES,"OHIO, EAST CENTRAL, BELMONT",2017,ANNUAL,00,00,YEAR,,2018-02-01 00:00:00,(D),,2017,,True,TOTAL
CENSUS,CROPS,FIELD CROPS,SOYBEANS,ALL CLASSES,ALL PRODUCTION PRACTICES,ALL UTILIZATION PRACTICES,AREA HARVESTED,ACRES,SOYBEANS - ACRES HARVESTED,TOTAL,NOT SPECIFIED,COUNTY,39,39,OH,OHIO,60,EAST CENTRAL,019,019,CARROLL,,,00000000,,,9000,UNITED STATES,"OHIO, EAST CENTRAL, CARROLL",2017,ANNUAL,00,00,YEAR,,2018-02-01 00:00:00,"11,296",16.7,2017,11296.0,False,TOTAL
CENSUS,DEMOGRAPHICS,FIELD CROPS,SOYBEANS,ALL CLASSES,ALL PRODUCTION PRACTICES,ALL UTILIZATION PRACTICES,AREA HARVESTED,ACRES,SOYBEANS - ACRES HARVESTED,PRODUCERS,PRODUCERS: (GENDER = FEMALE),COUNTY,39,39,OH,OHIO,60,EAST CENTRAL,019,019,CARROLL,,,00000000,,,9000,UNITED STATES,"OHIO, EAST CENTRAL, CARROLL",2017,ANNUAL,00,00,YEAR,,2018-02-01 00:00:00,"5,789",,2017,5789.0,False,TOTAL
CENSUS,CROPS,FIELD CROPS,SOYBEANS,ALL CLASSES,ALL PRODUCTION PRACTICES,ALL UTILIZATION PRACTICES,AREA HARVESTED,ACRES,SOYBEANS - ACRES HARVESTED,TOTAL,NOT SPECIFIED,COUNTY,39,39,OH,OHIO,60,EAST CENTRAL,031,031,COSHOCTON,,,00000000,,,9000,UNITED STATES,"OHIO, EAST CENTRAL, COSHOCTON",2017,ANNUAL,00,00,YEAR,,2018-02-01 00:00:00,"20,926",16.7,2017,20926.0,False,TOTAL
CENSUS,DEMOGRAPHICS,FIELD CROPS,SOYBEANS,ALL CLASSES,ALL PRODUCTION PRACTICES,ALL UTILIZATION PRACTICES,AREA HARVESTED,ACRES,SOYBEANS - ACRES HARVESTED,PRODUCERS,PRODUCERS: (GENDER = FEMALE),COUNTY,39,39,OH,OHIO,60,EAST CENTRAL,031,031,COSHOCTON,,,00000000,,,9000,UNITED STATES,"OHIO, EAST CENTRAL, COSHOCTON",2017,ANNUAL,00,00,YEAR,,2018-02-01 00:00:00,"11,593",,2017,11593.0,False,TOTAL
CENSUS,CROPS,FIELD CROPS,SOYBEANS,ALL CLASSES,ALL PRODUCTION PRACTICES,ALL UTILIZATION PRACTICES,AREA HARVESTED,ACRES,SOYBEANS - ACRES HARVESTED,TOTAL,NOT SPECIFIED,COUNTY,39,39,OH,OHIO,60,EAST CENTRAL,067,067,HARRISON,,,00000000,,,9000,UNITED STATES,"OHIO, EAST CENTRAL, HARRISON",2017,ANNUAL,00,00,YEAR,,2018-02-01 00:00:00,"3,196",16.7,2017,3196.0,False,TOTAL
CENSUS,DEMOGRAPHICS,FIELD CROPS,SOYBEANS,ALL CLASSES,ALL PRODUCTION PRACTICES,ALL UTILIZATION PRACTICES,AREA HARVESTED,ACRES,SOYBEANS - ACRES HARVESTED,PRODUCERS,PRODUCERS: (GENDER = FEMALE),COUNTY,39,39,OH,OHIO,60,EAST CENTRAL,067,067,HARRISON,,,00000000,,,9000,UNITED STATES,"OHIO, EAST CENTRAL, HARRISON",2017,ANNUAL,00,00,YEAR,,2018-02-01 00:00:00,892,,2017,892.0,False,TOTAL
CENSUS,CROPS,FIELD CROPS,SOYBEANS,ALL CLASSES,ALL PRODUCTION PRACTICES,ALL UTILIZATION PRACTICES,AREA HARVESTED,ACRES,SOYBEANS - ACRES HARVESTED,TOTAL,NOT SPECIFIED,COUNTY,39,39,OH,OHIO,60,EAST CENTRAL,075,075,HOLMES,,,00000000,,,9000,UNITED STATES,"OHIO, EAST CENTRAL, HOLMES",2017,ANNUAL,00,00,YEAR,,2018-02-01 00:00:00,"19,325",16.7,2017,19325.0,False,TOTAL
CENSUS,DEMOGRAPHICS,FIELD CROPS,SOYBEANS,ALL CLASSES,ALL PRODUCTION PRACTICES,ALL UTILIZATION PRACTICES,AREA HARVESTED,ACRES,SOYBEANS - ACRES HARVESTED,PRODUCERS,PRODUCERS: (GENDER = FEMALE),COUNTY,39,39,OH,OHIO,60,EAST CENTRAL,075,075,HOLMES,,,00000000,,,9000,UNITED STATES,"OHIO, EAST CENTRAL, HOLMES",2017,ANNUAL,00,00,YEAR,,2018-02-01 00:00:00,"7,797",,2017,7797.0,False,TOTAL
CENSUS,CROPS,FIELD CROPS,SOYBEANS,ALL CLASSES,ALL PRODUCTION PRACTICES,ALL UTILIZATION PRACTICES,AREA HARVESTED,ACRES,SOYBEANS - ACRES HARVESTED,TOTAL,NOT SPECIFIED,COUNTY,39,39,OH,OHIO,60,EAST CENTRAL,081,081,JEFFERSON,,,00000000,,,9000,UNITED STATES,"OHIO, EAST CENTRAL, JEFFERSON",2017,ANNUAL,00,00,YEAR,,2018-02-01 00:00:00,479,16.7,2017,479.0,False,TOTAL
CENSUS,DEMOGRAPHICS,FIELD CROPS,SOYBEANS,ALL CLASSES,ALL PRODUCTION PRACTICES,ALL UTILIZATION PRACTICES,AREA HARVESTED,ACRES,SOYBEANS - ACRES HARVESTED,PRODUCERS,PRODUCERS: (GENDER = FEMALE),COUNTY,39,39,OH,OHIO,60,EAST CENTRAL,081,081,JEFFERSON,,,00000000,,,9000,UNITED STATES,"OHIO, EAST CENTRAL, JEFFERSON",2017,ANNUAL,00,00,YEAR,,2018-02-01 00:00:00,294,,2017,294.0,False,TOTAL
CENSUS,CROPS,FIELD CROPS,SOYBEANS,ALL CLASSES,ALL PRODUCTION PRACTICES,ALL UTILIZATION PRACTICES,AREA HARVESTED,ACRES,SOYBEANS - ACRES HARVESTED,TOTAL,NOT SPECIFIED,COUNTY,39,39,OH,OHIO,60,EAST CENTRAL,157,157,TUSCARAWAS,,,00000000,,,9000,UNITED STATES,"OHIO, EAST CENTRAL, TUSCARAWAS",2017,ANNUAL,00,00,YEAR,,2018-02-01 00:00:00,"16,857",16.7,2017,16857.0,False,TOTAL
CENSUS,DEMOGRAPHICS,FIELD CROPS,SOYBEANS,ALL CLASSES,ALL PRODUCTION PRACTICES,ALL UTILIZATION PRACTICES,AREA HARVESTED,ACRES,SOYBEANS - ACRES HARVESTED,PRODUCERS,PRODUCERS: (GENDER = FEMALE),COUNTY,39,39,OH,OHIO,60,EAST CENTRAL,157,157,TUSCARAWAS,,,00000000,,,9000,UNITED STATES,"OHIO, EAST CENTRAL, TUSCARAWAS",2017,ANNUAL,00,00,YEAR,,2018-02-01 00:00:00,"3,976",,2017,3976.0,False,TOTAL
CENSUS,CROPS,FIELD CROPS,SOYBEANS,ALL CLASSES,ALL PRODUCTION PRACTICES,ALL UTILIZATION PRACTICES,AREA HARVESTED,ACRES,SOYBEANS - ACRES HARVESTED,TOTAL,NOT SPECIFIED,COUNTY,39,39,OH,OHIO,70,SOUTHWEST,017,017,BUTLER,,,00000000,,,9000,UNITED STATES,"OHIO, SOUTHWEST, BUTLER",2017,ANNUAL,00,00,YEAR,,2018-02-01 00:00:00,"41,127",16.7,2017,41127.0,False,TOTAL
CENSUS,DEMOGRAPHICS,FIELD CROPS,SOYBEANS,ALL CLASSES,ALL PRODUCTION PRACTICES,ALL UTILIZATION PRACTICES,AREA HARVESTED,ACRES,SOYBEANS - ACRES HARVESTED,PRODUCERS,PRODUCERS: (GENDER = FEMALE),COUNTY,39,39,OH,OHIO,70,SOUTHWEST,017,017,BUTLER,,,00000000,,,9000,UNITED STATES,"OHIO, SOUTHWEST, BUTLER",2017,ANNUAL,00,00,YEAR,,2018-02-01 00:00:00,"19,525",,2017,19525.0,False,TOTAL
CENSUS,CROPS,FIELD CROPS,SOYBEANS,ALL CLASSES,ALL PRODUCTION PRACTICES,ALL UTILIZATION PRACTICES,AREA HARVESTED,ACRES,SOYBEANS - ACRES HARVESTED,TOTAL,NOT SPECIFIED,COUNTY,39,39,OH,OHIO,70,SOUTHWEST,025,025,CLERMONT,,,00000000,,,9000,UNITED STATES,"OHIO, SOUTHWEST, CLERMONT",2017,ANNUAL,00,00,YEAR,,2018-02-01 00:00:00,"36,854",16.7,2017,36854.0,False,TOTAL
CENSUS,DEMOGRAPHICS,FIELD CROPS,SOYBEANS,ALL CLASSES,ALL PRODUCTION PRACTICES,ALL UTILIZATION PRACTICES,AREA HARVESTED,ACRES,SOYBEANS - ACRES HARVESTED,PRODUCERS,PRODUCERS: (GENDER = FEMALE),COUNTY,39,39,OH,OHIO,70,SOUTHWEST,025,025,CLERMONT,,,00000000,,,9000,UNITED STATES,"OHIO, SOUTHWEST, CLERMONT",2017,ANNUAL,00,00,YEAR,,2018-02-01 00:00:00,"10,001",,2017,10001.0,False,TOTAL
CENSUS,CROPS,FIELD CROPS,SOYBEANS,ALL CLASSES,ALL PRODUCTION PRACTICES,ALL UTILIZATION PRACTICES,AREA HARVESTED,ACRES,SOYBEANS - ACRES HARVESTED,TOTAL,NOT SPECIFIED,COUNTY,39,39,OH,OHIO,70,SOUTHWEST,027,027,CLINTON,,,00000000,,,9000,UNITED STATES,"OHIO, SOUTHWEST, CLINTON",2017,ANNUAL,00,00,YEAR,,2018-02-01 00:00:00,"115,103",16.7,2017,115103.0,False,TOTAL
CENSUS,DEMOGRAPHICS,FIELD CROPS,SOYBEANS,ALL CLASSES,ALL PRODUCTION PRACTICES,ALL UTILIZATION PRACTICES,AREA HARVESTED,ACRES,SOYBEANS - ACRES HARVESTED,PRODUCERS,PRODUCERS: (GENDER = FEMALE),COUNTY,39,39,OH,OHIO,70,SOUTHWEST,027,027,CLINTON,,,00000000,,,9000,UNITED STATES,"OHIO, SOUTHWEST, CLINTON",2017,ANNUAL,00,00,YEAR,,2018-02-01 00:00:00,"39,774",,2017,39774.0,False,TOTAL
CENSUS,CROPS,FIELD CROPS,SOYBEANS,ALL CLASSES,ALL PRODUCTION PRACTICES,ALL UTILIZATION PRACTICES,AREA HARVESTED,ACRES,SOYBEANS - ACRES HARVESTED,TOTAL,NOT SPECIFIED,COUNTY,39,39,OH,OHIO,70,SOUTHWEST,057,057,GREENE,,,00000000,,,9000,UNITED STATES,"OHIO, SOUTHWEST, GREENE",2017,ANNUAL,00,00,YEAR,,2018-02-01 00:00:00,"73,062",16.7,2017,73062.0,False,TOTAL
CENSUS,DEMOGRAPHICS,FIELD CROPS,SOYBEANS,ALL CLASSES,ALL PRODUCTION PRACTICES,ALL UTILIZATION PRACTICES,AREA HARVESTED,ACRES,SOYBEANS - ACRES HARVESTED,PRODUCERS,PRODUCERS: (GENDER = FEMALE),COUNTY,39,39,OH,OHIO,70,SOUTHWEST,057,057,GREENE,,,00000000,,,9000,UNITED STATES,"OHIO, SOUTHWEST, GREENE",2017,ANNUAL,00,00,YEAR,,2018-02-01 00:00:00,"20,975",,2017,20975.0,False,TOTAL
CENSUS,CROPS,FIELD CROPS,SOYBEANS,ALL CLASSES,ALL PRODUCTION PRACTICES,ALL UTILIZATION PRACTICES,AREA HARVESTED,ACRES,SOYBEANS - ACRES HARVESTED,TOTAL,NOT SPECIFIED,COUNTY,39,39,OH,OHIO,70,SOUTHWEST,061,061,HAMILTON,,,00000000,,,9000,UNITED STATES,"OHIO, SOUTHWEST, HAMILTON",2017,ANNUAL,00,00,YEAR,,2018-02-01 00:00:00,"1,920",16.7,2017,1920.0,False,TOTAL
CENSUS,DEMOGRAPHICS,FIELD CROPS,SOYBEANS,ALL CLASSES,ALL PRODUCTION PRACTICES,ALL UTILIZATION PRACTICES,AREA HARVESTED,ACRES,SOYBEANS - ACRES HARVESTED,PRODUCERS,PRODUCERS: (GENDER = FEMALE),COUNTY,39,39,OH,OHIO,70,SOUTHWEST,061,061,HAMILTON,,,00000000,,,9000,UNITED STATES,"OHIO, SOUTHWEST, HAMILTON",2017,ANNUAL,00,00,YEAR,,2018-02-01 00:00:00,"1,029",,2017,1029.0,False,TOTAL
CENSUS,CROPS,FIELD CROPS,SOYBEANS,ALL CLASSES,ALL PRODUCTION PRACTICES,ALL UTILIZATION PRACTICES,AREA HARVESTED,ACRES,SOYBEANS - ACRES HARVESTED,TOTAL,NOT SPECIFIED,COUNTY,39,39,OH,OHIO,70,SOUTHWEST,113,113,MONTGOMERY,,,00000000,,,9000,UNITED STATES,"OHIO, SOUTHWEST, MONTGOMERY",2017,ANNUAL,00,00,YEAR,,2018-02-01 00:00:00,"44,635",16.7,2017,44635.0,False,TOTAL
CENSUS,CROPS,FIELD CROPS,SOYBEANS,ALL CLASSES,IRRIGATED,ALL UTILIZATION PRACTICES,AREA HARVESTED,ACRES,"SOYBEANS, IRRIGATED - ACRES HARVESTED",TOTAL,NOT SPECIFIED,COUNTY,39,39,OH,OHIO,70,SOUTHWEST,113,113,MONTGOMERY,,,00000000,,,9000,UNITED STATES,"OHIO, SOUTHWEST, MONTGOMERY",2017,ANNUAL,00,00,YEAR,,2018-02-01 00:00:00,(D),(D),2017,,True,IRRIGATED
CENSUS,DEMOGRAPHICS,FIELD CROPS,SOYBEANS,ALL CLASSES,ALL PRODUCTION PRACTICES,ALL UTILIZATION PRACTICES,AREA HARVESTED,ACRES,SOYBEANS - ACRES HARVESTED,PRODUCERS,PRODUCERS: (GENDER = FEMALE),COUNTY,39,39,OH,OHIO,70,SOUTHWEST,113,113,MONTGOMERY,,,00000000,,,9000,UNITED STATES,"OHIO, SOUTHWEST, MONTGOMERY",2017,ANNUAL,00,00,YEAR,,2018-02-01 00:00:00,"14,592",,2017,14592.0,False,TOTAL
CENSUS,CROPS,FIELD CROPS,SOYBEANS,ALL CLASSES,ALL PRODUCTION PRACTICES,ALL UTILIZATION PRACTICES,AREA HARVESTED,ACRES,SOYBEANS - ACRES HARVESTED,TOTAL,NOT SPECIFIED,COUNTY,39,39,OH,OHIO,70,SOUTHWEST,135,135,PREBLE,,,00000000,,,9000,UNITED STATES,"OHIO, SOUTHWEST, PREBLE",2017,ANNUAL,00,00,YEAR,,2018-02-01 00:00:00,"95,861",16.7,2017,95861.0,False,TOTAL
CENSUS,CROPS,FIELD CROPS,SOYBEANS,ALL CLASSES,IRRIGATED,ALL UTILIZATION PRACTICES,AREA HARVESTED,ACRES,"SOYBEANS, IRRIGATED - ACRES HARVESTED",TOTAL,NOT SPECIFIED,COUNTY,39,39,OH,OHIO,70,SOUTHWEST,135,135,PREBLE,,,00000000,,,9000,UNITED STATES,"OHIO, SOUTHWEST, PREBLE",2017,ANNUAL,00,00,YEAR,,2018-02-01 00:00:00,(D),(D),2017,,True,IRRIGATED
CENSUS,DEMOGRAPHICS,FIELD CROPS,SOYBEANS,ALL CLASSES,ALL PRODUCTION PRACTICES,ALL UTILIZATION PRACTICES,AREA HARVESTED,ACRES,SOYBEANS - ACRES HARVESTED,PRODUCERS,PRODUCERS: (GENDER = FEMALE),COUNTY,39,39,OH,OHIO,70,SOUTHWEST,135,135,PREBLE,,,00000000,,,9000,UNITED STATES,"OHIO, SOUTHWEST, PREBLE",2017,ANNUAL,00,00,YEAR,,2018-02-01 00:00:00,"30,965",,2017,30965.0,False,TOTAL
CENSUS,CROPS,FIELD CROPS,SOYBEANS,ALL CLASSES,ALL PRODUCTION PRACTICES,ALL UTILIZATION PRACTICES,AREA HARVESTED,ACRES,SOYBEANS - ACRES HARVESTED,TOTAL,NOT SPECIFIED,COUNTY,39,39,OH,OHIO,70,SOUTHWEST,165,165,WARREN,,,00000000,,,9000,UNITED STATES,"OHIO, SOUTHWEST, WARREN",2017,ANNUAL,00,00,YEAR,,2018-02-01 00:00:00,"39,785",16.7,2017,39785.0,False,TOTAL
CENSUS,DEMOGRAPHICS,FIELD CROPS,SOYBEANS,ALL CLASSES,ALL PRODUCTION PRACTICES,ALL UTILIZATION PRACTICES,AREA HARVESTED,ACRES,SOYBEANS - ACRES HARVESTED,PRODUCERS,PRODUCERS: (GENDER = FEMALE),COUNTY,39,39,OH,OHIO,70,SOUTHWEST,165,165,WARREN,,,00000000,,,9000,UNITED STATES,"OHIO, SOUTHWEST, WARREN",2017,ANNUAL,00,00,YEAR,,2018-02-01 00:00:00,"17,497",,2017,17497.0,False,TOTAL
CENSUS,CROPS,FIELD CROPS,SOYBEANS,ALL CLASSES,ALL PRODUCTION PRACTICES,ALL UTILIZATION PRACTICES,AREA HARVESTED,ACRES,SOYBEANS - ACRES HARVESTED,TOTAL,NOT SPECIFIED,COUNTY,39,39,OH,OHIO,80,SOUTH CENTRAL,001,001,ADAMS,,,00000000,,,9000,UNITED STATES,"OHIO, SOUTH CENTRAL, ADAMS",2017,ANNUAL,00,00,YEAR,,2018-02-01 00:00:00,"29,875",16.7,2017,29875.0,False,TOTAL
CENSUS,DEMOGRAPHICS,FIELD CROPS,SOYBEANS,ALL CLASSES,ALL PRODUCTION PRACTICES,ALL UTILIZATION PRACTICES,AREA HARVESTED,ACRES,SOYBEANS - ACRES HARVESTED,PRODUCERS,PRODUCERS: (GENDER = FEMALE),COUNTY,39,39,OH,OHIO,80,SOUTH CENTRAL,001,001,ADAMS,,,00000000,,,9000,UNITED STATES,"OHIO, SOUTH CENTRAL, ADAMS",2017,ANNUAL,00,00,YEAR,,2018-02-01 00:00:00,"12,168",,2017,12168.0,False,TOTAL
CENSUS,CROPS,FIELD CROPS,SOYBEANS,ALL CLASSES,ALL PRODUCTION PRACTICES,ALL UTILIZATION PRACTICES,AREA HARVESTED,ACRES,SOYBEANS - ACRES HARVESTED,TOTAL,NOT SPECIFIED,COUNTY,39,39,OH,OHIO,80,SOUTH CENTRAL,015,015,BROWN,,,00000000,,,9000,UNITED STATES,"OHIO, SOUTH CENTRAL, BROWN",2017,ANNUAL,00,00,YEAR,,2018-02-01 00:00:00,"99,278",16.7,2017,99278.0,False,TOTAL
CENSUS,DEMOGRAPHICS,FIELD CROPS,SOYBEANS,ALL CLASSES,ALL PRODUCTION PRACTICES,ALL UTILIZATION PRACTICES,AREA HARVESTED,ACRES,SOYBEANS - ACRES HARVESTED,PRODUCERS,PRODUCERS: (GENDER = FEMALE),COUNTY,39,39,OH,OHIO,80,SOUTH CENTRAL,015,015,BROWN,,,00000000,,,9000,UNITED STATES,"OHIO, SOUTH CENTRAL, BROWN",2017,ANNUAL,00,00,YEAR,,2018-02-01 00:00:00,"36,749",,2017,36749.0,False,TOTAL
CENSUS,CROPS,FIELD CROPS,SOYBEANS,ALL CLASSES,ALL PRODUCTION PRACTICES,ALL UTILIZATION PRACTICES,AREA HARVESTED,ACRES,SOYBEANS - ACRES HARVESTED,TOTAL,NOT SPECIFIED,COUNTY,39,39,OH,OHIO,80,SOUTH CENTRAL,053,053,GALLIA,,,00000000,,,9000,UNITED STATES,"OHIO, SOUTH CENTRAL, GALLIA",2017,ANNUAL,00,00,YEAR,,2018-02-01 00:00:00,"5,943",16.7,2017,5943.0,False,TOTAL
CENSUS,DEMOGRAPHICS,FIELD CROPS,SOYBEANS,ALL CLASSES,ALL PRODUCTION PRACTICES,ALL UTILIZATION PRACTICES,AREA HARVESTED,ACRES,SOYBEANS - ACRES HARVESTED,PRODUCERS,PRODUCERS: (GENDER = FEMALE),COUNTY,39,39,OH,OHIO,80,SOUTH CENTRAL,053,053,GALLIA,,,00000000,,,9000,UNITED STATES,"OHIO, SOUTH CENTRAL, GALLIA",2017,ANNUAL,00,00,YEAR,,2018-02-01 00:00:00,"1,330",,2017,1330.0,False,TOTAL
CENSUS,CROPS,FIELD CROPS,SOYBEANS,ALL CLASSES,ALL PRODUCTION PRACTICES,ALL UTILIZATION PRACTICES,AREA HARVESTED,ACRES,SOYBEANS - ACRES HARVESTED,TOTAL,NOT SPECIFIED,COUNTY,39,39,OH,OHIO,80,SOUTH CENTRAL,071,071,HIGHLAND,,,00000000,,,9000,UNITED STATES,"OHIO, SOUTH CENTRAL, HIGHLAND",2017,ANNUAL,00,00,YEAR,,2018-02-01 00:00:00,"126,973",16.7,2017,126973.0,False,TOTAL
CENSUS,CROPS,FIELD CROPS,SOYBEANS,ALL CLASSES,IRRIGATED,ALL UTILIZATION PRACTICES,AREA HARVESTED,ACRES,"SOYBEANS, IRRIGATED - ACRES HARVESTED",TOTAL,NOT SPECIFIED,COUNTY,39,39,OH,OHIO,80,SOUTH CENTRAL,071,071,HIGHLAND,,,00000000,,,9000,UNITED STATES,"OHIO, SOUTH CENTRAL, HIGHLAND",2017,ANNUAL,00,00,YEAR,,2018-02-01 00:00:00,(D),(D),2017,,True,IRRIGATED
CENSUS,DEMOGRAPHICS,FIELD CROPS,SOYBEANS,ALL CLASSES,ALL PRODUCTION PRACTICES,ALL UTILIZATION PRACTICES,AREA HARVESTED,ACRES,SOYBEANS - ACRES HARVESTED,PRODUCERS,PRODUCERS: (GENDER = FEMALE),COUNTY,39,39,OH,OHIO,80,SOUTH CENTRAL,071,071,HIGHLAND,,,00000000,,,9000,UNITED STATES,"OHIO, SOUTH CENTRAL, HIGHLAND",2017,ANNUAL,00,00,YEAR,,2018-02-01 00:00:00,"37,071",,2017,37071.0,False,TOTAL
CENSUS,CROPS,FIELD CROPS,SOYBEANS,ALL CLASSES,ALL PRODUCTION PRACTICES,ALL UTILIZATION PRACTICES,AREA HARVESTED,ACRES,SOYBEANS - ACRES HARVESTED,TOTAL,NOT SPECIFIED,COUNTY,39,39,OH,OHIO,80,SOUTH CENTRAL,079,079,JACKSON,,,00000000,,,9000,UNITED STATES,"OHIO, SOUTH CENTRAL, JACKSON",2017,ANNUAL,00,00,YEAR,,2018-02-01 00:00:00,"3,430",16.7,2017,3430.0,False,TOTAL
CENSUS,DEMOGRAPHICS,FIELD CROPS,SOYBEANS,ALL CLASSES,ALL PRODUCTION PRACTICES,ALL UTILIZATION PRACTICES,AREA HARVESTED,ACRES,SOYBEANS - ACRES HARVESTED,PRODUCERS,PRODUCERS: (GENDER = FEMALE),COUNTY,39,39,OH,OHIO,80,SOUTH CENTRAL,079,079,JACKSON,,,00000000,,,9000,UNITED STATES,"OHIO, SOUTH CENTRAL, JACKSON",2017,ANNUAL,00,00,YEAR,,2018-02-01 00:00:00,"1,721",,2017,1721.0,False,TOTAL
CENSUS,CROPS,FIELD CROPS,SOYBEANS,ALL CLASSES,ALL PRODUCTION PRACTICES,ALL UTILIZATION PRACTICES,AREA HARVESTED,ACRES,SOYBEANS - ACRES HARVESTED,TOTAL,NOT SPECIFIED,COUNTY,39,39,OH,OHIO,80,SOUTH CENTRAL,087,087,LAWRENCE,,,00000000,,,9000,UNITED STATES,"OHIO, SOUTH CENTRAL, LAWRENCE",2017,ANNUAL,00,00,YEAR,,2018-02-01 00:00:00,859,16.7,2017,859.0,False,TOTAL
CENSUS,DEMOGRAPHICS,FIELD CROPS,SOYBEANS,ALL CLASSES,ALL PRODUCTION PRACTICES,ALL UTILIZATION PRACTICES,AREA HARVESTED,ACRES,SOYBEANS - ACRES HARVESTED,PRODUCERS,PRODUCERS: (GENDER = FEMALE),COUNTY,39,39,OH,OHIO,80,SOUTH CENTRAL,087,087,LAWRENCE,,,00000000,,,9000,UNITED STATES,"OHIO, SOUTH CENTRAL, LAWRENCE",2017,ANNUAL,00,00,YEAR,,2018-02-01 00:00:00,109,,2017,109.0,False,TOTAL
CENSUS,CROPS,FIELD CROPS,SOYBEANS,ALL CLASSES,ALL PRODUCTION PRACTICES,ALL UTILIZATION PRACTICES,AREA HARVESTED,ACRES,SOYBEANS - ACRES HARVESTED,TOTAL,NOT SPECIFIED,COUNTY,39,39,OH,OHIO,80,SOUTH CENTRAL,131,131,PIKE,,,00000000,,,9000,UNITED STATES,"OHIO, SOUTH CENTRAL, PIKE",2017,ANNUAL,00,00,YEAR,,2018-02-01 00:00:00,"19,561",16.7,2017,19561.0,False,TOTAL
CENSUS,DEMOGRAPHICS,FIELD CROPS,SOYBEANS,ALL CLASSES,ALL PRODUCTION PRACTICES,ALL UTILIZATION PRACTICES,AREA HARVESTED,ACRES,SOYBEANS - ACRES HARVESTED,PRODUCERS,PRODUCERS: (GENDER = FEMALE),COUNTY,39,39,OH,OHIO,80,SOUTH CENTRAL,131,131,PIKE,,,00000000,,,9000,UNITED STATES,"OHIO, SOUTH CENTRAL, PIKE",2017,ANNUAL,00,00,YEAR,,2018-02-01 00:00:00,"8,301",,2017,8301.0,False,TOTAL
CENSUS,CROPS,FIELD CROPS,SOYBEANS,ALL CLASSES,ALL PRODUCTION PRACTICES,ALL UTILIZATION PRACTICES,AREA HARVESTED,ACRES,SOYBEANS - ACRES HARVESTED,TOTAL,NOT SPECIFIED,COUNTY,39,39,OH,OHIO,80,SOUTH CENTRAL,145,145,SCIOTO,,,00000000,,,9000,UNITED STATES,"OHIO, SOUTH CENTRAL, SCIOTO",2017,ANNUAL,00,00,YEAR,,2018-02-01 00:00:00,"15,544",16.7,2017,15544.0,False,TOTAL
CENSUS,DEMOGRAPHICS,FIELD CROPS,SOYBEANS,ALL CLASSES,ALL PRODUCTION PRACTICES,ALL UTILIZATION PRACTICES,AREA HARVESTED,ACRES,SOYBEANS - ACRES HARVESTED,PRODUCERS,PRODUCERS: (GENDER = FEMALE),COUNTY,39,39,OH,OHIO,80,SOUTH CENTRAL,145,145,SCIOTO,,,00000000,,,9000,UNITED STATES,"OHIO, SOUTH CENTRAL, SCIOTO",2017,ANNUAL,00,00,YEAR,,2018-02-01 00:00:00,"2,193",,2017,2193.0,False,TOTAL
CENSUS,CROPS,FIELD CROPS,SOYBEANS,ALL CLASSES,ALL PRODUCTION PRACTICES,ALL UTILIZATION PRACTICES,AREA HARVESTED,ACRES,SOYBEANS - ACRES HARVESTED,TOTAL,NOT SPECIFIED,COUNTY,39,39,OH,OHIO,90,SOUTHEAST,009,009,ATHENS,,,00000000,,,9000,UNITED STATES,"OHIO, SOUTHEAST, ATHENS",2017,ANNUAL,00,00,YEAR,,2018-02-01 00:00:00,"2,785",16.7,2017,2785.0,False,TOTAL
CENSUS,DEMOGRAPHICS,FIELD CROPS,SOYBEANS,ALL CLASSES,ALL PRODUCTION PRACTICES,ALL UTILIZATION PRACTICES,AREA HARVESTED,ACRES,SOYBEANS - ACRES HARVESTED,PRODUCERS,PRODUCERS: (GENDER = FEMALE),COUNTY,39,39,OH,OHIO,90,SOUTHEAST,009,009,ATHENS,,,00000000,,,9000,UNITED STATES,"OHIO, SOUTHEAST, ATHENS",2017,ANNUAL,00,00,YEAR,,2018-02-01 00:00:00,"2,477",,2017,2477.0,False,TOTAL
CENSUS,CROPS,FIELD CROPS,SOYBEANS,ALL CLASSES,ALL PRODUCTION PRACTICES,ALL UTILIZATION PRACTICES,AREA HARVESTED,ACRES,SOYBEANS - ACRES HARVESTED,TOTAL,NOT SPECIFIED,COUNTY,39,39,OH,OHIO,90,SOUTHEAST,059,059,GUERNSEY,,,00000000,,,9000,UNITED STATES,"OHIO, SOUTHEAST, GUERNSEY",2017,ANNUAL,00,00,YEAR,,2018-02-01 00:00:00,"4,240",16.7,2017,4240.0,False,TOTAL
CENSUS,DEMOGRAPHICS,FIELD CROPS,SOYBEANS,ALL CLASSES,ALL PRODUCTION PRACTICES,ALL UTILIZATION PRACTICES,AREA HARVESTED,ACRES,SOYBEANS - ACRES HARVESTED,PRODUCERS,PRODUCERS: (GENDER = FEMALE),COUNTY,39,39,OH,OHIO,90,SOUTHEAST,059,059,GUERNSEY,,,00000000,,,9000,UNITED STATES,"OHIO, SOUTHEAST, GUERNSEY",2017,ANNUAL,00,00,YEAR,,2018-02-01 00:00:00,"2,217",,2017,2217.0,False,TOTAL
CENSUS,CROPS,FIELD CROPS,SOYBEANS,ALL CLASSES,ALL PRODUCTION PRACTICES,ALL UTILIZATION PRACTICES,AREA HARVESTED,ACRES,SOYBEANS - ACRES HARVESTED,TOTAL,NOT SPECIFIED,COUNTY,39,39,OH,OHIO,90,SOUTHEAST,073,073,HOCKING,,,00000000,,,9000,UNITED STATES,"OHIO, SOUTHEAST, HOCKING",2017,ANNUAL,00,00,YEAR,,2018-02-01 00:00:00,"2,806",16.7,2017,2806.0,False,TOTAL
CENSUS,DEMOGRAPHICS,FIELD CROPS,SOYBEANS,ALL CLASSES,ALL PRODUCTION PRACTICES,ALL UTILIZATION PRACTICES,AREA HARVESTED,ACRES,SOYBEANS - ACRES HARVESTED,PRODUCERS,PRODUCERS: (GENDER = FEMALE),COUNTY,39,39,OH,OHIO,90,SOUTHEAST,073,073,HOCKING,,,00000000,,,9000,UNITED STATES,"OHIO, SOUTHEAST, HOCKING",2017,ANNUAL,00,00,YEAR,,2018-02-01 00:00:00,775,,2017,775.0,False,TOTAL
CENSUS,CROPS,FIELD CROPS,SOYBEANS,ALL CLASSES,ALL PRODUCTION PRACTICES,ALL UTILIZATION PRACTICES,AREA HARVESTED,ACRES,SOYBEANS - ACRES HARVESTED,TOTAL,NOT SPECIFIED,COUNTY,39,39,OH,OHIO,90,SOUTHEAST,105,105,MEIGS,,,00000000,,,9000,UNITED STATES,"OHIO, SOUTHEAST, MEIGS",2017,ANNUAL,00,00,YEAR,,2018-02-01 00:00:00,"4,709",16.7,2017,4709.0,False,TOTAL
CENSUS,DEMOGRAPHICS,FIELD CROPS,SOYBEANS,ALL CLASSES,ALL PRODUCTION PRACTICES,ALL UTILIZATION PRACTICES,AREA HARVESTED,ACRES,SOYBEANS - ACRES HARVESTED,PRODUCERS,PRODUCERS: (GENDER = FEMALE),COUNTY,39,39,OH,OHIO,90,SOUTHEAST,105,105,MEIGS,,,00000000,,,9000,UNITED STATES,"OHIO, SOUTHEAST, MEIGS",2017,ANNUAL,00,00,YEAR,,2018-02-01 00:00:00,"1,137",,2017,1137.0,False,TOTAL
CENSUS,CROPS,FIELD CROPS,SOYBEANS,ALL CLASSES,ALL PRODUCTION PRACTICES,ALL UTILIZATION PRACTICES,AREA HARVESTED,ACRES,SOYBEANS - ACRES HARVESTED,TOTAL,NOT SPECIFIED,COUNTY,39,39,OH,OHIO,90,SOUTHEAST,111,111,MONROE,,,00000000,,,9000,UNITED STATES,"OHIO, SOUTHEAST, MONROE",2017,ANNUAL,00,00,YEAR,,2018-02-01 00:00:00,187,16.7,2017,187.0,False,TOTAL
CENSUS,DEMOGRAPHICS,FIELD CROPS,SOYBEANS,ALL CLASSES,ALL PRODUCTION PRACTICES,ALL UTILIZATION PRACTICES,AREA HARVESTED,ACRES,SOYBEANS - ACRES HARVESTED,PRODUCERS,PRODUCERS: (GENDER = FEMALE),COUNTY,39,39,OH,OHIO,90,SOUTHEAST,111,111,MONROE,,,00000000,,,9000,UNITED STATES,"OHIO, SOUTHEAST, MONROE",2017,ANNUAL,00,00,YEAR,,2018-02-01 00:00:00,(D),,2017,,True,TOTAL
CENSUS,CROPS,FIELD CROPS,SOYBEANS,ALL CLASSES,ALL PRODUCTION PRACTICES,ALL UTILIZATION PRACTICES,AREA HARVESTED,ACRES,SOYBEANS - ACRES HARVESTED,TOTAL,NOT SPECIFIED,COUNTY,39,39,OH,OHIO,90,SOUTHEAST,115,115,MORGAN,,,00000000,,,9000,UNITED STATES,"OHIO, SOUTHEAST, MORGAN",2017,ANNUAL,00,00,YEAR,,2018-02-01 00:00:00,"3,087",16.7,2017,3087.0,False,TOTAL
CENSUS,DEMOGRAPHICS,FIELD CROPS,SOYBEANS,ALL CLASSES,ALL PRODUCTION PRACTICES,ALL UTILIZATION PRACTICES,AREA HARVESTED,ACRES,SOYBEANS - ACRES HARVESTED,PRODUCERS,PRODUCERS: (GENDER = FEMALE),COUNTY,39,39,OH,OHIO,90,SOUTHEAST,115,115,MORGAN,,,00000000,,,9000,UNITED STATES,"OHIO, SOUTHEAST, MORGAN",2017,ANNUAL,00,00,YEAR,,2018-02-01 00:00:00,"1,417",,2017,1417.0,False,TOTAL
CENSUS,CROPS,FIELD CROPS,SOYBEANS,ALL CLASSES,ALL PRODUCTION PRACTICES,ALL UTILIZATION PRACTICES,AREA HARVESTED,ACRES,SOYBEANS - ACRES HARVESTED,TOTAL,NOT SPECIFIED,COUNTY,39,39,OH,OHIO,90,SOUTHEAST,119,119,MUSKINGUM,,,00000000,,,9000,UNITED STATES,"OHIO, SOUTHEAST, MUSKINGUM",2017,ANNUAL,00,00,YEAR,,2018-02-01 00:00:00,"18,036",16.7,2017,18036.0,False,TOTAL
CENSUS,DEMOGRAPHICS,FIELD CROPS,SOYBEANS,ALL CLASSES,ALL PRODUCTION PRACTICES,ALL UTILIZATION PRACTICES,AREA HARVESTED,ACRES,SOYBEANS - ACRES HARVESTED,PRODUCERS,PRODUCERS: (GENDER = FEMALE),COUNTY,39,39,OH,OHIO,90,SOUTHEAST,119,119,MUSKINGUM,,,00000000,,,9000,UNITED STATES,"OHIO, SOUTHEAST, MUSKINGUM",2017,ANNUAL,00,00,YEAR,,2018-02-01 00:00:00,"7,180",,2017,7180.0,False,TOTAL
CENSUS,CROPS,FIELD CROPS,SOYBEANS,ALL CLASSES,ALL PRODUCTION PRACTICES,ALL UTILIZATION PRACTICES,AREA HARVESTED,ACRES,SOYBEANS - ACRES HARVESTED,TOTAL,NOT SPECIFIED,COUNTY,39,39,OH,OHIO,90,SOUTHEAST,121,121,NOBLE,,,00000000,,,9000,UNITED STATES,"OHIO, SOUTHEAST, NOBLE",2017,ANNUAL,00,00,YEAR,,2018-02-01 00:00:00,(D),(D),2017,,True,TOTAL
CENSUS,CROPS,FIELD CROPS,SOYBEANS,ALL CLASSES,ALL PRODUCTION PRACTICES,ALL UTILIZATION PRACTICES,AREA HARVESTED,ACRES,SOYBEANS - ACRES HARVESTED,TOTAL,NOT SPECIFIED,COUNTY,39,39,OH,OHIO,90,SOUTHEAST,127,127,PERRY,,,00000000,,,9000,UNITED STATES,"OHIO, SOUTHEAST, PERRY",2017,ANNUAL,00,00,YEAR,,2018-02-01 00:00:00,"17,752",16.7,2017,17752.0,False,TOTAL
CENSUS,DEMOGRAPHICS,FIELD CROPS,SOYBEANS,ALL CLASSES,ALL PRODUCTION PRACTICES,ALL UTILIZATION PRACTICES,AREA HARVESTED,ACRES,SOYBEANS - ACRES HARVESTED,PRODUCERS,PRODUCERS: (GENDER = FEMALE),COUNTY,39,39,OH,OHIO,90,SOUTHEAST,127,127,PERRY,,,00000000,,,9000,UNITED STATES,"OHIO, SOUTHEAST, PERRY",2017,ANNUAL,00,00,YEAR,,2018-02-01 00:00:00,"7,396",,2017,7396.0,False,TOTAL
CENSUS,CROPS,FIELD CROPS,SOYBEANS,ALL CLASSES,ALL PRODUCTION PRACTICES,ALL UTILIZATION PRACTICES,AREA HARVESTED,ACRES,SOYBEANS - ACRES HARVESTED,TOTAL,NOT SPECIFIED,COUNTY,39,39,OH,OHIO,90,SOUTHEAST,163,163,VINTON,,,00000000,,,9000,UNITED STATES,"OHIO, SOUTHEAST, VINTON",2017,ANNUAL,00,00,YEAR,,2018-02-01 00:00:00,"2,348",16.7,2017,2348.0,False,TOTAL
CENSUS,DEMOGRAPHICS,FIELD CROPS,SOYBEANS,ALL CLASSES,ALL PRODUCTION PRACTICES,ALL UTILIZATION PRACTICES,AREA HARVESTED,ACRES,SOYBEANS - ACRES HARVESTED,PRODUCERS,PRODUCERS: (GENDER = FEMALE),COUNTY,39,39,OH,OHIO,90,SOUTHEAST,163,163,VINTON,,,00000000,,,9000,UNITED STATES,"OHIO, SOUTHEAST, VINTON",2017,ANNUAL,00,00,YEAR,,2018-02-01 00:00:00,445,,2017,445.0,False,TOTAL
CENSUS,CROPS,FIELD CROPS,SOYBEANS,ALL CLASSES,ALL PRODUCTION PRACTICES,ALL UTILIZATION PRACTICES,AREA HARVESTED,ACRES,SOYBEANS - ACRES HARVESTED,TOTAL,NOT SPECIFIED,COUNTY,39,39,OH,OHIO,90,SOUTHEAST,167,167,WASHINGTON,,,00000000,,,9000,UNITED STATES,"OHIO, SOUTHEAST, WASHINGTON",2017,ANNUAL,00,00,YEAR,,2018-02-01 00:00:00,"10,411",16.7,2017,10411.0,False,TOTAL
CENSUS,DEMOGRAPHICS,FIELD CROPS,SOYBEANS,ALL CLASSES,ALL PRODUCTION PRACTICES,ALL UTILIZATION PRACTICES,AREA HARVESTED,ACRES,SOYBEANS - ACRES HARVESTED,PRODUCERS,PRODUCERS: (GENDER = FEMALE),COUNTY,39,39,OH,OHIO,90,SOUTHEAST,167,167,WASHINGTON,,,00000000,,,9000,UNITED STATES,"OHIO, SOUTHEAST, WASHINGTON",2017,ANNUAL,00,00,YEAR,,2018-02-01 00:00:00,"4,937",,2017,4937.0,False,TOTAL
CENSUS,CROPS,FIELD CROPS,SOYBEANS,ALL CLASSES,ALL PRODUCTION PRACTICES,ALL UTILIZATION PRACTICES,AREA HARVESTED,ACRES,SOYBEANS - ACRES HARVESTED,TOTAL,NOT SPECIFIED,STATE,39,39,OH,OHIO,,,,,,,,00000000,,,9000,UNITED STATES,OHIO,2017,ANNUAL,00,00,YEAR,,2018-02-01 00:00:00,"5,090,532",3.1,2017,5090532.0,False,TOTAL
CENSUS,CROPS,FIELD CROPS,SOYBEANS,ALL CLASSES,IRRIGATED,ALL UTILIZATION PRACTICES,AREA HARVESTED,ACRES,"SOYBEANS, IRRIGATED - ACRES HARVESTED",TOTAL,NOT SPECIFIED,STATE,39,39,OH,OHIO,,,,,,,,00000000,,,9000,UNITED STATES,OHIO,2017,ANNUAL,00,00,YEAR,,2018-02-01 00:00:00,"7,388",13.3,2017,7388.0,False,IRRIGATED
CENSUS,CROPS,FIELD CROPS,SOYBEANS,ALL CLASSES,ALL PRODUCTION PRACTICES,ALL UTILIZATION PRACTICES,AREA HARVESTED,ACRES,SOYBEANS - ACRES HARVESTED,AREA HARVESTED,AREA HARVESTED: (1.0 TO 14.9 ACRES),STATE,39,39,OH,OHIO,,,,,,,,00000000,,,9000,UNITED STATES,OHIO,2017,ANNUAL,00,00,YEAR,,2018-02-01 00:00:00,"24,592",8.8,2017,24592.0,False,TOTAL
CENSUS,CROPS,FIELD CROPS,SOYBEANS,ALL CLASSES,ALL PRODUCTION PRACTICES,ALL UTILIZATION PRACTICES,AREA HARVESTED,ACRES,SOYBEANS - ACRES HARVESTED,AREA HARVESTED,AREA HARVESTED: (100 TO 249 ACRES),STATE,39,39,OH,OHIO,,,,,,,,00000000,,,9000,UNITED STATES,OHIO,2017,ANNUAL,00,00,YEAR,,2018-02-01 00:00:00,"875,368",1.8,2017,875368.0,False,TOTAL
CENSUS,CROPS,FIELD CROPS,SOYBEANS,ALL CLASSES,ALL PRODUCTION PRACTICES,ALL UTILIZATION PRACTICES,AREA HARVESTED,ACRES,SOYBEANS - ACRES HARVESTED,AREA HARVESTED,"AREA HARVESTED: (1,000 OR MORE ACRES)",STATE,39,39,OH,OHIO,,,,,,,,00000000,,,9000,UNITED STATES,OHIO,2017,ANNUAL,00,00,YEAR,,2018-02-01 00:00:00,"1,268,320",5.9,2017,1268320.0,False,TOTAL
CENSUS,CROPS,FIELD CROPS,SOYBEANS,ALL CLASSES,ALL PRODUCTION PRACTICES,ALL UTILIZATION PRACTICES,AREA HARVESTED,ACRES,SOYBEANS - ACRES HARVESTED,AREA HARVESTED,"AREA HARVESTED: (1,000 TO 1,999 ACRES)",STATE,39,39,OH,OHIO,,,,,,,,00000000,,,9000,UNITED STATES,OHIO,2017,ANNUAL,00,00,YEAR,,2018-02-01 00:00:00,"861,143",7.4,2017,861143.0,False,TOTAL
CENSUS,CROPS,FIELD CROPS,SOYBEANS,ALL CLASSES,ALL PRODUCTION PRACTICES,ALL UTILIZATION PRACTICES,AREA HARVESTED,ACRES,SOYBEANS - ACRES HARVESTED,AREA HARVESTED,AREA HARVESTED: (15.0 TO 24.9 ACRES),STATE,39,39,OH,OHIO,,,,,,,,00000000,,,9000,UNITED STATES,OHIO,2017,ANNUAL,00,00,YEAR,,2018-02-01 00:00:00,"42,861",6.8,2017,42861.0,False,TOTAL
CENSUS,CROPS,FIELD CROPS,SOYBEANS,ALL CLASSES,ALL PRODUCTION PRACTICES,ALL UTILIZATION PRACTICES,AREA HARVESTED,ACRES,SOYBEANS - ACRES HARVESTED,AREA HARVESTED,"AREA HARVESTED: (2,000 TO 2,999 ACRES)",STATE,39,39,OH,OHIO,,,,,,,,00000000,,,9000,UNITED STATES,OHIO,2017,ANNUAL,00,00,YEAR,,2018-02-01 00:00:00,"225,230",6.4,2017,225230.0,False,TOTAL
CENSUS,CROPS,FIELD CROPS,SOYBEANS,ALL CLASSES,ALL PRODUCTION PRACTICES,ALL UTILIZATION PRACTICES,AREA HARVESTED,ACRES,SOYBEANS - ACRES HARVESTED,AREA HARVESTED,AREA HARVESTED: (25.0 TO 49.9 ACRES),STATE,39,39,OH,OHIO,,,,,,,,00000000,,,9000,UNITED STATES,OHIO,2017,ANNUAL,00,00,YEAR,,2018-02-01 00:00:00,"150,015",8.0,2017,150015.0,False,TOTAL
CENSUS,CROPS,FIELD CROPS,SOYBEANS,ALL CLASSES,ALL PRODUCTION PRACTICES,ALL UTILIZATION PRACTICES,AREA HARVESTED,ACRES,SOYBEANS - ACRES HARVESTED,AREA HARVESTED,AREA HARVESTED: (250 TO 499 ACRES),STATE,39,39,OH,OHIO,,,,,,,,00000000,,,9000,UNITED STATES,OHIO,2017,ANNUAL,00,00,YEAR,,2018-02-01 00:00:00,"1,093,226",5.9,2017,1093226.0,False,TOTAL
CENSUS,CROPS,FIELD CROPS,SOYBEANS,ALL CLASSES,ALL PRODUCTION PRACTICES,ALL UTILIZATION PRACTICES,AREA HARVESTED,ACRES,SOYBEANS - ACRES HARVESTED,AREA HARVESTED,"AREA HARVESTED: (3,000 TO 4,999 ACRES)",STATE,39,39,OH,OHIO,,,,,,,,00000000,,,9000,UNITED STATES,OHIO,2017,ANNUAL,00,00,YEAR,,2018-02-01 00:00:00,"106,536",9.5,2017,106536.0,False,TOTAL
CENSUS,CROPS,FIELD CROPS,SOYBEANS,ALL CLASSES,ALL PRODUCTION PRACTICES,ALL UTILIZATION PRACTICES,AREA HARVESTED,ACRES,SOYBEANS - ACRES HARVESTED,AREA HARVESTED,AREA HARVESTED: (50.0 TO 99.9 ACRES),STATE,39,39,OH,OHIO,,,,,,,,00000000,,,9000,UNITED STATES,OHIO,2017,ANNUAL,00,00,YEAR,,2018-02-01 00:00:00,"336,187",6.1,2017,336187.0,False,TOTAL
CENSUS,CROPS,FIELD CROPS,SOYBEANS,ALL CLASSES,ALL PRODUCTION PRACTICES,ALL UTILIZATION PRACTICES,AREA HARVESTED,ACRES,SOYBEANS - ACRES HARVESTED,AREA HARVESTED,AREA HARVESTED: (500 TO 999 ACRES),STATE,39,39,OH,OHIO,,,,,,,,00000000,,,9000,UNITED STATES,OHIO,2017,ANNUAL,00,00,YEAR,,2018-02-01 00:00:00,"1,299,963",6.3,2017,1299963.0,False,TOTAL
CENSUS,CROPS,FIELD CROPS,SOYBEANS,ALL CLASSES,ALL PRODUCTION PRACTICES,ALL UTILIZATION PRACTICES,AREA HARVESTED,ACRES,SOYBEANS - ACRES HARVESTED,AREA HARVESTED,"AREA HARVESTED: (5,000 OR MORE ACRES)",STATE,39,39,OH,OHIO,,,,,,,,00000000,,,9000,UNITED STATES,OHIO,2017,ANNUAL,00,00,YEAR,,2018-02-01 00:00:00,"75,411",1.1,2017,75411.0,False,TOTAL
CENSUS,CROPS,FIELD CROPS,SOYBEANS,ALL CLASSES,IRRIGATED,ALL UTILIZATION PRACTICES,AREA HARVESTED,ACRES,"SOYBEANS, IRRIGATED - ACRES HARVESTED",AREA HARVESTED,AREA HARVESTED: (1.0 TO 14.9 ACRES),STATE,39,39,OH,OHIO,,,,,,,,00000000,,,9000,UNITED STATES,OHIO,2017,ANNUAL,00,00,YEAR,,2018-02-01 00:00:00,48,80.6,2017,48.0,False,IRRIGATED
CENSUS,CROPS,FIELD CROPS,SOYBEANS,ALL CLASSES,IRRIGATED,ALL UTILIZATION PRACTICES,AREA HARVESTED,ACRES,"SOYBEANS, IRRIGATED - ACRES HARVESTED",AREA HARVESTED,AREA HARVESTED: (100 TO 249 ACRES),STATE,39,39,OH,OHIO,,,,,,,,00000000,,,9000,UNITED STATES,OHIO,2017,ANNUAL,00,00,YEAR,,2018-02-01 00:00:00,638,49.6,2017,638.0,False,IRRIGATED
CENSUS,CROPS,FIELD CROPS,SOYBEANS,ALL CLASSES,IRRIGATED,ALL UTILIZATION PRACTICES,AREA HARVESTED,ACRES,"SOYBEANS, IRRIGATED - ACRES HARVESTED",AREA HARVESTED,"AREA HARVESTED: (1,000 OR MORE ACRES)",STATE,39,39,OH,OHIO,,,,,,,,00000000,,,9000,UNITED STATES,OHIO,2017,ANNUAL,00,00,YEAR,,2018-02-01 00:00:00,"3,516",0.4,2017,3516.0,False,IRRIGATED
CENSUS,CROPS,FIELD CROPS,SOYBEANS,ALL CLASSES,IRRIGATED,ALL UTILIZATION PRACTICES,AREA HARVESTED,ACRES,"SOYBEANS, IRRIGATED - ACRES HARVESTED",AREA HARVESTED,"AREA HARVESTED: (1,000 TO 1,999 ACRES)",STATE,39,39,OH,OHIO,,,,,,,,00000000,,,9000,UNITED STATES,OHIO,2017,ANNUAL,00,00,YEAR,,2018-02-01 00:00:00,(D),(D),2017,,True,IRRIGATED
CENSUS,CROPS,FIELD CROPS,SOYBEANS,ALL CLASSES,IRRIGATED,ALL UTILIZATION PRACTICES,AREA HARVESTED,ACRES,"SOYBEANS, IRRIGATED - ACRES HARVESTED",AREA HARVESTED,AREA HARVESTED: (15.0 TO 24.9 ACRES),STATE,39,39,OH,OHIO,,,,,,,,00000000,,,9000,UNITED STATES,OHIO,2017,ANNUAL,00,00,YEAR,,2018-02-01 00:00:00,82,2.1,2017,82.0,False,IRRIGATED
CENSUS,CROPS,FIELD CROPS,SOYBEANS,ALL CLASSES,IRRIGATED,ALL UTILIZATION PRACTICES,AREA HARVESTED,ACRES,"SOYBEANS, IRRIGATED - ACRES HARVESTED",AREA HARVESTED,"AREA HARVESTED: (2,000 TO 2,999 ACRES)",STATE,39,39,OH,OHIO,,,,,,,,00000000,,,9000,UNITED STATES,OHIO,2017,ANNUAL,00,00,YEAR,,2018-02-01 00:00:00,913,0.9,2017,913.0,False,IRRIGATED
CENSUS,CROPS,FIELD CROPS,SOYBEANS,ALL CLASSES,IRRIGATED,ALL UTILIZATION PRACTICES,AREA HARVESTED,ACRES,"SOYBEANS, IRRIGATED - ACRES HARVESTED",AREA HARVESTED,AREA HARVESTED: (25.0 TO 49.9 ACRES),STATE,39,39,OH,OHIO,,,,,,,,00000000,,,9000,UNITED STATES,OHIO,2017,ANNUAL,00,00,YEAR,,2018-02-01 00:00:00,174,34.4,2017,174.0,False,IRRIGATED
CENSUS,CROPS,FIELD CROPS,SOYBEANS,ALL CLASSES,IRRIGATED,ALL UTILIZATION PRACTICES,AREA HARVESTED,ACRES,"SOYBEANS, IRRIGATED - ACRES HARVESTED",AREA HARVESTED,AREA HARVESTED: (250 TO 499 ACRES),STATE,39,39,OH,OHIO,,,,,,,,00000000,,,9000,UNITED STATES,OHIO,2017,ANNUAL,00,00,YEAR,,2018-02-01 00:00:00,"1,379",55.0,2017,1379.0,False,IRRIGATED
CENSUS,CROPS,FIELD CROPS,SOYBEANS,ALL CLASSES,IRRIGATED,ALL UTILIZATION PRACTICES,AREA HARVESTED,ACRES,"SOYBEANS, IRRIGATED - ACRES HARVESTED",AREA HARVESTED,"AREA HARVESTED: (3,000 TO 4,999 ACRES)",STATE,39,39,OH,OHIO,,,,,,,,00000000,,,9000,UNITED STATES,OHIO,2017,ANNUAL,00,00,YEAR,,2018-02-01 00:00:00,(D),(D),2017,,True,IRRIGATED
CENSUS,CROPS,FIELD CROPS,SOYBEANS,ALL CLASSES,IRRIGATED,ALL UTILIZATION PRACTICES,AREA HARVESTED,ACRES,"SOYBEANS, IRRIGATED - ACRES HARVESTED",AREA HARVESTED,AREA HARVESTED: (50.0 TO 99.9 ACRES),STATE,39,39,OH,OHIO,,,,,,,,00000000,,,9000,UNITED STATES,OHIO,2017,ANNUAL,00,00,YEAR,,2018-02-01 00:00:00,841,18.3,2017,841.0,False,IRRIGATED
CENSUS,CROPS,FIELD CROPS,SOYBEANS,ALL CLASSES,IRRIGATED,ALL UTILIZATION PRACTICES,AREA HARVESTED,ACRES,"SOYBEANS, IRRIGATED - ACRES HARVESTED",AREA HARVESTED,AREA HARVESTED: (500 TO 999 ACRES),STATE,39,39,OH,OHIO,,,,,,,,00000000,,,9000,UNITED STATES,OHIO,2017,ANNUAL,00,00,YEAR,,2018-02-01 00:00:00,710,99.8,2017,710.0,False,IRRIGATED
CENSUS,CROPS,FIELD CROPS,SOYBEANS,ALL CLASSES,ALL PRODUCTION PRACTICES,ALL UTILIZATION PRACTICES,AREA HARVESTED,ACRES,SOYBEANS - ACRES HARVESTED,FARM SALES,"FARM SALES: (1,000,000 OR MORE $)",STATE,39,39,OH,OHIO,,,,,,,,00000000,,,9000,UNITED STATES,OHIO,2017,ANNUAL,00,00,YEAR,,2018-02-01 00:00:00,"1,347,273",3.4,2017,1347273.0,False,TOTAL
CENSUS,CROPS,FIELD CROPS,SOYBEANS,ALL CLASSES,ALL PRODUCTION PRACTICES,ALL UTILIZATION PRACTICES,AREA HARVESTED,ACRES,SOYBEANS - ACRES HARVESTED,FARM SALES,"FARM SALES: (500,000 TO 999,999 $)",STATE,39,39,OH,OHIO,,,,,,,,00000000,,,9000,UNITED STATES,OHIO,2017,ANNUAL,00,00,YEAR,,2018-02-01 00:00:00,"1,081,412",8.2,2017,1081412.0,False,TOTAL
CENSUS,CROPS,FIELD CROPS,SOYBEANS,ALL CLASSES,ALL PRODUCTION PRACTICES,ALL UTILIZATION PRACTICES,AREA HARVESTED,ACRES,SOYBEANS - ACRES HARVESTED,FARM SALES,"FARM SALES: (250,000 TO 499,999 $)",STATE,39,39,OH,OHIO,,,,,,,,00000000,,,9000,UNITED STATES,OHIO,2017,ANNUAL,00,00,YEAR,,2018-02-01 00:00:00,"990,312",8.1,2017,990312.0,False,TOTAL
CENSUS,CROPS,FIELD CROPS,SOYBEANS,ALL CLASSES,ALL PRODUCTION PRACTICES,ALL UTILIZATION PRACTICES,AREA HARVESTED,ACRES,SOYBEANS - ACRES HARVESTED,FARM SALES,"FARM SALES: (100,000 TO 249,999 $)",STATE,39,39,OH,OHIO,,,,,,,,00000000,,,9000,UNITED STATES,OHIO,2017,ANNUAL,00,00,YEAR,,2018-02-01 00:00:00,"942,092",4.3,2017,942092.0,False,TOTAL
CENSUS,CROPS,FIELD CROPS,SOYBEANS,ALL CLASSES,ALL PRODUCTION PRACTICES,ALL UTILIZATION PRACTICES,AREA HARVESTED,ACRES,SOYBEANS - ACRES HARVESTED,FARM SALES,"FARM SALES: (50,000 TO 99,999 $)",STATE,39,39,OH,OHIO,,,,,,,,00000000,,,9000,UNITED STATES,OHIO,2017,ANNUAL,00,00,YEAR,,2018-02-01 00:00:00,"359,732",7.5,2017,359732.0,False,TOTAL
CENSUS,CROPS,FIELD CROPS,SOYBEANS,ALL CLASSES,ALL PRODUCTION PRACTICES,ALL UTILIZATION PRACTICES,AREA HARVESTED,ACRES,SOYBEANS - ACRES HARVESTED,FARM SALES,"FARM SALES: (25,000 TO 49,999 $)",STATE,39,39,OH,OHIO,,,,,,,,00000000,,,9000,UNITED STATES,OHIO,2017,ANNUAL,00,00,YEAR,,2018-02-01 00:00:00,"197,814",5.7,2017,197814.0,False,TOTAL
CENSUS,CROPS,FIELD CROPS,SOYBEANS,ALL CLASSES,ALL PRODUCTION PRACTICES,ALL UTILIZATION PRACTICES,AREA HARVESTED,ACRES,SOYBEANS - ACRES HARVESTED,FARM SALES,"FARM SALES: (10,000 TO 24,999 $)",STATE,39,39,OH,OHIO,,,,,,,,00000000,,,9000,UNITED STATES,OHIO,2017,ANNUAL,00,00,YEAR,,2018-02-01 00:00:00,"118,965",8.4,2017,118965.0,False,TOTAL
CENSUS,CROPS,FIELD CROPS,SOYBEANS,ALL CLASSES,ALL PRODUCTION PRACTICES,ALL UTILIZATION PRACTICES,AREA HARVESTED,ACRES,SOYBEANS - ACRES HARVESTED,FARM SALES,"FARM SALES: (5,000 TO 9,999 $)",STATE,39,39,OH,OHIO,,,,,,,,00000000,,,9000,UNITED STATES,OHIO,2017,ANNUAL,00,00,YEAR,,2018-02-01 00:00:00,"32,699",9.9,2017,32699.0,False,TOTAL
CENSUS,CROPS,FIELD CROPS,SOYBEANS,ALL CLASSES,ALL PRODUCTION PRACTICES,ALL UTILIZATION PRACTICES,AREA HARVESTED,ACRES,SOYBEANS - ACRES HARVESTED,FARM SALES,"FARM SALES: (2,500 TO 4,999 $)",STATE,39,39,OH,OHIO,,,,,,,,00000000,,,9000,UNITED STATES,OHIO,2017,ANNUAL,00,00,YEAR,,2018-02-01 00:00:00,"11,938",21.9,2017,11938.0,False,TOTAL
CENSUS,CROPS,FIELD CROPS,SOYBEANS,ALL CLASSES,ALL PRODUCTION PRACTICES,ALL UTILIZATION PRACTICES,AREA HARVESTED,ACRES,SOYBEANS - ACRES HARVESTED,FARM SALES,"FARM SALES: (1,000 TO 2,499 $)",STATE,39,39,OH,OHIO,,,,,,,,00000000,,,9000,UNITED STATES,OHIO,2017,ANNUAL,00,00,YEAR,,2018-02-01 00:00:00,"3,838",34.1,2017,3838.0,False,TOTAL
CENSUS,CROPS,FIELD CROPS,SOYBEANS,ALL CLASSES,ALL PRODUCTION PRACTICES,ALL UTILIZATION PRACTICES,AREA HARVESTED,ACRES,SOYBEANS - ACRES HARVESTED,FARM SALES,"FARM SALES: (LESS THAN 1,000 $)",STATE,39,39,OH,OHIO,,,,,,,,00000000,,,9000,UNITED STATES,OHIO,2017,ANNUAL,00,00,YEAR,,2018-02-01 00:00:00,"4,457",20.6,2017,4457.0,False,TOTAL
CENSUS,CROPS,FIELD CROPS,SOYBEANS,ALL CLASSES,IRRIGATED,ALL UTILIZATION PRACTICES,AREA HARVESTED,ACRES,"SOYBEANS, IRRIGATED - ACRES HARVESTED",FARM SALES,"FARM SALES: (1,000,000 OR MORE $)",STATE,39,39,OH,OHIO,,,,,,,,00000000,,,9000,UNITED STATES,OHIO,2017,ANNUAL,00,00,YEAR,,2018-02-01 00:00:00,"3,710",0.4,2017,3710.0,False,IRRIGATED
CENSUS,CROPS,FIELD CROPS,SOYBEANS,ALL CLASSES,IRRIGATED,ALL UTILIZATION PRACTICES,AREA HARVESTED,ACRES,"SOYBEANS, IRRIGATED - ACRES HARVESTED",FARM SALES,"FARM SALES: (500,000 TO 999,999 $)",STATE,39,39,OH,OHIO,,,,,,,,00000000,,,9000,UNITED STATES,OHIO,2017,ANNUAL,00,00,YEAR,,2018-02-01 00:00:00,835,84.8,2017,835.0,False,IRRIGATED
CENSUS,CROPS,FIELD CROPS,SOYBEANS,ALL CLASSES,IRRIGATED,ALL UTILIZATION PRACTICES,AREA HARVESTED,ACRES,"SOYBEANS, IRRIGATED - ACRES HARVESTED",FARM SALES,"FARM SALES: (250,000 TO 499,999 $)",STATE,39,39,OH,OHIO,,,,,,,,00000000,,,9000,UNITED STATES,OHIO,2017,ANNUAL,00,00,YEAR,,2018-02-01 00:00:00,"1,616",48.9,2017,1616.0,False,IRRIGATED
CENSUS,CROPS,FIELD CROPS,SOYBEANS,ALL CLASSES,IRRIGATED,ALL UTILIZATION PRACTICES,AREA HARVESTED,ACRES,"SOYBEANS, IRRIGATED - ACRES HARVESTED",FARM SALES,"FARM SALES: (100,000 TO 249,999 $)",STATE,39,39,OH,OHIO,,,,,,,,00000000,,,9000,UNITED STATES,OHIO,2017,ANNUAL,00,00,YEAR,,2018-02-01 00:00:00,362,87.2,2017,362.0,False,IRRIGATED
CENSUS,CROPS,FIELD CROPS,SOYBEANS,ALL CLASSES,IRRIGATED,ALL UTILIZATION PRACTICES,AREA HARVESTED,ACRES,"SOYBEANS, IRRIGATED - ACRES HARVESTED",FARM SALES,"FARM SALES: (50,000 TO 99,999 $)",STATE,39,39,OH,OHIO,,,,,,,,00000000,,,9000,UNITED STATES,OHIO,2017,ANNUAL,00,00,YEAR,,2018-02-01 00:00:00,(D),(D),2017,,True,IRRIGATED
CENSUS,CROPS,FIELD CROPS,SOYBEANS,ALL CLASSES,IRRIGATED,ALL UTILIZATION PRACTICES,AREA HARVESTED,ACRES,"SOYBEANS, IRRIGATED - ACRES HARVESTED",FARM SALES,"FARM SALES: (25,000 TO 49,999 $)",STATE,39,39,OH,OHIO,,,,,,,,00000000,,,9000,UNITED STATES,OHIO,2017,ANNUAL,00,00,YEAR,,2018-02-01 00:00:00,320,1.9,2017,320.0,False,IRRIGATED
CENSUS,CROPS,FIELD CROPS,SOYBEANS,ALL CLASSES,IRRIGATED,ALL UTILIZATION PRACTICES,AREA HARVESTED,ACRES,"SOYBEANS, IRRIGATED - ACRES HARVESTED",FARM SALES,"FARM SALES: (10,000 TO 24,999 $)",STATE,39,39,OH,OHIO,,,,,,,,00000000,,,9000,UNITED STATES,OHIO,2017,ANNUAL,00,00,YEAR,,2018-02-01 00:00:00,325,19.7,2017,325.0,False,IRRIGATED
CENSUS,CROPS,FIELD CROPS,SOYBEANS,ALL CLASSES,IRRIGATED,ALL UTILIZATION PRACTICES,AREA HARVESTED,ACRES,"SOYBEANS, IRRIGATED - ACRES HARVESTED",FARM SALES,"FARM SALES: (5,000 TO 9,999 $)",STATE,39,39,OH,OHIO,,,,,,,,00000000,,,9000,UNITED STATES,OHIO,2017,ANNUAL,00,00,YEAR,,2018-02-01 00:00:00,(D),(D),2017,,True,IRRIGATED
CENSUS,CROPS,FIELD CROPS,SOYBEANS,ALL CLASSES,IRRIGATED,ALL UTILIZATION PRACTICES,AREA HARVESTED,ACRES,"SOYBEANS, IRRIGATED - ACRES HARVESTED",FARM SALES,"FARM SALES: (2,500 TO 4,999 $)",STATE,39,39,OH,OHIO,,,,,,,,00000000,,,9000,UNITED STATES,OHIO,2017,ANNUAL,00,00,YEAR,,2018-02-01 00:00:00,(D),(D),2017,,True,IRRIGATED
CENSUS,CROPS,FIELD CROPS,SOYBEANS,ALL CLASSES,ALL PRODUCTION PRACTICES,ALL UTILIZATION PRACTICES,AREA HARVESTED,ACRES,SOYBEANS - ACRES HARVESTED,AREA OPERATED,AREA OPERATED: (1.0 TO 9.9 ACRES),STATE,39,39,OH,OHIO,,,,,,,,00000000,,,9000,UNITED STATES,OHIO,2017,ANNUAL,00,00,YEAR,,2018-02-01 00:00:00,"2,713",33.2,2017,2713.0,False,TOTAL
CENSUS,CROPS,FIELD CROPS,SOYBEANS,ALL CLASSES,ALL PRODUCTION PRACTICES,ALL UTILIZATION PRACTICES,AREA HARVESTED,ACRES,SOYBEANS - ACRES HARVESTED,AREA OPERATED,AREA OPERATED: (10.0 TO 49.9 ACRES),STATE,39,39,OH,OHIO,,,,,,,,00000000,,,9000,UNITED STATES,OHIO,2017,ANNUAL,00,00,YEAR,,2018-02-01 00:00:00,"73,442",11.0,2017,73442.0,False,TOTAL
CENSUS,CROPS,FIELD CROPS,SOYBEANS,ALL CLASSES,ALL PRODUCTION PRACTICES,ALL UTILIZATION PRACTICES,AREA HARVESTED,ACRES,SOYBEANS - ACRES HARVESTED,AREA OPERATED,AREA OPERATED: (50.0 TO 69.9 ACRES),STATE,39,39,OH,OHIO,,,,,,,,00000000,,,9000,UNITED STATES,OHIO,2017,ANNUAL,00,00,YEAR,,2018-02-01 00:00:00,"49,575",16.3,2017,49575.0,False,TOTAL
CENSUS,CROPS,FIELD CROPS,SOYBEANS,ALL CLASSES,ALL PRODUCTION PRACTICES,ALL UTILIZATION PRACTICES,AREA HARVESTED,ACRES,SOYBEANS - ACRES HARVESTED,AREA OPERATED,AREA OPERATED: (70.0 TO 99.9 ACRES),STATE,39,39,OH,OHIO,,,,,,,,00000000,,,9000,UNITED STATES,OHIO,2017,ANNUAL,00,00,YEAR,,2018-02-01 00:00:00,"94,978",6.7,2017,94978.0,False,TOTAL
CENSUS,CROPS,FIELD CROPS,SOYBEANS,ALL CLASSES,ALL PRODUCTION PRACTICES,ALL UTILIZATION PRACTICES,AREA HARVESTED,ACRES,SOYBEANS - ACRES HARVESTED,AREA OPERATED,AREA OPERATED: (100 TO 139 ACRES),STATE,39,39,OH,OHIO,,,,,,,,00000000,,,9000,UNITED STATES,OHIO,2017,ANNUAL,00,00,YEAR,,2018-02-01 00:00:00,"136,360",10.2,2017,136360.0,False,TOTAL
CENSUS,CROPS,FIELD CROPS,SOYBEANS,ALL CLASSES,ALL PRODUCTION PRACTICES,ALL UTILIZATION PRACTICES,AREA HARVESTED,ACRES,SOYBEANS - ACRES HARVESTED,AREA OPERATED,AREA OPERATED: (140 TO 179 ACRES),STATE,39,39,OH,OHIO,,,,,,,,00000000,,,9000,UNITED STATES,OHIO,2017,ANNUAL,00,00,YEAR,,2018-02-01 00:00:00,"136,174",11.2,2017,136174.0,False,TOTAL
CENSUS,CROPS,FIELD CROPS,SOYBEANS,ALL CLASSES,ALL PRODUCTION PRACTICES,ALL UTILIZATION PRACTICES,AREA HARVESTED,ACRES,SOYBEANS - ACRES HARVESTED,AREA OPERATED,AREA OPERATED: (180 TO 219 ACRES),STATE,39,39,OH,OHIO,,,,,,,,00000000,,,9000,UNITED STATES,OHIO,2017,ANNUAL,00,00,YEAR,,2018-02-01 00:00:00,"141,924",10.7,2017,141924.0,False,TOTAL
CENSUS,CROPS,FIELD CROPS,SOYBEANS,ALL CLASSES,ALL PRODUCTION PRACTICES,ALL UTILIZATION PRACTICES,AREA HARVESTED,ACRES,SOYBEANS - ACRES HARVESTED,AREA OPERATED,AREA OPERATED: (220 TO 259 ACRES),STATE,39,39,OH,OHIO,,,,,,,,00000000,,,9000,UNITED STATES,OHIO,2017,ANNUAL,00,00,YEAR,,2018-02-01 00:00:00,"135,772",11.3,2017,135772.0,False,TOTAL
CENSUS,CROPS,FIELD CROPS,SOYBEANS,ALL CLASSES,ALL PRODUCTION PRACTICES,ALL UTILIZATION PRACTICES,AREA HARVESTED,ACRES,SOYBEANS - ACRES HARVESTED,AREA OPERATED,AREA OPERATED: (260 TO 499 ACRES),STATE,39,39,OH,OHIO,,,,,,,,00000000,,,9000,UNITED STATES,OHIO,2017,ANNUAL,00,00,YEAR,,2018-02-01 00:00:00,"742,007",7.8,2017,742007.0,False,TOTAL
CENSUS,CROPS,FIELD CROPS,SOYBEANS,ALL CLASSES,ALL PRODUCTION PRACTICES,ALL UTILIZATION PRACTICES,AREA HARVESTED,ACRES,SOYBEANS - ACRES HARVESTED,AREA OPERATED,AREA OPERATED: (500 TO 999 ACRES),STATE,39,39,OH,OHIO,,,,,,,,00000000,,,9000,UNITED STATES,OHIO,2017,ANNUAL,00,00,YEAR,,2018-02-01 00:00:00,"1,180,393",4.5,2017,1180393.0,False,TOTAL
CENSUS,CROPS,FIELD CROPS,SOYBEANS,ALL CLASSES,ALL PRODUCTION PRACTICES,ALL UTILIZATION PRACTICES,AREA HARVESTED,ACRES,SOYBEANS - ACRES HARVESTED,AREA OPERATED,"AREA OPERATED: (1,000 TO 1,999 ACRES)",STATE,39,39,OH,OHIO,,,,,,,,00000000,,,9000,UNITED STATES,OHIO,2017,ANNUAL,00,00,YEAR,,2018-02-01 00:00:00,"1,260,139",7.6,2017,1260139.0,False,TOTAL
CENSUS,CROPS,FIELD CROPS,SOYBEANS,ALL CLASSES,ALL PRODUCTION PRACTICES,ALL UTILIZATION PRACTICES,AREA HARVESTED,ACRES,SOYBEANS - ACRES HARVESTED,AREA OPERATED,"AREA OPERATED: (2,000 OR MORE ACRES)",STATE,39,39,OH,OHIO,,,,,,,,00000000,,,9000,UNITED STATES,OHIO,2017,ANNUAL,00,00,YEAR,,2018-02-01 00:00:00,"1,137,055",2.2,2017,1137055.0,False,TOTAL
CENSUS,CROPS,FIELD CROPS,SOYBEANS,ALL CLASSES,ALL PRODUCTION PRACTICES,ALL UTILIZATION PRACTICES,AREA HARVESTED,ACRES,SOYBEANS - ACRES HARVESTED,ECONOMIC CLASS,"ECONOMIC CLASS: (1,000,000 OR MORE $)",STATE,39,39,OH,OHIO,,,,,,,,00000000,,,9000,UNITED STATES,OHIO,2017,ANNUAL,00,00,YEAR,,2018-02-01 00:00:00,"1,451,438",2.7,2017,1451438.0,False,TOTAL
CENSUS,CROPS,FIELD CROPS,SOYBEANS,ALL CLASSES,ALL PRODUCTION PRACTICES,ALL UTILIZATION PRACTICES,AREA HARVESTED,ACRES,SOYBEANS - ACRES HARVESTED,ECONOMIC CLASS,"ECONOMIC CLASS: (500,000 TO 999,999 $)",STATE,39,39,OH,OHIO,,,,,,,,00000000,,,9000,UNITED STATES,OHIO,2017,ANNUAL,00,00,YEAR,,2018-02-01 00:00:00,"1,067,556",8.4,2017,1067556.0,False,TOTAL
CENSUS,CROPS,FIELD CROPS,SOYBEANS,ALL CLASSES,ALL PRODUCTION PRACTICES,ALL UTILIZATION PRACTICES,AREA HARVESTED,ACRES,SOYBEANS - ACRES HARVESTED,ECONOMIC CLASS,"ECONOMIC CLASS: (250,000 TO 499,999 $)",STATE,39,39,OH,OHIO,,,,,,,,00000000,,,9000,UNITED STATES,OHIO,2017,ANNUAL,00,00,YEAR,,2018-02-01 00:00:00,"985,769",7.3,2017,985769.0,False,TOTAL
CENSUS,CROPS,FIELD CROPS,SOYBEANS,ALL CLASSES,ALL PRODUCTION PRACTICES,ALL UTILIZATION PRACTICES,AREA HARVESTED,ACRES,SOYBEANS - ACRES HARVESTED,ECONOMIC CLASS,"ECONOMIC CLASS: (100,000 TO 249,999 $)",STATE,39,39,OH,OHIO,,,,,,,,00000000,,,9000,UNITED STATES,OHIO,2017,ANNUAL,00,00,YEAR,,2018-02-01 00:00:00,"890,094",4.1,2017,890094.0,False,TOTAL
CENSUS,CROPS,FIELD CROPS,SOYBEANS,ALL CLASSES,ALL PRODUCTION PRACTICES,ALL UTILIZATION PRACTICES,AREA HARVESTED,ACRES,SOYBEANS - ACRES HARVESTED,ECONOMIC CLASS,"ECONOMIC CLASS: (50,000 TO 99,999 $)",STATE,39,39,OH,OHIO,,,,,,,,00000000,,,9000,UNITED STATES,OHIO,2017,ANNUAL,00,00,YEAR,,2018-02-01 00:00:00,"346,866",5.6,2017,346866.0,False,TOTAL
CENSUS,CROPS,FIELD CROPS,SOYBEANS,ALL CLASSES,ALL PRODUCTION PRACTICES,ALL UTILIZATION PRACTICES,AREA HARVESTED,ACRES,SOYBEANS - ACRES HARVESTED,ECONOMIC CLASS,"ECONOMIC CLASS: (25,000 TO 49,999 $)",STATE,39,39,OH,OHIO,,,,,,,,00000000,,,9000,UNITED STATES,OHIO,2017,ANNUAL,00,00,YEAR,,2018-02-01 00:00:00,"191,115",6.8,2017,191115.0,False,TOTAL
CENSUS,CROPS,FIELD CROPS,SOYBEANS,ALL CLASSES,ALL PRODUCTION PRACTICES,ALL UTILIZATION PRACTICES,AREA HARVESTED,ACRES,SOYBEANS - ACRES HARVESTED,ECONOMIC CLASS,"ECONOMIC CLASS: (10,000 TO 24,999 $)",STATE,39,39,OH,OHIO,,,,,,,,00000000,,,9000,UNITED STATES,OHIO,2017,ANNUAL,00,00,YEAR,,2018-02-01 00:00:00,"111,410",8.0,2017,111410.0,False,TOTAL
CENSUS,CROPS,FIELD CROPS,SOYBEANS,ALL CLASSES,ALL PRODUCTION PRACTICES,ALL UTILIZATION PRACTICES,AREA HARVESTED,ACRES,SOYBEANS - ACRES HARVESTED,ECONOMIC CLASS,"ECONOMIC CLASS: (5,000 TO 9,999 $)",STATE,39,39,OH,OHIO,,,,,,,,00000000,,,9000,UNITED STATES,OHIO,2017,ANNUAL,00,00,YEAR,,2018-02-01 00:00:00,"29,768",12.9,2017,29768.0,False,TOTAL
CENSUS,CROPS,FIELD CROPS,SOYBEANS,ALL CLASSES,ALL PRODUCTION PRACTICES,ALL UTILIZATION PRACTICES,AREA HARVESTED,ACRES,SOYBEANS - ACRES HARVESTED,ECONOMIC CLASS,"ECONOMIC CLASS: (2,500 TO 4,999 $)",STATE,39,39,OH,OHIO,,,,,,,,00000000,,,9000,UNITED STATES,OHIO,2017,ANNUAL,00,00,YEAR,,2018-02-01 00:00:00,"10,631",24.8,2017,10631.0,False,TOTAL
CENSUS,CROPS,FIELD CROPS,SOYBEANS,ALL CLASSES,ALL PRODUCTION PRACTICES,ALL UTILIZATION PRACTICES,AREA HARVESTED,ACRES,SOYBEANS - ACRES HARVESTED,ECONOMIC CLASS,"ECONOMIC CLASS: (1,000 TO 2,499 $)",STATE,39,39,OH,OHIO,,,,,,,,00000000,,,9000,UNITED STATES,OHIO,2017,ANNUAL,00,00,YEAR,,2018-02-01 00:00:00,"3,559",37.0,2017,3559.0,False,TOTAL
CENSUS,CROPS,FIELD CROPS,SOYBEANS,ALL CLASSES,ALL PRODUCTION PRACTICES,ALL UTILIZATION PRACTICES,AREA HARVESTED,ACRES,SOYBEANS - ACRES HARVESTED,ECONOMIC CLASS,"ECONOMIC CLASS: (LESS THAN 1,000 $)",STATE,39,39,OH,OHIO,,,,,,,,00000000,,,9000,UNITED STATES,OHIO,2017,ANNUAL,00,00,YEAR,,2018-02-01 00:00:00,"2,326",30.8,2017,2326.0,False,TOTAL
CENSUS,DEMOGRAPHICS,FIELD CROPS,SOYBEANS,ALL CLASSES,ALL PRODUCTION PRACTICES,ALL UTILIZATION PRACTICES,AREA HARVESTED,ACRES,SOYBEANS - ACRES HARVESTED,ORGANIZATION,"ORGANIZATION: (TAX PURPOSES, FAMILY & INDIVIDUAL)",STATE,39,39,OH,OHIO,,,,,,,,00000000,,,9000,UNITED STATES,OHIO,2017,ANNUAL,00,00,YEAR,,2018-02-01 00:00:00,"3,512,576",3.7,2017,3512576.0,False,TOTAL
CENSUS,DEMOGRAPHICS,FIELD CROPS,SOYBEANS,ALL CLASSES,ALL PRODUCTION PRACTICES,ALL UTILIZATION PRACTICES,AREA HARVESTED,ACRES,SOYBEANS - ACRES HARVESTED,ORGANIZATION,"ORGANIZATION: (TAX PURPOSES, PARTNERSHIP)",STATE,39,39,OH,OHIO,,,,,,,,00000000,,,9000,UNITED STATES,OHIO,2017,ANNUAL,00,00,YEAR,,2018-02-01 00:00:00,"1,000,284",6.8,2017,1000284.0,False,TOTAL
CENSUS,DEMOGRAPHICS,FIELD CROPS,SOYBEANS,ALL CLASSES,ALL PRODUCTION PRACTICES,ALL UTILIZATION PRACTICES,AREA HARVESTED,ACRES,SOYBEANS - ACRES HARVESTED,ORGANIZATION,"ORGANIZATION: (TAX PURPOSES, PARTNERSHIP, REGISTERED UNDER STATE LAW)",STATE,39,39,OH,OHIO,,,,,,,,00000000,,,9000,UNITED STATES,OHIO,2017,ANNUAL,00,00,YEAR,,2018-02-01 00:00:00,"811,980",6.9,2017,811980.0,False,TOTAL
CENSUS,DEMOGRAPHICS,FIELD CROPS,SOYBEANS,ALL CLASSES,ALL PRODUCTION PRACTICES,ALL UTILIZATION PRACTICES,AREA HARVESTED,ACRES,SOYBEANS - ACRES HARVESTED,ORGANIZATION,"ORGANIZATION: (TAX PURPOSES, CORPORATION)",STATE,39,39,OH,OHIO,,,,,,,,00000000,,,9000,UNITED STATES,OHIO,2017,ANNUAL,00,00,YEAR,,2018-02-01 00:00:00,"503,788",8.4,2017,503788.0,False,TOTAL
CENSUS,DEMOGRAPHICS,FIELD CROPS,SOYBEANS,ALL CLASSES,ALL PRODUCTION PRACTICES,ALL UTILIZATION PRACTICES,AREA HARVESTED,ACRES,SOYBEANS - ACRES HARVESTED,ORGANIZATION,"ORGANIZATION: (TAX PURPOSES, CORPORATION, FAMILY HELD)",STATE,39,39,OH,OHIO,,,,,,,,00000000,,,9000,UNITED STATES,OHIO,2017,ANNUAL,00,00,YEAR,,2018-02-01 00:00:00,"477,306",7.9,2017,477306.0,False,TOTAL
CENSUS,DEMOGRAPHICS,FIELD CROPS,SOYBEANS,ALL CLASSES,ALL PRODUCTION PRACTICES,ALL UTILIZATION PRACTICES,AREA HARVESTED,ACRES,SOYBEANS - ACRES HARVESTED,ORGANIZATION,"ORGANIZATION: (TAX PURPOSES, CORPORATION, FAMILY HELD, LE 10 STOCKHOLDERS)",STATE,39,39,OH,OHIO,,,,,,,,00000000,,,9000,UNITED STATES,OHIO,2017,ANNUAL,00,00,YEAR,,2018-02-01 00:00:00,"462,871",8.1,2017,462871.0,False,TOTAL
CENSUS,DEMOGRAPHICS,FIELD CROPS,SOYBEANS,ALL CLASSES,ALL PRODUCTION PRACTICES,ALL UTILIZATION PRACTICES,AREA HARVESTED,ACRES,SOYBEANS - ACRES HARVESTED,ORGANIZATION,"ORGANIZATION: (TAX PURPOSES, CORPORATION, (EXCL FAMILY HELD))",STATE,39,39,OH,OHIO,,,,,,,,00000000,,,9000,UNITED STATES,OHIO,2017,ANNUAL,00,00,YEAR,,2018-02-01 00:00:00,"26,482",78.9,2017,26482.0,False,TOTAL
CENSUS,DEMOGRAPHICS,FIELD CROPS,SOYBEANS,ALL CLASSES,ALL PRODUCTION PRACTICES,ALL UTILIZATION PRACTICES,AREA HARVESTED,ACRES,SOYBEANS - ACRES HARVESTED,ORGANIZATION,"ORGANIZATION: (TAX PURPOSES, CORPORATION, (EXCL FAMILY HELD), LE 10 STOCKHOLDERS)",STATE,39,39,OH,OHIO,,,,,,,,00000000,,,9000,UNITED STATES,OHIO,2017,ANNUAL,00,00,YEAR,,2018-02-01 00:00:00,"26,188",79.8,2017,26188.0,False,TOTAL
CENSUS,DEMOGRAPHICS,FIELD CROPS,SOYBEANS,ALL CLASSES,ALL PRODUCTION PRACTICES,ALL UTILIZATION PRACTICES,AREA HARVESTED,ACRES,SOYBEANS - ACRES HARVESTED,ORGANIZATION,"ORGANIZATION: (TAX PURPOSES, INSTITUTIONAL & RESEARCH & RESERVATION & OTHER)",STATE,39,39,OH,OHIO,,,,,,,,00000000,,,9000,UNITED STATES,OHIO,2017,ANNUAL,00,00,YEAR,,2018-02-01 00:00:00,"73,884",29.0,2017,73884.0,False,TOTAL
CENSUS,CROPS,FIELD CROPS,SOYBEANS,ALL CLASSES,ALL PRODUCTION PRACTICES,ALL UTILIZATION PRACTICES,AREA HARVESTED,ACRES,SOYBEANS - ACRES HARVESTED,NAICS CLASSIFICATION,NAICS CLASSIFICATION: (1111),STATE,39,39,OH,OHIO,,,,,,,,00000000,,,9000,UNITED STATES,OHIO,2017,ANNUAL,00,00,YEAR,,2018-02-01 00:00:00,"4,689,650",3.1,2017,4689650.0,False,TOTAL
CENSUS,CROPS,FIELD CROPS,SOYBEANS,ALL CLASSES,ALL PRODUCTION PRACTICES,ALL UTILIZATION PRACTICES,AREA HARVESTED,ACRES,SOYBEANS - ACRES HARVESTED,NAICS CLASSIFICATION,NAICS CLASSIFICATION: (1112),STATE,39,39,OH,OHIO,,,,,,,,00000000,,,9000,UNITED STATES,OHIO,2017,ANNUAL,00,00,YEAR,,2018-02-01 00:00:00,"12,901",9.6,2017,12901.0,False,TOTAL
CENSUS,CROPS,FIELD CROPS,SOYBEANS,ALL CLASSES,ALL PRODUCTION PRACTICES,ALL UTILIZATION PRACTICES,AREA HARVESTED,ACRES,SOYBEANS - ACRES HARVESTED,NAICS CLASSIFICATION,NAICS CLASSIFICATION: (1113),STATE,39,39,OH,OHIO,,,,,,,,00000000,,,9000,UNITED STATES,OHIO,2017,ANNUAL,00,00,YEAR,,2018-02-01 00:00:00,"1,255",13.8,2017,1255.0,False,TOTAL
CENSUS,CROPS,FIELD CROPS,SOYBEANS,ALL CLASSES,ALL PRODUCTION PRACTICES,ALL UTILIZATION PRACTICES,AREA HARVESTED,ACRES,SOYBEANS - ACRES HARVESTED,NAICS CLASSIFICATION,NAICS CLASSIFICATION: (1114),STATE,39,39,OH,OHIO,,,,,,,,00000000,,,9000,UNITED STATES,OHIO,2017,ANNUAL,00,00,YEAR,,2018-02-01 00:00:00,"3,429",11.1,2017,3429.0,False,TOTAL
CENSUS,CROPS,FIELD CROPS,SOYBEANS,ALL CLASSES,ALL PRODUCTION PRACTICES,ALL UTILIZATION PRACTICES,AREA HARVESTED,ACRES,SOYBEANS - ACRES HARVESTED,NAICS CLASSIFICATION,NAICS CLASSIFICATION: (1119),STATE,39,39,OH,OHIO,,,,,,,,00000000,,,9000,UNITED STATES,OHIO,2017,ANNUAL,00,00,YEAR,,2018-02-01 00:00:00,"33,385",13.4,2017,33385.0,False,TOTAL
CENSUS,CROPS,FIELD CROPS,SOYBEANS,ALL CLASSES,ALL PRODUCTION PRACTICES,ALL UTILIZATION PRACTICES,AREA HARVESTED,ACRES,SOYBEANS - ACRES HARVESTED,NAICS CLASSIFICATION,NAICS CLASSIFICATION: (11191),STATE,39,39,OH,OHIO,,,,,,,,00000000,,,9000,UNITED STATES,OHIO,2017,ANNUAL,00,00,YEAR,,2018-02-01 00:00:00,507,44.2,2017,507.0,False,TOTAL
CENSUS,CROPS,FIELD CROPS,SOYBEANS,ALL CLASSES,ALL PRODUCTION PRACTICES,ALL UTILIZATION PRACTICES,AREA HARVESTED,ACRES,SOYBEANS - ACRES HARVESTED,NAICS CLASSIFICATION,NAICS CLASSIFICATION: (11193 & 11194 & 11199),STATE,39,39,OH,OHIO,,,,,,,,00000000,,,9000,UNITED STATES,OHIO,2017,ANNUAL,00,00,YEAR,,2018-02-01 00:00:00,"32,878",13.6,2017,32878.0,False,TOTAL
CENSUS,CROPS,FIELD CROPS,SOYBEANS,ALL CLASSES,ALL PRODUCTION PRACTICES,ALL UTILIZATION PRACTICES,AREA HARVESTED,ACRES,SOYBEANS - ACRES HARVESTED,NAICS CLASSIFICATION,NAICS CLASSIFICATION: (112111),STATE,39,39,OH,OHIO,,,,,,,,00000000,,,9000,UNITED STATES,OHIO,2017,ANNUAL,00,00,YEAR,,2018-02-01 00:00:00,"35,238",18.6,2017,35238.0,False,TOTAL
CENSUS,CROPS,FIELD CROPS,SOYBEANS,ALL CLASSES,ALL PRODUCTION PRACTICES,ALL UTILIZATION PRACTICES,AREA HARVESTED,ACRES,SOYBEANS - ACRES HARVESTED,NAICS CLASSIFICATION,NAICS CLASSIFICATION: (112112),STATE,39,39,OH,OHIO,,,,,,,,00000000,,,9000,UNITED STATES,OHIO,2017,ANNUAL,00,00,YEAR,,2018-02-01 00:00:00,"45,337",33.2,2017,45337.0,False,TOTAL
CENSUS,CROPS,FIELD CROPS,SOYBEANS,ALL CLASSES,ALL PRODUCTION PRACTICES,ALL UTILIZATION PRACTICES,AREA HARVESTED,ACRES,SOYBEANS - ACRES HARVESTED,NAICS CLASSIFICATION,NAICS CLASSIFICATION: (11212),STATE,39,39,OH,OHIO,,,,,,,,00000000,,,9000,UNITED STATES,OHIO,2017,ANNUAL,00,00,YEAR,,2018-02-01 00:00:00,"101,016",6.2,2017,101016.0,False,TOTAL
CENSUS,CROPS,FIELD CROPS,SOYBEANS,ALL CLASSES,ALL PRODUCTION PRACTICES,ALL UTILIZATION PRACTICES,AREA HARVESTED,ACRES,SOYBEANS - ACRES HARVESTED,NAICS CLASSIFICATION,NAICS CLASSIFICATION: (1122),STATE,39,39,OH,OHIO,,,,,,,,00000000,,,9000,UNITED STATES,OHIO,2017,ANNUAL,00,00,YEAR,,2018-02-01 00:00:00,"115,926",5.7,2017,115926.0,False,TOTAL
CENSUS,CROPS,FIELD CROPS,SOYBEANS,ALL CLASSES,ALL PRODUCTION PRACTICES,ALL UTILIZATION PRACTICES,AREA HARVESTED,ACRES,SOYBEANS - ACRES HARVESTED,NAICS CLASSIFICATION,NAICS CLASSIFICATION: (1123),STATE,39,39,OH,OHIO,,,,,,,,00000000,,,9000,UNITED STATES,OHIO,2017,ANNUAL,00,00,YEAR,,2018-02-01 00:00:00,"34,457",7.0,2017,34457.0,False,TOTAL
CENSUS,CROPS,FIELD CROPS,SOYBEANS,ALL CLASSES,ALL PRODUCTION PRACTICES,ALL UTILIZATION PRACTICES,AREA HARVESTED,ACRES,SOYBEANS - ACRES HARVESTED,NAICS CLASSIFICATION,NAICS CLASSIFICATION: (1124),STATE,39,39,OH,OHIO,,,,,,,,00000000,,,9000,UNITED STATES,OHIO,2017,ANNUAL,00,00,YEAR,,2018-02-01 00:00:00,"1,073",14.4,2017,1073.0,False,TOTAL
CENSUS,CROPS,FIELD CROPS,SOYBEANS,ALL CLASSES,ALL PRODUCTION PRACTICES,ALL UTILIZATION PRACTICES,AREA HARVESTED,ACRES,SOYBEANS - ACRES HARVESTED,NAICS CLASSIFICATION,NAICS CLASSIFICATION: (1125 & 1129),STATE,39,39,OH,OHIO,,,,,,,,00000000,,,9000,UNITED STATES,OHIO,2017,ANNUAL,00,00,YEAR,,2018-02-01 00:00:00,"16,865",5.3,2017,16865.0,False,TOTAL
CENSUS,DEMOGRAPHICS,FIELD CROPS,SOYBEANS,ALL CLASSES,ALL PRODUCTION PRACTICES,ALL UTILIZATION PRACTICES,AREA HARVESTED,ACRES,SOYBEANS - ACRES HARVESTED,TENURE,TENURE: (FULL OWNER),STATE,39,39,OH,OHIO,,,,,,,,00000000,,,9000,UNITED STATES,OHIO,2017,ANNUAL,00,00,YEAR,,2018-02-01 00:00:00,"774,911",7.6,2017,774911.0,False,TOTAL
CENSUS,DEMOGRAPHICS,FIELD CROPS,SOYBEANS,ALL CLASSES,ALL PRODUCTION PRACTICES,ALL UTILIZATION PRACTICES,AREA HARVESTED,ACRES,SOYBEANS - ACRES HARVESTED,TENURE,TENURE: (PART OWNER),STATE,39,39,OH,OHIO,,,,,,,,00000000,,,9000,UNITED STATES,OHIO,2017,ANNUAL,00,00,YEAR,,2018-02-01 00:00:00,"3,945,662",3.9,2017,3945662.0,False,TOTAL
CENSUS,DEMOGRAPHICS,FIELD CROPS,SOYBEANS,ALL CLASSES,ALL PRODUCTION PRACTICES,ALL UTILIZATION PRACTICES,AREA HARVESTED,ACRES,SOYBEANS - ACRES HARVESTED,TENURE,TENURE: (TENANT),STATE,39,39,OH,OHIO,,,,,,,,00000000,,,9000,UNITED STATES,OHIO,2017,ANNUAL,00,00,YEAR,,2018-02-01 00:00:00,"369,959",6.3,2017,369959.0,False,TOTAL
CENSUS,CROPS,FIELD CROPS,SOYBEANS,ALL CLASSES,IRRIGATED,ALL UTILIZATION PRACTICES,AREA HARVESTED,ACRES,"SOYBEANS, IRRIGATED - ACRES HARVESTED",AREA OPERATED,AREA OPERATED: (10.0 TO 49.9 ACRES),STATE,39,39,OH,OHIO,,,,,,,,00000000,,,9000,UNITED STATES,OHIO,2017,ANNUAL,00,00,YEAR,,2018-02-01 00:00:00,177,30.1,2017,177.0,False,IRRIGATED
CENSUS,CROPS,FIELD CROPS,SOYBEANS,ALL CLASSES,IRRIGATED,ALL UTILIZATION PRACTICES,AREA HARVESTED,ACRES,"SOYBEANS, IRRIGATED - ACRES HARVESTED",AREA OPERATED,AREA OPERATED: (50.0 TO 69.9 ACRES),STATE,39,39,OH,OHIO,,,,,,,,00000000,,,9000,UNITED STATES,OHIO,2017,ANNUAL,00,00,YEAR,,2018-02-01 00:00:00,(D),(D),2017,,True,IRRIGATED
CENSUS,CROPS,FIELD CROPS,SOYBEANS,ALL CLASSES,IRRIGATED,ALL UTILIZATION PRACTICES,AREA HARVESTED,ACRES,"SOYBEANS, IRRIGATED - ACRES HARVESTED",AREA OPERATED,AREA OPERATED: (70.0 TO 99.9 ACRES),STATE,39,39,OH,OHIO,,,,,,,,00000000,,,9000,UNITED STATES,OHIO,2017,ANNUAL,00,00,YEAR,,2018-02-01 00:00:00,204,3.7,2017,204.0,False,IRRIGATED
CENSUS,CROPS,FIELD CROPS,SOYBEANS,ALL CLASSES,IRRIGATED,ALL UTILIZATION PRACTICES,AREA HARVESTED,ACRES,"SOYBEANS, IRRIGATED - ACRES HARVESTED",AREA OPERATED,AREA OPERATED: (100 TO 139 ACRES),STATE,39,39,OH,OHIO,,,,,,,,00000000,,,9000,UNITED STATES,OHIO,2017,ANNUAL,00,00,YEAR,,2018-02-01 00:00:00,170,2.8,2017,170.0,False,IRRIGATED
CENSUS,CROPS,FIELD CROPS,SOYBEANS,ALL CLASSES,IRRIGATED,ALL UTILIZATION PRACTICES,AREA HARVESTED,ACRES,"SOYBEANS, IRRIGATED - ACRES HARVESTED",AREA OPERATED,AREA OPERATED: (140 TO 179 ACRES),STATE,39,39,OH,OHIO,,,,,,,,00000000,,,9000,UNITED STATES,OHIO,2017,ANNUAL,00,00,YEAR,,2018-02-01 00:00:00,238,5.5,2017,238.0,False,IRRIGATED
CENSUS,CROPS,FIELD CROPS,SOYBEANS,ALL CLASSES,IRRIGATED,ALL UTILIZATION PRACTICES,AREA HARVESTED,ACRES,"SOYBEANS, IRRIGATED - ACRES HARVESTED",AREA OPERATED,AREA OPERATED: (180 TO 219 ACRES),STATE,39,39,OH,OHIO,,,,,,,,00000000,,,9000,UNITED STATES,OHIO,2017,ANNUAL,00,00,YEAR,,2018-02-01 00:00:00,142,67.0,2017,142.0,False,IRRIGATED
CENSUS,CROPS,FIELD CROPS,SOYBEANS,ALL CLASSES,IRRIGATED,ALL UTILIZATION PRACTICES,AREA HARVESTED,ACRES,"SOYBEANS, IRRIGATED - ACRES HARVESTED",AREA OPERATED,AREA OPERATED: (220 TO 259 ACRES),STATE,39,39,OH,OHIO,,,,,,,,00000000,,,9000,UNITED STATES,OHIO,2017,ANNUAL,00,00,YEAR,,2018-02-01 00:00:00,632,50.8,2017,632.0,False,IRRIGATED
CENSUS,CROPS,FIELD CROPS,SOYBEANS,ALL CLASSES,IRRIGATED,ALL UTILIZATION PRACTICES,AREA HARVESTED,ACRES,"SOYBEANS, IRRIGATED - ACRES HARVESTED",AREA OPERATED,AREA OPERATED: (260 TO 499 ACRES),STATE,39,39,OH,OHIO,,,,,,,,00000000,,,9000,UNITED STATES,OHIO,2017,ANNUAL,00,00,YEAR,,2018-02-01 00:00:00,(D),(D),2017,,True,IRRIGATED
CENSUS,CROPS,FIELD CROPS,SOYBEANS,ALL CLASSES,IRRIGATED,ALL UTILIZATION PRACTICES,AREA HARVESTED,ACRES,"SOYBEANS, IRRIGATED - ACRES HARVESTED",AREA OPERATED,AREA OPERATED: (500 TO 999 ACRES),STATE,39,39,OH,OHIO,,,,,,,,00000000,,,9000,UNITED STATES,OHIO,2017,ANNUAL,00,00,YEAR,,2018-02-01 00:00:00,"1,459",52.0,2017,1459.0,False,IRRIGATED
CENSUS,CROPS,FIELD CROPS,SOYBEANS,ALL CLASSES,IRRIGATED,ALL UTILIZATION PRACTICES,AREA HARVESTED,ACRES,"SOYBEANS, IRRIGATED - ACRES HARVESTED",AREA OPERATED,"AREA OPERATED: (1,000 TO 1,999 ACRES)",STATE,39,39,OH,OHIO,,,,,,,,00000000,,,9000,UNITED STATES,OHIO,2017,ANNUAL,00,00,YEAR,,2018-02-01 00:00:00,"2,033",34.8,2017,2033.0,False,IRRIGATED
CENSUS,CROPS,FIELD CROPS,SOYBEANS,ALL CLASSES,IRRIGATED,ALL UTILIZATION PRACTICES,AREA HARVESTED,ACRES,"SOYBEANS, IRRIGATED - ACRES HARVESTED",AREA OPERATED,"AREA OPERATED: (2,000 OR MORE ACRES)",STATE,39,39,OH,OHIO,,,,,,,,00000000,,,9000,UNITED STATES,OHIO,2017,ANNUAL,00,00,YEAR,,2018-02-01 00:00:00,"2,201",0.8,2017,2201.0,False,IRRIGATED
CENSUS,CROPS,FIELD CROPS,SOYBEANS,ALL CLASSES,IRRIGATED,ALL UTILIZATION PRACTICES,AREA HARVESTED,ACRES,"SOYBEANS, IRRIGATED - ACRES HARVESTED",ECONOMIC CLASS,"ECONOMIC CLASS: (1,000,000 OR MORE $)",STATE,39,39,OH,OHIO,,,,,,,,00000000,,,9000,UNITED STATES,OHIO,2017,ANNUAL,00,00,YEAR,,2018-02-01 00:00:00,"3,710",0.4,2017,3710.0,False,IRRIGATED
CENSUS,CROPS,FIELD CROPS,SOYBEANS,ALL CLASSES,IRRIGATED,ALL UTILIZATION PRACTICES,AREA HARVESTED,ACRES,"SOYBEANS, IRRIGATED - ACRES HARVESTED",ECONOMIC CLASS,"ECONOMIC CLASS: (500,000 TO 999,999 $)",STATE,39,39,OH,OHIO,,,,,,,,00000000,,,9000,UNITED STATES,OHIO,2017,ANNUAL,00,00,YEAR,,2018-02-01 00:00:00,835,84.8,2017,835.0,False,IRRIGATED
CENSUS,CROPS,FIELD CROPS,SOYBEANS,ALL CLASSES,IRRIGATED,ALL UTILIZATION PRACTICES,AREA HARVESTED,ACRES,"SOYBEANS, IRRIGATED - ACRES HARVESTED",ECONOMIC CLASS,"ECONOMIC CLASS: (250,000 TO 499,999 $)",STATE,39,39,OH,OHIO,,,,,,,,00000000,,,9000,UNITED STATES,OHIO,2017,ANNUAL,00,00,YEAR,,2018-02-01 00:00:00,"1,616",48.9,2017,1616.0,False,IRRIGATED
CENSUS,CROPS,FIELD CROPS,SOYBEANS,ALL CLASSES,IRRIGATED,ALL UTILIZATION PRACTICES,AREA HARVESTED,ACRES,"SOYBEANS, IRRIGATED - ACRES HARVESTED",ECONOMIC CLASS,"ECONOMIC CLASS: (100,000 TO 249,999 $)",STATE,39,39,OH,OHIO,,,,,,,,00000000,,,9000,UNITED STATES,OHIO,2017,ANNUAL,00,00,YEAR,,2018-02-01 00:00:00,362,87.2,2017,362.0,False,IRRIGATED
CENSUS,CROPS,FIELD CROPS,SOYBEANS,ALL CLASSES,IRRIGATED,ALL UTILIZATION PRACTICES,AREA HARVESTED,ACRES,"SOYBEANS, IRRIGATED - ACRES HARVESTED",ECONOMIC CLASS,"ECONOMIC CLASS: (50,000 TO 99,999 $)",STATE,39,39,OH,OHIO,,,,,,,,00000000,,,9000,UNITED STATES,OHIO,2017,ANNUAL,00,00,YEAR,,2018-02-01 00:00:00,(D),(D),2017,,True,IRRIGATED
CENSUS,CROPS,FIELD CROPS,SOYBEANS,ALL CLASSES,IRRIGATED,ALL UTILIZATION PRACTICES,AREA HARVESTED,ACRES,"SOYBEANS, IRRIGATED - ACRES HARVESTED",ECONOMIC CLASS,"ECONOMIC CLASS: (25,000 TO 49,999 $)",STATE,39,39,OH,OHIO,,,,,,,,00000000,,,9000,UNITED STATES,OHIO,2017,ANNUAL,00,00,YEAR,,2018-02-01 00:00:00,318,2.2,2017,318.0,False,IRRIGATED
CENSUS,CROPS,FIELD CROPS,SOYBEANS,ALL CLASSES,IRRIGATED,ALL UTILIZATION PRACTICES,AREA HARVESTED,ACRES,"SOYBEANS, IRRIGATED - ACRES HARVESTED",ECONOMIC CLASS,"ECONOMIC CLASS: (10,000 TO 24,999 $)",STATE,39,39,OH,OHIO,,,,,,,,00000000,,,9000,UNITED STATES,OHIO,2017,ANNUAL,00,00,YEAR,,2018-02-01 00:00:00,340,18.9,2017,340.0,False,IRRIGATED
CENSUS,CROPS,FIELD CROPS,SOYBEANS,ALL CLASSES,IRRIGATED,ALL UTILIZATION PRACTICES,AREA HARVESTED,ACRES,"SOYBEANS, IRRIGATED - ACRES HARVESTED",ECONOMIC CLASS,"ECONOMIC CLASS: (5,000 TO 9,999 $)",STATE,39,39,OH,OHIO,,,,,,,,00000000,,,9000,UNITED STATES,OHIO,2017,ANNUAL,00,00,YEAR,,2018-02-01 00:00:00,180,16.8,2017,180.0,False,IRRIGATED
CENSUS,CROPS,FIELD CROPS,SOYBEANS,ALL CLASSES,IRRIGATED,ALL UTILIZATION PRACTICES,AREA HARVESTED,ACRES,"SOYBEANS, IRRIGATED - ACRES HARVESTED",ECONOMIC CLASS,"ECONOMIC CLASS: (2,500 TO 4,999 $)",STATE,39,39,OH,OHIO,,,,,,,,00000000,,,9000,UNITED STATES,OHIO,2017,ANNUAL,00,00,YEAR,,2018-02-01 00:00:00,(D),(D),2017,,True,IRRIGATED
CENSUS,DEMOGRAPHICS,FIELD CROPS,SOYBEANS,ALL CLASSES,IRRIGATED,ALL UTILIZATION PRACTICES,AREA HARVESTED,ACRES,"SOYBEANS, IRRIGATED - ACRES HARVESTED",ORGANIZATION,"ORGANIZATION: (TAX PURPOSES, FAMILY & INDIVIDUAL)",STATE,39,39,OH,OHIO,,,,,,,,00000000,,,9000,UNITED STATES,OHIO,2017,ANNUAL,00,00,YEAR,,2018-02-01 00:00:00,"3,399",19.0,2017,3399.0,False,IRRIGATED
CENSUS,DEMOGRAPHICS,FIELD CROPS,SOYBEANS,ALL CLASSES,IRRIGATED,ALL UTILIZATION PRACTICES,AREA HARVESTED,ACRES,"SOYBEANS, IRRIGATED - ACRES HARVESTED",ORGANIZATION,"ORGANIZATION: (TAX PURPOSES, PARTNERSHIP)",STATE,39,39,OH,OHIO,,,,,,,,00000000,,,9000,UNITED STATES,OHIO,2017,ANNUAL,00,00,YEAR,,2018-02-01 00:00:00,"2,977",25.6,2017,2977.0,False,IRRIGATED
CENSUS,DEMOGRAPHICS,FIELD CROPS,SOYBEANS,ALL CLASSES,IRRIGATED,ALL UTILIZATION PRACTICES,AREA HARVESTED,ACRES,"SOYBEANS, IRRIGATED - ACRES HARVESTED",ORGANIZATION,"ORGANIZATION: (TAX PURPOSES, PARTNERSHIP, REGISTERED UNDER STATE LAW)",STATE,39,39,OH,OHIO,,,,,,,,00000000,,,9000,UNITED STATES,OHIO,2017,ANNUAL,00,00,YEAR,,2018-02-01 00:00:00,"2,612",29.2,2017,2612.0,False,IRRIGATED
CENSUS,DEMOGRAPHICS,FIELD CROPS,SOYBEANS,ALL CLASSES,IRRIGATED,ALL UTILIZATION PRACTICES,AREA HARVESTED,ACRES,"SOYBEANS, IRRIGATED - ACRES HARVESTED",ORGANIZATION,"ORGANIZATION: (TAX PURPOSES, CORPORATION)",STATE,39,39,OH,OHIO,,,,,,,,00000000,,,9000,UNITED STATES,OHIO,2017,ANNUAL,00,00,YEAR,,2018-02-01 00:00:00,(D),(D),2017,,True,IRRIGATED
CENSUS,DEMOGRAPHICS,FIELD CROPS,SOYBEANS,ALL CLASSES,IRRIGATED,ALL UTILIZATION PRACTICES,AREA HARVESTED,ACRES,"SOYBEANS, IRRIGATED - ACRES HARVESTED",ORGANIZATION,"ORGANIZATION: (TAX PURPOSES, CORPORATION, FAMILY HELD)",STATE,39,39,OH,OHIO,,,,,,,,00000000,,,9000,UNITED STATES,OHIO,2017,ANNUAL,00,00,YEAR,,2018-02-01 00:00:00,940,0.3,2017,940.0,False,IRRIGATED
CENSUS,DEMOGRAPHICS,FIELD CROPS,SOYBEANS,ALL CLASSES,IRRIGATED,ALL UTILIZATION PRACTICES,AREA HARVESTED,ACRES,"SOYBEANS, IRRIGATED - ACRES HARVESTED",ORGANIZATION,"ORGANIZATION: (TAX PURPOSES, CORPORATION, FAMILY HELD, LE 10 STOCKHOLDERS)",STATE,39,39,OH,OHIO,,,,,,,,00000000,,,9000,UNITED STATES,OHIO,2017,ANNUAL,00,00,YEAR,,2018-02-01 00:00:00,940,0.3,2017,940.0,False,IRRIGATED
CENSUS,DEMOGRAPHICS,FIELD CROPS,SOYBEANS,ALL CLASSES,IRRIGATED,ALL UTILIZATION PRACTICES,AREA HARVESTED,ACRES,"SOYBEANS, IRRIGATED - ACRES HARVESTED",ORGANIZATION,"ORGANIZATION: (TAX PURPOSES, CORPORATION, (EXCL FAMILY HELD))",STATE,39,39,OH,OHIO,,,,,,,,00000000,,,9000,UNITED STATES,OHIO,2017,ANNUAL,00,00,YEAR,,2018-02-01 00:00:00,(D),(D),2017,,True,IRRIGATED
CENSUS,DEMOGRAPHICS,FIELD CROPS,SOYBEANS,ALL CLASSES,IRRIGATED,ALL UTILIZATION PRACTICES,AREA HARVESTED,ACRES,"SOYBEANS, IRRIGATED - ACRES HARVESTED",ORGANIZATION,"ORGANIZATION: (TAX PURPOSES, INSTITUTIONAL & RESEARCH & RESERVATION & OTHER)",STATE,39,39,OH,OHIO,,,,,,,,00000000,,,9000,UNITED STATES,OHIO,2017,ANNUAL,00,00,YEAR,,2018-02-01 00:00:00,(D),(D),2017,,True,IRRIGATED
CENSUS,CROPS,FIELD CROPS,SOYBEANS,ALL CLASSES,IRRIGATED,ALL UTILIZATION PRACTICES,AREA HARVESTED,ACRES,"SOYBEANS, IRRIGATED - ACRES HARVESTED",NAICS CLASSIFICATION,NAICS CLASSIFICATION: (1111),STATE,39,39,OH,OHIO,,,,,,,,00000000,,,9000,UNITED STATES,OHIO,2017,ANNUAL,00,00,YEAR,,2018-02-01 00:00:00,"6,326",15.1,2017,6326.0,False,IRRIGATED
CENSUS,CROPS,FIELD CROPS,SOYBEANS,ALL CLASSES,IRRIGATED,ALL UTILIZATION PRACTICES,AREA HARVESTED,ACRES,"SOYBEANS, IRRIGATED - ACRES HARVESTED",NAICS CLASSIFICATION,NAICS CLASSIFICATION: (1112),STATE,39,39,OH,OHIO,,,,,,,,00000000,,,9000,UNITED STATES,OHIO,2017,ANNUAL,00,00,YEAR,,2018-02-01 00:00:00,(D),(D),2017,,True,IRRIGATED
CENSUS,CROPS,FIELD CROPS,SOYBEANS,ALL CLASSES,IRRIGATED,ALL UTILIZATION PRACTICES,AREA HARVESTED,ACRES,"SOYBEANS, IRRIGATED - ACRES HARVESTED",NAICS CLASSIFICATION,NAICS CLASSIFICATION: (1113),STATE,39,39,OH,OHIO,,,,,,,,00000000,,,9000,UNITED STATES,OHIO,2017,ANNUAL,00,00,YEAR,,2018-02-01 00:00:00,(D),(D),2017,,True,IRRIGATED
CENSUS,CROPS,FIELD CROPS,SOYBEANS,ALL CLASSES,IRRIGATED,ALL UTILIZATION PRACTICES,AREA HARVESTED,ACRES,"SOYBEANS, IRRIGATED - ACRES HARVESTED",NAICS CLASSIFICATION,NAICS CLASSIFICATION: (1119),STATE,39,39,OH,OHIO,,,,,,,,00000000,,,9000,UNITED STATES,OHIO,2017,ANNUAL,00,00,YEAR,,2018-02-01 00:00:00,88,43.9,2017,88.0,False,IRRIGATED
CENSUS,CROPS,FIELD CROPS,SOYBEANS,ALL CLASSES,IRRIGATED,ALL UTILIZATION PRACTICES,AREA HARVESTED,ACRES,"SOYBEANS, IRRIGATED - ACRES HARVESTED",NAICS CLASSIFICATION,NAICS CLASSIFICATION: (11193 & 11194 & 11199),STATE,39,39,OH,OHIO,,,,,,,,00000000,,,9000,UNITED STATES,OHIO,2017,ANNUAL,00,00,YEAR,,2018-02-01 00:00:00,88,43.9,2017,88.0,False,IRRIGATED
CENSUS,CROPS,FIELD CROPS,SOYBEANS,ALL CLASSES,IRRIGATED,ALL UTILIZATION PRACTICES,AREA HARVESTED,ACRES,"SOYBEANS, IRRIGATED - ACRES HARVESTED",NAICS CLASSIFICATION,NAICS CLASSIFICATION: (112111),STATE,39,39,OH,OHIO,,,,,,,,00000000,,,9000,UNITED STATES,OHIO,2017,ANNUAL,00,00,YEAR,,2018-02-01 00:00:00,420,35.2,2017,420.0,False,IRRIGATED
CENSUS,CROPS,FIELD CROPS,SOYBEANS,ALL CLASSES,IRRIGATED,ALL UTILIZATION PRACTICES,AREA HARVESTED,ACRES,"SOYBEANS, IRRIGATED - ACRES HARVESTED",NAICS CLASSIFICATION,NAICS CLASSIFICATION: (112112),STATE,39,39,OH,OHIO,,,,,,,,00000000,,,9000,UNITED STATES,OHIO,2017,ANNUAL,00,00,YEAR,,2018-02-01 00:00:00,(D),(D),2017,,True,IRRIGATED
CENSUS,CROPS,FIELD CROPS,SOYBEANS,ALL CLASSES,IRRIGATED,ALL UTILIZATION PRACTICES,AREA HARVESTED,ACRES,"SOYBEANS, IRRIGATED - ACRES HARVESTED",NAICS CLASSIFICATION,NAICS CLASSIFICATION: (1122),STATE,39,39,OH,OHIO,,,,,,,,00000000,,,9000,UNITED STATES,OHIO,2017,ANNUAL,00,00,YEAR,,2018-02-01 00:00:00,50,23.4,2017,50.0,False,IRRIGATED
CENSUS,CROPS,FIELD CROPS,SOYBEANS,ALL CLASSES,IRRIGATED,ALL UTILIZATION PRACTICES,AREA HARVESTED,ACRES,"SOYBEANS, IRRIGATED - ACRES HARVESTED",NAICS CLASSIFICATION,NAICS CLASSIFICATION: (1123),STATE,39,39,OH,OHIO,,,,,,,,00000000,,,9000,UNITED STATES,OHIO,2017,ANNUAL,00,00,YEAR,,2018-02-01 00:00:00,(D),(D),2017,,True,IRRIGATED
CENSUS,CROPS,FIELD CROPS,SOYBEANS,ALL CLASSES,IRRIGATED,ALL UTILIZATION PRACTICES,AREA HARVESTED,ACRES,"SOYBEANS, IRRIGATED - ACRES HARVESTED",NAICS CLASSIFICATION,NAICS CLASSIFICATION: (1125 & 1129),STATE,39,39,OH,OHIO,,,,,,,,00000000,,,9000,UNITED STATES,OHIO,2017,ANNUAL,00,00,YEAR,,2018-02-01 00:00:00,(D),(D),2017,,True,IRRIGATED
CENSUS,DEMOGRAPHICS,FIELD CROPS,SOYBEANS,ALL CLASSES,IRRIGATED,ALL UTILIZATION PRACTICES,AREA HARVESTED,ACRES,"SOYBEANS, IRRIGATED - ACRES HARVESTED",TENURE,TENURE: (FULL OWNER),STATE,39,39,OH,OHIO,,,,,,,,00000000,,,9000,UNITED STATES,OHIO,2017,ANNUAL,00,00,YEAR,,2018-02-01 00:00:00,"2,502",34.3,2017,2502.0,False,IRRIGATED
CENSUS,DEMOGRAPHICS,FIELD CROPS,SOYBEANS,ALL CLASSES,IRRIGATED,ALL UTILIZATION PRACTICES,AREA HARVESTED,ACRES,"SOYBEANS, IRRIGATED - ACRES HARVESTED",TENURE,TENURE: (PART OWNER),STATE,39,39,OH,OHIO,,,,,,,,00000000,,,9000,UNITED STATES,OHIO,2017,ANNUAL,00,00,YEAR,,2018-02-01 00:00:00,"4,005",17.6,2017,4005.0,False,IRRIGATED
CENSUS,DEMOGRAPHICS,FIELD CROPS,SOYBEANS,ALL CLASSES,IRRIGATED,ALL UTILIZATION PRACTICES,AREA HARVESTED,ACRES,"SOYBEANS, IRRIGATED - ACRES HARVESTED",TENURE,TENURE: (TENANT),STATE,39,39,OH,OHIO,,,,,,,,00000000,,,9000,UNITED STATES,OHIO,2017,ANNUAL,00,00,YEAR,,2018-02-01 00:00:00,881,2.8,2017,881.0,False,IRRIGATED
CENSUS,DEMOGRAPHICS,FIELD CROPS,SOYBEANS,ALL CLASSES,ALL PRODUCTION PRACTICES,ALL UTILIZATION PRACTICES,AREA HARVESTED,ACRES,SOYBEANS - ACRES HARVESTED,PRODUCERS,PRODUCERS: (1 PRODUCERS),STATE,39,39,OH,OHIO,,,,,,,,00000000,,,9000,UNITED STATES,OHIO,2017,ANNUAL,00,00,YEAR,,2018-02-01 00:00:00,"2,387,754",2.4,2017,2387754.0,False,TOTAL
CENSUS,DEMOGRAPHICS,FIELD CROPS,SOYBEANS,ALL CLASSES,IRRIGATED,ALL UTILIZATION PRACTICES,AREA HARVESTED,ACRES,"SOYBEANS, IRRIGATED - ACRES HARVESTED",PRODUCERS,PRODUCERS: (1 PRODUCERS),STATE,39,39,OH,OHIO,,,,,,,,00000000,,,9000,UNITED STATES,OHIO,2017,ANNUAL,00,00,YEAR,,2018-02-01 00:00:00,"3,678",15.8,2017,3678.0,False,IRRIGATED
CENSUS,DEMOGRAPHICS,FIELD CROPS,SOYBEANS,ALL CLASSES,IRRIGATED,ALL UTILIZATION PRACTICES,AREA HARVESTED,ACRES,"SOYBEANS, IRRIGATED - ACRES HARVESTED",PRODUCERS,PRODUCERS: (2 PRODUCERS),STATE,39,39,OH,OHIO,,,,,,,,00000000,,,9000,UNITED STATES,OHIO,2017,ANNUAL,00,00,YEAR,,2018-02-01 00:00:00,"2,204",33.2,2017,2204.0,False,IRRIGATED
CENSUS,DEMOGRAPHICS,FIELD CROPS,SOYBEANS,ALL CLASSES,ALL PRODUCTION PRACTICES,ALL UTILIZATION PRACTICES,AREA HARVESTED,ACRES,SOYBEANS - ACRES HARVESTED,PRODUCERS,PRODUCERS: (2 PRODUCERS),STATE,39,39,OH,OHIO,,,,,,,,00000000,,,9000,UNITED STATES,OHIO,2017,ANNUAL,00,00,YEAR,,2018-02-01 00:00:00,"1,748,571",6.3,2017,1748571.0,False,TOTAL
CENSUS,DEMOGRAPHICS,FIELD CROPS,SOYBEANS,ALL CLASSES,IRRIGATED,ALL UTILIZATION PRACTICES,AREA HARVESTED,ACRES,"SOYBEANS, IRRIGATED - ACRES HARVESTED",PRODUCERS,PRODUCERS: (5 OR MORE PRODUCERS),STATE,39,39,OH,OHIO,,,,,,,,00000000,,,9000,UNITED STATES,OHIO,2017,ANNUAL,00,00,YEAR,,2018-02-01 00:00:00,(D),(D),2017,,True,IRRIGATED
CENSUS,DEMOGRAPHICS,FIELD CROPS,SOYBEANS,ALL CLASSES,ALL PRODUCTION PRACTICES,ALL UTILIZATION PRACTICES,AREA HARVESTED,ACRES,SOYBEANS - ACRES HARVESTED,PRODUCERS,PRODUCERS: (5 OR MORE PRODUCERS),STATE,39,39,OH,OHIO,,,,,,,,00000000,,,9000,UNITED STATES,OHIO,2017,ANNUAL,00,00,YEAR,,2018-02-01 00:00:00,"140,251",22.5,2017,140251.0,False,TOTAL
CENSUS,DEMOGRAPHICS,FIELD CROPS,SOYBEANS,ALL CLASSES,IRRIGATED,ALL UTILIZATION PRACTICES,AREA HARVESTED,ACRES,"SOYBEANS, IRRIGATED - ACRES HARVESTED",PRODUCERS,PRODUCERS: (3 TO 4 PRODUCERS),STATE,39,39,OH,OHIO,,,,,,,,00000000,,,9000,UNITED STATES,OHIO,2017,ANNUAL,00,00,YEAR,,2018-02-01 00:00:00,(D),(D),2017,,True,IRRIGATED
CENSUS,DEMOGRAPHICS,FIELD CROPS,SOYBEANS,ALL CLASSES,ALL PRODUCTION PRACTICES,ALL UTILIZATION PRACTICES,AREA HARVESTED,ACRES,SOYBEANS - ACRES HARVESTED,PRODUCERS,PRODUCERS: (3 TO 4 PRODUCERS),STATE,39,39,OH,OHIO,,,,,,,,00000000,,,9000,UNITED STATES,OHIO,2017,ANNUAL,00,00,YEAR,,2018-02-01 00:00:00,"813,956",6.1,2017,813956.0,False,TOTAL
CENSUS,DEMOGRAPHICS,FIELD CROPS,SOYBEANS,ALL CLASSES,ALL PRODUCTION PRACTICES,ALL UTILIZATION PRACTICES,AREA HARVESTED,ACRES,SOYBEANS - ACRES HARVESTED,PRODUCERS,"PRODUCERS: (RACE = AMERICAN INDIAN OR ALASKA NATIVE, ALONE OR COMBINED WITH OTHER RACES)",STATE,39,39,OH,OHIO,,,,,,,,00000000,,,9000,UNITED STATES,OHIO,2017,ANNUAL,00,00,YEAR,,2018-02-01 00:00:00,"6,785",,2017,6785.0,False,TOTAL
CENSUS,DEMOGRAPHICS,FIELD CROPS,SOYBEANS,ALL CLASSES,ALL PRODUCTION PRACTICES,ALL UTILIZATION PRACTICES,AREA HARVESTED,ACRES,SOYBEANS - ACRES HARVESTED,PRODUCERS,PRODUCERS: (GENDER = FEMALE),STATE,39,39,OH,OHIO,,,,,,,,00000000,,,9000,UNITED STATES,OHIO,2017,ANNUAL,00,00,YEAR,,2018-02-01 00:00:00,"1,638,174",,2017,1638174.0,False,TOTAL
CENSUS,DEMOGRAPHICS,FIELD CROPS,SOYBEANS,ALL CLASSES,ALL PRODUCTION PRACTICES,ALL UTILIZATION PRACTICES,AREA HARVESTED,ACRES,SOYBEANS - ACRES HARVESTED,PRODUCERS,PRODUCERS: (ETHNICITY = HISPANIC),STATE,39,39,OH,OHIO,,,,,,,,00000000,,,9000,UNITED STATES,OHIO,2017,ANNUAL,00,00,YEAR,,2018-02-01 00:00:00,"34,901",,2017,34901.0,False,TOTAL
CENSUS,DEMOGRAPHICS,FIELD CROPS,SOYBEANS,ALL CLASSES,ALL PRODUCTION PRACTICES,ALL UTILIZATION PRACTICES,AREA HARVESTED,ACRES,SOYBEANS - ACRES HARVESTED,PRODUCERS,"PRODUCERS: (RACE = ASIAN, ALONE OR COMBINED WITH OTHER RACES)",STATE,39,39,OH,OHIO,,,,,,,,00000000,,,9000,UNITED STATES,OHIO,2017,ANNUAL,00,00,YEAR,,2018-02-01 00:00:00,"2,585",,2017,2585.0,False,TOTAL
CENSUS,DEMOGRAPHICS,FIELD CROPS,SOYBEANS,ALL CLASSES,ALL PRODUCTION PRACTICES,ALL UTILIZATION PRACTICES,AREA HARVESTED,ACRES,SOYBEANS - ACRES HARVESTED,PRODUCERS,"PRODUCERS: (RACE = BLACK OR AFRICAN AMERICAN, ALONE OR COMBINED WITH OTHER RACES)",STATE,39,39,OH,OHIO,,,,,,,,00000000,,,9000,UNITED STATES,OHIO,2017,ANNUAL,00,00,YEAR,,2018-02-01 00:00:00,"8,056",,2017,8056.0,False,TOTAL
CENSUS,DEMOGRAPHICS,FIELD CROPS,SOYBEANS,ALL CLASSES,ALL PRODUCTION PRACTICES,ALL UTILIZATION PRACTICES,AREA HARVESTED,ACRES,SOYBEANS - ACRES HARVESTED,PRODUCERS,"PRODUCERS: (RACE = WHITE, ALONE OR COMBINED WITH OTHER RACES)",STATE,39,39,OH,OHIO,,,,,,,,00000000,,,9000,UNITED STATES,OHIO,2017,ANNUAL,00,00,YEAR,,2018-02-01 00:00:00,"5,088,117",,2017,5088117.0,False,TOTAL
CENSUS,CROPS,FIELD CROPS,SOYBEANS,ALL CLASSES,IRRIGATED,ALL UTILIZATION PRACTICES,AREA HARVESTED,ACRES,"SOYBEANS, IRRIGATED - ACRES HARVESTED",AREA OPERATED,"AREA OPERATED: (1,000 TO 1,999 ACRES)",STATE,39,39,OH,OHIO,,,,,,,,00000000,,,9000,UNITED STATES,OHIO,2022,ANNUAL,00,00,YEAR,,2024-02-13 12:00:00,"2,544",15.9,2022,2544.0,False,IRRIGATED
CENSUS,CROPS,FIELD CROPS,SOYBEANS,ALL CLASSES,IRRIGATED,ALL UTILIZATION PRACTICES,AREA HARVESTED,ACRES,"SOYBEANS, IRRIGATED - ACRES HARVESTED",TOTAL,NOT SPECIFIED,COUNTY,39,39,OH,OHIO,10,NORTHWEST,173,173,WOOD,,,00000000,,,9000,UNITED STATES,"OHIO, NORTHWEST, WOOD",2022,ANNUAL,00,00,YEAR,,2024-02-13 12:00:00,171,(L),2022,171.0,False,IRRIGATED
CENSUS,CROPS,FIELD CROPS,SOYBEANS,ALL CLASSES,ALL PRODUCTION PRACTICES,ALL UTILIZATION PRACTICES,AREA HARVESTED,ACRES,SOYBEANS - ACRES HARVESTED,TOTAL,NOT SPECIFIED,COUNTY,39,39,OH,OHIO,50,CENTRAL,159,159,UNION,,,00000000,,,9000,UNITED STATES,"OHIO, CENTRAL, UNION",2022,ANNUAL,00,00,YEAR,,2024-02-13 12:00:00,"113,461",(L),2022,113461.0,False,TOTAL
CENSUS,CROPS,FIELD CROPS,SOYBEANS,ALL CLASSES,IRRIGATED,ALL UTILIZATION PRACTICES,AREA HARVESTED,ACRES,"SOYBEANS, IRRIGATED - ACRES HARVESTED",AREA OPERATED,AREA OPERATED: (50.0 TO 69.9 ACRES),STATE,39,39,OH,OHIO,,,,,,,,00000000,,,9000,UNITED STATES,OHIO,2022,ANNUAL,00,00,YEAR,,2024-02-13 12:00:00,514,24.6,2022,514.0,False,IRRIGATED
CENSUS,CROPS,FIELD CROPS,SOYBEANS,ALL CLASSES,ALL PRODUCTION PRACTICES,ALL UTILIZATION PRACTICES,AREA HARVESTED,ACRES,SOYBEANS - ACRES HARVESTED,NAICS CLASSIFICATION,NAICS CLASSIFICATION: (1122),STATE,39,39,OH,OHIO,,,,,,,,00000000,,,9000,UNITED STATES,OHIO,2022,ANNUAL,00,00,YEAR,,2024-02-13 12:00:00,"132,782",10.1,2022,132782.0,False,TOTAL
CENSUS,CROPS,FIELD CROPS,SOYBEANS,ALL CLASSES,ALL PRODUCTION PRACTICES,ALL UTILIZATION PRACTICES,AREA HARVESTED,ACRES,SOYBEANS - ACRES HARVESTED,AREA HARVESTED,AREA HARVESTED: (50.0 TO 99.9 ACRES),STATE,39,39,OH,OHIO,,,,,,,,00000000,,,9000,UNITED STATES,OHIO,2022,ANNUAL,00,00,YEAR,,2024-02-13 12:00:00,"304,992",2.8,2022,304992.0,False,TOTAL
CENSUS,DEMOGRAPHICS,FIELD CROPS,SOYBEANS,ALL CLASSES,ALL PRODUCTION PRACTICES,ALL UTILIZATION PRACTICES,AREA HARVESTED,ACRES,SOYBEANS - ACRES HARVESTED,ORGANIZATION,"ORGANIZATION: (TAX PURPOSES, FAMILY & INDIVIDUAL)",STATE,39,39,OH,OHIO,,,,,,,,00000000,,,9000,UNITED STATES,OHIO,2022,ANNUAL,00,00,YEAR,,2024-02-13 12:00:00,"3,228,561",1.1,2022,3228561.0,False,TOTAL
CENSUS,DEMOGRAPHICS,FIELD CROPS,SOYBEANS,ALL CLASSES,ALL PRODUCTION PRACTICES,ALL UTILIZATION PRACTICES,AREA HARVESTED,ACRES,SOYBEANS - ACRES HARVESTED,PRODUCERS,PRODUCERS: (1 PRODUCERS),STATE,39,39,OH,OHIO,,,,,,,,00000000,,,9000,UNITED STATES,OHIO,2022,ANNUAL,00,00,YEAR,,2024-02-13 12:00:00,"2,046,731",6.0,2022,2046731.0,False,TOTAL
CENSUS,CROPS,FIELD CROPS,SOYBEANS,ALL CLASSES,ALL PRODUCTION PRACTICES,ALL UTILIZATION PRACTICES,AREA HARVESTED,ACRES,SOYBEANS - ACRES HARVESTED,FARM SALES,"FARM SALES: (1,000,000 OR MORE $)",STATE,39,39,OH,OHIO,,,,,,,,00000000,,,9000,UNITED STATES,OHIO,2022,ANNUAL,00,00,YEAR,,2024-02-13 12:00:00,"2,258,579",9.2,2022,2258579.0,False,TOTAL
CENSUS,CROPS,FIELD CROPS,SOYBEANS,ALL CLASSES,ALL PRODUCTION PRACTICES,ALL UTILIZATION PRACTICES,AREA HARVESTED,ACRES,SOYBEANS - ACRES HARVESTED,TOTAL,NOT SPECIFIED,COUNTY,39,39,OH,OHIO,50,CENTRAL,041,041,DELAWARE,,,00000000,,,9000,UNITED STATES,"OHIO, CENTRAL, DELAWARE",2022,ANNUAL,00,00,YEAR,,2024-02-13 12:00:00,"72,838",(L),2022,72838.0,False,TOTAL
CENSUS,CROPS,FIELD CROPS,SOYBEANS,ALL CLASSES,ALL PRODUCTION PRACTICES,ALL UTILIZATION PRACTICES,AREA HARVESTED,ACRES,SOYBEANS - ACRES HARVESTED,TOTAL,NOT SPECIFIED,COUNTY,39,39,OH,OHIO,20,NORTH CENTRAL,139,139,RICHLAND,,,00000000,,,9000,UNITED STATES,"OHIO, NORTH CENTRAL, RICHLAND",2022,ANNUAL,00,00,YEAR,,2024-02-13 12:00:00,"45,402",(L),2022,45402.0,False,TOTAL
CENSUS,CROPS,FIELD CROPS,SOYBEANS,ALL CLASSES,ALL PRODUCTION PRACTICES,ALL UTILIZATION PRACTICES,AREA HARVESTED,ACRES,SOYBEANS - ACRES HARVESTED,FARM SALES,"FARM SALES: (50,000 TO 99,999 $)",STATE,39,39,OH,OHIO,,,,,,,,00000000,,,9000,UNITED STATES,OHIO,2022,ANNUAL,00,00,YEAR,,2024-02-13 12:00:00,"242,250",4.3,2022,242250.0,False,TOTAL
CENSUS,CROPS,FIELD CROPS,SOYBEANS,ALL CLASSES,ALL PRODUCTION PRACTICES,ALL UTILIZATION PRACTICES,AREA HARVESTED,ACRES,SOYBEANS - ACRES HARVESTED,NAICS CLASSIFICATION,NAICS CLASSIFICATION: (1125 & 1129),STATE,39,39,OH,OHIO,,,,,,,,00000000,,,9000,UNITED STATES,OHIO,2022,ANNUAL,00,00,YEAR,,2024-02-13 12:00:00,"15,443",46.5,2022,15443.0,False,TOTAL
CENSUS,CROPS,FIELD CROPS,SOYBEANS,ALL CLASSES,IRRIGATED,ALL UTILIZATION PRACTICES,AREA HARVESTED,ACRES,"SOYBEANS, IRRIGATED - ACRES HARVESTED",TOTAL,NOT SPECIFIED,COUNTY,39,39,OH,OHIO,80,SOUTH CENTRAL,001,001,ADAMS,,,00000000,,,9000,UNITED STATES,"OHIO, SOUTH CENTRAL, ADAMS",2022,ANNUAL,00,00,YEAR,,2024-02-13 12:00:00,354,(L),2022,354.0,False,IRRIGATED
CENSUS,CROPS,FIELD CROPS,SOYBEANS,ALL CLASSES,ALL PRODUCTION PRACTICES,ALL UTILIZATION PRACTICES,AREA HARVESTED,ACRES,SOYBEANS - ACRES HARVESTED,TOTAL,NOT SPECIFIED,COUNTY,39,39,OH,OHIO,90,SOUTHEAST,121,121,NOBLE,,,00000000,,,9000,UNITED STATES,"OHIO, SOUTHEAST, NOBLE",2022,ANNUAL,00,00,YEAR,,2024-02-13 12:00:00,(D),(D),2022,,True,TOTAL
CENSUS,CROPS,FIELD CROPS,SOYBEANS,ALL CLASSES,IRRIGATED,ALL UTILIZATION PRACTICES,AREA HARVESTED,ACRES,"SOYBEANS, IRRIGATED - ACRES HARVESTED",TOTAL,NOT SPECIFIED,COUNTY,39,39,OH,OHIO,20,NORTH CENTRAL,005,005,ASHLAND,,,00000000,,,9000,UNITED STATES,"OHIO, NORTH CENTRAL, ASHLAND",2022,ANNUAL,00,00,YEAR,,2024-02-13 12:00:00,176,(L),2022,176.0,False,IRRIGATED
CENSUS,CROPS,FIELD CROPS,SOYBEANS,ALL CLASSES,IRRIGATED,ALL UTILIZATION PRACTICES,AREA HARVESTED,ACRES,"SOYBEANS, IRRIGATED - ACRES HARVESTED",AREA HARVESTED,AREA HARVESTED: (50.0 TO 99.9 ACRES),STATE,39,39,OH,OHIO,,,,,,,,00000000,,,9000,UNITED STATES,OHIO,2022,ANNUAL,00,00,YEAR,,2024-02-13 12:00:00,"2,400",41.2,2022,2400.0,False,IRRIGATED
CENSUS,CROPS,FIELD CROPS,SOYBEANS,ALL CLASSES,IRRIGATED,ALL UTILIZATION PRACTICES,AREA HARVESTED,ACRES,"SOYBEANS, IRRIGATED - ACRES HARVESTED",FARM SALES,"FARM SALES: (5,000 TO 9,999 $)",STATE,39,39,OH,OHIO,,,,,,,,00000000,,,9000,UNITED STATES,OHIO,2022,ANNUAL,00,00,YEAR,,2024-02-13 12:00:00,234,41.4,2022,234.0,False,IRRIGATED
CENSUS,CROPS,FIELD CROPS,SOYBEANS,ALL CLASSES,IRRIGATED,ALL UTILIZATION PRACTICES,AREA HARVESTED,ACRES,"SOYBEANS, IRRIGATED - ACRES HARVESTED",AREA HARVESTED,AREA HARVESTED: (25.0 TO 49.9 ACRES),STATE,39,39,OH,OHIO,,,,,,,,00000000,,,9000,UNITED STATES,OHIO,2022,ANNUAL,00,00,YEAR,,2024-02-13 12:00:00,982,19.1,2022,982.0,False,IRRIGATED
CENSUS,CROPS,FIELD CROPS,SOYBEANS,ALL CLASSES,IRRIGATED,ALL UTILIZATION PRACTICES,AREA HARVESTED,ACRES,"SOYBEANS, IRRIGATED - ACRES HARVESTED",ECONOMIC CLASS,"ECONOMIC CLASS: (50,000 TO 99,999 $)",STATE,39,39,OH,OHIO,,,,,,,,00000000,,,9000,UNITED STATES,OHIO,2022,ANNUAL,00,00,YEAR,,2024-02-13 12:00:00,"2,422",22.6,2022,2422.0,False,IRRIGATED
CENSUS,CROPS,FIELD CROPS,SOYBEANS,ALL CLASSES,ALL PRODUCTION PRACTICES,ALL UTILIZATION PRACTICES,AREA HARVESTED,ACRES,SOYBEANS - ACRES HARVESTED,AREA HARVESTED,AREA HARVESTED: (1.0 TO 14.9 ACRES),STATE,39,39,OH,OHIO,,,,,,,,00000000,,,9000,UNITED STATES,OHIO,2022,ANNUAL,00,00,YEAR,,2024-02-13 12:00:00,"21,971",16.3,2022,21971.0,False,TOTAL
CENSUS,CROPS,FIELD CROPS,SOYBEANS,ALL CLASSES,IRRIGATED,ALL UTILIZATION PRACTICES,AREA HARVESTED,ACRES,"SOYBEANS, IRRIGATED - ACRES HARVESTED",NAICS CLASSIFICATION,NAICS CLASSIFICATION: (112112),STATE,39,39,OH,OHIO,,,,,,,,00000000,,,9000,UNITED STATES,OHIO,2022,ANNUAL,00,00,YEAR,,2024-02-13 12:00:00,177,(L),2022,177.0,False,IRRIGATED
CENSUS,CROPS,FIELD CROPS,SOYBEANS,ALL CLASSES,ALL PRODUCTION PRACTICES,ALL UTILIZATION PRACTICES,AREA HARVESTED,ACRES,SOYBEANS - ACRES HARVESTED,TOTAL,NOT SPECIFIED,COUNTY,39,39,OH,OHIO,60,EAST CENTRAL,013,013,BELMONT,,,00000000,,,9000,UNITED STATES,"OHIO, EAST CENTRAL, BELMONT",2022,ANNUAL,00,00,YEAR,,2024-02-13 12:00:00,(D),(D),2022,,True,TOTAL
CENSUS,CROPS,FIELD CROPS,SOYBEANS,ALL CLASSES,ALL PRODUCTION PRACTICES,ALL UTILIZATION PRACTICES,AREA HARVESTED,ACRES,SOYBEANS - ACRES HARVESTED,NAICS CLASSIFICATION,NAICS CLASSIFICATION: (1123),STATE,39,39,OH,OHIO,,,,,,,,00000000,,,9000,UNITED STATES,OHIO,2022,ANNUAL,00,00,YEAR,,2024-02-13 12:00:00,"34,184",15.2,2022,34184.0,False,TOTAL
CENSUS,DEMOGRAPHICS,FIELD CROPS,SOYBEANS,ALL CLASSES,IRRIGATED,ALL UTILIZATION PRACTICES,AREA HARVESTED,ACRES,"SOYBEANS, IRRIGATED - ACRES HARVESTED",PRODUCERS,PRODUCERS: (3 TO 4 PRODUCERS),STATE,39,39,OH,OHIO,,,,,,,,00000000,,,9000,UNITED STATES,OHIO,2022,ANNUAL,00,00,YEAR,,2024-02-13 12:00:00,"2,684",36.2,2022,2684.0,False,IRRIGATED
CENSUS,DEMOGRAPHICS,FIELD CROPS,SOYBEANS,ALL CLASSES,IRRIGATED,ALL UTILIZATION PRACTICES,AREA HARVESTED,ACRES,"SOYBEANS, IRRIGATED - ACRES HARVESTED",ORGANIZATION,"ORGANIZATION: (TAX PURPOSES, CORPORATION)",STATE,39,39,OH,OHIO,,,,,,,,00000000,,,9000,UNITED STATES,OHIO,2022,ANNUAL,00,00,YEAR,,2024-02-13 12:00:00,"1,773",19.6,2022,1773.0,False,IRRIGATED
CENSUS,CROPS,FIELD CROPS,SOYBEANS,ALL CLASSES,IRRIGATED,ALL UTILIZATION PRACTICES,AREA HARVESTED,ACRES,"SOYBEANS, IRRIGATED - ACRES HARVESTED",TOTAL,NOT SPECIFIED,COUNTY,39,39,OH,OHIO,80,SOUTH CENTRAL,131,131,PIKE,,,00000000,,,9000,UNITED STATES,"OHIO, SOUTH CENTRAL, PIKE",2022,ANNUAL,00,00,YEAR,,2024-02-13 12:00:00,(D),(D),2022,,True,IRRIGATED
CENSUS,CROPS,FIELD CROPS,SOYBEANS,ALL CLASSES,ALL PRODUCTION PRACTICES,ALL UTILIZATION PRACTICES,AREA HARVESTED,ACRES,SOYBEANS - ACRES HARVESTED,AREA HARVESTED,AREA HARVESTED: (500 TO 999 ACRES),STATE,39,39,OH,OHIO,,,,,,,,00000000,,,9000,UNITED STATES,OHIO,2022,ANNUAL,00,00,YEAR,,2024-02-13 12:00:00,"1,116,307",13.1,2022,1116307.0,False,TOTAL
CENSUS,CROPS,FIELD CROPS,SOYBEANS,ALL CLASSES,ALL PRODUCTION PRACTICES,ALL UTILIZATION PRACTICES,AREA HARVESTED,ACRES,SOYBEANS - ACRES HARVESTED,NAICS CLASSIFICATION,NAICS CLASSIFICATION: (1114),STATE,39,39,OH,OHIO,,,,,,,,00000000,,,9000,UNITED STATES,OHIO,2022,ANNUAL,00,00,YEAR,,2024-02-13 12:00:00,"4,020",20.4,2022,4020.0,False,TOTAL
CENSUS,CROPS,FIELD CROPS,SOYBEANS,ALL CLASSES,ALL PRODUCTION PRACTICES,ALL UTILIZATION PRACTICES,AREA HARVESTED,ACRES,SOYBEANS - ACRES HARVESTED,NAICS CLASSIFICATION,NAICS CLASSIFICATION: (1112),STATE,39,39,OH,OHIO,,,,,,,,00000000,,,9000,UNITED STATES,OHIO,2022,ANNUAL,00,00,YEAR,,2024-02-13 12:00:00,"9,074",14.7,2022,9074.0,False,TOTAL
CENSUS,DEMOGRAPHICS,FIELD CROPS,SOYBEANS,ALL CLASSES,ALL PRODUCTION PRACTICES,ALL UTILIZATION PRACTICES,AREA HARVESTED,ACRES,SOYBEANS - ACRES HARVESTED,TENURE,TENURE: (PART OWNER),STATE,39,39,OH,OHIO,,,,,,,,00000000,,,9000,UNITED STATES,OHIO,2022,ANNUAL,00,00,YEAR,,2024-02-13 12:00:00,"3,754,229",1.0,2022,3754229.0,False,TOTAL
CENSUS,CROPS,FIELD CROPS,SOYBEANS,ALL CLASSES,IRRIGATED,ALL UTILIZATION PRACTICES,AREA HARVESTED,ACRES,"SOYBEANS, IRRIGATED - ACRES HARVESTED",TOTAL,NOT SPECIFIED,COUNTY,39,39,OH,OHIO,10,NORTHWEST,137,137,PUTNAM,,,00000000,,,9000,UNITED STATES,"OHIO, NORTHWEST, PUTNAM",2022,ANNUAL,00,00,YEAR,,2024-02-13 12:00:00,192,(L),2022,192.0,False,IRRIGATED
CENSUS,CROPS,FIELD CROPS,SOYBEANS,ALL CLASSES,ALL PRODUCTION PRACTICES,ALL UTILIZATION PRACTICES,AREA HARVESTED,ACRES,SOYBEANS - ACRES HARVESTED,TOTAL,NOT SPECIFIED,COUNTY,39,39,OH,OHIO,90,SOUTHEAST,115,115,MORGAN,,,00000000,,,9000,UNITED STATES,"OHIO, SOUTHEAST, MORGAN",2022,ANNUAL,00,00,YEAR,,2024-02-13 12:00:00,"3,774",(L),2022,3774.0,False,TOTAL
CENSUS,CROPS,FIELD CROPS,SOYBEANS,ALL CLASSES,IRRIGATED,ALL UTILIZATION PRACTICES,AREA HARVESTED,ACRES,"SOYBEANS, IRRIGATED - ACRES HARVESTED",TOTAL,NOT SPECIFIED,COUNTY,39,39,OH,OHIO,20,NORTH CENTRAL,043,043,ERIE,,,00000000,,,9000,UNITED STATES,"OHIO, NORTH CENTRAL, ERIE",2022,ANNUAL,00,00,YEAR,,2024-02-13 12:00:00,(D),(D),2022,,True,IRRIGATED
CENSUS,CROPS,FIELD CROPS,SOYBEANS,ALL CLASSES,ALL PRODUCTION PRACTICES,ALL UTILIZATION PRACTICES,AREA HARVESTED,ACRES,SOYBEANS - ACRES HARVESTED,TOTAL,NOT SPECIFIED,COUNTY,39,39,OH,OHIO,80,SOUTH CENTRAL,079,079,JACKSON,,,00000000,,,9000,UNITED STATES,"OHIO, SOUTH CENTRAL, JACKSON",2022,ANNUAL,00,00,YEAR,,2024-02-13 12:00:00,"2,627",(L),2022,2627.0,False,TOTAL
CENSUS,CROPS,FIELD CROPS,SOYBEANS,ALL CLASSES,IRRIGATED,ALL UTILIZATION PRACTICES,AREA HARVESTED,ACRES,"SOYBEANS, IRRIGATED - ACRES HARVESTED",TOTAL,NOT SPECIFIED,COUNTY,39,39,OH,OHIO,10,NORTHWEST,095,095,LUCAS,,,00000000,,,9000,UNITED STATES,"OHIO, NORTHWEST, LUCAS",2022,ANNUAL,00,00,YEAR,,2024-02-13 12:00:00,(D),(D),2022,,True,IRRIGATED
CENSUS,CROPS,FIELD CROPS,SOYBEANS,ALL CLASSES,IRRIGATED,ALL UTILIZATION PRACTICES,AREA HARVESTED,ACRES,"SOYBEANS, IRRIGATED - ACRES HARVESTED",TOTAL,NOT SPECIFIED,COUNTY,39,39,OH,OHIO,20,NORTH CENTRAL,143,143,SANDUSKY,,,00000000,,,9000,UNITED STATES,"OHIO, NORTH CENTRAL, SANDUSKY",2022,ANNUAL,00,00,YEAR,,2024-02-13 12:00:00,59,(L),2022,59.0,False,IRRIGATED
CENSUS,CROPS,FIELD CROPS,SOYBEANS,ALL CLASSES,ALL PRODUCTION PRACTICES,ALL UTILIZATION PRACTICES,AREA HARVESTED,ACRES,SOYBEANS - ACRES HARVESTED,AREA OPERATED,AREA OPERATED: (500 TO 999 ACRES),STATE,39,39,OH,OHIO,,,,,,,,00000000,,,9000,UNITED STATES,OHIO,2022,ANNUAL,00,00,YEAR,,2024-02-13 12:00:00,"964,304",14.1,2022,964304.0,False,TOTAL
CENSUS,CROPS,FIELD CROPS,SOYBEANS,ALL CLASSES,ALL PRODUCTION PRACTICES,ALL UTILIZATION PRACTICES,AREA HARVESTED,ACRES,SOYBEANS - ACRES HARVESTED,TOTAL,NOT SPECIFIED,COUNTY,39,39,OH,OHIO,50,CENTRAL,101,101,MARION,,,00000000,,,9000,UNITED STATES,"OHIO, CENTRAL, MARION",2022,ANNUAL,00,00,YEAR,,2024-02-13 12:00:00,"112,480",(L),2022,112480.0,False,TOTAL
CENSUS,CROPS,FIELD CROPS,SOYBEANS,ALL CLASSES,ALL PRODUCTION PRACTICES,ALL UTILIZATION PRACTICES,AREA HARVESTED,ACRES,SOYBEANS - ACRES HARVESTED,TOTAL,NOT SPECIFIED,COUNTY,39,39,OH,OHIO,70,SOUTHWEST,135,135,PREBLE,,,00000000,,,9000,UNITED STATES,"OHIO, SOUTHWEST, PREBLE",2022,ANNUAL,00,00,YEAR,,2024-02-13 12:00:00,"90,493",(L),2022,90493.0,False,TOTAL
CENSUS,CROPS,FIELD CROPS,SOYBEANS,ALL CLASSES,ALL PRODUCTION PRACTICES,ALL UTILIZATION PRACTICES,AREA HARVESTED,ACRES,SOYBEANS - ACRES HARVESTED,FARM SALES,"FARM SALES: (25,000 TO 49,999 $)",STATE,39,39,OH,OHIO,,,,,,,,00000000,,,9000,UNITED STATES,OHIO,2022,ANNUAL,00,00,YEAR,,2024-02-13 12:00:00,"118,422",2.9,2022,118422.0,False,TOTAL
CENSUS,CROPS,FIELD CROPS,SOYBEANS,ALL CLASSES,ALL PRODUCTION PRACTICES,ALL UTILIZATION PRACTICES,AREA HARVESTED,ACRES,SOYBEANS - ACRES HARVESTED,TOTAL,NOT SPECIFIED,COUNTY,39,39,OH,OHIO,70,SOUTHWEST,027,027,CLINTON,,,00000000,,,9000,UNITED STATES,"OHIO, SOUTHWEST, CLINTON",2022,ANNUAL,00,00,YEAR,,2024-02-13 12:00:00,"131,362",(L),2022,131362.0,False,TOTAL
CENSUS,CROPS,FIELD CROPS,SOYBEANS,ALL CLASSES,IRRIGATED,ALL UTILIZATION PRACTICES,AREA HARVESTED,ACRES,"SOYBEANS, IRRIGATED - ACRES HARVESTED",TOTAL,NOT SPECIFIED,COUNTY,39,39,OH,OHIO,30,NORTHEAST,169,169,WAYNE,,,00000000,,,9000,UNITED STATES,"OHIO, NORTHEAST, WAYNE",2022,ANNUAL,00,00,YEAR,,2024-02-13 12:00:00,(D),(D),2022,,True,IRRIGATED
CENSUS,CROPS,FIELD CROPS,SOYBEANS,ALL CLASSES,ALL PRODUCTION PRACTICES,ALL UTILIZATION PRACTICES,AREA HARVESTED,ACRES,SOYBEANS - ACRES HARVESTED,ECONOMIC CLASS,"ECONOMIC CLASS: (250,000 TO 499,999 $)",STATE,39,39,OH,OHIO,,,,,,,,00000000,,,9000,UNITED STATES,OHIO,2022,ANNUAL,00,00,YEAR,,2024-02-13 12:00:00,"743,862",17.7,2022,743862.0,False,TOTAL
CENSUS,CROPS,FIELD CROPS,SOYBEANS,ALL CLASSES,IRRIGATED,ALL UTILIZATION PRACTICES,AREA HARVESTED,ACRES,"SOYBEANS, IRRIGATED - ACRES HARVESTED",ECONOMIC CLASS,"ECONOMIC CLASS: (500,000 TO 999,999 $)",STATE,39,39,OH,OHIO,,,,,,,,00000000,,,9000,UNITED STATES,OHIO,2022,ANNUAL,00,00,YEAR,,2024-02-13 12:00:00,926,87.6,2022,926.0,False,IRRIGATED
CENSUS,CROPS,FIELD CROPS,SOYBEANS,ALL CLASSES,ALL PRODUCTION PRACTICES,ALL UTILIZATION PRACTICES,AREA HARVESTED,ACRES,SOYBEANS - ACRES HARVESTED,NAICS CLASSIFICATION,NAICS CLASSIFICATION: (112112),STATE,39,39,OH,OHIO,,,,,,,,00000000,,,9000,UNITED STATES,OHIO,2022,ANNUAL,00,00,YEAR,,2024-02-13 12:00:00,"34,192",8.9,2022,34192.0,False,TOTAL
CENSUS,CROPS,FIELD CROPS,SOYBEANS,ALL CLASSES,IRRIGATED,ALL UTILIZATION PRACTICES,AREA HARVESTED,ACRES,"SOYBEANS, IRRIGATED - ACRES HARVESTED",TOTAL,NOT SPECIFIED,COUNTY,39,39,OH,OHIO,40,WEST CENTRAL,037,037,DARKE,,,00000000,,,9000,UNITED STATES,"OHIO, WEST CENTRAL, DARKE",2022,ANNUAL,00,00,YEAR,,2024-02-13 12:00:00,68,(L),2022,68.0,False,IRRIGATED
CENSUS,CROPS,FIELD CROPS,SOYBEANS,ALL CLASSES,IRRIGATED,ALL UTILIZATION PRACTICES,AREA HARVESTED,ACRES,"SOYBEANS, IRRIGATED - ACRES HARVESTED",TOTAL,NOT SPECIFIED,COUNTY,39,39,OH,OHIO,10,NORTHWEST,161,161,VAN WERT,,,00000000,,,9000,UNITED STATES,"OHIO, NORTHWEST, VAN WERT",2022,ANNUAL,00,00,YEAR,,2024-02-13 12:00:00,(D),(D),2022,,True,IRRIGATED
CENSUS,CROPS,FIELD CROPS,SOYBEANS,ALL CLASSES,ALL PRODUCTION PRACTICES,ALL UTILIZATION PRACTICES,AREA HARVESTED,ACRES,SOYBEANS - ACRES HARVESTED,TOTAL,NOT SPECIFIED,COUNTY,39,39,OH,OHIO,20,NORTH CENTRAL,093,093,LORAIN,,,00000000,,,9000,UNITED STATES,"OHIO, NORTH CENTRAL, LORAIN",2022,ANNUAL,00,00,YEAR,,2024-02-13 12:00:00,"51,574",(L),2022,51574.0,False,TOTAL
CENSUS,CROPS,FIELD CROPS,SOYBEANS,ALL CLASSES,ALL PRODUCTION PRACTICES,ALL UTILIZATION PRACTICES,AREA HARVESTED,ACRES,SOYBEANS - ACRES HARVESTED,TOTAL,NOT SPECIFIED,COUNTY,39,39,OH,OHIO,70,SOUTHWEST,165,165,WARREN,,,00000000,,,9000,UNITED STATES,"OHIO, SOUTHWEST, WARREN",2022,ANNUAL,00,00,YEAR,,2024-02-13 12:00:00,"34,580",(L),2022,34580.0,False,TOTAL
CENSUS,CROPS,FIELD CROPS,SOYBEANS,ALL CLASSES,IRRIGATED,ALL UTILIZATION PRACTICES,AREA HARVESTED,ACRES,"SOYBEANS, IRRIGATED - ACRES HARVESTED",TOTAL,NOT SPECIFIED,COUNTY,39,39,OH,OHIO,20,NORTH CENTRAL,093,093,LORAIN,,,00000000,,,9000,UNITED STATES,"OHIO, NORTH CENTRAL, LORAIN",2022,ANNUAL,00,00,YEAR,,2024-02-13 12:00:00,(D),(D),2022,,True,IRRIGATED
CENSUS,CROPS,FIELD CROPS,SOYBEANS,ALL CLASSES,ALL PRODUCTION PRACTICES,ALL UTILIZATION PRACTICES,AREA HARVESTED,ACRES,SOYBEANS - ACRES HARVESTED,NAICS CLASSIFICATION,NAICS CLASSIFICATION: (1113),STATE,39,39,OH,OHIO,,,,,,,,00000000,,,9000,UNITED STATES,OHIO,2022,ANNUAL,00,00,YEAR,,2024-02-13 12:00:00,"1,737",49.5,2022,1737.0,False,TOTAL
CENSUS,CROPS,FIELD CROPS,SOYBEANS,ALL CLASSES,IRRIGATED,ALL UTILIZATION PRACTICES,AREA HARVESTED,ACRES,"SOYBEANS, IRRIGATED - ACRES HARVESTED",NAICS CLASSIFICATION,NAICS CLASSIFICATION: (11193 & 11194 & 11199),STATE,39,39,OH,OHIO,,,,,,,,00000000,,,9000,UNITED STATES,OHIO,2022,ANNUAL,00,00,YEAR,,2024-02-13 12:00:00,(D),(D),2022,,True,IRRIGATED
CENSUS,CROPS,FIELD CROPS,SOYBEANS,ALL CLASSES,ALL PRODUCTION PRACTICES,ALL UTILIZATION PRACTICES,AREA HARVESTED,ACRES,SOYBEANS - ACRES HARVESTED,TOTAL,NOT SPECIFIED,COUNTY,39,39,OH,OHIO,80,SOUTH CENTRAL,053,053,GALLIA,,,00000000,,,9000,UNITED STATES,"OHIO, SOUTH CENTRAL, GALLIA",2022,ANNUAL,00,00,YEAR,,2024-02-13 12:00:00,"4,675",(L),2022,4675.0,False,TOTAL
CENSUS,CROPS,FIELD CROPS,SOYBEANS,ALL CLASSES,ALL PRODUCTION PRACTICES,ALL UTILIZATION PRACTICES,AREA HARVESTED,ACRES,SOYBEANS - ACRES HARVESTED,AREA OPERATED,"AREA OPERATED: (2,000 OR MORE ACRES)",STATE,39,39,OH,OHIO,,,,,,,,00000000,,,9000,UNITED STATES,OHIO,2022,ANNUAL,00,00,YEAR,,2024-02-13 12:00:00,"1,349,230",8.5,2022,1349230.0,False,TOTAL
CENSUS,CROPS,FIELD CROPS,SOYBEANS,ALL CLASSES,IRRIGATED,ALL UTILIZATION PRACTICES,AREA HARVESTED,ACRES,"SOYBEANS, IRRIGATED - ACRES HARVESTED",TOTAL,NOT SPECIFIED,COUNTY,39,39,OH,OHIO,40,WEST CENTRAL,107,107,MERCER,,,00000000,,,9000,UNITED STATES,"OHIO, WEST CENTRAL, MERCER",2022,ANNUAL,00,00,YEAR,,2024-02-13 12:00:00,148,(L),2022,148.0,False,IRRIGATED
CENSUS,CROPS,FIELD CROPS,SOYBEANS,ALL CLASSES,IRRIGATED,ALL UTILIZATION PRACTICES,AREA HARVESTED,ACRES,"SOYBEANS, IRRIGATED - ACRES HARVESTED",TOTAL,NOT SPECIFIED,COUNTY,39,39,OH,OHIO,70,SOUTHWEST,057,057,GREENE,,,00000000,,,9000,UNITED STATES,"OHIO, SOUTHWEST, GREENE",2022,ANNUAL,00,00,YEAR,,2024-02-13 12:00:00,(D),(D),2022,,True,IRRIGATED
CENSUS,CROPS,FIELD CROPS,SOYBEANS,ALL CLASSES,ALL PRODUCTION PRACTICES,ALL UTILIZATION PRACTICES,AREA HARVESTED,ACRES,SOYBEANS - ACRES HARVESTED,TOTAL,NOT SPECIFIED,COUNTY,39,39,OH,OHIO,90,SOUTHEAST,059,059,GUERNSEY,,,00000000,,,9000,UNITED STATES,"OHIO, SOUTHEAST, GUERNSEY",2022,ANNUAL,00,00,YEAR,,2024-02-13 12:00:00,"2,698",(L),2022,2698.0,False,TOTAL
CENSUS,CROPS,FIELD CROPS,SOYBEANS,ALL CLASSES,ALL PRODUCTION PRACTICES,ALL UTILIZATION PRACTICES,AREA HARVESTED,ACRES,SOYBEANS - ACRES HARVESTED,AREA HARVESTED,"AREA HARVESTED: (3,000 TO 4,999 ACRES)",STATE,39,39,OH,OHIO,,,,,,,,00000000,,,9000,UNITED STATES,OHIO,2022,ANNUAL,00,00,YEAR,,2024-02-13 12:00:00,"163,822",4.7,2022,163822.0,False,TOTAL
CENSUS,CROPS,FIELD CROPS,SOYBEANS,ALL CLASSES,IRRIGATED,ALL UTILIZATION PRACTICES,AREA HARVESTED,ACRES,"SOYBEANS, IRRIGATED - ACRES HARVESTED",TOTAL,NOT SPECIFIED,COUNTY,39,39,OH,OHIO,40,WEST CENTRAL,023,023,CLARK,,,00000000,,,9000,UNITED STATES,"OHIO, WEST CENTRAL, CLARK",2022,ANNUAL,00,00,YEAR,,2024-02-13 12:00:00,"1,035",(L),2022,1035.0,False,IRRIGATED
CENSUS,CROPS,FIELD CROPS,SOYBEANS,ALL CLASSES,ALL PRODUCTION PRACTICES,ALL UTILIZATION PRACTICES,AREA HARVESTED,ACRES,SOYBEANS - ACRES HARVESTED,TOTAL,NOT SPECIFIED,COUNTY,39,39,OH,OHIO,50,CENTRAL,141,141,ROSS,,,00000000,,,9000,UNITED STATES,"OHIO, CENTRAL, ROSS",2022,ANNUAL,00,00,YEAR,,2024-02-13 12:00:00,"73,605",(L),2022,73605.0,False,TOTAL
CENSUS,CROPS,FIELD CROPS,SOYBEANS,ALL CLASSES,ALL PRODUCTION PRACTICES,ALL UTILIZATION PRACTICES,AREA HARVESTED,ACRES,SOYBEANS - ACRES HARVESTED,TOTAL,NOT SPECIFIED,COUNTY,39,39,OH,OHIO,40,WEST CENTRAL,065,065,HARDIN,,,00000000,,,9000,UNITED STATES,"OHIO, WEST CENTRAL, HARDIN",2022,ANNUAL,00,00,YEAR,,2024-02-13 12:00:00,"112,261",(L),2022,112261.0,False,TOTAL
CENSUS,CROPS,FIELD CROPS,SOYBEANS,ALL CLASSES,IRRIGATED,ALL UTILIZATION PRACTICES,AREA HARVESTED,ACRES,"SOYBEANS, IRRIGATED - ACRES HARVESTED",TOTAL,NOT SPECIFIED,COUNTY,39,39,OH,OHIO,50,CENTRAL,089,089,LICKING,,,00000000,,,9000,UNITED STATES,"OHIO, CENTRAL, LICKING",2022,ANNUAL,00,00,YEAR,,2024-02-13 12:00:00,136,(L),2022,136.0,False,IRRIGATED
CENSUS,CROPS,FIELD CROPS,SOYBEANS,ALL CLASSES,ALL PRODUCTION PRACTICES,ALL UTILIZATION PRACTICES,AREA HARVESTED,ACRES,SOYBEANS - ACRES HARVESTED,TOTAL,NOT SPECIFIED,COUNTY,39,39,OH,OHIO,20,NORTH CENTRAL,077,077,HURON,,,00000000,,,9000,UNITED STATES,"OHIO, NORTH CENTRAL, HURON",2022,ANNUAL,00,00,YEAR,,2024-02-13 12:00:00,"111,253",(L),2022,111253.0,False,TOTAL
CENSUS,DEMOGRAPHICS,FIELD CROPS,SOYBEANS,ALL CLASSES,ALL PRODUCTION PRACTICES,ALL UTILIZATION PRACTICES,AREA HARVESTED,ACRES,SOYBEANS - ACRES HARVESTED,PRODUCERS,PRODUCERS: (5 OR MORE PRODUCERS),STATE,39,39,OH,OHIO,,,,,,,,00000000,,,9000,UNITED STATES,OHIO,2022,ANNUAL,00,00,YEAR,,2024-02-13 12:00:00,"141,599",8.5,2022,141599.0,False,TOTAL
CENSUS,CROPS,FIELD CROPS,SOYBEANS,ALL CLASSES,IRRIGATED,ALL UTILIZATION PRACTICES,AREA HARVESTED,ACRES,"SOYBEANS, IRRIGATED - ACRES HARVESTED",ECONOMIC CLASS,"ECONOMIC CLASS: (1,000 TO 2,499 $)",STATE,39,39,OH,OHIO,,,,,,,,00000000,,,9000,UNITED STATES,OHIO,2022,ANNUAL,00,00,YEAR,,2024-02-13 12:00:00,26,79.6,2022,26.0,False,IRRIGATED
CENSUS,CROPS,FIELD CROPS,SOYBEANS,ALL CLASSES,IRRIGATED,ALL UTILIZATION PRACTICES,AREA HARVESTED,ACRES,"SOYBEANS, IRRIGATED - ACRES HARVESTED",NAICS CLASSIFICATION,NAICS CLASSIFICATION: (1112),STATE,39,39,OH,OHIO,,,,,,,,00000000,,,9000,UNITED STATES,OHIO,2022,ANNUAL,00,00,YEAR,,2024-02-13 12:00:00,(D),(D),2022,,True,IRRIGATED
CENSUS,CROPS,FIELD CROPS,SOYBEANS,ALL CLASSES,ALL PRODUCTION PRACTICES,ALL UTILIZATION PRACTICES,AREA HARVESTED,ACRES,SOYBEANS - ACRES HARVESTED,TOTAL,NOT SPECIFIED,COUNTY,39,39,OH,OHIO,50,CENTRAL,129,129,PICKAWAY,,,00000000,,,9000,UNITED STATES,"OHIO, CENTRAL, PICKAWAY",2022,ANNUAL,00,00,YEAR,,2024-02-13 12:00:00,"128,220",(L),2022,128220.0,False,TOTAL
CENSUS,CROPS,FIELD CROPS,SOYBEANS,ALL CLASSES,ALL PRODUCTION PRACTICES,ALL UTILIZATION PRACTICES,AREA HARVESTED,ACRES,SOYBEANS - ACRES HARVESTED,TOTAL,NOT SPECIFIED,COUNTY,39,39,OH,OHIO,30,NORTHEAST,029,029,COLUMBIANA,,,00000000,,,9000,UNITED STATES,"OHIO, NORTHEAST, COLUMBIANA",2022,ANNUAL,00,00,YEAR,,2024-02-13 12:00:00,"31,284",(L),2022,31284.0,False,TOTAL
CENSUS,CROPS,FIELD CROPS,SOYBEANS,ALL CLASSES,ALL PRODUCTION PRACTICES,ALL UTILIZATION PRACTICES,AREA HARVESTED,ACRES,SOYBEANS - ACRES HARVESTED,TOTAL,NOT SPECIFIED,COUNTY,39,39,OH,OHIO,10,NORTHWEST,095,095,LUCAS,,,00000000,,,9000,UNITED STATES,"OHIO, NORTHWEST, LUCAS",2022,ANNUAL,00,00,YEAR,,2024-02-13 12:00:00,"37,339",(L),2022,37339.0,False,TOTAL
CENSUS,CROPS,FIELD CROPS,SOYBEANS,ALL CLASSES,ALL PRODUCTION PRACTICES,ALL UTILIZATION PRACTICES,AREA HARVESTED,ACRES,SOYBEANS - ACRES HARVESTED,TOTAL,NOT SPECIFIED,COUNTY,39,39,OH,OHIO,20,NORTH CENTRAL,175,175,WYANDOT,,,00000000,,,9000,UNITED STATES,"OHIO, NORTH CENTRAL, WYANDOT",2022,ANNUAL,00,00,YEAR,,2024-02-13 12:00:00,"102,792",(L),2022,102792.0,False,TOTAL
CENSUS,CROPS,FIELD CROPS,SOYBEANS,ALL CLASSES,IRRIGATED,ALL UTILIZATION PRACTICES,AREA HARVESTED,ACRES,"SOYBEANS, IRRIGATED - ACRES HARVESTED",TOTAL,NOT SPECIFIED,COUNTY,39,39,OH,OHIO,10,NORTHWEST,125,125,PAULDING,,,00000000,,,9000,UNITED STATES,"OHIO, NORTHWEST, PAULDING",2022,ANNUAL,00,00,YEAR,,2024-02-13 12:00:00,363,(L),2022,363.0,False,IRRIGATED
CENSUS,CROPS,FIELD CROPS,SOYBEANS,ALL CLASSES,IRRIGATED,ALL UTILIZATION PRACTICES,AREA HARVESTED,ACRES,"SOYBEANS, IRRIGATED - ACRES HARVESTED",FARM SALES,"FARM SALES: (1,000,000 OR MORE $)",STATE,39,39,OH,OHIO,,,,,,,,00000000,,,9000,UNITED STATES,OHIO,2022,ANNUAL,00,00,YEAR,,2024-02-13 12:00:00,"5,426",20.1,2022,5426.0,False,IRRIGATED
CENSUS,CROPS,FIELD CROPS,SOYBEANS,ALL CLASSES,ALL PRODUCTION PRACTICES,ALL UTILIZATION PRACTICES,AREA HARVESTED,ACRES,SOYBEANS - ACRES HARVESTED,AREA HARVESTED,AREA HARVESTED: (15.0 TO 24.9 ACRES),STATE,39,39,OH,OHIO,,,,,,,,00000000,,,9000,UNITED STATES,OHIO,2022,ANNUAL,00,00,YEAR,,2024-02-13 12:00:00,"36,934",8.9,2022,36934.0,False,TOTAL
CENSUS,DEMOGRAPHICS,FIELD CROPS,SOYBEANS,ALL CLASSES,IRRIGATED,ALL UTILIZATION PRACTICES,AREA HARVESTED,ACRES,"SOYBEANS, IRRIGATED - ACRES HARVESTED",PRODUCERS,PRODUCERS: (2 PRODUCERS),STATE,39,39,OH,OHIO,,,,,,,,00000000,,,9000,UNITED STATES,OHIO,2022,ANNUAL,00,00,YEAR,,2024-02-13 12:00:00,"3,506",13.3,2022,3506.0,False,IRRIGATED
CENSUS,CROPS,FIELD CROPS,SOYBEANS,ALL CLASSES,ALL PRODUCTION PRACTICES,ALL UTILIZATION PRACTICES,AREA HARVESTED,ACRES,SOYBEANS - ACRES HARVESTED,AREA HARVESTED,AREA HARVESTED: (250 TO 499 ACRES),STATE,39,39,OH,OHIO,,,,,,,,00000000,,,9000,UNITED STATES,OHIO,2022,ANNUAL,00,00,YEAR,,2024-02-13 12:00:00,"903,230",4.8,2022,903230.0,False,TOTAL
CENSUS,CROPS,FIELD CROPS,SOYBEANS,ALL CLASSES,ALL PRODUCTION PRACTICES,ALL UTILIZATION PRACTICES,AREA HARVESTED,ACRES,SOYBEANS - ACRES HARVESTED,AREA HARVESTED,AREA HARVESTED: (100 TO 249 ACRES),STATE,39,39,OH,OHIO,,,,,,,,00000000,,,9000,UNITED STATES,OHIO,2022,ANNUAL,00,00,YEAR,,2024-02-13 12:00:00,"771,188",2.8,2022,771188.0,False,TOTAL
CENSUS,DEMOGRAPHICS,FIELD CROPS,SOYBEANS,ALL CLASSES,ALL PRODUCTION PRACTICES,ALL UTILIZATION PRACTICES,AREA HARVESTED,ACRES,SOYBEANS - ACRES HARVESTED,PRODUCERS,PRODUCERS: (2 PRODUCERS),STATE,39,39,OH,OHIO,,,,,,,,00000000,,,9000,UNITED STATES,OHIO,2022,ANNUAL,00,00,YEAR,,2024-02-13 12:00:00,"1,667,304",3.5,2022,1667304.0,False,TOTAL
CENSUS,DEMOGRAPHICS,FIELD CROPS,SOYBEANS,ALL CLASSES,IRRIGATED,ALL UTILIZATION PRACTICES,AREA HARVESTED,ACRES,"SOYBEANS, IRRIGATED - ACRES HARVESTED",ORGANIZATION,"ORGANIZATION: (TAX PURPOSES, CORPORATION, (EXCL FAMILY HELD))",STATE,39,39,OH,OHIO,,,,,,,,00000000,,,9000,UNITED STATES,OHIO,2022,ANNUAL,00,00,YEAR,,2024-02-13 12:00:00,632,7.9,2022,632.0,False,IRRIGATED
CENSUS,CROPS,FIELD CROPS,SOYBEANS,ALL CLASSES,ALL PRODUCTION PRACTICES,ALL UTILIZATION PRACTICES,AREA HARVESTED,ACRES,SOYBEANS - ACRES HARVESTED,AREA HARVESTED,"AREA HARVESTED: (1,000 OR MORE ACRES)",STATE,39,39,OH,OHIO,,,,,,,,00000000,,,9000,UNITED STATES,OHIO,2022,ANNUAL,00,00,YEAR,,2024-02-13 12:00:00,"1,539,950",9.2,2022,1539950.0,False,TOTAL
CENSUS,CROPS,FIELD CROPS,SOYBEANS,ALL CLASSES,IRRIGATED,ALL UTILIZATION PRACTICES,AREA HARVESTED,ACRES,"SOYBEANS, IRRIGATED - ACRES HARVESTED",FARM SALES,"FARM SALES: (500,000 TO 999,999 $)",STATE,39,39,OH,OHIO,,,,,,,,00000000,,,9000,UNITED STATES,OHIO,2022,ANNUAL,00,00,YEAR,,2024-02-13 12:00:00,926,87.6,2022,926.0,False,IRRIGATED
CENSUS,CROPS,FIELD CROPS,SOYBEANS,ALL CLASSES,IRRIGATED,ALL UTILIZATION PRACTICES,AREA HARVESTED,ACRES,"SOYBEANS, IRRIGATED - ACRES HARVESTED",TOTAL,NOT SPECIFIED,STATE,39,39,OH,OHIO,,,,,,,,00000000,,,9000,UNITED STATES,OHIO,2022,ANNUAL,00,00,YEAR,,2024-02-13 12:00:00,"13,154",13.7,2022,13154.0,False,IRRIGATED
CENSUS,DEMOGRAPHICS,FIELD CROPS,SOYBEANS,ALL CLASSES,IRRIGATED,ALL UTILIZATION PRACTICES,AREA HARVESTED,ACRES,"SOYBEANS, IRRIGATED - ACRES HARVESTED",TENURE,TENURE: (PART OWNER),STATE,39,39,OH,OHIO,,,,,,,,00000000,,,9000,UNITED STATES,OHIO,2022,ANNUAL,00,00,YEAR,,2024-02-13 12:00:00,"5,278",24.3,2022,5278.0,False,IRRIGATED
CENSUS,CROPS,FIELD CROPS,SOYBEANS,ALL CLASSES,ALL PRODUCTION PRACTICES,ALL UTILIZATION PRACTICES,AREA HARVESTED,ACRES,SOYBEANS - ACRES HARVESTED,TOTAL,NOT SPECIFIED,COUNTY,39,39,OH,OHIO,40,WEST CENTRAL,023,023,CLARK,,,00000000,,,9000,UNITED STATES,"OHIO, WEST CENTRAL, CLARK",2022,ANNUAL,00,00,YEAR,,2024-02-13 12:00:00,"66,716",(L),2022,66716.0,False,TOTAL
CENSUS,DEMOGRAPHICS,FIELD CROPS,SOYBEANS,ALL CLASSES,ALL PRODUCTION PRACTICES,ALL UTILIZATION PRACTICES,AREA HARVESTED,ACRES,SOYBEANS - ACRES HARVESTED,TENURE,TENURE: (TENANT),STATE,39,39,OH,OHIO,,,,,,,,00000000,,,9000,UNITED STATES,OHIO,2022,ANNUAL,00,00,YEAR,,2024-02-13 12:00:00,"353,264",6.8,2022,353264.0,False,TOTAL
CENSUS,CROPS,FIELD CROPS,SOYBEANS,ALL CLASSES,ALL PRODUCTION PRACTICES,ALL UTILIZATION PRACTICES,AREA HARVESTED,ACRES,SOYBEANS - ACRES HARVESTED,TOTAL,NOT SPECIFIED,COUNTY,39,39,OH,OHIO,90,SOUTHEAST,119,119,MUSKINGUM,,,00000000,,,9000,UNITED STATES,"OHIO, SOUTHEAST, MUSKINGUM",2022,ANNUAL,00,00,YEAR,,2024-02-13 12:00:00,"19,705",(L),2022,19705.0,False,TOTAL
CENSUS,CROPS,FIELD CROPS,SOYBEANS,ALL CLASSES,IRRIGATED,ALL UTILIZATION PRACTICES,AREA HARVESTED,ACRES,"SOYBEANS, IRRIGATED - ACRES HARVESTED",AREA HARVESTED,AREA HARVESTED: (250 TO 499 ACRES),STATE,39,39,OH,OHIO,,,,,,,,00000000,,,9000,UNITED STATES,OHIO,2022,ANNUAL,00,00,YEAR,,2024-02-13 12:00:00,"1,518",54.7,2022,1518.0,False,IRRIGATED
CENSUS,CROPS,FIELD CROPS,SOYBEANS,ALL CLASSES,IRRIGATED,ALL UTILIZATION PRACTICES,AREA HARVESTED,ACRES,"SOYBEANS, IRRIGATED - ACRES HARVESTED",AREA OPERATED,AREA OPERATED: (500 TO 999 ACRES),STATE,39,39,OH,OHIO,,,,,,,,00000000,,,9000,UNITED STATES,OHIO,2022,ANNUAL,00,00,YEAR,,2024-02-13 12:00:00,"1,450",61.1,2022,1450.0,False,IRRIGATED
CENSUS,CROPS,FIELD CROPS,SOYBEANS,ALL CLASSES,IRRIGATED,ALL UTILIZATION PRACTICES,AREA HARVESTED,ACRES,"SOYBEANS, IRRIGATED - ACRES HARVESTED",FARM SALES,"FARM SALES: (25,000 TO 49,999 $)",STATE,39,39,OH,OHIO,,,,,,,,00000000,,,9000,UNITED STATES,OHIO,2022,ANNUAL,00,00,YEAR,,2024-02-13 12:00:00,714,31.1,2022,714.0,False,IRRIGATED
CENSUS,CROPS,FIELD CROPS,SOYBEANS,ALL CLASSES,IRRIGATED,ALL UTILIZATION PRACTICES,AREA HARVESTED,ACRES,"SOYBEANS, IRRIGATED - ACRES HARVESTED",NAICS CLASSIFICATION,NAICS CLASSIFICATION: (1122),STATE,39,39,OH,OHIO,,,,,,,,00000000,,,9000,UNITED STATES,OHIO,2022,ANNUAL,00,00,YEAR,,2024-02-13 12:00:00,(D),(D),2022,,True,IRRIGATED
CENSUS,CROPS,FIELD CROPS,SOYBEANS,ALL CLASSES,ALL PRODUCTION PRACTICES,ALL UTILIZATION PRACTICES,AREA HARVESTED,ACRES,SOYBEANS - ACRES HARVESTED,TOTAL,NOT SPECIFIED,COUNTY,39,39,OH,OHIO,20,NORTH CENTRAL,033,033,CRAWFORD,,,00000000,,,9000,UNITED STATES,"OHIO, NORTH CENTRAL, CRAWFORD",2022,ANNUAL,00,00,YEAR,,2024-02-13 12:00:00,"89,461",(L),2022,89461.0,False,TOTAL
CENSUS,CROPS,FIELD CROPS,SOYBEANS,ALL CLASSES,IRRIGATED,ALL UTILIZATION PRACTICES,AREA HARVESTED,ACRES,"SOYBEANS, IRRIGATED - ACRES HARVESTED",TOTAL,NOT SPECIFIED,COUNTY,39,39,OH,OHIO,90,SOUTHEAST,119,119,MUSKINGUM,,,00000000,,,9000,UNITED STATES,"OHIO, SOUTHEAST, MUSKINGUM",2022,ANNUAL,00,00,YEAR,,2024-02-13 12:00:00,(D),(D),2022,,True,IRRIGATED
CENSUS,DEMOGRAPHICS,FIELD CROPS,SOYBEANS,ALL CLASSES,IRRIGATED,ALL UTILIZATION PRACTICES,AREA HARVESTED,ACRES,"SOYBEANS, IRRIGATED - ACRES HARVESTED",ORGANIZATION,"ORGANIZATION: (TAX PURPOSES, CORPORATION, FAMILY HELD)",STATE,39,39,OH,OHIO,,,,,,,,00000000,,,9000,UNITED STATES,OHIO,2022,ANNUAL,00,00,YEAR,,2024-02-13 12:00:00,"1,141",31.0,2022,1141.0,False,IRRIGATED
CENSUS,CROPS,FIELD CROPS,SOYBEANS,ALL CLASSES,ALL PRODUCTION PRACTICES,ALL UTILIZATION PRACTICES,AREA HARVESTED,ACRES,SOYBEANS - ACRES HARVESTED,NAICS CLASSIFICATION,NAICS CLASSIFICATION: (11212),STATE,39,39,OH,OHIO,,,,,,,,00000000,,,9000,UNITED STATES,OHIO,2022,ANNUAL,00,00,YEAR,,2024-02-13 12:00:00,"70,326",10.4,2022,70326.0,False,TOTAL
CENSUS,CROPS,FIELD CROPS,SOYBEANS,ALL CLASSES,IRRIGATED,ALL UTILIZATION PRACTICES,AREA HARVESTED,ACRES,"SOYBEANS, IRRIGATED - ACRES HARVESTED",AREA HARVESTED,"AREA HARVESTED: (3,000 TO 4,999 ACRES)",STATE,39,39,OH,OHIO,,,,,,,,00000000,,,9000,UNITED STATES,OHIO,2022,ANNUAL,00,00,YEAR,,2024-02-13 12:00:00,(D),(D),2022,,True,IRRIGATED
CENSUS,CROPS,FIELD CROPS,SOYBEANS,ALL CLASSES,IRRIGATED,ALL UTILIZATION PRACTICES,AREA HARVESTED,ACRES,"SOYBEANS, IRRIGATED - ACRES HARVESTED",AREA OPERATED,AREA OPERATED: (1.0 TO 9.9 ACRES),STATE,39,39,OH,OHIO,,,,,,,,00000000,,,9000,UNITED STATES,OHIO,2022,ANNUAL,00,00,YEAR,,2024-02-13 12:00:00,66,59.6,2022,66.0,False,IRRIGATED
CENSUS,CROPS,FIELD CROPS,SOYBEANS,ALL CLASSES,ALL PRODUCTION PRACTICES,ALL UTILIZATION PRACTICES,AREA HARVESTED,ACRES,SOYBEANS - ACRES HARVESTED,TOTAL,NOT SPECIFIED,COUNTY,39,39,OH,OHIO,90,SOUTHEAST,163,163,VINTON,,,00000000,,,9000,UNITED STATES,"OHIO, SOUTHEAST, VINTON",2022,ANNUAL,00,00,YEAR,,2024-02-13 12:00:00,"1,075",(L),2022,1075.0,False,TOTAL
CENSUS,CROPS,FIELD CROPS,SOYBEANS,ALL CLASSES,IRRIGATED,ALL UTILIZATION PRACTICES,AREA HARVESTED,ACRES,"SOYBEANS, IRRIGATED - ACRES HARVESTED",AREA HARVESTED,AREA HARVESTED: (15.0 TO 24.9 ACRES),STATE,39,39,OH,OHIO,,,,,,,,00000000,,,9000,UNITED STATES,OHIO,2022,ANNUAL,00,00,YEAR,,2024-02-13 12:00:00,289,44.3,2022,289.0,False,IRRIGATED
CENSUS,CROPS,FIELD CROPS,SOYBEANS,ALL CLASSES,ALL PRODUCTION PRACTICES,ALL UTILIZATION PRACTICES,AREA HARVESTED,ACRES,SOYBEANS - ACRES HARVESTED,TOTAL,NOT SPECIFIED,COUNTY,39,39,OH,OHIO,90,SOUTHEAST,127,127,PERRY,,,00000000,,,9000,UNITED STATES,"OHIO, SOUTHEAST, PERRY",2022,ANNUAL,00,00,YEAR,,2024-02-13 12:00:00,"13,422",(L),2022,13422.0,False,TOTAL
CENSUS,CROPS,FIELD CROPS,SOYBEANS,ALL CLASSES,IRRIGATED,ALL UTILIZATION PRACTICES,AREA HARVESTED,ACRES,"SOYBEANS, IRRIGATED - ACRES HARVESTED",ECONOMIC CLASS,"ECONOMIC CLASS: (5,000 TO 9,999 $)",STATE,39,39,OH,OHIO,,,,,,,,00000000,,,9000,UNITED STATES,OHIO,2022,ANNUAL,00,00,YEAR,,2024-02-13 12:00:00,234,41.4,2022,234.0,False,IRRIGATED
CENSUS,CROPS,FIELD CROPS,SOYBEANS,ALL CLASSES,ALL PRODUCTION PRACTICES,ALL UTILIZATION PRACTICES,AREA HARVESTED,ACRES,SOYBEANS - ACRES HARVESTED,ECONOMIC CLASS,"ECONOMIC CLASS: (LESS THAN 1,000 $)",STATE,39,39,OH,OHIO,,,,,,,,00000000,,,9000,UNITED STATES,OHIO,2022,ANNUAL,00,00,YEAR,,2024-02-13 12:00:00,636,(H),2022,636.0,False,TOTAL
CENSUS,CROPS,FIELD CROPS,SOYBEANS,ALL CLASSES,ALL PRODUCTION PRACTICES,ALL UTILIZATION PRACTICES,AREA HARVESTED,ACRES,SOYBEANS - ACRES HARVESTED,ECONOMIC CLASS,"ECONOMIC CLASS: (5,000 TO 9,999 $)",STATE,39,39,OH,OHIO,,,,,,,,00000000,,,9000,UNITED STATES,OHIO,2022,ANNUAL,00,00,YEAR,,2024-02-13 12:00:00,"18,657",36.2,2022,18657.0,False,TOTAL
CENSUS,CROPS,FIELD CROPS,SOYBEANS,ALL CLASSES,ALL PRODUCTION PRACTICES,ALL UTILIZATION PRACTICES,AREA HARVESTED,ACRES,SOYBEANS - ACRES HARVESTED,AREA OPERATED,AREA OPERATED: (50.0 TO 69.9 ACRES),STATE,39,39,OH,OHIO,,,,,,,,00000000,,,9000,UNITED STATES,OHIO,2022,ANNUAL,00,00,YEAR,,2024-02-13 12:00:00,"44,573",3.9,2022,44573.0,False,TOTAL
CENSUS,CROPS,FIELD CROPS,SOYBEANS,ALL CLASSES,ALL PRODUCTION PRACTICES,ALL UTILIZATION PRACTICES,AREA HARVESTED,ACRES,SOYBEANS - ACRES HARVESTED,NAICS CLASSIFICATION,NAICS CLASSIFICATION: (11193 & 11194 & 11199),STATE,39,39,OH,OHIO,,,,,,,,00000000,,,9000,UNITED STATES,OHIO,2022,ANNUAL,00,00,YEAR,,2024-02-13 12:00:00,"14,793",35.6,2022,14793.0,False,TOTAL
CENSUS,CROPS,FIELD CROPS,SOYBEANS,ALL CLASSES,ALL PRODUCTION PRACTICES,ALL UTILIZATION PRACTICES,AREA HARVESTED,ACRES,SOYBEANS - ACRES HARVESTED,TOTAL,NOT SPECIFIED,COUNTY,39,39,OH,OHIO,40,WEST CENTRAL,107,107,MERCER,,,00000000,,,9000,UNITED STATES,"OHIO, WEST CENTRAL, MERCER",2022,ANNUAL,00,00,YEAR,,2024-02-13 12:00:00,"107,287",(L),2022,107287.0,False,TOTAL
CENSUS,DEMOGRAPHICS,FIELD CROPS,SOYBEANS,ALL CLASSES,ALL PRODUCTION PRACTICES,ALL UTILIZATION PRACTICES,AREA HARVESTED,ACRES,SOYBEANS - ACRES HARVESTED,TENURE,TENURE: (FULL OWNER),STATE,39,39,OH,OHIO,,,,,,,,00000000,,,9000,UNITED STATES,OHIO,2022,ANNUAL,00,00,YEAR,,2024-02-13 12:00:00,"723,281",2.4,2022,723281.0,False,TOTAL
CENSUS,CROPS,FIELD CROPS,SOYBEANS,ALL CLASSES,ALL PRODUCTION PRACTICES,ALL UTILIZATION PRACTICES,AREA HARVESTED,ACRES,SOYBEANS - ACRES HARVESTED,TOTAL,NOT SPECIFIED,COUNTY,39,39,OH,OHIO,60,EAST CENTRAL,031,031,COSHOCTON,,,00000000,,,9000,UNITED STATES,"OHIO, EAST CENTRAL, COSHOCTON",2022,ANNUAL,00,00,YEAR,,2024-02-13 12:00:00,"19,289",(L),2022,19289.0,False,TOTAL
CENSUS,CROPS,FIELD CROPS,SOYBEANS,ALL CLASSES,ALL PRODUCTION PRACTICES,ALL UTILIZATION PRACTICES,AREA HARVESTED,ACRES,SOYBEANS - ACRES HARVESTED,ECONOMIC CLASS,"ECONOMIC CLASS: (2,500 TO 4,999 $)",STATE,39,39,OH,OHIO,,,,,,,,00000000,,,9000,UNITED STATES,OHIO,2022,ANNUAL,00,00,YEAR,,2024-02-13 12:00:00,"5,679",40.8,2022,5679.0,False,TOTAL
CENSUS,CROPS,FIELD CROPS,SOYBEANS,ALL CLASSES,IRRIGATED,ALL UTILIZATION PRACTICES,AREA HARVESTED,ACRES,"SOYBEANS, IRRIGATED - ACRES HARVESTED",AREA HARVESTED,AREA HARVESTED: (100 TO 249 ACRES),STATE,39,39,OH,OHIO,,,,,,,,00000000,,,9000,UNITED STATES,OHIO,2022,ANNUAL,00,00,YEAR,,2024-02-13 12:00:00,"2,215",12.0,2022,2215.0,False,IRRIGATED
CENSUS,CROPS,FIELD CROPS,SOYBEANS,ALL CLASSES,ALL PRODUCTION PRACTICES,ALL UTILIZATION PRACTICES,AREA HARVESTED,ACRES,SOYBEANS - ACRES HARVESTED,TOTAL,NOT SPECIFIED,COUNTY,39,39,OH,OHIO,30,NORTHEAST,169,169,WAYNE,,,00000000,,,9000,UNITED STATES,"OHIO, NORTHEAST, WAYNE",2022,ANNUAL,00,00,YEAR,,2024-02-13 12:00:00,"51,408",(L),2022,51408.0,False,TOTAL
CENSUS,CROPS,FIELD CROPS,SOYBEANS,ALL CLASSES,IRRIGATED,ALL UTILIZATION PRACTICES,AREA HARVESTED,ACRES,"SOYBEANS, IRRIGATED - ACRES HARVESTED",FARM SALES,"FARM SALES: (50,000 TO 99,999 $)",STATE,39,39,OH,OHIO,,,,,,,,00000000,,,9000,UNITED STATES,OHIO,2022,ANNUAL,00,00,YEAR,,2024-02-13 12:00:00,"2,620",25.0,2022,2620.0,False,IRRIGATED
CENSUS,CROPS,FIELD CROPS,SOYBEANS,ALL CLASSES,IRRIGATED,ALL UTILIZATION PRACTICES,AREA HARVESTED,ACRES,"SOYBEANS, IRRIGATED - ACRES HARVESTED",TOTAL,NOT SPECIFIED,COUNTY,39,39,OH,OHIO,90,SOUTHEAST,127,127,PERRY,,,00000000,,,9000,UNITED STATES,"OHIO, SOUTHEAST, PERRY",2022,ANNUAL,00,00,YEAR,,2024-02-13 12:00:00,(D),(D),2022,,True,IRRIGATED
CENSUS,CROPS,FIELD CROPS,SOYBEANS,ALL CLASSES,ALL PRODUCTION PRACTICES,ALL UTILIZATION PRACTICES,AREA HARVESTED,ACRES,SOYBEANS - ACRES HARVESTED,TOTAL,NOT SPECIFIED,COUNTY,39,39,OH,OHIO,80,SOUTH CENTRAL,145,145,SCIOTO,,,00000000,,,9000,UNITED STATES,"OHIO, SOUTH CENTRAL, SCIOTO",2022,ANNUAL,00,00,YEAR,,2024-02-13 12:00:00,"17,031",(L),2022,17031.0,False,TOTAL
CENSUS,CROPS,FIELD CROPS,SOYBEANS,ALL CLASSES,ALL PRODUCTION PRACTICES,ALL UTILIZATION PRACTICES,AREA HARVESTED,ACRES,SOYBEANS - ACRES HARVESTED,TOTAL,NOT SPECIFIED,COUNTY,39,39,OH,OHIO,60,EAST CENTRAL,081,081,JEFFERSON,,,00000000,,,9000,UNITED STATES,"OHIO, EAST CENTRAL, JEFFERSON",2022,ANNUAL,00,00,YEAR,,2024-02-13 12:00:00,"1,388",(L),2022,1388.0,False,TOTAL
CENSUS,CROPS,FIELD CROPS,SOYBEANS,ALL CLASSES,ALL PRODUCTION PRACTICES,ALL UTILIZATION PRACTICES,AREA HARVESTED,ACRES,SOYBEANS - ACRES HARVESTED,FARM SALES,"FARM SALES: (100,000 TO 249,999 $)",STATE,39,39,OH,OHIO,,,,,,,,00000000,,,9000,UNITED STATES,OHIO,2022,ANNUAL,00,00,YEAR,,2024-02-13 12:00:00,"523,027",3.7,2022,523027.0,False,TOTAL
CENSUS,CROPS,FIELD CROPS,SOYBEANS,ALL CLASSES,ALL PRODUCTION PRACTICES,ALL UTILIZATION PRACTICES,AREA HARVESTED,ACRES,SOYBEANS - ACRES HARVESTED,TOTAL,NOT SPECIFIED,COUNTY,39,39,OH,OHIO,30,NORTHEAST,153,153,SUMMIT,,,00000000,,,9000,UNITED STATES,"OHIO, NORTHEAST, SUMMIT",2022,ANNUAL,00,00,YEAR,,2024-02-13 12:00:00,"1,427",(L),2022,1427.0,False,TOTAL
CENSUS,CROPS,FIELD CROPS,SOYBEANS,ALL CLASSES,IRRIGATED,ALL UTILIZATION PRACTICES,AREA HARVESTED,ACRES,"SOYBEANS, IRRIGATED - ACRES HARVESTED",FARM SALES,"FARM SALES: (2,500 TO 4,999 $)",STATE,39,39,OH,OHIO,,,,,,,,00000000,,,9000,UNITED STATES,OHIO,2022,ANNUAL,00,00,YEAR,,2024-02-13 12:00:00,140,78.3,2022,140.0,False,IRRIGATED
CENSUS,CROPS,FIELD CROPS,SOYBEANS,ALL CLASSES,ALL PRODUCTION PRACTICES,ALL UTILIZATION PRACTICES,AREA HARVESTED,ACRES,SOYBEANS - ACRES HARVESTED,TOTAL,NOT SPECIFIED,COUNTY,39,39,OH,OHIO,20,NORTH CENTRAL,043,043,ERIE,,,00000000,,,9000,UNITED STATES,"OHIO, NORTH CENTRAL, ERIE",2022,ANNUAL,00,00,YEAR,,2024-02-13 12:00:00,"33,197",(L),2022,33197.0,False,TOTAL
CENSUS,CROPS,FIELD CROPS,SOYBEANS,ALL CLASSES,IRRIGATED,ALL UTILIZATION PRACTICES,AREA HARVESTED,ACRES,"SOYBEANS, IRRIGATED - ACRES HARVESTED",TOTAL,NOT SPECIFIED,COUNTY,39,39,OH,OHIO,70,SOUTHWEST,135,135,PREBLE,,,00000000,,,9000,UNITED STATES,"OHIO, SOUTHWEST, PREBLE",2022,ANNUAL,00,00,YEAR,,2024-02-13 12:00:00,510,(L),2022,510.0,False,IRRIGATED
CENSUS,CROPS,FIELD CROPS,SOYBEANS,ALL CLASSES,ALL PRODUCTION PRACTICES,ALL UTILIZATION PRACTICES,AREA HARVESTED,ACRES,SOYBEANS - ACRES HARVESTED,TOTAL,NOT SPECIFIED,COUNTY,39,39,OH,OHIO,10,NORTHWEST,137,137,PUTNAM,,,00000000,,,9000,UNITED STATES,"OHIO, NORTHWEST, PUTNAM",2022,ANNUAL,00,00,YEAR,,2024-02-13 12:00:00,"163,724",(L),2022,163724.0,False,TOTAL
CENSUS,CROPS,FIELD CROPS,SOYBEANS,ALL CLASSES,IRRIGATED,ALL UTILIZATION PRACTICES,AREA HARVESTED,ACRES,"SOYBEANS, IRRIGATED - ACRES HARVESTED",TOTAL,NOT SPECIFIED,COUNTY,39,39,OH,OHIO,40,WEST CENTRAL,109,109,MIAMI,,,00000000,,,9000,UNITED STATES,"OHIO, WEST CENTRAL, MIAMI",2022,ANNUAL,00,00,YEAR,,2024-02-13 12:00:00,745,(L),2022,745.0,False,IRRIGATED
CENSUS,CROPS,FIELD CROPS,SOYBEANS,ALL CLASSES,IRRIGATED,ALL UTILIZATION PRACTICES,AREA HARVESTED,ACRES,"SOYBEANS, IRRIGATED - ACRES HARVESTED",TOTAL,NOT SPECIFIED,COUNTY,39,39,OH,OHIO,50,CENTRAL,129,129,PICKAWAY,,,00000000,,,9000,UNITED STATES,"OHIO, CENTRAL, PICKAWAY",2022,ANNUAL,00,00,YEAR,,2024-02-13 12:00:00,74,(L),2022,74.0,False,IRRIGATED
CENSUS,CROPS,FIELD CROPS,SOYBEANS,ALL CLASSES,ALL PRODUCTION PRACTICES,ALL UTILIZATION PRACTICES,AREA HARVESTED,ACRES,SOYBEANS - ACRES HARVESTED,TOTAL,NOT SPECIFIED,COUNTY,39,39,OH,OHIO,50,CENTRAL,083,083,KNOX,,,00000000,,,9000,UNITED STATES,"OHIO, CENTRAL, KNOX",2022,ANNUAL,00,00,YEAR,,2024-02-13 12:00:00,"48,674",(L),2022,48674.0,False,TOTAL
CENSUS,CROPS,FIELD CROPS,SOYBEANS,ALL CLASSES,ALL PRODUCTION PRACTICES,ALL UTILIZATION PRACTICES,AREA HARVESTED,ACRES,SOYBEANS - ACRES HARVESTED,TOTAL,NOT SPECIFIED,COUNTY,39,39,OH,OHIO,20,NORTH CENTRAL,005,005,ASHLAND,,,00000000,,,9000,UNITED STATES,"OHIO, NORTH CENTRAL, ASHLAND",2022,ANNUAL,00,00,YEAR,,2024-02-13 12:00:00,"42,374",(L),2022,42374.0,False,TOTAL
CENSUS,CROPS,FIELD CROPS,SOYBEANS,ALL CLASSES,ALL PRODUCTION PRACTICES,ALL UTILIZATION PRACTICES,AREA HARVESTED,ACRES,SOYBEANS - ACRES HARVESTED,FARM SALES,"FARM SALES: (500,000 TO 999,999 $)",STATE,39,39,OH,OHIO,,,,,,,,00000000,,,9000,UNITED STATES,OHIO,2022,ANNUAL,00,00,YEAR,,2024-02-13 12:00:00,"852,985",16.6,2022,852985.0,False,TOTAL
CENSUS,CROPS,FIELD CROPS,SOYBEANS,ALL CLASSES,ALL PRODUCTION PRACTICES,ALL UTILIZATION PRACTICES,AREA HARVESTED,ACRES,SOYBEANS - ACRES HARVESTED,FARM SALES,"FARM SALES: (2,500 TO 4,999 $)",STATE,39,39,OH,OHIO,,,,,,,,00000000,,,9000,UNITED STATES,OHIO,2022,ANNUAL,00,00,YEAR,,2024-02-13 12:00:00,"5,878",41.1,2022,5878.0,False,TOTAL
CENSUS,CROPS,FIELD CROPS,SOYBEANS,ALL CLASSES,ALL PRODUCTION PRACTICES,ALL UTILIZATION PRACTICES,AREA HARVESTED,ACRES,SOYBEANS - ACRES HARVESTED,TOTAL,NOT SPECIFIED,COUNTY,39,39,OH,OHIO,80,SOUTH CENTRAL,131,131,PIKE,,,00000000,,,9000,UNITED STATES,"OHIO, SOUTH CENTRAL, PIKE",2022,ANNUAL,00,00,YEAR,,2024-02-13 12:00:00,"13,642",(L),2022,13642.0,False,TOTAL
CENSUS,CROPS,FIELD CROPS,SOYBEANS,ALL CLASSES,IRRIGATED,ALL UTILIZATION PRACTICES,AREA HARVESTED,ACRES,"SOYBEANS, IRRIGATED - ACRES HARVESTED",TOTAL,NOT SPECIFIED,COUNTY,39,39,OH,OHIO,30,NORTHEAST,103,103,MEDINA,,,00000000,,,9000,UNITED STATES,"OHIO, NORTHEAST, MEDINA",2022,ANNUAL,00,00,YEAR,,2024-02-13 12:00:00,(D),(D),2022,,True,IRRIGATED
CENSUS,CROPS,FIELD CROPS,SOYBEANS,ALL CLASSES,ALL PRODUCTION PRACTICES,ALL UTILIZATION PRACTICES,AREA HARVESTED,ACRES,SOYBEANS - ACRES HARVESTED,AREA OPERATED,AREA OPERATED: (140 TO 179 ACRES),STATE,39,39,OH,OHIO,,,,,,,,00000000,,,9000,UNITED STATES,OHIO,2022,ANNUAL,00,00,YEAR,,2024-02-13 12:00:00,"128,430",2.9,2022,128430.0,False,TOTAL
CENSUS,CROPS,FIELD CROPS,SOYBEANS,ALL CLASSES,IRRIGATED,ALL UTILIZATION PRACTICES,AREA HARVESTED,ACRES,"SOYBEANS, IRRIGATED - ACRES HARVESTED",AREA OPERATED,AREA OPERATED: (10.0 TO 49.9 ACRES),STATE,39,39,OH,OHIO,,,,,,,,00000000,,,9000,UNITED STATES,OHIO,2022,ANNUAL,00,00,YEAR,,2024-02-13 12:00:00,654,22.2,2022,654.0,False,IRRIGATED
CENSUS,CROPS,FIELD CROPS,SOYBEANS,ALL CLASSES,ALL PRODUCTION PRACTICES,ALL UTILIZATION PRACTICES,AREA HARVESTED,ACRES,SOYBEANS - ACRES HARVESTED,TOTAL,NOT SPECIFIED,COUNTY,39,39,OH,OHIO,90,SOUTHEAST,105,105,MEIGS,,,00000000,,,9000,UNITED STATES,"OHIO, SOUTHEAST, MEIGS",2022,ANNUAL,00,00,YEAR,,2024-02-13 12:00:00,"1,486",(L),2022,1486.0,False,TOTAL
CENSUS,CROPS,FIELD CROPS,SOYBEANS,ALL CLASSES,ALL PRODUCTION PRACTICES,ALL UTILIZATION PRACTICES,AREA HARVESTED,ACRES,SOYBEANS - ACRES HARVESTED,FARM SALES,"FARM SALES: (5,000 TO 9,999 $)",STATE,39,39,OH,OHIO,,,,,,,,00000000,,,9000,UNITED STATES,OHIO,2022,ANNUAL,00,00,YEAR,,2024-02-13 12:00:00,"19,094",36.6,2022,19094.0,False,TOTAL
CENSUS,CROPS,FIELD CROPS,SOYBEANS,ALL CLASSES,ALL PRODUCTION PRACTICES,ALL UTILIZATION PRACTICES,AREA HARVESTED,ACRES,SOYBEANS - ACRES HARVESTED,ECONOMIC CLASS,"ECONOMIC CLASS: (1,000,000 OR MORE $)",STATE,39,39,OH,OHIO,,,,,,,,00000000,,,9000,UNITED STATES,OHIO,2022,ANNUAL,00,00,YEAR,,2024-02-13 12:00:00,"2,266,078",9.1,2022,2266078.0,False,TOTAL
CENSUS,CROPS,FIELD CROPS,SOYBEANS,ALL CLASSES,ALL PRODUCTION PRACTICES,ALL UTILIZATION PRACTICES,AREA HARVESTED,ACRES,SOYBEANS - ACRES HARVESTED,TOTAL,NOT SPECIFIED,COUNTY,39,39,OH,OHIO,10,NORTHWEST,063,063,HANCOCK,,,00000000,,,9000,UNITED STATES,"OHIO, NORTHWEST, HANCOCK",2022,ANNUAL,00,00,YEAR,,2024-02-13 12:00:00,"133,656",(L),2022,133656.0,False,TOTAL
CENSUS,CROPS,FIELD CROPS,SOYBEANS,ALL CLASSES,IRRIGATED,ALL UTILIZATION PRACTICES,AREA HARVESTED,ACRES,"SOYBEANS, IRRIGATED - ACRES HARVESTED",FARM SALES,"FARM SALES: (100,000 TO 249,999 $)",STATE,39,39,OH,OHIO,,,,,,,,00000000,,,9000,UNITED STATES,OHIO,2022,ANNUAL,00,00,YEAR,,2024-02-13 12:00:00,"1,673",30.6,2022,1673.0,False,IRRIGATED
CENSUS,CROPS,FIELD CROPS,SOYBEANS,ALL CLASSES,IRRIGATED,ALL UTILIZATION PRACTICES,AREA HARVESTED,ACRES,"SOYBEANS, IRRIGATED - ACRES HARVESTED",AREA HARVESTED,"AREA HARVESTED: (2,000 TO 2,999 ACRES)",STATE,39,39,OH,OHIO,,,,,,,,00000000,,,9000,UNITED STATES,OHIO,2022,ANNUAL,00,00,YEAR,,2024-02-13 12:00:00,(D),(D),2022,,True,IRRIGATED
CENSUS,CROPS,FIELD CROPS,SOYBEANS,ALL CLASSES,IRRIGATED,ALL UTILIZATION PRACTICES,AREA HARVESTED,ACRES,"SOYBEANS, IRRIGATED - ACRES HARVESTED",TOTAL,NOT SPECIFIED,COUNTY,39,39,OH,OHIO,30,NORTHEAST,151,151,STARK,,,00000000,,,9000,UNITED STATES,"OHIO, NORTHEAST, STARK",2022,ANNUAL,00,00,YEAR,,2024-02-13 12:00:00,251,(L),2022,251.0,False,IRRIGATED
CENSUS,CROPS,FIELD CROPS,SOYBEANS,ALL CLASSES,ALL PRODUCTION PRACTICES,ALL UTILIZATION PRACTICES,AREA HARVESTED,ACRES,SOYBEANS - ACRES HARVESTED,TOTAL,NOT SPECIFIED,COUNTY,39,39,OH,OHIO,30,NORTHEAST,099,099,MAHONING,,,00000000,,,9000,UNITED STATES,"OHIO, NORTHEAST, MAHONING",2022,ANNUAL,00,00,YEAR,,2024-02-13 12:00:00,"17,786",(L),2022,17786.0,False,TOTAL
CENSUS,CROPS,FIELD CROPS,SOYBEANS,ALL CLASSES,IRRIGATED,ALL UTILIZATION PRACTICES,AREA HARVESTED,ACRES,"SOYBEANS, IRRIGATED - ACRES HARVESTED",TOTAL,NOT SPECIFIED,COUNTY,39,39,OH,OHIO,20,NORTH CENTRAL,139,139,RICHLAND,,,00000000,,,9000,UNITED STATES,"OHIO, NORTH CENTRAL, RICHLAND",2022,ANNUAL,00,00,YEAR,,2024-02-13 12:00:00,(D),(D),2022,,True,IRRIGATED
CENSUS,CROPS,FIELD CROPS,SOYBEANS,ALL CLASSES,IRRIGATED,ALL UTILIZATION PRACTICES,AREA HARVESTED,ACRES,"SOYBEANS, IRRIGATED - ACRES HARVESTED",FARM SALES,"FARM SALES: (1,000 TO 2,499 $)",STATE,39,39,OH,OHIO,,,,,,,,00000000,,,9000,UNITED STATES,OHIO,2022,ANNUAL,00,00,YEAR,,2024-02-13 12:00:00,28,83.8,2022,28.0,False,IRRIGATED
CENSUS,CROPS,FIELD CROPS,SOYBEANS,ALL CLASSES,IRRIGATED,ALL UTILIZATION PRACTICES,AREA HARVESTED,ACRES,"SOYBEANS, IRRIGATED - ACRES HARVESTED",ECONOMIC CLASS,"ECONOMIC CLASS: (250,000 TO 499,999 $)",STATE,39,39,OH,OHIO,,,,,,,,00000000,,,9000,UNITED STATES,OHIO,2022,ANNUAL,00,00,YEAR,,2024-02-13 12:00:00,987,90.4,2022,987.0,False,IRRIGATED
CENSUS,CROPS,FIELD CROPS,SOYBEANS,ALL CLASSES,ALL PRODUCTION PRACTICES,ALL UTILIZATION PRACTICES,AREA HARVESTED,ACRES,SOYBEANS - ACRES HARVESTED,AREA OPERATED,AREA OPERATED: (260 TO 499 ACRES),STATE,39,39,OH,OHIO,,,,,,,,00000000,,,9000,UNITED STATES,OHIO,2022,ANNUAL,00,00,YEAR,,2024-02-13 12:00:00,"631,754",2.6,2022,631754.0,False,TOTAL
CENSUS,CROPS,FIELD CROPS,SOYBEANS,ALL CLASSES,IRRIGATED,ALL UTILIZATION PRACTICES,AREA HARVESTED,ACRES,"SOYBEANS, IRRIGATED - ACRES HARVESTED",TOTAL,NOT SPECIFIED,COUNTY,39,39,OH,OHIO,10,NORTHWEST,069,069,HENRY,,,00000000,,,9000,UNITED STATES,"OHIO, NORTHWEST, HENRY",2022,ANNUAL,00,00,YEAR,,2024-02-13 12:00:00,(D),(D),2022,,True,IRRIGATED
CENSUS,DEMOGRAPHICS,FIELD CROPS,SOYBEANS,ALL CLASSES,IRRIGATED,ALL UTILIZATION PRACTICES,AREA HARVESTED,ACRES,"SOYBEANS, IRRIGATED - ACRES HARVESTED",ORGANIZATION,"ORGANIZATION: (TAX PURPOSES, PARTNERSHIP)",STATE,39,39,OH,OHIO,,,,,,,,00000000,,,9000,UNITED STATES,OHIO,2022,ANNUAL,00,00,YEAR,,2024-02-13 12:00:00,(D),(D),2022,,True,IRRIGATED
CENSUS,CROPS,FIELD CROPS,SOYBEANS,ALL CLASSES,ALL PRODUCTION PRACTICES,ALL UTILIZATION PRACTICES,AREA HARVESTED,ACRES,SOYBEANS - ACRES HARVESTED,TOTAL,NOT SPECIFIED,COUNTY,39,39,OH,OHIO,80,SOUTH CENTRAL,071,071,HIGHLAND,,,00000000,,,9000,UNITED STATES,"OHIO, SOUTH CENTRAL, HIGHLAND",2022,ANNUAL,00,00,YEAR,,2024-02-13 12:00:00,"96,819",(L),2022,96819.0,False,TOTAL
CENSUS,CROPS,FIELD CROPS,SOYBEANS,ALL CLASSES,IRRIGATED,ALL UTILIZATION PRACTICES,AREA HARVESTED,ACRES,"SOYBEANS, IRRIGATED - ACRES HARVESTED",NAICS CLASSIFICATION,NAICS CLASSIFICATION: (1111),STATE,39,39,OH,OHIO,,,,,,,,00000000,,,9000,UNITED STATES,OHIO,2022,ANNUAL,00,00,YEAR,,2024-02-13 12:00:00,(D),(D),2022,,True,IRRIGATED
CENSUS,CROPS,FIELD CROPS,SOYBEANS,ALL CLASSES,ALL PRODUCTION PRACTICES,ALL UTILIZATION PRACTICES,AREA HARVESTED,ACRES,SOYBEANS - ACRES HARVESTED,NAICS CLASSIFICATION,NAICS CLASSIFICATION: (1111),STATE,39,39,OH,OHIO,,,,,,,,00000000,,,9000,UNITED STATES,OHIO,2022,ANNUAL,00,00,YEAR,,2024-02-13 12:00:00,"4,488,692",0.9,2022,4488692.0,False,TOTAL
CENSUS,CROPS,FIELD CROPS,SOYBEANS,ALL CLASSES,IRRIGATED,ALL UTILIZATION PRACTICES,AREA HARVESTED,ACRES,"SOYBEANS, IRRIGATED - ACRES HARVESTED",NAICS CLASSIFICATION,NAICS CLASSIFICATION: (1125 & 1129),STATE,39,39,OH,OHIO,,,,,,,,00000000,,,9000,UNITED STATES,OHIO,2022,ANNUAL,00,00,YEAR,,2024-02-13 12:00:00,(D),(D),2022,,True,IRRIGATED
CENSUS,CROPS,FIELD CROPS,SOYBEANS,ALL CLASSES,ALL PRODUCTION PRACTICES,ALL UTILIZATION PRACTICES,AREA HARVESTED,ACRES,SOYBEANS - ACRES HARVESTED,TOTAL,NOT SPECIFIED,COUNTY,39,39,OH,OHIO,50,CENTRAL,047,047,FAYETTE,,,00000000,,,9000,UNITED STATES,"OHIO, CENTRAL, FAYETTE",2022,ANNUAL,00,00,YEAR,,2024-02-13 12:00:00,"85,559",(L),2022,85559.0,False,TOTAL
CENSUS,CROPS,FIELD CROPS,SOYBEANS,ALL CLASSES,ALL PRODUCTION PRACTICES,ALL UTILIZATION PRACTICES,AREA HARVESTED,ACRES,SOYBEANS - ACRES HARVESTED,TOTAL,NOT SPECIFIED,COUNTY,39,39,OH,OHIO,50,CENTRAL,089,089,LICKING,,,00000000,,,9000,UNITED STATES,"OHIO, CENTRAL, LICKING",2022,ANNUAL,00,00,YEAR,,2024-02-13 12:00:00,"58,737",(L),2022,58737.0,False,TOTAL
CENSUS,CROPS,FIELD CROPS,SOYBEANS,ALL CLASSES,IRRIGATED,ALL UTILIZATION PRACTICES,AREA HARVESTED,ACRES,"SOYBEANS, IRRIGATED - ACRES HARVESTED",AREA OPERATED,AREA OPERATED: (260 TO 499 ACRES),STATE,39,39,OH,OHIO,,,,,,,,00000000,,,9000,UNITED STATES,OHIO,2022,ANNUAL,00,00,YEAR,,2024-02-13 12:00:00,779,35.5,2022,779.0,False,IRRIGATED
CENSUS,CROPS,FIELD CROPS,SOYBEANS,ALL CLASSES,ALL PRODUCTION PRACTICES,ALL UTILIZATION PRACTICES,AREA HARVESTED,ACRES,SOYBEANS - ACRES HARVESTED,TOTAL,NOT SPECIFIED,COUNTY,39,39,OH,OHIO,80,SOUTH CENTRAL,087,087,LAWRENCE,,,00000000,,,9000,UNITED STATES,"OHIO, SOUTH CENTRAL, LAWRENCE",2022,ANNUAL,00,00,YEAR,,2024-02-13 12:00:00,"1,606",(L),2022,1606.0,False,TOTAL
CENSUS,CROPS,FIELD CROPS,SOYBEANS,ALL CLASSES,IRRIGATED,ALL UTILIZATION PRACTICES,AREA HARVESTED,ACRES,"SOYBEANS, IRRIGATED - ACRES HARVESTED",TOTAL,NOT SPECIFIED,COUNTY,39,39,OH,OHIO,20,NORTH CENTRAL,123,123,OTTAWA,,,00000000,,,9000,UNITED STATES,"OHIO, NORTH CENTRAL, OTTAWA",2022,ANNUAL,00,00,YEAR,,2024-02-13 12:00:00,(D),(D),2022,,True,IRRIGATED
CENSUS,CROPS,FIELD CROPS,SOYBEANS,ALL CLASSES,ALL PRODUCTION PRACTICES,ALL UTILIZATION PRACTICES,AREA HARVESTED,ACRES,SOYBEANS - ACRES HARVESTED,TOTAL,NOT SPECIFIED,COUNTY,39,39,OH,OHIO,10,NORTHWEST,051,051,FULTON,,,00000000,,,9000,UNITED STATES,"OHIO, NORTHWEST, FULTON",2022,ANNUAL,00,00,YEAR,,2024-02-13 12:00:00,"90,981",(L),2022,90981.0,False,TOTAL
CENSUS,CROPS,FIELD CROPS,SOYBEANS,ALL CLASSES,ALL PRODUCTION PRACTICES,ALL UTILIZATION PRACTICES,AREA HARVESTED,ACRES,SOYBEANS - ACRES HARVESTED,AREA OPERATED,AREA OPERATED: (100 TO 139 ACRES),STATE,39,39,OH,OHIO,,,,,,,,00000000,,,9000,UNITED STATES,OHIO,2022,ANNUAL,00,00,YEAR,,2024-02-13 12:00:00,"135,504",5.6,2022,135504.0,False,TOTAL
CENSUS,DEMOGRAPHICS,FIELD CROPS,SOYBEANS,ALL CLASSES,IRRIGATED,ALL UTILIZATION PRACTICES,AREA HARVESTED,ACRES,"SOYBEANS, IRRIGATED - ACRES HARVESTED",PRODUCERS,PRODUCERS: (5 OR MORE PRODUCERS),STATE,39,39,OH,OHIO,,,,,,,,00000000,,,9000,UNITED STATES,OHIO,2022,ANNUAL,00,00,YEAR,,2024-02-13 12:00:00,"1,461",(L),2022,1461.0,False,IRRIGATED
CENSUS,CROPS,FIELD CROPS,SOYBEANS,ALL CLASSES,ALL PRODUCTION PRACTICES,ALL UTILIZATION PRACTICES,AREA HARVESTED,ACRES,SOYBEANS - ACRES HARVESTED,TOTAL,NOT SPECIFIED,COUNTY,39,39,OH,OHIO,60,EAST CENTRAL,157,157,TUSCARAWAS,,,00000000,,,9000,UNITED STATES,"OHIO, EAST CENTRAL, TUSCARAWAS",2022,ANNUAL,00,00,YEAR,,2024-02-13 12:00:00,"17,253",(L),2022,17253.0,False,TOTAL
CENSUS,DEMOGRAPHICS,FIELD CROPS,SOYBEANS,ALL CLASSES,IRRIGATED,ALL UTILIZATION PRACTICES,AREA HARVESTED,ACRES,"SOYBEANS, IRRIGATED - ACRES HARVESTED",ORGANIZATION,"ORGANIZATION: (TAX PURPOSES, PARTNERSHIP, REGISTERED UNDER STATE LAW)",STATE,39,39,OH,OHIO,,,,,,,,00000000,,,9000,UNITED STATES,OHIO,2022,ANNUAL,00,00,YEAR,,2024-02-13 12:00:00,(D),(D),2022,,True,IRRIGATED
CENSUS,CROPS,FIELD CROPS,SOYBEANS,ALL CLASSES,IRRIGATED,ALL UTILIZATION PRACTICES,AREA HARVESTED,ACRES,"SOYBEANS, IRRIGATED - ACRES HARVESTED",TOTAL,NOT SPECIFIED,COUNTY,39,39,OH,OHIO,50,CENTRAL,083,083,KNOX,,,00000000,,,9000,UNITED STATES,"OHIO, CENTRAL, KNOX",2022,ANNUAL,00,00,YEAR,,2024-02-13 12:00:00,63,(L),2022,63.0,False,IRRIGATED
CENSUS,CROPS,FIELD CROPS,SOYBEANS,ALL CLASSES,ALL PRODUCTION PRACTICES,ALL UTILIZATION PRACTICES,AREA HARVESTED,ACRES,SOYBEANS - ACRES HARVESTED,AREA OPERATED,"AREA OPERATED: (1,000 TO 1,999 ACRES)",STATE,39,39,OH,OHIO,,,,,,,,00000000,,,9000,UNITED STATES,OHIO,2022,ANNUAL,00,00,YEAR,,2024-02-13 12:00:00,"1,170,508",9.0,2022,1170508.0,False,TOTAL
CENSUS,CROPS,FIELD CROPS,SOYBEANS,ALL CLASSES,ALL PRODUCTION PRACTICES,ALL UTILIZATION PRACTICES,AREA HARVESTED,ACRES,SOYBEANS - ACRES HARVESTED,TOTAL,NOT SPECIFIED,COUNTY,39,39,OH,OHIO,30,NORTHEAST,103,103,MEDINA,,,00000000,,,9000,UNITED STATES,"OHIO, NORTHEAST, MEDINA",2022,ANNUAL,00,00,YEAR,,2024-02-13 12:00:00,"31,176",(L),2022,31176.0,False,TOTAL
CENSUS,CROPS,FIELD CROPS,SOYBEANS,ALL CLASSES,ALL PRODUCTION PRACTICES,ALL UTILIZATION PRACTICES,AREA HARVESTED,ACRES,SOYBEANS - ACRES HARVESTED,TOTAL,NOT SPECIFIED,COUNTY,39,39,OH,OHIO,30,NORTHEAST,007,007,ASHTABULA,,,00000000,,,9000,UNITED STATES,"OHIO, NORTHEAST, ASHTABULA",2022,ANNUAL,00,00,YEAR,,2024-02-13 12:00:00,"31,945",(L),2022,31945.0,False,TOTAL
CENSUS,CROPS,FIELD CROPS,SOYBEANS,ALL CLASSES,IRRIGATED,ALL UTILIZATION PRACTICES,AREA HARVESTED,ACRES,"SOYBEANS, IRRIGATED - ACRES HARVESTED",ECONOMIC CLASS,"ECONOMIC CLASS: (10,000 TO 24,999 $)",STATE,39,39,OH,OHIO,,,,,,,,00000000,,,9000,UNITED STATES,OHIO,2022,ANNUAL,00,00,YEAR,,2024-02-13 12:00:00,376,40.8,2022,376.0,False,IRRIGATED
CENSUS,CROPS,FIELD CROPS,SOYBEANS,ALL CLASSES,ALL PRODUCTION PRACTICES,ALL UTILIZATION PRACTICES,AREA HARVESTED,ACRES,SOYBEANS - ACRES HARVESTED,TOTAL,NOT SPECIFIED,COUNTY,39,39,OH,OHIO,70,SOUTHWEST,057,057,GREENE,,,00000000,,,9000,UNITED STATES,"OHIO, SOUTHWEST, GREENE",2022,ANNUAL,00,00,YEAR,,2024-02-13 12:00:00,"65,907",(L),2022,65907.0,False,TOTAL
CENSUS,DEMOGRAPHICS,FIELD CROPS,SOYBEANS,ALL CLASSES,ALL PRODUCTION PRACTICES,ALL UTILIZATION PRACTICES,AREA HARVESTED,ACRES,SOYBEANS - ACRES HARVESTED,ORGANIZATION,"ORGANIZATION: (TAX PURPOSES, PARTNERSHIP)",STATE,39,39,OH,OHIO,,,,,,,,00000000,,,9000,UNITED STATES,OHIO,2022,ANNUAL,00,00,YEAR,,2024-02-13 12:00:00,"1,025,181",3.7,2022,1025181.0,False,TOTAL
CENSUS,CROPS,FIELD CROPS,SOYBEANS,ALL CLASSES,IRRIGATED,ALL UTILIZATION PRACTICES,AREA HARVESTED,ACRES,"SOYBEANS, IRRIGATED - ACRES HARVESTED",TOTAL,NOT SPECIFIED,COUNTY,39,39,OH,OHIO,70,SOUTHWEST,113,113,MONTGOMERY,,,00000000,,,9000,UNITED STATES,"OHIO, SOUTHWEST, MONTGOMERY",2022,ANNUAL,00,00,YEAR,,2024-02-13 12:00:00,(D),(D),2022,,True,IRRIGATED
CENSUS,CROPS,FIELD CROPS,SOYBEANS,ALL CLASSES,ALL PRODUCTION PRACTICES,ALL UTILIZATION PRACTICES,AREA HARVESTED,ACRES,SOYBEANS - ACRES HARVESTED,TOTAL,NOT SPECIFIED,COUNTY,39,39,OH,OHIO,60,EAST CENTRAL,019,019,CARROLL,,,00000000,,,9000,UNITED STATES,"OHIO, EAST CENTRAL, CARROLL",2022,ANNUAL,00,00,YEAR,,2024-02-13 12:00:00,"11,030",(L),2022,11030.0,False,TOTAL
CENSUS,CROPS,FIELD CROPS,SOYBEANS,ALL CLASSES,IRRIGATED,ALL UTILIZATION PRACTICES,AREA HARVESTED,ACRES,"SOYBEANS, IRRIGATED - ACRES HARVESTED",AREA OPERATED,AREA OPERATED: (100 TO 139 ACRES),STATE,39,39,OH,OHIO,,,,,,,,00000000,,,9000,UNITED STATES,OHIO,2022,ANNUAL,00,00,YEAR,,2024-02-13 12:00:00,"1,247",14.1,2022,1247.0,False,IRRIGATED
CENSUS,CROPS,FIELD CROPS,SOYBEANS,ALL CLASSES,ALL PRODUCTION PRACTICES,ALL UTILIZATION PRACTICES,AREA HARVESTED,ACRES,SOYBEANS - ACRES HARVESTED,TOTAL,NOT SPECIFIED,COUNTY,39,39,OH,OHIO,20,NORTH CENTRAL,123,123,OTTAWA,,,00000000,,,9000,UNITED STATES,"OHIO, NORTH CENTRAL, OTTAWA",2022,ANNUAL,00,00,YEAR,,2024-02-13 12:00:00,"69,221",(L),2022,69221.0,False,TOTAL
CENSUS,DEMOGRAPHICS,FIELD CROPS,SOYBEANS,ALL CLASSES,IRRIGATED,ALL UTILIZATION PRACTICES,AREA HARVESTED,ACRES,"SOYBEANS, IRRIGATED - ACRES HARVESTED",TENURE,TENURE: (TENANT),STATE,39,39,OH,OHIO,,,,,,,,00000000,,,9000,UNITED STATES,OHIO,2022,ANNUAL,00,00,YEAR,,2024-02-13 12:00:00,"2,974",15.7,2022,2974.0,False,IRRIGATED
CENSUS,CROPS,FIELD CROPS,SOYBEANS,ALL CLASSES,IRRIGATED,ALL UTILIZATION PRACTICES,AREA HARVESTED,ACRES,"SOYBEANS, IRRIGATED - ACRES HARVESTED",TOTAL,NOT SPECIFIED,COUNTY,39,39,OH,OHIO,40,WEST CENTRAL,149,149,SHELBY,,,00000000,,,9000,UNITED STATES,"OHIO, WEST CENTRAL, SHELBY",2022,ANNUAL,00,00,YEAR,,2024-02-13 12:00:00,254,(L),2022,254.0,False,IRRIGATED
CENSUS,CROPS,FIELD CROPS,SOYBEANS,ALL CLASSES,IRRIGATED,ALL UTILIZATION PRACTICES,AREA HARVESTED,ACRES,"SOYBEANS, IRRIGATED - ACRES HARVESTED",TOTAL,NOT SPECIFIED,COUNTY,39,39,OH,OHIO,10,NORTHWEST,171,171,WILLIAMS,,,00000000,,,9000,UNITED STATES,"OHIO, NORTHWEST, WILLIAMS",2022,ANNUAL,00,00,YEAR,,2024-02-13 12:00:00,798,(L),2022,798.0,False,IRRIGATED
CENSUS,DEMOGRAPHICS,FIELD CROPS,SOYBEANS,ALL CLASSES,ALL PRODUCTION PRACTICES,ALL UTILIZATION PRACTICES,AREA HARVESTED,ACRES,SOYBEANS - ACRES HARVESTED,ORGANIZATION,"ORGANIZATION: (TAX PURPOSES, PARTNERSHIP, REGISTERED UNDER STATE LAW)",STATE,39,39,OH,OHIO,,,,,,,,00000000,,,9000,UNITED STATES,OHIO,2022,ANNUAL,00,00,YEAR,,2024-02-13 12:00:00,"893,736",4.5,2022,893736.0,False,TOTAL
CENSUS,CROPS,FIELD CROPS,SOYBEANS,ALL CLASSES,ALL PRODUCTION PRACTICES,ALL UTILIZATION PRACTICES,AREA HARVESTED,ACRES,SOYBEANS - ACRES HARVESTED,TOTAL,NOT SPECIFIED,COUNTY,39,39,OH,OHIO,20,NORTH CENTRAL,147,147,SENECA,,,00000000,,,9000,UNITED STATES,"OHIO, NORTH CENTRAL, SENECA",2022,ANNUAL,00,00,YEAR,,2024-02-13 12:00:00,"111,329",(L),2022,111329.0,False,TOTAL
CENSUS,DEMOGRAPHICS,FIELD CROPS,SOYBEANS,ALL CLASSES,ALL PRODUCTION PRACTICES,ALL UTILIZATION PRACTICES,AREA HARVESTED,ACRES,SOYBEANS - ACRES HARVESTED,ORGANIZATION,"ORGANIZATION: (TAX PURPOSES, CORPORATION, FAMILY HELD, LE 10 STOCKHOLDERS)",STATE,39,39,OH,OHIO,,,,,,,,00000000,,,9000,UNITED STATES,OHIO,2022,ANNUAL,00,00,YEAR,,2024-02-13 12:00:00,"502,420",4.8,2022,502420.0,False,TOTAL
CENSUS,CROPS,FIELD CROPS,SOYBEANS,ALL CLASSES,ALL PRODUCTION PRACTICES,ALL UTILIZATION PRACTICES,AREA HARVESTED,ACRES,SOYBEANS - ACRES HARVESTED,TOTAL,NOT SPECIFIED,COUNTY,39,39,OH,OHIO,30,NORTHEAST,055,055,GEAUGA,,,00000000,,,9000,UNITED STATES,"OHIO, NORTHEAST, GEAUGA",2022,ANNUAL,00,00,YEAR,,2024-02-13 12:00:00,"5,150",(L),2022,5150.0,False,TOTAL
CENSUS,CROPS,FIELD CROPS,SOYBEANS,ALL CLASSES,ALL PRODUCTION PRACTICES,ALL UTILIZATION PRACTICES,AREA HARVESTED,ACRES,SOYBEANS - ACRES HARVESTED,TOTAL,NOT SPECIFIED,COUNTY,39,39,OH,OHIO,70,SOUTHWEST,061,061,HAMILTON,,,00000000,,,9000,UNITED STATES,"OHIO, SOUTHWEST, HAMILTON",2022,ANNUAL,00,00,YEAR,,2024-02-13 12:00:00,"2,945",(L),2022,2945.0,False,TOTAL
CENSUS,CROPS,FIELD CROPS,SOYBEANS,ALL CLASSES,ALL PRODUCTION PRACTICES,ALL UTILIZATION PRACTICES,AREA HARVESTED,ACRES,SOYBEANS - ACRES HARVESTED,TOTAL,NOT SPECIFIED,COUNTY,39,39,OH,OHIO,30,NORTHEAST,151,151,STARK,,,00000000,,,9000,UNITED STATES,"OHIO, NORTHEAST, STARK",2022,ANNUAL,00,00,YEAR,,2024-02-13 12:00:00,"25,428",(L),2022,25428.0,False,TOTAL
CENSUS,CROPS,FIELD CROPS,SOYBEANS,ALL CLASSES,IRRIGATED,ALL UTILIZATION PRACTICES,AREA HARVESTED,ACRES,"SOYBEANS, IRRIGATED - ACRES HARVESTED",TOTAL,NOT SPECIFIED,COUNTY,39,39,OH,OHIO,10,NORTHWEST,039,039,DEFIANCE,,,00000000,,,9000,UNITED STATES,"OHIO, NORTHWEST, DEFIANCE",2022,ANNUAL,00,00,YEAR,,2024-02-13 12:00:00,438,(L),2022,438.0,False,IRRIGATED
CENSUS,CROPS,FIELD CROPS,SOYBEANS,ALL CLASSES,IRRIGATED,ALL UTILIZATION PRACTICES,AREA HARVESTED,ACRES,"SOYBEANS, IRRIGATED - ACRES HARVESTED",AREA OPERATED,AREA OPERATED: (220 TO 259 ACRES),STATE,39,39,OH,OHIO,,,,,,,,00000000,,,9000,UNITED STATES,OHIO,2022,ANNUAL,00,00,YEAR,,2024-02-13 12:00:00,976,48.7,2022,976.0,False,IRRIGATED
CENSUS,CROPS,FIELD CROPS,SOYBEANS,ALL CLASSES,ALL PRODUCTION PRACTICES,ALL UTILIZATION PRACTICES,AREA HARVESTED,ACRES,SOYBEANS - ACRES HARVESTED,ECONOMIC CLASS,"ECONOMIC CLASS: (25,000 TO 49,999 $)",STATE,39,39,OH,OHIO,,,,,,,,00000000,,,9000,UNITED STATES,OHIO,2022,ANNUAL,00,00,YEAR,,2024-02-13 12:00:00,"116,248",3.4,2022,116248.0,False,TOTAL
CENSUS,CROPS,FIELD CROPS,SOYBEANS,ALL CLASSES,ALL PRODUCTION PRACTICES,ALL UTILIZATION PRACTICES,AREA HARVESTED,ACRES,SOYBEANS - ACRES HARVESTED,TOTAL,NOT SPECIFIED,COUNTY,39,39,OH,OHIO,80,SOUTH CENTRAL,015,015,BROWN,,,00000000,,,9000,UNITED STATES,"OHIO, SOUTH CENTRAL, BROWN",2022,ANNUAL,00,00,YEAR,,2024-02-13 12:00:00,"73,229",(L),2022,73229.0,False,TOTAL
CENSUS,CROPS,FIELD CROPS,SOYBEANS,ALL CLASSES,ALL PRODUCTION PRACTICES,ALL UTILIZATION PRACTICES,AREA HARVESTED,ACRES,SOYBEANS - ACRES HARVESTED,TOTAL,NOT SPECIFIED,COUNTY,39,39,OH,OHIO,50,CENTRAL,117,117,MORROW,,,00000000,,,9000,UNITED STATES,"OHIO, CENTRAL, MORROW",2022,ANNUAL,00,00,YEAR,,2024-02-13 12:00:00,"64,647",(L),2022,64647.0,False,TOTAL
CENSUS,CROPS,FIELD CROPS,SOYBEANS,ALL CLASSES,ALL PRODUCTION PRACTICES,ALL UTILIZATION PRACTICES,AREA HARVESTED,ACRES,SOYBEANS - ACRES HARVESTED,TOTAL,NOT SPECIFIED,COUNTY,39,39,OH,OHIO,30,NORTHEAST,133,133,PORTAGE,,,00000000,,,9000,UNITED STATES,"OHIO, NORTHEAST, PORTAGE",2022,ANNUAL,00,00,YEAR,,2024-02-13 12:00:00,"19,770",(L),2022,19770.0,False,TOTAL
CENSUS,CROPS,FIELD CROPS,SOYBEANS,ALL CLASSES,ALL PRODUCTION PRACTICES,ALL UTILIZATION PRACTICES,AREA HARVESTED,ACRES,SOYBEANS - ACRES HARVESTED,TOTAL,NOT SPECIFIED,COUNTY,39,39,OH,OHIO,70,SOUTHWEST,017,017,BUTLER,,,00000000,,,9000,UNITED STATES,"OHIO, SOUTHWEST, BUTLER",2022,ANNUAL,00,00,YEAR,,2024-02-13 12:00:00,"26,235",(L),2022,26235.0,False,TOTAL
CENSUS,CROPS,FIELD CROPS,SOYBEANS,ALL CLASSES,ALL PRODUCTION PRACTICES,ALL UTILIZATION PRACTICES,AREA HARVESTED,ACRES,SOYBEANS - ACRES HARVESTED,TOTAL,NOT SPECIFIED,COUNTY,39,39,OH,OHIO,80,SOUTH CENTRAL,001,001,ADAMS,,,00000000,,,9000,UNITED STATES,"OHIO, SOUTH CENTRAL, ADAMS",2022,ANNUAL,00,00,YEAR,,2024-02-13 12:00:00,"24,732",(L),2022,24732.0,False,TOTAL
CENSUS,DEMOGRAPHICS,FIELD CROPS,SOYBEANS,ALL CLASSES,IRRIGATED,ALL UTILIZATION PRACTICES,AREA HARVESTED,ACRES,"SOYBEANS, IRRIGATED - ACRES HARVESTED",ORGANIZATION,"ORGANIZATION: (TAX PURPOSES, CORPORATION, (EXCL FAMILY HELD), LE 10 STOCKHOLDERS)",STATE,39,39,OH,OHIO,,,,,,,,00000000,,,9000,UNITED STATES,OHIO,2022,ANNUAL,00,00,YEAR,,2024-02-13 12:00:00,632,7.9,2022,632.0,False,IRRIGATED
CENSUS,CROPS,FIELD CROPS,SOYBEANS,ALL CLASSES,IRRIGATED,ALL UTILIZATION PRACTICES,AREA HARVESTED,ACRES,"SOYBEANS, IRRIGATED - ACRES HARVESTED",ECONOMIC CLASS,"ECONOMIC CLASS: (25,000 TO 49,999 $)",STATE,39,39,OH,OHIO,,,,,,,,00000000,,,9000,UNITED STATES,OHIO,2022,ANNUAL,00,00,YEAR,,2024-02-13 12:00:00,744,29.9,2022,744.0,False,IRRIGATED
CENSUS,CROPS,FIELD CROPS,SOYBEANS,ALL CLASSES,IRRIGATED,ALL UTILIZATION PRACTICES,AREA HARVESTED,ACRES,"SOYBEANS, IRRIGATED - ACRES HARVESTED",TOTAL,NOT SPECIFIED,COUNTY,39,39,OH,OHIO,10,NORTHWEST,003,003,ALLEN,,,00000000,,,9000,UNITED STATES,"OHIO, NORTHWEST, ALLEN",2022,ANNUAL,00,00,YEAR,,2024-02-13 12:00:00,237,(L),2022,237.0,False,IRRIGATED
CENSUS,CROPS,FIELD CROPS,SOYBEANS,ALL CLASSES,ALL PRODUCTION PRACTICES,ALL UTILIZATION PRACTICES,AREA HARVESTED,ACRES,SOYBEANS - ACRES HARVESTED,TOTAL,NOT SPECIFIED,COUNTY,39,39,OH,OHIO,40,WEST CENTRAL,091,091,LOGAN,,,00000000,,,9000,UNITED STATES,"OHIO, WEST CENTRAL, LOGAN",2022,ANNUAL,00,00,YEAR,,2024-02-13 12:00:00,"85,291",(L),2022,85291.0,False,TOTAL
CENSUS,CROPS,FIELD CROPS,SOYBEANS,ALL CLASSES,ALL PRODUCTION PRACTICES,ALL UTILIZATION PRACTICES,AREA HARVESTED,ACRES,SOYBEANS - ACRES HARVESTED,TOTAL,NOT SPECIFIED,COUNTY,39,39,OH,OHIO,40,WEST CENTRAL,021,021,CHAMPAIGN,,,00000000,,,9000,UNITED STATES,"OHIO, WEST CENTRAL, CHAMPAIGN",2022,ANNUAL,00,00,YEAR,,2024-02-13 12:00:00,"87,427",(L),2022,87427.0,False,TOTAL
CENSUS,CROPS,FIELD CROPS,SOYBEANS,ALL CLASSES,ALL PRODUCTION PRACTICES,ALL UTILIZATION PRACTICES,AREA HARVESTED,ACRES,SOYBEANS - ACRES HARVESTED,ECONOMIC CLASS,"ECONOMIC CLASS: (1,000 TO 2,499 $)",STATE,39,39,OH,OHIO,,,,,,,,00000000,,,9000,UNITED STATES,OHIO,2022,ANNUAL,00,00,YEAR,,2024-02-13 12:00:00,"1,333",76.1,2022,1333.0,False,TOTAL
CENSUS,DEMOGRAPHICS,FIELD CROPS,SOYBEANS,ALL CLASSES,ALL PRODUCTION PRACTICES,ALL UTILIZATION PRACTICES,AREA HARVESTED,ACRES,SOYBEANS - ACRES HARVESTED,ORGANIZATION,"ORGANIZATION: (TAX PURPOSES, CORPORATION, FAMILY HELD)",STATE,39,39,OH,OHIO,,,,,,,,00000000,,,9000,UNITED STATES,OHIO,2022,ANNUAL,00,00,YEAR,,2024-02-13 12:00:00,"513,264",4.7,2022,513264.0,False,TOTAL
CENSUS,CROPS,FIELD CROPS,SOYBEANS,ALL CLASSES,IRRIGATED,ALL UTILIZATION PRACTICES,AREA HARVESTED,ACRES,"SOYBEANS, IRRIGATED - ACRES HARVESTED",AREA HARVESTED,AREA HARVESTED: (500 TO 999 ACRES),STATE,39,39,OH,OHIO,,,,,,,,00000000,,,9000,UNITED STATES,OHIO,2022,ANNUAL,00,00,YEAR,,2024-02-13 12:00:00,"2,209",42.4,2022,2209.0,False,IRRIGATED
CENSUS,CROPS,FIELD CROPS,SOYBEANS,ALL CLASSES,ALL PRODUCTION PRACTICES,ALL UTILIZATION PRACTICES,AREA HARVESTED,ACRES,SOYBEANS - ACRES HARVESTED,TOTAL,NOT SPECIFIED,COUNTY,39,39,OH,OHIO,60,EAST CENTRAL,075,075,HOLMES,,,00000000,,,9000,UNITED STATES,"OHIO, EAST CENTRAL, HOLMES",2022,ANNUAL,00,00,YEAR,,2024-02-13 12:00:00,"16,085",(L),2022,16085.0,False,TOTAL
CENSUS,CROPS,FIELD CROPS,SOYBEANS,ALL CLASSES,ALL PRODUCTION PRACTICES,ALL UTILIZATION PRACTICES,AREA HARVESTED,ACRES,SOYBEANS - ACRES HARVESTED,TOTAL,NOT SPECIFIED,COUNTY,39,39,OH,OHIO,50,CENTRAL,049,049,FRANKLIN,,,00000000,,,9000,UNITED STATES,"OHIO, CENTRAL, FRANKLIN",2022,ANNUAL,00,00,YEAR,,2024-02-13 12:00:00,"20,845",(L),2022,20845.0,False,TOTAL
CENSUS,CROPS,FIELD CROPS,SOYBEANS,ALL CLASSES,ALL PRODUCTION PRACTICES,ALL UTILIZATION PRACTICES,AREA HARVESTED,ACRES,SOYBEANS - ACRES HARVESTED,TOTAL,NOT SPECIFIED,COUNTY,39,39,OH,OHIO,10,NORTHWEST,003,003,ALLEN,,,00000000,,,9000,UNITED STATES,"OHIO, NORTHWEST, ALLEN",2022,ANNUAL,00,00,YEAR,,2024-02-13 12:00:00,"76,200",(L),2022,76200.0,False,TOTAL
CENSUS,CROPS,FIELD CROPS,SOYBEANS,ALL CLASSES,IRRIGATED,ALL UTILIZATION PRACTICES,AREA HARVESTED,ACRES,"SOYBEANS, IRRIGATED - ACRES HARVESTED",TOTAL,NOT SPECIFIED,COUNTY,39,39,OH,OHIO,10,NORTHWEST,051,051,FULTON,,,00000000,,,9000,UNITED STATES,"OHIO, NORTHWEST, FULTON",2022,ANNUAL,00,00,YEAR,,2024-02-13 12:00:00,(D),(D),2022,,True,IRRIGATED
CENSUS,DEMOGRAPHICS,FIELD CROPS,SOYBEANS,ALL CLASSES,IRRIGATED,ALL UTILIZATION PRACTICES,AREA HARVESTED,ACRES,"SOYBEANS, IRRIGATED - ACRES HARVESTED",ORGANIZATION,"ORGANIZATION: (TAX PURPOSES, CORPORATION, FAMILY HELD, LE 10 STOCKHOLDERS)",STATE,39,39,OH,OHIO,,,,,,,,00000000,,,9000,UNITED STATES,OHIO,2022,ANNUAL,00,00,YEAR,,2024-02-13 12:00:00,"1,141",31.0,2022,1141.0,False,IRRIGATED
CENSUS,CROPS,FIELD CROPS,SOYBEANS,ALL CLASSES,IRRIGATED,ALL UTILIZATION PRACTICES,AREA HARVESTED,ACRES,"SOYBEANS, IRRIGATED - ACRES HARVESTED",TOTAL,NOT SPECIFIED,COUNTY,39,39,OH,OHIO,30,NORTHEAST,155,155,TRUMBULL,,,00000000,,,9000,UNITED STATES,"OHIO, NORTHEAST, TRUMBULL",2022,ANNUAL,00,00,YEAR,,2024-02-13 12:00:00,(D),(D),2022,,True,IRRIGATED
CENSUS,CROPS,FIELD CROPS,SOYBEANS,ALL CLASSES,ALL PRODUCTION PRACTICES,ALL UTILIZATION PRACTICES,AREA HARVESTED,ACRES,SOYBEANS - ACRES HARVESTED,TOTAL,NOT SPECIFIED,COUNTY,39,39,OH,OHIO,10,NORTHWEST,171,171,WILLIAMS,,,00000000,,,9000,UNITED STATES,"OHIO, NORTHWEST, WILLIAMS",2022,ANNUAL,00,00,YEAR,,2024-02-13 12:00:00,"115,586",(L),2022,115586.0,False,TOTAL
CENSUS,DEMOGRAPHICS,FIELD CROPS,SOYBEANS,ALL CLASSES,ALL PRODUCTION PRACTICES,ALL UTILIZATION PRACTICES,AREA HARVESTED,ACRES,SOYBEANS - ACRES HARVESTED,PRODUCERS,PRODUCERS: (3 TO 4 PRODUCERS),STATE,39,39,OH,OHIO,,,,,,,,00000000,,,9000,UNITED STATES,OHIO,2022,ANNUAL,00,00,YEAR,,2024-02-13 12:00:00,"975,140",10.4,2022,975140.0,False,TOTAL
CENSUS,CROPS,FIELD CROPS,SOYBEANS,ALL CLASSES,ALL PRODUCTION PRACTICES,ALL UTILIZATION PRACTICES,AREA HARVESTED,ACRES,SOYBEANS - ACRES HARVESTED,AREA OPERATED,AREA OPERATED: (10.0 TO 49.9 ACRES),STATE,39,39,OH,OHIO,,,,,,,,00000000,,,9000,UNITED STATES,OHIO,2022,ANNUAL,00,00,YEAR,,2024-02-13 12:00:00,"64,017",10.0,2022,64017.0,False,TOTAL
CENSUS,CROPS,FIELD CROPS,SOYBEANS,ALL CLASSES,ALL PRODUCTION PRACTICES,ALL UTILIZATION PRACTICES,AREA HARVESTED,ACRES,SOYBEANS - ACRES HARVESTED,FARM SALES,"FARM SALES: (1,000 TO 2,499 $)",STATE,39,39,OH,OHIO,,,,,,,,00000000,,,9000,UNITED STATES,OHIO,2022,ANNUAL,00,00,YEAR,,2024-02-13 12:00:00,"1,376",78.0,2022,1376.0,False,TOTAL
CENSUS,CROPS,FIELD CROPS,SOYBEANS,ALL CLASSES,ALL PRODUCTION PRACTICES,ALL UTILIZATION PRACTICES,AREA HARVESTED,ACRES,SOYBEANS - ACRES HARVESTED,TOTAL,NOT SPECIFIED,COUNTY,39,39,OH,OHIO,20,NORTH CENTRAL,143,143,SANDUSKY,,,00000000,,,9000,UNITED STATES,"OHIO, NORTH CENTRAL, SANDUSKY",2022,ANNUAL,00,00,YEAR,,2024-02-13 12:00:00,"75,960",(L),2022,75960.0,False,TOTAL
CENSUS,CROPS,FIELD CROPS,SOYBEANS,ALL CLASSES,ALL PRODUCTION PRACTICES,ALL UTILIZATION PRACTICES,AREA HARVESTED,ACRES,SOYBEANS - ACRES HARVESTED,TOTAL,NOT SPECIFIED,COUNTY,39,39,OH,OHIO,60,EAST CENTRAL,067,067,HARRISON,,,00000000,,,9000,UNITED STATES,"OHIO, EAST CENTRAL, HARRISON",2022,ANNUAL,00,00,YEAR,,2024-02-13 12:00:00,"3,544",(L),2022,3544.0,False,TOTAL
CENSUS,CROPS,FIELD CROPS,SOYBEANS,ALL CLASSES,IRRIGATED,ALL UTILIZATION PRACTICES,AREA HARVESTED,ACRES,"SOYBEANS, IRRIGATED - ACRES HARVESTED",TOTAL,NOT SPECIFIED,COUNTY,39,39,OH,OHIO,50,CENTRAL,141,141,ROSS,,,00000000,,,9000,UNITED STATES,"OHIO, CENTRAL, ROSS",2022,ANNUAL,00,00,YEAR,,2024-02-13 12:00:00,549,(L),2022,549.0,False,IRRIGATED
CENSUS,CROPS,FIELD CROPS,SOYBEANS,ALL CLASSES,ALL PRODUCTION PRACTICES,ALL UTILIZATION PRACTICES,AREA HARVESTED,ACRES,SOYBEANS - ACRES HARVESTED,FARM SALES,"FARM SALES: (250,000 TO 499,999 $)",STATE,39,39,OH,OHIO,,,,,,,,00000000,,,9000,UNITED STATES,OHIO,2022,ANNUAL,00,00,YEAR,,2024-02-13 12:00:00,"748,503",19.2,2022,748503.0,False,TOTAL
CENSUS,CROPS,FIELD CROPS,SOYBEANS,ALL CLASSES,ALL PRODUCTION PRACTICES,ALL UTILIZATION PRACTICES,AREA HARVESTED,ACRES,SOYBEANS - ACRES HARVESTED,TOTAL,NOT SPECIFIED,COUNTY,39,39,OH,OHIO,10,NORTHWEST,039,039,DEFIANCE,,,00000000,,,9000,UNITED STATES,"OHIO, NORTHWEST, DEFIANCE",2022,ANNUAL,00,00,YEAR,,2024-02-13 12:00:00,"107,893",(L),2022,107893.0,False,TOTAL
CENSUS,CROPS,FIELD CROPS,SOYBEANS,ALL CLASSES,ALL PRODUCTION PRACTICES,ALL UTILIZATION PRACTICES,AREA HARVESTED,ACRES,SOYBEANS - ACRES HARVESTED,TOTAL,NOT SPECIFIED,COUNTY,39,39,OH,OHIO,10,NORTHWEST,161,161,VAN WERT,,,00000000,,,9000,UNITED STATES,"OHIO, NORTHWEST, VAN WERT",2022,ANNUAL,00,00,YEAR,,2024-02-13 12:00:00,"123,750",(L),2022,123750.0,False,TOTAL
CENSUS,CROPS,FIELD CROPS,SOYBEANS,ALL CLASSES,ALL PRODUCTION PRACTICES,ALL UTILIZATION PRACTICES,AREA HARVESTED,ACRES,SOYBEANS - ACRES HARVESTED,NAICS CLASSIFICATION,NAICS CLASSIFICATION: (1119),STATE,39,39,OH,OHIO,,,,,,,,00000000,,,9000,UNITED STATES,OHIO,2022,ANNUAL,00,00,YEAR,,2024-02-13 12:00:00,"14,793",35.6,2022,14793.0,False,TOTAL
CENSUS,CROPS,FIELD CROPS,SOYBEANS,ALL CLASSES,IRRIGATED,ALL UTILIZATION PRACTICES,AREA HARVESTED,ACRES,"SOYBEANS, IRRIGATED - ACRES HARVESTED",TOTAL,NOT SPECIFIED,COUNTY,39,39,OH,OHIO,20,NORTH CENTRAL,175,175,WYANDOT,,,00000000,,,9000,UNITED STATES,"OHIO, NORTH CENTRAL, WYANDOT",2022,ANNUAL,00,00,YEAR,,2024-02-13 12:00:00,19,(L),2022,19.0,False,IRRIGATED
CENSUS,CROPS,FIELD CROPS,SOYBEANS,ALL CLASSES,ALL PRODUCTION PRACTICES,ALL UTILIZATION PRACTICES,AREA HARVESTED,ACRES,SOYBEANS - ACRES HARVESTED,TOTAL,NOT SPECIFIED,COUNTY,39,39,OH,OHIO,30,NORTHEAST,085,085,LAKE,,,00000000,,,9000,UNITED STATES,"OHIO, NORTHEAST, LAKE",2022,ANNUAL,00,00,YEAR,,2024-02-13 12:00:00,987,(L),2022,987.0,False,TOTAL
CENSUS,CROPS,FIELD CROPS,SOYBEANS,ALL CLASSES,ALL PRODUCTION PRACTICES,ALL UTILIZATION PRACTICES,AREA HARVESTED,ACRES,SOYBEANS - ACRES HARVESTED,TOTAL,NOT SPECIFIED,COUNTY,39,39,OH,OHIO,30,NORTHEAST,155,155,TRUMBULL,,,00000000,,,9000,UNITED STATES,"OHIO, NORTHEAST, TRUMBULL",2022,ANNUAL,00,00,YEAR,,2024-02-13 12:00:00,"31,223",(L),2022,31223.0,False,TOTAL
CENSUS,CROPS,FIELD CROPS,SOYBEANS,ALL CLASSES,ALL PRODUCTION PRACTICES,ALL UTILIZATION PRACTICES,AREA HARVESTED,ACRES,SOYBEANS - ACRES HARVESTED,TOTAL,NOT SPECIFIED,STATE,39,39,OH,OHIO,,,,,,,,00000000,,,9000,UNITED STATES,OHIO,2022,ANNUAL,00,00,YEAR,,2024-02-13 12:00:00,"4,830,774",0.7,2022,4830774.0,False,TOTAL
CENSUS,CROPS,FIELD CROPS,SOYBEANS,ALL CLASSES,ALL PRODUCTION PRACTICES,ALL UTILIZATION PRACTICES,AREA HARVESTED,ACRES,SOYBEANS - ACRES HARVESTED,AREA OPERATED,AREA OPERATED: (70.0 TO 99.9 ACRES),STATE,39,39,OH,OHIO,,,,,,,,00000000,,,9000,UNITED STATES,OHIO,2022,ANNUAL,00,00,YEAR,,2024-02-13 12:00:00,"99,146",2.9,2022,99146.0,False,TOTAL
CENSUS,CROPS,FIELD CROPS,SOYBEANS,ALL CLASSES,ALL PRODUCTION PRACTICES,ALL UTILIZATION PRACTICES,AREA HARVESTED,ACRES,SOYBEANS - ACRES HARVESTED,TOTAL,NOT SPECIFIED,COUNTY,39,39,OH,OHIO,50,CENTRAL,045,045,FAIRFIELD,,,00000000,,,9000,UNITED STATES,"OHIO, CENTRAL, FAIRFIELD",2022,ANNUAL,00,00,YEAR,,2024-02-13 12:00:00,"76,389",(L),2022,76389.0,False,TOTAL
CENSUS,CROPS,FIELD CROPS,SOYBEANS,ALL CLASSES,IRRIGATED,ALL UTILIZATION PRACTICES,AREA HARVESTED,ACRES,"SOYBEANS, IRRIGATED - ACRES HARVESTED",AREA OPERATED,AREA OPERATED: (180 TO 219 ACRES),STATE,39,39,OH,OHIO,,,,,,,,00000000,,,9000,UNITED STATES,OHIO,2022,ANNUAL,00,00,YEAR,,2024-02-13 12:00:00,171,56.5,2022,171.0,False,IRRIGATED
CENSUS,DEMOGRAPHICS,FIELD CROPS,SOYBEANS,ALL CLASSES,IRRIGATED,ALL UTILIZATION PRACTICES,AREA HARVESTED,ACRES,"SOYBEANS, IRRIGATED - ACRES HARVESTED",ORGANIZATION,"ORGANIZATION: (TAX PURPOSES, FAMILY & INDIVIDUAL)",STATE,39,39,OH,OHIO,,,,,,,,00000000,,,9000,UNITED STATES,OHIO,2022,ANNUAL,00,00,YEAR,,2024-02-13 12:00:00,"7,848",25.8,2022,7848.0,False,IRRIGATED
CENSUS,CROPS,FIELD CROPS,SOYBEANS,ALL CLASSES,IRRIGATED,ALL UTILIZATION PRACTICES,AREA HARVESTED,ACRES,"SOYBEANS, IRRIGATED - ACRES HARVESTED",TOTAL,NOT SPECIFIED,COUNTY,39,39,OH,OHIO,40,WEST CENTRAL,091,091,LOGAN,,,00000000,,,9000,UNITED STATES,"OHIO, WEST CENTRAL, LOGAN",2022,ANNUAL,00,00,YEAR,,2024-02-13 12:00:00,(D),(D),2022,,True,IRRIGATED
CENSUS,CROPS,FIELD CROPS,SOYBEANS,ALL CLASSES,IRRIGATED,ALL UTILIZATION PRACTICES,AREA HARVESTED,ACRES,"SOYBEANS, IRRIGATED - ACRES HARVESTED",TOTAL,NOT SPECIFIED,COUNTY,39,39,OH,OHIO,70,SOUTHWEST,017,017,BUTLER,,,00000000,,,9000,UNITED STATES,"OHIO, SOUTHWEST, BUTLER",2022,ANNUAL,00,00,YEAR,,2024-02-13 12:00:00,(D),(D),2022,,True,IRRIGATED
CENSUS,CROPS,FIELD CROPS,SOYBEANS,ALL CLASSES,ALL PRODUCTION PRACTICES,ALL UTILIZATION PRACTICES,AREA HARVESTED,ACRES,SOYBEANS - ACRES HARVESTED,TOTAL,NOT SPECIFIED,COUNTY,39,39,OH,OHIO,40,WEST CENTRAL,109,109,MIAMI,,,00000000,,,9000,UNITED STATES,"OHIO, WEST CENTRAL, MIAMI",2022,ANNUAL,00,00,YEAR,,2024-02-13 12:00:00,"70,516",(L),2022,70516.0,False,TOTAL
CENSUS,CROPS,FIELD CROPS,SOYBEANS,ALL CLASSES,ALL PRODUCTION PRACTICES,ALL UTILIZATION PRACTICES,AREA HARVESTED,ACRES,SOYBEANS - ACRES HARVESTED,TOTAL,NOT SPECIFIED,COUNTY,39,39,OH,OHIO,10,NORTHWEST,125,125,PAULDING,,,00000000,,,9000,UNITED STATES,"OHIO, NORTHWEST, PAULDING",2022,ANNUAL,00,00,YEAR,,2024-02-13 12:00:00,"113,373",(L),2022,113373.0,False,TOTAL
CENSUS,CROPS,FIELD CROPS,SOYBEANS,ALL CLASSES,ALL PRODUCTION PRACTICES,ALL UTILIZATION PRACTICES,AREA HARVESTED,ACRES,SOYBEANS - ACRES HARVESTED,ECONOMIC CLASS,"ECONOMIC CLASS: (50,000 TO 99,999 $)",STATE,39,39,OH,OHIO,,,,,,,,00000000,,,9000,UNITED STATES,OHIO,2022,ANNUAL,00,00,YEAR,,2024-02-13 12:00:00,"230,017",4.2,2022,230017.0,False,TOTAL
CENSUS,CROPS,FIELD CROPS,SOYBEANS,ALL CLASSES,IRRIGATED,ALL UTILIZATION PRACTICES,AREA HARVESTED,ACRES,"SOYBEANS, IRRIGATED - ACRES HARVESTED",ECONOMIC CLASS,"ECONOMIC CLASS: (1,000,000 OR MORE $)",STATE,39,39,OH,OHIO,,,,,,,,00000000,,,9000,UNITED STATES,OHIO,2022,ANNUAL,00,00,YEAR,,2024-02-13 12:00:00,"5,426",20.1,2022,5426.0,False,IRRIGATED
CENSUS,CROPS,FIELD CROPS,SOYBEANS,ALL CLASSES,IRRIGATED,ALL UTILIZATION PRACTICES,AREA HARVESTED,ACRES,"SOYBEANS, IRRIGATED - ACRES HARVESTED",TOTAL,NOT SPECIFIED,COUNTY,39,39,OH,OHIO,50,CENTRAL,101,101,MARION,,,00000000,,,9000,UNITED STATES,"OHIO, CENTRAL, MARION",2022,ANNUAL,00,00,YEAR,,2024-02-13 12:00:00,602,(L),2022,602.0,False,IRRIGATED
CENSUS,CROPS,FIELD CROPS,SOYBEANS,ALL CLASSES,IRRIGATED,ALL UTILIZATION PRACTICES,AREA HARVESTED,ACRES,"SOYBEANS, IRRIGATED - ACRES HARVESTED",AREA HARVESTED,AREA HARVESTED: (1.0 TO 14.9 ACRES),STATE,39,39,OH,OHIO,,,,,,,,00000000,,,9000,UNITED STATES,OHIO,2022,ANNUAL,00,00,YEAR,,2024-02-13 12:00:00,253,43.7,2022,253.0,False,IRRIGATED
CENSUS,CROPS,FIELD CROPS,SOYBEANS,ALL CLASSES,ALL PRODUCTION PRACTICES,ALL UTILIZATION PRACTICES,AREA HARVESTED,ACRES,SOYBEANS - ACRES HARVESTED,TOTAL,NOT SPECIFIED,COUNTY,39,39,OH,OHIO,90,SOUTHEAST,073,073,HOCKING,,,00000000,,,9000,UNITED STATES,"OHIO, SOUTHEAST, HOCKING",2022,ANNUAL,00,00,YEAR,,2024-02-13 12:00:00,"2,142",(L),2022,2142.0,False,TOTAL
CENSUS,DEMOGRAPHICS,FIELD CROPS,SOYBEANS,ALL CLASSES,ALL PRODUCTION PRACTICES,ALL UTILIZATION PRACTICES,AREA HARVESTED,ACRES,SOYBEANS - ACRES HARVESTED,ORGANIZATION,"ORGANIZATION: (TAX PURPOSES, CORPORATION, (EXCL FAMILY HELD), LE 10 STOCKHOLDERS)",STATE,39,39,OH,OHIO,,,,,,,,00000000,,,9000,UNITED STATES,OHIO,2022,ANNUAL,00,00,YEAR,,2024-02-13 12:00:00,"21,283",23.2,2022,21283.0,False,TOTAL
CENSUS,CROPS,FIELD CROPS,SOYBEANS,ALL CLASSES,IRRIGATED,ALL UTILIZATION PRACTICES,AREA HARVESTED,ACRES,"SOYBEANS, IRRIGATED - ACRES HARVESTED",TOTAL,NOT SPECIFIED,COUNTY,39,39,OH,OHIO,40,WEST CENTRAL,065,065,HARDIN,,,00000000,,,9000,UNITED STATES,"OHIO, WEST CENTRAL, HARDIN",2022,ANNUAL,00,00,YEAR,,2024-02-13 12:00:00,137,(L),2022,137.0,False,IRRIGATED
CENSUS,CROPS,FIELD CROPS,SOYBEANS,ALL CLASSES,IRRIGATED,ALL UTILIZATION PRACTICES,AREA HARVESTED,ACRES,"SOYBEANS, IRRIGATED - ACRES HARVESTED",AREA OPERATED,"AREA OPERATED: (2,000 OR MORE ACRES)",STATE,39,39,OH,OHIO,,,,,,,,00000000,,,9000,UNITED STATES,OHIO,2022,ANNUAL,00,00,YEAR,,2024-02-13 12:00:00,"2,959",38.4,2022,2959.0,False,IRRIGATED
CENSUS,DEMOGRAPHICS,FIELD CROPS,SOYBEANS,ALL CLASSES,IRRIGATED,ALL UTILIZATION PRACTICES,AREA HARVESTED,ACRES,"SOYBEANS, IRRIGATED - ACRES HARVESTED",ORGANIZATION,"ORGANIZATION: (TAX PURPOSES, INSTITUTIONAL & RESEARCH & RESERVATION & OTHER)",STATE,39,39,OH,OHIO,,,,,,,,00000000,,,9000,UNITED STATES,OHIO,2022,ANNUAL,00,00,YEAR,,2024-02-13 12:00:00,(D),(D),2022,,True,IRRIGATED
CENSUS,CROPS,FIELD CROPS,SOYBEANS,ALL CLASSES,ALL PRODUCTION PRACTICES,ALL UTILIZATION PRACTICES,AREA HARVESTED,ACRES,SOYBEANS - ACRES HARVESTED,FARM SALES,"FARM SALES: (LESS THAN 1,000 $)",STATE,39,39,OH,OHIO,,,,,,,,00000000,,,9000,UNITED STATES,OHIO,2022,ANNUAL,00,00,YEAR,,2024-02-13 12:00:00,708,(H),2022,708.0,False,TOTAL
CENSUS,CROPS,FIELD CROPS,SOYBEANS,ALL CLASSES,ALL PRODUCTION PRACTICES,ALL UTILIZATION PRACTICES,AREA HARVESTED,ACRES,SOYBEANS - ACRES HARVESTED,TOTAL,NOT SPECIFIED,COUNTY,39,39,OH,OHIO,10,NORTHWEST,069,069,HENRY,,,00000000,,,9000,UNITED STATES,"OHIO, NORTHWEST, HENRY",2022,ANNUAL,00,00,YEAR,,2024-02-13 12:00:00,"111,273",(L),2022,111273.0,False,TOTAL
CENSUS,CROPS,FIELD CROPS,SOYBEANS,ALL CLASSES,ALL PRODUCTION PRACTICES,ALL UTILIZATION PRACTICES,AREA HARVESTED,ACRES,SOYBEANS - ACRES HARVESTED,AREA HARVESTED,"AREA HARVESTED: (5,000 OR MORE ACRES)",STATE,39,39,OH,OHIO,,,,,,,,00000000,,,9000,UNITED STATES,OHIO,2022,ANNUAL,00,00,YEAR,,2024-02-13 12:00:00,"69,488",(L),2022,69488.0,False,TOTAL
CENSUS,CROPS,FIELD CROPS,SOYBEANS,ALL CLASSES,IRRIGATED,ALL UTILIZATION PRACTICES,AREA HARVESTED,ACRES,"SOYBEANS, IRRIGATED - ACRES HARVESTED",TOTAL,NOT SPECIFIED,COUNTY,39,39,OH,OHIO,50,CENTRAL,097,097,MADISON,,,00000000,,,9000,UNITED STATES,"OHIO, CENTRAL, MADISON",2022,ANNUAL,00,00,YEAR,,2024-02-13 12:00:00,239,(L),2022,239.0,False,IRRIGATED
CENSUS,CROPS,FIELD CROPS,SOYBEANS,ALL CLASSES,IRRIGATED,ALL UTILIZATION PRACTICES,AREA HARVESTED,ACRES,"SOYBEANS, IRRIGATED - ACRES HARVESTED",NAICS CLASSIFICATION,NAICS CLASSIFICATION: (11212),STATE,39,39,OH,OHIO,,,,,,,,00000000,,,9000,UNITED STATES,OHIO,2022,ANNUAL,00,00,YEAR,,2024-02-13 12:00:00,(D),(D),2022,,True,IRRIGATED
CENSUS,CROPS,FIELD CROPS,SOYBEANS,ALL CLASSES,ALL PRODUCTION PRACTICES,ALL UTILIZATION PRACTICES,AREA HARVESTED,ACRES,SOYBEANS - ACRES HARVESTED,AREA HARVESTED,"AREA HARVESTED: (2,000 TO 2,999 ACRES)",STATE,39,39,OH,OHIO,,,,,,,,00000000,,,9000,UNITED STATES,OHIO,2022,ANNUAL,00,00,YEAR,,2024-02-13 12:00:00,"259,749",1.8,2022,259749.0,False,TOTAL
CENSUS,DEMOGRAPHICS,FIELD CROPS,SOYBEANS,ALL CLASSES,ALL PRODUCTION PRACTICES,ALL UTILIZATION PRACTICES,AREA HARVESTED,ACRES,SOYBEANS - ACRES HARVESTED,ORGANIZATION,"ORGANIZATION: (TAX PURPOSES, CORPORATION)",STATE,39,39,OH,OHIO,,,,,,,,00000000,,,9000,UNITED STATES,OHIO,2022,ANNUAL,00,00,YEAR,,2024-02-13 12:00:00,"534,796",3.9,2022,534796.0,False,TOTAL
CENSUS,CROPS,FIELD CROPS,SOYBEANS,ALL CLASSES,IRRIGATED,ALL UTILIZATION PRACTICES,AREA HARVESTED,ACRES,"SOYBEANS, IRRIGATED - ACRES HARVESTED",TOTAL,NOT SPECIFIED,COUNTY,39,39,OH,OHIO,20,NORTH CENTRAL,147,147,SENECA,,,00000000,,,9000,UNITED STATES,"OHIO, NORTH CENTRAL, SENECA",2022,ANNUAL,00,00,YEAR,,2024-02-13 12:00:00,231,(L),2022,231.0,False,IRRIGATED
CENSUS,CROPS,FIELD CROPS,SOYBEANS,ALL CLASSES,ALL PRODUCTION PRACTICES,ALL UTILIZATION PRACTICES,AREA HARVESTED,ACRES,SOYBEANS - ACRES HARVESTED,TOTAL,NOT SPECIFIED,COUNTY,39,39,OH,OHIO,70,SOUTHWEST,025,025,CLERMONT,,,00000000,,,9000,UNITED STATES,"OHIO, SOUTHWEST, CLERMONT",2022,ANNUAL,00,00,YEAR,,2024-02-13 12:00:00,"35,001",(L),2022,35001.0,False,TOTAL
CENSUS,CROPS,FIELD CROPS,SOYBEANS,ALL CLASSES,IRRIGATED,ALL UTILIZATION PRACTICES,AREA HARVESTED,ACRES,"SOYBEANS, IRRIGATED - ACRES HARVESTED",AREA OPERATED,AREA OPERATED: (140 TO 179 ACRES),STATE,39,39,OH,OHIO,,,,,,,,00000000,,,9000,UNITED STATES,OHIO,2022,ANNUAL,00,00,YEAR,,2024-02-13 12:00:00,541,73.2,2022,541.0,False,IRRIGATED
CENSUS,CROPS,FIELD CROPS,SOYBEANS,ALL CLASSES,ALL PRODUCTION PRACTICES,ALL UTILIZATION PRACTICES,AREA HARVESTED,ACRES,SOYBEANS - ACRES HARVESTED,AREA HARVESTED,AREA HARVESTED: (25.0 TO 49.9 ACRES),STATE,39,39,OH,OHIO,,,,,,,,00000000,,,9000,UNITED STATES,OHIO,2022,ANNUAL,00,00,YEAR,,2024-02-13 12:00:00,"136,202",3.8,2022,136202.0,False,TOTAL
CENSUS,CROPS,FIELD CROPS,SOYBEANS,ALL CLASSES,ALL PRODUCTION PRACTICES,ALL UTILIZATION PRACTICES,AREA HARVESTED,ACRES,SOYBEANS - ACRES HARVESTED,TOTAL,NOT SPECIFIED,COUNTY,39,39,OH,OHIO,50,CENTRAL,097,097,MADISON,,,00000000,,,9000,UNITED STATES,"OHIO, CENTRAL, MADISON",2022,ANNUAL,00,00,YEAR,,2024-02-13 12:00:00,"113,470",(L),2022,113470.0,False,TOTAL
CENSUS,CROPS,FIELD CROPS,SOYBEANS,ALL CLASSES,IRRIGATED,ALL UTILIZATION PRACTICES,AREA HARVESTED,ACRES,"SOYBEANS, IRRIGATED - ACRES HARVESTED",TOTAL,NOT SPECIFIED,COUNTY,39,39,OH,OHIO,50,CENTRAL,049,049,FRANKLIN,,,00000000,,,9000,UNITED STATES,"OHIO, CENTRAL, FRANKLIN",2022,ANNUAL,00,00,YEAR,,2024-02-13 12:00:00,(D),(D),2022,,True,IRRIGATED
CENSUS,CROPS,FIELD CROPS,SOYBEANS,ALL CLASSES,ALL PRODUCTION PRACTICES,ALL UTILIZATION PRACTICES,AREA HARVESTED,ACRES,SOYBEANS - ACRES HARVESTED,TOTAL,NOT SPECIFIED,COUNTY,39,39,OH,OHIO,90,SOUTHEAST,167,167,WASHINGTON,,,00000000,,,9000,UNITED STATES,"OHIO, SOUTHEAST, WASHINGTON",2022,ANNUAL,00,00,YEAR,,2024-02-13 12:00:00,"11,166",(L),2022,11166.0,False,TOTAL
CENSUS,CROPS,FIELD CROPS,SOYBEANS,ALL CLASSES,IRRIGATED,ALL UTILIZATION PRACTICES,AREA HARVESTED,ACRES,"SOYBEANS, IRRIGATED - ACRES HARVESTED",ECONOMIC CLASS,"ECONOMIC CLASS: (100,000 TO 249,999 $)",STATE,39,39,OH,OHIO,,,,,,,,00000000,,,9000,UNITED STATES,OHIO,2022,ANNUAL,00,00,YEAR,,2024-02-13 12:00:00,"1,871",30.1,2022,1871.0,False,IRRIGATED
CENSUS,CROPS,FIELD CROPS,SOYBEANS,ALL CLASSES,ALL PRODUCTION PRACTICES,ALL UTILIZATION PRACTICES,AREA HARVESTED,ACRES,SOYBEANS - ACRES HARVESTED,FARM SALES,"FARM SALES: (10,000 TO 24,999 $)",STATE,39,39,OH,OHIO,,,,,,,,00000000,,,9000,UNITED STATES,OHIO,2022,ANNUAL,00,00,YEAR,,2024-02-13 12:00:00,"59,952",4.8,2022,59952.0,False,TOTAL
CENSUS,CROPS,FIELD CROPS,SOYBEANS,ALL CLASSES,IRRIGATED,ALL UTILIZATION PRACTICES,AREA HARVESTED,ACRES,"SOYBEANS, IRRIGATED - ACRES HARVESTED",TOTAL,NOT SPECIFIED,COUNTY,39,39,OH,OHIO,80,SOUTH CENTRAL,015,015,BROWN,,,00000000,,,9000,UNITED STATES,"OHIO, SOUTH CENTRAL, BROWN",2022,ANNUAL,00,00,YEAR,,2024-02-13 12:00:00,(D),(D),2022,,True,IRRIGATED
CENSUS,CROPS,FIELD CROPS,SOYBEANS,ALL CLASSES,IRRIGATED,ALL UTILIZATION PRACTICES,AREA HARVESTED,ACRES,"SOYBEANS, IRRIGATED - ACRES HARVESTED",TOTAL,NOT SPECIFIED,COUNTY,39,39,OH,OHIO,20,NORTH CENTRAL,033,033,CRAWFORD,,,00000000,,,9000,UNITED STATES,"OHIO, NORTH CENTRAL, CRAWFORD",2022,ANNUAL,00,00,YEAR,,2024-02-13 12:00:00,(D),(D),2022,,True,IRRIGATED
CENSUS,CROPS,FIELD CROPS,SOYBEANS,ALL CLASSES,IRRIGATED,ALL UTILIZATION PRACTICES,AREA HARVESTED,ACRES,"SOYBEANS, IRRIGATED - ACRES HARVESTED",ECONOMIC CLASS,"ECONOMIC CLASS: (2,500 TO 4,999 $)",STATE,39,39,OH,OHIO,,,,,,,,00000000,,,9000,UNITED STATES,OHIO,2022,ANNUAL,00,00,YEAR,,2024-02-13 12:00:00,142,74.5,2022,142.0,False,IRRIGATED
CENSUS,CROPS,FIELD CROPS,SOYBEANS,ALL CLASSES,ALL PRODUCTION PRACTICES,ALL UTILIZATION PRACTICES,AREA HARVESTED,ACRES,SOYBEANS - ACRES HARVESTED,NAICS CLASSIFICATION,NAICS CLASSIFICATION: (1124),STATE,39,39,OH,OHIO,,,,,,,,00000000,,,9000,UNITED STATES,OHIO,2022,ANNUAL,00,00,YEAR,,2024-02-13 12:00:00,574,17.2,2022,574.0,False,TOTAL
CENSUS,CROPS,FIELD CROPS,SOYBEANS,ALL CLASSES,ALL PRODUCTION PRACTICES,ALL UTILIZATION PRACTICES,AREA HARVESTED,ACRES,SOYBEANS - ACRES HARVESTED,AREA OPERATED,AREA OPERATED: (180 TO 219 ACRES),STATE,39,39,OH,OHIO,,,,,,,,00000000,,,9000,UNITED STATES,OHIO,2022,ANNUAL,00,00,YEAR,,2024-02-13 12:00:00,"116,070",4.6,2022,116070.0,False,TOTAL
CENSUS,CROPS,FIELD CROPS,SOYBEANS,ALL CLASSES,ALL PRODUCTION PRACTICES,ALL UTILIZATION PRACTICES,AREA HARVESTED,ACRES,SOYBEANS - ACRES HARVESTED,ECONOMIC CLASS,"ECONOMIC CLASS: (10,000 TO 24,999 $)",STATE,39,39,OH,OHIO,,,,,,,,00000000,,,9000,UNITED STATES,OHIO,2022,ANNUAL,00,00,YEAR,,2024-02-13 12:00:00,"57,542",4.1,2022,57542.0,False,TOTAL
CENSUS,CROPS,FIELD CROPS,SOYBEANS,ALL CLASSES,ALL PRODUCTION PRACTICES,ALL UTILIZATION PRACTICES,AREA HARVESTED,ACRES,SOYBEANS - ACRES HARVESTED,NAICS CLASSIFICATION,NAICS CLASSIFICATION: (112111),STATE,39,39,OH,OHIO,,,,,,,,00000000,,,9000,UNITED STATES,OHIO,2022,ANNUAL,00,00,YEAR,,2024-02-13 12:00:00,"24,957",19.8,2022,24957.0,False,TOTAL
CENSUS,CROPS,FIELD CROPS,SOYBEANS,ALL CLASSES,IRRIGATED,ALL UTILIZATION PRACTICES,AREA HARVESTED,ACRES,"SOYBEANS, IRRIGATED - ACRES HARVESTED",TOTAL,NOT SPECIFIED,COUNTY,39,39,OH,OHIO,80,SOUTH CENTRAL,145,145,SCIOTO,,,00000000,,,9000,UNITED STATES,"OHIO, SOUTH CENTRAL, SCIOTO",2022,ANNUAL,00,00,YEAR,,2024-02-13 12:00:00,(D),(D),2022,,True,IRRIGATED
CENSUS,CROPS,FIELD CROPS,SOYBEANS,ALL CLASSES,ALL PRODUCTION PRACTICES,ALL UTILIZATION PRACTICES,AREA HARVESTED,ACRES,SOYBEANS - ACRES HARVESTED,ECONOMIC CLASS,"ECONOMIC CLASS: (500,000 TO 999,999 $)",STATE,39,39,OH,OHIO,,,,,,,,00000000,,,9000,UNITED STATES,OHIO,2022,ANNUAL,00,00,YEAR,,2024-02-13 12:00:00,"858,516",16.2,2022,858516.0,False,TOTAL
CENSUS,CROPS,FIELD CROPS,SOYBEANS,ALL CLASSES,ALL PRODUCTION PRACTICES,ALL UTILIZATION PRACTICES,AREA HARVESTED,ACRES,SOYBEANS - ACRES HARVESTED,TOTAL,NOT SPECIFIED,COUNTY,39,39,OH,OHIO,90,SOUTHEAST,009,009,ATHENS,,,00000000,,,9000,UNITED STATES,"OHIO, SOUTHEAST, ATHENS",2022,ANNUAL,00,00,YEAR,,2024-02-13 12:00:00,"2,600",(L),2022,2600.0,False,TOTAL
CENSUS,DEMOGRAPHICS,FIELD CROPS,SOYBEANS,ALL CLASSES,IRRIGATED,ALL UTILIZATION PRACTICES,AREA HARVESTED,ACRES,"SOYBEANS, IRRIGATED - ACRES HARVESTED",PRODUCERS,PRODUCERS: (1 PRODUCERS),STATE,39,39,OH,OHIO,,,,,,,,00000000,,,9000,UNITED STATES,OHIO,2022,ANNUAL,00,00,YEAR,,2024-02-13 12:00:00,"5,503",22.9,2022,5503.0,False,IRRIGATED
CENSUS,CROPS,FIELD CROPS,SOYBEANS,ALL CLASSES,IRRIGATED,ALL UTILIZATION PRACTICES,AREA HARVESTED,ACRES,"SOYBEANS, IRRIGATED - ACRES HARVESTED",TOTAL,NOT SPECIFIED,COUNTY,39,39,OH,OHIO,50,CENTRAL,159,159,UNION,,,00000000,,,9000,UNITED STATES,"OHIO, CENTRAL, UNION",2022,ANNUAL,00,00,YEAR,,2024-02-13 12:00:00,(D),(D),2022,,True,IRRIGATED
CENSUS,CROPS,FIELD CROPS,SOYBEANS,ALL CLASSES,ALL PRODUCTION PRACTICES,ALL UTILIZATION PRACTICES,AREA HARVESTED,ACRES,SOYBEANS - ACRES HARVESTED,TOTAL,NOT SPECIFIED,COUNTY,39,39,OH,OHIO,40,WEST CENTRAL,011,011,AUGLAIZE,,,00000000,,,9000,UNITED STATES,"OHIO, WEST CENTRAL, AUGLAIZE",2022,ANNUAL,00,00,YEAR,,2024-02-13 12:00:00,"106,450",(L),2022,106450.0,False,TOTAL
CENSUS,CROPS,FIELD CROPS,SOYBEANS,ALL CLASSES,IRRIGATED,ALL UTILIZATION PRACTICES,AREA HARVESTED,ACRES,"SOYBEANS, IRRIGATED - ACRES HARVESTED",TOTAL,NOT SPECIFIED,COUNTY,39,39,OH,OHIO,50,CENTRAL,045,045,FAIRFIELD,,,00000000,,,9000,UNITED STATES,"OHIO, CENTRAL, FAIRFIELD",2022,ANNUAL,00,00,YEAR,,2024-02-13 12:00:00,(D),(D),2022,,True,IRRIGATED
CENSUS,CROPS,FIELD CROPS,SOYBEANS,ALL CLASSES,ALL PRODUCTION PRACTICES,ALL UTILIZATION PRACTICES,AREA HARVESTED,ACRES,SOYBEANS - ACRES HARVESTED,ECONOMIC CLASS,"ECONOMIC CLASS: (100,000 TO 249,999 $)",STATE,39,39,OH,OHIO,,,,,,,,00000000,,,9000,UNITED STATES,OHIO,2022,ANNUAL,00,00,YEAR,,2024-02-13 12:00:00,"532,206",3.6,2022,532206.0,False,TOTAL
CENSUS,CROPS,FIELD CROPS,SOYBEANS,ALL CLASSES,ALL PRODUCTION PRACTICES,ALL UTILIZATION PRACTICES,AREA HARVESTED,ACRES,SOYBEANS - ACRES HARVESTED,TOTAL,NOT SPECIFIED,COUNTY,39,39,OH,OHIO,70,SOUTHWEST,113,113,MONTGOMERY,,,00000000,,,9000,UNITED STATES,"OHIO, SOUTHWEST, MONTGOMERY",2022,ANNUAL,00,00,YEAR,,2024-02-13 12:00:00,"49,994",(L),2022,49994.0,False,TOTAL
CENSUS,CROPS,FIELD CROPS,SOYBEANS,ALL CLASSES,IRRIGATED,ALL UTILIZATION PRACTICES,AREA HARVESTED,ACRES,"SOYBEANS, IRRIGATED - ACRES HARVESTED",TOTAL,NOT SPECIFIED,COUNTY,39,39,OH,OHIO,40,WEST CENTRAL,011,011,AUGLAIZE,,,00000000,,,9000,UNITED STATES,"OHIO, WEST CENTRAL, AUGLAIZE",2022,ANNUAL,00,00,YEAR,,2024-02-13 12:00:00,865,(L),2022,865.0,False,IRRIGATED
CENSUS,CROPS,FIELD CROPS,SOYBEANS,ALL CLASSES,ALL PRODUCTION PRACTICES,ALL UTILIZATION PRACTICES,AREA HARVESTED,ACRES,SOYBEANS - ACRES HARVESTED,AREA OPERATED,AREA OPERATED: (220 TO 259 ACRES),STATE,39,39,OH,OHIO,,,,,,,,00000000,,,9000,UNITED STATES,OHIO,2022,ANNUAL,00,00,YEAR,,2024-02-13 12:00:00,"125,019",4.5,2022,125019.0,False,TOTAL
CENSUS,CROPS,FIELD CROPS,SOYBEANS,ALL CLASSES,ALL PRODUCTION PRACTICES,ALL UTILIZATION PRACTICES,AREA HARVESTED,ACRES,SOYBEANS - ACRES HARVESTED,AREA OPERATED,AREA OPERATED: (1.0 TO 9.9 ACRES),STATE,39,39,OH,OHIO,,,,,,,,00000000,,,9000,UNITED STATES,OHIO,2022,ANNUAL,00,00,YEAR,,2024-02-13 12:00:00,"2,219",17.4,2022,2219.0,False,TOTAL
CENSUS,DEMOGRAPHICS,FIELD CROPS,SOYBEANS,ALL CLASSES,IRRIGATED,ALL UTILIZATION PRACTICES,AREA HARVESTED,ACRES,"SOYBEANS, IRRIGATED - ACRES HARVESTED",TENURE,TENURE: (FULL OWNER),STATE,39,39,OH,OHIO,,,,,,,,00000000,,,9000,UNITED STATES,OHIO,2022,ANNUAL,00,00,YEAR,,2024-02-13 12:00:00,"4,902",17.8,2022,4902.0,False,IRRIGATED
CENSUS,CROPS,FIELD CROPS,SOYBEANS,ALL CLASSES,ALL PRODUCTION PRACTICES,ALL UTILIZATION PRACTICES,AREA HARVESTED,ACRES,SOYBEANS - ACRES HARVESTED,AREA HARVESTED,"AREA HARVESTED: (1,000 TO 1,999 ACRES)",STATE,39,39,OH,OHIO,,,,,,,,00000000,,,9000,UNITED STATES,OHIO,2022,ANNUAL,00,00,YEAR,,2024-02-13 12:00:00,"1,046,891",13.8,2022,1046891.0,False,TOTAL
CENSUS,CROPS,FIELD CROPS,SOYBEANS,ALL CLASSES,IRRIGATED,ALL UTILIZATION PRACTICES,AREA HARVESTED,ACRES,"SOYBEANS, IRRIGATED - ACRES HARVESTED",FARM SALES,"FARM SALES: (10,000 TO 24,999 $)",STATE,39,39,OH,OHIO,,,,,,,,00000000,,,9000,UNITED STATES,OHIO,2022,ANNUAL,00,00,YEAR,,2024-02-13 12:00:00,406,37.8,2022,406.0,False,IRRIGATED
CENSUS,CROPS,FIELD CROPS,SOYBEANS,ALL CLASSES,IRRIGATED,ALL UTILIZATION PRACTICES,AREA HARVESTED,ACRES,"SOYBEANS, IRRIGATED - ACRES HARVESTED",FARM SALES,"FARM SALES: (250,000 TO 499,999 $)",STATE,39,39,OH,OHIO,,,,,,,,00000000,,,9000,UNITED STATES,OHIO,2022,ANNUAL,00,00,YEAR,,2024-02-13 12:00:00,987,90.4,2022,987.0,False,IRRIGATED
CENSUS,CROPS,FIELD CROPS,SOYBEANS,ALL CLASSES,ALL PRODUCTION PRACTICES,ALL UTILIZATION PRACTICES,AREA HARVESTED,ACRES,SOYBEANS - ACRES HARVESTED,TOTAL,NOT SPECIFIED,COUNTY,39,39,OH,OHIO,10,NORTHWEST,173,173,WOOD,,,00000000,,,9000,UNITED STATES,"OHIO, NORTHWEST, WOOD",2022,ANNUAL,00,00,YEAR,,2024-02-13 12:00:00,"123,437",(L),2022,123437.0,False,TOTAL
CENSUS,DEMOGRAPHICS,FIELD CROPS,SOYBEANS,ALL CLASSES,ALL PRODUCTION PRACTICES,ALL UTILIZATION PRACTICES,AREA HARVESTED,ACRES,SOYBEANS - ACRES HARVESTED,ORGANIZATION,"ORGANIZATION: (TAX PURPOSES, CORPORATION, (EXCL FAMILY HELD))",STATE,39,39,OH,OHIO,,,,,,,,00000000,,,9000,UNITED STATES,OHIO,2022,ANNUAL,00,00,YEAR,,2024-02-13 12:00:00,"21,532",22.9,2022,21532.0,False,TOTAL
CENSUS,CROPS,FIELD CROPS,SOYBEANS,ALL CLASSES,IRRIGATED,ALL UTILIZATION PRACTICES,AREA HARVESTED,ACRES,"SOYBEANS, IRRIGATED - ACRES HARVESTED",AREA HARVESTED,"AREA HARVESTED: (1,000 TO 1,999 ACRES)",STATE,39,39,OH,OHIO,,,,,,,,00000000,,,9000,UNITED STATES,OHIO,2022,ANNUAL,00,00,YEAR,,2024-02-13 12:00:00,(D),(D),2022,,True,IRRIGATED
CENSUS,CROPS,FIELD CROPS,SOYBEANS,ALL CLASSES,IRRIGATED,ALL UTILIZATION PRACTICES,AREA HARVESTED,ACRES,"SOYBEANS, IRRIGATED - ACRES HARVESTED",AREA HARVESTED,"AREA HARVESTED: (1,000 OR MORE ACRES)",STATE,39,39,OH,OHIO,,,,,,,,00000000,,,9000,UNITED STATES,OHIO,2022,ANNUAL,00,00,YEAR,,2024-02-13 12:00:00,"3,288",31.5,2022,3288.0,False,IRRIGATED
CENSUS,CROPS,FIELD CROPS,SOYBEANS,ALL CLASSES,ALL PRODUCTION PRACTICES,ALL UTILIZATION PRACTICES,AREA HARVESTED,ACRES,SOYBEANS - ACRES HARVESTED,TOTAL,NOT SPECIFIED,COUNTY,39,39,OH,OHIO,40,WEST CENTRAL,149,149,SHELBY,,,00000000,,,9000,UNITED STATES,"OHIO, WEST CENTRAL, SHELBY",2022,ANNUAL,00,00,YEAR,,2024-02-13 12:00:00,"96,287",(L),2022,96287.0,False,TOTAL
CENSUS,CROPS,FIELD CROPS,SOYBEANS,ALL CLASSES,ALL PRODUCTION PRACTICES,ALL UTILIZATION PRACTICES,AREA HARVESTED,ACRES,SOYBEANS - ACRES HARVESTED,TOTAL,NOT SPECIFIED,COUNTY,39,39,OH,OHIO,40,WEST CENTRAL,037,037,DARKE,,,00000000,,,9000,UNITED STATES,"OHIO, WEST CENTRAL, DARKE",2022,ANNUAL,00,00,YEAR,,2024-02-13 12:00:00,"154,219",(L),2022,154219.0,False,TOTAL
CENSUS,CROPS,FIELD CROPS,SOYBEANS,ALL CLASSES,IRRIGATED,ALL UTILIZATION PRACTICES,AREA HARVESTED,ACRES,"SOYBEANS, IRRIGATED - ACRES HARVESTED",AREA OPERATED,AREA OPERATED: (70.0 TO 99.9 ACRES),STATE,39,39,OH,OHIO,,,,,,,,00000000,,,9000,UNITED STATES,OHIO,2022,ANNUAL,00,00,YEAR,,2024-02-13 12:00:00,"1,253",36.4,2022,1253.0,False,IRRIGATED
CENSUS,CROPS,FIELD CROPS,SOYBEANS,ALL CLASSES,IRRIGATED,ALL UTILIZATION PRACTICES,AREA HARVESTED,ACRES,"SOYBEANS, IRRIGATED - ACRES HARVESTED",TOTAL,NOT SPECIFIED,COUNTY,39,39,OH,OHIO,20,NORTH CENTRAL,077,077,HURON,,,00000000,,,9000,UNITED STATES,"OHIO, NORTH CENTRAL, HURON",2022,ANNUAL,00,00,YEAR,,2024-02-13 12:00:00,306,(L),2022,306.0,False,IRRIGATED
CENSUS,CROPS,FIELD CROPS,SOYBEANS,ALL CLASSES,ALL PRODUCTION PRACTICES,ALL UTILIZATION PRACTICES,AREA HARVESTED,ACRES,SOYBEANS - ACRES HARVESTED,TOTAL,NOT SPECIFIED,COUNTY,39,39,OH,OHIO,90,SOUTHEAST,111,111,MONROE,,,00000000,,,9000,UNITED STATES,"OHIO, SOUTHEAST, MONROE",2022,ANNUAL,00,00,YEAR,,2024-02-13 12:00:00,218,(L),2022,218.0,False,TOTAL
CENSUS,DEMOGRAPHICS,FIELD CROPS,SOYBEANS,ALL CLASSES,ALL PRODUCTION PRACTICES,ALL UTILIZATION PRACTICES,AREA HARVESTED,ACRES,SOYBEANS - ACRES HARVESTED,ORGANIZATION,"ORGANIZATION: (TAX PURPOSES, INSTITUTIONAL & RESEARCH & RESERVATION & OTHER)",STATE,39,39,OH,OHIO,,,,,,,,00000000,,,9000,UNITED STATES,OHIO,2022,ANNUAL,00,00,YEAR,,2024-02-13 12:00:00,"42,236",8.7,2022,42236.0,False,TOTAL
CENSUS,CROPS,FIELD CROPS,SOYBEANS,ALL CLASSES,IRRIGATED,ALL UTILIZATION PRACTICES,AREA HARVESTED,ACRES,"SOYBEANS, IRRIGATED - ACRES HARVESTED",TOTAL,NOT SPECIFIED,COUNTY,39,39,OH,OHIO,40,WEST CENTRAL,021,021,CHAMPAIGN,,,00000000,,,9000,UNITED STATES,"OHIO, WEST CENTRAL, CHAMPAIGN",2022,ANNUAL,00,00,YEAR,,2024-02-13 12:00:00,872,(L),2022,872.0,False,IRRIGATED
CENSUS,CROPS,FIELD CROPS,SOYBEANS,ALL CLASSES,IRRIGATED,ALL UTILIZATION PRACTICES,AREA HARVESTED,ACRES,"SOYBEANS, IRRIGATED - ACRES HARVESTED",NAICS CLASSIFICATION,NAICS CLASSIFICATION: (1119),STATE,39,39,OH,OHIO,,,,,,,,00000000,,,9000,UNITED STATES,OHIO,2022,ANNUAL,00,00,YEAR,,2024-02-13 12:00:00,(D),(D),2022,,True,IRRIGATED
