state,state_ansi,county,county_ansi,ag_district,ag_district_code,year,acres_harvested,acres_planted,production_bu,yield_bu_ac,is_county_estimate
MINNESOTA,27,AITKIN,001,EAST CENTRAL,60,1980,500.0,500.0,9300.0,19.0,1
MINNESOTA,27,AITKIN,001,EAST CENTRAL,60,1981,400.0,500.0,7200.0,18.0,1
MINNESOTA,27,AITKIN,001,EAST CENTRAL,60,1982,500.0,500.0,12000.0,24.0,1
MINNESOTA,27,AITKIN,001,EAST CENTRAL,60,1991,1000.0,1000.0,29000.0,29.0,1
MINNESOTA,27,AITKIN,001,EAST CENTRAL,60,1992,900.0,1100.0,9900.0,11.0,1
MINNESOTA,27,AITKIN,001,EAST CENTRAL,60,1995,1600.0,1800.0,52800.0,33.0,1
MINNESOTA,27,AITKIN,001,EAST CENTRAL,60,1996,1500.0,1600.0,42000.0,28.0,1
MINNESOTA,27,AITKIN,001,EAST CENTRAL,60,1997,1700.0,1700.0,44200.0,26.0,1
MINNESOTA,27,AITKIN,001,EAST CENTRAL,60,2002,3400.0,3500.0,102000.0,30.0,1
MINNESOTA,27,AITKIN,001,EAST CENTRAL,60,2003,3700.0,3800.0,125800.0,34.0,1
MINNESOTA,27,AITKIN,001,EAST CENTRAL,60,2010,4900.0,5000.0,194000.0,39.6,1
MINNESOTA,27,AITKIN,001,EAST CENTRAL,60,2011,6200.0,6200.0,191000.0,30.8,1
MINNESOTA,27,AITKIN,001,EAST CENTRAL,60,2012,8000.0,9100.0,227000.0,28.4,1
MINNESOTA,27,AITKIN,001,EAST CENTRAL,60,2015,6000.0,6100.0,192000.0,32.0,1
MINNESOTA,27,AITKIN,001,EAST CENTRAL,60,2017,7470.0,7700.0,228000.0,30.5,1
MINNESOTA,27,AITKIN,001,EAST CENTRAL,60,2018,5840.0,5900.0,167000.0,28.6,1
MINNESOTA,27,AITKIN,001,EAST CENTRAL,60,2020,7650.0,8300.0,295000.0,38.6,1
MINNESOTA,27,AITKIN,001,EAST CENTRAL,60,2022,4760.0,4800.0,132000.0,27.7,1
MINNESOTA,27,AITKIN,001,EAST CENTRAL,60,2023,8740.0,8900.0,277000.0,31.7,1
MINNESOTA,27,AITKIN,001,EAST CENTRAL,60,2024,5940.0,6000.0,194000.0,32.7,1
MINNESOTA,27,ANOKA,003,EAST CENTRAL,60,1980,6000.0,6200.0,165400.0,28.0,1
MINNESOTA,27,ANOKA,003,EAST CENTRAL,60,1981,5900.0,5900.0,147500.0,25.0,1
MINNESOTA,27,ANOKA,003,EAST CENTRAL,60,1982,6600.0,6800.0,184800.0,27.2,1
MINNESOTA,27,ANOKA,003,EAST CENTRAL,60,1983,4300.0,4900.0,111800.0,22.8,1
MINNESOTA,27,ANOKA,003,EAST CENTRAL,60,1984,8100.0,8300.0,202500.0,25.0,1
MINNESOTA,27,ANOKA,003,EAST CENTRAL,60,1985,9100.0,9500.0,209300.0,23.0,1
MINNESOTA,27,ANOKA,003,EAST CENTRAL,60,1986,9800.0,10000.0,284200.0,29.0,1
MINNESOTA,27,ANOKA,003,EAST CENTRAL,60,1987,3300.0,3400.0,102300.0,31.0,1
MINNESOTA,27,ANOKA,003,EAST CENTRAL,60,1988,2500.0,3300.0,47500.0,19.0,1
MINNESOTA,27,ANOKA,003,EAST CENTRAL,60,1989,4000.0,4200.0,84000.0,21.0,1
MINNESOTA,27,ANOKA,003,EAST CENTRAL,60,1990,3700.0,3800.0,99900.0,27.0,1
MINNESOTA,27,ANOKA,003,EAST CENTRAL,60,1991,4000.0,4100.0,120000.0,30.0,1
MINNESOTA,27,ANOKA,003,EAST CENTRAL,60,1992,3300.0,4000.0,66000.0,20.0,1
MINNESOTA,27,ANOKA,003,EAST CENTRAL,60,1993,4100.0,4500.0,102500.0,25.0,1
MINNESOTA,27,ANOKA,003,EAST CENTRAL,60,1994,4100.0,4100.0,131200.0,32.0,1
MINNESOTA,27,ANOKA,003,EAST CENTRAL,60,1995,3800.0,3900.0,125400.0,33.0,1
MINNESOTA,27,ANOKA,003,EAST CENTRAL,60,1996,4200.0,4300.0,84000.0,20.0,1
MINNESOTA,27,ANOKA,003,EAST CENTRAL,60,1997,5400.0,5500.0,151200.0,28.0,1
MINNESOTA,27,ANOKA,003,EAST CENTRAL,60,1998,14000.0,14200.0,434000.0,31.0,1
MINNESOTA,27,ANOKA,003,EAST CENTRAL,60,1999,4700.0,4800.0,173900.0,37.0,1
MINNESOTA,27,ANOKA,003,EAST CENTRAL,60,2000,5900.0,6000.0,159300.0,27.0,1
MINNESOTA,27,ANOKA,003,EAST CENTRAL,60,2001,5800.0,5900.0,168200.0,29.0,1
MINNESOTA,27,ANOKA,003,EAST CENTRAL,60,2002,4900.0,5000.0,156800.0,32.0,1
MINNESOTA,27,ANOKA,003,EAST CENTRAL,60,2003,5200.0,5300.0,93600.0,18.0,1
MINNESOTA,27,ANOKA,003,EAST CENTRAL,60,2004,3700.0,3900.0,70300.0,19.0,1
MINNESOTA,27,ANOKA,003,EAST CENTRAL,60,2005,3200.0,3300.0,83200.0,26.0,1
MINNESOTA,27,ANOKA,003,EAST CENTRAL,60,2006,3200.0,3300.0,96000.0,30.0,1
MINNESOTA,27,ANOKA,003,EAST CENTRAL,60,2007,1800.0,2100.0,48600.0,27.0,1
MINNESOTA,27,ANOKA,003,EAST CENTRAL,60,2010,3000.0,3000.0,122000.0,40.7,1
MINNESOTA,27,ANOKA,003,EAST CENTRAL,60,2012,3580.0,3600.0,127000.0,35.5,1
MINNESOTA,27,ANOKA,003,EAST CENTRAL,60,2013,3330.0,3400.0,73400.0,22.0,1
MINNESOTA,27,ANOKA,003,EAST CENTRAL,60,2015,4000.0,4100.0,170000.0,42.5,1
MINNESOTA,27,ANOKA,003,EAST CENTRAL,60,2016,3800.0,3800.0,190000.0,50.0,1
MINNESOTA,27,ANOKA,003,EAST CENTRAL,60,2017,4090.0,4100.0,145000.0,35.5,1
MINNESOTA,27,ANOKA,003,EAST CENTRAL,60,2018,5030.0,5100.0,159000.0,31.6,1
MINNESOTA,27,ANOKA,003,EAST CENTRAL,60,2020,3240.0,3300.0,148000.0,45.7,1
MINNESOTA,27,ANOKA,003,EAST CENTRAL,60,2021,3370.0,3400.0,116000.0,34.4,1
MINNESOTA,27,ANOKA,003,EAST CENTRAL,60,2022,3670.0,3700.0,167000.0,45.5,1
MINNESOTA,27,ANOKA,003,EAST CENTRAL,60,2023,2630.0,2700.0,105000.0,39.9,1
MINNESOTA,27,ANOKA,003,EAST CENTRAL,60,2024,3980.0,4000.0,157000.0,39.4,1
MINNESOTA,27,ANOKA,003,EAST CENTRAL,60,2025,4180.0,4200.0,188000.0,45.0,1
MINNESOTA,27,BECKER,005,NORTHWEST,10,1980,4400.0,4400.0,73600.0,17.0,1
MINNESOTA,27,BECKER,005,NORTHWEST,10,1981,6200.0,6200.0,155000.0,25.0,1
MINNESOTA,27,BECKER,005,NORTHWEST,10,1982,13300.0,13900.0,332500.0,23.9,1
MINNESOTA,27,BECKER,005,NORTHWEST,10,1983,21000.0,21500.0,735000.0,35.0,1
MINNESOTA,27,BECKER,005,NORTHWEST,10,1984,40500.0,40700.0,1012500.0,25.0,1
MINNESOTA,27,BECKER,005,NORTHWEST,10,1985,39100.0,41900.0,586500.0,15.0,1
MINNESOTA,27,BECKER,005,NORTHWEST,10,1986,33400.0,33600.0,1002000.0,30.0,1
MINNESOTA,27,BECKER,005,NORTHWEST,10,1987,21200.0,21300.0,742000.0,35.0,1
MINNESOTA,27,BECKER,005,NORTHWEST,10,1988,23400.0,24400.0,678600.0,29.0,1
MINNESOTA,27,BECKER,005,NORTHWEST,10,1989,35100.0,36200.0,737100.0,21.0,1
MINNESOTA,27,BECKER,005,NORTHWEST,10,1990,27900.0,29100.0,809100.0,29.0,1
MINNESOTA,27,BECKER,005,NORTHWEST,10,1991,36700.0,37400.0,1284500.0,35.0,1
MINNESOTA,27,BECKER,005,NORTHWEST,10,1992,36400.0,39600.0,764400.0,21.0,1
MINNESOTA,27,BECKER,005,NORTHWEST,10,1993,31000.0,36300.0,527000.0,17.0,1
MINNESOTA,27,BECKER,005,NORTHWEST,10,1994,37900.0,40200.0,985400.0,26.0,1
MINNESOTA,27,BECKER,005,NORTHWEST,10,1995,39900.0,40500.0,1236900.0,31.0,1
MINNESOTA,27,BECKER,005,NORTHWEST,10,1996,49200.0,49700.0,1476000.0,30.0,1
MINNESOTA,27,BECKER,005,NORTHWEST,10,1997,59800.0,60000.0,1913600.0,32.0,1
MINNESOTA,27,BECKER,005,NORTHWEST,10,1998,61000.0,62700.0,1708000.0,28.0,1
MINNESOTA,27,BECKER,005,NORTHWEST,10,1999,59000.0,59700.0,1652000.0,28.0,1
MINNESOTA,27,BECKER,005,NORTHWEST,10,2000,79700.0,80900.0,2391000.0,30.0,1
MINNESOTA,27,BECKER,005,NORTHWEST,10,2001,72200.0,73100.0,2382600.0,33.0,1
MINNESOTA,27,BECKER,005,NORTHWEST,10,2002,82400.0,84600.0,2801600.0,34.0,1
MINNESOTA,27,BECKER,005,NORTHWEST,10,2003,86100.0,86800.0,2324700.0,27.0,1
MINNESOTA,27,BECKER,005,NORTHWEST,10,2004,80200.0,86300.0,1042600.0,13.0,1
MINNESOTA,27,BECKER,005,NORTHWEST,10,2005,74400.0,75700.0,2455200.0,33.0,1
MINNESOTA,27,BECKER,005,NORTHWEST,10,2006,87000.0,88200.0,3132000.0,36.0,1
MINNESOTA,27,BECKER,005,NORTHWEST,10,2007,73300.0,74000.0,2565500.0,35.0,1
MINNESOTA,27,BECKER,005,NORTHWEST,10,2008,82900.0,84000.0,2244000.0,27.0,1
MINNESOTA,27,BECKER,005,NORTHWEST,10,2009,94900.0,96000.0,2638000.0,28.0,1
MINNESOTA,27,BECKER,005,NORTHWEST,10,2010,85400.0,87300.0,2879000.0,33.7,1
MINNESOTA,27,BECKER,005,NORTHWEST,10,2011,86100.0,86400.0,2870000.0,33.3,1
MINNESOTA,27,BECKER,005,NORTHWEST,10,2012,87600.0,88100.0,3067000.0,35.0,1
MINNESOTA,27,BECKER,005,NORTHWEST,10,2013,83100.0,83900.0,2894000.0,34.8,1
MINNESOTA,27,BECKER,005,NORTHWEST,10,2014,91500.0,92200.0,2951000.0,32.3,1
MINNESOTA,27,BECKER,005,NORTHWEST,10,2016,74600.0,75100.0,3345000.0,44.8,1
MINNESOTA,27,BECKER,005,NORTHWEST,10,2017,83400.0,84000.0,3166000.0,38.0,1
MINNESOTA,27,BECKER,005,NORTHWEST,10,2018,76400.0,77000.0,3401000.0,44.5,1
MINNESOTA,27,BECKER,005,NORTHWEST,10,2019,72400.0,73000.0,2549000.0,35.2,1
MINNESOTA,27,BECKER,005,NORTHWEST,10,2020,71800.0,72400.0,2807000.0,39.1,1
MINNESOTA,27,BECKER,005,NORTHWEST,10,2021,76800.0,77500.0,2926000.0,38.1,1
MINNESOTA,27,BECKER,005,NORTHWEST,10,2022,75400.0,76000.0,3267000.0,43.3,1
MINNESOTA,27,BECKER,005,NORTHWEST,10,2023,69300.0,69900.0,2675000.0,38.6,1
MINNESOTA,27,BECKER,005,NORTHWEST,10,2024,67800.0,68400.0,2610000.0,38.5,1
MINNESOTA,27,BECKER,005,NORTHWEST,10,2025,64800.0,65500.0,2760000.0,42.6,1
MINNESOTA,27,BELTRAMI,007,NORTH CENTRAL,20,1980,100.0,100.0,1900.0,19.0,1
MINNESOTA,27,BELTRAMI,007,NORTH CENTRAL,20,1981,100.0,100.0,2300.0,23.0,1
MINNESOTA,27,BELTRAMI,007,NORTH CENTRAL,20,1986,100.0,100.0,2100.0,21.0,1
MINNESOTA,27,BELTRAMI,007,NORTH CENTRAL,20,2002,1000.0,1000.0,34000.0,34.0,1
MINNESOTA,27,BELTRAMI,007,NORTH CENTRAL,20,2003,3500.0,3600.0,87500.0,25.0,1
MINNESOTA,27,BELTRAMI,007,NORTH CENTRAL,20,2006,5800.0,6000.0,110200.0,19.0,1
MINNESOTA,27,BELTRAMI,007,NORTH CENTRAL,20,2019,21400.0,21700.0,701000.0,32.8,1
MINNESOTA,27,BELTRAMI,007,NORTH CENTRAL,20,2020,23900.0,24100.0,863000.0,36.1,1
MINNESOTA,27,BELTRAMI,007,NORTH CENTRAL,20,2021,26300.0,27300.0,684000.0,26.0,1
MINNESOTA,27,BELTRAMI,007,NORTH CENTRAL,20,2022,22000.0,22200.0,783000.0,35.6,1
MINNESOTA,27,BELTRAMI,007,NORTH CENTRAL,20,2023,27900.0,28200.0,960000.0,34.4,1
MINNESOTA,27,BELTRAMI,007,NORTH CENTRAL,20,2024,21200.0,21500.0,611000.0,28.8,1
MINNESOTA,27,BELTRAMI,007,NORTH CENTRAL,20,2025,30400.0,30500.0,1152000.0,37.9,1
MINNESOTA,27,BENTON,009,CENTRAL,50,1980,5600.0,5600.0,137800.0,25.0,1
MINNESOTA,27,BENTON,009,CENTRAL,50,1981,4200.0,4200.0,105000.0,25.0,1
MINNESOTA,27,BENTON,009,CENTRAL,50,1982,4900.0,5000.0,137200.0,28.0,1
MINNESOTA,27,BENTON,009,CENTRAL,50,1983,5000.0,5100.0,130000.0,25.5,1
MINNESOTA,27,BENTON,009,CENTRAL,50,1984,5700.0,5800.0,125400.0,22.0,1
MINNESOTA,27,BENTON,009,CENTRAL,50,1985,5400.0,5600.0,156600.0,29.0,1
MINNESOTA,27,BENTON,009,CENTRAL,50,1986,6800.0,7300.0,204000.0,30.0,1
MINNESOTA,27,BENTON,009,CENTRAL,50,1987,5700.0,5800.0,176700.0,31.0,1
MINNESOTA,27,BENTON,009,CENTRAL,50,1988,7300.0,7500.0,153300.0,21.0,1
MINNESOTA,27,BENTON,009,CENTRAL,50,1989,8600.0,8800.0,189200.0,22.0,1
MINNESOTA,27,BENTON,009,CENTRAL,50,1990,10500.0,10700.0,325500.0,31.0,1
MINNESOTA,27,BENTON,009,CENTRAL,50,1991,9800.0,10000.0,284200.0,29.0,1
MINNESOTA,27,BENTON,009,CENTRAL,50,1992,11400.0,12100.0,228000.0,20.0,1
MINNESOTA,27,BENTON,009,CENTRAL,50,1993,9200.0,9400.0,257600.0,28.0,1
MINNESOTA,27,BENTON,009,CENTRAL,50,1994,12700.0,12800.0,444500.0,35.0,1
MINNESOTA,27,BENTON,009,CENTRAL,50,1995,13100.0,13300.0,445400.0,34.0,1
MINNESOTA,27,BENTON,009,CENTRAL,50,1996,14000.0,14300.0,378000.0,27.0,1
MINNESOTA,27,BENTON,009,CENTRAL,50,1997,17000.0,17400.0,595000.0,35.0,1
MINNESOTA,27,BENTON,009,CENTRAL,50,1998,17700.0,17900.0,654900.0,37.0,1
MINNESOTA,27,BENTON,009,CENTRAL,50,1999,19500.0,19700.0,780000.0,40.0,1
MINNESOTA,27,BENTON,009,CENTRAL,50,2000,25000.0,25600.0,825000.0,33.0,1
MINNESOTA,27,BENTON,009,CENTRAL,50,2001,18000.0,19000.0,450000.0,25.0,1
MINNESOTA,27,BENTON,009,CENTRAL,50,2002,24900.0,25400.0,946200.0,38.0,1
MINNESOTA,27,BENTON,009,CENTRAL,50,2003,30000.0,30300.0,720000.0,24.0,1
MINNESOTA,27,BENTON,009,CENTRAL,50,2004,30000.0,30200.0,900000.0,30.0,1
MINNESOTA,27,BENTON,009,CENTRAL,50,2005,21100.0,21800.0,738500.0,35.0,1
MINNESOTA,27,BENTON,009,CENTRAL,50,2006,31400.0,31800.0,1099000.0,35.0,1
MINNESOTA,27,BENTON,009,CENTRAL,50,2007,25000.0,27500.0,475000.0,19.0,1
MINNESOTA,27,BENTON,009,CENTRAL,50,2008,31300.0,31500.0,1071500.0,34.0,1
MINNESOTA,27,BENTON,009,CENTRAL,50,2009,29200.0,29500.0,1108000.0,38.0,1
MINNESOTA,27,BENTON,009,CENTRAL,50,2010,32800.0,33000.0,1404000.0,42.8,1
MINNESOTA,27,BENTON,009,CENTRAL,50,2011,33900.0,34100.0,1142000.0,33.7,1
MINNESOTA,27,BENTON,009,CENTRAL,50,2012,31000.0,31200.0,1260000.0,40.6,1
MINNESOTA,27,BENTON,009,CENTRAL,50,2013,26400.0,26800.0,672000.0,25.5,1
MINNESOTA,27,BENTON,009,CENTRAL,50,2014,19800.0,19900.0,534000.0,27.0,1
MINNESOTA,27,BENTON,009,CENTRAL,50,2015,32900.0,33100.0,1557000.0,47.3,1
MINNESOTA,27,BENTON,009,CENTRAL,50,2016,33400.0,34700.0,1649000.0,49.4,1
MINNESOTA,27,BENTON,009,CENTRAL,50,2017,35900.0,36100.0,1456000.0,40.6,1
MINNESOTA,27,BENTON,009,CENTRAL,50,2018,36600.0,37600.0,1668000.0,45.6,1
MINNESOTA,27,BENTON,009,CENTRAL,50,2020,37000.0,37300.0,1954000.0,52.8,1
MINNESOTA,27,BENTON,009,CENTRAL,50,2021,33100.0,33400.0,1152000.0,34.8,1
MINNESOTA,27,BENTON,009,CENTRAL,50,2022,33900.0,34200.0,1553000.0,45.8,1
MINNESOTA,27,BENTON,009,CENTRAL,50,2023,31400.0,31900.0,1234000.0,39.3,1
MINNESOTA,27,BENTON,009,CENTRAL,50,2024,33700.0,34000.0,1651000.0,49.0,1
MINNESOTA,27,BIG STONE,011,WEST CENTRAL,40,1980,42800.0,43100.0,1011200.0,24.0,1
MINNESOTA,27,BIG STONE,011,WEST CENTRAL,40,1981,53500.0,53500.0,1444500.0,27.0,1
MINNESOTA,27,BIG STONE,011,WEST CENTRAL,40,1982,53200.0,54000.0,1436400.0,27.0,1
MINNESOTA,27,BIG STONE,011,WEST CENTRAL,40,1983,51800.0,52000.0,1657600.0,31.9,1
MINNESOTA,27,BIG STONE,011,WEST CENTRAL,40,1984,67800.0,68400.0,2034000.0,30.0,1
MINNESOTA,27,BIG STONE,011,WEST CENTRAL,40,1985,66800.0,67500.0,2070800.0,31.0,1
MINNESOTA,27,BIG STONE,011,WEST CENTRAL,40,1986,64700.0,65300.0,2135100.0,33.0,1
MINNESOTA,27,BIG STONE,011,WEST CENTRAL,40,1987,68800.0,68900.0,2132800.0,31.0,1
MINNESOTA,27,BIG STONE,011,WEST CENTRAL,40,1988,68600.0,73900.0,960400.0,14.0,1
MINNESOTA,27,BIG STONE,011,WEST CENTRAL,40,1989,77100.0,77700.0,2621400.0,34.0,1
MINNESOTA,27,BIG STONE,011,WEST CENTRAL,40,1990,76300.0,78400.0,2594200.0,34.0,1
MINNESOTA,27,BIG STONE,011,WEST CENTRAL,40,1991,86200.0,88700.0,3275600.0,38.0,1
MINNESOTA,27,BIG STONE,011,WEST CENTRAL,40,1992,91700.0,95900.0,2292500.0,25.0,1
MINNESOTA,27,BIG STONE,011,WEST CENTRAL,40,1993,81100.0,90100.0,1540900.0,19.0,1
MINNESOTA,27,BIG STONE,011,WEST CENTRAL,40,1994,93300.0,99200.0,2705700.0,29.0,1
MINNESOTA,27,BIG STONE,011,WEST CENTRAL,40,1995,98600.0,100700.0,2859400.0,29.0,1
MINNESOTA,27,BIG STONE,011,WEST CENTRAL,40,1996,103600.0,105400.0,3315200.0,32.0,1
MINNESOTA,27,BIG STONE,011,WEST CENTRAL,40,1997,106300.0,106800.0,3720500.0,35.0,1
MINNESOTA,27,BIG STONE,011,WEST CENTRAL,40,1998,106200.0,107300.0,3929400.0,37.0,1
MINNESOTA,27,BIG STONE,011,WEST CENTRAL,40,1999,117100.0,118500.0,4566900.0,39.0,1
MINNESOTA,27,BIG STONE,011,WEST CENTRAL,40,2000,119400.0,121300.0,4656600.0,39.0,1
MINNESOTA,27,BIG STONE,011,WEST CENTRAL,40,2001,97100.0,100200.0,3301400.0,34.0,1
MINNESOTA,27,BIG STONE,011,WEST CENTRAL,40,2002,114900.0,116200.0,4481100.0,39.0,1
MINNESOTA,27,BIG STONE,011,WEST CENTRAL,40,2003,111000.0,113900.0,2997000.0,27.0,1
MINNESOTA,27,BIG STONE,011,WEST CENTRAL,40,2004,110400.0,110700.0,3643200.0,33.0,1
MINNESOTA,27,BIG STONE,011,WEST CENTRAL,40,2005,102500.0,103900.0,4407500.0,43.0,1
MINNESOTA,27,BIG STONE,011,WEST CENTRAL,40,2006,109000.0,110400.0,4360000.0,40.0,1
MINNESOTA,27,BIG STONE,011,WEST CENTRAL,40,2007,97400.0,98100.0,3798600.0,39.0,1
MINNESOTA,27,BIG STONE,011,WEST CENTRAL,40,2008,108500.0,109500.0,3904500.0,36.0,1
MINNESOTA,27,BIG STONE,011,WEST CENTRAL,40,2009,111300.0,112500.0,4313000.0,39.0,1
MINNESOTA,27,BIG STONE,011,WEST CENTRAL,40,2010,115000.0,116000.0,4722000.0,41.1,1
MINNESOTA,27,BIG STONE,011,WEST CENTRAL,40,2011,102200.0,103000.0,3412000.0,33.4,1
MINNESOTA,27,BIG STONE,011,WEST CENTRAL,40,2012,109300.0,110000.0,4816000.0,44.1,1
MINNESOTA,27,BIG STONE,011,WEST CENTRAL,40,2013,105400.0,106500.0,4126000.0,39.1,1
MINNESOTA,27,BIG STONE,011,WEST CENTRAL,40,2014,109200.0,110500.0,4636000.0,42.5,1
MINNESOTA,27,BIG STONE,011,WEST CENTRAL,40,2015,115500.0,116000.0,5422000.0,46.9,1
MINNESOTA,27,BIG STONE,011,WEST CENTRAL,40,2016,111800.0,112500.0,5739000.0,51.3,1
MINNESOTA,27,BIG STONE,011,WEST CENTRAL,40,2017,112700.0,113500.0,5132000.0,45.5,1
MINNESOTA,27,BIG STONE,011,WEST CENTRAL,40,2018,113800.0,115000.0,5858000.0,51.5,1
MINNESOTA,27,BIG STONE,011,WEST CENTRAL,40,2019,101000.0,103000.0,4253000.0,42.1,1
MINNESOTA,27,BIG STONE,011,WEST CENTRAL,40,2020,112500.0,113500.0,5366000.0,47.7,1
MINNESOTA,27,BIG STONE,011,WEST CENTRAL,40,2021,109100.0,110000.0,5411000.0,49.6,1
MINNESOTA,27,BIG STONE,011,WEST CENTRAL,40,2022,112600.0,113500.0,4617000.0,41.0,1
MINNESOTA,27,BIG STONE,011,WEST CENTRAL,40,2023,103500.0,104500.0,5144000.0,49.7,1
MINNESOTA,27,BIG STONE,011,WEST CENTRAL,40,2024,107000.0,108000.0,4034000.0,37.7,1
MINNESOTA,27,BIG STONE,011,WEST CENTRAL,40,2025,98200.0,99200.0,4390000.0,44.7,1
MINNESOTA,27,BLUE EARTH,013,SOUTH CENTRAL,80,1980,187500.0,188900.0,6460000.0,34.0,1
MINNESOTA,27,BLUE EARTH,013,SOUTH CENTRAL,80,1981,151100.0,178600.0,3560500.0,23.6,1
MINNESOTA,27,BLUE EARTH,013,SOUTH CENTRAL,80,1982,170700.0,175300.0,6455400.0,36.8,1
MINNESOTA,27,BLUE EARTH,013,SOUTH CENTRAL,80,1983,165800.0,167000.0,5968800.0,35.7,1
MINNESOTA,27,BLUE EARTH,013,SOUTH CENTRAL,80,1984,181400.0,181900.0,6893200.0,38.0,1
MINNESOTA,27,BLUE EARTH,013,SOUTH CENTRAL,80,1985,172200.0,179800.0,6371400.0,37.0,1
MINNESOTA,27,BLUE EARTH,013,SOUTH CENTRAL,80,1986,167700.0,170900.0,6708000.0,40.0,1
MINNESOTA,27,BLUE EARTH,013,SOUTH CENTRAL,80,1987,163000.0,164800.0,7172000.0,44.0,1
MINNESOTA,27,BLUE EARTH,013,SOUTH CENTRAL,80,1988,166500.0,167400.0,5494500.0,33.0,1
MINNESOTA,27,BLUE EARTH,013,SOUTH CENTRAL,80,1989,163400.0,164400.0,7026200.0,43.0,1
MINNESOTA,27,BLUE EARTH,013,SOUTH CENTRAL,80,1990,150600.0,152400.0,6174600.0,40.5,1
MINNESOTA,27,BLUE EARTH,013,SOUTH CENTRAL,80,1991,188300.0,193800.0,5649000.0,30.0,1
MINNESOTA,27,BLUE EARTH,013,SOUTH CENTRAL,80,1992,160400.0,160900.0,6255600.0,39.0,1
MINNESOTA,27,BLUE EARTH,013,SOUTH CENTRAL,80,1993,156800.0,170200.0,4860800.0,31.0,1
MINNESOTA,27,BLUE EARTH,013,SOUTH CENTRAL,80,1994,171600.0,172300.0,7550400.0,44.0,1
MINNESOTA,27,BLUE EARTH,013,SOUTH CENTRAL,80,1995,175700.0,176800.0,7555100.0,43.0,1
MINNESOTA,27,BLUE EARTH,013,SOUTH CENTRAL,80,1996,168500.0,171800.0,7077000.0,42.0,1
MINNESOTA,27,BLUE EARTH,013,SOUTH CENTRAL,80,1997,176900.0,177500.0,7606700.0,43.0,1
MINNESOTA,27,BLUE EARTH,013,SOUTH CENTRAL,80,1998,176100.0,177900.0,8628900.0,49.0,1
MINNESOTA,27,BLUE EARTH,013,SOUTH CENTRAL,80,1999,178300.0,179600.0,8023500.0,45.0,1
MINNESOTA,27,BLUE EARTH,013,SOUTH CENTRAL,80,2000,172100.0,175400.0,7744500.0,45.0,1
MINNESOTA,27,BLUE EARTH,013,SOUTH CENTRAL,80,2001,181000.0,184200.0,6878000.0,38.0,1
MINNESOTA,27,BLUE EARTH,013,SOUTH CENTRAL,80,2002,168000.0,169200.0,8400000.0,50.0,1
MINNESOTA,27,BLUE EARTH,013,SOUTH CENTRAL,80,2003,170700.0,171400.0,5974500.0,35.0,1
MINNESOTA,27,BLUE EARTH,013,SOUTH CENTRAL,80,2004,164800.0,165500.0,7086400.0,43.0,1
MINNESOTA,27,BLUE EARTH,013,SOUTH CENTRAL,80,2005,163800.0,166100.0,8681400.0,53.0,1
MINNESOTA,27,BLUE EARTH,013,SOUTH CENTRAL,80,2006,161900.0,163900.0,8904500.0,55.0,1
MINNESOTA,27,BLUE EARTH,013,SOUTH CENTRAL,80,2007,143400.0,144500.0,7026600.0,49.0,1
MINNESOTA,27,BLUE EARTH,013,SOUTH CENTRAL,80,2008,162400.0,164000.0,7045700.0,43.5,1
MINNESOTA,27,BLUE EARTH,013,SOUTH CENTRAL,80,2009,159000.0,161000.0,7490000.0,47.0,1
MINNESOTA,27,BLUE EARTH,013,SOUTH CENTRAL,80,2010,162500.0,165500.0,7818000.0,48.1,1
MINNESOTA,27,BLUE EARTH,013,SOUTH CENTRAL,80,2011,156700.0,157000.0,7459000.0,47.6,1
MINNESOTA,27,BLUE EARTH,013,SOUTH CENTRAL,80,2012,154000.0,155000.0,7810000.0,50.7,1
MINNESOTA,27,BLUE EARTH,013,SOUTH CENTRAL,80,2013,136100.0,139500.0,6721000.0,49.4,1
MINNESOTA,27,BLUE EARTH,013,SOUTH CENTRAL,80,2014,168300.0,169500.0,7264000.0,43.2,1
MINNESOTA,27,BLUE EARTH,013,SOUTH CENTRAL,80,2015,168400.0,169500.0,10074000.0,59.8,1
MINNESOTA,27,BLUE EARTH,013,SOUTH CENTRAL,80,2016,166700.0,168000.0,9795000.0,58.8,1
MINNESOTA,27,BLUE EARTH,013,SOUTH CENTRAL,80,2017,177400.0,178500.0,10289000.0,58.0,1
MINNESOTA,27,BLUE EARTH,013,SOUTH CENTRAL,80,2018,165400.0,167500.0,8742000.0,52.9,1
MINNESOTA,27,BLUE EARTH,013,SOUTH CENTRAL,80,2019,153800.0,155000.0,7840000.0,51.0,1
MINNESOTA,27,BLUE EARTH,013,SOUTH CENTRAL,80,2020,164100.0,165500.0,9895000.0,60.3,1
MINNESOTA,27,BLUE EARTH,013,SOUTH CENTRAL,80,2021,160700.0,162000.0,9947000.0,61.9,1
MINNESOTA,27,BLUE EARTH,013,SOUTH CENTRAL,80,2022,164700.0,166000.0,10294000.0,62.5,1
MINNESOTA,27,BLUE EARTH,013,SOUTH CENTRAL,80,2023,157400.0,159000.0,9538000.0,60.6,1
MINNESOTA,27,BLUE EARTH,013,SOUTH CENTRAL,80,2024,162100.0,163500.0,8251000.0,50.9,1
MINNESOTA,27,BLUE EARTH,013,SOUTH CENTRAL,80,2025,156400.0,158000.0,9775000.0,62.5,1
MINNESOTA,27,BROWN,015,SOUTH CENTRAL,80,1980,130700.0,131700.0,4631700.0,35.0,1
MINNESOTA,27,BROWN,015,SOUTH CENTRAL,80,1981,113800.0,124000.0,3217600.0,28.3,1
MINNESOTA,27,BROWN,015,SOUTH CENTRAL,80,1982,123300.0,126100.0,4769100.0,37.8,1
MINNESOTA,27,BROWN,015,SOUTH CENTRAL,80,1983,118300.0,119500.0,4258800.0,36.0,1
MINNESOTA,27,BROWN,015,SOUTH CENTRAL,80,1984,114400.0,116300.0,4232800.0,37.0,1
MINNESOTA,27,BROWN,015,SOUTH CENTRAL,80,1985,120200.0,121700.0,4447400.0,37.0,1
MINNESOTA,27,BROWN,015,SOUTH CENTRAL,80,1986,108700.0,111400.0,4130600.0,38.0,1
MINNESOTA,27,BROWN,015,SOUTH CENTRAL,80,1987,123700.0,124800.0,5195400.0,42.0,1
MINNESOTA,27,BROWN,015,SOUTH CENTRAL,80,1988,126200.0,127500.0,3028800.0,24.0,1
MINNESOTA,27,BROWN,015,SOUTH CENTRAL,80,1989,125800.0,126600.0,5283600.0,42.0,1
MINNESOTA,27,BROWN,015,SOUTH CENTRAL,80,1990,121100.0,124000.0,5086200.0,42.0,1
MINNESOTA,27,BROWN,015,SOUTH CENTRAL,80,1991,128100.0,133200.0,4739700.0,37.0,1
MINNESOTA,27,BROWN,015,SOUTH CENTRAL,80,1992,130500.0,132400.0,4959000.0,38.0,1
MINNESOTA,27,BROWN,015,SOUTH CENTRAL,80,1993,119900.0,129600.0,2997500.0,25.0,1
MINNESOTA,27,BROWN,015,SOUTH CENTRAL,80,1994,129500.0,132100.0,5698000.0,44.0,1
MINNESOTA,27,BROWN,015,SOUTH CENTRAL,80,1995,136200.0,138100.0,5992800.0,44.0,1
MINNESOTA,27,BROWN,015,SOUTH CENTRAL,80,1996,133400.0,135500.0,5869600.0,44.0,1
MINNESOTA,27,BROWN,015,SOUTH CENTRAL,80,1997,140400.0,141300.0,6037200.0,43.0,1
MINNESOTA,27,BROWN,015,SOUTH CENTRAL,80,1998,141000.0,143100.0,5922000.0,42.0,1
MINNESOTA,27,BROWN,015,SOUTH CENTRAL,80,1999,140200.0,142000.0,6309000.0,45.0,1
MINNESOTA,27,BROWN,015,SOUTH CENTRAL,80,2000,137700.0,140100.0,6196500.0,45.0,1
MINNESOTA,27,BROWN,015,SOUTH CENTRAL,80,2001,141000.0,142300.0,5922000.0,42.0,1
MINNESOTA,27,BROWN,015,SOUTH CENTRAL,80,2002,135300.0,136300.0,6088500.0,45.0,1
MINNESOTA,27,BROWN,015,SOUTH CENTRAL,80,2003,147200.0,147800.0,5152000.0,35.0,1
MINNESOTA,27,BROWN,015,SOUTH CENTRAL,80,2004,127300.0,127700.0,5219300.0,41.0,1
MINNESOTA,27,BROWN,015,SOUTH CENTRAL,80,2005,128500.0,130000.0,6682000.0,52.0,1
MINNESOTA,27,BROWN,015,SOUTH CENTRAL,80,2006,123600.0,125100.0,6427200.0,52.0,1
MINNESOTA,27,BROWN,015,SOUTH CENTRAL,80,2007,111600.0,112500.0,5356800.0,48.0,1
MINNESOTA,27,BROWN,015,SOUTH CENTRAL,80,2008,120600.0,122000.0,5385800.0,44.5,1
MINNESOTA,27,BROWN,015,SOUTH CENTRAL,80,2009,124600.0,126000.0,5530000.0,44.5,1
MINNESOTA,27,BROWN,015,SOUTH CENTRAL,80,2010,123200.0,124500.0,6314000.0,51.3,1
MINNESOTA,27,BROWN,015,SOUTH CENTRAL,80,2011,118600.0,119000.0,4979000.0,42.0,1
MINNESOTA,27,BROWN,015,SOUTH CENTRAL,80,2012,116300.0,117000.0,5023000.0,43.2,1
MINNESOTA,27,BROWN,015,SOUTH CENTRAL,80,2013,110500.0,111500.0,5208000.0,47.1,1
MINNESOTA,27,BROWN,015,SOUTH CENTRAL,80,2014,125600.0,126500.0,6099000.0,48.6,1
MINNESOTA,27,BROWN,015,SOUTH CENTRAL,80,2015,128400.0,129500.0,7258000.0,56.5,1
MINNESOTA,27,BROWN,015,SOUTH CENTRAL,80,2016,121200.0,122500.0,6445000.0,53.2,1
MINNESOTA,27,BROWN,015,SOUTH CENTRAL,80,2017,131700.0,132500.0,7215000.0,54.8,1
MINNESOTA,27,BROWN,015,SOUTH CENTRAL,80,2018,125100.0,126500.0,6498000.0,51.9,1
MINNESOTA,27,BROWN,015,SOUTH CENTRAL,80,2019,117500.0,119000.0,5532000.0,47.1,1
MINNESOTA,27,BROWN,015,SOUTH CENTRAL,80,2020,124400.0,125500.0,7725000.0,62.1,1
MINNESOTA,27,BROWN,015,SOUTH CENTRAL,80,2021,127400.0,128500.0,7619000.0,59.8,1
MINNESOTA,27,BROWN,015,SOUTH CENTRAL,80,2022,128500.0,129500.0,7260000.0,56.5,1
MINNESOTA,27,BROWN,015,SOUTH CENTRAL,80,2023,125900.0,127000.0,6836000.0,54.3,1
MINNESOTA,27,BROWN,015,SOUTH CENTRAL,80,2024,129400.0,130500.0,6328000.0,48.9,1
MINNESOTA,27,BROWN,015,SOUTH CENTRAL,80,2025,126200.0,127500.0,7711000.0,61.1,1
MINNESOTA,27,CARLTON,017,EAST CENTRAL,60,2025,350.0,400.0,14900.0,42.6,1
MINNESOTA,27,CARVER,019,CENTRAL,50,1980,28200.0,28400.0,943800.0,33.0,1
MINNESOTA,27,CARVER,019,CENTRAL,50,1981,22900.0,23200.0,961800.0,42.0,1
MINNESOTA,27,CARVER,019,CENTRAL,50,1982,25100.0,25600.0,878500.0,34.3,1
MINNESOTA,27,CARVER,019,CENTRAL,50,1983,20500.0,21100.0,779000.0,38.0,1
MINNESOTA,27,CARVER,019,CENTRAL,50,1984,25300.0,25500.0,961400.0,38.0,1
MINNESOTA,27,CARVER,019,CENTRAL,50,1985,26700.0,27400.0,854400.0,32.0,1
MINNESOTA,27,CARVER,019,CENTRAL,50,1986,23400.0,23700.0,842400.0,36.0,1
MINNESOTA,27,CARVER,019,CENTRAL,50,1987,18900.0,19100.0,756000.0,40.0,1
MINNESOTA,27,CARVER,019,CENTRAL,50,1988,21100.0,21600.0,464200.0,22.0,1
MINNESOTA,27,CARVER,019,CENTRAL,50,1989,20500.0,21300.0,840500.0,41.0,1
MINNESOTA,27,CARVER,019,CENTRAL,50,1990,22400.0,22800.0,940800.0,42.0,1
MINNESOTA,27,CARVER,019,CENTRAL,50,1991,25500.0,26300.0,1045500.0,41.0,1
MINNESOTA,27,CARVER,019,CENTRAL,50,1992,28200.0,28400.0,874200.0,31.0,1
MINNESOTA,27,CARVER,019,CENTRAL,50,1993,28200.0,30200.0,817800.0,29.0,1
MINNESOTA,27,CARVER,019,CENTRAL,50,1994,31000.0,31600.0,1178000.0,38.0,1
MINNESOTA,27,CARVER,019,CENTRAL,50,1995,32000.0,32400.0,1408000.0,44.0,1
MINNESOTA,27,CARVER,019,CENTRAL,50,1996,33400.0,33900.0,1369400.0,41.0,1
MINNESOTA,27,CARVER,019,CENTRAL,50,1997,36900.0,37800.0,1476000.0,40.0,1
MINNESOTA,27,CARVER,019,CENTRAL,50,1998,38200.0,38600.0,1948200.0,51.0,1
MINNESOTA,27,CARVER,019,CENTRAL,50,1999,41300.0,41700.0,2065000.0,50.0,1
MINNESOTA,27,CARVER,019,CENTRAL,50,2000,45800.0,46500.0,2290000.0,50.0,1
MINNESOTA,27,CARVER,019,CENTRAL,50,2001,44800.0,45300.0,1836800.0,41.0,1
MINNESOTA,27,CARVER,019,CENTRAL,50,2002,43500.0,44100.0,2131500.0,49.0,1
MINNESOTA,27,CARVER,019,CENTRAL,50,2003,43000.0,43200.0,1333000.0,31.0,1
MINNESOTA,27,CARVER,019,CENTRAL,50,2004,42300.0,42600.0,1565100.0,37.0,1
MINNESOTA,27,CARVER,019,CENTRAL,50,2005,39000.0,39400.0,1911000.0,49.0,1
MINNESOTA,27,CARVER,019,CENTRAL,50,2006,42100.0,42900.0,2147100.0,51.0,1
MINNESOTA,27,CARVER,019,CENTRAL,50,2007,36400.0,36700.0,1747200.0,48.0,1
MINNESOTA,27,CARVER,019,CENTRAL,50,2008,40800.0,41000.0,1731900.0,42.5,1
MINNESOTA,27,CARVER,019,CENTRAL,50,2009,38200.0,38600.0,1769000.0,46.5,1
MINNESOTA,27,CARVER,019,CENTRAL,50,2010,38800.0,39000.0,2004000.0,51.6,1
MINNESOTA,27,CARVER,019,CENTRAL,50,2011,36900.0,37200.0,1359000.0,36.8,1
MINNESOTA,27,CARVER,019,CENTRAL,50,2012,34900.0,35600.0,1729000.0,49.5,1
MINNESOTA,27,CARVER,019,CENTRAL,50,2013,33100.0,33400.0,1380000.0,41.7,1
MINNESOTA,27,CARVER,019,CENTRAL,50,2014,30500.0,31900.0,1045000.0,34.3,1
MINNESOTA,27,CARVER,019,CENTRAL,50,2015,42200.0,42600.0,2468000.0,58.5,1
MINNESOTA,27,CARVER,019,CENTRAL,50,2016,42200.0,42500.0,2450000.0,58.1,1
MINNESOTA,27,CARVER,019,CENTRAL,50,2017,45400.0,45800.0,2429000.0,53.5,1
MINNESOTA,27,CARVER,019,CENTRAL,50,2018,40500.0,41000.0,2209000.0,54.5,1
MINNESOTA,27,CARVER,019,CENTRAL,50,2019,38400.0,38900.0,1984000.0,51.7,1
MINNESOTA,27,CARVER,019,CENTRAL,50,2020,43100.0,43500.0,2517000.0,58.4,1
MINNESOTA,27,CARVER,019,CENTRAL,50,2021,42500.0,42900.0,2448000.0,57.6,1
MINNESOTA,27,CARVER,019,CENTRAL,50,2022,43300.0,43700.0,2576000.0,59.5,1
MINNESOTA,27,CARVER,019,CENTRAL,50,2023,43800.0,44200.0,2532000.0,57.8,1
MINNESOTA,27,CARVER,019,CENTRAL,50,2024,43900.0,44300.0,2296000.0,52.3,1
MINNESOTA,27,CARVER,019,CENTRAL,50,2025,44200.0,44700.0,2564000.0,58.0,1
MINNESOTA,27,CASS,021,NORTH CENTRAL,20,1980,200.0,200.0,4500.0,23.0,1
MINNESOTA,27,CASS,021,NORTH CENTRAL,20,1981,300.0,400.0,7200.0,24.0,1
MINNESOTA,27,CASS,021,NORTH CENTRAL,20,1986,100.0,100.0,2400.0,24.0,1
MINNESOTA,27,CASS,021,NORTH CENTRAL,20,2002,1500.0,1600.0,63000.0,42.0,1
MINNESOTA,27,CASS,021,NORTH CENTRAL,20,2003,1400.0,1500.0,50400.0,36.0,1
MINNESOTA,27,CASS,021,NORTH CENTRAL,20,2020,2380.0,2400.0,77300.0,32.5,1
MINNESOTA,27,CASS,021,NORTH CENTRAL,20,2021,3670.0,4000.0,144000.0,39.2,1
MINNESOTA,27,CASS,021,NORTH CENTRAL,20,2022,2180.0,2200.0,77800.0,35.7,1
MINNESOTA,27,CASS,021,NORTH CENTRAL,20,2024,2980.0,3000.0,83100.0,27.9,1
MINNESOTA,27,CASS,021,NORTH CENTRAL,20,2025,2750.0,2800.0,105000.0,38.2,1
MINNESOTA,27,CHIPPEWA,023,WEST CENTRAL,40,1980,106900.0,107400.0,2630700.0,25.0,1
MINNESOTA,27,CHIPPEWA,023,WEST CENTRAL,40,1981,82300.0,86100.0,2222100.0,27.0,1
MINNESOTA,27,CHIPPEWA,023,WEST CENTRAL,40,1982,102100.0,103800.0,3573500.0,35.0,1
MINNESOTA,27,CHIPPEWA,023,WEST CENTRAL,40,1983,86500.0,88000.0,2642300.0,30.0,1
MINNESOTA,27,CHIPPEWA,023,WEST CENTRAL,40,1984,113000.0,115100.0,3503000.0,31.0,1
MINNESOTA,27,CHIPPEWA,023,WEST CENTRAL,40,1985,104200.0,105300.0,3542800.0,34.0,1
MINNESOTA,27,CHIPPEWA,023,WEST CENTRAL,40,1986,94600.0,95800.0,3121800.0,33.0,1
MINNESOTA,27,CHIPPEWA,023,WEST CENTRAL,40,1987,97700.0,98400.0,3810300.0,39.0,1
MINNESOTA,27,CHIPPEWA,023,WEST CENTRAL,40,1988,96400.0,98400.0,1735200.0,18.0,1
MINNESOTA,27,CHIPPEWA,023,WEST CENTRAL,40,1989,104900.0,105800.0,3356800.0,32.0,1
MINNESOTA,27,CHIPPEWA,023,WEST CENTRAL,40,1990,101500.0,103700.0,4161500.0,41.0,1
MINNESOTA,27,CHIPPEWA,023,WEST CENTRAL,40,1991,116900.0,121600.0,4676000.0,40.0,1
MINNESOTA,27,CHIPPEWA,023,WEST CENTRAL,40,1992,127800.0,129100.0,3961800.0,31.0,1
MINNESOTA,27,CHIPPEWA,023,WEST CENTRAL,40,1993,118200.0,126600.0,2482200.0,21.0,1
MINNESOTA,27,CHIPPEWA,023,WEST CENTRAL,40,1994,131100.0,133800.0,5112900.0,39.0,1
MINNESOTA,27,CHIPPEWA,023,WEST CENTRAL,40,1995,133200.0,135200.0,4928400.0,37.0,1
MINNESOTA,27,CHIPPEWA,023,WEST CENTRAL,40,1996,136300.0,138900.0,5043100.0,37.0,1
MINNESOTA,27,CHIPPEWA,023,WEST CENTRAL,40,1997,134000.0,135000.0,4958000.0,37.0,1
MINNESOTA,27,CHIPPEWA,023,WEST CENTRAL,40,1998,131800.0,133000.0,5799200.0,44.0,1
MINNESOTA,27,CHIPPEWA,023,WEST CENTRAL,40,1999,135000.0,136000.0,6075000.0,45.0,1
MINNESOTA,27,CHIPPEWA,023,WEST CENTRAL,40,2000,133500.0,136000.0,5607000.0,42.0,1
MINNESOTA,27,CHIPPEWA,023,WEST CENTRAL,40,2001,133500.0,134700.0,5340000.0,40.0,1
MINNESOTA,27,CHIPPEWA,023,WEST CENTRAL,40,2002,121800.0,122800.0,5481000.0,45.0,1
MINNESOTA,27,CHIPPEWA,023,WEST CENTRAL,40,2003,120600.0,121500.0,4221000.0,35.0,1
MINNESOTA,27,CHIPPEWA,023,WEST CENTRAL,40,2004,117600.0,117900.0,4233600.0,36.0,1
MINNESOTA,27,CHIPPEWA,023,WEST CENTRAL,40,2005,109600.0,111300.0,5151200.0,47.0,1
MINNESOTA,27,CHIPPEWA,023,WEST CENTRAL,40,2006,110300.0,111600.0,5184100.0,47.0,1
MINNESOTA,27,CHIPPEWA,023,WEST CENTRAL,40,2007,88000.0,88700.0,3872000.0,44.0,1
MINNESOTA,27,CHIPPEWA,023,WEST CENTRAL,40,2008,99700.0,100500.0,3713300.0,37.0,1
MINNESOTA,27,CHIPPEWA,023,WEST CENTRAL,40,2009,98600.0,99700.0,4252000.0,43.0,1
MINNESOTA,27,CHIPPEWA,023,WEST CENTRAL,40,2010,101700.0,102500.0,4938000.0,48.6,1
MINNESOTA,27,CHIPPEWA,023,WEST CENTRAL,40,2011,99800.0,100500.0,4054000.0,40.6,1
MINNESOTA,27,CHIPPEWA,023,WEST CENTRAL,40,2012,89400.0,89900.0,4257000.0,47.6,1
MINNESOTA,27,CHIPPEWA,023,WEST CENTRAL,40,2013,87700.0,88500.0,4345000.0,49.5,1
MINNESOTA,27,CHIPPEWA,023,WEST CENTRAL,40,2014,105500.0,107500.0,5243000.0,49.7,1
MINNESOTA,27,CHIPPEWA,023,WEST CENTRAL,40,2015,107100.0,107500.0,5388000.0,50.3,1
MINNESOTA,27,CHIPPEWA,023,WEST CENTRAL,40,2016,105400.0,106000.0,5510000.0,52.3,1
MINNESOTA,27,CHIPPEWA,023,WEST CENTRAL,40,2017,109300.0,110000.0,5442000.0,49.8,1
MINNESOTA,27,CHIPPEWA,023,WEST CENTRAL,40,2018,100000.0,102000.0,5255000.0,52.6,1
MINNESOTA,27,CHIPPEWA,023,WEST CENTRAL,40,2019,85600.0,86200.0,4102000.0,47.9,1
MINNESOTA,27,CHIPPEWA,023,WEST CENTRAL,40,2020,94500.0,95300.0,5275000.0,55.8,1
MINNESOTA,27,CHIPPEWA,023,WEST CENTRAL,40,2021,99600.0,100500.0,5239000.0,52.6,1
MINNESOTA,27,CHIPPEWA,023,WEST CENTRAL,40,2022,96300.0,97000.0,4632000.0,48.1,1
MINNESOTA,27,CHIPPEWA,023,WEST CENTRAL,40,2023,94000.0,94900.0,4615000.0,49.1,1
MINNESOTA,27,CHIPPEWA,023,WEST CENTRAL,40,2025,81100.0,82000.0,3966000.0,48.9,1
MINNESOTA,27,CHISAGO,025,EAST CENTRAL,60,1980,17600.0,17700.0,450500.0,26.0,1
MINNESOTA,27,CHISAGO,025,EAST CENTRAL,60,1981,15000.0,15400.0,345000.0,23.0,1
MINNESOTA,27,CHISAGO,025,EAST CENTRAL,60,1982,17400.0,18000.0,382800.0,21.3,1
MINNESOTA,27,CHISAGO,025,EAST CENTRAL,60,1983,15800.0,16100.0,410800.0,26.0,1
MINNESOTA,27,CHISAGO,025,EAST CENTRAL,60,1984,16300.0,16500.0,391200.0,24.0,1
MINNESOTA,27,CHISAGO,025,EAST CENTRAL,60,1985,19600.0,19900.0,490000.0,25.0,1
MINNESOTA,27,CHISAGO,025,EAST CENTRAL,60,1986,16600.0,16900.0,498000.0,30.0,1
MINNESOTA,27,CHISAGO,025,EAST CENTRAL,60,1987,13000.0,13000.0,416000.0,32.0,1
MINNESOTA,27,CHISAGO,025,EAST CENTRAL,60,1988,11800.0,12300.0,259600.0,22.0,1
MINNESOTA,27,CHISAGO,025,EAST CENTRAL,60,1989,12900.0,13000.0,322500.0,25.0,1
MINNESOTA,27,CHISAGO,025,EAST CENTRAL,60,1990,12000.0,12600.0,336000.0,28.0,1
MINNESOTA,27,CHISAGO,025,EAST CENTRAL,60,1991,12800.0,13300.0,358400.0,28.0,1
MINNESOTA,27,CHISAGO,025,EAST CENTRAL,60,1992,14100.0,15200.0,253800.0,18.0,1
MINNESOTA,27,CHISAGO,025,EAST CENTRAL,60,1993,11500.0,11900.0,218500.0,19.0,1
MINNESOTA,27,CHISAGO,025,EAST CENTRAL,60,1994,13700.0,13800.0,383600.0,28.0,1
MINNESOTA,27,CHISAGO,025,EAST CENTRAL,60,1995,13200.0,13700.0,369600.0,28.0,1
MINNESOTA,27,CHISAGO,025,EAST CENTRAL,60,1996,15600.0,15800.0,327600.0,21.0,1
MINNESOTA,27,CHISAGO,025,EAST CENTRAL,60,1997,17200.0,17500.0,516000.0,30.0,1
MINNESOTA,27,CHISAGO,025,EAST CENTRAL,60,1998,18400.0,18600.0,662400.0,36.0,1
MINNESOTA,27,CHISAGO,025,EAST CENTRAL,60,1999,22300.0,22500.0,780500.0,35.0,1
MINNESOTA,27,CHISAGO,025,EAST CENTRAL,60,2000,22400.0,22900.0,672000.0,30.0,1
MINNESOTA,27,CHISAGO,025,EAST CENTRAL,60,2001,24700.0,24900.0,716300.0,29.0,1
MINNESOTA,27,CHISAGO,025,EAST CENTRAL,60,2002,23400.0,23600.0,982800.0,42.0,1
MINNESOTA,27,CHISAGO,025,EAST CENTRAL,60,2003,24800.0,24900.0,595200.0,24.0,1
MINNESOTA,27,CHISAGO,025,EAST CENTRAL,60,2004,21800.0,22100.0,545000.0,25.0,1
MINNESOTA,27,CHISAGO,025,EAST CENTRAL,60,2005,22600.0,22800.0,791000.0,35.0,1
MINNESOTA,27,CHISAGO,025,EAST CENTRAL,60,2006,25700.0,26000.0,976600.0,38.0,1
MINNESOTA,27,CHISAGO,025,EAST CENTRAL,60,2007,21400.0,21600.0,577800.0,27.0,1
MINNESOTA,27,CHISAGO,025,EAST CENTRAL,60,2008,26000.0,26400.0,719900.0,27.5,1
MINNESOTA,27,CHISAGO,025,EAST CENTRAL,60,2009,22900.0,23300.0,634000.0,27.5,1
MINNESOTA,27,CHISAGO,025,EAST CENTRAL,60,2010,25800.0,26100.0,1113000.0,43.1,1
MINNESOTA,27,CHISAGO,025,EAST CENTRAL,60,2011,24200.0,24300.0,837000.0,34.6,1
MINNESOTA,27,CHISAGO,025,EAST CENTRAL,60,2012,24700.0,24800.0,910000.0,36.8,1
MINNESOTA,27,CHISAGO,025,EAST CENTRAL,60,2013,23000.0,23200.0,556000.0,24.2,1
MINNESOTA,27,CHISAGO,025,EAST CENTRAL,60,2014,18300.0,18400.0,508000.0,27.8,1
MINNESOTA,27,CHISAGO,025,EAST CENTRAL,60,2015,25400.0,26100.0,1164000.0,45.8,1
MINNESOTA,27,CHISAGO,025,EAST CENTRAL,60,2016,25900.0,26100.0,1181000.0,45.6,1
MINNESOTA,27,CHISAGO,025,EAST CENTRAL,60,2017,28900.0,29000.0,1077000.0,37.3,1
MINNESOTA,27,CHISAGO,025,EAST CENTRAL,60,2018,28200.0,28400.0,1051000.0,37.3,1
MINNESOTA,27,CHISAGO,025,EAST CENTRAL,60,2019,18800.0,19000.0,658000.0,35.0,1
MINNESOTA,27,CHISAGO,025,EAST CENTRAL,60,2020,24500.0,24700.0,1073000.0,43.8,1
MINNESOTA,27,CHISAGO,025,EAST CENTRAL,60,2021,22100.0,22300.0,944000.0,42.7,1
MINNESOTA,27,CHISAGO,025,EAST CENTRAL,60,2022,23000.0,23200.0,994000.0,43.2,1
MINNESOTA,27,CHISAGO,025,EAST CENTRAL,60,2023,21800.0,22000.0,879000.0,40.3,1
MINNESOTA,27,CHISAGO,025,EAST CENTRAL,60,2024,19700.0,20000.0,737000.0,37.4,1
MINNESOTA,27,CLAY,027,NORTHWEST,10,1980,18000.0,18400.0,336600.0,19.0,1
MINNESOTA,27,CLAY,027,NORTHWEST,10,1981,35600.0,35700.0,1103600.0,31.0,1
MINNESOTA,27,CLAY,027,NORTHWEST,10,1982,60800.0,63700.0,1641600.0,25.8,1
MINNESOTA,27,CLAY,027,NORTHWEST,10,1983,73700.0,74500.0,2505800.0,34.0,1
MINNESOTA,27,CLAY,027,NORTHWEST,10,1984,102600.0,102800.0,2359800.0,23.0,1
MINNESOTA,27,CLAY,027,NORTHWEST,10,1985,81200.0,83100.0,1867600.0,23.0,1
MINNESOTA,27,CLAY,027,NORTHWEST,10,1986,67700.0,68600.0,2369500.0,35.0,1
MINNESOTA,27,CLAY,027,NORTHWEST,10,1987,71700.0,71800.0,2366100.0,33.0,1
MINNESOTA,27,CLAY,027,NORTHWEST,10,1988,71500.0,74500.0,1358500.0,19.0,1
MINNESOTA,27,CLAY,027,NORTHWEST,10,1989,74100.0,75300.0,1630200.0,22.0,1
MINNESOTA,27,CLAY,027,NORTHWEST,10,1990,60400.0,61300.0,1570400.0,26.0,1
MINNESOTA,27,CLAY,027,NORTHWEST,10,1991,72200.0,73600.0,2454800.0,34.0,1
MINNESOTA,27,CLAY,027,NORTHWEST,10,1992,78100.0,80400.0,2186800.0,28.0,1
MINNESOTA,27,CLAY,027,NORTHWEST,10,1993,68600.0,74200.0,1372000.0,20.0,1
MINNESOTA,27,CLAY,027,NORTHWEST,10,1994,75000.0,75700.0,2175000.0,29.0,1
MINNESOTA,27,CLAY,027,NORTHWEST,10,1995,69900.0,71000.0,2166900.0,31.0,1
MINNESOTA,27,CLAY,027,NORTHWEST,10,1996,78400.0,80000.0,2352000.0,30.0,1
MINNESOTA,27,CLAY,027,NORTHWEST,10,1997,105100.0,105600.0,3573400.0,34.0,1
MINNESOTA,27,CLAY,027,NORTHWEST,10,1998,109500.0,113600.0,3394500.0,31.0,1
MINNESOTA,27,CLAY,027,NORTHWEST,10,1999,124100.0,131000.0,4343500.0,35.0,1
MINNESOTA,27,CLAY,027,NORTHWEST,10,2000,135400.0,143300.0,4468200.0,33.0,1
MINNESOTA,27,CLAY,027,NORTHWEST,10,2001,148500.0,150100.0,5049000.0,34.0,1
MINNESOTA,27,CLAY,027,NORTHWEST,10,2002,156800.0,158300.0,5488000.0,35.0,1
MINNESOTA,27,CLAY,027,NORTHWEST,10,2003,158700.0,159500.0,4602300.0,29.0,1
MINNESOTA,27,CLAY,027,NORTHWEST,10,2004,167900.0,169900.0,3525900.0,21.0,1
MINNESOTA,27,CLAY,027,NORTHWEST,10,2005,151200.0,154000.0,5745600.0,38.0,1
MINNESOTA,27,CLAY,027,NORTHWEST,10,2006,172400.0,174600.0,6034000.0,35.0,1
MINNESOTA,27,CLAY,027,NORTHWEST,10,2007,150500.0,151500.0,5267500.0,35.0,1
MINNESOTA,27,CLAY,027,NORTHWEST,10,2008,158900.0,160500.0,5668700.0,35.5,1
MINNESOTA,27,CLAY,027,NORTHWEST,10,2009,198000.0,200000.0,5776000.0,29.0,1
MINNESOTA,27,CLAY,027,NORTHWEST,10,2010,191300.0,193000.0,6878000.0,36.0,1
MINNESOTA,27,CLAY,027,NORTHWEST,10,2011,178700.0,179500.0,5992000.0,33.5,1
MINNESOTA,27,CLAY,027,NORTHWEST,10,2012,179400.0,180500.0,6631000.0,37.0,1
MINNESOTA,27,CLAY,027,NORTHWEST,10,2013,179200.0,181500.0,6469000.0,36.1,1
MINNESOTA,27,CLAY,027,NORTHWEST,10,2014,206000.0,207000.0,7255000.0,35.2,1
MINNESOTA,27,CLAY,027,NORTHWEST,10,2015,181000.0,182000.0,7345000.0,40.6,1
MINNESOTA,27,CLAY,027,NORTHWEST,10,2016,171500.0,173000.0,7551000.0,44.0,1
MINNESOTA,27,CLAY,027,NORTHWEST,10,2017,188300.0,189500.0,7741000.0,41.1,1
MINNESOTA,27,CLAY,027,NORTHWEST,10,2018,183100.0,184500.0,8343000.0,45.6,1
MINNESOTA,27,CLAY,027,NORTHWEST,10,2019,164500.0,165500.0,6379000.0,38.8,1
MINNESOTA,27,CLAY,027,NORTHWEST,10,2020,182400.0,184000.0,7296000.0,40.0,1
MINNESOTA,27,CLAY,027,NORTHWEST,10,2021,179600.0,181000.0,7615000.0,42.4,1
MINNESOTA,27,CLAY,027,NORTHWEST,10,2023,167500.0,169000.0,6734000.0,40.2,1
MINNESOTA,27,CLAY,027,NORTHWEST,10,2024,169600.0,171000.0,6513000.0,38.4,1
MINNESOTA,27,CLAY,027,NORTHWEST,10,2025,168700.0,170500.0,6849000.0,40.6,1
MINNESOTA,27,CLEARWATER,029,NORTHWEST,10,1980,100.0,100.0,1700.0,17.0,1
MINNESOTA,27,CLEARWATER,029,NORTHWEST,10,1983,400.0,500.0,10400.0,26.0,1
MINNESOTA,27,CLEARWATER,029,NORTHWEST,10,1984,500.0,600.0,12500.0,25.0,1
MINNESOTA,27,CLEARWATER,029,NORTHWEST,10,1985,400.0,500.0,7600.0,19.0,1
MINNESOTA,27,CLEARWATER,029,NORTHWEST,10,1986,400.0,500.0,8800.0,22.0,1
MINNESOTA,27,CLEARWATER,029,NORTHWEST,10,1987,1300.0,1300.0,33800.0,26.0,1
MINNESOTA,27,CLEARWATER,029,NORTHWEST,10,1988,1100.0,1200.0,24200.0,22.0,1
MINNESOTA,27,CLEARWATER,029,NORTHWEST,10,1989,900.0,1000.0,15300.0,17.0,1
MINNESOTA,27,CLEARWATER,029,NORTHWEST,10,1990,1000.0,1100.0,25000.0,22.7,1
MINNESOTA,27,CLEARWATER,029,NORTHWEST,10,1997,1700.0,1700.0,47600.0,28.0,1
MINNESOTA,27,CLEARWATER,029,NORTHWEST,10,1998,2800.0,2900.0,78400.0,28.0,1
MINNESOTA,27,CLEARWATER,029,NORTHWEST,10,1999,2200.0,2300.0,63800.0,29.0,1
MINNESOTA,27,CLEARWATER,029,NORTHWEST,10,2000,3300.0,3400.0,99000.0,30.0,1
MINNESOTA,27,CLEARWATER,029,NORTHWEST,10,2001,2400.0,2500.0,72000.0,30.0,1
MINNESOTA,27,CLEARWATER,029,NORTHWEST,10,2002,4300.0,4600.0,141900.0,33.0,1
MINNESOTA,27,CLEARWATER,029,NORTHWEST,10,2003,5900.0,6000.0,165200.0,28.0,1
MINNESOTA,27,CLEARWATER,029,NORTHWEST,10,2004,6200.0,10400.0,80600.0,13.0,1
MINNESOTA,27,CLEARWATER,029,NORTHWEST,10,2005,6700.0,6800.0,207700.0,31.0,1
MINNESOTA,27,CLEARWATER,029,NORTHWEST,10,2006,8200.0,9300.0,205000.0,25.0,1
MINNESOTA,27,CLEARWATER,029,NORTHWEST,10,2007,7100.0,7500.0,234300.0,33.0,1
MINNESOTA,27,CLEARWATER,029,NORTHWEST,10,2009,10800.0,12000.0,214000.0,20.0,1
MINNESOTA,27,CLEARWATER,029,NORTHWEST,10,2010,12500.0,12600.0,376000.0,30.1,1
MINNESOTA,27,CLEARWATER,029,NORTHWEST,10,2011,12800.0,13000.0,383000.0,29.9,1
MINNESOTA,27,CLEARWATER,029,NORTHWEST,10,2013,18400.0,18600.0,512000.0,27.8,1
MINNESOTA,27,CLEARWATER,029,NORTHWEST,10,2016,20200.0,20400.0,864000.0,42.8,1
MINNESOTA,27,CLEARWATER,029,NORTHWEST,10,2017,22700.0,23000.0,735000.0,32.4,1
MINNESOTA,27,CLEARWATER,029,NORTHWEST,10,2018,24000.0,24200.0,944000.0,39.3,1
MINNESOTA,27,CLEARWATER,029,NORTHWEST,10,2019,20800.0,21100.0,837000.0,40.2,1
MINNESOTA,27,CLEARWATER,029,NORTHWEST,10,2020,21300.0,21500.0,931000.0,43.7,1
MINNESOTA,27,CLEARWATER,029,NORTHWEST,10,2021,25200.0,25800.0,612000.0,24.3,1
MINNESOTA,27,CLEARWATER,029,NORTHWEST,10,2022,22300.0,22500.0,805000.0,36.1,1
MINNESOTA,27,CLEARWATER,029,NORTHWEST,10,2023,21700.0,21900.0,914000.0,42.1,1
MINNESOTA,27,CLEARWATER,029,NORTHWEST,10,2024,27700.0,28000.0,1055000.0,38.1,1
MINNESOTA,27,CLEARWATER,029,NORTHWEST,10,2025,24400.0,24700.0,966000.0,39.6,1
MINNESOTA,27,COTTONWOOD,033,SOUTHWEST,70,1980,163000.0,163300.0,5776300.0,35.0,1
MINNESOTA,27,COTTONWOOD,033,SOUTHWEST,70,1981,153600.0,154500.0,5525500.0,36.0,1
MINNESOTA,27,COTTONWOOD,033,SOUTHWEST,70,1982,161200.0,164600.0,6168300.0,38.3,1
MINNESOTA,27,COTTONWOOD,033,SOUTHWEST,70,1983,147900.0,149200.0,4732800.0,32.0,1
MINNESOTA,27,COTTONWOOD,033,SOUTHWEST,70,1984,149000.0,149400.0,5513000.0,37.0,1
MINNESOTA,27,COTTONWOOD,033,SOUTHWEST,70,1985,158400.0,161800.0,5227200.0,33.0,1
MINNESOTA,27,COTTONWOOD,033,SOUTHWEST,70,1986,146500.0,149200.0,5274000.0,36.0,1
MINNESOTA,27,COTTONWOOD,033,SOUTHWEST,70,1987,155300.0,158000.0,6367300.0,41.0,1
MINNESOTA,27,COTTONWOOD,033,SOUTHWEST,70,1988,160200.0,162900.0,4645800.0,29.0,1
MINNESOTA,27,COTTONWOOD,033,SOUTHWEST,70,1989,160500.0,161400.0,6420000.0,40.0,1
MINNESOTA,27,COTTONWOOD,033,SOUTHWEST,70,1990,146600.0,148700.0,6303800.0,43.0,1
MINNESOTA,27,COTTONWOOD,033,SOUTHWEST,70,1991,168300.0,171500.0,5722200.0,34.0,1
MINNESOTA,27,COTTONWOOD,033,SOUTHWEST,70,1992,158400.0,158700.0,5702400.0,36.0,1
MINNESOTA,27,COTTONWOOD,033,SOUTHWEST,70,1993,144800.0,158800.0,2751200.0,19.0,1
MINNESOTA,27,COTTONWOOD,033,SOUTHWEST,70,1994,161600.0,162700.0,6787200.0,42.0,1
MINNESOTA,27,COTTONWOOD,033,SOUTHWEST,70,1995,171200.0,173100.0,7361600.0,43.0,1
MINNESOTA,27,COTTONWOOD,033,SOUTHWEST,70,1996,158500.0,161400.0,6815500.0,43.0,1
MINNESOTA,27,COTTONWOOD,033,SOUTHWEST,70,1997,172100.0,172900.0,7228200.0,42.0,1
MINNESOTA,27,COTTONWOOD,033,SOUTHWEST,70,1998,175800.0,177300.0,8086800.0,46.0,1
MINNESOTA,27,COTTONWOOD,033,SOUTHWEST,70,1999,172300.0,173700.0,7408900.0,43.0,1
MINNESOTA,27,COTTONWOOD,033,SOUTHWEST,70,2000,164900.0,167900.0,6925800.0,42.0,1
MINNESOTA,27,COTTONWOOD,033,SOUTHWEST,70,2001,167800.0,169300.0,6376400.0,38.0,1
MINNESOTA,27,COTTONWOOD,033,SOUTHWEST,70,2002,158200.0,159500.0,7435400.0,47.0,1
MINNESOTA,27,COTTONWOOD,033,SOUTHWEST,70,2003,164500.0,165200.0,5757500.0,35.0,1
MINNESOTA,27,COTTONWOOD,033,SOUTHWEST,70,2004,157200.0,157500.0,6288000.0,40.0,1
MINNESOTA,27,COTTONWOOD,033,SOUTHWEST,70,2005,155000.0,156800.0,7750000.0,50.0,1
MINNESOTA,27,COTTONWOOD,033,SOUTHWEST,70,2006,154800.0,156700.0,7585200.0,49.0,1
MINNESOTA,27,COTTONWOOD,033,SOUTHWEST,70,2007,141000.0,141500.0,6768000.0,48.0,1
MINNESOTA,27,COTTONWOOD,033,SOUTHWEST,70,2008,154600.0,156000.0,6615100.0,43.0,1
MINNESOTA,27,COTTONWOOD,033,SOUTHWEST,70,2009,145900.0,147500.0,6832000.0,47.0,1
MINNESOTA,27,COTTONWOOD,033,SOUTHWEST,70,2010,153000.0,156500.0,7111000.0,46.5,1
MINNESOTA,27,COTTONWOOD,033,SOUTHWEST,70,2011,147300.0,148000.0,6490000.0,44.1,1
MINNESOTA,27,COTTONWOOD,033,SOUTHWEST,70,2012,150500.0,151500.0,6679000.0,44.4,1
MINNESOTA,27,COTTONWOOD,033,SOUTHWEST,70,2013,143100.0,144500.0,7081000.0,49.5,1
MINNESOTA,27,COTTONWOOD,033,SOUTHWEST,70,2014,162300.0,163500.0,8190000.0,50.5,1
MINNESOTA,27,COTTONWOOD,033,SOUTHWEST,70,2015,157600.0,158500.0,8944000.0,56.8,1
MINNESOTA,27,COTTONWOOD,033,SOUTHWEST,70,2016,155500.0,156500.0,9223000.0,59.3,1
MINNESOTA,27,COTTONWOOD,033,SOUTHWEST,70,2017,162500.0,163500.0,9175000.0,56.5,1
MINNESOTA,27,COTTONWOOD,033,SOUTHWEST,70,2018,152200.0,154500.0,7891000.0,51.8,1
MINNESOTA,27,COTTONWOOD,033,SOUTHWEST,70,2019,141100.0,142500.0,6680000.0,47.3,1
MINNESOTA,27,COTTONWOOD,033,SOUTHWEST,70,2020,151200.0,152500.0,8921000.0,59.0,1
MINNESOTA,27,COTTONWOOD,033,SOUTHWEST,70,2021,148700.0,150000.0,8357000.0,56.2,1
MINNESOTA,27,COTTONWOOD,033,SOUTHWEST,70,2022,151300.0,152500.0,8034000.0,53.1,1
MINNESOTA,27,COTTONWOOD,033,SOUTHWEST,70,2023,146600.0,148000.0,8034000.0,54.8,1
MINNESOTA,27,COTTONWOOD,033,SOUTHWEST,70,2024,153500.0,155000.0,7353000.0,47.9,1
MINNESOTA,27,COTTONWOOD,033,SOUTHWEST,70,2025,146000.0,148000.0,8967000.0,61.4,1
MINNESOTA,27,CROW WING,035,EAST CENTRAL,60,1980,1600.0,1600.0,31500.0,20.0,1
MINNESOTA,27,CROW WING,035,EAST CENTRAL,60,1981,2300.0,2400.0,46000.0,20.0,1
MINNESOTA,27,CROW WING,035,EAST CENTRAL,60,1982,2600.0,2800.0,46800.0,18.0,1
MINNESOTA,27,CROW WING,035,EAST CENTRAL,60,1983,2500.0,2600.0,50000.0,19.2,1
MINNESOTA,27,CROW WING,035,EAST CENTRAL,60,1984,4500.0,4600.0,99000.0,22.0,1
MINNESOTA,27,CROW WING,035,EAST CENTRAL,60,1988,500.0,500.0,10000.0,20.0,1
MINNESOTA,27,CROW WING,035,EAST CENTRAL,60,2006,1100.0,1100.0,33000.0,30.0,1
MINNESOTA,27,CROW WING,035,EAST CENTRAL,60,2010,1300.0,1400.0,42000.0,32.3,1
MINNESOTA,27,CROW WING,035,EAST CENTRAL,60,2014,4020.0,4100.0,113000.0,28.1,1
MINNESOTA,27,CROW WING,035,EAST CENTRAL,60,2017,4160.0,4200.0,170000.0,40.9,1
MINNESOTA,27,CROW WING,035,EAST CENTRAL,60,2020,3870.0,3900.0,150000.0,38.8,1
MINNESOTA,27,CROW WING,035,EAST CENTRAL,60,2021,4050.0,4100.0,83400.0,20.6,1
MINNESOTA,27,CROW WING,035,EAST CENTRAL,60,2022,2980.0,3000.0,82800.0,27.8,1
MINNESOTA,27,CROW WING,035,EAST CENTRAL,60,2023,3470.0,3800.0,94400.0,27.2,1
MINNESOTA,27,DAKOTA,037,SOUTHEAST,90,1980,52900.0,53000.0,1458100.0,28.0,1
MINNESOTA,27,DAKOTA,037,SOUTHEAST,90,1981,55500.0,56200.0,1942500.0,35.0,1
MINNESOTA,27,DAKOTA,037,SOUTHEAST,90,1982,60900.0,62200.0,1887900.0,30.4,1
MINNESOTA,27,DAKOTA,037,SOUTHEAST,90,1983,49800.0,50000.0,1643400.0,33.0,1
MINNESOTA,27,DAKOTA,037,SOUTHEAST,90,1984,63500.0,63800.0,2286000.0,36.0,1
MINNESOTA,27,DAKOTA,037,SOUTHEAST,90,1985,65200.0,66200.0,2021200.0,31.0,1
MINNESOTA,27,DAKOTA,037,SOUTHEAST,90,1986,65500.0,66400.0,2620000.0,40.0,1
MINNESOTA,27,DAKOTA,037,SOUTHEAST,90,1987,52300.0,52400.0,2144300.0,41.0,1
MINNESOTA,27,DAKOTA,037,SOUTHEAST,90,1988,50700.0,51700.0,1166100.0,23.0,1
MINNESOTA,27,DAKOTA,037,SOUTHEAST,90,1989,51100.0,51200.0,2044000.0,40.0,1
MINNESOTA,27,DAKOTA,037,SOUTHEAST,90,1990,47300.0,48500.0,1939300.0,40.0,1
MINNESOTA,27,DAKOTA,037,SOUTHEAST,90,1991,51800.0,53300.0,2020200.0,39.0,1
MINNESOTA,27,DAKOTA,037,SOUTHEAST,90,1992,52900.0,53200.0,1745700.0,33.0,1
MINNESOTA,27,DAKOTA,037,SOUTHEAST,90,1993,53200.0,55000.0,1808800.0,34.0,1
MINNESOTA,27,DAKOTA,037,SOUTHEAST,90,1994,57500.0,58000.0,2357500.0,41.0,1
MINNESOTA,27,DAKOTA,037,SOUTHEAST,90,1995,57600.0,59300.0,2592000.0,45.0,1
MINNESOTA,27,DAKOTA,037,SOUTHEAST,90,1996,59400.0,60100.0,2138400.0,36.0,1
MINNESOTA,27,DAKOTA,037,SOUTHEAST,90,1997,66000.0,66300.0,2772000.0,42.0,1
MINNESOTA,27,DAKOTA,037,SOUTHEAST,90,1998,67000.0,67900.0,3082000.0,46.0,1
MINNESOTA,27,DAKOTA,037,SOUTHEAST,90,1999,68300.0,69000.0,3073500.0,45.0,1
MINNESOTA,27,DAKOTA,037,SOUTHEAST,90,2000,69700.0,70700.0,3136500.0,45.0,1
MINNESOTA,27,DAKOTA,037,SOUTHEAST,90,2001,72600.0,73100.0,2468400.0,34.0,1
MINNESOTA,27,DAKOTA,037,SOUTHEAST,90,2002,67700.0,68400.0,3181900.0,47.0,1
MINNESOTA,27,DAKOTA,037,SOUTHEAST,90,2003,67100.0,67800.0,2080100.0,31.0,1
MINNESOTA,27,DAKOTA,037,SOUTHEAST,90,2004,63700.0,64000.0,2420600.0,38.0,1
MINNESOTA,27,DAKOTA,037,SOUTHEAST,90,2005,61000.0,62500.0,2928000.0,48.0,1
MINNESOTA,27,DAKOTA,037,SOUTHEAST,90,2006,61800.0,62600.0,3028200.0,49.0,1
MINNESOTA,27,DAKOTA,037,SOUTHEAST,90,2007,52200.0,52500.0,1983600.0,38.0,1
MINNESOTA,27,DAKOTA,037,SOUTHEAST,90,2008,59200.0,60000.0,2260800.0,38.0,1
MINNESOTA,27,DAKOTA,037,SOUTHEAST,90,2009,54100.0,54700.0,2515000.0,46.5,1
MINNESOTA,27,DAKOTA,037,SOUTHEAST,90,2010,50700.0,51000.0,2583000.0,50.9,1
MINNESOTA,27,DAKOTA,037,SOUTHEAST,90,2011,47500.0,48000.0,1995000.0,42.0,1
MINNESOTA,27,DAKOTA,037,SOUTHEAST,90,2012,43800.0,44400.0,1938000.0,44.2,1
MINNESOTA,27,DAKOTA,037,SOUTHEAST,90,2013,42200.0,42600.0,1638000.0,38.8,1
MINNESOTA,27,DAKOTA,037,SOUTHEAST,90,2014,44000.0,44400.0,2033000.0,46.2,1
MINNESOTA,27,DAKOTA,037,SOUTHEAST,90,2015,47300.0,47800.0,2550000.0,53.9,1
MINNESOTA,27,DAKOTA,037,SOUTHEAST,90,2016,48000.0,48300.0,2796000.0,58.3,1
MINNESOTA,27,DAKOTA,037,SOUTHEAST,90,2017,53400.0,53800.0,2801000.0,52.5,1
MINNESOTA,27,DAKOTA,037,SOUTHEAST,90,2018,48500.0,49000.0,2514000.0,51.8,1
MINNESOTA,27,DAKOTA,037,SOUTHEAST,90,2020,42500.0,42900.0,2308000.0,54.3,1
MINNESOTA,27,DAKOTA,037,SOUTHEAST,90,2021,46600.0,47000.0,2554000.0,54.8,1
MINNESOTA,27,DAKOTA,037,SOUTHEAST,90,2022,47100.0,47500.0,2609000.0,55.4,1
MINNESOTA,27,DAKOTA,037,SOUTHEAST,90,2023,44900.0,45300.0,2223000.0,49.5,1
MINNESOTA,27,DAKOTA,037,SOUTHEAST,90,2024,43700.0,44100.0,2482000.0,56.8,1
MINNESOTA,27,DAKOTA,037,SOUTHEAST,90,2025,42000.0,42500.0,2453000.0,58.4,1
MINNESOTA,27,DODGE,039,SOUTHEAST,90,1980,65700.0,65900.0,2392900.0,36.0,1
MINNESOTA,27,DODGE,039,SOUTHEAST,90,1981,62700.0,63200.0,2257200.0,36.0,1
MINNESOTA,27,DODGE,039,SOUTHEAST,90,1982,68700.0,72000.0,2198400.0,30.5,1
MINNESOTA,27,DODGE,039,SOUTHEAST,90,1983,63500.0,63800.0,2222500.0,35.0,1
MINNESOTA,27,DODGE,039,SOUTHEAST,90,1984,64400.0,64700.0,2125200.0,33.0,1
MINNESOTA,27,DODGE,039,SOUTHEAST,90,1985,62600.0,64400.0,1815400.0,29.0,1
MINNESOTA,27,DODGE,039,SOUTHEAST,90,1986,58300.0,59100.0,2157100.0,37.0,1
MINNESOTA,27,DODGE,039,SOUTHEAST,90,1987,62700.0,63400.0,2633400.0,42.0,1
MINNESOTA,27,DODGE,039,SOUTHEAST,90,1988,67300.0,68100.0,2220900.0,33.0,1
MINNESOTA,27,DODGE,039,SOUTHEAST,90,1989,68400.0,69000.0,2667600.0,39.0,1
MINNESOTA,27,DODGE,039,SOUTHEAST,90,1990,61700.0,64300.0,2159500.0,35.0,1
MINNESOTA,27,DODGE,039,SOUTHEAST,90,1991,73200.0,74600.0,2562000.0,35.0,1
MINNESOTA,27,DODGE,039,SOUTHEAST,90,1992,74300.0,75700.0,2451900.0,33.0,1
MINNESOTA,27,DODGE,039,SOUTHEAST,90,1993,76500.0,78400.0,1683000.0,22.0,1
MINNESOTA,27,DODGE,039,SOUTHEAST,90,1994,80200.0,80800.0,3448600.0,43.0,1
MINNESOTA,27,DODGE,039,SOUTHEAST,90,1995,79600.0,80800.0,3741200.0,47.0,1
MINNESOTA,27,DODGE,039,SOUTHEAST,90,1996,82400.0,83700.0,3213600.0,39.0,1
MINNESOTA,27,DODGE,039,SOUTHEAST,90,1997,88100.0,88900.0,3788300.0,43.0,1
MINNESOTA,27,DODGE,039,SOUTHEAST,90,1998,90400.0,91300.0,4339200.0,48.0,1
MINNESOTA,27,DODGE,039,SOUTHEAST,90,1999,92800.0,93800.0,4083200.0,44.0,1
MINNESOTA,27,DODGE,039,SOUTHEAST,90,2000,93600.0,94900.0,4399200.0,47.0,1
MINNESOTA,27,DODGE,039,SOUTHEAST,90,2001,99100.0,100100.0,4162200.0,42.0,1
MINNESOTA,27,DODGE,039,SOUTHEAST,90,2002,91600.0,92500.0,4763200.0,52.0,1
MINNESOTA,27,DODGE,039,SOUTHEAST,90,2003,93800.0,94300.0,3095400.0,33.0,1
MINNESOTA,27,DODGE,039,SOUTHEAST,90,2004,91400.0,91800.0,3747400.0,41.0,1
MINNESOTA,27,DODGE,039,SOUTHEAST,90,2005,90900.0,92100.0,4908600.0,54.0,1
MINNESOTA,27,DODGE,039,SOUTHEAST,90,2006,92800.0,93900.0,4918400.0,53.0,1
MINNESOTA,27,DODGE,039,SOUTHEAST,90,2007,81700.0,82200.0,4166700.0,51.0,1
MINNESOTA,27,DODGE,039,SOUTHEAST,90,2008,85300.0,86000.0,3442100.0,40.5,1
MINNESOTA,27,DODGE,039,SOUTHEAST,90,2009,87700.0,88600.0,3871000.0,44.0,1
MINNESOTA,27,DODGE,039,SOUTHEAST,90,2010,88000.0,88600.0,4568000.0,51.9,1
MINNESOTA,27,DODGE,039,SOUTHEAST,90,2011,83400.0,83900.0,4032000.0,48.3,1
MINNESOTA,27,DODGE,039,SOUTHEAST,90,2012,77400.0,77900.0,4198000.0,54.2,1
MINNESOTA,27,DODGE,039,SOUTHEAST,90,2013,71700.0,72300.0,3373000.0,47.0,1
MINNESOTA,27,DODGE,039,SOUTHEAST,90,2014,76000.0,76400.0,3911000.0,51.5,1
MINNESOTA,27,DODGE,039,SOUTHEAST,90,2015,93100.0,93800.0,5640000.0,60.6,1
MINNESOTA,27,DODGE,039,SOUTHEAST,90,2016,82100.0,82700.0,4823000.0,58.7,1
MINNESOTA,27,DODGE,039,SOUTHEAST,90,2017,93800.0,94400.0,5146000.0,54.9,1
MINNESOTA,27,DODGE,039,SOUTHEAST,90,2018,87900.0,88600.0,5043000.0,57.4,1
MINNESOTA,27,DODGE,039,SOUTHEAST,90,2019,87400.0,88000.0,4255000.0,48.7,1
MINNESOTA,27,DODGE,039,SOUTHEAST,90,2020,87300.0,88000.0,5238000.0,60.0,1
MINNESOTA,27,DODGE,039,SOUTHEAST,90,2021,90100.0,90900.0,5415000.0,60.1,1
MINNESOTA,27,DODGE,039,SOUTHEAST,90,2022,86500.0,87200.0,5354000.0,61.9,1
MINNESOTA,27,DODGE,039,SOUTHEAST,90,2023,89300.0,90200.0,4563000.0,51.1,1
MINNESOTA,27,DODGE,039,SOUTHEAST,90,2024,87100.0,87900.0,4721000.0,54.2,1
MINNESOTA,27,DODGE,039,SOUTHEAST,90,2025,84500.0,85400.0,5391000.0,63.8,1
MINNESOTA,27,DOUGLAS,041,WEST CENTRAL,40,1980,28300.0,28400.0,612900.0,22.0,1
MINNESOTA,27,DOUGLAS,041,WEST CENTRAL,40,1981,25700.0,26100.0,616800.0,24.0,1
MINNESOTA,27,DOUGLAS,041,WEST CENTRAL,40,1982,27400.0,27800.0,849400.0,30.6,1
MINNESOTA,27,DOUGLAS,041,WEST CENTRAL,40,1983,26700.0,26800.0,854400.0,31.9,1
MINNESOTA,27,DOUGLAS,041,WEST CENTRAL,40,1984,33400.0,34200.0,968600.0,29.0,1
MINNESOTA,27,DOUGLAS,041,WEST CENTRAL,40,1985,27900.0,28300.0,725400.0,26.0,1
MINNESOTA,27,DOUGLAS,041,WEST CENTRAL,40,1986,31200.0,32000.0,936000.0,30.0,1
MINNESOTA,27,DOUGLAS,041,WEST CENTRAL,40,1987,23200.0,23400.0,696000.0,30.0,1
MINNESOTA,27,DOUGLAS,041,WEST CENTRAL,40,1988,25700.0,26000.0,462600.0,18.0,1
MINNESOTA,27,DOUGLAS,041,WEST CENTRAL,40,1989,25800.0,27700.0,619200.0,24.0,1
MINNESOTA,27,DOUGLAS,041,WEST CENTRAL,40,1990,24600.0,25200.0,762600.0,30.3,1
MINNESOTA,27,DOUGLAS,041,WEST CENTRAL,40,1991,32600.0,33600.0,1108400.0,34.0,1
MINNESOTA,27,DOUGLAS,041,WEST CENTRAL,40,1992,36400.0,37000.0,655200.0,18.0,1
MINNESOTA,27,DOUGLAS,041,WEST CENTRAL,40,1993,29000.0,30800.0,609000.0,21.0,1
MINNESOTA,27,DOUGLAS,041,WEST CENTRAL,40,1994,34600.0,35300.0,1107200.0,32.0,1
MINNESOTA,27,DOUGLAS,041,WEST CENTRAL,40,1995,39200.0,39900.0,1332800.0,34.0,1
MINNESOTA,27,DOUGLAS,041,WEST CENTRAL,40,1996,44600.0,45300.0,1338000.0,30.0,1
MINNESOTA,27,DOUGLAS,041,WEST CENTRAL,40,1997,47900.0,48200.0,1724400.0,36.0,1
MINNESOTA,27,DOUGLAS,041,WEST CENTRAL,40,1998,54700.0,55400.0,1914500.0,35.0,1
MINNESOTA,27,DOUGLAS,041,WEST CENTRAL,40,1999,60300.0,60900.0,2472300.0,41.0,1
MINNESOTA,27,DOUGLAS,041,WEST CENTRAL,40,2000,65800.0,66800.0,2434600.0,37.0,1
MINNESOTA,27,DOUGLAS,041,WEST CENTRAL,40,2001,71200.0,72600.0,2420800.0,34.0,1
MINNESOTA,27,DOUGLAS,041,WEST CENTRAL,40,2002,71600.0,72200.0,2720800.0,38.0,1
MINNESOTA,27,DOUGLAS,041,WEST CENTRAL,40,2003,72300.0,73400.0,1807500.0,25.0,1
MINNESOTA,27,DOUGLAS,041,WEST CENTRAL,40,2004,70500.0,70900.0,2044500.0,29.0,1
MINNESOTA,27,DOUGLAS,041,WEST CENTRAL,40,2005,64700.0,65600.0,2588000.0,40.0,1
MINNESOTA,27,DOUGLAS,041,WEST CENTRAL,40,2006,71900.0,73200.0,2300800.0,32.0,1
MINNESOTA,27,DOUGLAS,041,WEST CENTRAL,40,2007,58600.0,59100.0,1816600.0,31.0,1
MINNESOTA,27,DOUGLAS,041,WEST CENTRAL,40,2008,63900.0,64500.0,2381700.0,37.5,1
MINNESOTA,27,DOUGLAS,041,WEST CENTRAL,40,2009,73000.0,73800.0,2391000.0,33.0,1
MINNESOTA,27,DOUGLAS,041,WEST CENTRAL,40,2010,74300.0,75000.0,3046000.0,41.0,1
MINNESOTA,27,DOUGLAS,041,WEST CENTRAL,40,2011,71500.0,73100.0,2478000.0,34.7,1
MINNESOTA,27,DOUGLAS,041,WEST CENTRAL,40,2012,71300.0,72000.0,2923000.0,41.0,1
MINNESOTA,27,DOUGLAS,041,WEST CENTRAL,40,2013,68900.0,69700.0,2227000.0,32.3,1
MINNESOTA,27,DOUGLAS,041,WEST CENTRAL,40,2014,67600.0,68200.0,2509000.0,37.1,1
MINNESOTA,27,DOUGLAS,041,WEST CENTRAL,40,2015,68600.0,68900.0,3254000.0,47.4,1
MINNESOTA,27,DOUGLAS,041,WEST CENTRAL,40,2016,68500.0,68900.0,3559000.0,52.0,1
MINNESOTA,27,DOUGLAS,041,WEST CENTRAL,40,2017,72700.0,73400.0,2923000.0,40.2,1
MINNESOTA,27,DOUGLAS,041,WEST CENTRAL,40,2019,69700.0,70200.0,2895000.0,41.5,1
MINNESOTA,27,DOUGLAS,041,WEST CENTRAL,40,2020,77100.0,77800.0,3516000.0,45.6,1
MINNESOTA,27,DOUGLAS,041,WEST CENTRAL,40,2021,73800.0,74400.0,2745000.0,37.2,1
MINNESOTA,27,DOUGLAS,041,WEST CENTRAL,40,2022,73400.0,74000.0,3127000.0,42.6,1
MINNESOTA,27,DOUGLAS,041,WEST CENTRAL,40,2025,66500.0,67900.0,2793000.0,42.0,1
MINNESOTA,27,FARIBAULT,043,SOUTH CENTRAL,80,1980,189800.0,190600.0,6912900.0,36.0,1
MINNESOTA,27,FARIBAULT,043,SOUTH CENTRAL,80,1981,153600.0,173800.0,4489400.0,29.2,1
MINNESOTA,27,FARIBAULT,043,SOUTH CENTRAL,80,1982,171100.0,176100.0,6309400.0,36.9,1
MINNESOTA,27,FARIBAULT,043,SOUTH CENTRAL,80,1983,159300.0,160000.0,5416200.0,34.0,1
MINNESOTA,27,FARIBAULT,043,SOUTH CENTRAL,80,1984,168600.0,169500.0,6069600.0,36.0,1
MINNESOTA,27,FARIBAULT,043,SOUTH CENTRAL,80,1985,148600.0,150000.0,5349600.0,36.0,1
MINNESOTA,27,FARIBAULT,043,SOUTH CENTRAL,80,1986,146100.0,147800.0,6136200.0,42.0,1
MINNESOTA,27,FARIBAULT,043,SOUTH CENTRAL,80,1987,166900.0,168200.0,7009800.0,42.0,1
MINNESOTA,27,FARIBAULT,043,SOUTH CENTRAL,80,1988,167900.0,169800.0,5876500.0,35.0,1
MINNESOTA,27,FARIBAULT,043,SOUTH CENTRAL,80,1989,167400.0,168500.0,7198200.0,43.0,1
MINNESOTA,27,FARIBAULT,043,SOUTH CENTRAL,80,1990,145900.0,148200.0,5981900.0,41.0,1
MINNESOTA,27,FARIBAULT,043,SOUTH CENTRAL,80,1991,166800.0,171700.0,5170800.0,31.0,1
MINNESOTA,27,FARIBAULT,043,SOUTH CENTRAL,80,1992,146100.0,147700.0,5697900.0,39.0,1
MINNESOTA,27,FARIBAULT,043,SOUTH CENTRAL,80,1993,157400.0,163300.0,3935000.0,25.0,1
MINNESOTA,27,FARIBAULT,043,SOUTH CENTRAL,80,1994,160000.0,161600.0,6880000.0,43.0,1
MINNESOTA,27,FARIBAULT,043,SOUTH CENTRAL,80,1995,162000.0,164500.0,7452000.0,46.0,1
MINNESOTA,27,FARIBAULT,043,SOUTH CENTRAL,80,1996,149000.0,152300.0,6407000.0,43.0,1
MINNESOTA,27,FARIBAULT,043,SOUTH CENTRAL,80,1997,170100.0,170500.0,7484400.0,44.0,1
MINNESOTA,27,FARIBAULT,043,SOUTH CENTRAL,80,1998,169800.0,172300.0,7810800.0,46.0,1
MINNESOTA,27,FARIBAULT,043,SOUTH CENTRAL,80,1999,170400.0,173300.0,7327200.0,43.0,1
MINNESOTA,27,FARIBAULT,043,SOUTH CENTRAL,80,2000,171800.0,175200.0,7902800.0,46.0,1
MINNESOTA,27,FARIBAULT,043,SOUTH CENTRAL,80,2001,186100.0,192000.0,6513500.0,35.0,1
MINNESOTA,27,FARIBAULT,043,SOUTH CENTRAL,80,2002,167100.0,168500.0,8355000.0,50.0,1
MINNESOTA,27,FARIBAULT,043,SOUTH CENTRAL,80,2003,173800.0,174400.0,6430600.0,37.0,1
MINNESOTA,27,FARIBAULT,043,SOUTH CENTRAL,80,2004,170000.0,171000.0,7140000.0,42.0,1
MINNESOTA,27,FARIBAULT,043,SOUTH CENTRAL,80,2005,170600.0,173100.0,9212400.0,54.0,1
MINNESOTA,27,FARIBAULT,043,SOUTH CENTRAL,80,2006,168200.0,170200.0,8914600.0,53.0,1
MINNESOTA,27,FARIBAULT,043,SOUTH CENTRAL,80,2007,150800.0,152000.0,7992400.0,53.0,1
MINNESOTA,27,FARIBAULT,043,SOUTH CENTRAL,80,2008,166300.0,168000.0,7669100.0,46.0,1
MINNESOTA,27,FARIBAULT,043,SOUTH CENTRAL,80,2009,172000.0,174000.0,8392000.0,49.0,1
MINNESOTA,27,FARIBAULT,043,SOUTH CENTRAL,80,2010,169000.0,171500.0,8509000.0,50.3,1
MINNESOTA,27,FARIBAULT,043,SOUTH CENTRAL,80,2011,165700.0,166000.0,7701000.0,46.5,1
MINNESOTA,27,FARIBAULT,043,SOUTH CENTRAL,80,2012,162100.0,163000.0,8523000.0,52.6,1
MINNESOTA,27,FARIBAULT,043,SOUTH CENTRAL,80,2013,136700.0,139000.0,6192000.0,45.3,1
MINNESOTA,27,FARIBAULT,043,SOUTH CENTRAL,80,2014,161400.0,163500.0,7281000.0,45.1,1
MINNESOTA,27,FARIBAULT,043,SOUTH CENTRAL,80,2015,167100.0,168000.0,10239000.0,61.3,1
MINNESOTA,27,FARIBAULT,043,SOUTH CENTRAL,80,2016,162700.0,163500.0,10324000.0,63.5,1
MINNESOTA,27,FARIBAULT,043,SOUTH CENTRAL,80,2017,170400.0,171500.0,10114000.0,59.4,1
MINNESOTA,27,FARIBAULT,043,SOUTH CENTRAL,80,2018,177900.0,182000.0,9235000.0,51.9,1
MINNESOTA,27,FARIBAULT,043,SOUTH CENTRAL,80,2019,160200.0,161500.0,8583000.0,53.6,1
MINNESOTA,27,FARIBAULT,043,SOUTH CENTRAL,80,2020,180000.0,181500.0,11605000.0,64.5,1
MINNESOTA,27,FARIBAULT,043,SOUTH CENTRAL,80,2021,171000.0,172500.0,10346000.0,60.5,1
MINNESOTA,27,FARIBAULT,043,SOUTH CENTRAL,80,2022,180600.0,182000.0,11095000.0,61.4,1
MINNESOTA,27,FARIBAULT,043,SOUTH CENTRAL,80,2025,168800.0,170500.0,10584000.0,62.7,1
MINNESOTA,27,FILLMORE,045,SOUTHEAST,90,1980,44000.0,44300.0,1342700.0,31.0,1
MINNESOTA,27,FILLMORE,045,SOUTHEAST,90,1981,35900.0,36000.0,1220600.0,34.0,1
MINNESOTA,27,FILLMORE,045,SOUTHEAST,90,1982,40700.0,41500.0,1261700.0,30.4,1
MINNESOTA,27,FILLMORE,045,SOUTHEAST,90,1983,37100.0,37200.0,1187200.0,31.9,1
MINNESOTA,27,FILLMORE,045,SOUTHEAST,90,1984,46200.0,46500.0,1432200.0,31.0,1
MINNESOTA,27,FILLMORE,045,SOUTHEAST,90,1985,44900.0,45600.0,1212300.0,27.0,1
MINNESOTA,27,FILLMORE,045,SOUTHEAST,90,1986,32100.0,32300.0,1123500.0,35.0,1
MINNESOTA,27,FILLMORE,045,SOUTHEAST,90,1987,40000.0,40400.0,1680000.0,42.0,1
MINNESOTA,27,FILLMORE,045,SOUTHEAST,90,1988,40500.0,41500.0,1093500.0,27.0,1
MINNESOTA,27,FILLMORE,045,SOUTHEAST,90,1989,41700.0,41800.0,1668000.0,40.0,1
MINNESOTA,27,FILLMORE,045,SOUTHEAST,90,1990,35800.0,38000.0,1432000.0,37.7,1
MINNESOTA,27,FILLMORE,045,SOUTHEAST,90,1991,45500.0,46400.0,1956500.0,43.0,1
MINNESOTA,27,FILLMORE,045,SOUTHEAST,90,1992,46100.0,47100.0,1429100.0,31.0,1
MINNESOTA,27,FILLMORE,045,SOUTHEAST,90,1993,52900.0,53100.0,1481200.0,28.0,1
MINNESOTA,27,FILLMORE,045,SOUTHEAST,90,1994,57300.0,57900.0,2521200.0,44.0,1
MINNESOTA,27,FILLMORE,045,SOUTHEAST,90,1995,64900.0,66000.0,3115200.0,48.0,1
MINNESOTA,27,FILLMORE,045,SOUTHEAST,90,1996,70700.0,71600.0,2898700.0,41.0,1
MINNESOTA,27,FILLMORE,045,SOUTHEAST,90,1997,80900.0,81300.0,3721400.0,46.0,1
MINNESOTA,27,FILLMORE,045,SOUTHEAST,90,1998,87400.0,89600.0,4107800.0,47.0,1
MINNESOTA,27,FILLMORE,045,SOUTHEAST,90,1999,100400.0,102700.0,4618400.0,46.0,1
MINNESOTA,27,FILLMORE,045,SOUTHEAST,90,2000,99500.0,101100.0,4577000.0,46.0,1
MINNESOTA,27,FILLMORE,045,SOUTHEAST,90,2001,106100.0,107300.0,3607400.0,34.0,1
MINNESOTA,27,FILLMORE,045,SOUTHEAST,90,2002,96800.0,97500.0,4936800.0,51.0,1
MINNESOTA,27,FILLMORE,045,SOUTHEAST,90,2003,100700.0,101100.0,3323100.0,33.0,1
MINNESOTA,27,FILLMORE,045,SOUTHEAST,90,2004,97400.0,98200.0,3993400.0,41.0,1
MINNESOTA,27,FILLMORE,045,SOUTHEAST,90,2005,99000.0,100100.0,5643000.0,57.0,1
MINNESOTA,27,FILLMORE,045,SOUTHEAST,90,2006,98000.0,99300.0,5096000.0,52.0,1
MINNESOTA,27,FILLMORE,045,SOUTHEAST,90,2007,77300.0,77700.0,3865000.0,50.0,1
MINNESOTA,27,FILLMORE,045,SOUTHEAST,90,2008,91400.0,92000.0,3846400.0,42.0,1
MINNESOTA,27,FILLMORE,045,SOUTHEAST,90,2009,87100.0,88100.0,3818000.0,44.0,1
MINNESOTA,27,FILLMORE,045,SOUTHEAST,90,2010,94900.0,95700.0,5129000.0,54.0,1
MINNESOTA,27,FILLMORE,045,SOUTHEAST,90,2011,86100.0,86600.0,4169000.0,48.4,1
MINNESOTA,27,FILLMORE,045,SOUTHEAST,90,2012,81000.0,81300.0,4247000.0,52.4,1
MINNESOTA,27,FILLMORE,045,SOUTHEAST,90,2013,70800.0,71700.0,3182000.0,44.9,1
MINNESOTA,27,FILLMORE,045,SOUTHEAST,90,2014,86300.0,86800.0,4492000.0,52.1,1
MINNESOTA,27,FILLMORE,045,SOUTHEAST,90,2015,94300.0,95000.0,5310000.0,56.3,1
MINNESOTA,27,FILLMORE,045,SOUTHEAST,90,2016,86300.0,86800.0,4991000.0,57.8,1
MINNESOTA,27,FILLMORE,045,SOUTHEAST,90,2017,99400.0,100000.0,5397000.0,54.3,1
MINNESOTA,27,FILLMORE,045,SOUTHEAST,90,2018,98000.0,98800.0,5230000.0,53.4,1
MINNESOTA,27,FILLMORE,045,SOUTHEAST,90,2019,86600.0,87200.0,4466000.0,51.6,1
MINNESOTA,27,FILLMORE,045,SOUTHEAST,90,2020,96200.0,97000.0,5408000.0,56.2,1
MINNESOTA,27,FILLMORE,045,SOUTHEAST,90,2021,98300.0,99200.0,6104000.0,62.1,1
MINNESOTA,27,FILLMORE,045,SOUTHEAST,90,2022,101700.0,102500.0,6214000.0,61.1,1
MINNESOTA,27,FILLMORE,045,SOUTHEAST,90,2023,97400.0,98300.0,4802000.0,49.3,1
MINNESOTA,27,FILLMORE,045,SOUTHEAST,90,2024,100600.0,101500.0,5714000.0,56.8,1
MINNESOTA,27,FILLMORE,045,SOUTHEAST,90,2025,87800.0,88800.0,5514000.0,62.8,1
MINNESOTA,27,FREEBORN,047,SOUTH CENTRAL,80,1980,151200.0,154600.0,4167400.0,28.0,1
MINNESOTA,27,FREEBORN,047,SOUTH CENTRAL,80,1981,127800.0,134500.0,3613500.0,28.3,1
MINNESOTA,27,FREEBORN,047,SOUTH CENTRAL,80,1982,141700.0,145300.0,5201300.0,36.7,1
MINNESOTA,27,FREEBORN,047,SOUTH CENTRAL,80,1983,133900.0,138300.0,4552600.0,32.9,1
MINNESOTA,27,FREEBORN,047,SOUTH CENTRAL,80,1984,124800.0,124900.0,4368000.0,35.0,1
MINNESOTA,27,FREEBORN,047,SOUTH CENTRAL,80,1985,120300.0,121900.0,4090200.0,34.0,1
MINNESOTA,27,FREEBORN,047,SOUTH CENTRAL,80,1986,116500.0,117900.0,4776500.0,41.0,1
MINNESOTA,27,FREEBORN,047,SOUTH CENTRAL,80,1987,124800.0,126100.0,5491200.0,44.0,1
MINNESOTA,27,FREEBORN,047,SOUTH CENTRAL,80,1988,125700.0,127000.0,4399500.0,35.0,1
MINNESOTA,27,FREEBORN,047,SOUTH CENTRAL,80,1989,128100.0,129100.0,5508300.0,43.0,1
MINNESOTA,27,FREEBORN,047,SOUTH CENTRAL,80,1990,114800.0,116900.0,4706800.0,40.3,1
MINNESOTA,27,FREEBORN,047,SOUTH CENTRAL,80,1991,132000.0,135900.0,4884000.0,37.0,1
MINNESOTA,27,FREEBORN,047,SOUTH CENTRAL,80,1992,124700.0,125600.0,4489200.0,36.0,1
MINNESOTA,27,FREEBORN,047,SOUTH CENTRAL,80,1993,129500.0,135500.0,3108000.0,24.0,1
MINNESOTA,27,FREEBORN,047,SOUTH CENTRAL,80,1994,136000.0,137400.0,5984000.0,44.0,1
MINNESOTA,27,FREEBORN,047,SOUTH CENTRAL,80,1995,138100.0,139600.0,6352600.0,46.0,1
MINNESOTA,27,FREEBORN,047,SOUTH CENTRAL,80,1996,143600.0,145600.0,6031200.0,42.0,1
MINNESOTA,27,FREEBORN,047,SOUTH CENTRAL,80,1997,156300.0,156900.0,7033500.0,45.0,1
MINNESOTA,27,FREEBORN,047,SOUTH CENTRAL,80,1998,156900.0,158700.0,7217400.0,46.0,1
MINNESOTA,27,FREEBORN,047,SOUTH CENTRAL,80,1999,159000.0,161000.0,6519000.0,41.0,1
MINNESOTA,27,FREEBORN,047,SOUTH CENTRAL,80,2000,150300.0,155200.0,6763500.0,45.0,1
MINNESOTA,27,FREEBORN,047,SOUTH CENTRAL,80,2001,167500.0,169900.0,6197500.0,37.0,1
MINNESOTA,27,FREEBORN,047,SOUTH CENTRAL,80,2002,154800.0,156000.0,7894800.0,51.0,1
MINNESOTA,27,FREEBORN,047,SOUTH CENTRAL,80,2003,158100.0,158800.0,5691600.0,36.0,1
MINNESOTA,27,FREEBORN,047,SOUTH CENTRAL,80,2004,155500.0,157500.0,5909000.0,38.0,1
MINNESOTA,27,FREEBORN,047,SOUTH CENTRAL,80,2005,155500.0,157300.0,8397000.0,54.0,1
MINNESOTA,27,FREEBORN,047,SOUTH CENTRAL,80,2006,151300.0,153100.0,7867600.0,52.0,1
MINNESOTA,27,FREEBORN,047,SOUTH CENTRAL,80,2007,132700.0,133500.0,6900400.0,52.0,1
MINNESOTA,27,FREEBORN,047,SOUTH CENTRAL,80,2008,143200.0,145000.0,6236100.0,43.5,1
MINNESOTA,27,FREEBORN,047,SOUTH CENTRAL,80,2009,146900.0,148500.0,6266000.0,42.5,1
MINNESOTA,27,FREEBORN,047,SOUTH CENTRAL,80,2010,141800.0,143000.0,6956000.0,49.1,1
MINNESOTA,27,FREEBORN,047,SOUTH CENTRAL,80,2011,138800.0,139000.0,6354000.0,45.8,1
MINNESOTA,27,FREEBORN,047,SOUTH CENTRAL,80,2012,127700.0,128500.0,6122000.0,47.9,1
MINNESOTA,27,FREEBORN,047,SOUTH CENTRAL,80,2013,84300.0,86700.0,3609000.0,42.8,1
MINNESOTA,27,FREEBORN,047,SOUTH CENTRAL,80,2014,132500.0,134000.0,6517000.0,49.2,1
MINNESOTA,27,FREEBORN,047,SOUTH CENTRAL,80,2015,149200.0,150000.0,8750000.0,58.6,1
MINNESOTA,27,FREEBORN,047,SOUTH CENTRAL,80,2016,134900.0,136000.0,7986000.0,59.2,1
MINNESOTA,27,FREEBORN,047,SOUTH CENTRAL,80,2017,153500.0,154500.0,8592000.0,56.0,1
MINNESOTA,27,FREEBORN,047,SOUTH CENTRAL,80,2018,152500.0,154500.0,7902000.0,51.8,1
MINNESOTA,27,FREEBORN,047,SOUTH CENTRAL,80,2019,136900.0,138000.0,6832000.0,49.9,1
MINNESOTA,27,FREEBORN,047,SOUTH CENTRAL,80,2020,151700.0,153000.0,8874000.0,58.5,1
MINNESOTA,27,FREEBORN,047,SOUTH CENTRAL,80,2021,149800.0,151000.0,9048000.0,60.4,1
MINNESOTA,27,FREEBORN,047,SOUTH CENTRAL,80,2022,156800.0,158000.0,9408000.0,60.0,1
MINNESOTA,27,FREEBORN,047,SOUTH CENTRAL,80,2023,145600.0,147000.0,7295000.0,50.1,1
MINNESOTA,27,FREEBORN,047,SOUTH CENTRAL,80,2024,152200.0,153500.0,8143000.0,53.5,1
MINNESOTA,27,FREEBORN,047,SOUTH CENTRAL,80,2025,143500.0,145000.0,8208000.0,57.2,1
MINNESOTA,27,GOODHUE,049,SOUTHEAST,90,1980,51800.0,52100.0,1580700.0,31.0,1
MINNESOTA,27,GOODHUE,049,SOUTHEAST,90,1981,44800.0,44800.0,1568000.0,35.0,1
MINNESOTA,27,GOODHUE,049,SOUTHEAST,90,1982,53400.0,54900.0,1815600.0,33.1,1
MINNESOTA,27,GOODHUE,049,SOUTHEAST,90,1983,46700.0,47000.0,1587800.0,33.8,1
MINNESOTA,27,GOODHUE,049,SOUTHEAST,90,1984,51200.0,51500.0,1740800.0,34.0,1
MINNESOTA,27,GOODHUE,049,SOUTHEAST,90,1985,46100.0,47300.0,1383000.0,30.0,1
MINNESOTA,27,GOODHUE,049,SOUTHEAST,90,1986,40900.0,41300.0,1595100.0,39.0,1
MINNESOTA,27,GOODHUE,049,SOUTHEAST,90,1987,48300.0,48400.0,2076900.0,43.0,1
MINNESOTA,27,GOODHUE,049,SOUTHEAST,90,1988,48300.0,49200.0,1400700.0,29.0,1
MINNESOTA,27,GOODHUE,049,SOUTHEAST,90,1989,48900.0,49000.0,2053800.0,42.0,1
MINNESOTA,27,GOODHUE,049,SOUTHEAST,90,1990,41200.0,43500.0,1730400.0,39.8,1
MINNESOTA,27,GOODHUE,049,SOUTHEAST,90,1991,52400.0,53800.0,2200800.0,42.0,1
MINNESOTA,27,GOODHUE,049,SOUTHEAST,90,1992,54700.0,55900.0,1641000.0,30.0,1
MINNESOTA,27,GOODHUE,049,SOUTHEAST,90,1993,62100.0,62700.0,2049300.0,33.0,1
MINNESOTA,27,GOODHUE,049,SOUTHEAST,90,1994,63500.0,64100.0,2794000.0,44.0,1
MINNESOTA,27,GOODHUE,049,SOUTHEAST,90,1995,65800.0,66700.0,3026800.0,46.0,1
MINNESOTA,27,GOODHUE,049,SOUTHEAST,90,1996,70300.0,71500.0,2812000.0,40.0,1
MINNESOTA,27,GOODHUE,049,SOUTHEAST,90,1997,83900.0,84300.0,3775500.0,45.0,1
MINNESOTA,27,GOODHUE,049,SOUTHEAST,90,1998,84600.0,85400.0,4230000.0,50.0,1
MINNESOTA,27,GOODHUE,049,SOUTHEAST,90,1999,89800.0,90700.0,4041000.0,45.0,1
MINNESOTA,27,GOODHUE,049,SOUTHEAST,90,2000,92700.0,94400.0,4542300.0,49.0,1
MINNESOTA,27,GOODHUE,049,SOUTHEAST,90,2001,105000.0,105700.0,4095000.0,39.0,1
MINNESOTA,27,GOODHUE,049,SOUTHEAST,90,2002,91600.0,92800.0,4580000.0,50.0,1
MINNESOTA,27,GOODHUE,049,SOUTHEAST,90,2003,100200.0,100600.0,3406800.0,34.0,1
MINNESOTA,27,GOODHUE,049,SOUTHEAST,90,2004,94000.0,94300.0,3854000.0,41.0,1
MINNESOTA,27,GOODHUE,049,SOUTHEAST,90,2005,96100.0,97200.0,4708900.0,49.0,1
MINNESOTA,27,GOODHUE,049,SOUTHEAST,90,2006,95000.0,96200.0,4750000.0,50.0,1
MINNESOTA,27,GOODHUE,049,SOUTHEAST,90,2007,80000.0,80600.0,3920000.0,49.0,1
MINNESOTA,27,GOODHUE,049,SOUTHEAST,90,2008,91700.0,93500.0,3897300.0,42.5,1
MINNESOTA,27,GOODHUE,049,SOUTHEAST,90,2009,95800.0,96800.0,4512000.0,47.0,1
MINNESOTA,27,GOODHUE,049,SOUTHEAST,90,2010,94200.0,95000.0,4979000.0,52.9,1
MINNESOTA,27,GOODHUE,049,SOUTHEAST,90,2011,89800.0,90300.0,4206000.0,46.8,1
MINNESOTA,27,GOODHUE,049,SOUTHEAST,90,2012,84100.0,85500.0,4486000.0,53.3,1
MINNESOTA,27,GOODHUE,049,SOUTHEAST,90,2013,78100.0,78700.0,3840000.0,49.2,1
MINNESOTA,27,GOODHUE,049,SOUTHEAST,90,2014,88500.0,89200.0,4798000.0,54.2,1
MINNESOTA,27,GOODHUE,049,SOUTHEAST,90,2015,94800.0,95500.0,5511000.0,58.1,1
MINNESOTA,27,GOODHUE,049,SOUTHEAST,90,2016,94200.0,94800.0,5690000.0,60.4,1
MINNESOTA,27,GOODHUE,049,SOUTHEAST,90,2017,104000.0,105000.0,5826000.0,56.0,1
MINNESOTA,27,GOODHUE,049,SOUTHEAST,90,2018,100600.0,101500.0,5649000.0,56.2,1
MINNESOTA,27,GOODHUE,049,SOUTHEAST,90,2019,87400.0,87900.0,4735000.0,54.2,1
MINNESOTA,27,GOODHUE,049,SOUTHEAST,90,2020,93900.0,94700.0,5418000.0,57.7,1
MINNESOTA,27,GOODHUE,049,SOUTHEAST,90,2022,93500.0,94300.0,5563000.0,59.5,1
MINNESOTA,27,GOODHUE,049,SOUTHEAST,90,2023,90000.0,90800.0,5004000.0,55.6,1
MINNESOTA,27,GOODHUE,049,SOUTHEAST,90,2024,96000.0,96900.0,5414000.0,56.4,1
MINNESOTA,27,GOODHUE,049,SOUTHEAST,90,2025,86300.0,87200.0,5351000.0,62.0,1
MINNESOTA,27,GRANT,051,WEST CENTRAL,40,1980,50600.0,53200.0,1195400.0,24.0,1
MINNESOTA,27,GRANT,051,WEST CENTRAL,40,1981,57700.0,57800.0,1615600.0,28.0,1
MINNESOTA,27,GRANT,051,WEST CENTRAL,40,1982,70200.0,71500.0,2316600.0,32.4,1
MINNESOTA,27,GRANT,051,WEST CENTRAL,40,1983,71000.0,71200.0,2343000.0,32.9,1
MINNESOTA,27,GRANT,051,WEST CENTRAL,40,1984,92000.0,93400.0,2668000.0,29.0,1
MINNESOTA,27,GRANT,051,WEST CENTRAL,40,1985,86600.0,88400.0,1991800.0,23.0,1
MINNESOTA,27,GRANT,051,WEST CENTRAL,40,1986,81700.0,82600.0,2451000.0,30.0,1
MINNESOTA,27,GRANT,051,WEST CENTRAL,40,1987,68200.0,68300.0,2114200.0,31.0,1
MINNESOTA,27,GRANT,051,WEST CENTRAL,40,1988,71300.0,74900.0,1283400.0,18.0,1
MINNESOTA,27,GRANT,051,WEST CENTRAL,40,1989,82100.0,83200.0,2463000.0,30.0,1
MINNESOTA,27,GRANT,051,WEST CENTRAL,40,1990,79600.0,81700.0,2467600.0,31.0,1
MINNESOTA,27,GRANT,051,WEST CENTRAL,40,1991,92800.0,94600.0,3433600.0,37.0,1
MINNESOTA,27,GRANT,051,WEST CENTRAL,40,1992,103500.0,103700.0,2898000.0,28.0,1
MINNESOTA,27,GRANT,051,WEST CENTRAL,40,1993,91900.0,99900.0,1838000.0,20.0,1
MINNESOTA,27,GRANT,051,WEST CENTRAL,40,1994,107000.0,108500.0,3531000.0,33.0,1
MINNESOTA,27,GRANT,051,WEST CENTRAL,40,1995,103500.0,105100.0,3933000.0,38.0,1
MINNESOTA,27,GRANT,051,WEST CENTRAL,40,1996,111800.0,113800.0,3913000.0,35.0,1
MINNESOTA,27,GRANT,051,WEST CENTRAL,40,1997,117900.0,118400.0,4480200.0,38.0,1
MINNESOTA,27,GRANT,051,WEST CENTRAL,40,1998,122300.0,123900.0,4402800.0,36.0,1
MINNESOTA,27,GRANT,051,WEST CENTRAL,40,1999,115000.0,117800.0,4715000.0,41.0,1
MINNESOTA,27,GRANT,051,WEST CENTRAL,40,2000,125500.0,127600.0,4769000.0,38.0,1
MINNESOTA,27,GRANT,051,WEST CENTRAL,40,2001,114200.0,116900.0,4453800.0,39.0,1
MINNESOTA,27,GRANT,051,WEST CENTRAL,40,2002,125200.0,126700.0,5008000.0,40.0,1
MINNESOTA,27,GRANT,051,WEST CENTRAL,40,2003,119800.0,120800.0,3713800.0,31.0,1
MINNESOTA,27,GRANT,051,WEST CENTRAL,40,2004,110500.0,110700.0,3757000.0,34.0,1
MINNESOTA,27,GRANT,051,WEST CENTRAL,40,2005,90300.0,91300.0,3702300.0,41.0,1
MINNESOTA,27,GRANT,051,WEST CENTRAL,40,2006,109400.0,110700.0,4047800.0,37.0,1
MINNESOTA,27,GRANT,051,WEST CENTRAL,40,2007,85400.0,86000.0,3245200.0,38.0,1
MINNESOTA,27,GRANT,051,WEST CENTRAL,40,2008,105600.0,106500.0,3759400.0,35.5,1
MINNESOTA,27,GRANT,051,WEST CENTRAL,40,2009,109300.0,110500.0,3967000.0,36.5,1
MINNESOTA,27,GRANT,051,WEST CENTRAL,40,2010,109000.0,110500.0,4494000.0,41.2,1
MINNESOTA,27,GRANT,051,WEST CENTRAL,40,2011,96700.0,96900.0,3634000.0,37.6,1
MINNESOTA,27,GRANT,051,WEST CENTRAL,40,2012,100900.0,101500.0,4515000.0,44.7,1
MINNESOTA,27,GRANT,051,WEST CENTRAL,40,2013,94000.0,94900.0,3655000.0,38.9,1
MINNESOTA,27,GRANT,051,WEST CENTRAL,40,2014,102700.0,103500.0,4368000.0,42.5,1
MINNESOTA,27,GRANT,051,WEST CENTRAL,40,2015,121900.0,122500.0,5776000.0,47.4,1
MINNESOTA,27,GRANT,051,WEST CENTRAL,40,2016,110300.0,111000.0,5549000.0,50.3,1
MINNESOTA,27,GRANT,051,WEST CENTRAL,40,2017,122100.0,123000.0,5696000.0,46.7,1
MINNESOTA,27,GRANT,051,WEST CENTRAL,40,2019,91600.0,92500.0,3967000.0,43.3,1
MINNESOTA,27,GRANT,051,WEST CENTRAL,40,2020,100100.0,101000.0,4454000.0,44.5,1
MINNESOTA,27,GRANT,051,WEST CENTRAL,40,2021,100600.0,101500.0,4698000.0,46.7,1
MINNESOTA,27,GRANT,051,WEST CENTRAL,40,2022,91500.0,92300.0,3980000.0,43.5,1
MINNESOTA,27,GRANT,051,WEST CENTRAL,40,2023,88700.0,89600.0,3912000.0,44.1,1
MINNESOTA,27,GRANT,051,WEST CENTRAL,40,2024,80000.0,80700.0,3392000.0,42.4,1
MINNESOTA,27,GRANT,051,WEST CENTRAL,40,2025,75300.0,76100.0,3313000.0,44.0,1
MINNESOTA,27,HENNEPIN,053,EAST CENTRAL,60,1980,15100.0,15200.0,416200.0,28.0,1
MINNESOTA,27,HENNEPIN,053,EAST CENTRAL,60,1981,15800.0,15800.0,521400.0,33.0,1
MINNESOTA,27,HENNEPIN,053,EAST CENTRAL,60,1982,18000.0,18300.0,648000.0,36.0,1
MINNESOTA,27,HENNEPIN,053,EAST CENTRAL,60,1983,17300.0,17600.0,553600.0,32.0,1
MINNESOTA,27,HENNEPIN,053,EAST CENTRAL,60,1984,13700.0,13800.0,383600.0,28.0,1
MINNESOTA,27,HENNEPIN,053,EAST CENTRAL,60,1985,13000.0,13100.0,416000.0,32.0,1
MINNESOTA,27,HENNEPIN,053,EAST CENTRAL,60,1986,10200.0,10300.0,306000.0,30.0,1
MINNESOTA,27,HENNEPIN,053,EAST CENTRAL,60,1987,10000.0,10100.0,340000.0,34.0,1
MINNESOTA,27,HENNEPIN,053,EAST CENTRAL,60,1988,7500.0,8400.0,135000.0,18.0,1
MINNESOTA,27,HENNEPIN,053,EAST CENTRAL,60,1989,8200.0,8400.0,287000.0,35.0,1
MINNESOTA,27,HENNEPIN,053,EAST CENTRAL,60,1990,8000.0,8100.0,312000.0,38.5,1
MINNESOTA,27,HENNEPIN,053,EAST CENTRAL,60,1991,9200.0,9400.0,358800.0,39.0,1
MINNESOTA,27,HENNEPIN,053,EAST CENTRAL,60,1992,11300.0,11600.0,327700.0,29.0,1
MINNESOTA,27,HENNEPIN,053,EAST CENTRAL,60,1993,12400.0,12700.0,359600.0,29.0,1
MINNESOTA,27,HENNEPIN,053,EAST CENTRAL,60,1994,12400.0,12500.0,520800.0,42.0,1
MINNESOTA,27,HENNEPIN,053,EAST CENTRAL,60,1995,11500.0,11700.0,460000.0,40.0,1
MINNESOTA,27,HENNEPIN,053,EAST CENTRAL,60,1996,12500.0,12700.0,450000.0,36.0,1
MINNESOTA,27,HENNEPIN,053,EAST CENTRAL,60,1997,14000.0,14200.0,532000.0,38.0,1
MINNESOTA,27,HENNEPIN,053,EAST CENTRAL,60,1998,6600.0,6700.0,290400.0,44.0,1
MINNESOTA,27,HENNEPIN,053,EAST CENTRAL,60,1999,14800.0,14900.0,606800.0,41.0,1
MINNESOTA,27,HENNEPIN,053,EAST CENTRAL,60,2000,15800.0,16100.0,632000.0,40.0,1
MINNESOTA,27,HENNEPIN,053,EAST CENTRAL,60,2001,15000.0,15200.0,585000.0,39.0,1
MINNESOTA,27,HENNEPIN,053,EAST CENTRAL,60,2002,14700.0,15100.0,690900.0,47.0,1
MINNESOTA,27,HENNEPIN,053,EAST CENTRAL,60,2003,16500.0,16600.0,462000.0,28.0,1
MINNESOTA,27,HENNEPIN,053,EAST CENTRAL,60,2004,14500.0,14700.0,478500.0,33.0,1
MINNESOTA,27,HENNEPIN,053,EAST CENTRAL,60,2005,15700.0,15800.0,580900.0,37.0,1
MINNESOTA,27,HENNEPIN,053,EAST CENTRAL,60,2006,15000.0,15200.0,690000.0,46.0,1
MINNESOTA,27,HENNEPIN,053,EAST CENTRAL,60,2007,15000.0,15100.0,525000.0,35.0,1
MINNESOTA,27,HENNEPIN,053,EAST CENTRAL,60,2008,15400.0,15500.0,555000.0,36.0,1
MINNESOTA,27,HENNEPIN,053,EAST CENTRAL,60,2009,14800.0,14900.0,704000.0,47.5,1
MINNESOTA,27,HENNEPIN,053,EAST CENTRAL,60,2010,13600.0,14000.0,632000.0,46.5,1
MINNESOTA,27,HENNEPIN,053,EAST CENTRAL,60,2011,14200.0,14500.0,532000.0,37.5,1
MINNESOTA,27,HENNEPIN,053,EAST CENTRAL,60,2012,13100.0,13300.0,566000.0,43.2,1
MINNESOTA,27,HENNEPIN,053,EAST CENTRAL,60,2013,11800.0,12000.0,415000.0,35.2,1
MINNESOTA,27,HENNEPIN,053,EAST CENTRAL,60,2014,9600.0,9700.0,388000.0,40.4,1
MINNESOTA,27,HENNEPIN,053,EAST CENTRAL,60,2015,14800.0,14900.0,811000.0,54.8,1
MINNESOTA,27,HENNEPIN,053,EAST CENTRAL,60,2016,13200.0,13300.0,730000.0,55.3,1
MINNESOTA,27,HENNEPIN,053,EAST CENTRAL,60,2017,15600.0,15700.0,713000.0,45.7,1
MINNESOTA,27,HENNEPIN,053,EAST CENTRAL,60,2018,12500.0,12600.0,615000.0,49.2,1
MINNESOTA,27,HENNEPIN,053,EAST CENTRAL,60,2019,11300.0,11700.0,451000.0,39.9,1
MINNESOTA,27,HENNEPIN,053,EAST CENTRAL,60,2020,10700.0,10800.0,578000.0,54.0,1
MINNESOTA,27,HENNEPIN,053,EAST CENTRAL,60,2021,12500.0,12600.0,641000.0,51.3,1
MINNESOTA,27,HENNEPIN,053,EAST CENTRAL,60,2022,10200.0,10300.0,520000.0,51.0,1
MINNESOTA,27,HENNEPIN,053,EAST CENTRAL,60,2023,11700.0,11800.0,680000.0,58.1,1
MINNESOTA,27,HENNEPIN,053,EAST CENTRAL,60,2024,8850.0,9000.0,412000.0,46.6,1
MINNESOTA,27,HOUSTON,055,SOUTHEAST,90,1980,2700.0,2700.0,98300.0,36.0,1
MINNESOTA,27,HOUSTON,055,SOUTHEAST,90,1981,2700.0,2800.0,97200.0,36.0,1
MINNESOTA,27,HOUSTON,055,SOUTHEAST,90,1982,3400.0,3500.0,119000.0,35.0,1
MINNESOTA,27,HOUSTON,055,SOUTHEAST,90,1983,3000.0,3100.0,114000.0,36.8,1
MINNESOTA,27,HOUSTON,055,SOUTHEAST,90,1984,3500.0,3600.0,108500.0,31.0,1
MINNESOTA,27,HOUSTON,055,SOUTHEAST,90,1985,3700.0,4000.0,136900.0,37.0,1
MINNESOTA,27,HOUSTON,055,SOUTHEAST,90,1986,2100.0,2100.0,86100.0,41.0,1
MINNESOTA,27,HOUSTON,055,SOUTHEAST,90,1987,5100.0,5200.0,229500.0,45.0,1
MINNESOTA,27,HOUSTON,055,SOUTHEAST,90,1988,6400.0,6700.0,211200.0,33.0,1
MINNESOTA,27,HOUSTON,055,SOUTHEAST,90,1989,6900.0,7000.0,276000.0,40.0,1
MINNESOTA,27,HOUSTON,055,SOUTHEAST,90,1990,6100.0,6500.0,280600.0,46.0,1
MINNESOTA,27,HOUSTON,055,SOUTHEAST,90,1991,7300.0,7400.0,328500.0,45.0,1
MINNESOTA,27,HOUSTON,055,SOUTHEAST,90,1992,8400.0,8500.0,310800.0,37.0,1
MINNESOTA,27,HOUSTON,055,SOUTHEAST,90,1993,9100.0,9300.0,309400.0,34.0,1
MINNESOTA,27,HOUSTON,055,SOUTHEAST,90,1994,11300.0,11400.0,485900.0,43.0,1
MINNESOTA,27,HOUSTON,055,SOUTHEAST,90,1995,12800.0,13000.0,614400.0,48.0,1
MINNESOTA,27,HOUSTON,055,SOUTHEAST,90,1996,13800.0,14000.0,648600.0,47.0,1
MINNESOTA,27,HOUSTON,055,SOUTHEAST,90,1997,32600.0,32800.0,1369200.0,42.0,1
MINNESOTA,27,HOUSTON,055,SOUTHEAST,90,1998,29100.0,29600.0,1396800.0,48.0,1
MINNESOTA,27,HOUSTON,055,SOUTHEAST,90,1999,26400.0,26700.0,1240800.0,47.0,1
MINNESOTA,27,HOUSTON,055,SOUTHEAST,90,2000,27100.0,28200.0,1165300.0,43.0,1
MINNESOTA,27,HOUSTON,055,SOUTHEAST,90,2001,27800.0,28900.0,917400.0,33.0,1
MINNESOTA,27,HOUSTON,055,SOUTHEAST,90,2002,25100.0,25300.0,1255000.0,50.0,1
MINNESOTA,27,HOUSTON,055,SOUTHEAST,90,2003,27100.0,27900.0,948500.0,35.0,1
MINNESOTA,27,HOUSTON,055,SOUTHEAST,90,2004,27300.0,27600.0,1201200.0,44.0,1
MINNESOTA,27,HOUSTON,055,SOUTHEAST,90,2005,28600.0,28900.0,1601600.0,56.0,1
MINNESOTA,27,HOUSTON,055,SOUTHEAST,90,2006,30100.0,30500.0,1565200.0,52.0,1
MINNESOTA,27,HOUSTON,055,SOUTHEAST,90,2007,25500.0,25900.0,1173000.0,46.0,1
MINNESOTA,27,HOUSTON,055,SOUTHEAST,90,2008,27900.0,29000.0,1096400.0,39.5,1
MINNESOTA,27,HOUSTON,055,SOUTHEAST,90,2009,26000.0,26300.0,1188000.0,45.5,1
MINNESOTA,27,HOUSTON,055,SOUTHEAST,90,2010,26200.0,26500.0,1361000.0,51.9,1
MINNESOTA,27,HOUSTON,055,SOUTHEAST,90,2011,26200.0,26400.0,1234000.0,47.1,1
MINNESOTA,27,HOUSTON,055,SOUTHEAST,90,2012,27000.0,27100.0,1456000.0,53.9,1
MINNESOTA,27,HOUSTON,055,SOUTHEAST,90,2013,27100.0,28300.0,1137000.0,42.0,1
MINNESOTA,27,HOUSTON,055,SOUTHEAST,90,2014,28100.0,28300.0,1332000.0,47.4,1
MINNESOTA,27,HOUSTON,055,SOUTHEAST,90,2016,29000.0,29200.0,1631000.0,56.2,1
MINNESOTA,27,HOUSTON,055,SOUTHEAST,90,2017,31900.0,32100.0,1705000.0,53.4,1
MINNESOTA,27,HOUSTON,055,SOUTHEAST,90,2019,25500.0,26100.0,1329000.0,52.1,1
MINNESOTA,27,HOUSTON,055,SOUTHEAST,90,2020,30200.0,30900.0,1576000.0,52.2,1
MINNESOTA,27,HOUSTON,055,SOUTHEAST,90,2021,30900.0,31200.0,1774000.0,57.4,1
MINNESOTA,27,HOUSTON,055,SOUTHEAST,90,2022,32100.0,32500.0,1981000.0,61.7,1
MINNESOTA,27,HOUSTON,055,SOUTHEAST,90,2025,31800.0,32200.0,1908000.0,60.0,1
MINNESOTA,27,HUBBARD,057,NORTH CENTRAL,20,1980,200.0,200.0,4500.0,23.0,1
MINNESOTA,27,HUBBARD,057,NORTH CENTRAL,20,1981,200.0,300.0,5000.0,25.0,1
MINNESOTA,27,HUBBARD,057,NORTH CENTRAL,20,1986,100.0,100.0,2500.0,25.0,1
MINNESOTA,27,HUBBARD,057,NORTH CENTRAL,20,2002,2600.0,2700.0,130000.0,50.0,1
MINNESOTA,27,HUBBARD,057,NORTH CENTRAL,20,2003,3700.0,3800.0,133200.0,36.0,1
MINNESOTA,27,HUBBARD,057,NORTH CENTRAL,20,2004,5500.0,5900.0,71500.0,13.0,1
MINNESOTA,27,HUBBARD,057,NORTH CENTRAL,20,2005,4300.0,4600.0,176300.0,41.0,1
MINNESOTA,27,HUBBARD,057,NORTH CENTRAL,20,2023,2440.0,2500.0,83700.0,34.3,1
MINNESOTA,27,HUBBARD,057,NORTH CENTRAL,20,2024,2780.0,2800.0,91300.0,32.8,1
MINNESOTA,27,HUBBARD,057,NORTH CENTRAL,20,2025,5180.0,5300.0,198000.0,38.2,1
MINNESOTA,27,ISANTI,059,EAST CENTRAL,60,1980,15000.0,15100.0,369100.0,25.0,1
MINNESOTA,27,ISANTI,059,EAST CENTRAL,60,1981,10800.0,10900.0,237600.0,22.0,1
MINNESOTA,27,ISANTI,059,EAST CENTRAL,60,1982,14000.0,14400.0,308000.0,22.0,1
MINNESOTA,27,ISANTI,059,EAST CENTRAL,60,1983,12200.0,12400.0,353800.0,29.0,1
MINNESOTA,27,ISANTI,059,EAST CENTRAL,60,1984,11500.0,11700.0,253000.0,22.0,1
MINNESOTA,27,ISANTI,059,EAST CENTRAL,60,1985,13000.0,13400.0,312000.0,24.0,1
MINNESOTA,27,ISANTI,059,EAST CENTRAL,60,1986,14900.0,15000.0,461900.0,31.0,1
MINNESOTA,27,ISANTI,059,EAST CENTRAL,60,1987,17300.0,17300.0,536300.0,31.0,1
MINNESOTA,27,ISANTI,059,EAST CENTRAL,60,1988,18200.0,19100.0,418600.0,23.0,1
MINNESOTA,27,ISANTI,059,EAST CENTRAL,60,1989,19300.0,20200.0,482500.0,25.0,1
MINNESOTA,27,ISANTI,059,EAST CENTRAL,60,1990,17600.0,18700.0,528000.0,30.0,1
MINNESOTA,27,ISANTI,059,EAST CENTRAL,60,1991,20500.0,21300.0,574000.0,28.0,1
MINNESOTA,27,ISANTI,059,EAST CENTRAL,60,1992,22200.0,23900.0,333000.0,15.0,1
MINNESOTA,27,ISANTI,059,EAST CENTRAL,60,1993,21400.0,22000.0,556400.0,26.0,1
MINNESOTA,27,ISANTI,059,EAST CENTRAL,60,1994,22200.0,22400.0,710400.0,32.0,1
MINNESOTA,27,ISANTI,059,EAST CENTRAL,60,1995,22000.0,22300.0,726000.0,33.0,1
MINNESOTA,27,ISANTI,059,EAST CENTRAL,60,1996,21600.0,21900.0,453600.0,21.0,1
MINNESOTA,27,ISANTI,059,EAST CENTRAL,60,1997,26900.0,27200.0,726300.0,27.0,1
MINNESOTA,27,ISANTI,059,EAST CENTRAL,60,1998,23700.0,23900.0,782100.0,33.0,1
MINNESOTA,27,ISANTI,059,EAST CENTRAL,60,1999,29800.0,30000.0,983400.0,33.0,1
MINNESOTA,27,ISANTI,059,EAST CENTRAL,60,2000,33100.0,33700.0,893700.0,27.0,1
MINNESOTA,27,ISANTI,059,EAST CENTRAL,60,2001,31600.0,31900.0,821600.0,26.0,1
MINNESOTA,27,ISANTI,059,EAST CENTRAL,60,2002,31300.0,31600.0,1064200.0,34.0,1
MINNESOTA,27,ISANTI,059,EAST CENTRAL,60,2003,31400.0,31600.0,596600.0,19.0,1
MINNESOTA,27,ISANTI,059,EAST CENTRAL,60,2004,27600.0,27800.0,607200.0,22.0,1
MINNESOTA,27,ISANTI,059,EAST CENTRAL,60,2005,27500.0,27600.0,825000.0,30.0,1
MINNESOTA,27,ISANTI,059,EAST CENTRAL,60,2006,31400.0,31900.0,942000.0,30.0,1
MINNESOTA,27,ISANTI,059,EAST CENTRAL,60,2007,25700.0,26000.0,539700.0,21.0,1
MINNESOTA,27,ISANTI,059,EAST CENTRAL,60,2008,28000.0,28500.0,697500.0,25.0,1
MINNESOTA,27,ISANTI,059,EAST CENTRAL,60,2009,26700.0,26900.0,679000.0,25.5,1
MINNESOTA,27,ISANTI,059,EAST CENTRAL,60,2010,26400.0,26700.0,981000.0,37.2,1
MINNESOTA,27,ISANTI,059,EAST CENTRAL,60,2011,25800.0,26000.0,822000.0,31.9,1
MINNESOTA,27,ISANTI,059,EAST CENTRAL,60,2012,26900.0,27000.0,863000.0,32.1,1
MINNESOTA,27,ISANTI,059,EAST CENTRAL,60,2013,23600.0,23900.0,600000.0,25.4,1
MINNESOTA,27,ISANTI,059,EAST CENTRAL,60,2014,19500.0,19600.0,420000.0,21.5,1
MINNESOTA,27,ISANTI,059,EAST CENTRAL,60,2015,26500.0,26600.0,1161000.0,43.8,1
MINNESOTA,27,ISANTI,059,EAST CENTRAL,60,2016,28200.0,28500.0,1220000.0,43.3,1
MINNESOTA,27,ISANTI,059,EAST CENTRAL,60,2017,31800.0,32000.0,1171000.0,36.8,1
MINNESOTA,27,ISANTI,059,EAST CENTRAL,60,2018,27900.0,28800.0,1024000.0,36.7,1
MINNESOTA,27,ISANTI,059,EAST CENTRAL,60,2019,22100.0,23300.0,682000.0,30.9,1
MINNESOTA,27,ISANTI,059,EAST CENTRAL,60,2020,26200.0,26400.0,1098000.0,41.9,1
MINNESOTA,27,ISANTI,059,EAST CENTRAL,60,2021,24800.0,25000.0,905000.0,36.5,1
MINNESOTA,27,ISANTI,059,EAST CENTRAL,60,2022,25900.0,26100.0,1086000.0,41.9,1
MINNESOTA,27,ISANTI,059,EAST CENTRAL,60,2023,24000.0,24300.0,1074000.0,44.8,1
MINNESOTA,27,ISANTI,059,EAST CENTRAL,60,2024,22300.0,22600.0,792000.0,35.5,1
MINNESOTA,27,ISANTI,059,EAST CENTRAL,60,2025,24900.0,25200.0,1106000.0,44.4,1
MINNESOTA,27,ITASCA,061,NORTH CENTRAL,20,1980,100.0,200.0,2200.0,22.0,1
MINNESOTA,27,ITASCA,061,NORTH CENTRAL,20,1981,200.0,200.0,5000.0,25.0,1
MINNESOTA,27,ITASCA,061,NORTH CENTRAL,20,1986,,100.0,,,1
MINNESOTA,27,ITASCA,061,NORTH CENTRAL,20,2020,3170.0,3200.0,117000.0,36.9,1
MINNESOTA,27,ITASCA,061,NORTH CENTRAL,20,2021,3080.0,3100.0,115000.0,37.3,1
MINNESOTA,27,ITASCA,061,NORTH CENTRAL,20,2022,3080.0,3100.0,86200.0,28.0,1
MINNESOTA,27,ITASCA,061,NORTH CENTRAL,20,2023,3030.0,3100.0,105000.0,34.7,1
MINNESOTA,27,ITASCA,061,NORTH CENTRAL,20,2024,3580.0,3600.0,103000.0,28.8,1
MINNESOTA,27,ITASCA,061,NORTH CENTRAL,20,2025,5400.0,5500.0,197000.0,36.5,1
MINNESOTA,27,JACKSON,063,SOUTHWEST,70,1980,184800.0,185900.0,6730700.0,36.0,1
MINNESOTA,27,JACKSON,063,SOUTHWEST,70,1981,181500.0,182700.0,6528500.0,36.0,1
MINNESOTA,27,JACKSON,063,SOUTHWEST,70,1982,187100.0,191800.0,7356600.0,39.3,1
MINNESOTA,27,JACKSON,063,SOUTHWEST,70,1983,173800.0,174300.0,5735400.0,33.0,1
MINNESOTA,27,JACKSON,063,SOUTHWEST,70,1984,184300.0,186500.0,6266200.0,34.0,1
MINNESOTA,27,JACKSON,063,SOUTHWEST,70,1985,177700.0,179500.0,6041800.0,34.0,1
MINNESOTA,27,JACKSON,063,SOUTHWEST,70,1986,165600.0,167600.0,5961600.0,36.0,1
MINNESOTA,27,JACKSON,063,SOUTHWEST,70,1987,169700.0,170900.0,7127400.0,42.0,1
MINNESOTA,27,JACKSON,063,SOUTHWEST,70,1988,171200.0,173700.0,5820800.0,34.0,1
MINNESOTA,27,JACKSON,063,SOUTHWEST,70,1989,173800.0,174800.0,7125800.0,41.0,1
MINNESOTA,27,JACKSON,063,SOUTHWEST,70,1990,157800.0,160500.0,6943200.0,43.3,1
MINNESOTA,27,JACKSON,063,SOUTHWEST,70,1991,203500.0,207400.0,6715500.0,33.0,1
MINNESOTA,27,JACKSON,063,SOUTHWEST,70,1992,163800.0,165300.0,5896800.0,36.0,1
MINNESOTA,27,JACKSON,063,SOUTHWEST,70,1993,159100.0,169400.0,3182000.0,20.0,1
MINNESOTA,27,JACKSON,063,SOUTHWEST,70,1994,172300.0,175800.0,6892000.0,40.0,1
MINNESOTA,27,JACKSON,063,SOUTHWEST,70,1995,181300.0,185600.0,7614600.0,42.0,1
MINNESOTA,27,JACKSON,063,SOUTHWEST,70,1996,168200.0,171500.0,7232600.0,43.0,1
MINNESOTA,27,JACKSON,063,SOUTHWEST,70,1997,185400.0,186000.0,7601400.0,41.0,1
MINNESOTA,27,JACKSON,063,SOUTHWEST,70,1998,178900.0,180400.0,7871600.0,44.0,1
MINNESOTA,27,JACKSON,063,SOUTHWEST,70,1999,180000.0,181500.0,7560000.0,42.0,1
MINNESOTA,27,JACKSON,063,SOUTHWEST,70,2000,170200.0,174200.0,7148400.0,42.0,1
MINNESOTA,27,JACKSON,063,SOUTHWEST,70,2001,177300.0,182300.0,6382800.0,36.0,1
MINNESOTA,27,JACKSON,063,SOUTHWEST,70,2002,167700.0,169000.0,7714200.0,46.0,1
MINNESOTA,27,JACKSON,063,SOUTHWEST,70,2003,174600.0,175300.0,6809400.0,39.0,1
MINNESOTA,27,JACKSON,063,SOUTHWEST,70,2004,170000.0,170300.0,6630000.0,39.0,1
MINNESOTA,27,JACKSON,063,SOUTHWEST,70,2005,171000.0,173000.0,9405000.0,55.0,1
MINNESOTA,27,JACKSON,063,SOUTHWEST,70,2006,165400.0,167400.0,8104600.0,49.0,1
MINNESOTA,27,JACKSON,063,SOUTHWEST,70,2007,154500.0,155000.0,7570500.0,49.0,1
MINNESOTA,27,JACKSON,063,SOUTHWEST,70,2008,165300.0,167000.0,7050500.0,42.5,1
MINNESOTA,27,JACKSON,063,SOUTHWEST,70,2009,174000.0,176000.0,8491000.0,49.0,1
MINNESOTA,27,JACKSON,063,SOUTHWEST,70,2010,170500.0,173000.0,8300000.0,48.7,1
MINNESOTA,27,JACKSON,063,SOUTHWEST,70,2011,174200.0,175000.0,7959000.0,45.7,1
MINNESOTA,27,JACKSON,063,SOUTHWEST,70,2012,169500.0,170500.0,8138000.0,48.0,1
MINNESOTA,27,JACKSON,063,SOUTHWEST,70,2013,163100.0,165000.0,7690000.0,47.1,1
MINNESOTA,27,JACKSON,063,SOUTHWEST,70,2014,167800.0,170000.0,7873000.0,46.9,1
MINNESOTA,27,JACKSON,063,SOUTHWEST,70,2015,167500.0,168500.0,9493000.0,56.7,1
MINNESOTA,27,JACKSON,063,SOUTHWEST,70,2016,163700.0,164500.0,9315000.0,56.9,1
MINNESOTA,27,JACKSON,063,SOUTHWEST,70,2017,170400.0,171500.0,9533000.0,55.9,1
MINNESOTA,27,JACKSON,063,SOUTHWEST,70,2018,173500.0,178000.0,8556000.0,49.3,1
MINNESOTA,27,JACKSON,063,SOUTHWEST,70,2019,155700.0,157000.0,7271000.0,46.7,1
MINNESOTA,27,JACKSON,063,SOUTHWEST,70,2020,171000.0,172500.0,9285000.0,54.3,1
MINNESOTA,27,JACKSON,063,SOUTHWEST,70,2021,173900.0,175500.0,10051000.0,57.8,1
MINNESOTA,27,JACKSON,063,SOUTHWEST,70,2022,175100.0,176500.0,9841000.0,56.2,1
MINNESOTA,27,JACKSON,063,SOUTHWEST,70,2023,171800.0,173500.0,9294000.0,54.1,1
MINNESOTA,27,JACKSON,063,SOUTHWEST,70,2024,170300.0,172500.0,7153000.0,42.0,1
MINNESOTA,27,JACKSON,063,SOUTHWEST,70,2025,166300.0,168000.0,9878000.0,59.4,1
MINNESOTA,27,KANABEC,065,EAST CENTRAL,60,1980,1200.0,1200.0,26000.0,22.0,1
MINNESOTA,27,KANABEC,065,EAST CENTRAL,60,1981,1000.0,1000.0,25000.0,25.0,1
MINNESOTA,27,KANABEC,065,EAST CENTRAL,60,1982,1100.0,1100.0,26400.0,24.0,1
MINNESOTA,27,KANABEC,065,EAST CENTRAL,60,1983,700.0,900.0,17500.0,25.0,1
MINNESOTA,27,KANABEC,065,EAST CENTRAL,60,1984,1100.0,1200.0,19800.0,18.0,1
MINNESOTA,27,KANABEC,065,EAST CENTRAL,60,1985,1100.0,1200.0,25300.0,23.0,1
MINNESOTA,27,KANABEC,065,EAST CENTRAL,60,1986,1000.0,1000.0,29000.0,29.0,1
MINNESOTA,27,KANABEC,065,EAST CENTRAL,60,1987,1500.0,1500.0,57000.0,38.0,1
MINNESOTA,27,KANABEC,065,EAST CENTRAL,60,1988,2000.0,2300.0,46000.0,23.0,1
MINNESOTA,27,KANABEC,065,EAST CENTRAL,60,1989,3400.0,3700.0,71400.0,21.0,1
MINNESOTA,27,KANABEC,065,EAST CENTRAL,60,1990,3100.0,3300.0,86800.0,26.3,1
MINNESOTA,27,KANABEC,065,EAST CENTRAL,60,1991,4200.0,4600.0,134400.0,32.0,1
MINNESOTA,27,KANABEC,065,EAST CENTRAL,60,1992,4000.0,4600.0,72000.0,18.0,1
MINNESOTA,27,KANABEC,065,EAST CENTRAL,60,1993,4500.0,4700.0,126000.0,28.0,1
MINNESOTA,27,KANABEC,065,EAST CENTRAL,60,1994,3900.0,3900.0,117000.0,30.0,1
MINNESOTA,27,KANABEC,065,EAST CENTRAL,60,1995,4600.0,4700.0,142600.0,31.0,1
MINNESOTA,27,KANABEC,065,EAST CENTRAL,60,1996,4600.0,4700.0,92000.0,20.0,1
MINNESOTA,27,KANABEC,065,EAST CENTRAL,60,1997,5100.0,5200.0,158100.0,31.0,1
MINNESOTA,27,KANABEC,065,EAST CENTRAL,60,1998,6400.0,6600.0,185600.0,29.0,1
MINNESOTA,27,KANABEC,065,EAST CENTRAL,60,1999,6500.0,6800.0,240500.0,37.0,1
MINNESOTA,27,KANABEC,065,EAST CENTRAL,60,2000,9200.0,9300.0,303600.0,33.0,1
MINNESOTA,27,KANABEC,065,EAST CENTRAL,60,2001,9000.0,9500.0,225000.0,25.0,1
MINNESOTA,27,KANABEC,065,EAST CENTRAL,60,2002,8500.0,8600.0,357000.0,42.0,1
MINNESOTA,27,KANABEC,065,EAST CENTRAL,60,2003,9800.0,9900.0,176400.0,18.0,1
MINNESOTA,27,KANABEC,065,EAST CENTRAL,60,2004,9500.0,9600.0,199500.0,21.0,1
MINNESOTA,27,KANABEC,065,EAST CENTRAL,60,2005,9400.0,9500.0,206800.0,22.0,1
MINNESOTA,27,KANABEC,065,EAST CENTRAL,60,2006,9600.0,9700.0,288000.0,30.0,1
MINNESOTA,27,KANABEC,065,EAST CENTRAL,60,2007,9300.0,9400.0,204600.0,22.0,1
MINNESOTA,27,KANABEC,065,EAST CENTRAL,60,2009,10600.0,10700.0,324500.0,30.5,1
MINNESOTA,27,KANABEC,065,EAST CENTRAL,60,2010,12900.0,13000.0,546000.0,42.3,1
MINNESOTA,27,KANABEC,065,EAST CENTRAL,60,2011,11400.0,11500.0,341000.0,29.9,1
MINNESOTA,27,KANABEC,065,EAST CENTRAL,60,2012,13300.0,13400.0,447000.0,33.6,1
MINNESOTA,27,KANABEC,065,EAST CENTRAL,60,2014,6620.0,7000.0,222000.0,33.5,1
MINNESOTA,27,KANABEC,065,EAST CENTRAL,60,2016,12700.0,12800.0,622000.0,49.0,1
MINNESOTA,27,KANABEC,065,EAST CENTRAL,60,2018,16300.0,16500.0,624000.0,38.3,1
MINNESOTA,27,KANABEC,065,EAST CENTRAL,60,2021,13800.0,13900.0,352000.0,25.5,1
MINNESOTA,27,KANABEC,065,EAST CENTRAL,60,2022,14400.0,14500.0,605000.0,42.0,1
MINNESOTA,27,KANABEC,065,EAST CENTRAL,60,2023,14100.0,14200.0,575000.0,40.8,1
MINNESOTA,27,KANABEC,065,EAST CENTRAL,60,2025,15000.0,15200.0,687000.0,45.8,1
MINNESOTA,27,KANDIYOHI,067,CENTRAL,50,1980,97400.0,97600.0,2876300.0,30.0,1
MINNESOTA,27,KANDIYOHI,067,CENTRAL,50,1981,85300.0,85600.0,2814900.0,33.0,1
MINNESOTA,27,KANDIYOHI,067,CENTRAL,50,1982,97200.0,99100.0,3693600.0,37.3,1
MINNESOTA,27,KANDIYOHI,067,CENTRAL,50,1983,98700.0,100000.0,3356300.0,33.6,1
MINNESOTA,27,KANDIYOHI,067,CENTRAL,50,1984,103500.0,106000.0,3208500.0,31.0,1
MINNESOTA,27,KANDIYOHI,067,CENTRAL,50,1985,101300.0,102500.0,3039000.0,30.0,1
MINNESOTA,27,KANDIYOHI,067,CENTRAL,50,1986,84800.0,86300.0,2628800.0,31.0,1
MINNESOTA,27,KANDIYOHI,067,CENTRAL,50,1987,82900.0,83000.0,3067300.0,37.0,1
MINNESOTA,27,KANDIYOHI,067,CENTRAL,50,1988,91500.0,92500.0,2196000.0,24.0,1
MINNESOTA,27,KANDIYOHI,067,CENTRAL,50,1989,94800.0,95900.0,3128400.0,33.0,1
MINNESOTA,27,KANDIYOHI,067,CENTRAL,50,1990,85400.0,87500.0,3159800.0,36.1,1
MINNESOTA,27,KANDIYOHI,067,CENTRAL,50,1991,95000.0,99800.0,3515000.0,37.0,1
MINNESOTA,27,KANDIYOHI,067,CENTRAL,50,1992,103600.0,105300.0,3004400.0,29.0,1
MINNESOTA,27,KANDIYOHI,067,CENTRAL,50,1993,99700.0,106000.0,2093700.0,21.0,1
MINNESOTA,27,KANDIYOHI,067,CENTRAL,50,1994,107500.0,109700.0,4622500.0,43.0,1
MINNESOTA,27,KANDIYOHI,067,CENTRAL,50,1995,104500.0,105700.0,4389000.0,42.0,1
MINNESOTA,27,KANDIYOHI,067,CENTRAL,50,1996,109100.0,110500.0,3927600.0,36.0,1
MINNESOTA,27,KANDIYOHI,067,CENTRAL,50,1997,110200.0,114700.0,4187600.0,38.0,1
MINNESOTA,27,KANDIYOHI,067,CENTRAL,50,1998,117000.0,118200.0,5265000.0,45.0,1
MINNESOTA,27,KANDIYOHI,067,CENTRAL,50,1999,119100.0,120300.0,5478600.0,46.0,1
MINNESOTA,27,KANDIYOHI,067,CENTRAL,50,2000,122200.0,124100.0,5132400.0,42.0,1
MINNESOTA,27,KANDIYOHI,067,CENTRAL,50,2001,130200.0,131300.0,4947600.0,38.0,1
MINNESOTA,27,KANDIYOHI,067,CENTRAL,50,2002,118200.0,119400.0,5437200.0,46.0,1
MINNESOTA,27,KANDIYOHI,067,CENTRAL,50,2003,122600.0,123300.0,3800600.0,31.0,1
MINNESOTA,27,KANDIYOHI,067,CENTRAL,50,2004,118300.0,118600.0,4140500.0,35.0,1
MINNESOTA,27,KANDIYOHI,067,CENTRAL,50,2005,114500.0,115800.0,5381500.0,47.0,1
MINNESOTA,27,KANDIYOHI,067,CENTRAL,50,2006,112100.0,113500.0,5044500.0,45.0,1
MINNESOTA,27,KANDIYOHI,067,CENTRAL,50,2007,97500.0,99000.0,4095000.0,42.0,1
MINNESOTA,27,KANDIYOHI,067,CENTRAL,50,2008,103800.0,105000.0,4206900.0,40.5,1
MINNESOTA,27,KANDIYOHI,067,CENTRAL,50,2009,107900.0,109000.0,4766000.0,44.0,1
MINNESOTA,27,KANDIYOHI,067,CENTRAL,50,2010,106000.0,107000.0,5045000.0,47.6,1
MINNESOTA,27,KANDIYOHI,067,CENTRAL,50,2011,107500.0,108500.0,4058000.0,37.7,1
MINNESOTA,27,KANDIYOHI,067,CENTRAL,50,2012,89500.0,90000.0,4156000.0,46.4,1
MINNESOTA,27,KANDIYOHI,067,CENTRAL,50,2013,84700.0,85500.0,3990000.0,47.1,1
MINNESOTA,27,KANDIYOHI,067,CENTRAL,50,2014,106000.0,107000.0,4364000.0,41.2,1
MINNESOTA,27,KANDIYOHI,067,CENTRAL,50,2015,103400.0,104000.0,5581000.0,54.0,1
MINNESOTA,27,KANDIYOHI,067,CENTRAL,50,2016,104800.0,105500.0,5557000.0,53.0,1
MINNESOTA,27,KANDIYOHI,067,CENTRAL,50,2017,109300.0,110000.0,5165000.0,47.3,1
MINNESOTA,27,KANDIYOHI,067,CENTRAL,50,2018,105900.0,107000.0,5702000.0,53.8,1
MINNESOTA,27,KANDIYOHI,067,CENTRAL,50,2020,103600.0,104500.0,5242000.0,50.6,1
MINNESOTA,27,KANDIYOHI,067,CENTRAL,50,2024,108100.0,109000.0,5146000.0,47.6,1
MINNESOTA,27,KANDIYOHI,067,CENTRAL,50,2025,100300.0,101500.0,4915000.0,49.0,1
MINNESOTA,27,KITTSON,069,NORTHWEST,10,1980,400.0,400.0,6300.0,16.0,1
MINNESOTA,27,KITTSON,069,NORTHWEST,10,1981,900.0,900.0,27900.0,31.0,1
MINNESOTA,27,KITTSON,069,NORTHWEST,10,1982,2600.0,3100.0,52000.0,16.8,1
MINNESOTA,27,KITTSON,069,NORTHWEST,10,1983,5800.0,6000.0,110200.0,18.4,1
MINNESOTA,27,KITTSON,069,NORTHWEST,10,1984,3800.0,3900.0,83600.0,22.0,1
MINNESOTA,27,KITTSON,069,NORTHWEST,10,1985,2500.0,3100.0,40000.0,16.0,1
MINNESOTA,27,KITTSON,069,NORTHWEST,10,1986,1400.0,1400.0,29400.0,21.0,1
MINNESOTA,27,KITTSON,069,NORTHWEST,10,1987,1500.0,1500.0,36000.0,24.0,1
MINNESOTA,27,KITTSON,069,NORTHWEST,10,1988,2100.0,3500.0,21000.0,10.0,1
MINNESOTA,27,KITTSON,069,NORTHWEST,10,1989,2400.0,2500.0,48000.0,20.0,1
MINNESOTA,27,KITTSON,069,NORTHWEST,10,1996,1600.0,1600.0,28800.0,18.0,1
MINNESOTA,27,KITTSON,069,NORTHWEST,10,1997,9900.0,10000.0,287100.0,29.0,1
MINNESOTA,27,KITTSON,069,NORTHWEST,10,1998,34400.0,35800.0,997600.0,29.0,1
MINNESOTA,27,KITTSON,069,NORTHWEST,10,1999,26100.0,26700.0,887400.0,34.0,1
MINNESOTA,27,KITTSON,069,NORTHWEST,10,2000,43400.0,44200.0,1345400.0,31.0,1
MINNESOTA,27,KITTSON,069,NORTHWEST,10,2001,20300.0,20500.0,568400.0,28.0,1
MINNESOTA,27,KITTSON,069,NORTHWEST,10,2002,67200.0,68200.0,2284800.0,34.0,1
MINNESOTA,27,KITTSON,069,NORTHWEST,10,2003,77800.0,78000.0,2489600.0,32.0,1
MINNESOTA,27,KITTSON,069,NORTHWEST,10,2004,49200.0,92200.0,688800.0,14.0,1
MINNESOTA,27,KITTSON,069,NORTHWEST,10,2005,32600.0,34800.0,717200.0,22.0,1
MINNESOTA,27,KITTSON,069,NORTHWEST,10,2006,103400.0,106000.0,3619000.0,35.0,1
MINNESOTA,27,KITTSON,069,NORTHWEST,10,2007,82600.0,83300.0,3138800.0,38.0,1
MINNESOTA,27,KITTSON,069,NORTHWEST,10,2008,91200.0,92500.0,2985900.0,32.5,1
MINNESOTA,27,KITTSON,069,NORTHWEST,10,2009,90300.0,91300.0,2474000.0,27.5,1
MINNESOTA,27,KITTSON,069,NORTHWEST,10,2010,100500.0,101500.0,3431000.0,34.1,1
MINNESOTA,27,KITTSON,069,NORTHWEST,10,2011,96900.0,97200.0,2817000.0,29.1,1
MINNESOTA,27,KITTSON,069,NORTHWEST,10,2012,117700.0,118500.0,4252000.0,36.1,1
MINNESOTA,27,KITTSON,069,NORTHWEST,10,2013,118800.0,120000.0,4766000.0,40.1,1
MINNESOTA,27,KITTSON,069,NORTHWEST,10,2014,140400.0,141500.0,4141000.0,29.5,1
MINNESOTA,27,KITTSON,069,NORTHWEST,10,2015,131300.0,132000.0,4175000.0,31.8,1
MINNESOTA,27,KITTSON,069,NORTHWEST,10,2016,146000.0,147500.0,4950000.0,33.9,1
MINNESOTA,27,KITTSON,069,NORTHWEST,10,2017,160400.0,161500.0,5642000.0,35.2,1
MINNESOTA,27,KITTSON,069,NORTHWEST,10,2018,128800.0,130000.0,4061000.0,31.5,1
MINNESOTA,27,KITTSON,069,NORTHWEST,10,2019,116400.0,118000.0,3507000.0,30.1,1
MINNESOTA,27,KITTSON,069,NORTHWEST,10,2020,115200.0,118500.0,3721000.0,32.3,1
MINNESOTA,27,KITTSON,069,NORTHWEST,10,2021,129900.0,131000.0,3053000.0,23.5,1
MINNESOTA,27,KITTSON,069,NORTHWEST,10,2022,106200.0,107000.0,4759000.0,44.8,1
MINNESOTA,27,KITTSON,069,NORTHWEST,10,2023,118300.0,119500.0,4732000.0,40.0,1
MINNESOTA,27,KITTSON,069,NORTHWEST,10,2024,122400.0,123500.0,4749000.0,38.8,1
MINNESOTA,27,KITTSON,069,NORTHWEST,10,2025,117400.0,119000.0,4708000.0,40.1,1
MINNESOTA,27,KOOCHICHING,071,NORTH CENTRAL,20,1980,100.0,100.0,2300.0,23.0,1
MINNESOTA,27,KOOCHICHING,071,NORTH CENTRAL,20,1981,100.0,100.0,2400.0,24.0,1
MINNESOTA,27,KOOCHICHING,071,NORTH CENTRAL,20,1986,100.0,100.0,2000.0,20.0,1
MINNESOTA,27,KOOCHICHING,071,NORTH CENTRAL,20,2002,1200.0,1200.0,34800.0,29.0,1
MINNESOTA,27,KOOCHICHING,071,NORTH CENTRAL,20,2003,1600.0,1700.0,41600.0,26.0,1
MINNESOTA,27,KOOCHICHING,071,NORTH CENTRAL,20,2019,3370.0,3500.0,109000.0,32.3,1
MINNESOTA,27,KOOCHICHING,071,NORTH CENTRAL,20,2020,3470.0,3500.0,117000.0,33.7,1
MINNESOTA,27,KOOCHICHING,071,NORTH CENTRAL,20,2022,5650.0,5700.0,173000.0,30.6,1
MINNESOTA,27,KOOCHICHING,071,NORTH CENTRAL,20,2023,4560.0,4600.0,149000.0,32.7,1
MINNESOTA,27,KOOCHICHING,071,NORTH CENTRAL,20,2024,6750.0,6800.0,169000.0,25.0,1
MINNESOTA,27,KOOCHICHING,071,NORTH CENTRAL,20,2025,5800.0,5900.0,200000.0,34.5,1
MINNESOTA,27,LAC QUI PARLE,073,WEST CENTRAL,40,1980,125700.0,126100.0,3588300.0,29.0,1
MINNESOTA,27,LAC QUI PARLE,073,WEST CENTRAL,40,1981,120400.0,121000.0,3130400.0,26.0,1
MINNESOTA,27,LAC QUI PARLE,073,WEST CENTRAL,40,1982,136800.0,138700.0,3830400.0,28.0,1
MINNESOTA,27,LAC QUI PARLE,073,WEST CENTRAL,40,1983,111700.0,113200.0,3239300.0,29.0,1
MINNESOTA,27,LAC QUI PARLE,073,WEST CENTRAL,40,1984,128400.0,131000.0,3595200.0,28.0,1
MINNESOTA,27,LAC QUI PARLE,073,WEST CENTRAL,40,1985,118600.0,121100.0,3676600.0,31.0,1
MINNESOTA,27,LAC QUI PARLE,073,WEST CENTRAL,40,1986,100400.0,101100.0,3313200.0,33.0,1
MINNESOTA,27,LAC QUI PARLE,073,WEST CENTRAL,40,1987,123800.0,125200.0,4209200.0,34.0,1
MINNESOTA,27,LAC QUI PARLE,073,WEST CENTRAL,40,1988,129200.0,131800.0,2067200.0,16.0,1
MINNESOTA,27,LAC QUI PARLE,073,WEST CENTRAL,40,1989,139500.0,141200.0,4743000.0,34.0,1
MINNESOTA,27,LAC QUI PARLE,073,WEST CENTRAL,40,1990,135200.0,138500.0,5272800.0,38.1,1
MINNESOTA,27,LAC QUI PARLE,073,WEST CENTRAL,40,1991,145800.0,153200.0,5394600.0,37.0,1
MINNESOTA,27,LAC QUI PARLE,073,WEST CENTRAL,40,1992,156400.0,164300.0,4379200.0,28.0,1
MINNESOTA,27,LAC QUI PARLE,073,WEST CENTRAL,40,1993,138400.0,157600.0,2768000.0,20.0,1
MINNESOTA,27,LAC QUI PARLE,073,WEST CENTRAL,40,1994,167800.0,171200.0,6040800.0,36.0,1
MINNESOTA,27,LAC QUI PARLE,073,WEST CENTRAL,40,1995,179600.0,182100.0,5926800.0,33.0,1
MINNESOTA,27,LAC QUI PARLE,073,WEST CENTRAL,40,1996,181200.0,184500.0,6160800.0,34.0,1
MINNESOTA,27,LAC QUI PARLE,073,WEST CENTRAL,40,1997,177300.0,177800.0,6560100.0,37.0,1
MINNESOTA,27,LAC QUI PARLE,073,WEST CENTRAL,40,1998,180200.0,182200.0,7208000.0,40.0,1
MINNESOTA,27,LAC QUI PARLE,073,WEST CENTRAL,40,1999,184300.0,186100.0,7372000.0,40.0,1
MINNESOTA,27,LAC QUI PARLE,073,WEST CENTRAL,40,2000,184500.0,187300.0,7011000.0,38.0,1
MINNESOTA,27,LAC QUI PARLE,073,WEST CENTRAL,40,2001,177500.0,179500.0,6567500.0,37.0,1
MINNESOTA,27,LAC QUI PARLE,073,WEST CENTRAL,40,2002,175000.0,176400.0,7175000.0,41.0,1
MINNESOTA,27,LAC QUI PARLE,073,WEST CENTRAL,40,2003,172600.0,173200.0,5005400.0,29.0,1
MINNESOTA,27,LAC QUI PARLE,073,WEST CENTRAL,40,2004,168000.0,168300.0,5376000.0,32.0,1
MINNESOTA,27,LAC QUI PARLE,073,WEST CENTRAL,40,2005,161600.0,163300.0,6948800.0,43.0,1
MINNESOTA,27,LAC QUI PARLE,073,WEST CENTRAL,40,2006,163000.0,165000.0,7824000.0,48.0,1
MINNESOTA,27,LAC QUI PARLE,073,WEST CENTRAL,40,2007,145700.0,147000.0,5682300.0,39.0,1
MINNESOTA,27,LAC QUI PARLE,073,WEST CENTRAL,40,2008,161300.0,163500.0,4921600.0,30.5,1
MINNESOTA,27,LAC QUI PARLE,073,WEST CENTRAL,40,2009,163700.0,165500.0,6974000.0,42.5,1
MINNESOTA,27,LAC QUI PARLE,073,WEST CENTRAL,40,2010,170500.0,172500.0,7744000.0,45.4,1
MINNESOTA,27,LAC QUI PARLE,073,WEST CENTRAL,40,2011,160900.0,162500.0,6174000.0,38.4,1
MINNESOTA,27,LAC QUI PARLE,073,WEST CENTRAL,40,2012,164000.0,165000.0,7093000.0,43.3,1
MINNESOTA,27,LAC QUI PARLE,073,WEST CENTRAL,40,2013,164600.0,166500.0,7889000.0,47.9,1
MINNESOTA,27,LAC QUI PARLE,073,WEST CENTRAL,40,2014,173800.0,175500.0,8475000.0,48.8,1
MINNESOTA,27,LAC QUI PARLE,073,WEST CENTRAL,40,2015,177500.0,181000.0,8969000.0,50.5,1
MINNESOTA,27,LAC QUI PARLE,073,WEST CENTRAL,40,2016,176000.0,177500.0,9853000.0,56.0,1
MINNESOTA,27,LAC QUI PARLE,073,WEST CENTRAL,40,2017,177400.0,178500.0,8716000.0,49.1,1
MINNESOTA,27,LAC QUI PARLE,073,WEST CENTRAL,40,2018,174200.0,176000.0,9726000.0,55.8,1
MINNESOTA,27,LAC QUI PARLE,073,WEST CENTRAL,40,2019,141100.0,143000.0,7047000.0,49.9,1
MINNESOTA,27,LAC QUI PARLE,073,WEST CENTRAL,40,2020,168100.0,169500.0,8472000.0,50.4,1
MINNESOTA,27,LAC QUI PARLE,073,WEST CENTRAL,40,2023,169400.0,171000.0,8555000.0,50.5,1
MINNESOTA,27,LAC QUI PARLE,073,WEST CENTRAL,40,2024,166600.0,168000.0,7764000.0,46.6,1
MINNESOTA,27,LAC QUI PARLE,073,WEST CENTRAL,40,2025,165800.0,167500.0,8837000.0,53.3,1
MINNESOTA,27,LAKE OF THE WOODS,077,NORTH CENTRAL,20,1980,100.0,100.0,2300.0,23.0,1
MINNESOTA,27,LAKE OF THE WOODS,077,NORTH CENTRAL,20,1981,100.0,100.0,2500.0,25.0,1
MINNESOTA,27,LAKE OF THE WOODS,077,NORTH CENTRAL,20,1986,100.0,100.0,2000.0,20.0,1
MINNESOTA,27,LAKE OF THE WOODS,077,NORTH CENTRAL,20,1991,1900.0,2000.0,47500.0,25.0,1
MINNESOTA,27,LAKE OF THE WOODS,077,NORTH CENTRAL,20,1992,1100.0,1600.0,7700.0,7.0,1
MINNESOTA,27,LAKE OF THE WOODS,077,NORTH CENTRAL,20,2004,800.0,2400.0,11200.0,14.0,1
MINNESOTA,27,LAKE OF THE WOODS,077,NORTH CENTRAL,20,2005,2000.0,2100.0,58000.0,29.0,1
MINNESOTA,27,LAKE OF THE WOODS,077,NORTH CENTRAL,20,2019,23300.0,23800.0,812000.0,34.8,1
MINNESOTA,27,LAKE OF THE WOODS,077,NORTH CENTRAL,20,2020,20500.0,20700.0,699000.0,34.1,1
MINNESOTA,27,LAKE OF THE WOODS,077,NORTH CENTRAL,20,2021,23100.0,23300.0,665000.0,28.8,1
MINNESOTA,27,LAKE OF THE WOODS,077,NORTH CENTRAL,20,2022,14200.0,14300.0,555000.0,39.1,1
MINNESOTA,27,LAKE OF THE WOODS,077,NORTH CENTRAL,20,2025,28700.0,28900.0,1174000.0,40.9,1
MINNESOTA,27,LE SUEUR,079,SOUTH CENTRAL,80,1980,70500.0,71200.0,2012500.0,29.0,1
MINNESOTA,27,LE SUEUR,079,SOUTH CENTRAL,80,1981,64000.0,64500.0,2112700.0,33.0,1
MINNESOTA,27,LE SUEUR,079,SOUTH CENTRAL,80,1982,67500.0,68600.0,2330800.0,34.5,1
MINNESOTA,27,LE SUEUR,079,SOUTH CENTRAL,80,1983,62200.0,63300.0,1928200.0,30.5,1
MINNESOTA,27,LE SUEUR,079,SOUTH CENTRAL,80,1984,76300.0,76700.0,2899400.0,38.0,1
MINNESOTA,27,LE SUEUR,079,SOUTH CENTRAL,80,1985,78900.0,79700.0,2919300.0,37.0,1
MINNESOTA,27,LE SUEUR,079,SOUTH CENTRAL,80,1986,73200.0,74400.0,2928000.0,40.0,1
MINNESOTA,27,LE SUEUR,079,SOUTH CENTRAL,80,1987,60400.0,60600.0,2536800.0,42.0,1
MINNESOTA,27,LE SUEUR,079,SOUTH CENTRAL,80,1988,62400.0,63100.0,1684800.0,27.0,1
MINNESOTA,27,LE SUEUR,079,SOUTH CENTRAL,80,1989,62300.0,63200.0,2678900.0,43.0,1
MINNESOTA,27,LE SUEUR,079,SOUTH CENTRAL,80,1990,55700.0,57900.0,2228000.0,38.5,1
MINNESOTA,27,LE SUEUR,079,SOUTH CENTRAL,80,1991,69000.0,71000.0,2553000.0,37.0,1
MINNESOTA,27,LE SUEUR,079,SOUTH CENTRAL,80,1992,68300.0,69500.0,2390500.0,35.0,1
MINNESOTA,27,LE SUEUR,079,SOUTH CENTRAL,80,1993,69800.0,72400.0,2163800.0,31.0,1
MINNESOTA,27,LE SUEUR,079,SOUTH CENTRAL,80,1994,71400.0,74400.0,2998800.0,42.0,1
MINNESOTA,27,LE SUEUR,079,SOUTH CENTRAL,80,1995,75600.0,76400.0,3477600.0,46.0,1
MINNESOTA,27,LE SUEUR,079,SOUTH CENTRAL,80,1996,74400.0,75700.0,2901600.0,39.0,1
MINNESOTA,27,LE SUEUR,079,SOUTH CENTRAL,80,1997,78400.0,78900.0,3214400.0,41.0,1
MINNESOTA,27,LE SUEUR,079,SOUTH CENTRAL,80,1998,85000.0,86200.0,3995000.0,47.0,1
MINNESOTA,27,LE SUEUR,079,SOUTH CENTRAL,80,1999,85000.0,86200.0,3825000.0,45.0,1
MINNESOTA,27,LE SUEUR,079,SOUTH CENTRAL,80,2000,86900.0,88400.0,4171200.0,48.0,1
MINNESOTA,27,LE SUEUR,079,SOUTH CENTRAL,80,2001,85900.0,86800.0,3521900.0,41.0,1
MINNESOTA,27,LE SUEUR,079,SOUTH CENTRAL,80,2002,84400.0,85100.0,3966800.0,47.0,1
MINNESOTA,27,LE SUEUR,079,SOUTH CENTRAL,80,2003,82900.0,83400.0,2818600.0,34.0,1
MINNESOTA,27,LE SUEUR,079,SOUTH CENTRAL,80,2004,81600.0,81900.0,3182400.0,39.0,1
MINNESOTA,27,LE SUEUR,079,SOUTH CENTRAL,80,2005,79700.0,80600.0,3825600.0,48.0,1
MINNESOTA,27,LE SUEUR,079,SOUTH CENTRAL,80,2006,82900.0,83900.0,4310800.0,52.0,1
MINNESOTA,27,LE SUEUR,079,SOUTH CENTRAL,80,2007,74700.0,75400.0,3585600.0,48.0,1
MINNESOTA,27,LE SUEUR,079,SOUTH CENTRAL,80,2008,80300.0,81000.0,3346500.0,41.5,1
MINNESOTA,27,LE SUEUR,079,SOUTH CENTRAL,80,2009,77600.0,78500.0,3504000.0,45.0,1
MINNESOTA,27,LE SUEUR,079,SOUTH CENTRAL,80,2010,78900.0,80000.0,3909000.0,49.5,1
MINNESOTA,27,LE SUEUR,079,SOUTH CENTRAL,80,2011,76500.0,76800.0,2877000.0,37.6,1
MINNESOTA,27,LE SUEUR,079,SOUTH CENTRAL,80,2012,73700.0,74700.0,3569000.0,48.4,1
MINNESOTA,27,LE SUEUR,079,SOUTH CENTRAL,80,2013,72200.0,73000.0,3235000.0,44.8,1
MINNESOTA,27,LE SUEUR,079,SOUTH CENTRAL,80,2014,80200.0,81200.0,3522000.0,43.9,1
MINNESOTA,27,LE SUEUR,079,SOUTH CENTRAL,80,2015,92700.0,93200.0,5213000.0,56.2,1
MINNESOTA,27,LE SUEUR,079,SOUTH CENTRAL,80,2016,88700.0,89300.0,5050000.0,56.9,1
MINNESOTA,27,LE SUEUR,079,SOUTH CENTRAL,80,2017,99900.0,100500.0,5547000.0,55.5,1
MINNESOTA,27,LE SUEUR,079,SOUTH CENTRAL,80,2018,81200.0,82000.0,4096000.0,50.4,1
MINNESOTA,27,LE SUEUR,079,SOUTH CENTRAL,80,2020,83200.0,83900.0,4917000.0,59.1,1
MINNESOTA,27,LE SUEUR,079,SOUTH CENTRAL,80,2021,79000.0,79700.0,4898000.0,62.0,1
MINNESOTA,27,LE SUEUR,079,SOUTH CENTRAL,80,2022,80700.0,81300.0,4947000.0,61.3,1
MINNESOTA,27,LE SUEUR,079,SOUTH CENTRAL,80,2023,77300.0,78000.0,4452000.0,57.6,1
MINNESOTA,27,LE SUEUR,079,SOUTH CENTRAL,80,2024,80900.0,81600.0,3916000.0,48.4,1
MINNESOTA,27,LE SUEUR,079,SOUTH CENTRAL,80,2025,78000.0,78800.0,4766000.0,61.1,1
MINNESOTA,27,LINCOLN,081,SOUTHWEST,70,1980,50600.0,51200.0,1394700.0,28.0,1
MINNESOTA,27,LINCOLN,081,SOUTHWEST,70,1981,51400.0,51600.0,1556000.0,30.3,1
MINNESOTA,27,LINCOLN,081,SOUTHWEST,70,1982,58400.0,59500.0,1823100.0,30.6,1
MINNESOTA,27,LINCOLN,081,SOUTHWEST,70,1983,58500.0,59100.0,1755000.0,30.0,1
MINNESOTA,27,LINCOLN,081,SOUTHWEST,70,1984,78200.0,79000.0,2033200.0,26.0,1
MINNESOTA,27,LINCOLN,081,SOUTHWEST,70,1985,83200.0,85200.0,2329600.0,28.0,1
MINNESOTA,27,LINCOLN,081,SOUTHWEST,70,1986,69100.0,78300.0,2073000.0,30.0,1
MINNESOTA,27,LINCOLN,081,SOUTHWEST,70,1987,48500.0,49100.0,1697500.0,35.0,1
MINNESOTA,27,LINCOLN,081,SOUTHWEST,70,1988,49800.0,51400.0,1095600.0,22.0,1
MINNESOTA,27,LINCOLN,081,SOUTHWEST,70,1989,58800.0,59800.0,1940400.0,33.0,1
MINNESOTA,27,LINCOLN,081,SOUTHWEST,70,1990,59400.0,60600.0,2316600.0,38.2,1
MINNESOTA,27,LINCOLN,081,SOUTHWEST,70,1991,71100.0,72500.0,2772900.0,39.0,1
MINNESOTA,27,LINCOLN,081,SOUTHWEST,70,1992,71900.0,78800.0,1797500.0,25.0,1
MINNESOTA,27,LINCOLN,081,SOUTHWEST,70,1993,51800.0,60400.0,673400.0,13.0,1
MINNESOTA,27,LINCOLN,081,SOUTHWEST,70,1994,78600.0,79600.0,3065400.0,39.0,1
MINNESOTA,27,LINCOLN,081,SOUTHWEST,70,1995,82500.0,84600.0,2557500.0,31.0,1
MINNESOTA,27,LINCOLN,081,SOUTHWEST,70,1996,78000.0,80100.0,2496000.0,32.0,1
MINNESOTA,27,LINCOLN,081,SOUTHWEST,70,1997,87200.0,89800.0,2790400.0,32.0,1
MINNESOTA,27,LINCOLN,081,SOUTHWEST,70,1998,104900.0,105800.0,4300900.0,41.0,1
MINNESOTA,27,LINCOLN,081,SOUTHWEST,70,1999,104700.0,105800.0,3978600.0,38.0,1
MINNESOTA,27,LINCOLN,081,SOUTHWEST,70,2000,103100.0,104700.0,4020900.0,39.0,1
MINNESOTA,27,LINCOLN,081,SOUTHWEST,70,2001,99700.0,100500.0,3589200.0,36.0,1
MINNESOTA,27,LINCOLN,081,SOUTHWEST,70,2002,98400.0,99200.0,3936000.0,40.0,1
MINNESOTA,27,LINCOLN,081,SOUTHWEST,70,2003,95000.0,95400.0,3040000.0,32.0,1
MINNESOTA,27,LINCOLN,081,SOUTHWEST,70,2004,96600.0,96900.0,3284400.0,34.0,1
MINNESOTA,27,LINCOLN,081,SOUTHWEST,70,2005,92600.0,93700.0,4352200.0,47.0,1
MINNESOTA,27,LINCOLN,081,SOUTHWEST,70,2006,93200.0,94300.0,4287200.0,46.0,1
MINNESOTA,27,LINCOLN,081,SOUTHWEST,70,2007,74700.0,76300.0,3436200.0,46.0,1
MINNESOTA,27,LINCOLN,081,SOUTHWEST,70,2008,90100.0,90900.0,3138600.0,35.0,1
MINNESOTA,27,LINCOLN,081,SOUTHWEST,70,2009,94600.0,95600.0,3806000.0,40.0,1
MINNESOTA,27,LINCOLN,081,SOUTHWEST,70,2010,104000.0,106000.0,4661000.0,44.8,1
MINNESOTA,27,LINCOLN,081,SOUTHWEST,70,2011,99300.0,99900.0,3466000.0,34.9,1
MINNESOTA,27,LINCOLN,081,SOUTHWEST,70,2012,96500.0,97200.0,3883000.0,40.2,1
MINNESOTA,27,LINCOLN,081,SOUTHWEST,70,2013,100000.0,101000.0,4417000.0,44.2,1
MINNESOTA,27,LINCOLN,081,SOUTHWEST,70,2014,105800.0,106500.0,4968000.0,47.0,1
MINNESOTA,27,LINCOLN,081,SOUTHWEST,70,2016,99500.0,100000.0,5791000.0,58.2,1
MINNESOTA,27,LINCOLN,081,SOUTHWEST,70,2017,105300.0,106000.0,5013000.0,47.6,1
MINNESOTA,27,LINCOLN,081,SOUTHWEST,70,2019,73000.0,73900.0,3048000.0,41.8,1
MINNESOTA,27,LINCOLN,081,SOUTHWEST,70,2020,94600.0,95400.0,4645000.0,49.1,1
MINNESOTA,27,LINCOLN,081,SOUTHWEST,70,2021,101600.0,102500.0,4674000.0,46.0,1
MINNESOTA,27,LINCOLN,081,SOUTHWEST,70,2023,98800.0,99700.0,4555000.0,46.1,1
MINNESOTA,27,LINCOLN,081,SOUTHWEST,70,2025,90700.0,91700.0,4735000.0,52.2,1
MINNESOTA,27,LYON,083,SOUTHWEST,70,1980,132900.0,137200.0,3793900.0,29.0,1
MINNESOTA,27,LYON,083,SOUTHWEST,70,1981,129300.0,129900.0,4162900.0,32.2,1
MINNESOTA,27,LYON,083,SOUTHWEST,70,1982,146500.0,150200.0,5465500.0,36.4,1
MINNESOTA,27,LYON,083,SOUTHWEST,70,1983,125300.0,126100.0,4009600.0,32.0,1
MINNESOTA,27,LYON,083,SOUTHWEST,70,1984,135300.0,137100.0,4329600.0,32.0,1
MINNESOTA,27,LYON,083,SOUTHWEST,70,1985,134300.0,137200.0,4834800.0,36.0,1
MINNESOTA,27,LYON,083,SOUTHWEST,70,1986,125100.0,126900.0,4378500.0,35.0,1
MINNESOTA,27,LYON,083,SOUTHWEST,70,1987,121800.0,123300.0,4628400.0,38.0,1
MINNESOTA,27,LYON,083,SOUTHWEST,70,1988,126500.0,128600.0,2530000.0,20.0,1
MINNESOTA,27,LYON,083,SOUTHWEST,70,1989,137700.0,138800.0,4819500.0,35.0,1
MINNESOTA,27,LYON,083,SOUTHWEST,70,1990,138200.0,140600.0,5528000.0,39.3,1
MINNESOTA,27,LYON,083,SOUTHWEST,70,1991,150300.0,153200.0,6162300.0,41.0,1
MINNESOTA,27,LYON,083,SOUTHWEST,70,1992,159900.0,160200.0,5756400.0,36.0,1
MINNESOTA,27,LYON,083,SOUTHWEST,70,1993,140300.0,161100.0,2385100.0,17.0,1
MINNESOTA,27,LYON,083,SOUTHWEST,70,1994,163200.0,164400.0,6691200.0,41.0,1
MINNESOTA,27,LYON,083,SOUTHWEST,70,1995,173900.0,176500.0,6434300.0,37.0,1
MINNESOTA,27,LYON,083,SOUTHWEST,70,1996,158900.0,161500.0,6356000.0,40.0,1
MINNESOTA,27,LYON,083,SOUTHWEST,70,1997,169600.0,172400.0,6275200.0,37.0,1
MINNESOTA,27,LYON,083,SOUTHWEST,70,1998,174600.0,176000.0,7682400.0,44.0,1
MINNESOTA,27,LYON,083,SOUTHWEST,70,1999,174600.0,176000.0,7507800.0,43.0,1
MINNESOTA,27,LYON,083,SOUTHWEST,70,2000,166300.0,169000.0,6652000.0,40.0,1
MINNESOTA,27,LYON,083,SOUTHWEST,70,2001,172300.0,173700.0,6892000.0,40.0,1
MINNESOTA,27,LYON,083,SOUTHWEST,70,2002,167000.0,168300.0,7348000.0,44.0,1
MINNESOTA,27,LYON,083,SOUTHWEST,70,2003,169200.0,170000.0,5752800.0,34.0,1
MINNESOTA,27,LYON,083,SOUTHWEST,70,2004,161200.0,161500.0,6125600.0,38.0,1
MINNESOTA,27,LYON,083,SOUTHWEST,70,2005,159000.0,161200.0,7473000.0,47.0,1
MINNESOTA,27,LYON,083,SOUTHWEST,70,2006,157900.0,159900.0,7895000.0,50.0,1
MINNESOTA,27,LYON,083,SOUTHWEST,70,2007,142200.0,143000.0,6683400.0,47.0,1
MINNESOTA,27,LYON,083,SOUTHWEST,70,2008,156600.0,158000.0,5805900.0,37.0,1
MINNESOTA,27,LYON,083,SOUTHWEST,70,2009,151300.0,153000.0,6167000.0,41.0,1
MINNESOTA,27,LYON,083,SOUTHWEST,70,2010,155500.0,158000.0,7498000.0,48.2,1
MINNESOTA,27,LYON,083,SOUTHWEST,70,2011,153300.0,156500.0,5397000.0,35.2,1
MINNESOTA,27,LYON,083,SOUTHWEST,70,2012,145600.0,146500.0,6185000.0,42.5,1
MINNESOTA,27,LYON,083,SOUTHWEST,70,2013,143600.0,145000.0,6585000.0,45.9,1
MINNESOTA,27,LYON,083,SOUTHWEST,70,2014,162900.0,165000.0,7235000.0,44.4,1
MINNESOTA,27,LYON,083,SOUTHWEST,70,2015,162500.0,163500.0,8888000.0,54.7,1
MINNESOTA,27,LYON,083,SOUTHWEST,70,2016,150600.0,151500.0,8870000.0,58.9,1
MINNESOTA,27,LYON,083,SOUTHWEST,70,2017,154600.0,156500.0,7775000.0,50.3,1
MINNESOTA,27,LYON,083,SOUTHWEST,70,2018,145200.0,150000.0,7816000.0,53.8,1
MINNESOTA,27,LYON,083,SOUTHWEST,70,2019,117200.0,118000.0,5619000.0,47.9,1
MINNESOTA,27,LYON,083,SOUTHWEST,70,2020,142800.0,144000.0,7683000.0,53.8,1
MINNESOTA,27,LYON,083,SOUTHWEST,70,2021,151300.0,152500.0,6824000.0,45.1,1
MINNESOTA,27,MAHNOMEN,087,NORTHWEST,10,1980,500.0,500.0,8900.0,18.0,1
MINNESOTA,27,MAHNOMEN,087,NORTHWEST,10,1981,900.0,900.0,24300.0,27.0,1
MINNESOTA,27,MAHNOMEN,087,NORTHWEST,10,1982,2000.0,2000.0,40000.0,20.0,1
MINNESOTA,27,MAHNOMEN,087,NORTHWEST,10,1983,3900.0,4000.0,97500.0,25.0,1
MINNESOTA,27,MAHNOMEN,087,NORTHWEST,10,1984,10900.0,11000.0,272500.0,25.0,1
MINNESOTA,27,MAHNOMEN,087,NORTHWEST,10,1985,11100.0,13500.0,111000.0,10.0,1
MINNESOTA,27,MAHNOMEN,087,NORTHWEST,10,1986,23000.0,23300.0,598000.0,26.0,1
MINNESOTA,27,MAHNOMEN,087,NORTHWEST,10,1987,12000.0,12000.0,372000.0,31.0,1
MINNESOTA,27,MAHNOMEN,087,NORTHWEST,10,1988,16300.0,16500.0,407500.0,25.0,1
MINNESOTA,27,MAHNOMEN,087,NORTHWEST,10,1989,14900.0,15200.0,357600.0,24.0,1
MINNESOTA,27,MAHNOMEN,087,NORTHWEST,10,1990,9900.0,10300.0,247500.0,25.0,1
MINNESOTA,27,MAHNOMEN,087,NORTHWEST,10,1991,9500.0,9700.0,342000.0,36.0,1
MINNESOTA,27,MAHNOMEN,087,NORTHWEST,10,1992,11900.0,12700.0,261800.0,22.0,1
MINNESOTA,27,MAHNOMEN,087,NORTHWEST,10,1993,10500.0,10600.0,199500.0,19.0,1
MINNESOTA,27,MAHNOMEN,087,NORTHWEST,10,1994,10500.0,11100.0,325500.0,31.0,1
MINNESOTA,27,MAHNOMEN,087,NORTHWEST,10,1995,12600.0,13500.0,390600.0,31.0,1
MINNESOTA,27,MAHNOMEN,087,NORTHWEST,10,1996,24300.0,24500.0,826200.0,34.0,1
MINNESOTA,27,MAHNOMEN,087,NORTHWEST,10,1997,34300.0,34700.0,1131900.0,33.0,1
MINNESOTA,27,MAHNOMEN,087,NORTHWEST,10,1998,37100.0,37900.0,1261400.0,34.0,1
MINNESOTA,27,MAHNOMEN,087,NORTHWEST,10,1999,39100.0,39900.0,1094800.0,28.0,1
MINNESOTA,27,MAHNOMEN,087,NORTHWEST,10,2000,47400.0,48000.0,1611600.0,34.0,1
MINNESOTA,27,MAHNOMEN,087,NORTHWEST,10,2001,45800.0,46200.0,1603000.0,35.0,1
MINNESOTA,27,MAHNOMEN,087,NORTHWEST,10,2002,46400.0,49700.0,1345600.0,29.0,1
MINNESOTA,27,MAHNOMEN,087,NORTHWEST,10,2003,55500.0,55700.0,1609500.0,29.0,1
MINNESOTA,27,MAHNOMEN,087,NORTHWEST,10,2004,54000.0,60500.0,594000.0,11.0,1
MINNESOTA,27,MAHNOMEN,087,NORTHWEST,10,2005,47800.0,48800.0,1434000.0,30.0,1
MINNESOTA,27,MAHNOMEN,087,NORTHWEST,10,2006,54000.0,55000.0,1944000.0,36.0,1
MINNESOTA,27,MAHNOMEN,087,NORTHWEST,10,2007,50800.0,51100.0,1778000.0,35.0,1
MINNESOTA,27,MAHNOMEN,087,NORTHWEST,10,2008,60000.0,61000.0,1848300.0,31.0,1
MINNESOTA,27,MAHNOMEN,087,NORTHWEST,10,2009,69500.0,70300.0,1744000.0,25.0,1
MINNESOTA,27,MAHNOMEN,087,NORTHWEST,10,2010,66200.0,70600.0,2180000.0,32.9,1
MINNESOTA,27,MAHNOMEN,087,NORTHWEST,10,2011,66500.0,67100.0,2102000.0,31.6,1
MINNESOTA,27,MAHNOMEN,087,NORTHWEST,10,2013,67200.0,67900.0,2307000.0,34.3,1
MINNESOTA,27,MAHNOMEN,087,NORTHWEST,10,2014,80200.0,80800.0,2634000.0,32.8,1
MINNESOTA,27,MAHNOMEN,087,NORTHWEST,10,2015,63600.0,64000.0,2365000.0,37.2,1
MINNESOTA,27,MAHNOMEN,087,NORTHWEST,10,2016,65600.0,66000.0,2918000.0,44.5,1
MINNESOTA,27,MAHNOMEN,087,NORTHWEST,10,2017,69500.0,70800.0,2600000.0,37.4,1
MINNESOTA,27,MAHNOMEN,087,NORTHWEST,10,2020,52400.0,52900.0,2028000.0,38.7,1
MINNESOTA,27,MAHNOMEN,087,NORTHWEST,10,2022,56600.0,57100.0,2513000.0,44.4,1
MINNESOTA,27,MAHNOMEN,087,NORTHWEST,10,2023,56300.0,56800.0,2229000.0,39.6,1
MINNESOTA,27,MAHNOMEN,087,NORTHWEST,10,2024,52600.0,54600.0,1951000.0,37.1,1
MINNESOTA,27,MAHNOMEN,087,NORTHWEST,10,2025,49500.0,50000.0,1990000.0,40.2,1
MINNESOTA,27,MARSHALL,089,NORTHWEST,10,1980,4800.0,6300.0,85000.0,18.0,1
MINNESOTA,27,MARSHALL,089,NORTHWEST,10,1981,12100.0,12800.0,399300.0,33.0,1
MINNESOTA,27,MARSHALL,089,NORTHWEST,10,1982,24500.0,29800.0,392000.0,13.2,1
MINNESOTA,27,MARSHALL,089,NORTHWEST,10,1983,36600.0,36800.0,951600.0,26.0,1
MINNESOTA,27,MARSHALL,089,NORTHWEST,10,1984,44600.0,44900.0,1070400.0,24.0,1
MINNESOTA,27,MARSHALL,089,NORTHWEST,10,1985,31500.0,33200.0,630000.0,20.0,1
MINNESOTA,27,MARSHALL,089,NORTHWEST,10,1986,25000.0,25200.0,675000.0,27.0,1
MINNESOTA,27,MARSHALL,089,NORTHWEST,10,1987,19200.0,19400.0,480000.0,25.0,1
MINNESOTA,27,MARSHALL,089,NORTHWEST,10,1988,19000.0,19500.0,209000.0,11.0,1
MINNESOTA,27,MARSHALL,089,NORTHWEST,10,1989,16100.0,16600.0,225400.0,14.0,1
MINNESOTA,27,MARSHALL,089,NORTHWEST,10,1990,3900.0,4100.0,50700.0,12.4,1
MINNESOTA,27,MARSHALL,089,NORTHWEST,10,1991,4900.0,5000.0,166600.0,34.0,1
MINNESOTA,27,MARSHALL,089,NORTHWEST,10,1992,7200.0,8100.0,136800.0,19.0,1
MINNESOTA,27,MARSHALL,089,NORTHWEST,10,1993,4000.0,5000.0,96000.0,24.0,1
MINNESOTA,27,MARSHALL,089,NORTHWEST,10,1994,5000.0,5300.0,155000.0,31.0,1
MINNESOTA,27,MARSHALL,089,NORTHWEST,10,1995,6300.0,6300.0,170100.0,27.0,1
MINNESOTA,27,MARSHALL,089,NORTHWEST,10,1996,12700.0,12800.0,368300.0,29.0,1
MINNESOTA,27,MARSHALL,089,NORTHWEST,10,1997,38900.0,39600.0,1244800.0,32.0,1
MINNESOTA,27,MARSHALL,089,NORTHWEST,10,1998,81600.0,88300.0,2366400.0,29.0,1
MINNESOTA,27,MARSHALL,089,NORTHWEST,10,1999,55200.0,60000.0,1269600.0,23.0,1
MINNESOTA,27,MARSHALL,089,NORTHWEST,10,2000,117300.0,120000.0,3636300.0,31.0,1
MINNESOTA,27,MARSHALL,089,NORTHWEST,10,2001,75700.0,77500.0,2422400.0,32.0,1
MINNESOTA,27,MARSHALL,089,NORTHWEST,10,2002,121900.0,126900.0,4144600.0,34.0,1
MINNESOTA,27,MARSHALL,089,NORTHWEST,10,2003,166800.0,167400.0,4670400.0,28.0,1
MINNESOTA,27,MARSHALL,089,NORTHWEST,10,2004,105100.0,176100.0,735700.0,7.0,1
MINNESOTA,27,MARSHALL,089,NORTHWEST,10,2005,118800.0,126500.0,3326400.0,28.0,1
MINNESOTA,27,MARSHALL,089,NORTHWEST,10,2006,210400.0,212700.0,5470400.0,26.0,1
MINNESOTA,27,MARSHALL,089,NORTHWEST,10,2007,159200.0,160500.0,5890400.0,37.0,1
MINNESOTA,27,MARSHALL,089,NORTHWEST,10,2008,172000.0,174000.0,4672200.0,27.0,1
MINNESOTA,27,MARSHALL,089,NORTHWEST,10,2009,195500.0,197500.0,5203000.0,26.5,1
MINNESOTA,27,MARSHALL,089,NORTHWEST,10,2010,204000.0,207000.0,6457000.0,31.7,1
MINNESOTA,27,MARSHALL,089,NORTHWEST,10,2011,206500.0,208000.0,6597000.0,31.9,1
MINNESOTA,27,MARSHALL,089,NORTHWEST,10,2012,232500.0,234000.0,8417000.0,36.2,1
MINNESOTA,27,MARSHALL,089,NORTHWEST,10,2013,234500.0,237000.0,8317000.0,35.5,1
MINNESOTA,27,MARSHALL,089,NORTHWEST,10,2014,245500.0,248000.0,7094000.0,28.9,1
MINNESOTA,27,MARSHALL,089,NORTHWEST,10,2015,247500.0,250000.0,8030000.0,32.4,1
MINNESOTA,27,MARSHALL,089,NORTHWEST,10,2016,293500.0,295000.0,10528000.0,35.9,1
MINNESOTA,27,MARSHALL,089,NORTHWEST,10,2017,311000.0,314000.0,9228000.0,29.7,1
MINNESOTA,27,MARSHALL,089,NORTHWEST,10,2018,256000.0,259000.0,8712000.0,34.0,1
MINNESOTA,27,MARSHALL,089,NORTHWEST,10,2019,244000.0,252500.0,8266000.0,33.9,1
MINNESOTA,27,MARSHALL,089,NORTHWEST,10,2020,250500.0,254000.0,8041000.0,32.1,1
MINNESOTA,27,MARSHALL,089,NORTHWEST,10,2021,276000.0,278000.0,8197000.0,29.7,1
MINNESOTA,27,MARSHALL,089,NORTHWEST,10,2022,221000.0,223000.0,8221000.0,37.2,1
MINNESOTA,27,MARSHALL,089,NORTHWEST,10,2023,237000.0,239000.0,9172000.0,38.7,1
MINNESOTA,27,MARSHALL,089,NORTHWEST,10,2024,251500.0,254000.0,9708000.0,38.6,1
MINNESOTA,27,MARSHALL,089,NORTHWEST,10,2025,251500.0,254000.0,10337000.0,41.1,1
MINNESOTA,27,MARTIN,091,SOUTH CENTRAL,80,1980,193000.0,193600.0,7409400.0,38.0,1
MINNESOTA,27,MARTIN,091,SOUTH CENTRAL,80,1981,189100.0,190500.0,6597900.0,34.9,1
MINNESOTA,27,MARTIN,091,SOUTH CENTRAL,80,1982,185300.0,190400.0,7180600.0,38.8,1
MINNESOTA,27,MARTIN,091,SOUTH CENTRAL,80,1983,176800.0,178000.0,6188000.0,35.0,1
MINNESOTA,27,MARTIN,091,SOUTH CENTRAL,80,1984,182800.0,183100.0,6946400.0,38.0,1
MINNESOTA,27,MARTIN,091,SOUTH CENTRAL,80,1985,186300.0,188000.0,6706800.0,36.0,1
MINNESOTA,27,MARTIN,091,SOUTH CENTRAL,80,1986,176100.0,177800.0,7748400.0,44.0,1
MINNESOTA,27,MARTIN,091,SOUTH CENTRAL,80,1987,183400.0,186400.0,8069600.0,44.0,1
MINNESOTA,27,MARTIN,091,SOUTH CENTRAL,80,1988,185900.0,187900.0,6320600.0,34.0,1
MINNESOTA,27,MARTIN,091,SOUTH CENTRAL,80,1989,185400.0,186800.0,7972200.0,43.0,1
MINNESOTA,27,MARTIN,091,SOUTH CENTRAL,80,1990,169700.0,172200.0,7466800.0,44.0,1
MINNESOTA,27,MARTIN,091,SOUTH CENTRAL,80,1991,216800.0,223200.0,6504000.0,30.0,1
MINNESOTA,27,MARTIN,091,SOUTH CENTRAL,80,1992,176200.0,176700.0,6695600.0,38.0,1
MINNESOTA,27,MARTIN,091,SOUTH CENTRAL,80,1993,158200.0,174800.0,3480400.0,22.0,1
MINNESOTA,27,MARTIN,091,SOUTH CENTRAL,80,1994,189800.0,191700.0,8161400.0,43.0,1
MINNESOTA,27,MARTIN,091,SOUTH CENTRAL,80,1995,191500.0,195800.0,8809000.0,46.0,1
MINNESOTA,27,MARTIN,091,SOUTH CENTRAL,80,1996,182200.0,185100.0,7834600.0,43.0,1
MINNESOTA,27,MARTIN,091,SOUTH CENTRAL,80,1997,199300.0,199800.0,8769200.0,44.0,1
MINNESOTA,27,MARTIN,091,SOUTH CENTRAL,80,1998,193300.0,196000.0,9085100.0,47.0,1
MINNESOTA,27,MARTIN,091,SOUTH CENTRAL,80,1999,193200.0,196000.0,8114400.0,42.0,1
MINNESOTA,27,MARTIN,091,SOUTH CENTRAL,80,2000,186600.0,190300.0,8397000.0,45.0,1
MINNESOTA,27,MARTIN,091,SOUTH CENTRAL,80,2001,195300.0,199600.0,6835500.0,35.0,1
MINNESOTA,27,MARTIN,091,SOUTH CENTRAL,80,2002,183000.0,184400.0,8967000.0,49.0,1
MINNESOTA,27,MARTIN,091,SOUTH CENTRAL,80,2003,190500.0,191500.0,7048500.0,37.0,1
MINNESOTA,27,MARTIN,091,SOUTH CENTRAL,80,2004,183900.0,186200.0,7723800.0,42.0,1
MINNESOTA,27,MARTIN,091,SOUTH CENTRAL,80,2005,176500.0,178600.0,9001500.0,51.0,1
MINNESOTA,27,MARTIN,091,SOUTH CENTRAL,80,2006,180000.0,182200.0,9360000.0,52.0,1
MINNESOTA,27,MARTIN,091,SOUTH CENTRAL,80,2007,158300.0,159500.0,7756700.0,49.0,1
MINNESOTA,27,MARTIN,091,SOUTH CENTRAL,80,2008,169300.0,171000.0,7725900.0,45.5,1
MINNESOTA,27,MARTIN,091,SOUTH CENTRAL,80,2009,159500.0,161000.0,7969000.0,50.0,1
MINNESOTA,27,MARTIN,091,SOUTH CENTRAL,80,2010,160000.0,162500.0,7856000.0,49.1,1
MINNESOTA,27,MARTIN,091,SOUTH CENTRAL,80,2011,150600.0,151500.0,7305000.0,48.5,1
MINNESOTA,27,MARTIN,091,SOUTH CENTRAL,80,2012,149200.0,150000.0,7308000.0,49.0,1
MINNESOTA,27,MARTIN,091,SOUTH CENTRAL,80,2013,143100.0,144500.0,7229000.0,50.5,1
MINNESOTA,27,MARTIN,091,SOUTH CENTRAL,80,2014,154300.0,155500.0,7092000.0,46.0,1
MINNESOTA,27,MARTIN,091,SOUTH CENTRAL,80,2015,157600.0,158500.0,9728000.0,61.7,1
MINNESOTA,27,MARTIN,091,SOUTH CENTRAL,80,2016,148800.0,150000.0,9048000.0,60.8,1
MINNESOTA,27,MARTIN,091,SOUTH CENTRAL,80,2017,166500.0,167500.0,9922000.0,59.6,1
MINNESOTA,27,MARTIN,091,SOUTH CENTRAL,80,2018,159800.0,163000.0,7964000.0,49.8,1
MINNESOTA,27,MARTIN,091,SOUTH CENTRAL,80,2019,138000.0,139000.0,7433000.0,53.9,1
MINNESOTA,27,MARTIN,091,SOUTH CENTRAL,80,2020,153700.0,155000.0,9237000.0,60.1,1
MINNESOTA,27,MARTIN,091,SOUTH CENTRAL,80,2021,162100.0,163500.0,9726000.0,60.0,1
MINNESOTA,27,MARTIN,091,SOUTH CENTRAL,80,2022,165200.0,166500.0,10308000.0,62.4,1
MINNESOTA,27,MCLEOD,085,CENTRAL,50,1980,86700.0,86900.0,2901700.0,33.0,1
MINNESOTA,27,MCLEOD,085,CENTRAL,50,1981,69200.0,69600.0,2283600.0,33.0,1
MINNESOTA,27,MCLEOD,085,CENTRAL,50,1982,78400.0,80300.0,2900800.0,37.0,1
MINNESOTA,27,MCLEOD,085,CENTRAL,50,1983,76500.0,76900.0,2830500.0,37.0,1
MINNESOTA,27,MCLEOD,085,CENTRAL,50,1984,80800.0,83800.0,2989600.0,37.0,1
MINNESOTA,27,MCLEOD,085,CENTRAL,50,1985,80300.0,82500.0,2649900.0,33.0,1
MINNESOTA,27,MCLEOD,085,CENTRAL,50,1986,79600.0,80900.0,2547200.0,32.0,1
MINNESOTA,27,MCLEOD,085,CENTRAL,50,1987,68000.0,68500.0,2720000.0,40.0,1
MINNESOTA,27,MCLEOD,085,CENTRAL,50,1988,69900.0,71600.0,2027100.0,29.0,1
MINNESOTA,27,MCLEOD,085,CENTRAL,50,1989,71000.0,71300.0,2840000.0,40.0,1
MINNESOTA,27,MCLEOD,085,CENTRAL,50,1990,70300.0,71400.0,2671400.0,37.4,1
MINNESOTA,27,MCLEOD,085,CENTRAL,50,1991,80400.0,84500.0,3216000.0,40.0,1
MINNESOTA,27,MCLEOD,085,CENTRAL,50,1992,82900.0,85000.0,2735700.0,33.0,1
MINNESOTA,27,MCLEOD,085,CENTRAL,50,1993,83600.0,88300.0,2257200.0,27.0,1
MINNESOTA,27,MCLEOD,085,CENTRAL,50,1994,87600.0,90300.0,3679200.0,42.0,1
MINNESOTA,27,MCLEOD,085,CENTRAL,50,1995,91000.0,92000.0,4004000.0,44.0,1
MINNESOTA,27,MCLEOD,085,CENTRAL,50,1996,80400.0,81500.0,3055200.0,38.0,1
MINNESOTA,27,MCLEOD,085,CENTRAL,50,1997,91100.0,92000.0,3279600.0,36.0,1
MINNESOTA,27,MCLEOD,085,CENTRAL,50,1998,91200.0,92400.0,4286400.0,47.0,1
MINNESOTA,27,MCLEOD,085,CENTRAL,50,1999,95400.0,96300.0,4579200.0,48.0,1
MINNESOTA,27,MCLEOD,085,CENTRAL,50,2000,96800.0,98500.0,4452800.0,46.0,1
MINNESOTA,27,MCLEOD,085,CENTRAL,50,2001,101100.0,102000.0,3942900.0,39.0,1
MINNESOTA,27,MCLEOD,085,CENTRAL,50,2002,95800.0,97500.0,4215200.0,44.0,1
MINNESOTA,27,MCLEOD,085,CENTRAL,50,2003,93900.0,94300.0,2629200.0,28.0,1
MINNESOTA,27,MCLEOD,085,CENTRAL,50,2004,87900.0,89600.0,2988600.0,34.0,1
MINNESOTA,27,MCLEOD,085,CENTRAL,50,2005,82100.0,83300.0,3776600.0,46.0,1
MINNESOTA,27,MCLEOD,085,CENTRAL,50,2006,81800.0,82800.0,4253600.0,52.0,1
MINNESOTA,27,MCLEOD,085,CENTRAL,50,2007,70300.0,70700.0,3163500.0,45.0,1
MINNESOTA,27,MCLEOD,085,CENTRAL,50,2008,83000.0,83500.0,3616100.0,43.5,1
MINNESOTA,27,MCLEOD,085,CENTRAL,50,2009,86000.0,87000.0,3760000.0,43.5,1
MINNESOTA,27,MCLEOD,085,CENTRAL,50,2010,91700.0,92500.0,4481000.0,48.9,1
MINNESOTA,27,MCLEOD,085,CENTRAL,50,2011,85800.0,86800.0,3040000.0,35.4,1
MINNESOTA,27,MCLEOD,085,CENTRAL,50,2012,80800.0,81700.0,3850000.0,47.6,1
MINNESOTA,27,MCLEOD,085,CENTRAL,50,2013,72800.0,74700.0,3151000.0,43.3,1
MINNESOTA,27,MCLEOD,085,CENTRAL,50,2014,65200.0,67400.0,2128000.0,32.6,1
MINNESOTA,27,MCLEOD,085,CENTRAL,50,2015,83200.0,83900.0,4366000.0,52.5,1
MINNESOTA,27,MCLEOD,085,CENTRAL,50,2016,82400.0,83000.0,4240000.0,51.5,1
MINNESOTA,27,MCLEOD,085,CENTRAL,50,2017,92200.0,93400.0,4511000.0,48.9,1
MINNESOTA,27,MCLEOD,085,CENTRAL,50,2018,93000.0,94000.0,4681000.0,50.3,1
MINNESOTA,27,MCLEOD,085,CENTRAL,50,2019,80200.0,81000.0,3832000.0,47.8,1
MINNESOTA,27,MCLEOD,085,CENTRAL,50,2020,87900.0,88600.0,4720000.0,53.7,1
MINNESOTA,27,MCLEOD,085,CENTRAL,50,2021,86900.0,87700.0,4614000.0,53.1,1
MINNESOTA,27,MCLEOD,085,CENTRAL,50,2022,91900.0,92600.0,4990000.0,54.3,1
MINNESOTA,27,MCLEOD,085,CENTRAL,50,2023,88400.0,89200.0,4279000.0,48.4,1
MINNESOTA,27,MCLEOD,085,CENTRAL,50,2024,90300.0,91100.0,3928000.0,43.5,1
MINNESOTA,27,MCLEOD,085,CENTRAL,50,2025,86300.0,87200.0,4824000.0,55.9,1
MINNESOTA,27,MEEKER,093,CENTRAL,50,1980,80500.0,80900.0,2535800.0,32.0,1
MINNESOTA,27,MEEKER,093,CENTRAL,50,1981,70400.0,72000.0,2534400.0,36.0,1
MINNESOTA,27,MEEKER,093,CENTRAL,50,1982,74700.0,76300.0,2614500.0,35.0,1
MINNESOTA,27,MEEKER,093,CENTRAL,50,1983,67800.0,68900.0,2101800.0,31.0,1
MINNESOTA,27,MEEKER,093,CENTRAL,50,1984,75300.0,79700.0,2259000.0,30.0,1
MINNESOTA,27,MEEKER,093,CENTRAL,50,1985,82100.0,83500.0,2380900.0,29.0,1
MINNESOTA,27,MEEKER,093,CENTRAL,50,1986,62400.0,73800.0,1872000.0,30.0,1
MINNESOTA,27,MEEKER,093,CENTRAL,50,1987,60500.0,61000.0,2299000.0,38.0,1
MINNESOTA,27,MEEKER,093,CENTRAL,50,1988,64400.0,66100.0,1416800.0,22.0,1
MINNESOTA,27,MEEKER,093,CENTRAL,50,1989,73200.0,73500.0,2635200.0,36.0,1
MINNESOTA,27,MEEKER,093,CENTRAL,50,1990,67000.0,68400.0,2546000.0,38.0,1
MINNESOTA,27,MEEKER,093,CENTRAL,50,1991,82100.0,83700.0,3119800.0,38.0,1
MINNESOTA,27,MEEKER,093,CENTRAL,50,1992,88900.0,89200.0,2489200.0,28.0,1
MINNESOTA,27,MEEKER,093,CENTRAL,50,1993,87300.0,90700.0,2182500.0,25.0,1
MINNESOTA,27,MEEKER,093,CENTRAL,50,1994,96600.0,98600.0,4250400.0,44.0,1
MINNESOTA,27,MEEKER,093,CENTRAL,50,1995,94000.0,95200.0,3666000.0,39.0,1
MINNESOTA,27,MEEKER,093,CENTRAL,50,1996,97200.0,98400.0,3402000.0,35.0,1
MINNESOTA,27,MEEKER,093,CENTRAL,50,1997,107600.0,108900.0,3766000.0,35.0,1
MINNESOTA,27,MEEKER,093,CENTRAL,50,1998,109700.0,111000.0,4278300.0,39.0,1
MINNESOTA,27,MEEKER,093,CENTRAL,50,1999,115800.0,116900.0,4979400.0,43.0,1
MINNESOTA,27,MEEKER,093,CENTRAL,50,2000,115500.0,117500.0,4620000.0,40.0,1
MINNESOTA,27,MEEKER,093,CENTRAL,50,2001,120700.0,121700.0,4224500.0,35.0,1
MINNESOTA,27,MEEKER,093,CENTRAL,50,2002,111800.0,113500.0,4919200.0,44.0,1
MINNESOTA,27,MEEKER,093,CENTRAL,50,2003,116100.0,117000.0,2902500.0,25.0,1
MINNESOTA,27,MEEKER,093,CENTRAL,50,2004,106900.0,107200.0,3634600.0,34.0,1
MINNESOTA,27,MEEKER,093,CENTRAL,50,2005,105200.0,106600.0,4208000.0,40.0,1
MINNESOTA,27,MEEKER,093,CENTRAL,50,2006,102100.0,103400.0,4390300.0,43.0,1
MINNESOTA,27,MEEKER,093,CENTRAL,50,2007,91500.0,91900.0,3385500.0,37.0,1
MINNESOTA,27,MEEKER,093,CENTRAL,50,2008,93900.0,98500.0,3848600.0,41.0,1
MINNESOTA,27,MEEKER,093,CENTRAL,50,2009,103600.0,104500.0,4383000.0,42.5,1
MINNESOTA,27,MEEKER,093,CENTRAL,50,2010,104400.0,105500.0,5059000.0,48.5,1
MINNESOTA,27,MEEKER,093,CENTRAL,50,2011,100400.0,102000.0,3480000.0,34.7,1
MINNESOTA,27,MEEKER,093,CENTRAL,50,2012,92500.0,93100.0,4138000.0,44.7,1
MINNESOTA,27,MEEKER,093,CENTRAL,50,2013,88400.0,89300.0,3860000.0,43.7,1
MINNESOTA,27,MEEKER,093,CENTRAL,50,2014,92400.0,93400.0,3593000.0,38.9,1
MINNESOTA,27,MEEKER,093,CENTRAL,50,2015,93500.0,94100.0,4764000.0,51.0,1
MINNESOTA,27,MEEKER,093,CENTRAL,50,2016,89700.0,90700.0,4329000.0,48.3,1
MINNESOTA,27,MEEKER,093,CENTRAL,50,2017,101400.0,102000.0,4716000.0,46.5,1
MINNESOTA,27,MEEKER,093,CENTRAL,50,2020,100600.0,101500.0,5151000.0,51.2,1
MINNESOTA,27,MEEKER,093,CENTRAL,50,2021,93700.0,94300.0,4235000.0,45.2,1
MINNESOTA,27,MEEKER,093,CENTRAL,50,2022,99200.0,100000.0,4682000.0,47.2,1
MINNESOTA,27,MEEKER,093,CENTRAL,50,2023,95000.0,95900.0,4911000.0,51.7,1
MINNESOTA,27,MEEKER,093,CENTRAL,50,2025,92000.0,93000.0,4720000.0,51.3,1
MINNESOTA,27,MILLE LACS,095,EAST CENTRAL,60,1980,5000.0,5300.0,132900.0,27.0,1
MINNESOTA,27,MILLE LACS,095,EAST CENTRAL,60,1981,3100.0,3300.0,77500.0,25.0,1
MINNESOTA,27,MILLE LACS,095,EAST CENTRAL,60,1982,3600.0,4100.0,97200.0,23.7,1
MINNESOTA,27,MILLE LACS,095,EAST CENTRAL,60,1983,3000.0,3400.0,90000.0,26.5,1
MINNESOTA,27,MILLE LACS,095,EAST CENTRAL,60,1984,4500.0,4600.0,112500.0,25.0,1
MINNESOTA,27,MILLE LACS,095,EAST CENTRAL,60,1985,3200.0,3300.0,86400.0,27.0,1
MINNESOTA,27,MILLE LACS,095,EAST CENTRAL,60,1986,2800.0,2800.0,81200.0,29.0,1
MINNESOTA,27,MILLE LACS,095,EAST CENTRAL,60,1987,3700.0,3900.0,122100.0,33.0,1
MINNESOTA,27,MILLE LACS,095,EAST CENTRAL,60,1988,4300.0,4500.0,81700.0,19.0,1
MINNESOTA,27,MILLE LACS,095,EAST CENTRAL,60,1989,4900.0,5100.0,117600.0,24.0,1
MINNESOTA,27,MILLE LACS,095,EAST CENTRAL,60,1990,4700.0,4900.0,141000.0,30.0,1
MINNESOTA,27,MILLE LACS,095,EAST CENTRAL,60,1991,5700.0,6200.0,182400.0,32.0,1
MINNESOTA,27,MILLE LACS,095,EAST CENTRAL,60,1992,6400.0,7500.0,115200.0,18.0,1
MINNESOTA,27,MILLE LACS,095,EAST CENTRAL,60,1993,6700.0,7000.0,167500.0,25.0,1
MINNESOTA,27,MILLE LACS,095,EAST CENTRAL,60,1994,7900.0,8000.0,221200.0,28.0,1
MINNESOTA,27,MILLE LACS,095,EAST CENTRAL,60,1995,7300.0,7500.0,240900.0,33.0,1
MINNESOTA,27,MILLE LACS,095,EAST CENTRAL,60,1996,7500.0,7700.0,217500.0,29.0,1
MINNESOTA,27,MILLE LACS,095,EAST CENTRAL,60,1997,7600.0,8100.0,243200.0,32.0,1
MINNESOTA,27,MILLE LACS,095,EAST CENTRAL,60,1998,8400.0,8500.0,243600.0,29.0,1
MINNESOTA,27,MILLE LACS,095,EAST CENTRAL,60,1999,9600.0,9800.0,355200.0,37.0,1
MINNESOTA,27,MILLE LACS,095,EAST CENTRAL,60,2000,11900.0,12100.0,404600.0,34.0,1
MINNESOTA,27,MILLE LACS,095,EAST CENTRAL,60,2001,13300.0,13400.0,425600.0,32.0,1
MINNESOTA,27,MILLE LACS,095,EAST CENTRAL,60,2002,12200.0,12300.0,512400.0,42.0,1
MINNESOTA,27,MILLE LACS,095,EAST CENTRAL,60,2003,12700.0,12800.0,254000.0,20.0,1
MINNESOTA,27,MILLE LACS,095,EAST CENTRAL,60,2004,12900.0,13100.0,374100.0,29.0,1
MINNESOTA,27,MILLE LACS,095,EAST CENTRAL,60,2005,14400.0,14600.0,446400.0,31.0,1
MINNESOTA,27,MILLE LACS,095,EAST CENTRAL,60,2006,15400.0,15700.0,631400.0,41.0,1
MINNESOTA,27,MILLE LACS,095,EAST CENTRAL,60,2007,13400.0,14200.0,268000.0,20.0,1
MINNESOTA,27,MILLE LACS,095,EAST CENTRAL,60,2008,15900.0,16100.0,405700.0,25.5,1
MINNESOTA,27,MILLE LACS,095,EAST CENTRAL,60,2009,16400.0,16500.0,611000.0,37.5,1
MINNESOTA,27,MILLE LACS,095,EAST CENTRAL,60,2010,16600.0,16700.0,705000.0,42.5,1
MINNESOTA,27,MILLE LACS,095,EAST CENTRAL,60,2011,17600.0,17900.0,531000.0,30.2,1
MINNESOTA,27,MILLE LACS,095,EAST CENTRAL,60,2012,16900.0,17000.0,617000.0,36.5,1
MINNESOTA,27,MILLE LACS,095,EAST CENTRAL,60,2013,15900.0,16100.0,441000.0,27.7,1
MINNESOTA,27,MILLE LACS,095,EAST CENTRAL,60,2014,7400.0,8900.0,197000.0,26.6,1
MINNESOTA,27,MILLE LACS,095,EAST CENTRAL,60,2015,17200.0,17300.0,830000.0,48.3,1
MINNESOTA,27,MILLE LACS,095,EAST CENTRAL,60,2016,18000.0,18200.0,889000.0,49.4,1
MINNESOTA,27,MILLE LACS,095,EAST CENTRAL,60,2017,20100.0,20300.0,731000.0,36.4,1
MINNESOTA,27,MILLE LACS,095,EAST CENTRAL,60,2019,13300.0,13500.0,447000.0,33.6,1
MINNESOTA,27,MILLE LACS,095,EAST CENTRAL,60,2020,17700.0,17900.0,740000.0,41.8,1
MINNESOTA,27,MILLE LACS,095,EAST CENTRAL,60,2021,18400.0,18600.0,696000.0,37.8,1
MINNESOTA,27,MILLE LACS,095,EAST CENTRAL,60,2022,18300.0,18400.0,741000.0,40.5,1
MINNESOTA,27,MILLE LACS,095,EAST CENTRAL,60,2023,18400.0,18700.0,618000.0,33.6,1
MINNESOTA,27,MILLE LACS,095,EAST CENTRAL,60,2024,15700.0,16000.0,636000.0,40.5,1
MINNESOTA,27,MILLE LACS,095,EAST CENTRAL,60,2025,18100.0,18300.0,860000.0,47.5,1
MINNESOTA,27,MORRISON,097,CENTRAL,50,1980,2500.0,3000.0,41800.0,17.0,1
MINNESOTA,27,MORRISON,097,CENTRAL,50,1981,4000.0,4100.0,112000.0,28.0,1
MINNESOTA,27,MORRISON,097,CENTRAL,50,1982,4500.0,4600.0,90000.0,20.0,1
MINNESOTA,27,MORRISON,097,CENTRAL,50,1983,4900.0,5000.0,142100.0,28.4,1
MINNESOTA,27,MORRISON,097,CENTRAL,50,1984,5900.0,6000.0,147500.0,25.0,1
MINNESOTA,27,MORRISON,097,CENTRAL,50,1985,4100.0,4200.0,118900.0,29.0,1
MINNESOTA,27,MORRISON,097,CENTRAL,50,1986,4800.0,4800.0,139200.0,29.0,1
MINNESOTA,27,MORRISON,097,CENTRAL,50,1987,4000.0,4100.0,112000.0,20.0,1
MINNESOTA,27,MORRISON,097,CENTRAL,50,1988,5600.0,5800.0,112000.0,20.0,1
MINNESOTA,27,MORRISON,097,CENTRAL,50,1997,6400.0,6600.0,230400.0,36.0,1
MINNESOTA,27,MORRISON,097,CENTRAL,50,1998,8400.0,8800.0,218400.0,26.0,1
MINNESOTA,27,MORRISON,097,CENTRAL,50,1999,11600.0,12000.0,464000.0,40.0,1
MINNESOTA,27,MORRISON,097,CENTRAL,50,2000,14900.0,15200.0,506600.0,34.0,1
MINNESOTA,27,MORRISON,097,CENTRAL,50,2001,15900.0,16200.0,397500.0,25.0,1
MINNESOTA,27,MORRISON,097,CENTRAL,50,2002,16300.0,16900.0,700900.0,43.0,1
MINNESOTA,27,MORRISON,097,CENTRAL,50,2003,22400.0,22500.0,515200.0,23.0,1
MINNESOTA,27,MORRISON,097,CENTRAL,50,2004,25800.0,26200.0,696600.0,27.0,1
MINNESOTA,27,MORRISON,097,CENTRAL,50,2005,21700.0,21900.0,737800.0,34.0,1
MINNESOTA,27,MORRISON,097,CENTRAL,50,2006,23200.0,23700.0,742400.0,32.0,1
MINNESOTA,27,MORRISON,097,CENTRAL,50,2007,18300.0,21500.0,311100.0,17.0,1
MINNESOTA,27,MORRISON,097,CENTRAL,50,2008,21600.0,22000.0,613600.0,28.5,1
MINNESOTA,27,MORRISON,097,CENTRAL,50,2009,22100.0,22300.0,813000.0,37.0,1
MINNESOTA,27,MORRISON,097,CENTRAL,50,2010,25400.0,25500.0,1163000.0,45.8,1
MINNESOTA,27,MORRISON,097,CENTRAL,50,2011,27600.0,27800.0,1025000.0,37.1,1
MINNESOTA,27,MORRISON,097,CENTRAL,50,2012,28600.0,28800.0,1108000.0,38.7,1
MINNESOTA,27,MORRISON,097,CENTRAL,50,2013,25900.0,26700.0,546000.0,21.1,1
MINNESOTA,27,MORRISON,097,CENTRAL,50,2014,24100.0,24600.0,863000.0,35.8,1
MINNESOTA,27,MORRISON,097,CENTRAL,50,2015,29200.0,29400.0,1488000.0,51.0,1
MINNESOTA,27,MORRISON,097,CENTRAL,50,2016,33300.0,33600.0,1677000.0,50.4,1
MINNESOTA,27,MORRISON,097,CENTRAL,50,2017,39000.0,39300.0,1570000.0,40.3,1
MINNESOTA,27,MORRISON,097,CENTRAL,50,2018,37600.0,39000.0,1678000.0,44.6,1
MINNESOTA,27,MORRISON,097,CENTRAL,50,2019,31900.0,32900.0,1293000.0,40.5,1
MINNESOTA,27,MORRISON,097,CENTRAL,50,2020,33800.0,34100.0,1754000.0,51.9,1
MINNESOTA,27,MORRISON,097,CENTRAL,50,2021,35800.0,36200.0,1103000.0,30.8,1
MINNESOTA,27,MORRISON,097,CENTRAL,50,2022,34500.0,34800.0,1774000.0,51.4,1
MINNESOTA,27,MORRISON,097,CENTRAL,50,2023,35000.0,35400.0,1337000.0,38.2,1
MINNESOTA,27,MORRISON,097,CENTRAL,50,2024,35700.0,36000.0,1706000.0,47.8,1
MINNESOTA,27,MOWER,099,SOUTHEAST,90,1980,145000.0,146500.0,4139300.0,29.0,1
MINNESOTA,27,MOWER,099,SOUTHEAST,90,1981,124600.0,125100.0,4485600.0,36.0,1
MINNESOTA,27,MOWER,099,SOUTHEAST,90,1982,149800.0,152500.0,5243000.0,34.4,1
MINNESOTA,27,MOWER,099,SOUTHEAST,90,1983,133000.0,133800.0,4256000.0,32.0,1
MINNESOTA,27,MOWER,099,SOUTHEAST,90,1984,160100.0,160400.0,4963100.0,31.0,1
MINNESOTA,27,MOWER,099,SOUTHEAST,90,1985,137000.0,140700.0,3973000.0,29.0,1
MINNESOTA,27,MOWER,099,SOUTHEAST,90,1986,136600.0,137700.0,4917600.0,36.0,1
MINNESOTA,27,MOWER,099,SOUTHEAST,90,1987,125400.0,127600.0,5392200.0,43.0,1
MINNESOTA,27,MOWER,099,SOUTHEAST,90,1988,128700.0,130800.0,4375800.0,34.0,1
MINNESOTA,27,MOWER,099,SOUTHEAST,90,1989,134800.0,135000.0,5526800.0,41.0,1
MINNESOTA,27,MOWER,099,SOUTHEAST,90,1990,127200.0,129600.0,4833600.0,38.0,1
MINNESOTA,27,MOWER,099,SOUTHEAST,90,1991,150000.0,152900.0,6000000.0,40.0,1
MINNESOTA,27,MOWER,099,SOUTHEAST,90,1992,144200.0,144800.0,5047000.0,35.0,1
MINNESOTA,27,MOWER,099,SOUTHEAST,90,1993,155700.0,158100.0,4203900.0,27.0,1
MINNESOTA,27,MOWER,099,SOUTHEAST,90,1994,151700.0,154800.0,6674800.0,44.0,1
MINNESOTA,27,MOWER,099,SOUTHEAST,90,1995,157400.0,158300.0,7397800.0,47.0,1
MINNESOTA,27,MOWER,099,SOUTHEAST,90,1996,155000.0,156900.0,6355000.0,41.0,1
MINNESOTA,27,MOWER,099,SOUTHEAST,90,1997,176300.0,176900.0,7757200.0,44.0,1
MINNESOTA,27,MOWER,099,SOUTHEAST,90,1998,166400.0,167800.0,8153600.0,49.0,1
MINNESOTA,27,MOWER,099,SOUTHEAST,90,1999,176400.0,178200.0,7232400.0,41.0,1
MINNESOTA,27,MOWER,099,SOUTHEAST,90,2000,166100.0,169500.0,7474500.0,45.0,1
MINNESOTA,27,MOWER,099,SOUTHEAST,90,2001,179800.0,181400.0,6652600.0,37.0,1
MINNESOTA,27,MOWER,099,SOUTHEAST,90,2002,164700.0,165900.0,8564400.0,52.0,1
MINNESOTA,27,MOWER,099,SOUTHEAST,90,2003,176600.0,177200.0,5298000.0,30.0,1
MINNESOTA,27,MOWER,099,SOUTHEAST,90,2004,160100.0,162600.0,6404000.0,40.0,1
MINNESOTA,27,MOWER,099,SOUTHEAST,90,2005,168600.0,170500.0,9104400.0,54.0,1
MINNESOTA,27,MOWER,099,SOUTHEAST,90,2006,166700.0,168800.0,8668400.0,52.0,1
MINNESOTA,27,MOWER,099,SOUTHEAST,90,2007,146500.0,147000.0,7471500.0,51.0,1
MINNESOTA,27,MOWER,099,SOUTHEAST,90,2008,160500.0,161500.0,6564600.0,41.0,1
MINNESOTA,27,MOWER,099,SOUTHEAST,90,2009,161400.0,163000.0,6788000.0,42.0,1
MINNESOTA,27,MOWER,099,SOUTHEAST,90,2010,154700.0,156000.0,7873000.0,50.9,1
MINNESOTA,27,MOWER,099,SOUTHEAST,90,2011,147500.0,148500.0,6993000.0,47.4,1
MINNESOTA,27,MOWER,099,SOUTHEAST,90,2012,136500.0,137000.0,6228000.0,45.6,1
MINNESOTA,27,MOWER,099,SOUTHEAST,90,2013,120600.0,121500.0,5061000.0,42.0,1
MINNESOTA,27,MOWER,099,SOUTHEAST,90,2014,140100.0,141000.0,6610000.0,47.2,1
MINNESOTA,27,MOWER,099,SOUTHEAST,90,2015,160400.0,161500.0,9343000.0,58.2,1
MINNESOTA,27,MOWER,099,SOUTHEAST,90,2016,145200.0,146000.0,8448000.0,58.2,1
MINNESOTA,27,MOWER,099,SOUTHEAST,90,2017,162000.0,163000.0,9011000.0,55.6,1
MINNESOTA,27,MOWER,099,SOUTHEAST,90,2018,154700.0,156000.0,8747000.0,56.5,1
MINNESOTA,27,MOWER,099,SOUTHEAST,90,2019,145400.0,146500.0,7232000.0,49.7,1
MINNESOTA,27,MOWER,099,SOUTHEAST,90,2022,152300.0,153500.0,9260000.0,60.8,1
MINNESOTA,27,MOWER,099,SOUTHEAST,90,2023,160000.0,161500.0,7264000.0,45.4,1
MINNESOTA,27,MOWER,099,SOUTHEAST,90,2024,151700.0,153000.0,8586000.0,56.6,1
MINNESOTA,27,MOWER,099,SOUTHEAST,90,2025,148000.0,149500.0,9235000.0,62.4,1
MINNESOTA,27,MURRAY,101,SOUTHWEST,70,1980,145000.0,146600.0,4567500.0,32.0,1
MINNESOTA,27,MURRAY,101,SOUTHWEST,70,1981,126200.0,126900.0,4181600.0,33.1,1
MINNESOTA,27,MURRAY,101,SOUTHWEST,70,1982,139200.0,142300.0,5058200.0,35.5,1
MINNESOTA,27,MURRAY,101,SOUTHWEST,70,1983,135400.0,139900.0,4197400.0,31.0,1
MINNESOTA,27,MURRAY,101,SOUTHWEST,70,1984,147200.0,149400.0,4710400.0,32.0,1
MINNESOTA,27,MURRAY,101,SOUTHWEST,70,1985,148400.0,153400.0,4748800.0,32.0,1
MINNESOTA,27,MURRAY,101,SOUTHWEST,70,1986,142000.0,145300.0,4828000.0,34.0,1
MINNESOTA,27,MURRAY,101,SOUTHWEST,70,1987,136300.0,137400.0,5315700.0,39.0,1
MINNESOTA,27,MURRAY,101,SOUTHWEST,70,1988,139900.0,141300.0,4336900.0,31.0,1
MINNESOTA,27,MURRAY,101,SOUTHWEST,70,1989,146500.0,147300.0,5420500.0,37.0,1
MINNESOTA,27,MURRAY,101,SOUTHWEST,70,1990,130300.0,133600.0,5081700.0,39.0,1
MINNESOTA,27,MURRAY,101,SOUTHWEST,70,1991,156400.0,161000.0,5630400.0,36.0,1
MINNESOTA,27,MURRAY,101,SOUTHWEST,70,1992,162000.0,163500.0,5346000.0,33.0,1
MINNESOTA,27,MURRAY,101,SOUTHWEST,70,1993,135400.0,151900.0,1760200.0,13.0,1
MINNESOTA,27,MURRAY,101,SOUTHWEST,70,1994,165900.0,166600.0,6967800.0,42.0,1
MINNESOTA,27,MURRAY,101,SOUTHWEST,70,1995,179700.0,182700.0,7188000.0,40.0,1
MINNESOTA,27,MURRAY,101,SOUTHWEST,70,1996,163600.0,167500.0,6216800.0,38.0,1
MINNESOTA,27,MURRAY,101,SOUTHWEST,70,1997,181500.0,182800.0,6715500.0,37.0,1
MINNESOTA,27,MURRAY,101,SOUTHWEST,70,1998,176600.0,178100.0,8123600.0,46.0,1
MINNESOTA,27,MURRAY,101,SOUTHWEST,70,1999,178200.0,179800.0,7662600.0,43.0,1
MINNESOTA,27,MURRAY,101,SOUTHWEST,70,2000,166700.0,169300.0,7168100.0,43.0,1
MINNESOTA,27,MURRAY,101,SOUTHWEST,70,2001,176700.0,178400.0,6891300.0,39.0,1
MINNESOTA,27,MURRAY,101,SOUTHWEST,70,2002,166000.0,167400.0,7470000.0,45.0,1
MINNESOTA,27,MURRAY,101,SOUTHWEST,70,2003,171000.0,171700.0,6156000.0,36.0,1
MINNESOTA,27,MURRAY,101,SOUTHWEST,70,2004,163600.0,163900.0,5889600.0,36.0,1
MINNESOTA,27,MURRAY,101,SOUTHWEST,70,2005,163600.0,165500.0,8180000.0,50.0,1
MINNESOTA,27,MURRAY,101,SOUTHWEST,70,2006,163000.0,165000.0,7987000.0,49.0,1
MINNESOTA,27,MURRAY,101,SOUTHWEST,70,2007,153500.0,154500.0,7061000.0,46.0,1
MINNESOTA,27,MURRAY,101,SOUTHWEST,70,2008,165500.0,167000.0,7044900.0,42.5,1
MINNESOTA,27,MURRAY,101,SOUTHWEST,70,2009,158200.0,160000.0,7455000.0,47.0,1
MINNESOTA,27,MURRAY,101,SOUTHWEST,70,2010,168500.0,170000.0,8481000.0,50.3,1
MINNESOTA,27,MURRAY,101,SOUTHWEST,70,2011,159000.0,159500.0,7334000.0,46.1,1
MINNESOTA,27,MURRAY,101,SOUTHWEST,70,2012,163500.0,164500.0,7475000.0,45.7,1
MINNESOTA,27,MURRAY,101,SOUTHWEST,70,2013,157800.0,159500.0,8070000.0,51.1,1
MINNESOTA,27,MURRAY,101,SOUTHWEST,70,2014,168900.0,171000.0,7605000.0,45.0,1
MINNESOTA,27,MURRAY,101,SOUTHWEST,70,2015,164500.0,165500.0,9117000.0,55.4,1
MINNESOTA,27,MURRAY,101,SOUTHWEST,70,2016,170200.0,171000.0,9807000.0,57.6,1
MINNESOTA,27,MURRAY,101,SOUTHWEST,70,2017,164600.0,166000.0,8964000.0,54.5,1
MINNESOTA,27,MURRAY,101,SOUTHWEST,70,2018,167500.0,171500.0,8360000.0,49.9,1
MINNESOTA,27,MURRAY,101,SOUTHWEST,70,2019,146900.0,148000.0,6144000.0,41.8,1
MINNESOTA,27,MURRAY,101,SOUTHWEST,70,2020,161100.0,162500.0,8909000.0,55.3,1
MINNESOTA,27,MURRAY,101,SOUTHWEST,70,2021,162200.0,163500.0,9132000.0,56.3,1
MINNESOTA,27,MURRAY,101,SOUTHWEST,70,2022,166200.0,167500.0,8160000.0,49.1,1
MINNESOTA,27,MURRAY,101,SOUTHWEST,70,2023,162000.0,163500.0,8392000.0,51.8,1
MINNESOTA,27,NICOLLET,103,SOUTH CENTRAL,80,1980,97700.0,97900.0,3462200.0,35.0,1
MINNESOTA,27,NICOLLET,103,SOUTH CENTRAL,80,1981,86200.0,87800.0,2842800.0,33.0,1
MINNESOTA,27,NICOLLET,103,SOUTH CENTRAL,80,1982,87100.0,89500.0,3380200.0,37.8,1
MINNESOTA,27,NICOLLET,103,SOUTH CENTRAL,80,1983,84600.0,85700.0,2707200.0,31.6,1
MINNESOTA,27,NICOLLET,103,SOUTH CENTRAL,80,1984,88900.0,90300.0,3556000.0,40.0,1
MINNESOTA,27,NICOLLET,103,SOUTH CENTRAL,80,1985,86500.0,88300.0,3287000.0,38.0,1
MINNESOTA,27,NICOLLET,103,SOUTH CENTRAL,80,1986,76800.0,78600.0,2918400.0,38.0,1
MINNESOTA,27,NICOLLET,103,SOUTH CENTRAL,80,1987,90900.0,91900.0,3908700.0,43.0,1
MINNESOTA,27,NICOLLET,103,SOUTH CENTRAL,80,1988,91900.0,93100.0,2297500.0,25.0,1
MINNESOTA,27,NICOLLET,103,SOUTH CENTRAL,80,1989,91300.0,92700.0,4017200.0,44.0,1
MINNESOTA,27,NICOLLET,103,SOUTH CENTRAL,80,1990,84500.0,86200.0,3718000.0,43.1,1
MINNESOTA,27,NICOLLET,103,SOUTH CENTRAL,80,1991,94600.0,97400.0,3784000.0,40.0,1
MINNESOTA,27,NICOLLET,103,SOUTH CENTRAL,80,1992,96300.0,97100.0,3852000.0,40.0,1
MINNESOTA,27,NICOLLET,103,SOUTH CENTRAL,80,1993,90700.0,96400.0,2811700.0,31.0,1
MINNESOTA,27,NICOLLET,103,SOUTH CENTRAL,80,1994,96100.0,98100.0,4228400.0,44.0,1
MINNESOTA,27,NICOLLET,103,SOUTH CENTRAL,80,1995,101800.0,103200.0,4886400.0,48.0,1
MINNESOTA,27,NICOLLET,103,SOUTH CENTRAL,80,1996,97700.0,99800.0,4103400.0,42.0,1
MINNESOTA,27,NICOLLET,103,SOUTH CENTRAL,80,1997,106700.0,107300.0,4481400.0,42.0,1
MINNESOTA,27,NICOLLET,103,SOUTH CENTRAL,80,1998,104600.0,105600.0,5020800.0,48.0,1
MINNESOTA,27,NICOLLET,103,SOUTH CENTRAL,80,1999,104800.0,105600.0,5135200.0,49.0,1
MINNESOTA,27,NICOLLET,103,SOUTH CENTRAL,80,2000,101500.0,103200.0,4872000.0,48.0,1
MINNESOTA,27,NICOLLET,103,SOUTH CENTRAL,80,2001,104100.0,105000.0,4372200.0,42.0,1
MINNESOTA,27,NICOLLET,103,SOUTH CENTRAL,80,2002,96200.0,97500.0,4425200.0,46.0,1
MINNESOTA,27,NICOLLET,103,SOUTH CENTRAL,80,2003,95000.0,95400.0,3230000.0,34.0,1
MINNESOTA,27,NICOLLET,103,SOUTH CENTRAL,80,2004,92100.0,92400.0,3499800.0,38.0,1
MINNESOTA,27,NICOLLET,103,SOUTH CENTRAL,80,2005,87700.0,88700.0,4385000.0,50.0,1
MINNESOTA,27,NICOLLET,103,SOUTH CENTRAL,80,2006,88800.0,89900.0,4795200.0,54.0,1
MINNESOTA,27,NICOLLET,103,SOUTH CENTRAL,80,2007,74400.0,74900.0,3496800.0,47.0,1
MINNESOTA,27,NICOLLET,103,SOUTH CENTRAL,80,2008,81300.0,82000.0,3714200.0,45.5,1
MINNESOTA,27,NICOLLET,103,SOUTH CENTRAL,80,2009,84500.0,85400.0,3735000.0,44.0,1
MINNESOTA,27,NICOLLET,103,SOUTH CENTRAL,80,2010,81200.0,82500.0,4138000.0,51.0,1
MINNESOTA,27,NICOLLET,103,SOUTH CENTRAL,80,2011,80400.0,80800.0,3419000.0,42.5,1
MINNESOTA,27,NICOLLET,103,SOUTH CENTRAL,80,2012,74800.0,75600.0,3081000.0,41.2,1
MINNESOTA,27,NICOLLET,103,SOUTH CENTRAL,80,2013,70900.0,71600.0,3697000.0,52.1,1
MINNESOTA,27,NICOLLET,103,SOUTH CENTRAL,80,2014,77300.0,78100.0,3544000.0,45.8,1
MINNESOTA,27,NICOLLET,103,SOUTH CENTRAL,80,2015,81700.0,82200.0,4910000.0,60.1,1
MINNESOTA,27,NICOLLET,103,SOUTH CENTRAL,80,2016,74100.0,74700.0,4527000.0,61.1,1
MINNESOTA,27,NICOLLET,103,SOUTH CENTRAL,80,2017,85700.0,86500.0,4879000.0,56.9,1
MINNESOTA,27,NICOLLET,103,SOUTH CENTRAL,80,2018,86700.0,87600.0,4627000.0,53.4,1
MINNESOTA,27,NICOLLET,103,SOUTH CENTRAL,80,2019,76200.0,76900.0,4043000.0,53.1,1
MINNESOTA,27,NICOLLET,103,SOUTH CENTRAL,80,2020,86200.0,86900.0,5431000.0,63.0,1
MINNESOTA,27,NICOLLET,103,SOUTH CENTRAL,80,2021,87300.0,88100.0,5500000.0,63.0,1
MINNESOTA,27,NICOLLET,103,SOUTH CENTRAL,80,2023,86200.0,87000.0,4750000.0,55.1,1
MINNESOTA,27,NICOLLET,103,SOUTH CENTRAL,80,2024,89900.0,90700.0,4819000.0,53.6,1
MINNESOTA,27,NICOLLET,103,SOUTH CENTRAL,80,2025,84600.0,85500.0,5288000.0,62.5,1
MINNESOTA,27,NOBLES,105,SOUTHWEST,70,1980,174700.0,176800.0,5331100.0,31.0,1
MINNESOTA,27,NOBLES,105,SOUTHWEST,70,1981,158500.0,159400.0,5401400.0,34.1,1
MINNESOTA,27,NOBLES,105,SOUTHWEST,70,1982,164400.0,167900.0,5644500.0,34.3,1
MINNESOTA,27,NOBLES,105,SOUTHWEST,70,1983,156000.0,156900.0,4836000.0,31.0,1
MINNESOTA,27,NOBLES,105,SOUTHWEST,70,1984,162500.0,164200.0,5200000.0,32.0,1
MINNESOTA,27,NOBLES,105,SOUTHWEST,70,1985,166900.0,169400.0,4840100.0,29.0,1
MINNESOTA,27,NOBLES,105,SOUTHWEST,70,1986,152200.0,164500.0,4718200.0,31.0,1
MINNESOTA,27,NOBLES,105,SOUTHWEST,70,1987,161200.0,162400.0,6286800.0,39.0,1
MINNESOTA,27,NOBLES,105,SOUTHWEST,70,1988,164700.0,167100.0,5764500.0,35.0,1
MINNESOTA,27,NOBLES,105,SOUTHWEST,70,1989,169700.0,170700.0,6957700.0,41.0,1
MINNESOTA,27,NOBLES,105,SOUTHWEST,70,1990,163700.0,164900.0,6384300.0,39.0,1
MINNESOTA,27,NOBLES,105,SOUTHWEST,70,1991,175900.0,179300.0,6508300.0,37.0,1
MINNESOTA,27,NOBLES,105,SOUTHWEST,70,1992,169500.0,182300.0,4915500.0,29.0,1
MINNESOTA,27,NOBLES,105,SOUTHWEST,70,1993,130700.0,150000.0,1568400.0,12.0,1
MINNESOTA,27,NOBLES,105,SOUTHWEST,70,1994,183300.0,187400.0,7515300.0,41.0,1
MINNESOTA,27,NOBLES,105,SOUTHWEST,70,1995,188800.0,193400.0,7740800.0,41.0,1
MINNESOTA,27,NOBLES,105,SOUTHWEST,70,1996,184600.0,188100.0,7384000.0,40.0,1
MINNESOTA,27,NOBLES,105,SOUTHWEST,70,1997,196800.0,197400.0,7675200.0,39.0,1
MINNESOTA,27,NOBLES,105,SOUTHWEST,70,1998,191800.0,193700.0,9014600.0,47.0,1
MINNESOTA,27,NOBLES,105,SOUTHWEST,70,1999,190400.0,192000.0,8187200.0,43.0,1
MINNESOTA,27,NOBLES,105,SOUTHWEST,70,2000,182700.0,189900.0,8038800.0,44.0,1
MINNESOTA,27,NOBLES,105,SOUTHWEST,70,2001,194000.0,196000.0,7372000.0,38.0,1
MINNESOTA,27,NOBLES,105,SOUTHWEST,70,2002,185300.0,186800.0,8153200.0,44.0,1
MINNESOTA,27,NOBLES,105,SOUTHWEST,70,2003,188000.0,188900.0,6956000.0,37.0,1
MINNESOTA,27,NOBLES,105,SOUTHWEST,70,2004,179000.0,179600.0,6981000.0,39.0,1
MINNESOTA,27,NOBLES,105,SOUTHWEST,70,2005,181600.0,183600.0,9806400.0,54.0,1
MINNESOTA,27,NOBLES,105,SOUTHWEST,70,2006,177700.0,179900.0,9240400.0,52.0,1
MINNESOTA,27,NOBLES,105,SOUTHWEST,70,2007,160600.0,161000.0,7708800.0,48.0,1
MINNESOTA,27,NOBLES,105,SOUTHWEST,70,2008,174400.0,176000.0,7212300.0,41.5,1
MINNESOTA,27,NOBLES,105,SOUTHWEST,70,2009,169200.0,171000.0,8010000.0,47.5,1
MINNESOTA,27,NOBLES,105,SOUTHWEST,70,2010,178800.0,181000.0,9086000.0,50.8,1
MINNESOTA,27,NOBLES,105,SOUTHWEST,70,2011,167200.0,168500.0,7660000.0,45.8,1
MINNESOTA,27,NOBLES,105,SOUTHWEST,70,2012,172500.0,173500.0,8132000.0,47.1,1
MINNESOTA,27,NOBLES,105,SOUTHWEST,70,2013,161100.0,163000.0,7810000.0,48.5,1
MINNESOTA,27,NOBLES,105,SOUTHWEST,70,2014,179700.0,181000.0,7934000.0,44.2,1
MINNESOTA,27,NOBLES,105,SOUTHWEST,70,2015,173000.0,174000.0,9875000.0,57.1,1
MINNESOTA,27,NOBLES,105,SOUTHWEST,70,2016,177600.0,178500.0,9648000.0,54.3,1
MINNESOTA,27,NOBLES,105,SOUTHWEST,70,2017,174900.0,176000.0,9304000.0,53.2,1
MINNESOTA,27,NOBLES,105,SOUTHWEST,70,2018,174900.0,177500.0,8642000.0,49.4,1
MINNESOTA,27,NOBLES,105,SOUTHWEST,70,2019,151700.0,153000.0,6741000.0,44.4,1
MINNESOTA,27,NOBLES,105,SOUTHWEST,70,2020,160600.0,162000.0,8672000.0,54.0,1
MINNESOTA,27,NOBLES,105,SOUTHWEST,70,2021,171000.0,172500.0,10827000.0,63.3,1
MINNESOTA,27,NOBLES,105,SOUTHWEST,70,2022,169600.0,171000.0,8751000.0,51.6,1
MINNESOTA,27,NOBLES,105,SOUTHWEST,70,2024,166700.0,168000.0,7368000.0,44.2,1
MINNESOTA,27,NORMAN,107,NORTHWEST,10,1980,5800.0,5800.0,102800.0,18.0,1
MINNESOTA,27,NORMAN,107,NORTHWEST,10,1981,10500.0,10500.0,325500.0,31.0,1
MINNESOTA,27,NORMAN,107,NORTHWEST,10,1982,18200.0,18800.0,455000.0,25.0,1
MINNESOTA,27,NORMAN,107,NORTHWEST,10,1983,26100.0,26200.0,809100.0,31.0,1
MINNESOTA,27,NORMAN,107,NORTHWEST,10,1984,49400.0,49500.0,1185600.0,24.0,1
MINNESOTA,27,NORMAN,107,NORTHWEST,10,1985,47100.0,48300.0,847800.0,18.0,1
MINNESOTA,27,NORMAN,107,NORTHWEST,10,1986,56500.0,57200.0,1751500.0,31.0,1
MINNESOTA,27,NORMAN,107,NORTHWEST,10,1987,42500.0,43600.0,1402500.0,33.0,1
MINNESOTA,27,NORMAN,107,NORTHWEST,10,1988,45100.0,47100.0,1217700.0,27.0,1
MINNESOTA,27,NORMAN,107,NORTHWEST,10,1989,53500.0,54100.0,1016500.0,19.0,1
MINNESOTA,27,NORMAN,107,NORTHWEST,10,1990,32500.0,33400.0,877500.0,26.3,1
MINNESOTA,27,NORMAN,107,NORTHWEST,10,1991,38800.0,39500.0,1396800.0,36.0,1
MINNESOTA,27,NORMAN,107,NORTHWEST,10,1992,44500.0,45300.0,1112500.0,25.0,1
MINNESOTA,27,NORMAN,107,NORTHWEST,10,1993,40700.0,43300.0,1139600.0,28.0,1
MINNESOTA,27,NORMAN,107,NORTHWEST,10,1994,41800.0,43400.0,1254000.0,30.0,1
MINNESOTA,27,NORMAN,107,NORTHWEST,10,1995,54000.0,55400.0,1620000.0,30.0,1
MINNESOTA,27,NORMAN,107,NORTHWEST,10,1996,79000.0,80700.0,2291000.0,29.0,1
MINNESOTA,27,NORMAN,107,NORTHWEST,10,1997,93300.0,94200.0,2705700.0,29.0,1
MINNESOTA,27,NORMAN,107,NORTHWEST,10,1998,122700.0,126300.0,3803700.0,31.0,1
MINNESOTA,27,NORMAN,107,NORTHWEST,10,1999,125000.0,126500.0,3750000.0,30.0,1
MINNESOTA,27,NORMAN,107,NORTHWEST,10,2000,139900.0,147600.0,4476800.0,32.0,1
MINNESOTA,27,NORMAN,107,NORTHWEST,10,2001,136400.0,138400.0,4501200.0,33.0,1
MINNESOTA,27,NORMAN,107,NORTHWEST,10,2002,142400.0,154500.0,4414400.0,31.0,1
MINNESOTA,27,NORMAN,107,NORTHWEST,10,2003,164500.0,168400.0,4935000.0,30.0,1
MINNESOTA,27,NORMAN,107,NORTHWEST,10,2004,168800.0,173000.0,2363200.0,14.0,1
MINNESOTA,27,NORMAN,107,NORTHWEST,10,2005,145000.0,147000.0,5220000.0,36.0,1
MINNESOTA,27,NORMAN,107,NORTHWEST,10,2006,176900.0,180000.0,6014600.0,34.0,1
MINNESOTA,27,NORMAN,107,NORTHWEST,10,2007,151000.0,152000.0,5436000.0,36.0,1
MINNESOTA,27,NORMAN,107,NORTHWEST,10,2008,165500.0,169000.0,4780100.0,29.0,1
MINNESOTA,27,NORMAN,107,NORTHWEST,10,2009,183500.0,185500.0,5259000.0,28.5,1
MINNESOTA,27,NORMAN,107,NORTHWEST,10,2010,183000.0,184000.0,6197000.0,33.9,1
MINNESOTA,27,NORMAN,107,NORTHWEST,10,2011,178100.0,179000.0,5582000.0,31.3,1
MINNESOTA,27,NORMAN,107,NORTHWEST,10,2012,173000.0,174000.0,5665000.0,32.7,1
MINNESOTA,27,NORMAN,107,NORTHWEST,10,2013,162900.0,164500.0,5341000.0,32.8,1
MINNESOTA,27,NORMAN,107,NORTHWEST,10,2014,202000.0,203500.0,7202000.0,35.7,1
MINNESOTA,27,NORMAN,107,NORTHWEST,10,2015,184000.0,185000.0,7353000.0,40.0,1
MINNESOTA,27,NORMAN,107,NORTHWEST,10,2016,184300.0,187000.0,7635000.0,41.4,1
MINNESOTA,27,NORMAN,107,NORTHWEST,10,2017,206000.0,207500.0,7530000.0,36.6,1
MINNESOTA,27,NORMAN,107,NORTHWEST,10,2019,156600.0,157500.0,5504000.0,35.1,1
MINNESOTA,27,NORMAN,107,NORTHWEST,10,2020,156200.0,157500.0,5420000.0,34.7,1
MINNESOTA,27,NORMAN,107,NORTHWEST,10,2021,176500.0,178000.0,4289000.0,24.3,1
MINNESOTA,27,NORMAN,107,NORTHWEST,10,2022,158100.0,159500.0,6739000.0,42.6,1
MINNESOTA,27,NORMAN,107,NORTHWEST,10,2023,156900.0,158500.0,6025000.0,38.4,1
MINNESOTA,27,NORMAN,107,NORTHWEST,10,2024,139000.0,151000.0,4768000.0,34.3,1
MINNESOTA,27,OLMSTED,109,SOUTHEAST,90,1980,38600.0,38700.0,1177900.0,31.0,1
MINNESOTA,27,OLMSTED,109,SOUTHEAST,90,1981,32700.0,32800.0,1242600.0,38.0,1
MINNESOTA,27,OLMSTED,109,SOUTHEAST,90,1982,38700.0,39400.0,1315800.0,33.4,1
MINNESOTA,27,OLMSTED,109,SOUTHEAST,90,1983,35500.0,35700.0,1171500.0,33.0,1
MINNESOTA,27,OLMSTED,109,SOUTHEAST,90,1984,44000.0,44200.0,1452000.0,33.0,1
MINNESOTA,27,OLMSTED,109,SOUTHEAST,90,1985,37300.0,38300.0,1007100.0,27.0,1
MINNESOTA,27,OLMSTED,109,SOUTHEAST,90,1986,42000.0,43100.0,1554000.0,37.0,1
MINNESOTA,27,OLMSTED,109,SOUTHEAST,90,1987,34600.0,34600.0,1453200.0,42.0,1
MINNESOTA,27,OLMSTED,109,SOUTHEAST,90,1988,34800.0,36400.0,1009200.0,29.0,1
MINNESOTA,27,OLMSTED,109,SOUTHEAST,90,1989,36900.0,37000.0,1439100.0,39.0,1
MINNESOTA,27,OLMSTED,109,SOUTHEAST,90,1990,31200.0,33300.0,1341600.0,40.3,1
MINNESOTA,27,OLMSTED,109,SOUTHEAST,90,1991,39900.0,41500.0,1675800.0,42.0,1
MINNESOTA,27,OLMSTED,109,SOUTHEAST,90,1992,41500.0,42400.0,954500.0,23.0,1
MINNESOTA,27,OLMSTED,109,SOUTHEAST,90,1993,43800.0,44200.0,1270200.0,29.0,1
MINNESOTA,27,OLMSTED,109,SOUTHEAST,90,1994,46200.0,47000.0,2032800.0,44.0,1
MINNESOTA,27,OLMSTED,109,SOUTHEAST,90,1995,46800.0,47700.0,2152800.0,46.0,1
MINNESOTA,27,OLMSTED,109,SOUTHEAST,90,1996,53700.0,54400.0,2201700.0,41.0,1
MINNESOTA,27,OLMSTED,109,SOUTHEAST,90,1997,60700.0,61000.0,2670800.0,44.0,1
MINNESOTA,27,OLMSTED,109,SOUTHEAST,90,1998,66800.0,67600.0,3340000.0,50.0,1
MINNESOTA,27,OLMSTED,109,SOUTHEAST,90,1999,69700.0,70400.0,3206200.0,46.0,1
MINNESOTA,27,OLMSTED,109,SOUTHEAST,90,2000,74700.0,75900.0,3436200.0,46.0,1
MINNESOTA,27,OLMSTED,109,SOUTHEAST,90,2001,78300.0,79700.0,2975400.0,38.0,1
MINNESOTA,27,OLMSTED,109,SOUTHEAST,90,2002,73000.0,73500.0,3796000.0,52.0,1
MINNESOTA,27,OLMSTED,109,SOUTHEAST,90,2003,75000.0,75500.0,2550000.0,34.0,1
MINNESOTA,27,OLMSTED,109,SOUTHEAST,90,2004,77400.0,77700.0,3173400.0,41.0,1
MINNESOTA,27,OLMSTED,109,SOUTHEAST,90,2005,73300.0,74400.0,4104800.0,56.0,1
MINNESOTA,27,OLMSTED,109,SOUTHEAST,90,2006,82300.0,83500.0,4279600.0,52.0,1
MINNESOTA,27,OLMSTED,109,SOUTHEAST,90,2007,63900.0,64300.0,3195000.0,50.0,1
MINNESOTA,27,OLMSTED,109,SOUTHEAST,90,2008,75500.0,76000.0,3186000.0,42.0,1
MINNESOTA,27,OLMSTED,109,SOUTHEAST,90,2009,75800.0,76700.0,3311000.0,43.5,1
MINNESOTA,27,OLMSTED,109,SOUTHEAST,90,2010,71200.0,72000.0,3845000.0,54.0,1
MINNESOTA,27,OLMSTED,109,SOUTHEAST,90,2011,67800.0,68200.0,3160000.0,46.6,1
MINNESOTA,27,OLMSTED,109,SOUTHEAST,90,2012,64600.0,65000.0,3413000.0,52.8,1
MINNESOTA,27,OLMSTED,109,SOUTHEAST,90,2013,50100.0,50500.0,2351000.0,46.9,1
MINNESOTA,27,OLMSTED,109,SOUTHEAST,90,2014,68500.0,68900.0,3634000.0,53.1,1
MINNESOTA,27,OLMSTED,109,SOUTHEAST,90,2015,77000.0,77500.0,4198000.0,54.5,1
MINNESOTA,27,OLMSTED,109,SOUTHEAST,90,2016,75900.0,76300.0,4657000.0,61.4,1
MINNESOTA,27,OLMSTED,109,SOUTHEAST,90,2017,78800.0,79400.0,4392000.0,55.7,1
MINNESOTA,27,OLMSTED,109,SOUTHEAST,90,2018,73800.0,74500.0,4054000.0,54.9,1
MINNESOTA,27,OLMSTED,109,SOUTHEAST,90,2020,73800.0,74400.0,4229000.0,57.3,1
MINNESOTA,27,OLMSTED,109,SOUTHEAST,90,2022,74900.0,75500.0,4644000.0,62.0,1
MINNESOTA,27,OLMSTED,109,SOUTHEAST,90,2023,69400.0,70000.0,3470000.0,50.0,1
MINNESOTA,27,OLMSTED,109,SOUTHEAST,90,2025,66300.0,67000.0,4349000.0,65.6,1
MINNESOTA,27,OTHER (COMBINED) COUNTIES,,CENTRAL,50,1989,6500.0,6700.0,211400.0,32.5,1
MINNESOTA,27,OTHER (COMBINED) COUNTIES,,CENTRAL,50,1990,4300.0,4600.0,119600.0,26.0,1
MINNESOTA,27,OTHER (COMBINED) COUNTIES,,CENTRAL,50,1991,5200.0,5300.0,181700.0,34.9,1
MINNESOTA,27,OTHER (COMBINED) COUNTIES,,CENTRAL,50,1992,6600.0,6700.0,99400.0,15.1,1
MINNESOTA,27,OTHER (COMBINED) COUNTIES,,CENTRAL,50,1993,4700.0,5100.0,90500.0,19.3,1
MINNESOTA,27,OTHER (COMBINED) COUNTIES,,CENTRAL,50,1994,5100.0,5300.0,158100.0,31.0,1
MINNESOTA,27,OTHER (COMBINED) COUNTIES,,CENTRAL,50,1995,4000.0,4200.0,147800.0,37.0,1
MINNESOTA,27,OTHER (COMBINED) COUNTIES,,CENTRAL,50,1996,5100.0,5200.0,112200.0,22.0,1
MINNESOTA,27,OTHER (COMBINED) COUNTIES,,CENTRAL,50,2014,24900.0,25200.0,863000.0,34.7,1
MINNESOTA,27,OTHER (COMBINED) COUNTIES,,CENTRAL,50,2015,24200.0,24500.0,1191000.0,49.2,1
MINNESOTA,27,OTHER (COMBINED) COUNTIES,,CENTRAL,50,2016,26000.0,26300.0,1294000.0,49.8,1
MINNESOTA,27,OTHER (COMBINED) COUNTIES,,CENTRAL,50,2017,32400.0,32600.0,1450000.0,44.8,1
MINNESOTA,27,OTHER (COMBINED) COUNTIES,,CENTRAL,50,2018,306600.0,311400.0,15134000.0,49.4,1
MINNESOTA,27,OTHER (COMBINED) COUNTIES,,CENTRAL,50,2019,323000.0,327300.0,13194000.0,40.8,1
MINNESOTA,27,OTHER (COMBINED) COUNTIES,,EAST CENTRAL,60,1981,400.0,400.0,10800.0,27.0,1
MINNESOTA,27,OTHER (COMBINED) COUNTIES,,EAST CENTRAL,60,1982,600.0,700.0,16900.0,24.1,1
MINNESOTA,27,OTHER (COMBINED) COUNTIES,,EAST CENTRAL,60,1983,300.0,300.0,8700.0,29.0,1
MINNESOTA,27,OTHER (COMBINED) COUNTIES,,EAST CENTRAL,60,1987,1500.0,1500.0,39000.0,26.0,1
MINNESOTA,27,OTHER (COMBINED) COUNTIES,,EAST CENTRAL,60,1988,300.0,300.0,5900.0,19.7,1
MINNESOTA,27,OTHER (COMBINED) COUNTIES,,EAST CENTRAL,60,1989,700.0,700.0,15500.0,22.1,1
MINNESOTA,27,OTHER (COMBINED) COUNTIES,,EAST CENTRAL,60,1990,300.0,300.0,7500.0,25.0,1
MINNESOTA,27,OTHER (COMBINED) COUNTIES,,EAST CENTRAL,60,1991,400.0,400.0,12000.0,30.0,1
MINNESOTA,27,OTHER (COMBINED) COUNTIES,,EAST CENTRAL,60,1992,300.0,300.0,6000.0,20.0,1
MINNESOTA,27,OTHER (COMBINED) COUNTIES,,EAST CENTRAL,60,1993,900.0,1200.0,20700.0,23.0,1
MINNESOTA,27,OTHER (COMBINED) COUNTIES,,EAST CENTRAL,60,1994,900.0,1000.0,27600.0,30.7,1
MINNESOTA,27,OTHER (COMBINED) COUNTIES,,EAST CENTRAL,60,1995,300.0,300.0,9300.0,31.0,1
MINNESOTA,27,OTHER (COMBINED) COUNTIES,,EAST CENTRAL,60,1996,700.0,700.0,23800.0,34.0,1
MINNESOTA,27,OTHER (COMBINED) COUNTIES,,EAST CENTRAL,60,1997,1000.0,1000.0,30400.0,30.4,1
MINNESOTA,27,OTHER (COMBINED) COUNTIES,,EAST CENTRAL,60,1998,700.0,700.0,20800.0,29.7,1
MINNESOTA,27,OTHER (COMBINED) COUNTIES,,EAST CENTRAL,60,1999,500.0,600.0,16500.0,33.0,1
MINNESOTA,27,OTHER (COMBINED) COUNTIES,,EAST CENTRAL,60,2000,800.0,900.0,21200.0,26.5,1
MINNESOTA,27,OTHER (COMBINED) COUNTIES,,EAST CENTRAL,60,2001,700.0,900.0,22300.0,31.9,1
MINNESOTA,27,OTHER (COMBINED) COUNTIES,,EAST CENTRAL,60,2002,400.0,400.0,14000.0,35.0,1
MINNESOTA,27,OTHER (COMBINED) COUNTIES,,EAST CENTRAL,60,2003,800.0,800.0,24400.0,30.5,1
MINNESOTA,27,OTHER (COMBINED) COUNTIES,,EAST CENTRAL,60,2004,2700.0,3200.0,70200.0,26.0,1
MINNESOTA,27,OTHER (COMBINED) COUNTIES,,EAST CENTRAL,60,2005,2100.0,2300.0,43300.0,20.6,1
MINNESOTA,27,OTHER (COMBINED) COUNTIES,,EAST CENTRAL,60,2006,4900.0,5000.0,105600.0,21.6,1
MINNESOTA,27,OTHER (COMBINED) COUNTIES,,EAST CENTRAL,60,2007,4400.0,5900.0,99900.0,22.7,1
MINNESOTA,27,OTHER (COMBINED) COUNTIES,,EAST CENTRAL,60,2008,18000.0,18300.0,428700.0,24.0,1
MINNESOTA,27,OTHER (COMBINED) COUNTIES,,EAST CENTRAL,60,2009,9700.0,10800.0,322500.0,33.0,1
MINNESOTA,27,OTHER (COMBINED) COUNTIES,,EAST CENTRAL,60,2011,4800.0,4900.0,156000.0,32.5,1
MINNESOTA,27,OTHER (COMBINED) COUNTIES,,EAST CENTRAL,60,2012,2220.0,2400.0,81000.0,36.5,1
MINNESOTA,27,OTHER (COMBINED) COUNTIES,,EAST CENTRAL,60,2013,21270.0,21800.0,473600.0,22.3,1
MINNESOTA,27,OTHER (COMBINED) COUNTIES,,EAST CENTRAL,60,2014,8770.0,9000.0,245000.0,27.9,1
MINNESOTA,27,OTHER (COMBINED) COUNTIES,,EAST CENTRAL,60,2015,16400.0,16600.0,768000.0,46.8,1
MINNESOTA,27,OTHER (COMBINED) COUNTIES,,EAST CENTRAL,60,2016,29100.0,29300.0,1216000.0,41.8,1
MINNESOTA,27,OTHER (COMBINED) COUNTIES,,EAST CENTRAL,60,2017,34680.0,35300.0,1258000.0,36.3,1
MINNESOTA,27,OTHER (COMBINED) COUNTIES,,EAST CENTRAL,60,2018,42930.0,43500.0,1765000.0,41.1,1
MINNESOTA,27,OTHER (COMBINED) COUNTIES,,EAST CENTRAL,60,2019,26000.0,26500.0,862000.0,33.2,1
MINNESOTA,27,OTHER (COMBINED) COUNTIES,,NORTH CENTRAL,20,1982,1200.0,1400.0,30400.0,21.7,1
MINNESOTA,27,OTHER (COMBINED) COUNTIES,,NORTH CENTRAL,20,1983,700.0,900.0,15600.0,17.3,1
MINNESOTA,27,OTHER (COMBINED) COUNTIES,,NORTH CENTRAL,20,1984,900.0,1000.0,18900.0,21.0,1
MINNESOTA,27,OTHER (COMBINED) COUNTIES,,NORTH CENTRAL,20,1985,700.0,800.0,9400.0,13.0,1
MINNESOTA,27,OTHER (COMBINED) COUNTIES,,NORTH CENTRAL,20,1987,1300.0,1300.0,31900.0,24.5,1
MINNESOTA,27,OTHER (COMBINED) COUNTIES,,NORTH CENTRAL,20,1988,1500.0,1600.0,33000.0,22.0,1
MINNESOTA,27,OTHER (COMBINED) COUNTIES,,NORTH CENTRAL,20,1989,2200.0,2200.0,42900.0,19.5,1
MINNESOTA,27,OTHER (COMBINED) COUNTIES,,NORTH CENTRAL,20,1991,900.0,900.0,28000.0,31.1,1
MINNESOTA,27,OTHER (COMBINED) COUNTIES,,NORTH CENTRAL,20,1992,,2000.0,,,1
MINNESOTA,27,OTHER (COMBINED) COUNTIES,,NORTH CENTRAL,20,1993,600.0,1100.0,11700.0,19.5,1
MINNESOTA,27,OTHER (COMBINED) COUNTIES,,NORTH CENTRAL,20,1994,800.0,1000.0,19900.0,24.9,1
MINNESOTA,27,OTHER (COMBINED) COUNTIES,,NORTH CENTRAL,20,2002,800.0,800.0,30400.0,38.0,1
MINNESOTA,27,OTHER (COMBINED) COUNTIES,,NORTH CENTRAL,20,2003,1900.0,2000.0,56700.0,29.8,1
MINNESOTA,27,OTHER (COMBINED) COUNTIES,,NORTH CENTRAL,20,2004,8700.0,12200.0,69100.0,7.9,1
MINNESOTA,27,OTHER (COMBINED) COUNTIES,,NORTH CENTRAL,20,2005,7100.0,7300.0,212300.0,29.9,1
MINNESOTA,27,OTHER (COMBINED) COUNTIES,,NORTH CENTRAL,20,2006,11800.0,12500.0,381600.0,32.3,1
MINNESOTA,27,OTHER (COMBINED) COUNTIES,,NORTH CENTRAL,20,2019,5230.0,5300.0,181000.0,34.6,1
MINNESOTA,27,OTHER (COMBINED) COUNTIES,,NORTHEAST,30,2019,600.0,700.0,21000.0,35.0,1
MINNESOTA,27,OTHER (COMBINED) COUNTIES,,NORTHWEST,10,1981,400.0,400.0,9900.0,25.0,1
MINNESOTA,27,OTHER (COMBINED) COUNTIES,,NORTHWEST,10,1982,1000.0,1100.0,17000.0,15.5,1
MINNESOTA,27,OTHER (COMBINED) COUNTIES,,NORTHWEST,10,1990,900.0,1000.0,17400.0,17.4,1
MINNESOTA,27,OTHER (COMBINED) COUNTIES,,NORTHWEST,10,1991,1500.0,1500.0,49400.0,32.9,1
MINNESOTA,27,OTHER (COMBINED) COUNTIES,,NORTHWEST,10,1992,600.0,700.0,9300.0,15.5,1
MINNESOTA,27,OTHER (COMBINED) COUNTIES,,NORTHWEST,10,1993,1000.0,1100.0,19100.0,19.1,1
MINNESOTA,27,OTHER (COMBINED) COUNTIES,,NORTHWEST,10,1994,1300.0,1500.0,35300.0,27.2,1
MINNESOTA,27,OTHER (COMBINED) COUNTIES,,NORTHWEST,10,1995,1300.0,1300.0,40300.0,31.0,1
MINNESOTA,27,OTHER (COMBINED) COUNTIES,,NORTHWEST,10,1996,1500.0,1500.0,45000.0,30.0,1
MINNESOTA,27,OTHER (COMBINED) COUNTIES,,NORTHWEST,10,2008,70500.0,71500.0,1977400.0,28.0,1
MINNESOTA,27,OTHER (COMBINED) COUNTIES,,NORTHWEST,10,2012,85200.0,85800.0,2878000.0,33.8,1
MINNESOTA,27,OTHER (COMBINED) COUNTIES,,NORTHWEST,10,2014,94100.0,94800.0,3023000.0,32.1,1
MINNESOTA,27,OTHER (COMBINED) COUNTIES,,NORTHWEST,10,2015,97100.0,97700.0,3480000.0,35.8,1
MINNESOTA,27,OTHER (COMBINED) COUNTIES,,NORTHWEST,10,2018,345300.0,348100.0,13993000.0,40.5,1
MINNESOTA,27,OTHER (COMBINED) COUNTIES,,NORTHWEST,10,2019,167100.0,168200.0,5817000.0,34.8,1
MINNESOTA,27,OTHER (COMBINED) COUNTIES,,SOUTH CENTRAL,80,2019,147000.0,148100.0,7152000.0,48.7,1
MINNESOTA,27,OTHER (COMBINED) COUNTIES,,SOUTHEAST,90,2015,70200.0,70700.0,3890000.0,55.4,1
MINNESOTA,27,OTHER (COMBINED) COUNTIES,,SOUTHEAST,90,2018,65200.0,65900.0,3499000.0,53.7,1
MINNESOTA,27,OTHER (COMBINED) COUNTIES,,SOUTHEAST,90,2019,144300.0,145600.0,7402000.0,51.3,1
MINNESOTA,27,OTHER (COMBINED) COUNTIES,,SOUTHWEST,70,2015,191800.0,193500.0,9763000.0,50.9,1
MINNESOTA,27,OTHER (COMBINED) COUNTIES,,SOUTHWEST,70,2018,204400.0,207000.0,10637000.0,52.0,1
MINNESOTA,27,OTHER (COMBINED) COUNTIES,,WEST CENTRAL,40,2018,188800.0,191200.0,9560000.0,50.6,1
MINNESOTA,27,OTHER (COMBINED) COUNTIES,,WEST CENTRAL,40,2019,221000.0,223100.0,9017000.0,40.8,1
MINNESOTA,27,OTHER COUNTIES,,,99,2020,167620.0,169100.0,9455700.0,56.4,1
MINNESOTA,27,OTHER COUNTIES,,,99,2021,952630.0,961300.0,48594600.0,51.0,1
MINNESOTA,27,OTHER COUNTIES,,,99,2022,841480.0,848100.0,40899200.0,48.6,1
MINNESOTA,27,OTHER COUNTIES,,,99,2023,1306730.0,1319300.0,65230900.0,49.9,1
MINNESOTA,27,OTHER COUNTIES,,,99,2024,2145040.0,2163700.0,97054600.0,45.2,1
MINNESOTA,27,OTHER COUNTIES,,,99,2025,1466340.0,1483100.0,81470100.0,55.6,1
MINNESOTA,27,OTTER TAIL,111,WEST CENTRAL,40,1980,49300.0,49400.0,1116200.0,23.0,1
MINNESOTA,27,OTTER TAIL,111,WEST CENTRAL,40,1981,51100.0,51800.0,1686300.0,33.0,1
MINNESOTA,27,OTTER TAIL,111,WEST CENTRAL,40,1982,55000.0,56100.0,1925000.0,34.3,1
MINNESOTA,27,OTTER TAIL,111,WEST CENTRAL,40,1983,53700.0,54800.0,1611000.0,29.4,1
MINNESOTA,27,OTTER TAIL,111,WEST CENTRAL,40,1984,66100.0,67200.0,1586400.0,24.0,1
MINNESOTA,27,OTTER TAIL,111,WEST CENTRAL,40,1985,45900.0,46800.0,1239300.0,27.0,1
MINNESOTA,27,OTTER TAIL,111,WEST CENTRAL,40,1986,37700.0,38300.0,1206400.0,32.0,1
MINNESOTA,27,OTTER TAIL,111,WEST CENTRAL,40,1987,45600.0,45600.0,1459200.0,32.0,1
MINNESOTA,27,OTTER TAIL,111,WEST CENTRAL,40,1988,47700.0,49100.0,906300.0,19.0,1
MINNESOTA,27,OTTER TAIL,111,WEST CENTRAL,40,1989,57500.0,58200.0,1897500.0,33.0,1
MINNESOTA,27,OTTER TAIL,111,WEST CENTRAL,40,1990,54100.0,55100.0,1731200.0,32.0,1
MINNESOTA,27,OTTER TAIL,111,WEST CENTRAL,40,1991,65600.0,66800.0,2033600.0,31.0,1
MINNESOTA,27,OTTER TAIL,111,WEST CENTRAL,40,1992,74500.0,75000.0,1639000.0,22.0,1
MINNESOTA,27,OTTER TAIL,111,WEST CENTRAL,40,1993,67400.0,70400.0,1617600.0,24.0,1
MINNESOTA,27,OTTER TAIL,111,WEST CENTRAL,40,1994,71500.0,72700.0,2502500.0,35.0,1
MINNESOTA,27,OTTER TAIL,111,WEST CENTRAL,40,1995,69500.0,70800.0,2641000.0,38.0,1
MINNESOTA,27,OTTER TAIL,111,WEST CENTRAL,40,1996,77200.0,78300.0,2470400.0,32.0,1
MINNESOTA,27,OTTER TAIL,111,WEST CENTRAL,40,1997,90300.0,90700.0,3160500.0,35.0,1
MINNESOTA,27,OTTER TAIL,111,WEST CENTRAL,40,1998,101300.0,103200.0,3140300.0,31.0,1
MINNESOTA,27,OTTER TAIL,111,WEST CENTRAL,40,1999,101000.0,103200.0,4141000.0,41.0,1
MINNESOTA,27,OTTER TAIL,111,WEST CENTRAL,40,2000,127900.0,130000.0,4604400.0,36.0,1
MINNESOTA,27,OTTER TAIL,111,WEST CENTRAL,40,2001,134900.0,137400.0,4451700.0,33.0,1
MINNESOTA,27,OTTER TAIL,111,WEST CENTRAL,40,2002,127700.0,128800.0,4469500.0,35.0,1
MINNESOTA,27,OTTER TAIL,111,WEST CENTRAL,40,2003,141700.0,142500.0,4251000.0,30.0,1
MINNESOTA,27,OTTER TAIL,111,WEST CENTRAL,40,2004,134500.0,135300.0,3362500.0,25.0,1
MINNESOTA,27,OTTER TAIL,111,WEST CENTRAL,40,2005,116300.0,117900.0,4186800.0,36.0,1
MINNESOTA,27,OTTER TAIL,111,WEST CENTRAL,40,2006,130200.0,133000.0,4296600.0,33.0,1
MINNESOTA,27,OTTER TAIL,111,WEST CENTRAL,40,2007,111200.0,113000.0,3336000.0,30.0,1
MINNESOTA,27,OTTER TAIL,111,WEST CENTRAL,40,2008,126500.0,128000.0,4140200.0,32.5,1
MINNESOTA,27,OTTER TAIL,111,WEST CENTRAL,40,2009,140500.0,142000.0,4609000.0,33.0,1
MINNESOTA,27,OTTER TAIL,111,WEST CENTRAL,40,2010,155500.0,157000.0,6143000.0,39.5,1
MINNESOTA,27,OTTER TAIL,111,WEST CENTRAL,40,2011,140300.0,141500.0,5564000.0,39.7,1
MINNESOTA,27,OTTER TAIL,111,WEST CENTRAL,40,2012,150100.0,151000.0,5806000.0,38.7,1
MINNESOTA,27,OTTER TAIL,111,WEST CENTRAL,40,2013,152500.0,155500.0,5023000.0,32.9,1
MINNESOTA,27,OTTER TAIL,111,WEST CENTRAL,40,2014,156900.0,158000.0,5271000.0,33.6,1
MINNESOTA,27,OTTER TAIL,111,WEST CENTRAL,40,2015,152900.0,154000.0,6708000.0,43.9,1
MINNESOTA,27,OTTER TAIL,111,WEST CENTRAL,40,2016,153100.0,154000.0,7328000.0,47.9,1
MINNESOTA,27,OTTER TAIL,111,WEST CENTRAL,40,2017,170900.0,172000.0,7190000.0,42.1,1
MINNESOTA,27,OTTER TAIL,111,WEST CENTRAL,40,2018,174800.0,176500.0,7738000.0,44.3,1
MINNESOTA,27,OTTER TAIL,111,WEST CENTRAL,40,2019,150300.0,151500.0,6162000.0,41.0,1
MINNESOTA,27,OTTER TAIL,111,WEST CENTRAL,40,2020,170000.0,171500.0,7667000.0,45.1,1
MINNESOTA,27,OTTER TAIL,111,WEST CENTRAL,40,2021,160800.0,164500.0,4438000.0,27.6,1
MINNESOTA,27,OTTER TAIL,111,WEST CENTRAL,40,2022,159700.0,161000.0,6308000.0,39.5,1
MINNESOTA,27,OTTER TAIL,111,WEST CENTRAL,40,2023,154600.0,156000.0,5212000.0,33.7,1
MINNESOTA,27,OTTER TAIL,111,WEST CENTRAL,40,2025,146000.0,147500.0,6585000.0,45.1,1
MINNESOTA,27,PENNINGTON,113,NORTHWEST,10,1983,2200.0,2300.0,33000.0,14.3,1
MINNESOTA,27,PENNINGTON,113,NORTHWEST,10,1984,8600.0,8700.0,163400.0,19.0,1
MINNESOTA,27,PENNINGTON,113,NORTHWEST,10,1985,2900.0,3100.0,55100.0,19.0,1
MINNESOTA,27,PENNINGTON,113,NORTHWEST,10,1986,1400.0,1400.0,35000.0,25.0,1
MINNESOTA,27,PENNINGTON,113,NORTHWEST,10,1987,2400.0,2400.0,72000.0,30.0,1
MINNESOTA,27,PENNINGTON,113,NORTHWEST,10,1988,3000.0,3100.0,57000.0,19.0,1
MINNESOTA,27,PENNINGTON,113,NORTHWEST,10,1989,1900.0,2000.0,38000.0,20.0,1
MINNESOTA,27,PENNINGTON,113,NORTHWEST,10,1992,1100.0,1300.0,22000.0,20.0,1
MINNESOTA,27,PENNINGTON,113,NORTHWEST,10,1996,2400.0,2500.0,60000.0,25.0,1
MINNESOTA,27,PENNINGTON,113,NORTHWEST,10,1997,11000.0,11100.0,319000.0,29.0,1
MINNESOTA,27,PENNINGTON,113,NORTHWEST,10,1998,36200.0,37200.0,868800.0,24.0,1
MINNESOTA,27,PENNINGTON,113,NORTHWEST,10,1999,17500.0,18000.0,455000.0,26.0,1
MINNESOTA,27,PENNINGTON,113,NORTHWEST,10,2000,47800.0,53000.0,1290600.0,27.0,1
MINNESOTA,27,PENNINGTON,113,NORTHWEST,10,2001,34700.0,35500.0,1041000.0,30.0,1
MINNESOTA,27,PENNINGTON,113,NORTHWEST,10,2002,65200.0,66200.0,1956000.0,30.0,1
MINNESOTA,27,PENNINGTON,113,NORTHWEST,10,2003,84800.0,85100.0,2289600.0,27.0,1
MINNESOTA,27,PENNINGTON,113,NORTHWEST,10,2004,58000.0,79700.0,406000.0,7.0,1
MINNESOTA,27,PENNINGTON,113,NORTHWEST,10,2005,71800.0,72700.0,2010400.0,28.0,1
MINNESOTA,27,PENNINGTON,113,NORTHWEST,10,2006,88900.0,89900.0,2222500.0,25.0,1
MINNESOTA,27,PENNINGTON,113,NORTHWEST,10,2007,77900.0,78400.0,2492800.0,32.0,1
MINNESOTA,27,PENNINGTON,113,NORTHWEST,10,2008,84800.0,87000.0,2412500.0,28.5,1
MINNESOTA,27,PENNINGTON,113,NORTHWEST,10,2009,94500.0,95500.0,2240000.0,23.5,1
MINNESOTA,27,PENNINGTON,113,NORTHWEST,10,2010,91600.0,93000.0,2692000.0,29.4,1
MINNESOTA,27,PENNINGTON,113,NORTHWEST,10,2011,102600.0,103000.0,3119000.0,30.4,1
MINNESOTA,27,PENNINGTON,113,NORTHWEST,10,2012,110800.0,111500.0,3849000.0,34.7,1
MINNESOTA,27,PENNINGTON,113,NORTHWEST,10,2013,108000.0,109000.0,3574000.0,33.1,1
MINNESOTA,27,PENNINGTON,113,NORTHWEST,10,2014,99100.0,99700.0,2903000.0,29.3,1
MINNESOTA,27,PENNINGTON,113,NORTHWEST,10,2015,119400.0,120000.0,4207000.0,35.2,1
MINNESOTA,27,PENNINGTON,113,NORTHWEST,10,2016,139100.0,140000.0,5531000.0,39.8,1
MINNESOTA,27,PENNINGTON,113,NORTHWEST,10,2017,141100.0,142000.0,3628000.0,25.7,1
MINNESOTA,27,PENNINGTON,113,NORTHWEST,10,2020,107600.0,108500.0,3777000.0,35.1,1
MINNESOTA,27,PENNINGTON,113,NORTHWEST,10,2021,124400.0,125500.0,2463000.0,19.8,1
MINNESOTA,27,PENNINGTON,113,NORTHWEST,10,2022,102700.0,103500.0,3541000.0,34.5,1
MINNESOTA,27,PENNINGTON,113,NORTHWEST,10,2024,89800.0,90600.0,3323000.0,37.0,1
MINNESOTA,27,PENNINGTON,113,NORTHWEST,10,2025,104800.0,106000.0,4208000.0,40.2,1
MINNESOTA,27,PINE,115,EAST CENTRAL,60,1980,3500.0,3600.0,72400.0,21.0,1
MINNESOTA,27,PINE,115,EAST CENTRAL,60,1981,2600.0,2900.0,46800.0,18.0,1
MINNESOTA,27,PINE,115,EAST CENTRAL,60,1982,3200.0,3300.0,70400.0,21.3,1
MINNESOTA,27,PINE,115,EAST CENTRAL,60,1983,2300.0,2500.0,57500.0,23.0,1
MINNESOTA,27,PINE,115,EAST CENTRAL,60,1984,2900.0,3000.0,72500.0,25.0,1
MINNESOTA,27,PINE,115,EAST CENTRAL,60,1985,2900.0,3000.0,72500.0,25.0,1
MINNESOTA,27,PINE,115,EAST CENTRAL,60,1986,3200.0,3200.0,92800.0,29.0,1
MINNESOTA,27,PINE,115,EAST CENTRAL,60,1987,1100.0,1100.0,33000.0,30.0,1
MINNESOTA,27,PINE,115,EAST CENTRAL,60,1988,2200.0,2200.0,28600.0,13.0,1
MINNESOTA,27,PINE,115,EAST CENTRAL,60,1989,2300.0,2900.0,46000.0,20.0,1
MINNESOTA,27,PINE,115,EAST CENTRAL,60,1990,2100.0,2200.0,67200.0,30.5,1
MINNESOTA,27,PINE,115,EAST CENTRAL,60,1991,3700.0,3900.0,103600.0,28.0,1
MINNESOTA,27,PINE,115,EAST CENTRAL,60,1992,5200.0,5700.0,93600.0,18.0,1
MINNESOTA,27,PINE,115,EAST CENTRAL,60,1993,4000.0,4600.0,100000.0,25.0,1
MINNESOTA,27,PINE,115,EAST CENTRAL,60,1994,5100.0,5200.0,168300.0,33.0,1
MINNESOTA,27,PINE,115,EAST CENTRAL,60,1995,4300.0,4800.0,146200.0,34.0,1
MINNESOTA,27,PINE,115,EAST CENTRAL,60,1996,5200.0,5500.0,119600.0,23.0,1
MINNESOTA,27,PINE,115,EAST CENTRAL,60,1997,5300.0,5400.0,174900.0,33.0,1
MINNESOTA,27,PINE,115,EAST CENTRAL,60,1998,6800.0,7100.0,190400.0,28.0,1
MINNESOTA,27,PINE,115,EAST CENTRAL,60,1999,7000.0,7200.0,252000.0,36.0,1
MINNESOTA,27,PINE,115,EAST CENTRAL,60,2000,8900.0,9000.0,284800.0,32.0,1
MINNESOTA,27,PINE,115,EAST CENTRAL,60,2001,8200.0,8400.0,237800.0,29.0,1
MINNESOTA,27,PINE,115,EAST CENTRAL,60,2002,8700.0,9000.0,374100.0,43.0,1
MINNESOTA,27,PINE,115,EAST CENTRAL,60,2003,10500.0,10600.0,241500.0,23.0,1
MINNESOTA,27,PINE,115,EAST CENTRAL,60,2004,9600.0,9800.0,297600.0,31.0,1
MINNESOTA,27,PINE,115,EAST CENTRAL,60,2005,9100.0,9300.0,227500.0,25.0,1
MINNESOTA,27,PINE,115,EAST CENTRAL,60,2006,10600.0,10900.0,487600.0,46.0,1
MINNESOTA,27,PINE,115,EAST CENTRAL,60,2007,10400.0,11100.0,332800.0,32.0,1
MINNESOTA,27,PINE,115,EAST CENTRAL,60,2008,11300.0,11500.0,293600.0,26.0,1
MINNESOTA,27,PINE,115,EAST CENTRAL,60,2009,12600.0,12900.0,430000.0,34.0,1
MINNESOTA,27,PINE,115,EAST CENTRAL,60,2010,12100.0,12200.0,512000.0,42.3,1
MINNESOTA,27,PINE,115,EAST CENTRAL,60,2011,15600.0,16000.0,576000.0,36.9,1
MINNESOTA,27,PINE,115,EAST CENTRAL,60,2012,15200.0,15800.0,551000.0,36.3,1
MINNESOTA,27,PINE,115,EAST CENTRAL,60,2013,16300.0,16600.0,459000.0,28.2,1
MINNESOTA,27,PINE,115,EAST CENTRAL,60,2014,7290.0,7500.0,233000.0,32.0,1
MINNESOTA,27,PINE,115,EAST CENTRAL,60,2015,16200.0,16300.0,795000.0,49.1,1
MINNESOTA,27,PINE,115,EAST CENTRAL,60,2019,14500.0,14700.0,513000.0,35.4,1
MINNESOTA,27,PINE,115,EAST CENTRAL,60,2020,16500.0,17800.0,790000.0,47.9,1
MINNESOTA,27,PINE,115,EAST CENTRAL,60,2021,18400.0,18600.0,758000.0,41.2,1
MINNESOTA,27,PINE,115,EAST CENTRAL,60,2022,19600.0,20000.0,802000.0,40.9,1
MINNESOTA,27,PINE,115,EAST CENTRAL,60,2023,18200.0,18400.0,664000.0,36.5,1
MINNESOTA,27,PINE,115,EAST CENTRAL,60,2024,16500.0,17000.0,596000.0,36.1,1
MINNESOTA,27,PINE,115,EAST CENTRAL,60,2025,18800.0,19000.0,859000.0,45.7,1
MINNESOTA,27,PIPESTONE,117,SOUTHWEST,70,1980,46500.0,46600.0,1602100.0,34.0,1
MINNESOTA,27,PIPESTONE,117,SOUTHWEST,70,1981,53200.0,53600.0,1561900.0,29.4,1
MINNESOTA,27,PIPESTONE,117,SOUTHWEST,70,1982,61100.0,62100.0,2145900.0,34.6,1
MINNESOTA,27,PIPESTONE,117,SOUTHWEST,70,1983,66000.0,66200.0,1980000.0,29.9,1
MINNESOTA,27,PIPESTONE,117,SOUTHWEST,70,1984,73400.0,74100.0,2055200.0,28.0,1
MINNESOTA,27,PIPESTONE,117,SOUTHWEST,70,1985,66200.0,67100.0,1985000.0,30.0,1
MINNESOTA,27,PIPESTONE,117,SOUTHWEST,70,1986,69800.0,70400.0,2163800.0,31.0,1
MINNESOTA,27,PIPESTONE,117,SOUTHWEST,70,1987,64700.0,65400.0,2393900.0,37.0,1
MINNESOTA,27,PIPESTONE,117,SOUTHWEST,70,1988,71700.0,72600.0,1649100.0,23.0,1
MINNESOTA,27,PIPESTONE,117,SOUTHWEST,70,1989,73400.0,74400.0,2422200.0,33.0,1
MINNESOTA,27,PIPESTONE,117,SOUTHWEST,70,1990,71300.0,72600.0,2852000.0,40.0,1
MINNESOTA,27,PIPESTONE,117,SOUTHWEST,70,1991,78100.0,79600.0,2889700.0,37.0,1
MINNESOTA,27,PIPESTONE,117,SOUTHWEST,70,1992,83700.0,85300.0,1925100.0,23.0,1
MINNESOTA,27,PIPESTONE,117,SOUTHWEST,70,1993,46000.0,57800.0,598000.0,13.0,1
MINNESOTA,27,PIPESTONE,117,SOUTHWEST,70,1994,86200.0,88000.0,3448000.0,40.0,1
MINNESOTA,27,PIPESTONE,117,SOUTHWEST,70,1995,95200.0,97500.0,3332000.0,35.0,1
MINNESOTA,27,PIPESTONE,117,SOUTHWEST,70,1996,89600.0,91100.0,3225600.0,36.0,1
MINNESOTA,27,PIPESTONE,117,SOUTHWEST,70,1997,100800.0,101600.0,3528000.0,35.0,1
MINNESOTA,27,PIPESTONE,117,SOUTHWEST,70,1998,96800.0,97600.0,4065600.0,42.0,1
MINNESOTA,27,PIPESTONE,117,SOUTHWEST,70,1999,107700.0,109000.0,4523400.0,42.0,1
MINNESOTA,27,PIPESTONE,117,SOUTHWEST,70,2000,94700.0,96200.0,3788000.0,40.0,1
MINNESOTA,27,PIPESTONE,117,SOUTHWEST,70,2001,102500.0,103400.0,3997500.0,39.0,1
MINNESOTA,27,PIPESTONE,117,SOUTHWEST,70,2002,92900.0,94400.0,3994700.0,43.0,1
MINNESOTA,27,PIPESTONE,117,SOUTHWEST,70,2003,99600.0,100000.0,3585600.0,36.0,1
MINNESOTA,27,PIPESTONE,117,SOUTHWEST,70,2004,91200.0,91500.0,3009600.0,33.0,1
MINNESOTA,27,PIPESTONE,117,SOUTHWEST,70,2005,92300.0,93400.0,4338100.0,47.0,1
MINNESOTA,27,PIPESTONE,117,SOUTHWEST,70,2006,88200.0,89300.0,4321800.0,49.0,1
MINNESOTA,27,PIPESTONE,117,SOUTHWEST,70,2007,83000.0,83200.0,3652000.0,44.0,1
MINNESOTA,27,PIPESTONE,117,SOUTHWEST,70,2008,86400.0,87100.0,3292900.0,38.0,1
MINNESOTA,27,PIPESTONE,117,SOUTHWEST,70,2009,90900.0,91900.0,4010000.0,44.0,1
MINNESOTA,27,PIPESTONE,117,SOUTHWEST,70,2010,94200.0,95000.0,4596000.0,48.8,1
MINNESOTA,27,PIPESTONE,117,SOUTHWEST,70,2011,91700.0,93100.0,3558000.0,38.8,1
MINNESOTA,27,PIPESTONE,117,SOUTHWEST,70,2012,86400.0,86900.0,3537000.0,40.9,1
MINNESOTA,27,PIPESTONE,117,SOUTHWEST,70,2013,82900.0,83700.0,4163000.0,50.2,1
MINNESOTA,27,PIPESTONE,117,SOUTHWEST,70,2014,89900.0,91000.0,3798000.0,42.2,1
MINNESOTA,27,PIPESTONE,117,SOUTHWEST,70,2016,89400.0,90000.0,5161000.0,57.7,1
MINNESOTA,27,PIPESTONE,117,SOUTHWEST,70,2017,90900.0,91500.0,4877000.0,53.7,1
MINNESOTA,27,PIPESTONE,117,SOUTHWEST,70,2019,74600.0,75100.0,3340000.0,44.8,1
MINNESOTA,27,PIPESTONE,117,SOUTHWEST,70,2020,89500.0,90300.0,4654000.0,52.0,1
MINNESOTA,27,PIPESTONE,117,SOUTHWEST,70,2021,88000.0,88800.0,4347000.0,49.4,1
MINNESOTA,27,PIPESTONE,117,SOUTHWEST,70,2022,93900.0,94600.0,4160000.0,44.3,1
MINNESOTA,27,PIPESTONE,117,SOUTHWEST,70,2023,84700.0,85500.0,3710000.0,43.8,1
MINNESOTA,27,POLK,119,NORTHWEST,10,1980,5500.0,5500.0,113700.0,21.0,1
MINNESOTA,27,POLK,119,NORTHWEST,10,1981,5500.0,5700.0,165000.0,30.0,1
MINNESOTA,27,POLK,119,NORTHWEST,10,1982,13800.0,14400.0,248400.0,18.0,1
MINNESOTA,27,POLK,119,NORTHWEST,10,1983,29800.0,30000.0,804600.0,26.8,1
MINNESOTA,27,POLK,119,NORTHWEST,10,1984,50100.0,50400.0,1252500.0,25.0,1
MINNESOTA,27,POLK,119,NORTHWEST,10,1985,36100.0,40100.0,758100.0,21.0,1
MINNESOTA,27,POLK,119,NORTHWEST,10,1986,24500.0,24600.0,759500.0,31.0,1
MINNESOTA,27,POLK,119,NORTHWEST,10,1987,34300.0,34500.0,1063300.0,31.0,1
MINNESOTA,27,POLK,119,NORTHWEST,10,1988,37300.0,38500.0,708700.0,19.0,1
MINNESOTA,27,POLK,119,NORTHWEST,10,1989,34000.0,34300.0,646000.0,19.0,1
MINNESOTA,27,POLK,119,NORTHWEST,10,1990,16100.0,17100.0,370300.0,23.0,1
MINNESOTA,27,POLK,119,NORTHWEST,10,1991,19200.0,19600.0,710400.0,37.0,1
MINNESOTA,27,POLK,119,NORTHWEST,10,1992,22300.0,23000.0,490600.0,22.0,1
MINNESOTA,27,POLK,119,NORTHWEST,10,1993,19500.0,20700.0,546000.0,28.0,1
MINNESOTA,27,POLK,119,NORTHWEST,10,1994,22400.0,23400.0,604800.0,27.0,1
MINNESOTA,27,POLK,119,NORTHWEST,10,1995,35000.0,35500.0,1050000.0,30.0,1
MINNESOTA,27,POLK,119,NORTHWEST,10,1996,71600.0,72300.0,2004800.0,28.0,1
MINNESOTA,27,POLK,119,NORTHWEST,10,1997,108800.0,111200.0,3264000.0,30.0,1
MINNESOTA,27,POLK,119,NORTHWEST,10,1998,194000.0,196000.0,6014000.0,31.0,1
MINNESOTA,27,POLK,119,NORTHWEST,10,1999,182300.0,186000.0,5469000.0,30.0,1
MINNESOTA,27,POLK,119,NORTHWEST,10,2000,236000.0,242800.0,7552000.0,32.0,1
MINNESOTA,27,POLK,119,NORTHWEST,10,2001,190900.0,193900.0,6108800.0,32.0,1
MINNESOTA,27,POLK,119,NORTHWEST,10,2002,223300.0,233200.0,7368900.0,33.0,1
MINNESOTA,27,POLK,119,NORTHWEST,10,2003,279500.0,280400.0,8385000.0,30.0,1
MINNESOTA,27,POLK,119,NORTHWEST,10,2004,267600.0,282000.0,3211200.0,12.0,1
MINNESOTA,27,POLK,119,NORTHWEST,10,2005,224800.0,229000.0,6968800.0,31.0,1
MINNESOTA,27,POLK,119,NORTHWEST,10,2006,258500.0,261300.0,7496500.0,29.0,1
MINNESOTA,27,POLK,119,NORTHWEST,10,2007,210000.0,211500.0,7980000.0,38.0,1
MINNESOTA,27,POLK,119,NORTHWEST,10,2008,226500.0,229000.0,6501400.0,28.5,1
MINNESOTA,27,POLK,119,NORTHWEST,10,2009,253000.0,255500.0,7394000.0,29.0,1
MINNESOTA,27,POLK,119,NORTHWEST,10,2010,269000.0,272000.0,9256000.0,34.4,1
MINNESOTA,27,POLK,119,NORTHWEST,10,2011,252000.0,255000.0,8484000.0,33.7,1
MINNESOTA,27,POLK,119,NORTHWEST,10,2012,262500.0,264000.0,9364000.0,35.7,1
MINNESOTA,27,POLK,119,NORTHWEST,10,2013,279000.0,283000.0,10210000.0,36.6,1
MINNESOTA,27,POLK,119,NORTHWEST,10,2014,288000.0,290500.0,10452000.0,36.3,1
MINNESOTA,27,POLK,119,NORTHWEST,10,2015,284000.0,285500.0,10116000.0,35.6,1
MINNESOTA,27,POLK,119,NORTHWEST,10,2016,299000.0,302000.0,13025000.0,43.6,1
MINNESOTA,27,POLK,119,NORTHWEST,10,2017,324000.0,326000.0,12433000.0,38.4,1
MINNESOTA,27,POLK,119,NORTHWEST,10,2018,284500.0,286500.0,12153000.0,42.7,1
MINNESOTA,27,POLK,119,NORTHWEST,10,2019,278000.0,282000.0,9821000.0,35.3,1
MINNESOTA,27,POLK,119,NORTHWEST,10,2020,307500.0,309500.0,11285000.0,36.7,1
MINNESOTA,27,POLK,119,NORTHWEST,10,2021,316000.0,318500.0,7616000.0,24.1,1
MINNESOTA,27,POLK,119,NORTHWEST,10,2022,284500.0,287000.0,10953000.0,38.5,1
MINNESOTA,27,POLK,119,NORTHWEST,10,2023,280500.0,283000.0,11757000.0,41.9,1
MINNESOTA,27,POLK,119,NORTHWEST,10,2024,278500.0,281000.0,11923000.0,42.8,1
MINNESOTA,27,POLK,119,NORTHWEST,10,2025,266000.0,268500.0,11624000.0,43.7,1
MINNESOTA,27,POPE,121,WEST CENTRAL,40,1980,37800.0,38000.0,967500.0,26.0,1
MINNESOTA,27,POPE,121,WEST CENTRAL,40,1981,36600.0,37000.0,1171200.0,32.0,1
MINNESOTA,27,POPE,121,WEST CENTRAL,40,1982,36400.0,37500.0,1128400.0,31.0,1
MINNESOTA,27,POPE,121,WEST CENTRAL,40,1983,37700.0,37800.0,1281800.0,34.0,1
MINNESOTA,27,POPE,121,WEST CENTRAL,40,1984,46300.0,46700.0,1296400.0,28.0,1
MINNESOTA,27,POPE,121,WEST CENTRAL,40,1985,37800.0,38200.0,1020600.0,27.0,1
MINNESOTA,27,POPE,121,WEST CENTRAL,40,1986,34900.0,35800.0,1047000.0,30.0,1
MINNESOTA,27,POPE,121,WEST CENTRAL,40,1987,42200.0,42300.0,1392600.0,33.0,1
MINNESOTA,27,POPE,121,WEST CENTRAL,40,1988,45700.0,47200.0,868300.0,19.0,1
MINNESOTA,27,POPE,121,WEST CENTRAL,40,1989,49500.0,49700.0,1584000.0,32.0,1
MINNESOTA,27,POPE,121,WEST CENTRAL,40,1990,46300.0,47100.0,1527900.0,32.4,1
MINNESOTA,27,POPE,121,WEST CENTRAL,40,1991,55200.0,56300.0,2042400.0,37.0,1
MINNESOTA,27,POPE,121,WEST CENTRAL,40,1992,63300.0,64000.0,1582500.0,25.0,1
MINNESOTA,27,POPE,121,WEST CENTRAL,40,1993,61100.0,62300.0,1405300.0,23.0,1
MINNESOTA,27,POPE,121,WEST CENTRAL,40,1994,65900.0,67200.0,2240600.0,34.0,1
MINNESOTA,27,POPE,121,WEST CENTRAL,40,1995,66800.0,67700.0,2538400.0,38.0,1
MINNESOTA,27,POPE,121,WEST CENTRAL,40,1996,72000.0,73300.0,2376000.0,33.0,1
MINNESOTA,27,POPE,121,WEST CENTRAL,40,1997,82500.0,82700.0,3135000.0,38.0,1
MINNESOTA,27,POPE,121,WEST CENTRAL,40,1998,81200.0,82900.0,3166800.0,39.0,1
MINNESOTA,27,POPE,121,WEST CENTRAL,40,1999,86800.0,88500.0,3732400.0,43.0,1
MINNESOTA,27,POPE,121,WEST CENTRAL,40,2000,86500.0,88000.0,3546500.0,41.0,1
MINNESOTA,27,POPE,121,WEST CENTRAL,40,2001,92100.0,93200.0,3499800.0,38.0,1
MINNESOTA,27,POPE,121,WEST CENTRAL,40,2002,87300.0,88700.0,3579300.0,41.0,1
MINNESOTA,27,POPE,121,WEST CENTRAL,40,2003,87400.0,88700.0,2622000.0,30.0,1
MINNESOTA,27,POPE,121,WEST CENTRAL,40,2004,84600.0,84800.0,2791800.0,33.0,1
MINNESOTA,27,POPE,121,WEST CENTRAL,40,2005,83800.0,84800.0,3519600.0,42.0,1
MINNESOTA,27,POPE,121,WEST CENTRAL,40,2006,81800.0,83200.0,2699400.0,33.0,1
MINNESOTA,27,POPE,121,WEST CENTRAL,40,2007,71100.0,71600.0,2346300.0,33.0,1
MINNESOTA,27,POPE,121,WEST CENTRAL,40,2008,76800.0,77500.0,2822900.0,37.0,1
MINNESOTA,27,POPE,121,WEST CENTRAL,40,2009,81100.0,82000.0,3045000.0,37.5,1
MINNESOTA,27,POPE,121,WEST CENTRAL,40,2010,88600.0,89500.0,3714000.0,41.9,1
MINNESOTA,27,POPE,121,WEST CENTRAL,40,2011,77300.0,79000.0,2769000.0,35.8,1
MINNESOTA,27,POPE,121,WEST CENTRAL,40,2012,80600.0,81100.0,3705000.0,46.0,1
MINNESOTA,27,POPE,121,WEST CENTRAL,40,2013,78000.0,79100.0,2957000.0,37.9,1
MINNESOTA,27,POPE,121,WEST CENTRAL,40,2014,85300.0,85800.0,3789000.0,44.4,1
MINNESOTA,27,POPE,121,WEST CENTRAL,40,2015,83900.0,84600.0,4154000.0,49.5,1
MINNESOTA,27,POPE,121,WEST CENTRAL,40,2016,82200.0,83100.0,4251000.0,51.7,1
MINNESOTA,27,POPE,121,WEST CENTRAL,40,2017,85400.0,86100.0,3933000.0,46.1,1
MINNESOTA,27,POPE,121,WEST CENTRAL,40,2018,92400.0,93300.0,4693000.0,50.8,1
MINNESOTA,27,POPE,121,WEST CENTRAL,40,2020,86700.0,87400.0,3988000.0,46.0,1
MINNESOTA,27,POPE,121,WEST CENTRAL,40,2021,79500.0,80100.0,2981000.0,37.5,1
MINNESOTA,27,POPE,121,WEST CENTRAL,40,2022,87300.0,88000.0,3867000.0,44.3,1
MINNESOTA,27,POPE,121,WEST CENTRAL,40,2023,75600.0,76300.0,3636000.0,48.1,1
MINNESOTA,27,POPE,121,WEST CENTRAL,40,2024,86100.0,86900.0,3866000.0,44.9,1
MINNESOTA,27,POPE,121,WEST CENTRAL,40,2025,69900.0,72400.0,3041000.0,43.5,1
MINNESOTA,27,RAMSEY,123,EAST CENTRAL,60,1980,200.0,200.0,5500.0,28.0,1
MINNESOTA,27,RAMSEY,123,EAST CENTRAL,60,1983,400.0,500.0,10400.0,20.8,1
MINNESOTA,27,RAMSEY,123,EAST CENTRAL,60,1984,1400.0,1500.0,43400.0,31.0,1
MINNESOTA,27,RAMSEY,123,EAST CENTRAL,60,1985,1900.0,2000.0,58900.0,31.0,1
MINNESOTA,27,RAMSEY,123,EAST CENTRAL,60,1986,1400.0,1400.0,50400.0,36.0,1
MINNESOTA,27,RED LAKE,125,NORTHWEST,10,1981,500.0,800.0,14500.0,29.0,1
MINNESOTA,27,RED LAKE,125,NORTHWEST,10,1982,1000.0,1100.0,16000.0,16.0,1
MINNESOTA,27,RED LAKE,125,NORTHWEST,10,1983,3700.0,3900.0,85100.0,21.8,1
MINNESOTA,27,RED LAKE,125,NORTHWEST,10,1984,8900.0,9100.0,204700.0,23.0,1
MINNESOTA,27,RED LAKE,125,NORTHWEST,10,1985,4600.0,4800.0,50600.0,11.0,1
MINNESOTA,27,RED LAKE,125,NORTHWEST,10,1986,4200.0,4300.0,121800.0,29.0,1
MINNESOTA,27,RED LAKE,125,NORTHWEST,10,1987,2400.0,2400.0,74400.0,31.0,1
MINNESOTA,27,RED LAKE,125,NORTHWEST,10,1988,5000.0,5200.0,95000.0,19.0,1
MINNESOTA,27,RED LAKE,125,NORTHWEST,10,1989,4800.0,4900.0,105600.0,22.0,1
MINNESOTA,27,RED LAKE,125,NORTHWEST,10,1990,2600.0,2800.0,59800.0,21.4,1
MINNESOTA,27,RED LAKE,125,NORTHWEST,10,1991,3400.0,3500.0,115600.0,34.0,1
MINNESOTA,27,RED LAKE,125,NORTHWEST,10,1992,3000.0,3400.0,54000.0,18.0,1
MINNESOTA,27,RED LAKE,125,NORTHWEST,10,1993,2500.0,2500.0,62500.0,25.0,1
MINNESOTA,27,RED LAKE,125,NORTHWEST,10,1994,2700.0,2900.0,75600.0,28.0,1
MINNESOTA,27,RED LAKE,125,NORTHWEST,10,1995,5900.0,6000.0,147500.0,25.0,1
MINNESOTA,27,RED LAKE,125,NORTHWEST,10,1996,13800.0,13900.0,345000.0,25.0,1
MINNESOTA,27,RED LAKE,125,NORTHWEST,10,1997,21700.0,21900.0,629300.0,29.0,1
MINNESOTA,27,RED LAKE,125,NORTHWEST,10,1998,40800.0,41300.0,1142400.0,28.0,1
MINNESOTA,27,RED LAKE,125,NORTHWEST,10,1999,46200.0,47300.0,1201200.0,26.0,1
MINNESOTA,27,RED LAKE,125,NORTHWEST,10,2000,58900.0,60900.0,1825900.0,31.0,1
MINNESOTA,27,RED LAKE,125,NORTHWEST,10,2001,53700.0,54100.0,1557300.0,29.0,1
MINNESOTA,27,RED LAKE,125,NORTHWEST,10,2002,58100.0,60400.0,1743000.0,30.0,1
MINNESOTA,27,RED LAKE,125,NORTHWEST,10,2003,67800.0,68000.0,1898400.0,28.0,1
MINNESOTA,27,RED LAKE,125,NORTHWEST,10,2004,61900.0,66900.0,742800.0,12.0,1
MINNESOTA,27,RED LAKE,125,NORTHWEST,10,2005,59200.0,60000.0,1894400.0,32.0,1
MINNESOTA,27,RED LAKE,125,NORTHWEST,10,2006,64400.0,65400.0,1803200.0,28.0,1
MINNESOTA,27,RED LAKE,125,NORTHWEST,10,2007,59100.0,59400.0,2009400.0,34.0,1
MINNESOTA,27,RED LAKE,125,NORTHWEST,10,2009,67300.0,68000.0,1863000.0,27.5,1
MINNESOTA,27,RED LAKE,125,NORTHWEST,10,2010,67000.0,67500.0,2177000.0,32.5,1
MINNESOTA,27,RED LAKE,125,NORTHWEST,10,2011,73200.0,73800.0,2355000.0,32.2,1
MINNESOTA,27,RED LAKE,125,NORTHWEST,10,2012,75600.0,76100.0,2678000.0,35.4,1
MINNESOTA,27,RED LAKE,125,NORTHWEST,10,2013,76900.0,77600.0,2492000.0,32.4,1
MINNESOTA,27,RED LAKE,125,NORTHWEST,10,2015,82900.0,83300.0,2942000.0,35.5,1
MINNESOTA,27,RED LAKE,125,NORTHWEST,10,2016,86800.0,87500.0,3860000.0,44.5,1
MINNESOTA,27,RED LAKE,125,NORTHWEST,10,2017,92100.0,92700.0,3553000.0,38.6,1
MINNESOTA,27,RED LAKE,125,NORTHWEST,10,2018,80100.0,80700.0,3043000.0,38.0,1
MINNESOTA,27,RED LAKE,125,NORTHWEST,10,2019,79900.0,80700.0,2935000.0,36.7,1
MINNESOTA,27,RED LAKE,125,NORTHWEST,10,2020,76800.0,77500.0,2765000.0,36.0,1
MINNESOTA,27,RED LAKE,125,NORTHWEST,10,2021,88200.0,88900.0,1623000.0,18.4,1
MINNESOTA,27,RED LAKE,125,NORTHWEST,10,2022,77200.0,77900.0,2985000.0,38.7,1
MINNESOTA,27,RED LAKE,125,NORTHWEST,10,2023,81900.0,82700.0,3178000.0,38.8,1
MINNESOTA,27,RED LAKE,125,NORTHWEST,10,2024,76300.0,78100.0,3212000.0,42.1,1
MINNESOTA,27,RED LAKE,125,NORTHWEST,10,2025,81100.0,82800.0,3447000.0,42.5,1
MINNESOTA,27,REDWOOD,127,SOUTHWEST,70,1980,229700.0,231400.0,7687800.0,33.0,1
MINNESOTA,27,REDWOOD,127,SOUTHWEST,70,1981,200400.0,206500.0,5880000.0,29.3,1
MINNESOTA,27,REDWOOD,127,SOUTHWEST,70,1982,211000.0,217200.0,7663000.0,35.3,1
MINNESOTA,27,REDWOOD,127,SOUTHWEST,70,1983,199400.0,199600.0,6979000.0,35.0,1
MINNESOTA,27,REDWOOD,127,SOUTHWEST,70,1984,203200.0,205000.0,7518400.0,37.0,1
MINNESOTA,27,REDWOOD,127,SOUTHWEST,70,1985,223900.0,226600.0,7836500.0,35.0,1
MINNESOTA,27,REDWOOD,127,SOUTHWEST,70,1986,198600.0,200500.0,6951000.0,35.0,1
MINNESOTA,27,REDWOOD,127,SOUTHWEST,70,1987,213400.0,215900.0,8536000.0,40.0,1
MINNESOTA,27,REDWOOD,127,SOUTHWEST,70,1988,214600.0,217500.0,5150400.0,24.0,1
MINNESOTA,27,REDWOOD,127,SOUTHWEST,70,1989,215600.0,216800.0,8192800.0,38.0,1
MINNESOTA,27,REDWOOD,127,SOUTHWEST,70,1990,204400.0,208500.0,8993600.0,44.0,1
MINNESOTA,27,REDWOOD,127,SOUTHWEST,70,1991,217800.0,224200.0,8276400.0,38.0,1
MINNESOTA,27,REDWOOD,127,SOUTHWEST,70,1992,226900.0,228000.0,8849100.0,39.0,1
MINNESOTA,27,REDWOOD,127,SOUTHWEST,70,1993,204700.0,226200.0,4708100.0,23.0,1
MINNESOTA,27,REDWOOD,127,SOUTHWEST,70,1994,227500.0,229100.0,9782500.0,43.0,1
MINNESOTA,27,REDWOOD,127,SOUTHWEST,70,1995,233100.0,236600.0,10023300.0,43.0,1
MINNESOTA,27,REDWOOD,127,SOUTHWEST,70,1996,221600.0,225100.0,9528800.0,43.0,1
MINNESOTA,27,REDWOOD,127,SOUTHWEST,70,1997,237600.0,238400.0,9741600.0,41.0,1
MINNESOTA,27,REDWOOD,127,SOUTHWEST,70,1998,230800.0,238000.0,9924400.0,43.0,1
MINNESOTA,27,REDWOOD,127,SOUTHWEST,70,1999,227800.0,234000.0,10478800.0,46.0,1
MINNESOTA,27,REDWOOD,127,SOUTHWEST,70,2000,226500.0,230500.0,9739500.0,43.0,1
MINNESOTA,27,REDWOOD,127,SOUTHWEST,70,2001,225900.0,227900.0,8584200.0,38.0,1
MINNESOTA,27,REDWOOD,127,SOUTHWEST,70,2002,221800.0,223500.0,9759200.0,44.0,1
MINNESOTA,27,REDWOOD,127,SOUTHWEST,70,2003,217800.0,218700.0,7405200.0,34.0,1
MINNESOTA,27,REDWOOD,127,SOUTHWEST,70,2004,212700.0,213000.0,8295300.0,39.0,1
MINNESOTA,27,REDWOOD,127,SOUTHWEST,70,2005,211100.0,213700.0,10555000.0,50.0,1
MINNESOTA,27,REDWOOD,127,SOUTHWEST,70,2006,211200.0,214000.0,10982400.0,52.0,1
MINNESOTA,27,REDWOOD,127,SOUTHWEST,70,2007,195600.0,197000.0,9193200.0,47.0,1
MINNESOTA,27,REDWOOD,127,SOUTHWEST,70,2008,212000.0,214000.0,9004800.0,42.5,1
MINNESOTA,27,REDWOOD,127,SOUTHWEST,70,2009,207000.0,209000.0,9443000.0,45.5,1
MINNESOTA,27,REDWOOD,127,SOUTHWEST,70,2010,217000.0,219000.0,11125000.0,51.3,1
MINNESOTA,27,REDWOOD,127,SOUTHWEST,70,2011,206000.0,209000.0,7792000.0,37.8,1
MINNESOTA,27,REDWOOD,127,SOUTHWEST,70,2012,198300.0,201500.0,9031000.0,45.5,1
MINNESOTA,27,REDWOOD,127,SOUTHWEST,70,2013,192600.0,194500.0,9320000.0,48.4,1
MINNESOTA,27,REDWOOD,127,SOUTHWEST,70,2014,204000.0,205500.0,9454000.0,46.3,1
MINNESOTA,27,REDWOOD,127,SOUTHWEST,70,2015,209500.0,211000.0,11422000.0,54.5,1
MINNESOTA,27,REDWOOD,127,SOUTHWEST,70,2016,201500.0,204500.0,11310000.0,56.1,1
MINNESOTA,27,REDWOOD,127,SOUTHWEST,70,2017,209000.0,210500.0,11518000.0,55.1,1
MINNESOTA,27,REDWOOD,127,SOUTHWEST,70,2018,208000.0,211000.0,10472000.0,50.3,1
MINNESOTA,27,REDWOOD,127,SOUTHWEST,70,2019,192300.0,195000.0,9625000.0,50.1,1
MINNESOTA,27,REDWOOD,127,SOUTHWEST,70,2020,203500.0,205500.0,11600000.0,57.0,1
MINNESOTA,27,REDWOOD,127,SOUTHWEST,70,2021,205500.0,207500.0,10727000.0,52.2,1
MINNESOTA,27,REDWOOD,127,SOUTHWEST,70,2022,211000.0,212500.0,10571000.0,50.1,1
MINNESOTA,27,REDWOOD,127,SOUTHWEST,70,2023,206500.0,208500.0,10201000.0,49.4,1
MINNESOTA,27,RENVILLE,129,CENTRAL,50,1980,223100.0,224300.0,7027700.0,32.0,1
MINNESOTA,27,RENVILLE,129,CENTRAL,50,1981,203900.0,204700.0,6932600.0,34.0,1
MINNESOTA,27,RENVILLE,129,CENTRAL,50,1982,234400.0,238300.0,8754300.0,37.3,1
MINNESOTA,27,RENVILLE,129,CENTRAL,50,1983,209200.0,210000.0,7950100.0,37.9,1
MINNESOTA,27,RENVILLE,129,CENTRAL,50,1984,255500.0,258800.0,9709000.0,38.0,1
MINNESOTA,27,RENVILLE,129,CENTRAL,50,1985,238700.0,241400.0,8354500.0,35.0,1
MINNESOTA,27,RENVILLE,129,CENTRAL,50,1986,212100.0,219000.0,7211400.0,34.0,1
MINNESOTA,27,RENVILLE,129,CENTRAL,50,1987,200000.0,203200.0,8600000.0,43.0,1
MINNESOTA,27,RENVILLE,129,CENTRAL,50,1988,209000.0,211600.0,4807000.0,23.0,1
MINNESOTA,27,RENVILLE,129,CENTRAL,50,1989,210700.0,211800.0,8428000.0,40.0,1
MINNESOTA,27,RENVILLE,129,CENTRAL,50,1990,201800.0,204700.0,8677400.0,43.0,1
MINNESOTA,27,RENVILLE,129,CENTRAL,50,1991,223000.0,234400.0,8920000.0,40.0,1
MINNESOTA,27,RENVILLE,129,CENTRAL,50,1992,236300.0,240900.0,8034200.0,34.0,1
MINNESOTA,27,RENVILLE,129,CENTRAL,50,1993,217900.0,241000.0,4793800.0,22.0,1
MINNESOTA,27,RENVILLE,129,CENTRAL,50,1994,233700.0,236100.0,10282800.0,44.0,1
MINNESOTA,27,RENVILLE,129,CENTRAL,50,1995,236700.0,239600.0,10414800.0,44.0,1
MINNESOTA,27,RENVILLE,129,CENTRAL,50,1996,230500.0,233800.0,9450500.0,41.0,1
MINNESOTA,27,RENVILLE,129,CENTRAL,50,1997,251800.0,255400.0,10072000.0,40.0,1
MINNESOTA,27,RENVILLE,129,CENTRAL,50,1998,240200.0,243100.0,10809000.0,45.0,1
MINNESOTA,27,RENVILLE,129,CENTRAL,50,1999,244200.0,246600.0,11477400.0,47.0,1
MINNESOTA,27,RENVILLE,129,CENTRAL,50,2000,243800.0,247900.0,10971000.0,45.0,1
MINNESOTA,27,RENVILLE,129,CENTRAL,50,2001,249900.0,251800.0,9746100.0,39.0,1
MINNESOTA,27,RENVILLE,129,CENTRAL,50,2002,233300.0,235000.0,11198400.0,48.0,1
MINNESOTA,27,RENVILLE,129,CENTRAL,50,2003,223200.0,224900.0,7365600.0,33.0,1
MINNESOTA,27,RENVILLE,129,CENTRAL,50,2004,217500.0,217800.0,7395000.0,34.0,1
MINNESOTA,27,RENVILLE,129,CENTRAL,50,2005,196500.0,198700.0,9825000.0,50.0,1
MINNESOTA,27,RENVILLE,129,CENTRAL,50,2006,199600.0,202200.0,10578800.0,53.0,1
MINNESOTA,27,RENVILLE,129,CENTRAL,50,2007,167500.0,173000.0,7537500.0,45.0,1
MINNESOTA,27,RENVILLE,129,CENTRAL,50,2008,208000.0,209500.0,9150800.0,44.0,1
MINNESOTA,27,RENVILLE,129,CENTRAL,50,2009,189700.0,191500.0,8686000.0,46.0,1
MINNESOTA,27,RENVILLE,129,CENTRAL,50,2010,199000.0,201000.0,10309000.0,51.8,1
MINNESOTA,27,RENVILLE,129,CENTRAL,50,2011,182800.0,184500.0,6763000.0,37.0,1
MINNESOTA,27,RENVILLE,129,CENTRAL,50,2012,170000.0,171000.0,7794000.0,45.8,1
MINNESOTA,27,RENVILLE,129,CENTRAL,50,2013,167200.0,169000.0,8245000.0,49.3,1
MINNESOTA,27,RENVILLE,129,CENTRAL,50,2014,202000.0,204500.0,8532000.0,42.2,1
MINNESOTA,27,RENVILLE,129,CENTRAL,50,2015,215000.0,216000.0,11881000.0,55.3,1
MINNESOTA,27,RENVILLE,129,CENTRAL,50,2016,199600.0,202000.0,10945000.0,54.8,1
MINNESOTA,27,RENVILLE,129,CENTRAL,50,2017,228500.0,230000.0,11996000.0,52.5,1
MINNESOTA,27,RENVILLE,129,CENTRAL,50,2018,196800.0,199000.0,10678000.0,54.3,1
MINNESOTA,27,RENVILLE,129,CENTRAL,50,2019,178600.0,181500.0,8835000.0,49.5,1
MINNESOTA,27,RENVILLE,129,CENTRAL,50,2020,186900.0,188500.0,9943000.0,53.2,1
MINNESOTA,27,RENVILLE,129,CENTRAL,50,2021,189600.0,191500.0,9897000.0,52.2,1
MINNESOTA,27,RENVILLE,129,CENTRAL,50,2022,195200.0,197000.0,10463000.0,53.6,1
MINNESOTA,27,RENVILLE,129,CENTRAL,50,2023,187700.0,189500.0,10004000.0,53.3,1
MINNESOTA,27,RENVILLE,129,CENTRAL,50,2024,191200.0,193000.0,8566000.0,44.8,1
MINNESOTA,27,RENVILLE,129,CENTRAL,50,2025,175200.0,177000.0,10092000.0,57.6,1
MINNESOTA,27,RICE,131,SOUTH CENTRAL,80,1980,53400.0,54400.0,1734700.0,32.0,1
MINNESOTA,27,RICE,131,SOUTH CENTRAL,80,1981,46900.0,47300.0,1724300.0,36.8,1
MINNESOTA,27,RICE,131,SOUTH CENTRAL,80,1982,45700.0,46600.0,1578100.0,33.9,1
MINNESOTA,27,RICE,131,SOUTH CENTRAL,80,1983,40200.0,40700.0,1366800.0,34.0,1
MINNESOTA,27,RICE,131,SOUTH CENTRAL,80,1984,48200.0,48300.0,1735200.0,36.0,1
MINNESOTA,27,RICE,131,SOUTH CENTRAL,80,1985,46200.0,47200.0,1386000.0,30.0,1
MINNESOTA,27,RICE,131,SOUTH CENTRAL,80,1986,42100.0,42600.0,1726100.0,41.0,1
MINNESOTA,27,RICE,131,SOUTH CENTRAL,80,1987,38300.0,38400.0,1646900.0,43.0,1
MINNESOTA,27,RICE,131,SOUTH CENTRAL,80,1988,38400.0,39000.0,1113600.0,29.0,1
MINNESOTA,27,RICE,131,SOUTH CENTRAL,80,1989,38400.0,39400.0,1651200.0,43.0,1
MINNESOTA,27,RICE,131,SOUTH CENTRAL,80,1990,33600.0,34200.0,1444800.0,42.2,1
MINNESOTA,27,RICE,131,SOUTH CENTRAL,80,1991,42800.0,44100.0,1369600.0,32.0,1
MINNESOTA,27,RICE,131,SOUTH CENTRAL,80,1992,42800.0,43200.0,1583600.0,37.0,1
MINNESOTA,27,RICE,131,SOUTH CENTRAL,80,1993,44900.0,45900.0,1526600.0,34.0,1
MINNESOTA,27,RICE,131,SOUTH CENTRAL,80,1994,47200.0,48200.0,2076800.0,44.0,1
MINNESOTA,27,RICE,131,SOUTH CENTRAL,80,1995,45800.0,46300.0,2152600.0,47.0,1
MINNESOTA,27,RICE,131,SOUTH CENTRAL,80,1996,50200.0,51000.0,1957800.0,39.0,1
MINNESOTA,27,RICE,131,SOUTH CENTRAL,80,1997,70300.0,70600.0,3022900.0,43.0,1
MINNESOTA,27,RICE,131,SOUTH CENTRAL,80,1998,66100.0,67400.0,3106700.0,47.0,1
MINNESOTA,27,RICE,131,SOUTH CENTRAL,80,1999,65800.0,66800.0,3158400.0,48.0,1
MINNESOTA,27,RICE,131,SOUTH CENTRAL,80,2000,67200.0,68200.0,3225600.0,48.0,1
MINNESOTA,27,RICE,131,SOUTH CENTRAL,80,2001,69300.0,69800.0,2841300.0,41.0,1
MINNESOTA,27,RICE,131,SOUTH CENTRAL,80,2002,67000.0,67500.0,3283000.0,49.0,1
MINNESOTA,27,RICE,131,SOUTH CENTRAL,80,2003,67000.0,67300.0,2144000.0,32.0,1
MINNESOTA,27,RICE,131,SOUTH CENTRAL,80,2004,65700.0,66000.0,2562300.0,39.0,1
MINNESOTA,27,RICE,131,SOUTH CENTRAL,80,2005,65600.0,66300.0,3280000.0,50.0,1
MINNESOTA,27,RICE,131,SOUTH CENTRAL,80,2006,66300.0,67100.0,3447600.0,52.0,1
MINNESOTA,27,RICE,131,SOUTH CENTRAL,80,2007,54700.0,54900.0,2461500.0,45.0,1
MINNESOTA,27,RICE,131,SOUTH CENTRAL,80,2008,62300.0,63000.0,2620200.0,42.0,1
MINNESOTA,27,RICE,131,SOUTH CENTRAL,80,2009,68900.0,69700.0,3274000.0,47.5,1
MINNESOTA,27,RICE,131,SOUTH CENTRAL,80,2010,67100.0,68500.0,3611000.0,53.8,1
MINNESOTA,27,RICE,131,SOUTH CENTRAL,80,2011,65400.0,65600.0,2546000.0,38.9,1
MINNESOTA,27,RICE,131,SOUTH CENTRAL,80,2012,64100.0,64600.0,3380000.0,52.7,1
MINNESOTA,27,RICE,131,SOUTH CENTRAL,80,2013,60100.0,60700.0,2489000.0,41.4,1
MINNESOTA,27,RICE,131,SOUTH CENTRAL,80,2014,64000.0,64400.0,2994000.0,46.8,1
MINNESOTA,27,RICE,131,SOUTH CENTRAL,80,2015,68900.0,69500.0,3914000.0,56.8,1
MINNESOTA,27,RICE,131,SOUTH CENTRAL,80,2016,65000.0,65500.0,3762000.0,57.9,1
MINNESOTA,27,RICE,131,SOUTH CENTRAL,80,2017,73400.0,73900.0,3925000.0,53.5,1
MINNESOTA,27,RICE,131,SOUTH CENTRAL,80,2018,73100.0,74000.0,4076000.0,55.8,1
MINNESOTA,27,RICE,131,SOUTH CENTRAL,80,2020,71100.0,71700.0,4067000.0,57.2,1
MINNESOTA,27,RICE,131,SOUTH CENTRAL,80,2021,70500.0,71200.0,4040000.0,57.3,1
MINNESOTA,27,RICE,131,SOUTH CENTRAL,80,2022,73500.0,74100.0,4461000.0,60.7,1
MINNESOTA,27,RICE,131,SOUTH CENTRAL,80,2023,70000.0,70700.0,3857000.0,55.1,1
MINNESOTA,27,RICE,131,SOUTH CENTRAL,80,2024,70700.0,71300.0,3224000.0,45.6,1
MINNESOTA,27,RICE,131,SOUTH CENTRAL,80,2025,69800.0,70500.0,4314000.0,61.8,1
MINNESOTA,27,ROCK,133,SOUTHWEST,70,1980,89200.0,89300.0,3248800.0,36.0,1
MINNESOTA,27,ROCK,133,SOUTHWEST,70,1981,76700.0,77300.0,2831800.0,36.9,1
MINNESOTA,27,ROCK,133,SOUTHWEST,70,1982,79100.0,82400.0,2778100.0,33.7,1
MINNESOTA,27,ROCK,133,SOUTHWEST,70,1983,78600.0,78700.0,2751000.0,35.0,1
MINNESOTA,27,ROCK,133,SOUTHWEST,70,1984,89400.0,90100.0,3129000.0,35.0,1
MINNESOTA,27,ROCK,133,SOUTHWEST,70,1985,82000.0,82800.0,2788000.0,34.0,1
MINNESOTA,27,ROCK,133,SOUTHWEST,70,1986,79100.0,79900.0,2452100.0,31.0,1
MINNESOTA,27,ROCK,133,SOUTHWEST,70,1987,86400.0,87400.0,3456000.0,40.0,1
MINNESOTA,27,ROCK,133,SOUTHWEST,70,1988,93700.0,94600.0,3466900.0,37.0,1
MINNESOTA,27,ROCK,133,SOUTHWEST,70,1989,97500.0,98100.0,3900000.0,40.0,1
MINNESOTA,27,ROCK,133,SOUTHWEST,70,1990,94400.0,95700.0,3587200.0,37.5,1
MINNESOTA,27,ROCK,133,SOUTHWEST,70,1991,102600.0,104600.0,3898800.0,38.0,1
MINNESOTA,27,ROCK,133,SOUTHWEST,70,1992,102800.0,107000.0,2878400.0,28.0,1
MINNESOTA,27,ROCK,133,SOUTHWEST,70,1993,83800.0,91700.0,921800.0,11.0,1
MINNESOTA,27,ROCK,133,SOUTHWEST,70,1994,109200.0,109400.0,4804800.0,44.0,1
MINNESOTA,27,ROCK,133,SOUTHWEST,70,1995,112900.0,115600.0,4628900.0,41.0,1
MINNESOTA,27,ROCK,133,SOUTHWEST,70,1996,110400.0,111700.0,4636800.0,42.0,1
MINNESOTA,27,ROCK,133,SOUTHWEST,70,1997,125800.0,126200.0,5032000.0,40.0,1
MINNESOTA,27,ROCK,133,SOUTHWEST,70,1998,119800.0,120800.0,5391000.0,45.0,1
MINNESOTA,27,ROCK,133,SOUTHWEST,70,1999,123000.0,124600.0,6027000.0,49.0,1
MINNESOTA,27,ROCK,133,SOUTHWEST,70,2000,118000.0,119800.0,5546000.0,47.0,1
MINNESOTA,27,ROCK,133,SOUTHWEST,70,2001,126200.0,127200.0,5426600.0,43.0,1
MINNESOTA,27,ROCK,133,SOUTHWEST,70,2002,119700.0,120600.0,5266800.0,44.0,1
MINNESOTA,27,ROCK,133,SOUTHWEST,70,2003,120400.0,121000.0,4695600.0,39.0,1
MINNESOTA,27,ROCK,133,SOUTHWEST,70,2004,117000.0,117300.0,4797000.0,41.0,1
MINNESOTA,27,ROCK,133,SOUTHWEST,70,2005,114800.0,116100.0,6199200.0,54.0,1
MINNESOTA,27,ROCK,133,SOUTHWEST,70,2006,112600.0,114000.0,6080400.0,54.0,1
MINNESOTA,27,ROCK,133,SOUTHWEST,70,2007,102900.0,103500.0,5247900.0,51.0,1
MINNESOTA,27,ROCK,133,SOUTHWEST,70,2008,111100.0,112000.0,5222000.0,47.0,1
MINNESOTA,27,ROCK,133,SOUTHWEST,70,2009,107900.0,109000.0,5356000.0,49.5,1
MINNESOTA,27,ROCK,133,SOUTHWEST,70,2010,110500.0,111500.0,5997000.0,54.3,1
MINNESOTA,27,ROCK,133,SOUTHWEST,70,2011,105000.0,105500.0,5198000.0,49.5,1
MINNESOTA,27,ROCK,133,SOUTHWEST,70,2012,99200.0,99900.0,4565000.0,46.0,1
MINNESOTA,27,ROCK,133,SOUTHWEST,70,2013,98800.0,99800.0,5211000.0,52.7,1
MINNESOTA,27,ROCK,133,SOUTHWEST,70,2014,104700.0,109500.0,4906000.0,46.9,1
MINNESOTA,27,ROCK,133,SOUTHWEST,70,2015,106600.0,107500.0,6202000.0,58.2,1
MINNESOTA,27,ROCK,133,SOUTHWEST,70,2016,108000.0,108500.0,6622000.0,61.3,1
MINNESOTA,27,ROCK,133,SOUTHWEST,70,2017,111800.0,112500.0,6558000.0,58.7,1
MINNESOTA,27,ROCK,133,SOUTHWEST,70,2018,108300.0,109500.0,6023000.0,55.6,1
MINNESOTA,27,ROCK,133,SOUTHWEST,70,2019,90500.0,91500.0,4416000.0,48.8,1
MINNESOTA,27,ROCK,133,SOUTHWEST,70,2020,100100.0,101000.0,5836000.0,58.3,1
MINNESOTA,27,ROCK,133,SOUTHWEST,70,2021,105100.0,106000.0,6464000.0,61.5,1
MINNESOTA,27,ROCK,133,SOUTHWEST,70,2022,108200.0,109000.0,6007000.0,55.5,1
MINNESOTA,27,ROCK,133,SOUTHWEST,70,2023,103000.0,104000.0,5706000.0,55.4,1
MINNESOTA,27,ROSEAU,135,NORTHWEST,10,1980,100.0,100.0,1700.0,17.0,1
MINNESOTA,27,ROSEAU,135,NORTHWEST,10,1983,600.0,600.0,17400.0,29.0,1
MINNESOTA,27,ROSEAU,135,NORTHWEST,10,1984,1600.0,1600.0,38400.0,24.0,1
MINNESOTA,27,ROSEAU,135,NORTHWEST,10,1985,1300.0,1300.0,11700.0,9.0,1
MINNESOTA,27,ROSEAU,135,NORTHWEST,10,1986,1100.0,1300.0,25300.0,23.0,1
MINNESOTA,27,ROSEAU,135,NORTHWEST,10,1987,3200.0,3400.0,64000.0,20.0,1
MINNESOTA,27,ROSEAU,135,NORTHWEST,10,1988,3100.0,3300.0,68200.0,22.0,1
MINNESOTA,27,ROSEAU,135,NORTHWEST,10,1989,2900.0,3000.0,46400.0,16.0,1
MINNESOTA,27,ROSEAU,135,NORTHWEST,10,1990,1200.0,1300.0,26400.0,22.0,1
MINNESOTA,27,ROSEAU,135,NORTHWEST,10,1991,1600.0,1600.0,41600.0,26.0,1
MINNESOTA,27,ROSEAU,135,NORTHWEST,10,1992,1000.0,1600.0,12000.0,12.0,1
MINNESOTA,27,ROSEAU,135,NORTHWEST,10,1993,900.0,1700.0,11700.0,13.0,1
MINNESOTA,27,ROSEAU,135,NORTHWEST,10,1994,1400.0,1500.0,39200.0,28.0,1
MINNESOTA,27,ROSEAU,135,NORTHWEST,10,1995,900.0,1000.0,27000.0,30.0,1
MINNESOTA,27,ROSEAU,135,NORTHWEST,10,1997,2300.0,2400.0,57500.0,25.0,1
MINNESOTA,27,ROSEAU,135,NORTHWEST,10,1998,7100.0,7600.0,177500.0,25.0,1
MINNESOTA,27,ROSEAU,135,NORTHWEST,10,1999,2000.0,2400.0,50000.0,25.0,1
MINNESOTA,27,ROSEAU,135,NORTHWEST,10,2000,8900.0,9300.0,267000.0,30.0,1
MINNESOTA,27,ROSEAU,135,NORTHWEST,10,2001,4600.0,4700.0,133400.0,29.0,1
MINNESOTA,27,ROSEAU,135,NORTHWEST,10,2002,10600.0,11400.0,349800.0,33.0,1
MINNESOTA,27,ROSEAU,135,NORTHWEST,10,2003,39200.0,41100.0,1176000.0,30.0,1
MINNESOTA,27,ROSEAU,135,NORTHWEST,10,2004,6100.0,26000.0,61000.0,10.0,1
MINNESOTA,27,ROSEAU,135,NORTHWEST,10,2005,35700.0,37700.0,856800.0,24.0,1
MINNESOTA,27,ROSEAU,135,NORTHWEST,10,2006,74900.0,76600.0,2022300.0,27.0,1
MINNESOTA,27,ROSEAU,135,NORTHWEST,10,2007,75500.0,76800.0,2340500.0,31.0,1
MINNESOTA,27,ROSEAU,135,NORTHWEST,10,2008,80700.0,83500.0,2182500.0,27.0,1
MINNESOTA,27,ROSEAU,135,NORTHWEST,10,2009,67700.0,68400.0,1663000.0,24.5,1
MINNESOTA,27,ROSEAU,135,NORTHWEST,10,2010,103500.0,105500.0,3070000.0,29.7,1
MINNESOTA,27,ROSEAU,135,NORTHWEST,10,2011,119600.0,120000.0,3629000.0,30.3,1
MINNESOTA,27,ROSEAU,135,NORTHWEST,10,2012,141700.0,142500.0,4584000.0,32.4,1
MINNESOTA,27,ROSEAU,135,NORTHWEST,10,2013,106000.0,107000.0,3759000.0,35.5,1
MINNESOTA,27,ROSEAU,135,NORTHWEST,10,2014,128200.0,129000.0,3779000.0,29.5,1
MINNESOTA,27,ROSEAU,135,NORTHWEST,10,2015,143200.0,144500.0,4422000.0,30.9,1
MINNESOTA,27,ROSEAU,135,NORTHWEST,10,2016,163400.0,164500.0,5768000.0,35.3,1
MINNESOTA,27,ROSEAU,135,NORTHWEST,10,2017,200500.0,202000.0,5690000.0,28.4,1
MINNESOTA,27,ROSEAU,135,NORTHWEST,10,2018,159800.0,162000.0,5419000.0,33.9,1
MINNESOTA,27,ROSEAU,135,NORTHWEST,10,2019,147300.0,153500.0,5250000.0,35.6,1
MINNESOTA,27,ROSEAU,135,NORTHWEST,10,2020,146600.0,148000.0,4105000.0,28.0,1
MINNESOTA,27,ROSEAU,135,NORTHWEST,10,2021,185000.0,186500.0,4366000.0,23.6,1
MINNESOTA,27,ROSEAU,135,NORTHWEST,10,2022,136900.0,138000.0,5709000.0,41.7,1
MINNESOTA,27,ROSEAU,135,NORTHWEST,10,2024,169000.0,170500.0,6236000.0,36.9,1
MINNESOTA,27,ROSEAU,135,NORTHWEST,10,2025,192500.0,194500.0,7873000.0,40.9,1
MINNESOTA,27,SCOTT,139,CENTRAL,50,1980,36400.0,36600.0,1039100.0,29.0,1
MINNESOTA,27,SCOTT,139,CENTRAL,50,1981,31700.0,31800.0,1172900.0,37.0,1
MINNESOTA,27,SCOTT,139,CENTRAL,50,1982,33500.0,34400.0,1139000.0,34.0,1
MINNESOTA,27,SCOTT,139,CENTRAL,50,1983,28700.0,29000.0,918400.0,32.0,1
MINNESOTA,27,SCOTT,139,CENTRAL,50,1984,28400.0,29600.0,937200.0,33.0,1
MINNESOTA,27,SCOTT,139,CENTRAL,50,1985,34000.0,34800.0,1088000.0,32.0,1
MINNESOTA,27,SCOTT,139,CENTRAL,50,1986,32300.0,32400.0,1162800.0,36.0,1
MINNESOTA,27,SCOTT,139,CENTRAL,50,1987,24900.0,24900.0,996000.0,40.0,1
MINNESOTA,27,SCOTT,139,CENTRAL,50,1988,24600.0,25100.0,639600.0,26.0,1
MINNESOTA,27,SCOTT,139,CENTRAL,50,1989,24900.0,25300.0,1020900.0,41.0,1
MINNESOTA,27,SCOTT,139,CENTRAL,50,1990,21400.0,21800.0,834600.0,39.0,1
MINNESOTA,27,SCOTT,139,CENTRAL,50,1991,25500.0,26200.0,994500.0,39.0,1
MINNESOTA,27,SCOTT,139,CENTRAL,50,1992,24000.0,25000.0,792000.0,33.0,1
MINNESOTA,27,SCOTT,139,CENTRAL,50,1993,24200.0,26500.0,895400.0,37.0,1
MINNESOTA,27,SCOTT,139,CENTRAL,50,1994,25500.0,25900.0,1096500.0,43.0,1
MINNESOTA,27,SCOTT,139,CENTRAL,50,1995,27400.0,27700.0,1178200.0,43.0,1
MINNESOTA,27,SCOTT,139,CENTRAL,50,1996,30000.0,30500.0,1170000.0,39.0,1
MINNESOTA,27,SCOTT,139,CENTRAL,50,1997,31500.0,31800.0,1323000.0,42.0,1
MINNESOTA,27,SCOTT,139,CENTRAL,50,1998,31700.0,32500.0,1331400.0,42.0,1
MINNESOTA,27,SCOTT,139,CENTRAL,50,1999,34300.0,35000.0,1474900.0,43.0,1
MINNESOTA,27,SCOTT,139,CENTRAL,50,2000,34600.0,35100.0,1764600.0,51.0,1
MINNESOTA,27,SCOTT,139,CENTRAL,50,2001,35800.0,36100.0,1432000.0,40.0,1
MINNESOTA,27,SCOTT,139,CENTRAL,50,2002,34600.0,34900.0,1660800.0,48.0,1
MINNESOTA,27,SCOTT,139,CENTRAL,50,2003,36100.0,36300.0,1119100.0,31.0,1
MINNESOTA,27,SCOTT,139,CENTRAL,50,2004,32400.0,32700.0,1231200.0,38.0,1
MINNESOTA,27,SCOTT,139,CENTRAL,50,2005,33100.0,33500.0,1688100.0,51.0,1
MINNESOTA,27,SCOTT,139,CENTRAL,50,2006,33300.0,33700.0,1731600.0,52.0,1
MINNESOTA,27,SCOTT,139,CENTRAL,50,2007,29700.0,30000.0,1128600.0,38.0,1
MINNESOTA,27,SCOTT,139,CENTRAL,50,2008,30900.0,31500.0,1297200.0,42.0,1
MINNESOTA,27,SCOTT,139,CENTRAL,50,2009,30000.0,30300.0,1399000.0,46.5,1
MINNESOTA,27,SCOTT,139,CENTRAL,50,2010,34800.0,35000.0,1780000.0,51.1,1
MINNESOTA,27,SCOTT,139,CENTRAL,50,2011,30300.0,31400.0,1142000.0,37.7,1
MINNESOTA,27,SCOTT,139,CENTRAL,50,2012,30800.0,31100.0,1492000.0,48.4,1
MINNESOTA,27,SCOTT,139,CENTRAL,50,2013,27000.0,27300.0,1115000.0,41.3,1
MINNESOTA,27,SCOTT,139,CENTRAL,50,2014,28000.0,28400.0,1126000.0,40.2,1
MINNESOTA,27,SCOTT,139,CENTRAL,50,2015,27100.0,27300.0,1568000.0,57.9,1
MINNESOTA,27,SCOTT,139,CENTRAL,50,2016,30300.0,30500.0,1779000.0,58.7,1
MINNESOTA,27,SCOTT,139,CENTRAL,50,2017,31700.0,32100.0,1672000.0,52.7,1
MINNESOTA,27,SCOTT,139,CENTRAL,50,2020,33200.0,33500.0,1942000.0,58.5,1
MINNESOTA,27,SCOTT,139,CENTRAL,50,2021,32800.0,33100.0,2050000.0,62.5,1
MINNESOTA,27,SCOTT,139,CENTRAL,50,2022,33100.0,33400.0,1814000.0,54.8,1
MINNESOTA,27,SCOTT,139,CENTRAL,50,2023,31500.0,31800.0,1685000.0,53.5,1
MINNESOTA,27,SCOTT,139,CENTRAL,50,2024,34900.0,35200.0,1742000.0,49.9,1
MINNESOTA,27,SCOTT,139,CENTRAL,50,2025,31300.0,31600.0,1831000.0,58.5,1
MINNESOTA,27,SHERBURNE,141,CENTRAL,50,1980,22300.0,22400.0,658600.0,30.0,1
MINNESOTA,27,SHERBURNE,141,CENTRAL,50,1981,12600.0,12700.0,352800.0,28.0,1
MINNESOTA,27,SHERBURNE,141,CENTRAL,50,1982,14400.0,14700.0,460800.0,32.0,1
MINNESOTA,27,SHERBURNE,141,CENTRAL,50,1983,11600.0,11800.0,266800.0,22.6,1
MINNESOTA,27,SHERBURNE,141,CENTRAL,50,1984,14700.0,14800.0,441000.0,30.0,1
MINNESOTA,27,SHERBURNE,141,CENTRAL,50,1985,13000.0,13300.0,442000.0,34.0,1
MINNESOTA,27,SHERBURNE,141,CENTRAL,50,1986,13000.0,13100.0,520000.0,40.0,1
MINNESOTA,27,SHERBURNE,141,CENTRAL,50,1987,10600.0,10700.0,318000.0,30.0,1
MINNESOTA,27,SHERBURNE,141,CENTRAL,50,1988,10800.0,12500.0,270000.0,25.0,1
MINNESOTA,27,SHERBURNE,141,CENTRAL,50,1989,14200.0,15800.0,355000.0,25.0,1
MINNESOTA,27,SHERBURNE,141,CENTRAL,50,1990,12400.0,12600.0,372000.0,29.5,1
MINNESOTA,27,SHERBURNE,141,CENTRAL,50,1991,13700.0,14000.0,411000.0,30.0,1
MINNESOTA,27,SHERBURNE,141,CENTRAL,50,1992,16100.0,16200.0,338100.0,21.0,1
MINNESOTA,27,SHERBURNE,141,CENTRAL,50,1993,13700.0,13700.0,356200.0,26.0,1
MINNESOTA,27,SHERBURNE,141,CENTRAL,50,1994,14200.0,14300.0,525400.0,37.0,1
MINNESOTA,27,SHERBURNE,141,CENTRAL,50,1995,11500.0,11700.0,356500.0,31.0,1
MINNESOTA,27,SHERBURNE,141,CENTRAL,50,1996,12900.0,13100.0,348300.0,27.0,1
MINNESOTA,27,SHERBURNE,141,CENTRAL,50,1997,14500.0,14700.0,522000.0,36.0,1
MINNESOTA,27,SHERBURNE,141,CENTRAL,50,1998,14200.0,14300.0,440200.0,31.0,1
MINNESOTA,27,SHERBURNE,141,CENTRAL,50,1999,11400.0,12800.0,421800.0,37.0,1
MINNESOTA,27,SHERBURNE,141,CENTRAL,50,2000,16500.0,17100.0,511500.0,31.0,1
MINNESOTA,27,SHERBURNE,141,CENTRAL,50,2001,19700.0,20400.0,531900.0,27.0,1
MINNESOTA,27,SHERBURNE,141,CENTRAL,50,2002,17300.0,17500.0,761200.0,44.0,1
MINNESOTA,27,SHERBURNE,141,CENTRAL,50,2003,18500.0,18900.0,462500.0,25.0,1
MINNESOTA,27,SHERBURNE,141,CENTRAL,50,2004,18400.0,18600.0,588800.0,32.0,1
MINNESOTA,27,SHERBURNE,141,CENTRAL,50,2005,17700.0,18000.0,761100.0,43.0,1
MINNESOTA,27,SHERBURNE,141,CENTRAL,50,2006,18300.0,18600.0,677100.0,37.0,1
MINNESOTA,27,SHERBURNE,141,CENTRAL,50,2007,13000.0,14100.0,455000.0,35.0,1
MINNESOTA,27,SHERBURNE,141,CENTRAL,50,2008,14900.0,15000.0,516000.0,34.5,1
MINNESOTA,27,SHERBURNE,141,CENTRAL,50,2009,15800.0,16000.0,562000.0,35.5,1
MINNESOTA,27,SHERBURNE,141,CENTRAL,50,2010,15900.0,16000.0,633000.0,39.8,1
MINNESOTA,27,SHERBURNE,141,CENTRAL,50,2011,14200.0,14300.0,633000.0,44.6,1
MINNESOTA,27,SHERBURNE,141,CENTRAL,50,2012,13500.0,13600.0,476000.0,35.3,1
MINNESOTA,27,SHERBURNE,141,CENTRAL,50,2013,14400.0,14700.0,429000.0,29.8,1
MINNESOTA,27,SHERBURNE,141,CENTRAL,50,2020,20400.0,20600.0,1040000.0,51.0,1
MINNESOTA,27,SHERBURNE,141,CENTRAL,50,2021,15700.0,16000.0,532000.0,33.9,1
MINNESOTA,27,SHERBURNE,141,CENTRAL,50,2022,15600.0,15900.0,736000.0,47.2,1
MINNESOTA,27,SHERBURNE,141,CENTRAL,50,2023,15900.0,16400.0,685000.0,43.1,1
MINNESOTA,27,SHERBURNE,141,CENTRAL,50,2024,17100.0,17500.0,764000.0,44.7,1
MINNESOTA,27,SHERBURNE,141,CENTRAL,50,2025,16400.0,16600.0,846000.0,51.6,1
MINNESOTA,27,SIBLEY,143,CENTRAL,50,1980,120400.0,120700.0,3911100.0,32.0,1
MINNESOTA,27,SIBLEY,143,CENTRAL,50,1981,114400.0,115900.0,4118400.0,36.0,1
MINNESOTA,27,SIBLEY,143,CENTRAL,50,1982,119700.0,121900.0,4428900.0,37.0,1
MINNESOTA,27,SIBLEY,143,CENTRAL,50,1983,107400.0,112200.0,3436800.0,32.0,1
MINNESOTA,27,SIBLEY,143,CENTRAL,50,1984,115400.0,116700.0,4385200.0,38.0,1
MINNESOTA,27,SIBLEY,143,CENTRAL,50,1985,120500.0,121700.0,4338000.0,36.0,1
MINNESOTA,27,SIBLEY,143,CENTRAL,50,1986,111700.0,114900.0,3797800.0,34.0,1
MINNESOTA,27,SIBLEY,143,CENTRAL,50,1987,104900.0,107100.0,4300900.0,41.0,1
MINNESOTA,27,SIBLEY,143,CENTRAL,50,1988,107500.0,108900.0,2902500.0,27.0,1
MINNESOTA,27,SIBLEY,143,CENTRAL,50,1989,108900.0,109900.0,4464900.0,41.0,1
MINNESOTA,27,SIBLEY,143,CENTRAL,50,1990,103700.0,105100.0,4355400.0,41.4,1
MINNESOTA,27,SIBLEY,143,CENTRAL,50,1991,117600.0,119800.0,4704000.0,40.0,1
MINNESOTA,27,SIBLEY,143,CENTRAL,50,1992,120800.0,121300.0,4469600.0,37.0,1
MINNESOTA,27,SIBLEY,143,CENTRAL,50,1993,118100.0,125200.0,3306800.0,28.0,1
MINNESOTA,27,SIBLEY,143,CENTRAL,50,1994,123800.0,125100.0,5323400.0,43.0,1
MINNESOTA,27,SIBLEY,143,CENTRAL,50,1995,122000.0,123700.0,5734000.0,47.0,1
MINNESOTA,27,SIBLEY,143,CENTRAL,50,1996,118000.0,120100.0,5074000.0,43.0,1
MINNESOTA,27,SIBLEY,143,CENTRAL,50,1997,129300.0,130200.0,4913400.0,38.0,1
MINNESOTA,27,SIBLEY,143,CENTRAL,50,1998,122000.0,123300.0,5734000.0,47.0,1
MINNESOTA,27,SIBLEY,143,CENTRAL,50,1999,130700.0,132000.0,6273600.0,48.0,1
MINNESOTA,27,SIBLEY,143,CENTRAL,50,2000,123500.0,125400.0,5804500.0,47.0,1
MINNESOTA,27,SIBLEY,143,CENTRAL,50,2001,129400.0,130400.0,5305400.0,41.0,1
MINNESOTA,27,SIBLEY,143,CENTRAL,50,2002,120200.0,121400.0,5649400.0,47.0,1
MINNESOTA,27,SIBLEY,143,CENTRAL,50,2003,119400.0,120200.0,3582000.0,30.0,1
MINNESOTA,27,SIBLEY,143,CENTRAL,50,2004,116600.0,117400.0,4314200.0,37.0,1
MINNESOTA,27,SIBLEY,143,CENTRAL,50,2005,112000.0,113200.0,5712000.0,51.0,1
MINNESOTA,27,SIBLEY,143,CENTRAL,50,2006,111000.0,112300.0,6216000.0,56.0,1
MINNESOTA,27,SIBLEY,143,CENTRAL,50,2007,94200.0,94600.0,4615800.0,49.0,1
MINNESOTA,27,SIBLEY,143,CENTRAL,50,2008,106300.0,107000.0,4826200.0,45.5,1
MINNESOTA,27,SIBLEY,143,CENTRAL,50,2009,113800.0,115000.0,5221000.0,46.0,1
MINNESOTA,27,SIBLEY,143,CENTRAL,50,2010,120800.0,122000.0,6308000.0,52.2,1
MINNESOTA,27,SIBLEY,143,CENTRAL,50,2011,115000.0,116000.0,4450000.0,38.7,1
MINNESOTA,27,SIBLEY,143,CENTRAL,50,2012,102400.0,103500.0,4408000.0,43.0,1
MINNESOTA,27,SIBLEY,143,CENTRAL,50,2013,90400.0,91500.0,4250000.0,47.0,1
MINNESOTA,27,SIBLEY,143,CENTRAL,50,2014,110500.0,112000.0,4473000.0,40.5,1
MINNESOTA,27,SIBLEY,143,CENTRAL,50,2015,112400.0,113000.0,6258000.0,55.7,1
MINNESOTA,27,SIBLEY,143,CENTRAL,50,2016,106200.0,107000.0,6096000.0,57.4,1
MINNESOTA,27,SIBLEY,143,CENTRAL,50,2017,121200.0,122000.0,6617000.0,54.6,1
MINNESOTA,27,SIBLEY,143,CENTRAL,50,2018,116700.0,118500.0,6376000.0,54.6,1
MINNESOTA,27,SIBLEY,143,CENTRAL,50,2019,107600.0,108500.0,5360000.0,49.8,1
MINNESOTA,27,SIBLEY,143,CENTRAL,50,2020,117500.0,118500.0,6686000.0,56.9,1
MINNESOTA,27,SIBLEY,143,CENTRAL,50,2021,118000.0,119000.0,7115000.0,60.3,1
MINNESOTA,27,SIBLEY,143,CENTRAL,50,2022,119600.0,120500.0,6961000.0,58.2,1
MINNESOTA,27,SIBLEY,143,CENTRAL,50,2023,120800.0,122000.0,6366000.0,52.7,1
MINNESOTA,27,SIBLEY,143,CENTRAL,50,2024,116500.0,117500.0,5406000.0,46.4,1
MINNESOTA,27,SIBLEY,143,CENTRAL,50,2025,115300.0,116500.0,6930000.0,60.1,1
MINNESOTA,27,STEARNS,145,CENTRAL,50,1980,29800.0,30800.0,762700.0,26.0,1
MINNESOTA,27,STEARNS,145,CENTRAL,50,1981,38000.0,38200.0,1102000.0,29.0,1
MINNESOTA,27,STEARNS,145,CENTRAL,50,1982,39900.0,40500.0,1236900.0,31.0,1
MINNESOTA,27,STEARNS,145,CENTRAL,50,1983,32300.0,34600.0,1065900.0,33.0,1
MINNESOTA,27,STEARNS,145,CENTRAL,50,1984,40000.0,40300.0,1120000.0,28.0,1
MINNESOTA,27,STEARNS,145,CENTRAL,50,1985,26700.0,27500.0,801000.0,30.0,1
MINNESOTA,27,STEARNS,145,CENTRAL,50,1986,33900.0,35900.0,1050900.0,31.0,1
MINNESOTA,27,STEARNS,145,CENTRAL,50,1987,25500.0,26100.0,816000.0,32.0,1
MINNESOTA,27,STEARNS,145,CENTRAL,50,1988,25300.0,27500.0,531300.0,21.0,1
MINNESOTA,27,STEARNS,145,CENTRAL,50,1989,30800.0,31400.0,862400.0,28.0,1
MINNESOTA,27,STEARNS,145,CENTRAL,50,1990,27000.0,28200.0,999000.0,37.0,1
MINNESOTA,27,STEARNS,145,CENTRAL,50,1991,40700.0,41500.0,1668700.0,41.0,1
MINNESOTA,27,STEARNS,145,CENTRAL,50,1992,49000.0,51000.0,1127000.0,23.0,1
MINNESOTA,27,STEARNS,145,CENTRAL,50,1993,46600.0,49100.0,932000.0,20.0,1
MINNESOTA,27,STEARNS,145,CENTRAL,50,1994,52000.0,52500.0,1820000.0,35.0,1
MINNESOTA,27,STEARNS,145,CENTRAL,50,1995,52600.0,53600.0,1946200.0,37.0,1
MINNESOTA,27,STEARNS,145,CENTRAL,50,1996,61500.0,62300.0,1968000.0,32.0,1
MINNESOTA,27,STEARNS,145,CENTRAL,50,1997,66700.0,67000.0,2601300.0,39.0,1
MINNESOTA,27,STEARNS,145,CENTRAL,50,1998,75900.0,77200.0,3263700.0,43.0,1
MINNESOTA,27,STEARNS,145,CENTRAL,50,1999,88300.0,89600.0,3708600.0,42.0,1
MINNESOTA,27,STEARNS,145,CENTRAL,50,2000,94300.0,96000.0,3489100.0,37.0,1
MINNESOTA,27,STEARNS,145,CENTRAL,50,2001,92800.0,95000.0,2876800.0,31.0,1
MINNESOTA,27,STEARNS,145,CENTRAL,50,2002,93300.0,94000.0,4198500.0,45.0,1
MINNESOTA,27,STEARNS,145,CENTRAL,50,2003,98900.0,99400.0,2571400.0,26.0,1
MINNESOTA,27,STEARNS,145,CENTRAL,50,2004,97100.0,97500.0,3301400.0,34.0,1
MINNESOTA,27,STEARNS,145,CENTRAL,50,2005,100400.0,101900.0,3614400.0,36.0,1
MINNESOTA,27,STEARNS,145,CENTRAL,50,2006,95400.0,97900.0,3434400.0,36.0,1
MINNESOTA,27,STEARNS,145,CENTRAL,50,2007,76500.0,76900.0,2371500.0,31.0,1
MINNESOTA,27,STEARNS,145,CENTRAL,50,2008,86700.0,87500.0,3125200.0,36.0,1
MINNESOTA,27,STEARNS,145,CENTRAL,50,2009,92000.0,93000.0,3909000.0,42.5,1
MINNESOTA,27,STEARNS,145,CENTRAL,50,2010,98300.0,99000.0,4502000.0,45.8,1
MINNESOTA,27,STEARNS,145,CENTRAL,50,2011,93100.0,94200.0,3440000.0,36.9,1
MINNESOTA,27,STEARNS,145,CENTRAL,50,2012,90800.0,91400.0,3890000.0,42.8,1
MINNESOTA,27,STEARNS,145,CENTRAL,50,2013,82900.0,83800.0,2644000.0,31.9,1
MINNESOTA,27,STEARNS,145,CENTRAL,50,2014,85500.0,87900.0,3050000.0,35.7,1
MINNESOTA,27,STEARNS,145,CENTRAL,50,2015,94600.0,95100.0,4959000.0,52.4,1
MINNESOTA,27,STEARNS,145,CENTRAL,50,2016,95800.0,96600.0,5232000.0,54.6,1
MINNESOTA,27,STEARNS,145,CENTRAL,50,2017,107800.0,108500.0,5289000.0,49.1,1
MINNESOTA,27,STEARNS,145,CENTRAL,50,2018,116300.0,117500.0,5909000.0,50.8,1
MINNESOTA,27,STEARNS,145,CENTRAL,50,2019,98000.0,98900.0,4355000.0,44.4,1
MINNESOTA,27,STEARNS,145,CENTRAL,50,2020,103100.0,104000.0,5289000.0,51.3,1
MINNESOTA,27,STEARNS,145,CENTRAL,50,2022,106200.0,107000.0,5321000.0,50.1,1
MINNESOTA,27,STEARNS,145,CENTRAL,50,2024,107600.0,108500.0,5176000.0,48.1,1
MINNESOTA,27,STEARNS,145,CENTRAL,50,2025,103400.0,104500.0,5056000.0,48.9,1
MINNESOTA,27,STEELE,147,SOUTH CENTRAL,80,1980,80700.0,80900.0,2780400.0,34.0,1
MINNESOTA,27,STEELE,147,SOUTH CENTRAL,80,1981,73100.0,73700.0,2547700.0,34.9,1
MINNESOTA,27,STEELE,147,SOUTH CENTRAL,80,1982,75800.0,79200.0,2504600.0,33.0,1
MINNESOTA,27,STEELE,147,SOUTH CENTRAL,80,1983,77300.0,78000.0,2628200.0,34.0,1
MINNESOTA,27,STEELE,147,SOUTH CENTRAL,80,1984,76600.0,76700.0,2604400.0,34.0,1
MINNESOTA,27,STEELE,147,SOUTH CENTRAL,80,1985,73700.0,74500.0,2358400.0,32.0,1
MINNESOTA,27,STEELE,147,SOUTH CENTRAL,80,1986,68500.0,69500.0,2671500.0,39.0,1
MINNESOTA,27,STEELE,147,SOUTH CENTRAL,80,1987,58200.0,58300.0,2560800.0,44.0,1
MINNESOTA,27,STEELE,147,SOUTH CENTRAL,80,1988,60700.0,61400.0,1881700.0,31.0,1
MINNESOTA,27,STEELE,147,SOUTH CENTRAL,80,1989,61300.0,62400.0,2513300.0,41.0,1
MINNESOTA,27,STEELE,147,SOUTH CENTRAL,80,1990,56200.0,58600.0,2248000.0,38.4,1
MINNESOTA,27,STEELE,147,SOUTH CENTRAL,80,1991,67000.0,69000.0,2613000.0,39.0,1
MINNESOTA,27,STEELE,147,SOUTH CENTRAL,80,1992,67400.0,68400.0,2224200.0,33.0,1
MINNESOTA,27,STEELE,147,SOUTH CENTRAL,80,1993,70900.0,72500.0,1630700.0,23.0,1
MINNESOTA,27,STEELE,147,SOUTH CENTRAL,80,1994,73700.0,75200.0,3242800.0,44.0,1
MINNESOTA,27,STEELE,147,SOUTH CENTRAL,80,1995,75700.0,77600.0,3482200.0,46.0,1
MINNESOTA,27,STEELE,147,SOUTH CENTRAL,80,1996,81300.0,82700.0,3170700.0,39.0,1
MINNESOTA,27,STEELE,147,SOUTH CENTRAL,80,1997,88500.0,89000.0,3717000.0,42.0,1
MINNESOTA,27,STEELE,147,SOUTH CENTRAL,80,1998,88100.0,88900.0,4316900.0,49.0,1
MINNESOTA,27,STEELE,147,SOUTH CENTRAL,80,1999,91900.0,92800.0,3951700.0,43.0,1
MINNESOTA,27,STEELE,147,SOUTH CENTRAL,80,2000,89200.0,90700.0,4103200.0,46.0,1
MINNESOTA,27,STEELE,147,SOUTH CENTRAL,80,2001,100000.0,101400.0,4000000.0,40.0,1
MINNESOTA,27,STEELE,147,SOUTH CENTRAL,80,2002,86400.0,87000.0,4406400.0,51.0,1
MINNESOTA,27,STEELE,147,SOUTH CENTRAL,80,2003,90600.0,91000.0,2808600.0,31.0,1
MINNESOTA,27,STEELE,147,SOUTH CENTRAL,80,2004,86000.0,87000.0,3268000.0,38.0,1
MINNESOTA,27,STEELE,147,SOUTH CENTRAL,80,2005,89300.0,90300.0,4732900.0,53.0,1
MINNESOTA,27,STEELE,147,SOUTH CENTRAL,80,2006,86300.0,87300.0,4487600.0,52.0,1
MINNESOTA,27,STEELE,147,SOUTH CENTRAL,80,2007,73400.0,73700.0,3816800.0,52.0,1
MINNESOTA,27,STEELE,147,SOUTH CENTRAL,80,2008,84700.0,85500.0,3502500.0,41.5,1
MINNESOTA,27,STEELE,147,SOUTH CENTRAL,80,2009,82500.0,83200.0,3535000.0,43.0,1
MINNESOTA,27,STEELE,147,SOUTH CENTRAL,80,2010,79000.0,80500.0,4079000.0,51.6,1
MINNESOTA,27,STEELE,147,SOUTH CENTRAL,80,2011,75500.0,76200.0,3138000.0,41.6,1
MINNESOTA,27,STEELE,147,SOUTH CENTRAL,80,2012,68000.0,68400.0,3419000.0,50.3,1
MINNESOTA,27,STEELE,147,SOUTH CENTRAL,80,2013,59000.0,59700.0,2624000.0,44.5,1
MINNESOTA,27,STEELE,147,SOUTH CENTRAL,80,2014,64900.0,65500.0,3122000.0,48.1,1
MINNESOTA,27,STEELE,147,SOUTH CENTRAL,80,2015,78300.0,78800.0,4544000.0,58.0,1
MINNESOTA,27,STEELE,147,SOUTH CENTRAL,80,2016,74100.0,75100.0,4388000.0,59.2,1
MINNESOTA,27,STEELE,147,SOUTH CENTRAL,80,2017,86600.0,87100.0,4837000.0,55.9,1
MINNESOTA,27,STEELE,147,SOUTH CENTRAL,80,2018,78800.0,80600.0,4233000.0,53.7,1
MINNESOTA,27,STEELE,147,SOUTH CENTRAL,80,2019,74000.0,74600.0,3445000.0,46.6,1
MINNESOTA,27,STEELE,147,SOUTH CENTRAL,80,2020,84000.0,84700.0,5090000.0,60.6,1
MINNESOTA,27,STEELE,147,SOUTH CENTRAL,80,2021,79900.0,80600.0,4946000.0,61.9,1
MINNESOTA,27,STEELE,147,SOUTH CENTRAL,80,2022,84000.0,84700.0,5292000.0,63.0,1
MINNESOTA,27,STEELE,147,SOUTH CENTRAL,80,2023,82200.0,83000.0,4398000.0,53.5,1
MINNESOTA,27,STEELE,147,SOUTH CENTRAL,80,2024,85000.0,85700.0,4157000.0,48.9,1
MINNESOTA,27,STEELE,147,SOUTH CENTRAL,80,2025,78600.0,79400.0,4936000.0,62.8,1
MINNESOTA,27,STEVENS,149,WEST CENTRAL,40,1980,50000.0,50200.0,1427300.0,29.0,1
MINNESOTA,27,STEVENS,149,WEST CENTRAL,40,1981,61600.0,61900.0,2032800.0,33.0,1
MINNESOTA,27,STEVENS,149,WEST CENTRAL,40,1982,65900.0,66800.0,2174700.0,33.0,1
MINNESOTA,27,STEVENS,149,WEST CENTRAL,40,1983,68300.0,68800.0,2253900.0,33.0,1
MINNESOTA,27,STEVENS,149,WEST CENTRAL,40,1984,88400.0,88900.0,3005600.0,34.0,1
MINNESOTA,27,STEVENS,149,WEST CENTRAL,40,1985,87200.0,90100.0,2528800.0,29.0,1
MINNESOTA,27,STEVENS,149,WEST CENTRAL,40,1986,80800.0,81100.0,2585600.0,32.0,1
MINNESOTA,27,STEVENS,149,WEST CENTRAL,40,1987,71400.0,72200.0,2356200.0,33.0,1
MINNESOTA,27,STEVENS,149,WEST CENTRAL,40,1988,74600.0,77200.0,1193600.0,16.0,1
MINNESOTA,27,STEVENS,149,WEST CENTRAL,40,1989,90300.0,91100.0,3250800.0,36.0,1
MINNESOTA,27,STEVENS,149,WEST CENTRAL,40,1990,89100.0,91200.0,3029400.0,33.2,1
MINNESOTA,27,STEVENS,149,WEST CENTRAL,40,1991,103200.0,105200.0,4128000.0,40.0,1
MINNESOTA,27,STEVENS,149,WEST CENTRAL,40,1992,114900.0,115000.0,2987400.0,26.0,1
MINNESOTA,27,STEVENS,149,WEST CENTRAL,40,1993,95000.0,109000.0,2185000.0,23.0,1
MINNESOTA,27,STEVENS,149,WEST CENTRAL,40,1994,118600.0,123700.0,3913800.0,33.0,1
MINNESOTA,27,STEVENS,149,WEST CENTRAL,40,1995,119900.0,121800.0,4676100.0,39.0,1
MINNESOTA,27,STEVENS,149,WEST CENTRAL,40,1996,131300.0,133700.0,4464200.0,34.0,1
MINNESOTA,27,STEVENS,149,WEST CENTRAL,40,1997,133100.0,133500.0,5190900.0,39.0,1
MINNESOTA,27,STEVENS,149,WEST CENTRAL,40,1998,133700.0,136200.0,5348000.0,40.0,1
MINNESOTA,27,STEVENS,149,WEST CENTRAL,40,1999,138000.0,139500.0,5658000.0,41.0,1
MINNESOTA,27,STEVENS,149,WEST CENTRAL,40,2000,135800.0,137800.0,5703600.0,42.0,1
MINNESOTA,27,STEVENS,149,WEST CENTRAL,40,2001,136300.0,138100.0,5315700.0,39.0,1
MINNESOTA,27,STEVENS,149,WEST CENTRAL,40,2002,135200.0,136300.0,5813600.0,43.0,1
MINNESOTA,27,STEVENS,149,WEST CENTRAL,40,2003,136300.0,136800.0,4634200.0,34.0,1
MINNESOTA,27,STEVENS,149,WEST CENTRAL,40,2004,131500.0,132000.0,4339500.0,33.0,1
MINNESOTA,27,STEVENS,149,WEST CENTRAL,40,2005,115100.0,116800.0,4719100.0,41.0,1
MINNESOTA,27,STEVENS,149,WEST CENTRAL,40,2006,124900.0,126600.0,4871100.0,39.0,1
MINNESOTA,27,STEVENS,149,WEST CENTRAL,40,2007,103400.0,104000.0,4239400.0,41.0,1
MINNESOTA,27,STEVENS,149,WEST CENTRAL,40,2008,118400.0,119500.0,4476500.0,38.0,1
MINNESOTA,27,STEVENS,149,WEST CENTRAL,40,2009,108800.0,110000.0,3955000.0,36.5,1
MINNESOTA,27,STEVENS,149,WEST CENTRAL,40,2010,110900.0,112000.0,4973000.0,44.8,1
MINNESOTA,27,STEVENS,149,WEST CENTRAL,40,2011,105500.0,106000.0,3954000.0,37.5,1
MINNESOTA,27,STEVENS,149,WEST CENTRAL,40,2012,104900.0,105500.0,4951000.0,47.2,1
MINNESOTA,27,STEVENS,149,WEST CENTRAL,40,2013,96400.0,97300.0,4042000.0,41.9,1
MINNESOTA,27,STEVENS,149,WEST CENTRAL,40,2014,108300.0,109500.0,5099000.0,47.1,1
MINNESOTA,27,STEVENS,149,WEST CENTRAL,40,2015,111600.0,112000.0,5284000.0,47.3,1
MINNESOTA,27,STEVENS,149,WEST CENTRAL,40,2016,106200.0,107000.0,5543000.0,52.2,1
MINNESOTA,27,STEVENS,149,WEST CENTRAL,40,2017,112200.0,113000.0,5203000.0,46.4,1
MINNESOTA,27,STEVENS,149,WEST CENTRAL,40,2018,105500.0,106500.0,5402000.0,51.2,1
MINNESOTA,27,STEVENS,149,WEST CENTRAL,40,2019,92300.0,93000.0,3982000.0,43.1,1
MINNESOTA,27,STEVENS,149,WEST CENTRAL,40,2020,103100.0,104000.0,4980000.0,48.3,1
MINNESOTA,27,STEVENS,149,WEST CENTRAL,40,2021,104600.0,105500.0,4780000.0,45.7,1
MINNESOTA,27,STEVENS,149,WEST CENTRAL,40,2022,104700.0,105500.0,4753000.0,45.4,1
MINNESOTA,27,STEVENS,149,WEST CENTRAL,40,2023,95500.0,96400.0,4603000.0,48.2,1
MINNESOTA,27,STEVENS,149,WEST CENTRAL,40,2024,90700.0,91500.0,3864000.0,42.6,1
MINNESOTA,27,STEVENS,149,WEST CENTRAL,40,2025,84900.0,85900.0,3596000.0,42.4,1
MINNESOTA,27,SWIFT,151,WEST CENTRAL,40,1980,109000.0,109400.0,2789700.0,26.0,1
MINNESOTA,27,SWIFT,151,WEST CENTRAL,40,1981,86200.0,88200.0,2672200.0,31.0,1
MINNESOTA,27,SWIFT,151,WEST CENTRAL,40,1982,104300.0,106000.0,3650500.0,34.4,1
MINNESOTA,27,SWIFT,151,WEST CENTRAL,40,1983,97800.0,98000.0,3325200.0,33.9,1
MINNESOTA,27,SWIFT,151,WEST CENTRAL,40,1984,120400.0,121900.0,3973200.0,33.0,1
MINNESOTA,27,SWIFT,151,WEST CENTRAL,40,1985,102200.0,103700.0,2963800.0,29.0,1
MINNESOTA,27,SWIFT,151,WEST CENTRAL,40,1986,87200.0,88500.0,2616000.0,30.0,1
MINNESOTA,27,SWIFT,151,WEST CENTRAL,40,1987,101000.0,101300.0,3333000.0,33.0,1
MINNESOTA,27,SWIFT,151,WEST CENTRAL,40,1988,103200.0,106700.0,1960800.0,19.0,1
MINNESOTA,27,SWIFT,151,WEST CENTRAL,40,1989,112800.0,113800.0,3722400.0,33.0,1
MINNESOTA,27,SWIFT,151,WEST CENTRAL,40,1990,108500.0,109900.0,3906000.0,36.0,1
MINNESOTA,27,SWIFT,151,WEST CENTRAL,40,1991,121900.0,124200.0,4632200.0,38.0,1
MINNESOTA,27,SWIFT,151,WEST CENTRAL,40,1992,141400.0,142400.0,3959200.0,28.0,1
MINNESOTA,27,SWIFT,151,WEST CENTRAL,40,1993,127600.0,135900.0,2807200.0,22.0,1
MINNESOTA,27,SWIFT,151,WEST CENTRAL,40,1994,144500.0,146700.0,5346500.0,37.0,1
MINNESOTA,27,SWIFT,151,WEST CENTRAL,40,1995,139900.0,147700.0,4476800.0,32.0,1
MINNESOTA,27,SWIFT,151,WEST CENTRAL,40,1996,159100.0,161700.0,5727600.0,36.0,1
MINNESOTA,27,SWIFT,151,WEST CENTRAL,40,1997,159300.0,161100.0,5734800.0,36.0,1
MINNESOTA,27,SWIFT,151,WEST CENTRAL,40,1998,159400.0,161100.0,6216600.0,39.0,1
MINNESOTA,27,SWIFT,151,WEST CENTRAL,40,1999,159300.0,162500.0,6531300.0,41.0,1
MINNESOTA,27,SWIFT,151,WEST CENTRAL,40,2000,155300.0,158300.0,6056700.0,39.0,1
MINNESOTA,27,SWIFT,151,WEST CENTRAL,40,2001,152800.0,154500.0,5653600.0,37.0,1
MINNESOTA,27,SWIFT,151,WEST CENTRAL,40,2002,148700.0,151400.0,6245400.0,42.0,1
MINNESOTA,27,SWIFT,151,WEST CENTRAL,40,2003,151800.0,152900.0,4705800.0,31.0,1
MINNESOTA,27,SWIFT,151,WEST CENTRAL,40,2004,144300.0,144700.0,4329000.0,30.0,1
MINNESOTA,27,SWIFT,151,WEST CENTRAL,40,2005,140000.0,141800.0,6160000.0,44.0,1
MINNESOTA,27,SWIFT,151,WEST CENTRAL,40,2006,136000.0,137700.0,5712000.0,42.0,1
MINNESOTA,27,SWIFT,151,WEST CENTRAL,40,2007,116700.0,117500.0,4551300.0,39.0,1
MINNESOTA,27,SWIFT,151,WEST CENTRAL,40,2008,127000.0,128000.0,4945200.0,39.0,1
MINNESOTA,27,SWIFT,151,WEST CENTRAL,40,2009,128100.0,129500.0,5126000.0,40.0,1
MINNESOTA,27,SWIFT,151,WEST CENTRAL,40,2010,128000.0,129000.0,5984000.0,46.8,1
MINNESOTA,27,SWIFT,151,WEST CENTRAL,40,2011,122800.0,124500.0,4710000.0,38.4,1
MINNESOTA,27,SWIFT,151,WEST CENTRAL,40,2012,113300.0,114000.0,5318000.0,46.9,1
MINNESOTA,27,SWIFT,151,WEST CENTRAL,40,2013,112700.0,114000.0,4339000.0,38.5,1
MINNESOTA,27,SWIFT,151,WEST CENTRAL,40,2014,120900.0,122500.0,5294000.0,43.8,1
MINNESOTA,27,SWIFT,151,WEST CENTRAL,40,2015,137500.0,138000.0,6823000.0,49.6,1
MINNESOTA,27,SWIFT,151,WEST CENTRAL,40,2016,123800.0,124500.0,6870000.0,55.5,1
MINNESOTA,27,SWIFT,151,WEST CENTRAL,40,2017,131600.0,132500.0,6091000.0,46.3,1
MINNESOTA,27,SWIFT,151,WEST CENTRAL,40,2018,127700.0,129000.0,6868000.0,53.8,1
MINNESOTA,27,SWIFT,151,WEST CENTRAL,40,2019,104200.0,105000.0,4459000.0,42.8,1
MINNESOTA,27,SWIFT,151,WEST CENTRAL,40,2020,115500.0,116500.0,5914000.0,51.2,1
MINNESOTA,27,SWIFT,151,WEST CENTRAL,40,2021,119500.0,120500.0,5999000.0,50.2,1
MINNESOTA,27,SWIFT,151,WEST CENTRAL,40,2022,115600.0,116500.0,5387000.0,46.6,1
MINNESOTA,27,SWIFT,151,WEST CENTRAL,40,2023,107500.0,108500.0,5096000.0,47.4,1
MINNESOTA,27,SWIFT,151,WEST CENTRAL,40,2024,103000.0,104000.0,4481000.0,43.5,1
MINNESOTA,27,SWIFT,151,WEST CENTRAL,40,2025,92400.0,93900.0,4389000.0,47.5,1
MINNESOTA,27,TODD,153,CENTRAL,50,1980,8900.0,9000.0,254100.0,29.0,1
MINNESOTA,27,TODD,153,CENTRAL,50,1981,9600.0,9800.0,259200.0,27.0,1
MINNESOTA,27,TODD,153,CENTRAL,50,1982,10800.0,11000.0,334800.0,31.0,1
MINNESOTA,27,TODD,153,CENTRAL,50,1983,8100.0,8700.0,202500.0,25.0,1
MINNESOTA,27,TODD,153,CENTRAL,50,1984,7900.0,8300.0,229100.0,29.0,1
MINNESOTA,27,TODD,153,CENTRAL,50,1985,6900.0,7600.0,131100.0,19.0,1
MINNESOTA,27,TODD,153,CENTRAL,50,1986,5900.0,6900.0,194700.0,33.0,1
MINNESOTA,27,TODD,153,CENTRAL,50,1987,4000.0,4000.0,136000.0,34.0,1
MINNESOTA,27,TODD,153,CENTRAL,50,1988,5400.0,5800.0,118800.0,22.0,1
MINNESOTA,27,TODD,153,CENTRAL,50,1989,7700.0,8300.0,146300.0,19.0,1
MINNESOTA,27,TODD,153,CENTRAL,50,1990,5500.0,5800.0,176000.0,32.0,1
MINNESOTA,27,TODD,153,CENTRAL,50,1991,7800.0,7900.0,241800.0,31.0,1
MINNESOTA,27,TODD,153,CENTRAL,50,1992,9800.0,10700.0,147000.0,15.0,1
MINNESOTA,27,TODD,153,CENTRAL,50,1993,7000.0,8000.0,140000.0,20.0,1
MINNESOTA,27,TODD,153,CENTRAL,50,1994,9500.0,9600.0,285000.0,30.0,1
MINNESOTA,27,TODD,153,CENTRAL,50,1995,9600.0,9700.0,307200.0,32.0,1
MINNESOTA,27,TODD,153,CENTRAL,50,1996,12800.0,13100.0,320000.0,25.0,1
MINNESOTA,27,TODD,153,CENTRAL,50,1997,15700.0,15800.0,533800.0,34.0,1
MINNESOTA,27,TODD,153,CENTRAL,50,1998,19600.0,19800.0,548800.0,28.0,1
MINNESOTA,27,TODD,153,CENTRAL,50,1999,21700.0,21900.0,846300.0,39.0,1
MINNESOTA,27,TODD,153,CENTRAL,50,2000,27400.0,27800.0,1013800.0,37.0,1
MINNESOTA,27,TODD,153,CENTRAL,50,2001,32700.0,33000.0,1111800.0,34.0,1
MINNESOTA,27,TODD,153,CENTRAL,50,2002,32700.0,32900.0,1373400.0,42.0,1
MINNESOTA,27,TODD,153,CENTRAL,50,2003,39800.0,40000.0,875600.0,22.0,1
MINNESOTA,27,TODD,153,CENTRAL,50,2004,40600.0,41100.0,1096200.0,27.0,1
MINNESOTA,27,TODD,153,CENTRAL,50,2005,32800.0,33300.0,1246400.0,38.0,1
MINNESOTA,27,TODD,153,CENTRAL,50,2006,37600.0,38100.0,1165600.0,31.0,1
MINNESOTA,27,TODD,153,CENTRAL,50,2007,32000.0,32600.0,832000.0,26.0,1
MINNESOTA,27,TODD,153,CENTRAL,50,2008,34200.0,34500.0,976100.0,28.5,1
MINNESOTA,27,TODD,153,CENTRAL,50,2009,35600.0,36200.0,1150000.0,32.5,1
MINNESOTA,27,TODD,153,CENTRAL,50,2010,39200.0,40000.0,1547000.0,39.5,1
MINNESOTA,27,TODD,153,CENTRAL,50,2011,42500.0,43300.0,1497000.0,35.2,1
MINNESOTA,27,TODD,153,CENTRAL,50,2012,41700.0,42000.0,1395000.0,33.5,1
MINNESOTA,27,TODD,153,CENTRAL,50,2013,39000.0,39500.0,915000.0,23.5,1
MINNESOTA,27,TODD,153,CENTRAL,50,2014,35000.0,35300.0,1127000.0,32.2,1
MINNESOTA,27,TODD,153,CENTRAL,50,2015,47200.0,47500.0,2256000.0,47.8,1
MINNESOTA,27,TODD,153,CENTRAL,50,2016,49500.0,50000.0,2403000.0,48.5,1
MINNESOTA,27,TODD,153,CENTRAL,50,2017,57800.0,58200.0,2116000.0,36.6,1
MINNESOTA,27,TODD,153,CENTRAL,50,2019,47900.0,48400.0,1861000.0,38.9,1
MINNESOTA,27,TODD,153,CENTRAL,50,2020,54400.0,54900.0,2377000.0,43.7,1
MINNESOTA,27,TODD,153,CENTRAL,50,2021,55000.0,55400.0,2024000.0,36.8,1
MINNESOTA,27,TODD,153,CENTRAL,50,2022,55700.0,56100.0,2584000.0,46.4,1
MINNESOTA,27,TODD,153,CENTRAL,50,2023,54700.0,55200.0,1751000.0,32.0,1
MINNESOTA,27,TODD,153,CENTRAL,50,2024,56700.0,57200.0,2030000.0,35.8,1
MINNESOTA,27,TRAVERSE,155,WEST CENTRAL,40,1980,49700.0,50300.0,1125200.0,23.0,1
MINNESOTA,27,TRAVERSE,155,WEST CENTRAL,40,1981,59900.0,59900.0,1497500.0,25.0,1
MINNESOTA,27,TRAVERSE,155,WEST CENTRAL,40,1982,76800.0,78200.0,1920000.0,25.0,1
MINNESOTA,27,TRAVERSE,155,WEST CENTRAL,40,1983,73100.0,73600.0,2193000.0,29.8,1
MINNESOTA,27,TRAVERSE,155,WEST CENTRAL,40,1984,98400.0,99100.0,3050400.0,31.0,1
MINNESOTA,27,TRAVERSE,155,WEST CENTRAL,40,1985,86500.0,87700.0,2854500.0,33.0,1
MINNESOTA,27,TRAVERSE,155,WEST CENTRAL,40,1986,96800.0,97800.0,3000800.0,31.0,1
MINNESOTA,27,TRAVERSE,155,WEST CENTRAL,40,1987,79800.0,79900.0,2394000.0,30.0,1
MINNESOTA,27,TRAVERSE,155,WEST CENTRAL,40,1988,81100.0,84900.0,1135400.0,14.0,1
MINNESOTA,27,TRAVERSE,155,WEST CENTRAL,40,1989,101300.0,102400.0,3545500.0,35.0,1
MINNESOTA,27,TRAVERSE,155,WEST CENTRAL,40,1990,96500.0,98200.0,3184500.0,32.4,1
MINNESOTA,27,TRAVERSE,155,WEST CENTRAL,40,1991,114300.0,116500.0,4114800.0,36.0,1
MINNESOTA,27,TRAVERSE,155,WEST CENTRAL,40,1992,125100.0,125500.0,3753000.0,30.0,1
MINNESOTA,27,TRAVERSE,155,WEST CENTRAL,40,1993,109000.0,118500.0,1853000.0,17.0,1
MINNESOTA,27,TRAVERSE,155,WEST CENTRAL,40,1994,115000.0,122500.0,3105000.0,27.0,1
MINNESOTA,27,TRAVERSE,155,WEST CENTRAL,40,1995,127500.0,129600.0,4335000.0,34.0,1
MINNESOTA,27,TRAVERSE,155,WEST CENTRAL,40,1996,134300.0,136700.0,4431900.0,33.0,1
MINNESOTA,27,TRAVERSE,155,WEST CENTRAL,40,1997,146500.0,147000.0,5420500.0,37.0,1
MINNESOTA,27,TRAVERSE,155,WEST CENTRAL,40,1998,134700.0,136000.0,4983900.0,37.0,1
MINNESOTA,27,TRAVERSE,155,WEST CENTRAL,40,1999,138800.0,140200.0,5552000.0,40.0,1
MINNESOTA,27,TRAVERSE,155,WEST CENTRAL,40,2000,144600.0,146700.0,5494800.0,38.0,1
MINNESOTA,27,TRAVERSE,155,WEST CENTRAL,40,2001,142800.0,144800.0,5569200.0,39.0,1
MINNESOTA,27,TRAVERSE,155,WEST CENTRAL,40,2002,144300.0,145800.0,5772000.0,40.0,1
MINNESOTA,27,TRAVERSE,155,WEST CENTRAL,40,2003,138700.0,141200.0,4299700.0,31.0,1
MINNESOTA,27,TRAVERSE,155,WEST CENTRAL,40,2004,132900.0,142700.0,4385700.0,33.0,1
MINNESOTA,27,TRAVERSE,155,WEST CENTRAL,40,2005,117200.0,119600.0,4102000.0,35.0,1
MINNESOTA,27,TRAVERSE,155,WEST CENTRAL,40,2006,144600.0,146400.0,5928600.0,41.0,1
MINNESOTA,27,TRAVERSE,155,WEST CENTRAL,40,2007,125600.0,126500.0,4647200.0,37.0,1
MINNESOTA,27,TRAVERSE,155,WEST CENTRAL,40,2008,143700.0,145000.0,4412500.0,30.5,1
MINNESOTA,27,TRAVERSE,155,WEST CENTRAL,40,2009,140700.0,142000.0,5110000.0,36.5,1
MINNESOTA,27,TRAVERSE,155,WEST CENTRAL,40,2010,145000.0,146500.0,5823000.0,40.2,1
MINNESOTA,27,TRAVERSE,155,WEST CENTRAL,40,2011,131200.0,132000.0,4386000.0,33.4,1
MINNESOTA,27,TRAVERSE,155,WEST CENTRAL,40,2012,141100.0,142000.0,6801000.0,48.2,1
MINNESOTA,27,TRAVERSE,155,WEST CENTRAL,40,2013,133800.0,135000.0,4988000.0,37.3,1
MINNESOTA,27,TRAVERSE,155,WEST CENTRAL,40,2014,151600.0,152500.0,5864000.0,38.7,1
MINNESOTA,27,TRAVERSE,155,WEST CENTRAL,40,2015,154900.0,155500.0,7066000.0,45.6,1
MINNESOTA,27,TRAVERSE,155,WEST CENTRAL,40,2016,141200.0,142000.0,7102000.0,50.3,1
MINNESOTA,27,TRAVERSE,155,WEST CENTRAL,40,2017,152100.0,153000.0,6999000.0,46.0,1
MINNESOTA,27,TRAVERSE,155,WEST CENTRAL,40,2018,147500.0,149000.0,7657000.0,51.9,1
MINNESOTA,27,TRAVERSE,155,WEST CENTRAL,40,2019,120600.0,121500.0,4680000.0,38.8,1
MINNESOTA,27,TRAVERSE,155,WEST CENTRAL,40,2020,140600.0,142500.0,6229000.0,44.3,1
MINNESOTA,27,TRAVERSE,155,WEST CENTRAL,40,2021,135800.0,137000.0,6328000.0,46.6,1
MINNESOTA,27,TRAVERSE,155,WEST CENTRAL,40,2022,128000.0,129000.0,5402000.0,42.2,1
MINNESOTA,27,TRAVERSE,155,WEST CENTRAL,40,2023,124800.0,126000.0,5292000.0,42.4,1
MINNESOTA,27,TRAVERSE,155,WEST CENTRAL,40,2025,119700.0,121000.0,5063000.0,42.3,1
MINNESOTA,27,WABASHA,157,SOUTHEAST,90,1980,15600.0,15700.0,552800.0,35.0,1
MINNESOTA,27,WABASHA,157,SOUTHEAST,90,1981,13700.0,13800.0,506900.0,37.0,1
MINNESOTA,27,WABASHA,157,SOUTHEAST,90,1982,14800.0,15400.0,473600.0,32.0,1
MINNESOTA,27,WABASHA,157,SOUTHEAST,90,1983,14000.0,14100.0,490000.0,35.0,1
MINNESOTA,27,WABASHA,157,SOUTHEAST,90,1984,12600.0,12800.0,479000.0,38.0,1
MINNESOTA,27,WABASHA,157,SOUTHEAST,90,1985,16100.0,16500.0,515200.0,32.0,1
MINNESOTA,27,WABASHA,157,SOUTHEAST,90,1986,12400.0,12500.0,496000.0,40.0,1
MINNESOTA,27,WABASHA,157,SOUTHEAST,90,1987,15700.0,15800.0,690800.0,44.0,1
MINNESOTA,27,WABASHA,157,SOUTHEAST,90,1988,16900.0,17300.0,625300.0,37.0,1
MINNESOTA,27,WABASHA,157,SOUTHEAST,90,1989,16700.0,16800.0,701400.0,42.0,1
MINNESOTA,27,WABASHA,157,SOUTHEAST,90,1990,13500.0,14100.0,607500.0,43.1,1
MINNESOTA,27,WABASHA,157,SOUTHEAST,90,1991,17100.0,17500.0,735300.0,43.0,1
MINNESOTA,27,WABASHA,157,SOUTHEAST,90,1992,17500.0,17800.0,472500.0,27.0,1
MINNESOTA,27,WABASHA,157,SOUTHEAST,90,1993,19000.0,19800.0,646000.0,34.0,1
MINNESOTA,27,WABASHA,157,SOUTHEAST,90,1994,20900.0,21200.0,898700.0,43.0,1
MINNESOTA,27,WABASHA,157,SOUTHEAST,90,1995,22600.0,23100.0,1084800.0,48.0,1
MINNESOTA,27,WABASHA,157,SOUTHEAST,90,1996,25600.0,25900.0,1126400.0,44.0,1
MINNESOTA,27,WABASHA,157,SOUTHEAST,90,1997,31800.0,32000.0,1431000.0,45.0,1
MINNESOTA,27,WABASHA,157,SOUTHEAST,90,1998,31900.0,32200.0,1563100.0,49.0,1
MINNESOTA,27,WABASHA,157,SOUTHEAST,90,1999,34800.0,35100.0,1705200.0,49.0,1
MINNESOTA,27,WABASHA,157,SOUTHEAST,90,2000,35500.0,36200.0,1810500.0,51.0,1
MINNESOTA,27,WABASHA,157,SOUTHEAST,90,2001,39600.0,40000.0,1386000.0,35.0,1
MINNESOTA,27,WABASHA,157,SOUTHEAST,90,2002,35000.0,35400.0,1820000.0,52.0,1
MINNESOTA,27,WABASHA,157,SOUTHEAST,90,2003,41200.0,41500.0,1442000.0,35.0,1
MINNESOTA,27,WABASHA,157,SOUTHEAST,90,2004,36500.0,36800.0,1606000.0,44.0,1
MINNESOTA,27,WABASHA,157,SOUTHEAST,90,2005,39200.0,39700.0,2077600.0,53.0,1
MINNESOTA,27,WABASHA,157,SOUTHEAST,90,2006,42300.0,42800.0,2241900.0,53.0,1
MINNESOTA,27,WABASHA,157,SOUTHEAST,90,2007,33000.0,33100.0,1650000.0,50.0,1
MINNESOTA,27,WABASHA,157,SOUTHEAST,90,2008,39200.0,39500.0,1820200.0,46.5,1
MINNESOTA,27,WABASHA,157,SOUTHEAST,90,2009,39700.0,40100.0,1759000.0,44.5,1
MINNESOTA,27,WABASHA,157,SOUTHEAST,90,2010,39100.0,40000.0,2044000.0,52.3,1
MINNESOTA,27,WABASHA,157,SOUTHEAST,90,2011,37200.0,37400.0,1852000.0,49.8,1
MINNESOTA,27,WABASHA,157,SOUTHEAST,90,2012,34200.0,34300.0,1869000.0,54.6,1
MINNESOTA,27,WABASHA,157,SOUTHEAST,90,2013,32000.0,32800.0,1527000.0,47.7,1
MINNESOTA,27,WABASHA,157,SOUTHEAST,90,2014,36900.0,37100.0,1902000.0,51.5,1
MINNESOTA,27,WABASHA,157,SOUTHEAST,90,2016,36600.0,37000.0,2238000.0,61.1,1
MINNESOTA,27,WABASHA,157,SOUTHEAST,90,2017,41800.0,42100.0,2273000.0,54.4,1
MINNESOTA,27,WABASHA,157,SOUTHEAST,90,2018,43300.0,43700.0,2479000.0,57.3,1
MINNESOTA,27,WABASHA,157,SOUTHEAST,90,2020,43300.0,43700.0,2546000.0,58.8,1
MINNESOTA,27,WABASHA,157,SOUTHEAST,90,2021,41700.0,42100.0,2606000.0,62.5,1
MINNESOTA,27,WABASHA,157,SOUTHEAST,90,2025,42300.0,42700.0,2707000.0,64.0,1
MINNESOTA,27,WADENA,159,CENTRAL,50,1980,2500.0,2500.0,61500.0,25.0,1
MINNESOTA,27,WADENA,159,CENTRAL,50,1981,2000.0,2000.0,64000.0,32.0,1
MINNESOTA,27,WADENA,159,CENTRAL,50,1982,2200.0,2200.0,66000.0,30.0,1
MINNESOTA,27,WADENA,159,CENTRAL,50,1983,2000.0,2000.0,32000.0,16.0,1
MINNESOTA,27,WADENA,159,CENTRAL,50,1984,2100.0,2100.0,48300.0,23.0,1
MINNESOTA,27,WADENA,159,CENTRAL,50,1985,1900.0,2000.0,38000.0,20.0,1
MINNESOTA,27,WADENA,159,CENTRAL,50,1986,2400.0,2400.0,72000.0,30.0,1
MINNESOTA,27,WADENA,159,CENTRAL,50,1987,200.0,200.0,6600.0,33.0,1
MINNESOTA,27,WADENA,159,CENTRAL,50,1988,1600.0,1700.0,40000.0,25.0,1
MINNESOTA,27,WADENA,159,CENTRAL,50,1997,1300.0,1300.0,46800.0,36.0,1
MINNESOTA,27,WADENA,159,CENTRAL,50,1998,1100.0,1100.0,30800.0,28.0,1
MINNESOTA,27,WADENA,159,CENTRAL,50,1999,1900.0,1900.0,68400.0,36.0,1
MINNESOTA,27,WADENA,159,CENTRAL,50,2000,3100.0,3200.0,86800.0,28.0,1
MINNESOTA,27,WADENA,159,CENTRAL,50,2001,3700.0,3800.0,125800.0,34.0,1
MINNESOTA,27,WADENA,159,CENTRAL,50,2002,3500.0,3600.0,136500.0,39.0,1
MINNESOTA,27,WADENA,159,CENTRAL,50,2003,6000.0,6100.0,162000.0,27.0,1
MINNESOTA,27,WADENA,159,CENTRAL,50,2004,6700.0,7200.0,174200.0,26.0,1
MINNESOTA,27,WADENA,159,CENTRAL,50,2005,6200.0,6300.0,266600.0,43.0,1
MINNESOTA,27,WADENA,159,CENTRAL,50,2006,6400.0,6500.0,147200.0,23.0,1
MINNESOTA,27,WADENA,159,CENTRAL,50,2007,6400.0,6700.0,192000.0,30.0,1
MINNESOTA,27,WADENA,159,CENTRAL,50,2008,7400.0,7500.0,225100.0,30.5,1
MINNESOTA,27,WADENA,159,CENTRAL,50,2009,6800.0,7100.0,247000.0,36.5,1
MINNESOTA,27,WADENA,159,CENTRAL,50,2010,7100.0,7200.0,292000.0,41.1,1
MINNESOTA,27,WADENA,159,CENTRAL,50,2011,7900.0,7900.0,341000.0,43.2,1
MINNESOTA,27,WADENA,159,CENTRAL,50,2012,7400.0,7500.0,266000.0,35.9,1
MINNESOTA,27,WADENA,159,CENTRAL,50,2013,7400.0,7700.0,250000.0,33.8,1
MINNESOTA,27,WADENA,159,CENTRAL,50,2019,9400.0,9600.0,401000.0,42.7,1
MINNESOTA,27,WADENA,159,CENTRAL,50,2020,11000.0,11100.0,526000.0,47.8,1
MINNESOTA,27,WADENA,159,CENTRAL,50,2021,11000.0,11800.0,395000.0,35.9,1
MINNESOTA,27,WADENA,159,CENTRAL,50,2022,11600.0,11700.0,513000.0,44.2,1
MINNESOTA,27,WADENA,159,CENTRAL,50,2023,12400.0,12500.0,477000.0,38.5,1
MINNESOTA,27,WADENA,159,CENTRAL,50,2025,13400.0,13500.0,671000.0,50.1,1
MINNESOTA,27,WASECA,161,SOUTH CENTRAL,80,1980,85800.0,85900.0,2956100.0,34.0,1
MINNESOTA,27,WASECA,161,SOUTH CENTRAL,80,1981,72100.0,77300.0,2309700.0,32.0,1
MINNESOTA,27,WASECA,161,SOUTH CENTRAL,80,1982,77000.0,79400.0,2843000.0,36.9,1
MINNESOTA,27,WASECA,161,SOUTH CENTRAL,80,1983,71100.0,71800.0,2559600.0,35.6,1
MINNESOTA,27,WASECA,161,SOUTH CENTRAL,80,1984,71600.0,71800.0,2649200.0,37.0,1
MINNESOTA,27,WASECA,161,SOUTH CENTRAL,80,1985,70300.0,71100.0,2530800.0,36.0,1
MINNESOTA,27,WASECA,161,SOUTH CENTRAL,80,1986,60200.0,61500.0,2408000.0,40.0,1
MINNESOTA,27,WASECA,161,SOUTH CENTRAL,80,1987,69000.0,75400.0,2967000.0,43.0,1
MINNESOTA,27,WASECA,161,SOUTH CENTRAL,80,1988,75900.0,77600.0,2656500.0,35.0,1
MINNESOTA,27,WASECA,161,SOUTH CENTRAL,80,1989,78400.0,79400.0,3292800.0,42.0,1
MINNESOTA,27,WASECA,161,SOUTH CENTRAL,80,1990,70700.0,73300.0,2898700.0,39.5,1
MINNESOTA,27,WASECA,161,SOUTH CENTRAL,80,1991,89100.0,90800.0,3207600.0,36.0,1
MINNESOTA,27,WASECA,161,SOUTH CENTRAL,80,1992,80500.0,82600.0,3059000.0,38.0,1
MINNESOTA,27,WASECA,161,SOUTH CENTRAL,80,1993,84000.0,86000.0,2184000.0,26.0,1
MINNESOTA,27,WASECA,161,SOUTH CENTRAL,80,1994,87300.0,89100.0,3841200.0,44.0,1
MINNESOTA,27,WASECA,161,SOUTH CENTRAL,80,1995,90200.0,91900.0,4059000.0,45.0,1
MINNESOTA,27,WASECA,161,SOUTH CENTRAL,80,1996,92500.0,94000.0,3792500.0,41.0,1
MINNESOTA,27,WASECA,161,SOUTH CENTRAL,80,1997,100100.0,100500.0,4304300.0,43.0,1
MINNESOTA,27,WASECA,161,SOUTH CENTRAL,80,1998,99500.0,100500.0,4776000.0,48.0,1
MINNESOTA,27,WASECA,161,SOUTH CENTRAL,80,1999,102000.0,103400.0,4590000.0,45.0,1
MINNESOTA,27,WASECA,161,SOUTH CENTRAL,80,2000,98700.0,100800.0,4540200.0,46.0,1
MINNESOTA,27,WASECA,161,SOUTH CENTRAL,80,2001,106200.0,107400.0,4354200.0,41.0,1
MINNESOTA,27,WASECA,161,SOUTH CENTRAL,80,2002,96200.0,97000.0,4906200.0,51.0,1
MINNESOTA,27,WASECA,161,SOUTH CENTRAL,80,2003,98200.0,98600.0,3535200.0,36.0,1
MINNESOTA,27,WASECA,161,SOUTH CENTRAL,80,2004,97200.0,98000.0,3985200.0,41.0,1
MINNESOTA,27,WASECA,161,SOUTH CENTRAL,80,2005,94600.0,95600.0,5203000.0,55.0,1
MINNESOTA,27,WASECA,161,SOUTH CENTRAL,80,2006,97100.0,98300.0,5340500.0,55.0,1
MINNESOTA,27,WASECA,161,SOUTH CENTRAL,80,2007,83500.0,83900.0,4342000.0,52.0,1
MINNESOTA,27,WASECA,161,SOUTH CENTRAL,80,2008,90600.0,91500.0,4131900.0,45.5,1
MINNESOTA,27,WASECA,161,SOUTH CENTRAL,80,2009,88800.0,89700.0,4201000.0,47.5,1
MINNESOTA,27,WASECA,161,SOUTH CENTRAL,80,2010,85800.0,87000.0,4392000.0,51.2,1
MINNESOTA,27,WASECA,161,SOUTH CENTRAL,80,2011,83400.0,83700.0,3820000.0,45.8,1
MINNESOTA,27,WASECA,161,SOUTH CENTRAL,80,2012,79900.0,80400.0,4122000.0,51.6,1
MINNESOTA,27,WASECA,161,SOUTH CENTRAL,80,2013,68300.0,69100.0,3303000.0,48.4,1
MINNESOTA,27,WASECA,161,SOUTH CENTRAL,80,2014,79300.0,82000.0,3423000.0,43.2,1
MINNESOTA,27,WASECA,161,SOUTH CENTRAL,80,2015,82800.0,83300.0,4978000.0,60.1,1
MINNESOTA,27,WASECA,161,SOUTH CENTRAL,80,2016,78600.0,79200.0,4796000.0,61.0,1
MINNESOTA,27,WASECA,161,SOUTH CENTRAL,80,2017,89300.0,90000.0,5077000.0,56.9,1
MINNESOTA,27,WASECA,161,SOUTH CENTRAL,80,2018,85900.0,86800.0,5057000.0,58.9,1
MINNESOTA,27,WASECA,161,SOUTH CENTRAL,80,2019,82800.0,83500.0,4336000.0,52.4,1
MINNESOTA,27,WASECA,161,SOUTH CENTRAL,80,2020,86600.0,87300.0,5577000.0,64.4,1
MINNESOTA,27,WASECA,161,SOUTH CENTRAL,80,2021,92100.0,92900.0,6208000.0,67.4,1
MINNESOTA,27,WASECA,161,SOUTH CENTRAL,80,2022,89800.0,90600.0,5433000.0,60.5,1
MINNESOTA,27,WASECA,161,SOUTH CENTRAL,80,2023,92000.0,92900.0,5584000.0,60.7,1
MINNESOTA,27,WASECA,161,SOUTH CENTRAL,80,2024,90800.0,91600.0,4522000.0,49.8,1
MINNESOTA,27,WASECA,161,SOUTH CENTRAL,80,2025,91700.0,92700.0,5282000.0,57.6,1
MINNESOTA,27,WASHINGTON,163,EAST CENTRAL,60,1980,18700.0,19200.0,589000.0,31.0,1
MINNESOTA,27,WASHINGTON,163,EAST CENTRAL,60,1981,19800.0,19900.0,693000.0,35.0,1
MINNESOTA,27,WASHINGTON,163,EAST CENTRAL,60,1982,22200.0,22600.0,510600.0,22.6,1
MINNESOTA,27,WASHINGTON,163,EAST CENTRAL,60,1983,18600.0,18800.0,613800.0,33.0,1
MINNESOTA,27,WASHINGTON,163,EAST CENTRAL,60,1984,22400.0,22600.0,761600.0,34.0,1
MINNESOTA,27,WASHINGTON,163,EAST CENTRAL,60,1985,20100.0,20300.0,623100.0,31.0,1
MINNESOTA,27,WASHINGTON,163,EAST CENTRAL,60,1986,19000.0,19200.0,665000.0,35.0,1
MINNESOTA,27,WASHINGTON,163,EAST CENTRAL,60,1987,13600.0,13600.0,530400.0,39.0,1
MINNESOTA,27,WASHINGTON,163,EAST CENTRAL,60,1988,13600.0,14700.0,231200.0,17.0,1
MINNESOTA,27,WASHINGTON,163,EAST CENTRAL,60,1989,13800.0,14100.0,496800.0,36.0,1
MINNESOTA,27,WASHINGTON,163,EAST CENTRAL,60,1990,11400.0,11700.0,433200.0,37.0,1
MINNESOTA,27,WASHINGTON,163,EAST CENTRAL,60,1991,12800.0,13400.0,512000.0,40.0,1
MINNESOTA,27,WASHINGTON,163,EAST CENTRAL,60,1992,14100.0,14400.0,423000.0,30.0,1
MINNESOTA,27,WASHINGTON,163,EAST CENTRAL,60,1993,14000.0,14300.0,546000.0,39.0,1
MINNESOTA,27,WASHINGTON,163,EAST CENTRAL,60,1994,14000.0,14100.0,560000.0,40.0,1
MINNESOTA,27,WASHINGTON,163,EAST CENTRAL,60,1995,13200.0,13500.0,541200.0,41.0,1
MINNESOTA,27,WASHINGTON,163,EAST CENTRAL,60,1996,13500.0,13700.0,459000.0,34.0,1
MINNESOTA,27,WASHINGTON,163,EAST CENTRAL,60,1997,16000.0,16300.0,624000.0,39.0,1
MINNESOTA,27,WASHINGTON,163,EAST CENTRAL,60,1998,16700.0,16800.0,684700.0,41.0,1
MINNESOTA,27,WASHINGTON,163,EAST CENTRAL,60,1999,16100.0,16200.0,692300.0,43.0,1
MINNESOTA,27,WASHINGTON,163,EAST CENTRAL,60,2000,15900.0,16400.0,667800.0,42.0,1
MINNESOTA,27,WASHINGTON,163,EAST CENTRAL,60,2001,16700.0,16900.0,501000.0,30.0,1
MINNESOTA,27,WASHINGTON,163,EAST CENTRAL,60,2002,14800.0,14900.0,651200.0,44.0,1
MINNESOTA,27,WASHINGTON,163,EAST CENTRAL,60,2003,15200.0,15300.0,304000.0,20.0,1
MINNESOTA,27,WASHINGTON,163,EAST CENTRAL,60,2004,13700.0,13800.0,383600.0,28.0,1
MINNESOTA,27,WASHINGTON,163,EAST CENTRAL,60,2005,14100.0,14300.0,648600.0,46.0,1
MINNESOTA,27,WASHINGTON,163,EAST CENTRAL,60,2006,12500.0,12700.0,600000.0,48.0,1
MINNESOTA,27,WASHINGTON,163,EAST CENTRAL,60,2007,11100.0,11100.0,344100.0,31.0,1
MINNESOTA,27,WASHINGTON,163,EAST CENTRAL,60,2008,13400.0,13700.0,427600.0,32.0,1
MINNESOTA,27,WASHINGTON,163,EAST CENTRAL,60,2009,13500.0,13500.0,630000.0,46.5,1
MINNESOTA,27,WASHINGTON,163,EAST CENTRAL,60,2010,13800.0,13900.0,660000.0,47.8,1
MINNESOTA,27,WASHINGTON,163,EAST CENTRAL,60,2011,13600.0,13700.0,594000.0,43.7,1
MINNESOTA,27,WASHINGTON,163,EAST CENTRAL,60,2012,13500.0,13600.0,491000.0,36.4,1
MINNESOTA,27,WASHINGTON,163,EAST CENTRAL,60,2013,12400.0,12500.0,325000.0,26.2,1
MINNESOTA,27,WASHINGTON,163,EAST CENTRAL,60,2014,12300.0,12400.0,524000.0,42.6,1
MINNESOTA,27,WASHINGTON,163,EAST CENTRAL,60,2015,13900.0,14000.0,745000.0,53.6,1
MINNESOTA,27,WASHINGTON,163,EAST CENTRAL,60,2016,13900.0,14000.0,816000.0,58.7,1
MINNESOTA,27,WASHINGTON,163,EAST CENTRAL,60,2017,14600.0,14700.0,696000.0,47.7,1
MINNESOTA,27,WASHINGTON,163,EAST CENTRAL,60,2018,14100.0,14200.0,696000.0,49.4,1
MINNESOTA,27,WASHINGTON,163,EAST CENTRAL,60,2019,12100.0,12300.0,617000.0,51.0,1
MINNESOTA,27,WASHINGTON,163,EAST CENTRAL,60,2020,13300.0,13400.0,689000.0,51.8,1
MINNESOTA,27,WASHINGTON,163,EAST CENTRAL,60,2021,13400.0,13500.0,685000.0,51.1,1
MINNESOTA,27,WASHINGTON,163,EAST CENTRAL,60,2022,12500.0,12600.0,569000.0,45.5,1
MINNESOTA,27,WASHINGTON,163,EAST CENTRAL,60,2023,13200.0,13300.0,678000.0,51.4,1
MINNESOTA,27,WASHINGTON,163,EAST CENTRAL,60,2024,12300.0,12500.0,632000.0,51.4,1
MINNESOTA,27,WASHINGTON,163,EAST CENTRAL,60,2025,13200.0,13300.0,735000.0,55.7,1
MINNESOTA,27,WATONWAN,165,SOUTH CENTRAL,80,1980,115200.0,115400.0,3969000.0,34.0,1
MINNESOTA,27,WATONWAN,165,SOUTH CENTRAL,80,1981,100800.0,103600.0,2944300.0,29.2,1
MINNESOTA,27,WATONWAN,165,SOUTH CENTRAL,80,1982,99800.0,103400.0,4101200.0,41.1,1
MINNESOTA,27,WATONWAN,165,SOUTH CENTRAL,80,1983,99400.0,100100.0,3578400.0,36.0,1
MINNESOTA,27,WATONWAN,165,SOUTH CENTRAL,80,1984,97400.0,97700.0,3896000.0,40.0,1
MINNESOTA,27,WATONWAN,165,SOUTH CENTRAL,80,1985,93800.0,94800.0,3658200.0,39.0,1
MINNESOTA,27,WATONWAN,165,SOUTH CENTRAL,80,1986,86800.0,89000.0,3558800.0,41.0,1
MINNESOTA,27,WATONWAN,165,SOUTH CENTRAL,80,1987,108400.0,109700.0,4661200.0,43.0,1
MINNESOTA,27,WATONWAN,165,SOUTH CENTRAL,80,1988,110200.0,111400.0,3306000.0,30.0,1
MINNESOTA,27,WATONWAN,165,SOUTH CENTRAL,80,1989,109800.0,110500.0,4501800.0,41.0,1
MINNESOTA,27,WATONWAN,165,SOUTH CENTRAL,80,1990,101200.0,103400.0,4554000.0,45.0,1
MINNESOTA,27,WATONWAN,165,SOUTH CENTRAL,80,1991,132200.0,136100.0,3701600.0,28.0,1
MINNESOTA,27,WATONWAN,165,SOUTH CENTRAL,80,1992,106600.0,107000.0,4157400.0,39.0,1
MINNESOTA,27,WATONWAN,165,SOUTH CENTRAL,80,1993,101600.0,114200.0,2844800.0,28.0,1
MINNESOTA,27,WATONWAN,165,SOUTH CENTRAL,80,1994,112400.0,115900.0,4833200.0,43.0,1
MINNESOTA,27,WATONWAN,165,SOUTH CENTRAL,80,1995,117900.0,120100.0,5423400.0,46.0,1
MINNESOTA,27,WATONWAN,165,SOUTH CENTRAL,80,1996,111300.0,113900.0,4785900.0,43.0,1
MINNESOTA,27,WATONWAN,165,SOUTH CENTRAL,80,1997,119900.0,120500.0,5155700.0,43.0,1
MINNESOTA,27,WATONWAN,165,SOUTH CENTRAL,80,1998,118600.0,119700.0,5337000.0,45.0,1
MINNESOTA,27,WATONWAN,165,SOUTH CENTRAL,80,1999,118300.0,119300.0,5205200.0,44.0,1
MINNESOTA,27,WATONWAN,165,SOUTH CENTRAL,80,2000,114900.0,116600.0,4940700.0,43.0,1
MINNESOTA,27,WATONWAN,165,SOUTH CENTRAL,80,2001,115700.0,116600.0,4512300.0,39.0,1
MINNESOTA,27,WATONWAN,165,SOUTH CENTRAL,80,2002,113100.0,114000.0,5428800.0,48.0,1
MINNESOTA,27,WATONWAN,165,SOUTH CENTRAL,80,2003,110800.0,111600.0,3988800.0,36.0,1
MINNESOTA,27,WATONWAN,165,SOUTH CENTRAL,80,2004,110400.0,110800.0,4857600.0,44.0,1
MINNESOTA,27,WATONWAN,165,SOUTH CENTRAL,80,2005,106700.0,108400.0,5761800.0,54.0,1
MINNESOTA,27,WATONWAN,165,SOUTH CENTRAL,80,2006,107600.0,110000.0,5595200.0,52.0,1
MINNESOTA,27,WATONWAN,165,SOUTH CENTRAL,80,2007,95500.0,96200.0,4584000.0,48.0,1
MINNESOTA,27,WATONWAN,165,SOUTH CENTRAL,80,2008,103000.0,104000.0,4551100.0,44.0,1
MINNESOTA,27,WATONWAN,165,SOUTH CENTRAL,80,2009,103700.0,105000.0,4959000.0,48.0,1
MINNESOTA,27,WATONWAN,165,SOUTH CENTRAL,80,2010,100500.0,102500.0,4850000.0,48.3,1
MINNESOTA,27,WATONWAN,165,SOUTH CENTRAL,80,2011,97400.0,99400.0,4387000.0,45.0,1
MINNESOTA,27,WATONWAN,165,SOUTH CENTRAL,80,2012,94200.0,94800.0,4610000.0,48.9,1
MINNESOTA,27,WATONWAN,165,SOUTH CENTRAL,80,2013,91800.0,92700.0,4915000.0,53.5,1
MINNESOTA,27,WATONWAN,165,SOUTH CENTRAL,80,2014,95200.0,95800.0,4976000.0,52.3,1
MINNESOTA,27,WATONWAN,165,SOUTH CENTRAL,80,2015,102900.0,103500.0,6075000.0,59.0,1
MINNESOTA,27,WATONWAN,165,SOUTH CENTRAL,80,2016,97200.0,98200.0,5685000.0,58.5,1
MINNESOTA,27,WATONWAN,165,SOUTH CENTRAL,80,2017,105600.0,106500.0,6433000.0,60.9,1
MINNESOTA,27,WATONWAN,165,SOUTH CENTRAL,80,2018,99600.0,101500.0,5225000.0,52.5,1
MINNESOTA,27,WATONWAN,165,SOUTH CENTRAL,80,2019,95600.0,96400.0,4595000.0,48.1,1
MINNESOTA,27,WATONWAN,165,SOUTH CENTRAL,80,2020,96800.0,97700.0,5983000.0,61.8,1
MINNESOTA,27,WATONWAN,165,SOUTH CENTRAL,80,2021,104100.0,105000.0,6527000.0,62.7,1
MINNESOTA,27,WATONWAN,165,SOUTH CENTRAL,80,2022,97700.0,98400.0,5930000.0,60.7,1
MINNESOTA,27,WATONWAN,165,SOUTH CENTRAL,80,2023,103000.0,104000.0,5809000.0,56.4,1
MINNESOTA,27,WATONWAN,165,SOUTH CENTRAL,80,2024,103100.0,104000.0,5361000.0,52.0,1
MINNESOTA,27,WATONWAN,165,SOUTH CENTRAL,80,2025,98600.0,99600.0,5985000.0,60.7,1
MINNESOTA,27,WILKIN,167,WEST CENTRAL,40,1980,40400.0,41800.0,874900.0,22.0,1
MINNESOTA,27,WILKIN,167,WEST CENTRAL,40,1981,30900.0,30900.0,865200.0,28.0,1
MINNESOTA,27,WILKIN,167,WEST CENTRAL,40,1982,44700.0,45500.0,1296300.0,28.5,1
MINNESOTA,27,WILKIN,167,WEST CENTRAL,40,1983,60900.0,61500.0,1827000.0,30.0,1
MINNESOTA,27,WILKIN,167,WEST CENTRAL,40,1984,101300.0,102800.0,2532500.0,25.0,1
MINNESOTA,27,WILKIN,167,WEST CENTRAL,40,1985,82600.0,84300.0,2395400.0,29.0,1
MINNESOTA,27,WILKIN,167,WEST CENTRAL,40,1986,79500.0,79700.0,2544000.0,32.0,1
MINNESOTA,27,WILKIN,167,WEST CENTRAL,40,1987,118700.0,119700.0,3561000.0,30.0,1
MINNESOTA,27,WILKIN,167,WEST CENTRAL,40,1988,119200.0,121100.0,1907200.0,16.0,1
MINNESOTA,27,WILKIN,167,WEST CENTRAL,40,1989,121400.0,122400.0,2913600.0,24.0,1
MINNESOTA,27,WILKIN,167,WEST CENTRAL,40,1990,99600.0,102000.0,2290800.0,22.5,1
MINNESOTA,27,WILKIN,167,WEST CENTRAL,40,1991,108500.0,110600.0,3689000.0,34.0,1
MINNESOTA,27,WILKIN,167,WEST CENTRAL,40,1992,116900.0,117600.0,3507000.0,30.0,1
MINNESOTA,27,WILKIN,167,WEST CENTRAL,40,1993,100800.0,107400.0,2116800.0,21.0,1
MINNESOTA,27,WILKIN,167,WEST CENTRAL,40,1994,108400.0,110500.0,3685600.0,34.0,1
MINNESOTA,27,WILKIN,167,WEST CENTRAL,40,1995,113300.0,114700.0,3399000.0,30.0,1
MINNESOTA,27,WILKIN,167,WEST CENTRAL,40,1996,120600.0,122100.0,3618000.0,30.0,1
MINNESOTA,27,WILKIN,167,WEST CENTRAL,40,1997,134900.0,135200.0,4586600.0,34.0,1
MINNESOTA,27,WILKIN,167,WEST CENTRAL,40,1998,131800.0,135600.0,3954000.0,30.0,1
MINNESOTA,27,WILKIN,167,WEST CENTRAL,40,1999,131200.0,133900.0,5116800.0,39.0,1
MINNESOTA,27,WILKIN,167,WEST CENTRAL,40,2000,140000.0,142100.0,4620000.0,33.0,1
MINNESOTA,27,WILKIN,167,WEST CENTRAL,40,2001,133000.0,138400.0,4389000.0,33.0,1
MINNESOTA,27,WILKIN,167,WEST CENTRAL,40,2002,139800.0,141000.0,5172600.0,37.0,1
MINNESOTA,27,WILKIN,167,WEST CENTRAL,40,2003,142800.0,143500.0,4284000.0,30.0,1
MINNESOTA,27,WILKIN,167,WEST CENTRAL,40,2004,141100.0,145100.0,3809700.0,27.0,1
MINNESOTA,27,WILKIN,167,WEST CENTRAL,40,2005,129000.0,130700.0,4773000.0,37.0,1
MINNESOTA,27,WILKIN,167,WEST CENTRAL,40,2006,146200.0,148000.0,5409400.0,37.0,1
MINNESOTA,27,WILKIN,167,WEST CENTRAL,40,2007,133800.0,134500.0,4147800.0,31.0,1
MINNESOTA,27,WILKIN,167,WEST CENTRAL,40,2008,144000.0,145500.0,4576800.0,32.0,1
MINNESOTA,27,WILKIN,167,WEST CENTRAL,40,2009,159700.0,161500.0,4598000.0,29.0,1
MINNESOTA,27,WILKIN,167,WEST CENTRAL,40,2010,169500.0,170500.0,6220000.0,36.7,1
MINNESOTA,27,WILKIN,167,WEST CENTRAL,40,2011,152400.0,154500.0,4732000.0,31.0,1
MINNESOTA,27,WILKIN,167,WEST CENTRAL,40,2012,159000.0,160000.0,6637000.0,41.7,1
MINNESOTA,27,WILKIN,167,WEST CENTRAL,40,2013,151600.0,153000.0,4889000.0,32.2,1
MINNESOTA,27,WILKIN,167,WEST CENTRAL,40,2014,176300.0,177500.0,6517000.0,37.0,1
MINNESOTA,27,WILKIN,167,WEST CENTRAL,40,2015,163800.0,164500.0,6584000.0,40.2,1
MINNESOTA,27,WILKIN,167,WEST CENTRAL,40,2016,164500.0,165500.0,7258000.0,44.1,1
MINNESOTA,27,WILKIN,167,WEST CENTRAL,40,2017,174300.0,175500.0,6850000.0,39.3,1
MINNESOTA,27,WILKIN,167,WEST CENTRAL,40,2018,164400.0,166000.0,7564000.0,46.0,1
MINNESOTA,27,WILKIN,167,WEST CENTRAL,40,2020,157100.0,158500.0,5828000.0,37.1,1
MINNESOTA,27,WILKIN,167,WEST CENTRAL,40,2021,158100.0,159500.0,5660000.0,35.8,1
MINNESOTA,27,WILKIN,167,WEST CENTRAL,40,2022,153300.0,154500.0,5703000.0,37.2,1
MINNESOTA,27,WILKIN,167,WEST CENTRAL,40,2023,146200.0,147500.0,5073000.0,34.7,1
MINNESOTA,27,WILKIN,167,WEST CENTRAL,40,2024,147100.0,148500.0,5634000.0,38.3,1
MINNESOTA,27,WILKIN,167,WEST CENTRAL,40,2025,141500.0,143000.0,5618000.0,39.7,1
MINNESOTA,27,WINONA,169,SOUTHEAST,90,1980,7600.0,7600.0,261900.0,34.0,1
MINNESOTA,27,WINONA,169,SOUTHEAST,90,1981,7100.0,7600.0,255600.0,36.0,1
MINNESOTA,27,WINONA,169,SOUTHEAST,90,1982,8600.0,8700.0,335400.0,39.0,1
MINNESOTA,27,WINONA,169,SOUTHEAST,90,1983,8300.0,8400.0,290500.0,35.0,1
MINNESOTA,27,WINONA,169,SOUTHEAST,90,1984,8100.0,8200.0,324000.0,40.0,1
MINNESOTA,27,WINONA,169,SOUTHEAST,90,1985,7900.0,8200.0,244900.0,31.0,1
MINNESOTA,27,WINONA,169,SOUTHEAST,90,1986,6900.0,7000.0,262200.0,38.0,1
MINNESOTA,27,WINONA,169,SOUTHEAST,90,1987,7500.0,7500.0,337500.0,45.0,1
MINNESOTA,27,WINONA,169,SOUTHEAST,90,1988,8000.0,8100.0,240000.0,30.0,1
MINNESOTA,27,WINONA,169,SOUTHEAST,90,1989,8900.0,8900.0,356000.0,40.0,1
MINNESOTA,27,WINONA,169,SOUTHEAST,90,1990,7900.0,8200.0,355500.0,45.0,1
MINNESOTA,27,WINONA,169,SOUTHEAST,90,1991,10700.0,11100.0,449400.0,42.0,1
MINNESOTA,27,WINONA,169,SOUTHEAST,90,1992,11300.0,12000.0,350300.0,31.0,1
MINNESOTA,27,WINONA,169,SOUTHEAST,90,1993,12600.0,12900.0,378000.0,30.0,1
MINNESOTA,27,WINONA,169,SOUTHEAST,90,1994,13700.0,13800.0,589100.0,43.0,1
MINNESOTA,27,WINONA,169,SOUTHEAST,90,1995,14200.0,14400.0,695800.0,49.0,1
MINNESOTA,27,WINONA,169,SOUTHEAST,90,1996,15700.0,15900.0,706500.0,45.0,1
MINNESOTA,27,WINONA,169,SOUTHEAST,90,1997,21400.0,21600.0,963000.0,45.0,1
MINNESOTA,27,WINONA,169,SOUTHEAST,90,1998,21400.0,21600.0,1005800.0,47.0,1
MINNESOTA,27,WINONA,169,SOUTHEAST,90,1999,19800.0,20000.0,970200.0,49.0,1
MINNESOTA,27,WINONA,169,SOUTHEAST,90,2000,26000.0,26400.0,1274000.0,49.0,1
MINNESOTA,27,WINONA,169,SOUTHEAST,90,2001,29500.0,29700.0,1062000.0,36.0,1
MINNESOTA,27,WINONA,169,SOUTHEAST,90,2002,26400.0,26600.0,1425600.0,54.0,1
MINNESOTA,27,WINONA,169,SOUTHEAST,90,2003,32200.0,32400.0,1127000.0,35.0,1
MINNESOTA,27,WINONA,169,SOUTHEAST,90,2004,30200.0,30500.0,1328800.0,44.0,1
MINNESOTA,27,WINONA,169,SOUTHEAST,90,2005,28800.0,29100.0,1612800.0,56.0,1
MINNESOTA,27,WINONA,169,SOUTHEAST,90,2006,30000.0,30400.0,1590000.0,53.0,1
MINNESOTA,27,WINONA,169,SOUTHEAST,90,2007,25400.0,25700.0,1320800.0,52.0,1
MINNESOTA,27,WINONA,169,SOUTHEAST,90,2008,29300.0,29500.0,1207200.0,41.0,1
MINNESOTA,27,WINONA,169,SOUTHEAST,90,2009,28400.0,28700.0,1242000.0,43.5,1
MINNESOTA,27,WINONA,169,SOUTHEAST,90,2010,29000.0,29200.0,1627000.0,56.1,1
MINNESOTA,27,WINONA,169,SOUTHEAST,90,2011,27500.0,27700.0,1361000.0,49.5,1
MINNESOTA,27,WINONA,169,SOUTHEAST,90,2012,26400.0,26500.0,1403000.0,53.1,1
MINNESOTA,27,WINONA,169,SOUTHEAST,90,2013,25400.0,25600.0,1226000.0,48.3,1
MINNESOTA,27,WINONA,169,SOUTHEAST,90,2014,25600.0,25900.0,1365000.0,53.3,1
MINNESOTA,27,WINONA,169,SOUTHEAST,90,2015,30900.0,31200.0,1728000.0,55.9,1
MINNESOTA,27,WINONA,169,SOUTHEAST,90,2016,29700.0,29900.0,1775000.0,59.8,1
MINNESOTA,27,WINONA,169,SOUTHEAST,90,2017,32900.0,33200.0,1736000.0,52.8,1
MINNESOTA,27,WINONA,169,SOUTHEAST,90,2019,29400.0,29700.0,1563000.0,53.2,1
MINNESOTA,27,WINONA,169,SOUTHEAST,90,2020,32000.0,32300.0,1837000.0,57.4,1
MINNESOTA,27,WINONA,169,SOUTHEAST,90,2021,37400.0,37700.0,2334000.0,62.4,1
MINNESOTA,27,WINONA,169,SOUTHEAST,90,2022,35800.0,36100.0,2227000.0,62.2,1
MINNESOTA,27,WINONA,169,SOUTHEAST,90,2023,36100.0,36400.0,1856000.0,51.4,1
MINNESOTA,27,WINONA,169,SOUTHEAST,90,2024,38300.0,38600.0,2126000.0,55.5,1
MINNESOTA,27,WINONA,169,SOUTHEAST,90,2025,35300.0,35600.0,2284000.0,64.7,1
MINNESOTA,27,WRIGHT,171,CENTRAL,50,1980,49400.0,49800.0,1604700.0,32.0,1
MINNESOTA,27,WRIGHT,171,CENTRAL,50,1981,43800.0,44200.0,1489200.0,34.0,1
MINNESOTA,27,WRIGHT,171,CENTRAL,50,1982,44000.0,44700.0,1452000.0,32.5,1
MINNESOTA,27,WRIGHT,171,CENTRAL,50,1983,40600.0,41100.0,1177400.0,28.6,1
MINNESOTA,27,WRIGHT,171,CENTRAL,50,1984,43600.0,44400.0,1351600.0,31.0,1
MINNESOTA,27,WRIGHT,171,CENTRAL,50,1985,49200.0,50200.0,1623600.0,33.0,1
MINNESOTA,27,WRIGHT,171,CENTRAL,50,1986,56700.0,57200.0,1871100.0,33.0,1
MINNESOTA,27,WRIGHT,171,CENTRAL,50,1987,46100.0,46500.0,1705700.0,37.0,1
MINNESOTA,27,WRIGHT,171,CENTRAL,50,1988,50300.0,51000.0,1006000.0,20.0,1
MINNESOTA,27,WRIGHT,171,CENTRAL,50,1989,47500.0,48600.0,1615000.0,34.0,1
MINNESOTA,27,WRIGHT,171,CENTRAL,50,1990,44900.0,45800.0,1751100.0,39.0,1
MINNESOTA,27,WRIGHT,171,CENTRAL,50,1991,53500.0,55100.0,2193500.0,41.0,1
MINNESOTA,27,WRIGHT,171,CENTRAL,50,1992,55500.0,56200.0,1609500.0,29.0,1
MINNESOTA,27,WRIGHT,171,CENTRAL,50,1993,57500.0,59300.0,1897500.0,33.0,1
MINNESOTA,27,WRIGHT,171,CENTRAL,50,1994,58000.0,58200.0,2378000.0,41.0,1
MINNESOTA,27,WRIGHT,171,CENTRAL,50,1995,58500.0,60000.0,2281500.0,39.0,1
MINNESOTA,27,WRIGHT,171,CENTRAL,50,1996,60400.0,61200.0,2053600.0,34.0,1
MINNESOTA,27,WRIGHT,171,CENTRAL,50,1997,62100.0,62500.0,2359800.0,38.0,1
MINNESOTA,27,WRIGHT,171,CENTRAL,50,1998,66900.0,67600.0,2943600.0,44.0,1
MINNESOTA,27,WRIGHT,171,CENTRAL,50,1999,71100.0,71800.0,3057300.0,43.0,1
MINNESOTA,27,WRIGHT,171,CENTRAL,50,2000,77100.0,78300.0,3006900.0,39.0,1
MINNESOTA,27,WRIGHT,171,CENTRAL,50,2001,80500.0,81400.0,2978500.0,37.0,1
MINNESOTA,27,WRIGHT,171,CENTRAL,50,2002,73800.0,76700.0,3247200.0,44.0,1
MINNESOTA,27,WRIGHT,171,CENTRAL,50,2003,77900.0,79100.0,1869600.0,24.0,1
MINNESOTA,27,WRIGHT,171,CENTRAL,50,2004,74000.0,74300.0,2590000.0,35.0,1
MINNESOTA,27,WRIGHT,171,CENTRAL,50,2005,75200.0,76300.0,3008000.0,40.0,1
MINNESOTA,27,WRIGHT,171,CENTRAL,50,2006,75700.0,76600.0,3179400.0,42.0,1
MINNESOTA,27,WRIGHT,171,CENTRAL,50,2007,66700.0,67300.0,2467900.0,37.0,1
MINNESOTA,27,WRIGHT,171,CENTRAL,50,2008,75200.0,76000.0,2591800.0,34.5,1
MINNESOTA,27,WRIGHT,171,CENTRAL,50,2009,71300.0,72000.0,3127000.0,44.0,1
MINNESOTA,27,WRIGHT,171,CENTRAL,50,2010,76800.0,77300.0,3625000.0,47.2,1
MINNESOTA,27,WRIGHT,171,CENTRAL,50,2011,74100.0,75000.0,2607000.0,35.2,1
MINNESOTA,27,WRIGHT,171,CENTRAL,50,2012,71100.0,71500.0,3266000.0,45.9,1
MINNESOTA,27,WRIGHT,171,CENTRAL,50,2013,66400.0,67100.0,2399000.0,36.1,1
MINNESOTA,27,WRIGHT,171,CENTRAL,50,2014,57100.0,57500.0,1979000.0,34.7,1
MINNESOTA,27,WRIGHT,171,CENTRAL,50,2015,69100.0,69500.0,3840000.0,55.6,1
MINNESOTA,27,WRIGHT,171,CENTRAL,50,2016,72800.0,73600.0,3951000.0,54.3,1
MINNESOTA,27,WRIGHT,171,CENTRAL,50,2017,77400.0,78000.0,3817000.0,49.3,1
MINNESOTA,27,WRIGHT,171,CENTRAL,50,2020,73200.0,73800.0,4004000.0,54.7,1
MINNESOTA,27,WRIGHT,171,CENTRAL,50,2021,71100.0,71600.0,3278000.0,46.1,1
MINNESOTA,27,WRIGHT,171,CENTRAL,50,2022,72700.0,73300.0,3759000.0,51.7,1
MINNESOTA,27,WRIGHT,171,CENTRAL,50,2023,70300.0,70900.0,3859000.0,54.9,1
MINNESOTA,27,WRIGHT,171,CENTRAL,50,2025,67600.0,68300.0,3806000.0,56.3,1
MINNESOTA,27,YELLOW MEDICINE,173,WEST CENTRAL,40,1980,155200.0,156100.0,5194400.0,33.0,1
MINNESOTA,27,YELLOW MEDICINE,173,WEST CENTRAL,40,1981,132400.0,134000.0,4369200.0,33.0,1
MINNESOTA,27,YELLOW MEDICINE,173,WEST CENTRAL,40,1982,153300.0,155600.0,5825400.0,37.4,1
MINNESOTA,27,YELLOW MEDICINE,173,WEST CENTRAL,40,1983,144900.0,145200.0,4636800.0,32.0,1
MINNESOTA,27,YELLOW MEDICINE,173,WEST CENTRAL,40,1984,164500.0,169800.0,5264000.0,32.0,1
MINNESOTA,27,YELLOW MEDICINE,173,WEST CENTRAL,40,1985,161700.0,163800.0,5659500.0,35.0,1
MINNESOTA,27,YELLOW MEDICINE,173,WEST CENTRAL,40,1986,145200.0,146100.0,4501200.0,31.0,1
MINNESOTA,27,YELLOW MEDICINE,173,WEST CENTRAL,40,1987,139500.0,140600.0,5301000.0,38.0,1
MINNESOTA,27,YELLOW MEDICINE,173,WEST CENTRAL,40,1988,146100.0,148900.0,2629800.0,18.0,1
MINNESOTA,27,YELLOW MEDICINE,173,WEST CENTRAL,40,1989,146800.0,147800.0,5138000.0,35.0,1
MINNESOTA,27,YELLOW MEDICINE,173,WEST CENTRAL,40,1990,148900.0,151600.0,6253800.0,42.0,1
MINNESOTA,27,YELLOW MEDICINE,173,WEST CENTRAL,40,1991,163700.0,170300.0,6548000.0,40.0,1
MINNESOTA,27,YELLOW MEDICINE,173,WEST CENTRAL,40,1992,176400.0,176900.0,5644800.0,32.0,1
MINNESOTA,27,YELLOW MEDICINE,173,WEST CENTRAL,40,1993,158800.0,178000.0,3652400.0,23.0,1
MINNESOTA,27,YELLOW MEDICINE,173,WEST CENTRAL,40,1994,177000.0,179700.0,6903000.0,39.0,1
MINNESOTA,27,YELLOW MEDICINE,173,WEST CENTRAL,40,1995,192800.0,195100.0,6940800.0,36.0,1
MINNESOTA,27,YELLOW MEDICINE,173,WEST CENTRAL,40,1996,175800.0,179500.0,6680400.0,38.0,1
MINNESOTA,27,YELLOW MEDICINE,173,WEST CENTRAL,40,1997,182800.0,184800.0,6763600.0,37.0,1
MINNESOTA,27,YELLOW MEDICINE,173,WEST CENTRAL,40,1998,182800.0,184400.0,7494800.0,41.0,1
MINNESOTA,27,YELLOW MEDICINE,173,WEST CENTRAL,40,1999,190000.0,191800.0,8170000.0,43.0,1
MINNESOTA,27,YELLOW MEDICINE,173,WEST CENTRAL,40,2000,186600.0,189400.0,7277400.0,39.0,1
MINNESOTA,27,YELLOW MEDICINE,173,WEST CENTRAL,40,2001,189000.0,191000.0,7371000.0,39.0,1
MINNESOTA,27,YELLOW MEDICINE,173,WEST CENTRAL,40,2002,180900.0,182500.0,7597800.0,42.0,1
MINNESOTA,27,YELLOW MEDICINE,173,WEST CENTRAL,40,2003,179100.0,179800.0,5910300.0,33.0,1
MINNESOTA,27,YELLOW MEDICINE,173,WEST CENTRAL,40,2004,172600.0,175400.0,5868400.0,34.0,1
MINNESOTA,27,YELLOW MEDICINE,173,WEST CENTRAL,40,2005,167900.0,170000.0,7219700.0,43.0,1
MINNESOTA,27,YELLOW MEDICINE,173,WEST CENTRAL,40,2006,169700.0,171700.0,7806200.0,46.0,1
MINNESOTA,27,YELLOW MEDICINE,173,WEST CENTRAL,40,2007,149100.0,150000.0,6709500.0,45.0,1
MINNESOTA,27,YELLOW MEDICINE,173,WEST CENTRAL,40,2008,166600.0,168000.0,5913400.0,35.5,1
MINNESOTA,27,YELLOW MEDICINE,173,WEST CENTRAL,40,2009,162200.0,164000.0,6665000.0,41.0,1
MINNESOTA,27,YELLOW MEDICINE,173,WEST CENTRAL,40,2010,168000.0,171000.0,7760000.0,46.2,1
MINNESOTA,27,YELLOW MEDICINE,173,WEST CENTRAL,40,2011,158400.0,161500.0,6310000.0,39.8,1
MINNESOTA,27,YELLOW MEDICINE,173,WEST CENTRAL,40,2012,160100.0,161000.0,6633000.0,41.4,1
MINNESOTA,27,YELLOW MEDICINE,173,WEST CENTRAL,40,2013,155400.0,157000.0,7591000.0,48.8,1
MINNESOTA,27,YELLOW MEDICINE,173,WEST CENTRAL,40,2014,173900.0,177000.0,7717000.0,44.4,1
MINNESOTA,27,YELLOW MEDICINE,173,WEST CENTRAL,40,2015,175800.0,176500.0,9340000.0,53.1,1
MINNESOTA,27,YELLOW MEDICINE,173,WEST CENTRAL,40,2016,167000.0,168000.0,9312000.0,55.8,1
MINNESOTA,27,YELLOW MEDICINE,173,WEST CENTRAL,40,2017,172300.0,173500.0,9079000.0,52.7,1
MINNESOTA,27,YELLOW MEDICINE,173,WEST CENTRAL,40,2018,166900.0,168500.0,8846000.0,53.0,1
MINNESOTA,27,YELLOW MEDICINE,173,WEST CENTRAL,40,2019,127600.0,129000.0,5625000.0,44.1,1
MINNESOTA,27,YELLOW MEDICINE,173,WEST CENTRAL,40,2020,160600.0,162000.0,7934000.0,49.4,1
MINNESOTA,27,YELLOW MEDICINE,173,WEST CENTRAL,40,2022,169600.0,171000.0,8429000.0,49.7,1
MINNESOTA,27,YELLOW MEDICINE,173,WEST CENTRAL,40,2023,162900.0,164500.0,8000000.0,49.1,1
