county_ansi,year,pcp04,pcp05,pcp06,pcp07,pcp08,pcp09,tmp04,tmp05,tmp06,tmp07,tmp08,tmp09
001,1895,1.29,1.78,2.39,1.4,2.66,2.07,51.4,61.8,72.4,72.2,73.2,68.6
001,1896,2.83,4.5,4.12,11.18,7.01,5.11,56.6,67.7,69.3,73.1,71.1,60.8
001,1897,3.5,3.49,4.35,2.51,3.03,0.72,47.0,56.7,67.8,76.0,68.2,66.6
001,1898,2.47,5.79,2.87,4.28,2.86,3.7,46.8,60.2,71.3,75.3,72.8,68.3
001,1899,0.77,3.08,2.02,4.37,1.99,2.28,53.6,62.4,72.2,73.7,74.0,63.8
001,1900,2.11,4.18,6.15,3.96,4.53,1.79,49.2,63.1,68.8,73.2,76.4,68.2
001,1901,2.33,5.31,3.04,1.6,2.45,1.56,46.8,58.1,72.0,78.9,72.7,65.0
001,1902,1.48,2.91,8.23,3.28,1.68,6.5,48.4,62.9,66.8,73.1,68.1,61.8
001,1903,4.55,3.57,4.11,2.95,3.24,1.97,49.0,63.9,64.2,72.8,69.7,63.9
001,1904,4.39,3.35,2.69,4.64,3.21,2.93,43.0,59.8,67.3,71.3,67.8,64.0
001,1905,3.94,5.3,4.71,3.05,4.24,4.31,47.9,60.5,69.4,73.1,71.6,64.5
001,1906,2.06,2.77,3.38,3.0,5.59,2.29,51.2,62.4,69.2,72.2,74.4,67.8
001,1907,2.0,2.91,5.15,7.21,2.61,3.04,40.2,53.5,65.3,72.4,68.6,63.0
001,1908,2.81,4.31,1.95,3.61,1.76,0.7,49.9,61.6,68.7,73.7,71.2,68.4
001,1909,4.59,4.03,5.27,3.87,4.29,2.22,46.8,57.5,69.8,70.4,72.0,60.9
001,1910,2.89,3.84,1.23,2.55,2.39,5.48,49.6,53.9,65.6,73.1,69.8,63.2
001,1911,4.61,1.63,3.55,2.5,4.74,3.62,45.5,65.2,70.0,72.8,70.3,65.4
001,1912,3.89,3.38,2.7,5.7,5.28,3.45,49.0,61.5,65.8,72.5,68.2,64.9
001,1913,3.27,3.26,1.31,6.03,4.02,2.22,47.5,59.0,69.5,74.1,71.9,62.2
001,1914,3.31,5.2,2.35,3.36,5.08,2.0,47.6,61.2,70.3,74.0,71.7,62.3
001,1915,2.25,4.13,2.8,7.78,5.24,4.23,53.8,55.5,65.1,70.1,64.9,65.4
001,1916,2.44,4.89,5.73,1.3,2.96,3.03,47.3,60.0,63.8,77.3,73.9,62.8
001,1917,3.43,4.86,5.31,3.14,1.82,1.24,46.2,52.8,65.7,71.4,69.7,60.6
001,1918,3.15,3.41,3.44,2.78,1.44,4.75,45.7,65.2,68.6,70.3,76.6,56.2
001,1919,2.62,4.02,2.28,2.63,1.55,2.23,47.5,55.8,73.4,74.8,70.3,66.5
001,1920,6.58,2.7,4.14,5.19,3.12,2.16,42.8,57.2,69.0,69.9,68.6,65.6
001,1921,4.33,3.49,3.64,1.76,3.42,3.81,51.9,61.8,73.4,78.7,70.5,68.7
001,1922,4.99,5.58,2.79,4.36,1.51,2.18,49.8,63.6,70.5,71.5,70.9,67.3
001,1923,1.83,5.34,2.66,4.94,4.4,4.3,46.2,56.0,70.9,72.7,69.2,64.2
001,1924,2.46,4.93,7.78,1.62,2.44,4.06,47.7,52.4,66.5,69.6,70.6,59.2
001,1925,1.87,1.13,2.17,4.44,2.05,5.63,52.9,55.2,72.8,71.6,70.5,69.7
001,1926,3.67,3.35,2.39,2.85,5.38,9.9,41.8,59.6,64.6,72.4,73.5,64.5
001,1927,6.23,5.55,3.09,3.02,2.42,2.74,47.4,58.3,63.8,72.3,64.8,67.9
001,1928,2.06,2.21,6.04,5.06,1.54,0.41,44.5,58.1,62.8,72.6,72.5,61.0
001,1929,4.21,6.08,3.85,6.06,3.97,2.17,51.3,56.9,66.0,72.7,67.6,63.0
001,1930,2.68,1.88,2.93,3.04,2.95,3.36,49.4,60.9,68.3,74.2,70.2,65.0
001,1931,2.77,2.04,3.36,2.51,3.78,4.06,48.6,57.3,71.9,76.7,71.3,68.8
001,1932,2.84,1.19,3.23,2.91,1.27,4.55,46.8,59.4,71.0,73.8,71.1,62.8
001,1933,2.61,8.36,1.51,2.87,3.18,7.33,48.2,61.5,74.8,74.4,69.6,68.3
001,1934,1.77,0.61,2.53,1.29,4.2,4.37,47.5,63.6,75.3,79.3,71.2,64.8
001,1935,1.63,5.52,3.3,4.49,3.43,2.34,45.0,54.2,66.5,75.7,72.3,63.7
001,1936,1.85,2.66,2.48,1.76,2.96,3.31,43.8,62.9,68.2,77.5,75.0,68.0
001,1937,4.73,4.76,4.71,5.27,4.07,2.85,47.6,59.1,67.7,72.0,73.0,61.6
001,1938,2.84,3.45,6.04,5.01,1.76,2.24,50.4,59.5,67.4,72.8,73.8,64.8
001,1939,4.24,1.08,5.47,4.79,3.13,0.92,44.2,62.8,71.2,72.3,70.8,68.8
001,1940,4.67,3.94,4.2,1.06,2.55,1.18,44.2,56.4,70.3,74.0,72.2,62.4
001,1941,1.76,2.93,6.13,1.76,2.08,1.5,53.7,62.8,69.7,74.1,71.4,67.9
001,1942,2.69,3.59,3.59,4.9,4.03,3.02,53.0,61.0,69.8,74.0,69.7,61.8
001,1943,2.66,11.04,4.28,9.13,3.78,3.01,44.4,59.2,73.4,73.3,71.2,60.0
001,1944,5.92,4.5,1.34,1.88,3.2,1.43,45.5,64.8,73.3,73.6,72.6,64.8
001,1945,3.28,3.86,6.6,2.81,1.61,5.51,50.5,53.3,66.1,70.6,70.2,65.5
001,1946,1.02,5.72,4.57,2.78,1.53,1.3,49.0,56.7,67.9,72.5,66.7,64.8
001,1947,5.79,4.74,5.84,4.51,2.84,4.27,47.2,56.1,66.0,69.2,77.0,64.7
001,1948,3.81,3.72,4.91,3.19,1.85,3.18,52.3,57.5,69.0,73.0,70.8,65.7
001,1949,2.61,4.5,4.84,4.33,2.41,2.3,47.2,60.8,72.5,75.8,71.0,58.2
001,1950,4.52,1.51,4.02,3.4,3.52,4.3,42.5,61.1,66.9,69.9,68.3,61.9
001,1951,3.61,3.33,4.39,3.58,1.49,2.26,46.3,60.8,68.3,71.7,68.9,61.5
001,1952,4.48,5.02,2.93,3.04,2.71,4.14,49.3,57.8,74.4,75.4,69.6,63.2
001,1953,3.15,3.1,1.91,3.01,2.42,1.92,44.8,61.8,73.0,74.1,72.5,64.3
001,1954,2.64,2.7,3.84,3.47,6.47,1.36,54.2,55.1,72.0,72.9,70.2,66.8
001,1955,3.03,2.1,1.94,5.11,3.94,2.21,55.1,61.7,66.2,77.5,74.2,66.0
001,1956,2.35,4.94,4.29,5.05,2.45,0.39,46.1,59.2,70.1,71.6,71.0,61.8
001,1957,7.75,4.93,7.5,3.99,1.69,4.41,49.6,59.3,69.2,72.4,70.5,63.2
001,1958,2.86,2.91,9.11,6.11,4.57,3.67,49.6,58.3,63.9,71.7,69.7,63.3
001,1959,5.92,4.14,3.67,3.55,2.61,3.29,49.0,63.9,69.9,72.5,75.4,66.6
001,1960,1.74,4.39,3.66,3.4,2.55,1.48,52.2,57.4,67.1,70.6,71.9,67.3
001,1961,5.94,2.35,2.95,5.85,2.73,3.88,43.4,55.4,67.4,72.2,70.4,68.4
001,1962,0.97,3.94,2.6,3.64,3.35,2.02,48.5,66.2,69.7,70.5,70.6,61.2
001,1963,3.47,2.83,2.76,4.75,1.57,0.83,49.5,57.3,69.6,71.9,67.4,62.8
001,1964,7.35,2.4,3.97,2.28,1.8,1.57,50.2,63.8,70.3,73.4,69.9,64.7
001,1965,4.41,3.42,2.15,2.54,2.43,4.69,47.8,65.8,68.5,70.5,69.3,66.2
001,1966,2.25,3.28,2.32,3.48,2.42,4.16,46.1,54.1,70.4,74.6,69.5,61.0
001,1967,3.78,4.35,2.64,1.82,1.61,1.88,51.1,54.7,71.3,70.4,67.5,60.9
001,1968,2.69,5.67,4.07,3.43,4.83,2.52,50.7,56.2,70.2,72.8,72.0,64.3
001,1969,4.06,3.07,5.34,4.07,1.26,5.81,50.7,60.7,66.3,73.9,71.6,63.8
001,1970,5.47,3.59,4.35,4.68,1.15,3.23,50.1,63.7,69.5,72.9,71.3,67.0
001,1971,1.33,4.8,3.94,4.78,2.32,5.91,47.1,57.0,73.4,70.7,68.8,67.1
001,1972,7.12,4.25,2.83,4.85,1.89,8.08,47.9,61.7,65.7,72.5,70.5,64.7
001,1973,2.95,2.8,4.87,4.08,4.02,0.84,49.0,56.4,72.0,73.7,72.1,66.6
001,1974,2.97,4.97,3.52,0.6,4.26,2.88,51.6,58.2,67.0,74.8,71.6,60.2
001,1975,3.06,3.72,5.36,0.76,6.89,2.47,44.0,64.2,70.3,72.5,73.2,59.6
001,1976,1.82,2.86,3.84,3.43,1.54,2.4,51.8,57.7,70.6,72.4,68.4,61.7
001,1977,3.8,1.53,2.6,3.51,5.91,3.96,54.5,67.4,67.9,76.4,70.3,66.2
001,1978,4.4,2.87,2.23,2.37,4.33,1.4,48.6,59.0,69.8,72.6,70.9,68.8
001,1979,3.12,3.18,3.07,4.58,4.13,0.76,46.6,59.1,69.4,71.8,69.8,63.9
001,1980,2.48,3.18,5.28,3.99,5.35,2.24,47.1,60.9,67.4,75.7,74.9,66.5
001,1981,4.21,4.95,8.21,2.83,2.32,3.67,52.4,57.5,70.8,73.8,70.8,63.2
001,1982,2.23,3.52,3.79,2.5,2.75,1.74,44.5,66.8,65.7,74.0,68.7,62.9
001,1983,4.18,3.86,3.28,2.88,1.34,1.4,45.8,56.9,70.4,77.1,76.3,66.0
001,1984,4.21,4.55,2.04,3.23,2.49,2.98,47.2,56.7,73.2,70.8,72.4,62.3
001,1985,1.56,2.99,3.41,2.07,3.91,2.04,55.6,63.2,67.0,72.9,70.1,66.0
001,1986,2.86,3.64,5.95,6.54,3.37,4.39,52.2,61.6,69.6,75.2,68.2,67.5
001,1987,2.12,3.38,5.45,3.8,4.6,0.77,50.8,64.8,72.2,74.6,71.9,66.0
001,1988,2.17,0.77,0.69,3.95,2.77,2.5,49.2,63.0,71.9,76.4,75.3,64.3
001,1989,4.19,6.26,3.99,3.44,3.25,4.36,47.6,57.3,69.3,74.4,70.2,62.1
001,1990,2.01,5.84,3.48,5.6,7.19,2.65,49.7,57.1,69.2,71.8,69.6,64.7
001,1991,4.16,4.6,1.55,2.92,3.8,1.79,53.0,67.2,73.2,74.3,72.1,63.7
001,1992,4.52,2.78,2.4,8.26,2.45,5.75,48.2,58.6,65.2,71.1,67.0,62.8
001,1993,4.95,3.22,5.71,7.61,2.09,4.1,48.2,61.1,67.8,74.9,73.1,60.6
001,1994,4.67,2.16,4.59,2.63,2.96,1.33,51.4,57.6,72.1,72.5,68.2,64.4
001,1995,4.59,4.15,5.4,2.21,3.98,0.48,47.5,58.4,70.8,74.2,76.9,62.2
001,1996,3.79,7.05,4.42,7.44,1.51,3.56,46.8,57.8,71.0,70.9,72.1,63.5
001,1997,1.28,6.36,4.4,5.55,3.37,4.54,45.9,54.5,69.0,72.4,68.3,63.6
001,1998,5.12,2.46,5.71,6.99,5.6,1.01,51.5,66.2,70.2,72.4,72.8,69.0
001,1999,4.85,2.97,2.38,1.53,2.78,1.75,52.0,62.9,71.7,78.2,70.0,65.3
001,2000,2.5,4.66,7.31,2.39,4.64,4.15,49.6,63.1,69.4,71.2,70.4,63.4
001,2001,3.38,5.2,3.06,5.59,3.61,4.03,54.3,62.8,68.7,73.0,73.0,62.5
001,2002,3.55,4.76,2.0,3.27,3.3,2.82,52.1,57.1,72.3,77.0,73.9,68.7
001,2003,3.24,8.21,3.94,10.05,5.37,6.73,50.5,58.6,66.5,72.1,72.7,62.3
001,2004,1.05,5.58,5.86,5.17,6.11,1.71,52.0,64.2,68.1,71.1,67.9,66.6
001,2005,3.62,1.73,2.86,3.96,2.58,4.88,52.0,57.2,73.5,74.8,74.0,68.2
001,2006,4.42,5.25,3.32,3.81,3.11,2.51,54.1,59.0,69.3,75.1,72.6,61.5
001,2007,4.31,0.88,2.05,2.57,8.27,2.68,47.5,64.7,72.1,71.4,74.7,67.5
001,2008,2.85,5.26,5.37,3.16,1.35,2.8,51.5,57.1,71.6,72.8,70.6,67.4
001,2009,6.05,3.33,4.1,2.42,2.58,1.4,49.7,60.8,69.9,68.9,70.3,64.3
001,2010,3.58,6.76,6.48,3.81,3.57,1.17,56.1,63.0,72.9,76.0,74.5,66.6
001,2011,6.09,7.7,3.18,0.91,4.71,5.57,50.2,61.7,71.0,79.0,72.4,62.7
001,2012,1.05,2.81,1.27,3.81,5.55,4.12,51.4,67.0,72.0,78.7,70.7,63.4
001,2013,6.53,2.73,4.34,4.47,2.85,2.64,48.3,64.3,70.0,72.1,70.3,64.8
001,2014,4.95,3.6,5.83,3.32,5.05,4.52,50.4,61.7,71.6,68.5,70.9,62.9
001,2015,3.3,4.3,13.32,8.94,3.7,2.51,50.9,64.2,69.0,71.4,70.2,68.2
001,2016,2.64,3.14,3.9,2.1,5.55,3.84,49.5,59.8,71.4,73.9,74.8,68.6
001,2017,4.26,8.3,4.81,5.55,2.51,1.81,55.0,58.8,70.6,72.4,68.6,66.0
001,2018,2.72,3.02,6.76,2.94,8.01,2.42,42.8,67.3,71.9,72.7,73.0,68.5
001,2019,5.58,7.75,3.91,4.46,3.49,1.59,49.8,60.7,69.6,76.4,70.7,69.0
001,2020,2.76,4.81,2.97,3.39,2.56,2.87,47.3,58.7,71.5,76.5,71.2,63.9
001,2021,3.15,4.19,4.27,4.72,3.25,3.94,51.2,58.8,72.4,72.9,74.0,67.4
001,2022,2.38,5.85,2.28,6.93,2.91,2.68,47.5,64.0,72.4,73.8,71.8,65.0
001,2023,2.41,2.51,2.55,4.95,2.9,2.16,51.4,59.8,68.2,73.4,69.8,65.5
001,2024,7.71,3.19,2.73,2.82,3.27,2.55,53.3,65.8,72.7,72.2,72.4,67.5
001,2025,4.94,4.04,3.08,4.66,1.5,1.46,50.9,58.3,72.8,76.5,70.0,66.8
001,2026,6.11,3.68,4.7,2.69,8.36,,57.1,58.4,70.0,75.1,71.8,
003,1895,1.23,2.05,1.7,1.71,2.78,1.67,50.7,61.3,72.0,71.7,72.7,67.9
003,1896,3.59,4.64,3.96,11.61,5.8,4.97,55.6,67.1,69.1,72.7,70.9,60.0
003,1897,3.16,3.53,4.19,2.24,3.22,0.79,46.4,55.9,66.7,75.5,67.9,65.7
003,1898,1.9,5.39,2.57,4.63,2.51,3.57,45.3,59.7,70.0,74.3,71.6,66.6
003,1899,0.85,3.81,2.07,4.45,3.03,2.78,51.8,61.4,71.2,72.6,72.6,62.1
003,1900,2.16,3.55,6.42,5.33,4.0,1.51,48.4,62.4,68.0,71.8,75.2,66.3
003,1901,2.22,4.28,3.08,2.03,3.14,1.4,46.1,57.5,71.1,77.9,71.6,63.1
003,1902,1.44,3.64,8.51,3.43,1.31,7.39,46.9,61.2,64.8,72.4,66.7,60.1
003,1903,4.95,3.12,4.11,3.54,3.87,1.8,47.7,62.5,62.7,71.4,67.8,62.6
003,1904,3.49,3.33,2.13,3.97,4.49,3.15,42.5,58.6,66.1,70.6,66.8,63.1
003,1905,3.86,6.2,5.68,3.25,3.65,3.0,46.4,58.9,68.0,71.7,70.4,63.9
003,1906,2.41,2.56,3.73,3.42,5.19,2.31,50.3,61.6,68.6,71.5,73.8,67.6
003,1907,2.07,4.03,5.55,5.37,2.6,3.86,39.4,52.2,64.9,71.9,67.9,62.0
003,1908,2.51,5.11,1.45,3.01,2.94,0.67,48.4,60.7,68.0,73.1,70.0,67.4
003,1909,4.25,3.78,6.13,2.58,4.21,2.38,45.1,56.7,68.6,70.5,71.7,60.2
003,1910,3.16,2.66,0.78,3.61,3.85,4.31,49.2,54.0,65.4,73.3,69.3,62.9
003,1911,4.54,1.87,5.21,2.51,3.87,3.32,45.1,64.7,70.0,72.6,69.9,65.2
003,1912,3.11,3.7,2.42,4.02,5.76,2.8,48.6,61.2,66.1,72.7,68.3,65.1
003,1913,2.82,3.74,0.87,4.68,4.27,2.13,48.0,58.5,69.4,73.9,72.1,62.2
003,1914,3.2,4.99,3.16,2.31,5.25,2.4,45.6,60.8,69.7,74.1,71.3,62.5
003,1915,1.78,4.16,2.84,6.96,4.59,3.71,53.4,55.2,64.5,70.1,65.1,65.6
003,1916,2.07,4.68,5.82,1.05,2.13,2.31,47.2,59.8,63.6,77.4,73.6,62.6
003,1917,3.57,4.38,5.04,2.88,2.45,1.27,46.5,52.8,65.4,71.6,70.0,60.8
003,1918,2.71,3.45,2.82,2.14,1.5,4.93,46.5,65.6,68.7,70.7,76.5,56.3
003,1919,2.82,4.61,3.11,1.38,2.39,2.7,47.7,56.4,73.9,75.9,70.6,67.5
003,1920,5.53,2.21,3.99,5.02,2.4,2.06,43.2,57.4,69.4,70.1,69.0,66.1
003,1921,4.25,3.17,2.91,1.85,4.48,3.35,52.5,62.4,74.0,79.4,70.8,69.1
003,1922,4.15,4.81,2.5,3.32,1.6,2.1,49.7,63.7,70.3,72.0,71.5,67.6
003,1923,1.78,4.76,2.22,5.86,3.99,3.62,46.2,56.4,71.7,72.9,69.3,64.4
003,1924,2.94,4.15,7.54,1.73,2.42,3.57,47.5,53.0,66.0,69.8,70.7,59.4
003,1925,1.7,0.97,2.33,4.46,1.83,5.44,52.9,55.2,72.5,71.6,70.9,69.4
003,1926,3.37,2.73,2.85,3.6,4.98,8.64,42.1,59.6,64.4,72.4,73.3,64.1
003,1927,6.02,5.05,2.87,2.74,2.18,4.05,47.5,58.3,64.3,72.4,65.0,67.6
003,1928,2.09,2.7,5.02,3.87,2.64,0.78,44.5,58.4,63.2,72.9,73.0,61.1
003,1929,4.97,5.35,3.46,4.36,3.61,2.6,51.4,57.2,66.1,73.2,68.3,63.5
003,1930,3.42,2.35,2.62,1.98,1.95,3.41,49.2,61.0,68.5,75.0,71.2,65.8
003,1931,2.34,2.49,4.16,2.26,3.51,3.81,49.1,57.6,71.8,77.0,72.2,69.2
003,1932,2.47,1.65,3.17,2.73,1.15,4.59,47.1,59.9,70.9,73.8,72.0,63.2
003,1933,3.08,6.96,1.73,2.53,2.77,6.66,48.4,61.9,75.5,75.4,70.7,68.8
003,1934,2.13,0.9,2.28,1.48,3.9,4.34,47.6,63.9,76.2,79.9,72.0,65.3
003,1935,1.91,5.05,3.29,3.22,3.74,2.29,45.3,54.2,66.6,76.5,72.8,63.7
003,1936,1.81,2.13,2.61,1.42,3.39,4.11,43.8,63.1,68.4,77.9,75.5,67.8
003,1937,4.99,4.03,5.58,5.08,3.55,2.53,47.5,59.4,68.0,72.8,73.6,62.0
003,1938,2.8,4.15,6.31,4.53,2.51,2.61,50.6,59.8,67.6,72.9,73.8,64.6
003,1939,4.47,0.98,5.79,4.56,3.24,0.9,44.7,62.9,71.6,72.6,71.2,68.5
003,1940,4.11,4.31,4.43,1.5,2.05,0.92,44.5,56.2,70.0,74.0,72.2,62.7
003,1941,1.97,2.54,4.88,1.17,2.2,1.2,53.7,62.5,69.9,74.4,71.8,68.7
003,1942,2.59,2.83,5.19,5.43,4.52,3.42,52.8,61.2,70.0,73.8,69.8,62.1
003,1943,3.03,9.3,3.35,7.84,3.43,3.66,44.1,58.7,73.7,73.7,71.3,60.1
003,1944,6.16,4.5,2.44,1.5,2.4,1.49,44.8,64.6,72.7,73.8,73.2,64.7
003,1945,3.22,4.96,5.81,4.04,2.31,5.19,50.4,53.2,66.1,71.0,70.4,65.3
003,1946,0.83,4.38,4.71,2.7,1.77,1.31,49.1,57.0,67.9,73.0,67.4,65.1
003,1947,5.14,4.0,4.92,3.44,2.46,4.19,47.0,55.8,66.2,69.9,78.1,65.3
003,1948,2.35,3.97,4.54,3.91,2.0,2.26,52.4,57.8,68.8,73.4,71.4,66.7
003,1949,1.88,4.89,4.98,3.5,2.93,3.08,47.4,61.1,72.4,76.2,71.7,58.3
003,1950,4.62,1.32,5.04,3.63,3.61,5.94,42.0,61.0,67.4,69.9,68.7,62.3
003,1951,3.74,3.53,5.61,4.94,2.76,1.71,46.2,60.8,68.0,71.9,69.0,61.3
003,1952,3.91,5.99,2.85,3.61,2.91,3.17,49.3,57.8,74.0,75.6,70.2,63.5
003,1953,3.2,2.94,1.75,2.8,2.47,2.05,44.9,62.0,73.1,74.8,72.9,64.5
003,1954,2.81,2.61,3.79,4.09,6.95,1.51,53.4,55.3,72.2,73.0,69.9,66.3
003,1955,3.24,2.16,2.13,5.27,3.68,2.02,55.1,61.7,66.7,77.9,74.8,65.8
003,1956,2.86,5.68,2.81,3.4,2.97,0.76,46.2,58.9,70.5,71.8,71.0,61.8
003,1957,7.12,3.43,6.51,3.12,2.66,3.05,49.1,58.7,68.9,72.7,70.5,62.7
003,1958,2.38,2.01,7.05,6.23,4.02,3.5,49.5,58.5,64.0,71.7,69.9,63.2
003,1959,5.87,4.1,3.6,2.8,2.38,2.74,49.0,63.7,70.0,72.6,75.8,66.8
003,1960,1.91,3.81,4.51,2.45,2.71,1.69,51.8,57.1,66.5,70.2,72.0,67.2
003,1961,4.71,2.33,3.04,5.34,3.38,4.65,43.5,55.4,67.5,72.1,70.5,68.3
003,1962,1.18,4.18,1.9,3.07,2.22,1.7,48.3,65.8,69.7,70.4,71.1,61.3
003,1963,3.45,2.7,2.63,5.17,1.74,1.21,49.4,57.2,69.5,72.2,67.2,63.0
003,1964,5.3,3.25,4.12,2.6,2.26,1.95,50.2,63.6,70.1,73.8,69.4,64.5
003,1965,4.06,2.73,1.81,3.95,2.89,3.14,47.3,65.1,68.5,70.2,68.9,66.0
003,1966,2.6,3.44,2.2,3.71,3.51,2.56,46.2,53.9,70.3,74.6,69.1,61.4
003,1967,3.47,3.92,2.67,1.69,1.75,1.37,51.0,54.4,70.9,70.2,67.7,61.4
003,1968,3.12,6.54,4.8,3.28,4.08,2.58,50.7,56.0,69.9,72.4,72.0,64.1
003,1969,3.73,3.7,5.49,4.55,0.61,4.65,50.6,59.8,65.6,73.7,72.1,64.2
003,1970,6.08,3.92,2.71,4.8,1.29,4.92,49.6,62.9,69.1,73.2,71.6,66.4
003,1971,1.31,4.1,3.26,3.31,1.69,4.96,47.3,56.9,73.4,70.4,69.2,67.0
003,1972,5.26,3.45,3.13,4.09,3.53,7.22,47.4,61.3,65.2,72.1,70.2,64.7
003,1973,2.67,2.74,5.3,3.6,3.7,0.92,49.1,56.1,71.6,73.2,71.8,66.3
003,1974,2.71,4.53,3.5,0.52,2.91,2.69,51.0,57.5,66.6,74.5,71.4,60.4
003,1975,3.39,3.77,5.71,1.6,6.84,2.9,43.4,63.6,69.8,72.1,72.8,59.5
003,1976,2.29,2.78,3.42,3.93,1.54,2.43,51.2,57.4,70.5,72.4,68.2,61.5
003,1977,4.61,1.33,2.79,4.33,5.89,4.57,54.6,67.0,67.3,75.5,69.9,65.7
003,1978,4.49,2.99,1.83,2.12,3.49,2.13,48.5,59.1,69.2,72.1,71.0,68.7
003,1979,2.74,3.13,2.85,4.04,4.52,0.48,46.6,59.0,69.0,71.3,69.4,64.0
003,1980,3.04,3.03,4.86,4.63,4.9,2.72,47.0,60.7,66.8,75.2,74.1,66.0
003,1981,5.38,4.84,7.42,3.6,2.1,4.41,52.0,57.3,70.2,73.4,70.7,63.5
003,1982,2.35,4.08,4.13,3.47,2.47,1.99,44.1,66.2,65.4,73.6,68.9,63.0
003,1983,4.57,4.33,2.87,2.88,1.42,1.71,45.8,56.6,70.0,77.0,76.2,66.0
003,1984,3.87,4.97,1.46,3.34,1.69,3.8,47.0,56.0,72.2,70.6,72.4,62.4
003,1985,1.73,2.41,3.21,2.24,5.45,2.84,55.3,63.3,66.8,73.0,69.6,65.3
003,1986,2.58,3.22,6.54,8.18,3.53,4.84,52.1,61.1,69.0,74.9,67.8,66.5
003,1987,2.09,4.07,4.67,2.94,5.0,1.54,50.6,63.6,72.1,74.6,71.7,65.4
003,1988,2.49,1.1,0.53,4.63,3.38,2.44,49.0,62.8,71.9,76.2,74.8,63.9
003,1989,3.62,5.24,4.1,3.17,2.9,3.54,46.9,56.9,68.8,74.0,69.9,61.7
003,1990,2.27,5.22,4.12,5.76,5.97,2.29,49.1,56.8,68.8,71.4,69.3,64.5
003,1991,4.75,6.21,1.42,2.68,3.69,1.81,52.5,66.4,73.0,74.3,72.0,62.8
003,1992,3.68,2.77,2.67,6.3,2.77,6.02,47.5,58.3,64.8,70.4,66.7,62.1
003,1993,4.43,3.04,6.14,4.53,2.3,4.93,47.7,60.9,67.5,74.9,72.6,60.4
003,1994,5.75,1.49,4.26,3.38,2.48,1.42,51.3,57.3,71.8,72.1,67.9,64.1
003,1995,4.73,3.8,4.58,1.8,3.54,0.95,46.8,58.0,70.7,74.1,76.7,61.8
003,1996,3.42,6.44,4.71,6.31,2.26,3.57,46.4,57.2,70.4,70.3,71.8,63.4
003,1997,1.21,6.62,3.99,5.78,4.55,5.48,45.4,53.6,69.0,71.9,67.8,63.0
003,1998,4.83,2.68,5.09,5.75,5.68,1.05,50.6,65.8,69.8,72.1,72.2,68.0
003,1999,5.67,3.8,2.21,1.72,2.76,1.78,51.5,62.4,71.3,77.9,69.6,64.6
003,2000,2.73,5.01,7.7,2.29,3.94,4.8,48.8,62.3,68.8,70.8,70.6,63.1
003,2001,3.58,4.01,4.0,4.88,4.35,3.81,53.2,62.2,68.0,72.5,72.6,62.1
003,2002,3.77,4.98,2.76,2.89,2.72,2.61,51.4,56.2,71.4,76.4,73.1,68.0
003,2003,2.71,7.3,3.48,9.07,4.78,6.45,50.2,57.9,66.5,71.8,72.5,62.0
003,2004,0.79,7.06,5.27,5.57,4.92,1.67,51.9,63.5,67.7,71.2,67.5,66.4
003,2005,2.4,1.7,2.16,5.19,1.93,4.32,51.6,56.7,73.3,74.8,73.3,68.0
003,2006,3.46,5.81,2.91,4.71,3.44,2.76,53.5,58.9,68.9,74.6,71.9,61.3
003,2007,4.01,1.05,2.39,2.88,9.22,2.09,47.4,64.4,71.6,71.5,73.8,66.8
003,2008,2.68,4.42,4.88,3.13,1.51,3.66,51.1,56.7,70.8,72.6,70.8,67.2
003,2009,5.75,3.35,3.62,3.35,4.34,1.51,49.6,59.9,69.8,68.2,69.5,64.2
003,2010,4.11,6.84,5.43,3.08,2.65,1.56,55.4,63.2,72.6,76.0,73.8,65.6
003,2011,6.17,8.23,2.37,1.21,3.89,5.61,49.6,61.5,71.2,78.8,72.1,62.3
003,2012,1.09,1.7,1.19,3.49,4.35,3.32,50.6,66.5,71.6,79.1,70.1,62.9
003,2013,7.0,2.24,5.9,3.5,3.37,1.95,47.6,64.1,69.8,71.8,70.0,64.7
003,2014,4.08,4.05,5.18,2.47,4.51,4.56,49.5,60.9,71.3,68.1,70.9,62.6
003,2015,3.04,4.63,11.13,6.45,3.56,2.71,50.0,63.8,69.0,70.8,69.6,67.8
003,2016,3.04,3.47,4.75,1.86,4.0,4.41,49.1,59.7,70.8,74.0,74.7,68.4
003,2017,4.17,8.15,5.3,5.33,2.81,1.92,54.5,58.7,70.4,72.5,68.3,65.8
003,2018,2.59,3.67,5.84,3.0,7.64,1.75,42.7,66.6,71.6,73.1,73.1,68.2
003,2019,5.36,5.89,3.92,4.23,4.6,2.72,49.5,59.9,69.1,76.1,70.5,68.4
003,2020,2.55,4.27,2.13,3.07,3.09,2.41,46.4,58.0,70.9,76.2,70.8,63.1
003,2021,2.79,4.4,5.36,5.51,3.42,4.08,50.5,58.4,72.1,72.8,73.4,67.3
003,2022,2.39,4.64,2.64,6.77,4.14,2.07,46.6,63.6,71.7,73.2,71.2,64.7
003,2023,2.27,2.75,2.17,5.38,2.59,1.94,50.8,59.9,68.3,73.0,69.6,65.5
003,2024,7.0,4.1,2.93,3.22,2.23,1.9,52.7,65.0,72.4,71.9,71.8,67.8
003,2025,4.19,3.59,4.15,3.99,1.29,1.23,50.6,58.5,72.2,75.8,69.9,66.4
003,2026,6.6,3.1,3.63,2.44,7.53,,55.9,58.0,69.4,74.6,71.3,
005,1895,1.81,1.72,5.19,3.19,2.15,1.85,54.2,63.1,75.7,73.9,75.8,70.5
005,1896,0.67,3.22,5.0,5.51,4.24,4.91,59.6,69.6,72.2,76.1,73.9,64.3
005,1897,4.92,2.22,4.42,5.4,0.87,0.83,51.3,58.2,70.4,76.9,71.6,69.6
005,1898,1.58,3.42,3.8,3.24,4.05,6.6,49.7,63.3,73.8,77.0,74.4,70.4
005,1899,2.18,3.7,2.91,3.01,3.98,1.28,54.4,64.2,74.8,75.8,76.2,67.0
005,1900,1.76,4.36,3.79,4.43,2.32,0.82,52.2,64.9,72.5,76.5,79.6,71.9
005,1901,3.04,1.9,4.19,1.79,3.13,2.04,49.2,62.1,74.1,82.2,75.6,66.9
005,1902,2.4,5.13,6.5,3.13,2.18,4.93,51.3,66.9,70.9,76.5,72.2,64.5
005,1903,3.36,3.51,4.14,3.62,3.54,1.11,52.7,66.0,66.9,76.1,72.8,67.3
005,1904,1.99,3.29,3.53,1.8,1.32,3.78,47.5,62.4,70.1,74.0,72.6,67.9
005,1905,3.83,6.24,3.48,3.26,5.12,2.74,52.4,64.1,72.4,74.6,74.6,68.1
005,1906,1.95,2.02,3.49,2.91,4.51,5.17,55.0,63.4,71.3,74.8,76.1,70.5
005,1907,2.71,3.11,4.84,4.83,2.71,2.34,43.8,57.5,68.2,75.7,72.4,66.4
005,1908,4.29,6.27,2.01,2.17,1.89,0.79,53.6,64.8,71.4,76.4,74.6,70.7
005,1909,5.4,5.93,3.96,4.69,1.61,2.36,51.5,60.7,73.6,73.2,75.5,65.1
005,1910,3.02,3.8,1.88,7.94,1.51,3.64,53.3,57.6,68.9,75.3,71.5,68.4
005,1911,6.15,2.85,3.28,1.3,2.94,8.77,50.3,67.8,73.6,75.8,75.0,70.8
005,1912,5.68,4.4,2.52,5.72,5.39,3.04,55.3,65.0,68.8,75.9,72.4,68.6
005,1913,4.35,1.57,2.09,2.36,4.33,2.55,52.1,63.9,74.0,79.6,76.7,66.7
005,1914,3.82,1.57,1.93,2.67,5.39,2.23,52.7,64.6,76.5,78.6,75.0,66.6
005,1915,1.52,5.67,3.89,5.5,8.07,3.55,57.4,61.0,70.4,74.7,68.9,68.7
005,1916,3.53,3.77,6.04,3.75,3.41,3.67,50.8,65.2,68.4,79.9,76.6,65.6
005,1917,4.21,5.77,6.66,3.72,2.28,1.77,50.3,56.8,69.4,75.4,72.6,65.2
005,1918,4.36,5.08,3.16,2.35,4.77,3.68,49.5,67.7,71.6,73.4,78.9,59.0
005,1919,2.71,3.5,3.56,1.53,2.31,1.69,52.3,60.1,75.8,78.2,72.8,69.9
005,1920,6.01,3.54,3.03,2.51,3.66,3.15,47.9,60.9,71.6,74.0,72.0,69.0
005,1921,4.45,2.32,4.3,2.08,4.26,7.19,56.3,64.3,77.0,80.1,73.6,71.8
005,1922,6.18,3.89,1.04,2.81,3.36,1.65,55.5,66.7,74.6,75.8,74.2,71.4
005,1923,2.57,4.33,5.64,3.18,4.68,2.91,50.6,61.5,72.2,75.9,73.7,68.1
005,1924,4.41,4.54,5.12,1.71,4.94,3.69,53.1,56.7,72.4,72.7,73.7,62.7
005,1925,2.45,1.35,3.8,3.43,3.22,4.88,58.2,58.9,75.5,75.5,74.3,74.0
005,1926,4.0,2.81,2.29,3.46,6.18,8.93,46.7,64.2,68.5,76.8,76.2,69.7
005,1927,4.98,8.04,4.9,2.03,3.33,5.51,53.3,62.0,67.7,74.6,67.7,71.2
005,1928,3.97,1.83,5.81,3.68,3.51,0.7,48.4,61.2,66.9,75.1,75.1,63.2
005,1929,4.21,8.4,4.84,4.53,1.97,4.03,55.6,60.5,70.0,75.3,71.6,66.8
005,1930,2.34,1.61,1.71,0.68,2.32,2.86,55.2,64.2,71.8,78.6,74.7,69.0
005,1931,3.36,2.18,1.94,5.39,3.81,6.88,53.0,59.8,74.7,78.8,73.8,71.9
005,1932,2.77,1.02,5.06,3.93,3.62,7.63,51.7,62.8,73.2,76.6,73.9,66.5
005,1933,5.21,7.87,0.78,2.11,2.98,5.12,51.5,65.6,77.4,76.5,73.1,73.0
005,1934,0.79,1.13,5.23,2.37,2.97,4.72,53.1,66.1,77.8,81.3,74.2,67.2
005,1935,2.11,6.86,3.62,3.95,2.88,2.79,50.1,59.1,68.4,78.2,75.5,66.3
005,1936,2.96,1.54,0.52,1.94,2.73,4.65,48.4,65.6,72.8,82.2,80.5,71.7
005,1937,4.69,3.23,3.57,3.55,5.16,4.92,51.9,62.7,72.3,75.0,76.0,64.4
005,1938,1.76,5.96,4.21,3.84,3.36,1.54,55.1,62.8,70.4,76.5,76.1,68.8
005,1939,6.67,2.31,6.71,3.76,2.69,0.78,49.2,65.1,74.2,75.2,73.7,72.4
005,1940,8.07,3.67,3.04,1.0,2.01,1.39,49.4,59.5,72.5,75.4,75.6,64.7
005,1941,2.18,1.67,6.37,1.48,2.62,3.1,56.8,65.8,72.7,77.3,75.2,70.5
005,1942,2.9,4.44,7.16,3.16,5.8,2.28,56.3,64.1,72.9,76.6,73.3,66.4
005,1943,3.07,6.44,3.71,3.59,1.19,3.13,50.6,63.9,76.7,77.0,75.7,63.7
005,1944,6.61,3.81,1.52,2.44,4.59,3.4,52.5,69.2,76.2,76.4,74.7,66.4
005,1945,5.02,4.11,7.81,2.62,2.38,7.04,54.1,58.8,69.9,73.3,73.0,69.1
005,1946,1.76,6.16,2.76,2.75,3.89,0.55,54.4,60.6,72.0,74.7,68.8,66.1
005,1947,7.94,7.21,5.1,3.75,4.64,3.1,53.0,60.1,69.8,71.0,79.4,67.5
005,1948,3.74,2.86,3.01,4.11,2.75,2.48,56.3,62.2,72.5,75.4,73.3,67.8
005,1949,1.12,2.09,4.37,2.78,3.91,3.84,51.2,64.7,74.4,79.8,74.9,61.4
005,1950,4.77,3.38,5.16,2.63,3.45,4.13,47.9,64.6,70.3,72.6,70.9,65.0
005,1951,3.47,3.58,5.55,2.47,1.87,2.16,50.0,64.6,71.5,74.9,72.8,64.2
005,1952,3.26,5.87,5.47,1.86,1.91,3.88,52.2,62.2,77.4,78.1,73.7,66.2
005,1953,2.86,4.64,1.96,4.33,1.4,0.49,49.2,65.6,76.1,76.1,74.7,68.0
005,1954,3.33,2.75,1.88,0.82,4.39,1.33,58.0,58.0,74.9,78.0,75.1,70.1
005,1955,2.99,4.16,3.26,4.51,1.21,5.55,57.7,63.9,66.7,79.6,76.8,69.5
005,1956,4.59,5.37,5.53,4.17,2.75,3.22,50.0,63.5,71.6,75.0,73.3,64.3
005,1957,6.14,8.06,4.76,4.37,1.79,3.36,55.0,63.3,73.0,75.5,73.4,66.2
005,1958,3.68,6.79,7.85,8.92,3.7,4.83,53.0,61.5,68.3,74.2,72.5,66.3
005,1959,2.47,4.14,2.19,4.34,3.15,2.71,53.9,66.9,72.2,75.5,77.2,69.2
005,1960,1.4,4.41,8.14,3.19,2.81,1.17,55.9,59.6,70.1,73.4,74.8,70.8
005,1961,4.06,7.14,3.77,5.25,2.75,2.01,47.0,57.9,69.0,74.5,72.5,70.2
005,1962,1.05,5.19,2.66,8.51,4.27,1.77,50.4,69.1,71.5,73.3,72.1,62.8
005,1963,2.79,2.11,2.77,5.9,3.95,0.7,54.3,60.1,71.4,73.7,70.2,65.2
005,1964,6.83,1.03,3.16,4.49,1.57,1.23,55.2,65.4,73.0,75.2,72.0,66.3
005,1965,5.66,2.12,2.18,4.1,5.27,5.12,54.0,68.6,71.7,72.8,71.1,67.3
005,1966,4.66,2.97,2.48,2.67,3.87,4.6,49.9,58.5,70.1,77.3,71.4,64.1
005,1967,4.13,6.8,2.32,3.0,2.46,0.89,55.0,59.2,72.1,72.3,69.1,63.2
005,1968,3.93,10.86,3.6,7.94,3.09,2.04,53.5,59.3,71.5,75.1,74.2,65.8
005,1969,4.3,4.58,3.9,7.62,1.75,1.54,53.8,63.2,70.5,76.3,72.0,65.2
005,1970,7.09,2.07,2.8,3.41,3.82,3.42,54.4,65.0,70.4,73.7,72.7,70.7
005,1971,1.2,4.01,3.63,5.03,1.85,5.06,51.0,58.7,74.5,72.6,70.6,69.4
005,1972,6.93,4.2,3.52,2.6,1.86,4.46,51.4,64.0,66.9,74.2,73.0,69.1
005,1973,5.06,3.06,5.84,6.7,1.68,2.32,50.9,58.7,72.7,75.7,73.7,69.2
005,1974,3.42,6.9,2.87,1.56,5.84,6.54,53.6,61.6,67.3,75.5,72.8,61.0
005,1975,3.24,3.57,3.4,2.13,3.32,3.32,48.9,66.1,71.9,74.5,76.3,62.8
005,1976,1.31,2.76,3.93,4.07,2.49,3.77,53.7,59.2,71.2,73.7,70.1,63.2
005,1977,4.93,2.64,4.75,4.95,6.51,2.49,56.9,68.8,70.4,77.4,73.0,69.3
005,1978,3.07,5.11,2.81,6.88,7.46,0.77,53.4,60.3,72.6,75.0,72.6,69.5
005,1979,3.61,3.58,4.18,9.83,5.9,2.39,50.6,60.6,71.1,72.8,72.3,65.1
005,1980,2.4,4.62,4.19,2.74,4.91,2.2,49.9,63.7,69.6,77.6,77.0,68.3
005,1981,7.06,7.25,2.82,3.42,3.58,1.55,57.2,58.7,73.0,74.6,71.5,63.6
005,1982,1.8,5.09,4.48,3.14,4.64,1.36,47.6,68.1,66.7,75.3,69.7,63.8
005,1983,5.36,8.46,2.24,2.35,2.63,1.49,48.1,59.2,71.6,78.0,77.9,67.0
005,1984,6.06,4.55,1.64,4.6,3.19,4.94,50.6,59.0,74.6,71.9,73.4,64.7
005,1985,2.06,6.28,2.9,3.35,5.44,1.51,57.3,64.2,69.3,74.1,71.7,66.6
005,1986,2.16,4.39,2.34,4.75,2.43,5.06,55.2,64.1,72.6,77.0,70.2,69.5
005,1987,2.4,2.26,2.74,6.62,1.06,1.53,52.0,68.0,73.5,75.9,74.3,67.9
005,1988,3.83,1.99,0.56,3.66,4.09,2.55,52.1,63.8,72.2,76.8,76.6,66.0
005,1989,5.52,5.3,3.21,5.05,4.73,3.58,51.5,58.7,70.9,75.0,72.3,64.5
005,1990,2.65,9.15,3.42,4.03,3.45,2.68,51.2,59.8,70.6,73.7,71.6,67.2
005,1991,3.92,3.08,1.76,3.6,3.41,3.84,55.7,69.6,74.8,76.7,74.4,66.8
005,1992,2.71,2.66,2.45,9.09,3.78,2.69,52.8,60.6,67.4,73.6,68.6,64.5
005,1993,4.85,3.02,4.96,2.84,5.15,5.61,50.4,63.1,70.1,77.4,74.3,62.6
005,1994,6.43,3.83,4.11,2.6,2.91,2.86,54.0,59.2,74.4,74.7,71.0,65.3
005,1995,5.51,8.4,2.85,3.22,7.04,1.95,53.1,61.9,72.5,75.7,78.1,63.9
005,1996,9.71,8.35,5.22,2.76,1.51,7.28,49.5,62.7,71.5,73.0,73.9,64.6
005,1997,3.23,6.17,7.14,2.95,4.77,1.5,48.4,57.8,69.3,75.1,70.9,65.4
005,1998,8.54,5.79,9.34,4.81,3.01,0.48,53.6,67.3,71.7,73.9,74.4,70.1
005,1999,3.42,3.49,4.39,2.27,2.56,0.9,55.1,64.9,73.0,78.4,72.8,66.2
005,2000,4.14,4.93,5.61,4.21,4.62,5.28,51.5,65.8,72.0,72.9,72.1,64.7
005,2001,1.93,5.03,4.52,5.29,4.27,4.83,58.6,65.4,70.0,74.4,75.0,64.8
005,2002,7.85,9.43,4.13,1.73,2.44,4.63,55.5,59.8,73.8,77.5,76.2,70.4
005,2003,3.14,5.53,5.47,8.18,2.67,5.51,54.7,62.8,67.6,74.1,74.5,64.0
005,2004,2.98,7.41,3.73,5.96,4.25,0.47,54.3,68.1,71.2,73.1,70.0,68.2
005,2005,3.4,5.03,3.49,3.9,6.96,3.28,55.6,60.0,73.5,75.7,76.0,69.8
005,2006,4.59,5.66,5.07,4.48,4.73,5.03,57.1,61.0,70.2,75.4,75.0,63.0
005,2007,4.34,1.22,3.02,2.71,1.37,3.23,51.1,67.2,72.8,72.4,79.1,70.6
005,2008,3.23,7.26,8.09,4.74,1.77,1.8,53.9,59.2,72.9,73.9,71.9,68.3
005,2009,5.26,6.89,4.82,7.25,4.9,4.37,53.0,63.4,72.6,69.6,71.3,66.2
005,2010,3.24,5.15,9.16,2.01,0.98,0.51,58.5,65.1,75.0,76.8,76.5,68.6
005,2011,10.24,7.29,5.92,1.39,1.52,5.54,55.2,62.8,72.9,79.8,74.4,64.9
005,2012,3.76,2.38,0.63,1.89,2.75,5.06,53.9,69.2,71.7,80.9,73.2,65.2
005,2013,4.17,3.39,4.52,2.26,1.12,2.95,52.8,65.5,71.5,73.1,72.7,67.8
005,2014,6.97,4.03,5.35,5.5,3.0,2.85,54.7,64.2,73.0,70.0,72.7,64.9
005,2015,5.25,2.54,7.96,10.92,2.64,1.6,54.6,65.9,72.2,73.6,71.1,69.7
005,2016,5.17,3.21,2.97,6.91,9.01,4.22,54.3,61.4,73.9,74.7,76.3,70.8
005,2017,4.56,7.29,5.81,6.08,2.01,2.01,59.2,62.3,71.2,74.9,71.3,67.7
005,2018,4.29,3.16,7.85,3.96,4.27,6.58,47.7,71.2,74.0,74.7,74.6,70.6
005,2019,5.76,5.64,8.02,2.44,4.07,0.65,54.4,64.9,70.3,76.6,73.4,72.2
005,2020,2.46,6.53,2.73,4.89,4.36,0.7,50.5,60.5,72.3,77.0,72.3,65.8
005,2021,2.7,3.84,7.88,8.28,2.58,6.23,53.1,60.7,72.8,74.3,75.9,68.8
005,2022,3.16,5.38,3.15,4.86,3.52,3.74,51.6,66.6,73.2,77.1,74.3,67.5
005,2023,3.04,2.19,2.22,6.37,4.05,0.93,54.7,63.2,70.7,75.3,73.0,68.8
005,2024,5.63,5.92,2.01,4.43,3.0,3.45,57.0,68.0,73.3,74.5,74.3,69.3
005,2025,6.75,4.74,5.41,5.89,2.17,2.94,54.5,61.5,74.2,78.5,72.6,68.4
005,2026,4.75,8.5,5.88,2.08,7.2,,60.4,60.8,71.0,75.9,73.4,
007,1895,2.62,1.29,1.74,4.12,2.22,3.22,52.1,62.9,73.0,71.2,72.6,67.8
007,1896,2.28,4.63,3.42,7.23,4.57,5.02,54.8,67.7,68.2,73.7,71.8,61.3
007,1897,3.15,2.51,4.86,2.31,1.4,0.25,47.1,56.8,68.7,75.7,69.8,68.4
007,1898,2.08,5.42,5.24,2.05,4.0,3.91,47.4,61.3,72.3,74.4,72.3,68.0
007,1899,0.7,4.34,2.34,2.84,2.11,2.19,52.2,62.0,72.1,73.6,73.9,63.2
007,1900,1.29,4.21,4.4,5.06,4.06,1.78,50.5,62.7,68.9,73.0,76.5,66.2
007,1901,1.66,2.76,4.33,0.85,2.96,1.45,45.9,57.8,71.2,78.9,72.7,63.8
007,1902,2.52,3.78,12.48,6.24,1.84,4.24,46.5,62.8,66.9,73.4,68.4,60.7
007,1903,5.97,3.0,2.77,3.82,4.72,2.16,49.0,63.3,64.0,73.6,69.6,63.4
007,1904,3.61,2.88,1.81,4.67,2.85,4.11,43.1,59.6,67.6,70.9,68.2,64.2
007,1905,4.2,5.53,3.08,4.41,3.76,4.28,48.2,60.9,69.4,72.1,72.6,65.0
007,1906,1.9,3.07,2.41,4.18,6.28,3.26,51.4,61.9,68.4,71.4,73.8,67.3
007,1907,2.65,3.25,5.16,6.45,3.92,3.42,40.1,53.7,65.9,72.3,68.6,62.5
007,1908,4.23,7.39,1.52,3.03,1.76,1.42,49.0,61.0,68.8,73.5,71.6,67.9
007,1909,6.06,4.46,5.61,4.94,5.91,3.45,46.8,57.9,69.5,70.0,73.3,60.7
007,1910,2.68,4.68,1.77,4.85,3.32,5.01,50.5,54.5,67.2,73.5,69.5,63.6
007,1911,4.41,2.29,1.98,2.72,2.85,6.76,46.9,66.5,72.7,73.6,71.0,66.1
007,1912,4.46,4.36,3.79,4.77,4.33,2.12,50.1,62.3,66.6,72.6,69.2,66.0
007,1913,2.62,3.52,2.2,2.83,3.32,2.18,48.8,61.0,72.0,75.9,74.4,63.9
007,1914,2.49,3.61,1.55,0.93,3.26,2.22,49.0,63.0,72.6,76.0,73.1,63.8
007,1915,2.62,4.64,1.58,8.82,3.47,4.9,55.3,56.9,66.5,70.6,65.1,65.8
007,1916,1.66,6.22,5.46,2.2,2.28,2.54,47.3,60.9,65.0,78.7,75.4,63.7
007,1917,3.66,4.57,5.79,2.78,3.75,1.32,47.3,54.2,66.4,72.2,69.5,61.9
007,1918,4.13,4.48,4.04,2.97,3.24,4.73,45.4,65.0,69.0,70.6,75.5,56.5
007,1919,2.06,3.81,3.2,1.9,2.45,2.81,49.1,57.3,73.4,76.7,70.6,67.1
007,1920,6.19,3.05,1.75,3.66,2.44,1.76,43.4,58.7,69.9,71.4,69.6,67.1
007,1921,3.96,1.27,2.75,3.75,5.63,5.51,52.8,63.2,74.6,78.6,70.7,68.4
007,1922,5.43,2.66,1.66,3.55,1.76,1.3,50.4,64.5,71.4,72.3,72.1,67.9
007,1923,2.31,5.69,1.81,4.4,3.71,3.67,47.7,58.2,71.6,73.9,70.3,64.3
007,1924,3.44,3.62,8.08,1.59,5.21,3.68,49.8,53.9,67.4,70.3,71.2,59.3
007,1925,2.1,0.38,2.66,3.58,2.14,5.3,54.8,56.8,73.0,73.4,71.9,70.6
007,1926,3.69,3.49,2.83,3.64,6.8,11.09,42.4,61.7,65.5,74.3,73.6,64.5
007,1927,6.39,7.05,4.69,3.62,2.5,5.19,49.2,58.5,65.1,72.1,65.4,68.6
007,1928,1.95,2.5,6.71,4.21,3.15,2.29,45.0,59.9,64.1,73.0,72.7,60.1
007,1929,5.64,5.88,4.9,5.51,1.66,1.54,52.1,57.2,67.0,73.8,69.7,64.0
007,1930,4.42,2.03,2.17,2.82,1.86,3.05,51.4,61.8,69.6,75.2,72.6,65.9
007,1931,2.96,3.43,4.82,3.06,3.8,4.78,50.1,57.2,72.9,77.3,72.3,70.0
007,1932,2.07,1.19,2.73,3.66,4.11,4.71,49.4,61.6,71.9,75.3,72.5,63.4
007,1933,3.79,8.02,0.51,1.42,1.96,5.94,48.6,62.3,77.7,76.7,70.8,70.1
007,1934,1.68,0.88,2.59,1.87,4.66,8.03,48.8,65.6,76.6,79.1,71.4,63.9
007,1935,1.8,5.75,3.91,4.84,2.73,3.72,47.2,55.6,67.0,76.7,73.4,64.0
007,1936,2.49,3.5,0.4,0.59,4.39,5.97,44.9,63.6,70.1,81.6,77.5,68.6
007,1937,5.32,2.56,5.24,3.35,2.27,3.55,48.0,61.4,68.6,73.4,75.2,63.2
007,1938,2.41,4.84,5.36,5.9,3.2,3.64,51.4,60.1,68.4,74.4,74.6,66.6
007,1939,5.7,1.39,5.85,6.18,2.22,0.32,45.2,63.9,71.9,73.4,71.5,69.4
007,1940,3.22,4.82,3.5,1.07,2.69,1.32,46.3,56.7,70.8,74.8,73.5,63.8
007,1941,3.0,3.02,4.77,3.44,2.19,1.63,53.9,63.4,70.6,73.7,72.5,68.5
007,1942,2.51,4.05,3.68,5.33,3.8,3.46,54.0,61.4,70.3,74.5,70.6,62.3
007,1943,3.1,10.56,4.29,3.73,2.72,3.07,46.6,58.8,73.1,74.4,72.9,60.5
007,1944,6.3,5.33,1.99,1.01,3.14,1.47,47.3,65.8,73.3,74.2,72.9,65.4
007,1945,3.36,5.17,4.58,3.05,3.45,6.61,50.7,55.0,66.4,71.5,71.1,64.9
007,1946,1.41,5.0,5.84,2.86,1.98,1.68,51.6,57.3,69.2,73.9,68.0,65.2
007,1947,6.08,4.19,5.21,1.64,4.85,4.73,48.2,56.0,67.3,70.3,78.6,65.3
007,1948,2.93,4.02,5.64,5.63,2.22,3.44,53.3,57.5,69.6,73.9,71.7,66.5
007,1949,2.11,4.5,3.36,6.53,1.34,1.77,48.3,61.4,73.0,76.9,71.5,59.5
007,1950,5.76,1.97,5.92,3.61,2.26,5.7,42.9,61.5,68.8,71.0,68.9,63.4
007,1951,3.72,3.86,4.45,6.55,2.09,2.46,46.4,62.0,67.4,72.2,69.5,61.8
007,1952,4.93,5.95,6.45,1.84,4.88,1.88,50.5,59.2,74.8,76.2,70.9,64.3
007,1953,2.29,4.05,3.45,7.24,1.62,1.02,46.2,61.5,74.2,74.4,72.4,66.0
007,1954,3.98,3.02,4.2,3.21,3.98,0.32,54.4,56.2,73.9,75.6,71.4,68.5
007,1955,3.53,4.58,3.58,4.15,2.67,3.18,55.4,62.3,66.0,78.0,75.0,66.1
007,1956,3.35,4.45,2.53,4.04,2.8,0.86,47.6,61.0,71.5,71.5,71.6,63.7
007,1957,7.56,4.82,7.26,8.11,3.37,2.5,49.5,60.6,70.2,73.9,71.5,62.4
007,1958,2.08,2.15,11.38,6.83,3.27,2.72,50.6,60.1,64.1,71.8,71.0,64.5
007,1959,6.96,3.58,0.85,2.91,1.65,4.87,49.6,64.7,72.0,73.1,76.2,67.1
007,1960,3.45,3.34,6.54,3.15,4.42,2.72,53.0,57.8,67.7,71.4,72.2,68.7
007,1961,3.97,2.97,3.98,4.54,2.37,5.93,44.4,56.0,68.3,72.5,71.0,68.7
007,1962,1.83,4.69,2.7,7.38,2.36,2.45,48.8,66.7,70.6,70.6,70.8,62.2
007,1963,3.98,1.25,2.06,5.81,2.13,0.66,52.3,58.7,71.2,72.3,67.7,63.7
007,1964,6.15,0.76,4.47,5.19,2.03,2.32,51.0,65.2,71.9,73.1,69.4,64.9
007,1965,5.13,3.8,2.5,3.42,4.47,6.31,49.8,66.0,69.2,71.0,68.8,65.2
007,1966,4.67,3.45,2.52,1.48,2.96,3.57,47.2,55.4,70.4,76.4,69.6,62.2
007,1967,4.01,3.98,3.26,1.62,2.86,1.14,51.4,55.8,71.6,70.4,67.4,62.0
007,1968,3.91,5.85,5.15,4.64,4.15,2.22,50.6,56.6,71.3,72.7,72.0,64.3
007,1969,5.31,3.32,4.37,6.4,2.14,4.5,50.8,60.4,67.5,74.2,71.5,64.1
007,1970,6.37,6.06,3.35,6.04,2.41,8.13,51.0,64.0,69.5,73.3,71.2,67.1
007,1971,1.11,3.28,4.19,7.92,1.8,5.01,48.7,57.1,74.6,70.0,69.0,67.6
007,1972,5.83,2.8,5.72,3.8,4.52,8.36,47.6,62.6,65.8,72.2,71.4,65.7
007,1973,4.65,3.36,6.79,5.3,2.51,1.52,49.5,56.9,71.7,74.0,72.4,67.1
007,1974,3.09,6.29,6.15,1.17,4.14,3.1,52.0,58.2,66.6,75.5,70.7,59.9
007,1975,3.07,3.75,7.0,2.88,6.93,2.44,45.2,64.0,71.1,72.1,73.7,60.3
007,1976,1.9,3.45,7.26,3.02,1.38,2.5,52.3,57.1,70.1,72.6,68.3,61.9
007,1977,1.6,3.95,2.55,4.07,10.2,5.06,55.1,68.4,68.0,75.9,69.9,65.9
007,1978,3.72,4.1,4.77,3.7,3.57,1.38,49.9,58.5,71.0,73.2,71.3,69.0
007,1979,5.46,2.54,3.92,6.75,5.36,0.01,46.4,59.6,70.3,70.8,70.5,64.2
007,1980,2.43,1.53,7.53,2.92,3.62,4.01,46.7,62.1,67.6,76.8,75.3,66.2
007,1981,6.47,6.52,4.47,6.41,6.19,3.87,54.2,56.6,71.9,72.7,70.1,63.4
007,1982,3.27,4.29,4.14,3.8,4.05,1.21,44.0,66.3,65.5,73.5,68.5,63.7
007,1983,5.26,5.09,4.65,0.75,3.55,1.59,45.7,57.0,71.2,77.4,76.0,65.2
007,1984,3.21,7.07,1.98,3.67,1.88,1.74,47.6,57.7,73.7,71.0,72.8,63.3
007,1985,1.86,2.51,2.36,2.94,7.27,1.71,55.2,63.9,68.1,72.6,68.9,65.7
007,1986,2.03,6.39,5.57,4.05,1.48,4.9,53.6,61.4,71.2,76.2,68.5,68.1
007,1987,3.39,3.3,4.15,3.82,6.1,2.61,50.6,66.2,72.7,75.4,72.1,65.5
007,1988,2.09,1.08,0.39,2.72,2.11,2.74,49.2,63.5,72.5,76.2,76.7,65.6
007,1989,3.66,5.01,2.17,3.95,3.31,5.89,48.6,57.6,70.0,74.2,70.9,61.5
007,1990,2.72,5.41,4.59,5.44,4.3,1.25,49.3,57.5,70.2,71.8,69.9,65.7
007,1991,3.04,4.24,0.92,1.02,3.25,1.54,54.1,67.5,73.8,75.2,72.7,64.6
007,1992,2.96,1.13,3.39,9.0,2.08,4.69,47.8,59.8,66.9,70.9,66.7,62.8
007,1993,5.63,3.66,7.33,6.36,4.22,7.59,47.9,62.2,69.1,74.7,73.0,59.7
007,1994,8.49,1.92,5.15,5.21,3.75,2.25,51.0,58.7,72.4,72.0,68.0,63.9
007,1995,4.68,7.58,3.23,1.85,2.82,1.26,48.1,59.0,72.1,75.7,78.1,62.8
007,1996,3.24,5.68,4.85,6.31,1.4,1.84,46.5,58.8,70.3,70.8,71.2,62.7
007,1997,1.39,4.92,5.71,3.4,3.5,1.29,45.8,55.4,69.4,72.8,68.3,64.3
007,1998,4.7,5.48,9.3,4.52,2.31,0.97,51.9,66.3,70.9,72.7,73.0,69.3
007,1999,5.44,2.72,3.61,2.63,2.99,2.32,52.2,63.6,71.4,77.0,69.7,64.7
007,2000,2.08,4.49,5.75,6.18,1.92,3.26,49.1,63.4,69.4,70.9,71.7,64.7
007,2001,3.75,3.12,3.91,5.25,4.76,2.61,55.5,64.0,68.6,73.0,72.4,62.4
007,2002,4.07,4.88,3.35,4.59,6.2,1.54,51.7,57.3,72.6,76.0,72.3,66.6
007,2003,2.75,5.45,3.07,10.89,4.07,5.61,52.3,59.4,67.0,72.3,72.9,62.8
007,2004,1.08,6.26,8.46,3.97,7.53,0.76,52.7,65.2,68.2,71.2,67.0,66.6
007,2005,2.4,1.23,2.24,6.11,2.42,5.5,53.6,59.5,73.5,74.2,73.4,68.9
007,2006,4.53,5.3,2.39,5.62,4.1,3.57,54.5,59.7,69.5,75.2,71.9,62.0
007,2007,4.0,2.06,3.06,2.71,4.38,1.64,48.3,66.3,71.0,70.5,75.2,68.2
007,2008,2.4,5.44,5.05,4.04,1.89,6.07,51.0,56.8,72.1,72.5,69.6,66.1
007,2009,5.07,5.47,4.48,2.99,3.42,0.93,49.5,61.4,71.1,68.5,69.2,64.3
007,2010,2.44,4.94,9.89,3.27,2.84,2.74,56.6,63.5,73.5,75.9,74.6,66.0
007,2011,7.99,5.3,5.7,2.88,3.08,4.27,50.7,61.4,71.7,78.2,72.0,62.7
007,2012,2.11,3.25,2.47,1.72,6.15,3.2,52.3,67.3,71.4,79.2,70.8,63.0
007,2013,7.56,4.62,5.77,2.24,2.0,2.73,49.2,64.1,70.2,71.4,70.7,66.7
007,2014,3.24,4.42,7.54,4.06,5.67,4.6,50.4,62.2,72.0,68.0,71.3,62.7
007,2015,3.09,5.14,10.86,7.19,2.22,4.4,51.2,64.1,69.9,71.7,70.0,68.2
007,2016,3.21,2.79,4.0,6.31,6.52,3.77,50.0,60.1,72.2,73.1,74.3,69.2
007,2017,5.41,6.79,5.27,4.74,4.16,1.63,54.8,59.0,71.2,73.3,68.1,66.3
007,2018,2.7,3.06,6.33,2.42,4.88,3.77,42.6,69.1,72.7,72.4,72.9,68.8
007,2019,4.79,5.85,3.94,2.83,1.78,4.1,50.2,61.0,69.3,75.5,71.0,69.2
007,2020,3.67,4.15,3.93,4.1,2.54,2.04,47.7,58.8,72.1,75.1,70.7,64.1
007,2021,2.55,5.44,5.97,4.3,2.51,2.84,50.8,59.0,72.4,72.5,74.2,68.3
007,2022,2.47,3.51,1.84,4.55,4.75,1.54,47.9,64.3,71.8,73.7,71.7,64.8
007,2023,2.14,1.96,1.27,5.17,4.85,0.99,51.4,62.8,69.4,73.1,71.0,66.2
007,2024,7.21,3.43,2.77,6.14,4.01,1.6,52.4,65.6,72.4,71.6,71.2,67.2
007,2025,3.71,3.08,4.02,4.88,2.12,2.04,51.1,60.7,73.6,77.2,71.0,67.1
007,2026,6.28,1.76,8.01,2.85,6.88,,57.2,60.7,70.1,75.1,71.4,
009,1895,1.15,1.58,2.88,1.08,2.61,2.63,52.0,62.6,73.0,72.4,73.4,68.8
009,1896,2.23,4.71,4.1,10.77,7.6,5.62,57.1,68.2,69.4,73.4,71.1,61.5
009,1897,3.98,3.42,4.23,2.63,2.7,0.7,48.1,56.9,68.7,76.2,69.1,67.3
009,1898,2.73,6.32,2.82,3.65,2.83,3.4,47.6,61.1,71.6,75.7,72.6,68.6
009,1899,1.02,2.87,1.94,4.16,2.09,1.93,53.5,63.2,72.8,74.0,74.7,64.2
009,1900,2.07,4.65,5.68,3.34,3.38,2.19,50.1,63.8,69.6,74.0,76.8,68.0
009,1901,2.64,4.03,4.14,1.24,3.28,1.34,47.1,59.3,72.7,79.8,73.2,64.6
009,1902,1.65,3.05,8.73,3.6,1.77,6.11,49.2,64.4,68.0,75.0,69.1,62.9
009,1903,4.51,4.37,4.92,2.55,3.55,1.64,50.3,64.7,65.0,73.8,70.8,64.8
009,1904,4.56,3.46,3.43,3.67,2.9,3.11,44.0,60.4,67.9,71.6,68.2,64.7
009,1905,4.0,4.94,3.99,3.05,4.92,4.92,49.1,61.6,70.2,73.5,72.3,65.1
009,1906,2.38,2.5,3.0,2.75,7.3,2.61,52.4,63.1,69.7,72.6,74.7,68.3
009,1907,2.31,2.81,6.25,5.88,3.63,2.87,41.5,54.6,66.4,73.2,69.2,63.4
009,1908,3.03,4.3,1.95,3.52,1.65,0.87,51.1,62.6,69.7,74.3,71.9,69.0
009,1909,5.05,4.43,5.86,4.82,4.03,2.82,47.8,58.8,71.1,71.0,72.6,61.9
009,1910,3.33,3.22,1.5,3.17,1.87,6.4,50.9,55.7,67.2,74.0,70.6,64.5
009,1911,4.31,1.71,4.14,1.56,4.75,4.97,47.2,66.7,71.2,73.9,71.3,66.8
009,1912,4.25,3.89,2.58,5.48,5.22,4.01,50.8,63.1,67.0,73.4,69.2,65.7
009,1913,3.38,3.19,2.32,5.97,3.06,2.25,48.8,60.7,71.0,75.1,73.2,64.0
009,1914,3.24,3.59,2.34,2.24,4.63,2.33,49.8,63.2,72.2,75.8,73.0,64.0
009,1915,1.74,4.89,3.35,7.9,5.57,4.11,55.3,57.1,66.6,71.0,65.8,66.3
009,1916,2.09,4.09,5.59,1.72,3.24,2.39,48.4,61.7,65.1,78.4,74.5,63.8
009,1917,4.48,4.19,4.93,3.16,2.18,1.43,47.7,53.7,66.9,72.4,70.6,62.1
009,1918,4.04,3.73,2.84,2.36,2.06,4.7,47.0,66.5,70.1,71.2,77.3,56.6
009,1919,3.29,3.82,3.09,2.82,2.21,3.13,48.8,57.4,74.4,75.8,70.9,67.2
009,1920,6.53,2.66,4.66,5.16,2.83,2.76,44.4,58.6,70.0,71.0,69.6,66.8
009,1921,3.76,2.55,3.2,1.16,4.49,4.28,53.4,63.6,75.1,80.1,71.4,70.2
009,1922,6.98,3.91,1.88,3.46,2.2,2.24,51.7,64.8,71.4,72.6,71.8,68.5
009,1923,2.09,4.34,3.13,4.5,5.82,3.71,47.8,57.7,71.7,73.3,70.2,65.1
009,1924,3.05,3.75,8.36,1.48,3.14,4.26,49.5,53.8,68.1,70.3,71.2,59.7
009,1925,2.73,1.17,3.43,4.91,2.02,6.22,54.1,56.6,73.4,72.3,71.5,70.9
009,1926,3.33,2.96,2.95,2.48,6.87,11.34,43.0,61.1,65.5,73.3,73.8,65.5
009,1927,5.68,5.96,3.98,3.45,3.07,3.54,49.0,59.5,64.8,72.7,65.2,68.6
009,1928,2.49,2.42,7.59,4.34,2.39,0.54,45.4,59.2,64.0,73.0,73.0,61.1
009,1929,4.34,6.68,5.16,5.16,3.6,2.04,52.3,57.9,66.9,73.4,68.7,64.1
009,1930,3.03,1.64,3.76,2.54,3.13,3.24,50.8,61.7,69.1,74.5,71.1,65.1
009,1931,3.09,1.98,4.16,4.33,5.46,4.87,49.7,58.0,72.7,77.0,71.9,69.2
009,1932,2.84,0.96,5.16,2.39,1.67,6.32,48.6,60.8,71.6,74.5,72.0,63.8
009,1933,2.94,9.25,1.46,1.95,4.34,7.32,49.3,63.4,76.0,75.7,70.3,69.5
009,1934,1.79,0.55,3.05,1.78,4.27,4.84,49.4,64.5,76.3,79.8,72.3,65.7
009,1935,2.58,5.79,4.08,4.34,2.2,2.89,46.4,55.5,67.2,76.8,73.6,64.9
009,1936,2.39,3.1,2.24,1.16,3.47,4.13,45.2,63.9,69.7,79.5,76.7,68.6
009,1937,4.86,4.18,5.09,4.42,4.15,2.99,48.8,60.4,68.7,72.7,73.6,62.6
009,1938,3.12,5.53,6.27,4.67,2.0,3.84,51.3,60.6,68.1,73.4,74.0,65.7
009,1939,4.84,0.92,5.08,4.35,2.72,0.78,45.5,63.6,72.0,73.0,71.3,69.8
009,1940,4.9,3.33,2.37,1.72,2.29,0.94,45.4,57.2,71.3,74.6,73.4,63.0
009,1941,2.27,1.94,6.42,3.69,1.86,1.91,54.4,63.2,70.0,74.1,72.0,68.5
009,1942,2.86,3.73,3.57,5.74,3.21,2.71,53.6,61.8,70.6,74.4,70.4,62.4
009,1943,2.74,10.11,3.99,6.03,3.88,3.61,46.0,60.7,74.1,74.0,72.0,60.8
009,1944,6.04,5.96,1.19,1.09,4.06,1.87,47.2,66.2,74.3,74.6,73.5,65.4
009,1945,3.23,3.84,5.98,3.19,3.24,6.49,51.6,54.8,67.3,71.5,71.0,66.2
009,1946,1.44,6.09,4.28,2.97,1.98,0.75,50.5,58.0,69.3,73.4,67.5,65.8
009,1947,6.45,5.04,4.69,3.33,3.76,3.79,48.5,57.2,67.3,70.1,78.0,65.6
009,1948,5.27,3.73,5.22,2.91,1.95,2.72,53.4,59.1,70.1,73.8,71.7,66.2
009,1949,2.6,3.61,4.83,3.24,2.13,2.34,47.9,61.9,73.2,77.3,72.4,58.9
009,1950,4.67,1.68,3.66,3.73,3.59,5.39,43.4,62.1,68.0,71.1,69.6,63.2
009,1951,3.4,3.74,3.42,3.39,1.5,2.93,46.8,62.4,69.3,72.8,70.2,62.5
009,1952,4.21,4.1,2.27,1.53,3.39,5.29,49.9,59.1,75.5,76.8,70.6,63.7
009,1953,3.05,4.89,2.54,4.0,2.36,1.42,45.4,62.9,73.9,74.5,72.6,65.3
009,1954,2.75,2.96,2.77,3.63,4.09,0.36,54.8,55.7,73.4,73.9,71.6,67.6
009,1955,2.94,2.63,2.22,6.12,4.14,3.34,55.8,62.4,66.4,78.0,74.7,66.3
009,1956,2.69,4.48,4.39,2.61,2.85,0.49,47.1,60.8,70.8,71.9,71.8,62.6
009,1957,7.69,4.8,8.41,3.36,1.96,4.32,50.7,60.3,70.2,73.4,71.4,63.5
009,1958,2.4,3.3,13.37,5.48,3.93,2.8,50.8,58.8,65.0,72.5,70.4,64.0
009,1959,5.86,3.06,1.91,3.36,3.28,2.62,50.4,64.8,70.9,72.9,75.8,66.8
009,1960,1.82,5.06,3.11,4.86,3.17,1.0,52.8,57.8,67.6,70.8,72.6,68.1
009,1961,6.28,2.68,3.29,4.16,2.98,4.08,43.6,55.6,67.5,72.8,71.1,68.8
009,1962,1.19,4.6,2.83,7.96,2.63,1.79,48.5,66.5,70.4,71.4,70.9,62.0
009,1963,4.38,2.81,2.67,4.48,2.29,0.26,50.3,57.6,70.2,73.0,67.5,63.1
009,1964,8.31,1.68,4.28,3.78,1.28,1.18,50.3,63.9,70.8,73.9,69.8,64.9
009,1965,5.12,2.56,2.64,2.68,2.62,4.83,48.6,66.9,69.5,71.1,69.4,66.5
009,1966,2.76,3.01,2.7,2.12,2.0,4.05,46.5,55.0,70.3,76.2,70.4,62.5
009,1967,3.4,4.82,2.78,1.49,1.24,1.66,51.1,55.5,71.3,71.2,68.0,61.7
009,1968,2.77,5.32,4.39,2.91,4.14,2.59,51.1,56.6,70.7,73.9,72.8,64.7
009,1969,3.66,3.26,4.8,4.01,2.51,7.04,50.8,60.8,67.0,74.6,70.8,63.9
009,1970,5.09,4.14,3.88,3.98,1.78,3.11,50.5,63.9,69.4,73.3,71.3,67.1
009,1971,1.37,4.11,4.37,3.98,1.82,5.4,48.0,56.9,73.6,71.1,68.9,67.6
009,1972,6.51,3.76,5.14,3.66,1.65,8.74,47.9,62.5,65.6,73.0,71.1,65.6
009,1973,3.48,3.24,6.07,4.04,5.14,1.57,49.1,56.9,72.2,74.4,72.4,67.0
009,1974,2.79,5.15,3.86,1.39,4.94,3.09,51.4,58.8,66.8,74.8,71.6,60.5
009,1975,3.37,2.99,6.87,1.43,7.84,1.83,44.4,64.7,70.9,73.0,74.4,60.4
009,1976,1.64,2.49,5.23,2.63,1.84,2.11,52.0,58.0,70.6,72.6,68.7,62.3
009,1977,3.67,2.1,1.94,3.99,7.6,2.91,54.2,67.6,68.6,77.1,70.8,66.7
009,1978,4.92,3.28,3.43,3.41,6.97,1.43,49.3,58.5,70.2,73.0,71.2,68.5
009,1979,3.29,2.88,4.28,6.73,4.69,0.67,47.1,59.2,69.9,72.3,70.6,64.2
009,1980,2.52,3.21,7.36,4.64,5.58,2.17,47.4,61.4,67.8,76.1,75.4,66.6
009,1981,4.81,6.16,6.25,4.38,3.57,3.62,53.3,57.7,71.2,74.1,71.0,63.1
009,1982,2.22,4.08,4.84,2.8,3.67,1.05,44.8,66.5,66.1,74.0,68.9,63.5
009,1983,4.38,4.44,1.96,1.89,1.38,1.27,46.0,57.2,70.6,77.7,76.8,66.3
009,1984,4.09,4.31,1.92,3.79,2.41,3.33,47.4,57.2,73.6,70.9,72.7,63.1
009,1985,1.77,3.22,2.97,4.41,4.34,2.82,55.6,63.6,67.9,72.9,70.1,66.4
009,1986,2.75,5.16,6.36,5.28,3.05,3.81,52.9,62.1,71.0,76.0,69.1,68.0
009,1987,2.16,3.38,4.0,5.28,3.58,0.85,50.6,65.7,72.7,75.2,72.4,66.7
009,1988,2.63,1.67,0.74,4.77,2.38,3.06,49.3,63.2,72.4,76.6,75.5,64.5
009,1989,4.75,6.12,3.15,5.84,3.59,6.1,48.2,57.5,70.0,74.7,70.8,62.2
009,1990,2.58,5.89,4.86,5.07,7.87,2.65,50.0,57.7,69.7,72.5,70.0,65.3
009,1991,3.53,4.32,1.79,3.3,3.35,2.07,54.0,67.8,73.6,74.9,72.5,64.4
009,1992,4.61,2.65,4.22,9.75,3.15,4.94,49.1,59.0,65.2,71.7,67.0,63.2
009,1993,4.45,3.98,4.97,6.68,2.71,4.61,49.0,62.0,68.3,75.2,72.8,60.8
009,1994,4.52,2.62,5.49,2.75,3.81,1.09,52.2,57.7,72.2,72.5,68.4,63.8
009,1995,4.14,4.46,4.97,2.13,2.15,0.67,48.9,59.0,70.8,74.6,77.2,62.6
009,1996,5.07,6.49,2.96,4.84,0.93,4.84,48.0,58.7,71.0,70.9,72.1,63.5
009,1997,1.43,5.25,5.09,2.38,3.35,2.29,46.5,55.1,69.0,73.0,68.9,64.2
009,1998,4.89,4.28,7.51,8.17,6.3,2.07,52.1,65.5,70.6,72.8,73.2,68.3
009,1999,4.81,3.17,3.3,2.18,3.22,1.82,52.9,63.0,71.7,77.6,69.6,65.0
009,2000,3.24,5.49,5.61,3.78,3.12,4.36,50.3,64.0,69.7,71.0,70.5,63.0
009,2001,4.17,5.55,3.52,4.86,4.81,3.9,55.9,63.4,68.8,73.0,72.7,62.6
009,2002,4.83,5.86,1.92,2.88,4.47,2.91,52.6,57.4,72.8,76.7,74.1,68.3
009,2003,1.9,6.86,3.33,9.04,6.3,6.63,51.8,60.0,67.1,71.9,73.2,62.5
009,2004,1.25,4.9,5.97,4.12,4.77,0.87,52.5,65.1,68.7,71.4,68.1,66.8
009,2005,3.39,1.81,2.37,3.31,4.41,5.33,52.9,58.0,73.4,74.8,73.9,68.4
009,2006,4.24,5.66,3.91,4.09,4.99,2.89,54.9,59.2,69.1,75.0,72.6,62.0
009,2007,4.21,1.02,2.64,2.25,6.57,3.03,47.8,65.6,72.0,71.1,75.3,68.1
009,2008,2.79,5.31,6.09,3.78,2.95,1.51,51.7,57.6,71.8,72.7,70.2,67.6
009,2009,5.71,4.33,4.43,2.22,2.15,1.8,49.6,61.1,70.9,69.0,70.5,64.8
009,2010,2.06,5.21,9.05,4.08,3.56,0.72,57.0,63.7,73.3,76.1,74.6,66.8
009,2011,6.53,5.53,3.64,1.94,3.24,5.46,51.0,62.2,71.8,79.0,72.3,62.9
009,2012,1.09,2.74,1.19,2.9,4.53,5.58,51.7,67.4,71.8,79.0,71.0,63.5
009,2013,6.81,2.99,5.86,3.11,1.94,4.56,50.0,64.9,70.7,71.9,70.5,65.4
009,2014,5.36,3.69,6.7,1.77,7.51,3.61,51.1,62.1,72.0,68.6,71.5,63.1
009,2015,4.24,5.07,10.66,6.95,2.66,2.11,51.6,64.7,69.6,71.9,69.9,68.3
009,2016,2.83,2.9,3.3,2.45,6.58,3.27,50.6,60.2,72.0,74.1,75.4,69.5
009,2017,5.16,7.59,5.43,4.79,2.11,1.65,56.0,59.8,71.0,73.2,69.0,66.9
009,2018,3.35,2.03,6.42,4.13,6.65,4.25,43.5,68.7,73.1,73.1,73.4,68.8
009,2019,6.71,6.49,3.93,5.54,2.59,1.66,50.9,61.2,70.0,76.8,71.5,69.8
009,2020,1.85,3.87,2.79,3.74,2.03,2.6,48.2,59.2,71.7,76.2,71.6,65.1
009,2021,2.76,4.03,3.47,4.14,3.19,4.87,51.8,59.0,72.7,73.2,74.7,67.8
009,2022,2.79,5.24,1.51,5.73,2.46,1.89,48.3,64.8,72.7,74.6,72.5,65.7
009,2023,2.76,2.18,2.59,3.73,3.82,1.81,51.9,60.6,68.4,73.9,70.6,66.2
009,2024,7.56,2.93,2.99,3.24,3.38,2.19,53.8,66.7,72.9,72.4,72.7,67.9
009,2025,5.07,3.43,5.64,5.73,1.13,1.11,51.6,59.7,73.3,77.2,70.3,67.1
009,2026,5.18,4.09,4.6,2.26,10.54,,58.0,59.1,70.1,75.2,71.9,
011,1895,2.16,1.09,2.34,2.2,2.16,3.17,52.1,62.2,72.6,71.0,72.7,68.0
011,1896,1.77,4.11,4.51,10.11,5.25,5.04,56.4,67.8,69.1,73.3,71.8,61.8
011,1897,4.03,3.46,4.2,2.5,1.47,0.24,48.3,56.6,68.7,75.8,70.0,68.0
011,1898,2.11,4.39,4.74,2.91,3.51,3.53,48.1,61.1,72.0,74.6,71.8,67.9
011,1899,1.25,3.7,2.32,3.16,2.77,1.95,52.7,62.5,72.9,74.4,74.8,64.6
011,1900,1.11,5.23,5.35,4.5,3.3,1.87,51.4,64.1,69.6,74.5,77.6,69.2
011,1901,2.52,3.21,5.15,0.28,4.44,0.82,47.2,58.9,72.5,80.2,73.8,65.1
011,1902,1.77,3.0,7.49,3.85,1.51,5.06,48.8,64.8,68.1,74.7,69.2,62.5
011,1903,4.27,5.74,2.95,2.0,4.36,1.43,50.0,63.7,64.5,74.3,70.5,64.5
011,1904,2.9,3.36,2.93,3.95,2.76,2.92,44.6,59.8,67.7,71.5,69.0,64.8
011,1905,3.63,4.8,2.68,3.41,5.22,4.91,49.2,61.4,70.2,72.5,72.4,65.5
011,1906,2.29,3.82,2.07,3.03,4.17,3.81,51.6,61.8,68.8,71.5,74.4,68.7
011,1907,2.16,3.55,3.77,5.69,3.62,1.88,40.5,54.2,65.7,72.7,69.0,62.9
011,1908,3.78,5.2,1.86,2.57,0.92,0.85,50.0,61.5,68.4,73.4,71.8,67.6
011,1909,5.06,5.36,6.28,5.73,4.94,2.72,47.6,57.8,70.1,70.2,72.7,61.8
011,1910,3.45,3.42,2.19,4.76,2.97,4.89,50.3,55.4,67.0,73.5,70.0,64.4
011,1911,5.08,2.1,2.21,1.74,3.22,4.69,47.3,66.7,72.7,74.2,71.6,67.0
011,1912,4.18,4.28,2.35,4.3,6.05,3.19,51.4,62.8,67.1,73.4,69.5,65.8
011,1913,3.04,2.28,3.32,3.14,4.12,1.88,49.3,61.3,71.6,76.0,73.8,63.7
011,1914,2.91,2.77,1.36,1.24,4.46,2.5,50.0,63.1,73.4,76.7,72.9,64.0
011,1915,0.92,4.66,3.05,8.48,6.58,3.91,55.1,57.7,67.3,71.2,65.6,65.7
011,1916,1.33,4.65,6.92,2.79,2.49,1.73,47.4,61.1,65.4,78.6,73.9,63.3
011,1917,3.43,6.03,6.89,2.21,2.24,1.77,47.3,54.6,67.1,72.5,70.0,62.8
011,1918,5.31,4.37,2.81,3.45,3.23,5.13,47.0,66.1,70.0,71.3,76.2,57.3
011,1919,2.94,4.96,2.7,2.85,2.1,1.99,49.8,57.5,73.7,76.7,70.6,67.3
011,1920,6.25,3.25,3.78,5.17,1.5,2.59,43.5,58.7,69.0,71.2,69.3,66.5
011,1921,4.49,1.74,2.83,2.32,6.14,7.14,53.2,63.1,74.5,79.0,70.6,68.7
011,1922,7.96,3.01,1.05,4.37,2.21,1.6,51.1,64.2,71.7,72.1,71.7,68.3
011,1923,1.91,7.17,3.67,5.85,4.06,3.9,47.8,57.9,70.6,72.9,70.2,63.8
011,1924,3.01,4.48,6.94,1.18,4.9,3.74,50.5,53.0,67.6,70.2,71.1,59.6
011,1925,2.63,1.17,4.86,5.98,2.73,6.2,54.5,56.5,72.9,72.6,71.3,71.0
011,1926,4.22,4.77,2.28,2.98,8.4,12.34,42.9,61.9,65.4,74.7,73.5,65.4
011,1927,5.97,7.48,4.03,3.99,3.75,4.82,49.5,58.9,64.8,72.4,65.1,68.8
011,1928,2.13,3.26,8.64,4.33,4.71,2.12,45.0,59.2,63.9,73.2,72.5,60.1
011,1929,4.41,9.33,4.84,6.23,2.92,1.97,52.3,57.0,66.9,73.6,69.5,63.9
011,1930,2.81,1.55,3.83,2.43,1.64,3.89,51.4,61.3,69.1,74.9,72.0,65.8
011,1931,2.18,2.97,3.11,1.46,5.4,4.0,49.3,56.6,72.2,77.0,71.9,69.5
011,1932,2.75,0.83,5.04,3.49,3.23,5.51,49.2,60.8,70.8,74.7,72.0,63.4
011,1933,3.26,8.79,0.51,2.31,2.0,4.96,49.0,62.6,76.1,76.2,70.8,69.9
011,1934,2.05,0.74,2.27,3.55,3.72,6.11,49.4,64.6,76.6,79.2,71.5,64.3
011,1935,1.86,7.43,5.01,3.56,2.66,3.13,46.6,55.0,66.2,76.2,73.4,64.4
011,1936,2.59,2.57,1.05,0.61,4.22,5.89,44.8,63.1,70.1,80.6,77.6,67.8
011,1937,5.63,2.6,3.85,5.39,2.98,2.56,47.9,60.5,68.6,72.7,74.2,62.2
011,1938,3.5,5.37,5.87,6.51,3.08,2.0,51.1,59.9,68.2,74.1,74.0,66.3
011,1939,5.27,1.41,4.95,5.34,1.96,0.68,45.7,63.1,71.8,73.4,71.0,70.0
011,1940,4.16,4.11,2.34,0.81,2.54,0.99,46.4,56.8,71.0,74.7,74.1,62.9
011,1941,1.92,2.24,5.02,1.75,2.35,1.8,54.4,63.3,70.0,74.5,72.2,67.9
011,1942,2.69,4.74,5.57,3.6,2.84,2.74,53.8,61.2,70.3,74.6,70.6,62.4
011,1943,2.29,12.16,3.93,2.73,2.05,3.09,47.3,60.4,73.9,74.3,73.0,60.5
011,1944,6.25,5.02,3.13,1.14,2.61,2.06,48.3,66.2,73.6,74.2,72.8,64.6
011,1945,3.69,4.84,7.74,2.12,4.23,6.46,51.4,55.4,67.4,71.6,71.0,65.9
011,1946,1.79,8.41,4.35,2.23,3.44,0.84,51.1,57.5,69.0,73.0,66.9,63.7
011,1947,6.2,4.17,4.33,3.03,3.79,4.07,49.0,56.3,66.5,69.1,77.2,65.0
011,1948,5.49,4.06,4.76,4.04,1.69,2.88,53.4,58.9,70.1,73.5,71.6,65.7
011,1949,2.28,2.52,3.4,1.94,2.7,1.62,48.8,61.9,72.4,77.1,71.6,58.6
011,1950,3.89,2.04,6.7,4.08,3.72,5.77,44.2,62.3,67.6,70.7,68.6,63.0
011,1951,2.91,3.73,3.84,2.86,1.84,2.26,46.5,62.2,67.6,71.9,69.4,61.6
011,1952,4.24,4.81,5.55,1.95,4.01,5.2,50.0,59.3,74.6,75.5,70.2,63.5
011,1953,2.72,4.83,3.22,6.69,2.1,1.06,46.0,62.4,73.8,73.9,71.7,64.2
011,1954,4.27,3.66,1.99,2.43,4.17,0.54,54.8,55.9,73.7,75.9,71.6,67.5
011,1955,3.52,4.35,2.77,4.77,2.02,6.5,55.7,61.9,65.5,77.9,74.0,66.5
011,1956,3.18,9.68,4.29,4.3,2.42,1.21,46.8,60.7,70.6,71.8,71.5,62.3
011,1957,7.66,6.1,10.71,3.85,4.69,1.89,50.6,60.2,70.4,73.7,70.9,62.7
011,1958,2.2,4.12,9.99,8.15,4.41,3.51,50.2,59.3,65.3,72.1,70.3,63.8
011,1959,5.11,3.57,2.33,3.74,3.04,3.19,50.9,64.6,70.7,73.2,75.6,66.7
011,1960,2.24,3.9,5.38,4.15,3.44,1.16,53.2,57.4,67.4,70.7,72.4,68.5
011,1961,5.8,3.62,5.16,4.11,3.26,4.44,43.8,55.3,67.2,72.1,70.3,68.6
011,1962,1.92,4.91,2.08,7.84,4.4,2.36,48.3,67.0,70.6,71.0,70.9,61.5
011,1963,4.94,2.22,1.86,5.89,3.45,0.33,51.1,58.5,70.3,71.6,67.5,63.4
011,1964,7.29,1.33,4.08,4.25,1.31,1.14,51.6,64.2,71.0,73.0,70.0,64.7
011,1965,6.43,2.47,3.63,3.17,4.91,5.03,50.7,66.5,69.1,70.6,68.8,65.8
011,1966,4.1,2.27,2.52,1.94,1.39,4.43,47.4,55.3,69.9,76.5,69.8,62.1
011,1967,3.67,4.64,1.46,2.34,1.65,1.63,51.5,56.1,71.4,70.7,67.4,61.8
011,1968,2.87,6.3,3.59,1.73,4.24,1.99,51.0,56.0,70.0,73.1,72.1,63.9
011,1969,4.1,1.92,4.33,6.33,2.76,4.84,50.8,60.3,66.8,74.1,70.0,62.9
011,1970,5.75,3.76,1.72,6.16,2.51,3.86,51.1,63.0,68.2,72.2,70.4,67.0
011,1971,1.16,5.33,4.53,5.3,2.07,4.32,48.1,56.3,73.2,70.6,68.1,67.0
011,1972,6.49,3.12,4.94,3.82,3.8,7.03,48.1,62.5,65.0,71.9,70.1,65.3
011,1973,3.58,2.23,6.69,5.73,4.97,2.04,48.8,57.3,71.2,74.0,72.0,67.0
011,1974,3.42,7.67,6.18,1.33,4.33,3.27,51.6,58.8,65.9,74.3,70.8,59.6
011,1975,4.35,4.04,3.59,4.42,5.85,2.29,45.2,63.8,70.0,71.7,73.5,59.9
011,1976,1.07,2.8,7.21,2.72,2.67,1.78,51.5,57.2,69.6,71.9,68.3,61.3
011,1977,2.61,2.72,2.76,3.47,7.27,3.03,54.5,67.8,68.0,75.8,70.6,66.8
011,1978,3.97,4.13,5.76,5.14,7.49,1.23,49.7,57.8,69.8,72.7,70.7,67.9
011,1979,3.63,2.77,3.01,12.1,5.59,0.36,46.8,58.6,69.8,71.0,70.3,63.8
011,1980,2.44,2.41,5.56,3.76,6.84,3.13,46.9,61.5,67.3,76.3,75.1,66.0
011,1981,5.3,7.63,1.86,6.79,6.66,3.54,53.8,56.8,71.1,73.0,70.3,62.8
011,1982,2.75,6.03,4.55,4.96,3.19,1.2,44.8,66.0,65.0,73.6,69.4,63.1
011,1983,4.99,4.83,4.17,2.79,3.55,1.52,46.4,56.6,71.0,77.0,76.0,64.9
011,1984,4.15,3.82,3.04,4.05,2.97,4.44,47.8,57.2,73.0,70.4,72.0,62.1
011,1985,2.22,4.69,2.66,2.19,6.9,1.85,55.6,62.7,68.0,72.2,69.3,65.5
011,1986,2.83,5.91,4.77,4.07,2.14,4.75,52.4,61.6,71.0,75.7,67.7,67.5
011,1987,2.47,2.3,4.88,5.33,2.97,1.84,50.2,66.6,72.1,74.5,72.2,65.8
011,1988,3.75,1.13,0.37,4.59,1.93,2.93,49.3,62.4,71.5,75.4,75.4,65.0
011,1989,5.32,6.12,2.68,6.75,5.81,6.18,48.6,57.2,69.6,73.8,70.2,61.6
011,1990,2.54,6.8,5.57,4.26,4.14,2.42,49.2,57.9,69.8,72.0,69.5,65.1
011,1991,3.59,3.94,0.81,1.16,2.47,1.59,53.6,67.2,73.1,74.7,72.7,65.2
011,1992,5.05,2.06,2.33,11.02,2.75,6.68,49.4,58.9,66.0,71.7,66.8,62.8
011,1993,4.53,4.2,5.54,6.86,3.89,5.94,48.1,61.5,68.3,75.0,72.4,60.0
011,1994,5.3,2.92,4.75,3.12,4.48,2.55,51.5,57.6,72.4,72.3,68.3,63.4
011,1995,3.03,5.99,3.97,1.65,2.73,1.14,48.9,59.1,70.9,74.5,77.5,62.5
011,1996,5.72,9.29,4.12,5.4,0.46,4.06,47.1,59.3,70.1,70.3,71.6,63.1
011,1997,1.48,4.49,4.23,1.72,2.62,2.52,45.7,55.4,68.4,72.5,69.1,64.3
011,1998,4.85,5.95,10.17,4.27,2.9,0.45,51.9,65.5,70.7,72.6,72.7,68.9
011,1999,4.29,3.32,2.97,2.99,2.18,1.48,52.5,62.5,71.2,76.9,69.9,65.2
011,2000,2.22,4.52,5.57,2.41,3.96,4.51,49.6,63.5,69.2,70.7,70.9,63.9
011,2001,2.61,3.4,3.96,5.84,3.84,3.94,55.9,63.5,68.5,72.9,72.8,62.8
011,2002,5.37,7.26,5.04,2.92,4.74,3.59,52.6,57.7,72.1,75.8,73.5,67.6
011,2003,2.05,7.7,2.42,10.52,3.69,8.56,52.5,59.6,66.6,72.1,73.0,62.6
011,2004,1.29,5.81,5.39,4.25,3.75,0.56,53.0,65.5,68.6,71.0,67.7,66.8
011,2005,4.11,2.17,3.73,5.69,3.09,5.33,53.0,58.5,72.6,73.6,73.7,68.4
011,2006,4.73,4.89,5.53,4.41,5.21,3.81,54.8,59.2,68.7,75.1,72.2,61.7
011,2007,3.53,1.66,3.21,2.55,4.71,1.82,48.3,66.1,71.3,70.8,76.4,67.8
011,2008,2.81,6.37,8.14,5.49,2.78,2.49,51.0,57.0,71.2,72.4,69.9,66.4
011,2009,6.9,5.36,4.38,3.4,3.84,1.07,50.4,60.9,70.8,68.0,69.4,64.4
011,2010,2.16,4.87,10.3,5.48,1.12,1.17,56.6,63.3,73.2,74.9,74.5,66.5
011,2011,8.24,4.82,4.93,2.63,2.96,4.78,52.3,61.7,71.3,77.7,71.9,62.8
011,2012,2.09,2.95,0.92,1.06,5.52,6.1,51.8,66.8,71.0,79.7,71.0,62.8
011,2013,9.9,3.47,5.66,2.21,1.76,2.72,50.0,63.8,69.8,71.0,70.6,66.3
011,2014,4.57,3.95,5.83,3.21,4.2,3.3,51.2,61.8,71.4,67.5,71.0,63.0
011,2015,5.35,3.9,8.79,8.3,1.58,2.19,51.3,64.3,69.8,71.6,69.7,68.0
011,2016,4.24,3.1,5.99,5.07,5.69,4.16,50.9,60.1,71.9,73.2,74.6,68.9
011,2017,5.41,7.3,4.31,6.8,1.88,0.76,56.2,60.1,70.6,73.2,69.1,67.0
011,2018,3.7,2.28,6.31,2.66,5.8,6.12,44.3,69.7,73.0,73.0,72.9,68.7
011,2019,4.93,5.27,5.08,2.67,4.54,1.22,50.9,61.4,69.2,75.6,71.1,69.7
011,2020,2.0,4.24,3.61,5.6,2.16,0.49,48.2,58.9,71.1,75.2,70.8,64.5
011,2021,2.58,3.4,4.3,5.73,2.15,4.2,51.1,58.9,71.9,72.4,74.2,67.6
011,2022,2.66,4.99,2.14,2.33,4.28,2.62,48.4,64.3,71.4,74.4,71.6,64.8
011,2023,2.34,2.57,1.99,4.53,3.23,1.66,51.5,61.5,68.6,73.0,70.8,66.1
011,2024,6.91,4.59,3.11,3.89,2.45,2.71,53.5,66.0,71.8,71.6,72.4,67.1
011,2025,5.77,3.57,5.34,5.76,1.0,1.48,51.7,60.6,72.7,76.8,70.4,66.8
011,2026,4.37,4.65,6.38,2.94,9.18,,57.2,59.4,69.8,74.9,71.9,
013,1895,2.08,1.62,5.12,3.51,2.06,2.05,54.0,62.9,75.3,73.4,75.2,69.7
013,1896,0.77,3.57,4.61,6.26,5.26,4.56,59.2,68.8,71.4,75.5,73.4,63.9
013,1897,5.04,2.13,5.16,4.35,0.74,0.8,50.5,57.6,70.0,76.4,71.3,69.2
013,1898,1.76,3.44,3.86,2.95,4.06,6.48,49.6,62.9,73.1,76.3,73.4,69.4
013,1899,2.06,3.62,3.03,2.38,2.88,1.15,53.2,63.7,74.1,75.2,75.6,66.4
013,1900,1.46,4.36,4.69,4.73,2.2,1.27,51.4,64.3,71.7,75.8,79.0,71.2
013,1901,3.08,1.49,4.45,1.22,2.84,1.66,47.8,60.6,73.0,81.2,74.5,66.6
013,1902,2.54,5.22,6.27,3.36,3.13,4.48,50.6,66.4,70.2,75.9,71.6,63.9
013,1903,3.68,3.18,3.75,3.59,4.12,1.21,51.7,65.1,66.1,75.7,71.9,66.2
013,1904,2.18,3.29,3.78,1.88,1.42,4.1,46.6,61.5,69.2,72.9,71.6,67.0
013,1905,4.1,5.5,3.19,3.74,6.1,2.58,51.5,63.2,71.2,73.4,73.6,66.8
013,1906,2.02,2.1,3.61,2.56,5.26,4.7,53.9,62.5,70.2,73.7,75.0,69.5
013,1907,2.88,3.59,4.63,4.38,3.02,2.38,42.6,56.3,67.3,74.7,71.4,65.1
013,1908,4.92,6.77,1.97,1.92,1.86,0.81,52.5,64.0,70.6,75.5,73.8,69.9
013,1909,5.24,5.76,4.76,5.42,1.86,2.38,50.6,59.9,72.9,72.6,74.8,64.2
013,1910,3.37,3.71,2.06,8.26,1.71,3.4,52.7,57.1,68.4,74.5,70.8,67.8
013,1911,6.64,3.16,3.16,1.21,3.3,8.86,49.6,67.2,73.0,74.8,74.2,70.2
013,1912,5.73,4.38,2.29,6.01,5.25,3.38,54.2,64.1,68.2,75.1,71.5,67.9
013,1913,4.5,1.24,1.74,2.25,3.71,2.4,51.4,63.5,73.8,79.4,76.8,66.4
013,1914,3.81,1.42,1.2,2.98,5.38,2.4,52.0,64.0,76.4,78.4,74.7,66.2
013,1915,1.14,6.22,3.21,5.44,8.35,3.54,56.7,60.0,69.6,73.7,67.9,67.8
013,1916,3.3,3.76,6.08,3.74,3.27,3.07,49.8,64.2,67.6,79.4,75.9,64.9
013,1917,4.6,6.73,6.45,4.15,2.36,1.11,49.4,55.8,68.5,74.2,72.1,64.9
013,1918,4.98,6.09,3.44,3.72,4.16,4.27,48.4,66.8,71.0,72.2,77.6,57.9
013,1919,2.53,4.23,4.38,1.61,3.05,1.6,52.1,59.3,74.9,77.3,71.9,69.1
013,1920,5.48,4.22,2.73,2.68,3.98,2.99,47.4,60.3,70.4,73.1,70.9,68.0
013,1921,4.53,2.58,4.11,2.21,5.14,8.1,55.2,63.4,75.8,79.0,72.8,70.9
013,1922,6.66,3.89,1.67,2.61,2.45,1.77,54.9,65.5,73.4,74.4,73.3,70.5
013,1923,2.53,4.95,4.8,3.22,5.11,2.69,49.2,60.6,71.1,75.2,72.8,67.3
013,1924,4.82,4.79,5.46,1.71,4.81,3.13,52.5,55.6,71.4,71.7,72.8,62.1
013,1925,2.47,1.57,5.4,3.82,4.35,5.18,57.6,57.9,74.0,75.0,73.7,73.4
013,1926,4.49,2.17,2.59,2.88,6.84,8.25,46.4,63.6,68.2,76.4,75.5,69.2
013,1927,4.9,8.27,3.94,2.08,3.58,5.06,52.7,61.1,66.7,73.8,67.0,70.2
013,1928,3.79,2.4,6.01,3.13,4.25,0.92,47.6,60.5,65.8,74.0,73.8,61.9
013,1929,4.19,8.3,4.35,4.35,1.91,3.55,54.5,59.5,69.0,74.4,71.1,65.9
013,1930,3.15,1.57,2.15,0.82,1.77,2.71,54.6,63.4,70.9,77.8,74.2,68.3
013,1931,3.21,2.44,2.86,5.62,3.86,7.55,52.4,58.9,73.6,77.5,72.6,70.9
013,1932,3.05,1.67,5.44,4.05,4.05,7.9,51.4,61.8,72.3,76.0,72.7,65.6
013,1933,5.17,8.35,0.63,1.96,3.23,4.89,51.3,64.8,76.6,76.1,72.0,72.3
013,1934,1.02,1.35,5.54,2.78,4.81,5.03,52.1,65.2,76.8,79.9,73.4,65.7
013,1935,2.04,7.22,4.72,3.32,2.67,2.83,49.5,58.5,67.6,77.5,75.0,65.6
013,1936,3.3,1.46,0.8,2.49,1.94,4.64,48.1,64.9,72.2,81.5,79.9,71.1
013,1937,4.7,3.55,3.53,3.96,5.11,4.56,51.2,62.4,71.9,74.4,75.3,63.7
013,1938,1.52,5.6,5.27,3.4,3.22,1.36,54.3,61.8,69.6,75.7,75.1,68.1
013,1939,6.7,1.78,7.01,3.49,2.33,0.8,48.5,64.3,73.2,74.3,72.8,71.7
013,1940,7.75,3.48,2.59,1.35,2.28,1.44,48.8,58.4,71.5,74.5,75.0,63.8
013,1941,2.59,1.88,5.89,1.26,2.32,3.41,56.3,65.2,72.1,76.5,74.6,69.5
013,1942,3.38,4.3,6.7,3.1,4.07,2.25,55.6,63.2,72.1,75.9,72.8,65.5
013,1943,3.07,7.46,3.9,3.74,1.51,3.22,50.0,63.2,75.8,76.2,75.5,62.8
013,1944,7.13,3.47,1.56,1.71,4.41,3.29,51.6,68.1,75.2,75.8,73.8,65.7
013,1945,4.86,3.8,8.94,2.42,3.25,7.56,53.4,58.0,68.8,72.4,72.0,68.1
013,1946,1.77,7.08,2.81,1.87,4.27,0.92,54.1,59.6,71.4,74.2,68.2,65.2
013,1947,7.79,6.39,6.22,3.57,3.43,2.76,52.6,59.3,69.2,70.2,78.6,66.7
013,1948,3.75,2.8,4.66,4.93,2.8,2.59,55.7,61.0,71.6,74.3,72.5,66.7
013,1949,1.16,2.39,4.64,2.98,4.7,3.46,50.8,63.8,73.1,78.3,73.2,60.6
013,1950,4.83,3.25,4.54,2.15,4.33,4.87,47.1,63.7,69.5,71.6,69.8,64.0
013,1951,3.34,3.07,5.52,3.2,1.53,1.96,49.2,63.9,70.5,74.4,72.3,63.6
013,1952,3.72,6.28,5.55,2.34,2.12,3.59,52.0,61.6,76.8,77.4,73.0,65.1
013,1953,3.01,3.98,1.61,4.84,1.42,0.61,49.0,65.0,75.6,75.3,73.8,67.3
013,1954,3.01,2.17,2.43,0.99,3.95,1.46,57.6,57.9,74.6,77.8,74.5,70.0
013,1955,3.65,3.93,2.68,4.1,0.99,5.31,57.4,63.3,66.1,79.0,76.0,69.0
013,1956,3.78,6.16,4.55,3.4,3.21,3.1,49.9,63.1,71.5,74.3,73.1,64.0
013,1957,6.33,7.59,5.59,3.46,1.9,3.06,54.8,62.5,71.9,74.8,72.6,65.1
013,1958,2.95,5.95,6.74,8.52,3.53,4.24,52.3,61.2,67.7,73.4,71.8,65.8
013,1959,2.29,4.29,2.57,3.05,4.05,2.91,53.6,66.7,71.6,74.6,76.3,68.4
013,1960,1.63,4.03,8.21,2.78,1.82,0.92,55.8,58.9,69.5,72.5,74.3,70.2
013,1961,3.98,7.94,3.49,5.12,2.05,2.44,46.6,57.2,68.2,73.7,71.5,69.3
013,1962,1.12,5.38,2.7,7.63,4.16,1.97,50.3,68.7,70.7,72.7,71.7,62.3
013,1963,2.46,2.52,2.6,5.3,4.19,0.57,54.1,59.8,71.0,73.0,69.7,64.9
013,1964,6.27,1.05,3.05,4.24,1.48,1.33,55.0,65.0,72.5,74.8,71.7,66.0
013,1965,4.51,2.97,3.12,4.13,5.36,5.35,53.6,67.9,70.8,72.4,70.5,66.7
013,1966,4.26,2.75,2.62,2.77,3.37,4.69,49.1,57.8,69.8,76.8,70.6,63.4
013,1967,3.4,6.15,2.21,4.74,3.18,1.34,53.9,58.0,71.4,71.7,68.2,62.6
013,1968,3.84,10.24,3.24,6.4,2.96,2.64,52.9,59.0,71.2,74.5,73.5,65.2
013,1969,4.44,3.25,4.6,6.78,1.61,3.04,53.3,62.4,69.7,75.5,71.1,64.2
013,1970,6.39,2.51,3.24,3.18,3.3,3.51,53.8,64.5,70.0,73.4,72.4,70.3
013,1971,1.19,4.01,4.36,5.25,1.71,4.37,50.8,58.1,74.0,72.0,70.2,68.8
013,1972,6.86,3.18,4.1,2.85,2.83,5.72,50.9,63.8,66.5,73.4,72.5,68.1
013,1973,5.71,3.31,6.36,6.56,2.21,1.91,50.4,58.5,72.3,75.1,73.1,68.8
013,1974,3.33,7.5,3.24,1.22,6.11,6.66,53.4,61.0,66.8,75.1,72.3,60.4
013,1975,3.59,3.09,4.47,2.1,4.78,3.14,48.8,65.6,71.3,73.8,75.5,61.9
013,1976,1.36,3.03,3.94,3.33,2.08,3.74,53.7,58.5,70.5,73.2,69.8,62.5
013,1977,4.93,2.48,4.64,4.18,6.57,2.43,56.5,68.4,69.2,77.0,72.6,68.5
013,1978,3.04,4.81,2.61,7.03,6.23,0.64,53.0,59.4,71.6,74.4,71.9,68.9
013,1979,3.81,3.86,3.99,10.79,6.52,1.59,50.3,59.9,70.7,72.2,71.7,64.4
013,1980,2.72,4.18,5.14,3.23,4.74,2.64,49.4,62.6,68.8,77.1,76.4,67.3
013,1981,6.38,8.38,2.77,3.37,4.74,1.81,56.7,58.0,72.3,74.5,71.5,63.6
013,1982,2.24,4.53,4.6,3.84,4.85,1.94,47.1,67.3,66.1,74.7,69.2,63.4
013,1983,5.22,8.3,2.14,2.31,2.69,1.51,47.1,58.3,70.8,77.9,77.8,66.7
013,1984,6.21,4.43,1.64,4.42,1.98,4.27,50.3,58.7,74.1,71.5,73.2,63.8
013,1985,2.23,6.59,3.3,3.4,6.12,1.58,57.2,63.4,68.5,73.3,70.9,65.7
013,1986,2.63,4.78,2.74,5.23,3.37,5.05,54.6,63.4,72.1,76.8,69.2,68.6
013,1987,2.75,2.83,3.73,7.06,0.7,1.58,51.8,67.5,73.0,75.4,73.5,67.4
013,1988,3.49,1.57,0.58,3.82,3.85,2.31,51.7,63.4,72.0,76.4,76.3,65.4
013,1989,5.33,5.24,3.09,5.88,5.62,4.47,51.2,58.1,70.5,74.5,71.9,63.7
013,1990,2.82,8.58,3.62,4.47,3.79,2.74,50.6,59.2,70.0,73.0,70.9,66.7
013,1991,3.55,3.42,1.54,3.46,3.16,3.06,55.2,68.6,74.3,76.2,73.8,66.0
013,1992,2.99,2.9,1.98,9.54,3.38,2.44,52.0,60.0,66.8,73.2,68.0,64.1
013,1993,4.47,3.48,5.45,3.03,7.35,7.65,49.8,62.7,69.4,77.0,74.0,62.2
013,1994,6.14,3.58,3.08,2.97,3.29,3.28,53.2,58.4,73.8,74.0,70.3,64.4
013,1995,5.45,7.44,3.73,2.83,6.88,1.18,52.2,61.2,71.6,75.3,77.7,63.4
013,1996,9.59,8.86,3.84,2.91,0.91,6.94,49.0,62.4,71.0,72.4,73.4,64.2
013,1997,3.1,4.8,6.56,2.53,4.71,1.48,47.7,57.0,68.7,74.3,70.0,65.0
013,1998,8.54,6.19,9.46,4.44,2.13,0.65,53.0,66.8,71.3,73.5,74.0,69.6
013,1999,3.66,4.15,3.91,3.02,1.71,1.39,54.6,64.0,72.3,78.0,72.3,66.0
013,2000,4.02,4.88,5.84,4.88,4.24,6.07,50.7,65.0,71.1,72.2,71.6,64.9
013,2001,1.98,4.82,4.29,6.17,3.76,5.64,58.1,64.7,69.4,73.9,74.4,64.3
013,2002,7.81,9.87,3.7,1.65,1.68,4.9,54.8,59.4,73.4,77.0,75.9,69.7
013,2003,3.47,5.88,5.2,8.66,2.75,5.76,53.9,61.9,66.9,73.6,74.1,63.6
013,2004,2.12,8.14,3.26,5.82,4.41,0.27,53.9,67.5,70.5,72.4,69.4,67.6
013,2005,3.01,5.96,4.05,3.72,7.31,3.81,55.2,59.6,72.6,75.0,75.7,69.6
013,2006,4.85,5.39,6.09,4.85,4.41,4.8,56.4,60.3,69.7,75.0,74.6,62.5
013,2007,4.69,1.33,3.27,3.19,1.13,3.62,50.4,66.8,72.1,71.7,78.5,70.1
013,2008,3.34,7.07,9.83,4.68,1.55,2.18,53.3,58.1,72.4,73.2,71.4,67.7
013,2009,5.92,7.15,4.91,6.78,3.68,3.88,52.4,62.5,71.9,68.9,70.8,65.6
013,2010,3.98,6.11,8.45,2.28,0.79,0.61,58.0,64.4,74.5,76.3,76.0,68.0
013,2011,10.66,6.47,5.77,1.9,1.65,5.13,54.8,62.2,72.0,78.9,73.6,64.4
013,2012,3.61,2.51,0.41,1.37,2.99,6.04,53.3,68.4,71.0,80.9,72.6,64.5
013,2013,4.69,3.58,5.29,3.15,1.05,3.38,52.0,64.6,71.0,72.2,71.8,67.3
013,2014,7.31,4.06,4.8,4.99,3.75,3.55,54.1,63.5,72.5,69.3,72.3,64.0
013,2015,5.36,2.44,8.31,8.93,2.85,1.35,54.0,65.0,71.3,73.1,70.5,68.9
013,2016,5.48,3.34,3.26,8.01,9.04,4.12,53.7,60.6,73.3,74.3,75.8,70.3
013,2017,4.38,7.42,4.34,5.98,1.26,1.74,58.2,61.6,70.5,74.4,70.5,67.6
013,2018,4.45,2.69,6.71,2.87,4.77,6.52,46.6,70.6,73.9,74.4,74.1,70.2
013,2019,5.77,4.83,8.12,3.13,4.13,0.72,53.4,64.0,69.7,75.9,72.8,71.5
013,2020,2.81,6.18,2.1,5.75,3.74,0.42,49.6,59.7,71.8,76.5,71.7,65.4
013,2021,2.74,3.21,8.87,7.67,2.34,6.03,52.4,60.0,72.0,73.9,75.2,68.2
013,2022,3.97,5.74,2.5,4.32,2.97,3.02,50.4,65.2,72.3,76.3,73.2,66.6
013,2023,3.38,2.58,2.47,6.57,4.95,0.95,54.0,62.8,69.7,74.9,72.3,67.8
013,2024,6.58,6.28,2.27,4.69,2.94,3.29,56.3,67.5,72.5,73.8,73.6,68.6
013,2025,7.88,4.95,7.77,6.38,2.23,2.54,53.9,61.3,73.4,78.0,71.8,67.8
013,2026,4.3,8.8,6.36,2.23,6.1,,60.4,60.8,70.4,75.6,73.1,
015,1895,1.96,1.23,1.57,2.5,2.33,2.96,52.5,63.3,73.0,71.6,73.1,68.2
015,1896,2.66,4.51,3.51,9.44,5.92,5.06,54.6,67.5,67.5,73.3,72.0,61.5
015,1897,3.19,3.31,4.38,1.63,1.95,0.26,47.2,56.9,69.2,76.5,70.0,67.6
015,1898,2.08,5.83,4.49,2.74,3.7,2.6,47.7,61.2,72.3,75.4,72.4,68.0
015,1899,0.98,4.25,2.67,2.88,2.51,1.94,53.6,63.1,73.2,75.0,74.8,63.8
015,1900,1.53,3.78,5.62,4.69,3.87,1.99,50.9,64.5,70.2,74.3,77.4,67.6
015,1901,2.33,3.52,4.22,0.55,3.22,1.01,46.8,58.9,72.5,80.3,73.7,64.5
015,1902,1.87,3.61,11.71,5.5,1.34,4.42,47.8,64.4,67.7,74.5,68.9,62.0
015,1903,4.89,3.08,4.01,2.78,4.23,2.24,49.5,64.3,64.7,74.0,70.4,64.8
015,1904,4.37,3.49,2.68,5.08,2.43,4.13,43.8,60.5,68.3,71.5,68.2,64.6
015,1905,4.13,5.35,3.85,3.83,4.28,4.16,48.3,61.0,69.9,72.8,72.7,65.5
015,1906,2.19,2.45,3.28,4.55,5.09,4.0,51.5,62.3,69.0,72.2,74.9,67.9
015,1907,2.04,3.29,5.71,6.01,4.34,3.37,40.5,54.2,66.5,73.2,69.4,62.8
015,1908,4.14,5.72,1.72,4.25,2.04,0.74,49.7,62.3,69.4,74.0,72.0,68.2
015,1909,6.02,5.2,6.03,5.22,5.41,3.35,46.5,58.5,70.4,70.7,73.3,61.6
015,1910,3.22,3.5,1.71,3.61,2.52,5.19,50.6,55.8,67.7,74.8,70.9,64.3
015,1911,4.38,2.79,2.98,2.9,3.36,5.46,47.4,66.7,72.7,74.0,71.3,67.0
015,1912,4.14,3.84,3.47,3.66,4.03,2.33,50.5,63.1,67.3,73.5,69.8,66.9
015,1913,2.46,3.94,1.68,3.35,3.19,2.28,49.0,60.8,71.8,75.9,74.4,64.3
015,1914,2.82,3.12,1.66,0.82,3.81,2.18,49.5,63.3,72.8,76.9,73.8,64.7
015,1915,2.27,4.35,1.85,6.99,5.16,4.2,55.3,57.4,67.3,71.2,65.7,66.1
015,1916,1.92,5.43,6.03,2.6,3.1,2.61,48.0,61.2,65.3,78.6,74.9,63.8
015,1917,3.33,5.29,5.29,2.52,3.6,1.42,47.9,54.4,66.8,72.2,70.2,62.5
015,1918,3.48,4.45,2.83,3.05,4.03,5.58,46.5,65.2,69.4,71.3,76.3,57.0
015,1919,2.58,4.88,3.55,3.26,2.48,3.29,49.4,57.5,73.8,76.6,70.6,67.3
015,1920,6.53,3.2,4.26,5.11,1.93,2.16,43.8,58.9,69.9,71.3,69.6,67.2
015,1921,4.72,1.76,3.34,2.27,6.93,6.97,53.5,64.1,74.7,79.2,71.0,69.0
015,1922,5.47,2.63,1.79,3.51,2.35,1.62,51.0,64.9,71.9,72.6,72.3,68.5
015,1923,1.87,6.12,2.03,4.89,3.62,3.73,47.9,58.1,71.7,73.6,70.7,64.5
015,1924,4.27,4.09,7.68,1.34,4.41,4.16,49.4,53.7,67.7,70.2,71.0,59.4
015,1925,1.99,0.67,3.16,4.18,2.06,6.34,54.6,57.0,73.3,73.2,72.2,71.4
015,1926,3.83,4.19,2.43,2.29,4.97,9.99,42.8,61.9,65.6,74.3,74.3,64.9
015,1927,6.38,7.37,4.03,4.16,2.51,4.55,49.0,58.8,65.3,72.7,65.3,69.2
015,1928,1.66,3.4,7.3,4.48,4.06,1.63,45.6,59.9,64.1,73.6,72.9,60.6
015,1929,6.0,7.11,5.13,5.62,1.63,1.71,52.2,57.2,67.3,74.1,69.9,64.4
015,1930,3.83,2.04,1.91,3.34,2.17,3.44,51.2,61.9,69.8,75.1,72.5,65.9
015,1931,2.48,3.15,4.26,2.01,5.06,3.65,50.1,57.0,73.0,77.6,72.7,70.3
015,1932,3.52,1.29,2.85,2.91,3.02,5.01,49.1,60.9,72.0,75.5,72.5,63.0
015,1933,4.02,8.04,1.11,2.22,3.13,5.78,49.0,63.0,76.8,76.3,70.7,69.8
015,1934,1.5,0.72,2.31,2.27,6.57,6.85,49.0,65.0,76.8,79.6,71.8,64.4
015,1935,2.33,5.4,5.03,4.42,1.82,3.13,46.5,55.1,67.3,76.6,73.8,64.3
015,1936,2.68,3.51,0.99,0.35,5.78,6.53,45.1,63.6,70.0,80.8,77.4,68.1
015,1937,6.33,2.81,5.19,3.4,2.89,3.57,48.1,61.1,68.4,73.5,75.2,63.4
015,1938,3.07,4.69,5.45,4.67,2.46,2.8,51.7,60.6,68.7,74.9,75.2,66.4
015,1939,5.88,1.5,5.24,4.45,1.6,0.39,45.6,63.8,72.1,73.3,71.6,70.1
015,1940,3.71,4.18,3.61,0.86,2.64,1.3,46.4,57.1,71.3,75.0,74.2,63.3
015,1941,3.32,2.27,4.76,1.94,1.63,1.49,54.6,63.3,70.3,75.0,73.1,68.9
015,1942,2.8,3.59,5.21,5.38,3.17,3.78,54.1,61.7,70.4,75.0,70.7,62.5
015,1943,2.77,11.07,4.35,3.86,3.03,2.79,46.3,59.5,73.5,74.3,72.6,60.3
015,1944,6.45,5.28,1.51,1.33,2.55,1.56,47.7,66.2,73.9,74.8,73.9,65.3
015,1945,3.45,5.41,4.9,3.19,4.42,6.25,51.1,55.3,66.9,71.6,71.1,65.4
015,1946,1.46,5.29,4.33,2.23,2.18,1.32,51.3,57.5,69.1,73.6,67.7,65.0
015,1947,6.57,4.47,4.49,2.05,2.99,4.88,48.8,56.5,66.8,70.0,78.3,65.4
015,1948,3.29,4.41,5.6,3.49,3.1,3.26,53.7,58.2,69.8,74.0,72.1,65.9
015,1949,2.19,4.31,4.48,5.37,1.48,1.32,48.7,61.9,73.0,77.0,71.9,59.1
015,1950,5.35,1.55,5.64,3.53,1.86,6.39,43.9,62.5,68.4,70.7,69.1,62.7
015,1951,3.17,3.23,3.4,5.13,1.62,2.15,47.0,62.3,67.4,71.9,68.9,61.4
015,1952,5.9,6.71,5.07,2.39,4.64,4.23,50.4,59.0,74.5,76.0,70.5,63.7
015,1953,2.72,3.39,3.11,5.81,2.35,1.46,46.4,62.7,74.0,74.6,72.3,65.4
015,1954,3.47,4.08,3.0,3.29,4.44,1.03,54.9,56.3,73.7,75.5,71.9,68.5
015,1955,3.42,4.78,3.24,5.07,1.76,3.55,56.0,62.4,66.2,78.3,75.3,67.0
015,1956,2.19,6.01,2.56,2.9,2.96,0.55,47.2,60.8,71.5,72.0,72.2,63.6
015,1957,6.9,5.27,6.37,7.2,2.7,3.28,50.3,60.2,70.3,74.0,71.5,62.6
015,1958,1.83,2.56,12.2,7.25,4.25,2.26,50.7,59.8,64.7,72.2,70.8,64.4
015,1959,7.31,2.93,2.14,4.46,2.33,4.66,50.0,65.2,71.3,73.1,76.3,67.1
015,1960,2.47,4.53,4.1,4.89,5.96,1.64,53.4,58.1,68.1,71.2,72.7,68.2
015,1961,4.72,2.91,2.95,5.87,2.71,4.45,44.4,55.5,68.0,72.8,71.0,68.8
015,1962,1.47,4.04,3.44,7.03,2.79,1.57,49.0,66.7,70.5,71.0,70.9,61.8
015,1963,4.22,2.6,2.03,5.92,2.55,0.6,51.5,58.5,70.5,72.2,67.5,63.1
015,1964,6.91,1.23,4.62,3.83,1.57,1.77,51.3,64.7,71.6,73.4,69.8,64.9
015,1965,5.2,3.46,3.21,4.26,4.02,4.76,50.4,66.8,69.1,70.8,68.9,65.8
015,1966,3.91,3.34,2.3,2.12,2.46,3.28,47.1,55.1,70.5,76.0,69.8,61.9
015,1967,4.28,3.84,1.63,1.25,2.53,1.61,51.5,55.8,71.8,70.7,67.7,61.9
015,1968,2.96,7.11,4.26,3.39,4.64,2.48,51.0,56.7,70.9,73.0,72.3,64.0
015,1969,4.27,2.48,4.39,6.1,2.54,5.22,51.0,60.3,67.2,74.3,71.3,63.9
015,1970,6.59,5.18,1.96,5.79,2.64,5.3,51.3,63.7,69.7,73.4,71.1,66.8
015,1971,1.01,4.41,4.33,6.0,2.11,5.72,48.0,57.1,73.8,70.1,68.5,67.3
015,1972,7.12,2.77,3.23,3.62,3.48,9.0,48.1,62.2,65.7,72.2,71.0,65.6
015,1973,4.0,2.76,6.0,6.27,3.32,2.19,49.4,56.8,71.8,74.1,72.2,66.9
015,1974,2.99,5.36,5.0,0.85,3.46,3.04,51.5,58.6,66.8,75.0,71.2,60.1
015,1975,3.25,5.0,6.33,1.93,8.74,2.93,45.4,63.9,70.6,71.8,73.4,60.2
015,1976,1.49,2.11,5.55,2.36,1.8,2.21,52.4,58.1,70.2,72.5,68.3,61.9
015,1977,2.21,2.72,2.57,2.91,10.05,5.92,55.2,68.2,68.1,76.2,70.6,66.4
015,1978,4.01,3.85,4.86,4.68,4.06,1.29,49.9,58.6,70.4,72.7,71.1,68.5
015,1979,4.42,2.61,3.51,5.77,4.62,0.09,46.7,59.5,70.0,71.0,70.2,64.0
015,1980,2.8,2.2,6.76,3.16,5.2,2.76,47.4,62.1,67.2,77.0,74.9,66.2
015,1981,5.49,7.06,4.73,3.6,5.78,3.4,54.2,57.0,71.6,73.0,70.5,63.2
015,1982,3.24,4.66,3.95,3.38,3.3,1.53,44.4,65.9,65.2,73.4,69.0,63.6
015,1983,4.68,5.37,4.39,1.23,2.47,1.98,45.9,57.1,70.6,77.3,76.6,65.4
015,1984,3.39,5.84,1.78,3.44,2.8,2.85,47.8,57.6,73.9,71.0,72.8,63.2
015,1985,1.92,2.41,2.72,2.47,5.01,1.26,55.2,63.7,67.8,72.8,69.6,66.2
015,1986,2.28,5.46,5.11,4.17,1.56,4.99,52.6,61.6,71.2,76.1,68.6,68.4
015,1987,3.0,2.88,4.44,4.59,6.52,2.56,50.8,66.3,72.5,75.2,72.4,65.8
015,1988,2.64,0.93,0.59,3.77,2.79,2.38,49.6,63.0,72.3,76.1,75.9,65.4
015,1989,4.0,6.27,3.82,4.17,4.04,6.05,48.4,57.7,69.9,74.2,70.7,62.0
015,1990,2.75,5.39,3.84,4.68,7.16,1.47,49.2,58.0,70.1,71.8,69.4,65.3
015,1991,3.37,4.36,0.7,2.05,3.71,2.56,53.6,67.7,73.9,75.2,72.4,64.5
015,1992,3.21,1.51,2.16,9.59,3.38,6.23,48.2,59.2,66.1,71.1,66.8,62.8
015,1993,4.85,3.35,5.69,5.18,4.12,6.54,48.1,61.8,68.4,74.8,73.0,60.0
015,1994,7.44,2.73,6.5,6.62,4.33,1.6,51.6,58.2,71.9,72.0,68.3,63.9
015,1995,3.79,5.87,3.2,2.56,2.85,1.06,48.5,58.8,71.4,75.0,78.0,62.8
015,1996,3.32,4.82,3.9,6.6,1.03,3.16,47.2,58.6,70.1,70.1,71.7,63.2
015,1997,1.4,5.03,5.61,4.24,3.47,2.11,45.6,55.3,69.2,73.0,68.7,64.2
015,1998,3.86,4.05,8.44,6.46,3.16,1.04,51.7,66.0,70.7,72.9,73.1,69.1
015,1999,5.55,2.88,3.04,3.08,3.23,2.53,52.8,63.3,71.5,77.4,69.7,65.3
015,2000,1.46,5.27,6.36,3.19,1.57,3.83,50.0,64.0,69.6,71.0,71.9,64.5
015,2001,3.59,3.86,4.47,6.26,5.45,2.32,55.4,63.6,68.8,73.1,72.8,62.5
015,2002,5.04,4.21,3.53,3.58,4.31,1.8,51.7,57.5,72.7,76.3,73.2,67.8
015,2003,2.6,5.47,2.86,13.92,3.45,7.09,52.5,59.2,67.5,72.2,73.2,62.9
015,2004,1.19,6.29,6.2,5.29,6.52,0.91,52.9,65.0,68.3,71.3,67.4,66.4
015,2005,2.64,1.5,3.61,5.86,2.74,6.15,53.1,59.0,73.1,73.8,73.5,68.8
015,2006,4.82,5.45,4.03,4.39,5.23,2.73,54.5,59.3,69.5,75.2,72.3,62.6
015,2007,3.74,2.42,4.54,3.6,5.13,2.94,48.0,65.6,71.0,70.7,74.7,67.9
015,2008,2.47,6.5,4.6,3.58,3.71,3.6,51.2,57.2,71.5,72.7,70.0,66.3
015,2009,5.89,5.6,4.68,2.09,3.39,0.71,50.4,61.4,71.2,68.7,70.0,64.4
015,2010,2.57,5.64,10.89,4.31,2.51,2.05,56.4,63.6,73.3,75.2,74.8,66.2
015,2011,7.33,5.6,5.98,3.38,3.64,4.98,51.1,62.1,72.2,78.3,72.2,62.9
015,2012,1.53,2.36,1.57,2.46,5.77,3.69,51.8,67.1,71.6,79.2,71.1,63.5
015,2013,9.29,3.54,5.5,2.88,1.85,3.7,49.3,64.3,70.7,71.9,70.7,66.2
015,2014,3.77,4.05,4.5,2.62,7.34,4.42,50.7,61.8,72.5,68.2,71.7,62.8
015,2015,4.11,3.94,11.14,4.53,2.75,2.57,51.1,64.4,70.1,71.8,70.3,68.8
015,2016,3.24,2.49,5.02,4.15,6.72,3.29,50.3,60.2,72.0,73.4,74.9,69.2
015,2017,4.4,6.82,7.33,7.19,3.71,1.75,55.3,59.1,71.1,73.5,68.8,66.5
015,2018,2.72,2.73,8.0,3.25,7.65,3.66,43.0,69.1,73.1,73.2,73.4,68.8
015,2019,5.29,5.68,3.73,3.67,2.61,2.45,50.0,60.6,69.6,76.3,71.1,69.2
015,2020,2.44,4.27,2.94,2.96,3.1,2.12,47.7,58.9,71.6,75.8,71.3,64.4
015,2021,3.16,4.85,4.6,4.65,2.37,2.77,50.8,58.9,72.4,72.9,74.4,68.4
015,2022,2.68,3.85,1.61,3.99,3.92,1.54,47.9,63.7,71.9,74.0,72.0,65.2
015,2023,2.35,1.51,1.7,4.91,3.93,0.82,51.8,61.4,69.4,73.4,71.1,66.2
015,2024,7.92,4.27,3.24,5.05,2.78,1.65,52.3,65.9,72.6,71.8,71.8,67.3
015,2025,3.59,2.92,5.79,4.81,1.75,1.47,51.0,60.6,73.3,77.2,70.7,67.0
015,2026,6.02,2.57,6.47,2.83,7.86,,56.7,59.8,70.0,75.0,71.6,
017,1895,1.72,1.44,1.54,2.22,1.93,2.78,51.8,63.4,72.9,72.3,72.8,68.1
017,1896,2.83,4.53,3.74,10.72,5.22,5.07,55.6,67.6,68.3,72.6,71.1,60.6
017,1897,3.13,3.31,3.93,1.69,2.35,0.35,47.2,57.3,69.6,76.8,69.3,66.7
017,1898,1.99,5.38,3.43,2.62,3.18,2.57,47.5,60.7,72.2,75.3,71.9,67.2
017,1899,1.11,3.95,2.43,2.69,1.7,1.68,53.5,63.1,72.6,75.1,74.6,63.3
017,1900,1.56,3.14,4.56,4.28,3.41,1.9,50.7,64.4,70.1,73.8,76.5,66.7
017,1901,2.39,3.48,3.65,0.71,3.17,1.05,46.1,58.6,72.2,80.2,73.4,63.6
017,1902,1.77,3.96,11.04,5.36,1.57,4.67,47.4,64.1,67.5,74.1,68.5,61.4
017,1903,5.04,3.28,4.0,3.7,4.14,2.37,49.4,64.1,64.4,73.5,69.8,64.8
017,1904,4.2,3.67,2.32,4.77,2.53,4.23,43.4,60.4,68.0,71.4,67.7,64.1
017,1905,4.12,5.73,4.13,2.88,4.74,4.04,47.9,60.7,69.4,72.6,71.9,64.9
017,1906,2.35,2.06,3.79,4.55,5.27,4.36,51.0,62.0,69.1,72.1,74.7,67.3
017,1907,2.1,3.53,5.93,5.51,4.56,3.27,40.3,54.1,66.2,72.9,68.9,61.9
017,1908,3.87,5.54,1.61,3.71,2.07,0.8,49.4,62.3,69.3,73.8,71.6,68.0
017,1909,5.89,4.49,6.63,4.91,4.7,3.38,46.2,58.0,70.1,70.8,72.6,61.1
017,1910,3.6,3.15,1.24,3.11,2.77,5.54,50.2,55.7,67.3,74.9,70.6,63.9
017,1911,4.31,2.78,4.34,2.7,3.65,5.76,46.8,66.4,72.2,73.8,70.6,66.4
017,1912,3.73,3.68,3.36,4.17,3.89,2.35,50.1,63.1,67.3,73.3,69.3,66.5
017,1913,2.53,4.55,1.4,3.94,3.2,2.44,48.5,60.5,71.2,75.4,73.8,63.7
017,1914,2.91,3.63,1.84,1.06,3.72,2.1,49.2,63.2,72.5,76.5,73.5,64.7
017,1915,2.26,4.89,2.18,7.25,5.58,3.8,54.9,57.2,67.0,71.2,65.6,66.1
017,1916,2.06,5.63,5.89,1.99,2.78,3.14,47.9,61.2,65.1,78.6,74.8,63.6
017,1917,3.13,4.77,4.45,3.06,3.48,1.78,47.6,54.1,66.7,72.1,70.4,62.2
017,1918,3.24,4.05,3.11,3.12,3.65,5.24,46.5,65.2,69.5,71.1,76.3,57.2
017,1919,2.65,5.2,3.27,3.25,2.24,3.65,48.6,57.0,73.7,76.3,70.2,66.9
017,1920,6.18,2.89,4.64,5.23,1.89,1.99,43.6,58.1,69.4,70.8,69.3,66.4
017,1921,4.84,1.91,3.0,1.7,7.03,6.24,53.1,63.6,74.5,79.2,70.8,68.6
017,1922,5.21,2.77,1.48,3.15,2.14,1.62,50.5,64.5,71.3,72.3,71.9,68.0
017,1923,1.72,5.69,2.11,3.73,3.83,3.75,47.3,57.5,71.4,73.3,70.0,64.5
017,1924,4.59,3.51,7.9,1.81,3.54,4.04,48.6,53.4,67.3,69.9,70.5,58.8
017,1925,2.27,0.53,2.91,4.01,1.66,6.34,53.8,56.1,72.6,72.8,71.8,70.5
017,1926,3.76,3.65,2.79,2.17,4.34,8.9,42.1,61.0,64.8,73.4,73.9,64.2
017,1927,6.29,6.55,3.21,4.18,2.32,4.23,48.5,58.7,65.2,72.5,65.0,68.6
017,1928,1.61,3.31,6.1,4.4,4.4,1.03,45.1,59.4,63.7,73.4,72.5,60.4
017,1929,6.01,6.32,3.97,4.05,1.93,2.2,51.6,56.5,66.8,73.7,69.1,63.8
017,1930,3.65,2.1,2.4,3.39,2.52,3.44,50.5,61.4,69.3,74.8,71.5,65.6
017,1931,2.39,3.47,4.85,2.46,4.82,4.12,49.6,57.0,72.5,76.9,72.1,69.6
017,1932,3.35,1.42,3.42,3.06,2.58,5.69,48.4,60.4,71.3,74.7,71.9,62.7
017,1933,3.89,7.34,1.86,2.21,3.46,5.94,48.5,62.6,76.1,75.5,69.8,69.1
017,1934,1.72,0.9,2.49,2.05,6.47,6.83,48.7,64.6,75.9,79.3,71.3,64.2
017,1935,2.38,5.54,4.5,3.05,2.23,2.81,45.8,54.5,66.8,76.2,73.2,63.8
017,1936,2.82,3.16,1.66,0.23,5.85,5.74,44.6,63.4,69.0,80.0,76.5,67.6
017,1937,6.67,3.01,5.27,4.23,3.64,4.3,47.8,60.6,68.1,73.4,74.5,62.6
017,1938,3.04,4.14,5.75,4.48,2.95,3.36,51.0,60.2,68.2,74.1,74.4,65.5
017,1939,5.72,1.88,5.28,3.46,1.64,0.44,45.2,63.2,71.9,73.1,71.4,69.4
017,1940,3.79,4.47,3.32,0.65,2.85,1.06,45.4,56.5,70.9,74.6,73.4,62.8
017,1941,2.94,2.56,4.66,2.01,1.71,1.52,54.5,63.0,70.0,74.9,72.6,68.6
017,1942,2.68,3.48,4.77,7.33,3.42,3.78,53.7,61.5,70.1,74.6,70.0,62.1
017,1943,2.85,10.65,3.19,5.44,4.34,3.05,45.9,59.3,73.4,74.1,72.1,60.1
017,1944,6.65,5.8,1.33,1.49,2.88,1.64,47.0,65.9,73.7,74.7,73.7,65.0
017,1945,3.85,6.05,4.19,3.84,4.71,6.59,50.6,54.6,66.6,71.4,70.8,65.2
017,1946,1.31,4.39,4.96,2.1,2.11,1.65,50.9,57.5,69.0,73.6,67.7,65.1
017,1947,6.14,4.42,4.63,2.15,2.73,4.9,48.1,56.1,66.7,70.1,78.6,65.5
017,1948,3.01,4.77,6.85,3.12,2.71,3.06,53.3,58.1,69.6,74.0,71.8,66.2
017,1949,2.34,5.34,5.29,5.46,1.67,1.65,48.2,61.9,72.6,76.8,71.9,59.2
017,1950,5.92,1.42,5.79,4.5,1.43,6.73,43.6,61.9,68.3,70.6,69.1,62.7
017,1951,3.87,3.62,4.01,4.6,1.74,1.93,46.4,62.0,67.3,72.0,68.8,61.3
017,1952,5.63,6.39,4.45,3.44,4.52,3.1,49.7,58.5,74.2,75.8,70.1,63.4
017,1953,3.49,2.99,3.15,4.56,2.11,1.99,45.7,62.4,73.6,74.3,71.9,64.9
017,1954,3.76,3.62,3.93,4.32,4.19,1.07,54.1,55.5,73.2,74.4,71.3,67.5
017,1955,3.58,3.93,3.2,4.91,2.25,2.64,55.5,62.0,66.3,78.4,75.2,66.2
017,1956,2.83,5.52,1.9,3.29,2.99,0.57,46.9,60.3,71.6,72.0,72.0,63.1
017,1957,6.84,4.73,6.39,4.57,2.74,2.7,50.1,60.3,70.5,74.1,71.6,62.6
017,1958,1.79,2.46,12.2,5.72,4.36,2.33,50.4,59.7,64.4,72.3,70.6,64.0
017,1959,7.3,2.83,2.06,3.29,2.7,3.68,49.2,64.7,71.0,72.7,76.2,66.9
017,1960,2.9,4.69,3.48,4.09,5.27,1.81,52.7,57.8,67.6,71.0,72.3,67.8
017,1961,4.93,2.74,3.51,7.1,2.86,4.55,43.7,55.1,67.8,72.2,70.6,68.9
017,1962,1.36,4.11,4.36,5.36,3.14,2.29,48.5,65.9,69.7,70.5,71.0,61.4
017,1963,4.51,2.72,2.42,5.49,2.51,0.69,50.7,57.9,70.0,71.7,66.9,63.1
017,1964,5.78,1.21,4.63,4.29,2.06,2.54,51.0,64.7,71.2,73.3,69.4,64.3
017,1965,5.01,3.3,2.85,4.47,4.32,3.78,49.6,66.6,69.0,70.4,68.4,65.3
017,1966,3.94,3.81,1.87,2.5,2.4,3.26,46.6,54.6,71.2,75.6,69.8,61.8
017,1967,4.66,4.04,2.26,1.41,2.8,2.03,50.9,55.6,71.7,70.3,67.4,61.8
017,1968,3.32,6.61,4.56,3.37,4.79,2.7,51.0,56.4,70.7,72.7,71.8,63.9
017,1969,4.7,2.78,5.02,8.01,2.21,5.23,51.1,60.0,66.5,73.6,71.3,64.0
017,1970,6.39,4.45,2.54,5.92,2.46,5.75,50.8,63.4,69.3,72.9,71.1,66.2
017,1971,1.13,4.39,3.9,4.77,2.62,6.03,47.9,56.9,73.6,70.1,68.3,66.8
017,1972,6.85,3.11,3.29,3.59,4.19,9.24,47.3,62.1,65.2,72.1,70.5,64.8
017,1973,4.37,2.93,5.75,6.06,3.69,2.12,49.1,56.6,71.6,73.6,71.8,66.5
017,1974,3.2,5.61,4.36,0.82,2.49,3.5,51.2,58.1,66.4,74.9,71.0,59.8
017,1975,3.58,4.51,8.01,1.77,7.52,3.01,44.6,64.1,70.4,71.8,73.1,59.7
017,1976,1.74,2.01,4.17,2.58,1.74,2.2,52.2,57.6,70.2,72.5,67.8,61.8
017,1977,2.39,2.25,2.48,3.79,8.24,5.88,55.1,68.0,67.7,76.0,70.0,66.0
017,1978,4.16,4.25,3.19,3.76,2.9,1.07,49.5,58.5,69.6,72.4,70.9,68.4
017,1979,4.57,2.44,3.42,4.38,4.58,0.06,46.7,59.0,69.8,71.0,69.8,63.8
017,1980,2.91,2.2,6.53,2.52,5.76,3.0,47.2,61.5,66.9,76.5,74.5,65.6
017,1981,5.8,6.54,5.57,3.38,3.38,4.54,53.6,56.9,70.9,72.9,70.5,63.1
017,1982,2.83,4.28,3.86,2.76,3.12,1.84,44.5,66.3,65.4,73.6,68.8,63.1
017,1983,5.11,4.84,3.76,1.45,2.17,2.03,45.5,56.6,70.5,77.2,76.2,65.2
017,1984,3.4,5.88,1.89,3.49,1.98,2.85,47.0,56.7,73.1,70.3,72.4,62.9
017,1985,2.19,2.4,2.75,3.87,4.4,1.58,55.2,63.4,67.1,72.4,69.3,66.0
017,1986,1.93,5.79,6.38,5.15,1.53,4.54,52.5,61.1,70.5,75.7,68.1,67.5
017,1987,2.61,3.3,3.85,4.69,7.46,2.25,50.6,65.4,72.6,75.2,72.1,65.5
017,1988,2.83,1.1,1.25,2.9,3.14,2.73,48.9,62.6,72.0,75.8,75.8,64.5
017,1989,3.23,5.35,4.64,4.08,3.17,5.67,48.0,57.2,69.5,74.1,70.3,61.6
017,1990,2.79,5.08,3.81,4.57,8.42,1.42,49.1,57.5,69.6,71.7,69.2,64.9
017,1991,3.44,3.98,1.04,2.51,3.47,2.87,53.2,67.3,73.7,74.9,71.9,63.5
017,1992,3.48,1.75,2.64,7.88,3.09,6.3,47.5,58.7,65.2,70.7,66.4,62.5
017,1993,4.58,3.84,5.96,5.23,4.01,6.51,47.7,61.6,67.7,74.2,72.6,59.7
017,1994,6.74,3.72,6.16,5.64,4.2,1.56,51.0,57.7,71.3,71.9,67.9,63.8
017,1995,4.33,5.5,4.3,2.92,2.69,0.76,47.6,58.4,71.0,74.6,77.6,62.1
017,1996,3.42,5.02,4.23,7.78,1.53,3.19,46.7,57.9,69.7,69.9,71.6,62.8
017,1997,1.34,5.38,4.67,4.04,3.85,3.29,44.8,54.5,68.8,72.4,68.2,63.8
017,1998,4.45,3.96,7.3,8.42,4.22,1.21,51.5,65.6,70.1,72.4,72.8,68.5
017,1999,5.44,3.01,3.08,2.04,3.45,2.76,52.2,63.0,71.0,77.3,69.5,64.8
017,2000,1.84,4.58,6.56,3.93,1.95,4.53,49.5,63.2,69.2,70.9,71.3,64.0
017,2001,3.88,4.29,4.9,5.92,4.93,2.59,54.5,63.0,68.2,72.8,72.4,62.0
017,2002,4.86,4.43,2.53,3.92,3.42,1.98,51.0,56.6,71.9,76.3,73.0,67.7
017,2003,2.47,6.23,2.77,14.47,4.26,7.4,51.6,58.7,67.1,71.8,73.2,62.5
017,2004,0.98,6.35,5.85,5.31,6.79,1.01,52.2,64.2,68.0,71.2,67.1,66.4
017,2005,2.61,1.48,3.41,5.56,2.69,5.63,52.9,58.6,73.3,74.1,73.4,68.4
017,2006,4.2,6.0,4.21,4.41,5.98,2.68,54.1,58.5,69.2,74.7,72.0,62.0
017,2007,3.73,1.95,4.19,3.57,5.89,2.73,47.4,65.0,71.2,70.8,74.2,67.5
017,2008,2.48,5.43,4.71,3.2,4.05,3.46,51.4,56.5,71.0,72.2,69.9,66.4
017,2009,5.79,4.86,4.21,2.21,4.26,0.82,49.6,60.7,70.6,68.3,69.9,64.4
017,2010,2.81,5.71,9.89,4.31,3.06,1.8,55.8,63.1,72.7,75.4,74.5,66.0
017,2011,7.59,5.94,4.95,2.58,4.19,5.91,50.3,61.4,71.9,77.9,71.9,62.5
017,2012,1.28,1.76,1.6,3.63,4.24,3.6,51.2,66.6,71.0,78.9,70.8,63.5
017,2013,8.93,3.52,5.9,2.93,2.52,2.97,48.7,64.0,70.4,71.9,70.5,65.8
017,2014,3.82,3.62,4.41,2.36,6.44,4.59,50.2,61.4,72.5,68.3,71.6,62.9
017,2015,3.98,4.17,11.64,3.96,2.93,2.32,50.8,64.0,69.7,71.6,70.2,68.8
017,2016,3.58,2.74,4.16,3.47,6.56,3.12,49.9,59.7,71.7,73.6,74.9,69.2
017,2017,4.12,6.43,5.78,7.92,3.31,1.54,54.9,58.6,70.9,73.4,68.9,66.2
017,2018,2.6,2.51,6.49,3.15,7.41,3.08,42.6,68.3,72.7,73.4,73.3,68.5
017,2019,5.23,6.27,3.15,3.37,2.71,3.55,49.3,59.8,69.3,76.3,70.8,68.8
017,2020,2.27,4.54,2.75,2.52,2.49,2.13,47.2,58.5,71.4,76.1,71.5,64.1
017,2021,3.39,4.88,5.02,4.06,2.48,2.76,50.0,58.1,72.0,72.6,74.1,68.2
017,2022,2.67,4.01,2.3,4.83,3.14,1.59,46.7,62.9,71.3,73.6,71.9,65.2
017,2023,2.31,1.81,1.82,4.68,3.9,0.94,51.3,60.6,69.1,72.9,70.5,65.8
017,2024,7.99,4.35,3.85,5.67,2.57,1.45,51.6,65.3,72.2,71.5,71.4,67.1
017,2025,3.17,2.8,5.06,4.65,2.06,1.18,50.6,59.5,72.6,76.6,70.3,66.5
017,2026,6.47,2.16,5.53,2.69,7.8,,55.6,59.4,69.5,74.7,71.5,
019,1895,2.46,2.47,3.93,4.85,1.94,0.9,55.8,63.8,75.5,74.3,76.3,71.9
019,1896,0.24,5.05,5.71,7.66,3.99,4.56,61.7,70.4,72.7,77.0,75.2,65.8
019,1897,4.13,3.02,4.07,5.92,1.14,0.34,53.4,59.7,72.1,77.7,73.7,69.8
019,1898,2.09,4.45,4.22,2.43,4.14,4.42,50.8,65.8,75.3,78.3,76.2,71.6
019,1899,2.97,4.17,4.45,3.14,3.62,0.93,55.7,66.6,74.9,76.5,76.8,67.7
019,1900,2.05,4.86,4.07,3.55,3.27,1.07,53.9,65.6,73.6,77.3,80.0,73.1
019,1901,2.6,2.35,5.54,1.09,2.62,2.52,49.3,62.7,74.8,82.4,76.0,67.8
019,1902,2.15,5.98,4.87,2.27,2.52,3.85,52.7,68.7,72.3,77.5,73.9,65.5
019,1903,4.92,2.1,5.14,1.66,3.44,1.29,53.7,67.2,68.2,77.3,74.3,68.0
019,1904,2.5,2.11,2.9,2.03,1.55,2.58,49.2,64.2,72.4,75.0,74.3,69.7
019,1905,2.58,5.63,3.91,4.9,4.2,2.77,54.6,66.5,74.1,75.7,75.3,68.4
019,1906,1.67,1.97,2.95,4.05,3.43,5.79,56.0,64.8,73.5,75.7,77.3,71.8
019,1907,2.71,3.74,3.95,5.11,4.54,2.3,45.9,59.9,70.0,77.1,73.6,68.0
019,1908,6.16,5.59,2.44,2.84,1.33,1.09,54.9,66.0,72.8,77.1,75.9,71.6
019,1909,5.6,5.15,3.65,7.54,1.67,1.71,53.3,62.2,74.5,74.2,76.3,65.9
019,1910,4.51,4.64,3.66,8.67,1.78,3.1,54.3,59.6,69.8,76.0,72.5,69.4
019,1911,6.02,3.0,3.74,2.13,3.1,4.84,51.9,68.6,74.6,76.1,76.1,72.2
019,1912,6.75,4.78,2.72,3.45,6.85,3.87,56.6,66.4,69.8,77.1,73.6,69.8
019,1913,3.49,1.96,3.11,1.79,2.49,2.92,53.0,64.5,74.1,79.8,77.4,68.0
019,1914,2.95,1.27,2.58,2.4,6.51,1.79,53.3,64.6,76.2,78.1,75.2,66.9
019,1915,1.02,6.48,3.83,5.2,5.18,2.44,58.2,62.6,70.4,74.8,69.9,69.3
019,1916,3.45,3.77,5.98,4.2,4.39,3.45,52.1,66.2,68.5,78.6,76.6,65.8
019,1917,4.98,5.4,4.17,2.92,2.35,1.76,52.5,57.3,69.7,74.5,73.5,66.6
019,1918,3.05,5.14,3.38,4.11,4.62,2.57,52.0,68.6,72.2,73.1,79.8,60.7
019,1919,3.49,4.45,4.02,1.94,2.84,2.12,54.1,61.5,75.9,78.6,73.7,69.8
019,1920,6.06,3.57,2.39,2.1,5.69,3.57,49.8,62.0,71.0,74.0,72.1,69.4
019,1921,4.34,2.48,3.75,1.8,5.39,4.53,56.1,64.4,77.3,80.3,74.7,72.8
019,1922,4.65,2.67,2.33,4.67,2.38,2.16,57.3,67.1,74.2,75.6,74.7,72.0
019,1923,4.12,3.96,4.42,4.05,4.22,2.86,52.2,62.5,72.5,76.4,74.8,68.5
019,1924,3.77,4.19,4.92,1.6,3.15,4.81,55.1,58.0,72.9,72.6,75.2,63.6
019,1925,2.06,1.73,3.21,3.67,3.44,3.37,59.3,59.1,75.6,75.0,74.8,75.0
019,1926,4.25,2.0,2.41,4.48,5.7,3.86,47.8,64.8,69.1,76.9,76.3,70.6
019,1927,5.42,8.73,3.35,3.69,2.86,3.66,56.0,63.4,68.8,75.1,69.2,71.3
019,1928,4.36,3.52,8.57,3.12,4.54,0.96,49.8,61.7,67.6,75.0,75.1,63.1
019,1929,5.05,8.77,3.63,3.92,1.85,4.4,57.5,62.0,70.2,75.4,72.6,67.2
019,1930,1.36,1.18,2.1,0.9,1.93,4.92,56.3,64.9,71.9,79.9,76.1,69.7
019,1931,4.16,2.36,2.64,3.23,4.85,4.41,53.4,60.9,74.3,79.0,74.2,72.9
019,1932,3.5,0.78,4.39,3.72,5.17,4.23,53.1,63.5,72.8,77.4,74.5,67.4
019,1933,5.93,7.61,0.54,2.13,2.08,5.06,52.6,66.5,76.5,77.0,74.1,73.4
019,1934,1.29,1.44,5.82,1.85,5.64,4.14,54.2,66.6,76.7,80.4,74.8,67.1
019,1935,3.23,7.34,4.02,3.34,4.6,1.8,51.2,60.4,67.6,77.7,75.1,66.0
019,1936,4.13,1.08,0.71,3.25,1.84,3.62,49.3,66.5,73.8,81.8,80.7,72.4
019,1937,4.53,4.19,3.9,1.79,4.01,1.87,53.1,63.7,72.9,74.8,77.0,65.5
019,1938,1.83,5.37,2.62,7.62,4.84,2.67,56.8,64.8,70.7,76.7,77.0,69.6
019,1939,5.4,1.08,5.96,3.94,3.3,1.01,51.5,65.6,74.2,76.1,75.2,73.4
019,1940,6.61,2.83,3.87,1.35,2.71,1.12,51.1,59.5,72.1,75.6,76.2,65.0
019,1941,2.79,1.24,6.93,3.73,2.2,1.19,57.3,66.2,73.3,77.2,76.0,71.4
019,1942,3.69,4.26,5.52,2.58,5.09,2.26,56.0,63.7,73.4,77.1,74.4,67.1
019,1943,3.18,4.92,2.68,4.47,0.29,1.9,52.2,65.9,76.6,77.6,77.4,64.6
019,1944,5.0,4.17,0.94,2.32,7.03,3.96,53.7,69.7,77.0,76.8,75.8,67.4
019,1945,4.47,4.33,5.99,3.2,2.34,4.56,55.5,60.1,70.3,74.1,73.9,70.9
019,1946,2.37,5.59,2.64,4.35,4.82,1.19,56.5,62.0,72.4,75.1,69.6,66.8
019,1947,7.28,6.18,4.68,3.74,2.7,2.81,55.0,60.8,70.6,71.2,80.1,69.1
019,1948,6.46,3.01,2.32,5.02,1.87,1.07,57.6,62.9,72.9,76.2,74.0,68.8
019,1949,2.37,2.61,7.3,2.23,5.4,1.82,52.1,65.1,74.0,79.6,75.2,62.4
019,1950,4.49,7.25,6.33,3.53,4.16,3.77,49.5,64.8,71.1,73.4,71.5,65.8
019,1951,3.17,2.75,4.14,1.76,2.98,3.4,51.0,64.6,72.2,75.7,74.7,65.7
019,1952,2.43,3.4,3.81,1.46,1.5,2.68,53.9,63.7,77.8,78.8,75.3,66.8
019,1953,3.72,4.25,2.17,5.06,1.23,0.7,50.6,66.6,76.6,76.1,75.0,68.8
019,1954,2.73,2.22,2.39,1.51,4.9,3.99,59.4,59.2,75.1,79.6,76.7,71.6
019,1955,3.65,4.02,3.55,5.21,1.21,4.38,58.7,65.0,67.5,79.3,77.6,70.9
019,1956,3.0,3.72,4.05,2.95,3.65,2.9,51.7,64.5,72.4,75.3,73.8,65.1
019,1957,7.04,6.51,7.17,3.73,1.77,2.79,56.8,64.4,73.3,76.0,73.8,68.0
019,1958,4.32,3.9,4.17,7.58,4.97,4.86,54.0,63.5,69.5,74.8,73.1,67.1
019,1959,1.47,4.02,1.59,2.95,3.47,0.78,55.3,68.1,72.6,76.5,77.7,70.4
019,1960,1.2,3.9,9.98,3.1,2.49,1.21,57.7,60.6,70.6,73.8,76.1,70.4
019,1961,4.45,9.2,3.95,5.02,4.14,1.5,48.7,58.5,69.3,74.9,73.2,70.5
019,1962,0.83,4.62,2.96,4.03,3.08,3.11,51.6,70.2,72.3,74.6,74.4,63.6
019,1963,2.0,3.59,2.45,6.61,3.21,1.83,57.1,61.7,72.1,73.7,72.2,65.7
019,1964,3.79,1.61,5.11,3.63,1.52,2.51,57.9,66.3,73.6,75.5,74.6,67.4
019,1965,4.22,1.37,3.27,4.34,2.82,8.1,56.4,68.6,71.6,74.1,73.6,68.9
019,1966,7.7,2.88,1.15,3.82,3.95,3.04,51.7,61.0,71.8,79.0,72.7,65.4
019,1967,4.54,5.61,2.99,4.3,3.32,1.58,57.1,61.1,71.9,72.4,69.8,63.6
019,1968,4.77,7.86,1.68,4.59,3.27,2.79,55.6,61.6,72.5,76.0,75.8,67.1
019,1969,4.07,4.14,4.59,2.92,3.96,1.07,56.1,65.0,72.4,77.3,73.2,66.8
019,1970,7.56,2.58,4.6,3.08,5.01,3.71,56.8,66.9,71.9,75.0,74.6,72.2
019,1971,2.26,5.53,3.25,6.46,2.94,3.66,53.4,59.9,75.3,73.4,72.4,70.1
019,1972,8.38,4.51,1.96,4.1,3.2,4.59,53.6,64.6,69.1,75.1,74.0,70.3
019,1973,6.2,5.07,7.46,8.91,1.8,2.44,53.0,60.2,73.9,76.6,75.2,70.7
019,1974,3.52,6.12,3.05,2.38,7.73,4.4,56.0,63.8,67.8,75.2,73.2,62.2
019,1975,6.6,4.51,4.36,1.74,2.65,4.09,51.8,67.4,73.3,75.5,77.0,63.6
019,1976,0.98,4.12,7.75,3.39,2.95,3.56,55.3,60.2,71.2,74.7,71.5,64.1
019,1977,4.0,2.72,5.16,4.48,6.78,2.47,58.0,68.9,71.4,78.8,74.8,69.8
019,1978,3.39,5.21,4.05,7.25,6.32,0.92,55.4,61.4,73.2,76.2,74.3,70.9
019,1979,7.18,3.84,4.98,7.05,4.72,8.21,53.0,62.0,72.1,73.4,73.6,66.0
019,1980,2.54,4.85,3.96,6.26,3.66,2.43,51.5,64.4,71.2,79.5,79.0,70.3
019,1981,5.08,5.38,2.71,3.73,3.12,3.48,59.8,60.2,74.0,76.5,73.6,65.7
019,1982,2.97,4.3,5.4,3.2,4.28,3.7,49.4,68.4,68.3,76.4,71.4,65.1
019,1983,7.61,9.55,3.62,1.2,2.62,1.65,49.8,60.9,71.8,79.1,79.6,68.8
019,1984,5.25,7.46,1.17,5.89,2.94,3.14,52.9,60.9,75.3,73.3,74.4,65.6
019,1985,1.79,3.77,3.99,4.02,5.05,1.37,58.4,64.7,70.6,75.3,73.3,67.2
019,1986,2.13,3.51,3.25,6.02,2.4,3.47,56.2,65.7,73.9,77.9,71.6,71.1
019,1987,2.78,2.41,5.18,6.18,2.11,1.43,53.1,69.0,74.4,76.9,75.9,68.8
019,1988,3.64,2.61,0.67,6.17,3.75,2.81,53.6,64.0,73.5,77.9,77.5,67.2
019,1989,5.98,3.75,4.28,6.32,3.86,3.09,53.4,60.5,71.6,75.6,73.8,66.3
019,1990,3.63,9.57,5.98,2.77,3.45,2.93,53.1,61.6,72.3,75.2,73.8,68.9
019,1991,2.76,2.77,2.0,1.67,4.07,2.92,57.7,70.5,75.2,77.9,75.8,68.6
019,1992,2.95,3.65,4.44,7.56,5.98,2.86,55.3,61.3,69.1,75.8,70.3,66.1
019,1993,4.0,3.07,5.17,3.13,5.91,3.07,52.4,63.9,72.2,79.5,75.9,65.2
019,1994,5.59,2.76,2.3,2.67,2.79,3.17,56.8,60.3,74.8,75.9,72.8,65.5
019,1995,3.46,10.05,3.73,4.12,4.46,1.51,55.4,63.7,72.8,76.8,79.1,65.7
019,1996,8.82,8.76,4.21,5.59,1.98,6.97,51.2,65.9,72.8,73.7,74.3,66.2
019,1997,2.18,7.35,7.68,1.2,3.27,1.43,49.8,59.0,70.1,76.4,73.1,67.1
019,1998,7.02,4.8,6.33,5.34,2.57,0.82,54.1,68.2,73.6,75.6,75.9,72.4
019,1999,2.72,2.31,5.73,1.45,0.86,0.83,56.9,65.4,74.1,80.0,75.0,68.0
019,2000,3.86,3.63,5.25,3.79,4.69,4.59,53.6,67.0,72.9,74.3,74.3,66.1
019,2001,1.53,5.19,3.89,4.7,3.79,3.84,59.9,66.3,71.1,76.0,76.2,65.9
019,2002,6.09,7.0,4.56,2.0,1.43,7.01,57.6,62.0,74.8,78.6,77.6,72.1
019,2003,5.22,7.27,3.8,4.95,4.58,6.18,56.9,63.7,68.9,74.9,75.8,65.4
019,2004,4.74,10.34,2.13,6.92,3.08,0.36,55.7,69.4,72.7,74.1,71.2,68.9
019,2005,3.58,3.99,3.01,3.22,6.57,2.3,56.7,62.0,74.8,76.9,77.8,71.4
019,2006,5.6,4.12,5.44,4.43,5.92,8.33,59.1,62.3,71.4,77.1,76.7,64.3
019,2007,4.6,1.9,3.19,4.25,2.13,2.27,52.7,68.0,74.0,74.2,80.6,72.5
019,2008,4.47,6.34,4.58,3.55,1.09,2.5,55.3,61.7,74.8,75.7,74.0,70.7
019,2009,4.88,5.76,6.75,7.7,4.53,7.07,55.6,64.6,73.8,71.1,72.7,68.2
019,2010,3.79,6.4,6.29,4.3,2.48,0.26,59.6,67.1,77.3,79.0,78.2,70.6
019,2011,15.1,7.43,5.92,3.23,2.57,5.5,58.1,64.4,74.3,80.9,76.0,65.9
019,2012,3.99,7.03,1.39,3.25,2.23,6.59,56.9,70.3,73.4,81.5,74.6,67.1
019,2013,4.29,4.2,7.03,5.34,2.39,3.65,54.9,65.9,72.9,73.9,74.3,69.5
019,2014,8.85,4.62,2.2,4.28,5.94,2.97,57.7,67.1,75.6,72.4,74.7,67.4
019,2015,8.92,2.83,7.64,9.76,2.85,1.88,56.6,67.5,74.2,76.2,72.6,70.6
019,2016,4.04,4.82,4.82,5.17,6.99,2.48,56.3,63.0,75.3,77.7,77.9,72.5
019,2017,5.54,7.01,3.78,3.71,2.9,4.91,61.9,65.0,72.7,77.2,72.9,68.2
019,2018,4.24,4.89,7.52,5.47,6.8,9.73,50.0,72.7,76.0,76.6,76.5,72.7
019,2019,6.36,5.4,9.16,3.04,3.28,0.15,57.4,67.8,72.4,78.3,76.0,75.7
019,2020,4.63,4.97,4.78,6.11,5.06,2.54,52.4,62.4,73.4,78.7,74.2,68.0
019,2021,4.47,2.57,4.85,7.09,4.9,5.6,54.4,62.4,74.4,76.3,77.1,70.2
019,2022,4.15,4.71,3.08,7.18,4.72,2.59,53.7,67.9,74.5,78.3,75.4,68.9
019,2023,3.06,3.33,4.3,5.24,4.92,1.22,55.4,63.6,70.4,76.7,74.1,69.8
019,2024,5.42,6.12,2.19,5.68,2.6,6.84,58.2,68.2,74.4,76.2,75.3,70.9
019,2025,8.89,5.12,3.72,4.89,1.01,3.42,56.8,62.9,75.0,79.5,73.3,69.7
019,2026,4.6,7.44,8.16,4.91,3.5,,62.1,63.3,72.5,76.9,76.3,
021,1895,3.41,1.3,2.45,4.81,2.06,3.37,54.0,62.7,73.9,72.2,74.0,69.2
021,1896,1.21,4.76,5.39,7.32,4.22,4.95,59.3,69.6,71.4,75.2,73.4,63.5
021,1897,4.51,2.57,5.15,2.97,0.61,0.55,50.5,57.5,69.9,76.6,71.8,70.1
021,1898,2.53,3.34,4.43,2.23,3.32,6.3,50.0,62.8,72.9,75.5,73.0,68.5
021,1899,1.65,4.28,2.79,3.02,1.97,1.34,52.9,63.6,73.8,75.8,76.3,66.4
021,1900,1.0,5.28,7.53,5.07,2.42,2.85,52.9,65.0,71.3,75.9,78.8,70.4
021,1901,2.97,2.2,6.91,0.63,2.79,0.99,48.5,60.3,73.3,81.3,74.9,67.0
021,1902,1.82,3.72,6.99,3.39,3.83,4.72,50.2,67.6,70.5,76.3,71.4,63.7
021,1903,4.59,3.32,3.37,3.21,5.07,1.84,52.0,66.0,66.5,76.2,72.4,66.4
021,1904,3.18,2.96,2.92,2.63,2.3,3.92,46.8,61.9,69.6,73.2,71.6,67.1
021,1905,3.55,6.18,3.39,5.25,3.87,3.59,52.0,63.7,71.9,73.4,73.3,66.7
021,1906,2.2,3.0,2.79,2.87,3.98,4.97,54.2,63.7,70.6,73.6,75.8,71.0
021,1907,2.86,3.87,3.49,4.15,3.59,1.79,41.9,56.3,66.6,73.9,70.7,64.3
021,1908,5.69,7.74,1.98,2.37,1.16,1.16,51.7,62.8,69.5,74.4,73.5,69.7
021,1909,5.31,4.71,6.46,5.87,2.13,2.57,49.9,58.7,71.4,71.7,74.5,63.4
021,1910,3.21,3.44,2.57,8.54,1.68,4.95,51.6,56.7,68.4,74.2,71.0,66.6
021,1911,5.57,1.72,3.15,1.85,2.31,9.0,48.8,67.4,73.5,75.0,73.3,69.5
021,1912,5.56,4.98,3.09,6.18,4.98,3.12,53.7,63.9,67.7,74.3,71.1,67.6
021,1913,3.09,1.24,1.94,2.14,2.26,3.42,50.9,63.6,74.1,78.2,77.4,66.3
021,1914,3.14,1.17,1.44,2.04,4.24,2.76,52.0,65.0,76.2,78.2,74.8,65.5
021,1915,1.27,6.2,3.07,7.11,7.92,4.45,56.8,59.6,68.5,72.6,66.9,68.0
021,1916,1.52,4.05,7.53,2.28,2.09,2.25,50.0,64.2,67.2,80.6,75.8,65.1
021,1917,4.73,5.59,7.51,3.65,1.9,2.6,50.0,56.5,68.6,74.4,72.3,65.2
021,1918,6.79,4.77,3.89,2.84,2.96,5.22,48.4,67.6,71.5,72.9,78.6,58.9
021,1919,2.61,5.06,4.14,1.18,1.99,1.87,52.6,59.6,75.0,78.7,73.1,69.6
021,1920,5.29,4.41,1.87,2.21,3.42,2.16,47.1,61.3,70.5,73.4,71.7,69.3
021,1921,3.37,2.37,3.52,1.99,6.51,6.69,55.4,64.7,76.4,80.3,72.7,71.4
021,1922,8.77,3.39,1.82,3.49,2.36,1.46,54.1,66.0,73.5,73.8,73.0,70.5
021,1923,2.74,6.11,3.25,2.31,4.91,3.79,49.2,60.4,71.7,75.0,72.5,66.2
021,1924,3.27,5.25,5.42,1.29,5.16,2.81,52.5,54.7,69.5,71.3,72.5,62.1
021,1925,2.63,1.2,5.83,3.87,2.37,4.68,56.8,58.2,74.4,75.2,74.0,74.0
021,1926,3.98,2.3,2.41,2.8,7.68,8.18,45.1,64.0,67.4,77.0,75.2,68.4
021,1927,5.61,7.5,2.92,2.42,4.49,5.73,52.2,60.8,66.5,74.2,67.1,70.6
021,1928,3.18,3.29,7.9,3.03,3.58,2.24,46.5,60.9,65.9,74.8,74.4,61.8
021,1929,5.02,8.85,4.79,4.42,1.92,3.08,54.7,58.9,68.5,75.1,71.3,65.9
021,1930,3.09,1.54,2.73,1.62,1.67,3.52,54.5,63.5,70.9,77.8,75.2,68.6
021,1931,2.51,2.89,4.14,3.5,2.92,6.41,52.6,59.2,74.0,78.3,73.5,71.8
021,1932,2.15,1.75,5.01,2.54,4.17,5.98,51.5,62.4,72.8,76.9,73.7,65.6
021,1933,4.06,10.05,0.59,1.29,2.51,3.91,51.5,65.1,77.1,77.7,72.8,72.4
021,1934,1.94,1.21,3.99,3.17,5.63,6.34,51.7,65.9,77.6,80.3,73.5,65.4
021,1935,1.98,8.34,4.68,3.01,2.38,2.66,49.0,57.8,67.6,77.6,75.0,66.0
021,1936,3.33,1.43,0.82,2.05,1.57,5.05,47.6,65.9,72.4,82.3,79.7,70.5
021,1937,5.27,3.73,4.3,3.28,3.47,2.71,50.7,62.8,71.1,74.2,76.1,64.2
021,1938,2.95,5.39,5.52,5.27,4.21,1.6,54.1,62.0,69.7,75.6,75.5,68.6
021,1939,6.22,1.57,7.04,3.58,2.32,1.03,48.3,64.9,72.8,74.8,72.8,71.8
021,1940,5.98,5.21,3.67,1.65,2.47,1.55,49.0,58.6,71.8,75.0,75.0,64.5
021,1941,3.08,2.64,6.29,1.6,2.51,3.95,56.9,65.4,72.1,75.8,74.3,69.5
021,1942,3.15,4.73,7.28,4.37,2.74,1.99,55.8,63.1,72.0,76.0,72.5,65.2
021,1943,2.65,10.47,3.14,2.84,1.91,3.58,50.0,62.3,75.5,76.3,75.6,62.6
021,1944,6.71,3.64,2.51,1.74,4.09,1.56,50.2,68.0,75.4,76.0,74.3,66.8
021,1945,4.68,4.82,9.11,2.68,4.61,6.44,53.7,58.3,68.7,73.1,72.7,68.1
021,1946,1.6,7.21,3.01,2.21,2.94,1.17,54.4,59.5,71.7,75.0,68.8,65.7
021,1947,6.27,5.31,5.5,1.79,4.59,4.45,51.4,59.0,68.7,70.9,79.5,67.1
021,1948,3.35,3.11,3.71,6.45,1.6,3.59,55.4,60.4,71.5,74.5,73.1,67.3
021,1949,1.69,3.64,4.91,3.87,5.12,2.2,51.4,64.2,73.8,78.8,73.7,61.2
021,1950,3.78,2.93,5.09,3.31,2.69,5.21,46.3,64.0,69.8,72.7,70.6,64.7
021,1951,3.9,3.01,5.17,6.02,2.28,2.68,48.9,64.4,70.6,74.7,72.6,63.6
021,1952,4.8,3.37,5.54,2.39,2.1,3.29,52.6,62.0,77.4,77.7,72.9,66.2
021,1953,3.2,2.73,3.86,4.68,1.37,0.75,48.4,65.4,77.4,76.3,74.7,68.0
021,1954,2.87,2.85,2.74,2.55,4.77,1.34,57.3,58.6,76.0,78.6,74.6,70.3
021,1955,4.41,4.43,3.61,4.6,1.17,5.66,58.2,64.0,66.9,79.9,76.5,70.0
021,1956,4.42,5.71,4.51,2.81,2.1,1.68,49.4,62.7,72.2,73.8,73.2,64.5
021,1957,5.99,6.64,8.73,4.63,3.3,1.61,53.6,62.8,71.9,75.1,73.5,64.6
021,1958,2.42,4.62,6.94,8.39,2.92,3.93,52.2,61.4,67.3,72.8,72.4,66.1
021,1959,4.18,5.86,2.11,2.72,3.74,3.72,53.1,66.1,71.6,74.4,76.2,68.2
021,1960,2.13,4.29,5.32,2.29,2.18,1.13,55.6,58.7,69.8,72.7,74.6,71.0
021,1961,4.42,7.47,3.75,3.84,3.63,3.54,46.7,57.2,69.0,74.3,72.0,70.2
021,1962,1.84,4.55,3.16,6.77,3.72,3.96,50.6,69.9,72.4,73.6,72.1,63.0
021,1963,2.41,2.56,2.99,4.62,3.5,0.26,54.7,60.7,72.1,73.3,70.2,65.7
021,1964,7.31,1.88,3.08,5.8,1.47,1.2,54.9,66.2,73.2,74.9,71.9,66.6
021,1965,3.88,3.17,5.07,6.03,3.63,5.16,53.7,68.4,70.9,72.6,71.1,67.0
021,1966,4.67,2.71,2.27,3.27,2.55,5.9,49.3,58.0,70.5,77.7,71.3,64.0
021,1967,3.8,6.44,2.0,2.78,2.82,1.46,54.2,58.4,71.7,72.0,68.8,62.9
021,1968,3.72,9.13,3.34,3.69,2.32,2.43,53.3,58.7,72.2,75.2,74.0,65.9
021,1969,5.69,2.56,4.86,6.07,1.89,3.69,52.9,63.0,69.8,75.9,72.2,65.0
021,1970,5.43,3.72,4.07,2.96,2.63,3.52,53.9,65.1,69.9,73.4,72.5,69.8
021,1971,0.89,5.04,6.24,5.77,1.66,4.24,51.4,58.4,74.6,71.6,70.6,68.9
021,1972,6.56,2.55,2.97,1.66,4.13,5.31,51.1,64.4,67.5,73.9,72.5,68.0
021,1973,3.84,2.81,7.42,8.18,3.01,1.46,51.3,58.8,72.2,75.4,73.5,68.9
021,1974,3.89,9.67,4.71,0.94,6.12,4.82,53.9,61.1,66.9,75.6,72.1,60.9
021,1975,3.42,3.92,3.56,2.99,4.82,2.11,48.8,65.5,71.8,73.6,75.4,62.0
021,1976,1.12,2.28,4.76,2.87,2.46,3.57,53.9,58.6,70.5,73.5,70.3,63.0
021,1977,2.28,2.23,3.56,3.68,7.14,2.62,56.9,68.7,69.7,77.2,72.5,68.6
021,1978,3.18,5.2,2.26,6.92,6.45,0.74,52.8,59.8,71.9,74.9,72.2,69.3
021,1979,4.14,3.24,3.44,11.12,7.37,0.58,49.9,60.6,71.3,72.5,72.5,65.2
021,1980,2.62,2.34,6.4,3.9,3.81,4.24,49.4,63.4,69.7,78.4,76.8,68.1
021,1981,6.01,11.07,2.36,4.88,4.31,3.56,57.2,58.4,72.9,75.2,72.0,64.1
021,1982,2.53,5.49,5.41,4.97,3.55,3.15,47.2,67.2,66.3,75.4,70.3,64.7
021,1983,3.71,5.78,3.89,1.59,2.96,1.28,47.9,59.0,71.6,78.7,78.0,67.0
021,1984,5.54,4.04,3.3,3.57,1.31,4.47,50.1,59.2,74.9,72.5,73.8,64.3
021,1985,2.46,5.21,3.64,3.44,8.21,1.85,57.2,63.6,69.2,73.7,70.9,66.6
021,1986,2.99,5.66,4.22,6.09,2.11,4.16,55.0,64.0,72.6,77.2,69.2,68.9
021,1987,3.24,2.03,4.03,9.43,1.22,1.98,52.2,68.1,73.2,75.7,74.1,67.2
021,1988,3.03,1.66,0.37,4.54,1.15,2.08,51.9,63.3,72.9,76.9,76.8,66.4
021,1989,5.26,4.95,2.11,7.13,5.25,6.28,51.0,58.4,70.9,74.9,72.3,63.7
021,1990,2.8,7.86,4.19,6.55,3.3,2.64,50.6,59.7,70.8,73.8,71.4,66.9
021,1991,2.9,3.41,2.03,3.73,3.82,2.08,56.1,69.0,74.3,75.8,73.9,66.2
021,1992,5.34,1.99,2.93,9.82,2.45,4.15,51.5,60.2,67.6,73.8,68.8,64.5
021,1993,4.67,3.84,4.83,4.07,6.79,7.05,49.7,62.9,70.4,77.4,74.4,62.2
021,1994,6.27,2.83,3.71,3.56,3.57,3.71,53.7,59.3,74.1,74.3,70.2,64.5
021,1995,4.2,7.26,3.05,1.71,5.91,0.68,51.8,61.2,72.2,75.9,78.1,63.8
021,1996,7.27,8.42,4.48,2.14,1.87,5.31,48.7,61.9,70.8,72.1,73.6,63.6
021,1997,2.78,4.66,4.66,1.63,3.55,2.49,48.1,57.3,69.0,74.5,70.2,65.8
021,1998,6.28,6.03,9.74,2.97,3.17,0.9,53.0,66.9,71.7,74.4,74.5,70.2
021,1999,4.8,3.61,5.73,4.47,1.33,0.96,54.2,63.8,72.1,77.8,71.9,66.2
021,2000,3.82,3.98,5.65,4.83,5.74,6.5,51.2,65.0,71.2,72.8,72.8,64.8
021,2001,2.27,4.52,4.11,6.69,3.76,2.87,58.5,64.8,69.6,74.3,74.2,64.3
021,2002,5.35,9.35,3.53,3.4,1.95,4.6,54.5,59.3,73.3,77.5,75.4,69.4
021,2003,3.09,5.64,2.56,7.37,2.23,8.13,54.0,61.5,67.4,74.2,74.2,63.3
021,2004,1.46,6.53,2.73,6.09,4.12,0.68,54.4,67.2,70.4,72.4,69.3,67.6
021,2005,3.79,3.21,4.31,4.27,5.79,4.31,54.7,60.0,73.5,75.6,75.2,69.5
021,2006,4.37,4.73,5.02,3.27,2.79,6.19,56.8,61.2,70.8,75.9,74.6,63.4
021,2007,3.55,2.07,4.64,4.02,2.22,3.23,50.4,67.2,72.5,72.1,78.4,69.4
021,2008,3.18,6.27,14.7,6.19,0.92,3.59,52.3,58.2,73.1,74.2,71.9,67.8
021,2009,8.03,8.39,5.73,4.49,2.94,1.88,53.2,62.7,73.0,69.7,71.5,66.1
021,2010,3.69,5.04,8.16,5.33,0.83,1.36,58.6,64.5,75.2,77.0,76.6,67.9
021,2011,11.03,5.7,5.54,2.29,1.04,4.58,54.6,62.9,72.8,79.5,74.3,64.8
021,2012,3.02,1.99,0.42,0.76,4.38,5.48,54.8,68.9,72.0,82.5,73.6,64.9
021,2013,8.52,4.65,7.49,4.2,0.52,2.0,52.2,64.6,71.5,73.1,72.8,68.2
021,2014,6.55,3.24,7.08,3.88,3.41,3.5,54.3,64.0,73.7,70.0,73.6,64.4
021,2015,5.12,3.11,8.38,4.26,1.05,2.17,54.4,65.8,72.3,74.4,71.7,69.1
021,2016,5.27,2.92,4.34,6.65,4.88,4.28,53.8,61.4,74.8,75.7,77.1,70.9
021,2017,5.75,6.01,3.79,6.17,2.23,0.7,58.4,62.6,71.8,75.8,71.2,68.9
021,2018,4.88,2.09,6.39,4.2,5.39,6.25,46.6,72.0,75.3,75.4,75.0,71.4
021,2019,5.53,5.19,7.24,5.09,4.03,1.12,54.2,64.3,71.3,77.0,73.5,72.3
021,2020,2.19,5.48,3.1,5.36,2.26,0.31,50.5,60.8,73.4,77.4,73.2,66.4
021,2021,2.73,3.73,7.46,5.85,2.43,3.42,53.0,61.0,74.0,75.1,76.4,69.7
021,2022,4.09,5.18,1.29,4.51,6.61,1.8,51.5,66.2,73.5,77.0,74.3,67.3
021,2023,2.53,3.03,2.91,5.74,3.46,0.69,54.0,63.7,70.6,76.2,73.8,68.2
021,2024,7.11,4.99,2.38,5.14,2.18,2.13,56.7,68.2,74.0,74.8,75.0,69.5
021,2025,10.01,3.95,7.07,6.74,2.47,1.49,54.8,62.3,74.8,79.5,73.0,68.4
021,2026,4.47,5.58,7.57,3.56,6.72,,59.6,60.8,71.2,76.0,73.9,
023,1895,2.03,1.2,1.94,2.2,2.29,3.01,52.2,62.8,72.7,71.2,72.7,68.0
023,1896,2.3,4.37,4.09,10.84,5.71,5.06,55.4,67.6,68.1,73.1,71.6,61.5
023,1897,3.76,3.64,4.18,1.98,1.85,0.19,47.6,56.6,68.8,76.0,69.7,67.6
023,1898,2.17,5.45,4.68,2.82,3.62,2.9,47.6,61.0,72.0,75.0,72.0,67.8
023,1899,1.07,3.96,2.58,3.05,2.76,2.01,53.3,62.8,72.9,74.4,74.5,63.8
023,1900,1.37,4.38,5.49,4.51,3.82,1.9,51.1,64.3,69.8,74.2,77.4,68.1
023,1901,2.38,3.65,4.83,0.37,3.85,0.97,46.9,58.7,72.2,80.0,73.4,64.6
023,1902,1.95,3.19,9.53,4.86,1.29,4.82,48.3,64.4,67.6,74.3,68.8,62.1
023,1903,4.5,4.17,3.36,2.03,4.45,1.62,49.7,63.9,64.4,73.9,70.2,64.5
023,1904,3.56,3.63,3.34,4.45,2.74,3.4,44.0,59.9,67.8,71.2,68.2,64.4
023,1905,3.87,4.86,3.32,3.47,5.31,4.47,48.4,61.0,69.9,72.4,72.5,65.3
023,1906,2.29,3.14,2.52,3.56,4.83,3.53,51.4,61.9,68.5,71.5,74.3,67.9
023,1907,2.05,3.32,4.94,5.81,4.06,2.6,40.5,53.9,65.9,72.6,69.1,62.7
023,1908,3.81,5.23,1.71,3.36,1.31,0.76,49.5,61.6,68.6,73.5,72.0,67.8
023,1909,5.63,5.1,5.98,5.48,5.64,3.07,46.8,58.1,70.1,70.3,72.9,61.5
023,1910,3.29,3.3,2.01,3.72,2.74,4.83,50.4,55.6,67.3,74.1,70.4,64.0
023,1911,4.6,2.37,2.66,2.29,3.39,4.73,47.4,66.4,72.4,73.7,71.1,66.8
023,1912,4.13,3.99,2.74,3.77,4.96,2.73,50.9,62.8,66.9,73.2,69.5,66.3
023,1913,2.7,3.04,2.64,3.13,3.59,1.96,49.1,60.9,71.3,75.5,73.8,63.8
023,1914,3.07,3.03,1.42,0.99,3.97,2.36,49.8,62.8,72.8,76.3,73.2,64.2
023,1915,1.51,4.51,2.86,7.01,5.77,3.59,55.0,57.3,66.9,70.8,65.3,65.4
023,1916,1.45,4.66,6.68,2.65,2.29,1.81,47.7,60.6,64.9,78.0,74.0,63.4
023,1917,3.73,5.64,5.45,2.23,2.21,1.54,47.3,54.1,66.5,72.0,69.8,62.5
023,1918,4.45,4.95,2.87,3.38,3.69,5.81,46.8,65.5,69.5,70.9,75.7,56.9
023,1919,3.09,4.78,3.07,3.66,2.18,2.39,49.4,57.3,73.6,76.4,70.3,67.0
023,1920,6.8,3.3,4.21,5.64,1.39,2.94,43.5,58.6,69.3,71.1,69.0,66.3
023,1921,4.45,1.65,2.99,2.65,6.8,7.14,53.3,63.6,74.4,79.0,70.5,68.8
023,1922,6.67,2.83,1.15,4.03,2.02,1.47,50.7,64.6,71.8,72.4,72.2,68.7
023,1923,1.91,7.08,2.62,6.59,3.78,4.03,47.9,58.0,71.3,73.2,70.6,63.9
023,1924,3.54,4.65,7.91,1.11,4.9,4.13,50.1,53.7,67.5,70.2,71.2,59.3
023,1925,2.16,1.46,4.44,6.11,3.55,6.58,54.4,56.7,73.0,72.6,71.5,71.0
023,1926,4.14,4.94,2.78,2.89,6.8,11.47,42.8,61.9,65.3,74.2,73.6,64.9
023,1927,6.15,7.99,4.81,4.41,3.14,4.48,49.1,58.8,64.8,72.5,64.8,68.9
023,1928,1.97,3.19,8.08,4.55,4.44,2.03,45.4,59.5,63.9,73.2,72.6,60.3
023,1929,4.71,8.47,4.94,6.67,2.32,1.5,52.3,57.1,67.2,73.7,69.6,64.0
023,1930,3.26,1.8,2.61,2.78,1.69,3.49,51.4,61.6,69.4,74.9,72.1,66.0
023,1931,2.38,2.77,3.6,1.39,5.15,4.31,49.5,56.9,72.6,77.3,72.1,69.9
023,1932,3.74,1.2,3.8,3.22,3.24,4.65,49.6,60.9,71.1,75.1,72.0,62.7
023,1933,3.84,9.51,0.72,2.0,2.91,5.56,49.0,62.7,76.3,76.2,70.7,69.8
023,1934,1.63,0.95,2.52,3.48,4.91,6.57,49.2,64.9,76.7,79.2,71.3,64.7
023,1935,2.05,6.3,5.0,4.5,2.1,3.26,46.5,54.9,66.7,76.4,73.5,64.6
023,1936,2.47,3.23,1.11,0.8,5.39,6.57,44.9,63.3,70.0,80.3,77.1,68.0
023,1937,6.4,2.81,4.79,4.27,2.7,2.71,47.8,60.7,68.5,72.9,74.4,62.6
023,1938,3.69,5.39,5.95,4.96,2.87,2.18,51.4,60.3,68.3,74.5,74.6,66.4
023,1939,5.41,1.67,4.83,5.07,1.59,0.53,45.7,63.6,72.1,73.4,71.2,70.2
023,1940,3.63,4.0,3.06,0.98,2.49,1.49,46.4,57.0,71.3,74.7,74.1,63.1
023,1941,2.4,2.3,5.69,1.88,1.91,1.47,54.4,63.4,70.0,74.6,72.5,68.5
023,1942,2.93,4.11,4.74,3.87,2.9,3.22,54.1,61.4,70.2,74.9,70.6,62.7
023,1943,2.61,12.1,4.74,3.46,2.68,3.13,46.8,60.2,74.0,74.2,72.8,60.6
023,1944,6.33,5.84,1.97,1.37,2.26,2.03,48.0,66.4,74.1,74.6,73.3,65.2
023,1945,3.19,5.39,6.54,2.08,3.77,6.32,51.3,55.3,67.3,71.8,71.4,65.8
023,1946,1.65,7.0,4.22,2.13,2.38,0.73,51.0,57.5,69.0,73.3,67.1,64.3
023,1947,6.74,4.27,5.13,3.31,3.02,4.24,49.0,56.6,66.6,69.6,77.7,65.2
023,1948,4.98,4.44,5.12,3.91,2.21,2.86,53.6,58.5,69.9,73.9,72.2,65.9
023,1949,2.39,2.66,3.29,3.47,1.7,1.46,48.6,62.0,73.2,77.4,71.9,58.7
023,1950,4.38,2.26,5.6,3.51,3.15,6.53,43.9,62.8,68.1,70.9,69.1,63.0
023,1951,2.9,3.72,2.95,4.13,1.73,2.36,46.7,62.6,67.8,72.1,69.4,61.6
023,1952,4.74,6.34,5.04,2.68,4.02,5.14,50.0,59.3,74.5,75.5,70.3,63.6
023,1953,2.82,4.05,3.03,6.97,3.04,1.15,46.1,62.6,73.9,74.5,72.0,64.4
023,1954,3.57,4.28,2.62,2.91,5.11,0.82,54.8,56.1,73.7,75.6,71.9,67.9
023,1955,3.55,4.65,3.31,5.2,1.25,5.11,56.0,62.2,66.1,78.3,74.9,66.9
023,1956,2.54,7.09,2.72,4.99,2.65,0.88,46.9,60.6,71.1,72.0,71.8,63.1
023,1957,7.49,6.46,7.89,6.7,3.22,3.52,50.4,60.2,70.2,73.7,71.0,62.6
023,1958,1.84,3.1,11.81,7.92,4.4,2.53,50.3,59.4,65.4,72.4,70.7,64.0
023,1959,6.1,3.02,1.66,3.8,3.06,4.48,50.2,65.2,71.1,73.4,76.3,66.9
023,1960,2.35,4.47,4.44,4.37,4.49,1.42,52.9,57.8,67.6,70.7,72.6,68.4
023,1961,5.51,3.25,4.32,5.12,2.99,4.21,43.9,55.2,67.7,72.5,70.7,68.7
023,1962,1.53,4.91,2.67,7.17,3.86,1.77,48.8,67.3,70.8,71.1,71.0,61.8
023,1963,3.91,2.74,2.17,5.68,3.01,0.33,51.0,58.4,70.4,71.4,67.2,63.0
023,1964,8.34,1.78,4.86,4.33,0.98,1.08,51.4,64.4,71.2,73.2,69.8,64.7
023,1965,5.81,3.58,3.93,3.68,4.44,5.93,50.8,67.2,69.2,70.7,68.7,65.8
023,1966,3.46,2.81,2.28,2.2,1.99,4.34,47.1,54.8,70.4,76.3,69.6,61.6
023,1967,3.85,3.93,2.02,1.52,1.29,1.49,51.4,55.9,71.8,70.7,67.6,61.6
023,1968,2.58,5.59,3.88,2.76,4.18,2.04,51.0,56.2,70.5,73.0,72.2,64.0
023,1969,3.99,2.32,3.61,4.58,2.35,5.97,50.7,60.6,67.0,74.4,70.9,63.6
023,1970,5.98,4.68,1.37,7.1,2.22,4.38,51.3,63.5,69.3,72.8,70.8,66.8
023,1971,0.94,5.77,4.1,4.85,2.44,5.4,48.0,56.9,73.9,70.2,68.4,67.3
023,1972,7.11,2.64,4.7,4.34,2.87,8.66,48.0,62.4,65.3,72.1,70.6,65.4
023,1973,3.22,2.41,6.71,5.33,4.58,1.99,48.9,57.1,71.7,74.0,72.2,66.9
023,1974,3.23,7.15,6.26,0.98,3.9,2.88,51.5,58.6,66.3,74.8,71.2,59.8
023,1975,3.85,5.08,4.57,2.74,7.09,1.91,45.0,63.7,70.4,71.7,73.5,60.0
023,1976,1.13,2.24,6.75,2.76,1.59,1.76,52.0,57.9,70.2,72.2,68.2,61.6
023,1977,2.48,2.62,2.43,2.91,8.74,3.77,54.6,68.1,67.8,76.1,70.6,66.7
023,1978,4.21,3.95,5.82,5.38,4.93,0.79,49.4,58.0,70.0,72.7,71.0,68.4
023,1979,3.77,2.71,2.85,9.19,4.55,0.36,46.5,59.0,70.2,71.2,70.3,64.0
023,1980,2.53,2.74,6.82,3.63,6.17,3.09,47.2,61.9,67.4,76.8,75.2,66.2
023,1981,5.79,7.04,2.49,5.03,7.17,3.89,53.7,56.8,71.4,73.0,70.5,62.9
023,1982,3.56,5.14,4.13,3.97,3.66,0.93,44.5,66.1,65.1,73.4,69.1,63.4
023,1983,4.9,5.45,4.46,2.61,2.87,2.03,46.1,56.5,70.9,77.0,76.2,65.1
023,1984,3.63,4.66,3.23,3.15,3.85,3.7,47.6,57.1,73.0,70.4,72.1,62.5
023,1985,2.06,3.26,2.79,2.35,6.87,1.49,55.1,63.0,67.8,72.3,69.5,65.8
023,1986,2.53,5.26,4.12,4.17,1.7,4.74,52.3,61.8,71.0,76.0,68.1,67.9
023,1987,2.3,2.66,5.14,3.99,4.58,2.06,50.5,66.4,72.3,75.0,72.0,66.0
023,1988,3.89,0.89,0.39,4.75,2.24,2.74,49.3,62.7,71.6,75.6,75.5,64.9
023,1989,4.9,6.4,2.84,4.91,6.28,6.14,48.5,57.4,69.8,74.0,70.4,61.7
023,1990,2.48,6.47,5.09,3.94,4.69,1.92,49.2,57.8,69.8,71.8,69.4,65.0
023,1991,3.64,4.71,0.73,1.42,2.9,2.71,53.5,67.5,73.4,74.8,72.5,64.8
023,1992,4.06,1.53,2.23,13.54,3.15,5.85,48.7,59.0,66.0,71.2,66.8,62.7
023,1993,4.66,3.96,5.6,6.56,3.11,6.35,47.9,61.5,68.3,74.7,72.5,59.8
023,1994,6.41,2.67,4.54,4.48,5.01,1.73,51.2,57.9,72.0,72.2,67.8,63.6
023,1995,3.17,5.39,4.06,1.83,2.38,1.13,48.4,58.9,71.2,74.5,77.9,62.4
023,1996,4.53,6.31,4.11,5.95,0.73,3.82,46.9,58.7,70.2,70.1,71.6,62.9
023,1997,1.36,4.61,5.35,2.76,2.33,1.96,45.6,55.1,68.9,72.7,68.7,64.2
023,1998,4.33,4.96,10.15,5.28,3.4,0.77,51.7,65.7,70.4,72.5,72.8,68.7
023,1999,4.42,3.11,3.23,2.94,2.46,1.92,52.7,62.8,71.2,77.2,69.5,65.0
023,2000,1.89,5.62,6.03,2.69,3.09,4.16,49.4,63.5,69.2,70.7,71.3,63.7
023,2001,2.82,3.98,3.71,6.62,4.24,3.67,55.4,63.5,68.5,72.6,72.6,62.5
023,2002,5.8,5.81,3.71,3.26,5.35,2.76,52.0,57.5,72.1,75.8,73.0,67.4
023,2003,2.04,6.32,2.45,10.63,4.36,8.42,52.4,59.1,67.1,72.1,72.9,62.6
023,2004,1.31,5.69,7.08,4.54,4.2,0.87,52.8,65.2,68.4,71.0,67.4,66.7
023,2005,3.24,1.78,4.53,6.01,2.7,5.16,53.1,58.8,72.9,73.6,73.4,68.6
023,2006,4.22,6.03,4.28,5.11,4.77,3.16,54.2,59.2,68.8,74.9,72.1,62.1
023,2007,3.63,1.66,4.02,2.92,4.55,1.65,48.4,66.0,71.0,70.4,75.5,67.9
023,2008,2.61,5.36,6.84,5.44,3.1,2.29,51.1,57.0,71.3,72.4,69.8,66.3
023,2009,6.86,5.53,5.7,2.49,3.32,0.77,50.2,61.0,70.9,68.3,69.6,64.3
023,2010,2.49,5.42,10.61,5.8,2.16,1.66,56.6,63.4,73.0,74.9,74.6,66.3
023,2011,7.73,5.34,5.61,3.0,3.39,5.02,51.7,62.1,71.7,77.8,71.9,62.6
023,2012,1.89,2.83,1.62,2.42,5.61,5.55,51.9,66.9,71.2,79.0,70.9,63.2
023,2013,8.21,3.17,5.22,2.61,1.91,2.96,49.9,64.2,70.2,71.3,70.5,66.2
023,2014,4.18,4.59,4.58,3.05,5.44,3.51,50.9,61.7,72.0,67.7,71.3,62.8
023,2015,4.78,4.23,10.39,5.97,2.13,2.26,51.1,64.4,70.0,71.6,69.9,68.3
023,2016,3.91,3.0,5.88,4.56,5.45,3.95,50.6,60.1,71.8,73.0,74.7,69.0
023,2017,4.87,8.53,6.31,7.89,2.25,1.46,55.7,59.6,70.9,73.2,68.8,66.6
023,2018,3.05,2.4,6.3,3.5,6.54,5.33,43.6,69.3,72.9,72.9,73.3,68.8
023,2019,6.01,6.07,4.61,3.73,3.49,1.87,50.5,61.1,69.4,76.0,71.1,69.3
023,2020,2.57,5.09,3.75,4.35,2.66,1.76,47.9,58.8,71.2,75.1,70.8,64.4
023,2021,2.77,4.04,4.31,6.23,2.75,3.9,51.2,58.8,72.2,72.6,74.1,67.7
023,2022,2.69,4.91,1.74,2.39,4.6,1.83,48.2,63.8,71.7,74.0,71.7,64.7
023,2023,2.27,2.0,2.31,4.9,3.52,1.08,51.7,61.1,68.7,73.2,70.8,66.0
023,2024,7.5,4.7,3.02,4.64,2.77,2.15,52.6,66.0,72.1,71.6,72.0,66.9
023,2025,4.74,3.5,7.89,5.26,1.64,1.57,50.9,60.7,72.7,76.9,70.2,66.6
023,2026,5.5,3.73,6.79,3.48,10.3,,56.9,59.0,69.6,74.6,71.6,
025,1895,3.15,2.01,3.54,6.03,1.94,1.76,56.1,64.1,75.4,73.9,75.6,71.0
025,1896,0.46,6.17,4.82,6.31,2.87,5.24,61.4,69.8,71.7,75.9,74.7,65.8
025,1897,4.83,3.4,3.74,3.72,1.01,0.46,53.0,58.4,71.0,77.0,74.0,70.1
025,1898,2.61,4.88,3.64,2.05,4.91,4.94,50.8,65.7,74.7,77.6,75.7,71.0
025,1899,3.22,4.49,4.69,3.4,3.38,1.29,55.1,66.7,74.7,76.2,76.6,67.4
025,1900,1.87,4.04,7.27,3.65,3.3,1.69,54.4,65.6,72.6,76.6,80.2,72.5
025,1901,3.01,1.53,4.92,1.14,2.41,2.69,49.2,62.6,74.6,81.9,76.2,67.8
025,1902,2.11,6.9,6.04,1.46,3.19,4.51,52.6,68.9,71.9,76.8,73.5,65.7
025,1903,4.68,2.49,3.68,1.96,3.91,0.96,53.7,67.2,68.0,76.6,74.1,68.2
025,1904,2.57,1.91,4.05,3.36,1.95,3.46,49.4,63.7,71.6,74.0,73.8,69.6
025,1905,2.71,5.73,2.99,5.65,5.21,4.59,54.8,66.3,73.6,74.4,75.3,69.1
025,1906,1.52,1.88,3.71,2.81,4.5,5.59,56.8,65.2,73.1,75.1,77.2,72.0
025,1907,3.12,4.43,5.35,4.95,6.0,3.55,46.1,59.8,69.7,76.8,73.4,67.6
025,1908,6.08,5.0,2.03,2.74,1.29,0.77,55.4,65.6,72.5,76.7,75.6,71.3
025,1909,5.53,4.06,4.29,8.12,1.75,1.62,53.1,62.0,74.1,73.6,76.1,66.2
025,1910,5.02,4.46,3.08,9.25,1.85,4.06,54.1,59.6,69.7,75.4,72.3,69.7
025,1911,5.55,3.83,3.58,1.32,2.94,7.13,52.1,67.8,73.9,75.4,75.7,72.4
025,1912,6.44,5.16,2.35,5.28,5.87,3.78,56.0,65.4,68.9,76.7,73.3,69.4
025,1913,3.26,1.59,2.18,1.58,3.75,3.68,53.0,64.7,74.8,79.8,78.5,68.5
025,1914,2.92,0.96,1.89,2.24,6.66,2.48,53.8,64.8,77.1,78.7,75.6,66.7
025,1915,0.87,8.01,4.44,4.98,8.11,2.52,58.2,63.0,70.5,74.4,69.5,69.6
025,1916,3.32,3.43,7.84,4.12,4.79,2.19,52.0,66.0,69.0,79.1,76.8,66.4
025,1917,4.85,5.3,4.85,3.26,2.58,1.55,52.9,57.7,69.9,74.5,73.2,66.8
025,1918,3.21,6.54,3.87,4.46,3.75,2.97,51.7,68.6,72.2,72.8,79.4,60.7
025,1919,3.06,4.74,5.88,1.28,4.11,2.25,54.7,61.7,75.8,78.3,73.2,69.8
025,1920,5.24,4.27,1.6,4.03,5.6,3.47,50.4,62.5,71.1,73.8,71.9,68.7
025,1921,4.04,2.27,2.99,2.35,5.66,5.58,56.9,64.3,76.8,80.5,74.1,73.1
025,1922,3.88,3.53,3.03,4.67,1.01,1.67,57.3,66.8,73.7,74.4,74.0,71.5
025,1923,4.1,4.7,3.13,3.88,6.02,3.34,52.0,62.0,72.1,75.4,74.2,67.9
025,1924,4.56,4.79,3.71,1.47,3.89,3.38,55.6,58.0,72.9,72.4,74.6,64.0
025,1925,2.0,1.33,3.99,2.51,2.01,4.67,60.0,59.2,75.5,75.2,74.8,75.1
025,1926,3.81,1.29,3.1,3.45,5.86,5.52,49.0,65.0,69.1,76.7,75.8,70.4
025,1927,5.19,10.84,3.59,3.23,2.27,4.25,56.4,63.3,68.2,74.3,68.6,71.5
025,1928,3.89,4.29,10.57,2.67,3.38,0.91,50.0,61.7,67.5,74.7,75.3,63.2
025,1929,4.8,7.91,2.87,2.84,2.84,4.35,57.3,61.9,70.0,75.8,72.4,67.1
025,1930,1.06,1.29,2.62,0.63,1.86,4.96,56.9,64.8,71.6,79.2,75.9,69.8
025,1931,4.45,2.18,2.14,4.59,4.14,3.81,53.9,60.6,74.1,78.4,73.8,73.1
025,1932,4.21,1.12,4.04,3.77,5.25,5.71,54.4,63.8,73.2,77.3,74.3,67.2
025,1933,6.14,8.94,0.75,3.97,2.71,3.29,53.4,66.6,76.4,77.0,73.5,74.0
025,1934,1.44,1.74,4.76,3.37,3.57,3.82,54.5,66.2,77.0,80.0,75.3,67.1
025,1935,3.13,8.28,6.37,3.94,3.66,1.84,52.5,60.6,68.3,77.9,75.6,66.9
025,1936,4.24,1.2,0.62,3.68,1.0,3.85,50.2,66.8,74.0,81.4,81.1,72.9
025,1937,4.44,4.49,4.77,1.72,4.21,2.17,53.2,64.0,73.3,75.4,77.5,65.8
025,1938,1.61,5.53,4.7,6.16,3.04,3.29,57.6,64.6,71.2,76.6,77.4,70.0
025,1939,6.05,1.31,8.96,3.85,2.34,1.03,51.6,66.0,74.3,76.4,74.5,73.3
025,1940,6.62,3.09,2.95,1.59,2.43,1.46,52.5,61.4,73.3,76.1,76.5,65.4
025,1941,2.91,1.02,4.36,2.74,1.93,1.89,58.6,66.7,74.0,77.5,76.0,71.8
025,1942,3.78,3.41,10.06,2.17,3.08,2.38,56.4,64.1,73.1,77.1,74.6,67.1
025,1943,3.26,5.02,4.09,5.19,0.68,2.18,52.6,65.9,76.8,77.9,77.6,64.8
025,1944,6.11,5.04,2.31,2.01,5.57,4.9,54.4,69.6,77.2,76.8,75.8,67.6
025,1945,5.08,4.14,7.79,4.55,2.19,6.55,56.0,60.3,70.4,74.0,73.8,70.6
025,1946,2.55,6.69,3.55,4.12,5.67,1.09,57.5,61.7,73.1,75.3,69.7,67.1
025,1947,7.21,5.51,6.47,4.97,1.56,2.12,55.7,61.1,71.1,71.4,80.3,68.9
025,1948,5.18,2.82,2.28,7.16,1.3,2.26,58.3,62.9,73.1,76.0,73.9,68.6
025,1949,2.39,3.26,7.69,2.61,4.39,3.05,52.3,64.9,73.9,79.5,74.7,62.3
025,1950,5.15,7.97,6.46,3.1,4.44,5.38,49.5,65.2,71.3,72.5,71.1,65.7
025,1951,4.06,2.32,6.21,3.36,2.99,3.42,51.8,64.8,72.6,76.1,75.0,65.8
025,1952,2.75,2.84,6.89,1.44,2.35,3.01,53.8,64.1,78.4,78.6,75.0,66.5
025,1953,4.93,4.49,1.04,6.08,0.51,0.61,51.0,66.6,77.0,76.4,75.4,68.1
025,1954,3.3,2.65,3.61,1.33,4.65,4.31,60.1,59.2,75.4,78.8,76.9,71.4
025,1955,4.46,4.18,3.94,4.88,1.23,4.47,59.9,65.3,67.3,80.0,77.5,71.1
025,1956,3.91,4.37,4.27,3.22,3.04,2.65,52.0,64.7,72.5,75.4,74.3,65.4
025,1957,6.45,6.89,8.1,2.8,0.94,2.44,57.3,64.1,73.4,75.6,73.8,67.6
025,1958,4.36,3.54,5.98,10.28,3.96,3.74,54.2,63.0,69.7,75.0,73.5,67.7
025,1959,1.49,5.87,2.37,3.74,3.72,2.87,55.6,67.6,72.1,75.6,77.3,70.0
025,1960,1.77,4.08,7.6,2.73,1.75,1.18,57.4,60.5,70.9,73.7,75.8,71.5
025,1961,5.44,9.2,4.41,6.98,3.86,0.77,49.0,58.9,69.6,74.9,73.1,70.8
025,1962,1.17,4.39,5.53,4.54,2.71,5.08,51.3,70.6,72.1,74.7,74.1,64.1
025,1963,1.59,3.95,2.93,5.55,2.56,1.06,57.4,61.6,72.3,73.7,72.4,66.2
025,1964,5.0,2.83,3.51,4.1,2.19,2.38,57.8,66.1,73.6,74.9,74.5,67.6
025,1965,3.74,1.78,4.28,3.24,1.73,7.53,56.6,68.7,72.1,74.3,73.5,68.5
025,1966,7.42,3.57,1.73,3.44,4.55,2.67,51.2,60.2,71.1,79.0,72.3,65.0
025,1967,3.36,6.26,3.15,2.92,3.26,1.46,57.6,60.6,71.8,72.1,69.5,63.8
025,1968,4.51,6.96,2.77,3.37,4.13,4.09,55.3,61.3,72.6,75.5,75.1,66.7
025,1969,4.34,4.54,4.76,7.11,4.54,2.16,55.5,64.1,72.0,76.6,72.5,65.8
025,1970,7.31,3.43,6.81,3.33,3.8,2.34,56.5,66.2,71.4,73.8,74.0,72.6
025,1971,2.23,4.46,3.04,6.33,2.34,5.21,53.3,59.1,74.8,72.9,71.9,69.7
025,1972,8.75,3.46,1.36,5.45,4.03,2.57,54.5,64.8,69.0,74.8,73.7,70.7
025,1973,5.51,5.17,5.25,5.41,2.23,1.72,53.2,59.2,73.4,76.2,74.4,70.2
025,1974,4.07,6.68,2.9,2.48,6.86,4.22,55.3,64.4,67.8,75.2,73.4,62.0
025,1975,7.09,3.37,3.16,3.12,5.1,3.18,51.7,66.4,72.8,74.7,76.3,63.6
025,1976,1.18,5.25,5.84,3.68,3.99,3.97,54.5,59.1,70.7,74.1,71.2,64.2
025,1977,5.43,2.45,6.47,4.67,8.44,2.63,58.2,68.3,71.3,77.9,74.5,70.7
025,1978,3.91,4.72,3.32,7.54,7.01,1.31,55.4,61.8,72.8,76.2,74.1,70.2
025,1979,6.46,4.75,7.93,12.77,5.72,4.43,52.4,61.4,71.4,73.7,73.7,66.6
025,1980,3.23,5.29,3.51,5.23,3.21,2.96,51.4,63.6,70.5,78.8,77.6,68.9
025,1981,4.48,6.84,3.16,5.1,4.72,3.1,59.4,59.6,74.2,76.6,73.2,65.2
025,1982,3.23,3.96,4.13,4.31,5.65,5.17,49.4,67.6,68.3,76.8,71.8,65.5
025,1983,8.83,13.14,2.09,1.53,2.3,1.65,49.7,60.6,71.8,79.0,79.6,68.7
025,1984,6.01,4.27,1.15,4.7,3.41,5.42,52.8,60.7,75.0,73.1,74.0,65.4
025,1985,2.02,6.07,4.98,3.2,6.44,1.7,58.2,64.3,71.0,75.6,73.2,66.6
025,1986,2.0,3.29,3.14,6.38,3.01,5.48,55.8,65.5,74.0,78.2,71.1,70.8
025,1987,3.01,2.79,4.69,5.73,1.27,1.74,52.6,69.0,74.2,77.0,76.9,69.1
025,1988,2.41,2.1,0.72,6.55,3.93,2.84,53.8,64.0,73.1,77.0,77.2,67.0
025,1989,4.17,3.3,3.67,6.46,4.81,4.3,54.2,59.8,71.6,75.4,73.5,66.5
025,1990,3.43,10.59,5.48,3.14,3.85,3.0,52.3,60.8,71.3,74.3,72.9,68.9
025,1991,3.37,2.32,2.37,2.21,2.05,1.7,57.5,69.7,74.6,77.2,75.4,68.3
025,1992,2.26,3.36,2.16,5.67,2.98,2.9,55.0,60.9,68.5,75.6,70.1,66.2
025,1993,4.96,3.83,5.2,2.47,3.68,5.3,51.8,63.1,71.1,78.9,75.5,64.7
025,1994,6.2,3.09,3.13,1.26,3.61,4.24,55.7,59.4,74.0,75.3,72.1,64.3
025,1995,4.58,11.52,4.77,4.54,4.85,1.08,55.5,63.2,71.7,75.9,78.5,65.2
025,1996,9.83,9.48,5.53,4.11,1.51,8.46,50.5,66.1,72.3,73.0,74.4,65.5
025,1997,3.15,7.41,6.36,1.25,3.59,1.53,49.4,58.9,70.0,76.0,73.0,66.7
025,1998,7.21,5.43,6.68,5.93,4.22,0.63,53.7,67.7,73.3,75.7,75.0,71.4
025,1999,4.26,3.72,6.0,1.73,0.92,0.67,56.9,64.1,73.2,78.9,74.2,67.2
025,2000,3.28,3.78,6.16,4.52,5.92,3.88,52.9,66.1,72.1,73.8,74.1,65.9
025,2001,1.6,3.87,4.18,4.46,3.16,4.0,59.2,65.0,70.4,75.3,75.5,65.3
025,2002,6.23,8.72,2.73,2.81,2.46,6.04,57.2,61.4,73.9,78.0,76.9,71.4
025,2003,4.63,7.67,3.18,5.63,2.17,4.38,56.8,63.4,67.8,74.4,75.2,65.2
025,2004,4.39,11.29,2.85,6.5,3.92,0.13,55.1,68.4,71.6,73.3,70.4,67.6
025,2005,3.56,2.32,3.17,3.92,6.16,2.13,55.8,62.3,73.9,75.7,77.3,70.6
025,2006,5.55,5.54,4.62,5.21,5.32,9.25,58.6,62.0,71.5,76.3,76.1,63.7
025,2007,4.42,1.79,2.84,3.62,1.65,2.63,52.2,67.8,73.5,73.5,80.2,71.1
025,2008,6.01,6.38,3.46,5.1,0.87,2.42,54.2,60.7,74.3,74.9,73.2,69.5
025,2009,4.79,6.4,5.29,7.46,2.31,7.33,55.0,64.1,74.0,70.9,72.4,67.4
025,2010,3.78,6.57,4.97,5.41,1.49,0.5,60.0,66.7,76.8,78.2,77.6,69.2
025,2011,14.01,7.48,5.88,2.17,1.4,6.18,57.7,63.9,74.1,79.7,74.4,65.5
025,2012,2.27,4.34,1.25,3.56,2.19,8.1,56.3,70.0,73.0,81.9,74.0,66.4
025,2013,3.87,3.91,7.36,3.9,1.48,3.39,54.0,65.3,72.7,73.5,73.4,69.0
025,2014,8.9,5.39,3.03,4.12,4.54,2.84,56.2,65.5,74.4,71.2,74.2,65.9
025,2015,9.86,3.08,9.7,7.26,2.5,1.7,56.8,66.3,73.4,75.7,72.1,69.8
025,2016,5.08,5.17,4.36,6.62,4.33,1.97,55.5,62.0,75.1,76.9,77.0,71.7
025,2017,5.99,6.86,2.96,7.65,1.8,3.92,60.2,64.5,72.0,76.0,71.6,67.8
025,2018,4.09,2.96,8.46,3.25,3.13,8.65,48.8,71.4,75.0,75.2,75.4,71.6
025,2019,7.35,6.62,9.8,4.47,4.34,0.25,55.7,66.7,70.8,75.9,74.2,73.2
025,2020,3.95,6.01,3.56,6.88,4.96,2.44,51.1,61.2,72.2,77.1,72.4,66.1
025,2021,4.04,2.63,4.49,7.61,4.79,5.33,53.4,61.3,72.9,74.9,75.7,68.6
025,2022,4.51,4.77,1.77,10.09,4.0,2.45,52.2,66.9,72.4,76.5,74.2,67.1
025,2023,3.64,3.97,3.13,5.26,4.64,0.71,54.3,63.0,68.4,75.0,72.5,68.3
025,2024,5.94,6.73,1.32,6.21,2.48,5.55,57.2,67.2,72.9,74.5,74.3,69.7
025,2025,9.3,5.58,3.9,6.8,2.31,3.44,55.5,62.0,73.8,78.6,72.4,68.4
025,2026,4.05,7.04,9.61,3.86,4.47,,62.3,62.6,72.0,77.6,75.5,
027,1895,3.4,1.76,2.67,7.39,1.97,2.57,56.7,64.9,76.3,74.3,75.5,70.2
027,1896,0.9,6.02,5.22,4.61,2.45,5.1,61.8,71.2,72.6,75.4,74.7,65.2
027,1897,5.69,4.3,3.67,3.97,0.85,0.85,52.7,56.9,70.5,76.8,72.5,71.2
027,1898,2.82,4.64,3.52,2.29,3.7,6.85,51.3,63.8,73.2,76.7,74.6,70.5
027,1899,1.65,3.64,4.4,3.39,4.89,1.46,54.1,65.0,74.5,75.9,76.3,67.6
027,1900,1.24,4.14,9.13,5.38,2.59,4.16,53.3,64.5,72.0,76.6,80.2,71.0
027,1901,3.04,1.05,4.82,1.27,3.05,2.38,47.3,61.7,74.8,82.3,75.0,67.1
027,1902,2.31,4.7,5.61,2.97,4.16,3.37,51.3,69.7,71.6,76.5,72.6,64.2
027,1903,5.47,2.06,2.94,2.89,4.59,1.21,52.4,66.8,67.3,76.3,73.1,66.8
027,1904,2.78,2.82,4.71,2.72,2.79,5.68,47.1,62.7,69.8,73.3,71.8,67.7
027,1905,3.45,4.46,5.39,6.38,5.98,2.37,53.1,65.6,73.0,74.0,74.7,68.9
027,1906,1.26,1.8,3.29,2.4,4.83,5.79,55.9,64.8,72.1,74.7,76.8,71.6
027,1907,3.44,3.25,4.23,3.78,6.8,1.6,43.7,58.3,68.8,76.5,72.6,66.3
027,1908,5.27,6.11,2.2,3.24,1.5,1.11,53.5,64.8,71.6,76.0,74.4,70.8
027,1909,6.1,3.96,5.27,6.17,1.29,2.51,51.2,60.7,73.1,73.5,76.4,65.7
027,1910,4.42,3.77,2.41,9.56,1.62,7.64,53.1,58.5,69.3,74.8,72.0,68.8
027,1911,5.87,3.88,3.91,1.92,1.8,9.65,51.0,68.8,74.9,74.8,74.4,71.3
027,1912,6.79,5.12,2.44,6.63,5.68,4.19,54.6,64.8,68.0,75.7,72.6,68.8
027,1913,4.46,1.33,1.5,2.03,1.97,3.64,52.2,64.5,75.6,79.9,79.4,68.2
027,1914,3.4,0.73,1.08,1.96,4.99,4.0,52.7,65.6,77.4,79.3,75.9,66.6
027,1915,1.27,7.68,4.56,4.83,8.33,2.76,57.9,62.0,69.8,74.2,68.6,69.6
027,1916,2.04,3.67,10.21,3.26,4.33,2.63,50.6,65.2,68.3,79.7,76.7,66.8
027,1917,4.79,5.23,6.41,5.79,2.76,1.43,52.0,57.4,69.6,74.8,72.6,66.5
027,1918,5.4,6.77,3.97,3.98,3.62,5.21,50.2,68.5,72.0,72.9,78.6,60.1
027,1919,3.07,5.13,5.57,0.74,2.66,1.92,54.4,60.9,75.6,78.6,73.3,70.3
027,1920,3.78,4.84,1.54,2.37,5.88,2.94,49.6,62.5,71.2,74.4,72.0,69.2
027,1921,3.82,2.82,3.23,2.0,5.49,7.54,56.1,64.5,76.5,80.2,73.5,72.6
027,1922,5.23,4.36,3.24,3.75,1.52,1.65,56.1,66.6,73.6,74.5,74.0,71.5
027,1923,3.35,4.96,3.7,3.15,6.47,2.94,50.7,61.3,71.9,75.4,74.0,67.3
027,1924,2.98,4.66,4.19,2.16,4.35,3.14,54.8,57.0,72.4,72.4,74.2,63.6
027,1925,2.39,1.41,5.55,2.8,3.3,5.82,59.3,59.4,75.4,75.6,74.4,75.0
027,1926,4.13,1.05,2.59,2.37,4.56,5.83,47.7,65.2,69.2,77.4,76.1,70.4
027,1927,5.47,10.12,4.03,3.04,3.81,5.75,54.8,62.7,68.2,74.8,68.3,71.9
027,1928,4.08,3.75,6.39,2.49,3.78,1.34,48.8,62.0,67.0,75.9,75.8,63.7
027,1929,4.49,7.82,3.43,3.25,2.76,3.94,56.3,60.9,70.2,76.2,72.6,67.0
027,1930,1.95,0.92,3.2,0.45,2.39,4.5,56.2,65.0,71.6,80.0,76.3,69.9
027,1931,3.2,2.85,1.78,5.29,4.25,5.23,53.8,60.6,75.0,79.6,74.4,73.2
027,1932,3.14,1.32,4.33,2.78,5.36,7.91,53.6,63.8,74.2,78.1,75.0,67.2
027,1933,4.96,10.71,0.98,2.19,2.49,3.3,52.8,66.6,77.5,77.5,74.1,74.7
027,1934,0.9,1.38,5.52,4.18,5.53,5.88,53.5,66.8,78.4,80.6,75.3,67.0
027,1935,2.54,8.02,6.1,2.87,3.91,1.92,51.1,60.4,68.7,78.6,76.2,67.3
027,1936,3.21,1.5,1.18,3.32,0.93,3.9,49.0,67.6,73.7,82.5,80.9,72.4
027,1937,4.77,3.94,3.75,1.78,4.01,3.68,52.0,64.5,73.2,75.6,77.7,65.5
027,1938,1.63,4.78,5.55,4.67,3.26,2.15,56.0,63.9,71.0,76.6,77.2,70.0
027,1939,6.62,1.13,6.85,3.02,2.48,1.52,50.1,65.9,74.0,76.3,74.3,73.1
027,1940,7.21,3.52,2.78,2.22,2.05,1.73,51.2,60.2,72.8,76.5,76.5,66.2
027,1941,3.5,1.6,5.17,2.37,3.7,1.82,58.2,66.6,74.0,77.6,75.9,71.4
027,1942,3.2,4.02,8.08,4.05,2.49,1.84,56.3,64.4,73.1,76.9,73.9,66.9
027,1943,3.57,7.57,3.15,3.16,0.62,2.89,51.7,64.4,77.0,78.1,77.9,64.1
027,1944,6.4,3.49,1.41,1.07,5.03,2.43,52.9,68.6,76.6,77.3,75.8,67.6
027,1945,5.34,3.89,9.45,3.24,4.34,8.09,55.2,60.0,69.8,74.2,73.5,69.4
027,1946,2.14,6.68,4.12,3.78,3.99,1.45,56.6,61.0,72.8,75.7,69.8,67.1
027,1947,7.97,4.8,5.31,3.1,1.68,3.71,54.7,61.0,70.4,71.9,80.6,68.4
027,1948,3.89,4.07,4.57,9.31,1.12,2.97,57.2,62.6,73.1,75.7,74.1,68.4
027,1949,1.56,2.19,5.28,2.75,5.24,2.28,52.7,65.4,74.2,79.1,74.5,62.1
027,1950,6.05,3.46,5.27,2.88,4.2,6.79,48.9,65.4,71.0,73.1,71.4,65.7
027,1951,3.13,2.72,5.47,1.97,4.14,2.8,50.8,65.6,72.1,75.8,74.6,65.3
027,1952,3.99,2.39,3.86,3.18,1.94,3.41,53.6,63.5,78.4,78.2,74.7,66.9
027,1953,3.56,3.54,2.36,2.95,0.94,0.73,50.3,66.1,77.6,77.1,76.1,69.4
027,1954,2.83,2.44,1.79,1.57,4.79,4.18,59.3,59.6,76.6,79.9,76.5,71.4
027,1955,5.46,4.2,3.48,5.38,0.29,4.07,59.6,65.5,67.8,80.4,77.6,70.7
027,1956,4.29,4.89,3.14,3.45,2.25,2.88,51.6,65.0,73.6,75.4,74.5,65.7
027,1957,5.41,5.76,7.32,5.38,2.13,2.38,56.8,64.2,73.7,76.3,74.1,66.4
027,1958,3.27,4.32,6.01,12.44,4.06,3.57,54.1,63.4,69.5,74.8,73.7,67.4
027,1959,1.49,4.62,1.91,5.02,4.43,5.09,55.4,67.6,72.8,75.5,77.2,69.5
027,1960,2.29,5.47,6.66,3.46,2.43,0.4,57.2,60.2,70.7,73.6,75.6,71.6
027,1961,3.95,9.54,4.66,3.76,4.48,0.61,48.7,58.7,69.7,75.3,73.0,70.6
027,1962,1.37,4.29,3.58,3.87,3.52,3.09,51.4,71.2,72.9,74.9,74.0,64.2
027,1963,2.57,4.05,2.98,4.16,2.45,0.52,56.8,61.8,72.7,74.1,72.4,67.0
027,1964,4.01,2.22,4.89,5.17,1.43,1.53,57.4,66.9,73.6,75.4,73.6,67.0
027,1965,3.93,2.04,4.8,4.11,4.24,6.61,55.9,69.4,72.2,74.2,73.0,67.9
027,1966,4.84,3.34,2.17,2.89,3.63,5.44,50.6,60.1,71.5,79.2,72.3,64.8
027,1967,4.42,5.34,2.73,3.22,2.98,1.51,56.9,60.4,72.7,72.6,69.6,63.9
027,1968,4.09,6.79,2.12,3.96,5.04,2.75,54.7,61.0,73.2,75.8,75.4,66.5
027,1969,3.57,3.24,4.33,7.32,2.72,1.49,54.7,64.1,71.6,76.8,73.0,66.1
027,1970,5.35,2.61,5.64,3.31,2.59,2.09,55.8,66.5,70.9,74.2,74.0,72.1
027,1971,1.3,4.47,2.83,4.92,2.1,4.26,52.9,59.1,75.2,72.9,72.2,69.8
027,1972,8.46,1.98,2.4,2.72,3.63,4.77,53.6,65.5,69.5,75.1,73.8,69.7
027,1973,6.02,3.44,5.77,4.3,2.69,1.81,52.3,59.8,73.3,76.4,74.7,70.0
027,1974,3.22,6.37,3.59,1.39,8.57,6.07,54.9,63.2,68.1,76.0,73.1,61.8
027,1975,3.55,3.73,4.16,3.62,5.95,2.94,51.3,67.1,72.9,74.9,76.0,62.9
027,1976,1.4,5.35,3.44,5.35,2.6,3.82,55.1,59.4,71.1,74.4,71.3,64.2
027,1977,3.23,2.8,4.9,4.34,6.8,3.02,58.4,69.3,71.3,77.9,74.1,70.4
027,1978,3.59,4.67,1.87,7.4,6.29,0.83,54.8,61.4,73.4,76.4,74.0,70.3
027,1979,4.83,4.6,4.83,12.28,6.02,1.73,51.7,61.2,72.2,73.8,73.4,66.5
027,1980,3.31,2.84,4.76,4.29,3.66,3.02,50.8,63.8,71.1,79.2,78.5,69.2
027,1981,5.1,11.36,3.79,4.18,3.65,2.15,59.0,59.4,74.1,76.6,73.4,65.0
027,1982,2.45,5.04,4.78,4.15,4.23,4.82,48.6,68.3,67.7,76.5,71.6,65.3
027,1983,6.77,9.97,3.3,1.52,2.87,1.55,48.2,59.6,72.3,79.3,79.3,68.5
027,1984,7.22,4.43,1.46,4.1,1.67,4.14,51.8,60.4,75.7,73.6,74.6,65.5
027,1985,2.53,5.17,4.17,2.23,4.95,2.11,57.6,64.8,70.1,75.4,72.3,66.9
027,1986,2.13,6.19,3.02,8.0,3.16,4.87,56.7,65.0,73.7,78.4,70.8,70.5
027,1987,2.81,3.21,4.6,5.49,1.61,2.02,52.5,69.4,74.2,76.6,75.8,68.7
027,1988,2.69,1.74,0.67,5.26,2.21,1.51,53.1,64.2,73.4,77.3,77.4,67.2
027,1989,4.29,5.31,4.62,8.12,4.81,3.51,52.8,59.4,71.5,75.3,73.5,65.5
027,1990,3.35,10.19,7.6,4.7,2.87,2.77,51.9,60.4,72.2,74.6,72.6,68.3
027,1991,2.86,2.68,1.29,1.44,2.5,2.4,57.0,70.0,75.0,77.6,75.6,67.9
027,1992,2.36,4.27,2.29,8.38,2.98,3.58,53.8,61.0,68.7,75.2,69.8,65.6
027,1993,5.68,4.36,3.98,4.48,4.47,8.6,50.8,63.6,71.6,79.1,75.5,63.9
027,1994,6.44,3.06,3.39,3.21,3.91,3.8,55.1,60.0,74.5,75.1,71.5,64.9
027,1995,5.64,10.59,4.4,2.73,5.18,0.71,54.0,62.4,72.4,76.4,79.2,64.8
027,1996,8.7,8.47,4.55,3.73,1.66,6.97,50.1,65.0,72.5,73.6,74.7,65.1
027,1997,3.26,5.71,6.2,1.06,4.11,1.06,48.9,58.6,70.3,76.3,71.9,67.0
027,1998,9.01,6.44,7.61,4.69,2.81,1.01,54.1,67.6,72.4,75.5,75.2,71.6
027,1999,5.09,4.02,5.27,3.52,1.63,0.85,55.8,64.8,73.0,78.7,73.2,67.2
027,2000,3.39,4.06,7.01,5.8,7.58,4.86,52.1,65.8,72.4,74.0,74.0,65.8
027,2001,1.82,3.9,4.3,5.22,3.52,3.45,59.5,66.2,70.7,75.5,75.7,66.1
027,2002,5.93,9.91,3.48,1.77,1.65,5.51,56.2,61.2,74.8,79.1,77.2,71.6
027,2003,4.13,6.38,4.35,5.27,2.66,4.04,55.8,62.9,68.3,75.4,75.9,65.7
027,2004,1.45,8.75,2.8,6.2,3.53,0.53,55.5,68.2,71.4,73.3,70.4,68.0
027,2005,3.49,3.25,3.67,4.31,6.32,3.61,55.6,61.5,74.1,76.0,77.2,70.9
027,2006,5.71,5.56,4.01,3.07,4.07,6.76,58.7,62.2,72.2,77.0,76.2,63.8
027,2007,3.96,2.07,4.42,2.19,1.7,3.6,51.9,68.6,73.7,73.5,79.8,71.4
027,2008,5.09,6.84,5.89,5.02,1.24,4.45,54.3,60.1,74.6,74.8,72.6,68.7
027,2009,6.28,7.44,5.74,6.27,2.45,6.02,54.4,64.3,74.2,71.1,72.5,67.5
027,2010,3.2,6.33,5.98,5.81,1.76,1.15,59.6,66.4,77.0,78.4,77.9,69.4
027,2011,11.35,7.1,7.37,2.79,0.89,6.46,56.9,63.6,74.3,80.1,74.7,65.7
027,2012,2.91,2.05,0.66,2.16,2.73,8.64,55.9,69.8,72.7,82.5,74.0,66.0
027,2013,5.83,5.52,7.45,3.46,1.04,2.79,53.7,65.2,72.4,73.7,73.3,68.9
027,2014,7.65,5.33,5.47,3.84,5.04,3.07,55.1,65.1,74.3,71.4,74.2,65.8
027,2015,7.03,4.12,9.71,3.69,2.36,1.86,56.0,66.2,73.6,75.7,71.8,70.0
027,2016,5.04,5.3,3.34,7.21,8.0,3.7,55.3,62.1,75.5,76.4,77.2,71.7
027,2017,4.61,6.66,3.38,6.53,0.91,1.54,59.8,64.5,72.7,76.6,71.8,68.9
027,2018,3.42,2.69,7.83,2.35,3.44,6.27,48.4,72.2,75.7,76.0,75.7,72.6
027,2019,6.19,7.06,7.36,4.27,5.06,0.54,55.6,66.6,71.9,77.2,74.6,73.8
027,2020,3.31,5.31,3.83,7.54,2.95,0.65,52.2,62.4,74.1,78.3,73.7,67.4
027,2021,3.85,2.68,5.59,6.04,3.95,4.53,54.0,61.9,74.6,75.3,76.8,70.1
027,2022,4.31,7.34,1.91,11.51,2.35,3.4,52.9,67.2,74.0,77.4,74.8,68.2
027,2023,3.56,2.33,3.34,4.07,4.28,0.57,55.1,64.3,70.7,76.7,74.0,69.1
027,2024,7.01,5.07,2.07,4.22,1.7,4.99,58.2,68.9,74.8,75.8,75.2,70.4
027,2025,9.44,4.4,5.26,8.88,4.07,2.56,56.7,62.9,75.3,80.1,73.6,69.7
027,2026,5.29,7.58,8.06,2.87,4.6,,62.9,63.5,73.3,78.1,75.9,
029,1895,1.81,2.49,3.67,2.32,2.08,1.05,53.9,62.5,74.2,73.6,75.6,70.4
029,1896,0.62,4.7,5.1,6.3,4.82,4.91,60.0,69.8,72.0,75.6,74.1,64.4
029,1897,4.98,3.63,3.74,5.45,1.69,0.39,51.7,59.0,70.6,77.2,71.5,68.5
029,1898,1.38,4.14,3.72,3.66,3.2,5.02,50.1,63.9,74.0,77.3,75.3,71.5
029,1899,2.46,5.23,5.06,2.83,4.27,1.17,54.9,65.0,73.9,76.0,76.0,66.9
029,1900,2.1,5.27,3.23,4.62,3.22,1.04,52.1,64.4,72.0,75.8,78.7,72.0
029,1901,2.34,3.3,4.6,1.45,2.5,2.15,47.9,61.4,72.9,81.0,74.5,66.3
029,1902,2.51,4.43,6.21,3.35,1.1,4.59,51.4,66.5,71.2,76.2,72.4,64.4
029,1903,3.71,3.28,3.86,4.32,2.68,2.14,52.2,65.5,66.4,75.2,72.6,66.8
029,1904,2.23,3.02,2.86,2.27,1.82,2.76,46.8,62.4,70.2,73.3,72.4,67.6
029,1905,3.09,7.52,3.25,4.46,5.12,2.39,52.8,64.3,72.0,74.4,73.4,67.2
029,1906,1.23,1.62,3.13,5.27,4.17,5.98,54.5,63.0,71.5,74.7,76.4,70.4
029,1907,2.49,2.61,4.44,5.71,3.3,2.05,43.6,57.6,67.7,75.3,71.8,67.2
029,1908,4.71,6.81,2.63,2.26,1.31,0.64,53.5,64.4,70.8,75.4,74.8,70.5
029,1909,4.3,6.22,4.08,6.2,2.23,1.27,50.8,60.0,72.5,72.3,74.1,64.2
029,1910,2.56,3.6,2.27,6.08,1.42,3.78,52.5,57.5,67.4,74.5,71.6,68.1
029,1911,6.4,3.33,4.56,1.46,4.18,6.26,49.5,67.2,72.3,75.2,74.6,70.8
029,1912,5.68,4.78,2.21,4.12,6.86,3.59,55.2,64.5,68.4,75.6,71.9,68.1
029,1913,4.65,3.66,3.12,3.67,3.76,2.86,51.7,61.9,73.1,78.0,75.2,65.3
029,1914,3.35,1.84,2.95,2.69,6.38,1.58,52.0,63.0,74.2,77.0,73.3,65.6
029,1915,1.52,5.86,4.42,4.84,6.4,5.35,56.3,59.9,69.0,73.8,68.2,68.0
029,1916,2.63,4.79,5.43,3.02,2.98,3.42,51.0,64.6,66.7,78.6,75.5,64.4
029,1917,3.91,6.16,5.18,3.61,2.03,2.42,49.8,55.6,68.5,74.0,72.3,64.3
029,1918,3.12,3.94,4.87,3.57,4.62,2.66,48.9,67.4,70.2,71.8,77.7,59.0
029,1919,3.75,4.27,3.13,2.23,1.77,1.69,52.3,59.6,74.6,76.9,72.0,68.6
029,1920,5.81,4.17,2.55,3.56,4.03,3.42,47.8,60.6,70.0,72.9,70.8,67.3
029,1921,3.86,2.82,4.0,3.21,4.56,3.63,55.6,63.9,75.5,79.5,72.1,71.5
029,1922,4.73,2.66,1.33,2.51,4.05,3.61,55.0,66.3,73.4,75.2,73.1,70.2
029,1923,3.11,2.71,4.6,1.93,4.7,1.71,50.7,61.1,71.8,75.7,73.3,67.0
029,1924,2.24,4.09,6.28,1.48,3.76,2.64,52.9,55.9,70.6,71.8,73.1,61.7
029,1925,2.02,1.35,2.45,7.24,3.4,4.28,57.5,58.3,74.6,74.0,73.0,73.2
029,1926,5.43,3.36,3.57,5.52,8.4,5.16,46.3,63.6,67.6,75.2,74.9,68.5
029,1927,4.63,5.49,4.05,2.38,3.33,2.51,53.0,62.7,66.7,74.3,66.9,69.8
029,1928,3.73,1.4,7.78,2.12,2.89,1.37,48.2,60.5,66.2,74.5,74.3,62.3
029,1929,4.49,8.25,4.54,4.12,1.87,4.75,55.5,60.5,68.5,73.8,69.7,65.6
029,1930,1.78,1.1,1.54,1.48,2.14,4.16,54.4,63.7,70.8,77.7,73.7,68.5
029,1931,3.97,2.78,3.16,4.38,4.86,4.49,51.8,59.0,73.0,78.4,72.9,71.2
029,1932,2.76,0.79,5.7,4.72,4.33,6.11,51.2,62.6,72.2,76.2,73.2,66.3
029,1933,4.82,8.56,1.16,2.3,3.3,4.33,51.5,65.4,76.3,75.8,72.8,72.0
029,1934,0.97,1.21,4.58,1.58,2.09,3.63,51.8,65.6,76.5,81.0,73.8,68.0
029,1935,2.88,5.64,3.24,3.52,3.31,2.9,48.9,58.4,67.8,77.5,74.5,65.7
029,1936,3.6,1.35,0.37,1.81,3.43,4.73,47.5,65.2,72.5,80.8,78.8,70.3
029,1937,3.26,4.49,3.12,2.63,3.34,4.07,50.9,61.3,70.7,73.8,75.2,63.7
029,1938,1.88,4.97,3.01,6.43,3.32,4.45,55.0,62.5,69.7,75.3,74.9,67.6
029,1939,6.97,1.71,7.28,3.88,1.85,0.84,49.0,64.6,73.2,74.1,72.7,71.6
029,1940,7.7,3.69,3.64,0.64,2.71,1.39,48.5,59.3,71.3,74.9,74.6,63.9
029,1941,1.97,1.51,6.62,2.3,2.6,1.68,56.8,64.8,71.8,76.0,73.8,69.8
029,1942,2.93,4.06,5.16,3.02,4.11,2.51,55.3,63.3,72.0,76.0,72.0,65.3
029,1943,2.39,5.07,2.85,4.68,1.61,1.77,49.0,63.5,75.8,76.4,74.7,63.9
029,1944,4.43,3.18,1.46,1.81,4.13,2.08,51.6,68.6,75.4,76.3,74.5,66.0
029,1945,4.56,3.7,5.17,2.67,2.23,5.71,53.7,58.4,69.3,73.0,72.2,69.5
029,1946,1.85,5.28,3.53,3.52,3.09,1.26,53.8,60.7,71.4,74.0,68.1,66.2
029,1947,8.37,6.85,4.98,3.33,3.35,4.02,52.4,59.8,69.3,70.2,78.2,67.2
029,1948,5.66,3.11,3.21,4.35,2.03,1.34,55.8,60.9,71.5,75.1,72.6,67.5
029,1949,1.57,1.9,5.66,5.02,3.2,2.29,49.9,63.4,73.3,78.4,73.4,60.6
029,1950,4.15,3.14,5.24,3.68,2.84,5.85,47.0,63.3,68.8,71.9,69.4,63.9
029,1951,2.86,3.18,3.05,1.54,1.05,2.66,49.5,63.7,71.0,74.8,73.1,64.8
029,1952,3.27,3.72,3.92,2.69,2.61,3.19,52.2,61.6,76.1,77.4,72.4,65.5
029,1953,3.16,3.69,3.17,4.58,1.38,0.79,48.1,65.1,74.7,75.5,73.8,67.2
029,1954,2.93,2.16,3.0,2.91,6.2,1.47,57.9,57.4,73.5,76.4,73.3,69.6
029,1955,2.95,4.48,3.08,5.09,1.13,5.53,57.2,64.0,66.8,78.5,76.3,68.8
029,1956,3.83,5.8,3.4,4.92,2.31,2.46,48.8,62.6,71.3,74.0,72.6,63.4
029,1957,6.29,6.08,5.3,3.29,1.78,3.34,54.5,62.9,72.3,75.2,72.7,66.2
029,1958,4.35,5.76,5.97,7.0,5.01,4.08,52.0,61.2,67.9,73.4,71.7,65.9
029,1959,2.43,3.92,3.31,3.32,2.16,1.72,53.6,66.6,71.3,74.8,76.7,68.9
029,1960,1.19,4.56,7.41,3.38,3.24,1.14,55.6,59.4,69.5,72.4,74.3,69.4
029,1961,4.12,6.99,3.59,5.29,2.73,1.92,46.6,57.4,68.2,73.8,72.1,69.9
029,1962,0.93,4.64,2.57,7.15,2.18,2.64,50.3,68.7,71.2,73.3,72.7,62.7
029,1963,2.89,3.21,1.97,4.07,3.15,0.44,54.0,60.3,69.7,73.0,69.8,64.7
029,1964,6.51,1.01,4.4,3.49,2.31,1.74,55.3,64.9,72.2,74.7,72.4,66.4
029,1965,5.98,1.5,2.16,3.57,3.45,6.55,53.1,67.7,71.5,72.5,71.6,67.7
029,1966,5.74,3.08,2.23,3.99,3.9,3.75,49.9,58.4,70.2,76.8,71.6,63.9
029,1967,3.83,5.83,2.26,3.7,1.39,1.72,55.0,59.1,71.6,71.4,69.3,62.6
029,1968,3.39,10.66,3.12,5.17,4.14,2.54,53.4,59.4,71.1,74.2,73.6,65.8
029,1969,3.79,3.21,4.2,4.84,2.36,2.91,53.6,63.0,70.3,76.2,71.9,64.9
029,1970,6.82,1.77,4.52,3.82,2.79,4.76,54.6,65.1,70.6,73.5,72.6,70.5
029,1971,1.3,3.89,3.9,4.29,3.95,4.99,50.5,58.1,73.8,72.5,70.2,68.8
029,1972,6.6,4.94,1.93,3.28,2.28,4.46,51.8,63.2,65.9,74.2,72.2,68.5
029,1973,5.02,4.03,6.62,6.78,2.8,1.69,51.0,58.5,72.3,74.4,73.3,69.2
029,1974,4.0,5.8,3.91,3.25,6.3,5.65,53.9,61.6,67.1,74.5,73.0,61.3
029,1975,3.57,2.09,4.6,2.08,2.82,3.9,48.8,66.0,71.6,74.2,76.4,62.8
029,1976,1.17,2.32,5.64,2.42,4.19,2.6,53.8,59.4,70.8,73.0,70.2,63.0
029,1977,3.59,2.55,5.83,3.58,5.83,2.18,55.8,68.0,69.5,76.9,72.9,69.2
029,1978,3.07,4.83,4.43,6.44,5.57,0.63,53.0,59.9,71.3,74.2,72.8,69.7
029,1979,5.45,3.61,4.7,6.41,5.89,7.53,50.6,60.0,70.0,72.1,72.3,65.4
029,1980,2.21,5.47,3.75,4.31,6.55,1.76,49.7,63.2,69.0,77.0,76.8,68.3
029,1981,5.93,5.82,4.43,5.47,2.42,2.39,57.2,59.0,71.9,74.9,72.1,64.2
029,1982,2.24,5.43,4.16,2.62,4.62,1.61,48.0,67.5,67.0,75.6,70.1,65.1
029,1983,5.05,9.18,2.94,2.21,2.87,1.42,48.8,59.0,70.7,78.2,78.1,67.0
029,1984,5.54,5.39,1.67,4.25,3.19,4.36,50.4,59.0,73.7,71.5,73.6,64.9
029,1985,1.73,5.59,3.87,3.38,3.53,0.76,56.6,63.6,68.8,74.0,71.7,66.7
029,1986,1.99,4.15,2.77,4.2,3.01,4.41,54.6,63.7,71.9,76.8,70.6,69.0
029,1987,3.06,2.92,4.58,5.25,2.73,1.42,52.0,67.5,72.8,75.8,74.2,67.1
029,1988,3.83,1.96,1.04,5.19,2.95,3.29,51.7,62.7,71.0,77.1,76.3,65.8
029,1989,6.04,6.04,3.7,5.33,5.47,3.61,51.8,58.9,70.2,75.5,72.6,64.8
029,1990,3.32,9.41,4.46,4.4,5.59,3.8,51.4,59.8,70.0,73.4,72.0,67.0
029,1991,3.8,3.62,1.5,3.65,4.85,2.64,56.0,69.3,74.2,76.3,74.0,66.8
029,1992,2.75,3.05,4.14,9.05,2.95,2.46,52.9,60.1,66.8,73.5,69.1,64.6
029,1993,4.59,2.78,5.13,3.07,4.16,3.3,50.9,62.2,69.9,77.5,74.8,63.5
029,1994,6.16,2.93,3.31,4.05,3.9,0.96,54.6,58.0,73.5,74.0,70.8,64.6
029,1995,4.09,9.9,2.82,3.02,4.97,1.44,52.9,61.5,71.7,75.2,78.4,64.4
029,1996,9.0,9.72,6.95,4.23,2.15,5.59,50.2,62.4,70.3,71.8,73.4,65.1
029,1997,1.71,7.65,6.64,1.65,4.09,1.22,48.5,57.4,69.1,74.6,71.0,65.4
029,1998,8.6,5.43,9.05,4.39,2.32,1.09,53.2,66.5,71.4,73.9,74.7,70.7
029,1999,3.03,1.89,3.66,2.32,2.01,0.9,55.3,63.9,73.4,78.5,72.5,65.9
029,2000,4.21,4.98,4.97,4.34,4.07,4.59,52.1,65.3,72.0,72.6,72.2,64.9
029,2001,2.37,5.04,4.31,8.33,3.98,5.19,57.5,64.6,69.6,74.0,75.2,64.8
029,2002,6.38,8.98,4.38,1.51,1.57,6.23,55.4,59.6,73.3,77.3,76.7,70.7
029,2003,2.16,6.7,3.99,6.2,3.27,5.67,54.6,62.2,66.8,73.5,74.3,64.6
029,2004,4.0,6.04,3.15,6.1,3.06,0.52,53.4,67.4,70.8,72.9,70.2,68.0
029,2005,3.64,2.65,1.92,3.31,6.56,3.3,55.0,59.2,73.4,76.1,76.4,69.9
029,2006,5.39,4.25,4.29,3.79,3.82,4.98,56.9,60.8,69.3,75.8,75.9,63.4
029,2007,3.93,1.22,2.81,4.26,1.14,1.84,51.2,66.6,72.7,72.6,79.4,71.0
029,2008,3.05,6.77,5.76,3.61,2.01,1.59,54.3,59.4,72.5,73.6,72.7,69.4
029,2009,4.07,4.49,5.37,5.51,2.81,4.71,53.8,63.9,72.2,69.6,71.6,66.5
029,2010,2.37,5.15,7.54,3.08,1.79,0.5,58.0,65.6,74.5,76.8,76.6,68.6
029,2011,13.08,6.64,6.75,1.19,3.32,5.87,55.9,62.6,72.2,79.8,74.3,64.7
029,2012,3.19,4.05,1.87,2.26,1.92,4.96,53.6,68.2,71.9,80.2,73.8,65.5
029,2013,3.59,5.2,5.03,4.72,1.99,3.94,53.2,64.8,71.4,73.2,72.6,67.6
029,2014,6.61,3.28,5.89,3.9,3.73,2.65,54.6,64.0,72.7,70.2,73.7,65.4
029,2015,5.52,2.07,6.74,6.15,3.08,2.46,54.5,66.6,71.8,74.0,71.0,69.5
029,2016,4.65,3.31,4.01,4.72,6.41,4.5,54.0,61.1,73.4,75.9,77.4,70.9
029,2017,5.27,7.39,5.39,5.98,2.63,2.94,59.4,62.3,70.4,75.0,71.4,67.0
029,2018,4.56,3.84,4.54,3.61,6.43,7.2,48.3,71.3,74.2,75.5,75.3,71.6
029,2019,5.21,5.13,8.04,3.03,3.01,0.34,55.2,65.3,70.3,77.1,74.1,73.4
029,2020,3.54,5.9,3.79,5.18,4.08,1.42,51.0,60.4,72.4,77.7,73.4,66.8
029,2021,3.09,4.58,7.55,5.71,3.35,3.63,53.1,60.6,72.5,74.7,76.1,68.8
029,2022,3.18,7.76,2.9,3.95,5.72,3.42,51.2,66.0,72.3,76.4,74.0,67.3
029,2023,3.44,2.51,2.48,7.71,3.23,1.67,53.8,61.6,69.1,75.2,73.1,68.5
029,2024,5.48,5.04,1.79,5.14,2.69,5.3,57.3,67.8,73.2,75.4,74.9,70.5
029,2025,7.88,5.24,5.48,4.93,1.88,2.35,55.4,62.0,74.1,78.8,73.0,69.3
029,2026,4.08,7.33,6.22,2.93,7.1,,61.4,61.7,71.5,76.7,74.6,
031,1895,1.79,1.95,4.5,2.56,2.03,1.74,53.6,62.4,74.4,73.3,75.0,69.9
031,1896,0.85,3.78,4.92,5.87,5.18,5.57,59.1,69.2,71.6,75.3,73.2,63.5
031,1897,5.33,3.08,3.93,6.25,1.23,0.7,51.1,58.2,70.0,76.7,70.9,68.6
031,1898,1.4,3.41,2.93,3.5,3.83,6.87,49.4,62.2,74.0,76.6,74.5,71.0
031,1899,2.2,3.88,3.0,4.04,4.2,1.21,54.7,63.5,74.3,75.6,75.6,67.0
031,1900,2.04,5.38,3.88,4.95,3.06,0.94,51.8,64.4,71.6,75.3,78.5,70.9
031,1901,2.91,2.5,3.9,2.62,3.68,1.88,48.4,61.9,73.0,81.4,74.9,66.5
031,1902,2.3,3.97,8.95,3.6,1.54,6.25,51.0,66.4,71.1,76.0,71.8,64.3
031,1903,3.15,3.96,4.31,5.27,2.74,1.13,52.2,66.0,66.7,75.8,72.7,67.4
031,1904,2.48,3.67,4.04,2.6,1.63,3.02,47.3,62.6,70.2,73.9,72.4,67.9
031,1905,3.85,7.76,3.15,3.27,5.25,3.05,52.6,64.4,72.5,74.7,74.4,67.9
031,1906,1.83,2.01,3.93,3.78,4.08,4.69,55.0,63.5,71.3,74.4,76.2,70.5
031,1907,2.57,2.85,4.36,5.87,2.36,2.1,43.3,57.7,68.0,75.2,71.9,66.6
031,1908,3.94,6.27,2.13,2.22,1.83,0.63,53.6,64.5,71.2,75.8,74.5,71.0
031,1909,4.71,6.3,3.39,5.17,1.89,2.07,50.8,59.9,72.7,72.3,74.4,64.3
031,1910,2.75,4.02,1.9,7.16,1.27,3.99,52.5,56.9,67.8,74.5,71.0,67.6
031,1911,5.48,2.68,3.55,1.34,2.33,7.67,49.4,67.0,72.6,75.5,74.5,70.3
031,1912,5.19,4.26,1.9,7.11,5.71,3.09,54.7,64.3,68.0,75.2,71.9,67.6
031,1913,3.61,2.5,2.57,3.76,4.85,2.98,51.7,62.9,72.8,77.8,75.2,65.9
031,1914,3.97,1.49,1.98,2.14,5.21,2.45,52.6,63.9,75.2,77.3,74.2,66.1
031,1915,1.83,5.63,3.5,7.23,8.1,3.41,56.8,60.6,69.6,73.4,68.0,68.2
031,1916,3.36,4.16,5.85,4.42,3.09,4.51,50.4,64.9,67.2,79.1,75.3,65.5
031,1917,3.98,4.68,7.66,3.05,2.21,2.82,50.2,56.4,68.5,75.0,72.0,65.0
031,1918,4.38,4.28,3.37,2.32,3.92,3.99,49.3,67.5,70.9,72.7,78.3,59.0
031,1919,2.99,3.83,2.31,1.9,1.87,1.75,51.9,59.7,75.3,77.7,72.1,69.3
031,1920,6.06,3.81,3.5,2.92,3.73,2.65,47.4,60.4,70.6,73.2,71.7,68.0
031,1921,4.72,2.01,3.42,2.36,4.45,5.98,56.0,64.1,76.5,79.9,72.8,71.6
031,1922,6.03,3.13,0.74,4.25,3.08,1.53,54.8,66.6,74.0,75.0,73.0,70.6
031,1923,2.28,4.45,4.05,2.38,4.75,2.38,50.2,61.2,71.8,75.3,73.4,67.5
031,1924,2.46,3.39,3.94,1.77,3.52,3.96,52.9,55.8,71.3,71.8,73.0,61.8
031,1925,1.87,1.36,3.37,5.26,2.73,4.67,57.2,58.0,74.9,74.3,73.2,73.3
031,1926,3.54,3.17,2.7,4.9,7.36,8.48,45.8,63.5,67.0,75.5,75.1,68.2
031,1927,4.93,6.27,3.9,2.08,2.68,4.55,52.6,62.0,67.0,74.0,67.0,70.5
031,1928,3.7,2.28,5.55,3.69,3.53,0.75,47.9,60.8,66.1,74.8,74.6,62.6
031,1929,3.75,7.05,5.67,5.43,2.52,4.15,55.2,60.3,69.2,74.6,70.8,66.2
031,1930,1.94,1.57,1.8,1.02,2.26,3.4,54.1,63.7,71.4,77.9,74.0,68.3
031,1931,3.81,3.02,2.39,5.23,4.22,5.54,52.4,59.2,74.0,78.8,73.6,71.3
031,1932,2.35,0.72,5.84,4.1,2.69,7.0,51.0,62.8,72.6,76.3,73.7,65.9
031,1933,4.73,8.09,1.59,3.01,3.08,5.45,50.8,65.1,76.7,76.0,72.8,72.2
031,1934,0.9,1.27,4.57,2.11,2.42,4.78,52.2,66.0,77.1,80.7,73.7,67.2
031,1935,2.21,6.46,3.61,4.4,2.89,3.03,48.9,58.0,67.8,77.7,74.8,66.2
031,1936,3.07,1.75,0.58,1.07,2.4,4.68,47.4,65.9,72.2,81.4,79.9,70.5
031,1937,4.55,3.09,3.65,2.83,3.98,5.14,51.0,61.9,70.9,74.3,75.7,64.2
031,1938,1.83,6.63,4.37,4.84,2.6,2.77,54.6,62.5,69.6,75.4,75.3,67.7
031,1939,6.25,2.87,6.71,4.25,2.05,0.79,48.5,64.6,73.3,74.3,73.2,71.8
031,1940,7.25,4.26,3.26,0.68,1.65,1.28,48.3,59.2,71.4,74.8,74.6,64.1
031,1941,2.09,1.34,5.65,2.24,2.74,3.11,56.5,64.8,71.8,76.2,74.0,69.9
031,1942,2.32,4.81,6.16,3.17,5.44,2.84,56.0,63.7,72.0,75.9,72.0,65.5
031,1943,3.06,6.02,3.9,4.83,0.87,2.73,49.2,63.0,75.6,76.1,74.7,63.4
031,1944,5.82,3.8,1.38,2.53,3.86,2.85,51.5,68.7,75.3,75.8,74.1,66.0
031,1945,4.65,4.18,8.41,3.01,1.97,6.36,53.3,57.9,69.1,72.5,72.4,68.5
031,1946,1.81,4.97,3.44,3.84,3.43,0.34,53.5,59.9,71.0,73.6,68.0,65.9
031,1947,8.01,7.5,5.73,4.89,3.7,3.05,52.0,59.4,69.1,70.4,78.8,67.1
031,1948,4.16,3.09,2.48,4.59,1.5,1.44,55.7,61.6,71.6,74.9,72.8,67.3
031,1949,1.55,2.17,5.26,5.98,2.66,3.4,50.6,64.2,73.5,78.7,74.0,60.8
031,1950,4.92,3.27,5.4,3.44,4.03,4.72,47.2,63.8,69.4,72.2,70.2,64.3
031,1951,3.71,3.14,4.84,3.39,1.54,2.45,49.4,64.1,71.2,74.2,72.6,64.0
031,1952,3.29,3.83,4.86,2.56,2.37,3.67,51.4,61.8,76.6,77.4,72.9,65.0
031,1953,2.7,5.43,2.32,4.47,1.59,0.62,48.0,64.6,75.2,75.0,73.2,67.1
031,1954,3.34,2.93,1.86,1.61,4.79,1.44,57.4,57.0,73.8,76.5,73.4,68.8
031,1955,2.89,3.98,3.84,4.93,1.33,6.17,57.2,63.6,65.9,78.2,75.4,68.3
031,1956,4.85,6.43,4.35,4.4,2.48,1.99,48.8,62.6,70.6,73.9,72.5,63.4
031,1957,6.78,7.91,5.8,5.08,1.72,3.07,53.6,62.4,71.6,74.6,72.1,65.2
031,1958,4.12,7.21,7.13,9.87,3.76,4.55,51.7,60.0,66.9,73.2,71.0,65.1
031,1959,3.66,4.18,1.63,3.97,1.76,2.28,53.1,66.0,71.4,74.6,76.3,68.2
031,1960,1.48,5.43,8.23,4.74,3.6,1.39,55.0,59.2,69.1,71.9,73.4,69.2
031,1961,4.64,6.85,3.46,4.74,2.85,2.53,46.2,56.8,67.9,73.4,71.3,69.2
031,1962,1.09,4.16,3.11,7.61,3.98,1.54,50.0,68.3,70.5,72.2,71.3,61.9
031,1963,3.25,2.74,2.97,4.45,4.48,0.51,53.9,60.1,70.5,72.9,69.4,64.6
031,1964,7.65,1.02,3.16,3.89,2.13,1.35,54.7,65.1,72.6,74.7,71.3,65.6
031,1965,5.81,1.89,2.35,4.27,4.29,5.53,53.9,67.5,71.4,71.9,70.1,66.5
031,1966,5.6,2.82,2.38,3.61,4.55,4.03,49.4,57.6,69.2,76.3,70.1,62.6
031,1967,4.23,6.83,2.61,2.58,1.33,1.58,54.5,58.3,70.7,70.6,68.2,62.5
031,1968,2.99,10.15,3.66,5.75,2.76,2.1,52.7,58.4,70.9,73.6,73.3,65.1
031,1969,3.99,4.58,4.54,7.93,2.12,1.97,53.8,62.7,69.7,75.1,70.7,63.7
031,1970,7.42,1.59,2.88,3.1,2.77,3.94,54.0,64.8,70.1,72.9,71.7,69.7
031,1971,1.22,4.18,4.09,5.27,2.0,5.04,50.2,58.0,73.3,71.3,69.4,68.3
031,1972,7.13,4.9,3.64,2.23,1.68,4.72,51.2,63.0,66.1,73.4,71.7,68.1
031,1973,4.58,3.67,6.48,5.58,2.23,1.68,50.4,58.4,72.0,74.6,72.7,68.3
031,1974,4.34,7.45,4.45,2.44,7.05,8.19,53.8,61.3,66.9,74.3,71.6,60.5
031,1975,3.37,2.77,4.01,2.7,3.55,3.21,48.3,65.7,71.4,73.3,75.2,62.0
031,1976,1.39,2.76,4.9,3.44,3.23,2.45,53.2,58.9,70.3,72.6,69.1,62.6
031,1977,3.8,2.85,4.31,5.08,6.33,2.97,56.5,67.9,69.3,76.3,72.0,68.2
031,1978,3.63,4.56,4.24,7.02,7.68,0.93,52.8,59.7,71.2,73.2,71.7,68.3
031,1979,4.22,3.44,4.22,9.75,6.85,3.25,49.5,60.3,70.0,71.7,71.3,64.6
031,1980,2.71,4.64,4.02,4.62,5.5,2.19,49.0,63.3,68.8,76.9,76.3,68.1
031,1981,5.72,7.18,2.65,4.97,3.21,1.9,56.9,58.4,72.2,73.7,70.7,62.9
031,1982,1.84,6.28,3.94,3.51,2.85,1.31,47.6,67.2,66.1,74.4,69.2,63.9
031,1983,4.99,7.86,1.99,2.22,2.43,1.29,47.9,58.4,71.0,77.4,77.4,66.8
031,1984,5.84,4.48,2.19,5.03,2.63,4.14,50.1,58.7,73.8,71.2,72.6,63.7
031,1985,1.93,6.88,3.29,3.71,4.26,1.16,56.8,63.8,68.7,73.6,71.3,66.4
031,1986,2.28,4.14,2.29,4.63,2.52,4.78,54.6,63.5,72.1,76.4,69.9,68.7
031,1987,2.95,3.53,3.76,6.51,3.31,1.8,51.5,67.5,72.8,75.2,73.6,67.2
031,1988,3.8,2.09,0.95,4.57,3.72,2.98,51.0,63.2,71.6,76.8,76.0,65.4
031,1989,5.84,5.78,3.44,4.64,5.49,4.0,50.8,58.4,70.2,74.7,71.6,63.6
031,1990,2.92,9.33,3.45,4.68,4.0,3.82,50.7,58.7,69.9,73.0,70.8,66.3
031,1991,4.09,3.15,0.92,3.24,3.92,3.31,55.3,68.8,74.1,75.8,73.7,66.1
031,1992,3.36,2.83,3.54,10.84,3.21,2.38,51.7,59.7,66.5,72.8,68.1,64.1
031,1993,4.8,3.05,6.01,3.21,5.05,5.02,49.9,62.6,69.6,76.6,73.9,62.0
031,1994,6.26,3.44,4.36,3.44,3.07,2.32,53.5,58.0,73.6,73.9,70.1,64.2
031,1995,5.31,8.23,3.03,3.0,7.91,1.43,51.9,60.8,71.9,75.3,77.7,63.5
031,1996,10.15,9.49,4.64,3.5,1.04,5.49,49.1,61.4,70.6,72.1,73.0,63.8
031,1997,2.38,6.39,6.08,2.91,4.5,2.94,47.6,56.9,68.7,74.4,70.2,64.7
031,1998,7.36,5.76,9.78,4.9,2.4,0.49,53.0,66.3,71.2,73.4,74.1,70.1
031,1999,3.37,3.12,5.6,3.05,2.05,0.71,54.7,64.1,72.5,78.0,71.9,66.0
031,2000,4.56,5.72,5.22,4.24,4.26,5.01,50.8,64.9,71.4,72.2,71.6,64.2
031,2001,2.39,5.85,4.41,6.32,3.63,6.85,57.4,64.4,69.3,73.6,74.4,63.7
031,2002,7.43,8.89,4.41,1.55,2.73,3.95,54.8,59.2,73.1,76.9,75.8,69.9
031,2003,2.8,5.8,4.16,6.33,2.34,6.49,54.3,61.7,67.1,73.0,74.0,63.5
031,2004,2.93,7.77,3.94,5.19,3.53,0.27,53.4,67.2,70.3,72.4,69.4,67.7
031,2005,3.96,3.5,2.28,4.26,6.56,3.53,54.8,59.1,72.8,75.2,75.0,69.1
031,2006,4.97,6.0,4.95,5.6,4.99,4.54,56.4,60.5,69.3,75.3,74.3,62.6
031,2007,4.85,1.12,3.86,2.73,1.18,3.11,50.3,66.7,72.3,71.6,78.4,70.0
031,2008,3.09,6.32,9.37,5.15,2.04,1.55,53.2,58.6,71.8,73.0,70.9,67.8
031,2009,4.78,6.24,5.64,5.9,5.73,3.57,52.6,63.0,72.1,69.2,70.9,65.7
031,2010,2.83,4.41,9.71,2.89,1.42,0.93,58.2,64.9,74.5,76.7,76.2,68.5
031,2011,11.88,7.44,5.35,1.31,2.31,5.25,54.3,62.2,72.5,79.6,73.8,64.1
031,2012,3.23,3.69,0.52,2.38,2.67,5.54,52.8,68.3,70.9,80.3,72.5,63.9
031,2013,4.42,3.52,4.24,2.95,1.04,3.03,51.8,64.7,70.8,72.2,71.8,67.0
031,2014,5.96,4.25,4.28,4.64,4.04,2.47,53.9,63.5,72.4,69.0,72.0,64.5
031,2015,4.84,2.31,7.56,8.11,2.8,2.3,54.1,66.1,71.9,72.9,70.1,68.8
031,2016,5.17,2.83,4.53,5.3,7.36,4.85,53.6,60.6,72.8,73.6,75.5,69.7
031,2017,4.74,7.31,5.95,6.82,2.53,2.29,59.0,61.8,69.8,73.8,70.2,66.5
031,2018,4.91,2.99,7.67,4.66,4.44,6.27,46.7,70.5,72.9,73.7,73.6,70.0
031,2019,5.51,5.89,7.65,3.22,3.04,0.4,53.8,64.1,69.4,75.9,72.6,71.7
031,2020,2.54,5.42,3.27,4.5,5.51,0.63,50.0,59.9,71.6,75.9,71.6,65.4
031,2021,3.06,3.8,8.18,7.92,2.03,5.24,52.5,60.0,72.3,73.7,75.4,68.2
031,2022,3.29,6.46,3.3,4.65,3.48,3.12,50.8,65.6,72.1,76.0,73.3,66.4
031,2023,3.05,2.52,2.2,6.39,2.98,1.71,53.5,61.6,69.3,74.3,72.3,67.7
031,2024,6.22,5.75,2.44,5.59,3.13,3.5,56.5,67.2,72.5,73.5,73.4,68.6
031,2025,7.66,4.91,6.16,4.58,2.61,2.63,53.9,61.2,73.6,77.9,72.1,68.2
031,2026,3.95,8.36,5.51,1.73,9.64,,60.1,60.2,70.8,75.8,73.2,
033,1895,1.29,2.29,1.32,1.75,3.11,1.61,49.7,60.3,71.2,70.7,71.6,66.8
033,1896,4.64,4.02,3.81,11.34,5.66,5.21,54.1,66.2,68.6,71.9,70.3,59.2
033,1897,3.05,3.46,3.83,2.4,2.51,0.65,45.6,54.8,64.9,74.4,66.9,64.6
033,1898,1.52,4.39,2.2,4.92,2.79,3.66,43.8,58.9,68.6,72.9,70.0,65.1
033,1899,0.98,4.04,1.86,4.5,3.22,2.7,50.2,60.3,69.9,71.6,70.8,60.2
033,1900,2.25,2.56,5.6,6.44,3.06,1.37,47.5,61.2,67.0,70.4,73.9,65.0
033,1901,2.27,2.99,3.54,3.42,3.73,1.06,45.6,56.4,69.3,76.4,70.5,62.0
033,1902,1.36,4.39,8.41,3.66,1.09,6.1,45.5,59.6,63.3,71.5,65.7,59.2
033,1903,5.09,2.94,3.85,4.36,4.62,2.14,46.3,61.2,61.6,70.4,66.3,61.7
033,1904,2.96,3.46,2.08,2.86,4.84,3.28,42.0,57.9,65.4,69.8,66.1,62.4
033,1905,3.74,6.28,5.05,3.65,3.48,2.92,45.5,57.5,67.2,70.8,69.4,63.6
033,1906,2.42,2.77,4.22,3.76,5.11,2.32,49.5,60.2,67.4,70.5,72.7,67.0
033,1907,2.3,4.53,5.02,4.28,2.5,4.78,38.5,51.2,64.0,70.8,66.8,61.0
033,1908,2.44,5.68,1.54,2.9,3.73,0.63,47.2,59.6,67.0,72.3,68.8,66.5
033,1909,3.98,3.91,5.83,2.37,4.15,2.21,43.9,55.9,67.4,69.8,70.8,59.5
033,1910,3.42,2.31,0.84,4.5,3.94,3.35,48.6,53.4,64.6,72.6,68.1,62.7
033,1911,4.37,1.63,6.09,2.63,3.55,2.99,44.4,64.2,69.3,71.8,69.0,64.4
033,1912,2.38,3.72,2.22,3.24,5.82,2.46,47.7,60.3,65.4,72.1,67.3,65.0
033,1913,2.93,3.93,0.71,3.14,3.87,2.25,47.6,57.8,68.8,73.1,71.7,62.0
033,1914,3.46,5.07,3.37,1.83,5.3,2.69,44.3,59.8,68.7,73.4,70.4,62.1
033,1915,1.52,3.85,2.8,6.27,4.22,3.5,52.2,54.0,63.2,69.1,64.3,64.8
033,1916,1.62,4.45,5.56,0.82,2.08,2.29,46.3,58.7,62.5,76.8,72.7,61.7
033,1917,3.84,3.96,5.17,2.77,3.26,1.49,45.6,51.9,64.7,70.9,69.3,60.2
033,1918,2.58,3.39,2.39,1.56,1.53,4.63,45.8,64.8,68.0,70.4,75.7,56.0
033,1919,3.9,4.92,3.24,0.74,3.48,3.29,46.8,55.9,73.6,75.6,69.9,66.7
033,1920,6.11,1.88,4.16,3.83,2.47,1.96,41.7,56.4,68.8,69.4,68.3,65.3
033,1921,4.81,3.19,2.87,1.9,4.92,3.9,52.0,61.8,73.0,78.4,69.6,68.4
033,1922,4.74,5.56,2.58,2.42,1.75,2.18,49.1,63.1,69.4,71.5,71.0,67.0
033,1923,1.58,3.7,2.01,4.7,2.9,3.65,45.8,56.1,71.2,72.2,68.3,63.8
033,1924,2.36,3.4,7.02,2.4,2.15,3.69,46.4,52.8,65.2,68.6,69.3,58.6
033,1925,1.62,1.09,2.03,5.45,1.65,6.07,52.2,54.4,71.5,70.6,70.4,67.8
033,1926,3.02,2.14,3.75,2.73,4.84,7.04,40.7,58.6,63.4,71.8,72.0,62.8
033,1927,5.15,4.11,3.61,2.18,2.62,5.53,46.6,57.3,63.7,71.7,64.6,67.1
033,1928,2.05,2.52,4.52,2.62,3.47,1.27,43.7,58.0,62.5,72.6,72.3,60.3
033,1929,5.59,4.26,3.42,2.96,2.13,2.95,50.3,56.4,65.2,72.7,67.7,63.1
033,1930,2.78,2.65,2.4,0.92,1.78,3.64,48.0,60.0,68.1,74.7,70.6,65.4
033,1931,1.86,2.31,3.93,2.36,3.24,4.7,48.7,56.9,70.5,76.2,71.6,68.6
033,1932,1.91,2.09,3.37,3.56,1.34,5.44,46.0,59.7,70.0,72.9,71.6,62.8
033,1933,3.29,5.14,2.19,2.68,2.26,6.55,47.8,61.3,74.4,74.6,69.9,68.0
033,1934,2.64,1.2,2.22,1.08,3.2,5.05,46.4,63.4,75.8,79.0,71.4,65.0
033,1935,1.98,4.4,3.1,2.88,3.86,2.29,44.8,53.4,65.8,76.0,72.0,63.3
033,1936,2.14,1.8,2.0,1.44,3.03,4.74,42.6,62.5,67.6,76.9,74.8,66.9
033,1937,4.84,3.54,6.45,5.88,2.4,2.18,46.2,59.1,67.0,72.4,73.0,61.6
033,1938,2.78,4.52,5.02,3.96,2.78,3.02,49.7,59.2,66.8,72.4,73.2,63.8
033,1939,4.38,0.82,5.81,3.24,3.64,0.98,44.0,62.3,70.8,71.8,70.6,67.5
033,1940,3.34,5.61,4.37,1.85,3.04,0.79,44.0,55.8,69.5,73.4,71.4,62.6
033,1941,2.39,2.9,3.41,1.24,1.7,0.84,53.5,62.1,69.6,74.0,71.5,68.6
033,1942,2.14,2.23,5.48,5.2,5.11,4.16,52.2,61.1,69.7,73.1,68.9,61.1
033,1943,3.42,9.85,2.9,6.74,2.63,4.01,43.6,57.9,73.1,72.7,70.5,59.3
033,1944,4.98,4.59,3.41,1.16,2.24,1.97,44.0,63.9,72.0,73.1,72.6,64.0
033,1945,3.24,5.95,3.99,3.17,2.77,4.66,50.0,52.6,65.4,70.4,69.8,64.5
033,1946,1.11,3.66,5.99,1.71,1.82,1.24,48.8,56.9,67.6,72.6,67.3,64.8
033,1947,5.28,4.96,3.5,1.8,2.43,4.85,46.2,54.9,65.6,69.5,77.7,64.8
033,1948,2.31,4.23,4.54,3.07,1.82,2.05,52.3,57.2,68.1,73.0,70.9,66.4
033,1949,2.12,4.39,4.28,3.3,2.59,2.81,47.0,60.3,71.8,75.8,71.0,57.5
033,1950,5.76,1.34,4.46,5.56,3.18,5.76,41.6,60.5,67.4,69.2,68.1,61.7
033,1951,3.9,3.36,5.63,4.52,3.9,1.21,45.5,60.9,67.3,71.2,68.1,60.9
033,1952,3.24,4.41,2.6,3.29,1.89,2.51,48.9,57.1,72.9,75.0,69.8,63.2
033,1953,3.05,3.29,1.98,3.04,2.86,1.61,44.2,61.7,72.4,74.6,71.9,63.8
033,1954,4.16,1.85,5.1,5.42,5.73,1.91,52.1,54.6,71.6,72.2,68.9,65.0
033,1955,2.64,2.17,2.99,3.91,4.47,1.56,54.4,61.0,66.3,77.2,74.2,64.8
033,1956,4.9,5.59,2.24,3.89,3.49,0.74,45.4,58.2,70.1,71.6,70.1,61.4
033,1957,5.98,3.36,5.31,2.06,1.31,2.87,48.4,58.2,68.2,72.3,70.0,62.2
033,1958,2.25,1.65,5.17,6.33,3.95,4.19,48.8,58.3,63.5,71.4,69.3,62.8
033,1959,4.81,3.3,2.92,3.13,2.44,4.02,48.6,63.2,70.1,72.2,75.3,66.4
033,1960,3.16,4.36,4.91,2.41,2.37,2.68,51.1,56.5,65.7,69.7,71.0,66.3
033,1961,4.59,2.62,2.83,4.53,3.05,5.24,42.7,54.9,66.8,71.2,69.7,67.2
033,1962,1.49,4.68,2.36,3.94,1.92,1.97,47.4,64.9,68.8,69.4,70.3,60.8
033,1963,2.94,2.74,2.85,4.77,2.59,1.09,48.9,56.5,68.8,71.6,66.4,62.1
033,1964,4.25,2.18,3.43,2.76,2.34,2.19,49.3,63.0,69.8,73.6,68.3,63.8
033,1965,4.36,3.77,2.15,3.01,4.78,3.75,46.0,64.3,67.8,69.6,67.7,64.8
033,1966,3.27,3.5,2.43,3.65,2.68,1.46,45.2,53.4,69.6,74.0,68.6,61.1
033,1967,3.7,3.26,3.05,1.67,1.82,2.0,50.2,54.0,70.1,69.7,66.9,60.8
033,1968,3.24,6.05,5.85,3.59,4.04,2.68,49.9,55.5,68.7,71.5,71.4,63.4
033,1969,4.12,3.53,5.19,3.96,0.62,3.79,50.1,59.2,65.1,72.7,71.2,63.1
033,1970,5.31,3.95,2.21,4.22,2.17,5.19,48.4,62.2,68.4,73.0,70.8,65.1
033,1971,1.18,3.88,2.83,3.17,1.1,3.71,46.7,56.3,72.7,69.8,69.1,66.3
033,1972,4.21,3.73,2.33,4.59,2.84,7.57,46.4,60.8,64.5,71.5,69.7,64.0
033,1973,2.74,4.05,4.49,5.16,3.08,1.38,48.2,55.7,70.6,72.4,71.1,65.1
033,1974,2.71,4.83,3.47,0.72,1.85,2.82,50.0,56.5,65.5,73.5,70.3,59.8
033,1975,4.02,4.56,6.91,1.81,5.79,2.43,42.3,63.4,69.1,71.5,72.2,58.6
033,1976,2.35,3.44,4.1,4.69,1.31,2.92,50.0,56.9,69.6,71.9,67.4,60.8
033,1977,4.54,0.99,4.52,3.02,5.21,4.8,53.5,66.1,66.0,74.1,68.8,64.8
033,1978,4.34,2.74,3.48,3.34,4.03,1.85,47.8,59.0,68.1,70.9,70.0,67.2
033,1979,3.38,3.11,3.37,3.46,5.36,0.2,45.5,57.9,68.1,70.3,68.7,63.2
033,1980,3.37,3.53,4.09,6.1,5.37,3.09,46.3,60.1,65.8,74.0,72.7,64.8
033,1981,6.04,3.99,10.36,3.96,2.64,5.6,51.2,56.8,69.1,72.3,69.6,62.2
033,1982,2.41,4.2,4.59,4.53,1.81,2.63,42.9,65.2,64.8,72.9,68.5,62.6
033,1983,5.07,4.67,3.42,2.65,1.42,2.39,45.1,55.5,69.1,76.4,74.8,64.9
033,1984,4.54,4.78,1.14,3.42,1.61,4.77,46.8,55.0,71.2,70.3,71.8,62.0
033,1985,1.83,2.18,2.92,2.98,7.36,3.5,54.3,62.9,65.8,72.2,68.3,64.7
033,1986,2.48,3.48,5.82,6.9,2.88,4.13,51.5,60.4,68.1,73.8,67.3,65.3
033,1987,1.99,5.02,3.51,2.57,4.7,2.54,50.0,62.7,71.7,74.2,71.4,64.6
033,1988,2.74,1.3,0.53,3.46,2.83,3.59,48.3,61.6,70.7,75.5,74.6,62.9
033,1989,2.92,4.82,4.13,3.81,3.18,4.25,46.0,56.4,68.3,72.8,69.4,61.0
033,1990,2.34,5.71,4.81,4.98,5.52,2.94,48.5,56.0,68.2,70.8,68.6,64.2
033,1991,5.12,4.2,1.41,2.97,4.27,1.63,51.6,65.8,72.1,73.7,71.4,61.4
033,1992,3.26,2.9,2.47,6.45,2.0,6.45,46.6,57.6,64.0,69.5,66.1,61.2
033,1993,3.58,2.53,5.62,2.97,3.11,5.61,46.6,60.1,66.5,73.8,71.9,59.5
033,1994,5.47,1.42,3.84,3.67,2.27,1.0,50.5,56.6,71.0,71.6,67.5,63.5
033,1995,4.41,4.31,3.87,1.65,5.07,1.95,45.6,57.4,70.3,73.7,76.0,60.6
033,1996,4.36,7.21,5.81,3.94,3.74,2.51,45.7,56.6,70.0,69.6,71.1,62.7
033,1997,1.17,5.58,3.53,4.93,5.11,4.76,45.1,52.8,68.4,71.3,66.9,61.9
033,1998,4.02,1.96,4.2,3.59,6.01,0.56,49.5,64.8,68.9,72.0,71.5,67.0
033,1999,5.66,4.79,3.51,2.33,2.88,2.35,50.7,61.8,70.4,76.7,68.8,64.0
033,2000,3.1,5.66,6.09,1.87,4.08,5.08,48.0,61.2,68.1,69.6,69.9,62.3
033,2001,3.67,4.51,4.18,2.75,4.69,3.38,51.6,61.1,66.9,71.7,72.0,60.8
033,2002,3.9,4.41,2.28,3.77,2.06,2.27,50.3,54.8,70.4,75.3,72.2,67.3
033,2003,2.35,6.49,2.7,7.03,4.48,7.71,49.5,57.0,66.0,70.9,71.5,61.2
033,2004,0.41,7.82,4.4,5.75,3.3,1.46,51.1,62.6,66.8,70.7,66.8,65.8
033,2005,1.62,1.86,1.61,6.56,1.82,3.81,50.6,55.6,72.6,73.8,72.3,67.1
033,2006,2.29,6.15,2.41,5.07,3.5,2.39,52.5,58.0,68.0,73.5,71.1,60.6
033,2007,4.01,1.07,1.94,3.74,10.33,1.33,46.6,63.0,70.8,71.1,72.8,65.6
033,2008,2.95,2.75,4.51,3.76,0.87,5.17,50.4,55.6,70.0,71.8,70.3,66.2
033,2009,5.5,4.73,3.9,2.93,4.74,1.54,49.3,59.0,68.5,67.1,68.6,63.1
033,2010,4.44,7.66,5.24,2.36,1.54,2.19,54.0,62.1,71.0,74.7,73.0,64.6
033,2011,6.84,7.52,1.59,2.08,3.25,5.98,48.6,60.7,70.0,77.3,71.2,61.9
033,2012,1.16,1.48,1.16,2.76,3.45,2.49,49.9,65.5,71.0,78.4,69.4,62.5
033,2013,6.98,1.56,6.32,4.06,1.35,1.28,46.7,63.4,68.9,71.1,69.2,64.3
033,2014,3.62,4.2,4.13,1.23,2.5,4.19,48.5,59.9,70.2,66.9,70.6,61.9
033,2015,2.47,4.92,7.98,4.31,3.49,2.09,49.4,63.1,68.5,69.5,68.8,67.0
033,2016,3.26,3.27,4.38,2.43,3.65,3.39,48.5,59.0,70.0,73.2,73.7,67.6
033,2017,4.07,7.98,3.52,4.1,2.72,2.15,53.7,57.6,69.3,71.6,68.2,65.7
033,2018,3.11,5.75,4.94,2.15,5.87,1.74,41.8,65.2,70.2,72.5,72.5,67.1
033,2019,5.19,5.49,5.17,4.74,5.02,3.94,48.3,58.3,67.3,74.8,69.4,67.1
033,2020,2.48,4.3,1.84,1.71,3.26,1.83,45.7,57.0,69.8,75.5,70.5,62.5
033,2021,2.15,3.98,5.9,5.47,4.12,4.38,50.0,56.9,71.2,72.3,72.6,66.6
033,2022,2.25,5.46,3.2,6.13,5.03,1.79,45.6,62.5,70.7,72.4,70.6,64.3
033,2023,2.55,1.72,2.28,5.53,2.0,2.04,50.0,58.6,67.2,71.9,68.4,64.4
033,2024,5.75,4.28,3.0,3.75,2.1,1.58,51.6,63.3,71.2,70.6,70.5,66.6
033,2025,3.74,4.22,4.27,5.5,0.91,1.67,49.2,57.4,71.0,74.7,68.4,65.2
033,2026,7.27,2.57,2.45,2.67,5.58,,54.7,57.0,68.0,73.5,70.6,
035,1895,1.34,1.53,3.53,0.91,2.43,2.87,52.2,62.4,72.7,71.9,73.1,68.6
035,1896,2.03,4.22,4.15,9.55,7.52,6.01,57.3,68.1,69.4,73.2,70.9,61.4
035,1897,4.47,3.52,3.66,2.81,2.11,0.78,48.3,56.6,68.5,75.9,69.0,67.1
035,1898,2.6,5.56,2.56,3.31,3.59,3.3,47.6,61.2,71.4,75.2,72.3,68.6
035,1899,1.2,2.56,1.71,4.05,2.96,1.82,53.3,63.0,72.6,73.9,74.2,64.2
035,1900,2.11,4.76,4.95,4.34,3.54,2.3,50.0,63.6,69.7,73.7,76.4,68.4
035,1901,2.79,3.17,4.17,1.55,3.47,1.33,46.9,59.1,72.2,79.6,73.1,64.8
035,1902,1.83,3.18,9.06,2.68,1.6,5.59,48.8,64.6,68.1,74.8,69.3,63.1
035,1903,3.76,4.86,4.56,2.99,3.67,1.67,50.1,64.4,64.9,73.8,70.7,64.9
035,1904,4.65,3.76,3.54,2.76,2.47,2.98,44.2,60.4,67.9,71.3,68.6,65.0
035,1905,4.25,5.28,3.19,2.94,5.94,4.84,49.5,61.8,70.3,73.2,72.2,65.2
035,1906,2.3,2.39,2.75,2.59,6.19,2.67,52.4,62.7,69.5,72.4,74.4,68.2
035,1907,2.46,3.0,6.05,5.64,3.88,2.87,41.2,54.8,66.2,73.1,69.1,63.6
035,1908,3.2,4.92,2.1,3.03,1.83,0.88,51.1,62.4,69.4,73.9,71.9,68.8
035,1909,5.03,5.18,6.57,5.16,4.08,2.54,48.1,58.8,71.2,70.9,72.5,62.1
035,1910,3.33,3.68,1.8,3.23,1.19,7.03,51.0,55.9,67.1,73.8,70.4,65.1
035,1911,4.5,1.93,3.64,1.35,3.79,4.77,47.6,66.7,71.3,73.9,71.6,67.5
035,1912,4.34,4.26,2.19,5.38,5.48,4.01,51.5,63.2,67.0,73.4,69.2,65.8
035,1913,3.43,3.26,3.44,5.46,2.69,2.14,49.2,60.9,71.2,75.1,73.2,64.4
035,1914,3.21,2.51,2.33,1.66,4.82,2.23,50.0,63.3,72.8,76.1,72.7,64.2
035,1915,1.38,5.19,3.23,6.77,5.95,4.06,55.2,57.6,67.0,71.1,65.8,66.2
035,1916,1.84,4.19,5.29,1.45,4.71,1.64,48.8,62.4,65.5,78.4,74.1,63.9
035,1917,5.64,4.22,5.15,3.33,2.49,1.78,47.9,53.9,66.9,72.4,70.3,62.3
035,1918,4.57,3.92,2.61,2.17,2.83,4.09,47.4,66.6,70.4,71.5,77.0,56.7
035,1919,3.25,4.15,2.58,2.76,3.03,2.75,49.4,58.0,74.5,76.0,70.8,67.1
035,1920,6.16,2.93,4.46,4.89,2.96,2.3,45.1,59.2,70.3,71.6,70.0,67.0
035,1921,4.06,2.49,4.36,1.3,4.49,5.16,53.6,63.9,75.2,79.9,71.2,70.4
035,1922,8.56,3.89,1.58,3.19,2.55,2.2,52.5,65.2,71.7,72.9,71.8,68.6
035,1923,2.15,4.36,3.97,4.54,6.19,3.58,48.6,58.5,71.5,73.1,70.6,65.3
035,1924,2.52,3.42,8.86,1.39,2.58,4.18,50.5,54.2,68.8,70.3,71.2,59.8
035,1925,2.63,1.78,4.03,6.37,1.87,6.87,54.5,56.8,73.3,72.5,71.8,71.2
035,1926,3.26,3.03,2.98,2.5,8.21,11.79,43.8,61.7,65.8,73.5,73.6,66.1
035,1927,5.46,6.02,3.73,3.97,2.84,3.38,49.8,59.9,65.0,72.6,65.1,68.8
035,1928,2.7,2.72,7.93,4.8,2.22,0.9,45.8,59.3,64.2,72.9,72.9,61.2
035,1929,4.27,6.83,6.16,5.59,3.34,2.17,52.8,58.2,67.0,73.3,68.9,64.6
035,1930,3.08,1.65,4.6,2.63,2.82,3.58,51.5,61.9,69.0,74.5,71.2,65.2
035,1931,3.34,2.18,3.71,4.35,5.6,3.63,50.0,58.4,72.7,77.0,71.9,69.1
035,1932,2.25,0.74,6.75,1.91,1.39,8.12,49.3,61.0,71.5,74.7,72.1,64.3
035,1933,3.43,9.67,0.45,1.81,4.46,7.02,49.7,63.8,75.9,75.7,70.5,69.9
035,1934,2.24,0.67,3.99,1.51,3.66,4.34,49.9,64.6,76.3,79.7,72.5,66.0
035,1935,2.61,5.82,4.27,5.92,2.0,3.16,46.8,56.2,67.2,76.7,73.6,64.8
035,1936,2.6,3.19,2.01,1.25,3.62,3.83,45.6,64.0,70.2,79.8,77.3,68.9
035,1937,4.94,4.17,5.43,4.62,4.42,2.9,49.4,60.7,69.0,72.4,73.4,62.6
035,1938,3.52,6.61,6.62,4.01,1.68,3.92,51.4,60.8,68.3,73.5,73.9,66.1
035,1939,5.79,0.92,5.37,4.44,2.7,0.77,45.9,63.3,71.8,72.6,70.9,70.1
035,1940,5.84,3.38,1.92,2.09,2.34,0.81,46.1,57.2,71.4,74.5,73.5,63.0
035,1941,2.28,1.52,6.99,4.67,1.71,2.25,54.4,63.3,69.9,74.0,71.6,68.5
035,1942,3.0,3.73,3.7,4.86,3.31,2.94,53.7,61.8,70.6,74.4,70.8,62.8
035,1943,2.62,8.88,3.11,6.89,4.88,3.01,46.3,60.8,74.1,73.7,72.2,61.1
035,1944,5.97,3.96,1.7,1.26,4.05,2.14,48.1,66.5,74.3,74.6,73.6,65.4
035,1945,3.8,3.64,6.84,3.94,3.23,7.3,51.8,55.3,67.8,71.3,70.9,66.5
035,1946,1.7,5.96,4.28,3.62,2.37,0.63,50.8,57.9,69.6,73.1,67.2,65.6
035,1947,6.19,4.79,3.88,4.41,4.34,3.5,49.1,57.5,67.5,69.5,77.2,65.8
035,1948,5.93,3.73,5.79,2.94,2.09,3.22,53.9,59.2,70.0,73.7,71.5,66.1
035,1949,2.73,3.89,5.26,3.17,2.77,2.58,48.3,61.8,72.6,77.0,72.1,59.1
035,1950,3.7,2.72,5.03,3.98,3.48,4.67,43.9,62.2,67.8,70.9,69.2,63.3
035,1951,3.62,3.25,4.55,2.96,1.15,2.45,47.3,62.3,69.2,72.5,70.5,62.6
035,1952,4.01,4.16,2.9,1.55,3.74,6.14,50.2,59.6,75.2,76.6,70.4,63.3
035,1953,3.2,5.47,2.81,5.16,2.42,1.31,45.9,63.2,74.2,74.2,72.4,65.9
035,1954,3.08,2.61,2.73,3.5,6.01,0.27,55.7,55.9,73.8,75.0,71.8,67.9
035,1955,3.44,2.66,3.03,4.42,3.75,5.38,56.0,62.6,66.2,77.8,74.7,66.7
035,1956,4.31,5.49,3.67,3.08,2.57,0.66,47.5,61.6,70.6,71.6,72.2,63.2
035,1957,7.81,6.23,10.18,2.98,3.16,3.26,51.4,60.8,70.5,73.8,71.8,64.0
035,1958,2.68,4.14,12.74,5.48,3.48,3.15,50.7,59.4,65.8,72.6,71.0,64.3
035,1959,5.29,4.38,1.15,3.89,2.5,2.49,50.8,65.2,71.3,73.2,76.1,67.3
035,1960,2.09,4.76,3.55,3.71,3.24,1.12,53.4,57.8,67.8,70.5,72.6,68.2
035,1961,5.78,2.78,3.64,4.86,2.9,3.68,44.2,55.9,67.6,72.6,71.0,68.9
035,1962,0.88,4.81,2.62,7.83,3.7,1.49,48.7,66.8,70.4,71.4,70.8,61.6
035,1963,4.55,3.12,1.8,4.54,2.36,0.17,50.6,57.8,70.4,72.9,67.6,63.3
035,1964,9.55,1.15,4.31,4.21,1.54,1.51,51.2,64.2,71.2,74.0,69.9,64.8
035,1965,5.23,2.45,1.78,2.37,2.9,6.28,49.3,67.2,69.9,71.3,69.5,66.0
035,1966,3.42,2.75,2.64,1.98,2.13,4.28,46.7,55.7,70.2,76.2,70.4,63.0
035,1967,3.99,4.35,2.11,1.51,1.37,1.27,51.7,55.8,71.2,71.0,68.1,61.6
035,1968,2.93,6.74,4.4,3.03,5.63,2.06,51.5,57.1,70.7,73.7,72.8,64.8
035,1969,4.02,3.09,5.15,4.69,4.11,6.27,50.9,60.9,66.9,74.6,70.5,63.5
035,1970,5.1,2.58,3.32,4.04,2.91,2.51,51.1,63.9,69.4,72.8,71.0,67.4
035,1971,1.41,5.18,3.43,4.32,2.09,5.34,48.2,56.6,73.2,70.6,68.7,67.5
035,1972,6.76,4.3,3.56,3.58,1.74,8.97,48.3,62.3,65.4,72.6,71.0,65.6
035,1973,3.62,3.02,6.26,3.76,4.84,2.0,49.2,57.0,71.8,73.7,72.0,66.7
035,1974,2.6,5.46,4.51,1.14,4.57,2.89,51.4,58.8,65.9,73.8,71.0,60.0
035,1975,3.78,3.01,4.28,1.68,6.73,1.84,44.7,64.6,70.7,72.8,74.4,60.6
035,1976,1.28,3.1,4.94,3.12,1.72,1.6,52.7,57.7,69.9,71.9,68.2,61.7
035,1977,3.52,2.22,1.9,2.26,7.32,2.27,54.2,67.5,68.6,77.0,70.9,66.5
035,1978,4.71,3.65,3.45,3.61,6.79,0.9,49.7,58.7,70.3,73.0,71.3,68.1
035,1979,3.19,2.78,4.5,8.23,5.76,0.77,47.2,59.1,69.4,71.8,70.6,64.1
035,1980,2.21,3.39,7.59,4.61,6.0,2.16,47.4,61.7,67.5,75.8,75.4,66.3
035,1981,5.14,7.66,5.28,4.21,3.67,2.95,53.6,57.4,71.1,73.5,70.6,62.7
035,1982,2.21,4.35,3.83,2.99,3.25,1.01,45.3,66.6,66.1,73.8,68.9,63.4
035,1983,4.02,4.24,2.5,2.09,1.73,1.12,46.3,57.2,70.3,77.0,76.1,65.8
035,1984,4.42,3.96,1.0,3.46,2.82,4.25,47.5,57.0,73.5,70.4,72.1,62.6
035,1985,1.72,4.21,3.28,3.14,3.44,2.3,56.2,63.1,67.6,72.3,69.9,65.9
035,1986,3.27,4.73,5.51,5.89,2.46,4.5,53.2,61.9,71.0,75.6,68.8,67.9
035,1987,2.02,3.58,5.3,5.75,3.0,0.55,50.2,65.7,72.1,74.6,72.1,66.6
035,1988,2.66,1.29,0.78,3.92,1.65,3.08,49.5,62.8,71.9,76.5,75.3,64.5
035,1989,5.13,5.7,3.23,6.71,4.03,7.81,48.6,57.8,70.2,74.7,70.8,62.2
035,1990,2.81,5.7,6.09,4.73,8.54,3.15,49.8,57.5,69.5,72.4,70.2,65.5
035,1991,3.27,4.45,2.18,3.05,3.15,2.19,54.2,68.0,73.4,75.1,72.6,64.7
035,1992,4.81,2.44,5.97,10.81,3.27,4.29,49.9,58.8,65.3,71.5,66.8,63.1
035,1993,4.2,4.7,5.98,5.85,3.57,5.05,49.2,62.1,68.4,75.5,72.9,61.0
035,1994,4.56,2.84,3.12,2.77,4.17,1.08,52.0,57.4,72.4,72.6,68.3,63.4
035,1995,4.12,5.59,4.46,2.58,2.51,1.19,49.5,58.8,71.0,74.4,77.2,62.5
035,1996,5.65,6.91,3.85,4.51,1.06,4.9,47.5,58.8,70.7,70.8,72.2,63.5
035,1997,1.54,5.21,5.19,2.06,3.86,2.03,46.5,55.3,68.7,72.8,68.9,63.8
035,1998,5.27,3.33,8.57,6.62,4.07,1.04,52.1,65.4,70.4,72.7,73.1,68.4
035,1999,4.69,2.87,3.17,3.03,2.14,1.59,53.3,63.2,71.4,77.3,69.9,65.1
035,2000,3.8,5.3,5.44,4.43,4.05,5.07,50.1,64.0,69.8,71.0,70.4,63.2
035,2001,3.53,6.14,3.8,6.61,4.06,3.97,55.8,63.5,68.9,72.8,72.7,62.5
035,2002,5.28,6.4,2.81,2.56,3.75,3.32,52.8,57.2,73.2,76.3,74.0,68.4
035,2003,1.65,6.85,3.0,10.63,5.08,8.18,52.0,59.9,66.9,71.6,73.0,62.5
035,2004,1.19,5.92,5.24,3.61,3.64,0.47,52.5,65.6,68.6,70.9,67.9,66.6
035,2005,4.57,1.99,3.39,3.54,5.6,5.6,53.0,58.1,73.0,74.4,73.8,68.0
035,2006,4.26,5.65,5.09,3.33,4.98,2.8,54.5,59.4,68.6,74.7,72.2,61.8
035,2007,4.34,0.97,2.91,1.74,4.87,1.81,48.5,65.9,71.4,70.4,75.3,67.9
035,2008,2.38,5.01,7.52,4.28,2.62,1.41,51.4,57.6,71.5,72.4,69.6,67.0
035,2009,6.66,4.47,3.95,2.28,2.34,1.49,50.4,61.1,70.8,68.6,70.1,64.5
035,2010,1.92,5.38,8.98,4.05,2.93,0.95,56.9,63.6,73.0,75.5,74.2,66.6
035,2011,6.95,5.37,3.67,2.6,3.74,5.16,51.6,62.1,71.7,78.6,71.6,62.3
035,2012,1.46,3.69,1.28,2.56,3.83,5.73,51.6,67.2,71.3,78.9,70.6,63.2
035,2013,6.27,3.05,5.15,2.3,1.98,3.87,51.2,65.2,70.4,71.4,70.5,65.8
035,2014,6.02,4.11,6.36,2.17,6.65,3.13,51.4,62.4,71.8,68.2,71.4,62.8
035,2015,4.26,5.42,9.65,6.42,2.47,2.33,51.9,65.2,70.0,72.0,69.1,67.5
035,2016,3.29,3.11,4.08,2.7,8.42,3.52,51.5,60.8,72.3,74.3,75.6,69.7
035,2017,4.71,7.47,6.65,5.16,1.64,1.95,56.8,60.7,71.1,73.6,69.4,66.8
035,2018,3.63,1.51,5.83,4.37,5.88,5.59,44.5,69.8,73.6,73.1,73.7,69.3
035,2019,6.61,5.14,4.71,6.14,2.99,1.39,52.0,62.0,70.4,77.2,72.1,70.8
035,2020,1.41,4.26,2.95,4.14,2.38,1.54,48.9,59.3,72.1,76.4,71.6,65.6
035,2021,2.61,3.75,3.82,5.04,3.98,5.31,52.4,59.4,73.2,73.5,75.2,68.1
035,2022,3.13,4.91,1.84,5.43,2.97,1.95,49.6,65.4,72.7,75.0,72.4,65.9
035,2023,3.04,2.52,2.69,4.32,3.91,1.55,52.1,60.8,68.3,73.6,70.8,66.8
035,2024,7.33,3.2,3.12,3.33,2.67,2.47,54.4,66.6,72.5,72.0,72.5,67.6
035,2025,5.72,3.22,5.27,6.09,1.05,1.17,52.0,59.9,73.3,76.7,70.1,66.8
035,2026,4.54,4.97,4.68,3.04,12.46,,58.2,59.1,69.9,74.5,71.4,
037,1895,3.39,1.72,3.12,6.23,2.1,2.41,56.7,64.7,76.1,74.1,75.6,70.8
037,1896,0.74,6.9,4.99,4.42,1.84,5.65,62.1,71.0,72.4,75.4,75.1,65.8
037,1897,5.5,3.72,3.73,3.58,0.71,0.65,53.2,57.2,70.7,76.8,73.1,70.9
037,1898,2.92,5.25,3.62,2.17,4.95,5.62,51.3,64.9,74.1,76.9,75.3,71.1
037,1899,2.19,4.13,4.8,3.53,4.39,1.54,54.8,66.0,74.6,76.1,76.6,67.5
037,1900,1.41,4.19,9.11,4.17,2.68,3.26,53.9,65.1,72.2,76.8,80.5,71.8
037,1901,3.11,1.35,4.44,1.14,2.65,2.39,48.5,62.3,74.8,82.1,75.5,67.5
037,1902,2.22,5.89,5.81,2.12,3.12,3.95,52.1,69.4,71.8,76.5,73.2,64.9
037,1903,5.0,2.53,3.34,2.38,4.04,0.99,53.2,66.9,67.3,76.3,73.8,67.8
037,1904,2.78,2.26,4.61,3.1,2.5,4.8,48.3,63.1,70.6,73.5,72.8,68.8
037,1905,3.02,5.13,4.32,6.49,5.75,3.74,54.1,65.9,73.2,74.2,75.1,69.3
037,1906,1.43,1.74,3.57,2.44,4.69,5.92,56.7,65.1,72.6,75.0,77.1,72.1
037,1907,3.4,3.58,5.12,4.17,6.33,2.64,45.0,59.0,69.2,76.7,73.1,67.0
037,1908,5.6,5.28,2.14,2.85,1.37,0.97,54.6,65.2,72.2,76.4,75.2,71.1
037,1909,6.45,3.7,4.88,7.02,1.68,2.17,52.4,61.4,73.5,73.5,76.4,66.1
037,1910,4.94,4.06,2.63,9.55,1.45,6.37,53.6,59.1,69.6,75.1,72.3,69.6
037,1911,5.61,3.47,3.72,1.35,2.01,8.46,51.8,68.2,74.6,75.2,75.1,72.2
037,1912,6.72,5.2,2.73,6.68,5.96,3.89,55.4,65.2,68.4,76.3,73.1,69.2
037,1913,4.21,1.52,1.72,1.81,2.53,3.39,52.7,64.6,75.4,80.0,79.4,68.6
037,1914,2.9,0.8,1.47,1.84,5.43,3.17,53.4,65.3,77.4,79.0,76.1,66.7
037,1915,0.92,7.9,4.48,4.49,9.68,2.22,58.2,62.8,70.1,74.4,69.2,69.9
037,1916,2.61,3.12,10.33,3.54,5.37,2.17,51.5,65.8,68.7,79.7,77.0,67.0
037,1917,4.17,5.22,6.3,4.51,2.51,1.72,53.0,57.8,69.9,74.8,72.9,66.6
037,1918,4.25,6.37,4.07,4.04,3.89,4.12,51.1,68.9,72.2,73.1,79.1,60.7
037,1919,3.13,4.65,5.71,0.68,3.03,2.01,55.2,61.8,76.0,78.6,73.5,70.4
037,1920,4.2,4.59,1.93,3.52,6.06,3.52,51.0,63.2,71.8,74.4,72.2,68.9
037,1921,4.17,2.65,2.99,2.43,5.32,6.8,57.0,64.8,76.8,80.4,73.8,73.1
037,1922,4.47,3.39,2.89,4.2,1.16,1.74,57.2,67.0,73.7,74.5,74.0,71.5
037,1923,3.72,5.09,2.91,3.57,7.01,3.08,51.6,61.7,71.9,75.4,74.3,67.5
037,1924,3.61,4.65,4.25,1.78,4.21,2.72,55.9,57.9,73.2,72.8,74.8,64.2
037,1925,2.07,1.27,5.09,2.67,2.65,5.96,60.4,59.7,75.7,75.5,74.5,75.0
037,1926,3.7,1.01,2.93,2.69,5.45,6.11,49.0,65.4,69.4,77.0,76.2,70.6
037,1927,5.33,10.01,3.35,2.67,3.29,5.99,56.2,63.3,68.4,74.8,68.7,71.8
037,1928,4.39,3.71,7.33,2.5,4.14,1.09,49.9,62.3,67.4,75.8,76.2,64.0
037,1929,4.61,7.97,3.05,2.83,3.03,4.18,57.4,61.9,70.4,76.3,72.6,67.4
037,1930,1.69,1.09,2.54,0.64,2.55,4.47,57.1,65.1,71.7,79.6,76.2,70.1
037,1931,3.97,2.9,1.99,4.92,4.49,4.55,54.1,61.0,74.8,79.2,74.4,73.6
037,1932,3.4,1.25,4.22,3.54,6.06,8.13,54.8,64.3,74.0,78.0,74.8,67.5
037,1933,5.29,9.55,0.65,2.75,2.63,3.48,53.5,66.9,77.1,77.3,73.9,74.8
037,1934,1.23,1.68,5.88,3.37,5.17,5.89,54.5,66.6,77.7,80.4,75.6,67.1
037,1935,2.78,8.49,6.46,2.56,4.18,1.93,52.2,61.0,69.0,78.5,76.0,67.6
037,1936,3.62,1.63,0.98,3.06,0.91,3.99,50.0,67.5,74.2,82.2,81.2,73.0
037,1937,4.69,4.37,3.92,1.44,3.49,3.31,53.0,64.6,73.6,75.7,78.0,65.9
037,1938,1.4,5.14,4.69,4.9,2.89,2.6,57.3,64.4,71.5,77.0,77.8,70.5
037,1939,6.05,1.28,6.21,3.29,3.07,1.36,51.3,66.3,74.5,76.7,74.5,73.4
037,1940,6.81,3.22,2.64,1.71,2.72,1.93,52.3,61.4,73.6,76.7,76.9,66.4
037,1941,2.98,1.35,4.96,3.36,4.0,2.07,59.0,67.1,74.6,78.0,76.2,72.0
037,1942,3.33,4.32,7.56,3.1,2.56,1.6,56.5,64.5,73.4,77.3,74.5,67.2
037,1943,3.55,6.73,4.09,3.65,1.13,2.92,52.7,65.5,77.3,78.5,78.0,64.7
037,1944,5.97,3.51,1.45,1.22,5.69,3.39,54.1,69.3,77.3,77.1,75.9,67.8
037,1945,5.38,4.04,8.47,3.88,3.74,7.27,55.9,60.5,70.7,74.4,73.8,70.1
037,1946,2.33,6.62,3.89,3.13,5.44,1.21,57.6,61.9,73.6,76.2,70.3,67.3
037,1947,7.93,5.75,4.64,3.17,1.76,3.13,55.8,61.5,71.2,72.0,80.8,68.9
037,1948,4.26,3.86,2.61,8.25,1.05,2.34,57.9,63.1,73.7,76.6,74.2,68.8
037,1949,1.85,2.79,6.91,2.51,4.27,2.79,53.0,65.3,74.1,79.9,75.1,62.5
037,1950,5.35,4.33,4.27,3.13,4.27,5.91,49.7,65.6,71.6,73.1,71.4,66.0
037,1951,3.8,2.05,6.72,2.43,3.66,2.92,51.7,65.2,72.8,76.5,75.2,65.8
037,1952,3.37,2.25,4.61,1.66,2.84,3.81,53.9,64.2,78.8,78.7,74.7,66.4
037,1953,4.06,3.99,1.98,3.23,0.74,0.56,51.0,66.3,77.2,77.1,75.9,68.6
037,1954,2.82,2.95,1.81,1.96,5.2,4.04,60.2,59.6,76.4,79.4,77.2,71.1
037,1955,5.36,4.33,3.16,4.91,0.79,4.68,59.9,65.7,68.0,80.7,77.8,71.2
037,1956,5.15,3.71,2.77,3.14,2.68,2.53,52.1,65.2,73.5,76.0,74.8,65.8
037,1957,5.68,6.54,6.08,3.39,2.1,2.11,57.4,64.3,73.9,76.0,73.9,67.5
037,1958,3.53,4.4,5.49,11.83,5.58,3.81,54.5,63.3,70.0,75.3,73.9,68.0
037,1959,1.35,5.37,1.96,4.35,3.97,3.65,55.7,67.6,72.5,75.7,77.4,70.0
037,1960,2.45,4.98,6.49,3.09,1.91,1.03,57.5,60.5,71.0,73.8,75.7,71.5
037,1961,5.48,10.52,4.56,3.95,3.19,0.92,49.1,59.0,69.8,75.3,73.3,71.0
037,1962,0.86,4.61,4.09,3.88,3.16,3.12,51.2,71.1,72.6,75.0,74.3,64.4
037,1963,1.96,3.78,2.32,5.41,2.43,0.93,57.2,61.9,72.8,74.1,72.8,66.7
037,1964,4.75,2.31,4.07,3.9,2.35,2.18,57.9,66.7,74.1,75.5,74.5,67.4
037,1965,3.4,1.7,4.41,3.98,2.54,6.79,56.5,69.0,72.6,74.6,73.6,68.4
037,1966,5.96,3.65,1.27,1.94,4.69,3.99,51.1,60.1,71.5,79.6,72.4,65.0
037,1967,4.05,6.25,3.22,3.54,3.18,1.36,57.6,60.8,72.3,72.3,69.5,64.2
037,1968,4.15,6.96,2.72,4.45,4.29,4.22,55.3,61.5,73.1,75.9,75.2,66.7
037,1969,3.78,4.19,4.59,7.57,4.28,3.31,55.3,64.3,72.3,77.1,72.9,66.2
037,1970,6.32,3.61,5.71,3.5,3.63,2.27,56.3,66.2,71.4,73.9,74.0,72.6
037,1971,2.3,4.58,3.26,4.62,3.57,5.06,53.3,59.1,75.1,73.3,72.1,70.0
037,1972,8.78,2.87,1.33,3.62,3.62,2.9,54.4,65.2,69.7,75.0,73.9,71.0
037,1973,5.73,4.71,6.02,4.98,2.6,1.58,53.0,59.7,73.5,76.5,74.7,70.8
037,1974,3.82,6.38,3.25,1.52,8.96,4.31,55.2,64.0,67.9,75.6,73.4,62.3
037,1975,6.24,3.88,4.13,4.03,5.77,3.23,51.4,67.0,72.8,74.8,76.1,63.3
037,1976,1.37,5.05,4.86,4.54,3.22,3.61,55.0,59.2,70.9,74.4,71.1,64.3
037,1977,4.07,2.84,5.4,4.84,8.35,2.57,58.3,68.8,71.6,78.0,74.5,70.9
037,1978,4.16,4.56,3.45,7.14,6.54,1.28,55.1,61.7,73.3,76.5,74.0,70.4
037,1979,5.75,4.55,7.33,13.01,6.55,3.17,52.2,61.4,72.2,73.9,73.4,66.8
037,1980,3.26,4.09,5.5,5.01,2.95,2.77,51.2,63.7,71.2,79.1,78.5,69.8
037,1981,4.22,7.95,2.27,3.81,5.21,2.21,59.3,59.5,74.3,76.7,73.4,65.3
037,1982,2.68,3.85,4.93,2.96,4.64,5.97,49.1,68.0,68.5,76.7,72.0,65.5
037,1983,9.02,10.91,2.42,1.45,2.6,1.39,48.9,60.5,72.1,79.3,79.6,69.1
037,1984,6.26,4.59,1.93,3.46,2.39,5.82,52.4,60.6,75.6,73.5,74.6,65.9
037,1985,2.26,4.75,5.18,2.87,5.55,1.75,58.4,64.9,70.8,75.7,72.9,67.0
037,1986,1.74,4.35,4.07,7.71,3.0,5.31,56.6,65.6,74.2,78.3,71.2,70.7
037,1987,2.57,2.83,6.16,4.04,1.23,1.65,52.4,69.3,74.3,76.9,76.8,69.2
037,1988,2.5,2.33,0.62,6.01,3.27,2.72,53.6,64.1,73.0,77.0,77.2,67.3
037,1989,4.19,3.89,4.1,8.13,3.23,3.53,53.8,59.7,71.4,75.2,73.6,66.2
037,1990,3.61,11.3,6.11,5.23,3.6,2.47,52.2,60.3,71.7,74.4,72.6,68.6
037,1991,2.83,2.55,1.75,1.9,1.79,2.56,57.3,69.9,74.6,77.4,75.6,68.1
037,1992,2.38,3.33,2.46,5.79,2.93,3.18,54.5,61.1,68.6,75.6,70.1,65.9
037,1993,5.3,4.23,4.79,3.43,3.56,7.88,51.6,63.4,71.4,79.0,75.5,64.5
037,1994,6.19,3.26,3.9,2.29,3.01,3.73,55.7,59.9,74.2,75.2,71.7,64.8
037,1995,5.61,11.29,4.85,3.97,4.55,1.11,54.8,62.7,72.0,76.0,78.5,65.1
037,1996,11.02,9.81,6.11,4.57,2.07,8.33,50.5,65.8,72.4,73.5,74.2,65.2
037,1997,3.3,7.63,5.45,1.1,3.05,1.6,48.9,58.6,70.0,76.0,72.3,66.9
037,1998,8.62,5.33,5.7,5.62,3.2,1.24,53.8,67.5,73.1,75.5,74.9,71.5
037,1999,4.49,3.45,6.27,3.42,1.13,0.64,56.3,64.4,73.2,78.6,73.7,67.3
037,2000,3.06,3.69,6.77,4.16,8.03,4.11,52.6,66.4,72.6,73.9,74.1,65.8
037,2001,1.56,3.52,4.83,5.33,3.14,4.51,59.5,65.7,70.7,75.6,75.5,65.9
037,2002,5.73,9.77,2.35,1.41,1.89,5.31,57.2,61.5,74.4,78.8,77.2,71.9
037,2003,4.6,7.16,3.76,5.25,2.01,3.45,56.2,63.3,68.1,75.1,75.8,65.8
037,2004,3.02,9.79,2.78,5.52,3.56,0.17,55.2,68.8,71.7,73.6,70.7,68.2
037,2005,3.22,2.62,3.68,3.9,6.49,2.37,55.6,61.7,74.2,76.1,77.4,70.8
037,2006,5.32,5.98,5.17,4.9,6.08,8.52,59.0,62.3,71.9,76.7,76.3,63.7
037,2007,4.15,1.89,3.44,2.63,1.1,3.04,52.2,68.2,73.7,73.7,80.2,71.2
037,2008,6.36,6.71,3.92,4.5,0.95,2.92,54.3,60.7,74.6,74.9,73.0,69.3
037,2009,5.54,7.58,5.3,7.39,2.48,6.46,55.1,64.3,74.3,71.1,72.5,67.5
037,2010,3.38,6.14,5.14,6.31,1.51,0.48,59.9,66.7,77.0,78.3,77.8,69.4
037,2011,12.01,7.57,6.96,3.03,1.43,5.61,57.5,63.8,74.4,80.0,74.4,65.8
037,2012,2.3,2.77,0.91,2.93,2.53,7.57,56.4,70.1,72.9,82.2,74.0,66.4
037,2013,3.75,4.47,6.15,3.93,2.4,2.99,54.2,65.5,72.9,73.9,73.5,69.2
037,2014,8.87,6.58,4.44,3.14,5.26,2.92,55.8,65.5,74.5,71.4,74.4,65.9
037,2015,8.94,4.29,10.7,6.02,2.53,1.58,56.8,66.2,73.8,76.0,71.8,69.9
037,2016,5.53,5.31,3.55,6.84,4.79,2.36,55.6,62.1,75.5,77.0,77.3,71.8
037,2017,6.45,6.6,2.95,9.13,1.35,3.43,60.1,64.9,72.5,76.4,71.8,68.1
037,2018,4.08,3.73,9.26,3.08,2.57,6.92,48.8,71.8,75.4,75.6,75.6,72.1
037,2019,6.85,7.69,9.8,4.5,5.39,0.37,55.6,67.0,71.5,76.1,74.2,73.3
037,2020,3.63,5.8,4.2,6.04,3.71,1.68,51.6,61.9,73.1,77.7,73.0,66.6
037,2021,3.92,2.69,5.78,6.03,5.69,5.14,53.8,61.5,73.6,75.1,76.1,69.2
037,2022,4.23,6.11,2.06,10.06,3.36,3.45,52.6,67.1,73.0,76.9,74.6,67.6
037,2023,3.75,3.33,2.74,4.88,4.75,0.51,54.7,63.7,69.2,75.5,73.0,68.6
037,2024,5.71,6.31,1.68,5.27,2.42,4.93,57.7,68.0,73.8,75.1,74.8,70.2
037,2025,8.63,5.83,4.0,8.18,3.06,2.7,56.1,62.3,74.3,79.1,73.0,69.0
037,2026,4.66,6.72,8.71,3.36,5.17,,62.8,63.2,72.8,78.3,75.8,
039,1895,1.34,1.96,1.61,1.81,3.0,1.7,49.4,59.8,70.9,70.0,71.2,66.6
039,1896,2.82,3.77,3.55,9.29,5.85,5.2,53.4,65.8,68.0,70.9,69.8,59.0
039,1897,2.63,3.58,3.22,2.14,2.82,0.46,44.9,54.3,66.1,74.2,66.7,66.3
039,1898,1.31,3.83,3.16,2.67,3.28,3.27,44.6,58.2,69.5,73.1,70.0,65.4
039,1899,0.88,4.76,2.14,3.43,1.76,3.46,51.2,60.5,70.1,71.8,71.8,60.7
039,1900,1.61,2.55,3.98,6.27,4.91,1.49,48.3,61.1,67.3,70.9,74.2,65.0
039,1901,1.91,2.54,3.45,2.69,2.99,1.3,45.5,56.3,69.7,77.4,70.4,62.6
039,1902,1.92,5.79,8.12,4.43,1.57,5.18,45.7,60.4,63.8,71.5,66.0,59.6
039,1903,5.07,2.14,4.55,5.7,4.9,3.26,46.5,61.6,62.1,70.4,66.3,62.0
039,1904,3.15,3.64,1.5,3.32,3.81,3.06,40.7,57.9,65.8,69.7,66.0,62.5
039,1905,3.98,6.59,4.05,4.61,4.46,3.94,45.6,57.3,66.9,70.4,70.0,63.9
039,1906,2.24,2.66,4.48,3.17,4.26,2.01,48.4,59.3,66.7,69.8,72.4,66.7
039,1907,2.93,3.65,4.68,4.67,3.44,4.54,37.9,51.1,64.0,69.7,66.5,60.8
039,1908,3.02,6.63,2.17,2.24,2.92,0.95,46.7,59.0,66.7,72.0,69.3,67.2
039,1909,4.88,3.29,5.66,2.99,4.34,3.1,43.2,55.2,67.2,68.9,70.2,59.4
039,1910,3.35,4.12,1.07,2.31,3.7,5.13,48.0,52.6,65.0,73.1,68.6,61.8
039,1911,3.93,2.22,5.3,1.93,3.89,4.04,44.1,64.2,69.4,72.0,68.0,63.4
039,1912,2.97,5.08,2.23,6.05,6.36,3.5,47.6,59.8,64.9,70.7,66.5,64.0
039,1913,2.33,5.17,1.17,3.55,3.49,2.31,46.8,57.4,68.9,72.4,71.0,61.8
039,1914,2.28,5.4,3.71,1.22,3.56,2.27,45.7,59.8,69.0,73.2,70.0,62.1
039,1915,1.92,4.65,2.13,5.43,4.82,3.67,52.4,53.4,63.0,68.3,63.4,64.3
039,1916,1.55,6.57,5.73,0.96,3.01,5.7,46.6,58.9,63.0,77.1,72.8,61.4
039,1917,3.16,3.61,3.93,2.57,2.66,1.42,44.7,51.0,63.9,70.3,68.0,59.3
039,1918,2.43,4.34,2.77,1.11,1.63,3.35,44.8,63.7,67.4,69.8,74.6,55.8
039,1919,3.8,4.39,2.73,1.19,2.83,2.69,46.4,54.9,72.0,74.8,68.8,65.4
039,1920,6.24,2.15,3.29,3.64,1.14,2.17,41.2,55.4,67.4,68.0,68.5,65.6
039,1921,3.97,3.44,2.55,1.95,6.24,3.45,51.4,60.8,72.6,77.8,69.3,67.1
039,1922,4.59,5.47,2.25,2.76,1.19,1.55,48.2,62.4,68.9,70.3,70.7,67.0
039,1923,1.09,3.65,3.06,4.16,2.94,3.63,45.1,55.9,70.8,71.7,68.1,62.8
039,1924,2.41,3.17,6.51,2.1,2.17,3.21,45.9,51.5,64.4,67.4,68.1,57.2
039,1925,1.57,1.24,1.99,3.86,1.83,5.45,52.2,53.6,70.9,70.5,69.5,66.5
039,1926,3.09,3.19,4.88,2.97,3.25,5.47,40.1,58.0,62.0,71.0,71.2,61.8
039,1927,5.67,5.05,2.06,2.26,2.37,5.99,46.5,56.1,62.9,70.9,63.8,66.8
039,1928,1.51,2.01,5.09,2.61,4.94,1.92,42.9,57.1,61.9,71.5,70.8,58.8
039,1929,6.77,3.99,3.33,1.97,2.77,3.34,48.8,55.4,64.4,72.6,68.1,63.2
039,1930,2.61,3.19,2.3,1.31,1.14,2.34,47.7,59.0,67.9,73.4,70.2,64.7
039,1931,1.93,3.53,4.25,1.69,3.71,5.41,48.1,55.5,70.5,75.3,71.6,68.2
039,1932,1.19,2.61,3.44,4.05,3.09,3.98,45.8,58.8,69.2,72.3,70.5,61.6
039,1933,3.99,5.03,3.51,2.45,2.41,5.46,47.6,60.4,74.0,73.8,68.7,67.6
039,1934,2.17,1.44,2.75,1.21,3.04,5.02,45.9,62.8,74.2,77.8,70.7,63.6
039,1935,2.56,5.85,3.4,2.65,5.56,2.13,44.2,52.3,65.5,75.1,71.0,62.2
039,1936,2.93,1.97,2.04,0.75,3.41,5.65,42.6,61.9,66.9,77.2,74.2,65.6
039,1937,4.84,3.47,5.9,4.06,3.74,2.53,45.7,58.4,66.2,71.9,72.2,61.8
039,1938,2.61,6.03,4.3,3.88,2.47,2.94,48.6,58.4,66.0,72.2,72.7,63.0
039,1939,4.26,1.83,5.94,4.21,6.28,0.75,43.1,61.5,70.0,71.1,69.7,66.5
039,1940,4.29,4.97,4.7,1.63,3.36,0.91,43.6,54.8,68.9,73.0,71.2,61.4
039,1941,2.75,3.15,4.03,1.63,1.34,2.15,52.7,61.4,69.2,73.3,71.5,67.3
039,1942,2.12,2.83,3.4,4.52,5.25,3.3,51.2,59.9,68.4,72.0,68.0,59.9
039,1943,3.86,10.02,3.19,6.5,4.54,4.57,43.6,56.6,71.8,72.2,70.3,59.0
039,1944,4.25,3.94,2.51,1.22,3.59,2.43,44.2,63.1,71.9,72.6,72.1,63.5
039,1945,3.77,5.07,2.97,4.61,2.8,5.59,48.7,52.0,64.6,70.0,69.1,63.0
039,1946,1.28,3.62,4.92,0.63,1.68,2.19,48.3,56.0,67.1,72.4,67.0,64.2
039,1947,6.41,4.27,3.67,3.06,4.06,5.14,46.0,53.5,65.0,68.9,77.1,64.0
039,1948,2.04,4.93,4.0,2.41,1.24,2.35,51.4,55.9,67.0,72.9,70.7,65.8
039,1949,1.86,3.73,6.39,4.74,2.81,2.99,46.1,59.8,71.2,75.2,70.7,57.4
039,1950,5.91,1.82,6.25,6.14,1.8,4.73,41.1,59.6,66.9,69.0,68.0,61.7
039,1951,4.1,4.1,3.29,5.8,5.44,2.71,44.8,60.2,66.4,70.4,67.3,60.2
039,1952,3.43,5.17,4.34,5.43,3.77,2.47,48.4,56.2,71.8,73.7,68.7,62.4
039,1953,2.9,2.9,3.78,2.65,3.52,1.87,44.1,60.4,71.3,73.7,71.4,63.4
039,1954,6.06,2.2,4.75,5.2,5.46,1.9,51.7,54.0,71.2,72.3,68.9,65.2
039,1955,3.08,1.79,2.71,4.63,5.03,2.23,54.1,60.9,66.0,77.4,74.7,64.3
039,1956,5.1,5.44,2.01,2.78,3.81,0.65,45.1,58.5,70.4,71.6,70.1,61.6
039,1957,5.75,2.42,4.81,2.28,3.21,1.91,47.7,58.2,68.7,72.8,69.7,61.4
039,1958,1.93,1.58,4.81,7.62,4.7,3.31,48.3,58.2,63.4,70.9,69.8,62.8
039,1959,4.74,3.26,3.39,3.63,1.38,4.71,47.8,63.1,69.9,71.6,75.7,66.6
039,1960,3.03,3.64,5.03,2.51,2.81,3.48,51.0,56.6,65.8,70.2,70.8,67.0
039,1961,5.29,1.96,3.06,4.06,3.68,5.24,42.2,54.6,66.8,71.0,69.6,67.0
039,1962,1.8,3.51,2.96,4.25,1.75,1.56,47.0,64.8,68.8,69.3,70.2,60.4
039,1963,2.39,2.89,2.54,5.18,2.75,1.3,49.1,56.5,68.9,71.7,66.1,62.1
039,1964,3.5,2.16,4.47,4.0,2.95,2.57,49.2,63.0,69.9,73.2,68.0,62.6
039,1965,4.64,2.6,2.04,2.68,7.02,4.63,46.4,64.3,67.6,69.8,67.4,63.5
039,1966,4.32,3.74,1.69,3.61,4.26,1.22,44.7,52.8,69.8,74.2,68.0,61.0
039,1967,4.63,1.97,2.86,1.45,2.28,3.1,49.0,54.0,70.4,69.4,66.4,60.7
039,1968,3.24,3.0,7.87,2.76,3.72,4.23,49.9,55.3,68.6,71.5,71.0,63.0
039,1969,4.53,2.77,4.37,6.12,0.69,2.13,49.4,58.8,64.7,72.2,70.8,63.0
039,1970,5.1,4.44,3.55,4.22,2.87,5.5,48.2,61.5,67.6,72.1,70.2,64.1
039,1971,0.67,2.37,2.28,2.99,2.46,3.05,46.0,55.9,73.2,70.0,68.5,66.2
039,1972,4.13,3.97,2.48,3.61,2.35,8.55,45.8,60.6,64.8,71.2,69.8,62.8
039,1973,2.78,4.3,2.92,3.49,2.18,1.41,48.0,54.9,70.4,72.6,71.1,65.1
039,1974,2.65,5.19,3.67,0.85,1.77,3.13,49.6,55.9,65.3,73.9,70.3,59.7
039,1975,4.6,3.99,5.92,1.22,7.6,1.68,42.0,62.5,69.0,71.1,71.5,57.6
039,1976,3.05,4.28,5.34,6.55,2.6,3.1,50.4,56.0,69.4,71.6,67.2,60.3
039,1977,2.71,1.4,4.56,2.84,5.15,6.22,53.6,66.6,66.2,74.8,68.2,63.9
039,1978,3.44,2.6,3.45,3.41,2.5,3.52,47.1,58.8,68.2,70.8,70.4,67.4
039,1979,3.95,2.54,3.44,1.67,8.58,0.02,45.1,57.4,68.4,70.5,68.6,62.7
039,1980,3.05,2.73,3.89,3.25,6.85,4.35,45.8,59.7,65.8,74.8,72.3,63.7
039,1981,6.1,5.43,8.32,7.24,3.48,5.1,51.4,55.9,68.9,71.5,69.1,62.1
039,1982,1.75,4.17,3.39,3.55,3.13,2.36,42.5,65.1,64.2,72.6,67.6,62.0
039,1983,5.06,4.9,2.63,3.13,2.09,3.05,44.0,54.5,68.7,76.1,74.4,64.3
039,1984,3.93,4.84,2.89,2.54,1.38,5.15,46.2,54.9,71.4,69.5,71.9,61.2
039,1985,2.29,1.83,2.66,2.95,4.42,3.0,53.4,62.2,65.6,71.5,68.0,63.9
039,1986,2.18,3.52,5.38,6.08,2.52,4.88,51.0,59.7,68.1,73.9,66.6,65.1
039,1987,3.04,3.91,3.63,4.43,4.33,3.45,50.0,63.3,71.8,74.1,70.9,63.5
039,1988,3.44,1.84,0.66,3.08,5.37,3.44,47.9,60.9,70.4,74.2,74.0,63.2
039,1989,2.87,3.37,5.31,3.48,4.31,3.58,46.2,56.3,67.6,72.6,69.2,60.4
039,1990,2.54,6.24,3.66,5.11,5.15,3.75,48.2,55.4,68.1,70.7,68.7,63.9
039,1991,5.04,3.54,1.82,2.6,3.68,3.39,51.4,66.2,72.2,73.7,71.3,61.2
039,1992,1.98,2.02,1.98,7.53,2.22,6.94,45.7,57.0,64.2,69.0,65.5,60.6
039,1993,3.5,2.83,10.05,2.39,3.68,6.26,46.1,59.8,66.5,73.3,72.0,58.8
039,1994,3.7,0.9,4.73,3.23,3.39,1.84,50.2,56.2,70.3,72.0,67.0,63.6
039,1995,4.28,4.13,4.17,3.07,4.0,1.28,45.5,57.2,70.1,73.7,76.2,60.8
039,1996,4.3,6.53,6.3,4.58,2.13,3.28,44.5,56.8,69.6,69.1,70.7,62.7
039,1997,1.37,5.02,4.95,4.38,5.44,3.36,44.0,52.4,68.2,71.3,67.3,61.9
039,1998,4.12,2.29,4.23,3.27,6.85,1.46,49.4,65.0,68.4,71.5,71.7,66.6
039,1999,7.01,3.11,2.97,2.64,2.68,1.6,50.5,62.4,70.4,76.6,68.3,64.0
039,2000,3.28,4.76,6.25,2.34,3.1,3.65,47.3,61.2,67.9,69.6,70.1,62.6
039,2001,3.74,4.19,3.91,4.39,6.08,3.87,52.2,61.3,66.8,71.6,71.8,60.8
039,2002,4.06,5.83,2.78,3.17,2.5,1.22,49.3,54.5,70.6,75.2,71.8,67.3
039,2003,3.3,7.04,1.39,5.72,3.71,5.02,49.9,56.7,66.1,71.0,71.7,61.5
039,2004,0.36,7.55,5.59,5.71,4.74,0.93,50.7,61.8,66.5,70.3,66.4,64.9
039,2005,0.93,1.41,2.46,5.43,3.77,4.98,51.6,56.5,73.3,74.2,72.1,67.0
039,2006,1.88,4.94,2.27,8.19,3.39,2.33,52.4,58.0,68.1,74.0,70.8,60.9
039,2007,4.47,2.01,2.87,3.25,10.56,1.62,46.8,64.1,70.6,71.2,72.6,66.1
039,2008,2.43,3.18,4.58,3.32,1.25,8.46,50.4,56.0,69.6,72.1,69.8,65.3
039,2009,4.99,4.15,3.69,3.29,7.11,1.28,48.6,59.4,68.5,67.3,69.0,63.2
039,2010,3.32,5.84,5.47,3.63,0.83,2.62,54.2,61.6,70.7,74.6,73.5,64.5
039,2011,7.15,6.59,3.13,3.76,2.42,5.74,47.9,60.5,69.8,76.4,70.7,61.3
039,2012,2.0,1.94,1.15,4.55,4.28,2.19,49.5,65.2,70.4,78.8,69.2,62.6
039,2013,6.97,2.55,6.07,2.45,2.34,2.51,46.7,63.0,68.8,71.5,69.6,64.8
039,2014,3.4,4.19,5.9,2.58,3.66,3.01,48.4,60.0,71.0,68.0,71.0,62.3
039,2015,2.42,4.93,5.52,6.25,3.47,3.05,49.4,62.6,68.4,69.9,69.2,67.4
039,2016,3.35,2.77,4.28,2.29,6.36,4.1,48.1,58.8,70.0,73.5,74.2,67.8
039,2017,2.93,5.98,2.3,3.83,2.95,2.39,53.0,57.8,69.9,72.0,67.9,65.7
039,2018,3.03,6.15,4.36,3.21,4.65,2.03,41.2,66.5,70.6,73.0,72.6,67.6
039,2019,5.02,5.35,5.05,3.26,1.91,6.14,48.2,58.4,67.8,74.8,69.8,68.0
039,2020,3.65,4.14,2.52,3.28,3.39,1.88,45.7,57.5,71.0,75.4,71.4,63.1
039,2021,2.26,2.93,8.11,2.55,4.51,2.29,49.2,57.7,71.8,72.2,73.7,67.3
039,2022,3.08,3.01,3.22,4.38,4.11,2.29,45.4,62.4,69.7,73.1,71.6,64.4
039,2023,2.72,1.56,1.62,5.75,2.24,1.43,50.0,59.7,67.7,72.0,69.7,65.0
039,2024,4.83,4.88,4.02,5.8,1.87,2.52,51.3,63.4,71.5,71.2,71.1,66.8
039,2025,3.11,2.78,5.44,3.98,2.11,2.89,49.0,57.8,71.7,75.3,70.0,65.6
039,2026,6.96,1.85,5.31,4.64,4.04,,54.4,58.0,68.6,74.4,70.9,
041,1895,1.62,1.76,4.11,1.18,1.58,2.25,52.5,61.5,73.1,72.8,74.1,69.2
041,1896,1.35,3.36,3.92,6.5,7.93,5.51,58.1,68.8,70.4,74.2,71.8,61.9
041,1897,5.22,3.66,3.5,4.31,1.58,1.1,49.6,57.2,69.1,76.4,69.7,67.1
041,1898,1.71,3.19,2.65,3.22,4.02,5.17,48.4,61.9,72.3,75.8,73.4,69.4
041,1899,1.68,2.6,1.7,3.58,4.11,1.39,53.7,63.1,72.9,74.6,75.1,65.4
041,1900,1.87,5.68,4.65,6.29,3.39,1.93,50.3,63.6,70.5,74.1,77.1,70.0
041,1901,2.82,2.52,3.82,2.13,4.14,1.64,47.3,60.4,72.2,80.2,74.0,65.8
041,1902,2.16,3.9,8.67,2.28,1.76,5.28,49.2,65.3,69.2,75.1,70.6,63.8
041,1903,3.2,4.39,4.0,5.23,2.94,1.18,50.6,64.6,65.5,74.2,71.5,66.0
041,1904,3.18,3.62,3.17,2.54,1.45,3.03,45.4,61.0,68.8,72.1,70.5,66.6
041,1905,4.0,7.29,3.05,3.15,5.88,3.27,50.6,62.7,70.9,73.6,73.1,66.5
041,1906,2.1,2.11,3.22,3.26,4.72,3.22,53.0,62.4,70.0,73.2,75.1,69.1
041,1907,2.62,2.56,5.12,5.81,2.98,2.84,41.6,55.8,66.7,73.9,70.3,65.4
041,1908,3.68,5.45,2.32,3.17,1.87,0.85,51.7,62.7,69.4,74.2,72.5,69.1
041,1909,4.37,5.84,4.58,5.19,3.37,1.83,49.3,59.0,71.8,71.2,73.0,63.2
041,1910,3.16,4.75,1.71,4.9,0.97,5.64,51.4,56.1,66.5,73.7,70.6,66.6
041,1911,4.74,2.06,4.02,1.25,3.09,4.63,48.0,66.4,71.5,74.0,73.1,69.3
041,1912,4.88,3.16,1.55,4.54,5.14,3.0,52.9,63.4,67.2,74.2,70.5,66.9
041,1913,4.0,3.14,3.88,4.76,3.76,2.66,50.1,61.3,71.2,75.8,73.9,64.6
041,1914,3.92,1.79,2.76,1.88,4.64,2.05,50.6,62.9,73.0,76.0,73.0,65.0
041,1915,1.94,4.14,2.81,5.34,8.33,3.88,55.1,58.4,67.8,71.8,66.5,66.7
041,1916,3.78,3.61,5.46,2.22,4.43,2.77,49.0,62.9,65.6,77.9,73.8,63.6
041,1917,3.85,4.3,5.26,2.22,2.66,2.57,48.3,54.9,67.5,73.0,70.8,63.0
041,1918,4.87,3.89,3.45,3.11,4.29,4.06,47.8,66.4,69.5,71.2,76.8,57.8
041,1919,3.26,4.26,2.24,3.13,2.41,1.79,50.2,58.2,74.3,76.2,70.9,68.0
041,1920,7.09,3.25,2.83,4.07,3.29,1.8,45.9,59.4,69.4,71.6,70.4,67.0
041,1921,4.79,1.77,3.21,2.38,4.36,5.21,54.0,62.9,75.0,78.9,71.3,70.2
041,1922,7.19,3.14,1.47,4.72,4.08,2.68,53.4,65.3,72.3,73.2,71.3,68.7
041,1923,1.87,4.44,2.88,1.94,4.78,2.79,48.5,59.5,70.8,74.0,71.8,66.0
041,1924,1.95,3.92,7.01,1.78,2.73,4.01,51.4,54.5,69.5,70.6,71.6,60.8
041,1925,2.08,2.38,2.69,6.2,2.82,4.88,55.4,56.7,73.2,72.7,71.5,71.6
041,1926,3.54,4.31,2.04,4.35,9.29,10.33,44.6,61.8,65.9,73.7,73.7,67.1
041,1927,5.76,4.36,3.1,2.84,2.84,4.37,51.1,60.8,65.4,72.6,65.2,68.6
041,1928,3.44,2.42,7.17,2.58,3.09,1.11,46.6,59.1,64.7,73.2,73.3,61.1
041,1929,4.34,7.19,6.93,5.81,2.66,3.47,53.6,58.7,67.2,72.8,68.4,64.5
041,1930,1.55,1.65,2.36,1.72,2.21,4.06,52.3,62.0,68.8,75.3,72.0,66.5
041,1931,3.57,2.52,2.99,2.76,4.9,4.53,50.4,57.9,72.4,77.4,72.2,69.7
041,1932,2.26,0.57,5.99,4.42,1.83,7.51,49.7,61.2,71.6,74.5,71.8,64.6
041,1933,4.03,8.74,1.52,2.2,2.51,5.88,50.0,64.2,75.2,74.6,71.2,70.6
041,1934,1.04,1.18,2.68,1.99,2.69,3.77,50.1,64.2,76.0,79.5,72.3,66.0
041,1935,1.83,6.55,3.61,4.57,2.76,3.78,47.4,56.6,66.8,76.2,73.2,64.0
041,1936,3.66,1.71,0.87,1.58,3.31,7.87,45.8,63.6,70.3,79.5,77.6,68.6
041,1937,3.94,2.91,4.06,2.77,4.63,4.75,49.5,60.2,69.3,72.4,73.9,61.9
041,1938,2.58,6.86,4.78,4.84,1.71,3.85,52.7,61.2,68.3,73.5,73.6,66.2
041,1939,6.02,1.93,6.96,4.07,3.18,0.76,46.9,63.0,72.2,72.8,71.1,69.7
041,1940,5.88,4.05,3.75,0.79,2.08,1.18,46.9,57.8,70.5,73.7,73.4,62.6
041,1941,2.0,1.35,5.02,2.54,3.02,2.75,55.3,63.4,70.7,74.8,72.2,68.2
041,1942,2.42,4.15,4.98,3.72,4.84,2.97,54.0,62.3,71.0,74.7,70.7,63.6
041,1943,2.38,6.0,2.71,3.95,2.15,3.17,47.4,61.9,74.7,74.7,73.2,61.8
041,1944,6.0,3.35,1.13,2.04,3.25,2.17,49.8,67.2,74.0,75.0,73.5,65.0
041,1945,4.6,3.42,6.32,3.36,2.19,7.23,52.0,56.6,68.3,71.4,70.5,67.4
041,1946,1.51,5.2,4.16,3.55,3.16,0.38,51.4,58.8,69.9,72.8,66.9,64.6
041,1947,6.69,6.4,5.62,5.41,5.53,3.4,50.3,58.2,68.1,69.1,77.2,65.6
041,1948,4.62,3.46,3.27,3.79,1.99,2.49,54.4,60.2,70.3,74.0,71.0,66.2
041,1949,2.02,2.26,6.57,3.9,2.38,3.58,48.8,62.5,72.9,78.0,72.8,59.1
041,1950,4.6,3.62,6.02,3.07,3.71,6.89,45.0,62.6,67.7,70.9,68.1,62.9
041,1951,3.51,2.93,5.23,2.5,1.43,2.55,47.9,63.2,70.1,73.3,71.8,63.4
041,1952,3.64,3.7,3.32,1.41,2.93,4.01,50.5,60.5,75.2,76.9,71.4,64.3
041,1953,3.01,4.6,3.02,4.54,1.76,0.83,46.5,63.5,73.8,74.5,72.9,65.9
041,1954,3.62,2.2,2.89,3.24,4.89,1.23,55.9,56.1,73.0,75.0,72.2,67.6
041,1955,2.97,3.71,3.12,4.41,1.75,7.24,56.1,62.7,65.9,77.9,75.2,67.4
041,1956,4.26,6.3,3.63,2.98,2.33,1.41,47.6,61.5,70.4,73.1,72.0,62.9
041,1957,6.41,6.09,6.62,2.95,2.48,2.47,52.6,61.3,71.2,74.2,72.0,64.9
041,1958,3.72,6.48,9.2,9.17,3.81,3.4,50.9,59.5,66.4,73.0,71.0,64.7
041,1959,3.49,5.14,1.68,3.52,1.83,2.61,51.7,65.1,70.4,73.5,75.8,67.7
041,1960,1.44,4.78,5.65,3.77,2.84,1.0,54.1,58.8,68.3,71.1,73.4,69.0
041,1961,5.64,5.11,5.12,4.31,2.86,3.94,44.9,56.4,67.6,73.1,71.1,69.0
041,1962,1.05,4.73,1.44,5.99,3.71,1.83,48.4,67.8,70.6,72.0,71.1,61.6
041,1963,4.32,3.32,1.16,3.49,2.89,0.15,52.2,58.9,70.2,72.6,68.5,63.8
041,1964,8.4,0.78,3.11,4.19,2.05,1.14,53.3,64.8,71.9,74.2,70.8,65.2
041,1965,6.53,1.77,2.07,3.75,3.87,5.09,50.9,67.5,70.9,71.2,70.0,66.5
041,1966,3.82,2.98,2.16,2.91,4.25,4.43,48.3,56.5,69.7,75.7,70.3,62.6
041,1967,3.76,7.02,2.98,2.55,1.13,1.93,52.2,56.9,70.8,70.8,68.1,61.5
041,1968,2.75,10.71,4.58,6.03,3.65,3.33,51.9,57.5,70.5,73.6,73.0,64.4
041,1969,3.14,4.16,5.35,6.61,3.59,3.43,51.8,61.6,68.6,75.1,70.6,63.2
041,1970,6.07,1.67,3.68,4.49,2.77,2.99,52.9,64.0,69.2,72.4,71.2,68.4
041,1971,1.25,4.86,4.74,4.09,1.77,4.53,49.1,57.1,73.1,71.2,69.2,68.0
041,1972,6.12,4.6,2.97,2.22,1.8,5.18,49.8,62.8,65.2,73.2,71.0,67.0
041,1973,3.9,3.44,7.01,5.97,3.39,1.0,49.4,57.4,71.7,74.2,72.3,67.9
041,1974,3.17,5.3,4.82,1.34,6.66,4.71,52.3,59.7,66.3,74.0,71.6,60.2
041,1975,4.16,2.31,3.02,2.26,4.78,3.22,46.1,65.0,70.7,73.0,75.2,61.0
041,1976,1.32,2.66,5.32,3.2,4.09,2.06,52.1,58.2,70.3,72.4,69.1,61.6
041,1977,3.5,2.93,3.58,3.1,6.56,2.35,55.0,67.6,68.7,76.3,71.8,67.8
041,1978,4.14,4.0,4.69,5.2,7.18,0.9,51.2,58.6,70.1,72.8,71.2,67.8
041,1979,3.8,2.95,4.04,9.65,7.18,3.13,48.9,59.0,69.4,71.0,71.1,64.2
041,1980,2.22,4.66,5.1,5.8,7.76,1.61,48.3,61.8,67.6,75.6,75.9,66.7
041,1981,5.81,7.17,2.35,5.36,3.21,2.17,55.1,57.7,71.2,73.3,70.5,62.6
041,1982,1.99,6.04,4.23,3.65,3.06,1.48,46.4,66.2,65.4,73.6,69.0,63.4
041,1983,4.25,7.52,2.64,2.96,2.51,1.32,47.1,57.3,70.2,76.9,76.2,65.7
041,1984,5.38,3.98,1.62,4.19,2.98,4.64,49.2,57.7,73.4,70.4,72.5,63.0
041,1985,2.35,5.75,3.48,4.07,4.24,1.11,56.0,62.6,67.6,72.6,70.3,65.1
041,1986,2.64,5.23,3.25,5.01,2.28,5.33,53.5,62.6,71.0,75.3,69.2,68.1
041,1987,3.06,3.5,3.72,6.07,2.16,0.99,51.3,66.2,72.1,74.6,72.4,66.1
041,1988,3.04,1.51,0.85,4.05,2.05,2.99,50.2,62.7,70.2,76.3,75.4,64.5
041,1989,5.6,6.97,2.85,4.07,4.66,5.06,50.0,57.6,70.2,74.8,71.0,63.0
041,1990,3.05,8.11,3.48,5.91,6.64,3.33,49.8,58.2,69.6,72.5,70.4,65.5
041,1991,3.82,4.7,1.16,3.54,3.73,2.65,54.6,68.2,73.4,74.9,72.6,65.1
041,1992,4.36,2.71,4.3,9.39,3.13,2.46,50.8,59.1,65.8,72.1,67.5,63.2
041,1993,4.7,3.46,6.02,3.68,3.12,5.32,49.4,61.5,68.9,75.5,73.1,61.6
041,1994,5.37,2.85,4.13,2.91,3.14,1.74,52.5,57.6,72.8,73.2,69.2,63.6
041,1995,4.15,8.14,3.47,2.75,4.17,1.19,50.8,60.0,71.0,74.4,77.3,62.3
041,1996,7.79,9.7,5.28,4.32,1.06,5.53,48.5,60.3,70.3,71.4,72.1,63.2
041,1997,2.15,5.69,5.81,2.75,3.97,2.31,46.7,55.7,68.5,73.5,69.4,63.8
041,1998,6.86,4.43,9.18,5.11,2.17,0.66,52.3,65.8,70.4,72.6,73.3,69.0
041,1999,3.9,2.43,3.61,3.17,1.82,1.05,53.9,63.1,71.8,76.8,70.9,64.7
041,2000,4.15,4.82,5.09,3.99,4.06,4.61,50.7,63.9,70.2,71.3,70.5,63.2
041,2001,2.82,5.9,4.28,6.88,3.73,4.67,56.2,63.5,69.1,73.3,73.9,63.8
041,2002,6.73,7.37,3.69,1.38,2.73,4.04,53.5,58.3,72.7,76.2,75.6,69.5
041,2003,2.01,6.13,4.2,9.0,3.76,6.54,53.2,61.0,66.7,72.1,73.1,63.0
041,2004,2.6,6.94,4.94,4.73,3.53,0.32,52.6,66.3,69.5,71.6,68.6,67.3
041,2005,3.6,3.21,4.14,4.64,5.0,3.51,53.4,57.9,72.4,74.5,74.4,68.4
041,2006,4.68,6.71,4.56,6.37,3.96,3.67,55.2,59.5,68.4,74.8,73.3,61.9
041,2007,4.03,1.22,3.18,2.46,2.2,3.35,49.6,65.7,71.5,70.8,77.0,68.9
041,2008,2.65,5.09,7.5,4.75,1.52,1.48,52.4,57.8,71.0,72.1,70.8,67.3
041,2009,5.38,5.43,5.31,4.49,4.12,2.47,51.0,61.6,71.0,68.3,70.2,65.2
041,2010,2.6,5.35,9.87,2.85,2.0,0.49,57.0,63.9,73.4,75.4,74.7,67.2
041,2011,11.64,6.82,3.45,1.07,2.9,5.92,53.4,61.5,71.5,78.7,72.8,63.4
041,2012,2.69,3.22,0.66,2.16,3.45,5.15,51.6,66.8,70.6,79.6,71.6,63.3
041,2013,4.66,3.08,4.28,2.97,1.32,3.55,51.0,64.2,70.3,71.7,70.8,66.4
041,2014,5.78,4.28,6.85,2.91,5.2,2.82,53.1,63.0,72.0,68.5,72.0,63.8
041,2015,4.56,3.3,8.05,6.25,3.13,1.9,53.4,65.8,70.8,72.6,69.7,68.7
041,2016,4.44,2.85,5.28,3.95,6.67,5.35,52.4,59.8,72.2,73.8,75.4,69.8
041,2017,4.41,8.83,5.01,8.75,2.44,2.26,57.9,60.7,69.0,73.3,69.8,66.2
041,2018,5.04,2.9,6.28,4.11,5.78,6.36,45.9,69.5,72.8,73.5,73.6,70.0
041,2019,5.43,4.79,7.15,3.42,2.15,0.78,52.3,62.8,69.1,75.8,72.2,71.0
041,2020,2.42,4.98,3.94,3.6,3.13,0.59,49.4,59.0,71.1,75.8,71.7,65.1
041,2021,3.28,4.39,9.05,6.21,1.88,4.74,51.5,58.8,71.6,72.9,74.7,67.3
041,2022,3.44,7.26,3.92,3.57,3.14,3.03,49.3,64.4,70.9,74.8,72.3,65.4
041,2023,3.25,3.13,2.08,6.37,2.39,1.8,52.1,60.0,67.8,73.3,71.1,66.4
041,2024,7.31,4.43,2.88,6.17,2.18,3.1,55.4,66.3,71.6,72.4,72.6,67.7
041,2025,8.35,4.65,7.92,3.66,2.77,2.47,52.7,60.5,73.1,77.2,71.0,67.5
041,2026,3.7,8.7,5.39,2.49,10.11,,59.4,59.3,70.0,74.9,72.6,
043,1895,2.64,2.34,4.02,5.74,1.57,0.84,55.8,63.5,75.0,74.0,75.9,71.5
043,1896,0.25,4.76,5.22,8.84,4.52,4.31,61.8,70.2,72.3,76.8,75.2,65.6
043,1897,4.09,3.23,3.82,5.99,1.15,0.38,53.6,59.4,71.7,77.4,74.0,69.8
043,1898,2.52,4.46,4.27,2.53,4.49,4.13,50.7,65.7,75.0,78.0,76.2,71.3
043,1899,3.39,3.99,4.21,2.92,3.55,0.95,55.6,66.5,74.6,76.3,76.7,67.5
043,1900,2.02,4.64,4.51,3.26,3.28,1.18,54.0,65.3,73.1,77.0,79.9,72.9
043,1901,2.65,2.27,5.56,1.53,2.78,2.7,49.4,62.6,74.4,82.1,75.9,67.5
043,1902,2.07,6.07,5.26,1.93,2.92,4.11,52.9,68.8,72.0,77.4,73.9,65.5
043,1903,5.15,2.19,4.54,1.5,3.44,1.07,53.7,67.3,68.2,77.2,74.3,67.9
043,1904,2.66,2.09,2.86,2.14,1.68,2.53,49.4,64.1,72.3,75.0,74.5,69.7
043,1905,2.61,5.93,3.63,5.01,3.98,3.16,54.8,66.6,74.0,75.5,75.5,68.5
043,1906,1.68,2.01,3.07,4.36,3.55,5.25,56.2,64.8,73.5,75.4,77.2,71.7
043,1907,2.73,4.19,3.69,5.07,5.05,2.31,46.3,60.1,70.2,77.0,73.6,67.9
043,1908,6.33,4.92,2.47,3.14,1.36,1.13,55.1,65.9,72.5,77.0,75.7,71.3
043,1909,5.67,4.57,3.52,7.26,1.45,1.8,53.5,62.2,74.3,74.1,76.3,66.2
043,1910,4.88,4.5,3.85,9.2,1.86,3.11,54.4,59.7,69.5,75.8,72.4,69.3
043,1911,5.67,2.99,3.34,2.01,2.89,4.73,52.0,68.3,74.4,76.0,76.0,72.2
043,1912,7.2,4.38,2.78,3.72,5.97,3.78,56.6,65.9,69.4,77.0,73.5,69.5
043,1913,3.01,1.74,3.28,1.78,2.49,2.79,53.4,64.7,74.1,79.8,77.6,68.2
043,1914,2.75,1.08,2.35,2.14,6.37,1.86,53.6,64.8,76.6,78.4,75.4,66.8
043,1915,0.9,6.57,3.77,5.44,5.14,2.43,58.5,62.8,70.6,74.8,70.0,69.5
043,1916,3.44,3.69,6.24,4.59,4.12,3.25,52.4,66.3,68.8,78.7,76.5,65.8
043,1917,5.11,5.08,3.9,2.93,2.73,1.52,52.8,57.5,69.8,74.7,73.6,66.6
043,1918,2.95,5.33,3.64,4.13,4.42,2.6,52.3,68.7,72.2,73.1,79.7,60.6
043,1919,3.26,4.62,4.46,2.2,2.81,2.32,54.4,61.6,75.8,78.6,73.7,69.8
043,1920,5.5,3.39,2.08,2.01,6.04,3.31,50.0,62.1,70.9,73.8,72.2,69.2
043,1921,4.18,2.41,3.39,1.51,5.25,4.36,56.5,64.4,77.1,80.5,74.9,72.7
043,1922,4.57,2.65,2.97,4.84,2.04,1.71,57.6,67.2,74.5,75.6,74.4,71.6
043,1923,4.32,4.15,4.81,4.31,3.69,3.06,52.2,62.5,72.6,76.0,74.7,68.3
043,1924,3.81,4.25,4.91,1.41,2.98,4.74,55.4,58.1,73.0,72.4,75.0,63.7
043,1925,2.27,1.57,2.92,3.15,2.45,3.17,59.6,59.4,75.8,75.1,75.3,75.1
043,1926,4.03,1.62,2.19,3.76,5.77,4.19,48.0,65.0,69.2,76.8,76.2,70.4
043,1927,5.34,9.38,3.65,3.94,2.72,3.33,56.5,63.5,68.7,74.9,69.3,71.2
043,1928,4.29,3.62,9.54,2.9,3.98,0.93,50.2,61.9,67.7,74.9,75.2,62.9
043,1929,4.62,8.28,3.56,3.11,1.61,4.01,57.8,62.2,70.3,75.4,72.9,67.0
043,1930,0.98,1.41,2.38,0.81,1.73,4.54,57.0,65.3,72.1,80.0,76.3,69.7
043,1931,4.12,2.25,2.98,3.02,4.01,3.92,53.7,61.0,74.4,78.9,74.3,72.9
043,1932,3.73,0.85,3.59,3.74,5.08,4.46,53.5,63.7,73.1,77.4,74.8,67.5
043,1933,5.96,7.28,0.55,3.31,2.3,4.76,52.9,66.6,76.7,77.2,74.1,73.5
043,1934,1.42,1.94,5.1,2.13,5.21,3.85,54.6,66.4,76.7,80.3,75.0,66.8
043,1935,3.26,7.21,5.32,3.89,3.86,1.75,51.7,60.3,67.7,77.5,75.1,65.8
043,1936,4.29,1.04,0.59,2.78,1.94,3.81,49.6,66.6,73.6,81.5,80.5,72.2
043,1937,4.86,4.69,4.46,1.36,4.29,1.57,53.2,63.7,72.9,75.0,77.0,65.5
043,1938,1.91,5.51,2.99,7.06,4.14,3.21,57.2,64.7,70.8,76.7,77.1,69.5
043,1939,5.51,1.0,6.63,3.94,2.65,1.03,51.8,65.7,74.2,76.1,74.8,73.0
043,1940,6.29,2.59,3.18,1.44,2.29,1.11,51.9,60.1,72.5,75.8,76.2,64.8
043,1941,2.62,1.07,6.44,3.6,2.07,1.07,57.7,66.2,73.4,77.4,76.1,71.4
043,1942,3.76,3.66,6.24,2.3,4.91,1.95,56.4,63.7,73.1,77.1,74.4,66.8
043,1943,3.31,4.54,2.45,3.9,0.19,1.93,52.4,65.8,76.5,77.5,77.4,64.6
043,1944,5.25,4.37,1.4,2.55,6.0,4.49,54.0,69.6,76.9,76.7,75.6,67.2
043,1945,4.36,4.3,6.48,3.25,2.29,4.24,55.7,60.0,70.2,74.1,73.8,70.8
043,1946,2.41,5.11,2.46,3.94,4.3,1.37,57.0,61.9,72.3,74.9,69.6,66.8
043,1947,6.58,5.67,5.27,4.17,2.56,2.16,55.5,60.8,70.6,71.4,80.0,69.0
043,1948,6.61,2.76,1.73,5.77,1.47,1.37,57.9,62.8,72.8,76.2,73.8,68.4
043,1949,2.83,2.79,6.45,2.42,5.99,1.56,52.4,65.4,73.8,79.4,74.8,62.4
043,1950,4.35,8.13,6.64,3.69,4.66,3.68,49.9,64.8,71.0,73.1,71.2,65.7
043,1951,3.5,2.42,4.25,2.17,3.37,3.5,51.4,64.6,72.1,75.8,74.8,65.5
043,1952,2.52,3.76,4.06,1.31,1.8,2.12,54.2,63.8,77.8,78.8,75.4,66.8
043,1953,4.19,4.35,2.33,4.89,1.55,0.58,51.1,66.9,76.7,76.2,74.9,68.9
043,1954,3.18,2.06,2.1,1.28,4.2,4.59,60.1,59.4,75.1,79.4,76.3,71.8
043,1955,4.56,4.38,3.85,5.37,1.86,4.13,59.2,65.3,67.5,79.3,77.4,71.0
043,1956,2.8,3.81,3.6,3.57,3.29,2.6,52.2,64.9,72.5,75.6,73.8,65.2
043,1957,6.16,6.51,7.18,3.86,0.93,2.37,57.5,64.8,73.2,76.1,74.1,67.9
043,1958,4.73,2.87,4.22,8.51,5.12,3.99,54.6,64.0,69.6,75.4,73.2,67.2
043,1959,1.67,4.64,1.5,3.71,4.16,0.77,55.8,68.3,73.1,76.9,77.6,70.4
043,1960,1.25,3.81,9.72,2.77,2.35,1.82,57.9,60.8,70.3,74.0,76.1,70.4
043,1961,5.15,9.58,4.15,6.13,3.28,1.38,48.8,58.6,68.8,75.3,73.2,70.6
043,1962,0.91,4.04,3.09,4.0,2.51,2.89,52.3,70.6,72.4,74.9,74.6,63.2
043,1963,2.04,4.51,2.85,7.57,3.63,2.42,57.4,61.9,72.1,73.8,72.1,65.8
043,1964,3.79,1.74,3.43,4.24,1.76,2.87,58.1,66.2,73.8,75.4,74.6,67.4
043,1965,3.34,1.39,2.88,4.28,2.29,8.41,57.1,69.0,71.7,74.5,73.8,68.8
043,1966,8.04,4.21,0.7,3.31,4.47,2.48,52.0,61.1,71.7,78.9,72.6,65.2
043,1967,4.04,5.39,3.09,5.17,3.82,1.92,57.8,61.0,71.5,72.2,69.4,63.4
043,1968,4.72,7.15,1.55,4.89,3.42,2.57,56.0,61.9,72.7,76.1,75.9,67.2
043,1969,4.25,3.95,4.22,3.14,3.35,1.28,56.6,65.0,72.5,77.3,73.2,66.2
043,1970,9.07,1.9,4.56,5.02,5.83,3.66,57.2,66.7,71.6,75.0,74.3,71.9
043,1971,2.16,5.08,3.35,7.68,2.4,4.38,53.6,60.2,75.2,73.4,72.2,70.1
043,1972,8.39,5.31,1.69,3.53,3.21,4.64,53.9,64.6,69.6,75.1,74.3,70.5
043,1973,6.82,6.14,5.66,9.77,1.73,2.38,53.0,60.1,74.0,76.8,74.9,70.9
043,1974,3.12,5.12,3.09,1.59,8.34,3.83,56.2,64.0,67.6,75.3,73.0,61.9
043,1975,7.96,4.46,4.61,1.69,2.97,3.8,52.4,67.2,73.4,75.3,76.9,63.3
043,1976,1.0,5.01,7.04,3.1,3.34,3.89,55.6,60.4,70.7,74.8,71.5,64.4
043,1977,4.2,2.36,5.46,4.45,8.14,2.93,58.2,68.9,71.5,78.4,74.9,69.8
043,1978,3.55,5.41,3.24,6.25,5.92,0.63,55.9,61.7,73.2,76.3,74.4,71.0
043,1979,8.18,3.79,4.74,7.82,4.23,8.37,52.8,62.2,71.8,73.2,73.4,66.4
043,1980,2.65,4.93,3.87,6.03,3.21,3.14,51.6,64.6,71.7,79.6,78.8,70.5
043,1981,4.84,5.42,3.08,3.42,3.45,3.61,60.3,60.4,74.1,76.5,73.5,65.6
043,1982,2.68,2.99,5.09,2.61,4.57,4.3,49.5,68.3,68.0,76.0,71.4,64.9
043,1983,7.17,11.31,3.25,1.34,2.92,1.21,49.8,60.6,71.7,79.0,79.4,68.8
043,1984,5.75,6.87,0.75,6.73,3.31,3.28,53.1,60.8,75.5,73.1,74.0,65.4
043,1985,1.46,3.79,3.92,4.5,4.01,1.43,58.4,64.8,70.6,75.2,73.0,67.0
043,1986,1.52,3.06,3.44,6.17,2.34,3.1,56.4,65.4,74.0,77.9,71.6,71.0
043,1987,2.71,2.93,5.46,5.8,2.44,1.17,53.2,69.2,74.2,76.6,75.9,68.7
043,1988,3.13,2.55,0.69,5.67,4.08,2.2,54.2,64.4,73.7,77.7,77.3,67.2
043,1989,5.62,3.81,3.95,8.23,2.86,2.7,53.9,60.4,71.4,75.4,73.7,66.4
043,1990,3.57,10.22,5.5,2.55,3.54,3.34,53.1,61.7,72.4,75.3,74.0,69.0
043,1991,2.91,2.78,1.4,1.56,3.55,3.52,57.9,70.5,75.4,78.0,76.0,68.7
043,1992,2.26,4.16,3.42,5.56,3.94,2.71,55.4,61.4,69.3,75.7,70.3,66.3
043,1993,4.05,2.97,4.81,2.65,5.47,3.5,52.5,64.1,72.0,79.3,76.0,65.2
043,1994,4.93,2.56,2.29,2.13,2.99,3.29,57.2,60.5,75.0,76.0,73.1,65.6
043,1995,3.1,9.62,3.74,4.85,4.55,1.37,55.5,63.7,72.7,76.8,79.2,65.8
043,1996,7.95,8.05,3.82,4.82,1.75,7.06,51.3,66.2,72.7,73.4,74.3,65.8
043,1997,2.11,6.22,7.62,0.88,3.86,1.7,49.9,59.2,70.3,76.1,73.0,67.2
043,1998,6.76,4.91,6.07,6.27,2.87,0.56,53.9,68.2,73.4,75.6,75.8,72.8
043,1999,3.16,3.17,5.58,1.13,1.08,0.71,56.9,65.1,73.8,80.1,75.2,68.6
043,2000,3.78,3.92,4.86,3.38,4.88,4.33,53.4,66.8,72.7,74.1,74.2,65.5
043,2001,1.56,4.63,3.85,4.29,3.59,3.57,59.9,66.2,71.1,75.9,76.0,65.8
043,2002,6.0,6.77,3.91,1.47,1.83,7.88,57.8,62.2,75.1,78.8,77.6,72.1
043,2003,5.42,7.1,3.86,3.55,4.94,5.7,56.8,63.8,68.8,74.7,75.3,65.3
043,2004,4.59,9.35,2.14,5.25,3.29,0.21,56.0,69.1,72.9,74.1,71.1,68.9
043,2005,3.72,4.08,3.18,4.08,6.33,1.85,56.4,62.1,74.6,76.7,77.8,71.3
043,2006,6.09,4.24,4.65,4.6,5.28,10.09,59.1,62.4,71.3,76.6,76.6,64.1
043,2007,4.61,1.72,2.63,4.28,2.01,2.36,52.8,67.9,74.3,74.3,81.0,72.7
043,2008,5.59,6.24,3.36,3.73,0.82,1.97,55.1,62.0,75.2,76.0,74.5,71.1
043,2009,4.85,5.5,7.42,7.3,4.46,7.34,55.6,64.5,73.6,70.9,72.7,68.2
043,2010,4.2,7.05,5.6,4.95,2.09,0.28,59.8,67.5,78.0,79.2,78.8,71.4
043,2011,14.69,7.64,5.6,3.02,2.33,6.38,58.9,64.7,74.6,80.6,76.0,65.9
043,2012,3.64,7.37,1.54,3.67,1.69,6.87,57.0,70.4,73.4,81.5,74.9,67.0
043,2013,4.29,3.68,6.9,5.13,1.91,3.98,55.2,66.0,73.1,73.8,74.4,69.4
043,2014,8.61,4.51,1.75,4.21,5.99,2.99,57.6,66.8,75.4,72.5,75.0,67.7
043,2015,10.31,2.34,7.73,9.11,3.19,2.22,57.2,67.7,74.4,76.3,73.0,70.7
043,2016,4.14,5.24,4.89,5.53,6.33,2.29,56.6,63.2,75.5,77.7,77.9,72.3
043,2017,5.33,6.47,2.78,2.85,2.84,5.07,62.1,65.3,72.9,77.2,73.2,68.2
043,2018,3.9,4.34,7.42,4.93,5.58,11.0,50.3,72.9,76.2,76.7,76.4,72.3
043,2019,6.62,5.07,9.04,2.99,3.44,0.13,57.5,68.0,72.4,78.3,76.1,76.0
043,2020,4.85,4.96,4.59,6.63,5.54,2.97,52.6,62.6,73.6,78.7,74.3,67.9
043,2021,4.15,2.3,3.54,7.91,4.53,6.07,54.6,62.8,74.8,76.4,77.3,70.4
043,2022,4.54,3.84,2.57,7.27,4.08,1.83,54.0,68.1,74.8,78.4,75.6,68.8
043,2023,3.11,3.7,4.51,3.85,5.07,1.06,55.5,64.0,70.6,76.8,74.3,70.0
043,2024,5.76,6.41,1.87,5.99,2.1,6.93,58.6,68.4,74.7,76.5,75.6,71.1
043,2025,9.42,4.95,3.49,4.78,1.1,3.83,57.4,63.5,75.4,79.6,73.3,69.7
043,2026,4.13,7.24,8.87,4.97,2.78,,62.7,63.8,72.8,77.0,76.2,
045,1895,2.89,1.2,2.05,3.54,2.17,3.58,52.7,62.7,73.3,71.1,72.9,68.3
045,1896,1.75,4.71,4.24,7.13,4.08,4.89,56.7,68.6,69.5,74.2,72.4,62.3
045,1897,3.62,2.21,4.88,2.55,0.81,0.16,48.3,57.0,69.1,75.9,70.6,69.6
045,1898,2.28,4.22,5.66,2.13,3.49,4.03,48.4,61.9,72.7,74.6,73.0,68.6
045,1899,1.33,4.4,2.48,2.69,1.42,1.92,52.9,62.8,72.9,74.4,75.2,64.8
045,1900,0.98,5.28,5.39,5.19,3.7,1.89,51.6,64.4,69.9,74.3,77.5,68.2
045,1901,1.95,2.77,4.94,0.38,3.39,1.04,47.4,59.3,72.5,79.7,74.1,65.8
045,1902,1.8,3.31,9.1,4.21,2.41,4.4,49.1,65.2,68.3,74.8,69.8,62.3
045,1903,5.2,4.01,3.01,2.17,4.82,1.55,50.6,64.4,64.9,75.0,71.0,65.0
045,1904,3.19,2.8,2.57,4.13,3.59,3.8,45.0,60.9,68.6,71.9,69.7,65.6
045,1905,3.8,4.93,2.56,5.23,3.81,5.36,49.6,61.9,70.5,72.8,73.3,66.2
045,1906,2.05,3.7,2.21,2.87,4.58,4.33,52.5,62.5,69.2,72.2,74.6,68.9
045,1907,2.28,3.42,5.03,5.73,3.16,2.77,40.8,54.7,66.3,73.1,69.8,63.5
045,1908,4.84,6.74,1.6,2.79,0.97,1.11,50.0,61.8,69.1,74.0,72.6,68.7
045,1909,6.2,4.97,6.38,5.46,4.5,2.74,48.0,58.0,70.2,70.4,73.6,61.9
045,1910,2.86,4.18,2.25,6.41,2.25,5.19,50.6,55.4,67.9,73.8,70.4,64.8
045,1911,4.11,1.4,2.12,2.17,2.93,5.93,48.1,67.1,73.7,74.8,72.2,67.9
045,1912,4.61,3.66,3.0,4.46,5.13,2.51,52.3,63.5,67.3,73.9,70.4,67.2
045,1913,2.34,1.51,2.89,1.63,3.08,2.88,50.3,62.7,72.7,77.0,75.6,65.1
045,1914,2.75,2.65,1.56,1.19,3.34,2.21,50.8,64.4,74.6,77.3,74.2,65.1
045,1915,1.49,4.53,2.75,8.51,5.39,4.3,56.3,58.4,67.8,71.7,66.1,66.9
045,1916,1.44,5.64,5.35,1.87,2.16,1.97,48.4,62.4,65.7,79.3,75.6,64.2
045,1917,3.46,5.36,6.14,3.26,3.53,1.65,48.3,55.5,67.3,72.9,70.4,63.2
045,1918,5.67,4.09,3.76,2.5,3.1,5.5,47.1,66.8,70.4,71.8,77.0,57.4
045,1919,2.28,3.68,3.1,1.84,2.27,2.35,50.9,58.2,74.3,77.8,71.7,68.5
045,1920,5.98,3.49,1.86,3.72,2.1,2.35,44.7,59.9,70.6,72.7,70.6,67.9
045,1921,3.57,1.48,3.73,2.99,5.59,6.29,54.0,64.0,75.5,79.6,71.6,69.8
045,1922,7.12,2.91,1.65,3.64,1.98,1.02,51.8,65.2,72.4,73.2,72.5,68.9
045,1923,2.2,6.0,1.93,4.12,3.93,2.75,48.8,59.3,71.8,74.6,71.5,64.9
045,1924,3.2,4.28,7.23,0.93,5.96,3.88,51.4,54.5,68.2,71.1,71.8,60.4
045,1925,1.78,0.72,3.53,3.98,3.04,5.28,56.0,57.7,73.8,74.1,72.2,71.8
045,1926,4.43,4.65,2.15,3.26,7.77,11.49,43.9,63.0,66.4,75.6,74.3,66.1
045,1927,6.53,7.34,4.99,3.48,3.91,5.41,50.7,59.6,65.8,72.9,66.1,69.2
045,1928,1.89,3.12,6.66,6.1,3.97,2.85,46.1,60.4,64.8,73.8,73.2,60.6
045,1929,5.01,7.97,3.9,5.82,3.44,1.57,53.5,58.1,67.7,74.2,70.1,64.6
045,1930,3.27,1.31,2.14,2.19,1.71,2.9,53.0,62.5,69.9,75.8,73.4,67.0
045,1931,2.68,3.1,3.28,2.41,4.52,3.97,51.0,57.9,73.2,77.7,72.9,70.7
045,1932,2.01,1.24,3.96,3.69,4.28,4.48,50.9,62.4,72.3,75.7,72.9,64.4
045,1933,3.41,8.02,0.54,1.28,1.9,3.96,50.2,63.6,77.0,77.4,71.8,71.0
045,1934,1.53,0.57,2.71,1.81,4.85,7.33,50.3,65.6,77.2,80.1,72.7,64.4
045,1935,1.8,7.35,4.82,2.91,2.92,3.43,47.8,56.0,67.3,77.1,74.2,64.7
045,1936,2.48,2.94,1.1,1.2,4.22,5.92,46.2,64.4,71.2,81.7,78.3,69.0
045,1937,5.98,2.36,6.17,5.48,2.09,3.75,48.8,61.7,69.5,73.5,75.2,63.6
045,1938,3.49,5.77,4.54,5.38,5.58,2.06,52.4,60.8,69.1,75.1,74.8,67.3
045,1939,5.7,1.4,6.09,6.1,3.11,0.85,46.6,64.6,72.7,74.3,71.8,70.7
045,1940,3.26,5.06,3.68,1.1,3.49,1.36,47.9,57.9,71.6,75.4,74.3,63.9
045,1941,3.16,3.05,5.19,3.44,2.91,2.13,55.3,64.4,71.0,74.9,73.1,68.9
045,1942,2.7,3.64,5.83,3.59,2.26,2.68,54.8,62.1,70.9,75.3,71.4,63.7
045,1943,2.41,12.38,3.48,2.66,3.5,2.28,48.4,60.5,74.4,75.4,73.9,61.0
045,1944,6.43,5.63,2.89,1.83,4.21,2.22,48.5,66.7,74.3,75.0,73.2,65.9
045,1945,3.7,4.81,6.51,2.43,4.01,5.98,51.9,56.4,67.6,72.4,72.0,66.2
045,1946,1.65,6.41,6.29,1.88,2.26,1.52,52.9,58.4,70.3,74.5,68.3,65.4
045,1947,6.87,4.66,4.71,2.64,4.58,5.01,50.0,57.7,68.1,70.6,78.9,66.0
045,1948,4.08,3.75,5.29,5.55,2.13,3.6,54.9,59.8,71.3,75.1,72.7,67.2
045,1949,2.19,3.62,3.72,5.39,2.02,1.72,49.4,62.8,73.7,78.4,72.6,60.2
045,1950,4.44,1.96,5.83,3.78,2.86,6.58,44.7,63.2,69.3,71.9,69.6,64.4
045,1951,3.09,3.86,4.39,5.37,2.82,2.02,47.3,63.0,68.5,73.4,70.5,62.4
045,1952,4.24,4.7,7.39,2.28,3.81,2.52,50.7,60.4,76.0,77.0,71.5,65.2
045,1953,2.31,3.07,3.06,5.97,1.12,0.91,47.2,63.4,75.8,75.2,73.1,66.5
045,1954,4.07,3.46,2.46,3.02,4.56,0.53,55.4,57.0,75.1,77.1,72.7,69.1
045,1955,3.12,4.4,3.64,3.21,1.11,3.38,56.7,62.8,66.6,79.1,75.5,67.7
045,1956,2.21,5.6,2.78,3.79,2.79,0.9,48.3,62.2,72.0,72.6,72.3,64.0
045,1957,6.44,5.73,7.97,4.65,5.1,2.41,51.2,61.6,71.4,75.1,72.3,63.8
045,1958,2.15,2.98,10.42,9.42,5.52,3.47,51.5,60.4,65.8,72.6,71.7,65.5
045,1959,5.32,3.46,1.73,2.04,2.26,5.23,51.4,65.9,71.8,74.2,76.6,67.7
045,1960,2.31,4.54,7.12,3.45,3.31,1.48,54.4,58.4,68.7,72.1,73.5,69.9
045,1961,4.49,3.79,4.5,2.94,1.98,3.78,45.2,56.5,68.2,73.5,71.7,69.7
045,1962,1.86,5.59,3.4,9.34,3.09,2.82,49.2,67.7,71.4,71.9,71.8,62.7
045,1963,4.12,1.43,1.74,5.14,4.0,0.55,53.2,59.5,71.2,72.8,68.6,64.3
045,1964,8.33,1.17,4.62,3.57,1.56,1.58,52.5,65.6,72.4,73.9,70.6,65.5
045,1965,5.97,3.68,3.6,3.73,4.32,5.65,51.8,67.2,70.0,71.8,69.7,66.5
045,1966,4.27,3.05,2.3,2.28,2.04,4.43,48.0,56.2,70.5,77.3,70.2,62.8
045,1967,3.35,4.15,1.87,2.16,2.3,1.78,52.8,56.7,71.8,71.5,68.2,62.4
045,1968,2.91,6.56,4.37,4.47,4.86,1.69,51.7,57.2,71.5,74.0,72.9,64.8
045,1969,4.35,2.71,4.12,4.72,2.72,4.88,52.0,61.5,68.2,75.4,71.7,64.5
045,1970,7.32,4.48,2.27,5.04,1.76,4.88,52.4,64.5,70.0,73.8,71.8,68.1
045,1971,0.66,4.29,4.1,7.08,2.14,4.13,49.8,57.9,74.7,71.1,69.5,68.4
045,1972,6.69,2.58,5.51,3.19,3.45,7.74,49.1,63.4,66.3,73.1,71.8,66.7
045,1973,4.3,2.47,6.86,6.89,3.55,2.43,50.1,57.9,72.0,74.8,72.9,67.5
045,1974,3.72,7.43,5.77,1.23,4.67,3.3,52.7,59.5,66.8,75.7,71.4,60.4
045,1975,3.2,4.5,4.01,2.4,6.28,2.26,46.7,64.4,71.4,72.8,74.4,61.1
045,1976,1.05,2.96,6.65,2.89,2.13,1.92,53.1,58.0,70.3,73.0,69.0,62.2
045,1977,1.73,2.68,3.34,2.97,9.37,3.87,55.9,68.7,69.2,76.9,71.0,67.1
045,1978,3.8,4.29,3.26,4.81,4.75,1.49,51.3,58.9,71.2,74.0,71.6,69.0
045,1979,4.65,2.5,2.5,8.27,7.64,0.04,47.9,60.2,71.1,71.8,71.2,64.9
045,1980,2.49,1.97,5.3,3.38,3.67,3.12,47.9,62.7,68.3,77.9,75.9,67.0
045,1981,6.65,7.28,3.31,7.04,6.14,3.9,55.4,57.2,72.6,73.9,71.1,64.2
045,1982,2.62,4.91,4.66,4.8,4.26,1.33,44.6,66.6,66.0,74.3,69.5,64.3
045,1983,4.74,4.7,4.33,2.48,3.51,1.88,46.8,57.6,71.7,78.1,77.0,65.9
045,1984,4.36,4.98,2.2,4.75,2.36,3.84,48.6,58.2,74.6,71.2,73.0,63.4
045,1985,2.14,2.95,2.74,4.23,6.28,1.55,56.2,64.0,68.7,72.8,69.6,66.3
045,1986,2.12,5.97,4.78,3.98,1.76,5.23,54.3,62.8,72.1,76.9,68.9,68.8
045,1987,3.13,2.73,6.62,4.6,4.25,3.39,51.4,67.5,73.2,75.7,73.3,66.8
045,1988,2.46,1.66,0.35,2.88,2.22,2.75,50.6,64.0,72.8,76.8,77.3,66.2
045,1989,4.47,6.4,3.0,5.23,5.61,5.25,49.8,58.2,70.9,74.9,71.8,62.5
045,1990,2.9,5.74,5.2,6.5,3.33,1.95,50.2,58.8,71.0,73.0,70.6,66.5
045,1991,2.93,5.04,0.96,1.11,2.87,1.24,54.9,68.8,74.4,75.8,73.7,65.6
045,1992,4.19,1.34,2.42,11.14,2.05,4.88,49.4,60.3,67.4,71.9,67.2,63.5
045,1993,5.92,2.58,6.79,6.7,4.8,7.21,48.8,62.8,69.8,75.5,73.5,60.3
045,1994,8.21,3.43,3.2,2.97,3.62,2.99,52.2,58.7,73.3,73.2,69.0,64.2
045,1995,3.51,7.14,2.79,3.0,3.28,0.78,49.3,59.6,72.3,75.4,78.0,63.1
045,1996,5.03,7.98,5.93,4.3,1.41,2.14,47.4,60.1,70.2,71.4,72.0,63.2
045,1997,1.6,4.49,4.85,1.88,3.25,1.38,46.8,56.4,69.5,73.8,69.3,65.2
045,1998,4.47,5.55,10.7,3.77,2.93,1.55,52.9,66.6,71.1,73.2,73.7,70.0
045,1999,4.84,2.83,3.96,2.83,1.78,2.09,53.3,63.9,71.6,77.0,70.4,65.6
045,2000,1.9,5.54,6.2,2.99,2.96,4.57,50.2,64.2,70.1,71.6,72.7,65.0
045,2001,2.32,2.99,3.05,5.89,3.52,2.43,57.0,64.6,69.5,73.7,73.7,63.7
045,2002,5.98,7.23,3.46,4.17,7.08,1.98,53.1,58.8,73.5,77.0,73.6,68.4
045,2003,2.54,6.15,2.8,8.43,3.94,8.62,53.2,60.8,67.5,73.2,73.5,63.2
045,2004,1.6,5.42,6.3,4.22,3.47,0.5,54.0,66.5,69.2,71.7,68.2,67.7
045,2005,3.25,2.48,3.03,5.81,3.57,4.31,54.3,60.2,74.0,74.6,74.4,69.3
045,2006,4.05,4.61,3.22,5.78,4.57,2.6,55.4,60.5,70.1,75.5,72.9,62.7
045,2007,3.89,1.82,3.67,2.74,3.58,2.15,49.4,67.3,72.2,71.3,76.6,68.8
045,2008,2.93,5.58,8.6,5.23,2.12,3.52,51.2,57.5,72.4,72.8,70.3,66.5
045,2009,6.23,6.65,4.58,3.85,4.47,0.63,50.5,61.8,71.8,68.8,70.1,65.0
045,2010,2.56,4.97,8.95,5.47,1.66,2.45,57.6,64.3,74.8,76.2,75.6,66.9
045,2011,8.75,5.59,4.42,2.24,2.4,3.59,52.5,62.3,72.4,78.5,72.8,63.7
045,2012,1.71,2.55,1.52,0.82,5.57,5.61,53.3,68.1,71.6,80.2,72.0,63.6
045,2013,8.46,3.31,4.23,4.12,1.92,2.43,50.2,64.8,70.8,71.6,71.2,67.3
045,2014,4.28,3.4,6.47,4.19,4.94,3.19,51.9,62.9,72.7,68.4,71.7,63.4
045,2015,4.17,5.07,10.58,5.72,1.54,2.98,52.6,65.2,70.9,72.3,70.7,69.0
045,2016,3.7,3.38,5.26,6.31,6.13,3.46,51.8,61.0,73.2,73.9,75.1,70.0
045,2017,5.45,6.6,4.38,5.75,2.51,1.14,56.3,60.5,71.7,74.2,69.4,67.6
045,2018,3.15,3.23,6.79,3.2,5.24,5.35,44.0,70.2,73.6,73.1,73.7,69.7
045,2019,4.94,5.34,4.22,2.54,3.53,2.62,51.1,62.0,69.8,75.8,71.5,70.0
045,2020,3.77,4.05,4.26,4.68,2.16,1.5,48.1,59.4,72.1,75.6,71.4,64.7
045,2021,2.14,4.25,6.84,4.46,3.27,3.99,51.8,59.6,72.8,73.3,74.7,68.6
045,2022,2.58,4.2,1.59,3.01,5.53,1.16,48.6,64.5,72.2,74.6,72.1,65.3
045,2023,2.53,2.07,1.89,4.58,3.84,1.06,51.8,62.5,69.4,73.4,71.6,66.4
045,2024,6.56,3.63,2.71,6.08,3.03,1.85,53.3,66.3,72.6,71.5,71.9,67.7
045,2025,4.77,2.83,5.42,4.77,1.4,2.54,52.2,61.4,73.3,77.6,71.2,67.4
045,2026,6.6,3.51,7.32,3.43,9.27,,58.0,60.6,70.8,75.4,72.5,
047,1895,1.68,2.04,3.83,1.81,1.83,1.65,53.2,62.0,73.6,73.2,74.9,69.8
047,1896,1.07,3.83,4.34,6.23,6.83,5.36,58.9,69.2,71.1,74.9,72.8,63.0
047,1897,5.13,3.52,3.58,4.96,1.63,0.78,50.6,57.8,69.6,76.6,70.4,67.6
047,1898,1.55,3.37,2.69,3.46,3.71,5.55,49.1,62.3,73.1,76.3,74.2,70.3
047,1899,1.92,3.26,2.5,3.71,4.11,1.25,54.4,63.7,73.4,75.2,75.6,66.3
047,1900,1.92,5.69,4.13,5.78,3.21,1.41,51.1,63.9,70.9,74.7,77.8,70.6
047,1901,2.7,2.61,3.68,2.28,3.91,1.69,47.8,61.0,72.4,80.6,74.6,66.2
047,1902,2.21,3.78,8.56,2.89,1.55,5.52,50.3,65.8,70.1,75.6,71.4,64.3
047,1903,3.23,4.19,3.91,5.07,2.67,1.14,51.5,65.3,66.0,74.9,72.3,66.8
047,1904,2.8,3.58,3.41,2.54,1.57,2.76,46.4,61.8,69.5,72.9,71.6,67.4
047,1905,3.89,7.73,2.92,3.31,5.58,3.13,51.7,63.6,71.6,74.3,73.9,67.3
047,1906,1.82,2.03,3.32,3.81,4.39,3.65,54.1,62.9,70.6,73.8,76.0,70.0
047,1907,2.57,2.6,4.58,5.93,2.76,2.43,42.5,56.8,67.3,74.6,71.3,66.3
047,1908,3.79,5.64,2.23,2.96,1.73,0.65,52.9,63.6,70.2,75.0,73.6,70.0
047,1909,4.39,6.04,3.8,5.19,2.78,1.71,50.0,59.4,72.0,71.6,73.6,63.8
047,1910,2.86,4.44,1.74,5.44,1.05,4.68,52.0,56.6,66.8,74.1,71.2,67.3
047,1911,4.92,2.32,3.79,1.23,2.88,5.51,48.6,66.6,71.7,74.7,73.9,69.9
047,1912,4.91,3.42,1.75,4.71,5.03,2.99,53.9,63.8,67.4,74.7,71.4,67.3
047,1913,4.23,3.5,3.19,4.12,3.96,2.51,51.0,61.4,71.7,76.6,74.4,64.7
047,1914,3.66,1.63,2.41,2.19,5.45,1.76,51.3,62.8,73.6,76.4,73.0,65.4
047,1915,1.78,5.15,3.21,5.71,7.71,4.19,55.6,59.1,68.6,72.7,67.4,67.4
047,1916,2.99,4.38,5.57,3.44,3.06,3.29,50.0,63.8,66.1,78.4,74.8,64.4
047,1917,3.49,4.92,6.04,3.27,2.27,2.58,48.8,55.4,67.9,73.8,71.5,63.6
047,1918,4.18,4.19,4.18,3.25,4.51,3.91,48.2,66.8,69.9,71.8,77.2,58.3
047,1919,3.36,4.13,2.51,2.49,2.22,1.6,51.0,58.8,74.7,76.9,71.5,68.4
047,1920,6.17,3.77,2.85,3.53,4.08,2.94,46.7,59.9,69.9,72.5,71.0,67.3
047,1921,4.37,2.16,3.13,2.47,4.06,4.93,54.9,63.4,75.4,79.6,71.9,70.9
047,1922,6.07,3.33,1.11,3.58,3.75,2.72,54.1,65.9,73.1,74.3,72.2,69.6
047,1923,2.34,3.88,3.46,1.87,4.52,2.5,49.5,60.3,71.3,75.0,72.7,66.4
047,1924,2.06,3.83,5.61,1.73,2.64,3.37,51.9,54.8,70.0,71.2,72.3,61.2
047,1925,2.0,1.51,2.15,6.98,3.2,4.62,56.4,57.7,73.9,73.4,72.3,72.5
047,1926,3.83,4.32,2.89,4.9,8.57,7.58,45.3,62.7,66.8,74.6,74.4,68.0
047,1927,4.84,4.63,3.77,2.53,2.8,3.53,52.2,62.1,66.2,73.6,66.0,69.0
047,1928,3.4,2.04,7.25,2.17,3.34,1.24,47.4,59.9,65.7,74.0,73.8,61.6
047,1929,3.92,7.65,5.87,5.73,2.73,3.66,54.6,59.7,68.0,73.3,68.9,64.9
047,1930,1.79,1.72,1.86,1.58,2.35,3.7,53.3,62.9,69.9,76.7,72.8,67.7
047,1931,3.8,2.65,3.64,5.0,5.84,4.7,51.2,58.4,72.7,78.0,72.5,70.4
047,1932,2.06,0.53,7.04,5.07,2.31,6.03,50.5,61.9,72.0,75.4,72.5,65.5
047,1933,4.3,8.71,1.33,2.46,3.08,5.49,50.8,64.9,75.9,75.3,72.1,71.5
047,1934,0.88,1.14,3.79,1.37,1.79,3.73,50.9,65.0,76.3,80.4,73.1,67.2
047,1935,2.26,5.57,3.35,4.39,2.61,2.85,48.1,57.6,67.4,76.9,74.1,65.1
047,1936,3.24,2.1,0.61,1.24,2.98,6.88,46.5,64.4,71.4,80.4,78.2,69.4
047,1937,3.83,3.53,3.75,2.91,4.42,5.2,50.0,60.7,70.0,73.3,74.7,62.8
047,1938,1.77,6.92,4.92,4.33,1.47,4.73,54.0,61.9,69.2,74.6,74.4,67.0
047,1939,5.78,1.54,8.7,4.37,1.37,0.84,48.0,63.8,73.0,73.6,72.0,70.8
047,1940,6.59,4.37,3.53,0.79,1.62,1.38,47.7,58.8,71.2,74.4,74.0,63.2
047,1941,1.99,2.23,5.54,2.25,3.27,1.8,56.2,64.0,71.5,75.5,73.1,69.0
047,1942,2.15,4.25,5.19,2.6,4.46,2.59,54.6,63.0,71.8,75.5,71.4,64.6
047,1943,2.41,5.64,3.13,3.9,1.75,2.03,48.3,62.9,75.5,75.8,74.1,62.9
047,1944,4.52,2.86,1.02,2.19,3.56,1.97,50.7,68.0,75.0,75.7,73.9,65.5
047,1945,4.11,3.85,5.85,2.69,2.0,6.6,52.8,57.6,69.2,72.5,71.4,68.7
047,1946,1.63,5.14,3.3,3.62,3.61,0.51,52.7,60.1,71.0,73.5,67.5,65.3
047,1947,8.02,7.0,5.33,5.53,5.39,3.52,51.4,59.2,69.0,69.8,77.8,66.3
047,1948,4.51,2.92,2.81,4.38,1.97,1.91,55.1,60.7,71.4,75.0,71.8,66.7
047,1949,1.58,1.71,6.75,5.11,1.86,3.38,49.2,63.1,73.1,78.4,73.2,60.0
047,1950,4.23,3.43,5.78,2.99,3.5,6.14,45.9,63.0,68.8,72.0,68.9,63.4
047,1951,3.23,2.69,4.65,2.2,1.08,2.64,48.5,63.7,71.0,74.0,72.3,64.1
047,1952,3.7,4.11,3.94,1.77,2.89,3.57,51.2,61.2,75.9,77.5,71.8,65.0
047,1953,2.56,4.52,3.17,4.89,2.27,0.87,47.2,64.6,74.4,75.1,73.2,66.3
047,1954,3.49,2.64,2.91,3.87,4.21,1.31,56.7,56.6,73.4,75.6,72.8,68.6
047,1955,2.78,4.13,3.32,5.22,1.51,7.32,56.4,63.4,66.4,78.3,75.5,67.6
047,1956,4.49,6.31,4.22,4.15,2.29,1.59,47.6,62.1,71.0,73.7,72.4,63.3
047,1957,6.24,6.44,6.39,3.36,1.96,2.5,53.7,62.3,71.9,74.6,72.2,65.6
047,1958,4.41,6.51,7.38,9.45,4.67,3.81,51.1,60.0,67.3,73.4,71.4,65.4
047,1959,3.06,3.92,2.86,3.6,1.63,2.48,52.4,66.0,70.4,74.3,76.4,68.4
047,1960,1.4,4.81,7.41,4.08,4.27,1.12,54.6,59.4,68.8,71.8,73.5,69.3
047,1961,4.74,6.0,3.75,4.65,2.63,2.73,45.4,56.7,67.7,73.4,71.4,69.1
047,1962,1.0,4.64,1.79,6.53,3.17,1.7,48.7,68.4,70.5,72.7,71.3,62.2
047,1963,3.78,3.49,1.73,3.63,4.22,0.38,53.0,59.8,70.0,73.0,69.0,64.2
047,1964,7.78,0.76,3.48,3.93,2.26,1.3,54.2,64.8,72.6,74.8,71.2,65.7
047,1965,6.2,1.54,2.52,3.67,4.26,5.54,52.1,67.4,71.2,71.8,70.2,66.9
047,1966,4.59,3.62,2.29,3.44,4.09,4.55,49.1,57.2,69.7,76.1,70.3,63.0
047,1967,3.93,6.84,2.95,3.72,1.09,1.99,53.5,57.7,70.7,70.4,67.9,61.6
047,1968,2.75,10.63,4.08,6.46,3.58,2.78,52.5,58.1,70.4,73.4,72.8,64.9
047,1969,3.3,3.58,4.93,5.78,2.87,2.5,53.2,62.2,69.4,75.6,70.9,63.7
047,1970,6.96,1.65,4.75,4.35,3.41,3.19,53.6,64.4,69.8,72.8,71.5,69.1
047,1971,1.25,4.81,3.94,4.47,1.93,4.66,49.7,57.1,73.1,71.4,69.2,68.0
047,1972,6.54,4.46,2.28,2.31,1.77,4.47,50.7,62.7,65.4,73.8,71.5,67.8
047,1973,4.18,3.95,7.0,7.04,3.3,0.92,50.2,58.0,72.0,74.3,72.7,68.4
047,1974,3.69,6.22,5.31,1.76,7.72,6.09,53.2,60.7,66.6,73.9,72.1,60.5
047,1975,3.3,1.99,2.9,3.05,5.08,3.88,47.4,65.4,71.3,73.5,75.6,61.7
047,1976,1.3,2.48,5.63,3.5,4.19,2.16,52.7,58.6,70.3,72.5,69.0,61.9
047,1977,3.3,3.42,5.2,3.32,6.59,2.9,55.4,67.8,69.2,76.3,72.3,68.4
047,1978,3.11,3.86,4.35,5.34,6.43,0.6,52.3,59.3,70.6,73.3,72.1,68.5
047,1979,4.27,2.95,3.86,7.35,7.17,4.18,49.6,59.5,69.8,71.3,71.5,64.6
047,1980,2.54,5.47,4.78,6.01,8.97,1.4,48.9,62.5,68.3,76.4,76.6,67.7
047,1981,5.32,6.03,2.93,4.75,2.92,2.2,56.1,58.4,71.5,74.0,70.9,63.1
047,1982,1.97,6.15,3.88,3.54,2.8,1.55,47.4,67.0,66.2,74.4,69.3,64.0
047,1983,4.36,8.39,3.11,1.77,2.05,1.24,48.0,58.0,70.5,77.5,77.3,66.7
047,1984,6.09,4.27,1.33,5.2,3.62,4.69,49.9,58.3,73.6,71.0,73.1,63.9
047,1985,1.99,5.65,3.94,3.3,4.9,0.89,56.1,62.9,68.3,73.4,71.1,65.6
047,1986,2.25,4.32,2.86,4.62,2.66,4.74,54.2,62.9,71.3,75.9,69.8,68.4
047,1987,3.28,3.26,3.55,5.48,2.96,1.49,51.7,66.4,72.2,75.2,73.2,66.4
047,1988,3.31,1.99,0.81,5.02,2.91,3.07,50.7,62.3,70.4,76.5,75.6,64.6
047,1989,6.09,7.27,2.68,4.82,4.55,3.82,50.6,58.2,70.6,75.4,72.0,63.8
047,1990,3.12,8.81,4.03,5.68,5.93,4.49,50.3,59.0,69.6,73.0,71.1,66.1
047,1991,4.04,3.73,0.88,3.45,3.94,2.51,55.1,68.8,74.1,76.0,73.2,65.8
047,1992,3.03,3.04,4.14,10.57,3.1,2.29,51.8,59.5,66.1,73.0,68.2,63.9
047,1993,5.03,2.82,5.61,3.44,3.45,4.11,50.0,62.0,69.3,76.6,74.0,62.6
047,1994,5.66,3.14,3.85,2.53,3.34,1.51,53.5,57.9,73.3,73.8,70.1,63.8
047,1995,4.24,9.46,3.38,3.58,5.37,1.27,51.8,60.8,71.7,74.8,77.8,63.0
047,1996,9.09,9.83,5.79,4.86,1.52,5.35,49.3,61.0,70.1,71.5,72.7,64.1
047,1997,1.76,6.89,5.78,2.19,3.88,1.46,47.4,56.7,68.7,74.1,70.2,64.5
047,1998,7.74,4.9,9.3,4.76,1.87,0.74,52.8,66.1,70.8,73.4,74.2,69.8
047,1999,3.42,2.26,4.81,2.47,1.99,0.83,54.7,63.5,72.5,77.4,71.7,65.4
047,2000,4.1,4.75,4.85,3.89,4.57,4.91,51.3,64.5,71.4,72.0,71.2,64.1
047,2001,2.96,5.45,4.89,8.56,3.35,5.16,56.8,64.1,69.1,73.6,74.6,63.9
047,2002,6.72,8.2,4.09,0.92,2.14,4.74,54.5,58.8,72.9,76.9,76.5,70.0
047,2003,2.01,5.98,4.55,8.12,2.93,5.47,53.6,62.1,66.4,72.7,74.0,63.8
047,2004,3.2,6.24,3.38,4.64,3.33,0.34,52.7,66.9,70.3,72.3,69.5,68.0
047,2005,3.55,3.18,3.18,3.86,6.1,3.57,54.4,58.4,72.7,75.4,75.2,69.2
047,2006,5.21,5.71,3.89,5.51,3.85,4.59,55.8,59.9,69.0,75.2,74.6,62.6
047,2007,3.71,1.54,3.27,2.54,1.1,2.53,50.4,66.2,71.9,71.4,78.2,69.8
047,2008,3.01,5.97,6.94,4.2,1.5,1.48,53.0,58.2,71.6,72.8,71.6,67.9
047,2009,4.36,4.89,5.07,5.1,4.84,3.73,52.5,62.9,71.7,68.7,71.1,65.6
047,2010,2.5,4.71,8.84,2.95,1.8,0.76,57.0,64.8,74.0,76.1,75.4,67.8
047,2011,12.02,6.93,4.34,1.09,2.99,5.25,54.4,61.6,71.8,79.3,73.7,63.8
047,2012,3.33,4.53,1.0,2.81,2.5,5.14,52.6,67.7,71.0,80.0,72.5,63.8
047,2013,3.87,3.55,4.32,3.41,0.96,3.93,52.1,64.5,70.8,72.4,71.5,66.6
047,2014,5.49,3.85,6.9,3.43,4.37,2.48,53.6,63.3,72.1,69.2,72.7,64.4
047,2015,4.58,2.01,7.34,6.53,2.98,1.86,54.2,66.5,71.5,73.4,70.2,69.2
047,2016,4.3,2.82,5.25,4.17,6.29,6.8,53.0,60.4,72.9,74.5,76.2,69.8
047,2017,4.4,7.88,5.45,7.62,2.4,2.13,58.3,61.4,69.3,73.9,70.4,66.5
047,2018,4.99,2.88,5.55,3.5,5.28,6.19,46.8,70.4,73.3,74.4,74.2,71.0
047,2019,5.08,5.01,7.56,2.73,2.1,0.41,53.4,64.0,69.5,76.2,72.8,71.9
047,2020,2.56,5.4,4.17,3.77,4.17,0.68,50.0,59.6,71.6,76.6,72.3,65.8
047,2021,2.82,4.85,8.44,5.89,2.21,4.47,52.1,59.8,72.1,73.9,75.6,67.9
047,2022,3.02,8.02,3.59,3.09,2.8,3.89,50.0,65.2,71.4,75.5,73.2,66.0
047,2023,3.38,2.9,2.13,7.64,3.55,2.06,52.9,60.9,68.3,74.3,72.0,67.1
047,2024,6.05,4.25,2.4,6.11,2.99,3.98,56.3,67.3,72.3,73.7,73.5,68.6
047,2025,8.0,5.13,7.47,3.83,2.31,2.16,53.9,61.5,73.6,78.1,72.2,68.3
047,2026,3.68,8.66,5.23,2.22,9.39,,60.5,60.5,70.8,76.1,73.4,
049,1895,1.73,1.56,1.67,2.35,2.28,2.33,50.8,62.2,72.2,71.5,72.3,67.6
049,1896,2.83,4.93,3.87,10.75,5.87,4.97,54.7,66.8,68.1,72.0,70.5,59.8
049,1897,2.75,3.09,3.94,1.9,2.54,0.44,46.3,56.3,68.6,75.7,68.3,66.3
049,1898,1.75,4.92,3.48,2.94,3.51,3.13,46.2,59.6,71.0,73.9,70.7,66.2
049,1899,0.96,4.31,2.51,3.09,1.46,2.21,52.2,61.7,71.3,74.3,74.2,62.6
049,1900,1.54,3.27,4.43,4.81,3.64,1.93,49.7,62.7,68.6,72.8,75.6,65.9
049,1901,2.19,3.35,3.16,0.85,3.08,1.19,45.4,57.3,71.3,79.5,72.8,62.6
049,1902,1.77,4.93,10.22,5.25,1.71,4.81,46.3,63.1,66.4,72.8,67.7,60.0
049,1903,5.64,3.19,4.32,4.37,4.04,3.05,48.4,63.0,63.4,72.4,68.7,63.6
049,1904,4.06,3.65,1.74,4.85,3.5,4.04,42.4,59.5,67.1,70.7,67.0,63.8
049,1905,4.41,6.59,4.77,3.24,4.42,4.18,47.2,59.8,68.4,71.7,71.3,64.5
049,1906,2.37,1.94,4.02,4.24,4.52,3.41,49.8,60.8,68.0,70.9,73.7,66.9
049,1907,2.48,3.58,5.95,5.04,3.89,4.09,38.7,52.6,64.9,71.4,67.4,60.6
049,1908,3.6,5.98,1.89,3.09,2.3,0.87,47.9,60.6,68.1,72.8,70.5,67.5
049,1909,5.46,3.74,7.46,3.45,4.17,3.64,44.9,56.3,68.6,69.7,71.0,59.5
049,1910,3.73,3.46,0.78,2.39,3.63,5.76,48.9,53.9,66.2,74.0,69.4,62.2
049,1911,4.12,2.88,4.98,2.13,3.48,5.03,45.3,64.8,70.7,72.8,68.9,64.6
049,1912,3.12,4.03,3.92,5.07,4.98,2.75,48.6,61.6,66.2,72.2,67.6,64.7
049,1913,2.66,5.1,1.17,4.75,4.04,2.48,47.4,58.9,69.7,74.0,72.3,62.4
049,1914,2.51,4.18,2.98,1.48,4.17,2.26,47.6,61.6,70.9,75.1,71.8,63.5
049,1915,2.41,5.78,2.14,6.78,4.85,3.69,53.4,55.5,65.2,69.9,64.5,65.4
049,1916,2.01,5.96,6.93,1.63,2.75,4.19,47.0,60.2,64.0,77.6,73.6,62.2
049,1917,3.08,4.0,3.86,3.15,3.58,1.68,46.0,52.5,65.3,70.8,68.8,60.5
049,1918,2.7,4.1,3.17,2.53,2.58,4.41,45.2,64.2,68.2,69.9,75.1,56.2
049,1919,2.76,5.53,2.79,2.78,3.01,3.16,47.2,55.8,72.5,75.3,69.2,65.8
049,1920,4.86,2.29,4.35,5.3,1.52,1.59,42.9,57.1,68.4,69.6,68.7,65.3
049,1921,4.7,2.7,2.98,1.79,7.76,4.34,52.2,62.5,74.0,78.6,70.2,67.5
049,1922,4.79,3.75,1.98,3.02,1.88,1.52,49.1,63.4,70.2,71.3,71.2,67.2
049,1923,1.36,4.93,2.4,4.15,4.11,3.84,45.8,56.7,71.0,72.7,69.1,64.1
049,1924,3.5,3.22,7.51,2.16,2.96,3.32,46.9,52.4,66.0,68.7,69.3,57.9
049,1925,2.14,0.77,2.79,3.58,1.8,5.64,52.6,54.4,71.4,72.1,71.1,69.2
049,1926,3.49,3.93,3.66,2.89,3.58,7.27,40.8,59.4,62.9,71.8,72.6,63.2
049,1927,5.92,5.25,2.72,3.89,2.95,4.6,47.3,57.5,64.2,71.3,64.3,67.5
049,1928,1.52,2.76,5.03,4.12,6.05,0.94,44.0,58.1,62.7,72.7,71.7,59.6
049,1929,5.61,5.53,3.51,2.55,3.35,2.44,50.1,55.5,65.8,72.7,67.8,63.1
049,1930,3.94,2.61,3.32,2.67,3.23,3.01,49.2,60.3,68.5,74.0,70.4,65.0
049,1931,2.4,4.33,5.41,1.67,5.0,4.69,48.5,56.5,71.6,75.8,71.2,68.6
049,1932,2.25,1.91,3.95,3.77,2.62,5.65,46.9,59.3,70.1,73.3,70.7,61.9
049,1933,3.49,7.57,1.9,2.52,3.87,5.83,47.6,61.5,75.2,74.2,68.2,68.0
049,1934,1.74,1.4,2.37,1.49,5.72,7.93,47.8,63.9,74.6,78.6,70.4,63.2
049,1935,2.31,5.65,3.31,2.71,4.44,2.46,44.6,53.4,66.1,75.4,71.9,62.9
049,1936,2.9,2.63,2.49,0.18,5.75,5.07,43.5,62.7,67.7,78.8,75.1,66.7
049,1937,6.09,2.9,6.09,4.84,2.69,3.61,46.8,59.5,67.3,72.7,73.4,61.8
049,1938,3.02,3.77,6.0,5.49,3.23,4.46,49.8,59.3,67.1,72.9,73.2,64.4
049,1939,4.76,1.2,6.74,2.31,2.23,0.54,44.2,62.3,71.2,72.5,70.7,68.1
049,1940,3.72,5.15,3.5,0.57,3.53,1.14,44.2,55.7,70.2,73.7,72.2,62.2
049,1941,2.77,2.69,4.88,2.66,1.81,1.68,53.6,62.3,69.5,74.2,71.6,68.0
049,1942,2.4,3.13,4.82,7.41,3.29,4.18,52.9,61.0,69.4,73.8,69.2,61.3
049,1943,2.89,9.33,2.75,4.8,6.44,3.3,45.0,58.2,72.7,73.5,71.2,59.6
049,1944,6.18,5.58,1.62,1.8,3.02,1.83,45.9,64.8,72.9,73.8,72.8,64.3
049,1945,3.5,6.07,4.22,3.78,4.51,6.04,49.5,53.4,65.7,70.7,70.2,64.6
049,1946,1.12,3.63,6.0,1.32,1.64,2.5,50.0,57.0,68.5,73.4,67.2,64.9
049,1947,5.56,4.1,4.38,2.94,2.63,5.3,47.0,55.1,66.2,69.6,78.3,65.2
049,1948,2.44,5.26,6.6,3.09,3.1,2.4,52.7,57.4,68.6,73.5,71.0,65.8
049,1949,2.1,5.05,5.87,4.89,2.32,2.3,47.4,61.3,72.1,76.3,71.4,58.6
049,1950,5.71,1.72,6.53,5.43,2.28,4.07,43.0,61.1,68.0,70.3,68.5,62.3
049,1951,3.71,4.15,4.79,5.15,3.18,1.99,45.8,61.5,66.9,71.8,68.1,60.7
049,1952,4.24,5.16,4.59,4.16,4.1,2.3,48.6,57.8,73.3,75.3,69.8,63.1
049,1953,3.58,2.8,3.91,3.86,2.32,1.94,44.8,61.7,72.8,73.8,71.4,64.0
049,1954,5.23,2.83,4.18,5.23,4.02,1.18,52.6,54.7,72.7,73.4,70.2,66.2
049,1955,3.23,3.37,3.26,6.03,3.66,1.54,54.8,61.5,66.3,78.5,75.1,65.1
049,1956,5.22,5.15,2.31,4.15,3.16,0.61,46.4,60.1,71.5,72.2,71.3,62.5
049,1957,7.13,3.4,6.92,4.08,2.51,2.72,48.9,60.1,70.1,73.8,70.6,61.5
049,1958,1.79,2.05,10.71,5.48,5.47,4.19,49.8,59.3,64.0,72.0,70.1,63.4
049,1959,5.45,3.37,3.3,3.45,2.66,3.78,48.5,64.1,70.5,72.1,75.7,66.4
049,1960,3.76,3.88,3.71,3.26,4.4,3.02,52.1,57.1,66.9,70.8,71.4,67.6
049,1961,4.78,2.35,4.74,8.41,3.62,5.56,42.9,55.0,67.6,71.8,70.5,68.4
049,1962,1.35,4.1,3.24,3.41,3.17,1.63,47.3,66.0,69.8,70.0,70.6,60.9
049,1963,3.99,2.72,3.3,6.69,2.06,1.37,49.7,57.2,69.5,71.7,66.8,63.0
049,1964,4.48,0.96,4.66,3.75,2.58,3.13,49.8,64.4,70.8,73.5,68.8,63.4
049,1965,4.61,2.74,3.17,3.24,4.81,4.57,47.8,66.2,68.9,70.3,68.0,64.8
049,1966,4.25,4.03,2.12,3.45,2.38,4.71,45.6,53.9,70.6,75.1,68.9,61.7
049,1967,5.05,3.54,4.88,1.85,2.88,1.56,50.0,55.2,71.4,69.9,66.7,61.1
049,1968,4.1,4.73,5.62,3.49,4.4,3.43,51.0,56.1,69.9,72.9,71.6,63.9
049,1969,4.35,3.05,5.42,7.75,1.26,3.72,50.1,59.4,65.7,73.1,70.6,63.8
049,1970,6.14,4.21,3.48,5.45,1.99,8.26,49.3,63.1,68.4,72.6,70.7,65.1
049,1971,1.05,2.51,4.98,4.59,3.11,5.48,47.2,56.6,73.4,70.1,68.1,66.4
049,1972,5.67,4.04,2.8,3.67,6.12,8.82,46.1,62.0,64.7,71.7,70.2,63.9
049,1973,4.05,3.39,5.26,3.87,3.7,1.74,48.7,56.0,71.2,73.3,71.3,66.1
049,1974,3.49,5.85,3.81,1.12,1.19,3.47,50.9,57.4,65.9,74.6,71.0,59.9
049,1975,3.69,5.61,9.35,0.95,5.73,2.56,43.6,63.9,70.2,71.7,72.6,59.0
049,1976,2.46,2.54,4.21,3.18,1.67,2.41,51.8,56.9,70.2,72.3,67.3,61.2
049,1977,2.4,2.12,3.41,3.66,6.8,5.35,54.8,67.8,67.1,75.5,69.2,65.2
049,1978,3.81,4.51,2.76,2.63,2.24,1.59,48.4,58.1,68.9,71.9,70.9,68.0
049,1979,4.52,2.45,2.8,2.95,5.38,0.05,45.9,58.4,69.1,70.9,69.7,63.4
049,1980,3.27,2.26,5.61,2.14,7.68,3.9,46.7,61.0,66.8,76.2,73.9,65.1
049,1981,7.57,6.95,7.95,3.84,2.84,4.86,52.4,56.3,69.9,72.5,70.2,62.7
049,1982,2.62,3.81,3.3,2.83,2.43,2.04,44.4,66.4,65.3,73.8,68.6,62.6
049,1983,5.74,4.32,2.73,2.65,2.0,2.38,44.8,55.9,70.6,76.9,75.7,64.8
049,1984,3.05,6.03,3.15,3.32,1.25,2.82,46.3,55.8,72.0,69.8,72.0,62.3
049,1985,2.23,2.2,2.92,3.54,4.93,2.2,54.7,63.1,66.2,71.9,68.3,65.1
049,1986,1.77,5.52,6.48,6.49,1.49,5.37,51.9,60.3,69.5,74.9,67.4,66.4
049,1987,2.37,4.14,4.36,4.34,6.68,2.51,50.2,64.1,71.9,74.8,71.2,64.4
049,1988,2.55,1.65,1.53,2.48,4.04,3.41,48.3,62.0,71.3,74.7,74.9,63.6
049,1989,2.79,4.78,4.49,4.14,3.23,4.95,47.2,56.9,68.4,73.2,69.5,60.8
049,1990,2.7,5.0,4.24,7.03,10.07,1.85,48.5,56.7,69.0,71.1,69.1,64.4
049,1991,3.67,3.92,1.86,2.73,3.44,2.09,52.6,66.7,73.1,74.3,71.4,62.4
049,1992,3.12,1.79,2.67,6.4,2.5,6.04,46.4,57.9,64.6,70.1,66.2,61.8
049,1993,4.26,3.9,6.38,4.44,3.79,7.1,46.9,60.9,67.2,73.8,72.1,59.1
049,1994,6.45,2.23,5.87,4.47,2.95,1.72,50.4,57.0,70.6,71.9,67.4,63.6
049,1995,4.37,5.2,5.5,2.52,3.99,0.65,46.5,57.8,70.7,74.3,77.2,61.5
049,1996,4.0,6.72,4.92,8.5,1.88,3.33,45.8,57.2,69.6,69.5,71.4,62.4
049,1997,1.34,5.69,4.39,5.79,4.28,4.8,44.3,53.7,68.4,71.9,67.7,63.0
049,1998,5.02,3.85,7.17,7.69,3.86,1.43,50.8,65.2,69.5,72.0,72.3,67.6
049,1999,7.11,2.94,3.8,2.07,3.36,2.37,51.3,62.7,70.7,76.9,68.9,63.6
049,2000,2.85,4.69,6.69,3.4,3.91,4.32,48.0,61.8,68.5,70.1,70.6,63.2
049,2001,3.99,4.3,4.56,6.57,5.35,3.07,53.7,62.2,67.4,71.9,72.0,61.6
049,2002,4.75,5.59,2.42,3.47,3.11,1.99,50.1,55.3,71.1,75.8,72.6,67.5
049,2003,2.43,6.33,2.37,10.07,2.65,5.68,50.8,57.9,66.8,71.4,72.9,62.2
049,2004,0.65,6.32,4.98,4.44,8.67,1.06,51.5,63.2,67.4,70.8,66.4,65.9
049,2005,1.72,1.86,3.45,4.57,2.89,4.76,52.3,57.7,73.2,74.0,73.0,67.7
049,2006,3.75,5.72,2.92,5.65,5.85,2.56,53.6,57.8,68.7,74.1,71.4,61.3
049,2007,4.34,2.06,2.96,4.88,7.19,1.52,46.6,64.2,70.8,70.6,73.5,66.8
049,2008,2.75,4.42,5.71,2.2,3.46,4.75,51.1,55.8,70.6,71.9,69.8,66.2
049,2009,4.57,4.76,3.55,2.87,5.43,1.17,48.6,60.0,69.7,67.8,69.6,63.8
049,2010,2.94,5.66,6.92,4.67,2.27,2.69,55.2,62.6,72.1,75.2,74.5,65.4
049,2011,7.53,6.58,3.78,4.05,2.66,6.08,49.4,60.8,71.3,77.2,71.3,62.0
049,2012,1.35,1.46,2.21,3.27,5.1,2.64,50.5,65.8,70.3,78.5,70.1,63.1
049,2013,7.37,3.07,8.94,1.74,3.69,2.76,48.1,63.5,69.6,71.2,69.7,64.9
049,2014,3.38,3.78,4.97,2.11,6.96,4.45,49.2,60.8,72.1,68.0,70.9,62.4
049,2015,2.96,4.38,11.4,4.81,2.93,2.65,50.2,63.7,69.2,70.9,69.8,68.2
049,2016,3.57,2.93,4.15,4.87,5.89,4.14,49.2,59.3,71.3,73.5,74.4,68.8
049,2017,3.6,6.27,4.12,7.01,2.91,2.37,54.1,58.1,70.5,72.6,68.3,65.7
049,2018,2.46,3.22,4.7,3.15,7.17,1.86,42.0,67.5,71.9,73.5,72.9,68.1
049,2019,5.15,6.1,3.84,2.08,3.19,6.02,48.6,59.1,68.8,75.8,70.5,68.1
049,2020,2.73,4.43,2.98,2.44,3.48,1.6,46.4,58.3,71.5,75.8,71.2,63.6
049,2021,2.54,5.07,7.11,3.87,3.87,3.04,49.6,57.8,71.7,72.4,73.6,67.9
049,2022,2.52,3.74,2.88,4.71,3.02,1.82,45.7,62.4,70.7,73.3,72.0,64.6
049,2023,2.03,2.57,2.88,5.47,4.01,1.19,50.5,60.4,68.4,72.4,70.1,65.2
049,2024,7.07,3.91,4.48,6.84,2.78,1.31,51.7,64.7,72.1,71.2,71.3,66.9
049,2025,2.99,2.83,5.12,4.55,2.48,2.0,49.8,58.5,72.1,76.2,70.3,65.8
049,2026,7.85,1.9,6.36,3.11,7.38,,55.4,58.7,69.0,74.6,71.1,
051,1895,2.61,1.84,2.58,7.35,1.92,2.85,57.8,65.2,77.1,75.4,76.4,72.0
051,1896,1.78,7.48,5.5,4.44,2.7,4.28,63.1,71.7,73.4,77.4,77.0,66.3
051,1897,6.08,2.89,4.19,4.26,0.82,0.6,54.0,59.8,73.3,78.5,74.5,72.2
051,1898,3.69,5.07,5.81,3.09,3.75,4.63,51.6,65.8,75.5,77.8,76.3,72.1
051,1899,1.36,3.29,4.39,3.67,2.99,1.84,55.4,66.5,75.7,77.0,78.0,67.9
051,1900,1.23,4.31,9.16,4.21,1.53,4.39,54.4,66.2,73.6,78.3,80.9,71.8
051,1901,2.88,1.67,4.04,1.17,2.21,1.84,50.2,63.5,76.8,83.2,75.9,67.8
051,1902,2.07,2.91,4.96,2.33,2.44,3.19,52.7,71.0,73.4,77.4,74.2,64.7
051,1903,4.96,2.85,3.1,3.06,3.93,1.06,53.9,67.4,67.9,77.6,75.0,68.0
051,1904,2.89,3.33,3.96,3.04,3.64,5.51,49.1,63.8,71.1,74.4,73.2,69.4
051,1905,4.03,4.18,4.04,8.39,3.39,1.9,54.2,66.6,74.4,74.7,75.6,70.0
051,1906,1.86,1.48,3.53,2.84,4.21,5.87,57.2,65.9,73.3,75.4,77.6,72.3
051,1907,3.33,4.09,3.72,3.79,6.36,1.23,45.5,59.8,70.3,78.0,74.3,67.3
051,1908,5.44,5.81,1.4,2.98,1.49,1.61,55.0,65.7,73.2,77.2,76.1,71.6
051,1909,5.93,3.85,4.84,5.46,1.89,2.95,53.7,62.2,74.2,74.9,78.0,66.6
051,1910,3.65,3.12,2.46,7.75,2.13,7.6,53.9,59.7,70.8,76.2,73.3,69.9
051,1911,6.42,2.05,3.61,1.19,2.69,5.75,52.6,69.2,76.4,76.8,75.8,72.9
051,1912,6.34,3.74,4.45,5.05,4.89,5.0,56.4,66.4,69.1,77.2,74.1,69.9
051,1913,3.82,1.94,2.41,1.98,1.78,3.45,53.9,65.8,76.5,80.2,79.8,68.9
051,1914,3.12,0.46,2.69,1.61,3.51,5.16,54.5,66.7,78.8,80.1,76.8,67.3
051,1915,0.77,7.77,5.0,4.03,7.01,2.14,60.0,63.9,71.3,75.5,69.8,70.8
051,1916,2.43,3.26,8.68,2.61,4.38,2.5,52.3,66.6,69.6,80.8,77.6,67.3
051,1917,5.68,3.97,5.55,3.69,2.97,1.24,53.8,58.7,70.6,75.6,73.3,67.3
051,1918,7.28,5.45,3.48,3.62,2.91,4.18,50.6,69.5,73.2,74.4,79.5,61.0
051,1919,3.18,5.36,5.76,0.97,1.98,2.4,55.8,62.1,76.1,79.0,74.9,71.7
051,1920,2.93,5.88,2.26,3.12,4.35,5.14,51.1,63.7,72.5,75.5,73.3,70.2
051,1921,3.16,2.84,4.15,1.82,3.65,4.09,57.3,66.2,77.9,81.0,75.0,73.6
051,1922,4.84,3.91,1.81,3.29,1.72,1.76,58.1,67.7,75.1,75.1,74.8,71.7
051,1923,3.64,5.66,4.8,2.44,5.22,2.41,52.6,62.5,73.1,76.9,75.7,67.6
051,1924,2.23,3.77,4.48,3.29,2.65,2.61,56.0,58.3,73.5,73.4,75.7,64.4
051,1925,2.08,1.19,4.94,2.76,1.68,4.77,61.1,60.3,76.5,76.9,76.3,75.7
051,1926,2.95,0.52,1.68,1.71,3.88,5.93,48.6,67.6,71.2,79.1,77.3,71.4
051,1927,8.35,9.82,3.92,4.61,3.48,6.58,57.3,64.0,70.0,76.0,69.9,72.2
051,1928,4.39,3.54,9.02,1.79,2.37,0.57,50.9,63.8,68.3,78.4,77.6,65.4
051,1929,4.47,7.11,3.99,2.73,3.84,3.43,57.9,62.4,71.6,77.9,73.8,68.2
051,1930,1.44,0.76,2.39,0.35,2.04,5.01,57.4,65.8,73.1,81.3,77.1,70.5
051,1931,3.38,2.54,2.95,1.83,6.42,5.2,55.1,61.9,76.6,80.4,75.4,74.1
051,1932,3.67,0.87,2.42,2.14,3.85,7.39,56.0,65.2,75.4,79.2,76.0,68.3
051,1933,5.15,10.63,2.07,4.71,2.11,2.88,54.1,67.5,78.0,78.1,74.5,75.4
051,1934,1.49,1.62,3.65,5.0,5.27,6.8,55.6,67.7,79.0,81.2,76.4,67.4
051,1935,3.56,8.97,6.32,3.76,2.51,1.62,53.0,61.4,70.1,79.3,77.2,68.3
051,1936,3.51,1.23,2.47,1.95,1.08,3.21,50.7,68.9,75.3,83.7,82.3,73.3
051,1937,5.33,4.03,4.86,1.85,4.32,3.76,54.0,65.4,74.4,76.1,78.6,67.0
051,1938,2.27,5.92,4.12,6.64,2.95,1.76,57.4,65.2,72.3,77.0,78.0,70.5
051,1939,7.36,1.62,5.89,3.15,3.03,0.98,52.0,66.7,74.8,77.6,75.1,74.0
051,1940,7.05,3.43,2.03,1.42,1.94,1.33,53.1,62.0,74.1,77.4,77.1,67.1
051,1941,3.26,2.59,3.65,4.69,3.01,1.01,59.4,68.1,75.6,78.2,77.3,72.0
051,1942,3.02,4.21,6.54,3.52,2.78,1.29,58.2,65.5,74.6,78.0,74.8,68.0
051,1943,4.35,6.68,5.38,4.91,0.41,3.23,53.8,65.7,77.4,79.0,78.8,64.9
051,1944,6.54,3.9,1.38,0.94,4.06,2.82,54.9,69.4,78.0,77.9,76.4,68.4
051,1945,6.89,3.74,9.03,3.68,6.16,7.01,56.7,61.0,70.7,74.6,74.1,69.8
051,1946,2.08,8.99,4.05,3.32,7.47,1.57,58.2,62.2,73.8,76.6,70.9,67.4
051,1947,7.85,4.11,5.27,3.51,2.95,4.52,55.7,62.2,71.9,72.7,80.8,68.8
051,1948,3.74,3.76,3.93,7.13,1.05,3.12,58.5,63.2,74.2,76.8,74.7,69.0
051,1949,2.32,2.69,5.67,3.15,3.68,2.93,53.6,66.4,75.2,79.6,75.4,62.6
051,1950,6.54,4.12,4.15,4.38,4.2,5.34,50.5,66.0,72.4,73.8,71.4,66.1
051,1951,3.2,3.11,5.68,3.09,1.87,3.47,52.0,66.0,73.1,76.8,75.4,65.8
051,1952,3.89,2.61,4.24,2.42,2.24,2.94,54.4,65.1,80.1,79.3,75.7,67.5
051,1953,4.3,4.35,1.57,1.81,0.46,0.58,51.7,67.3,79.4,78.9,76.7,70.3
051,1954,3.4,2.92,2.15,1.94,4.87,2.62,60.7,60.8,77.2,80.6,77.0,71.4
051,1955,7.14,4.31,3.92,3.33,1.8,3.57,60.0,66.3,68.9,80.8,77.3,71.5
051,1956,4.61,3.79,2.33,3.34,2.4,2.41,52.6,66.2,74.2,76.2,75.4,67.0
051,1957,6.49,8.0,6.99,4.25,1.4,1.26,58.0,65.1,74.5,76.9,74.8,67.1
051,1958,3.52,3.68,5.16,11.9,2.44,3.12,54.7,64.6,70.4,75.4,74.4,68.2
051,1959,1.16,5.63,2.31,4.98,4.93,5.39,55.8,68.3,73.1,75.7,77.1,69.4
051,1960,2.66,6.0,6.74,3.04,2.97,0.63,58.3,61.3,72.2,74.5,76.2,72.4
051,1961,4.99,11.15,5.96,3.46,3.07,0.71,50.0,59.9,71.0,75.9,73.6,71.2
051,1962,1.12,4.52,4.04,2.31,3.0,3.38,53.0,72.3,73.0,76.2,74.7,64.9
051,1963,2.99,3.55,2.1,5.4,1.42,0.75,57.4,62.7,74.0,75.3,73.5,67.6
051,1964,6.22,2.57,3.29,3.97,1.9,3.01,58.5,67.5,75.0,76.5,74.8,68.2
051,1965,3.75,1.51,4.39,3.68,4.8,6.53,57.3,69.9,73.4,75.2,74.0,68.5
051,1966,6.06,5.03,1.75,2.16,2.84,3.91,52.3,61.3,73.2,80.5,73.0,65.3
051,1967,4.3,5.31,3.1,6.12,3.16,1.93,58.6,61.5,73.5,73.3,70.4,64.9
051,1968,3.84,5.63,2.41,4.34,3.03,2.22,56.6,63.0,74.6,77.1,76.4,67.9
051,1969,4.1,4.24,5.61,6.89,2.72,2.45,55.3,65.2,73.6,78.2,73.9,67.3
051,1970,6.95,3.43,6.46,3.03,2.69,1.89,57.7,68.0,72.1,75.0,75.0,73.4
051,1971,2.01,4.64,3.81,4.9,2.85,3.66,54.6,60.7,76.6,74.3,73.2,71.0
051,1972,8.72,2.32,2.53,4.14,3.62,2.52,55.5,66.0,71.2,75.3,74.2,71.0
051,1973,5.65,5.85,6.69,3.11,3.18,2.08,53.8,60.9,74.5,77.7,75.8,71.4
051,1974,3.73,6.55,4.46,0.9,7.76,4.16,56.3,65.5,69.4,77.7,74.2,63.3
051,1975,5.53,3.17,2.83,4.31,4.84,2.44,53.1,68.2,74.4,76.0,76.4,64.1
051,1976,1.46,5.67,5.12,2.81,0.96,4.14,56.3,60.2,71.9,75.9,72.3,65.7
051,1977,3.58,2.91,4.87,3.94,6.36,4.26,59.9,70.4,73.2,79.5,75.2,71.4
051,1978,3.58,3.61,0.91,5.36,4.93,1.61,56.3,62.8,75.0,78.1,75.5,71.7
051,1979,5.1,3.11,3.35,13.33,6.6,1.66,53.2,62.9,74.0,75.4,74.7,67.8
051,1980,2.58,3.16,5.35,4.49,2.52,3.35,52.3,64.9,72.6,80.9,80.6,71.4
051,1981,3.62,11.82,2.22,4.52,5.24,1.62,60.8,60.3,75.5,77.7,74.6,66.4
051,1982,2.61,5.05,3.71,2.6,3.66,5.5,50.5,69.8,69.6,77.8,73.4,66.5
051,1983,8.8,10.04,5.25,1.26,1.62,1.17,49.5,61.8,73.4,80.4,80.8,69.7
051,1984,6.2,4.25,0.91,2.4,1.99,4.4,53.4,61.9,77.4,75.2,75.5,66.0
051,1985,2.72,4.42,4.43,1.88,6.03,1.84,59.0,66.1,71.8,77.0,73.7,68.1
051,1986,2.05,5.49,3.68,6.22,3.04,3.22,58.1,66.6,75.6,80.0,72.1,72.0
051,1987,2.53,2.88,5.3,4.69,1.06,2.01,53.9,71.2,75.8,77.7,77.0,70.0
051,1988,2.52,1.76,0.89,6.52,3.2,2.17,55.4,66.4,75.1,78.7,78.9,68.8
051,1989,3.56,4.19,5.18,5.09,5.74,3.12,55.0,61.1,72.4,76.7,75.2,67.1
051,1990,3.49,10.43,4.33,3.4,3.2,3.04,53.6,61.8,73.9,76.1,74.2,69.9
051,1991,2.98,2.13,1.87,1.95,2.42,3.78,59.1,71.1,76.4,78.6,76.8,69.3
051,1992,2.09,3.6,1.81,6.32,3.61,4.53,55.3,62.2,70.4,77.3,71.3,67.0
051,1993,5.58,4.59,2.93,5.7,2.63,7.47,52.3,64.9,74.0,80.8,77.0,65.2
051,1994,5.99,2.33,3.43,1.28,2.5,2.25,56.6,61.5,76.1,77.0,73.2,66.4
051,1995,5.41,9.8,4.46,3.24,4.29,1.02,55.6,64.0,74.2,78.5,80.6,66.3
051,1996,10.41,6.96,6.27,4.17,1.58,5.93,51.8,67.2,74.2,75.1,76.0,66.3
051,1997,3.18,6.04,5.1,1.74,3.02,1.56,50.6,60.6,72.2,77.3,73.9,68.5
051,1998,7.72,6.1,6.09,4.68,2.95,1.92,55.2,69.2,74.8,77.2,76.4,73.2
051,1999,5.65,3.25,6.37,3.41,0.81,0.67,57.3,65.5,74.6,80.3,74.5,68.1
051,2000,2.44,3.19,8.38,3.21,8.43,3.78,53.3,67.4,73.0,74.7,75.6,67.6
051,2001,1.75,4.54,2.9,6.19,3.09,3.58,61.2,67.5,72.5,77.3,76.8,67.3
051,2002,6.75,9.6,3.22,2.29,1.21,6.09,58.3,62.8,76.7,80.7,78.9,73.3
051,2003,3.66,8.15,4.42,2.86,1.95,3.47,57.1,64.1,69.8,77.1,77.6,66.6
051,2004,2.07,8.55,2.71,7.86,5.65,0.47,56.8,69.9,73.3,75.0,71.7,70.0
051,2005,3.16,2.98,4.08,2.84,7.12,2.6,57.2,63.5,75.5,77.6,79.0,72.6
051,2006,4.22,5.6,4.01,4.4,5.76,7.45,60.2,63.9,74.0,78.6,77.5,65.0
051,2007,3.83,3.24,3.37,2.56,1.63,4.74,53.4,70.1,75.1,75.6,82.2,72.7
051,2008,5.55,7.05,4.14,5.73,0.81,4.24,54.9,62.2,76.2,76.7,74.2,70.3
051,2009,7.02,6.08,4.02,7.5,1.95,5.69,56.1,66.0,76.1,72.9,74.1,69.0
051,2010,4.52,4.4,4.45,3.68,1.63,0.38,61.4,68.1,78.7,79.9,79.9,70.8
051,2011,11.9,8.0,7.32,7.23,0.97,7.32,58.5,64.8,75.8,81.7,76.9,66.7
051,2012,1.66,2.25,0.32,1.7,3.73,9.16,58.1,71.5,74.7,84.1,75.6,67.6
051,2013,4.44,4.83,7.04,4.85,0.64,3.01,55.3,66.0,73.5,75.0,74.9,70.2
051,2014,8.56,4.33,4.65,2.9,5.43,2.66,56.4,66.7,75.9,72.5,76.2,67.8
051,2015,7.16,3.45,8.75,5.03,2.52,2.15,57.5,67.5,75.2,77.4,73.3,71.3
051,2016,4.71,4.41,2.74,7.52,3.87,3.31,56.4,63.5,77.0,77.8,78.3,72.5
051,2017,7.88,4.82,3.53,4.16,1.27,1.77,60.8,66.0,74.0,78.3,73.2,70.2
051,2018,3.39,4.45,11.0,3.0,1.88,8.7,49.7,73.1,77.2,77.4,76.9,73.6
051,2019,6.33,7.9,8.09,5.32,4.81,0.43,56.8,67.3,72.8,78.2,75.4,75.2
051,2020,3.2,4.49,5.66,6.84,4.39,1.27,52.4,63.0,75.0,79.3,75.0,68.8
051,2021,2.87,3.12,3.31,6.85,5.09,2.86,55.3,63.1,74.9,76.9,77.7,70.4
051,2022,4.1,5.77,2.36,6.65,2.65,1.83,54.2,68.5,75.6,78.9,76.0,69.2
051,2023,3.29,3.11,3.33,3.62,5.23,1.0,56.5,66.0,73.0,78.3,75.7,70.4
051,2024,6.57,5.61,2.16,4.76,1.6,5.32,59.5,69.8,76.0,77.0,76.2,71.6
051,2025,8.49,5.6,4.55,6.91,1.14,2.83,58.1,64.7,76.7,81.4,75.3,71.5
051,2026,3.27,5.22,9.1,2.42,3.14,,64.6,65.3,74.4,79.2,76.9,
053,1895,1.25,1.57,2.17,1.12,2.38,2.45,51.8,62.7,73.2,72.4,73.4,68.9
053,1896,2.37,4.86,3.98,11.58,6.72,5.51,56.5,68.0,69.3,73.2,71.1,61.5
053,1897,3.91,3.64,4.53,2.59,2.85,0.58,48.0,56.9,68.9,76.2,69.5,67.6
053,1898,2.56,6.63,2.82,3.55,2.77,3.21,47.6,61.0,71.6,75.8,72.5,68.2
053,1899,1.07,3.26,2.08,3.83,2.2,2.13,53.5,63.3,72.8,73.9,74.7,64.0
053,1900,1.93,4.25,5.6,3.44,3.27,2.0,50.4,64.2,69.8,74.1,76.8,67.9
053,1901,2.47,4.51,4.32,0.61,2.95,1.32,47.3,59.4,72.7,80.1,73.4,64.4
053,1902,1.71,2.88,8.98,4.69,1.73,6.21,49.1,64.3,67.8,74.6,69.0,62.5
053,1903,5.19,3.97,5.36,2.4,3.58,1.36,50.6,64.8,64.8,73.7,70.7,65.0
053,1904,4.27,3.35,3.79,3.83,2.84,3.34,44.0,60.3,67.8,71.5,68.0,64.5
053,1905,3.78,5.1,4.7,3.04,4.98,4.1,48.8,61.4,70.0,73.0,72.3,65.0
053,1906,2.64,2.39,3.1,2.6,7.66,3.18,52.4,63.1,69.5,72.4,74.8,68.4
053,1907,2.39,2.66,6.55,4.97,3.95,2.76,41.7,54.7,66.6,73.3,69.4,63.2
053,1908,3.16,4.42,1.53,3.55,1.49,0.98,50.7,62.6,69.6,74.3,72.2,68.8
053,1909,5.52,4.37,5.51,4.86,4.17,3.46,47.6,59.0,71.2,71.2,72.6,61.9
053,1910,3.62,2.82,1.31,3.32,2.12,5.62,51.1,56.1,67.5,74.5,70.8,64.6
053,1911,4.19,1.78,4.22,1.45,4.4,5.49,47.6,66.9,71.8,74.0,71.2,66.9
053,1912,4.32,3.92,2.1,3.99,4.94,4.0,50.9,63.4,67.4,73.6,69.6,66.1
053,1913,2.98,3.66,1.69,5.4,3.34,2.0,49.1,60.9,71.1,75.3,73.4,64.3
053,1914,3.22,3.62,2.28,1.43,4.69,2.52,50.2,63.5,72.8,76.5,73.5,64.7
053,1915,1.69,4.98,3.69,7.03,5.4,3.92,55.3,57.5,66.9,71.3,66.0,66.4
053,1916,1.83,3.84,6.14,2.21,2.64,2.37,48.8,61.7,65.4,78.8,74.8,64.1
053,1917,4.0,4.35,4.73,3.01,1.8,1.33,47.9,53.9,66.9,72.6,70.7,62.6
053,1918,4.09,3.82,2.65,2.57,2.54,5.44,47.5,66.7,70.5,71.0,76.7,56.8
053,1919,3.24,3.84,4.21,2.95,2.21,4.08,49.0,57.8,74.4,76.2,71.0,67.6
053,1920,6.4,2.82,4.74,4.82,1.89,3.49,44.7,58.7,70.2,71.4,69.7,66.9
053,1921,3.21,1.9,3.16,1.09,5.09,4.84,53.6,64.5,75.4,80.3,71.6,70.2
053,1922,5.99,3.24,1.31,2.95,1.86,1.93,51.6,64.8,71.2,72.5,71.9,68.5
053,1923,1.97,5.19,2.79,4.17,4.98,3.73,48.0,57.8,71.6,73.2,70.3,65.1
053,1924,3.99,3.82,7.96,1.11,4.19,4.49,49.4,54.0,67.9,70.2,70.9,59.5
053,1925,2.7,0.76,3.87,5.15,2.17,6.04,54.2,56.8,73.0,72.3,71.6,70.7
053,1926,3.66,2.78,2.97,2.95,6.13,10.93,43.3,61.4,65.4,73.6,73.8,64.9
053,1927,5.68,6.59,4.59,3.29,2.9,3.46,49.1,59.6,65.2,72.7,65.3,68.8
053,1928,2.18,2.39,7.42,4.02,3.2,0.79,45.5,59.4,64.2,73.1,72.8,60.8
053,1929,4.99,7.0,3.78,4.01,3.13,1.82,52.3,57.8,67.0,73.6,69.1,64.0
053,1930,3.53,1.72,3.14,2.64,2.86,3.08,50.8,61.7,69.4,74.8,71.6,65.7
053,1931,2.97,2.0,4.12,4.05,5.68,5.49,49.9,58.1,72.7,77.2,72.3,69.6
053,1932,3.5,1.18,3.81,2.62,2.01,6.11,49.1,61.1,71.4,74.8,72.2,63.7
053,1933,3.12,8.46,2.04,1.89,4.4,6.71,49.4,63.5,76.3,75.9,70.4,69.7
053,1934,1.48,0.57,2.76,2.64,5.11,4.77,49.9,65.0,76.2,79.4,71.9,65.6
053,1935,2.69,5.4,4.25,2.49,2.04,2.68,46.4,55.3,67.1,76.6,73.8,64.8
053,1936,2.31,3.32,2.31,0.53,4.25,4.59,45.4,64.0,70.0,80.0,77.0,68.4
053,1937,5.44,4.1,4.99,3.88,4.2,3.52,48.9,60.9,69.0,73.4,74.1,62.9
053,1938,3.07,5.18,5.99,3.67,2.88,3.86,51.4,61.0,68.6,74.0,74.4,66.1
053,1939,4.65,1.19,4.26,4.21,2.04,0.82,46.0,64.1,72.5,73.4,71.8,70.1
053,1940,4.09,2.89,2.73,1.59,1.82,0.86,45.8,57.3,71.3,74.7,73.7,63.2
053,1941,2.3,1.99,6.08,3.07,1.82,1.63,54.8,63.4,70.2,74.5,72.6,68.8
053,1942,2.76,3.53,3.75,6.27,3.44,2.36,54.0,62.2,70.8,74.7,70.5,62.6
053,1943,2.9,10.75,3.3,5.79,3.72,4.04,46.7,60.9,74.5,74.5,72.4,61.1
053,1944,6.18,7.07,1.1,1.03,3.83,1.9,47.5,66.5,74.4,75.0,73.9,65.7
053,1945,2.92,4.43,5.39,3.19,4.38,6.69,51.8,55.2,67.4,71.8,71.3,66.2
053,1946,1.4,5.23,3.99,2.98,1.98,1.02,51.3,58.6,69.7,74.0,68.2,66.0
053,1947,6.18,4.66,5.23,2.09,3.54,4.26,48.8,57.4,67.6,70.8,78.7,65.9
053,1948,5.0,3.98,5.45,3.24,2.5,3.37,53.6,59.6,70.6,74.5,72.3,66.6
053,1949,2.5,3.04,4.58,4.21,3.67,1.73,48.2,62.6,73.4,77.8,72.9,59.0
053,1950,5.28,1.85,4.55,3.7,2.61,6.32,43.5,62.4,68.6,71.7,70.3,63.6
053,1951,3.47,4.41,3.21,3.49,1.45,2.56,46.5,63.0,69.6,73.4,70.5,62.6
053,1952,4.43,4.72,3.25,1.9,3.44,4.88,49.9,59.3,75.6,77.0,70.9,64.1
053,1953,3.27,3.71,2.9,3.59,3.08,2.16,45.5,63.1,74.2,74.9,72.7,65.4
053,1954,3.21,2.55,4.26,3.38,4.43,0.66,54.6,55.8,73.8,74.1,72.2,67.5
053,1955,3.18,2.73,2.5,6.39,3.67,3.58,56.1,62.6,66.7,78.3,75.1,66.3
053,1956,2.37,5.16,3.3,3.04,3.24,0.55,47.3,60.8,71.0,72.2,71.6,62.5
053,1957,8.09,4.43,7.27,4.2,3.27,4.51,50.8,60.4,70.4,73.7,71.6,63.3
053,1958,1.96,2.78,13.09,6.2,3.62,2.3,51.3,58.7,64.9,72.7,70.4,64.1
053,1959,6.51,3.13,2.31,3.62,3.76,3.42,50.8,64.8,71.1,73.2,76.4,67.2
053,1960,1.84,4.67,4.09,3.81,3.86,1.28,53.3,58.2,67.6,70.6,72.7,68.3
053,1961,5.98,2.27,3.2,4.14,2.75,4.26,44.2,55.6,67.6,72.6,71.1,69.0
053,1962,1.17,5.17,3.37,7.21,2.84,1.67,48.7,66.7,70.4,71.1,71.2,61.9
053,1963,4.37,2.87,2.61,4.98,2.48,0.19,50.9,57.8,70.2,72.3,67.3,63.4
053,1964,7.86,1.41,4.54,4.99,1.4,1.43,50.8,63.9,70.7,73.4,69.5,64.4
053,1965,5.17,2.52,2.27,3.41,3.45,4.8,49.1,67.0,69.7,70.7,69.1,66.3
053,1966,2.42,3.02,2.39,2.34,2.03,3.97,46.9,54.7,70.2,76.1,70.2,62.1
053,1967,3.89,4.23,2.84,1.41,1.62,2.13,51.5,55.5,71.5,71.0,68.1,61.7
053,1968,2.66,5.49,3.91,1.89,4.12,2.65,51.4,56.3,70.5,73.6,72.8,64.4
053,1969,3.52,2.55,4.87,4.2,2.42,5.6,51.1,60.7,66.5,74.2,71.2,64.2
053,1970,5.43,3.97,3.61,5.11,2.6,3.77,51.4,63.6,69.2,72.9,71.4,67.1
053,1971,1.24,4.12,3.31,4.56,2.12,6.2,48.5,56.5,73.6,70.6,68.8,67.7
053,1972,6.91,3.45,3.98,4.63,2.1,9.07,48.2,62.7,65.3,72.4,71.2,65.5
053,1973,3.47,2.44,6.18,5.65,5.41,1.22,49.8,57.0,72.0,73.9,72.4,67.0
053,1974,3.03,5.96,3.48,0.97,4.89,3.25,51.6,58.5,66.5,74.4,71.3,60.4
053,1975,3.23,2.82,5.86,1.3,7.74,2.35,44.9,64.6,70.7,72.4,74.2,60.5
053,1976,1.74,2.0,6.29,3.44,1.51,2.18,52.7,58.2,70.5,72.5,69.0,62.0
053,1977,3.08,2.08,2.0,4.71,7.46,3.4,55.0,67.9,68.4,76.8,70.9,66.8
053,1978,4.41,2.91,3.45,3.54,5.15,1.5,50.0,58.2,69.8,72.6,71.0,68.3
053,1979,3.03,2.19,4.47,6.74,4.64,0.39,47.1,59.2,70.1,71.9,70.6,64.1
053,1980,2.64,3.39,7.28,5.05,5.43,2.45,47.6,61.5,67.6,75.9,75.2,66.3
053,1981,4.61,5.61,6.19,4.68,2.92,3.31,53.5,57.4,71.3,73.4,70.8,63.1
053,1982,2.57,3.62,4.43,2.21,3.8,1.23,44.8,66.3,65.6,73.9,69.1,63.6
053,1983,5.08,5.27,2.73,1.73,1.58,1.43,46.2,56.9,70.8,77.4,76.8,66.1
053,1984,3.72,4.44,2.07,3.57,1.68,3.64,47.4,56.9,73.4,70.5,72.7,63.0
053,1985,2.0,3.01,3.47,3.98,5.5,2.59,55.9,63.2,67.6,72.5,69.9,66.3
053,1986,3.07,6.2,5.98,6.08,2.69,3.59,53.0,61.7,70.6,75.6,68.8,67.8
053,1987,2.12,4.15,4.18,5.14,4.84,1.33,50.7,65.5,72.6,75.2,72.2,66.4
053,1988,3.36,0.83,0.74,3.22,2.88,2.47,48.6,62.7,71.6,76.7,75.6,64.4
053,1989,4.25,6.8,2.83,6.38,3.31,6.2,48.2,57.1,69.7,74.3,70.5,62.0
053,1990,2.38,6.26,4.42,3.82,6.91,2.05,49.6,57.8,69.8,72.3,70.0,65.2
053,1991,3.67,5.22,1.52,3.63,3.39,1.73,54.0,67.8,73.8,75.0,72.7,64.4
053,1992,4.55,3.39,3.29,9.04,2.7,5.79,48.9,58.9,65.3,71.4,67.0,63.1
053,1993,5.17,4.0,4.47,6.12,3.87,5.56,48.8,62.1,68.3,75.2,72.9,60.5
053,1994,5.15,2.78,4.63,2.86,3.86,1.3,51.7,57.6,72.2,72.8,68.5,64.2
053,1995,4.16,4.57,5.0,2.31,2.36,0.71,48.9,58.9,71.3,74.8,78.0,62.7
053,1996,4.17,6.36,4.25,5.23,0.79,4.71,47.5,58.6,70.7,70.9,72.4,63.9
053,1997,1.21,4.74,6.17,2.67,3.37,2.59,45.8,55.0,69.0,72.9,68.8,64.0
053,1998,5.14,3.66,8.17,8.8,6.8,1.82,52.2,65.8,70.4,72.6,73.3,68.4
053,1999,5.03,2.98,2.36,2.41,2.9,1.5,52.8,62.8,71.4,77.7,69.7,64.4
053,2000,2.33,5.83,5.42,4.68,2.74,4.7,50.1,63.3,69.1,70.6,70.6,63.2
053,2001,4.31,5.39,4.03,5.36,4.73,4.07,55.6,63.2,68.9,72.8,72.8,62.6
053,2002,4.75,5.47,2.19,2.29,4.4,3.37,51.8,57.4,72.3,76.6,74.1,68.3
053,2003,2.07,7.23,2.51,10.14,5.32,7.66,52.0,59.9,67.0,71.8,72.9,62.6
053,2004,1.16,5.4,6.44,3.48,5.17,1.73,52.5,64.3,68.6,71.4,67.9,67.1
053,2005,2.73,1.62,3.63,4.22,3.58,4.97,52.9,58.1,73.3,74.2,73.9,68.5
053,2006,4.19,5.31,4.61,4.98,4.72,3.09,54.7,59.3,69.0,75.1,72.6,62.2
053,2007,3.89,0.99,2.93,2.12,6.92,3.15,48.0,65.6,71.8,71.1,75.3,67.9
053,2008,2.74,6.23,5.86,3.01,2.89,2.12,51.6,57.2,71.6,72.6,70.3,67.4
053,2009,6.11,3.99,3.95,2.19,2.97,1.52,50.3,60.8,71.1,69.2,70.8,65.2
053,2010,2.34,4.4,9.47,3.96,3.28,0.87,56.9,63.9,73.1,75.6,74.5,66.2
053,2011,6.38,6.13,5.43,1.37,4.38,5.85,50.8,62.0,71.6,78.5,72.1,62.2
053,2012,1.24,1.93,1.56,2.78,5.36,5.26,51.4,66.9,71.1,78.7,70.7,63.1
053,2013,8.5,2.7,6.85,3.04,2.03,3.55,49.7,64.5,70.3,71.5,70.3,65.1
053,2014,4.62,3.71,6.43,1.64,6.49,5.07,50.8,61.5,71.6,68.2,71.3,62.9
053,2015,4.0,4.22,11.41,5.71,2.35,2.2,51.2,64.1,69.3,71.5,69.9,68.3
053,2016,3.08,2.91,4.7,2.15,7.15,3.07,50.0,59.9,71.5,73.7,75.6,69.2
053,2017,4.51,8.43,5.1,5.17,1.92,1.93,55.6,59.5,70.8,73.2,69.0,66.7
053,2018,2.88,1.9,6.55,4.41,7.53,5.23,43.9,68.6,73.0,73.4,73.6,69.0
053,2019,5.95,7.48,3.69,4.65,2.4,2.54,50.9,60.7,69.8,76.6,71.5,69.6
053,2020,1.96,4.48,2.72,2.94,2.6,2.25,47.8,59.0,71.5,76.1,71.7,64.9
053,2021,2.91,4.0,3.85,3.84,3.24,5.55,51.7,58.6,72.6,73.1,74.7,67.7
053,2022,2.29,5.0,1.77,4.88,2.45,2.22,48.2,64.7,72.1,74.7,72.9,65.9
053,2023,2.7,2.19,2.3,3.85,4.88,2.32,52.3,61.0,68.8,73.9,71.1,66.4
053,2024,7.68,3.95,4.26,3.93,3.31,2.26,53.6,66.8,72.8,72.6,72.8,68.2
053,2025,4.35,3.87,6.66,5.67,1.13,1.26,52.1,60.2,73.3,77.3,70.8,67.3
053,2026,6.32,3.84,5.67,3.14,9.96,,57.9,59.4,70.1,75.2,72.0,
055,1895,3.24,1.61,2.94,6.72,2.08,2.51,55.1,63.7,75.2,73.4,74.8,69.4
055,1896,0.97,4.87,4.84,6.7,4.64,4.6,60.1,69.7,71.6,75.3,73.7,64.4
055,1897,5.54,3.3,4.71,3.41,0.63,0.88,51.1,57.2,70.2,76.7,72.0,70.1
055,1898,2.51,3.93,3.5,2.52,3.53,6.66,50.3,63.1,73.0,76.3,73.7,69.4
055,1899,1.81,3.51,3.82,2.53,2.77,1.14,53.3,64.2,74.4,75.6,75.9,66.8
055,1900,1.21,4.27,8.68,5.76,2.33,2.92,52.7,64.5,71.8,76.1,79.4,70.9
055,1901,2.96,1.2,4.92,1.05,2.65,1.59,47.0,60.2,73.6,81.5,74.3,66.8
055,1902,2.45,4.45,5.98,3.37,4.5,3.64,50.4,68.3,71.0,76.3,71.9,63.8
055,1903,4.79,2.18,2.85,3.72,5.12,1.29,51.6,65.9,66.6,76.1,72.2,66.0
055,1904,2.65,3.27,4.17,2.84,2.24,4.98,46.5,61.9,69.4,72.8,71.5,67.2
055,1905,3.8,4.49,3.75,5.38,6.13,2.33,52.0,64.5,71.8,73.4,73.6,67.4
055,1906,1.56,1.84,3.34,2.64,5.59,4.29,54.6,63.6,71.0,73.8,75.6,70.3
055,1907,3.09,3.93,4.14,4.25,5.02,1.77,42.6,57.0,67.8,75.1,71.5,65.3
055,1908,5.37,7.65,2.33,2.66,1.6,1.07,52.6,64.1,70.8,75.4,74.0,70.3
055,1909,4.8,4.48,5.83,6.53,1.55,2.39,50.3,59.9,72.6,72.8,75.4,64.5
055,1910,3.63,3.16,2.83,9.66,1.56,5.16,52.6,57.8,68.8,74.3,71.2,68.0
055,1911,6.32,3.36,3.7,1.63,2.57,9.1,49.9,67.9,73.6,74.3,73.9,70.5
055,1912,6.27,5.4,2.81,7.31,6.21,4.2,53.9,64.0,67.8,74.9,71.6,68.0
055,1913,4.36,0.94,1.65,2.81,2.62,3.31,51.5,63.9,74.9,79.2,78.3,67.3
055,1914,3.75,0.74,0.6,2.53,4.99,3.46,52.2,64.9,76.9,78.9,75.3,66.3
055,1915,1.24,7.27,3.86,5.68,8.66,3.76,57.0,60.5,69.2,73.4,67.6,68.6
055,1916,1.92,3.9,7.47,3.75,2.74,2.56,49.9,64.3,67.4,79.6,75.9,65.7
055,1917,5.55,6.36,7.49,5.2,1.82,1.17,50.4,56.3,68.5,74.1,72.2,65.8
055,1918,5.95,6.47,4.02,4.59,3.55,5.34,48.9,67.2,71.2,72.0,77.6,58.9
055,1919,2.76,6.0,6.03,1.49,3.14,1.78,53.3,59.8,74.7,77.7,72.3,69.5
055,1920,4.54,5.37,1.53,2.15,5.06,2.35,48.3,61.3,69.8,73.3,71.0,68.8
055,1921,3.48,2.7,3.34,1.84,6.37,7.57,54.9,63.3,75.8,79.1,72.6,71.7
055,1922,6.63,4.34,2.88,3.14,1.44,1.62,54.6,65.6,73.1,73.4,72.8,70.7
055,1923,2.96,4.91,3.96,2.28,5.44,3.68,49.3,60.4,71.0,74.6,72.8,66.9
055,1924,3.58,4.96,4.36,1.9,3.63,3.48,52.9,55.2,70.6,71.0,72.9,62.5
055,1925,2.71,1.38,5.85,2.55,3.11,4.65,56.9,57.8,74.0,74.9,73.8,75.1
055,1926,4.35,1.03,2.88,2.08,6.85,6.18,46.0,63.9,67.8,76.6,74.8,69.4
055,1927,5.79,9.46,3.67,2.72,3.49,4.57,53.0,61.3,66.9,73.9,66.9,70.7
055,1928,3.87,3.59,6.96,2.03,4.09,1.37,47.1,60.6,66.1,74.4,74.3,61.8
055,1929,4.32,7.52,3.97,3.74,2.24,3.94,54.7,59.2,68.9,75.0,71.4,65.8
055,1930,2.61,1.06,2.94,0.62,1.7,3.53,54.6,63.7,70.4,78.4,74.8,69.3
055,1931,3.04,2.74,2.58,4.67,4.28,6.92,52.6,59.3,73.8,78.2,73.0,71.8
055,1932,2.88,1.73,4.43,2.77,4.48,7.44,51.7,61.9,72.8,76.8,73.4,66.1
055,1933,4.71,10.82,0.96,1.54,2.8,4.06,51.6,65.5,76.6,76.6,72.8,73.4
055,1934,0.96,1.5,4.65,3.97,6.59,5.74,51.8,65.5,77.3,79.4,73.9,66.2
055,1935,2.26,7.75,5.84,3.01,3.17,2.24,49.6,58.9,67.6,77.8,75.2,66.2
055,1936,2.97,1.37,1.06,3.18,0.96,4.05,48.0,66.4,72.7,81.7,79.8,71.4
055,1937,4.96,4.27,3.06,2.68,4.56,3.3,51.0,63.4,72.1,74.8,76.5,64.3
055,1938,1.66,4.77,5.83,3.85,3.03,2.26,54.6,62.7,70.0,75.7,75.8,69.0
055,1939,6.48,1.06,7.58,3.66,1.95,1.4,48.2,65.1,73.1,75.0,73.2,72.2
055,1940,7.44,3.89,3.03,2.5,1.91,1.78,49.4,58.1,71.6,74.7,75.0,64.6
055,1941,3.26,1.94,5.6,1.89,2.71,2.83,56.5,65.0,72.1,75.8,74.2,69.6
055,1942,3.82,3.99,7.17,4.06,2.97,1.85,55.1,63.2,72.2,75.9,72.7,66.0
055,1943,3.15,8.02,4.38,3.93,0.58,3.12,50.1,63.1,76.1,76.7,76.3,63.2
055,1944,6.78,2.99,1.0,1.33,5.09,1.71,51.1,67.7,75.5,76.3,74.5,66.6
055,1945,5.22,3.99,10.25,2.82,5.41,7.65,54.1,58.8,68.7,73.0,72.3,68.7
055,1946,1.74,5.65,3.67,3.56,3.07,1.59,55.1,59.6,71.7,74.6,68.3,66.1
055,1947,7.14,5.44,5.87,2.84,2.54,3.89,52.8,59.5,69.0,71.0,79.9,67.8
055,1948,3.77,3.22,4.8,7.84,1.62,2.37,56.0,61.2,71.8,74.4,72.8,67.3
055,1949,1.64,2.68,5.29,2.77,7.62,2.53,51.6,64.4,73.3,77.9,73.1,61.2
055,1950,5.14,4.1,4.94,2.37,4.34,6.58,47.2,64.4,69.8,72.2,70.4,64.8
055,1951,3.45,2.89,5.3,3.46,2.55,2.46,49.5,64.8,70.8,74.5,73.2,64.5
055,1952,4.72,3.4,5.2,2.93,1.69,3.24,52.4,62.2,77.3,77.4,73.5,66.3
055,1953,2.99,3.35,2.23,4.26,0.87,0.68,49.2,65.6,77.1,76.1,74.7,68.3
055,1954,2.88,2.84,2.88,1.27,5.17,2.47,57.8,58.4,75.3,78.8,75.2,70.5
055,1955,4.92,4.94,3.55,5.04,0.51,4.62,58.8,64.4,66.7,79.6,76.4,70.0
055,1956,3.57,5.55,5.14,2.82,2.73,2.04,50.2,63.4,72.6,74.3,73.3,64.9
055,1957,5.93,6.47,8.62,4.42,1.97,2.74,55.2,63.1,72.2,75.2,73.4,65.3
055,1958,3.22,4.93,6.65,9.14,3.21,3.66,52.6,61.6,68.0,73.6,72.5,66.3
055,1959,2.47,4.6,2.43,3.92,5.32,4.23,54.0,66.4,71.6,74.3,76.0,68.6
055,1960,2.18,4.54,6.93,3.37,1.77,0.41,56.1,59.0,69.8,72.8,74.8,71.1
055,1961,3.61,8.47,4.71,3.76,4.79,1.24,47.4,57.7,69.1,74.4,72.1,70.0
055,1962,1.59,3.96,4.41,5.57,4.04,2.96,50.4,69.9,72.0,73.5,72.5,63.1
055,1963,2.57,3.97,4.18,3.82,3.13,0.65,55.3,60.8,71.7,73.2,70.7,66.2
055,1964,5.01,1.78,4.95,4.82,1.45,1.13,56.2,66.2,72.9,74.7,72.6,66.8
055,1965,4.03,2.7,5.26,4.54,4.44,6.12,54.4,68.4,71.1,73.1,71.6,67.2
055,1966,4.99,3.04,2.4,4.89,3.01,5.23,49.5,58.9,70.6,77.8,71.3,64.2
055,1967,4.25,5.46,3.13,2.97,3.09,1.47,55.3,59.1,71.8,71.9,69.0,63.4
055,1968,4.37,8.53,2.6,4.03,4.14,2.7,53.8,59.7,72.4,75.2,74.6,66.1
055,1969,4.66,3.36,4.77,6.24,2.24,1.54,53.6,63.2,70.8,76.1,72.1,65.3
055,1970,6.09,2.91,5.42,3.79,3.29,2.63,54.7,65.4,70.0,73.3,72.8,71.0
055,1971,1.22,4.44,3.91,5.32,1.55,4.11,51.8,58.4,74.6,71.9,70.8,69.1
055,1972,7.81,2.07,3.12,2.23,4.54,6.62,52.3,64.5,67.9,74.0,72.8,68.6
055,1973,6.0,2.96,6.57,5.05,2.49,1.26,51.5,58.9,72.5,75.5,74.0,69.3
055,1974,3.47,7.4,3.81,1.22,6.5,5.95,54.2,62.1,67.4,75.3,72.5,61.0
055,1975,3.12,3.77,4.18,3.05,5.43,2.85,50.3,66.4,71.9,74.1,75.6,62.2
055,1976,1.31,3.76,3.78,4.3,2.27,3.7,54.4,58.8,70.6,73.5,70.8,63.4
055,1977,3.39,2.46,4.7,4.56,5.72,3.77,57.4,68.7,69.9,77.2,73.0,69.3
055,1978,3.37,4.94,2.11,8.46,6.38,0.64,53.8,60.4,72.4,75.3,72.9,69.4
055,1979,4.36,5.18,4.28,14.16,5.85,1.01,50.8,60.3,71.3,73.0,72.6,65.3
055,1980,3.26,3.02,5.56,3.77,3.3,3.17,49.9,62.9,69.7,78.0,77.3,67.9
055,1981,5.27,10.12,3.31,4.25,4.84,2.81,58.0,58.6,72.8,75.6,72.3,64.1
055,1982,2.55,5.55,4.6,4.83,5.65,4.99,47.6,67.5,66.6,75.6,70.4,64.3
055,1983,5.61,8.21,3.54,1.67,3.21,1.39,47.4,58.6,71.5,78.5,78.5,67.4
055,1984,6.87,4.09,2.14,4.13,1.32,3.76,50.9,59.5,74.7,72.6,73.6,64.2
055,1985,2.38,5.47,4.72,2.77,4.31,2.11,57.0,64.1,69.3,74.3,71.7,66.3
055,1986,2.58,6.27,3.31,5.77,2.93,4.87,55.7,64.4,72.8,77.6,69.9,69.4
055,1987,3.07,2.82,4.78,7.15,1.39,1.89,52.3,68.4,73.3,75.6,74.5,67.6
055,1988,3.12,1.84,0.52,4.91,1.83,1.99,52.1,63.7,72.8,76.9,76.9,66.0
055,1989,4.64,4.67,3.34,7.95,5.03,4.41,51.5,58.5,70.7,74.8,72.6,64.3
055,1990,3.07,9.12,5.76,4.51,2.32,3.65,51.0,59.8,71.1,74.0,71.7,67.1
055,1991,3.2,2.84,1.75,2.51,2.73,1.85,56.0,69.1,74.4,76.3,74.5,66.4
055,1992,3.59,3.15,2.79,9.83,3.36,3.81,52.4,60.3,67.7,74.1,68.9,64.6
055,1993,5.56,4.47,4.77,3.76,6.11,7.8,50.0,63.0,70.4,78.1,74.8,62.8
055,1994,6.15,3.07,1.65,3.75,4.18,3.9,53.9,59.0,74.0,74.4,70.4,64.1
055,1995,5.86,9.08,3.95,2.43,5.5,0.82,52.7,61.5,71.9,75.8,78.3,64.0
055,1996,8.19,8.04,4.31,3.46,1.17,6.58,49.3,63.3,71.3,72.6,73.9,64.3
055,1997,2.9,5.28,6.62,1.5,4.94,1.36,48.4,57.6,69.2,75.0,70.7,65.8
055,1998,8.77,5.36,8.72,4.34,2.69,0.58,53.4,67.1,71.4,74.7,74.6,70.7
055,1999,4.17,3.95,4.82,2.87,1.75,0.85,54.9,64.1,72.3,77.8,72.5,66.5
055,2000,3.88,4.11,5.69,6.7,6.83,6.81,51.3,64.8,71.7,73.0,73.0,65.2
055,2001,1.98,3.35,5.52,5.44,2.51,3.24,58.8,65.2,70.1,74.8,75.2,65.0
055,2002,5.78,10.08,4.06,2.25,1.64,5.79,55.1,59.8,73.7,78.0,76.5,70.4
055,2003,3.36,5.96,4.14,6.87,3.35,5.37,55.0,62.0,67.3,74.3,74.8,64.4
055,2004,1.46,8.55,2.37,7.43,4.13,0.29,54.9,67.5,70.6,72.5,69.8,67.6
055,2005,3.62,3.91,3.86,4.47,6.13,4.17,55.1,60.2,73.4,75.4,76.4,70.2
055,2006,5.11,5.23,4.24,3.31,4.05,5.65,57.7,61.4,71.1,76.2,75.6,63.4
055,2007,3.8,2.19,4.44,2.69,1.18,2.97,51.0,67.6,72.9,72.8,79.1,70.9
055,2008,3.66,7.14,9.86,5.4,0.81,3.19,53.3,58.6,73.5,74.4,72.4,68.4
055,2009,6.67,8.66,6.12,5.47,2.75,4.72,53.3,63.1,73.1,70.2,71.9,66.5
055,2010,3.61,5.84,7.54,5.55,1.05,0.97,58.9,65.0,75.7,77.3,77.1,68.6
055,2011,11.92,7.16,6.06,2.16,1.39,5.71,55.4,62.8,73.1,79.6,74.8,65.2
055,2012,3.93,1.81,0.49,2.39,4.57,7.25,54.9,69.0,71.7,82.4,73.6,65.2
055,2013,6.59,4.75,9.25,4.19,0.69,1.93,52.6,64.7,71.6,73.1,72.7,68.3
055,2014,7.4,4.84,5.49,5.0,4.36,3.76,54.7,64.1,73.5,70.5,73.6,64.8
055,2015,5.28,3.34,8.21,3.98,2.04,2.07,54.9,65.6,72.4,74.5,71.6,69.5
055,2016,5.4,3.81,3.98,7.09,7.01,4.03,54.4,61.1,74.6,75.6,76.9,71.1
055,2017,4.53,6.94,3.34,5.86,1.18,1.03,58.9,62.8,71.5,75.8,71.4,68.8
055,2018,4.02,2.47,7.83,2.74,4.31,6.78,47.2,71.8,75.2,75.7,75.1,71.5
055,2019,5.91,5.95,7.61,4.06,4.6,0.82,54.7,65.1,71.3,77.1,73.9,72.8
055,2020,2.81,6.32,2.01,7.84,4.01,0.36,51.0,61.0,73.2,77.6,73.2,66.7
055,2021,3.29,2.46,6.59,6.4,2.73,4.17,53.0,61.3,73.3,74.9,76.1,69.3
055,2022,4.52,6.64,1.47,6.0,2.89,3.01,51.6,66.2,73.2,76.8,74.2,67.6
055,2023,3.46,2.92,3.16,5.39,4.47,0.79,54.5,63.5,70.3,76.2,73.5,68.4
055,2024,7.03,5.2,2.18,4.21,1.91,3.48,57.3,68.3,73.6,74.8,74.8,69.4
055,2025,9.66,4.28,8.1,6.9,3.02,1.73,55.1,62.4,74.6,79.3,73.0,68.8
055,2026,4.19,7.68,6.7,2.53,5.04,,61.3,61.8,71.5,76.7,74.5,
057,1895,1.73,1.17,2.77,1.26,2.11,2.69,52.6,62.7,73.2,72.0,73.3,68.8
057,1896,1.92,3.79,4.11,10.47,5.55,5.71,56.8,68.0,69.6,73.4,71.7,61.9
057,1897,4.49,3.86,3.3,2.56,1.88,0.5,48.7,56.8,68.9,76.4,69.9,67.8
057,1898,2.1,4.37,2.95,3.32,3.93,3.61,48.0,61.4,72.0,75.4,72.5,68.4
057,1899,1.23,3.06,1.96,3.49,3.6,2.33,53.4,62.6,73.1,74.2,74.6,64.4
057,1900,1.61,4.93,4.57,4.84,3.62,2.09,51.3,64.2,70.1,74.3,77.1,69.1
057,1901,2.64,3.28,4.39,0.63,3.45,1.07,47.3,59.2,72.8,80.6,74.0,65.4
057,1902,1.92,2.99,8.48,3.43,1.19,5.51,48.9,64.9,68.4,74.7,69.7,63.0
057,1903,3.83,5.49,3.39,2.47,3.89,1.38,50.4,64.2,65.0,74.3,70.9,65.1
057,1904,3.39,3.74,3.4,3.1,2.17,2.78,44.9,60.3,68.0,71.6,69.2,65.2
057,1905,3.83,5.08,2.95,2.64,6.12,3.77,49.9,61.8,70.7,72.8,72.6,65.7
057,1906,2.25,2.97,2.71,2.38,4.47,3.45,52.6,62.5,69.2,72.2,74.8,68.7
057,1907,2.3,3.22,4.13,5.53,3.64,2.07,41.3,55.1,66.4,73.3,69.7,63.7
057,1908,3.37,5.52,1.77,2.21,1.17,0.86,50.9,62.0,69.2,74.2,72.7,68.8
057,1909,5.08,5.26,5.94,5.24,4.59,2.88,48.8,58.8,71.4,71.3,73.1,62.7
057,1910,3.21,3.61,1.99,3.98,2.07,5.34,51.5,56.2,67.5,74.0,70.4,65.2
057,1911,4.6,2.21,2.55,1.53,2.95,4.54,48.1,66.9,72.7,74.5,72.3,67.8
057,1912,4.36,4.63,1.7,4.85,5.86,3.88,51.7,63.2,67.6,73.7,70.0,66.3
057,1913,2.93,3.17,2.79,4.59,3.78,1.58,49.7,61.4,71.8,75.7,73.6,64.4
057,1914,2.53,2.55,1.8,1.2,5.28,2.17,50.4,63.2,73.8,77.0,73.2,64.6
057,1915,0.79,4.86,2.81,7.2,6.32,4.1,55.5,58.2,67.6,71.5,66.1,65.9
057,1916,1.25,4.66,6.07,2.27,3.13,1.61,48.3,61.8,65.9,78.8,74.5,64.1
057,1917,4.29,5.6,6.23,2.54,1.87,2.26,47.9,54.4,67.4,72.8,70.4,63.0
057,1918,5.09,4.11,2.76,2.64,3.55,4.71,47.9,66.6,70.7,71.7,76.8,57.8
057,1919,2.7,4.89,3.14,2.94,2.6,2.68,50.1,58.1,74.3,76.7,71.1,67.6
057,1920,6.75,3.4,4.94,4.72,1.66,2.63,44.7,59.3,69.8,71.9,69.9,66.7
057,1921,4.55,2.51,3.78,2.5,5.14,7.08,53.6,63.9,75.2,79.6,71.1,69.7
057,1922,8.98,3.09,0.91,3.71,2.12,1.85,52.0,65.0,72.0,72.9,72.3,68.9
057,1923,1.96,6.69,3.81,4.29,4.67,4.18,48.7,58.2,71.1,72.9,70.9,64.9
057,1924,3.0,4.52,7.64,1.42,4.11,4.17,50.8,53.7,68.9,70.7,71.6,59.9
057,1925,2.74,1.32,4.61,6.32,2.41,6.25,54.5,56.7,73.1,72.9,72.2,71.4
057,1926,4.03,3.32,2.26,2.35,8.52,13.05,43.8,62.2,66.0,74.8,73.9,65.8
057,1927,5.69,7.39,3.34,4.11,3.25,4.02,49.9,59.8,65.5,72.8,65.6,69.2
057,1928,2.43,3.46,8.84,3.96,3.76,1.43,45.7,59.4,64.4,73.3,73.0,61.0
057,1929,4.42,8.26,4.26,7.32,1.99,1.8,52.8,57.8,67.4,73.6,70.0,64.5
057,1930,3.19,1.85,4.66,2.67,1.94,4.76,51.6,62.0,69.6,75.2,72.2,66.1
057,1931,2.66,2.71,2.9,1.99,4.54,3.96,49.8,57.5,72.8,77.3,72.4,69.7
057,1932,2.74,0.69,5.73,2.56,2.08,6.94,49.6,61.0,71.4,75.2,72.6,64.3
057,1933,3.33,8.72,1.28,2.0,2.38,5.39,49.3,63.2,76.2,76.3,71.1,70.5
057,1934,2.14,0.61,2.77,3.1,3.3,5.13,49.9,65.3,76.9,79.5,72.2,65.4
057,1935,2.04,6.89,4.9,3.67,2.32,3.21,46.9,55.8,66.9,76.5,73.8,64.8
057,1936,2.62,2.44,1.34,0.61,3.9,4.69,45.4,63.9,70.7,80.8,78.2,68.6
057,1937,5.15,3.23,3.37,4.52,3.18,3.1,49.1,60.9,69.2,73.2,74.5,62.7
057,1938,3.47,5.25,6.13,4.85,2.69,2.18,51.6,60.7,68.9,74.5,74.6,66.7
057,1939,5.36,1.24,5.43,5.37,2.12,0.78,46.1,63.5,72.3,73.6,71.5,70.7
057,1940,5.14,3.58,2.07,1.6,2.23,0.73,46.8,57.5,71.7,74.9,74.5,63.6
057,1941,2.15,1.41,5.76,2.2,2.02,1.63,55.3,64.3,70.9,75.2,72.9,68.8
057,1942,2.62,5.16,5.4,3.41,3.8,3.19,54.2,62.2,71.2,75.3,71.4,63.3
057,1943,2.42,11.33,3.64,3.99,2.31,3.01,47.3,61.2,74.8,74.8,73.4,61.5
057,1944,6.43,3.68,2.48,1.18,3.3,2.22,48.8,67.0,74.6,75.0,73.6,65.2
057,1945,3.86,4.1,7.16,3.6,3.66,7.01,51.9,55.9,68.1,71.8,71.4,66.7
057,1946,1.65,7.25,3.59,2.57,2.84,0.82,51.6,58.3,69.8,73.4,67.7,65.0
057,1947,5.19,4.42,3.9,2.73,4.43,2.89,49.9,57.6,67.7,69.9,77.7,66.0
057,1948,5.62,3.75,4.87,3.5,1.65,2.9,53.9,59.6,70.7,74.1,72.2,66.5
057,1949,2.04,2.65,4.24,2.96,3.37,2.06,49.4,62.5,72.8,77.1,72.0,59.2
057,1950,3.19,2.81,4.95,3.77,3.49,5.25,44.9,62.6,68.0,71.0,69.3,63.8
057,1951,2.98,3.33,4.09,3.94,1.33,2.29,47.5,62.7,68.9,72.6,70.4,62.5
057,1952,3.68,4.77,5.13,2.06,3.62,5.57,50.5,59.9,75.1,76.0,70.8,64.0
057,1953,2.59,5.48,3.5,6.08,3.04,1.35,46.5,63.1,74.4,74.4,72.3,65.6
057,1954,3.71,2.76,2.26,2.48,4.4,0.48,56.0,56.3,74.2,76.2,72.2,68.3
057,1955,3.27,3.2,3.03,4.53,2.01,5.46,56.6,62.7,66.1,78.1,74.8,67.2
057,1956,2.94,7.93,3.59,4.09,2.43,1.08,48.0,61.7,70.9,72.4,71.9,62.8
057,1957,7.52,6.02,9.91,3.9,4.26,2.1,51.6,60.8,70.6,74.0,71.7,63.7
057,1958,2.11,4.18,10.05,7.29,3.98,3.16,50.9,59.7,65.8,72.4,70.8,64.3
057,1959,4.05,4.51,1.71,3.64,2.4,2.88,51.7,65.1,71.4,73.6,76.1,67.5
057,1960,2.12,4.02,4.95,4.73,2.82,1.04,53.9,57.9,68.1,70.9,73.0,69.2
057,1961,6.11,3.3,4.12,4.01,2.29,3.86,44.7,56.0,67.7,72.6,71.0,69.2
057,1962,1.04,5.16,1.96,6.63,3.59,2.28,48.9,67.5,71.3,71.6,71.4,61.8
057,1963,4.85,2.99,2.24,4.72,2.43,0.23,51.5,58.4,70.7,72.2,68.1,64.2
057,1964,8.35,1.28,3.9,4.95,1.8,1.33,52.2,64.5,71.6,73.5,70.5,64.9
057,1965,5.59,2.94,2.64,3.31,3.76,5.05,50.9,67.2,70.0,71.0,69.6,66.4
057,1966,3.26,2.73,2.45,2.23,2.41,4.55,47.9,55.7,70.2,76.4,70.4,62.6
057,1967,3.93,5.05,1.37,1.55,1.21,1.2,52.3,56.4,71.5,71.2,68.5,62.3
057,1968,3.14,7.3,3.03,1.84,4.82,2.37,51.7,56.7,70.6,73.5,73.2,64.5
057,1969,4.5,2.71,4.47,6.82,2.99,5.02,51.3,60.8,67.3,74.7,70.7,63.5
057,1970,5.02,3.24,2.26,6.36,2.14,2.74,51.6,63.6,68.9,72.8,71.6,67.8
057,1971,1.44,4.51,4.27,4.58,1.86,5.11,48.7,56.6,73.6,70.9,68.7,67.6
057,1972,6.25,3.55,4.19,3.7,2.85,7.04,48.9,63.3,65.7,72.8,71.0,66.2
057,1973,3.78,2.37,6.21,4.29,6.36,2.05,49.5,58.0,71.9,74.2,72.3,67.4
057,1974,3.46,6.03,5.98,1.26,4.39,3.36,52.2,59.4,66.7,74.4,71.4,60.4
057,1975,4.21,3.1,4.16,3.48,4.89,2.5,45.9,64.7,70.7,72.6,74.6,60.9
057,1976,1.2,3.17,5.86,3.94,2.8,1.91,52.4,58.3,70.6,72.5,69.0,61.9
057,1977,2.69,2.78,1.97,2.9,6.27,2.7,54.9,68.0,68.8,76.7,71.5,67.4
057,1978,4.25,3.64,4.05,5.12,7.97,1.01,50.6,58.5,70.4,73.3,71.1,68.4
057,1979,3.48,2.72,3.4,10.52,4.64,0.47,47.5,58.9,70.1,71.6,70.8,64.4
057,1980,2.25,2.73,6.51,4.08,6.72,2.65,47.7,62.0,68.0,76.7,75.7,66.6
057,1981,5.2,7.51,2.36,6.06,5.35,2.85,54.5,57.7,71.9,73.8,71.1,63.5
057,1982,2.03,4.39,4.48,3.52,3.05,0.94,45.6,66.5,65.7,74.2,70.1,63.6
057,1983,4.34,4.58,2.72,2.58,2.94,1.15,47.0,57.4,71.1,77.4,76.5,65.7
057,1984,3.79,3.59,2.33,3.88,2.69,4.81,48.2,57.4,73.4,70.9,72.6,62.8
057,1985,2.51,5.2,2.88,2.61,5.6,2.29,56.4,62.9,68.0,72.8,69.9,66.0
057,1986,2.99,7.21,4.3,4.27,2.39,5.16,53.1,62.0,71.6,76.1,68.6,67.9
057,1987,2.07,2.65,3.61,6.26,2.27,0.91,50.9,66.6,72.6,75.2,72.5,66.7
057,1988,3.76,0.96,0.42,4.55,1.84,2.88,49.8,62.6,71.8,76.0,75.6,65.0
057,1989,5.44,5.93,2.26,6.16,4.8,7.14,49.4,57.6,70.4,74.6,70.9,62.5
057,1990,2.54,6.67,5.12,3.88,5.18,2.22,49.8,58.1,69.8,72.6,70.2,65.8
057,1991,3.87,5.19,1.21,1.84,2.41,2.39,54.3,67.8,73.6,75.4,73.0,65.6
057,1992,4.96,2.55,4.25,9.61,2.02,5.01,49.7,59.4,66.4,72.1,67.3,63.3
057,1993,4.47,3.92,4.56,6.78,3.7,5.86,48.9,62.1,68.8,75.6,73.3,60.7
057,1994,5.09,2.96,3.1,3.3,4.51,1.9,52.1,57.8,72.4,73.0,68.5,63.9
057,1995,3.26,5.45,3.96,2.53,3.1,1.0,49.8,59.3,71.3,74.7,77.9,62.9
057,1996,5.52,7.76,4.01,4.8,0.54,5.32,47.6,59.2,70.7,70.8,72.3,63.8
057,1997,1.55,4.8,4.63,2.39,2.87,2.35,46.0,55.6,68.7,73.2,69.1,64.4
057,1998,5.33,5.83,10.16,4.15,3.9,0.45,52.3,65.7,70.7,72.9,73.3,69.0
057,1999,4.31,2.69,3.52,2.39,1.81,1.21,53.5,63.3,71.8,77.8,70.5,65.4
057,2000,2.65,4.67,5.48,2.48,4.32,4.76,50.4,64.0,70.1,71.3,70.9,63.6
057,2001,2.93,4.06,3.81,5.58,3.68,4.49,56.4,63.6,69.1,73.5,73.5,62.9
057,2002,5.11,7.16,4.11,2.12,3.71,3.6,53.1,57.8,72.9,76.5,74.5,68.3
057,2003,1.7,7.27,2.41,10.51,4.1,8.87,52.7,60.0,67.5,72.6,73.6,63.2
057,2004,1.37,5.56,5.58,4.26,3.73,0.8,53.3,66.2,69.2,71.5,68.7,67.4
057,2005,4.45,2.57,3.71,6.33,3.72,5.24,53.5,58.7,73.3,74.2,74.2,68.6
057,2006,4.28,4.63,5.56,4.36,4.47,4.02,55.2,59.5,69.2,75.3,73.0,62.4
057,2007,3.74,1.23,3.35,1.93,4.72,2.1,49.0,66.0,71.7,71.3,76.8,68.2
057,2008,2.48,6.04,8.22,4.58,2.73,1.92,51.6,57.5,72.0,73.0,70.8,67.4
057,2009,7.03,5.53,5.05,2.66,3.74,1.15,50.8,61.1,71.1,68.6,70.1,64.8
057,2010,2.33,4.72,10.81,4.5,1.8,0.77,57.2,63.5,73.9,75.5,74.8,66.9
057,2011,7.78,5.31,6.36,1.63,3.1,5.31,52.4,61.9,72.1,78.6,72.5,63.0
057,2012,2.34,2.75,1.12,2.05,5.3,6.8,52.0,66.9,71.4,79.9,71.0,63.2
057,2013,8.81,3.32,5.57,1.95,1.58,3.04,50.5,64.4,70.6,71.8,71.3,66.5
057,2014,5.58,4.43,6.12,3.21,4.22,3.6,51.7,62.0,72.0,68.0,71.5,63.3
057,2015,4.93,4.35,8.6,6.67,1.79,2.09,52.0,64.6,70.1,72.1,70.0,68.4
057,2016,3.91,3.32,6.39,4.03,7.77,4.62,51.4,60.2,72.2,73.7,75.2,69.4
057,2017,5.38,8.52,5.56,7.59,1.64,1.3,56.7,60.2,70.9,73.5,69.5,66.7
057,2018,3.56,1.91,6.09,3.24,6.14,6.17,44.7,69.8,73.5,73.5,73.4,69.1
057,2019,5.49,4.88,5.35,2.81,3.26,1.33,51.3,61.7,69.5,76.5,71.6,70.4
057,2020,2.1,4.05,3.91,4.25,3.01,0.53,48.8,59.1,71.2,75.8,71.3,65.4
057,2021,3.04,3.44,4.42,5.22,3.32,4.75,51.9,58.8,72.2,72.8,74.4,67.4
057,2022,3.01,5.4,2.17,3.41,4.31,3.28,48.1,64.5,71.8,75.1,72.0,65.5
057,2023,2.55,2.27,1.82,4.12,3.84,1.25,52.1,61.5,68.8,73.8,71.3,66.4
057,2024,7.65,4.74,3.24,4.55,3.21,2.69,54.4,66.5,72.2,72.2,72.6,67.3
057,2025,5.84,4.22,5.63,5.65,1.51,1.47,52.0,60.5,73.3,77.5,70.6,67.0
057,2026,4.37,5.18,5.9,3.97,10.85,,58.1,59.3,70.3,75.3,72.3,
059,1895,1.71,1.3,3.88,1.3,1.99,2.54,52.9,62.3,73.4,72.4,73.8,69.2
059,1896,1.66,3.48,4.31,7.94,6.1,5.82,57.6,68.5,70.3,73.9,71.9,62.2
059,1897,5.18,3.7,3.26,3.58,1.64,0.96,49.4,57.4,69.1,76.8,70.1,68.0
059,1898,1.9,3.45,2.81,3.76,4.03,4.89,48.4,62.1,72.4,75.8,73.0,69.1
059,1899,1.53,3.05,1.82,3.6,4.0,1.95,53.6,62.4,73.4,74.3,75.0,65.1
059,1900,1.87,5.6,4.41,5.56,3.75,2.11,50.9,64.2,70.6,74.5,77.3,69.9
059,1901,2.88,2.59,4.41,1.36,3.39,1.43,47.6,60.1,73.0,81.0,74.3,66.1
059,1902,2.04,3.71,9.21,2.37,1.36,5.77,49.0,65.3,69.1,75.1,70.7,63.7
059,1903,3.31,5.18,3.87,4.4,3.41,1.34,50.5,64.6,65.6,74.6,71.3,66.0
059,1904,3.02,4.17,3.03,2.81,1.56,3.09,45.6,61.0,68.6,72.2,70.1,66.3
059,1905,3.92,5.71,2.92,2.85,5.85,3.01,51.0,62.7,71.6,73.4,73.0,66.6
059,1906,2.32,2.22,4.12,2.32,4.91,3.76,53.8,63.2,70.0,73.0,75.0,69.4
059,1907,2.52,3.1,4.51,5.65,2.99,2.36,41.9,56.2,67.0,74.1,70.5,65.0
059,1908,3.7,6.53,2.24,1.98,1.6,0.83,51.9,62.5,69.8,74.8,73.1,70.2
059,1909,4.72,5.54,5.67,5.13,3.52,2.73,50.0,59.5,72.0,71.6,73.4,63.5
059,1910,3.02,4.27,2.09,6.02,1.29,5.56,52.1,56.4,67.3,73.6,70.2,66.1
059,1911,4.27,2.38,3.48,1.19,2.48,5.05,48.8,67.1,72.5,74.7,73.3,69.3
059,1912,4.81,4.64,1.77,5.18,6.15,3.86,52.8,63.8,68.0,74.2,70.6,67.3
059,1913,3.01,2.95,3.07,5.15,3.6,1.99,50.5,62.3,72.1,76.1,74.0,65.3
059,1914,3.2,2.02,2.62,1.45,5.51,2.31,50.9,63.7,74.5,77.1,73.2,65.2
059,1915,1.07,4.45,2.81,6.52,6.87,4.14,56.2,59.0,68.2,72.0,66.6,66.8
059,1916,2.06,4.67,6.12,2.26,4.28,2.23,49.1,63.1,66.2,78.5,74.4,64.3
059,1917,4.81,4.88,5.9,2.8,1.74,3.05,48.9,54.8,67.7,73.3,71.0,63.7
059,1918,5.07,4.5,3.06,1.88,3.83,3.99,48.8,67.2,70.9,72.0,77.2,58.4
059,1919,2.7,4.76,3.22,2.06,2.64,2.51,50.8,59.0,74.7,76.8,71.6,68.6
059,1920,6.36,3.74,4.6,4.5,2.39,2.54,46.0,60.2,70.0,72.4,70.5,67.0
059,1921,5.07,2.34,3.83,3.01,5.45,6.08,54.4,64.1,76.0,79.4,71.5,70.5
059,1922,8.93,3.12,1.27,3.94,3.61,1.64,53.4,65.7,72.7,73.6,72.3,69.6
059,1923,1.69,6.02,3.69,3.52,4.74,3.04,49.4,59.0,71.2,73.5,71.7,66.0
059,1924,3.03,4.27,6.95,2.36,3.78,3.74,51.6,54.4,70.1,71.0,72.0,60.8
059,1925,2.24,2.04,4.67,6.81,2.07,6.03,55.0,56.9,73.7,73.4,72.4,72.1
059,1926,3.59,3.69,2.18,3.18,10.19,11.18,45.2,62.6,66.5,75.1,74.2,67.0
059,1927,5.97,6.57,2.71,3.61,3.24,3.21,51.0,60.6,66.0,73.0,66.0,69.5
059,1928,3.02,2.9,7.68,3.57,2.83,0.91,46.7,59.7,65.0,73.3,73.4,61.8
059,1929,4.57,7.9,5.59,6.9,2.35,2.52,53.4,59.0,67.9,73.5,70.1,65.0
059,1930,2.95,2.14,3.66,1.79,2.02,3.88,52.3,62.7,69.7,75.6,73.0,66.7
059,1931,3.28,2.66,3.11,2.71,4.2,3.63,50.9,58.6,73.4,77.5,72.8,69.8
059,1932,2.29,0.67,6.46,3.31,2.03,8.41,50.2,61.7,71.9,75.2,72.7,65.1
059,1933,3.6,8.41,1.45,1.7,2.16,5.53,49.5,63.7,75.7,75.7,71.4,71.2
059,1934,1.61,0.9,3.39,2.48,2.54,4.49,50.4,65.6,77.0,80.0,72.8,66.2
059,1935,1.87,7.08,4.47,5.78,2.18,3.85,47.7,57.0,67.3,76.7,73.9,65.0
059,1936,3.27,2.02,1.26,0.76,3.38,5.35,46.0,64.6,71.4,80.9,78.5,69.3
059,1937,4.84,3.69,4.31,4.22,3.59,3.59,50.3,61.0,70.0,73.6,74.7,63.1
059,1938,3.29,6.55,6.51,4.75,2.95,2.41,52.4,61.4,68.9,74.6,74.4,67.0
059,1939,6.12,1.73,5.53,5.33,2.68,0.93,46.7,63.7,72.5,73.4,71.6,70.7
059,1940,6.12,3.93,2.37,1.18,2.04,0.87,47.3,58.0,71.7,74.4,74.2,63.8
059,1941,2.21,1.15,5.86,2.22,1.89,1.89,55.7,64.7,71.2,75.6,73.1,69.3
059,1942,2.73,5.04,6.28,2.74,4.83,2.83,54.5,62.8,71.4,75.6,71.6,63.9
059,1943,2.51,9.02,3.92,5.01,1.85,3.33,47.6,61.8,75.1,74.9,73.5,62.0
059,1944,6.84,3.17,1.93,1.63,3.54,2.35,49.7,67.7,75.0,75.4,73.7,65.5
059,1945,4.4,3.56,7.26,4.15,3.12,6.55,52.4,56.6,68.5,71.8,71.4,67.4
059,1946,1.48,7.02,3.58,2.87,2.78,0.77,52.2,59.0,70.5,73.9,68.1,65.6
059,1947,5.7,4.75,4.62,4.88,4.32,3.11,50.6,58.6,68.4,70.2,78.1,66.4
059,1948,5.14,3.79,4.86,2.87,1.47,2.53,54.4,60.4,71.1,74.4,72.2,66.6
059,1949,1.86,2.89,5.31,2.71,3.21,3.08,49.8,62.9,73.0,77.4,72.5,59.6
059,1950,3.72,3.72,5.59,2.91,3.04,4.86,45.4,63.0,68.2,71.2,69.2,63.9
059,1951,3.4,3.49,5.02,3.0,1.39,1.89,48.2,63.3,69.6,73.1,71.4,63.2
059,1952,3.82,3.57,5.36,1.91,2.92,5.93,51.0,60.6,75.5,76.4,71.5,64.3
059,1953,2.77,5.03,3.25,5.34,2.83,1.22,47.0,63.7,74.7,74.4,72.7,66.4
059,1954,4.06,2.52,1.73,2.3,4.84,0.78,56.7,56.7,74.2,76.4,72.4,68.6
059,1955,3.54,3.42,3.45,4.18,2.09,6.73,57.0,63.2,66.1,77.9,74.9,67.9
059,1956,3.48,8.3,2.87,3.34,2.43,1.1,48.7,62.1,71.1,72.6,72.2,62.9
059,1957,6.59,6.44,7.97,2.77,3.69,2.19,52.4,61.5,71.2,74.4,72.3,64.4
059,1958,2.86,4.67,10.46,8.05,4.24,3.25,51.5,60.3,66.4,72.9,71.2,64.7
059,1959,4.29,5.18,1.3,4.15,2.13,2.03,52.1,65.8,71.9,74.2,76.4,67.8
059,1960,1.64,4.8,5.01,4.25,2.76,1.55,54.4,58.8,68.7,71.5,73.4,69.4
059,1961,6.3,4.44,4.06,4.19,2.38,3.44,45.1,56.5,68.2,73.4,71.6,69.6
059,1962,0.9,4.82,1.26,6.74,4.23,2.33,49.3,68.1,71.6,72.1,71.5,62.1
059,1963,4.23,2.97,2.47,4.15,2.7,0.24,51.9,58.9,70.9,72.7,68.6,64.8
059,1964,8.68,1.06,3.03,5.92,1.9,1.53,52.8,65.0,72.0,74.0,70.7,65.6
059,1965,5.61,1.89,2.48,3.71,3.7,5.22,51.3,68.1,71.1,71.6,70.1,66.7
059,1966,3.59,2.41,2.31,2.43,3.04,5.08,48.4,56.6,70.5,76.6,70.5,63.0
059,1967,3.9,6.05,1.69,1.19,1.55,1.04,52.5,57.2,71.9,71.7,69.2,62.7
059,1968,3.6,8.28,2.95,3.76,6.26,2.82,52.0,57.5,71.2,74.6,73.7,64.9
059,1969,4.17,2.66,4.93,7.76,2.79,4.09,51.9,61.7,68.4,75.4,71.3,63.9
059,1970,4.81,2.88,3.01,6.37,1.96,2.52,52.2,64.5,69.5,73.6,72.0,68.9
059,1971,1.25,4.37,4.11,4.35,1.6,4.87,49.5,57.6,74.1,71.6,69.3,68.3
059,1972,5.98,3.62,4.4,2.65,2.26,6.47,50.0,64.0,65.8,73.3,71.5,66.9
059,1973,3.67,2.75,7.7,5.09,3.98,1.84,49.7,58.0,72.1,74.5,72.5,68.0
059,1974,2.74,5.98,6.28,1.31,5.34,3.5,52.6,59.7,66.4,74.5,71.7,60.4
059,1975,4.56,2.89,4.43,2.59,3.36,2.67,46.7,65.3,70.8,72.9,75.2,61.3
059,1976,1.08,3.06,5.42,3.94,3.34,1.96,53.3,58.2,70.8,72.5,69.3,62.3
059,1977,3.48,2.65,2.23,4.17,6.14,2.36,55.5,68.4,69.3,76.8,71.8,67.8
059,1978,4.31,4.21,4.42,4.79,9.04,1.26,51.2,58.9,70.8,73.5,71.5,68.7
059,1979,3.59,2.69,3.56,10.37,7.23,0.98,48.5,59.6,70.1,71.7,70.8,64.8
059,1980,2.12,3.69,6.02,4.37,7.82,2.23,48.4,62.5,68.3,76.6,76.0,67.2
059,1981,5.69,8.77,2.95,5.25,3.88,2.29,55.2,58.1,72.2,73.8,71.0,63.4
059,1982,1.92,4.75,4.37,3.04,2.65,0.84,46.4,67.0,66.0,74.4,70.0,63.9
059,1983,4.43,5.38,2.52,2.95,3.01,1.02,46.9,57.9,71.3,77.6,76.9,66.1
059,1984,4.89,3.99,1.59,4.42,3.21,4.86,48.7,58.0,74.0,71.2,72.8,63.4
059,1985,2.72,5.57,3.37,4.18,5.73,2.03,56.6,62.9,68.2,72.9,70.2,66.2
059,1986,3.33,6.5,3.17,4.32,2.0,5.38,53.9,62.5,71.6,76.1,69.3,68.2
059,1987,2.41,2.62,3.6,8.3,1.45,0.71,51.5,67.1,73.1,74.9,72.9,67.0
059,1988,3.75,1.07,0.62,4.28,1.68,2.97,50.6,63.4,71.9,76.2,75.6,65.1
059,1989,5.36,6.92,2.7,5.61,4.64,7.12,49.8,58.1,70.6,75.0,71.1,63.1
059,1990,2.74,8.15,4.11,5.29,5.93,2.77,50.2,58.5,70.1,72.7,70.4,66.1
059,1991,3.51,4.01,1.47,3.25,3.16,2.81,54.8,68.4,73.9,75.4,73.1,65.7
059,1992,4.73,2.47,4.57,8.74,2.79,3.2,50.4,59.5,66.3,72.3,67.8,63.6
059,1993,4.62,3.32,5.91,5.11,4.0,6.51,49.4,62.4,68.9,75.6,73.5,61.1
059,1994,5.3,3.11,4.28,2.71,3.93,1.75,52.5,57.9,72.7,73.1,69.0,63.9
059,1995,3.67,7.47,3.73,2.72,3.72,1.28,50.7,59.8,71.1,74.5,77.5,63.0
059,1996,7.47,9.54,4.86,4.31,1.83,6.13,48.0,60.1,70.4,71.3,72.4,63.6
059,1997,2.02,4.6,4.88,2.67,3.57,1.95,46.5,56.3,68.6,73.5,69.3,64.4
059,1998,5.83,5.73,9.96,3.43,2.1,0.47,52.3,65.8,70.5,73.0,73.6,69.4
059,1999,4.25,2.71,3.21,2.52,1.71,1.25,53.7,63.4,71.9,77.6,71.0,65.6
059,2000,3.92,5.25,5.92,3.42,3.63,4.85,50.6,64.3,70.4,71.7,70.9,63.7
059,2001,2.46,4.76,4.22,6.91,3.68,4.73,56.7,63.7,69.2,74.0,73.8,63.5
059,2002,5.99,7.06,4.94,2.91,2.56,3.78,53.4,58.2,72.8,76.4,74.9,69.1
059,2003,2.26,6.44,2.95,9.21,3.27,8.46,53.2,60.8,67.0,72.4,73.2,62.7
059,2004,1.63,6.01,5.33,4.62,4.13,0.37,53.0,66.2,69.5,71.7,68.6,67.4
059,2005,4.61,3.01,3.83,6.1,5.07,4.95,53.7,58.6,73.3,74.5,74.4,68.7
059,2006,4.97,6.06,5.31,4.77,4.59,3.64,55.3,59.6,69.2,74.8,73.2,62.1
059,2007,4.8,1.38,3.21,1.81,3.93,2.25,49.4,66.2,72.2,71.4,77.1,68.7
059,2008,2.42,6.71,9.68,5.37,2.49,2.25,52.0,57.7,71.8,72.8,70.8,67.4
059,2009,6.79,6.14,5.27,3.66,4.73,2.34,51.0,61.8,71.4,68.7,70.2,65.3
059,2010,2.72,5.28,10.94,4.02,2.18,0.65,57.6,64.0,74.3,76.1,75.0,67.3
059,2011,9.67,6.3,4.85,1.66,2.82,5.92,53.1,62.0,72.2,79.2,73.1,63.3
059,2012,2.25,3.54,0.79,1.57,4.84,6.99,52.0,67.5,71.9,80.2,71.7,63.4
059,2013,6.06,3.16,3.83,2.36,1.54,3.51,50.9,64.9,70.9,72.3,71.5,67.0
059,2014,5.82,4.55,6.12,3.23,4.06,3.01,52.6,62.9,72.6,68.6,71.9,63.5
059,2015,4.89,3.78,8.45,6.9,1.87,2.31,52.8,65.4,70.8,72.5,69.7,68.5
059,2016,4.44,3.19,5.42,4.19,7.4,4.13,52.1,60.2,72.7,74.1,75.5,69.8
059,2017,4.43,8.23,5.03,8.73,1.75,1.23,57.4,60.9,70.7,73.8,70.0,67.0
059,2018,4.28,2.3,6.47,4.87,6.46,6.76,45.7,70.4,73.7,74.1,73.7,70.0
059,2019,5.62,5.77,7.23,4.13,3.11,0.83,52.4,62.7,69.9,76.8,72.1,70.9
059,2020,2.13,5.26,4.1,3.96,3.84,0.52,49.4,59.3,71.3,76.0,71.5,65.6
059,2021,2.96,3.21,6.35,6.14,1.93,5.42,52.2,59.4,72.9,73.3,75.2,68.0
059,2022,3.83,5.92,1.95,3.36,5.16,2.73,49.3,65.0,72.2,76.0,72.7,66.0
059,2023,2.81,2.55,1.86,5.59,3.81,1.26,52.5,61.6,69.3,74.2,71.7,67.0
059,2024,7.56,4.88,3.44,4.69,2.93,2.74,55.2,67.0,72.6,72.8,73.2,68.2
059,2025,7.35,4.45,5.12,4.82,1.77,2.63,52.9,60.9,73.8,77.7,71.1,67.6
059,2026,3.75,6.63,5.82,2.47,10.63,,59.0,59.5,70.4,75.4,72.6,
061,1895,2.83,2.3,3.8,5.96,1.67,1.02,56.0,63.7,75.2,74.0,75.9,71.5
061,1896,0.34,5.13,4.84,8.49,3.98,4.37,61.8,70.0,72.1,76.7,75.2,65.8
061,1897,4.39,3.32,3.6,4.6,1.31,0.32,53.5,59.3,71.6,77.4,74.5,70.1
061,1898,2.68,4.57,3.85,2.38,4.88,4.23,50.7,65.9,75.1,77.9,76.2,71.4
061,1899,3.62,4.27,4.12,3.07,3.25,1.05,55.5,66.8,74.8,76.2,76.9,67.5
061,1900,2.15,4.15,5.25,3.73,3.16,1.41,54.2,65.4,73.0,76.8,80.0,72.8
061,1901,2.74,1.97,5.36,1.6,2.67,2.93,49.5,62.6,74.6,81.7,76.1,67.6
061,1902,2.07,5.6,5.41,1.59,3.25,4.54,52.8,69.0,72.2,77.3,74.1,65.7
061,1903,4.79,2.14,4.03,1.89,3.81,1.08,53.7,67.4,68.4,77.0,74.4,67.9
061,1904,2.69,2.05,3.31,2.69,1.84,2.85,49.5,64.1,72.2,74.7,74.6,69.8
061,1905,2.74,5.88,3.45,5.29,3.75,3.4,54.9,66.7,74.1,75.1,75.6,68.8
061,1906,1.62,2.06,3.7,4.06,3.89,5.49,56.6,65.0,73.4,75.1,77.1,71.7
061,1907,2.74,4.97,3.98,4.97,5.86,2.67,46.4,60.2,70.2,77.1,73.8,67.9
061,1908,6.6,4.62,2.44,3.23,1.52,0.97,55.4,65.8,72.5,76.8,75.8,71.4
061,1909,5.67,4.2,3.65,7.26,1.39,1.7,53.6,62.2,74.2,73.9,76.3,66.3
061,1910,5.16,4.33,3.83,9.36,2.4,3.36,54.4,59.9,69.6,75.6,72.4,69.5
061,1911,5.87,3.52,3.46,1.72,3.15,5.42,52.2,68.1,74.2,75.8,75.9,72.3
061,1912,7.16,4.35,2.7,4.32,5.6,3.56,56.6,65.7,69.4,76.7,73.5,69.4
061,1913,2.7,1.63,3.03,1.67,3.58,3.36,53.4,64.8,74.4,79.8,77.9,68.3
061,1914,2.79,1.07,2.21,2.34,6.32,2.35,53.9,64.8,77.1,78.6,75.5,66.6
061,1915,0.86,6.88,4.13,5.32,5.82,2.89,58.4,63.2,70.8,74.7,70.0,69.4
061,1916,3.42,3.51,6.18,4.55,3.83,2.91,52.4,66.2,69.0,78.7,76.6,65.9
061,1917,5.61,4.52,3.91,2.91,2.8,1.58,53.0,57.7,70.0,74.6,73.5,66.6
061,1918,3.11,5.69,3.75,3.73,3.95,2.45,52.1,68.7,72.4,73.0,79.7,60.4
061,1919,3.2,4.81,5.32,2.21,3.12,2.1,54.5,61.6,75.7,78.4,73.5,69.8
061,1920,5.53,3.55,1.77,3.03,5.52,3.33,50.2,62.3,70.8,73.7,72.2,69.0
061,1921,4.01,2.19,3.11,1.51,5.1,4.7,56.6,64.4,77.0,80.7,74.9,73.0
061,1922,3.99,3.36,3.21,4.62,1.53,1.48,57.5,67.0,74.3,75.1,74.4,71.5
061,1923,4.3,4.29,4.28,3.78,4.28,2.98,52.4,62.4,72.5,75.9,74.7,68.1
061,1924,4.49,4.45,4.19,1.51,3.39,4.44,55.6,58.2,73.0,72.3,74.9,63.9
061,1925,2.46,1.53,3.37,2.84,1.8,3.34,59.8,59.4,75.7,75.2,75.5,75.3
061,1926,3.86,1.47,2.57,3.3,5.94,4.47,48.4,65.0,69.3,76.9,76.2,70.5
061,1927,5.6,10.34,3.79,3.52,2.3,3.02,56.6,63.6,68.7,74.6,69.3,71.3
061,1928,3.98,3.89,12.05,2.79,3.31,0.8,50.3,61.7,67.9,75.0,75.3,63.0
061,1929,4.37,8.3,3.09,3.23,1.9,4.2,57.6,62.3,70.3,75.7,73.1,67.2
061,1930,0.71,1.55,2.84,0.88,1.56,4.45,57.2,65.3,72.1,79.9,76.4,69.9
061,1931,4.05,2.08,3.04,2.79,3.74,3.45,53.9,60.9,74.3,78.8,74.2,73.0
061,1932,4.18,0.89,3.32,3.35,4.89,4.67,53.8,63.8,73.2,77.4,74.8,67.3
061,1933,6.24,6.87,0.65,5.13,2.53,4.01,53.2,66.7,76.6,77.0,73.9,73.4
061,1934,1.53,1.86,4.32,2.9,3.69,3.59,54.8,66.3,76.9,80.2,75.4,67.0
061,1935,3.47,7.48,7.01,4.65,3.55,1.67,52.5,60.5,67.9,77.6,75.4,66.1
061,1936,4.48,1.05,0.49,2.77,1.48,4.21,50.1,66.8,74.2,81.4,81.0,72.7
061,1937,4.86,4.94,5.26,1.52,4.26,1.51,53.3,63.8,73.1,75.1,77.2,65.7
061,1938,2.0,6.31,3.92,5.66,3.59,3.63,57.4,64.6,70.9,76.4,77.1,69.4
061,1939,6.16,1.06,8.95,3.57,2.1,0.93,51.8,65.7,74.4,76.2,74.8,73.0
061,1940,6.3,2.63,2.58,1.63,2.5,1.23,52.4,60.7,73.1,76.0,76.4,64.7
061,1941,2.69,0.98,5.5,3.0,1.61,1.31,58.1,66.6,73.8,77.5,76.4,71.6
061,1942,3.79,3.6,9.05,2.03,4.04,2.41,56.7,64.1,73.4,77.2,74.6,67.0
061,1943,3.57,4.9,3.37,5.1,0.25,1.96,52.5,66.0,76.6,77.6,77.5,65.0
061,1944,5.64,4.67,2.38,2.06,5.15,5.32,54.3,69.8,77.0,76.8,75.7,67.3
061,1945,4.68,4.41,7.24,3.75,1.99,4.44,55.9,60.1,70.6,74.2,74.2,71.0
061,1946,2.47,5.69,2.84,4.43,4.9,1.5,57.3,61.9,72.6,74.9,69.7,67.0
061,1947,6.3,5.82,6.55,5.2,1.97,1.93,55.8,60.8,70.9,71.3,80.1,68.9
061,1948,6.06,2.54,1.99,6.11,1.55,1.79,58.1,62.9,73.1,76.1,74.0,68.4
061,1949,2.67,2.88,6.98,2.7,5.9,1.87,52.4,65.5,73.9,79.1,74.7,62.6
061,1950,4.64,9.12,6.48,4.02,4.37,4.46,49.9,65.0,71.1,72.6,71.0,65.6
061,1951,3.65,2.32,5.07,2.79,3.27,3.67,51.6,64.7,72.4,75.8,74.9,65.7
061,1952,2.42,3.37,5.47,1.17,2.34,2.31,54.0,63.9,78.1,78.8,75.4,66.9
061,1953,4.81,4.87,1.89,5.55,1.01,0.57,51.2,67.0,77.0,76.5,75.2,69.2
061,1954,3.38,2.18,3.08,1.13,4.09,4.43,60.2,59.4,75.1,79.3,76.3,72.1
061,1955,4.14,4.62,4.35,4.61,1.41,4.11,59.5,65.5,67.4,79.4,77.3,71.3
061,1956,3.27,4.22,4.4,3.62,2.93,2.4,52.2,64.9,72.4,75.5,74.0,65.4
061,1957,5.91,6.55,8.5,3.43,0.69,2.4,57.7,64.7,73.3,76.0,74.2,68.0
061,1958,4.69,3.13,5.21,9.57,3.59,3.72,54.4,63.9,69.8,75.6,73.4,67.4
061,1959,1.74,5.71,2.1,3.64,3.59,1.88,55.8,68.2,72.9,76.5,77.4,70.4
061,1960,1.35,3.64,8.33,2.13,2.06,1.98,57.9,60.9,70.8,74.0,76.1,70.6
061,1961,5.28,9.03,3.56,6.65,3.77,0.97,48.8,59.0,69.2,75.3,73.3,70.9
061,1962,1.15,4.07,4.99,3.98,2.33,4.91,52.1,70.8,72.1,74.8,74.6,63.5
061,1963,1.49,3.81,2.89,5.71,2.71,1.63,57.5,62.0,72.2,73.8,72.3,65.9
061,1964,4.33,2.96,3.0,3.96,1.93,3.02,57.8,66.0,73.8,75.2,74.5,67.6
061,1965,3.43,1.52,4.34,3.36,1.51,7.66,57.4,69.2,72.2,74.7,74.0,68.8
061,1966,7.57,3.86,1.47,3.53,3.82,2.2,51.9,61.1,71.6,78.8,72.5,65.1
061,1967,3.44,5.85,3.42,3.74,3.95,2.11,58.0,60.8,71.4,71.9,69.1,63.5
061,1968,4.39,6.6,2.29,3.67,3.28,3.47,55.8,61.7,72.3,75.7,75.3,66.9
061,1969,4.17,4.23,4.34,4.97,3.67,1.63,56.5,64.7,72.4,77.4,73.1,66.1
061,1970,9.9,2.71,6.24,3.87,4.04,3.19,57.1,66.4,71.5,74.5,74.3,72.3
061,1971,2.09,4.84,3.44,7.04,2.1,4.57,53.4,59.8,74.9,73.1,72.1,70.0
061,1972,9.97,4.52,1.79,4.31,2.97,3.81,54.4,64.4,69.3,75.0,74.1,70.7
061,1973,6.32,5.48,5.25,7.93,1.8,2.24,53.2,59.8,73.7,76.5,74.7,70.6
061,1974,3.23,5.68,2.88,1.75,7.31,4.0,56.0,64.4,67.8,75.2,73.2,62.0
061,1975,8.1,3.87,4.31,1.94,3.7,3.65,52.3,66.7,73.2,75.0,76.7,63.6
061,1976,0.93,4.99,6.24,3.37,2.83,4.16,55.2,60.0,70.7,74.4,71.5,64.4
061,1977,4.7,2.57,5.47,4.24,8.54,2.99,58.3,68.6,71.6,78.1,74.8,70.2
061,1978,3.93,5.24,3.39,6.59,6.23,0.9,55.9,61.8,73.1,76.3,74.4,70.7
061,1979,7.52,4.08,5.63,9.8,4.37,7.76,52.8,61.9,71.5,73.4,73.6,66.6
061,1980,2.9,4.91,3.62,5.66,3.19,3.01,51.6,64.3,71.2,79.3,78.3,69.9
061,1981,4.91,6.08,3.13,4.34,4.02,3.38,60.1,60.3,74.2,76.7,73.5,65.5
061,1982,3.08,3.51,4.34,3.63,5.12,4.57,49.7,68.0,68.2,76.4,71.8,65.3
061,1983,7.9,11.87,2.83,1.42,2.52,1.37,50.1,60.6,71.8,79.1,79.8,68.9
061,1984,5.71,6.1,0.91,6.11,3.35,4.12,53.3,60.8,75.3,73.2,74.0,65.4
061,1985,1.79,4.84,4.33,3.76,5.24,1.56,58.4,64.6,70.8,75.5,73.2,66.9
061,1986,1.61,3.46,3.18,5.97,2.61,4.24,56.2,65.5,74.0,78.2,71.7,71.0
061,1987,2.83,2.88,4.78,5.68,1.91,1.54,53.1,69.3,74.3,76.8,76.4,68.9
061,1988,2.9,2.4,0.75,5.97,3.98,2.64,54.3,64.3,73.4,77.6,77.4,67.1
061,1989,4.62,3.66,4.05,6.98,3.96,3.42,54.3,60.2,71.5,75.5,73.7,66.5
061,1990,3.37,9.96,5.11,2.8,3.45,3.17,53.0,61.6,72.1,75.2,73.8,69.1
061,1991,3.13,2.92,1.96,2.04,2.95,2.63,57.9,70.2,75.2,77.8,75.9,68.7
061,1992,1.95,3.99,3.24,5.93,3.22,2.89,55.6,61.3,69.1,75.8,70.4,66.4
061,1993,4.38,3.19,4.51,2.09,4.82,3.68,52.5,63.9,71.7,79.2,76.0,65.3
061,1994,5.19,3.21,2.38,1.66,3.38,3.25,56.8,60.2,74.7,75.8,72.8,65.2
061,1995,3.51,10.48,3.51,5.59,4.73,1.42,55.7,63.6,72.4,76.5,79.1,65.8
061,1996,8.45,8.13,3.89,5.42,1.38,7.61,51.1,66.4,72.7,73.2,74.5,65.8
061,1997,2.52,6.43,6.37,1.04,3.79,1.81,50.0,59.2,70.4,76.2,73.4,67.2
061,1998,6.89,4.66,7.24,6.18,3.2,0.63,53.8,68.1,73.5,75.9,75.6,72.5
061,1999,3.21,3.89,6.27,1.3,0.96,0.76,57.2,64.6,73.6,79.7,75.1,68.2
061,2000,3.78,4.06,4.68,4.24,4.83,3.78,53.4,66.5,72.4,74.0,74.3,65.9
061,2001,1.5,4.64,2.73,3.64,3.4,3.73,59.7,65.7,70.9,75.8,76.0,65.7
061,2002,6.15,7.58,3.25,2.16,2.46,7.83,57.8,61.9,74.6,78.3,77.3,71.8
061,2003,5.39,6.31,3.42,3.47,4.38,5.62,57.1,63.8,68.4,74.6,75.4,65.2
061,2004,4.67,10.22,2.38,4.87,3.88,0.14,55.9,68.8,72.5,73.8,71.0,68.3
061,2005,3.53,3.28,3.64,4.24,6.15,1.82,56.3,62.4,74.4,76.4,77.7,71.1
061,2006,6.04,4.94,4.43,5.08,5.09,10.07,59.1,62.3,71.3,76.4,76.5,64.0
061,2007,4.72,2.05,2.48,4.11,2.39,2.31,52.8,67.8,74.2,74.2,81.0,72.3
061,2008,5.78,5.78,3.24,4.38,0.76,1.92,55.0,61.8,75.1,75.8,74.4,70.7
061,2009,4.68,5.26,5.22,7.11,2.79,6.81,55.5,64.4,73.6,70.9,72.8,68.1
061,2010,4.56,6.57,5.01,5.35,1.93,0.58,60.0,67.4,77.8,79.0,78.8,70.9
061,2011,14.45,7.3,5.49,2.57,1.36,6.58,58.8,64.6,74.5,80.2,75.7,65.8
061,2012,2.59,6.22,1.56,3.93,1.93,7.98,56.9,70.2,73.2,81.7,74.9,66.9
061,2013,4.07,3.76,6.72,3.81,1.26,4.02,55.0,65.9,73.0,73.7,74.1,69.2
061,2014,8.2,4.45,2.0,4.63,4.94,2.66,57.2,66.2,74.9,72.3,74.9,67.2
061,2015,10.0,1.99,7.64,7.19,2.79,2.07,57.3,67.4,74.3,76.3,73.0,70.5
061,2016,4.41,5.21,4.18,6.76,5.36,2.22,56.5,62.9,75.4,77.4,77.6,72.0
061,2017,5.18,7.1,3.06,3.7,2.56,4.94,61.7,65.1,72.6,77.0,72.8,68.1
061,2018,3.81,3.07,7.01,3.86,4.16,10.59,50.2,72.4,75.9,76.4,76.1,72.0
061,2019,7.27,5.09,8.84,3.39,3.5,0.12,57.2,67.8,71.9,77.8,75.6,75.2
061,2020,4.47,5.41,4.05,7.72,5.93,2.95,52.2,62.3,73.2,78.3,73.9,67.4
061,2021,3.98,2.55,3.13,8.83,3.81,6.15,54.5,62.5,74.3,76.1,77.0,69.9
061,2022,4.75,3.79,2.15,8.2,3.98,1.62,53.7,67.9,74.3,78.1,75.4,68.3
061,2023,3.34,4.15,4.11,4.29,4.66,0.92,55.4,63.9,70.1,76.4,74.1,69.8
061,2024,5.86,6.49,1.34,6.51,1.95,6.44,58.4,68.3,74.4,76.1,75.5,70.9
061,2025,9.57,4.88,3.6,4.99,1.54,4.04,57.2,63.4,75.0,79.5,73.2,69.5
061,2026,3.47,6.92,9.82,4.4,2.77,,62.9,63.7,72.7,77.3,75.9,
063,1895,2.27,0.96,3.23,2.75,2.01,3.29,52.6,62.0,73.1,71.4,73.4,68.5
063,1896,1.23,3.79,4.82,7.96,5.04,4.73,58.0,68.5,70.6,74.3,72.6,62.7
063,1897,4.17,2.81,4.83,3.09,1.09,0.44,49.5,57.4,69.4,76.4,70.9,68.9
063,1898,1.98,3.24,4.44,2.97,3.39,4.78,49.4,62.1,72.6,74.9,72.1,68.3
063,1899,1.43,3.64,2.09,3.02,2.37,1.63,52.1,63.0,73.6,75.3,75.9,66.0
063,1900,1.0,5.49,6.08,4.45,2.62,2.0,51.9,64.6,70.6,75.4,78.5,70.5
063,1901,2.63,2.61,5.88,0.34,3.99,0.76,48.0,59.7,73.1,81.2,74.7,66.2
063,1902,1.76,3.28,7.25,3.51,2.09,5.3,49.8,65.9,69.3,75.7,70.5,63.3
063,1903,4.05,5.46,3.11,2.97,4.26,1.69,51.0,64.6,65.4,75.4,71.5,65.5
063,1904,2.76,3.13,2.95,3.38,2.24,3.09,45.7,60.7,68.5,72.5,70.2,65.9
063,1905,3.65,5.48,3.03,3.84,4.91,4.5,50.5,62.4,71.2,73.1,72.7,65.6
063,1906,2.44,3.44,2.81,2.98,3.74,4.35,52.6,62.6,69.5,72.7,75.2,69.8
063,1907,2.56,3.7,3.28,4.46,3.02,1.73,41.0,54.9,66.0,73.2,69.8,63.4
063,1908,4.73,5.68,1.77,1.84,1.16,0.83,50.8,62.0,68.8,73.9,72.2,68.2
063,1909,5.06,5.87,6.28,5.5,3.75,2.67,49.0,58.2,71.0,70.9,73.3,62.7
063,1910,3.3,3.47,2.31,6.04,2.41,4.44,51.0,55.6,67.4,73.4,70.0,65.7
063,1911,5.64,2.0,2.09,1.66,2.81,5.99,47.9,67.1,73.0,74.7,72.5,67.9
063,1912,4.99,4.88,2.94,4.73,5.84,3.38,52.2,63.2,67.5,73.9,70.1,66.3
063,1913,3.31,1.89,3.03,3.08,3.78,2.08,50.0,62.2,72.4,76.8,74.6,64.4
063,1914,2.96,2.38,1.38,1.63,4.75,2.57,50.7,63.8,74.4,77.4,73.4,64.6
063,1915,0.89,4.94,2.96,8.62,7.61,4.15,55.7,58.6,68.0,72.0,66.4,66.5
063,1916,1.41,4.26,7.47,2.47,2.72,2.0,48.6,62.8,66.6,79.9,74.5,63.7
063,1917,3.78,5.81,7.8,2.66,2.33,2.28,48.4,55.5,68.1,73.6,71.3,63.9
063,1918,5.83,4.28,3.02,3.16,2.97,4.4,47.8,66.9,70.9,72.2,77.4,58.3
063,1919,2.72,4.96,2.7,1.85,2.13,1.64,51.0,58.4,74.4,77.8,71.8,68.3
063,1920,6.01,3.4,3.07,4.58,2.32,2.17,45.0,59.8,69.8,72.1,70.7,67.8
063,1921,4.46,1.92,2.64,1.81,6.3,7.02,54.3,63.9,75.6,79.9,71.7,69.8
063,1922,9.21,3.13,1.26,4.4,2.54,1.67,52.7,64.8,72.3,72.9,72.2,69.0
063,1923,2.09,6.91,3.7,4.16,4.73,3.41,48.4,58.8,71.0,73.8,70.8,64.7
063,1924,3.32,4.5,6.12,1.35,5.1,2.97,51.4,53.4,68.4,70.9,71.5,60.9
063,1925,2.77,1.06,5.97,5.78,2.34,5.48,55.6,57.2,73.8,73.8,72.7,72.0
063,1926,4.35,3.53,2.11,3.02,9.08,11.72,44.0,62.9,66.4,76.2,74.6,66.7
063,1927,5.52,6.93,2.68,3.11,3.54,4.97,50.6,59.6,65.5,73.4,66.1,69.6
063,1928,2.52,3.08,8.27,3.63,4.2,1.82,45.4,59.9,64.8,74.0,73.3,60.9
063,1929,4.55,9.39,4.82,5.96,2.45,2.29,53.5,57.7,67.4,74.4,70.4,64.9
063,1930,2.91,1.75,3.44,2.01,1.64,3.52,52.7,62.3,70.0,76.1,73.5,66.7
063,1931,2.27,2.88,3.42,3.12,4.05,4.71,50.8,57.6,73.0,77.4,72.6,70.3
063,1932,2.2,1.26,5.79,3.57,3.45,6.27,50.0,61.5,71.5,75.5,72.8,64.4
063,1933,3.67,8.44,0.48,2.32,2.1,4.5,50.0,63.5,76.4,76.9,71.6,70.8
063,1934,2.06,0.92,3.19,3.33,4.35,5.6,50.5,65.1,77.0,79.8,72.4,64.6
063,1935,1.78,7.55,4.77,3.49,2.45,3.18,47.6,56.2,66.7,76.6,74.1,64.9
063,1936,3.21,1.77,0.97,1.01,2.9,5.37,45.9,63.9,71.0,81.6,78.7,68.6
063,1937,4.92,2.92,4.11,4.96,3.39,2.98,49.3,61.2,69.5,73.1,74.9,62.8
063,1938,2.99,5.44,5.9,5.97,3.47,1.65,52.2,60.4,68.6,74.5,74.3,66.9
063,1939,5.73,1.47,5.29,4.39,1.98,0.79,46.8,63.4,72.0,73.7,71.6,70.6
063,1940,5.29,4.31,3.04,0.89,2.55,0.89,47.4,57.5,70.9,74.6,74.5,63.4
063,1941,2.11,2.14,5.58,1.38,2.07,2.88,55.5,64.0,70.7,75.2,73.2,68.4
063,1942,2.83,4.85,6.73,3.61,3.5,2.64,54.5,61.8,70.8,74.9,71.3,63.2
063,1943,2.34,10.69,3.4,2.78,1.97,3.53,48.4,61.1,74.3,74.9,73.9,61.2
063,1944,6.6,3.79,3.06,1.36,2.94,1.98,49.0,66.8,74.0,74.7,73.3,65.2
063,1945,4.09,4.42,8.06,2.71,3.97,6.2,52.3,56.4,67.9,71.9,71.5,66.7
063,1946,1.62,8.47,3.2,2.22,3.79,1.02,52.2,58.3,70.0,73.7,67.8,64.0
063,1947,6.19,4.6,5.63,2.87,4.98,3.97,49.8,56.9,67.0,69.4,77.6,65.3
063,1948,3.86,3.37,4.65,4.09,1.55,2.98,53.5,59.6,70.5,73.7,72.0,66.0
063,1949,1.85,2.85,4.29,2.96,4.74,2.21,49.6,62.5,72.7,77.7,72.4,59.5
063,1950,3.67,2.31,6.43,3.0,3.42,5.74,44.9,62.6,68.1,71.5,69.2,63.4
063,1951,3.17,3.26,5.22,3.97,2.08,2.34,47.3,63.0,69.0,73.1,70.6,62.0
063,1952,4.09,4.14,6.77,2.31,3.07,4.46,51.0,60.2,75.7,76.2,71.1,64.4
063,1953,2.83,4.39,3.85,6.02,1.69,1.07,46.5,63.4,74.9,74.5,72.6,65.6
063,1954,3.43,2.64,1.85,2.25,3.77,0.94,55.7,56.9,74.5,76.8,72.2,68.4
063,1955,3.86,4.44,2.64,4.96,2.04,6.54,56.4,62.6,65.9,78.5,74.9,67.6
063,1956,4.3,6.95,4.7,4.44,2.27,1.34,47.8,61.5,71.1,72.6,72.1,63.0
063,1957,7.56,6.93,8.87,4.27,4.61,1.77,51.8,61.3,71.2,74.4,71.9,63.3
063,1958,2.75,4.28,8.15,8.63,3.61,3.81,51.0,60.3,66.2,72.6,70.8,64.4
063,1959,4.51,4.02,2.63,3.61,3.11,2.78,51.7,65.2,71.7,74.0,75.9,67.2
063,1960,2.11,4.31,7.2,3.59,2.92,1.47,54.2,58.0,68.1,71.4,73.1,69.1
063,1961,6.05,5.55,4.16,3.71,3.01,4.27,44.7,55.8,67.7,72.8,70.7,69.2
063,1962,1.95,4.88,2.03,7.77,4.61,3.33,49.1,67.8,71.5,72.0,71.2,61.5
063,1963,3.82,2.17,2.63,5.87,3.65,0.3,52.2,59.1,70.8,72.5,68.3,64.3
063,1964,8.21,1.47,3.5,3.78,1.12,1.39,52.9,64.9,71.8,73.8,70.9,65.5
063,1965,5.49,2.6,3.5,3.55,3.9,5.37,51.8,67.2,69.8,71.3,69.7,66.1
063,1966,3.86,2.07,1.98,2.42,1.68,5.06,48.5,56.6,70.2,77.1,70.8,63.0
063,1967,3.43,5.24,1.31,2.27,2.28,1.46,52.1,57.2,71.4,71.6,68.2,62.6
063,1968,2.98,8.07,3.41,2.22,3.89,2.19,51.9,57.0,70.8,74.0,72.5,64.5
063,1969,4.27,1.97,4.43,6.66,2.46,3.69,52.0,61.5,67.9,74.4,70.6,63.4
063,1970,5.91,3.01,2.35,4.81,2.44,3.11,52.5,63.9,69.1,72.9,71.8,67.8
063,1971,1.16,4.39,4.23,5.79,1.92,3.79,49.3,57.2,73.8,71.1,69.2,67.7
063,1972,6.12,2.51,5.46,2.71,3.45,5.99,49.5,63.3,66.2,72.8,71.0,66.3
063,1973,3.45,2.27,6.99,6.32,3.81,2.02,49.5,58.0,71.5,74.6,72.5,67.9
063,1974,3.53,7.1,5.41,1.14,5.59,3.85,52.8,60.0,66.5,74.8,71.1,59.8
063,1975,4.2,2.97,4.44,4.15,4.97,2.48,47.0,64.5,70.7,72.5,74.6,60.8
063,1976,1.07,2.88,5.56,3.21,3.48,2.21,52.3,57.7,70.0,72.6,69.4,62.0
063,1977,2.32,2.88,3.35,3.73,5.71,2.74,55.3,68.0,68.6,76.5,71.4,67.4
063,1978,3.61,4.42,4.59,5.49,7.4,1.11,51.0,58.6,70.6,73.4,71.4,68.4
063,1979,3.57,2.74,4.01,12.03,7.15,0.4,48.1,59.5,69.9,71.4,70.9,63.8
063,1980,2.34,2.45,5.12,3.83,7.27,3.37,47.7,62.3,68.0,76.9,75.4,66.5
063,1981,5.75,8.8,1.69,6.57,4.04,2.96,55.3,57.8,71.8,73.8,70.9,63.2
063,1982,2.47,5.92,5.13,4.59,2.42,1.39,46.2,66.6,65.7,74.3,69.6,63.1
063,1983,4.62,5.01,3.86,2.28,3.15,1.35,46.8,57.2,70.9,77.7,77.1,66.3
063,1984,4.31,4.12,2.13,4.34,2.56,4.58,48.7,57.7,73.7,71.1,72.6,62.8
063,1985,2.52,4.79,3.21,3.39,6.21,2.17,56.0,63.1,68.6,72.7,69.7,65.4
063,1986,3.37,6.58,4.23,4.71,2.1,4.86,53.1,62.1,71.5,76.1,68.1,67.8
063,1987,2.65,2.19,4.74,7.93,1.59,1.78,50.8,66.9,72.4,74.6,72.5,66.3
063,1988,3.78,1.1,0.39,4.65,1.97,2.15,50.2,62.7,71.9,76.0,75.6,65.3
063,1989,5.13,5.73,3.03,6.31,7.08,7.16,49.7,57.5,70.0,74.1,70.5,62.4
063,1990,2.49,7.34,4.51,4.7,4.39,2.61,49.8,58.5,69.8,72.3,70.1,65.5
063,1991,3.84,3.86,1.11,2.01,2.81,1.24,54.1,67.5,73.2,75.1,72.9,65.7
063,1992,4.94,1.94,2.66,10.77,2.3,5.28,50.2,59.1,66.4,72.1,67.4,63.3
063,1993,4.46,3.8,5.44,5.5,5.84,6.25,48.8,61.8,68.8,75.6,73.0,60.3
063,1994,5.32,2.92,5.49,2.48,3.44,2.68,52.1,58.0,73.0,72.9,69.0,63.8
063,1995,3.14,6.73,4.04,2.08,3.73,1.04,49.8,59.8,71.1,74.6,77.4,62.6
063,1996,6.7,9.38,4.48,5.19,1.19,5.32,47.6,60.3,70.1,71.0,72.3,63.4
063,1997,1.88,4.77,3.87,1.36,3.14,2.56,46.3,55.8,68.3,73.2,69.5,64.6
063,1998,5.24,5.74,10.04,3.98,2.82,0.73,52.1,65.7,70.5,73.0,73.2,69.3
063,1999,4.15,3.42,3.5,3.68,1.88,1.04,53.1,63.0,71.6,77.3,70.6,65.5
063,2000,3.62,4.74,5.63,2.98,4.58,5.05,50.0,63.6,69.8,71.4,71.4,63.9
063,2001,2.61,3.17,4.63,5.9,3.55,4.04,56.5,63.8,68.8,73.2,73.4,63.2
063,2002,5.6,7.57,3.94,2.64,2.97,3.99,53.2,58.3,72.2,76.3,74.6,68.4
063,2003,2.24,7.09,2.6,9.71,3.26,9.33,52.9,60.1,66.6,72.5,73.1,62.7
063,2004,1.49,7.1,4.06,6.1,3.37,0.45,53.3,65.7,69.0,71.3,68.0,66.9
063,2005,3.88,3.0,3.53,4.99,4.12,5.07,53.9,58.9,72.6,74.1,74.2,68.5
063,2006,4.48,4.64,5.47,3.56,3.79,3.73,55.3,59.5,69.0,75.2,72.8,61.9
063,2007,3.84,1.85,2.9,2.4,3.83,2.48,48.7,66.0,71.6,71.4,77.0,68.3
063,2008,2.23,6.55,10.45,6.67,1.84,3.04,51.4,57.0,71.2,72.6,70.6,66.9
063,2009,6.61,6.49,5.36,4.38,4.32,1.52,51.2,61.4,71.1,68.3,69.9,65.3
063,2010,2.82,4.7,9.86,4.47,0.75,0.78,56.9,63.6,73.6,75.5,75.4,66.9
063,2011,9.11,5.15,5.78,1.15,2.02,5.1,53.2,61.8,71.4,78.4,72.7,63.4
063,2012,2.52,2.9,0.48,0.74,6.0,7.67,52.1,66.7,71.1,80.6,71.6,62.7
063,2013,8.91,3.52,5.37,2.82,1.82,3.71,50.3,63.7,69.8,71.2,71.3,66.5
063,2014,5.32,4.01,6.09,3.05,3.38,3.1,51.5,61.8,71.2,67.8,71.4,63.1
063,2015,5.06,2.94,7.93,10.2,1.68,2.03,51.9,64.4,70.1,72.1,69.8,67.8
063,2016,3.62,3.51,5.59,5.1,6.34,4.64,51.6,60.3,72.3,73.8,75.2,69.1
063,2017,5.8,7.32,3.56,6.68,1.51,0.7,56.8,60.5,70.4,73.8,69.9,67.4
063,2018,4.42,1.99,6.09,2.63,5.87,5.47,44.9,70.2,73.4,73.9,73.3,69.1
063,2019,4.87,5.19,6.15,3.34,4.96,0.89,51.7,62.0,69.3,75.9,71.6,70.4
063,2020,1.73,5.28,3.96,4.67,2.83,0.29,48.6,59.1,71.4,75.7,71.2,64.9
063,2021,3.14,3.31,5.86,5.41,2.19,4.56,51.3,59.2,72.1,72.9,74.8,67.8
063,2022,3.31,4.68,1.82,2.95,4.58,2.05,49.3,64.7,72.0,75.4,72.2,65.5
063,2023,2.47,2.47,1.54,5.77,3.86,1.27,52.1,62.1,69.1,73.6,71.5,66.6
063,2024,7.34,4.68,2.76,4.73,2.75,2.29,54.6,66.6,72.1,72.5,73.0,68.0
063,2025,7.23,4.18,4.84,5.89,0.79,1.56,52.9,60.8,73.2,77.2,70.9,67.3
063,2026,3.38,6.92,5.31,1.85,6.2,,58.3,60.1,70.2,75.4,72.5,
065,1895,1.56,1.56,4.07,0.85,1.82,2.69,51.9,61.4,72.5,71.8,73.0,68.4
065,1896,1.67,3.62,4.1,7.64,7.38,5.8,57.2,68.0,69.5,73.1,70.8,61.2
065,1897,5.1,3.72,3.36,3.46,1.67,1.09,48.5,56.6,68.4,75.9,69.0,66.8
065,1898,2.06,3.92,2.72,3.36,4.16,4.11,47.6,61.4,71.4,75.1,72.3,68.5
065,1899,1.42,2.41,1.67,3.79,3.82,1.69,53.0,62.6,72.4,73.8,74.2,64.3
065,1900,2.01,5.25,4.82,6.01,3.86,2.34,49.9,63.4,69.9,73.6,76.3,69.0
065,1901,2.94,2.59,4.28,1.78,3.75,1.54,46.6,59.3,71.9,79.6,73.2,65.0
065,1902,2.02,3.49,9.29,2.09,1.62,5.4,48.2,64.6,68.3,74.5,69.6,63.1
065,1903,3.29,4.78,4.41,4.64,3.36,1.48,49.7,64.0,64.9,73.6,70.6,65.0
065,1904,3.94,3.85,3.24,2.64,1.69,3.15,44.4,60.3,68.0,71.2,69.2,65.5
065,1905,4.13,6.18,3.24,2.88,6.11,3.73,49.8,61.8,70.3,72.9,72.1,65.6
065,1906,2.32,2.15,3.13,2.62,5.0,3.12,52.3,62.2,69.4,72.4,74.2,68.3
065,1907,2.59,2.82,5.45,5.73,3.39,2.91,40.8,54.9,66.2,73.1,69.3,64.1
065,1908,3.51,5.65,2.26,2.8,1.98,0.99,50.8,61.9,68.9,73.6,71.7,68.6
065,1909,4.69,5.66,6.05,5.34,3.91,2.24,48.4,58.6,71.3,70.8,72.3,62.4
065,1910,3.26,4.55,1.89,4.24,0.94,6.65,50.9,55.6,66.5,73.2,69.8,65.6
065,1911,4.69,2.11,3.81,1.3,3.13,4.48,47.6,66.3,71.4,73.7,72.1,68.2
065,1912,4.71,3.98,1.84,4.92,5.45,3.65,51.9,63.0,66.9,73.5,69.5,66.1
065,1913,3.61,3.27,4.19,5.48,3.14,2.33,49.3,60.9,70.9,75.0,73.2,64.3
065,1914,3.45,2.03,2.77,1.41,4.82,2.14,49.8,62.8,72.8,75.9,72.4,64.3
065,1915,1.52,4.46,2.94,5.7,7.2,4.25,54.8,57.8,67.0,71.0,65.6,65.9
065,1916,2.73,4.03,5.69,1.7,5.08,1.97,48.4,62.4,65.2,77.6,73.3,63.4
065,1917,5.2,4.55,5.44,2.78,2.45,2.28,47.7,54.2,66.8,72.0,70.0,62.3
065,1918,4.82,3.98,3.11,2.63,4.12,3.92,47.3,66.1,69.6,70.9,76.3,57.1
065,1919,3.11,4.51,2.58,3.1,2.91,2.21,49.6,57.9,73.9,75.7,70.4,67.2
065,1920,6.56,3.31,3.8,4.65,3.06,1.83,45.2,59.1,69.5,71.3,69.7,66.6
065,1921,4.77,2.18,4.42,2.03,4.49,5.56,53.4,63.2,74.8,78.8,70.6,69.8
065,1922,8.63,3.57,1.59,3.82,3.48,2.32,52.6,64.9,71.7,72.6,71.1,68.3
065,1923,1.97,4.86,3.56,3.5,5.37,3.12,48.3,58.6,70.6,72.9,70.7,65.2
065,1924,2.32,3.77,8.5,1.66,2.77,4.14,50.6,53.9,69.0,70.0,70.9,60.0
065,1925,2.39,2.31,4.02,6.84,2.26,6.1,54.4,56.0,72.7,72.2,71.1,71.0
065,1926,3.5,3.56,2.46,3.25,9.36,11.33,44.0,61.4,65.4,73.4,73.2,66.2
065,1927,6.06,5.57,3.24,3.72,2.9,3.81,50.0,59.7,64.8,72.0,64.6,68.4
065,1928,3.1,2.68,7.64,4.17,2.47,1.01,45.8,58.7,64.0,72.4,72.6,60.8
065,1929,4.46,7.27,6.75,6.06,2.86,2.92,52.6,58.0,66.6,72.5,68.3,64.2
065,1930,2.88,1.8,3.82,2.26,2.22,3.77,51.3,61.5,68.1,74.2,71.2,65.3
065,1931,3.57,2.38,3.22,2.95,4.83,3.44,49.8,57.8,72.2,76.7,71.7,68.9
065,1932,2.3,0.71,6.3,2.84,1.65,8.67,49.1,60.6,71.1,74.1,71.4,64.1
065,1933,3.87,9.22,0.78,2.04,3.04,6.28,49.2,63.4,75.0,74.6,70.4,69.9
065,1934,1.8,0.95,3.25,2.0,3.27,4.0,49.6,64.0,75.8,79.1,71.8,65.4
065,1935,2.17,6.63,4.04,5.54,2.46,3.65,46.7,56.0,66.5,75.9,72.8,63.7
065,1936,3.31,2.45,1.52,1.55,3.63,4.95,45.2,63.4,70.0,79.3,77.0,68.3
065,1937,4.78,3.59,5.12,3.7,4.38,3.55,49.2,60.1,68.9,72.0,73.2,61.7
065,1938,3.38,6.87,5.54,4.28,2.2,3.49,51.4,60.5,67.9,73.2,73.3,65.9
065,1939,6.21,1.63,5.65,4.4,3.02,0.78,45.9,62.6,71.5,72.2,70.4,69.4
065,1940,5.94,3.7,2.96,1.49,2.02,0.84,46.1,57.0,70.5,73.6,73.0,62.5
065,1941,2.18,1.13,5.87,3.58,2.27,2.78,54.4,63.1,69.9,74.1,71.5,67.9
065,1942,2.79,4.22,4.39,4.51,4.5,2.84,53.5,61.7,70.3,74.2,70.4,62.8
065,1943,2.6,7.62,2.81,5.66,3.53,3.35,46.4,60.8,73.9,73.6,72.2,60.9
065,1944,6.62,3.53,1.64,1.61,3.52,2.32,48.6,66.5,73.7,74.3,73.1,64.9
065,1945,4.57,3.52,7.11,3.79,2.69,7.2,51.4,55.5,67.7,70.8,70.1,66.4
065,1946,1.64,6.09,4.49,3.49,2.4,0.5,50.6,57.8,69.4,72.6,66.6,64.6
065,1947,6.06,4.98,4.89,5.27,4.56,3.54,49.2,57.5,67.3,68.8,76.6,65.3
065,1948,5.47,3.62,4.77,3.05,1.93,2.76,53.7,59.3,69.6,73.2,70.8,65.7
065,1949,2.33,2.97,5.47,3.07,3.05,3.72,48.4,61.6,72.2,76.8,71.8,58.8
065,1950,3.93,3.47,5.26,3.18,3.76,5.1,44.2,62.0,67.1,70.1,68.0,62.6
065,1951,3.79,3.19,4.66,2.88,1.68,2.56,47.4,62.1,69.0,72.2,70.9,62.5
065,1952,4.02,3.36,3.74,1.52,3.17,5.13,50.1,59.6,74.7,76.1,70.5,63.0
065,1953,3.1,5.16,2.79,5.32,2.17,0.96,45.9,62.8,73.5,73.7,72.1,65.5
065,1954,3.8,2.54,2.29,3.33,5.37,0.54,55.5,55.7,73.2,74.8,71.5,67.0
065,1955,3.55,3.05,3.56,4.12,2.82,6.89,55.8,62.3,65.8,77.6,74.6,66.8
065,1956,3.63,6.19,2.81,3.01,2.29,1.18,47.4,61.2,70.3,72.1,71.6,62.4
065,1957,7.13,6.23,9.29,2.77,2.72,2.51,51.6,60.6,70.6,73.8,71.6,63.8
065,1958,3.55,4.94,10.94,7.3,5.24,3.56,50.6,59.2,65.8,72.5,70.5,63.9
065,1959,4.42,5.02,1.1,4.15,1.94,2.33,51.2,65.0,71.0,73.2,75.6,67.1
065,1960,1.54,5.18,4.63,3.65,3.24,1.27,53.6,58.2,68.0,70.4,72.6,68.0
065,1961,6.89,3.69,4.36,4.61,2.74,3.92,44.2,55.9,67.5,72.7,70.7,68.7
065,1962,0.67,4.82,2.27,7.14,4.2,1.81,48.1,67.0,70.4,71.2,70.4,60.9
065,1963,4.61,2.96,1.58,4.47,2.72,0.17,51.0,58.0,70.4,72.2,67.3,63.3
065,1964,9.41,1.09,3.5,5.24,1.55,1.33,52.1,64.3,71.3,73.6,69.8,64.5
065,1965,6.03,1.92,1.85,3.26,3.55,4.93,50.0,67.6,70.5,71.1,69.6,65.7
065,1966,3.4,2.78,2.22,2.06,3.3,4.72,47.5,55.9,69.9,75.6,70.0,62.3
065,1967,3.99,6.22,2.78,1.52,1.42,1.44,51.6,56.0,71.0,70.8,68.0,61.1
065,1968,3.02,8.57,3.69,3.98,5.7,2.31,51.2,56.9,70.5,73.6,72.8,64.0
065,1969,3.94,3.34,5.0,7.21,3.49,4.5,50.7,60.9,67.5,74.6,70.3,63.0
065,1970,4.97,2.14,3.63,4.3,2.22,2.74,51.5,63.6,68.9,72.3,70.8,67.8
065,1971,1.2,5.06,4.91,3.8,1.86,5.83,48.0,56.6,73.1,70.4,68.5,67.5
065,1972,6.11,4.52,3.75,2.45,2.02,6.78,48.8,62.5,64.9,72.4,70.4,65.9
065,1973,3.8,2.6,7.99,4.34,3.38,1.3,48.6,56.8,71.4,73.6,71.8,67.1
065,1974,2.3,5.25,4.84,1.21,5.72,3.24,51.5,58.8,65.8,73.4,70.8,59.6
065,1975,4.8,3.12,3.81,1.72,4.69,2.44,45.3,64.2,70.2,72.3,74.4,60.2
065,1976,1.1,3.09,5.43,3.19,2.59,1.84,52.0,57.0,70.0,71.8,68.6,61.2
065,1977,3.85,2.28,2.62,2.77,6.85,2.54,54.3,67.3,68.4,76.4,71.0,66.8
065,1978,4.65,3.96,4.33,3.81,7.36,1.15,50.2,58.1,69.8,72.5,70.6,67.4
065,1979,3.39,2.71,4.71,10.6,8.04,1.59,48.0,58.6,68.9,70.8,70.2,63.8
065,1980,1.95,3.85,6.29,4.82,6.3,1.74,47.6,61.3,67.2,75.3,75.2,66.0
065,1981,5.52,7.78,2.86,6.68,3.22,2.32,54.1,57.0,71.0,72.9,70.1,62.4
065,1982,2.1,5.9,4.42,3.01,3.38,0.99,45.4,66.0,65.3,73.2,68.7,63.0
065,1983,4.25,5.57,3.19,3.02,2.33,1.04,46.2,56.9,70.0,76.4,75.6,65.1
065,1984,4.65,3.88,1.47,4.12,2.32,4.78,47.8,57.2,73.1,70.1,71.8,62.6
065,1985,2.08,5.14,4.03,4.12,4.02,1.57,55.8,62.2,67.2,71.9,69.6,65.0
065,1986,3.21,5.72,3.63,4.57,2.27,4.96,52.9,61.7,70.7,75.1,68.4,67.3
065,1987,2.61,3.32,4.32,7.0,2.09,0.63,50.5,65.8,72.0,74.2,71.9,66.0
065,1988,3.05,1.28,0.91,3.42,1.48,2.84,49.7,62.6,70.8,75.9,75.0,64.4
065,1989,5.58,6.75,3.17,4.73,4.32,7.25,49.0,57.1,69.7,74.2,70.2,61.8
065,1990,3.0,7.58,3.99,5.34,8.31,3.27,49.4,57.7,69.3,72.0,69.7,65.2
065,1991,3.49,4.79,2.02,3.78,3.79,2.15,53.8,67.7,72.9,74.5,72.2,64.5
065,1992,4.99,2.12,4.96,10.37,3.1,3.55,49.7,58.5,65.2,71.3,67.1,62.7
065,1993,4.66,4.02,6.23,4.99,3.57,5.63,48.8,61.5,67.8,74.8,72.4,60.9
065,1994,4.9,3.23,3.69,2.79,3.54,1.52,51.7,57.0,72.1,72.5,68.2,63.1
065,1995,4.4,7.47,3.81,2.67,2.83,1.51,49.6,58.9,70.4,73.6,76.9,62.3
065,1996,7.01,8.37,5.29,4.05,1.09,5.58,47.7,59.4,70.1,70.6,71.6,63.0
065,1997,2.09,5.2,5.49,3.32,3.84,2.81,46.2,55.4,68.4,72.6,68.6,63.3
065,1998,5.74,4.35,9.25,4.36,2.46,0.55,51.9,65.4,69.9,72.1,72.6,68.5
065,1999,4.39,2.69,3.35,3.01,1.69,1.38,53.3,62.9,71.4,76.4,70.0,64.6
065,2000,3.98,4.87,5.5,4.06,3.87,4.52,49.7,63.3,69.1,70.4,69.8,62.8
065,2001,3.28,5.85,4.31,7.17,3.62,4.32,55.4,63.0,68.5,72.7,72.8,62.7
065,2002,6.04,6.8,3.64,2.0,3.12,3.32,52.7,57.3,72.4,75.6,74.0,68.4
065,2003,1.7,6.03,2.89,9.08,4.96,8.07,52.1,59.9,66.2,71.2,72.1,62.1
065,2004,1.57,6.3,6.16,4.4,3.44,0.53,52.1,65.4,68.3,70.6,67.4,66.2
065,2005,4.22,3.16,3.53,4.45,5.27,4.59,52.9,57.5,72.4,74.1,73.9,68.1
065,2006,4.49,6.28,4.92,4.59,5.3,3.18,54.5,59.0,68.3,74.1,72.1,61.2
065,2007,4.96,1.29,2.83,2.12,4.54,2.95,48.8,65.5,71.1,70.1,75.5,67.7
065,2008,2.88,5.45,9.69,4.96,1.96,1.74,51.7,57.1,70.9,71.4,69.6,66.5
065,2009,6.07,5.08,5.25,3.31,4.08,2.25,50.4,60.9,70.4,67.8,69.3,64.2
065,2010,2.67,5.08,10.56,4.42,2.03,0.76,57.0,63.1,73.0,74.8,73.7,66.5
065,2011,9.53,7.55,3.41,2.2,3.59,6.02,52.4,61.6,71.3,78.0,71.6,62.6
065,2012,1.87,3.99,0.85,2.06,4.14,7.01,51.2,66.5,70.7,79.0,70.5,62.8
065,2013,5.64,3.2,3.86,2.39,1.74,3.09,50.7,64.2,69.8,71.2,70.3,66.1
065,2014,6.2,4.05,7.07,2.85,5.23,3.2,52.0,62.2,71.5,67.5,71.2,62.6
065,2015,4.76,4.24,8.92,5.26,2.51,1.97,52.2,64.7,69.8,71.4,68.8,67.5
065,2016,4.03,3.0,5.56,3.16,6.7,3.19,51.6,59.6,71.6,73.4,75.2,69.1
065,2017,3.63,7.79,5.68,8.46,1.84,1.6,56.9,60.0,69.5,72.8,69.1,65.9
065,2018,4.2,2.16,7.24,4.52,6.83,6.37,44.8,69.2,72.7,72.7,73.1,69.0
065,2019,5.92,5.15,5.39,4.3,3.08,0.89,51.7,61.7,69.2,75.8,71.5,70.4
065,2020,1.77,5.37,3.14,4.18,3.42,0.74,48.9,58.7,70.8,75.4,70.8,64.5
065,2021,3.41,3.44,4.61,6.12,2.93,5.32,51.4,58.3,72.0,72.5,74.5,67.2
065,2022,3.74,6.05,2.23,4.06,4.85,1.87,49.0,64.2,70.9,74.5,71.8,65.0
065,2023,3.16,3.12,2.25,5.07,3.09,1.25,51.9,60.0,67.6,73.0,70.4,65.9
065,2024,7.42,3.39,3.21,4.12,2.01,3.28,54.6,66.0,71.5,71.6,72.3,67.4
065,2025,7.43,3.54,5.54,4.57,1.2,1.96,52.0,59.8,72.7,76.6,70.1,66.6
065,2026,4.07,6.43,6.12,2.39,13.92,,58.5,58.5,69.3,74.1,71.6,
067,1895,1.62,1.41,1.92,1.65,2.16,2.71,51.9,63.1,72.9,72.0,73.0,68.3
067,1896,2.54,4.48,3.97,12.06,5.82,5.27,55.8,67.7,68.5,72.9,71.2,61.1
067,1897,3.81,3.79,4.05,2.08,2.46,0.33,47.6,56.9,69.0,76.4,69.4,67.1
067,1898,2.26,5.93,3.36,2.97,3.14,2.73,47.6,60.9,71.9,75.5,72.2,67.7
067,1899,1.15,3.4,2.24,3.19,2.27,1.89,53.5,63.1,72.8,74.4,74.4,63.6
067,1900,1.7,3.5,5.06,3.9,3.46,1.92,50.9,64.5,70.1,74.1,76.8,67.4
067,1901,2.35,4.41,4.57,0.41,3.16,1.15,47.0,59.0,72.4,80.2,73.1,64.0
067,1902,1.98,3.1,9.73,5.33,1.22,5.4,48.4,64.3,67.4,74.2,68.6,61.9
067,1903,4.67,3.47,3.94,2.16,4.22,1.5,50.2,64.4,64.6,73.6,70.2,64.8
067,1904,3.86,3.91,4.02,3.95,2.65,3.32,44.0,60.1,67.8,71.2,67.8,64.0
067,1905,3.74,5.11,4.13,2.5,5.92,3.8,48.3,61.1,69.9,72.5,72.3,64.9
067,1906,2.55,2.41,3.07,3.41,5.86,3.32,51.8,62.3,68.7,71.8,74.4,67.6
067,1907,2.1,3.07,5.57,5.05,4.21,2.66,41.0,54.1,66.0,72.7,69.0,62.5
067,1908,3.57,4.78,1.4,3.35,1.4,0.79,49.5,62.0,68.8,73.9,72.3,68.2
067,1909,5.69,4.21,5.34,5.28,5.3,3.35,47.2,58.6,70.7,71.0,72.7,61.6
067,1910,3.45,2.75,1.54,2.84,2.37,4.87,50.8,56.2,67.5,74.5,70.6,64.2
067,1911,4.29,2.3,3.87,2.11,3.77,5.06,47.5,66.4,71.9,73.5,70.8,66.8
067,1912,4.12,3.72,2.38,3.61,4.02,2.89,50.7,63.1,67.1,73.3,69.6,66.5
067,1913,2.63,3.99,1.92,3.89,3.08,1.93,49.2,60.8,70.8,75.0,73.4,63.8
067,1914,3.2,3.47,1.58,1.18,4.54,2.06,50.5,63.3,72.8,76.6,73.4,64.9
067,1915,1.72,4.76,3.55,6.31,6.61,3.38,55.3,57.7,66.9,71.1,65.6,65.7
067,1916,1.4,4.32,6.33,2.65,2.36,2.23,48.5,61.0,65.1,78.4,74.6,64.0
067,1917,4.07,5.37,4.44,3.4,1.98,1.33,47.7,53.8,66.7,72.5,70.5,62.9
067,1918,4.63,4.33,3.18,3.01,4.1,5.91,47.4,66.0,69.9,70.9,76.2,57.2
067,1919,3.15,4.67,3.43,4.24,1.96,3.85,49.1,57.5,74.4,76.7,70.5,67.3
067,1920,7.4,3.18,5.19,5.54,1.52,2.96,44.0,58.4,69.8,71.3,69.3,66.8
067,1921,4.08,1.68,3.26,1.42,5.73,6.56,53.6,63.8,74.8,79.7,70.9,69.6
067,1922,5.46,2.3,0.77,3.13,1.56,1.54,51.2,64.8,71.5,72.6,72.1,68.7
067,1923,1.89,6.41,2.2,4.17,4.27,3.51,48.0,57.7,71.4,73.2,70.5,64.6
067,1924,4.49,4.06,7.85,1.27,4.32,4.83,49.7,54.0,67.8,70.4,71.0,59.2
067,1925,2.23,0.83,3.8,5.13,2.45,6.49,54.3,57.0,73.0,72.6,71.8,70.7
067,1926,4.07,3.12,2.55,2.58,6.77,10.89,42.9,61.6,65.6,74.0,74.0,64.4
067,1927,6.1,7.07,3.75,3.4,2.28,3.66,48.9,59.3,65.3,73.0,65.2,69.1
067,1928,1.92,3.1,7.45,3.83,4.02,1.1,45.4,59.5,64.0,73.4,72.7,60.7
067,1929,5.29,7.23,4.08,4.77,1.9,1.66,52.4,57.1,67.2,73.8,69.4,63.9
067,1930,3.26,2.24,2.42,3.17,2.11,3.27,51.0,61.8,69.6,75.1,71.8,65.9
067,1931,2.62,2.35,3.99,2.44,5.07,4.31,49.8,57.4,72.8,77.4,72.5,69.9
067,1932,4.21,1.43,3.13,2.83,2.41,5.37,49.5,61.2,71.5,75.4,72.3,63.3
067,1933,3.56,9.2,1.59,1.76,3.58,6.54,49.1,63.2,76.4,76.0,70.6,69.7
067,1934,1.43,0.57,2.47,3.21,5.86,5.26,49.5,65.1,76.6,79.2,71.6,65.1
067,1935,2.42,5.72,4.61,3.16,2.3,3.02,46.3,55.0,67.1,76.6,73.6,64.6
067,1936,2.45,3.25,1.66,0.35,5.29,6.13,45.0,63.8,69.9,80.0,76.9,68.1
067,1937,6.13,3.5,4.99,3.61,3.79,3.67,48.2,60.9,68.7,73.6,74.4,62.5
067,1938,3.1,4.64,6.04,3.31,2.68,2.76,51.7,60.9,68.8,74.5,74.9,66.1
067,1939,5.45,2.25,4.52,3.94,1.34,0.65,45.8,63.8,72.4,73.3,71.5,70.2
067,1940,3.84,3.51,2.96,0.98,2.29,1.02,45.8,56.8,71.2,74.9,73.8,63.0
067,1941,2.22,2.66,5.23,1.86,1.6,1.06,54.7,63.6,70.0,74.6,72.6,68.8
067,1942,3.0,3.75,4.23,5.94,3.55,3.01,54.1,61.8,70.5,74.9,70.6,62.9
067,1943,2.95,11.92,3.52,5.28,3.07,3.66,46.4,60.3,74.2,74.5,72.7,60.8
067,1944,6.59,5.36,1.0,0.91,2.27,1.9,47.5,66.5,74.5,75.2,74.0,65.6
067,1945,3.13,5.61,5.16,3.09,3.69,6.77,51.4,55.1,67.2,71.6,71.2,65.7
067,1946,1.47,5.73,4.26,2.08,2.17,1.07,51.1,57.7,69.2,73.6,67.6,65.3
067,1947,6.56,4.59,5.08,2.33,3.25,4.36,48.6,56.8,66.9,70.2,78.4,65.5
067,1948,4.07,4.32,5.34,3.44,2.28,2.79,53.5,58.8,70.2,74.4,72.3,66.4
067,1949,2.35,2.64,3.96,5.58,1.86,1.48,48.3,62.3,73.2,77.4,72.3,59.0
067,1950,4.61,1.96,4.4,3.03,1.72,7.91,43.8,62.4,68.4,71.0,69.8,63.1
067,1951,3.31,3.7,2.67,4.13,1.32,2.26,46.7,62.6,68.5,72.7,69.7,62.1
067,1952,4.89,6.82,4.06,2.39,4.06,5.22,50.1,59.1,75.0,76.2,70.1,63.6
067,1953,2.89,3.81,2.57,4.95,3.11,1.61,45.7,63.0,74.3,74.8,72.4,65.4
067,1954,3.16,3.35,3.44,3.22,3.88,0.9,55.1,55.8,73.7,75.0,72.1,68.0
067,1955,3.78,3.41,2.76,6.01,1.93,3.94,56.3,62.6,66.5,78.3,75.0,66.8
067,1956,2.17,6.43,3.06,2.73,3.58,0.6,47.3,60.3,71.3,72.1,72.0,63.4
067,1957,7.33,5.07,6.96,5.47,3.24,3.16,50.9,60.5,70.6,74.0,71.9,63.2
067,1958,1.64,2.93,11.99,6.34,4.38,2.17,50.7,59.3,65.0,72.5,70.6,64.0
067,1959,6.63,2.9,1.66,3.04,3.29,3.42,50.0,64.8,71.0,73.2,76.5,67.2
067,1960,2.35,4.29,3.07,4.51,4.83,1.32,52.9,58.0,67.5,70.6,72.6,68.2
067,1961,5.07,2.51,3.39,4.9,2.98,3.8,44.0,55.1,67.6,72.1,70.5,68.9
067,1962,1.25,4.45,3.19,7.1,3.39,1.51,48.9,66.3,69.9,70.9,71.2,61.6
067,1963,4.19,3.45,2.58,5.3,2.35,0.34,51.0,58.0,70.1,71.4,66.7,63.0
067,1964,7.69,1.83,4.36,5.18,1.47,1.38,51.4,64.3,71.0,73.1,69.4,64.5
067,1965,5.71,3.7,2.85,3.88,3.72,5.08,50.1,67.1,69.3,70.4,68.7,65.8
067,1966,2.83,3.24,1.99,2.18,2.08,4.1,47.1,54.7,71.2,76.1,70.1,61.6
067,1967,4.02,3.92,1.94,1.59,1.68,1.81,51.3,55.7,71.7,70.4,67.7,61.8
067,1968,2.36,5.41,3.84,2.61,4.22,2.55,51.2,56.4,70.8,72.9,72.2,64.0
067,1969,4.07,2.23,4.0,5.63,3.09,5.65,51.3,60.4,66.8,73.9,71.4,64.0
067,1970,5.49,4.32,1.95,6.5,2.63,4.51,51.4,63.5,69.5,72.7,71.4,66.7
067,1971,1.24,4.55,2.75,5.01,1.76,5.95,48.4,56.8,74.1,70.4,68.4,67.5
067,1972,7.16,2.61,3.66,4.31,2.44,8.36,47.9,62.9,65.6,72.2,70.5,65.7
067,1973,3.49,2.78,6.26,4.92,5.72,1.96,49.4,57.3,72.1,73.9,72.3,66.8
067,1974,3.6,5.69,4.36,1.1,5.04,2.42,51.3,58.7,66.5,75.0,71.1,60.0
067,1975,3.53,4.14,5.85,1.49,6.71,1.7,45.0,64.3,70.7,72.0,74.0,60.2
067,1976,1.49,1.91,5.92,4.02,1.5,1.62,52.4,58.3,70.8,72.7,68.4,62.0
067,1977,2.61,2.45,1.67,3.42,8.64,3.91,54.7,68.1,68.1,76.8,70.6,66.9
067,1978,4.21,3.49,3.54,4.45,4.61,0.56,49.7,58.4,70.2,72.7,70.8,68.3
067,1979,3.21,2.09,3.15,7.74,4.3,0.29,47.0,58.9,70.4,71.4,70.2,63.9
067,1980,2.61,2.89,8.42,3.18,6.23,2.68,47.4,61.5,67.1,76.4,75.2,65.8
067,1981,4.99,5.89,3.98,4.42,4.02,4.4,53.9,57.3,71.5,73.5,70.9,63.2
067,1982,3.38,4.54,4.24,2.91,4.05,0.91,44.3,66.4,65.5,73.6,69.1,63.5
067,1983,4.65,5.17,3.87,1.63,1.72,1.62,46.0,56.5,70.7,77.4,76.5,65.8
067,1984,3.99,4.53,1.82,3.02,2.66,3.41,47.3,56.7,73.2,70.0,71.9,62.4
067,1985,2.39,2.85,3.24,3.0,5.79,1.87,55.6,63.1,67.5,72.1,69.7,66.4
067,1986,2.29,6.15,4.52,5.79,2.05,3.98,52.8,61.7,70.9,76.3,68.3,67.6
067,1987,2.15,3.09,3.43,3.99,6.18,1.39,50.7,66.0,73.0,75.4,72.3,66.3
067,1988,3.94,0.63,0.52,4.01,2.14,2.91,48.7,62.7,72.0,76.6,76.1,64.8
067,1989,4.02,6.23,3.5,5.16,4.5,7.29,48.5,57.0,70.1,74.5,70.5,61.8
067,1990,2.48,6.56,5.0,3.61,6.71,1.81,49.0,57.4,69.6,72.1,69.2,64.9
067,1991,3.73,5.39,1.44,2.63,2.87,1.78,53.6,67.5,73.5,74.8,72.5,64.5
067,1992,4.14,2.4,2.98,10.66,2.69,6.29,48.6,58.9,65.4,71.0,66.6,62.8
067,1993,5.06,3.61,4.38,6.16,3.88,5.63,48.4,61.9,68.1,74.6,72.7,59.9
067,1994,5.56,3.21,5.02,3.77,5.29,1.54,50.9,57.4,71.8,72.2,67.8,63.5
067,1995,3.97,5.69,4.81,2.68,1.89,0.85,48.1,58.3,70.9,74.1,77.6,62.1
067,1996,4.32,5.96,3.37,7.29,1.33,3.69,47.0,58.2,70.1,70.1,71.5,62.8
067,1997,1.11,4.37,4.16,3.7,3.09,2.9,45.4,54.8,68.7,72.3,68.0,63.7
067,1998,4.29,3.75,10.03,7.36,5.0,1.47,52.0,65.7,70.2,72.2,72.8,68.3
067,1999,4.86,3.09,3.17,2.03,2.8,1.69,52.8,63.0,71.2,77.3,69.7,64.7
067,2000,1.56,5.69,5.96,2.97,2.53,4.59,49.9,63.4,69.2,70.7,71.0,63.4
067,2001,4.04,4.11,3.58,5.71,4.14,3.58,55.1,63.2,68.6,72.4,72.4,62.2
067,2002,5.07,4.08,2.96,3.04,4.11,2.77,51.7,57.1,72.1,76.3,73.6,67.7
067,2003,2.11,6.46,3.08,13.96,3.83,8.11,51.9,59.2,67.1,72.0,73.1,62.6
067,2004,1.19,5.67,7.08,5.59,5.55,2.14,52.8,65.1,68.6,71.2,67.5,66.8
067,2005,3.26,1.3,4.02,4.78,2.89,5.84,53.2,58.7,73.0,73.9,73.6,68.4
067,2006,4.36,5.23,4.54,4.21,5.03,3.58,54.3,58.8,68.9,74.7,72.2,62.0
067,2007,3.65,1.71,3.77,2.48,5.22,2.77,47.9,65.6,71.2,70.6,74.8,67.7
067,2008,2.58,6.62,6.87,3.42,2.76,2.44,51.4,56.5,71.2,72.3,70.0,66.3
067,2009,6.49,4.48,4.06,2.34,3.08,1.04,50.5,61.0,71.0,68.3,70.0,64.5
067,2010,2.51,4.8,10.53,3.53,3.46,1.16,56.4,63.3,72.6,75.0,74.3,66.4
067,2011,7.54,6.26,5.95,2.21,3.78,5.72,50.9,61.7,71.7,77.9,71.9,62.4
067,2012,1.29,2.48,1.68,3.31,4.51,4.71,51.5,66.5,70.9,78.6,70.6,63.2
067,2013,9.86,3.7,6.0,2.06,1.99,3.57,49.2,64.3,70.4,71.6,70.5,65.7
067,2014,4.14,3.9,4.31,2.4,6.15,4.59,50.7,61.4,72.1,67.9,71.4,62.8
067,2015,4.23,5.78,11.14,3.8,3.25,1.99,51.0,64.0,69.6,71.5,70.1,68.6
067,2016,3.28,3.05,5.09,3.22,4.91,3.69,50.2,59.5,71.4,73.1,74.9,69.0
067,2017,4.73,8.05,6.44,7.06,2.58,1.73,55.4,59.1,70.8,73.1,68.8,66.4
067,2018,2.95,1.79,6.72,3.65,9.14,5.59,43.1,68.9,72.8,73.0,73.3,68.5
067,2019,5.68,6.99,4.18,2.7,2.6,1.98,49.9,60.3,69.3,76.1,70.8,69.0
067,2020,2.26,5.2,3.31,3.45,2.6,2.32,47.4,58.3,70.7,75.4,70.9,64.2
067,2021,3.47,4.32,4.65,4.44,2.65,3.48,50.9,58.3,71.9,72.5,73.9,67.4
067,2022,2.47,4.88,1.5,3.98,3.13,1.89,47.7,63.2,71.7,73.8,71.9,65.2
067,2023,2.46,1.78,2.25,3.98,3.86,1.39,52.0,60.4,68.3,72.9,70.4,65.5
067,2024,7.9,4.63,3.94,4.75,3.59,2.19,52.5,66.2,71.8,71.5,71.7,67.1
067,2025,4.08,3.64,7.99,4.71,1.14,1.32,51.3,60.1,72.4,76.6,70.0,66.6
067,2026,5.48,3.46,5.43,3.42,9.22,,56.1,58.9,69.6,74.1,71.5,
069,1895,1.03,1.72,1.88,1.64,2.59,1.87,51.4,62.1,72.4,72.0,73.3,68.0
069,1896,2.6,5.64,3.96,12.11,7.16,5.12,56.0,67.5,69.2,72.9,71.0,60.6
069,1897,3.41,3.5,4.6,2.38,3.76,0.84,46.9,56.6,68.5,76.3,68.6,66.6
069,1898,2.43,6.13,3.28,4.02,2.11,3.77,46.8,60.2,71.0,75.8,72.4,67.4
069,1899,0.81,3.44,2.58,3.94,1.99,2.68,52.8,62.5,72.4,73.4,74.9,63.5
069,1900,1.86,4.84,7.19,3.78,3.71,1.94,49.7,63.5,68.8,73.8,76.7,67.0
069,1901,2.39,5.24,3.51,0.93,2.74,1.59,46.7,59.1,73.2,79.6,73.0,63.6
069,1902,1.49,3.49,8.88,4.13,1.84,7.62,48.7,63.1,66.8,73.8,68.1,61.4
069,1903,4.84,3.42,4.61,3.35,3.27,1.49,50.0,64.1,64.4,72.7,69.7,64.0
069,1904,4.16,3.31,2.52,5.95,3.07,3.57,43.2,59.6,67.2,71.3,67.3,63.9
069,1905,3.99,5.59,6.05,2.89,4.13,4.07,47.9,60.6,69.2,72.6,71.7,64.4
069,1906,2.54,2.3,3.41,2.67,7.0,2.79,51.1,62.6,69.3,72.1,74.5,68.0
069,1907,2.17,2.72,5.52,6.23,3.11,3.17,40.8,53.7,66.2,72.8,69.1,62.9
069,1908,2.74,4.66,1.76,3.25,1.68,0.95,49.9,61.7,69.2,73.8,71.5,68.3
069,1909,5.24,3.78,6.1,3.73,3.97,3.05,46.6,57.7,70.1,70.8,72.4,60.9
069,1910,3.27,2.68,0.96,3.27,3.39,5.66,50.4,55.1,66.8,74.3,70.4,63.6
069,1911,4.18,2.62,4.49,1.75,4.49,4.79,46.7,66.0,71.1,73.5,70.6,66.2
069,1912,4.1,4.06,3.42,4.21,4.24,3.46,49.8,62.5,67.1,73.3,69.4,65.4
069,1913,2.7,3.86,1.26,6.8,3.94,2.2,48.3,59.7,70.2,74.8,72.8,63.1
069,1914,2.83,4.39,3.05,2.67,4.45,2.34,48.1,62.5,71.4,75.2,72.6,63.5
069,1915,1.72,5.36,3.43,8.91,4.81,4.32,54.4,56.0,65.6,70.6,65.6,65.8
069,1916,2.39,4.18,6.22,1.62,2.38,2.59,47.3,60.7,64.6,78.3,74.4,63.0
069,1917,3.19,4.38,5.12,2.54,1.68,1.02,47.0,53.0,65.8,71.8,70.3,61.3
069,1918,2.75,3.71,2.92,2.69,1.9,5.24,46.7,66.0,69.4,70.6,76.5,56.6
069,1919,2.57,4.34,3.15,2.25,1.76,3.22,48.2,57.0,74.0,76.0,70.7,67.9
069,1920,5.53,2.54,3.33,5.89,2.25,2.61,44.5,57.8,69.9,70.4,69.0,66.6
069,1921,3.31,2.27,2.74,1.5,4.44,2.92,53.1,63.5,75.1,80.4,71.6,69.3
069,1922,4.55,3.45,2.22,3.63,1.37,1.73,49.9,64.2,70.8,72.2,72.0,68.7
069,1923,1.79,5.45,2.77,5.8,5.29,3.56,45.9,56.7,71.9,73.2,69.8,64.9
069,1924,4.11,4.28,7.8,1.0,2.96,3.77,47.9,52.7,66.8,70.7,71.6,59.0
069,1925,2.22,0.52,2.67,3.81,2.0,4.74,53.4,55.8,73.0,72.0,71.1,70.3
069,1926,3.85,3.1,2.56,4.15,5.5,9.74,42.6,60.5,64.8,73.0,73.8,64.5
069,1927,5.73,6.09,3.42,3.13,2.15,4.18,48.3,59.1,64.5,72.6,64.9,68.0
069,1928,1.93,2.36,4.92,5.01,3.0,0.82,44.7,58.8,63.8,72.6,72.9,60.6
069,1929,5.43,6.32,3.0,4.3,5.22,1.77,51.7,57.4,66.5,73.5,68.9,63.4
069,1930,3.46,2.0,2.7,2.83,2.55,2.47,49.7,61.0,68.7,74.7,71.2,65.4
069,1931,2.59,2.28,4.96,3.11,4.32,4.4,49.2,57.4,72.2,77.1,72.3,69.4
069,1932,3.45,1.93,4.03,2.79,1.74,5.04,47.9,60.0,70.9,73.7,71.9,62.9
069,1933,3.09,6.49,1.53,1.86,3.52,5.56,48.7,62.7,76.2,75.8,70.7,69.1
069,1934,1.32,0.86,2.43,2.36,4.7,4.48,48.4,64.4,76.4,79.6,71.7,64.7
069,1935,2.75,5.31,4.28,2.75,2.78,2.27,45.5,54.3,66.7,76.4,73.0,63.7
069,1936,1.83,2.37,2.81,1.35,4.11,4.65,44.6,63.3,69.0,79.4,76.4,67.6
069,1937,5.45,4.05,5.58,4.33,4.46,2.86,48.0,59.8,68.5,73.2,74.0,62.3
069,1938,3.02,5.02,6.19,4.55,3.53,3.14,50.8,60.1,68.1,73.6,74.0,65.0
069,1939,4.77,1.11,3.98,4.16,2.6,0.64,45.0,63.4,72.3,73.3,71.6,69.0
069,1940,4.27,3.99,3.26,2.18,1.72,0.7,44.9,56.5,70.7,74.1,73.0,62.6
069,1941,2.4,2.77,5.09,2.12,1.94,1.23,54.0,62.5,70.0,74.2,72.2,68.8
069,1942,2.93,3.01,4.1,7.0,3.21,3.07,53.2,61.3,70.2,73.9,70.1,61.8
069,1943,2.91,9.91,2.21,5.7,4.39,3.83,45.5,59.7,74.2,74.2,71.9,60.3
069,1944,6.95,6.41,1.54,1.53,2.63,1.61,46.0,65.4,73.7,74.5,73.8,65.3
069,1945,3.05,4.93,4.65,4.96,3.95,4.77,51.0,54.2,66.9,71.6,70.7,65.6
069,1946,0.96,5.34,3.94,2.74,1.49,1.6,50.1,57.7,68.8,73.6,68.0,65.4
069,1947,5.45,4.26,4.59,2.6,3.0,4.45,47.7,56.4,66.8,70.6,78.6,65.4
069,1948,2.94,4.24,4.8,3.59,2.05,3.57,52.8,58.8,69.6,73.9,71.8,66.6
069,1949,2.21,4.44,6.14,4.35,2.3,3.0,47.6,61.8,72.9,76.9,72.5,58.6
069,1950,5.74,1.8,5.03,3.46,3.6,4.35,42.7,61.6,68.2,70.8,69.7,62.7
069,1951,3.44,3.69,4.83,4.05,2.64,1.66,46.4,61.6,68.6,72.5,69.8,61.7
069,1952,4.15,5.86,3.39,2.32,3.88,4.04,49.5,58.2,74.7,76.2,70.7,63.2
069,1953,3.21,3.06,2.27,4.0,2.36,1.95,45.2,62.5,73.5,74.8,73.3,64.8
069,1954,3.05,3.03,3.87,4.79,5.91,1.7,53.8,55.1,72.8,73.7,71.6,66.2
069,1955,2.81,2.37,2.64,6.7,3.67,2.37,55.6,61.9,66.7,78.1,75.2,66.2
069,1956,2.14,5.27,3.62,3.66,2.69,0.9,47.0,60.0,70.9,72.2,71.6,62.0
069,1957,7.7,4.0,6.91,3.97,2.87,3.46,49.6,59.6,70.0,73.2,70.8,62.7
069,1958,2.03,2.35,9.6,6.24,3.88,3.23,50.4,58.7,64.4,72.3,70.2,63.4
069,1959,6.98,4.32,5.09,2.69,2.44,3.95,49.8,64.2,70.5,72.7,76.3,67.0
069,1960,1.99,4.36,4.18,3.25,3.4,2.21,52.3,57.6,67.0,70.5,72.2,67.4
069,1961,5.47,2.32,3.91,5.33,2.66,3.97,43.7,55.5,67.5,72.2,70.8,68.5
069,1962,1.24,4.63,2.48,4.55,1.96,1.71,48.5,66.2,70.0,70.6,71.3,61.6
069,1963,3.98,2.85,2.85,5.07,1.7,0.6,50.1,57.4,69.8,72.2,67.5,63.0
069,1964,6.24,2.55,4.18,4.66,1.84,1.89,50.3,63.7,70.5,73.2,69.4,64.3
069,1965,4.67,2.26,2.29,3.28,3.61,3.97,48.4,65.8,69.0,70.3,68.8,66.1
069,1966,2.53,3.52,2.08,3.52,2.43,3.07,46.5,54.4,70.3,75.0,69.8,61.8
069,1967,3.73,4.16,2.76,2.19,1.97,1.49,51.3,55.1,71.3,70.7,67.9,61.6
069,1968,2.73,6.57,4.52,3.18,5.38,2.37,51.1,56.2,70.4,73.0,72.3,64.0
069,1969,4.0,3.13,6.35,5.5,1.07,4.7,51.0,60.2,66.1,73.8,71.7,64.2
069,1970,5.51,4.29,2.5,5.27,2.26,4.71,50.4,63.6,69.5,73.2,71.6,66.8
069,1971,1.16,4.63,4.17,3.69,2.84,6.0,47.9,57.0,73.7,70.8,69.1,67.3
069,1972,6.6,3.52,2.93,3.93,2.39,7.83,47.9,62.0,65.7,72.4,70.9,65.0
069,1973,3.11,3.01,5.05,4.51,4.71,1.21,49.6,56.6,72.0,73.6,72.1,66.4
069,1974,2.8,5.63,3.01,0.77,3.74,3.41,51.6,58.1,67.1,74.8,71.5,60.3
069,1975,3.17,3.58,6.53,0.82,7.5,2.81,44.5,64.2,70.5,72.4,73.3,59.8
069,1976,2.09,2.2,4.59,4.18,1.23,2.17,52.2,57.9,70.7,72.5,68.6,62.1
069,1977,3.22,1.46,3.38,5.17,6.82,5.13,55.4,67.5,68.0,76.0,70.4,66.0
069,1978,4.68,3.24,2.58,2.74,3.79,2.05,49.5,59.1,69.6,72.4,71.2,68.8
069,1979,2.81,2.46,3.43,4.65,4.27,0.46,47.0,59.4,69.8,71.8,70.0,64.1
069,1980,2.8,3.29,4.57,5.39,5.1,2.71,47.4,61.1,67.6,76.3,74.9,66.3
069,1981,5.05,5.16,7.28,3.5,2.43,3.28,52.7,57.5,71.1,73.7,70.9,63.6
069,1982,3.07,4.31,4.38,2.23,3.82,1.53,44.7,66.3,65.7,73.8,69.2,63.4
069,1983,5.17,4.83,3.0,2.08,1.43,1.87,46.0,57.0,70.3,77.2,76.5,65.7
069,1984,3.48,4.96,2.1,3.58,1.53,3.06,47.3,56.6,73.1,70.5,72.8,62.8
069,1985,1.87,2.44,3.96,2.23,6.35,2.94,55.4,63.4,67.2,73.1,70.0,65.7
069,1986,2.19,4.8,5.8,6.55,3.11,4.49,52.4,61.4,69.9,75.4,68.3,67.4
069,1987,2.54,4.51,4.64,3.56,6.27,1.55,50.9,64.4,72.7,75.3,72.0,66.0
069,1988,3.23,0.74,0.65,3.49,3.27,2.76,48.7,62.9,71.9,76.5,75.3,64.1
069,1989,3.43,5.73,3.89,4.14,3.29,4.56,47.2,57.0,69.3,74.2,70.2,61.7
069,1990,2.19,5.77,3.56,4.07,7.49,1.97,49.6,57.6,69.4,72.0,69.7,65.0
069,1991,3.99,6.44,1.34,3.42,3.32,1.84,53.3,67.0,73.5,74.7,72.1,63.4
069,1992,4.45,3.03,2.56,7.96,2.42,6.12,48.0,58.7,65.0,71.2,66.9,62.7
069,1993,4.74,3.17,6.12,5.34,2.78,5.6,48.2,61.6,67.7,75.2,72.7,60.6
069,1994,5.5,2.19,4.26,3.65,3.18,1.52,51.6,57.4,72.0,72.8,68.1,64.4
069,1995,4.46,4.09,6.23,2.04,2.55,0.46,48.0,58.5,71.0,74.5,77.7,62.6
069,1996,3.81,5.77,5.02,6.9,1.22,3.75,47.2,57.9,70.5,70.5,72.2,63.8
069,1997,1.26,5.79,5.19,4.67,3.53,3.69,45.5,54.5,69.1,72.5,68.6,63.9
069,1998,5.67,2.97,6.02,7.56,4.74,1.58,51.8,66.1,70.5,72.6,72.8,68.3
069,1999,5.23,3.68,2.17,1.47,4.35,1.8,51.8,62.4,71.5,78.3,69.7,64.4
069,2000,2.16,4.7,7.82,3.3,3.51,4.19,49.5,63.0,69.1,70.9,70.9,63.6
069,2001,3.46,4.23,4.52,5.58,5.02,3.83,54.6,62.9,68.4,72.8,73.0,62.8
069,2002,3.81,4.84,2.33,2.64,3.07,2.97,51.9,57.1,71.7,76.5,73.8,68.2
069,2003,2.74,8.11,3.82,10.96,5.75,7.4,51.2,59.1,66.9,72.3,73.1,62.6
069,2004,1.21,6.59,6.4,4.78,6.0,1.11,52.5,63.9,68.4,71.4,67.5,66.7
069,2005,2.39,1.55,2.87,4.56,2.6,4.06,52.5,57.4,72.7,74.7,73.7,68.4
069,2006,4.78,6.12,3.94,4.12,3.64,2.94,54.3,59.0,68.9,74.8,72.2,61.7
069,2007,3.49,1.13,2.69,2.61,8.36,3.22,47.5,65.0,71.6,71.3,74.4,67.0
069,2008,2.79,5.23,5.26,2.96,1.87,2.37,51.5,56.7,71.1,72.4,70.3,67.2
069,2009,6.09,3.05,3.17,3.27,3.94,1.21,49.6,60.2,70.0,68.5,69.9,64.5
069,2010,3.21,5.34,6.47,4.54,3.18,1.24,55.6,63.7,73.2,75.8,74.1,65.8
069,2011,6.41,7.85,3.63,0.99,4.05,5.46,50.2,61.8,71.3,78.6,72.0,62.2
069,2012,0.88,1.45,1.5,3.5,4.74,3.35,50.9,66.2,70.8,78.5,69.8,62.9
069,2013,8.57,2.52,5.94,3.32,2.9,2.4,48.2,63.8,69.7,71.6,69.7,64.4
069,2014,4.75,3.86,5.13,2.02,6.08,4.84,49.7,61.0,71.2,68.0,70.9,62.7
069,2015,3.32,4.5,12.52,6.3,2.67,2.96,50.3,63.4,68.8,70.8,69.4,67.8
069,2016,3.62,3.57,6.2,2.69,5.86,4.05,49.6,59.2,70.5,73.5,74.7,68.6
069,2017,4.51,8.85,5.15,6.41,2.18,1.73,54.6,58.7,70.3,72.4,68.1,65.8
069,2018,2.4,2.51,6.02,4.07,7.49,2.43,42.7,67.2,71.8,72.7,72.7,68.4
069,2019,5.35,6.34,3.2,4.35,3.77,3.15,50.0,60.4,69.4,76.3,70.9,68.8
069,2020,2.63,4.14,2.72,3.8,2.49,2.84,46.9,58.6,71.0,76.0,71.3,63.9
069,2021,2.41,4.63,4.52,4.62,3.8,4.56,51.0,58.6,72.2,72.6,73.8,67.4
069,2022,2.2,4.66,2.44,6.7,2.92,1.99,46.8,63.9,71.0,73.7,71.8,65.4
069,2023,2.24,3.4,2.6,4.41,3.97,1.55,51.3,60.3,68.1,73.3,70.2,65.8
069,2024,7.6,4.57,3.85,4.42,2.06,1.86,52.9,65.8,72.3,72.3,72.3,68.1
069,2025,3.78,3.58,5.51,4.3,1.24,1.01,51.4,59.6,72.4,76.4,70.2,66.8
069,2026,6.37,3.24,4.53,3.19,11.14,,57.4,58.4,69.1,74.6,71.6,
071,1895,2.15,2.31,4.81,3.54,1.83,1.61,54.9,63.8,75.9,74.3,76.3,71.0
071,1896,0.39,4.26,5.29,5.36,4.19,4.82,59.9,69.6,72.1,76.2,74.4,65.1
071,1897,4.36,2.12,4.58,5.12,0.73,0.65,51.4,58.5,70.8,77.0,72.5,69.8
071,1898,1.79,3.96,3.8,2.48,3.98,5.82,49.9,63.9,74.1,77.2,74.7,70.3
071,1899,2.53,3.68,3.94,3.09,3.35,1.06,54.4,65.0,74.6,75.8,76.3,67.0
071,1900,1.74,4.14,4.85,4.1,2.84,0.91,52.8,65.1,72.5,76.4,79.8,72.0
071,1901,2.98,1.85,4.95,0.88,2.61,2.1,48.7,61.6,74.2,81.9,75.2,66.8
071,1902,2.6,6.51,5.41,3.19,2.8,4.16,51.3,67.5,71.2,76.4,72.4,64.7
071,1903,4.06,2.32,4.66,2.26,3.62,1.17,52.8,66.2,67.1,76.2,73.2,67.4
071,1904,2.17,2.58,3.88,1.92,1.3,3.42,48.1,62.7,70.7,73.7,72.9,68.4
071,1905,3.35,5.38,3.0,3.96,5.75,2.56,52.7,64.7,72.2,74.2,74.4,68.2
071,1906,1.87,2.1,2.57,2.19,4.02,5.72,54.7,63.1,72.0,74.8,75.8,70.7
071,1907,2.84,3.37,4.99,4.53,3.95,2.92,44.2,57.8,68.4,75.7,72.5,66.5
071,1908,5.05,6.3,1.94,2.0,1.56,0.82,53.9,65.2,71.7,76.4,74.8,70.6
071,1909,5.37,5.44,4.0,6.64,1.54,2.11,51.8,60.9,73.8,73.4,75.6,65.0
071,1910,3.9,4.33,2.68,7.54,1.73,3.3,53.4,58.0,69.1,75.2,71.5,68.4
071,1911,6.58,3.57,3.49,1.93,2.67,7.64,50.7,67.7,73.6,75.3,75.2,71.2
071,1912,6.21,4.71,2.49,4.09,5.81,3.27,55.5,65.2,68.8,76.2,72.8,68.9
071,1913,4.21,1.55,2.32,1.61,3.39,2.7,51.8,64.0,74.0,79.7,77.4,67.4
071,1914,3.64,1.51,1.91,2.62,6.07,2.13,52.8,64.3,76.3,78.2,74.8,66.8
071,1915,1.35,6.54,4.33,5.63,6.96,3.06,57.5,61.3,70.0,74.3,69.0,68.8
071,1916,3.66,3.6,7.04,4.35,4.03,3.06,51.0,65.1,68.2,79.1,76.6,65.8
071,1917,4.7,6.29,5.07,3.18,2.07,1.3,50.9,56.4,69.1,74.2,72.6,66.0
071,1918,3.84,5.75,3.19,3.13,4.2,3.41,50.3,67.7,71.6,72.6,78.8,59.5
071,1919,2.96,4.15,4.29,1.48,2.92,2.05,53.1,60.2,75.4,77.7,72.5,69.5
071,1920,6.04,4.0,2.56,2.3,4.53,3.66,48.6,61.1,70.9,73.7,71.5,68.8
071,1921,4.65,2.55,4.71,1.86,5.01,6.39,55.9,64.0,76.6,79.9,73.8,72.0
071,1922,5.07,3.85,1.88,3.0,2.29,1.74,55.6,65.9,73.6,75.1,74.2,71.1
071,1923,3.17,4.25,4.7,3.79,4.92,3.29,50.8,61.5,71.9,75.7,73.9,68.1
071,1924,4.65,4.54,4.76,1.43,4.21,3.76,53.9,57.0,72.2,72.3,73.9,63.2
071,1925,2.16,1.36,4.34,3.17,3.87,4.91,58.8,58.6,74.9,75.0,74.1,74.1
071,1926,4.04,1.8,2.44,3.23,4.92,6.45,47.2,64.1,68.6,76.5,76.0,70.0
071,1927,5.48,8.82,4.0,2.44,3.11,5.31,54.3,62.3,67.8,74.4,67.9,71.0
071,1928,4.12,2.6,6.02,2.66,4.42,0.83,48.9,61.3,66.8,74.5,74.5,62.9
071,1929,4.51,8.84,4.18,4.16,2.06,4.16,56.4,60.9,69.8,75.1,71.7,66.7
071,1930,2.19,1.12,1.8,0.62,2.54,3.64,55.6,64.0,71.4,78.7,75.0,69.2
071,1931,3.84,2.23,2.49,4.95,4.23,6.69,53.3,59.8,74.0,78.1,73.4,72.0
071,1932,3.35,1.12,5.08,3.41,4.41,6.98,52.2,62.6,72.8,76.8,73.9,66.7
071,1933,5.84,9.0,0.47,1.51,2.71,4.56,52.0,65.8,76.6,76.6,73.2,73.4
071,1934,0.91,0.9,6.09,2.38,4.64,4.9,53.3,66.0,77.1,80.6,74.4,66.9
071,1935,2.28,7.15,3.77,3.01,3.52,2.04,50.8,59.5,67.8,78.0,75.5,66.2
071,1936,3.26,1.27,0.95,2.91,1.61,3.55,48.9,65.2,72.7,81.8,80.6,72.4
071,1937,4.5,3.87,3.14,2.35,4.69,3.68,52.2,63.3,72.8,74.9,76.4,64.7
071,1938,1.68,5.67,3.4,5.19,3.57,1.59,55.9,63.4,70.4,76.5,76.3,69.5
071,1939,6.68,1.57,6.63,3.73,1.85,0.87,50.0,65.3,74.0,75.5,74.2,73.0
071,1940,8.04,3.5,3.61,1.27,2.24,1.64,50.3,59.6,72.1,75.2,75.9,65.0
071,1941,2.53,1.31,7.11,2.4,2.27,2.55,57.2,66.2,73.1,77.2,75.7,71.0
071,1942,3.23,4.7,6.81,3.25,3.56,1.93,56.4,64.2,73.4,76.8,74.2,67.0
071,1943,3.03,5.86,3.06,4.32,0.75,2.93,51.6,64.9,76.9,77.6,76.9,64.2
071,1944,6.04,3.6,1.06,2.14,5.81,3.74,53.1,69.4,76.7,76.9,75.4,66.8
071,1945,4.74,4.25,7.95,3.22,2.16,6.53,54.6,59.3,70.0,73.4,73.2,69.7
071,1946,1.97,5.82,3.02,4.26,4.59,0.62,55.2,60.7,72.1,74.5,68.7,66.1
071,1947,8.37,6.62,5.54,4.45,3.45,2.93,53.8,60.2,69.9,70.6,79.3,67.8
071,1948,4.42,3.24,3.54,5.57,2.36,2.38,56.8,62.4,72.7,75.3,73.5,68.1
071,1949,1.18,2.31,5.57,1.92,4.42,3.35,51.5,64.8,74.2,79.7,75.0,61.8
071,1950,5.08,4.28,5.14,2.68,3.96,5.27,48.3,64.6,70.7,72.5,70.8,65.1
071,1951,3.42,2.96,5.1,2.3,1.79,2.71,50.4,64.6,71.2,75.0,73.3,64.6
071,1952,3.11,3.18,5.03,1.53,1.95,4.11,52.9,62.6,77.5,78.4,74.1,66.1
071,1953,3.73,3.98,2.09,4.98,1.09,0.59,50.0,65.8,76.2,75.8,74.7,68.2
071,1954,3.25,2.68,2.78,1.11,4.28,2.12,58.6,58.4,74.7,78.5,75.5,70.6
071,1955,3.33,3.79,3.28,4.75,1.14,5.07,58.6,64.3,66.8,79.4,76.7,69.9
071,1956,3.99,5.84,4.73,3.74,2.97,3.38,50.8,63.8,71.8,74.8,73.3,64.6
071,1957,6.6,7.38,6.88,4.27,1.9,3.77,56.0,63.4,72.7,75.3,73.0,66.6
071,1958,3.56,6.23,6.05,9.58,4.48,5.02,53.4,62.2,68.5,74.0,72.4,66.7
071,1959,1.88,4.14,2.66,4.61,3.51,2.53,54.7,67.1,71.8,75.2,77.0,69.4
071,1960,1.38,4.54,8.18,3.59,2.31,1.09,56.7,59.7,69.9,73.2,75.2,70.9
071,1961,3.76,8.08,4.48,4.41,3.29,1.3,47.8,58.0,68.8,74.4,72.6,70.2
071,1962,0.91,4.39,3.59,6.08,3.37,2.24,51.0,69.5,71.6,73.7,72.9,63.3
071,1963,2.35,2.51,2.01,5.82,3.25,0.88,55.4,60.5,71.2,73.4,70.7,65.3
071,1964,5.57,1.28,5.78,4.19,1.66,1.44,56.3,65.5,72.6,74.7,72.9,66.9
071,1965,4.87,1.8,2.76,3.51,3.92,5.58,54.8,68.5,71.5,72.9,71.6,67.6
071,1966,5.52,2.51,1.82,3.77,3.73,3.54,50.2,59.0,70.4,77.8,71.6,64.4
071,1967,4.02,6.29,2.36,4.16,2.84,0.99,55.8,59.6,71.9,72.3,69.0,63.1
071,1968,4.41,10.07,3.07,5.27,3.77,2.57,54.0,59.8,71.7,75.2,74.4,66.0
071,1969,4.27,3.65,4.7,5.44,2.08,1.54,54.4,63.4,70.8,76.2,71.8,65.4
071,1970,5.64,2.72,4.0,3.31,3.47,3.46,55.0,65.4,70.5,73.6,73.2,71.2
071,1971,1.41,4.15,4.18,6.61,2.73,4.41,51.8,58.9,74.4,72.6,71.1,69.6
071,1972,7.82,3.15,3.48,3.56,2.87,5.23,52.3,64.1,67.4,74.2,73.2,69.7
071,1973,5.54,3.32,5.72,6.45,1.51,2.28,51.7,59.1,72.8,75.7,74.0,69.3
071,1974,4.03,7.12,2.23,1.7,5.66,6.54,54.2,62.1,67.1,74.9,72.7,61.1
071,1975,3.6,3.48,3.81,2.13,2.94,3.93,50.0,66.4,71.9,74.5,76.4,63.0
071,1976,1.12,3.22,4.04,4.14,2.41,3.83,54.2,59.0,70.8,73.4,70.1,62.8
071,1977,4.37,3.01,5.45,3.96,6.12,2.81,57.3,68.7,70.2,77.4,73.2,69.2
071,1978,3.33,5.01,2.63,7.14,6.21,0.8,54.2,60.4,72.2,74.7,72.4,69.4
071,1979,4.47,4.22,4.34,8.46,6.38,3.42,51.3,60.6,71.2,72.5,72.4,64.7
071,1980,2.68,4.45,4.52,3.23,4.33,2.87,50.4,63.5,69.8,77.8,77.4,68.5
071,1981,6.4,6.49,2.8,4.05,4.2,1.87,57.8,58.7,72.9,74.9,71.7,63.8
071,1982,2.12,4.11,4.94,3.83,4.31,2.48,48.1,68.0,66.9,75.3,70.0,64.1
071,1983,6.26,8.66,3.43,1.91,2.84,1.67,48.6,59.6,71.2,77.8,78.0,67.3
071,1984,6.04,4.79,1.41,4.19,2.85,4.67,51.4,59.3,74.3,71.9,73.4,64.8
071,1985,1.9,5.29,4.16,4.21,6.33,1.19,57.3,64.0,69.5,74.2,71.8,66.3
071,1986,2.11,3.59,3.23,4.72,3.06,4.4,55.5,64.5,72.7,77.1,70.4,70.0
071,1987,2.43,2.19,3.82,6.15,0.69,1.58,52.2,68.0,73.3,76.1,74.6,68.0
071,1988,3.43,1.87,0.49,4.41,2.6,2.75,52.6,63.6,72.6,77.1,76.9,66.3
071,1989,5.24,4.88,4.0,5.17,4.19,3.38,52.0,58.8,70.8,75.0,72.7,65.0
071,1990,3.22,9.84,4.66,4.04,2.58,2.1,51.7,60.2,70.9,74.0,72.1,67.7
071,1991,3.58,2.78,1.76,2.36,3.91,3.01,56.2,69.7,74.6,77.0,74.7,67.4
071,1992,2.73,3.14,3.19,9.14,6.29,2.66,53.4,60.5,67.5,74.4,68.8,64.6
071,1993,5.03,3.28,4.15,4.6,6.26,5.28,50.6,62.8,70.7,77.9,74.5,63.2
071,1994,6.36,4.22,3.34,2.86,3.34,3.41,54.6,59.2,74.4,75.0,71.5,64.8
071,1995,6.0,9.78,3.89,3.07,6.01,1.44,53.8,62.6,72.3,75.9,78.2,64.4
071,1996,9.83,8.24,4.83,3.87,1.77,7.19,50.0,64.0,71.8,73.3,73.9,65.1
071,1997,3.06,7.58,6.73,2.98,4.84,1.16,48.7,58.3,69.4,75.5,71.5,66.0
071,1998,9.64,5.8,8.66,4.38,3.0,0.68,53.6,67.5,72.3,74.7,74.8,70.7
071,1999,4.14,3.09,4.82,2.08,2.84,1.08,55.7,64.8,73.1,78.9,73.4,66.6
071,2000,4.22,3.93,5.62,4.7,5.89,4.92,51.8,66.1,72.2,73.1,72.7,65.1
071,2001,2.07,4.25,4.78,5.03,3.71,4.65,59.2,65.5,70.1,74.9,75.2,65.1
071,2002,6.76,9.11,4.06,1.76,2.32,5.13,56.2,60.5,73.8,77.4,76.5,70.6
071,2003,3.91,6.21,4.48,7.83,2.55,5.09,55.1,63.0,67.6,74.4,74.9,64.4
071,2004,3.36,7.78,2.65,5.86,4.19,0.44,54.7,68.7,71.5,73.3,70.3,68.1
071,2005,3.46,4.25,3.34,3.54,6.35,2.93,56.0,60.5,73.6,75.8,76.6,70.4
071,2006,4.83,4.9,5.58,3.17,5.85,6.47,57.6,61.0,70.5,75.8,75.5,63.1
071,2007,4.2,1.79,3.17,2.96,1.52,3.41,51.3,67.2,72.8,72.7,79.5,71.1
071,2008,3.78,7.88,5.47,4.11,1.44,2.51,54.2,59.8,73.4,74.4,72.3,68.9
071,2009,4.92,7.68,4.31,7.23,3.8,6.64,53.7,63.8,72.9,70.1,71.9,66.7
071,2010,3.1,5.33,8.14,1.98,1.44,0.34,58.7,65.5,75.5,77.2,76.9,68.8
071,2011,11.35,6.81,6.94,1.79,2.22,5.13,56.1,63.1,72.9,79.6,74.5,65.2
071,2012,3.74,2.98,0.85,3.08,2.55,5.18,54.4,69.4,71.7,81.1,73.4,65.7
071,2013,4.45,3.65,6.56,2.64,0.95,3.08,53.2,65.4,71.8,73.3,72.9,68.2
071,2014,7.85,4.73,5.29,5.42,3.37,2.93,55.3,64.6,73.2,70.5,73.3,65.2
071,2015,5.69,2.79,8.06,8.29,2.67,1.29,55.1,65.9,72.4,74.3,71.5,69.7
071,2016,5.44,3.52,3.08,6.4,8.2,3.68,54.9,61.6,74.3,75.5,76.7,71.2
071,2017,4.63,7.11,5.65,5.46,1.83,2.25,59.6,62.8,71.2,75.2,71.4,68.0
071,2018,4.12,2.95,7.48,3.61,4.91,7.03,48.2,71.2,74.3,74.9,74.9,70.9
071,2019,6.07,5.96,8.91,2.21,3.85,0.45,54.9,65.6,70.4,76.6,73.8,72.6
071,2020,3.02,5.67,2.85,5.3,4.5,0.87,51.0,60.8,72.4,77.3,72.6,66.1
071,2021,3.44,3.15,7.33,7.28,2.95,5.72,53.4,61.0,72.6,74.8,76.0,69.0
071,2022,3.12,6.45,3.63,5.4,2.94,3.36,52.2,66.9,73.2,77.2,74.7,68.0
071,2023,3.33,2.82,2.36,6.14,3.53,0.89,55.4,63.5,70.6,76.0,73.6,69.1
071,2024,5.87,5.2,2.05,4.46,3.34,4.48,57.3,68.4,73.6,75.2,74.8,69.8
071,2025,6.77,4.17,6.03,6.27,1.73,3.1,55.0,61.6,73.7,78.5,72.7,68.5
071,2026,6.06,9.04,5.43,2.49,5.95,,60.9,61.5,71.1,76.3,74.2,
073,1895,2.37,1.48,1.68,4.07,2.59,2.65,51.5,62.6,72.9,71.7,73.0,68.0
073,1896,2.93,5.03,3.71,7.81,5.42,4.91,54.3,67.1,68.5,73.0,71.6,60.4
073,1897,2.48,2.52,4.12,1.74,1.75,0.28,46.8,56.8,68.1,75.7,68.8,67.9
073,1898,1.64,4.54,4.1,2.63,4.14,3.41,46.3,60.1,71.9,73.7,71.2,67.3
073,1899,0.59,4.41,2.7,3.06,1.6,2.19,52.3,61.7,71.5,74.2,74.2,63.4
073,1900,1.33,3.39,3.89,5.04,3.69,1.64,50.6,62.2,68.9,72.7,75.8,66.0
073,1901,1.58,2.53,3.44,1.15,2.61,1.6,45.5,57.1,71.2,79.2,72.6,63.0
073,1902,2.17,5.33,10.7,6.88,1.98,4.49,46.0,62.5,66.9,73.3,68.1,59.9
073,1903,5.76,2.5,2.75,5.65,4.52,3.02,48.8,62.6,63.3,72.7,68.6,62.7
073,1904,4.18,3.26,1.16,3.82,2.83,3.94,42.6,59.2,67.8,70.4,67.4,63.8
073,1905,3.93,6.62,3.86,4.2,3.24,3.89,47.5,60.4,68.8,71.6,72.1,64.9
073,1906,1.98,2.16,2.61,4.38,5.22,3.07,50.6,60.9,67.4,70.4,73.4,66.3
073,1907,2.96,3.31,4.26,6.2,4.28,3.67,39.5,53.1,65.1,71.3,67.7,61.1
073,1908,3.64,7.02,1.74,3.82,2.58,1.35,48.4,60.2,68.2,73.0,70.9,67.2
073,1909,5.49,3.39,5.48,5.01,6.02,4.03,46.7,57.4,68.5,70.0,72.8,60.3
073,1910,3.15,4.74,1.05,4.71,4.43,5.14,50.0,53.5,65.8,73.0,68.7,63.2
073,1911,4.87,2.43,2.58,2.72,3.07,7.29,46.0,65.2,71.5,72.8,70.1,65.2
073,1912,3.67,4.18,3.85,5.49,4.24,2.26,49.2,61.4,65.9,71.9,68.4,65.1
073,1913,2.37,5.03,1.57,3.97,3.14,1.95,48.2,59.5,71.3,74.9,73.8,63.5
073,1914,2.03,4.03,1.66,0.91,3.62,2.48,48.3,61.5,71.2,74.9,72.3,63.2
073,1915,2.77,5.88,1.33,8.21,2.87,4.48,54.8,56.0,65.6,70.3,64.9,65.7
073,1916,1.75,6.17,6.53,1.22,2.49,3.71,46.9,60.4,65.0,78.4,75.0,63.2
073,1917,3.04,3.65,4.74,3.96,3.62,1.71,46.2,52.6,65.6,71.8,68.8,60.8
073,1918,3.11,4.51,3.34,3.68,2.87,3.51,44.8,64.3,68.5,70.3,75.2,56.6
073,1919,2.18,4.5,2.8,1.89,1.93,3.01,48.2,56.6,73.5,76.4,70.5,66.7
073,1920,6.28,2.74,2.74,3.38,1.81,2.12,43.0,57.5,69.9,70.7,69.2,66.6
073,1921,3.94,1.34,2.21,3.1,6.83,4.74,52.6,62.9,74.5,78.5,70.4,67.9
073,1922,5.19,3.23,1.3,2.45,1.74,1.88,49.2,64.4,70.6,72.0,71.9,67.1
073,1923,1.88,5.09,1.92,3.5,4.79,3.57,46.7,57.6,71.7,73.7,69.4,64.3
073,1924,3.0,3.23,8.03,2.4,4.15,3.23,48.5,53.5,66.9,70.0,70.2,58.7
073,1925,2.41,0.64,2.32,3.73,1.64,5.65,53.6,55.5,72.3,72.6,71.3,69.4
073,1926,2.49,2.99,5.32,4.07,4.63,8.78,41.5,60.8,64.5,73.0,72.9,63.8
073,1927,6.11,4.95,3.72,4.33,2.21,4.0,48.4,57.8,64.9,71.8,64.6,68.3
073,1928,1.73,1.97,4.48,4.51,3.74,1.48,44.3,59.5,63.8,72.5,72.0,60.0
073,1929,5.22,4.27,4.03,4.38,2.04,1.77,50.9,56.6,66.4,73.6,69.1,63.5
073,1930,4.42,2.15,2.27,3.43,2.47,2.9,50.0,61.2,69.4,74.5,71.6,65.0
073,1931,3.21,3.61,4.62,1.87,4.06,4.84,49.4,56.6,72.6,76.8,72.2,69.8
073,1932,1.99,1.21,3.76,3.72,3.61,3.68,48.1,60.6,71.1,74.5,72.1,62.8
073,1933,5.56,6.02,1.05,1.75,2.43,5.91,48.4,62.2,76.7,75.5,70.0,69.2
073,1934,2.06,0.67,2.74,1.09,7.12,8.27,48.4,65.1,75.4,79.4,71.5,63.7
073,1935,2.24,5.54,3.68,4.4,2.86,2.8,45.7,54.1,66.4,76.2,72.7,63.6
073,1936,2.62,2.5,0.73,0.17,5.32,5.02,44.3,63.2,68.8,79.9,76.6,67.8
073,1937,5.73,2.84,4.28,4.07,3.03,2.39,47.5,60.5,67.9,73.5,74.8,63.2
073,1938,3.02,4.49,5.53,5.87,2.91,4.6,50.9,60.0,67.6,73.8,74.0,65.1
073,1939,5.07,1.23,5.56,4.05,2.39,0.3,44.6,62.4,71.7,73.1,71.3,68.4
073,1940,3.51,5.71,3.94,1.12,3.49,1.06,45.3,56.1,70.4,74.4,73.1,63.4
073,1941,2.66,3.08,4.25,2.4,2.34,1.99,54.0,63.2,70.4,74.2,72.5,68.4
073,1942,2.46,3.28,2.96,4.57,3.88,4.3,53.6,61.6,70.4,74.5,70.3,62.1
073,1943,3.76,8.32,3.6,3.96,5.25,2.68,46.2,58.1,72.9,74.1,72.3,60.1
073,1944,6.29,4.92,1.91,1.24,2.88,1.57,46.7,65.5,73.3,73.7,72.7,65.0
073,1945,3.39,5.11,3.98,4.43,2.75,7.0,49.8,54.5,66.3,71.2,70.7,64.2
073,1946,1.57,3.68,5.36,1.28,2.08,1.96,51.2,57.3,69.0,73.9,67.7,65.0
073,1947,5.71,4.16,4.61,1.55,3.59,3.87,47.4,55.1,67.1,69.9,78.4,65.4
073,1948,2.66,4.98,4.46,3.97,2.65,2.75,52.9,56.4,68.7,74.0,71.4,66.4
073,1949,2.14,3.98,3.99,5.03,1.8,1.73,47.7,61.2,72.8,76.9,71.5,59.2
073,1950,6.83,1.28,6.11,4.76,2.52,5.13,42.6,60.6,68.5,70.6,69.0,63.0
073,1951,3.71,3.64,3.52,7.31,2.7,2.58,45.9,61.9,67.1,71.8,68.5,61.3
073,1952,4.7,5.08,5.23,2.14,3.52,1.47,49.8,58.4,74.3,76.2,70.8,63.8
073,1953,3.42,3.33,5.4,5.4,1.74,1.77,45.7,61.4,73.3,74.5,72.2,64.9
073,1954,4.04,2.44,3.82,4.77,4.63,0.6,53.4,56.0,74.0,74.7,70.9,67.4
073,1955,3.43,4.94,4.21,3.65,4.18,2.55,55.0,61.6,66.6,78.4,75.4,65.3
073,1956,5.24,5.4,1.75,3.17,2.89,0.85,46.9,60.1,72.2,72.2,71.5,63.1
073,1957,8.35,3.58,6.7,6.67,3.45,1.11,49.0,60.2,70.2,74.4,71.2,61.9
073,1958,1.85,1.53,11.6,5.71,3.8,2.18,50.2,60.3,64.2,72.9,71.3,64.4
073,1959,5.56,3.62,1.8,3.74,1.64,4.38,48.7,64.3,72.1,72.8,76.6,67.0
073,1960,3.73,2.65,5.77,2.42,4.14,3.26,53.4,57.5,67.8,71.7,72.2,68.0
073,1961,4.81,2.33,3.32,5.63,2.83,7.35,43.7,55.5,67.8,72.4,71.3,68.6
073,1962,1.57,3.72,3.28,5.88,1.79,2.71,48.4,66.8,70.9,70.6,71.0,61.8
073,1963,3.69,1.79,2.43,6.36,2.0,1.42,51.5,58.2,71.0,72.2,67.8,63.1
073,1964,4.1,0.77,4.05,3.41,2.08,3.51,50.1,65.3,71.9,73.2,69.3,64.7
073,1965,4.57,2.46,2.44,3.76,5.83,5.75,48.4,65.5,69.2,71.1,68.2,64.6
073,1966,5.24,4.76,2.71,2.0,3.37,2.34,46.6,54.8,70.4,76.0,69.0,61.8
073,1967,5.09,3.43,4.78,1.25,3.24,1.73,50.5,55.7,71.6,70.2,67.3,61.6
073,1968,3.96,3.54,6.33,3.02,6.04,2.07,51.0,56.4,70.9,73.0,72.0,64.1
073,1969,4.34,3.45,3.39,6.56,1.94,2.71,50.3,59.9,66.8,74.1,71.2,64.5
073,1970,5.41,4.86,3.64,4.76,2.95,7.76,50.3,63.6,69.2,73.0,71.3,66.0
073,1971,1.06,2.66,4.25,6.43,3.73,5.22,47.8,57.2,74.0,70.3,68.5,67.4
073,1972,4.88,2.88,4.72,3.39,5.53,7.58,46.7,62.5,65.3,72.0,70.9,64.7
073,1973,5.17,3.82,5.17,5.1,3.08,1.42,49.5,56.7,71.6,73.7,72.1,66.8
073,1974,4.11,6.9,3.79,1.02,2.49,3.37,51.7,57.6,66.5,75.4,70.9,60.1
073,1975,4.51,2.93,9.24,2.04,6.85,2.2,44.0,64.1,70.9,72.6,73.5,59.7
073,1976,2.94,3.77,5.98,3.45,1.68,2.67,51.8,56.7,70.6,72.8,67.8,61.2
073,1977,1.42,2.9,3.47,3.75,6.48,6.54,54.6,68.7,67.6,75.7,69.6,65.2
073,1978,3.58,4.48,3.39,3.1,3.26,2.07,49.3,58.5,70.3,72.5,71.1,68.7
073,1979,4.99,2.14,3.92,3.96,5.27,0.01,46.3,59.0,69.6,70.5,70.0,63.7
073,1980,2.2,1.71,5.31,1.68,6.6,4.23,46.5,61.8,67.3,75.9,74.4,65.3
073,1981,7.28,6.13,6.65,4.76,3.95,3.61,53.5,56.4,70.7,72.9,70.2,63.2
073,1982,2.67,3.91,3.51,4.85,1.94,1.73,44.2,66.0,65.2,73.6,68.0,62.7
073,1983,6.11,4.18,3.02,1.78,3.18,1.92,45.5,56.2,71.3,76.6,75.4,64.5
073,1984,3.08,6.48,2.72,2.49,1.07,1.76,47.3,57.0,72.8,70.8,73.1,63.2
073,1985,1.78,2.23,2.55,2.77,5.58,1.81,54.8,64.1,67.7,73.1,69.0,66.0
073,1986,1.87,5.93,5.14,3.97,1.95,5.45,53.2,60.8,69.8,75.6,68.2,67.3
073,1987,3.08,6.08,3.92,3.73,5.41,2.57,50.3,65.5,72.9,75.5,71.8,64.6
073,1988,2.32,1.31,0.62,1.69,2.5,2.46,48.5,62.8,72.2,75.8,76.7,65.3
073,1989,2.46,5.03,3.95,3.71,2.98,6.42,47.8,57.2,69.0,73.5,70.2,61.1
073,1990,2.45,4.38,4.17,6.27,5.51,1.59,49.2,57.0,69.7,71.5,69.8,65.1
073,1991,3.79,5.46,0.72,1.27,2.92,2.16,53.4,67.2,73.7,75.0,72.5,63.7
073,1992,2.33,0.87,2.63,6.26,2.13,6.5,47.1,58.9,66.0,70.1,66.6,62.2
073,1993,5.08,3.51,8.43,3.92,5.29,7.68,47.3,61.4,68.8,74.4,72.8,59.1
073,1994,5.09,1.96,5.99,5.24,3.14,1.76,50.8,58.1,71.2,72.0,68.0,64.5
073,1995,5.33,6.14,3.03,2.56,3.85,0.89,47.7,59.2,71.7,75.9,78.1,62.4
073,1996,4.09,6.67,4.24,8.31,2.3,2.56,46.4,58.2,70.3,70.2,71.7,62.8
073,1997,1.6,4.95,5.84,4.97,4.82,2.11,45.5,54.7,69.6,72.7,68.3,63.8
073,1998,4.28,4.46,7.36,4.78,3.76,1.59,51.2,66.1,70.3,72.8,72.9,68.8
073,1999,6.02,2.28,4.37,3.51,3.16,1.67,51.8,63.9,71.4,77.2,69.4,64.5
073,2000,3.01,3.84,6.27,3.59,2.34,3.16,48.7,63.1,69.1,71.1,71.4,64.5
073,2001,3.28,3.77,4.09,4.64,4.25,2.53,54.6,63.2,67.9,72.9,72.7,62.1
073,2002,3.89,5.15,2.66,4.3,4.09,1.92,50.8,56.1,72.1,76.1,72.1,66.7
073,2003,2.7,6.12,3.21,13.66,2.32,4.45,51.5,58.1,66.3,72.0,73.1,62.6
073,2004,0.86,5.96,5.16,3.74,9.0,1.19,51.8,63.2,67.8,71.1,66.6,66.1
073,2005,2.07,1.05,2.84,3.67,3.58,4.86,52.7,58.6,73.6,74.6,73.4,68.6
073,2006,4.2,4.72,3.18,6.64,6.51,2.57,53.9,59.0,68.8,74.7,72.7,61.9
073,2007,4.65,1.84,4.31,3.6,7.68,1.28,47.5,65.2,71.3,70.7,74.3,67.8
073,2008,2.79,3.78,5.09,2.98,4.37,7.67,50.7,56.4,71.3,72.4,69.6,65.9
073,2009,4.89,4.95,4.33,2.85,3.27,0.7,48.3,60.6,70.2,68.2,69.3,64.3
073,2010,3.26,5.2,7.7,4.2,2.59,3.06,55.7,62.8,72.2,75.7,74.6,65.3
073,2011,8.16,5.45,5.5,3.92,3.5,4.03,49.2,60.5,71.2,77.6,71.5,61.9
073,2012,2.16,2.44,3.57,2.43,4.78,2.48,51.4,66.2,70.6,78.4,70.4,62.9
073,2013,6.16,4.92,7.01,1.79,2.72,3.1,48.2,63.4,69.3,71.5,70.6,66.3
073,2014,2.62,4.55,8.49,3.29,7.89,4.09,49.5,61.6,71.8,67.9,71.6,63.3
073,2015,2.53,5.72,12.85,5.54,2.84,3.65,50.6,63.6,69.3,71.7,70.4,68.5
073,2016,3.48,2.8,3.87,6.55,10.04,4.37,49.2,59.6,71.8,73.1,74.4,69.2
073,2017,4.69,5.4,4.26,6.2,3.66,1.3,54.0,58.4,71.1,73.0,68.2,66.5
073,2018,2.17,3.52,6.41,2.08,4.25,2.94,41.8,68.0,72.2,72.8,73.0,68.3
073,2019,4.72,7.3,4.07,3.41,2.07,6.39,49.4,59.8,68.8,75.4,70.8,68.4
073,2020,3.35,4.73,4.35,2.61,2.76,1.91,47.2,58.8,72.4,75.6,71.4,64.0
073,2021,2.58,4.8,7.47,3.31,3.73,2.52,50.1,58.3,71.9,72.4,74.0,68.0
073,2022,2.47,3.4,3.39,4.42,3.57,1.61,46.4,62.9,70.8,73.0,71.4,64.8
073,2023,1.84,1.83,1.87,4.47,4.76,1.44,50.9,62.2,69.0,72.3,70.6,65.7
073,2024,7.29,2.99,4.1,6.42,3.63,1.55,51.9,65.1,72.1,71.2,71.3,67.0
073,2025,3.46,3.2,4.01,5.11,2.61,2.39,49.9,59.2,72.6,76.4,70.3,65.9
073,2026,6.95,1.33,7.97,2.43,6.79,,55.7,59.7,69.3,74.6,71.0,
075,1895,1.32,1.57,3.34,1.03,2.68,2.64,51.9,62.0,72.4,72.1,73.1,68.7
075,1896,2.25,4.24,4.22,9.92,8.22,5.47,57.3,68.0,69.1,73.2,70.9,61.2
075,1897,4.02,3.41,3.95,2.61,2.39,0.7,47.7,56.5,68.1,75.9,68.4,66.6
075,1898,2.79,5.71,2.81,3.31,3.1,3.33,47.3,60.8,71.3,75.2,72.4,68.7
075,1899,1.05,2.43,1.92,4.08,1.75,1.71,53.4,62.9,72.3,73.9,74.2,64.2
075,1900,2.13,4.21,5.13,3.13,3.58,2.36,49.6,63.2,69.3,73.5,76.4,68.2
075,1901,2.73,3.52,4.06,1.77,3.43,1.39,46.9,58.8,72.0,79.2,72.8,64.6
075,1902,1.68,3.01,8.14,2.57,1.77,5.28,48.9,64.1,67.9,74.8,69.0,63.0
075,1903,3.77,4.4,3.99,2.46,3.39,1.86,49.6,64.3,64.7,73.7,70.6,64.5
075,1904,4.7,3.64,3.44,3.03,2.72,2.63,43.6,60.2,67.8,71.5,68.3,64.7
075,1905,4.28,4.87,2.82,2.67,5.31,5.46,49.0,61.4,70.3,73.7,72.2,65.0
075,1906,1.97,2.77,3.1,2.94,6.12,2.16,52.0,62.6,69.3,72.2,74.2,67.7
075,1907,2.14,2.83,5.74,7.13,3.03,2.73,40.6,54.0,65.4,72.4,68.5,63.1
075,1908,3.03,4.04,2.35,3.71,1.61,0.68,50.7,62.1,68.9,73.8,71.4,68.6
075,1909,4.62,4.35,5.09,4.7,4.32,2.05,47.6,58.0,70.4,70.3,71.9,61.3
075,1910,2.99,3.58,1.83,3.2,1.69,6.28,50.4,54.9,66.3,73.2,69.8,64.0
075,1911,4.36,1.61,3.92,1.84,5.31,4.55,46.4,65.8,70.1,73.2,71.1,66.3
075,1912,4.21,3.7,3.1,7.05,5.27,4.02,50.3,62.4,66.2,72.7,68.6,65.2
075,1913,4.04,2.69,2.66,6.54,2.85,2.5,48.1,60.1,70.1,74.3,72.5,63.1
075,1914,3.39,3.63,2.44,2.97,4.46,1.92,49.3,62.3,71.4,74.7,72.4,63.2
075,1915,1.94,4.49,3.17,9.16,5.85,4.66,55.1,56.3,66.0,70.2,64.8,65.7
075,1916,2.61,4.23,5.06,1.65,3.32,2.83,47.5,61.0,64.2,77.4,74.0,63.3
075,1917,4.73,4.56,5.63,3.64,1.98,1.81,47.0,53.0,66.6,71.8,70.1,61.4
075,1918,4.14,3.57,3.48,2.49,2.33,4.2,46.1,65.7,69.0,70.7,77.7,56.4
075,1919,3.43,4.27,2.14,3.65,2.17,2.44,48.2,56.5,73.7,75.0,70.4,66.2
075,1920,7.6,2.77,4.65,5.83,3.43,2.25,43.3,57.8,68.9,69.9,68.8,66.0
075,1921,4.85,3.14,2.95,1.56,3.62,4.45,52.8,62.3,74.0,79.3,70.7,69.8
075,1922,7.36,4.65,2.29,4.23,2.28,2.2,51.2,64.5,71.2,72.1,71.2,68.0
075,1923,1.91,4.59,2.75,4.91,5.44,3.77,47.3,57.0,71.2,72.9,69.6,64.6
075,1924,2.49,4.12,8.52,2.08,1.99,3.95,49.2,53.3,67.6,69.7,71.0,59.5
075,1925,3.12,1.66,2.92,4.84,1.96,6.46,53.5,55.9,72.9,71.8,70.8,70.4
075,1926,3.27,3.25,2.46,2.42,7.0,11.5,41.9,60.1,65.1,72.8,73.4,65.6
075,1927,5.96,5.98,3.41,3.93,3.08,3.23,48.4,58.8,64.1,72.3,64.9,68.2
075,1928,2.63,2.16,7.33,4.58,1.69,0.33,44.9,58.6,63.4,72.7,72.8,61.0
075,1929,4.24,6.18,5.98,5.77,3.7,2.0,51.9,57.4,66.3,72.9,67.9,63.7
075,1930,2.53,1.56,3.89,2.85,3.45,3.02,50.4,61.3,68.6,73.9,70.3,64.8
075,1931,3.06,2.1,4.29,4.84,4.21,4.45,49.0,57.6,72.2,76.5,71.2,68.7
075,1932,2.51,0.93,5.05,2.86,1.26,5.57,47.8,60.2,71.3,74.1,71.6,63.6
075,1933,2.73,9.25,1.29,2.33,3.81,8.59,48.7,62.5,75.2,74.8,69.7,68.8
075,1934,1.86,0.66,2.89,1.66,3.7,5.06,48.5,63.7,75.7,79.3,71.8,65.3
075,1935,2.47,6.06,3.81,5.67,2.64,3.07,45.8,55.1,66.7,76.3,73.0,64.4
075,1936,2.59,2.62,2.0,1.96,3.39,3.79,44.5,63.4,68.9,78.7,76.0,68.5
075,1937,4.51,3.81,5.04,5.03,3.49,2.49,48.3,59.7,68.0,71.9,73.1,62.0
075,1938,3.4,5.01,6.01,6.19,1.39,3.3,50.8,59.6,67.4,72.8,73.6,65.4
075,1939,4.68,1.14,5.73,4.2,2.52,0.99,44.9,62.8,71.3,72.3,70.8,69.5
075,1940,5.7,4.04,2.32,1.53,2.87,1.11,44.6,56.4,70.8,73.9,72.7,62.6
075,1941,2.18,2.23,6.36,4.17,2.05,1.92,53.8,62.9,69.4,73.4,71.2,68.0
075,1942,2.94,4.58,4.02,5.37,3.47,2.85,52.9,61.1,69.9,73.9,69.8,62.2
075,1943,2.69,10.28,5.31,5.61,3.52,3.24,45.0,60.1,73.4,73.2,71.6,60.6
075,1944,6.27,4.54,0.98,1.45,4.5,1.82,46.6,65.6,73.8,74.0,72.8,64.8
075,1945,3.67,3.53,6.69,3.31,1.61,6.73,50.8,54.0,66.6,70.8,70.4,66.0
075,1946,1.46,7.22,4.37,3.1,1.78,0.69,49.4,57.0,68.4,72.6,66.4,65.2
075,1947,6.73,5.23,5.45,4.48,3.7,3.57,47.8,56.4,66.3,68.9,76.8,65.0
075,1948,6.09,3.51,5.0,3.65,1.84,2.98,52.8,58.0,69.1,72.8,71.0,65.6
075,1949,3.03,4.15,5.8,4.15,2.37,2.77,47.1,60.7,72.5,76.3,71.2,58.3
075,1950,4.14,1.94,5.24,3.97,3.93,4.3,42.8,61.1,66.7,70.0,68.4,62.2
075,1951,3.52,3.68,3.94,3.88,1.24,2.9,46.6,61.6,68.4,71.7,69.2,62.0
075,1952,4.38,3.8,2.25,2.46,3.68,5.98,49.6,58.6,74.8,76.0,69.9,63.3
075,1953,3.37,4.9,1.93,3.73,2.47,1.3,44.8,62.3,73.3,73.9,72.0,64.9
075,1954,3.47,2.63,3.04,3.52,4.42,0.44,54.9,55.2,72.4,73.4,70.3,67.4
075,1955,2.61,3.0,2.43,4.66,3.52,4.24,55.1,61.6,65.8,77.3,74.0,66.0
075,1956,3.4,5.15,4.4,4.19,3.1,0.41,46.4,60.1,70.1,71.8,71.6,62.3
075,1957,8.54,5.17,9.71,4.54,1.94,4.07,50.2,59.9,69.6,73.0,71.2,63.6
075,1958,2.74,3.49,12.39,5.26,3.96,3.31,49.7,58.4,64.5,71.9,69.8,63.5
075,1959,5.44,3.82,1.59,2.72,1.95,2.85,49.4,64.2,70.3,72.7,75.6,66.7
075,1960,1.6,4.41,2.85,4.63,3.26,0.78,52.5,57.4,67.3,70.3,72.0,67.6
075,1961,5.69,2.24,3.65,5.64,3.64,4.98,43.4,55.3,67.2,72.1,70.3,68.1
075,1962,0.79,4.58,3.47,7.16,2.48,2.2,48.4,66.2,69.8,70.8,70.5,61.4
075,1963,3.99,2.44,2.18,4.28,1.9,0.19,49.9,57.5,69.6,72.2,67.2,63.0
075,1964,8.31,1.34,4.02,3.11,1.43,1.23,50.5,63.7,70.7,73.6,70.0,65.0
075,1965,5.41,2.5,2.41,2.18,2.55,4.98,48.4,66.6,69.1,70.7,69.5,66.4
075,1966,2.8,3.27,2.16,2.82,1.85,4.91,46.1,54.8,70.1,75.4,70.1,61.7
075,1967,3.65,4.83,2.62,2.25,1.29,1.48,51.0,55.1,71.2,70.6,67.6,61.0
075,1968,2.42,5.53,4.69,2.51,4.82,2.99,50.8,56.4,70.3,73.3,72.1,64.4
075,1969,3.9,3.52,4.95,3.55,2.57,6.53,50.8,60.8,66.9,74.2,70.5,63.3
075,1970,5.03,3.2,4.24,4.49,1.71,2.55,50.5,63.9,69.4,72.9,71.0,67.5
075,1971,1.46,4.58,4.24,3.5,2.15,5.08,47.5,56.8,73.2,70.6,68.5,67.2
075,1972,7.32,4.19,3.64,3.94,1.88,9.25,48.0,61.8,65.3,72.5,70.7,65.2
075,1973,3.3,3.74,5.88,3.26,4.47,1.64,48.4,56.6,71.9,74.0,72.0,66.9
075,1974,2.7,4.26,4.2,1.25,5.8,3.33,51.4,58.4,66.5,74.3,71.1,60.1
075,1975,3.0,2.67,6.29,1.24,5.99,2.16,44.1,64.4,70.3,72.6,73.8,60.0
075,1976,1.79,2.29,5.23,2.73,2.11,2.48,51.5,57.7,70.3,72.1,68.1,61.7
075,1977,3.22,2.24,2.28,2.69,6.9,3.55,54.1,67.1,68.0,76.5,70.5,66.5
075,1978,5.48,3.29,2.78,3.03,5.34,1.05,49.1,58.2,70.0,72.6,71.0,68.3
075,1979,3.91,3.91,4.41,5.28,6.36,1.39,46.8,58.9,69.5,71.3,70.1,63.8
075,1980,2.6,3.12,7.1,4.0,5.33,2.24,47.5,60.9,67.3,75.2,74.7,66.5
075,1981,5.48,6.76,7.23,3.95,2.89,3.58,53.3,57.5,70.7,73.6,70.8,62.8
075,1982,1.96,4.3,3.92,2.77,3.18,1.33,44.6,66.3,66.1,73.6,68.4,63.0
075,1983,4.78,4.16,2.3,2.81,1.47,1.12,45.8,56.9,70.0,76.9,76.1,65.9
075,1984,4.94,4.18,1.75,3.36,3.18,3.44,47.5,57.0,73.3,70.3,72.1,62.6
075,1985,1.62,3.74,2.94,2.96,4.62,2.0,55.5,63.1,67.1,72.5,69.8,66.0
075,1986,3.44,4.49,5.88,5.68,2.86,3.77,52.8,61.9,70.4,75.3,68.5,67.7
075,1987,2.33,3.71,5.64,4.91,3.18,0.66,50.5,65.3,72.2,74.5,72.0,66.3
075,1988,2.66,1.05,0.69,4.23,2.7,3.28,49.2,62.7,71.6,76.1,75.3,64.3
075,1989,5.2,6.32,3.29,5.51,3.14,5.47,48.1,57.1,69.6,74.3,70.5,62.0
075,1990,2.68,6.01,4.39,6.4,7.25,2.99,49.8,57.2,69.4,72.3,69.7,64.9
075,1991,3.73,3.48,2.04,3.21,3.25,2.08,53.6,67.5,73.1,74.3,72.1,64.2
075,1992,4.47,2.35,3.68,9.46,2.96,4.88,48.7,58.8,64.9,71.6,66.9,62.9
075,1993,3.97,3.95,4.84,7.22,2.33,4.71,48.5,61.4,68.1,75.1,72.8,60.8
075,1994,4.16,2.42,4.47,2.79,4.18,1.12,51.7,57.6,72.2,72.4,68.2,63.7
075,1995,4.14,4.73,5.49,2.88,3.55,0.96,48.2,58.2,70.6,74.1,76.6,62.1
075,1996,5.08,6.36,3.77,4.95,1.04,3.96,47.5,58.3,70.8,70.8,71.9,63.1
075,1997,1.35,5.42,4.8,2.86,3.15,2.3,46.1,55.0,68.7,72.6,68.3,63.6
075,1998,5.1,3.18,7.21,7.14,5.06,1.58,51.8,65.6,70.2,72.4,72.8,68.5
075,1999,4.35,2.81,2.52,2.14,2.75,1.41,52.5,62.8,71.5,77.5,69.7,65.1
075,2000,3.67,4.71,5.49,3.58,3.9,4.41,49.8,63.6,69.6,71.1,70.2,63.1
075,2001,3.67,5.52,2.94,4.83,4.88,4.47,54.9,63.1,68.6,72.7,72.7,62.3
075,2002,4.9,5.4,1.66,2.37,3.48,2.9,52.3,57.2,72.5,76.6,74.0,68.4
075,2003,1.91,6.69,3.71,8.78,5.21,7.62,51.2,59.5,66.8,71.8,73.0,62.5
075,2004,1.39,4.88,6.23,4.17,5.24,0.91,52.0,65.3,68.4,71.1,68.0,66.3
075,2005,3.35,1.83,2.59,3.0,4.51,4.89,52.4,57.5,73.1,74.5,73.7,68.0
075,2006,3.81,5.34,4.15,3.4,4.44,2.43,54.3,58.9,68.9,74.9,72.6,61.6
075,2007,4.39,1.05,2.44,2.77,6.38,2.86,47.6,65.2,71.7,70.8,75.1,67.7
075,2008,2.7,4.62,6.55,3.35,1.7,1.12,51.5,57.3,71.6,72.5,70.1,67.2
075,2009,5.4,3.86,4.17,2.18,2.02,1.27,49.8,61.1,70.4,68.8,70.3,64.3
075,2010,2.12,5.97,8.24,3.74,3.67,0.95,56.7,63.3,73.1,75.9,74.2,66.8
075,2011,6.89,6.05,3.6,1.35,3.41,5.17,50.8,61.9,71.5,78.9,72.1,63.0
075,2012,1.03,3.64,0.78,2.81,5.14,6.1,51.2,66.8,71.4,78.7,70.8,63.3
075,2013,6.71,3.0,4.81,3.24,1.6,3.6,49.5,64.5,70.5,72.4,70.6,65.4
075,2014,5.86,3.18,6.93,2.27,5.6,3.7,50.8,62.3,71.6,68.5,71.2,63.0
075,2015,3.82,4.85,12.17,7.55,2.71,2.2,51.3,64.6,69.5,71.7,69.9,68.3
075,2016,2.87,3.18,3.41,2.53,6.46,2.8,50.5,60.1,71.6,74.0,75.1,69.2
075,2017,3.95,8.05,5.28,4.63,1.76,1.51,55.6,59.1,70.4,72.7,68.7,66.5
075,2018,3.73,3.0,6.49,3.35,5.81,4.33,42.9,68.2,72.5,72.4,73.1,69.0
075,2019,7.1,6.01,4.56,4.36,2.34,1.98,50.4,61.0,69.6,76.3,71.1,69.6
075,2020,2.17,4.62,3.34,3.77,1.67,3.01,47.8,58.8,71.4,76.0,71.1,64.3
075,2021,2.73,4.4,3.84,4.08,3.81,4.71,51.4,58.7,72.3,73.0,74.2,67.1
075,2022,2.99,5.43,1.68,5.57,2.55,2.56,47.9,64.2,72.1,74.1,71.8,65.2
075,2023,2.64,2.42,3.03,3.11,2.86,1.76,51.2,59.6,67.6,73.3,69.8,65.8
075,2024,7.93,2.93,2.75,3.15,3.3,2.51,53.6,66.1,72.3,72.2,72.4,67.3
075,2025,5.73,3.71,4.44,6.48,1.55,1.3,51.0,58.8,72.8,76.7,70.2,66.7
075,2026,5.26,4.18,4.68,2.35,11.37,,57.5,58.4,69.8,74.8,71.4,
077,1895,2.14,2.54,3.65,3.32,2.29,0.98,55.1,63.5,75.1,73.9,76.0,71.3
077,1896,0.29,5.34,5.94,6.56,3.57,5.08,61.0,70.3,72.5,76.3,74.6,65.2
077,1897,4.37,2.97,4.17,5.48,1.22,0.32,52.5,59.5,71.5,77.3,72.4,69.1
077,1898,1.5,4.4,4.43,2.7,3.67,4.93,50.5,65.3,74.7,77.8,75.4,71.3
077,1899,2.57,4.94,5.02,2.91,3.98,0.94,55.3,66.1,74.4,76.1,76.0,67.3
077,1900,2.2,4.96,3.5,4.31,3.12,1.02,53.3,65.4,73.3,76.8,79.3,72.6
077,1901,2.49,2.62,4.94,0.84,2.47,2.25,48.6,62.2,74.2,81.9,75.2,67.1
077,1902,2.5,5.71,4.49,3.12,1.61,3.76,52.0,67.7,71.8,76.9,73.0,65.0
077,1903,4.28,2.28,5.16,2.39,3.67,1.76,53.2,66.5,67.5,76.3,73.3,67.4
077,1904,2.27,2.66,3.08,1.9,1.45,2.95,48.3,63.4,71.4,74.1,73.1,68.7
077,1905,2.61,5.84,3.96,4.41,5.15,2.0,53.7,65.6,73.2,75.1,74.2,67.7
077,1906,1.52,1.98,2.65,3.52,3.4,7.24,55.2,63.8,72.7,75.3,76.7,71.0
077,1907,2.59,3.04,4.53,5.03,3.54,2.38,44.9,59.0,69.0,76.1,72.7,67.5
077,1908,5.61,7.44,2.48,2.02,1.46,0.99,54.1,65.5,72.0,76.2,75.6,71.3
077,1909,5.02,6.5,3.88,7.91,1.84,1.47,52.2,61.4,73.8,73.4,75.2,64.7
077,1910,3.38,4.25,2.87,7.77,1.61,2.82,53.5,58.6,69.0,75.2,72.0,68.9
077,1911,6.67,3.21,4.55,1.97,3.7,6.02,51.1,68.1,73.8,75.4,75.5,71.5
077,1912,6.42,5.27,2.96,4.52,8.23,3.85,56.3,65.9,69.2,76.4,72.8,69.3
077,1913,4.19,2.28,2.86,2.31,3.24,3.16,52.4,63.9,74.0,79.4,76.8,67.3
077,1914,3.34,1.85,3.38,2.97,6.08,1.89,53.0,64.3,75.4,77.7,74.6,66.6
077,1915,1.44,6.34,4.78,4.4,5.49,3.61,57.7,61.8,69.6,74.9,69.1,68.8
077,1916,3.47,4.22,5.95,2.86,3.67,4.26,51.6,65.7,67.8,78.5,76.3,65.3
077,1917,4.67,6.52,5.6,2.62,2.17,2.3,51.7,56.6,69.3,74.2,73.1,66.0
077,1918,3.19,4.7,3.31,4.85,4.03,2.42,51.2,68.2,71.7,72.6,78.8,60.5
077,1919,4.05,4.33,3.33,1.84,1.76,1.94,53.7,60.9,75.3,77.7,72.9,69.5
077,1920,7.58,3.65,3.22,2.53,4.88,3.64,49.3,61.7,70.5,73.6,71.3,68.4
077,1921,4.77,2.91,5.21,2.62,5.39,4.91,56.1,64.1,76.8,79.6,73.4,72.1
077,1922,4.73,3.13,1.81,3.72,2.56,2.86,56.1,66.3,73.5,75.6,74.3,71.5
077,1923,3.78,4.14,4.53,3.48,4.76,2.34,51.7,62.4,72.5,76.1,74.2,68.5
077,1924,3.63,4.01,4.71,2.35,3.76,4.95,54.9,57.6,72.3,72.3,74.5,62.7
077,1925,2.3,1.66,4.15,5.21,5.19,4.12,58.7,58.5,74.9,74.5,73.7,74.1
077,1926,5.12,1.84,2.96,4.46,4.88,4.57,47.5,64.7,68.5,76.2,75.7,69.3
077,1927,5.96,8.96,3.49,3.03,3.65,3.55,54.7,63.3,68.2,74.7,68.1,70.8
077,1928,4.17,3.58,9.4,3.64,3.81,0.95,49.0,61.1,67.2,74.9,74.7,63.2
077,1929,5.38,9.19,4.67,5.74,2.77,4.78,56.8,61.3,69.9,74.9,71.8,66.7
077,1930,1.89,1.11,1.21,0.97,1.82,5.15,55.4,64.4,71.3,79.0,75.0,69.0
077,1931,4.33,2.34,2.89,3.05,5.5,4.89,52.7,60.5,74.0,78.7,73.8,72.4
077,1932,3.25,0.85,5.5,4.74,5.08,4.33,52.4,63.3,72.6,77.2,74.2,67.3
077,1933,6.54,8.61,0.53,2.47,2.36,4.99,52.1,66.2,76.6,76.3,73.4,73.0
077,1934,1.12,1.07,5.81,1.5,4.65,3.76,53.5,66.3,76.2,80.3,73.8,67.1
077,1935,3.29,7.05,3.8,4.78,5.0,1.92,50.2,59.6,67.3,77.3,74.8,66.0
077,1936,4.19,1.47,0.48,3.33,1.72,3.82,48.8,66.2,73.4,81.4,80.6,72.0
077,1937,3.93,3.7,4.04,3.22,3.56,3.32,52.4,62.9,72.0,73.8,76.3,64.9
077,1938,2.31,6.31,2.66,6.41,4.6,2.19,56.2,64.3,70.6,76.3,75.8,69.3
077,1939,6.66,1.45,7.32,4.03,2.16,1.2,51.3,65.4,73.6,75.3,74.4,73.0
077,1940,7.1,3.03,4.04,1.07,2.77,1.22,50.1,59.5,71.3,75.0,75.7,64.6
077,1941,2.72,1.33,8.22,4.03,1.6,1.83,57.0,66.0,72.5,76.4,75.2,71.2
077,1942,3.51,4.6,6.13,3.27,4.04,2.3,56.1,64.0,73.2,76.7,73.8,66.9
077,1943,3.28,5.54,2.89,4.47,0.36,1.7,51.3,65.1,76.6,77.4,76.7,64.8
077,1944,5.21,3.98,0.82,2.31,7.55,3.34,53.0,69.6,76.3,76.5,75.2,67.0
077,1945,4.64,4.56,6.04,3.29,2.18,5.15,54.8,59.4,69.8,73.3,73.1,69.9
077,1946,2.16,5.73,3.71,4.79,5.38,1.13,55.2,61.3,71.9,74.5,68.8,66.5
077,1947,8.51,7.31,5.25,4.08,2.57,3.28,54.0,60.4,69.9,70.4,79.1,68.5
077,1948,6.12,3.0,3.2,3.64,2.19,0.98,57.1,62.8,72.4,75.6,73.7,68.8
077,1949,1.82,2.15,7.87,1.61,4.69,1.86,51.7,64.7,73.9,79.6,74.9,62.2
077,1950,5.06,6.25,5.06,4.19,4.19,4.1,48.2,64.6,70.3,72.6,70.9,65.2
077,1951,3.34,3.0,4.86,1.6,1.78,2.94,50.2,64.6,71.8,75.5,74.2,65.7
077,1952,2.61,3.27,4.47,1.76,1.6,3.2,53.0,62.8,77.4,78.6,74.4,66.9
077,1953,3.73,3.99,1.94,4.95,0.97,0.88,49.0,66.0,76.3,76.1,75.0,68.8
077,1954,2.81,2.78,2.24,1.25,5.12,2.81,58.5,58.4,74.7,78.8,75.7,70.9
077,1955,3.0,5.14,3.79,5.07,0.93,5.11,58.2,64.8,67.1,79.1,77.1,70.1
077,1956,3.12,6.03,4.13,3.41,4.22,3.71,50.5,63.8,71.9,74.8,73.2,64.8
077,1957,6.8,6.2,6.43,4.17,1.51,3.46,55.6,64.2,72.7,75.3,72.8,67.3
077,1958,3.81,5.9,4.76,8.47,4.08,4.82,53.6,62.3,68.5,73.3,71.5,65.7
077,1959,1.75,3.9,2.04,4.06,3.16,1.29,54.8,67.5,71.7,75.3,76.9,69.4
077,1960,1.11,4.71,9.3,3.99,1.63,0.91,56.6,59.6,70.0,73.0,75.1,70.1
077,1961,4.18,8.07,5.15,5.62,3.7,1.87,47.7,57.9,68.6,74.0,72.3,69.8
077,1962,0.74,6.03,3.78,4.69,2.57,2.97,50.7,69.0,71.1,73.6,73.2,63.1
077,1963,2.02,3.69,2.1,5.39,2.49,0.88,55.7,60.8,71.2,73.2,71.5,65.3
077,1964,4.84,1.58,5.1,3.43,2.07,1.86,56.7,65.5,72.8,74.7,73.4,66.9
077,1965,5.74,1.55,2.97,4.39,3.45,6.83,55.0,67.8,71.2,72.9,72.4,68.0
077,1966,6.93,2.17,1.79,3.29,3.32,3.55,50.7,59.8,70.7,77.8,71.8,64.1
077,1967,4.6,5.51,2.42,3.88,2.11,1.33,55.8,59.9,71.3,72.0,69.4,63.2
077,1968,3.88,9.16,2.81,4.65,2.9,3.03,54.5,60.4,71.5,74.6,74.7,66.4
077,1969,4.93,4.01,4.38,4.16,2.43,1.11,55.3,64.1,71.7,76.8,72.3,66.2
077,1970,6.89,2.39,4.08,3.15,2.95,4.09,55.6,66.0,70.7,74.0,73.6,71.3
077,1971,2.17,4.3,3.79,5.39,4.22,3.38,51.8,58.8,74.2,72.2,71.1,69.3
077,1972,7.52,4.76,2.18,4.24,2.84,4.95,52.6,63.6,67.3,74.1,73.0,69.2
077,1973,5.16,4.09,7.58,7.16,1.61,2.98,51.8,59.3,72.6,75.3,74.1,69.5
077,1974,4.27,6.58,2.52,2.34,6.4,5.18,55.1,62.8,67.3,74.4,72.5,61.7
077,1975,4.86,3.9,4.66,2.14,2.66,4.42,50.4,66.1,71.7,74.4,76.3,63.2
077,1976,0.98,3.15,6.65,3.0,3.27,3.3,54.3,59.4,70.7,73.7,70.6,63.4
077,1977,3.7,2.75,4.69,4.29,6.21,2.11,57.2,67.8,70.6,77.7,73.6,69.3
077,1978,3.23,5.1,4.58,7.1,6.37,1.11,54.2,60.6,72.0,74.8,73.2,69.8
077,1979,5.82,4.2,4.52,7.41,6.07,7.69,51.8,61.0,70.9,72.6,72.7,65.2
077,1980,2.42,5.29,4.19,4.34,4.33,2.14,50.5,63.5,69.7,78.3,77.7,69.0
077,1981,4.79,5.64,2.84,4.08,2.61,2.41,58.3,59.3,72.8,75.6,72.5,64.8
077,1982,2.66,5.05,5.46,3.72,4.06,2.83,48.5,67.6,67.8,75.9,70.8,64.7
077,1983,6.71,9.14,4.36,1.1,2.35,1.46,49.7,59.9,71.2,78.3,78.9,68.0
077,1984,5.36,6.29,1.48,5.27,3.2,3.45,51.6,59.9,74.1,72.7,74.1,65.4
077,1985,1.78,4.18,4.08,4.16,4.96,1.03,57.7,64.1,69.6,74.5,72.6,66.8
077,1986,2.24,4.2,2.82,5.05,2.11,3.8,55.2,65.2,73.2,77.3,70.9,70.3
077,1987,2.49,1.76,3.92,6.45,2.45,1.38,52.4,68.3,73.8,76.5,75.1,68.0
077,1988,3.98,2.53,0.48,5.36,3.44,3.34,52.5,63.0,72.2,77.3,77.0,66.6
077,1989,5.5,4.62,4.55,4.96,5.3,3.03,52.5,59.8,70.7,75.1,73.0,65.6
077,1990,4.08,9.56,5.62,2.78,3.98,3.41,52.3,60.5,71.1,74.2,72.5,67.9
077,1991,3.77,3.29,2.41,2.23,5.11,2.48,56.4,70.0,74.3,77.0,74.7,67.6
077,1992,2.94,3.26,4.86,8.06,5.9,2.84,54.0,60.5,68.0,74.7,69.4,65.1
077,1993,4.44,3.24,4.79,3.63,5.76,3.53,51.5,63.0,71.0,78.4,74.9,64.4
077,1994,7.05,3.4,3.18,3.76,3.46,2.01,55.4,59.4,74.0,74.8,71.3,64.9
077,1995,4.52,10.61,2.98,3.55,4.87,1.51,54.1,62.6,72.1,76.0,78.4,64.7
077,1996,9.37,9.96,5.3,5.14,1.93,6.86,50.5,64.4,71.6,73.0,73.4,65.5
077,1997,2.53,8.61,8.38,1.75,3.31,0.93,49.1,57.9,69.0,75.7,72.2,66.2
077,1998,7.74,5.06,7.05,4.73,2.18,1.09,53.2,67.5,72.6,74.5,75.0,71.5
077,1999,2.85,1.88,4.95,1.94,1.17,0.83,55.6,64.7,73.6,79.4,74.0,66.8
077,2000,4.2,3.62,5.03,5.07,5.8,4.84,52.9,66.4,72.2,73.6,73.1,65.6
077,2001,1.57,5.1,3.69,5.72,3.71,4.93,58.6,65.3,70.3,74.9,75.5,65.3
077,2002,6.91,8.63,4.36,2.61,1.93,6.67,56.6,60.8,73.5,77.5,76.5,71.3
077,2003,4.2,7.2,3.58,8.69,4.41,6.28,56.4,62.8,67.8,74.2,74.9,64.9
077,2004,4.74,8.82,2.7,6.09,3.6,0.63,54.5,68.4,71.6,73.3,70.6,68.0
077,2005,3.01,3.4,2.11,2.5,7.44,3.2,56.2,60.5,74.0,76.4,77.2,70.6
077,2006,5.38,4.3,5.3,3.87,6.58,6.19,58.4,61.2,69.9,76.4,76.1,63.7
077,2007,4.72,2.21,3.57,4.43,2.12,2.17,51.8,67.0,72.8,73.1,79.8,71.6
077,2008,3.07,6.93,6.44,3.63,1.86,3.0,55.0,60.4,73.2,74.3,72.9,69.1
077,2009,4.54,5.73,4.96,7.08,4.2,6.98,54.9,64.2,72.9,70.4,72.0,67.4
077,2010,3.02,5.44,8.04,3.05,2.66,0.28,59.4,66.2,75.4,77.8,77.1,69.3
077,2011,13.57,6.54,7.29,2.38,2.59,4.66,56.6,63.1,72.9,80.2,75.2,65.7
077,2012,3.18,3.83,1.05,2.64,2.7,6.06,55.2,69.0,71.9,80.6,74.0,66.1
077,2013,3.87,5.37,6.29,3.69,2.08,3.24,54.0,65.6,71.9,73.5,73.4,68.9
077,2014,8.54,4.41,3.88,5.28,3.24,2.75,56.1,65.2,73.6,71.0,74.1,66.2
077,2015,5.94,3.17,7.28,9.31,2.3,1.22,55.3,67.0,72.5,74.8,71.6,69.8
077,2016,4.67,3.71,4.08,5.74,6.42,3.17,55.5,62.2,74.3,76.7,78.0,71.8
077,2017,5.8,8.97,6.32,5.67,2.41,4.33,61.0,63.7,71.3,76.0,72.0,67.8
077,2018,4.86,4.88,6.3,4.98,8.14,7.16,49.8,71.7,74.5,75.5,75.9,71.7
077,2019,6.12,5.78,8.6,3.33,2.84,0.15,56.4,66.5,70.8,77.4,74.8,73.9
077,2020,3.66,5.1,4.11,4.31,3.98,1.65,52.0,61.7,72.7,78.0,73.6,67.2
077,2021,4.65,3.38,7.79,6.98,2.86,4.4,54.2,61.2,72.7,75.1,76.2,69.3
077,2022,3.36,6.1,3.41,6.74,6.39,4.03,53.0,67.0,73.0,77.2,74.6,68.2
077,2023,3.05,3.22,2.88,8.21,3.56,1.41,55.7,62.7,70.0,75.9,73.8,69.6
077,2024,4.81,5.09,1.73,5.2,3.77,6.16,58.2,68.2,73.6,75.5,75.1,70.6
077,2025,7.24,4.69,5.1,5.42,1.01,2.74,56.2,61.8,73.9,79.3,73.2,69.5
077,2026,4.91,7.27,6.09,2.12,6.81,,61.7,62.3,72.0,76.8,75.4,
079,1895,1.97,2.39,4.53,3.26,2.08,1.36,54.6,63.2,75.4,74.0,76.0,71.0
079,1896,0.38,4.42,5.74,5.8,3.91,5.15,60.2,69.8,72.3,76.2,74.3,64.8
079,1897,4.57,2.51,4.33,5.82,0.99,0.57,51.8,58.8,70.9,77.0,72.1,69.4
079,1898,1.54,4.01,3.99,2.94,3.97,5.91,50.0,63.9,74.3,77.4,74.9,70.9
079,1899,2.5,4.18,4.15,3.48,4.1,1.07,55.0,65.0,74.5,76.0,76.2,67.2
079,1900,2.06,4.62,3.71,4.34,2.89,0.84,52.7,65.0,72.7,76.5,79.4,72.1
079,1901,2.79,2.25,4.58,1.42,2.8,2.2,48.9,62.0,74.1,81.9,75.2,66.8
079,1902,2.54,5.73,5.93,3.52,1.98,4.54,51.5,67.3,71.5,76.6,72.5,64.7
079,1903,3.75,2.62,5.0,2.94,3.5,1.32,53.0,66.2,67.3,76.2,73.2,67.5
079,1904,2.18,2.86,3.68,1.9,1.34,3.21,48.1,63.0,70.9,74.1,73.0,68.5
079,1905,3.19,6.12,3.46,3.69,5.36,2.27,53.0,64.8,72.7,74.9,74.5,68.1
079,1906,1.85,2.13,2.6,2.81,3.66,6.25,55.1,63.4,72.2,75.1,76.3,70.9
079,1907,2.65,2.98,4.62,4.98,3.17,2.46,44.3,58.3,68.6,75.9,72.6,67.0
079,1908,4.86,6.71,2.13,2.06,1.73,0.84,54.1,65.2,71.8,76.3,75.1,71.0
079,1909,5.26,6.12,3.62,6.52,1.64,2.02,51.8,60.8,73.7,73.3,75.4,64.8
079,1910,3.27,4.17,2.43,7.6,1.61,3.25,53.3,57.9,68.9,75.2,71.6,68.4
079,1911,6.56,3.19,3.89,1.9,2.84,7.52,50.7,67.8,73.6,75.6,75.3,71.1
079,1912,6.06,4.64,2.71,4.9,6.44,3.26,55.8,65.4,68.9,76.1,72.7,68.9
079,1913,4.17,1.8,2.5,2.12,3.8,2.82,52.1,63.8,73.8,79.5,76.8,67.0
079,1914,3.59,1.67,2.37,2.8,5.75,2.07,53.0,64.3,75.9,78.0,74.7,66.7
079,1915,1.63,6.01,4.69,5.59,6.9,3.35,57.6,61.4,70.0,74.6,69.0,68.8
079,1916,3.59,3.72,6.54,3.95,3.52,3.95,51.2,65.4,68.0,79.2,76.4,65.8
079,1917,4.48,6.25,6.0,3.07,2.1,1.89,51.1,56.6,69.2,74.7,72.8,65.8
079,1918,3.75,5.06,3.31,3.3,4.29,3.19,50.6,67.9,71.6,72.9,78.9,59.8
079,1919,3.21,3.88,3.43,1.74,2.06,1.95,53.0,60.4,75.5,77.9,72.8,69.6
079,1920,6.7,3.61,3.19,2.41,4.37,3.62,48.6,61.2,71.0,73.8,71.6,68.8
079,1921,4.68,2.56,5.05,2.1,4.49,6.1,56.2,64.2,76.8,80.0,73.6,72.1
079,1922,5.03,3.74,1.29,2.97,2.82,1.94,55.6,66.3,74.0,75.6,74.3,71.3
079,1923,3.01,4.12,4.89,3.4,4.74,3.02,51.2,61.8,72.3,75.9,74.0,68.3
079,1924,4.05,4.04,4.78,1.73,4.35,4.35,54.0,57.1,72.2,72.5,74.1,62.9
079,1925,2.16,1.27,3.89,4.07,3.98,4.73,58.5,58.6,75.1,74.9,73.9,74.0
079,1926,4.02,2.01,2.6,3.71,5.14,6.81,47.0,64.2,68.3,76.3,75.9,69.6
079,1927,5.21,8.08,4.29,2.46,3.06,4.74,54.1,62.6,68.0,74.6,68.0,71.1
079,1928,3.99,2.45,6.55,3.28,4.05,0.72,48.9,61.2,67.0,75.0,74.9,63.2
079,1929,4.32,8.46,4.71,4.9,2.29,4.36,56.4,60.9,70.0,75.1,71.7,66.8
079,1930,2.06,1.21,1.48,0.72,2.42,3.74,55.3,64.1,71.6,78.7,74.7,69.1
079,1931,3.89,2.21,2.2,4.98,4.41,6.33,53.0,59.9,74.2,78.7,73.9,72.2
079,1932,3.22,0.93,5.19,3.89,4.17,6.14,51.9,62.9,72.9,76.9,74.2,66.9
079,1933,5.73,8.51,0.65,2.17,2.74,4.9,51.8,65.8,77.0,76.4,73.4,73.1
079,1934,0.88,0.88,5.83,1.99,3.72,4.56,53.4,66.2,77.0,80.9,74.1,67.3
079,1935,2.29,6.95,3.28,3.85,3.75,2.15,50.3,59.2,67.8,77.9,75.3,66.3
079,1936,3.1,1.4,0.56,2.69,2.07,3.55,48.6,65.7,73.0,81.9,80.7,72.2
079,1937,4.28,3.44,3.34,3.06,4.48,3.97,52.2,62.9,72.3,74.6,76.3,64.8
079,1938,1.88,6.9,3.68,4.95,3.67,1.8,55.8,63.5,70.5,76.5,76.2,69.3
079,1939,7.01,2.24,7.27,4.2,1.61,1.16,50.1,65.3,74.0,75.4,74.4,73.0
079,1940,8.08,3.61,4.01,0.98,1.75,1.33,49.6,59.4,71.6,75.0,75.5,64.8
079,1941,2.13,1.36,7.4,2.27,2.15,2.82,56.8,65.8,72.5,76.7,75.1,70.9
079,1942,2.86,5.1,6.82,3.42,4.47,1.77,56.3,64.2,73.1,76.5,73.6,66.8
079,1943,3.25,6.57,2.91,4.1,0.69,2.63,51.2,64.6,76.8,77.5,76.4,64.4
079,1944,5.57,4.21,1.18,2.2,5.68,3.45,52.8,69.6,76.5,76.6,75.4,66.8
079,1945,4.89,5.03,8.68,3.15,1.77,5.89,54.5,59.3,69.9,73.2,73.1,69.5
079,1946,2.14,5.09,3.53,4.19,4.82,0.57,54.6,60.9,72.0,74.4,68.8,66.4
079,1947,8.98,7.36,5.28,4.59,3.15,2.71,53.5,60.3,69.9,70.7,79.4,68.0
079,1948,4.19,3.17,3.44,4.11,2.15,1.43,56.9,62.6,72.4,75.6,73.6,68.3
079,1949,1.21,2.37,6.27,2.27,4.26,3.07,51.5,64.8,74.0,79.6,74.9,61.6
079,1950,5.08,4.92,5.21,2.95,4.65,4.3,48.2,64.6,70.4,72.4,70.9,65.2
079,1951,3.73,3.82,5.15,2.0,1.41,2.55,50.2,64.7,71.5,75.1,73.8,65.0
079,1952,2.7,3.42,5.32,1.74,1.79,4.08,52.3,62.4,77.4,78.4,73.9,66.5
079,1953,3.48,4.6,1.87,4.74,1.36,0.49,49.1,65.6,76.3,75.9,74.8,68.8
079,1954,3.37,2.86,2.3,1.06,4.81,2.01,58.0,58.1,75.0,78.5,75.3,70.5
079,1955,3.1,4.38,3.9,5.28,1.05,5.69,58.3,64.4,66.9,79.2,76.8,69.9
079,1956,3.84,5.95,4.99,3.93,2.51,4.29,50.5,64.1,71.7,74.8,73.5,64.7
079,1957,6.37,7.55,6.75,5.52,1.6,3.35,54.8,63.8,72.7,75.4,73.1,66.7
079,1958,3.86,7.17,5.65,9.61,4.16,5.3,53.4,61.7,68.4,73.7,72.0,66.2
079,1959,2.23,4.13,2.37,4.78,2.99,2.26,54.8,67.2,71.9,75.4,77.5,69.6
079,1960,1.19,5.88,9.75,4.11,2.23,0.77,56.4,59.4,69.7,73.0,75.0,70.4
079,1961,3.6,7.49,5.18,6.3,3.08,1.59,47.5,57.7,68.3,73.9,72.3,69.8
079,1962,0.89,4.92,3.96,6.66,2.88,1.64,50.8,68.6,71.0,73.2,72.7,62.6
079,1963,3.02,2.56,1.93,6.2,3.03,0.8,55.2,60.3,71.3,73.5,70.8,65.3
079,1964,5.09,1.11,4.78,4.35,1.47,1.29,56.2,65.3,72.6,74.6,72.8,66.9
079,1965,5.24,1.61,2.07,3.73,4.3,5.29,54.7,67.9,71.4,72.7,71.5,67.5
079,1966,5.68,2.16,1.82,3.43,3.84,3.57,50.1,59.0,70.0,77.4,71.3,63.9
079,1967,4.4,6.47,2.59,4.28,2.22,1.09,55.6,59.5,71.3,71.8,69.1,63.3
079,1968,3.74,11.67,3.34,5.41,3.6,2.27,54.1,59.7,71.4,74.7,74.1,66.0
079,1969,5.21,4.69,4.42,6.02,1.77,1.43,54.7,63.4,71.0,76.0,71.9,65.5
079,1970,6.38,2.03,3.39,3.69,2.67,3.53,55.1,65.4,70.4,73.4,73.0,71.1
079,1971,1.45,4.06,4.9,6.02,3.09,4.49,51.4,58.7,73.8,72.0,70.6,69.4
079,1972,7.52,4.74,3.04,3.96,3.04,4.41,52.0,63.7,66.9,73.9,72.9,69.4
079,1973,5.24,3.67,7.02,6.11,1.57,2.78,51.4,58.8,72.3,75.3,73.9,69.3
079,1974,4.32,6.61,2.39,2.16,5.65,6.2,54.5,62.2,67.1,74.5,72.4,61.2
079,1975,3.84,4.12,3.22,2.61,2.9,3.9,49.9,65.9,71.6,74.2,76.3,63.0
079,1976,1.24,3.21,5.08,3.32,2.95,3.91,54.1,59.2,70.6,73.4,70.3,63.2
079,1977,3.6,3.06,5.45,4.43,5.18,2.2,57.2,68.3,70.3,77.2,73.1,69.1
079,1978,3.34,4.8,4.03,6.66,7.3,0.93,54.0,60.7,72.1,74.3,72.6,69.5
079,1979,4.64,4.16,3.92,8.72,7.44,3.8,50.9,60.8,70.7,72.4,72.2,65.0
079,1980,2.6,4.96,4.56,3.06,4.44,2.75,50.0,63.6,69.6,77.9,77.2,68.5
079,1981,5.93,6.21,2.69,3.82,3.28,1.88,57.8,58.9,72.7,74.8,71.6,63.8
079,1982,2.15,4.88,5.0,3.85,3.88,1.99,48.1,67.9,66.9,75.3,70.2,64.1
079,1983,5.84,8.83,3.49,1.45,2.42,2.16,48.9,59.4,71.2,77.6,78.3,67.1
079,1984,5.48,4.3,1.54,4.75,4.22,4.55,51.0,59.2,74.0,72.3,73.6,65.2
079,1985,1.92,5.17,3.4,4.03,4.47,1.06,57.3,64.1,69.7,74.4,72.1,66.7
079,1986,1.88,3.05,2.45,4.99,2.11,4.19,55.0,64.5,72.7,77.0,70.5,70.0
079,1987,2.12,2.42,2.97,6.9,1.56,1.29,52.0,67.8,73.4,75.9,74.7,67.8
079,1988,4.13,1.93,0.56,4.79,2.84,2.74,52.2,63.5,72.3,76.9,76.8,66.5
079,1989,5.08,4.66,4.0,4.7,4.97,3.1,51.9,59.3,70.5,75.0,72.4,65.0
079,1990,3.24,10.58,4.42,3.45,2.83,2.89,51.7,60.1,70.7,73.7,72.0,67.7
079,1991,4.04,3.58,1.36,3.07,4.85,2.81,56.0,69.6,74.2,76.6,74.6,67.1
079,1992,2.89,2.94,4.11,10.29,5.12,2.51,53.2,60.1,67.5,74.3,68.9,64.7
079,1993,4.9,3.55,3.87,3.66,5.4,5.01,50.7,62.7,70.8,77.8,74.6,63.2
079,1994,6.17,3.94,3.53,3.07,3.73,2.66,54.6,59.1,74.2,74.9,71.1,64.8
079,1995,5.7,9.88,3.0,2.97,6.91,1.52,53.6,62.1,72.3,75.9,77.9,64.3
079,1996,8.74,9.41,5.54,3.28,1.62,6.53,50.0,63.6,71.6,73.2,73.6,64.7
079,1997,2.85,7.85,7.32,3.14,5.05,1.1,48.5,57.8,69.2,75.4,71.6,65.9
079,1998,8.92,5.35,8.16,5.68,1.95,1.35,53.1,67.3,72.5,74.3,74.5,70.8
079,1999,3.87,2.63,4.67,1.81,1.94,0.86,55.4,65.0,73.2,79.0,73.1,66.5
079,2000,4.87,4.22,5.08,4.5,5.62,4.92,51.7,66.0,72.2,73.0,72.5,65.0
079,2001,2.31,5.1,4.47,5.0,4.07,5.54,59.0,64.9,69.8,74.6,75.2,64.9
079,2002,7.56,9.49,5.72,2.38,3.37,4.8,56.5,60.4,73.4,77.3,76.0,70.5
079,2003,4.08,6.36,4.46,8.48,2.71,5.73,55.5,62.8,67.5,74.1,74.8,64.5
079,2004,3.61,9.03,4.85,5.9,4.39,0.63,54.5,68.3,71.3,73.1,70.3,67.9
079,2005,3.29,4.16,2.67,3.19,7.51,3.39,55.9,60.1,73.6,76.0,76.6,70.1
079,2006,5.01,4.91,5.54,3.87,6.07,6.15,57.8,61.1,69.9,75.9,75.6,63.3
079,2007,4.81,1.81,3.25,3.41,2.14,2.92,51.5,67.0,72.8,72.8,79.5,70.9
079,2008,3.17,7.52,6.94,4.9,1.78,2.29,54.4,59.9,73.0,74.2,72.4,68.7
079,2009,4.0,6.23,4.8,6.46,5.58,5.71,54.1,64.0,72.8,70.1,71.8,66.7
079,2010,2.99,4.93,8.05,2.1,1.86,0.35,58.9,65.8,75.3,77.3,77.0,69.3
079,2011,12.05,6.82,6.53,1.2,1.77,4.43,56.1,63.2,73.0,79.8,74.9,65.4
079,2012,3.5,3.01,1.04,3.19,2.17,4.8,54.5,69.1,71.7,80.6,73.6,65.6
079,2013,3.82,4.29,6.17,2.57,0.99,3.67,53.7,65.6,71.6,73.4,73.0,68.2
079,2014,7.01,5.0,4.97,6.17,2.6,2.58,55.4,64.6,73.0,70.3,73.3,65.5
079,2015,5.6,2.48,7.85,10.2,2.85,1.15,54.9,66.4,72.2,74.1,71.2,69.6
079,2016,5.41,3.52,3.29,5.57,7.16,3.79,54.9,61.7,74.0,75.3,76.9,71.0
079,2017,5.41,7.72,6.74,4.91,2.17,2.89,59.9,62.9,70.7,75.1,71.5,67.6
079,2018,4.41,3.13,6.88,5.29,5.88,6.85,48.7,71.3,73.6,74.7,74.8,70.8
079,2019,6.24,6.24,8.85,2.28,3.69,0.24,55.3,65.7,70.1,76.6,73.9,72.8
079,2020,3.02,4.97,3.03,4.09,4.14,1.07,51.2,61.1,72.3,77.1,72.7,66.2
079,2021,3.99,3.22,7.26,7.19,2.36,4.91,53.7,60.8,72.6,74.5,76.0,69.0
079,2022,3.17,5.43,3.36,5.85,3.62,3.31,52.3,66.6,72.6,76.8,74.2,67.5
079,2023,2.98,2.85,2.06,6.32,3.1,0.79,55.4,63.0,70.2,75.5,73.4,68.9
079,2024,4.89,5.19,1.65,4.97,4.0,4.49,57.5,67.9,73.3,74.8,74.3,69.6
079,2025,6.3,4.52,5.29,6.06,1.25,2.74,55.3,61.0,73.4,78.6,73.0,68.9
079,2026,5.24,8.07,5.69,1.57,6.71,,60.6,61.1,71.3,76.1,74.2,
081,1895,1.92,1.07,4.96,2.89,2.08,2.2,53.6,62.5,74.7,73.0,74.7,69.6
081,1896,1.05,2.83,4.47,6.55,5.05,4.64,58.9,68.9,71.5,75.3,73.1,63.4
081,1897,4.97,2.74,4.51,4.33,1.09,0.97,50.3,57.9,70.0,77.0,71.0,69.0
081,1898,1.63,2.65,3.7,3.56,3.74,6.39,49.5,62.8,73.2,76.4,73.5,69.6
081,1899,1.61,3.78,2.31,2.69,3.48,1.51,53.4,62.7,74.2,75.1,75.8,66.2
081,1900,1.46,5.15,4.59,4.39,2.29,1.34,51.4,64.4,71.6,75.6,78.7,71.2
081,1901,2.52,1.78,4.98,1.21,3.21,1.51,48.4,61.1,73.5,81.8,74.9,66.7
081,1902,2.14,4.69,8.67,2.68,2.18,5.36,50.4,66.2,70.1,76.0,71.6,64.0
081,1903,3.25,4.71,3.45,4.82,3.08,1.29,51.5,65.1,66.2,75.6,71.9,66.6
081,1904,2.07,3.67,3.25,2.3,1.52,3.88,46.6,61.5,68.6,73.2,70.6,66.4
081,1905,4.25,5.65,2.33,3.82,5.16,3.11,51.4,62.9,71.7,73.5,73.8,66.4
081,1906,2.32,2.35,4.45,3.02,4.74,4.84,53.8,62.8,69.6,73.8,75.5,69.2
081,1907,2.79,3.61,4.8,4.32,2.5,2.01,42.2,56.4,67.0,74.6,71.1,64.7
081,1908,4.5,6.16,2.18,1.52,1.54,0.81,52.2,63.4,70.2,75.4,73.5,70.0
081,1909,4.84,5.97,5.08,4.84,2.43,2.43,50.7,59.8,72.8,72.4,74.5,64.3
081,1910,3.07,3.73,1.94,8.31,1.73,3.93,52.7,56.9,68.2,74.4,70.8,67.4
081,1911,5.57,2.58,3.05,1.17,2.75,7.64,49.4,67.4,73.1,75.4,74.2,70.0
081,1912,5.33,4.48,2.33,5.97,5.27,3.28,54.0,64.2,68.5,75.2,71.4,67.9
081,1913,3.89,1.95,2.13,3.31,3.87,2.19,51.3,63.4,73.5,78.3,75.5,66.2
081,1914,3.58,1.58,1.86,2.67,5.74,2.61,51.8,64.3,75.9,78.2,74.2,65.9
081,1915,1.13,5.45,3.06,5.97,7.58,3.74,56.7,60.0,69.6,73.6,67.8,68.0
081,1916,2.87,4.44,5.96,3.4,3.53,3.5,49.8,64.1,67.5,79.6,75.4,64.7
081,1917,4.5,5.38,6.93,3.5,2.42,2.75,49.4,55.7,68.5,74.8,72.0,64.7
081,1918,5.21,4.99,3.16,2.32,4.56,3.85,48.6,67.3,71.1,73.0,78.0,58.5
081,1919,2.71,4.29,3.23,1.42,2.24,1.73,51.4,59.5,75.3,77.8,72.4,69.6
081,1920,5.74,4.08,3.37,3.59,2.58,2.38,46.4,60.1,70.7,73.3,71.4,68.2
081,1921,4.8,2.23,2.98,2.65,5.85,7.11,55.2,63.8,76.6,79.6,72.5,70.9
081,1922,7.2,3.02,1.12,3.96,3.41,1.56,54.6,66.2,74.0,74.6,73.1,70.6
081,1923,2.21,5.39,4.81,3.04,5.13,2.5,49.5,60.3,71.5,75.0,72.7,67.1
081,1924,3.85,4.67,5.4,1.86,4.72,3.27,52.3,55.3,71.6,71.9,72.8,62.0
081,1925,2.3,1.62,5.35,4.73,2.62,4.62,57.0,58.2,74.8,75.1,73.8,73.5
081,1926,3.92,3.21,2.26,3.98,8.69,9.66,45.7,63.7,67.8,76.3,75.6,68.6
081,1927,4.95,7.2,2.85,2.18,3.13,4.01,52.0,61.0,66.7,73.8,66.8,70.3
081,1928,3.49,2.2,6.06,3.21,2.9,0.8,47.2,60.4,65.9,74.3,74.1,62.2
081,1929,4.58,8.36,4.71,5.22,1.86,3.58,54.1,59.3,69.0,74.5,71.1,65.9
081,1930,2.59,2.29,2.32,1.01,1.7,2.97,53.9,63.5,70.8,77.4,74.3,68.1
081,1931,2.81,2.47,2.74,5.12,3.8,5.99,52.2,59.1,74.2,78.2,73.3,71.0
081,1932,2.28,1.24,6.41,4.31,3.05,7.71,51.0,62.3,72.6,76.0,73.2,65.8
081,1933,4.56,8.19,1.08,2.46,2.76,5.67,50.5,64.4,76.4,76.1,72.1,72.0
081,1934,1.17,1.36,4.83,2.86,3.72,4.89,51.7,65.7,77.2,80.5,73.3,66.2
081,1935,1.9,6.87,4.41,5.01,2.09,3.91,48.8,58.1,67.9,77.3,74.7,65.6
081,1936,3.57,1.43,0.83,1.58,2.83,5.02,47.2,65.2,72.2,81.7,79.6,70.3
081,1937,4.42,3.03,4.56,5.3,3.55,4.21,50.8,61.8,71.0,74.2,75.2,63.6
081,1938,2.16,6.45,6.48,4.17,3.23,1.92,53.4,61.5,69.3,75.5,74.9,67.5
081,1939,6.56,1.52,5.7,4.15,3.19,0.96,47.6,63.7,72.7,73.8,72.1,70.9
081,1940,6.98,4.08,2.6,0.94,1.82,1.08,47.9,58.2,71.6,74.5,74.8,63.8
081,1941,2.32,1.88,5.62,0.88,1.93,3.21,55.8,64.2,71.6,76.5,74.3,69.2
081,1942,3.17,4.08,6.41,2.67,5.89,2.84,54.7,62.7,71.6,75.6,72.1,64.4
081,1943,2.71,8.09,4.28,3.24,1.82,3.66,48.6,62.2,75.2,75.4,74.1,61.8
081,1944,7.53,3.41,1.52,2.31,3.98,3.43,50.6,67.8,74.6,75.4,73.6,65.2
081,1945,4.54,3.47,8.17,2.81,3.19,6.98,52.9,57.0,68.4,72.1,71.7,67.6
081,1946,1.58,6.9,2.71,2.6,3.73,0.95,52.9,59.3,70.8,74.0,68.1,65.1
081,1947,7.59,5.66,6.67,3.08,4.47,2.97,51.5,58.6,68.4,70.2,78.6,66.2
081,1948,3.39,2.96,4.41,5.07,1.33,2.8,54.6,60.8,71.4,74.4,72.5,66.4
081,1949,1.54,2.7,4.5,3.16,4.65,3.12,49.9,63.0,72.9,77.9,73.0,59.8
081,1950,4.51,3.31,5.13,2.24,3.71,4.15,46.3,63.2,68.4,71.4,69.5,63.7
081,1951,3.45,3.45,6.44,4.02,1.85,2.04,48.4,63.7,69.9,73.8,71.5,62.9
081,1952,3.8,4.2,7.53,2.26,2.41,4.28,51.3,60.9,75.8,76.4,72.1,64.7
081,1953,3.04,4.63,2.79,4.73,1.74,0.82,47.7,64.3,75.2,74.8,73.3,66.8
081,1954,3.32,2.54,2.28,1.62,3.98,1.41,57.2,57.2,74.2,77.3,73.2,69.1
081,1955,3.6,4.04,3.0,3.95,1.79,7.11,56.9,63.1,66.1,78.5,75.5,68.2
081,1956,4.09,6.74,5.51,4.25,2.95,1.75,48.9,62.4,71.1,73.2,72.8,63.4
081,1957,7.62,8.47,6.42,5.06,2.99,3.08,53.4,62.2,71.8,74.8,72.7,64.6
081,1958,3.58,5.04,9.21,7.94,3.36,4.29,51.6,60.7,66.9,73.2,71.5,65.2
081,1959,3.72,5.47,1.84,3.58,3.02,2.92,52.4,66.1,71.8,74.5,76.3,67.9
081,1960,1.74,4.51,7.14,2.97,2.99,1.18,54.7,58.8,68.9,72.0,73.9,69.9
081,1961,5.38,6.85,3.21,3.57,1.93,3.42,45.7,56.6,68.1,73.6,71.6,69.5
081,1962,1.34,5.07,1.83,7.74,5.09,2.05,49.7,68.5,71.4,72.7,71.8,62.2
081,1963,3.14,2.26,2.64,5.08,4.32,0.41,53.2,59.7,71.1,72.8,69.2,64.8
081,1964,8.48,0.77,3.4,3.82,1.55,1.34,54.1,65.0,72.4,74.6,71.9,65.9
081,1965,5.34,2.24,2.64,4.04,4.34,6.32,52.6,67.9,70.8,72.0,70.6,66.9
081,1966,4.06,2.42,2.46,2.46,2.84,5.66,49.1,57.4,70.1,77.0,70.9,63.1
081,1967,3.81,5.95,2.07,2.34,2.32,1.41,53.3,58.1,71.9,72.3,69.0,63.2
081,1968,3.35,10.11,3.0,3.36,3.84,2.25,53.0,58.2,71.3,74.6,73.5,65.1
081,1969,4.12,2.99,3.69,6.5,1.8,3.39,52.9,62.4,68.9,75.4,71.1,63.8
081,1970,6.31,2.24,2.99,4.24,2.49,2.58,52.9,64.7,70.3,73.6,72.5,69.6
081,1971,1.09,4.26,4.03,4.42,1.41,3.99,50.2,58.0,74.2,71.6,70.0,68.6
081,1972,6.31,3.07,4.99,2.8,2.32,5.64,50.6,64.0,66.4,73.4,72.1,67.6
081,1973,4.29,2.63,7.95,6.87,3.04,2.07,50.1,58.5,72.2,75.1,73.1,68.5
081,1974,3.41,7.48,4.29,0.88,5.96,5.34,53.3,60.6,66.7,74.9,72.1,60.5
081,1975,3.58,2.39,4.55,3.79,4.04,3.09,47.9,65.5,71.2,73.5,75.6,61.8
081,1976,1.07,3.73,4.82,3.67,3.96,3.26,53.2,58.7,71.0,73.4,70.0,62.6
081,1977,3.07,3.15,4.15,3.11,6.08,2.05,55.8,68.6,69.6,77.1,72.8,68.5
081,1978,3.5,4.69,5.36,6.52,6.74,0.6,52.2,59.4,71.6,74.3,72.2,68.8
081,1979,3.81,3.33,4.73,12.11,7.66,0.91,49.7,60.4,70.9,72.6,71.9,65.0
081,1980,2.23,3.48,4.69,3.34,6.56,2.67,48.7,63.2,68.9,77.4,76.6,67.7
081,1981,5.98,9.81,2.9,4.9,3.25,2.38,56.3,58.6,72.8,74.6,71.8,63.9
081,1982,2.07,4.63,4.14,3.6,2.78,1.28,47.1,67.4,66.4,74.9,69.7,63.6
081,1983,5.04,6.01,2.86,2.11,3.07,1.01,47.1,58.4,71.5,78.4,78.2,67.0
081,1984,5.06,4.45,2.18,3.71,2.12,3.97,50.0,58.8,74.6,71.6,73.6,64.0
081,1985,2.36,5.38,4.06,3.85,6.88,1.87,56.9,63.7,68.8,73.5,70.9,66.1
081,1986,3.51,6.05,2.83,4.5,2.47,5.14,54.5,63.1,72.4,76.7,69.4,68.7
081,1987,2.93,2.21,4.3,8.43,0.83,1.08,51.6,67.3,73.2,75.2,73.5,67.5
081,1988,3.82,1.3,0.67,4.86,2.95,2.26,51.2,63.4,71.9,76.0,75.8,65.3
081,1989,4.89,5.57,2.93,6.92,6.21,6.03,50.8,58.0,70.8,74.7,71.4,63.6
081,1990,2.66,8.38,3.69,5.15,4.86,2.62,50.5,59.0,70.2,73.0,70.7,66.4
081,1991,3.46,4.14,1.41,3.14,2.88,1.96,55.0,68.4,74.1,75.9,73.5,66.0
081,1992,4.48,2.92,3.33,9.48,2.51,3.13,51.5,59.9,66.6,72.9,68.0,64.2
081,1993,4.45,3.36,5.61,3.46,6.38,6.69,49.9,62.8,69.5,76.4,74.0,61.6
081,1994,6.11,3.78,3.89,2.56,2.53,2.59,52.7,58.6,73.5,73.4,69.8,64.3
081,1995,4.56,7.85,3.02,2.6,4.72,1.59,51.7,60.6,72.0,75.1,77.6,63.1
081,1996,8.35,7.98,4.44,3.56,1.31,5.94,48.7,61.2,70.9,72.3,73.1,64.1
081,1997,2.42,4.71,5.95,2.09,4.24,1.33,47.4,56.8,68.9,74.3,70.2,65.3
081,1998,6.64,5.88,9.21,3.76,2.19,0.44,52.8,66.4,70.8,73.5,73.9,69.7
081,1999,3.98,3.69,4.33,3.11,2.04,1.38,54.3,63.6,72.3,77.7,71.5,65.9
081,2000,4.09,4.97,5.26,4.27,4.53,5.51,50.8,64.8,71.1,72.3,71.6,64.3
081,2001,1.95,4.53,4.06,5.01,3.52,4.99,57.5,64.4,69.5,73.8,74.1,64.0
081,2002,6.73,8.68,3.84,1.56,2.33,4.37,53.9,59.0,73.0,77.1,75.8,69.9
081,2003,2.7,6.06,3.64,7.58,3.3,7.05,53.8,61.5,67.5,73.2,73.5,63.3
081,2004,1.61,7.33,3.87,5.4,4.04,0.24,53.8,67.0,70.2,72.2,69.2,67.9
081,2005,3.78,4.28,3.73,4.48,6.24,4.4,54.7,59.2,73.4,75.2,75.0,69.0
081,2006,4.47,5.47,5.63,5.12,4.55,4.13,55.7,60.2,69.6,75.1,73.9,62.6
081,2007,4.43,1.45,2.68,2.5,1.76,2.87,50.1,66.7,72.5,72.0,77.8,69.5
081,2008,2.58,5.88,11.9,5.4,2.48,2.04,52.6,58.1,72.0,73.2,71.3,67.7
081,2009,6.5,7.58,5.85,6.05,4.59,2.96,51.9,62.4,71.8,69.0,70.6,66.0
081,2010,3.2,4.95,9.28,3.18,0.64,0.55,58.0,64.5,74.3,76.4,75.8,67.8
081,2011,10.95,6.12,5.3,1.22,1.51,5.27,53.9,62.2,72.0,79.5,73.7,64.0
081,2012,3.27,3.23,0.26,0.79,4.48,6.05,52.8,68.0,72.0,81.4,72.7,63.9
081,2013,5.57,3.46,4.67,2.61,1.28,2.72,51.7,64.9,71.0,72.4,71.9,67.4
081,2014,6.15,3.97,5.43,3.98,3.14,3.22,53.3,63.1,72.5,69.0,72.1,64.0
081,2015,4.89,2.48,7.57,9.5,2.21,1.65,53.5,65.6,71.4,73.1,70.2,68.9
081,2016,5.12,3.1,4.45,7.27,7.26,3.4,52.9,60.8,73.2,74.4,75.8,70.0
081,2017,4.08,6.81,4.83,7.3,1.62,1.73,58.2,61.6,70.7,74.6,70.4,67.5
081,2018,4.89,2.76,5.9,3.0,4.63,5.33,46.2,70.8,74.0,74.6,74.0,70.2
081,2019,5.59,4.58,6.21,3.12,4.35,0.91,53.2,63.6,70.0,76.5,72.5,71.4
081,2020,2.65,6.65,2.52,4.43,3.37,0.19,49.4,59.6,71.8,76.3,71.7,65.6
081,2021,2.9,3.51,7.13,7.21,1.86,6.29,52.3,60.0,72.8,73.7,75.5,68.4
081,2022,3.95,5.11,1.51,5.02,4.55,2.4,50.4,65.5,72.9,76.6,73.2,66.4
081,2023,2.94,2.28,2.6,5.74,4.32,1.58,53.3,62.8,70.1,74.6,72.4,67.7
081,2024,7.1,6.68,2.68,6.37,2.57,2.46,56.2,67.7,73.0,73.8,73.5,68.8
081,2025,8.63,5.79,6.17,5.21,1.85,2.69,54.0,61.6,74.2,78.0,71.7,68.0
081,2026,3.61,8.1,5.14,1.99,7.39,,60.1,60.6,70.8,75.9,72.9,
083,1895,3.26,1.86,2.25,7.83,1.9,2.66,57.5,65.4,76.8,75.0,75.9,70.7
083,1896,1.16,5.85,5.68,5.52,2.42,4.67,62.6,72.1,73.5,76.5,75.3,65.1
083,1897,5.98,3.58,3.74,4.09,0.64,1.05,53.4,58.8,72.1,78.1,73.6,72.2
083,1898,3.56,4.45,4.21,2.87,3.46,6.04,50.8,64.2,74.0,77.4,75.2,71.2
083,1899,1.31,3.79,4.4,3.74,3.8,1.38,54.6,65.5,75.2,76.5,77.1,67.8
083,1900,1.28,4.17,9.77,6.0,1.81,4.35,54.0,65.7,73.3,77.6,80.6,71.8
083,1901,2.95,1.37,5.32,1.35,2.77,2.07,48.5,62.5,76.2,83.2,75.5,67.7
083,1902,2.16,3.39,5.73,2.62,4.03,3.09,51.2,71.0,72.6,77.4,73.3,64.4
083,1903,5.45,2.18,2.75,3.58,4.32,1.14,53.0,67.5,68.0,76.9,73.7,67.1
083,1904,2.5,3.57,4.04,3.04,3.23,5.53,48.1,63.5,70.8,74.2,72.4,68.5
083,1905,3.84,4.16,4.37,7.82,4.48,1.94,53.6,66.2,73.9,74.6,75.1,69.4
083,1906,1.55,1.92,3.32,2.95,4.94,5.4,56.5,65.6,72.6,74.9,77.0,71.8
083,1907,3.62,3.85,4.37,3.92,6.2,0.99,44.0,59.0,69.8,77.2,73.3,66.9
083,1908,5.42,6.84,1.93,3.75,1.47,1.52,54.2,65.6,72.6,76.7,75.1,71.3
083,1909,5.44,3.99,5.54,5.84,1.28,2.94,52.1,61.7,73.8,74.3,77.3,66.1
083,1910,3.88,3.61,2.7,8.59,1.61,7.99,53.5,59.3,70.2,75.4,72.5,69.0
083,1911,6.2,3.23,4.21,1.96,1.89,9.05,51.6,69.4,75.3,75.6,74.8,71.7
083,1912,6.28,4.69,2.98,5.83,5.07,5.03,55.6,65.9,68.7,76.2,73.0,69.2
083,1913,4.01,1.54,1.84,2.54,1.94,3.82,52.9,65.2,76.2,79.8,79.5,68.2
083,1914,3.47,0.65,1.63,2.0,4.12,4.52,53.5,66.4,78.3,79.8,76.2,67.0
083,1915,1.17,7.84,4.62,4.8,6.67,2.24,58.9,62.6,70.4,74.7,68.8,70.3
083,1916,1.93,3.84,9.45,2.58,3.99,2.99,51.4,65.8,68.7,80.2,77.0,66.9
083,1917,5.85,5.15,5.54,4.99,2.86,1.04,52.3,58.2,69.9,75.2,72.9,67.0
083,1918,6.92,6.7,3.79,4.37,3.65,5.09,50.2,68.8,72.4,73.3,78.7,60.2
083,1919,3.08,5.66,6.44,1.06,2.19,2.16,54.8,61.3,75.5,78.8,74.0,71.1
083,1920,3.14,5.6,1.4,2.36,4.77,3.59,49.7,62.9,71.5,75.0,72.6,69.8
083,1921,3.34,2.45,3.37,1.8,5.01,6.21,56.5,65.4,77.3,80.7,73.9,73.0
083,1922,5.43,5.03,2.69,3.93,1.75,1.37,56.8,67.2,74.6,75.2,74.5,71.6
083,1923,3.56,5.34,4.44,3.23,5.7,2.63,51.4,62.1,72.7,76.4,74.6,67.4
083,1924,2.17,4.54,4.19,2.65,3.27,3.45,55.2,57.5,72.9,72.8,74.8,63.5
083,1925,2.37,1.46,5.23,3.1,2.76,5.08,59.8,60.0,76.0,76.4,75.2,75.3
083,1926,3.98,0.93,2.53,2.09,4.07,5.64,47.9,66.6,70.0,78.6,76.8,70.8
083,1927,6.13,10.36,4.02,4.36,3.68,5.41,55.5,63.5,69.2,75.4,68.8,72.0
083,1928,4.24,3.82,6.96,2.01,2.99,1.29,49.4,62.9,67.4,77.1,76.4,64.1
083,1929,4.73,7.57,4.03,2.91,2.7,3.53,56.8,61.5,70.9,76.9,73.1,67.4
083,1930,2.03,0.92,3.12,0.3,2.38,4.75,56.4,65.6,72.4,80.8,76.9,70.0
083,1931,3.06,2.84,1.88,3.81,4.22,5.37,54.2,61.2,76.0,80.4,75.0,73.5
083,1932,3.16,1.08,3.62,2.58,4.88,7.04,54.5,64.7,75.0,78.7,75.5,67.6
083,1933,5.17,10.98,1.3,3.05,2.12,3.09,53.4,67.2,78.3,78.0,74.5,75.1
083,1934,1.02,1.45,4.16,5.1,4.46,6.25,54.2,67.6,79.3,81.1,75.7,67.2
083,1935,2.83,8.59,5.93,2.86,3.54,2.09,51.5,60.9,69.3,79.1,76.6,67.7
083,1936,3.13,1.22,1.76,3.05,0.96,3.4,49.5,68.4,74.4,83.4,81.4,72.5
083,1937,5.17,3.57,4.61,2.02,3.55,3.68,52.7,65.1,73.6,75.8,77.9,66.1
083,1938,2.24,5.5,5.73,6.74,3.68,2.3,56.4,64.5,71.6,76.8,77.3,70.1
083,1939,7.29,1.33,6.46,3.36,2.26,1.22,50.7,66.4,74.4,76.8,74.7,73.8
083,1940,6.96,3.63,2.61,2.16,1.78,1.34,52.0,61.0,73.5,77.2,77.0,66.6
083,1941,3.58,2.15,4.66,2.6,3.5,1.44,58.7,67.5,74.8,78.1,76.5,71.7
083,1942,3.01,3.8,8.03,5.1,2.8,1.46,57.1,64.9,73.7,77.2,74.2,67.5
083,1943,3.64,8.57,2.71,3.3,0.47,3.05,52.3,65.0,77.5,78.7,78.5,64.5
083,1944,6.78,3.85,1.57,1.11,4.33,1.91,53.6,69.1,77.3,78.1,76.3,68.3
083,1945,6.14,4.2,9.23,3.13,4.61,8.76,55.6,60.4,70.3,74.6,73.8,69.6
083,1946,2.34,7.9,4.17,3.84,4.75,1.62,57.0,61.4,73.1,76.3,70.2,67.3
083,1947,7.88,4.01,5.08,3.01,2.07,4.4,54.8,61.6,71.1,72.5,81.0,68.7
083,1948,3.58,4.22,5.05,8.47,0.91,3.29,57.9,63.0,73.7,76.2,74.6,68.8
083,1949,1.73,1.97,5.43,3.58,3.8,2.66,53.0,66.2,75.0,79.5,75.0,62.3
083,1950,6.23,4.08,4.6,3.45,3.51,7.23,49.5,65.8,71.8,73.8,71.6,66.1
083,1951,2.98,2.71,5.01,2.5,3.66,2.95,51.1,66.0,72.6,76.3,74.6,65.3
083,1952,4.37,2.4,3.56,4.01,1.86,3.07,54.0,64.2,79.3,78.8,75.3,67.5
083,1953,3.8,3.84,2.71,2.35,0.87,0.95,50.8,66.6,78.9,78.0,76.5,69.9
083,1954,2.94,2.53,1.89,1.8,4.8,3.96,59.7,60.5,77.7,80.8,76.9,71.5
083,1955,5.84,3.77,3.74,4.71,0.46,3.85,59.8,66.2,68.6,80.8,77.7,71.3
083,1956,4.31,5.14,3.07,4.1,1.9,2.86,52.0,65.6,74.3,75.7,75.0,66.1
083,1957,6.29,6.06,6.63,5.56,1.61,2.4,57.2,64.7,74.2,76.9,74.4,66.5
083,1958,3.39,3.62,5.81,13.41,3.84,3.7,54.5,64.1,69.9,75.0,74.0,67.5
083,1959,1.9,5.13,1.71,5.47,4.91,5.41,55.6,68.1,73.6,76.1,77.6,69.7
083,1960,2.29,5.66,5.29,3.49,1.9,0.22,57.6,60.8,71.6,74.4,76.3,72.5
083,1961,3.94,10.27,4.58,3.79,3.63,0.97,49.2,59.4,70.8,76.0,73.5,71.1
083,1962,1.34,4.14,3.39,3.56,3.27,3.04,52.0,71.9,73.6,75.6,74.2,64.7
083,1963,2.85,3.81,2.56,5.52,1.54,0.47,57.2,62.5,73.7,74.7,72.9,67.5
083,1964,4.09,2.48,5.57,4.53,1.6,1.99,57.5,67.3,74.4,76.0,74.0,67.6
083,1965,3.77,1.7,5.11,3.83,3.63,6.14,56.3,69.9,72.7,74.7,73.5,68.2
083,1966,5.65,3.79,1.94,2.36,3.14,5.49,51.2,60.6,72.4,80.1,72.6,65.1
083,1967,4.38,5.39,2.75,4.64,2.52,1.96,57.2,60.9,73.4,73.1,69.9,64.4
083,1968,4.53,6.55,2.4,4.36,4.26,2.04,55.1,61.8,74.0,76.6,75.9,67.0
083,1969,4.5,3.02,4.74,8.81,2.55,1.77,54.7,64.7,72.2,77.5,73.6,66.5
083,1970,5.67,2.51,6.22,2.76,2.26,2.09,56.2,67.1,71.4,74.7,74.5,72.7
083,1971,1.16,4.52,3.69,5.08,1.4,3.28,53.5,60.0,75.8,73.4,72.8,70.4
083,1972,8.52,1.99,3.09,2.65,4.12,4.79,54.1,66.3,70.3,75.5,74.0,70.0
083,1973,5.63,4.06,6.17,2.8,2.63,2.15,52.8,60.5,73.9,77.3,75.3,70.6
083,1974,3.32,7.06,4.12,0.97,8.36,6.32,55.4,64.0,68.8,77.0,73.6,62.5
083,1975,3.91,2.73,3.9,4.07,4.48,2.71,51.8,67.5,73.6,75.5,76.4,63.3
083,1976,1.5,5.55,3.25,4.86,2.58,4.02,55.7,60.0,71.6,75.3,71.9,64.8
083,1977,3.47,2.73,5.17,4.16,6.92,3.1,59.0,70.2,72.0,78.4,74.2,70.7
083,1978,3.41,4.67,1.11,5.76,5.09,0.83,55.3,61.8,74.0,77.2,74.4,70.7
083,1979,4.88,3.61,3.68,12.72,5.04,1.26,52.1,62.1,73.1,74.4,73.8,67.0
083,1980,2.94,2.44,5.54,4.04,3.78,3.39,51.5,64.6,71.8,80.1,79.2,70.2
083,1981,4.69,12.01,2.69,3.94,3.89,1.82,59.8,59.9,74.9,77.3,73.8,65.9
083,1982,2.49,4.97,4.39,3.28,3.28,4.69,49.2,69.1,68.5,77.0,72.2,65.8
083,1983,6.42,9.03,5.12,1.52,2.02,1.62,48.5,60.4,72.4,79.7,79.9,68.8
083,1984,7.3,4.74,0.87,3.34,1.73,3.89,52.2,60.8,76.6,74.0,74.8,65.5
083,1985,2.55,5.28,4.33,1.53,5.98,1.94,58.0,65.4,70.8,76.1,72.7,67.7
083,1986,2.24,7.2,2.57,8.06,2.98,4.45,57.3,65.5,74.5,79.3,71.2,71.2
083,1987,2.68,3.32,3.76,5.67,1.7,2.12,53.3,70.1,74.9,77.2,76.3,69.4
083,1988,3.07,1.6,0.71,5.38,2.18,1.38,54.2,65.5,74.7,78.2,78.2,68.1
083,1989,4.51,4.86,4.42,6.88,5.6,3.85,53.6,60.1,72.3,76.1,74.2,66.0
083,1990,3.44,10.43,7.03,3.9,2.76,3.09,52.7,61.4,73.2,75.6,73.4,69.1
083,1991,3.07,2.33,1.6,1.91,2.8,2.71,58.0,70.8,76.0,78.2,76.1,68.6
083,1992,2.68,4.27,1.84,7.41,2.9,3.72,54.3,61.9,69.7,76.4,70.6,66.3
083,1993,5.96,4.17,3.68,4.55,3.84,8.27,51.5,64.4,72.7,79.7,76.1,64.4
083,1994,6.7,2.89,3.27,2.85,3.8,3.54,55.5,60.7,75.2,75.8,72.1,65.5
083,1995,4.42,10.75,4.48,2.95,4.16,0.72,54.6,63.2,73.6,77.5,79.8,65.2
083,1996,8.37,8.15,4.72,3.2,1.75,5.51,50.6,65.5,73.3,74.5,75.4,65.9
083,1997,2.81,4.78,6.53,2.01,3.68,1.43,49.8,59.7,71.4,76.8,72.7,67.8
083,1998,8.2,5.81,6.16,5.01,3.02,1.14,54.8,68.5,73.6,76.3,75.9,72.2
083,1999,5.0,3.36,5.83,4.12,1.59,0.65,56.0,65.3,73.8,80.0,73.6,67.9
083,2000,3.16,3.71,6.96,6.14,8.18,4.55,52.8,66.8,72.7,74.5,75.0,67.0
083,2001,1.64,3.38,3.86,5.54,3.71,3.0,60.2,67.1,71.6,76.5,76.3,66.9
083,2002,5.53,10.02,2.89,2.08,1.56,6.08,56.8,62.0,76.0,80.0,77.9,72.4
083,2003,3.66,7.2,3.99,4.24,3.89,4.99,56.2,63.4,69.2,76.5,76.5,65.9
083,2004,1.32,7.98,2.37,6.97,3.86,0.73,56.3,69.1,72.2,74.0,70.8,68.9
083,2005,3.26,3.22,4.03,4.1,6.0,3.88,56.6,62.4,74.9,76.8,77.9,71.9
083,2006,5.94,5.08,3.79,2.71,4.62,5.04,59.1,63.1,73.4,77.8,76.8,64.7
083,2007,3.28,1.88,4.57,1.95,2.46,2.9,52.7,69.6,74.5,74.3,80.6,72.1
083,2008,4.53,7.21,5.77,4.47,0.97,4.09,54.4,60.7,75.4,75.7,73.4,69.4
083,2009,7.0,7.28,5.06,6.28,2.0,6.57,54.8,65.0,75.2,71.8,73.2,68.1
083,2010,3.53,6.58,5.51,6.55,1.67,1.12,60.6,67.1,77.8,78.8,78.6,70.0
083,2011,11.76,6.27,7.94,4.26,0.77,6.67,57.3,64.3,75.4,81.0,75.7,66.2
083,2012,2.9,1.64,0.54,1.6,3.24,9.01,57.0,70.7,73.6,83.4,74.8,66.4
083,2013,5.89,6.45,8.18,4.26,0.71,2.72,54.2,65.5,72.7,74.2,74.0,69.5
083,2014,8.16,3.81,5.17,3.74,4.73,3.24,55.5,65.6,74.9,71.6,74.8,66.3
083,2015,6.94,3.88,9.03,3.82,2.1,2.51,56.3,67.0,74.1,76.3,72.8,70.8
083,2016,4.99,4.95,2.96,6.01,7.83,3.62,55.6,62.8,76.4,76.8,77.6,72.1
083,2017,4.7,6.8,2.74,4.69,0.91,1.11,59.8,64.8,73.6,77.6,72.6,70.0
083,2018,3.36,2.55,8.51,2.41,3.11,8.49,48.5,73.4,76.8,77.2,76.4,73.6
083,2019,6.64,7.2,6.27,5.34,4.44,0.73,56.2,66.6,72.7,78.1,74.9,74.3
083,2020,3.41,4.53,4.54,7.28,2.54,0.43,52.3,62.6,74.9,78.7,74.3,68.0
083,2021,3.55,2.93,4.98,5.84,3.64,3.16,54.5,62.6,74.9,75.9,77.5,70.4
083,2022,4.88,6.65,1.86,11.76,2.54,2.13,53.0,67.7,75.0,77.9,75.2,68.6
083,2023,3.4,2.43,3.96,3.31,4.63,0.67,55.4,65.0,72.2,77.4,74.7,69.5
083,2024,8.31,5.31,2.11,5.25,1.48,4.81,58.5,69.4,75.4,76.0,75.2,70.5
083,2025,9.64,3.97,5.68,7.38,3.26,3.18,56.8,63.6,76.1,80.6,74.0,70.3
083,2026,5.1,6.65,8.54,3.4,3.16,,63.3,64.0,73.8,78.3,76.1,
085,1895,1.39,1.81,1.74,2.0,2.68,1.78,50.2,61.1,71.5,70.8,72.0,67.2
085,1896,2.69,4.84,3.91,11.23,6.45,4.79,54.5,66.3,68.0,71.6,70.1,59.5
085,1897,2.77,3.4,3.9,2.09,3.1,0.54,45.8,55.4,67.3,75.1,67.5,66.0
085,1898,1.61,4.95,3.14,3.03,2.85,3.47,45.4,59.0,70.0,73.8,70.6,65.9
085,1899,0.86,4.29,2.18,3.62,2.16,3.05,51.6,61.1,70.9,72.8,73.1,61.8
085,1900,1.68,3.37,5.34,4.79,4.16,1.81,48.9,62.2,68.0,72.0,75.0,65.5
085,1901,2.1,3.82,3.27,1.47,3.13,1.38,45.5,57.2,71.0,78.4,71.6,62.3
085,1902,1.7,4.8,8.97,4.32,1.7,6.15,46.6,61.7,65.2,72.3,66.8,59.9
085,1903,5.13,2.91,4.53,4.43,4.12,2.46,47.9,62.5,62.8,71.4,67.7,62.7
085,1904,3.7,3.53,1.82,4.76,3.89,3.58,41.8,58.6,66.3,70.3,66.4,63.1
085,1905,4.31,6.34,5.12,3.47,4.57,4.05,46.6,58.8,67.8,71.3,70.6,63.9
085,1906,2.35,2.2,4.12,3.41,4.9,2.72,49.3,60.4,67.5,70.4,73.1,66.9
085,1907,2.54,3.45,5.49,4.99,3.53,4.01,38.6,51.9,64.4,70.8,67.0,60.7
085,1908,3.14,5.98,1.94,2.68,2.4,0.87,47.6,59.9,67.4,72.3,69.9,67.2
085,1909,4.95,3.48,6.66,3.0,4.26,3.33,44.5,55.7,68.0,69.2,70.6,59.3
085,1910,3.51,3.35,0.76,2.42,4.0,5.45,48.6,53.2,65.4,73.5,68.8,62.0
085,1911,4.03,2.72,5.14,1.82,3.85,4.39,44.8,64.2,69.8,72.2,68.4,64.1
085,1912,3.07,4.42,3.44,5.2,5.5,3.03,48.2,60.8,65.5,71.6,67.1,64.1
085,1913,2.54,4.95,1.19,5.05,4.12,2.3,47.2,58.1,68.8,73.2,71.3,61.7
085,1914,2.43,4.65,3.46,1.82,4.14,2.38,46.4,60.6,69.8,74.0,70.8,62.6
085,1915,2.03,5.43,2.37,6.59,4.92,3.54,52.7,54.4,63.9,69.0,63.9,64.8
085,1916,1.88,6.05,6.61,1.23,2.82,4.43,46.7,59.6,63.4,77.2,73.0,61.7
085,1917,3.23,3.93,4.2,2.7,3.02,1.24,45.5,51.6,64.4,70.5,68.4,59.8
085,1918,2.53,4.16,2.87,1.68,1.87,4.0,45.3,64.3,67.8,69.7,75.0,56.0
085,1919,3.2,4.91,2.77,1.93,3.15,2.87,47.0,55.5,72.5,75.1,69.2,66.0
085,1920,5.4,2.25,3.83,4.96,1.43,1.93,42.5,56.2,68.1,68.6,68.5,65.7
085,1921,4.04,3.3,2.97,1.83,6.41,3.19,51.9,61.6,73.4,78.6,70.0,67.7
085,1922,4.25,4.43,2.09,3.04,1.17,1.41,48.6,62.8,69.6,70.8,71.2,67.5
085,1923,1.29,4.62,2.7,5.02,4.03,3.51,45.3,56.2,71.2,72.2,68.8,63.8
085,1924,2.98,3.56,7.5,1.89,2.52,3.01,46.3,51.8,65.0,68.3,69.1,57.7
085,1925,1.83,0.98,2.29,3.49,1.89,5.2,52.4,54.0,71.3,71.3,70.4,68.3
085,1926,3.42,3.49,3.67,3.49,4.46,7.26,40.8,58.8,62.5,71.4,72.1,62.7
085,1927,5.83,5.36,2.6,2.74,2.5,5.23,47.0,57.1,63.4,71.3,64.2,67.2
085,1928,1.62,2.46,5.05,3.57,5.08,1.22,43.6,57.6,62.6,72.1,71.6,59.4
085,1929,5.73,4.97,3.22,2.71,3.99,2.78,49.9,56.0,65.3,72.9,68.2,63.3
085,1930,3.36,2.86,2.9,2.07,2.18,2.56,48.7,59.8,68.1,73.8,70.5,65.1
085,1931,2.16,3.61,4.65,1.59,4.08,4.41,48.4,56.2,71.1,75.8,71.6,68.5
085,1932,1.98,2.36,3.57,3.62,2.47,4.61,46.5,59.0,69.8,72.8,70.8,62.0
085,1933,3.51,6.09,2.29,2.3,3.15,5.57,47.8,61.3,74.8,74.3,68.9,68.0
085,1934,1.9,1.37,2.63,1.53,4.04,5.84,47.1,63.5,74.8,78.4,70.7,63.5
085,1935,2.46,5.45,3.37,2.8,5.19,2.21,44.5,53.0,65.9,75.3,71.5,62.6
085,1936,2.31,2.22,2.41,0.63,4.4,4.95,43.1,62.3,67.6,78.1,74.9,66.4
085,1937,5.12,3.32,5.85,4.31,3.06,2.88,46.5,59.0,67.0,72.3,72.9,61.6
085,1938,3.02,5.04,5.76,4.75,3.0,3.41,49.5,59.0,66.6,72.4,73.0,64.0
085,1939,4.54,1.36,6.59,3.47,3.78,0.62,43.8,62.0,70.7,71.8,70.2,67.6
085,1940,4.22,5.34,3.62,1.52,2.67,0.95,44.0,55.4,69.7,73.3,71.8,61.9
085,1941,2.65,3.16,4.58,1.93,1.7,1.48,53.3,61.8,69.3,73.5,71.5,67.9
085,1942,2.31,2.91,4.53,6.33,4.09,3.62,52.1,60.5,69.0,72.9,68.8,60.8
085,1943,3.27,9.71,2.34,5.8,5.22,3.74,44.5,57.8,72.7,73.0,70.9,59.3
085,1944,5.75,5.13,1.9,1.66,3.02,1.99,45.0,64.0,72.4,73.2,72.5,64.0
085,1945,3.29,5.55,4.04,4.35,3.78,5.2,49.4,52.7,65.4,70.4,69.7,64.1
085,1946,1.04,4.06,4.9,1.87,1.66,2.38,49.2,56.6,67.8,72.8,67.1,64.7
085,1947,5.37,3.96,3.26,2.65,3.25,6.12,46.6,54.5,65.7,69.2,77.6,64.6
085,1948,2.13,4.35,4.96,2.77,2.12,1.94,52.4,57.1,68.0,73.4,71.2,66.1
085,1949,2.0,4.05,5.82,3.63,3.07,2.06,47.0,60.8,72.2,76.4,71.7,58.1
085,1950,5.59,1.82,6.18,5.11,3.0,4.5,41.9,60.6,67.8,70.4,69.4,62.5
085,1951,4.23,3.43,4.26,6.01,4.04,1.94,45.5,61.7,67.3,71.7,68.6,60.9
085,1952,3.91,5.4,4.76,4.69,2.7,2.75,48.8,57.5,73.3,75.5,70.1,63.5
085,1953,3.62,2.82,3.03,2.56,3.02,1.77,44.8,61.5,72.8,74.4,72.5,64.2
085,1954,5.52,2.69,4.64,5.14,4.49,1.42,52.2,54.6,72.4,73.4,70.2,65.5
085,1955,3.28,2.61,2.46,5.6,3.55,1.63,55.1,61.7,66.4,78.3,75.2,65.0
085,1956,5.83,4.72,2.49,3.96,3.3,0.88,45.9,59.5,70.1,72.2,70.6,61.9
085,1957,6.76,2.74,6.16,2.75,2.24,2.76,48.3,59.5,69.6,73.3,70.2,61.5
085,1958,1.86,1.65,7.09,7.55,6.48,4.19,49.4,58.7,64.1,71.9,70.3,63.4
085,1959,5.09,3.79,5.68,2.74,1.94,4.35,48.7,63.7,70.6,72.4,76.0,66.7
085,1960,3.68,4.25,3.88,2.91,3.69,2.83,51.6,57.3,66.7,70.7,71.4,67.6
085,1961,4.58,2.11,4.03,5.59,3.28,5.54,42.3,55.1,67.5,71.7,70.5,68.1
085,1962,1.27,3.62,3.46,3.2,1.81,1.63,47.5,66.2,69.9,70.0,70.8,60.9
085,1963,3.44,2.69,2.8,6.36,1.44,1.89,49.7,57.3,69.6,72.2,66.7,62.6
085,1964,3.93,1.63,4.42,5.12,2.43,2.47,49.5,63.9,70.5,73.8,68.3,63.4
085,1965,4.55,3.75,2.0,3.04,5.37,4.44,47.3,66.0,68.9,70.2,67.9,65.0
085,1966,3.47,3.66,1.78,3.08,2.76,2.17,45.8,54.0,70.3,75.4,68.8,61.7
085,1967,4.29,2.78,3.27,1.36,2.23,1.72,50.1,54.9,71.3,70.0,66.8,61.1
085,1968,3.29,4.47,7.05,2.96,3.66,3.33,50.8,55.8,69.5,73.1,71.8,63.8
085,1969,4.6,2.56,5.04,6.19,0.77,3.26,49.5,59.3,65.1,72.9,71.0,63.7
085,1970,4.82,3.88,3.84,5.5,2.44,6.5,49.0,62.4,68.1,72.5,70.6,64.6
085,1971,1.1,2.42,3.33,3.46,2.67,4.23,46.9,56.3,73.5,70.6,68.6,66.7
085,1972,5.1,4.01,2.45,3.11,4.99,8.38,46.2,62.4,64.8,71.6,70.1,63.9
085,1973,3.12,3.54,4.29,4.61,3.74,1.49,48.6,55.7,71.1,73.1,71.4,65.7
085,1974,2.91,4.91,3.66,0.73,1.79,3.44,50.5,57.0,66.0,74.3,70.9,60.2
085,1975,3.87,4.89,8.05,1.0,6.38,2.24,43.3,63.6,70.0,71.7,72.5,58.7
085,1976,2.29,2.95,5.29,4.89,1.75,2.61,51.1,57.1,70.3,72.2,67.8,61.2
085,1977,2.69,1.96,4.84,2.42,5.84,5.11,54.0,67.1,67.0,75.5,69.2,65.1
085,1978,3.69,3.1,3.08,3.54,2.63,2.51,47.7,59.0,69.3,71.3,70.8,68.0
085,1979,3.52,2.26,2.18,2.76,5.39,0.13,45.5,57.7,68.7,70.8,69.5,63.1
085,1980,2.74,2.62,4.95,3.17,7.69,4.08,47.0,60.8,67.1,76.1,73.2,64.5
085,1981,7.71,5.47,8.71,4.76,2.98,4.3,51.9,56.3,69.4,72.2,69.9,63.0
085,1982,2.15,4.17,3.18,2.72,2.38,2.53,43.7,66.1,64.9,73.7,68.3,62.6
085,1983,5.23,4.26,2.38,3.48,1.57,3.22,44.7,55.7,70.1,76.7,75.4,64.8
085,1984,3.23,5.23,2.6,3.41,1.15,3.55,46.8,55.9,72.2,69.9,72.3,62.0
085,1985,2.26,1.86,2.61,1.71,5.3,2.89,54.3,62.8,66.2,72.1,68.2,64.2
085,1986,2.11,4.05,7.12,6.52,1.95,4.74,51.4,60.3,68.9,74.5,67.0,65.8
085,1987,2.85,5.07,4.41,4.36,4.95,2.36,50.1,63.4,71.5,74.0,70.9,63.8
085,1988,2.58,1.59,0.73,3.13,3.9,3.99,48.2,61.4,70.7,74.7,74.2,63.5
085,1989,2.72,3.67,3.29,3.78,2.79,4.41,46.7,56.8,67.8,72.8,69.2,60.8
085,1990,2.76,5.62,4.14,6.32,7.75,3.05,48.6,56.6,68.6,70.8,68.8,64.0
085,1991,4.56,4.77,2.7,1.88,3.4,1.84,52.0,66.5,72.5,73.8,71.5,62.2
085,1992,2.34,1.76,2.39,7.18,2.4,5.87,46.1,57.6,64.4,69.7,66.0,61.2
085,1993,3.8,3.37,7.12,2.88,3.29,6.25,46.7,60.2,67.0,74.2,71.8,59.5
085,1994,5.36,1.47,7.53,4.02,2.9,1.91,50.4,56.7,70.8,71.9,67.0,63.6
085,1995,4.79,4.52,6.13,2.72,4.02,0.91,46.4,57.4,70.3,73.7,76.7,61.2
085,1996,4.26,6.91,5.02,7.3,2.96,3.06,45.6,57.1,69.7,69.1,71.2,62.8
085,1997,1.67,6.51,5.01,6.64,4.94,4.49,44.5,52.9,68.5,71.6,67.6,62.7
085,1998,5.01,2.62,5.46,5.55,5.08,0.91,50.5,65.4,68.9,71.5,71.9,67.1
085,1999,7.08,3.13,3.41,2.95,3.04,2.13,51.1,62.4,70.8,76.8,68.5,63.8
085,2000,2.88,5.18,6.39,2.57,4.0,4.63,48.0,61.5,68.1,69.7,70.4,62.9
085,2001,4.68,3.74,3.82,4.44,6.03,2.83,53.2,61.6,67.2,71.8,71.9,61.4
085,2002,4.42,5.28,2.5,3.69,2.22,1.57,50.1,55.1,70.7,75.6,72.5,67.4
085,2003,2.66,6.46,1.9,7.59,4.17,5.97,50.5,57.6,66.5,71.4,72.3,61.9
085,2004,0.43,6.96,4.77,4.41,6.28,1.21,51.3,62.7,67.0,70.5,66.5,65.4
085,2005,1.54,2.03,2.81,4.45,3.05,4.19,52.2,56.7,73.0,74.3,72.5,67.5
085,2006,2.56,5.71,2.69,5.12,4.63,2.23,52.9,57.7,68.6,74.0,71.2,60.8
085,2007,3.84,1.63,2.46,3.55,8.16,1.5,46.4,64.3,70.7,71.0,73.2,66.5
085,2008,2.54,4.37,5.54,2.51,1.69,5.34,51.1,55.8,70.1,72.0,69.9,66.2
085,2009,5.02,5.28,3.68,2.91,7.57,1.44,48.6,59.6,69.0,67.4,69.0,63.7
085,2010,3.56,5.54,6.39,3.4,1.73,2.56,55.0,62.2,71.3,74.9,73.7,65.2
085,2011,6.79,6.51,3.43,3.12,2.49,5.8,48.6,60.5,70.5,77.0,70.9,61.5
085,2012,1.0,1.63,1.54,4.31,3.89,2.18,50.2,65.5,70.0,78.9,69.4,62.7
085,2013,7.39,2.37,9.25,2.37,3.63,2.58,47.6,63.4,69.2,71.6,69.6,64.6
085,2014,3.48,4.36,4.91,2.23,3.81,3.71,48.8,60.6,71.7,68.0,70.9,62.0
085,2015,2.53,4.97,7.13,5.55,3.08,2.77,49.5,63.0,68.7,70.0,69.2,67.7
085,2016,2.68,3.15,5.11,2.38,5.04,4.18,49.3,59.0,70.5,73.7,74.2,68.0
085,2017,3.55,6.6,3.79,7.17,2.9,2.37,53.7,57.9,70.2,71.8,68.0,65.6
085,2018,2.93,4.15,3.85,3.83,7.06,1.86,41.6,67.2,71.1,73.3,72.6,68.3
085,2019,4.8,5.08,4.95,2.53,2.96,5.48,48.5,59.2,68.5,75.4,70.4,68.2
085,2020,3.05,4.84,2.78,2.31,3.15,1.37,46.1,58.0,71.1,75.6,71.3,63.4
085,2021,2.36,4.29,6.21,4.62,3.86,2.91,49.9,58.5,72.0,72.3,73.4,67.6
085,2022,2.83,3.43,2.44,4.96,2.98,1.83,45.4,63.0,70.6,73.2,71.8,64.3
085,2023,2.72,1.68,2.76,5.28,2.71,1.58,50.0,60.2,67.8,71.8,69.6,65.0
085,2024,6.21,4.26,4.01,5.49,2.34,1.8,51.6,64.2,72.0,71.4,71.3,67.0
085,2025,2.96,2.61,4.85,4.9,2.07,2.86,49.4,58.5,72.1,75.8,70.1,66.0
085,2026,8.13,2.37,4.47,3.55,6.41,,55.1,58.4,69.0,74.5,71.0,
087,1895,1.23,2.41,1.45,1.76,3.32,1.71,49.1,59.5,70.6,69.8,71.0,66.0
087,1896,3.43,3.56,3.6,10.33,5.86,5.44,53.0,65.8,68.1,71.0,69.9,58.8
087,1897,2.84,3.95,3.47,2.57,2.34,0.54,44.7,54.2,65.0,74.0,66.5,65.4
087,1898,1.29,3.76,2.74,3.47,3.19,3.8,44.0,58.0,68.6,72.7,69.8,64.9
087,1899,0.87,4.93,2.12,3.91,2.47,3.1,50.5,60.0,69.6,71.3,70.8,59.9
087,1900,1.98,2.47,4.98,7.28,3.31,1.33,47.6,60.7,66.7,70.4,74.0,65.1
087,1901,2.23,2.56,4.02,3.95,3.61,1.05,45.7,56.1,69.2,76.3,70.1,62.3
087,1902,1.39,4.87,8.31,4.33,1.25,5.35,45.4,59.2,63.1,71.2,65.7,59.5
087,1903,5.01,2.39,3.83,5.63,5.01,3.02,46.3,61.1,61.9,70.2,66.1,61.9
087,1904,2.77,3.43,1.78,3.37,4.28,3.43,41.4,57.7,65.4,69.5,65.8,62.3
087,1905,3.7,6.27,4.6,4.16,3.98,3.76,45.4,57.1,67.0,70.3,69.4,63.6
087,1906,2.41,3.35,4.59,3.55,5.3,2.12,49.0,59.5,66.8,69.9,72.1,66.6
087,1907,2.71,3.94,4.3,4.22,2.79,5.01,38.2,51.0,63.9,69.9,66.5,61.0
087,1908,2.58,6.14,2.18,2.44,4.05,0.8,46.7,59.0,66.7,72.0,68.8,66.8
087,1909,4.69,3.46,5.88,2.67,4.11,2.43,43.4,55.5,67.1,69.3,70.4,59.4
087,1910,3.25,3.33,1.19,3.76,3.69,4.02,48.6,52.8,64.9,72.5,68.5,62.3
087,1911,3.98,1.88,5.93,2.13,3.56,3.46,44.4,64.2,69.4,72.0,68.8,63.9
087,1912,2.71,4.2,2.53,4.21,5.52,2.86,47.6,59.7,65.0,71.2,66.8,64.7
087,1913,2.82,4.12,1.05,2.96,2.99,2.1,47.0,57.4,68.9,72.6,71.4,62.1
087,1914,2.86,5.64,3.53,1.37,4.14,2.46,44.8,59.5,68.7,73.0,70.2,62.0
087,1915,1.54,4.38,2.54,5.36,4.1,4.22,52.1,53.2,62.8,68.5,64.1,64.4
087,1916,1.48,6.08,5.66,0.8,2.58,4.34,46.3,58.4,62.5,76.9,72.7,61.4
087,1917,3.45,3.34,5.16,2.45,3.42,1.25,44.7,50.9,64.0,70.3,68.4,59.7
087,1918,2.52,3.97,2.64,1.42,1.56,3.78,44.8,63.9,67.5,69.8,75.0,55.8
087,1919,4.0,4.5,2.86,1.0,2.75,3.5,46.4,55.2,72.8,75.0,69.2,65.9
087,1920,6.14,1.93,4.16,3.47,1.91,2.03,41.0,55.6,68.0,68.6,68.2,65.1
087,1921,4.53,3.42,3.08,1.77,5.49,3.71,51.5,61.0,72.4,77.8,69.2,67.5
087,1922,4.85,5.69,2.42,2.32,1.38,1.79,48.4,62.5,68.8,70.7,70.7,66.8
087,1923,1.24,3.48,2.48,3.8,2.89,3.52,45.3,55.8,70.9,71.7,67.9,63.1
087,1924,2.3,3.17,6.78,2.38,2.12,3.41,45.9,52.0,64.5,67.8,68.3,57.7
087,1925,1.57,1.2,1.77,5.17,1.57,6.08,52.0,53.8,70.8,70.1,69.8,66.8
087,1926,2.95,2.23,4.28,2.33,4.31,6.28,39.9,57.9,62.2,71.4,71.3,62.0
087,1927,5.27,4.32,2.93,2.09,2.34,6.66,46.2,56.3,63.0,71.1,64.0,66.8
087,1928,1.66,2.1,4.73,2.46,4.04,1.66,42.9,57.5,61.8,71.8,71.1,59.1
087,1929,6.1,3.77,3.24,2.22,1.98,2.87,48.9,55.5,64.4,72.3,67.8,62.9
087,1930,2.24,3.01,2.32,0.82,1.22,2.94,47.5,59.0,67.9,73.8,69.9,64.7
087,1931,1.6,2.65,3.94,1.65,3.32,5.33,48.2,56.0,70.3,75.6,71.4,68.2
087,1932,1.57,2.18,3.58,3.85,2.25,5.21,45.6,59.1,69.3,72.1,70.7,61.9
087,1933,3.44,4.46,3.12,2.26,2.23,6.32,47.4,60.5,73.9,74.0,69.1,67.6
087,1934,2.29,1.41,2.25,1.05,3.01,5.17,45.7,62.8,75.0,78.1,70.8,64.2
087,1935,2.21,5.25,3.36,2.4,4.9,2.37,44.4,52.6,65.3,75.4,71.3,62.5
087,1936,2.6,1.69,2.33,1.15,3.08,6.01,42.2,62.0,66.9,76.6,74.3,66.0
087,1937,4.78,3.63,6.73,4.78,2.66,2.19,45.6,58.6,66.3,72.0,72.5,62.1
087,1938,2.3,5.42,4.6,4.31,2.94,2.94,48.8,58.6,66.3,71.9,72.5,62.9
087,1939,4.13,1.2,5.8,3.17,5.61,0.84,43.3,61.7,70.2,71.4,70.0,66.7
087,1940,2.94,5.08,5.43,1.88,3.59,0.69,43.5,55.0,69.0,73.0,71.0,61.8
087,1941,2.45,3.04,3.79,1.3,1.38,1.47,52.9,61.6,69.2,73.3,71.3,67.8
087,1942,1.85,2.27,4.68,4.42,5.34,3.78,51.7,60.4,68.8,72.2,68.3,60.4
087,1943,3.42,9.76,2.8,6.11,3.23,4.53,43.2,56.8,72.0,72.1,70.3,59.1
087,1944,4.08,4.28,2.91,1.11,3.02,2.09,43.7,63.4,71.8,72.6,72.3,63.6
087,1945,3.42,5.23,3.32,3.34,2.95,5.01,49.4,52.2,64.9,70.0,69.1,63.5
087,1946,1.26,3.25,5.18,1.16,1.89,1.79,48.3,56.4,67.3,72.4,66.9,64.5
087,1947,5.65,4.81,3.6,1.81,3.36,5.24,45.9,54.0,65.2,69.2,77.3,64.4
087,1948,2.58,4.57,4.58,2.7,1.74,2.57,51.6,56.4,67.3,72.6,70.6,66.0
087,1949,2.11,4.03,5.61,4.13,2.72,2.96,46.4,60.0,71.5,75.3,70.6,57.2
087,1950,6.45,1.47,6.17,5.72,2.68,5.3,41.2,59.7,67.0,68.6,67.8,61.1
087,1951,3.83,3.46,4.57,5.35,5.01,1.97,44.9,60.3,66.5,70.5,67.4,60.2
087,1952,3.33,4.89,3.38,4.19,2.65,2.65,48.4,56.4,72.1,74.0,69.0,62.6
087,1953,3.01,3.14,2.7,3.14,3.0,1.82,43.8,60.9,71.6,73.8,71.5,63.4
087,1954,5.18,1.99,5.84,5.52,6.03,2.19,51.8,54.0,71.1,71.7,68.6,64.6
087,1955,2.54,2.0,3.26,4.3,5.34,2.05,54.2,60.8,65.8,76.8,74.1,64.1
087,1956,5.31,5.12,2.55,3.55,3.57,0.7,45.0,57.9,70.0,71.1,69.7,61.2
087,1957,5.74,2.89,5.3,2.25,2.19,2.07,47.8,57.8,68.0,72.1,69.7,61.5
087,1958,2.12,1.61,4.95,7.06,4.18,4.21,48.4,58.0,63.1,70.7,69.3,62.4
087,1959,4.76,3.27,3.08,3.79,2.36,4.73,48.1,62.8,69.8,71.5,75.0,65.9
087,1960,3.25,4.29,5.39,2.36,2.46,3.47,50.9,56.1,65.6,69.8,70.7,66.3
087,1961,4.89,2.31,2.82,4.28,3.75,5.66,42.3,54.5,66.6,70.9,69.4,66.5
087,1962,1.52,5.07,2.93,4.16,2.11,1.71,47.0,64.6,68.4,69.5,70.0,60.6
087,1963,2.42,2.83,2.46,4.86,3.56,1.18,48.9,56.4,68.5,71.6,66.2,61.8
087,1964,4.07,2.45,3.68,3.32,2.67,2.24,48.8,62.8,69.6,73.4,68.0,62.7
087,1965,4.37,2.84,2.15,2.58,6.81,3.57,45.7,64.3,67.6,69.9,67.8,64.1
087,1966,4.13,3.88,1.46,4.49,3.9,1.26,44.6,52.9,69.8,74.1,68.3,61.2
087,1967,4.19,2.21,3.0,1.24,2.15,3.13,49.1,54.1,70.4,69.7,66.8,60.3
087,1968,3.0,3.79,8.01,3.94,4.69,3.57,49.8,55.2,68.3,71.6,70.9,62.8
087,1969,5.09,2.87,4.82,4.68,0.78,2.89,49.2,58.7,64.7,72.5,70.7,62.6
087,1970,4.96,4.24,2.64,4.88,1.45,5.59,48.1,61.8,68.1,72.9,70.6,64.5
087,1971,1.25,2.59,2.39,3.12,1.49,2.8,45.8,55.8,72.7,70.2,69.0,66.3
087,1972,3.44,3.51,2.38,4.15,1.82,8.17,45.7,60.7,64.9,71.5,70.1,63.2
087,1973,2.64,4.4,3.41,4.6,2.85,1.51,47.9,55.4,70.8,72.7,71.2,65.2
087,1974,2.79,5.28,4.05,0.66,3.06,3.47,49.3,56.1,65.2,73.7,70.0,59.2
087,1975,4.33,4.04,6.17,1.75,6.67,1.47,41.4,62.8,69.0,71.4,71.7,57.7
087,1976,2.57,4.22,5.25,6.58,1.51,3.4,49.5,55.9,69.4,71.8,66.9,60.2
087,1977,2.96,1.47,4.26,3.58,4.91,6.19,53.1,66.3,66.2,74.3,68.3,64.4
087,1978,3.5,2.61,3.64,3.42,2.58,2.99,46.8,59.0,67.7,70.8,70.1,67.0
087,1979,4.12,2.73,3.76,2.24,6.87,0.06,44.9,57.2,68.3,70.3,68.4,62.7
087,1980,3.65,3.07,3.92,4.21,6.16,4.56,45.5,59.6,65.7,74.0,72.4,64.1
087,1981,6.09,5.04,9.28,6.18,4.29,5.78,50.6,56.3,68.7,72.1,69.1,61.8
087,1982,1.87,4.2,3.93,4.15,2.11,3.21,42.4,64.8,64.1,72.5,67.6,62.1
087,1983,4.32,5.27,3.08,3.47,2.16,2.46,44.1,54.6,68.3,75.9,74.0,64.0
087,1984,4.07,4.88,1.82,3.09,1.35,5.59,46.4,54.3,71.3,69.7,71.6,61.3
087,1985,2.27,2.21,2.45,4.13,4.71,2.99,53.6,62.4,65.5,71.4,67.8,64.2
087,1986,2.14,3.79,4.92,6.24,3.26,4.96,51.2,59.7,67.8,73.5,66.9,64.8
087,1987,3.37,3.68,3.39,4.11,4.54,3.42,50.0,62.6,71.6,74.1,70.7,63.7
087,1988,2.71,2.13,0.57,3.26,4.83,4.75,47.9,61.0,70.1,74.4,74.2,62.7
087,1989,3.1,4.37,5.13,3.18,4.01,3.4,45.8,56.1,67.9,72.5,69.5,60.3
087,1990,2.53,5.95,3.63,3.56,4.33,3.44,48.5,55.5,67.9,71.0,68.7,63.8
087,1991,4.62,3.28,1.87,4.77,3.43,2.35,51.3,66.0,71.9,73.5,71.2,60.9
087,1992,2.38,2.31,2.36,8.52,2.73,6.1,46.0,57.2,63.8,69.1,65.6,61.1
087,1993,3.4,2.81,8.04,3.33,3.18,5.56,46.1,60.0,66.0,73.2,71.8,58.7
087,1994,3.59,0.99,3.67,2.62,3.64,1.22,50.1,56.3,70.4,71.9,66.8,63.7
087,1995,3.92,4.59,4.02,2.43,4.55,1.47,45.0,56.8,69.7,73.5,76.0,60.4
087,1996,4.3,5.9,6.85,3.45,3.4,2.81,44.3,56.3,69.5,68.8,70.5,62.7
087,1997,1.27,5.13,4.18,3.98,5.36,4.13,44.3,52.2,68.1,70.9,66.7,61.5
087,1998,3.49,2.32,3.71,3.17,5.99,1.34,49.3,64.7,68.2,71.5,71.3,66.3
087,1999,6.37,3.33,4.23,2.45,3.19,1.88,50.3,61.9,70.0,76.2,68.0,63.6
087,2000,3.51,5.51,5.75,2.61,3.24,3.6,47.7,60.7,67.9,69.4,69.8,62.3
087,2001,3.64,4.76,3.72,2.56,4.96,3.53,51.3,61.4,66.4,71.2,71.9,60.6
087,2002,3.78,5.39,2.56,2.88,2.37,1.33,49.6,53.9,70.5,75.0,71.9,66.9
087,2003,3.16,6.41,1.66,5.83,4.5,5.61,49.6,57.0,65.8,70.9,71.4,61.2
087,2004,0.33,7.22,5.18,5.5,3.99,1.36,51.0,61.8,66.3,70.1,66.4,65.1
087,2005,1.03,1.56,1.93,6.33,3.05,4.15,51.2,55.9,73.1,74.0,72.0,66.9
087,2006,1.82,5.56,2.51,7.12,3.44,2.53,52.2,57.8,67.8,73.4,70.7,60.7
087,2007,4.49,2.03,2.17,2.85,11.04,1.99,46.4,63.3,70.3,71.0,72.6,65.4
087,2008,2.49,2.8,3.99,4.33,0.97,6.76,50.3,55.4,69.6,71.5,69.7,65.3
087,2009,4.7,4.54,4.59,2.45,5.61,1.65,48.8,59.1,67.9,66.7,68.5,62.8
087,2010,3.64,5.82,6.82,3.73,1.22,2.82,53.4,61.3,70.1,74.2,73.0,63.8
087,2011,6.97,7.21,2.38,4.37,2.76,5.57,47.5,60.6,69.3,76.2,70.5,61.4
087,2012,1.94,1.15,0.87,3.83,4.05,2.57,49.2,64.9,70.0,78.3,68.7,62.3
087,2013,7.97,1.89,6.5,3.63,1.71,1.76,46.1,62.7,68.5,71.2,69.2,64.4
087,2014,3.1,4.71,4.02,2.04,2.9,3.55,48.2,59.4,70.0,67.2,70.7,62.1
087,2015,2.41,4.65,6.41,5.65,3.26,2.75,49.0,62.2,68.0,69.3,68.9,67.2
087,2016,3.51,2.79,4.23,2.7,5.61,3.83,48.1,58.6,69.5,73.1,73.9,67.6
087,2017,3.37,6.38,2.19,3.28,2.46,2.17,53.1,57.6,69.5,71.8,68.0,65.8
087,2018,3.23,6.52,5.71,2.44,4.49,2.49,41.4,65.9,70.2,72.9,72.6,67.2
087,2019,4.77,5.08,5.48,3.95,2.93,5.95,48.0,58.0,67.2,74.5,69.5,67.4
087,2020,3.14,4.26,2.46,2.98,2.88,2.21,45.3,56.9,70.1,75.3,71.1,62.6
087,2021,2.06,2.77,7.2,3.65,4.17,3.35,49.3,57.2,71.2,71.9,73.3,66.8
087,2022,3.07,3.99,3.49,4.82,4.47,1.74,45.1,62.1,69.3,72.5,71.1,64.2
087,2023,2.42,1.44,1.55,6.19,2.07,1.74,50.1,58.9,67.4,71.9,69.0,64.7
087,2024,4.76,5.0,3.88,4.89,2.08,2.09,51.2,63.0,71.1,70.7,70.7,66.7
087,2025,3.3,3.11,4.83,4.34,1.55,2.4,48.9,57.4,71.2,74.9,69.2,65.4
087,2026,7.49,2.04,4.46,4.59,3.33,,54.2,57.4,68.0,73.8,70.7,
089,1895,2.13,1.88,1.76,4.42,3.2,2.12,50.6,61.4,72.4,72.0,73.3,68.6
089,1896,3.32,5.59,3.85,6.79,4.96,5.6,54.2,66.6,69.2,73.0,71.8,60.1
089,1897,2.48,2.08,4.08,1.91,1.67,0.3,46.8,56.2,66.9,75.7,68.4,68.9
089,1898,1.3,3.79,4.74,2.36,4.28,3.54,45.7,58.9,71.6,73.6,71.4,68.1
089,1899,0.41,4.49,2.55,4.19,1.43,2.28,52.1,61.2,71.1,73.9,74.1,64.1
089,1900,1.05,3.28,2.93,4.74,5.19,1.68,50.4,61.7,68.7,72.4,75.6,65.9
089,1901,1.15,1.64,2.86,2.57,1.94,1.86,45.4,56.4,71.0,78.8,71.9,63.4
089,1902,2.63,6.95,9.66,6.85,3.08,5.28,45.3,61.6,65.5,72.8,67.6,60.2
089,1903,4.89,2.43,2.01,6.69,4.48,3.49,48.3,61.5,62.8,71.8,67.7,62.2
089,1904,4.24,3.72,1.33,2.46,3.11,3.76,42.1,58.5,67.6,70.6,68.0,64.2
089,1905,3.71,6.76,5.28,4.41,3.5,3.6,47.1,59.2,68.3,71.5,72.1,65.8
089,1906,1.97,2.23,2.56,3.38,4.69,3.78,50.3,59.8,66.9,70.4,73.4,66.6
089,1907,2.86,3.28,3.33,5.58,4.67,4.58,39.0,52.1,64.4,71.0,67.8,61.3
089,1908,3.48,7.08,1.62,3.51,3.22,1.42,48.0,59.0,67.3,72.8,70.6,67.5
089,1909,5.89,3.07,4.59,3.3,4.85,3.67,45.5,56.2,67.5,69.9,72.8,60.4
089,1910,3.29,5.1,0.72,3.08,4.88,4.22,49.4,52.6,65.5,73.4,69.4,63.0
089,1911,4.48,3.08,3.53,1.79,3.45,6.69,45.2,64.5,70.9,72.9,69.9,65.0
089,1912,3.16,4.75,3.66,4.18,3.69,3.43,48.4,60.2,65.2,71.8,68.3,64.8
089,1913,2.26,5.5,1.45,4.47,2.8,1.48,48.0,58.3,70.2,74.5,73.3,63.1
089,1914,1.77,4.46,3.6,1.38,4.29,2.03,47.8,60.6,69.8,74.5,72.1,63.0
089,1915,1.43,6.5,2.68,7.35,4.26,3.83,54.0,54.5,64.4,69.3,64.7,65.7
089,1916,1.45,4.63,7.74,0.56,1.99,3.22,46.5,59.3,63.4,78.0,74.2,62.6
089,1917,2.72,2.68,4.06,4.05,2.52,2.33,44.9,51.1,64.4,71.5,68.6,60.9
089,1918,3.47,4.85,3.63,3.21,2.44,2.69,43.9,63.2,67.4,70.0,75.1,56.9
089,1919,3.02,4.54,3.23,1.77,1.5,2.91,47.8,55.7,72.9,76.0,71.2,66.5
089,1920,6.51,2.62,3.74,2.63,1.74,3.22,41.7,55.8,69.3,70.3,68.7,65.9
089,1921,3.84,1.33,2.49,1.58,6.81,4.02,52.2,61.8,73.8,78.3,70.8,67.7
089,1922,4.04,3.91,0.53,2.79,1.53,2.85,47.9,63.5,69.6,71.4,71.6,66.7
089,1923,1.37,5.59,2.39,2.16,5.17,3.9,45.8,55.7,70.5,73.4,69.4,64.3
089,1924,2.44,3.09,8.26,2.57,4.13,2.64,47.6,52.6,66.0,69.5,70.2,59.2
089,1925,2.31,1.46,2.57,4.16,1.0,4.36,52.7,54.1,71.1,72.2,71.2,68.8
089,1926,2.33,3.0,5.27,4.66,3.62,6.6,40.8,59.6,64.0,72.4,72.7,63.7
089,1927,6.27,5.03,3.27,4.15,2.78,5.44,47.6,56.9,64.4,71.3,64.9,68.1
089,1928,2.04,1.86,4.16,4.71,4.38,1.96,43.9,58.7,63.2,72.2,71.7,59.9
089,1929,5.91,3.52,4.82,3.73,2.83,2.26,50.2,56.4,65.2,73.1,68.9,63.3
089,1930,2.95,2.92,2.58,2.27,2.04,2.02,48.8,60.7,69.1,73.8,71.8,65.4
089,1931,2.7,4.85,4.5,1.67,5.56,4.56,48.7,55.3,71.9,76.3,72.3,70.4
089,1932,1.17,2.25,3.26,4.37,4.86,1.59,46.8,59.8,70.7,74.2,72.4,62.8
089,1933,5.08,5.13,2.28,2.89,2.77,4.3,47.5,61.0,76.0,75.2,70.0,69.1
089,1934,1.75,0.75,2.36,0.81,6.03,6.06,48.2,64.5,73.4,78.4,71.6,63.8
089,1935,2.24,7.28,5.72,2.74,3.96,2.95,44.7,52.5,65.4,76.0,72.3,63.9
089,1936,2.83,2.15,1.18,0.21,5.48,6.65,43.5,63.0,66.3,78.1,75.1,66.5
089,1937,5.36,2.44,4.98,3.19,3.34,2.36,46.7,59.0,66.9,73.2,74.9,63.8
089,1938,3.1,5.03,6.27,5.13,3.02,5.02,49.6,59.3,67.3,73.7,74.2,64.8
089,1939,4.09,2.48,6.05,4.08,2.31,0.36,44.1,62.1,71.6,73.1,71.4,68.9
089,1940,3.49,6.29,3.82,1.18,4.22,0.51,44.7,55.1,69.2,73.6,72.8,63.1
089,1941,2.71,4.13,5.3,2.59,1.82,3.45,53.4,62.3,69.8,73.4,72.2,68.0
089,1942,2.54,3.68,3.5,3.69,3.85,3.56,52.3,60.6,69.5,74.1,70.6,61.8
089,1943,4.26,8.61,2.92,3.81,6.4,1.65,45.6,56.7,72.2,73.9,72.9,60.3
089,1944,4.79,4.5,3.12,2.11,2.54,1.82,45.1,64.1,72.7,72.9,72.8,65.0
089,1945,3.96,7.2,4.95,3.43,3.34,5.99,48.6,53.5,65.3,70.8,70.6,63.4
089,1946,1.56,3.94,7.25,0.64,3.71,1.72,50.4,56.4,68.1,73.7,67.9,64.5
089,1947,8.23,4.76,5.26,1.84,3.31,4.51,46.6,53.9,65.9,69.9,78.8,65.4
089,1948,2.02,6.26,3.03,2.18,1.68,2.27,52.6,54.6,67.6,74.2,71.8,66.8
089,1949,2.0,3.56,2.81,4.28,2.35,1.55,47.1,60.2,72.8,76.9,72.2,58.8
089,1950,5.44,1.72,7.98,5.12,1.78,2.51,41.9,59.6,68.2,70.6,68.9,63.0
089,1951,3.61,4.56,2.69,4.62,3.42,4.1,45.7,60.7,66.3,70.8,67.6,61.2
089,1952,3.49,3.79,5.95,2.2,1.98,1.66,49.2,57.4,73.2,75.8,70.5,63.5
089,1953,2.93,3.92,4.5,3.46,2.2,1.69,45.6,60.5,72.2,74.1,72.4,65.6
089,1954,5.11,2.37,3.25,6.09,5.33,1.13,52.5,55.3,73.4,73.6,70.8,67.4
089,1955,2.63,3.45,3.08,4.25,6.23,1.74,54.8,61.6,66.4,77.9,75.2,65.0
089,1956,4.64,4.48,2.3,3.62,2.72,0.67,46.6,60.0,71.9,71.6,71.7,63.9
089,1957,6.15,3.43,5.97,6.99,4.17,0.96,48.3,58.6,69.5,73.8,70.8,62.1
089,1958,1.99,1.76,7.71,4.66,4.83,1.78,49.8,59.9,63.2,71.3,71.2,64.4
089,1959,4.73,5.59,2.48,5.85,1.37,4.15,48.1,64.5,70.8,72.3,76.1,66.8
089,1960,3.36,2.76,5.2,3.3,3.55,2.05,52.0,57.0,66.4,71.4,72.5,68.3
089,1961,4.7,1.76,3.52,5.17,2.9,9.33,43.2,55.2,67.7,72.0,71.7,68.0
089,1962,1.41,3.26,2.96,4.63,1.84,1.04,48.7,66.0,69.7,70.0,71.4,62.4
089,1963,3.06,2.91,2.24,6.58,1.86,2.15,51.2,57.1,70.4,72.5,68.4,63.8
089,1964,5.15,1.2,3.74,3.29,2.21,5.27,49.8,64.9,71.5,73.4,69.4,64.6
089,1965,4.59,2.74,1.79,3.17,7.39,6.99,47.2,64.6,68.9,71.5,68.8,64.6
089,1966,5.5,5.62,2.3,3.55,2.98,1.72,46.0,54.4,70.4,76.2,69.2,62.6
089,1967,6.47,1.78,5.14,2.05,3.09,3.22,49.7,55.0,70.8,69.9,67.2,62.5
089,1968,3.26,2.72,6.01,2.56,5.97,3.39,50.7,56.3,70.4,72.6,72.5,64.5
089,1969,4.31,3.42,4.39,5.41,0.92,1.77,49.8,59.2,65.2,73.0,72.0,64.4
089,1970,5.47,4.97,4.83,5.01,2.41,6.9,49.8,62.6,68.5,73.3,71.6,65.4
089,1971,0.58,2.53,3.61,5.67,2.97,4.69,47.1,56.3,73.1,70.3,69.2,67.3
089,1972,3.78,3.35,4.91,4.92,6.36,6.38,45.0,60.6,64.3,71.5,71.0,64.1
089,1973,5.29,4.9,5.31,4.29,2.53,1.69,48.4,55.4,70.9,73.8,72.6,66.2
089,1974,4.2,6.25,4.65,2.76,2.3,3.52,51.0,56.4,65.5,74.6,70.3,60.5
089,1975,5.98,3.34,6.7,2.61,5.19,1.8,43.2,62.6,70.6,72.3,73.3,59.5
089,1976,4.19,4.48,3.03,4.3,1.9,2.5,51.3,55.5,69.9,73.1,68.0,61.9
089,1977,2.26,2.55,4.36,3.05,4.77,7.43,54.0,67.2,67.0,75.8,69.6,64.9
089,1978,4.43,4.89,3.56,3.8,2.41,2.52,48.2,58.1,69.9,71.9,71.1,68.8
089,1979,5.22,2.16,3.26,3.23,6.18,0.07,44.8,58.3,68.9,70.6,70.2,64.0
089,1980,2.41,2.86,3.93,1.8,7.58,5.06,46.2,60.7,66.8,75.6,74.0,65.0
089,1981,8.4,5.34,7.15,5.27,3.56,4.76,53.1,55.6,70.6,72.2,70.5,63.2
089,1982,3.0,3.84,2.44,4.76,1.72,2.54,44.3,65.4,63.8,73.4,68.7,62.9
089,1983,5.88,4.9,2.24,4.6,2.64,3.29,44.6,55.3,70.7,76.9,76.0,65.2
089,1984,3.97,6.21,3.76,2.67,1.34,2.71,46.5,56.8,72.1,71.5,73.6,62.8
089,1985,1.8,2.14,2.56,3.58,3.91,2.69,53.8,62.7,66.7,72.8,69.1,65.9
089,1986,2.2,3.76,5.15,4.06,2.54,5.79,52.7,60.2,68.7,75.2,68.2,67.1
089,1987,3.05,6.84,5.24,3.96,6.7,2.32,49.8,65.1,72.5,75.5,72.1,64.3
089,1988,2.4,1.97,0.84,2.13,4.83,1.93,48.2,61.6,72.4,76.1,76.6,66.0
089,1989,1.85,4.6,5.59,4.47,3.05,4.93,47.3,56.8,68.3,73.5,70.2,61.6
089,1990,2.16,6.89,3.94,4.92,6.89,2.21,49.0,56.1,69.9,71.4,70.3,65.6
089,1991,4.5,4.99,0.83,1.29,2.96,2.52,52.9,66.7,73.2,75.0,72.8,63.7
089,1992,1.66,0.81,1.94,6.04,1.49,7.61,46.4,57.8,65.2,69.6,66.3,62.4
089,1993,4.44,2.52,10.62,3.39,5.77,6.99,46.4,60.9,68.0,74.2,72.7,59.2
089,1994,3.08,1.63,5.48,4.49,3.73,1.92,51.0,57.2,70.0,71.8,68.4,65.0
089,1995,5.12,4.52,2.65,2.87,4.66,0.84,46.3,57.7,70.8,75.8,77.8,62.1
089,1996,3.9,7.18,4.75,8.21,1.32,2.99,46.1,56.7,68.8,70.0,71.8,63.2
089,1997,1.49,4.54,5.89,4.84,5.54,2.12,44.8,53.9,68.4,72.8,68.5,64.0
089,1998,3.99,3.55,5.18,4.13,4.41,2.3,50.4,65.1,69.7,73.0,73.2,68.8
089,1999,6.06,2.61,5.27,2.71,3.09,1.49,50.9,62.9,71.0,77.6,69.2,64.0
089,2000,3.83,4.0,7.38,2.72,2.53,3.05,47.8,62.7,68.6,71.0,71.5,64.6
089,2001,2.43,3.44,3.28,3.42,4.9,2.62,53.6,62.1,67.5,73.3,72.9,62.2
089,2002,4.29,6.15,2.15,2.66,2.46,2.61,50.0,55.3,71.4,76.2,72.8,67.2
089,2003,2.72,5.73,2.46,10.9,3.11,2.57,50.0,56.9,65.0,71.8,73.2,62.8
089,2004,1.32,5.63,4.14,3.11,7.03,0.99,51.0,61.6,67.6,71.4,66.8,66.2
089,2005,1.67,1.67,2.87,3.24,3.75,3.68,52.4,57.7,74.1,75.0,73.6,69.1
089,2006,3.78,3.93,2.47,6.3,5.6,4.93,53.8,59.0,68.3,74.9,71.9,61.9
089,2007,4.84,2.19,2.66,3.63,10.61,1.15,47.0,64.1,71.1,71.4,74.0,67.8
089,2008,3.5,3.67,4.04,3.53,3.91,12.29,50.4,56.0,70.9,72.8,70.4,66.4
089,2009,5.38,4.05,4.68,2.85,3.63,0.91,47.6,60.1,69.1,68.6,69.5,64.5
089,2010,3.41,5.69,6.52,5.45,2.62,3.23,55.0,62.0,71.6,76.1,74.8,65.0
089,2011,6.45,5.82,5.12,5.57,3.06,3.94,48.0,59.2,69.9,77.5,71.6,62.0
089,2012,1.47,4.0,4.14,4.02,3.74,1.89,50.0,64.6,70.5,78.4,70.8,63.0
089,2013,6.33,4.06,4.91,1.45,2.67,2.45,46.9,61.6,68.2,71.5,70.7,66.1
089,2014,3.03,4.01,8.53,3.86,7.29,4.54,48.4,60.2,70.8,67.8,71.7,63.2
089,2015,2.41,5.01,8.9,4.2,3.42,5.04,50.2,62.4,67.9,71.4,70.2,68.7
089,2016,2.64,3.46,1.84,7.37,8.17,2.8,48.4,59.1,71.5,74.0,74.6,69.4
089,2017,3.98,4.39,2.8,7.19,2.26,1.4,53.2,57.9,71.3,73.0,69.2,67.5
089,2018,1.67,3.25,4.29,4.01,3.78,3.69,40.6,66.4,71.3,73.2,73.5,68.2
089,2019,4.5,8.64,5.2,3.68,2.92,7.6,48.9,58.3,68.0,75.8,70.9,68.4
089,2020,4.82,8.29,3.37,3.24,1.74,3.02,46.3,58.1,72.0,75.6,72.0,64.1
089,2021,2.41,4.15,6.07,2.36,4.27,1.59,49.5,57.9,72.1,72.6,74.5,68.3
089,2022,2.42,4.36,2.3,4.71,2.41,1.69,45.6,61.9,70.5,73.3,71.8,65.3
089,2023,2.2,1.8,2.4,5.32,3.16,3.14,50.7,61.0,68.5,72.5,71.1,65.8
089,2024,6.22,3.83,3.64,4.83,3.47,1.76,51.3,64.0,72.4,71.8,71.8,67.7
089,2025,2.22,2.18,3.84,5.43,3.66,1.94,49.4,58.2,71.9,76.3,70.9,66.5
089,2026,5.6,1.82,9.27,4.06,6.95,,54.4,59.0,68.8,74.9,71.6,
091,1895,1.74,1.62,1.8,3.24,2.96,1.81,49.9,60.5,71.6,70.9,72.4,67.7
091,1896,3.07,5.17,3.67,7.86,5.83,4.97,53.4,65.8,68.3,71.7,70.6,59.4
091,1897,2.1,2.8,3.02,2.32,2.07,0.26,45.6,55.2,66.3,74.8,67.4,67.6
091,1898,1.16,3.06,3.53,2.42,3.73,2.77,44.8,58.4,71.3,73.0,71.1,67.5
091,1899,0.68,4.36,2.2,3.24,1.0,2.74,52.1,61.3,71.0,73.4,73.3,63.5
091,1900,1.21,2.46,2.56,5.49,5.33,1.64,50.2,61.7,68.4,71.9,74.9,65.4
091,1901,1.49,2.09,2.5,1.72,2.0,1.55,45.3,56.0,70.3,78.4,71.4,63.1
091,1902,2.54,6.94,7.79,5.41,3.02,4.72,45.2,61.5,64.5,72.0,66.8,59.9
091,1903,5.12,2.14,3.31,7.29,4.58,3.5,47.4,61.6,62.3,70.9,66.7,62.0
091,1904,3.98,4.03,1.36,2.62,3.08,3.0,41.0,58.3,66.9,70.2,67.3,63.7
091,1905,3.77,6.97,4.6,5.03,3.79,3.89,46.3,58.2,67.5,71.0,71.3,65.1
091,1906,2.21,2.27,3.99,2.95,3.59,1.83,48.9,59.3,66.6,70.1,73.0,66.9
091,1907,3.32,3.28,4.39,5.0,3.88,4.44,37.9,51.4,63.9,70.0,67.0,61.0
091,1908,3.34,6.73,2.02,2.54,2.69,1.11,46.8,59.2,66.8,72.4,70.0,67.6
091,1909,5.11,3.11,5.11,3.56,4.87,3.44,43.5,55.3,67.2,69.1,70.9,59.9
091,1910,3.71,4.54,0.86,2.42,4.44,5.0,48.0,52.5,64.9,73.4,68.9,62.3
091,1911,4.52,2.46,4.77,2.12,3.49,5.2,44.0,64.2,69.4,72.3,68.3,63.7
091,1912,3.5,5.07,2.69,6.54,5.97,3.79,47.8,59.9,64.8,70.7,66.8,64.3
091,1913,2.24,5.46,1.35,3.92,4.07,2.31,46.8,57.7,69.0,72.8,71.6,62.1
091,1914,1.93,4.91,3.59,1.29,4.52,1.99,46.4,60.1,69.3,73.8,70.5,62.7
091,1915,2.25,6.0,2.47,6.02,4.43,3.6,52.8,53.7,63.4,68.5,63.8,65.1
091,1916,1.67,5.26,6.86,1.13,2.68,4.81,46.2,59.0,62.4,77.0,72.9,61.6
091,1917,3.31,2.69,3.13,3.39,2.48,1.92,44.2,50.4,63.8,70.2,67.9,60.2
091,1918,2.9,4.69,3.53,2.09,2.29,3.23,43.9,63.3,67.0,69.4,74.3,56.0
091,1919,3.21,4.61,3.4,2.12,2.41,2.89,46.6,55.2,72.3,75.0,69.7,65.8
091,1920,5.96,2.29,3.76,3.18,1.31,2.7,41.3,55.8,68.7,69.2,68.3,65.8
091,1921,3.83,1.97,2.16,1.52,7.07,3.93,51.9,61.3,73.2,78.1,69.8,67.2
091,1922,3.98,3.88,1.57,2.75,1.35,1.85,47.9,63.1,69.4,70.9,71.2,67.0
091,1923,1.16,4.92,2.95,2.82,4.58,4.96,45.2,56.0,70.4,72.7,68.8,63.9
091,1924,2.43,3.28,7.47,1.95,3.71,3.56,46.7,52.0,65.2,68.7,69.3,58.3
091,1925,2.18,1.51,2.02,4.15,1.8,5.68,51.7,53.3,70.9,71.2,70.5,68.1
091,1926,2.51,4.06,4.71,4.29,3.8,5.98,40.1,58.9,62.9,71.5,71.9,63.2
091,1927,6.15,4.59,2.78,4.06,3.01,6.23,46.8,56.4,63.8,70.8,64.3,67.7
091,1928,2.12,2.05,4.24,3.86,5.33,2.31,43.4,57.9,62.6,71.8,71.1,59.2
091,1929,6.4,3.94,4.23,2.36,3.61,2.41,49.4,55.5,65.0,72.3,67.9,63.0
091,1930,3.28,2.57,2.44,2.48,1.74,2.39,48.0,60.0,68.3,73.2,71.2,65.2
091,1931,2.61,4.81,4.89,1.71,4.33,4.23,47.9,54.9,71.1,75.3,71.7,69.4
091,1932,1.47,2.34,3.37,4.92,5.06,1.99,46.2,59.1,70.0,73.1,71.0,61.9
091,1933,5.03,5.64,2.32,3.05,2.89,4.78,47.2,60.8,75.2,74.3,69.0,68.2
091,1934,1.98,0.85,2.01,1.06,6.25,6.25,47.2,63.9,73.5,77.5,70.9,63.6
091,1935,2.2,6.97,4.3,2.2,4.14,2.81,44.2,52.2,65.4,75.2,71.4,63.0
091,1936,2.94,2.17,1.23,0.28,5.72,5.4,42.7,62.0,66.5,77.4,74.6,66.0
091,1937,5.25,2.55,4.35,4.05,3.66,2.62,46.3,58.4,66.4,72.6,73.5,62.5
091,1938,2.58,5.7,5.28,5.71,2.81,5.36,48.9,58.6,66.5,72.8,73.1,64.1
091,1939,4.39,1.92,6.6,3.5,2.52,0.67,43.3,61.4,70.8,72.0,70.8,68.0
091,1940,3.9,6.02,4.47,1.33,4.32,1.21,44.0,55.1,69.1,73.4,72.0,62.2
091,1941,3.14,3.34,5.12,2.65,1.76,3.24,53.1,61.7,69.5,73.2,71.4,67.6
091,1942,2.55,3.23,3.35,3.96,3.95,3.1,51.9,60.6,69.4,73.5,69.8,61.3
091,1943,3.93,7.87,2.65,5.0,6.41,2.89,44.2,56.5,72.0,73.2,71.7,59.8
091,1944,4.78,4.22,2.45,1.4,2.72,2.24,44.7,63.8,72.1,72.7,72.6,64.5
091,1945,3.88,6.34,4.29,4.34,3.16,5.59,48.1,52.7,64.9,70.5,70.1,63.4
091,1946,1.64,3.43,7.34,0.57,3.57,2.42,49.4,55.9,67.7,73.4,67.6,64.4
091,1947,7.32,4.53,4.58,2.06,3.01,4.98,45.9,53.2,65.6,69.5,78.6,65.1
091,1948,2.27,6.05,5.64,2.24,1.16,2.33,52.2,54.8,67.2,74.2,72.0,66.5
091,1949,1.91,4.88,3.69,3.49,3.08,3.64,46.8,59.8,72.0,76.7,71.9,58.3
091,1950,5.62,2.29,9.02,5.71,1.96,2.85,41.4,60.0,68.0,69.9,68.3,62.6
091,1951,4.24,4.66,2.68,4.96,3.63,5.1,45.4,60.8,66.4,71.2,67.4,60.8
091,1952,3.68,4.12,5.28,3.01,2.78,1.05,49.0,57.3,72.8,75.0,70.3,63.7
091,1953,2.98,3.61,3.85,3.61,2.93,2.0,44.5,60.4,71.6,74.3,72.0,64.9
091,1954,5.71,2.77,3.88,7.21,5.86,1.86,51.8,54.6,72.6,73.3,70.0,66.6
091,1955,2.33,2.9,3.02,4.0,6.77,2.6,54.4,61.5,66.4,78.1,75.2,64.3
091,1956,5.58,5.1,2.75,3.76,2.91,0.6,46.4,59.4,72.0,71.7,71.3,63.2
091,1957,6.95,3.46,5.08,3.85,5.73,1.06,47.9,58.8,69.2,73.8,70.4,62.0
091,1958,2.28,1.49,6.74,5.99,6.43,2.46,49.2,59.4,63.3,71.4,70.7,64.0
091,1959,5.25,5.12,3.03,7.69,1.86,4.54,47.7,64.1,70.8,72.1,76.0,66.9
091,1960,3.19,2.68,5.17,2.95,4.64,2.57,51.2,56.9,66.2,70.6,71.7,68.0
091,1961,5.97,1.81,4.79,5.3,3.25,7.57,42.5,54.8,67.6,71.8,70.9,68.0
091,1962,1.91,2.85,3.71,3.71,2.5,1.51,47.6,65.5,69.3,69.7,71.1,61.9
091,1963,2.92,3.36,2.66,6.32,1.88,2.12,50.2,56.7,69.8,72.2,67.4,63.2
091,1964,4.33,1.74,3.62,4.63,2.59,4.45,49.7,64.2,70.8,73.2,68.8,63.7
091,1965,4.31,2.19,1.92,2.89,5.25,7.16,47.1,64.9,68.5,70.8,68.6,64.2
091,1966,5.01,4.35,2.47,5.13,3.84,1.16,45.9,53.6,69.8,75.2,68.5,62.1
091,1967,5.81,1.99,4.92,2.52,3.3,2.98,49.1,54.5,70.7,69.6,67.2,61.8
091,1968,3.22,2.9,6.61,3.35,3.24,4.78,50.6,56.1,69.8,72.3,72.2,64.4
091,1969,4.24,2.96,4.59,5.25,0.71,1.78,50.0,59.4,65.2,73.0,71.8,64.2
091,1970,4.77,3.94,4.92,4.9,1.66,6.17,49.0,62.4,68.3,72.8,71.1,65.2
091,1971,0.47,2.3,3.75,5.1,3.28,5.36,46.6,56.4,73.0,70.2,68.7,67.0
091,1972,3.43,3.28,1.85,3.93,4.81,8.48,45.5,60.8,64.7,71.6,70.4,63.7
091,1973,5.32,4.56,5.48,3.41,1.72,2.43,48.3,55.2,70.7,73.4,72.1,66.0
091,1974,4.04,5.03,3.44,1.85,1.59,4.67,50.7,56.5,65.7,74.7,70.4,60.2
091,1975,5.13,3.33,6.43,1.46,6.4,1.72,43.0,62.5,70.0,71.9,72.8,59.2
091,1976,3.58,4.33,4.44,4.26,1.94,2.56,51.3,55.8,69.7,72.5,67.8,61.0
091,1977,2.3,1.92,5.08,2.32,3.64,6.56,54.2,67.5,66.3,75.1,69.0,64.4
091,1978,3.75,3.59,2.6,4.54,4.83,2.66,47.7,58.3,69.0,71.2,70.6,67.8
091,1979,4.81,2.38,2.9,2.8,6.49,0.03,44.9,57.6,68.4,70.4,69.4,63.3
091,1980,2.49,1.95,4.21,2.48,6.79,4.64,45.8,60.2,66.0,75.0,73.0,64.2
091,1981,7.08,5.73,7.47,6.21,3.49,5.23,51.4,55.4,69.5,71.4,70.0,62.3
091,1982,2.0,4.41,2.58,5.09,2.79,2.99,43.4,65.3,63.5,73.0,68.3,62.6
091,1983,6.12,4.92,2.4,4.36,2.0,3.11,44.1,54.7,70.3,76.6,75.6,64.6
091,1984,3.73,5.85,4.82,2.9,1.65,3.68,46.4,55.8,71.2,70.6,72.9,62.2
091,1985,2.01,1.9,2.82,3.34,4.24,2.82,53.6,62.5,66.1,72.2,68.5,65.0
091,1986,1.95,3.72,4.96,5.23,2.42,5.24,51.9,59.4,68.2,74.5,67.1,65.9
091,1987,2.29,5.09,3.7,4.16,6.15,2.85,49.4,64.3,72.1,74.7,71.1,64.0
091,1988,3.03,1.6,1.23,2.83,4.42,2.47,47.6,61.5,71.1,74.7,75.1,64.4
091,1989,2.22,3.82,4.45,3.62,3.43,4.23,46.7,56.4,67.7,73.0,70.0,61.0
091,1990,2.63,6.64,4.0,5.13,7.81,3.26,48.2,55.9,68.6,70.5,69.4,64.6
091,1991,4.7,5.5,1.67,1.73,3.46,2.98,51.8,66.3,72.2,74.3,71.8,62.4
091,1992,2.02,0.79,2.46,5.79,1.98,7.9,45.5,57.7,64.4,69.0,66.0,61.6
091,1993,4.86,2.62,9.08,2.6,3.98,7.6,45.9,60.3,67.2,73.6,72.3,58.5
091,1994,2.98,1.2,6.34,3.64,4.18,2.32,50.4,56.4,69.6,71.6,67.4,64.0
091,1995,4.53,3.93,3.69,3.71,4.77,0.97,45.9,57.4,70.6,74.7,76.9,61.8
091,1996,3.89,6.59,6.78,8.64,1.63,3.78,45.1,56.4,68.7,69.3,71.4,62.8
091,1997,1.74,4.96,5.04,4.55,4.81,2.2,44.0,53.2,68.4,72.1,67.8,62.8
091,1998,3.89,2.5,4.18,4.26,3.85,1.55,49.9,64.7,68.8,72.4,72.5,67.9
091,1999,6.08,1.8,4.03,3.47,3.34,1.19,50.6,62.6,70.7,77.1,68.9,64.0
091,2000,3.57,3.71,7.82,3.6,2.49,4.0,47.4,62.0,67.9,70.2,71.0,63.4
091,2001,3.2,4.1,4.43,4.5,4.52,3.02,53.2,61.4,67.3,72.3,73.0,61.7
091,2002,4.6,5.38,1.65,2.31,2.49,1.56,49.5,54.9,71.1,76.0,72.2,67.3
091,2003,2.86,6.79,2.31,6.85,1.88,3.32,49.7,56.2,65.1,71.2,72.7,62.1
091,2004,1.06,5.89,3.72,4.02,8.11,0.68,50.3,60.9,66.9,70.8,66.3,65.5
091,2005,1.27,1.2,2.63,3.79,3.81,3.45,51.6,57.0,73.3,74.4,72.9,67.6
091,2006,2.83,3.83,2.37,6.74,5.3,2.89,52.8,57.9,67.6,74.3,71.0,61.0
091,2007,4.76,2.43,2.45,4.99,11.22,1.53,46.7,63.8,70.8,71.2,72.7,66.8
091,2008,3.21,2.99,3.28,2.75,3.49,12.3,50.1,55.6,70.3,72.4,69.6,65.4
091,2009,4.25,3.84,3.89,3.02,5.05,1.18,47.8,59.7,68.6,67.9,69.2,63.5
091,2010,3.19,5.87,6.35,5.01,1.75,2.65,54.1,61.6,70.6,75.3,74.2,64.3
091,2011,6.88,6.99,4.27,4.72,2.42,3.87,48.0,58.9,69.4,76.5,70.7,61.2
091,2012,1.78,2.63,2.73,4.93,3.89,1.66,49.0,64.4,70.2,78.4,69.6,62.4
091,2013,6.26,3.6,7.4,2.08,3.83,2.98,46.4,62.0,67.7,70.7,69.6,64.4
091,2014,2.47,5.37,8.32,2.49,7.72,3.47,47.7,59.6,70.3,67.3,70.7,62.1
091,2015,2.45,5.37,6.33,4.82,3.47,3.8,49.4,62.2,67.9,70.6,69.6,67.4
091,2016,3.16,3.39,2.94,4.45,10.6,3.02,47.6,58.7,70.4,73.3,74.2,68.4
091,2017,4.49,4.77,2.83,5.28,2.08,1.97,52.5,56.6,70.3,72.1,68.4,66.1
091,2018,2.2,5.85,3.9,3.13,4.91,2.96,40.4,66.0,70.5,72.7,72.9,67.3
091,2019,4.82,7.25,5.03,2.19,2.3,7.66,48.2,57.8,67.3,75.0,70.1,68.1
091,2020,4.96,5.98,3.35,2.83,2.22,2.11,45.6,58.4,72.1,75.5,71.8,63.5
091,2021,2.21,3.91,6.73,3.17,4.8,1.92,49.0,57.7,71.9,72.2,74.2,67.6
091,2022,3.09,3.46,2.57,5.53,2.78,1.83,45.2,62.2,70.1,73.2,71.7,64.5
091,2023,2.31,2.58,3.19,5.38,3.82,2.34,50.4,60.4,68.0,72.2,70.4,65.4
091,2024,5.63,4.59,3.63,5.4,2.79,2.67,51.5,63.7,71.8,71.2,71.5,67.3
091,2025,2.26,2.64,4.23,5.23,3.58,2.36,48.8,57.7,71.7,75.7,70.3,65.5
091,2026,6.31,1.83,9.5,4.36,5.44,,54.4,58.1,68.9,74.8,71.1,
093,1895,2.85,1.79,3.82,4.78,1.9,2.18,55.3,64.3,75.9,73.7,75.4,69.6
093,1896,0.64,4.93,4.34,5.82,4.74,4.78,59.8,69.2,71.2,75.4,73.8,65.5
093,1897,5.0,2.69,4.78,4.06,0.68,0.68,51.0,57.6,70.2,76.6,72.0,69.6
093,1898,2.0,4.27,3.74,2.12,3.54,5.84,50.1,63.8,73.5,76.5,74.2,69.6
093,1899,2.38,3.34,4.52,2.2,2.42,1.17,53.6,64.9,74.6,75.6,75.9,66.8
093,1900,1.38,4.03,7.79,4.41,3.05,1.29,53.2,64.9,72.1,76.2,79.8,71.4
093,1901,2.91,1.35,4.16,0.68,2.33,1.87,47.6,61.0,73.8,81.8,74.9,67.0
093,1902,2.5,6.8,5.98,2.75,3.45,4.0,51.3,67.5,70.7,75.9,72.0,64.5
093,1903,4.67,2.58,3.62,2.51,4.15,1.06,52.2,65.8,66.5,76.0,72.6,67.0
093,1904,2.49,2.54,4.38,2.78,1.7,3.89,47.6,62.2,70.0,72.9,72.3,68.1
093,1905,3.5,4.64,3.23,4.41,6.7,3.27,52.5,64.9,71.8,73.2,73.8,67.6
093,1906,1.48,1.59,3.49,2.19,4.61,4.83,54.6,63.4,71.4,74.3,75.7,70.6
093,1907,2.88,3.92,5.36,4.73,4.65,3.26,43.8,57.5,68.0,75.2,71.9,66.0
093,1908,5.38,6.44,1.88,2.13,1.39,0.77,53.5,64.7,71.4,76.0,74.6,70.4
093,1909,5.24,4.77,4.87,7.73,1.94,1.89,51.2,60.5,73.3,72.8,75.2,64.8
093,1910,4.33,4.15,2.61,8.62,1.4,3.81,53.1,58.0,68.8,74.6,71.3,68.5
093,1911,6.27,3.78,3.5,1.28,3.02,8.06,50.3,67.2,73.1,74.6,74.6,71.2
093,1912,6.36,5.36,2.36,5.89,6.26,3.72,54.3,64.3,68.1,75.7,72.1,68.4
093,1913,4.24,1.34,1.87,1.99,3.14,3.07,51.6,63.8,74.4,79.5,78.0,67.7
093,1914,3.64,1.05,1.39,2.44,6.37,2.42,52.5,64.2,76.4,78.3,75.1,66.4
093,1915,1.08,7.77,4.0,5.48,8.77,2.83,57.1,61.1,69.6,73.6,68.3,68.5
093,1916,3.19,3.69,7.68,3.98,4.33,2.29,50.5,64.8,67.9,79.1,76.2,65.6
093,1917,4.83,6.59,5.95,3.95,2.29,1.15,50.8,56.3,68.7,73.8,72.3,65.9
093,1918,4.21,6.49,3.26,4.36,3.51,4.33,49.5,67.1,71.2,71.7,77.7,59.2
093,1919,3.08,4.84,5.94,1.24,4.03,2.06,53.4,60.1,74.8,77.3,71.7,68.9
093,1920,5.56,4.93,2.04,2.66,5.32,2.76,48.8,61.2,70.3,73.4,71.0,68.0
093,1921,4.4,2.46,3.7,2.04,6.58,8.04,55.6,63.6,76.0,79.5,72.9,71.6
093,1922,5.98,4.04,2.79,3.68,1.16,1.75,55.6,65.6,72.8,73.8,73.3,70.6
093,1923,3.39,4.74,3.39,3.83,6.17,3.06,50.1,61.0,71.4,75.1,73.2,67.1
093,1924,4.48,4.77,4.58,1.4,4.1,3.48,53.8,56.3,71.5,71.5,73.1,62.7
093,1925,2.34,1.49,5.78,2.72,4.41,5.64,58.5,58.2,74.1,74.8,73.5,73.8
093,1926,3.96,1.19,2.78,3.09,5.36,6.58,47.3,64.1,68.4,76.3,75.0,69.2
093,1927,6.11,9.43,3.83,2.44,3.4,6.54,54.2,62.0,67.1,73.7,67.2,70.4
093,1928,4.21,3.51,6.42,2.34,4.75,1.12,48.4,61.0,66.1,73.6,73.8,62.1
093,1929,4.39,8.31,3.65,4.44,2.37,3.83,55.9,60.4,69.3,74.9,71.4,65.8
093,1930,2.46,0.92,2.2,0.63,1.9,3.9,55.5,63.8,70.9,78.5,74.9,68.9
093,1931,3.59,2.77,2.65,4.78,4.81,6.27,53.2,59.6,73.6,77.6,72.6,71.6
093,1932,3.35,1.37,5.83,2.87,4.1,8.65,52.6,62.0,72.3,76.8,73.3,66.3
093,1933,5.25,10.37,0.57,1.33,3.06,4.02,52.2,65.6,76.2,76.6,72.8,73.1
093,1934,0.94,1.48,4.94,3.12,5.65,6.12,52.6,65.4,76.8,79.5,74.1,65.8
093,1935,2.34,7.76,5.55,2.65,3.2,2.02,50.6,59.3,67.7,77.6,75.1,66.1
093,1936,3.06,1.91,1.19,3.07,1.07,4.47,48.7,65.7,72.5,81.2,80.1,71.6
093,1937,5.02,4.63,2.79,1.89,5.0,4.28,51.2,63.3,72.4,74.6,76.2,64.2
093,1938,1.35,5.21,3.89,4.5,2.52,2.02,55.6,63.2,70.1,76.0,76.1,68.9
093,1939,6.31,1.36,6.74,3.36,2.34,1.18,49.5,65.1,73.4,75.2,73.4,72.3
093,1940,8.33,3.75,2.24,1.49,2.6,1.86,50.2,59.1,71.8,75.0,75.4,64.5
093,1941,2.89,1.63,5.71,2.59,2.61,2.53,57.2,65.7,72.7,76.8,75.2,70.4
093,1942,3.66,4.69,8.51,4.01,2.44,2.21,55.6,63.5,72.2,76.3,73.4,66.0
093,1943,3.61,7.58,3.94,3.62,0.57,3.07,50.9,64.2,76.2,77.0,76.7,63.4
093,1944,6.62,3.23,0.83,1.89,7.34,3.05,52.4,68.4,75.9,76.3,74.3,66.1
093,1945,5.1,4.38,9.9,2.63,3.09,7.62,54.3,59.0,68.8,72.7,72.4,68.9
093,1946,2.04,6.07,3.67,3.51,4.08,1.18,55.6,60.3,72.0,74.4,68.6,65.8
093,1947,8.55,7.32,6.88,4.16,2.48,3.4,53.8,59.9,69.6,70.5,79.1,67.4
093,1948,4.5,3.75,5.04,8.64,1.87,3.23,56.7,61.8,71.7,74.6,72.6,67.1
093,1949,1.81,3.16,6.69,2.67,6.26,3.04,51.8,64.2,72.9,77.7,72.9,61.2
093,1950,5.17,3.06,5.28,2.46,6.36,5.37,48.1,64.2,69.9,71.4,69.5,64.1
093,1951,3.4,2.61,6.2,3.14,2.12,2.57,50.4,64.3,70.8,74.7,73.2,64.0
093,1952,3.48,2.59,5.6,1.78,1.84,3.67,52.9,62.6,77.2,77.4,73.7,65.4
093,1953,3.79,4.12,1.85,6.12,0.75,0.54,50.0,65.6,76.2,75.3,74.1,67.6
093,1954,3.01,2.64,3.23,1.52,4.53,2.41,59.0,58.2,74.5,78.3,74.8,70.2
093,1955,4.49,4.28,3.34,4.55,1.14,6.09,58.7,63.9,66.1,79.0,75.9,69.4
093,1956,4.42,5.33,3.37,3.2,4.34,2.35,51.0,63.8,71.8,74.2,72.9,64.0
093,1957,6.16,6.51,8.04,3.73,1.21,3.08,55.7,63.0,72.2,74.7,72.7,65.6
093,1958,3.21,6.96,5.87,12.11,5.02,3.91,53.1,62.1,68.2,73.5,72.1,66.1
093,1959,1.42,4.75,2.52,4.45,4.27,4.5,54.5,66.8,71.2,74.3,76.0,68.3
093,1960,1.85,4.69,7.87,3.63,1.87,0.57,56.5,59.4,69.6,72.6,74.4,70.4
093,1961,3.94,9.82,5.17,4.32,2.85,0.85,47.7,57.6,68.4,73.8,71.8,69.7
093,1962,1.14,3.66,4.88,3.96,4.91,3.13,50.8,69.4,71.3,73.5,72.8,62.9
093,1963,2.32,3.34,2.71,4.0,3.45,1.06,55.6,60.8,71.4,73.0,70.7,65.7
093,1964,4.55,1.41,6.49,3.0,1.97,1.41,56.4,65.4,72.7,74.3,72.8,66.8
093,1965,4.27,1.94,4.06,3.21,4.42,6.18,54.9,67.9,71.0,73.0,71.5,67.3
093,1966,5.2,2.8,2.81,5.34,3.73,3.53,49.5,58.9,70.3,77.6,71.1,63.9
093,1967,4.25,6.38,2.87,3.51,3.22,1.08,55.7,59.2,71.6,71.8,68.7,63.1
093,1968,4.11,8.92,1.83,3.81,6.21,3.29,53.8,59.9,71.8,75.0,74.3,65.8
093,1969,4.36,2.9,4.47,5.41,2.1,1.82,53.9,63.0,70.6,75.9,71.6,64.8
093,1970,5.96,3.41,5.84,3.05,3.02,2.24,55.0,65.1,70.4,73.3,73.0,71.3
093,1971,1.28,4.39,2.7,5.63,2.28,4.43,51.9,58.4,74.5,72.5,71.0,69.4
093,1972,8.77,3.27,3.35,3.43,4.24,5.55,52.4,64.0,67.6,74.0,72.7,69.1
093,1973,6.45,3.23,5.93,8.02,1.84,1.61,51.6,59.0,72.6,75.4,73.6,69.4
093,1974,3.72,6.98,2.92,1.01,7.5,6.8,54.3,62.3,67.1,74.9,72.6,61.2
093,1975,3.26,3.95,5.39,1.99,6.48,3.5,50.3,66.2,71.6,74.0,75.6,62.2
093,1976,1.27,3.74,3.53,4.3,2.4,3.91,54.0,58.6,70.6,73.5,70.5,63.1
093,1977,3.4,2.76,5.28,3.46,7.01,3.05,57.1,68.2,70.0,77.1,73.2,69.4
093,1978,3.54,5.35,2.01,7.64,6.81,0.72,53.9,60.3,72.1,75.0,72.5,69.2
093,1979,4.55,5.58,5.3,10.24,8.1,2.53,50.9,60.2,71.2,72.9,72.4,65.0
093,1980,3.2,4.22,4.84,2.96,3.46,2.64,50.0,62.6,69.3,77.5,77.0,68.0
093,1981,6.03,7.55,3.57,5.18,4.69,1.92,58.1,58.5,72.6,75.2,71.7,63.9
093,1982,2.29,4.13,4.55,4.11,6.2,3.67,47.6,67.1,66.6,75.4,70.0,64.1
093,1983,5.98,8.16,2.92,1.67,2.91,1.27,47.8,59.1,70.9,78.0,77.9,67.5
093,1984,6.91,4.25,1.44,5.24,2.24,4.5,51.0,59.4,74.1,72.0,73.3,64.3
093,1985,1.94,5.13,4.2,4.91,5.63,1.56,57.1,63.8,69.2,74.1,71.5,65.6
093,1986,2.34,5.05,3.77,5.56,3.87,3.89,55.4,64.4,72.5,77.4,69.9,69.3
093,1987,3.04,3.09,6.14,5.54,0.6,1.83,51.9,68.1,73.3,75.8,74.5,67.6
093,1988,2.56,1.96,0.42,3.7,1.99,2.38,52.0,63.3,72.4,76.8,76.8,65.6
093,1989,4.64,5.3,4.05,7.86,3.91,3.94,51.8,58.4,70.6,74.6,72.1,64.4
093,1990,3.36,9.44,6.42,4.39,1.87,2.66,51.0,59.6,70.3,73.5,71.6,67.5
093,1991,3.75,3.48,1.14,1.92,2.79,2.79,55.9,69.1,74.0,76.8,74.4,66.7
093,1992,2.82,2.99,2.34,9.19,5.84,2.85,52.9,60.3,67.5,74.0,68.8,64.5
093,1993,5.93,3.85,4.19,4.79,6.08,6.82,50.2,62.7,70.0,77.8,74.3,62.9
093,1994,6.15,3.48,2.3,3.02,3.21,4.36,53.6,58.2,73.2,74.1,70.7,64.0
093,1995,6.22,9.44,4.12,2.65,5.43,1.3,53.0,61.8,71.4,75.3,78.0,64.0
093,1996,8.96,7.29,4.86,4.23,1.01,7.47,49.7,64.0,71.3,72.4,73.7,64.4
093,1997,3.38,6.89,6.33,1.7,4.81,1.31,48.3,57.7,69.2,75.0,70.8,65.6
093,1998,11.14,5.79,8.47,3.42,2.46,0.54,53.5,67.0,71.7,74.6,74.6,70.5
093,1999,4.39,4.15,3.41,2.54,3.55,0.88,55.3,63.9,72.6,78.2,73.1,66.2
093,2000,3.32,4.57,7.36,6.21,6.86,6.36,51.0,65.0,71.1,72.7,72.5,64.6
093,2001,1.93,3.97,5.2,4.9,2.43,4.37,58.6,64.9,69.8,74.5,74.8,64.9
093,2002,6.5,10.3,4.97,0.89,1.56,5.04,55.3,59.8,73.7,77.6,76.5,70.4
093,2003,4.1,6.73,4.44,6.97,2.9,4.0,55.0,62.2,67.0,73.9,74.7,64.2
093,2004,2.56,8.69,2.95,7.16,4.22,0.24,54.3,67.8,70.8,72.6,69.7,67.7
093,2005,3.79,4.47,3.87,3.8,5.52,4.12,55.1,59.7,72.9,75.1,76.4,69.8
093,2006,4.86,5.2,4.05,3.84,5.15,6.48,57.2,60.7,70.3,75.5,75.0,62.7
093,2007,4.47,2.07,3.64,2.46,1.44,3.27,50.7,67.0,72.4,72.3,79.2,70.7
093,2008,4.16,9.1,5.48,5.08,1.75,2.54,53.3,58.8,73.0,73.7,71.9,68.4
093,2009,5.74,8.12,4.88,7.09,2.09,6.65,53.3,63.2,72.7,69.8,71.4,66.6
093,2010,3.46,6.06,8.77,2.79,1.28,0.55,58.4,65.2,75.3,77.1,76.5,68.0
093,2011,12.43,7.52,7.41,3.27,3.07,5.19,56.0,62.4,72.3,79.0,73.7,64.7
093,2012,3.67,2.78,0.44,2.53,2.71,6.81,54.4,68.7,71.4,81.7,73.1,65.2
093,2013,4.86,3.88,8.77,3.07,0.78,2.68,52.3,64.4,71.8,72.8,72.2,68.0
093,2014,8.86,5.66,5.43,4.85,4.59,3.47,54.8,64.2,73.1,70.3,73.1,64.7
093,2015,5.68,3.23,8.58,3.88,2.35,1.34,54.9,65.1,72.1,74.3,71.0,68.9
093,2016,5.64,3.71,4.31,6.85,7.36,3.04,54.4,61.1,73.9,75.5,76.3,70.9
093,2017,4.13,6.44,4.84,7.28,1.29,2.0,59.0,62.8,70.7,74.8,70.6,67.7
093,2018,3.93,2.88,7.71,1.97,4.8,7.3,47.3,70.6,74.4,74.7,74.6,71.0
093,2019,6.18,6.38,9.24,2.94,3.99,0.54,54.2,65.2,70.2,76.1,73.3,72.2
093,2020,3.87,5.24,2.98,7.06,5.0,0.7,50.4,60.4,72.0,76.8,72.1,65.8
093,2021,4.09,2.26,6.7,6.7,3.86,6.06,52.5,60.7,72.0,74.4,75.1,68.4
093,2022,4.45,8.12,2.68,7.37,2.21,2.84,51.1,65.6,72.0,76.1,73.5,66.9
093,2023,3.8,2.81,3.36,6.9,4.66,1.36,54.0,62.5,68.7,75.1,72.2,67.7
093,2024,7.22,5.89,2.19,5.68,2.93,4.76,56.9,67.5,72.6,74.1,73.8,68.9
093,2025,9.63,5.4,7.37,7.66,3.49,2.3,54.8,61.7,73.4,78.3,72.3,68.1
093,2026,5.89,8.36,7.55,2.58,5.45,,61.4,61.6,71.1,76.8,74.2,
095,1895,1.5,1.42,3.04,0.97,2.23,2.57,52.4,62.6,73.0,71.9,73.2,68.9
095,1896,2.1,4.07,4.05,9.89,6.2,6.25,56.9,68.0,69.5,73.2,71.2,61.7
095,1897,4.58,3.68,3.33,2.71,2.15,0.65,48.6,56.7,68.6,76.1,69.5,67.6
095,1898,2.35,5.07,2.31,3.42,4.06,3.2,47.7,61.4,71.6,75.3,72.4,68.4
095,1899,1.19,2.81,1.86,3.94,3.64,2.36,53.4,62.8,72.8,73.9,74.3,64.2
095,1900,1.97,4.84,4.61,4.95,3.76,2.15,50.7,64.0,69.9,74.0,76.6,68.7
095,1901,2.73,3.33,4.1,0.97,2.89,1.24,47.0,59.1,72.4,80.2,73.6,65.3
095,1902,1.93,3.01,9.43,3.18,1.3,5.78,48.8,64.6,68.2,74.5,69.6,63.1
095,1903,3.85,4.82,4.5,2.88,3.85,1.37,50.4,64.4,65.0,74.0,70.8,65.2
095,1904,4.37,3.79,3.83,2.85,2.29,3.01,44.6,60.4,68.0,71.4,69.0,65.2
095,1905,4.23,5.45,3.57,2.91,6.67,3.96,49.7,61.8,70.4,72.7,72.3,65.5
095,1906,2.3,2.5,2.9,2.03,5.16,3.25,52.8,62.7,69.4,72.4,74.6,68.6
095,1907,2.5,2.95,5.27,5.7,4.07,2.48,41.3,55.2,66.4,73.2,69.5,63.8
095,1908,3.24,5.6,1.75,2.47,1.61,0.89,51.0,62.3,69.4,74.2,72.6,69.2
095,1909,5.5,5.49,6.46,5.11,4.46,2.93,48.5,58.7,71.3,71.2,72.8,62.5
095,1910,3.2,3.8,1.89,3.49,1.36,6.04,51.4,56.0,67.4,74.1,70.5,65.3
095,1911,4.41,2.09,2.79,1.56,3.02,4.65,48.0,66.6,72.1,74.2,72.0,67.8
095,1912,4.45,4.6,1.61,4.87,5.83,4.25,51.5,63.2,67.3,73.6,69.8,66.2
095,1913,2.85,3.63,2.8,5.31,3.41,1.72,49.5,61.0,71.2,75.1,73.2,64.6
095,1914,2.96,2.6,2.28,1.08,5.21,2.17,50.3,63.1,73.5,76.6,73.0,64.7
095,1915,1.02,5.22,3.13,6.33,5.77,4.17,55.4,58.0,67.2,71.2,65.9,65.9
095,1916,1.44,4.45,5.63,1.75,4.54,1.59,49.0,62.3,65.8,78.7,74.5,64.3
095,1917,5.06,4.63,5.49,3.14,1.77,2.21,48.1,54.0,66.9,72.3,70.1,62.7
095,1918,4.7,3.96,2.64,2.21,3.38,4.39,48.1,66.9,70.8,71.6,76.9,57.3
095,1919,2.81,4.6,3.19,2.74,3.31,3.34,50.0,58.3,74.4,76.3,71.2,67.5
095,1920,6.25,3.37,4.68,4.65,2.02,2.87,45.5,59.5,70.4,72.2,70.2,67.1
095,1921,3.89,2.54,4.81,2.0,4.91,6.32,53.7,64.6,75.5,79.9,71.2,70.3
095,1922,8.8,3.68,1.0,3.11,2.26,1.76,52.4,65.3,71.7,73.0,72.2,68.8
095,1923,1.91,5.69,3.6,3.97,5.21,4.06,49.1,58.6,71.2,72.8,70.9,65.4
095,1924,2.81,4.03,8.31,1.34,3.47,4.25,50.6,54.1,69.1,70.4,71.2,59.6
095,1925,2.63,1.79,4.45,7.74,2.28,7.12,54.5,56.7,73.0,72.6,72.2,71.2
095,1926,3.5,3.37,2.56,2.86,8.21,12.18,44.1,62.1,65.9,74.1,73.6,65.8
095,1927,5.41,7.43,4.15,4.4,2.76,3.24,50.0,60.1,65.5,72.7,65.2,69.0
095,1928,2.46,3.08,8.17,4.65,2.8,1.16,46.0,59.5,64.3,72.8,72.8,61.1
095,1929,4.35,7.48,4.32,6.53,2.34,1.77,52.9,58.3,67.3,73.3,69.5,64.7
095,1930,3.45,1.65,4.6,2.63,2.74,3.85,51.8,62.1,69.5,74.8,71.8,65.9
095,1931,3.24,2.47,3.09,3.39,4.78,4.1,50.1,58.4,72.8,77.0,72.1,69.6
095,1932,2.5,0.68,6.52,2.21,1.49,7.96,49.8,61.2,71.4,75.0,72.5,64.6
095,1933,3.54,8.96,0.99,1.7,3.61,5.98,49.6,63.6,76.0,76.0,70.7,70.5
095,1934,2.13,0.77,3.79,2.14,3.59,4.77,50.2,65.2,76.4,79.4,72.4,66.0
095,1935,2.29,6.11,4.56,4.53,2.25,3.12,46.9,56.1,67.1,76.3,73.7,64.8
095,1936,2.52,3.02,1.77,0.91,4.09,4.16,45.8,64.2,70.6,80.3,77.9,68.9
095,1937,4.95,4.19,4.26,4.47,3.55,3.63,49.8,61.0,69.2,73.0,73.9,63.1
095,1938,3.59,6.19,6.45,3.41,2.52,2.99,51.7,61.2,69.0,74.3,74.4,66.8
095,1939,5.59,1.07,5.22,4.88,2.29,0.82,46.4,63.8,72.3,73.1,71.3,70.8
095,1940,5.63,3.35,2.32,1.8,2.4,0.79,46.8,57.6,71.6,74.6,74.0,63.7
095,1941,2.57,1.09,6.65,3.87,1.93,1.55,55.3,64.3,70.6,74.7,72.4,69.2
095,1942,2.63,4.32,4.57,4.31,4.12,2.75,54.5,62.4,71.0,75.1,71.2,63.4
095,1943,2.78,10.34,2.82,6.75,3.73,3.09,47.1,61.3,74.6,74.3,72.9,61.9
095,1944,5.82,3.62,1.94,1.36,4.93,2.46,48.7,67.0,74.7,75.0,73.7,65.8
095,1945,3.63,3.97,6.96,4.38,3.59,7.71,52.1,55.7,68.0,71.6,71.3,66.8
095,1946,1.62,6.49,3.57,3.55,2.51,0.66,51.6,58.5,70.0,73.4,67.9,65.9
095,1947,5.27,4.8,4.39,3.87,4.92,3.39,49.9,58.1,68.0,70.1,77.6,66.2
095,1948,6.01,4.21,5.32,2.65,2.25,2.8,54.4,59.8,70.6,74.3,72.1,66.4
095,1949,2.25,3.13,4.63,3.27,3.76,2.56,49.0,62.6,72.9,77.2,72.1,59.3
095,1950,3.54,3.57,4.37,2.91,3.04,4.71,44.6,62.6,68.2,71.2,69.6,63.8
095,1951,3.6,3.21,4.31,3.05,1.34,2.03,47.5,62.9,69.4,72.8,70.7,63.1
095,1952,3.68,4.52,3.43,1.87,4.24,5.77,50.3,59.9,75.2,76.4,70.9,64.1
095,1953,3.0,5.33,2.7,5.85,3.16,1.34,46.4,63.4,74.6,74.7,72.6,66.2
095,1954,3.37,2.47,2.16,3.84,5.01,0.34,56.2,56.5,74.6,76.0,72.3,68.3
095,1955,3.41,2.8,3.33,3.54,2.58,5.73,56.6,62.9,66.6,78.3,75.1,67.2
095,1956,3.68,7.35,2.93,3.63,2.27,0.88,48.1,62.1,70.9,72.4,71.8,62.8
095,1957,8.03,5.83,9.21,3.89,4.41,3.14,51.8,60.9,70.4,73.9,71.9,64.1
095,1958,2.2,3.7,11.18,6.13,3.41,3.3,51.4,59.7,65.9,72.8,71.0,64.5
095,1959,5.21,5.67,1.59,4.31,2.6,2.5,51.7,65.6,71.7,73.8,76.6,67.8
095,1960,2.0,4.83,4.31,4.7,2.69,0.97,53.9,58.1,68.0,71.0,73.2,69.1
095,1961,5.82,3.1,4.01,4.2,2.68,4.16,44.7,56.2,67.9,72.9,71.4,69.4
095,1962,0.95,4.87,2.93,5.88,3.57,2.47,48.8,67.5,71.1,71.7,71.2,61.7
095,1963,4.55,3.08,2.18,4.92,2.82,0.22,51.1,58.0,70.8,72.6,67.9,64.0
095,1964,9.2,1.33,3.77,5.86,1.57,1.61,51.8,64.6,71.6,74.1,70.1,64.8
095,1965,5.31,2.46,2.29,2.62,3.35,5.95,49.9,67.6,70.5,71.4,69.8,66.5
095,1966,3.33,2.65,2.63,2.36,2.27,4.35,47.5,55.7,70.4,76.2,70.4,62.7
095,1967,4.07,4.39,1.7,1.63,1.09,1.34,52.3,56.0,71.6,71.2,68.6,62.0
095,1968,3.13,7.44,3.2,1.7,5.02,2.68,51.7,57.0,70.8,73.5,73.4,64.8
095,1969,4.18,2.96,4.65,5.72,3.05,5.82,51.1,60.7,66.9,74.9,70.9,63.8
095,1970,5.23,2.89,2.2,5.29,3.13,3.03,51.4,63.9,69.4,73.0,71.5,67.9
095,1971,1.59,4.55,4.01,3.94,2.87,5.11,48.5,56.6,73.5,70.8,68.7,67.8
095,1972,6.85,3.86,3.41,4.29,1.95,8.01,49.1,62.7,65.3,72.6,71.2,66.0
095,1973,3.83,2.76,6.49,3.91,5.53,2.27,49.7,57.4,71.8,73.8,71.9,66.7
095,1974,3.14,5.79,5.98,1.08,4.16,3.12,51.8,59.0,66.2,74.1,71.2,60.3
095,1975,4.56,4.06,4.5,2.78,5.3,1.87,45.8,64.6,70.9,72.6,74.5,61.2
095,1976,1.27,2.79,5.37,5.05,1.73,1.9,53.1,58.3,70.4,72.4,68.9,61.6
095,1977,2.6,2.54,1.85,2.1,6.83,2.54,55.0,68.2,69.0,76.9,71.4,67.1
095,1978,4.7,3.61,2.93,4.3,6.14,0.91,50.5,58.7,70.5,73.2,71.0,68.1
095,1979,3.09,2.53,3.62,9.34,5.72,0.62,47.3,59.2,69.7,71.7,70.8,64.4
095,1980,2.38,3.02,7.39,4.59,6.0,2.26,47.8,62.3,68.0,76.6,75.6,66.7
095,1981,5.03,7.39,3.4,5.7,4.07,3.02,54.3,57.5,71.9,73.5,70.9,63.2
095,1982,2.09,3.57,4.5,2.97,3.58,0.83,45.6,67.0,66.1,74.4,69.8,63.6
095,1983,4.14,4.46,3.16,2.22,1.82,1.06,46.8,57.4,71.2,77.4,76.4,66.0
095,1984,4.04,3.54,1.57,3.36,3.03,4.88,47.7,57.1,73.3,70.6,72.2,62.6
095,1985,2.09,5.01,2.91,2.91,4.34,2.22,56.9,63.0,68.0,72.4,69.9,66.2
095,1986,3.49,6.0,4.09,4.61,2.44,4.43,53.4,62.0,71.3,75.7,68.6,67.9
095,1987,2.09,3.21,4.78,5.89,2.93,0.59,50.9,66.3,72.5,74.9,72.0,66.6
095,1988,3.41,0.94,0.75,3.71,1.37,3.4,49.5,62.8,71.4,76.5,75.8,65.1
095,1989,5.67,6.93,2.61,6.16,4.14,8.12,49.2,57.6,70.2,74.8,70.9,62.5
095,1990,2.75,6.38,5.9,4.89,7.77,2.72,49.8,57.7,69.7,72.4,70.4,65.9
095,1991,3.66,5.17,1.76,3.32,2.59,2.01,54.6,68.3,73.8,75.5,73.0,65.3
095,1992,4.53,2.54,4.91,9.62,3.12,4.38,50.0,59.2,65.9,71.6,67.2,63.4
095,1993,4.34,4.25,4.86,5.9,4.28,5.66,49.1,62.3,68.8,75.7,73.5,61.0
095,1994,4.67,3.33,2.67,3.07,4.28,1.31,52.2,57.9,72.5,73.0,68.6,63.8
095,1995,3.87,5.35,5.43,2.81,2.45,1.31,49.9,59.1,71.3,74.7,77.9,63.2
095,1996,5.43,6.93,4.12,4.46,0.87,5.48,47.4,59.2,70.7,70.8,72.4,63.9
095,1997,1.48,5.16,4.97,2.59,3.82,2.08,46.1,55.4,68.8,72.8,68.9,63.9
095,1998,5.37,4.25,9.94,5.68,3.46,0.61,52.3,65.8,70.5,72.8,73.4,69.0
095,1999,4.83,2.73,2.88,2.58,2.12,1.44,53.3,63.4,71.7,77.9,70.3,65.2
095,2000,3.44,5.1,5.16,3.66,3.67,4.62,50.4,64.2,69.7,71.3,71.2,63.6
095,2001,3.25,5.27,4.15,6.93,3.89,4.65,56.5,63.4,69.2,73.4,73.3,62.9
095,2002,5.54,6.44,2.39,2.24,4.15,3.41,53.0,57.7,73.0,76.6,74.3,68.4
095,2003,1.78,7.2,2.56,10.57,4.26,8.97,52.6,59.9,67.2,72.2,73.3,62.8
095,2004,1.17,5.5,5.67,3.79,3.66,0.73,52.9,65.9,69.0,71.3,68.3,67.3
095,2005,4.76,2.26,3.53,5.12,3.74,4.83,53.4,58.5,73.4,74.2,74.1,68.4
095,2006,4.45,5.04,6.01,3.99,4.94,3.36,54.7,59.7,69.0,75.2,72.9,62.4
095,2007,3.99,0.97,3.38,1.84,5.7,1.49,49.1,66.0,71.6,70.9,76.2,68.4
095,2008,2.35,5.43,8.44,5.02,2.44,1.82,51.8,57.6,71.8,72.8,70.4,67.5
095,2009,7.49,5.11,4.83,2.52,3.07,1.46,51.0,61.1,71.2,68.9,70.5,64.9
095,2010,2.13,4.85,10.32,4.11,2.12,0.72,57.3,63.6,73.4,75.6,74.8,66.8
095,2011,7.04,4.9,4.8,2.31,4.34,5.9,52.3,62.2,71.9,78.8,72.2,62.3
095,2012,1.88,3.35,1.47,2.54,4.07,6.55,51.9,67.1,71.3,79.3,71.0,63.4
095,2013,7.91,3.67,5.95,2.33,1.62,3.29,51.0,64.9,70.6,71.8,71.2,66.5
095,2014,5.6,4.52,6.56,2.32,5.6,3.34,51.8,62.4,72.2,68.1,71.6,63.1
095,2015,4.7,5.69,9.71,6.33,2.1,2.22,52.1,65.0,70.2,72.0,69.8,68.1
095,2016,3.72,2.73,5.96,3.12,7.3,4.21,51.7,60.5,72.3,74.0,75.6,69.6
095,2017,5.24,8.11,7.0,7.57,1.59,2.14,56.7,60.5,71.0,73.6,69.8,66.7
095,2018,3.48,2.05,6.11,4.07,5.65,6.02,45.0,69.9,73.8,73.5,73.8,69.4
095,2019,5.87,4.98,5.21,4.24,3.0,1.31,51.8,62.0,70.1,77.2,72.0,71.1
095,2020,1.77,5.52,4.06,4.75,2.77,0.64,49.2,59.6,72.0,76.3,71.7,65.9
095,2021,2.61,3.69,5.02,6.02,3.5,4.97,52.4,59.2,72.9,73.4,75.0,68.0
095,2022,3.08,5.96,1.86,3.78,3.37,2.25,49.2,65.1,72.3,75.2,72.6,65.8
095,2023,2.79,2.34,2.18,4.39,3.99,1.44,52.6,61.3,68.6,73.9,71.2,66.6
095,2024,7.6,4.26,3.42,4.87,2.8,2.64,54.1,66.3,72.1,72.0,72.6,67.4
095,2025,5.67,3.31,5.95,6.78,1.27,1.45,51.7,60.0,73.2,77.2,70.5,66.9
095,2026,4.52,5.26,5.86,3.06,11.12,,58.0,58.9,69.9,74.6,72.0,
097,1895,1.85,0.96,3.67,1.91,2.01,2.56,53.3,62.7,74.0,72.7,74.3,69.5
097,1896,1.38,3.22,4.34,8.31,5.28,5.19,58.2,68.9,71.1,74.8,72.8,63.0
097,1897,4.69,3.38,3.76,3.42,1.4,0.79,49.9,57.8,69.8,77.3,71.0,68.9
097,1898,1.79,3.01,3.46,3.63,3.66,5.16,49.2,62.6,73.0,76.2,73.3,69.3
097,1899,1.41,3.46,2.01,3.05,3.52,1.88,53.5,62.6,74.0,75.1,75.8,65.9
097,1900,1.4,5.41,4.77,4.64,2.97,1.92,51.8,64.7,71.2,75.4,78.3,70.7
097,1901,2.53,2.5,4.92,0.81,3.69,1.11,48.3,60.4,73.8,81.8,75.0,66.5
097,1902,1.9,3.64,8.37,2.88,1.53,5.47,49.8,66.0,69.6,75.8,71.1,64.0
097,1903,3.52,5.85,3.16,3.75,3.36,1.41,51.1,64.8,65.9,75.4,71.8,66.1
097,1904,2.47,3.7,2.93,3.03,1.78,3.1,46.2,61.1,68.6,72.7,70.4,66.2
097,1905,3.83,5.18,2.32,3.21,5.19,3.45,51.1,62.8,71.7,73.6,73.5,66.5
097,1906,2.32,2.82,3.64,2.73,4.43,4.21,53.5,63.1,69.8,73.3,75.6,69.6
097,1907,2.48,3.49,4.12,4.93,2.82,1.88,42.0,56.2,67.0,74.4,70.8,64.6
097,1908,3.95,5.88,2.09,1.73,1.19,0.83,51.9,62.8,69.9,75.1,73.3,69.7
097,1909,4.64,5.61,5.72,5.21,3.64,2.65,50.4,59.7,72.4,72.2,74.1,63.9
097,1910,3.15,3.77,2.11,6.39,2.01,4.72,52.5,56.7,67.9,74.2,70.7,66.6
097,1911,4.88,2.33,2.78,1.25,2.66,5.54,49.0,67.7,73.4,75.5,73.7,69.2
097,1912,4.77,4.78,2.17,5.17,5.85,3.55,53.0,64.1,68.5,74.8,71.0,67.4
097,1913,3.3,2.5,2.75,4.26,3.78,1.84,50.7,62.8,73.1,77.2,74.8,65.4
097,1914,2.88,2.15,1.97,1.69,5.58,2.45,51.3,64.2,75.1,77.9,73.8,65.4
097,1915,0.92,4.76,2.83,7.62,6.9,3.98,56.4,59.4,68.9,72.8,67.3,67.3
097,1916,1.75,4.77,6.31,2.73,3.28,2.31,49.0,63.2,66.9,79.7,75.1,64.6
097,1917,4.18,5.7,6.89,2.55,2.08,2.69,49.0,55.5,68.5,74.3,71.6,64.3
097,1918,5.36,4.3,2.92,2.37,3.69,4.15,48.6,67.4,71.3,72.8,77.8,58.9
097,1919,2.67,4.95,3.0,2.04,2.16,2.04,51.1,59.2,75.1,77.7,72.2,69.0
097,1920,6.26,3.62,4.34,4.43,1.94,2.25,45.5,60.1,70.3,72.8,71.0,67.7
097,1921,4.99,2.25,2.94,2.61,5.65,6.72,54.6,64.1,76.2,80.0,72.0,70.4
097,1922,8.6,2.85,1.12,4.34,2.96,1.72,53.4,65.7,73.2,73.8,72.8,69.8
097,1923,1.89,6.55,4.16,3.91,4.66,3.33,49.2,59.2,71.5,74.1,71.9,65.9
097,1924,3.19,4.46,6.34,1.84,4.33,3.58,51.8,54.3,70.3,71.6,72.5,61.3
097,1925,2.59,1.38,5.0,5.63,2.08,5.46,55.6,57.6,74.2,74.2,73.2,72.6
097,1926,4.06,3.43,2.06,2.97,9.59,11.57,44.9,63.2,67.0,76.1,75.0,67.4
097,1927,5.78,6.74,2.51,3.3,3.3,3.83,51.0,60.6,66.2,73.6,66.7,70.0
097,1928,2.77,3.01,8.02,3.37,3.5,1.17,46.5,60.1,65.4,74.2,73.9,61.8
097,1929,4.56,8.61,4.82,6.36,2.19,2.55,53.6,58.8,68.3,74.4,70.9,65.3
097,1930,2.82,2.08,3.85,1.92,1.68,4.04,52.6,62.9,70.3,76.4,73.6,67.2
097,1931,2.62,2.73,2.98,2.75,4.35,4.08,51.1,58.3,73.7,78.2,73.4,70.5
097,1932,2.31,0.81,5.95,3.34,2.49,7.27,50.3,62.0,72.3,75.9,73.3,65.3
097,1933,3.47,8.26,1.16,2.27,1.92,5.21,49.9,63.8,76.5,76.7,72.0,71.5
097,1934,1.79,0.8,3.08,3.19,3.06,4.77,50.7,65.9,77.5,80.5,73.1,66.0
097,1935,1.82,7.28,4.7,4.56,2.22,3.58,48.0,57.0,67.5,77.2,74.6,65.5
097,1936,3.11,1.85,1.07,0.71,3.19,5.02,46.2,64.7,71.8,81.9,79.2,69.4
097,1937,4.81,2.9,3.85,5.14,3.27,3.32,50.0,61.5,70.2,74.1,75.4,63.3
097,1938,2.99,5.64,6.47,5.53,3.05,2.01,52.4,61.2,69.2,75.2,74.9,67.3
097,1939,5.79,1.38,5.35,5.26,2.44,0.96,46.8,63.8,72.7,74.1,72.1,70.9
097,1940,5.72,3.98,2.12,1.01,2.08,0.86,47.4,58.1,72.0,75.2,75.1,64.0
097,1941,2.1,1.59,5.53,1.22,1.86,2.27,55.7,64.6,71.6,76.3,74.0,69.2
097,1942,2.79,4.77,6.16,2.82,4.5,2.85,54.4,62.7,71.7,75.9,72.1,64.0
097,1943,2.34,9.82,3.75,3.11,1.69,3.45,48.0,62.0,75.3,75.5,74.1,61.8
097,1944,7.16,3.35,2.33,1.5,2.84,2.57,49.8,67.7,74.9,75.5,73.8,65.3
097,1945,4.25,3.74,7.66,3.41,3.57,6.41,52.6,56.8,68.6,72.4,71.8,67.5
097,1946,1.61,7.32,3.33,2.43,3.34,0.86,52.4,59.1,70.6,74.2,68.2,65.2
097,1947,6.09,4.73,4.64,3.15,4.3,3.05,50.7,58.2,68.2,70.4,78.4,66.3
097,1948,4.07,3.43,4.75,3.68,1.11,2.52,54.1,60.5,71.5,74.5,72.9,66.8
097,1949,1.82,2.8,4.47,2.98,5.3,2.6,50.0,63.1,73.3,77.7,72.8,59.9
097,1950,3.43,2.84,6.06,2.61,3.55,5.29,45.7,63.2,68.6,71.7,69.5,64.0
097,1951,3.19,3.09,5.34,3.14,1.9,2.12,48.1,63.6,69.7,73.5,71.3,62.7
097,1952,3.83,3.77,7.62,2.31,2.85,5.08,51.2,60.6,75.8,76.4,71.7,64.7
097,1953,2.97,5.08,3.9,5.46,2.61,1.26,47.1,63.8,75.1,74.7,73.0,66.3
097,1954,3.14,2.1,2.12,2.12,3.94,0.86,56.4,57.1,74.5,76.9,72.6,68.9
097,1955,3.52,3.65,2.74,4.56,2.02,6.51,57.0,63.3,66.4,78.5,75.2,67.9
097,1956,4.16,7.56,5.95,4.06,2.64,1.21,48.5,61.8,71.3,73.0,72.6,63.4
097,1957,7.4,7.32,8.4,4.33,4.19,2.18,52.3,61.6,71.6,74.8,72.5,64.2
097,1958,2.58,4.28,8.17,9.65,4.34,3.4,51.3,60.7,66.6,73.0,71.3,64.8
097,1959,3.83,3.95,1.8,4.32,2.64,2.53,52.1,65.6,72.2,74.5,76.5,67.8
097,1960,1.96,4.69,6.47,4.34,2.77,1.65,54.6,58.6,68.8,71.8,73.7,69.8
097,1961,5.92,5.3,3.52,3.37,2.37,3.64,45.4,56.5,68.3,73.4,71.6,69.7
097,1962,1.32,6.14,1.07,7.77,4.51,2.7,49.7,68.5,72.1,72.6,72.0,62.2
097,1963,3.92,2.36,2.86,4.73,2.48,0.27,52.6,59.4,71.2,73.0,68.9,65.1
097,1964,7.93,1.27,3.21,5.02,1.59,1.3,53.4,65.0,72.2,74.0,71.6,65.9
097,1965,5.58,2.14,2.87,3.36,3.59,5.02,52.1,67.7,70.6,71.8,70.3,66.7
097,1966,3.31,2.01,2.02,2.51,1.95,5.47,48.9,56.9,70.6,77.4,71.2,63.4
097,1967,3.65,5.49,1.29,1.86,2.17,1.06,52.5,57.6,72.1,72.3,69.3,63.6
097,1968,3.35,8.14,2.8,1.97,5.49,2.19,52.5,57.5,71.3,74.6,73.5,64.9
097,1969,4.3,2.3,4.63,7.45,2.59,3.31,52.5,62.1,68.6,75.2,71.5,64.1
097,1970,5.53,2.79,2.4,6.0,1.87,2.44,52.8,64.6,69.7,73.8,72.8,68.7
097,1971,1.3,4.17,3.92,5.27,1.52,4.01,49.7,57.8,74.4,71.8,69.8,68.4
097,1972,5.92,2.87,5.19,2.33,3.02,6.22,50.1,64.1,66.7,73.6,71.8,67.2
097,1973,3.43,2.51,6.87,5.99,4.04,2.12,49.9,58.6,72.2,75.1,73.1,68.5
097,1974,3.15,6.55,5.45,1.52,5.85,3.82,53.2,60.4,67.0,75.1,71.8,60.5
097,1975,4.01,2.95,4.27,3.52,4.45,2.84,47.2,65.3,71.1,73.3,75.5,61.6
097,1976,1.0,3.34,5.24,3.38,4.62,2.06,53.0,58.4,70.9,73.2,70.1,62.7
097,1977,2.51,3.03,2.75,3.51,5.72,2.4,55.5,68.6,69.4,77.2,72.2,68.1
097,1978,3.94,4.24,5.15,5.4,7.82,0.94,51.5,59.1,71.2,74.1,71.9,69.0
097,1979,3.48,2.75,3.98,11.5,6.61,0.47,48.8,60.0,70.6,72.2,71.4,64.8
097,1980,2.12,3.07,4.91,3.6,7.48,2.75,48.4,62.9,68.6,77.4,76.3,67.3
097,1981,5.48,9.0,2.15,5.39,3.42,2.47,55.8,58.6,72.5,74.4,71.6,63.7
097,1982,2.21,5.17,4.81,3.83,2.04,1.18,46.6,67.2,66.3,74.9,70.5,63.9
097,1983,4.51,5.04,2.91,2.28,3.15,1.23,47.2,58.0,71.7,78.4,77.9,67.0
097,1984,4.34,4.24,2.07,4.49,2.6,4.6,49.3,58.2,74.5,71.8,73.3,63.7
097,1985,2.75,4.94,3.18,3.65,6.45,2.28,56.5,63.6,68.8,73.5,70.5,66.2
097,1986,3.68,7.38,3.38,4.48,1.97,5.3,54.0,62.6,72.1,76.7,69.4,68.6
097,1987,2.45,1.99,3.85,8.21,1.13,1.04,51.6,67.2,73.2,75.3,73.3,67.3
097,1988,3.88,1.0,0.43,4.67,2.33,2.64,50.8,63.4,72.5,76.5,75.8,65.5
097,1989,4.89,6.08,2.88,6.33,6.22,6.79,50.3,58.2,70.9,75.0,71.3,63.4
097,1990,2.57,7.9,3.85,4.64,4.82,2.48,50.6,59.1,70.5,73.3,70.8,66.3
097,1991,3.8,4.41,0.99,2.08,3.09,1.98,54.8,68.4,74.2,76.1,73.7,66.4
097,1992,4.57,2.49,3.77,9.66,2.1,3.81,50.9,59.8,67.0,72.8,68.2,64.1
097,1993,4.41,3.34,5.19,5.27,6.5,6.08,49.8,62.7,69.7,76.4,74.2,61.0
097,1994,5.47,2.98,4.85,2.46,3.59,2.2,52.7,58.6,73.2,73.6,69.5,64.4
097,1995,3.08,7.15,4.05,3.05,3.57,1.31,50.8,60.3,71.7,75.2,77.9,63.1
097,1996,6.87,8.77,4.83,4.87,1.53,5.88,48.2,60.8,70.7,71.9,73.1,64.3
097,1997,1.82,4.35,4.24,1.81,3.19,1.98,46.8,56.5,69.1,74.3,70.0,65.1
097,1998,5.22,6.14,10.4,3.47,2.82,0.76,52.4,66.1,70.7,73.7,74.1,69.8
097,1999,4.14,2.8,3.14,3.04,1.76,0.95,54.0,63.7,72.3,78.3,71.4,66.2
097,2000,3.77,4.88,5.37,2.79,4.45,4.65,50.8,64.5,70.7,72.2,71.7,64.2
097,2001,2.3,3.95,4.02,6.69,3.16,4.78,57.3,64.2,69.4,74.0,74.1,63.9
097,2002,5.65,7.61,4.74,2.15,2.17,4.08,53.7,58.7,73.0,77.1,75.5,69.6
097,2003,2.21,6.23,3.08,8.46,4.18,8.83,53.5,60.8,67.9,73.2,73.8,63.5
097,2004,1.5,6.47,4.57,5.58,3.94,0.48,53.8,66.4,69.9,72.2,69.0,67.9
097,2005,4.44,2.44,3.65,4.65,4.58,4.7,54.5,59.5,73.7,75.0,75.0,69.0
097,2006,4.59,4.91,5.73,4.27,3.73,3.69,55.6,60.2,69.6,75.8,73.7,62.7
097,2007,4.19,1.73,2.71,2.05,3.65,2.1,49.6,66.7,72.6,72.4,77.9,69.2
097,2008,1.98,6.61,9.59,5.6,2.37,2.33,52.1,58.1,72.1,73.6,71.6,67.8
097,2009,7.01,6.54,5.92,3.76,4.83,1.81,51.6,62.1,71.8,69.2,70.8,66.0
097,2010,2.63,4.73,10.14,4.15,1.12,0.67,57.9,64.4,74.5,76.6,76.2,67.9
097,2011,8.88,5.43,6.71,0.95,2.26,5.85,53.4,62.3,72.3,79.8,73.8,64.0
097,2012,2.76,3.04,0.56,1.2,6.01,7.12,52.4,67.6,72.4,81.4,72.3,63.5
097,2013,7.38,3.36,4.73,2.17,1.48,2.87,50.9,64.6,70.9,72.4,72.2,67.2
097,2014,5.94,4.23,6.24,3.4,2.97,3.55,52.2,62.5,72.1,68.8,72.1,63.8
097,2015,4.75,2.72,7.15,10.19,1.59,2.17,52.7,65.3,71.0,73.0,70.5,68.6
097,2016,4.69,3.34,6.29,5.5,7.68,4.7,52.0,60.8,73.0,74.7,75.8,69.8
097,2017,5.2,8.15,5.4,6.63,1.53,0.85,57.7,61.1,71.1,74.4,70.5,67.7
097,2018,4.44,1.91,5.54,3.16,5.2,6.18,45.6,70.9,74.2,74.8,74.0,69.8
097,2019,5.32,4.81,6.29,2.95,3.73,0.9,52.4,62.7,70.0,76.8,72.4,71.3
097,2020,1.91,5.0,3.84,3.88,3.22,0.31,49.3,59.4,71.8,76.4,72.0,65.9
097,2021,3.43,3.2,6.53,5.12,2.05,5.0,52.2,59.6,73.0,73.6,75.5,68.3
097,2022,3.98,4.8,1.58,3.34,4.58,2.64,49.6,65.2,72.8,76.6,73.0,66.4
097,2023,2.61,2.56,1.79,5.42,3.8,1.34,52.6,62.7,69.9,74.6,72.3,67.5
097,2024,7.82,5.22,2.9,5.09,3.09,2.38,55.4,67.4,73.0,73.6,73.5,68.6
097,2025,7.09,4.85,4.48,5.34,1.41,1.82,53.5,61.4,74.2,78.0,71.5,68.0
097,2026,3.68,6.34,5.12,2.48,7.78,,59.0,60.2,70.9,76.2,73.1,
099,1895,1.76,1.58,1.75,2.42,2.6,1.93,50.0,61.0,71.5,70.7,71.8,67.2
099,1896,2.81,4.86,3.94,9.94,6.11,4.91,53.8,66.0,67.8,71.4,70.1,59.3
099,1897,2.43,3.05,3.62,2.17,2.57,0.37,45.5,55.2,67.2,74.8,67.4,66.5
099,1898,1.44,4.05,3.57,2.78,3.71,3.1,45.2,58.7,70.4,73.2,70.1,65.9
099,1899,0.84,4.59,2.35,3.27,1.29,2.83,51.6,61.0,70.6,73.2,73.2,62.0
099,1900,1.42,2.86,3.72,5.55,4.65,1.85,49.3,61.8,68.0,71.8,74.7,65.3
099,1901,1.93,2.73,2.93,1.48,2.82,1.32,45.2,56.4,70.3,78.6,71.7,62.4
099,1902,2.08,6.12,9.01,5.12,1.98,4.73,45.6,61.9,65.1,72.0,66.8,59.4
099,1903,5.59,2.57,4.69,5.67,4.47,3.49,47.3,62.1,62.5,71.3,67.3,62.4
099,1904,3.84,3.85,1.52,4.03,3.54,3.43,41.1,58.6,66.5,70.2,66.6,63.3
099,1905,4.3,7.04,4.47,4.37,4.43,4.14,46.4,58.5,67.5,71.0,70.8,64.3
099,1906,2.27,2.35,4.49,3.19,3.65,2.39,48.6,59.8,66.8,70.0,72.9,66.5
099,1907,2.98,3.32,5.09,4.71,3.97,4.19,37.9,51.7,63.9,70.0,66.6,60.1
099,1908,3.29,6.8,2.07,2.56,2.67,0.93,47.0,59.4,66.8,72.0,69.5,66.8
099,1909,4.91,3.33,5.97,3.36,4.86,3.47,43.8,55.3,67.3,68.5,70.1,59.1
099,1910,3.78,4.17,0.81,2.21,4.16,5.15,47.9,52.5,64.8,73.2,68.4,61.8
099,1911,4.23,2.62,5.31,1.82,3.73,4.68,44.1,63.7,69.1,71.9,67.6,63.3
099,1912,3.14,4.9,3.0,6.74,6.11,3.21,47.7,60.0,64.6,71.0,66.3,63.7
099,1913,2.37,5.5,1.47,4.35,4.04,2.24,46.5,57.6,68.3,72.7,70.9,61.2
099,1914,2.12,5.05,3.52,1.62,4.49,2.37,46.3,60.0,69.4,73.8,70.2,62.4
099,1915,2.27,5.69,2.16,5.8,4.98,3.1,52.2,53.8,63.5,68.5,63.5,64.5
099,1916,1.76,6.74,7.58,1.32,2.93,4.98,46.3,59.2,62.8,76.8,72.5,61.2
099,1917,3.26,3.54,3.28,3.1,3.3,1.46,44.6,51.0,64.0,69.9,67.6,59.3
099,1918,2.48,4.5,3.04,1.64,2.1,3.67,44.4,63.5,67.1,69.1,74.1,55.4
099,1919,3.15,5.3,2.75,2.81,3.91,2.71,46.5,55.0,71.8,74.8,68.6,64.9
099,1920,4.83,2.1,3.98,4.81,1.05,1.56,41.8,56.1,67.9,68.7,68.5,65.3
099,1921,4.01,3.26,3.34,1.84,7.67,3.58,51.7,61.4,73.2,78.1,69.6,67.0
099,1922,4.12,4.38,2.53,3.07,1.42,1.27,48.2,62.5,69.4,70.5,70.9,66.9
099,1923,1.06,4.25,2.85,4.75,3.6,4.14,45.0,56.1,70.7,72.3,68.9,63.6
099,1924,2.31,3.1,7.08,2.1,2.96,3.24,45.8,51.6,64.8,67.8,68.5,57.3
099,1925,1.72,1.2,2.29,3.15,1.89,5.5,51.8,53.6,71.0,71.4,70.5,68.1
099,1926,2.94,4.36,4.4,3.39,3.45,5.7,40.0,58.6,61.8,71.0,71.7,62.4
099,1927,5.29,4.39,2.26,3.14,3.58,5.33,46.2,56.4,63.1,70.6,63.9,67.1
099,1928,1.53,2.44,4.76,3.19,6.44,1.62,43.1,57.1,62.0,71.7,70.9,58.7
099,1929,6.05,4.09,3.84,1.63,4.8,2.92,49.1,55.1,64.9,72.1,67.4,62.8
099,1930,3.51,2.92,2.89,2.5,2.19,2.63,48.2,59.5,67.9,73.1,70.2,64.5
099,1931,2.38,4.71,5.07,1.57,4.47,4.76,47.7,55.3,70.6,75.1,71.4,68.2
099,1932,1.29,2.8,3.27,4.48,3.92,3.88,46.1,58.6,69.5,72.5,70.2,61.6
099,1933,3.43,7.04,2.21,3.01,3.44,5.55,47.2,60.8,74.5,73.6,68.2,67.4
099,1934,1.81,1.3,2.4,1.33,5.09,6.69,46.8,63.4,74.0,77.6,70.0,62.5
099,1935,2.31,5.6,3.01,2.96,5.51,2.35,43.8,52.6,65.7,75.0,71.2,62.3
099,1936,2.88,2.43,1.96,0.26,5.4,4.91,42.9,62.2,67.0,78.0,74.5,66.0
099,1937,5.04,2.7,5.61,4.05,3.09,3.23,46.0,58.4,66.8,72.0,72.6,61.3
099,1938,2.95,4.76,5.04,5.21,2.83,5.15,48.9,58.5,66.2,72.2,72.5,63.5
099,1939,4.35,1.33,8.25,2.4,3.15,0.86,43.1,61.4,70.3,71.5,69.9,67.0
099,1940,4.0,6.18,4.11,0.89,3.81,1.36,43.6,55.2,69.6,73.1,71.6,61.4
099,1941,2.93,2.7,4.19,2.43,1.76,2.0,52.8,61.6,69.2,73.4,71.1,67.5
099,1942,2.37,3.19,4.18,6.09,4.41,3.72,52.1,60.4,68.9,73.1,68.7,60.6
099,1943,2.84,8.72,2.45,4.78,5.81,3.31,44.1,57.2,72.1,72.9,70.7,59.1
099,1944,5.37,5.01,1.63,1.56,3.02,2.07,45.0,64.0,72.2,73.1,72.2,63.8
099,1945,3.56,5.98,4.07,4.19,3.86,5.5,48.5,52.4,65.0,70.2,69.7,63.7
099,1946,1.29,3.64,6.59,0.9,2.15,2.74,48.9,56.1,67.8,72.8,66.9,64.3
099,1947,5.81,3.82,4.02,2.57,3.66,5.56,46.0,53.9,65.6,69.1,77.7,64.6
099,1948,2.06,5.09,6.14,3.07,1.89,2.13,52.0,56.2,67.5,73.3,70.8,65.6
099,1949,1.75,3.74,5.25,3.45,2.37,2.41,46.6,60.2,71.7,75.9,71.2,57.9
099,1950,5.01,1.78,6.67,5.51,1.72,3.5,41.5,60.2,67.5,69.8,68.4,62.0
099,1951,3.77,4.42,3.83,5.52,3.92,2.22,45.1,60.9,66.8,71.4,67.8,60.5
099,1952,3.62,4.82,4.69,4.0,2.88,2.24,48.4,57.3,72.3,74.8,69.7,63.1
099,1953,3.04,3.03,4.2,3.26,4.22,1.71,44.3,61.1,72.1,73.7,71.3,63.6
099,1954,5.25,2.84,4.52,6.28,5.42,1.3,52.0,54.4,72.1,72.9,69.5,65.6
099,1955,3.1,2.62,3.03,4.71,4.18,1.61,54.2,61.2,66.0,78.0,74.9,64.5
099,1956,5.36,4.9,3.25,3.69,3.73,0.57,45.5,59.6,70.9,71.6,70.5,61.9
099,1957,6.4,2.99,6.1,3.0,2.92,1.96,47.6,59.0,69.2,73.2,70.2,61.1
099,1958,1.82,1.62,8.07,6.47,6.15,4.04,48.7,58.8,63.5,71.2,70.0,63.1
099,1959,4.83,4.08,4.75,3.69,1.86,4.26,47.7,63.7,70.1,71.4,75.4,66.3
099,1960,3.89,3.13,4.02,3.19,4.74,3.22,51.3,56.9,66.2,70.3,71.0,67.2
099,1961,4.5,2.03,3.91,6.22,3.72,6.26,42.0,54.4,67.2,71.0,70.1,68.0
099,1962,1.61,3.35,2.97,3.06,2.71,1.63,46.8,65.3,69.3,69.4,70.2,60.5
099,1963,3.08,2.61,2.8,7.43,1.7,2.07,49.3,56.6,69.0,71.3,66.2,62.4
099,1964,4.02,1.08,3.99,4.58,2.92,2.81,49.1,63.6,70.3,72.8,68.2,62.7
099,1965,4.28,2.64,2.81,2.76,5.75,4.91,47.1,65.3,68.4,69.9,67.6,64.3
099,1966,4.78,4.11,1.7,3.42,3.8,2.5,44.9,53.5,70.0,74.6,68.1,61.1
099,1967,4.88,2.41,5.34,1.92,2.76,2.05,49.2,54.5,70.6,68.9,65.8,60.9
099,1968,4.11,4.62,6.19,3.26,4.78,3.6,50.2,55.5,69.2,72.0,71.6,63.5
099,1969,4.26,3.1,5.13,6.68,1.01,2.94,49.6,59.2,65.3,72.6,70.6,63.3
099,1970,5.7,4.73,3.86,5.59,2.11,7.1,48.6,62.4,67.9,72.1,70.5,64.7
099,1971,0.83,1.83,3.64,4.05,3.08,4.05,46.4,56.3,73.2,69.8,68.0,66.4
099,1972,4.89,4.41,2.17,4.39,5.5,8.94,45.7,61.5,64.6,71.0,70.0,63.3
099,1973,3.36,3.94,4.46,4.18,3.02,1.41,48.2,55.4,70.6,72.8,71.2,65.5
099,1974,3.26,5.81,3.47,1.09,1.07,3.61,50.6,56.9,65.5,74.0,70.4,59.5
099,1975,4.72,5.45,8.58,0.95,6.31,2.11,43.2,63.2,69.8,71.1,72.2,58.5
099,1976,2.74,3.64,5.52,4.08,2.34,2.63,51.6,56.5,69.8,72.0,67.3,60.6
099,1977,2.55,2.0,5.44,2.16,5.29,5.84,54.0,67.2,66.5,75.0,68.7,64.5
099,1978,3.82,3.92,2.54,3.74,2.17,2.46,47.7,58.5,68.8,71.1,70.6,67.4
099,1979,4.1,2.79,2.6,2.4,6.48,0.01,45.1,57.7,68.3,70.4,69.2,62.9
099,1980,3.11,3.11,4.79,2.31,8.16,4.22,46.2,60.3,66.4,75.7,73.1,64.3
099,1981,7.02,6.15,7.99,5.32,3.34,4.7,52.1,56.0,69.3,71.8,69.7,62.4
099,1982,2.11,3.68,3.06,4.06,3.03,2.63,43.3,65.8,64.4,73.2,68.2,62.4
099,1983,5.68,4.94,2.1,4.18,2.06,3.0,44.0,55.3,70.0,76.5,75.3,64.4
099,1984,3.59,5.62,4.34,2.95,0.97,3.4,46.3,55.6,71.9,70.0,72.2,61.8
099,1985,2.37,1.69,2.61,2.46,4.29,2.88,54.0,62.8,66.1,71.8,68.1,64.5
099,1986,2.08,4.99,7.09,7.44,1.83,5.24,51.3,59.9,69.0,74.8,66.9,65.7
099,1987,2.37,4.27,4.77,3.9,4.82,2.73,49.8,63.5,71.3,74.0,70.8,63.6
099,1988,2.53,2.04,1.38,2.94,5.62,3.7,47.9,61.3,70.5,74.0,73.8,63.5
099,1989,2.61,4.05,4.66,3.88,3.82,3.85,46.7,56.7,68.0,72.9,69.3,60.7
099,1990,2.89,5.35,4.13,5.92,7.95,2.96,48.1,56.3,68.6,70.8,68.8,64.0
099,1991,4.97,3.99,2.03,2.32,3.51,2.09,52.1,66.4,72.4,73.8,71.2,61.9
099,1992,2.47,1.74,2.59,6.36,2.23,6.75,45.9,57.7,64.2,69.4,65.8,61.0
099,1993,4.58,3.24,6.48,2.69,3.94,6.89,46.2,60.2,66.8,73.5,71.9,58.8
099,1994,4.41,1.51,8.04,4.7,3.18,2.08,50.1,56.4,70.1,71.8,67.2,63.5
099,1995,4.69,5.14,4.43,3.05,4.66,0.96,46.1,57.4,70.6,74.1,76.9,61.3
099,1996,4.5,6.98,5.66,8.13,1.58,3.63,45.1,57.0,69.7,69.5,71.0,62.5
099,1997,1.33,6.51,4.98,5.99,4.64,3.46,43.6,53.1,68.2,71.7,67.5,62.7
099,1998,4.75,2.69,4.86,5.17,4.62,1.3,50.1,65.0,68.9,71.6,72.1,67.2
099,1999,7.34,2.35,3.73,2.55,3.6,1.8,50.9,62.6,70.7,76.6,68.6,63.6
099,2000,3.8,4.54,6.73,2.98,3.64,3.87,47.5,61.5,67.9,69.9,70.2,62.7
099,2001,3.75,4.05,4.11,4.87,4.55,3.03,53.0,61.4,66.9,71.5,72.0,61.3
099,2002,4.75,5.28,2.49,3.21,2.51,1.52,49.4,54.5,70.9,75.5,71.8,67.2
099,2003,2.49,6.58,1.87,7.1,2.99,4.91,50.0,57.0,66.2,70.9,72.3,61.8
099,2004,0.62,6.91,4.27,3.97,7.67,1.48,50.6,62.3,66.9,70.6,66.2,65.2
099,2005,1.33,1.51,2.42,4.45,2.93,4.8,51.8,56.8,72.9,74.0,72.6,67.3
099,2006,2.68,5.06,2.44,5.77,4.99,2.79,53.0,57.7,68.2,74.0,70.9,60.8
099,2007,4.34,1.98,2.9,4.68,8.7,2.31,46.5,64.0,70.6,70.8,73.0,66.6
099,2008,2.79,3.93,4.65,2.5,2.95,7.37,50.6,55.7,70.0,72.0,69.5,65.8
099,2009,4.41,4.21,3.29,2.38,5.12,1.09,48.5,59.7,69.0,67.4,69.4,63.4
099,2010,3.23,5.59,5.72,3.88,2.09,2.71,54.5,61.9,71.2,74.7,73.8,64.7
099,2011,7.36,7.12,3.42,4.22,2.12,5.43,48.5,60.3,70.5,76.6,70.7,61.5
099,2012,1.31,1.59,2.28,3.78,4.8,1.82,49.7,65.2,70.2,78.7,69.5,62.7
099,2013,6.9,2.91,8.08,2.02,3.28,2.51,47.1,63.1,69.0,70.9,69.3,64.4
099,2014,2.77,4.39,5.62,1.73,5.97,4.55,48.5,59.9,71.4,67.6,70.8,62.0
099,2015,2.39,5.71,9.23,5.69,3.2,3.2,49.6,62.8,68.6,70.1,69.3,67.4
099,2016,3.06,3.83,4.17,3.33,7.3,4.84,48.4,58.5,70.3,73.1,74.0,68.2
099,2017,3.37,5.71,3.13,6.73,2.76,2.08,53.1,57.4,70.0,71.8,67.8,65.4
099,2018,2.78,5.14,4.03,3.09,5.85,2.06,41.3,66.9,71.1,73.1,72.7,67.6
099,2019,4.49,6.61,4.54,2.0,2.24,6.04,48.3,58.5,68.3,75.2,70.1,67.9
099,2020,3.98,4.32,2.6,2.57,3.25,1.62,45.8,58.1,71.3,75.5,71.2,63.3
099,2021,2.66,4.5,8.1,3.59,4.55,2.43,49.4,57.6,71.6,72.3,73.6,67.5
099,2022,2.75,3.34,2.44,5.09,2.94,2.01,45.3,62.0,70.2,73.2,72.2,64.4
099,2023,2.49,2.13,2.89,4.79,3.17,1.44,50.2,60.1,68.0,72.0,70.0,65.0
099,2024,6.49,5.01,3.88,5.38,2.4,2.22,51.7,64.2,71.9,71.2,71.4,66.8
099,2025,2.82,2.95,5.17,5.08,3.03,2.79,49.1,58.1,72.0,75.9,70.6,65.7
099,2026,8.17,1.95,6.34,5.23,5.54,,55.0,58.3,68.8,74.6,71.1,
101,1895,3.31,1.72,3.18,6.54,1.98,2.44,55.9,64.5,75.9,73.8,75.2,69.7
101,1896,0.76,6.07,4.59,4.95,3.27,5.16,60.8,70.1,71.7,75.1,74.1,65.4
101,1897,5.44,3.96,4.13,3.82,0.79,0.73,51.8,56.8,70.0,76.4,72.1,70.3
101,1898,2.39,4.79,3.79,2.14,3.8,6.41,50.7,63.8,73.2,76.5,74.4,70.0
101,1899,2.14,3.55,4.8,2.78,3.75,1.38,53.8,65.2,74.5,75.8,75.9,67.2
101,1900,1.31,4.16,9.12,4.62,3.03,2.63,53.4,64.7,71.9,76.2,80.0,71.2
101,1901,3.0,1.08,4.24,0.95,2.6,2.22,47.3,61.3,74.1,82.0,75.0,67.2
101,1902,2.34,6.56,6.12,2.59,3.76,3.73,51.4,68.5,71.0,76.0,72.3,64.5
101,1903,5.14,2.45,3.2,2.49,4.39,1.04,52.3,66.3,66.7,76.0,72.9,67.2
101,1904,2.69,2.36,4.78,3.03,2.28,4.77,47.3,62.3,69.8,72.9,72.0,68.0
101,1905,3.26,4.71,4.21,5.28,6.74,3.39,52.9,65.3,72.2,73.4,74.2,68.2
101,1906,1.31,1.62,3.55,2.25,4.67,5.4,55.4,64.2,71.8,74.6,76.4,71.3
101,1907,3.17,3.56,5.04,4.38,6.05,2.73,43.9,58.0,68.4,75.8,72.2,66.2
101,1908,5.33,5.86,2.2,2.69,1.35,0.83,53.6,64.6,71.4,76.0,74.5,70.6
101,1909,6.05,4.04,5.2,7.41,1.77,2.09,51.2,60.6,73.0,72.9,75.6,65.3
101,1910,4.64,3.95,2.49,9.54,1.39,5.85,53.0,58.3,69.0,74.5,71.6,68.8
101,1911,5.67,3.78,3.74,1.43,2.18,8.89,50.7,67.8,73.8,74.5,74.5,71.4
101,1912,6.7,5.51,2.57,7.12,6.29,3.8,54.2,64.4,67.9,75.7,72.3,68.6
101,1913,4.43,1.41,1.6,2.0,2.59,3.27,51.8,64.1,75.0,79.9,79.0,68.1
101,1914,3.21,0.8,1.05,2.06,5.78,2.95,52.5,64.8,76.8,78.7,75.7,66.2
101,1915,1.06,7.8,4.24,4.81,9.79,2.67,57.3,61.7,69.5,73.8,68.4,69.2
101,1916,2.42,3.48,9.75,3.9,4.94,2.15,50.5,65.1,68.0,79.4,76.5,66.4
101,1917,4.45,5.89,6.87,5.01,2.32,1.52,51.8,57.0,69.2,74.3,72.4,66.1
101,1918,4.32,6.62,3.84,4.28,3.84,4.55,50.0,68.0,71.4,72.2,78.2,59.8
101,1919,3.14,5.1,5.91,0.83,3.41,1.96,54.2,60.9,75.4,78.0,72.5,69.5
101,1920,4.75,4.99,1.79,2.93,6.07,2.67,49.7,62.2,70.9,73.8,71.4,68.3
101,1921,4.11,2.61,3.35,2.15,6.14,8.34,56.0,63.9,76.2,79.7,73.0,72.2
101,1922,5.48,3.82,3.09,4.05,1.01,1.68,55.8,66.2,73.0,73.9,73.4,71.0
101,1923,3.3,4.85,2.92,3.53,6.55,3.24,50.3,61.0,71.4,74.9,73.4,67.0
101,1924,3.75,4.79,4.4,1.61,4.54,3.17,54.5,56.7,72.0,71.9,73.7,63.3
101,1925,2.35,1.37,5.61,2.88,3.58,5.77,58.9,58.8,74.7,75.0,73.6,74.4
101,1926,3.88,0.92,2.78,2.73,5.27,6.67,47.7,64.5,68.5,76.5,75.3,69.8
101,1927,5.68,9.61,3.56,2.52,3.31,6.54,54.6,62.4,67.5,74.1,67.6,71.1
101,1928,4.2,3.74,6.54,2.33,4.48,1.26,48.5,61.3,66.6,74.6,75.0,62.9
101,1929,4.33,8.2,3.37,3.99,2.74,3.89,56.2,60.7,69.7,75.5,71.8,66.4
101,1930,2.11,0.91,2.42,0.6,2.16,4.49,55.9,64.4,71.0,78.9,75.4,69.4
101,1931,3.51,2.7,2.03,5.36,4.75,5.45,53.3,60.1,74.1,78.4,73.4,72.5
101,1932,3.21,1.38,5.0,2.92,4.98,8.44,53.3,63.0,73.2,77.4,74.0,66.7
101,1933,4.98,10.51,0.66,1.7,2.84,3.78,52.5,66.2,76.6,76.9,73.3,74.0
101,1934,0.94,1.49,4.97,3.42,5.72,6.35,53.1,65.9,77.3,79.8,74.7,66.4
101,1935,2.44,7.96,6.23,2.61,3.74,1.92,50.9,60.0,68.2,78.0,75.4,66.8
101,1936,3.09,1.83,0.91,3.4,0.89,4.07,48.9,66.7,73.2,81.7,80.4,72.1
101,1937,4.86,4.59,2.94,1.83,4.8,3.58,51.7,63.9,72.8,75.2,77.0,64.8
101,1938,1.3,4.74,4.23,4.0,2.31,2.28,56.0,63.5,70.6,76.4,76.9,69.7
101,1939,5.99,1.2,6.4,3.49,2.81,1.49,49.8,65.6,73.8,75.8,73.8,72.6
101,1940,7.53,3.66,2.38,1.62,2.42,2.04,50.8,59.7,72.5,75.7,76.0,65.3
101,1941,2.85,1.51,5.85,2.72,3.32,2.07,57.6,66.0,73.2,77.1,75.3,71.0
101,1942,3.39,4.57,8.45,3.73,2.5,2.01,55.6,63.7,72.5,76.5,73.6,66.4
101,1943,3.42,7.62,4.1,3.85,0.78,2.95,51.2,64.2,76.6,77.6,77.1,63.6
101,1944,6.12,2.98,1.09,1.39,6.85,2.74,52.4,68.4,76.2,76.5,74.9,66.6
101,1945,4.95,4.23,9.56,2.96,3.51,7.37,54.9,59.7,69.4,73.4,73.1,69.2
101,1946,1.99,6.06,3.58,3.6,4.37,1.34,56.4,60.7,72.6,75.2,69.2,66.4
101,1947,8.11,6.47,5.83,2.83,2.29,3.25,54.4,60.5,69.8,71.3,80.1,68.0
101,1948,4.11,3.74,3.66,8.8,1.62,2.76,56.8,62.2,72.4,75.2,73.3,67.8
101,1949,1.61,2.83,6.13,2.48,6.81,2.75,52.2,64.6,73.4,78.7,73.9,61.7
101,1950,5.45,3.11,5.43,2.51,5.12,6.05,48.6,64.9,70.4,72.2,70.6,65.1
101,1951,3.25,2.32,5.93,2.66,3.19,2.71,50.7,65.0,71.6,75.2,74.0,64.8
101,1952,3.37,2.25,4.81,2.04,2.16,3.61,53.1,63.0,77.6,77.6,73.8,66.0
101,1953,3.64,3.55,1.92,4.16,0.7,0.55,50.0,65.6,76.5,76.0,74.9,68.1
101,1954,2.65,2.86,2.21,1.71,5.09,3.38,59.0,58.6,75.3,78.6,75.6,70.5
101,1955,4.86,4.41,3.38,4.98,0.55,5.08,59.3,64.6,66.7,79.8,76.8,69.8
101,1956,4.47,4.63,3.25,3.1,3.12,2.45,51.3,64.2,72.8,74.9,73.8,64.9
101,1957,5.54,6.32,7.12,4.28,1.99,2.84,56.3,63.4,73.0,75.5,73.4,66.0
101,1958,3.17,5.71,5.99,11.54,5.43,3.7,53.6,62.6,68.8,74.3,73.1,66.9
101,1959,1.42,5.02,2.35,4.86,4.31,4.28,54.8,66.9,71.8,74.8,76.7,69.0
101,1960,2.02,4.99,7.71,3.74,2.21,0.63,56.6,59.6,69.9,72.9,75.0,70.8
101,1961,4.06,9.69,5.35,4.25,3.65,0.81,48.1,57.9,68.9,74.5,72.5,70.1
101,1962,1.22,4.15,4.78,3.97,4.03,3.16,50.6,70.3,72.0,74.1,73.3,63.4
101,1963,2.36,4.03,3.31,4.09,3.08,0.69,56.1,61.2,72.0,73.4,71.6,66.4
101,1964,4.39,1.91,6.69,3.83,2.03,1.43,57.0,66.2,73.1,74.7,73.2,66.8
101,1965,4.13,1.87,4.29,3.79,4.36,6.84,55.4,68.7,71.6,73.6,72.2,67.6
101,1966,5.14,2.9,2.48,4.61,3.68,3.81,49.9,59.5,70.8,78.4,71.7,64.5
101,1967,4.25,5.74,3.06,2.93,2.99,1.14,56.5,59.8,72.1,72.1,69.2,63.6
101,1968,4.16,7.71,2.15,4.41,6.81,3.58,54.4,60.3,72.5,75.3,74.8,66.3
101,1969,4.06,3.12,4.21,6.27,2.56,2.07,54.4,63.6,71.3,76.3,72.4,65.6
101,1970,6.11,3.37,6.08,3.34,2.71,2.05,55.4,65.6,70.6,73.4,73.3,71.6
101,1971,1.53,4.67,2.36,5.32,2.57,5.49,52.3,58.4,74.6,72.4,71.4,69.5
101,1972,8.96,2.85,2.34,3.05,4.08,4.93,53.1,64.5,68.4,74.4,73.3,69.6
101,1973,6.61,3.37,5.38,6.75,2.35,1.43,52.0,59.1,72.8,75.7,74.1,69.8
101,1974,3.67,6.47,3.49,1.56,8.95,6.39,54.7,62.8,67.4,75.2,72.8,61.5
101,1975,3.53,4.82,5.29,3.26,7.68,3.37,50.9,66.6,72.0,74.2,75.6,62.6
101,1976,1.43,4.33,4.04,5.45,2.65,3.79,54.5,58.8,70.7,73.7,70.9,63.7
101,1977,3.35,2.55,5.34,4.48,6.93,3.56,57.7,68.5,70.6,77.4,73.6,70.0
101,1978,3.94,5.49,2.45,8.29,7.42,0.75,54.4,60.9,72.9,75.7,73.3,69.8
101,1979,4.88,5.79,6.09,11.87,6.78,2.27,51.2,60.5,71.6,73.4,73.0,65.8
101,1980,3.28,3.6,4.92,3.95,3.33,2.63,50.4,63.0,70.2,78.2,77.8,68.5
101,1981,5.43,8.88,3.9,4.59,4.21,2.21,58.5,58.9,73.4,75.9,72.6,64.4
101,1982,2.38,4.6,4.3,4.41,5.27,4.68,48.0,67.5,67.1,76.1,70.9,64.7
101,1983,6.82,9.37,2.78,1.42,3.38,1.2,47.9,59.2,71.7,78.7,78.6,68.1
101,1984,7.51,4.52,1.53,4.79,2.29,4.52,51.4,60.0,74.8,73.0,74.0,65.1
101,1985,2.15,5.05,4.46,4.08,4.95,1.94,57.4,64.5,69.8,74.8,72.0,66.3
101,1986,1.9,5.1,3.33,6.55,3.52,4.35,56.0,64.8,73.0,77.7,70.3,69.8
101,1987,2.87,3.32,6.04,5.39,0.89,1.9,52.1,68.8,73.7,76.0,75.2,67.9
101,1988,2.53,2.11,0.5,4.48,2.06,2.16,52.1,63.4,72.5,76.6,76.9,66.2
101,1989,4.38,4.71,3.74,8.35,3.54,3.64,52.2,58.6,70.9,74.7,72.7,65.0
101,1990,3.39,9.64,7.35,4.63,2.38,2.79,51.2,59.7,70.7,73.8,71.9,67.9
101,1991,3.36,2.83,1.04,1.48,1.89,2.62,56.3,69.4,74.1,77.2,75.0,67.2
101,1992,2.45,3.24,2.27,7.85,4.49,3.17,53.4,60.3,67.8,74.4,69.2,64.9
101,1993,5.95,4.55,4.24,4.83,4.58,6.92,50.4,62.8,70.3,78.4,74.7,63.3
101,1994,6.32,3.61,2.88,2.94,3.74,4.36,54.3,59.1,73.7,74.4,70.6,64.1
101,1995,5.99,10.22,4.07,3.02,5.83,1.18,53.4,61.7,71.6,75.4,78.3,64.2
101,1996,8.93,7.87,5.22,4.88,1.35,7.82,49.8,64.5,71.6,72.7,73.9,64.5
101,1997,3.26,6.41,6.42,1.09,4.76,0.89,48.2,57.6,69.4,75.5,71.2,66.0
101,1998,10.59,6.87,8.28,3.37,2.39,0.86,53.6,66.9,71.6,74.8,74.6,71.0
101,1999,4.67,4.33,4.29,3.1,2.75,0.96,55.5,64.0,72.4,77.9,72.9,66.4
101,2000,3.19,4.52,7.66,5.83,6.67,5.64,51.3,65.0,71.8,73.2,73.1,64.8
101,2001,1.62,3.83,5.11,5.08,2.47,4.08,58.8,65.2,70.0,74.8,75.0,65.2
101,2002,6.16,9.99,4.0,1.02,1.97,5.19,55.5,60.3,73.9,78.3,76.7,70.9
101,2003,4.01,6.95,4.66,5.99,2.5,4.16,55.5,62.5,67.3,74.4,75.2,65.2
101,2004,2.12,9.37,3.31,7.24,4.29,0.12,54.9,68.0,71.0,72.6,70.0,67.7
101,2005,3.98,3.72,3.67,4.39,5.57,4.27,55.0,60.2,73.5,75.3,76.9,70.1
101,2006,4.93,5.41,4.04,3.75,5.27,7.05,58.0,61.5,71.1,76.1,75.6,63.0
101,2007,4.7,2.47,3.77,2.69,1.42,3.57,51.3,67.8,73.1,73.0,79.5,71.0
101,2008,5.14,8.31,5.34,5.53,1.44,3.63,53.7,59.3,73.8,74.2,72.0,68.4
101,2009,5.8,7.91,6.08,6.76,2.43,6.79,53.9,63.6,73.2,70.3,71.7,67.0
101,2010,3.62,6.25,7.03,4.52,1.38,0.74,58.7,65.7,76.1,77.7,77.0,68.5
101,2011,12.02,8.1,7.39,2.62,1.86,5.35,56.5,62.9,73.3,79.5,74.0,65.2
101,2012,3.14,2.3,0.54,2.56,2.57,8.27,55.0,69.2,71.8,82.0,73.4,65.6
101,2013,4.9,4.72,8.57,3.63,1.32,2.95,52.9,64.9,72.2,73.4,72.7,68.5
101,2014,8.25,6.36,5.73,4.43,5.49,3.51,55.0,64.8,73.9,70.9,73.7,65.2
101,2015,6.65,3.82,9.42,4.16,2.29,1.56,55.6,65.5,73.1,75.2,71.1,69.3
101,2016,5.54,4.47,4.55,7.2,7.26,2.99,54.8,61.6,74.8,76.3,76.9,71.4
101,2017,4.79,6.72,4.21,9.06,1.19,2.37,59.5,64.0,71.8,75.7,71.3,68.2
101,2018,3.86,3.34,8.04,2.26,3.57,6.84,48.0,71.4,75.1,75.3,75.4,72.0
101,2019,6.41,7.11,8.94,3.84,5.12,0.55,54.8,66.4,71.1,76.4,74.0,73.0
101,2020,3.73,5.61,3.61,7.7,3.9,0.89,51.3,61.6,73.0,77.7,72.9,66.4
101,2021,4.3,2.5,6.27,6.86,5.07,6.19,53.1,61.2,73.2,74.8,75.7,69.1
101,2022,4.45,7.95,2.57,9.23,2.39,3.62,52.0,66.4,72.6,76.6,74.1,67.5
101,2023,3.83,2.9,2.97,5.67,4.27,0.83,54.6,63.2,69.0,75.6,72.8,68.3
101,2024,6.55,5.54,2.04,4.83,2.48,5.13,57.6,68.2,73.9,75.1,74.7,69.9
101,2025,9.28,5.51,5.87,9.17,4.14,2.31,55.9,62.2,74.2,79.2,73.0,68.8
101,2026,5.55,8.07,8.49,2.75,5.7,,62.4,62.8,72.5,78.0,75.2,
103,1895,1.51,1.56,1.72,1.83,2.12,2.45,51.6,63.0,72.9,72.3,73.0,68.3
103,1896,2.72,4.88,3.91,11.87,5.83,5.11,55.8,67.6,68.7,72.8,71.0,60.7
103,1897,3.35,3.52,4.22,2.04,2.83,0.48,47.3,57.1,69.3,76.6,69.2,66.8
103,1898,2.09,5.77,3.31,2.99,2.8,2.96,47.3,60.6,71.8,75.5,72.1,67.3
103,1899,1.16,3.4,2.2,3.23,1.8,1.89,53.3,63.0,72.6,74.6,74.7,63.4
103,1900,1.68,3.18,5.2,3.66,3.4,1.82,50.5,64.3,69.9,74.0,76.6,66.9
103,1901,2.11,4.21,3.87,0.64,3.05,1.21,46.4,58.9,72.5,80.3,73.3,63.6
103,1902,1.74,3.63,9.89,5.12,1.63,5.6,48.0,64.0,67.4,74.2,68.5,61.6
103,1903,5.12,3.4,4.42,3.23,3.91,1.95,49.8,64.3,64.5,73.4,70.0,64.8
103,1904,4.02,3.6,2.79,4.67,2.94,3.87,43.6,60.2,67.8,71.4,67.6,64.1
103,1905,4.08,5.57,4.71,2.7,4.98,4.02,48.0,60.8,69.5,72.7,72.0,64.8
103,1906,2.51,2.07,3.65,3.87,6.12,3.77,51.2,62.2,69.1,72.0,74.6,67.6
103,1907,2.18,3.29,6.16,5.11,4.08,3.29,40.5,53.9,66.1,72.8,68.8,62.0
103,1908,3.55,5.12,1.62,3.37,1.8,0.85,49.4,62.0,69.2,73.9,71.7,68.2
103,1909,5.69,4.07,6.57,4.33,4.35,3.51,46.4,57.9,70.2,70.9,72.3,61.0
103,1910,3.63,2.86,1.09,2.79,2.88,5.55,50.3,55.6,67.3,74.8,70.5,63.7
103,1911,4.13,2.56,4.71,2.1,3.92,5.4,46.9,66.3,71.8,73.7,70.4,66.2
103,1912,3.68,3.79,3.18,3.99,4.19,2.88,50.1,63.0,67.4,73.4,69.2,66.1
103,1913,2.72,4.44,1.34,4.68,3.4,2.32,48.6,60.4,70.8,75.2,73.4,63.7
103,1914,3.01,3.87,2.28,1.42,4.16,2.23,49.4,63.2,72.4,76.4,73.4,64.7
103,1915,2.1,5.23,2.94,7.09,5.63,3.72,54.8,57.1,66.6,71.1,65.6,66.1
103,1916,1.94,4.94,6.3,2.01,2.35,3.12,48.1,61.2,65.0,78.6,74.7,63.5
103,1917,3.36,4.62,4.24,3.13,2.6,1.58,47.5,53.7,66.6,72.2,70.4,62.2
103,1918,3.5,4.0,3.09,2.86,3.23,5.41,47.0,65.7,69.7,70.9,76.3,57.1
103,1919,2.98,4.75,3.53,3.33,2.17,3.83,48.5,57.1,74.0,76.3,70.4,67.2
103,1920,6.29,2.78,4.7,5.44,1.71,2.61,44.0,58.1,69.6,70.9,69.3,66.5
103,1921,4.01,1.92,2.92,1.34,6.06,5.18,53.2,63.8,74.9,79.9,71.2,69.2
103,1922,4.89,2.84,1.36,3.09,1.68,1.54,50.6,64.4,71.1,72.3,72.0,68.4
103,1923,1.64,5.77,2.45,4.31,3.84,4.02,47.1,57.4,71.5,73.3,70.0,64.7
103,1924,4.62,3.55,7.85,1.51,3.29,4.28,48.6,53.5,67.2,70.1,70.7,59.0
103,1925,2.45,0.5,3.11,4.25,1.94,5.92,53.7,56.1,72.6,72.6,71.8,70.4
103,1926,4.02,3.25,2.9,3.07,5.22,9.09,42.4,61.0,64.9,73.5,73.9,64.3
103,1927,5.98,6.31,3.58,3.6,2.36,4.03,48.7,59.1,65.4,73.0,65.5,68.8
103,1928,1.7,2.84,6.31,4.21,4.44,0.92,45.3,59.4,64.2,73.6,72.9,60.7
103,1929,6.01,6.32,3.21,3.6,2.91,2.19,51.8,57.0,67.0,74.0,69.2,64.0
103,1930,3.36,2.12,3.0,3.1,2.76,3.08,50.5,61.4,69.4,75.1,71.6,66.0
103,1931,2.52,2.89,4.98,2.9,4.8,4.35,49.7,57.6,72.7,77.3,72.4,69.7
103,1932,3.55,1.69,3.21,3.39,2.19,5.92,48.5,60.8,71.2,74.6,71.9,63.0
103,1933,3.44,7.15,1.5,2.07,4.09,6.09,48.8,63.0,76.2,75.7,69.9,69.3
103,1934,1.54,1.01,2.9,2.59,5.8,5.93,49.0,64.7,76.0,79.4,71.4,64.6
103,1935,2.41,5.3,4.09,2.43,2.87,2.66,45.8,54.6,66.9,76.4,73.2,64.1
103,1936,2.6,2.9,2.55,0.26,5.49,4.95,44.6,63.6,69.3,79.9,76.5,67.9
103,1937,6.25,3.37,5.64,4.89,3.97,3.97,48.1,60.6,68.5,73.7,74.4,62.5
103,1938,3.06,4.0,6.24,4.62,3.24,3.22,51.0,60.4,68.2,74.1,74.4,65.7
103,1939,5.28,1.87,4.96,3.26,1.96,0.61,45.4,63.6,72.2,73.5,71.7,69.6
103,1940,4.09,3.88,3.02,1.16,2.54,0.85,45.2,56.6,71.1,74.6,73.4,62.9
103,1941,2.41,2.91,5.23,2.38,1.57,1.38,54.5,63.2,70.1,74.8,72.6,68.9
103,1942,2.77,3.3,4.64,7.6,3.65,3.01,53.7,61.8,70.3,74.6,70.2,62.3
103,1943,2.77,11.05,2.46,5.74,5.03,3.49,46.2,59.9,74.0,74.5,72.3,60.6
103,1944,6.77,6.47,1.01,1.6,2.75,1.58,46.9,65.9,74.0,75.0,73.9,65.4
103,1945,3.33,5.65,4.4,4.31,4.97,6.67,50.9,54.6,66.9,71.7,71.0,65.6
103,1946,1.17,4.44,4.88,2.04,1.94,1.98,51.0,57.9,69.3,74.0,68.0,65.6
103,1947,5.88,4.37,4.95,1.98,2.92,4.79,48.2,56.4,66.9,70.4,78.8,65.6
103,1948,3.27,4.27,6.1,2.94,2.86,2.42,53.4,58.7,69.8,74.5,72.1,66.6
103,1949,2.32,4.47,6.05,5.15,2.16,1.91,48.1,62.2,73.0,77.3,72.4,59.0
103,1950,5.57,1.61,4.94,4.35,1.76,6.38,43.4,61.9,68.5,71.3,70.0,63.0
103,1951,3.93,3.59,3.71,3.98,1.9,1.73,46.3,62.4,68.3,72.8,69.4,61.7
103,1952,4.93,5.62,4.0,2.86,4.22,3.51,49.6,58.6,74.6,76.3,70.4,63.6
103,1953,3.52,2.92,3.11,4.19,3.01,1.76,45.5,62.7,73.9,74.7,72.4,65.0
103,1954,3.6,3.44,4.32,4.43,4.66,1.29,53.8,55.2,73.3,74.3,71.8,67.0
103,1955,3.45,3.2,3.24,6.14,2.68,2.59,55.7,62.3,66.7,78.7,75.5,66.3
103,1956,2.67,4.77,2.26,3.67,3.38,0.49,47.0,60.3,71.5,72.4,71.9,62.9
103,1957,7.32,4.68,6.66,3.92,3.16,2.41,50.2,60.7,70.9,74.2,71.7,62.9
103,1958,1.75,2.27,12.16,5.45,4.7,2.65,50.7,59.4,64.9,72.8,70.7,64.1
103,1959,7.24,2.82,2.28,2.44,2.69,3.83,49.6,64.6,71.2,73.2,76.7,67.3
103,1960,2.36,4.51,3.36,3.65,4.69,1.83,52.4,58.0,67.6,71.0,72.4,68.1
103,1961,4.91,2.46,3.58,6.31,3.19,4.34,43.6,55.2,67.9,72.4,70.7,69.0
103,1962,1.15,4.57,4.0,4.68,3.27,2.3,48.7,66.0,69.7,70.8,71.4,61.9
103,1963,4.44,3.11,2.77,5.12,2.3,0.66,50.7,57.9,70.1,71.7,66.8,63.3
103,1964,6.01,1.69,4.59,5.07,1.59,2.47,51.1,64.6,71.2,73.5,69.4,64.4
103,1965,5.06,3.57,2.89,3.53,4.85,3.93,49.5,67.0,69.4,70.5,68.5,65.9
103,1966,3.15,3.83,1.77,2.77,2.56,3.41,46.9,54.7,71.7,76.0,70.0,62.3
103,1967,4.39,3.99,2.42,1.93,2.21,2.23,51.0,55.8,72.0,70.7,67.9,62.2
103,1968,2.79,5.84,4.87,3.02,5.22,2.81,51.2,56.4,70.9,73.5,72.3,64.2
103,1969,4.89,2.56,5.82,7.49,2.13,5.18,51.2,60.3,66.0,73.7,71.6,64.4
103,1970,5.78,3.92,2.88,6.44,1.99,5.69,51.0,63.6,69.5,73.0,71.6,66.6
103,1971,1.11,4.35,4.17,4.76,2.59,6.01,48.4,57.0,74.0,70.8,68.8,67.4
103,1972,7.08,3.36,3.22,3.94,3.95,9.15,47.3,62.9,65.5,72.3,70.9,65.5
103,1973,4.01,3.35,5.84,5.06,4.95,1.7,49.4,56.7,72.2,73.9,72.2,66.7
103,1974,3.15,5.93,3.99,1.26,3.57,4.2,51.2,58.1,66.4,75.0,71.2,60.3
103,1975,3.54,3.99,7.45,1.31,6.97,2.57,44.5,64.3,70.9,72.4,73.7,59.9
103,1976,2.11,2.15,4.92,3.3,1.36,1.79,52.3,57.8,70.6,72.8,68.5,62.2
103,1977,2.76,2.0,2.15,4.17,8.16,5.22,55.0,67.9,67.8,76.4,70.4,66.4
103,1978,4.64,3.81,2.92,3.36,3.16,1.37,49.6,58.4,69.5,72.5,71.2,68.6
103,1979,3.98,2.25,3.36,5.68,4.11,0.32,46.8,59.1,70.3,71.3,70.1,63.9
103,1980,2.73,2.78,6.27,4.73,5.57,3.11,47.4,61.2,67.0,76.2,74.8,65.6
103,1981,5.55,5.56,6.03,3.49,2.96,4.25,53.3,57.0,71.1,73.0,70.8,63.3
103,1982,2.84,4.41,4.51,2.17,3.22,1.57,44.6,66.8,65.9,74.2,69.2,63.5
103,1983,5.2,5.21,3.87,2.28,1.76,2.08,45.6,56.3,70.6,77.2,76.1,65.5
103,1984,3.37,5.6,2.1,3.52,1.6,3.19,47.3,56.6,73.1,70.1,72.1,62.7
103,1985,2.1,2.61,2.86,3.11,5.34,1.84,55.3,62.9,66.9,72.4,69.6,65.9
103,1986,1.9,5.52,5.35,5.79,2.16,3.95,52.6,61.2,70.2,75.6,68.2,67.3
103,1987,2.4,3.55,4.06,4.37,6.93,2.49,50.7,65.2,73.0,75.4,72.2,66.0
103,1988,3.55,0.86,0.96,2.93,3.04,2.81,48.4,62.6,71.6,76.2,75.6,64.2
103,1989,3.17,5.39,3.71,5.27,3.28,5.46,47.9,57.3,69.4,74.1,70.3,61.7
103,1990,2.59,5.74,3.91,4.87,8.09,1.94,49.3,57.6,69.8,72.0,69.6,65.0
103,1991,3.6,5.18,1.73,3.02,3.81,1.92,53.4,67.3,73.7,75.0,72.3,63.8
103,1992,3.91,1.8,2.65,7.77,2.5,5.23,47.8,58.6,65.2,71.1,66.8,62.8
103,1993,4.15,3.8,5.42,5.41,3.33,6.09,48.1,61.6,67.8,74.6,72.6,60.0
103,1994,5.71,2.93,4.96,4.85,4.29,1.51,51.0,57.2,71.5,72.3,68.0,64.0
103,1995,4.6,4.68,6.05,3.17,3.17,0.6,48.1,58.4,71.0,74.4,77.6,62.3
103,1996,3.78,5.06,4.94,7.9,1.34,3.43,46.6,58.0,70.0,70.0,71.8,63.2
103,1997,1.2,5.53,4.58,4.23,3.61,3.5,45.1,54.5,68.8,72.3,68.3,63.8
103,1998,5.12,3.46,7.1,8.92,4.87,1.76,51.7,65.6,70.2,72.4,72.8,68.3
103,1999,4.94,2.91,2.9,1.85,3.61,2.44,52.4,62.8,71.4,77.6,69.5,64.0
103,2000,2.21,4.87,7.35,3.46,2.23,4.81,49.7,62.9,69.3,70.8,71.3,63.9
103,2001,4.2,4.57,4.31,5.33,4.74,3.17,54.8,62.9,68.3,72.6,72.6,62.5
103,2002,4.82,4.57,2.51,3.24,3.57,2.26,51.5,56.7,71.5,76.3,73.5,68.2
103,2003,2.86,7.15,2.79,12.1,5.67,8.0,51.5,59.3,67.3,72.2,73.5,62.9
103,2004,0.96,6.68,6.18,4.66,6.53,1.41,52.0,64.2,67.9,71.0,67.2,66.7
103,2005,2.5,1.67,3.54,4.8,2.83,5.41,53.0,58.4,73.3,74.1,73.5,68.5
103,2006,4.22,6.04,3.84,4.75,5.7,2.44,54.3,58.6,69.1,74.7,72.0,62.0
103,2007,3.89,1.74,3.58,3.1,6.96,3.17,47.5,65.3,71.4,71.0,74.4,67.6
103,2008,2.6,5.5,4.88,2.67,2.8,2.75,51.7,56.5,71.2,72.4,70.2,66.7
103,2009,6.15,3.66,3.78,2.63,3.79,1.08,49.8,60.7,70.5,68.5,70.2,64.6
103,2010,2.76,5.18,8.75,3.36,2.47,1.66,56.0,63.2,72.7,75.5,74.6,66.2
103,2011,7.14,6.45,5.09,2.11,4.41,5.99,50.4,61.5,71.6,78.0,71.9,62.5
103,2012,1.17,1.63,1.51,3.1,4.5,3.67,51.2,66.4,70.8,78.9,70.6,63.4
103,2013,8.69,3.22,6.86,3.15,2.28,3.07,48.8,64.1,70.2,71.8,70.3,65.5
103,2014,3.91,3.49,5.35,1.85,5.24,3.79,50.2,61.3,72.3,68.2,71.4,62.9
103,2015,3.43,4.12,11.78,4.39,2.76,2.41,50.9,64.2,69.8,71.7,70.2,68.8
103,2016,3.84,3.07,5.07,3.24,5.56,3.1,49.8,59.7,71.4,74.1,75.4,69.2
103,2017,4.11,6.96,5.18,6.65,2.78,1.46,54.9,58.9,70.9,73.3,69.1,66.2
103,2018,2.42,2.2,6.01,3.51,7.89,2.79,42.6,68.4,72.5,73.6,73.5,68.5
103,2019,5.25,6.61,3.1,2.94,2.77,3.56,49.4,60.2,69.6,76.5,71.1,69.0
103,2020,1.99,4.72,2.68,2.92,2.34,2.33,47.1,58.5,71.4,76.2,71.5,64.2
103,2021,3.28,4.68,5.54,3.52,2.25,3.36,50.5,58.4,72.5,72.9,74.2,67.9
103,2022,2.59,4.14,2.22,4.63,2.95,1.79,47.1,63.6,71.6,74.1,72.4,65.1
103,2023,2.68,2.15,2.27,4.55,3.51,1.44,51.3,60.7,68.6,73.2,70.6,65.9
103,2024,7.73,4.11,4.0,5.26,2.67,1.79,52.1,65.7,72.4,72.1,72.0,67.6
103,2025,3.61,3.41,5.76,4.91,2.0,1.44,51.2,59.6,72.8,76.7,70.6,66.8
103,2026,7.0,2.81,5.2,3.12,8.26,,56.0,59.3,69.6,74.7,71.7,
105,1895,2.45,1.53,4.4,4.13,1.97,2.35,54.3,63.3,75.1,73.0,74.9,69.2
105,1896,0.88,4.36,4.1,7.15,6.31,4.29,59.3,68.7,71.1,75.3,73.2,63.8
105,1897,5.29,2.28,5.65,3.31,0.67,0.69,50.3,57.5,70.1,76.6,71.4,69.1
105,1898,1.87,3.63,3.43,2.65,3.98,6.25,50.1,63.0,73.0,76.1,73.1,69.0
105,1899,1.97,3.56,3.05,1.89,1.85,0.91,52.7,63.8,74.0,75.1,75.6,66.4
105,1900,1.2,4.42,6.24,5.17,2.13,1.79,51.1,64.2,71.3,75.4,78.9,70.9
105,1901,3.18,1.23,4.41,0.83,2.6,1.21,46.7,59.7,72.3,80.7,74.0,66.9
105,1902,2.62,4.65,5.67,3.83,3.99,4.08,50.5,66.7,70.4,75.9,71.5,63.8
105,1903,4.07,2.66,3.08,3.71,4.89,1.37,51.2,65.0,65.8,75.9,71.6,65.8
105,1904,2.6,3.29,4.12,2.24,1.59,4.22,46.4,61.4,69.0,72.5,71.5,66.8
105,1905,4.22,5.08,3.09,4.14,7.13,2.33,51.3,63.2,70.9,73.1,73.1,66.1
105,1906,1.94,2.08,3.58,2.38,5.83,3.64,53.5,62.5,70.0,73.2,74.6,69.2
105,1907,2.9,3.86,3.98,4.22,3.26,2.34,42.1,55.9,67.1,74.3,70.9,64.5
105,1908,5.43,7.55,1.95,1.83,1.87,0.78,52.0,63.9,70.4,75.2,73.8,69.8
105,1909,4.81,5.45,5.43,6.29,2.11,2.26,50.0,59.6,72.6,72.4,74.6,63.7
105,1910,3.6,3.47,2.22,8.55,1.82,3.22,52.6,57.2,68.4,74.2,70.7,67.7
105,1911,6.91,3.36,2.99,1.03,3.51,8.56,49.2,67.3,72.9,74.3,73.9,70.0
105,1912,6.17,5.13,2.71,6.99,6.54,3.69,53.5,63.6,68.0,74.6,71.0,67.5
105,1913,4.72,0.85,1.59,2.76,3.07,2.67,51.2,63.6,74.2,79.6,77.4,66.8
105,1914,4.07,1.05,0.68,3.15,5.39,2.75,51.8,64.1,76.8,78.7,75.0,66.2
105,1915,1.05,6.83,2.88,5.85,9.24,3.32,56.4,59.7,69.3,73.1,67.3,67.4
105,1916,2.91,3.6,6.06,3.18,2.89,2.61,49.4,63.8,67.2,79.6,75.5,64.8
105,1917,5.07,7.3,6.71,4.49,2.31,0.86,49.2,55.6,68.1,73.6,72.0,65.2
105,1918,5.71,6.71,3.7,5.02,3.31,4.97,48.0,66.6,70.9,71.7,77.0,57.7
105,1919,2.44,5.22,5.0,1.69,3.56,1.49,52.4,59.2,74.6,77.2,71.6,68.8
105,1920,5.08,5.03,2.31,2.8,4.31,2.6,47.5,60.4,69.6,72.7,70.4,67.7
105,1921,4.46,2.75,3.46,2.27,6.21,8.56,54.5,63.0,75.3,78.6,72.5,70.6
105,1922,7.19,3.73,2.24,2.75,1.45,1.84,54.6,65.0,72.9,73.4,72.8,70.2
105,1923,2.5,5.3,3.83,2.93,5.42,2.68,48.4,60.3,70.6,74.9,72.4,66.8
105,1924,4.42,4.81,5.26,1.69,4.11,2.79,52.4,54.9,70.6,71.0,72.3,61.9
105,1925,2.43,1.69,6.48,3.9,4.83,5.37,57.2,57.4,73.3,74.7,73.5,73.7
105,1926,4.6,1.62,2.9,2.62,7.49,7.25,46.0,63.5,67.8,76.3,74.8,68.7
105,1927,5.0,8.31,3.25,2.14,3.64,4.85,52.5,60.8,66.2,73.5,66.7,69.8
105,1928,3.77,2.97,6.26,2.68,4.76,1.11,47.1,60.4,65.4,73.6,73.2,61.0
105,1929,4.22,7.81,4.1,4.15,2.0,3.46,54.1,59.0,68.5,74.2,71.0,65.4
105,1930,3.48,1.42,2.61,0.95,1.34,2.84,54.4,63.2,70.5,77.5,74.4,68.3
105,1931,3.17,2.77,3.55,5.52,4.12,7.65,52.3,58.7,73.2,77.0,72.1,70.6
105,1932,3.14,2.09,5.59,3.87,4.18,8.09,51.4,61.4,72.0,76.0,72.3,65.2
105,1933,4.84,8.97,0.63,1.81,3.27,4.75,51.4,64.7,76.2,76.2,71.7,72.1
105,1934,1.11,1.5,5.36,3.05,5.91,5.49,51.6,65.0,76.4,79.0,73.1,64.8
105,1935,2.0,7.45,5.68,2.87,2.6,2.7,49.2,58.3,67.2,77.2,74.7,65.5
105,1936,3.35,1.53,0.98,2.78,1.25,4.63,47.9,65.4,72.2,81.3,79.5,70.8
105,1937,4.84,4.0,3.23,3.64,5.06,4.21,50.6,62.6,71.6,74.2,75.5,63.4
105,1938,1.29,5.24,5.76,3.33,2.82,1.44,54.1,61.7,69.4,75.3,74.7,68.0
105,1939,6.56,1.53,7.49,3.45,1.84,0.93,48.2,64.4,72.7,74.1,72.6,71.8
105,1940,7.8,3.62,2.59,1.82,2.19,1.45,48.7,57.6,70.8,74.0,74.6,63.5
105,1941,3.08,1.97,5.76,1.67,2.32,4.17,56.4,65.1,71.8,75.7,74.1,68.9
105,1942,3.52,4.33,6.86,3.07,3.35,2.34,55.4,62.9,71.7,75.7,72.5,65.3
105,1943,3.36,7.82,4.58,3.39,1.01,3.44,49.9,62.8,75.5,76.0,75.8,62.6
105,1944,7.36,3.51,1.52,1.4,4.88,2.58,51.0,67.5,74.7,75.8,73.6,65.6
105,1945,4.77,4.11,9.69,2.56,4.34,7.28,53.3,58.1,68.1,72.0,71.7,67.9
105,1946,1.79,6.26,3.05,2.12,3.88,1.41,54.4,59.3,71.2,74.2,68.2,65.2
105,1947,7.65,5.84,6.9,3.66,3.15,2.93,52.5,59.1,68.9,69.9,78.4,66.7
105,1948,3.89,2.89,5.21,7.62,2.71,3.23,55.7,60.5,71.0,73.8,72.1,66.3
105,1949,1.44,3.18,5.64,3.79,6.01,3.15,51.1,63.7,72.3,77.1,72.2,60.4
105,1950,4.57,2.92,4.39,2.47,4.61,5.3,46.7,63.6,69.0,71.2,69.3,63.5
105,1951,3.3,3.04,6.25,3.57,1.56,2.07,48.9,63.9,70.1,74.3,72.8,63.6
105,1952,4.18,4.75,6.56,2.67,2.47,3.27,52.4,61.7,77.0,77.2,73.0,64.8
105,1953,2.69,4.08,2.01,5.89,1.9,0.77,49.1,65.3,76.2,75.3,73.4,67.1
105,1954,2.75,2.55,3.67,1.25,4.38,1.94,57.7,58.3,74.8,78.1,74.4,70.2
105,1955,4.44,5.06,3.39,5.09,1.34,5.57,57.9,63.5,66.0,79.0,75.7,69.1
105,1956,3.51,5.81,4.46,3.16,3.68,2.4,50.2,63.4,71.9,73.9,73.2,64.2
105,1957,6.16,6.91,6.88,3.41,2.1,2.73,54.7,62.2,71.2,74.5,72.3,64.6
105,1958,3.24,5.23,7.13,9.18,3.38,4.12,52.2,61.2,67.5,72.9,71.5,65.6
105,1959,2.52,4.49,3.24,3.41,3.98,3.58,53.6,66.7,71.3,74.0,75.8,68.0
105,1960,2.08,4.41,9.5,3.75,1.91,0.73,56.0,58.5,69.5,72.3,74.2,70.0
105,1961,4.05,8.5,3.38,3.97,3.22,1.51,46.8,57.2,68.1,73.5,71.3,69.0
105,1962,1.29,4.19,3.59,7.67,4.6,2.18,50.4,68.8,70.8,72.9,72.0,62.2
105,1963,2.52,2.6,2.66,4.99,3.51,0.58,54.6,60.6,71.4,73.1,70.1,65.4
105,1964,6.14,1.01,3.94,4.6,1.61,1.29,55.6,65.6,72.8,74.9,72.4,66.4
105,1965,4.24,2.78,3.57,3.8,5.31,5.92,53.8,67.7,70.7,72.6,70.6,66.7
105,1966,4.71,2.77,2.78,3.91,2.99,4.51,48.8,58.0,69.9,76.9,70.6,63.2
105,1967,3.73,5.61,2.41,4.4,3.75,2.03,54.0,57.9,71.2,71.6,68.2,62.7
105,1968,3.61,9.66,2.94,5.3,2.92,3.24,53.0,59.3,71.6,74.4,73.6,65.2
105,1969,4.39,2.94,4.91,7.11,1.9,2.55,53.2,62.4,70.0,75.4,71.1,64.0
105,1970,5.82,2.92,3.84,2.97,2.89,3.58,54.0,64.5,69.8,73.2,72.5,70.2
105,1971,1.11,4.03,4.91,5.35,1.53,3.8,50.9,58.0,74.0,71.8,70.2,68.7
105,1972,7.03,2.74,4.12,3.13,3.8,6.76,51.2,64.0,66.6,73.3,72.4,67.7
105,1973,6.2,3.52,6.79,6.33,2.51,1.42,50.6,58.6,72.2,75.1,73.2,68.8
105,1974,3.23,8.1,3.68,1.08,6.45,7.04,53.6,61.2,66.8,75.0,72.2,60.4
105,1975,3.62,3.08,5.05,2.03,6.06,2.97,49.2,65.7,71.1,73.6,75.3,61.6
105,1976,1.35,3.07,3.94,2.57,1.84,3.79,53.9,58.3,70.2,73.1,70.0,62.4
105,1977,4.2,2.43,4.46,3.82,6.11,2.77,56.7,68.4,68.7,76.7,72.4,68.3
105,1978,3.18,4.52,2.24,7.25,5.59,0.54,53.1,59.2,71.2,74.3,71.8,68.8
105,1979,4.01,4.34,3.91,12.06,6.93,1.22,50.3,59.8,70.6,72.0,71.6,64.2
105,1980,3.11,3.88,5.8,3.66,4.2,3.02,49.2,62.3,68.7,77.1,76.3,67.1
105,1981,5.24,9.19,2.81,3.78,5.38,2.22,57.0,58.0,72.0,74.7,71.6,63.7
105,1982,2.48,4.17,4.81,4.39,5.47,2.76,47.0,67.0,66.0,74.8,69.3,63.4
105,1983,4.95,8.35,2.31,2.01,2.63,1.57,46.9,58.2,70.6,78.0,77.8,66.6
105,1984,6.4,3.96,1.71,4.69,1.35,3.69,50.3,58.8,74.0,71.5,73.2,63.6
105,1985,2.13,6.55,3.66,3.5,5.85,1.61,57.2,63.2,68.4,73.4,70.9,65.5
105,1986,2.8,4.86,3.11,5.89,3.55,4.83,54.5,63.5,72.1,77.0,69.0,68.4
105,1987,2.9,3.41,4.6,6.89,0.8,1.62,51.7,67.5,72.8,75.3,73.4,67.3
105,1988,3.13,1.36,0.56,3.89,2.82,2.12,51.6,63.4,72.2,76.5,76.6,65.2
105,1989,4.88,5.12,3.22,6.95,6.14,4.97,51.2,58.0,70.3,74.5,71.9,63.4
105,1990,2.88,8.45,4.25,4.82,3.39,2.99,50.5,59.1,69.9,73.0,70.8,66.7
105,1991,3.27,3.59,1.24,3.05,3.08,2.25,55.2,68.3,74.1,75.9,73.6,65.4
105,1992,3.63,2.7,1.91,10.43,2.9,2.42,51.8,59.8,66.7,73.3,68.1,64.1
105,1993,5.02,4.18,5.92,3.41,7.68,8.43,49.7,62.7,69.4,77.3,74.2,62.2
105,1994,5.91,3.28,1.81,3.47,3.68,3.73,53.0,58.0,73.5,73.9,70.2,63.9
105,1995,6.01,8.31,4.06,2.63,6.34,0.94,51.8,61.0,71.2,75.3,77.8,63.4
105,1996,9.19,9.03,4.43,3.48,1.44,6.57,48.9,62.7,70.8,72.0,73.5,64.0
105,1997,3.24,4.94,6.5,2.08,4.86,1.3,47.7,56.9,68.7,74.2,70.0,64.9
105,1998,8.05,5.71,9.34,5.17,1.89,0.67,53.1,66.7,71.4,73.8,74.3,69.7
105,1999,3.89,3.84,3.51,2.32,1.51,1.13,54.6,63.7,72.2,77.9,72.2,66.0
105,2000,3.86,4.33,5.76,3.99,5.23,7.75,50.5,64.7,70.8,72.0,71.6,65.2
105,2001,2.08,4.06,4.08,6.78,3.08,5.61,58.1,64.6,69.3,74.0,74.5,64.2
105,2002,7.3,9.35,4.96,2.32,1.52,5.27,54.5,59.2,73.3,77.0,76.0,69.5
105,2003,3.47,5.97,4.52,8.24,3.22,5.35,53.9,61.5,66.7,73.5,74.1,63.4
105,2004,1.59,8.12,3.93,6.73,4.18,0.18,53.8,67.4,70.2,72.3,69.3,67.4
105,2005,3.19,4.66,3.94,3.62,7.11,4.2,55.0,59.5,72.2,74.9,75.7,69.8
105,2006,4.96,5.06,6.19,3.96,4.37,4.93,56.5,60.4,69.7,75.1,74.6,62.5
105,2007,4.47,1.61,4.51,3.63,0.78,3.39,50.1,66.7,71.8,71.6,78.5,70.1
105,2008,3.27,7.36,10.01,5.77,1.4,2.47,53.0,57.7,72.2,73.2,71.4,67.7
105,2009,6.29,7.59,5.42,6.15,3.13,3.43,52.6,62.4,71.9,69.0,70.9,65.6
105,2010,4.11,6.33,8.2,2.76,0.71,0.71,58.1,64.3,74.6,76.4,76.1,68.0
105,2011,10.99,6.49,6.0,1.96,2.14,5.05,54.7,62.1,71.8,78.8,73.7,64.4
105,2012,3.85,2.72,0.31,1.81,3.37,6.45,53.4,68.1,70.5,81.4,72.5,64.2
105,2013,5.2,3.64,6.67,3.85,1.03,3.11,51.9,64.4,71.1,72.0,71.6,67.4
105,2014,7.45,4.43,4.96,4.86,4.32,3.7,54.0,63.4,72.5,69.3,72.5,63.7
105,2015,5.25,2.47,8.52,5.62,3.16,1.32,53.9,64.8,71.0,73.2,70.4,68.5
105,2016,5.58,3.65,3.8,7.49,7.85,4.32,53.6,60.3,73.2,74.5,76.0,70.3
105,2017,4.77,7.46,3.64,5.23,0.96,1.27,58.0,61.7,70.3,74.5,70.3,67.8
105,2018,4.36,2.7,6.13,2.66,5.12,6.74,46.1,70.5,74.1,74.6,74.2,70.2
105,2019,6.04,4.66,8.25,3.78,4.14,0.77,53.2,63.8,69.6,75.8,72.8,71.5
105,2020,3.03,5.31,1.72,6.23,3.82,0.28,49.4,59.6,71.8,76.5,71.9,65.5
105,2021,2.75,2.45,9.11,7.08,2.09,5.17,52.2,60.0,71.8,74.0,75.2,68.1
105,2022,4.55,6.46,1.96,4.04,2.2,2.56,49.8,64.5,71.8,75.8,72.9,66.3
105,2023,3.52,3.06,2.64,6.47,5.1,0.92,53.7,62.5,69.1,74.8,72.1,67.2
105,2024,6.88,6.11,2.33,4.89,2.74,3.31,56.2,67.4,72.1,73.6,73.6,68.3
105,2025,8.53,4.82,9.34,6.61,2.35,2.02,53.8,61.4,73.0,77.9,71.8,67.8
105,2026,3.9,8.71,6.65,2.34,5.6,,60.2,60.7,70.2,75.6,73.4,
107,1895,2.76,1.16,2.05,3.13,2.19,3.68,52.0,62.0,72.6,70.5,72.6,67.9
107,1896,1.69,4.5,4.72,7.86,4.69,4.81,56.4,68.0,69.1,73.4,72.0,62.0
107,1897,3.73,2.51,4.97,2.59,0.97,0.13,48.2,56.5,68.7,75.4,70.2,68.7
107,1898,2.25,4.42,5.71,2.25,3.33,3.78,48.1,61.1,72.2,74.0,72.0,68.0
107,1899,1.49,4.3,2.72,2.79,1.87,1.72,52.2,62.5,72.6,74.4,75.1,64.7
107,1900,0.96,5.49,5.43,4.49,3.09,1.76,51.5,64.2,69.4,74.4,77.8,69.2
107,1901,2.27,2.83,5.68,0.33,4.4,0.89,47.2,59.1,72.1,79.7,73.8,65.5
107,1902,1.63,3.38,7.36,3.59,2.15,5.0,49.4,65.0,68.1,74.9,69.5,62.3
107,1903,4.74,4.58,3.25,1.98,4.8,1.42,50.2,63.8,64.5,74.7,70.8,64.9
107,1904,3.12,3.29,2.57,4.32,3.35,3.9,44.6,60.1,68.3,71.9,69.5,65.2
107,1905,3.69,5.0,2.8,4.91,4.35,6.1,49.1,61.6,70.4,72.6,72.7,65.9
107,1906,2.29,3.9,2.04,2.8,3.95,4.56,51.8,62.0,68.9,71.6,74.4,69.0
107,1907,2.17,3.56,4.39,5.45,3.43,2.46,40.1,54.0,65.6,72.3,69.2,62.8
107,1908,4.72,5.93,1.75,2.76,0.95,0.89,49.6,61.3,68.3,73.2,71.9,68.0
107,1909,5.77,5.32,6.88,5.54,4.66,2.71,47.1,57.1,69.5,69.6,72.9,61.4
107,1910,3.17,3.69,2.31,6.38,2.56,5.14,49.5,54.6,67.1,73.1,70.0,64.3
107,1911,4.59,1.54,1.99,2.24,2.88,5.19,47.4,66.2,72.7,74.1,71.4,67.3
107,1912,4.26,3.53,2.77,3.68,6.06,2.75,52.1,62.8,66.7,73.6,69.7,66.5
107,1913,2.19,1.61,3.67,1.79,3.62,2.61,50.0,61.9,71.6,76.3,74.7,64.3
107,1914,2.93,2.64,1.58,1.2,3.42,2.58,50.4,63.7,74.0,76.9,73.6,64.6
107,1915,1.0,4.38,3.03,8.53,5.94,4.77,55.7,57.9,67.5,71.4,65.7,66.2
107,1916,1.5,4.67,6.89,2.11,2.17,1.72,47.7,61.7,65.4,78.8,74.5,63.3
107,1917,3.06,5.49,6.01,2.64,2.5,1.97,47.8,54.9,66.9,72.4,70.1,63.1
107,1918,5.49,4.25,3.11,3.13,3.08,5.34,47.2,66.4,70.1,71.6,76.5,57.1
107,1919,2.73,4.06,2.67,1.87,2.2,2.12,50.6,57.7,73.9,77.4,71.1,67.9
107,1920,6.03,3.55,2.43,4.76,1.91,2.62,44.2,59.2,69.7,71.9,70.1,67.3
107,1921,3.87,1.41,3.57,2.85,6.29,6.53,53.6,63.5,75.0,79.2,71.1,69.2
107,1922,7.93,3.19,1.21,3.9,2.12,1.07,51.4,64.5,71.8,72.5,72.0,68.4
107,1923,1.93,6.42,2.42,5.11,3.55,2.96,48.2,58.7,71.1,73.7,70.7,64.2
107,1924,2.92,4.56,6.49,1.03,5.41,3.54,50.9,53.5,67.1,70.1,70.9,59.6
107,1925,1.98,0.84,4.83,5.33,2.52,5.89,55.4,56.8,73.3,73.1,71.3,71.2
107,1926,3.91,5.43,2.12,3.69,6.96,12.16,43.4,62.4,65.6,75.2,73.6,65.7
107,1927,5.77,7.69,4.28,3.46,4.67,5.58,50.2,59.0,65.0,72.7,65.2,68.7
107,1928,1.98,3.29,7.19,5.26,4.26,2.98,45.3,59.6,64.1,73.1,72.4,60.0
107,1929,4.37,9.21,4.86,6.11,3.43,1.85,52.8,57.2,67.0,73.6,69.5,64.1
107,1930,2.67,1.43,2.41,2.25,1.51,3.31,52.4,61.6,69.1,75.0,72.6,66.2
107,1931,2.24,3.18,3.39,1.67,5.33,4.37,50.2,57.1,72.4,76.9,72.0,69.9
107,1932,2.4,1.24,4.79,4.21,4.08,5.16,50.3,61.6,71.2,75.0,72.0,63.8
107,1933,3.21,8.89,0.35,1.53,2.28,4.74,49.6,63.0,76.3,76.8,71.1,70.3
107,1934,1.79,0.78,2.51,2.1,4.43,7.97,50.0,64.7,76.6,79.5,71.8,64.0
107,1935,1.87,7.99,4.89,2.98,3.02,3.24,47.1,55.3,66.5,76.3,73.6,64.4
107,1936,2.58,2.61,0.9,0.93,4.44,6.48,45.4,63.4,70.5,80.9,77.5,68.1
107,1937,5.79,2.8,5.09,6.45,2.9,2.98,48.4,60.8,68.9,72.9,74.4,62.9
107,1938,3.59,6.38,4.97,6.03,4.1,2.19,51.9,60.1,68.4,74.5,74.1,66.6
107,1939,5.14,1.23,5.63,6.04,2.44,0.83,46.3,63.6,72.2,73.8,71.1,70.2
107,1940,4.06,5.11,3.09,0.58,2.75,1.36,47.1,57.0,70.7,74.6,73.7,63.2
107,1941,2.38,2.85,5.0,2.15,2.57,2.18,54.9,63.7,70.1,74.6,72.5,68.5
107,1942,2.49,4.43,6.28,3.73,2.18,2.68,54.4,61.3,70.2,74.7,70.8,62.8
107,1943,2.22,12.03,3.09,2.8,2.66,2.74,48.0,60.1,73.9,74.8,73.3,60.6
107,1944,5.79,5.63,2.84,1.7,3.84,2.51,48.2,66.2,73.6,74.5,72.6,65.2
107,1945,3.49,5.24,6.48,1.97,4.4,5.61,51.7,55.7,67.3,71.9,71.4,66.1
107,1946,1.72,6.92,5.14,2.37,2.79,1.37,52.3,58.0,69.8,74.0,67.5,64.4
107,1947,6.67,4.53,5.04,2.75,4.25,5.65,49.6,56.8,67.2,69.7,77.9,65.6
107,1948,5.42,4.49,4.54,4.81,2.62,2.88,54.4,59.3,70.5,74.4,71.8,66.2
107,1949,2.03,2.82,3.53,3.04,2.51,2.15,48.8,62.0,73.1,78.4,72.2,59.3
107,1950,3.73,1.96,6.12,3.39,3.26,6.54,44.2,62.4,68.4,71.4,69.2,63.7
107,1951,2.54,4.05,4.44,4.63,1.88,2.61,46.4,62.3,68.0,72.7,69.8,61.9
107,1952,3.92,4.35,7.25,2.23,3.55,3.13,50.1,59.5,75.2,76.3,70.8,64.5
107,1953,2.31,3.65,3.79,5.97,1.42,1.21,46.2,62.7,75.0,74.9,72.6,65.6
107,1954,3.67,4.07,2.44,3.51,4.13,0.72,54.8,56.3,74.5,76.6,72.3,68.0
107,1955,3.18,5.01,2.55,3.74,1.4,4.98,56.4,62.1,66.0,78.8,74.8,67.2
107,1956,2.63,7.36,3.2,3.87,2.58,1.04,47.5,60.8,71.1,72.2,71.8,63.3
107,1957,6.4,5.86,9.52,4.21,3.86,2.66,50.8,61.0,70.8,74.4,71.6,63.3
107,1958,2.09,4.0,8.68,8.81,4.45,3.71,51.1,59.5,65.6,72.4,71.0,64.8
107,1959,4.63,3.1,3.07,3.01,3.65,3.19,51.2,65.1,70.9,73.7,75.8,66.9
107,1960,2.09,4.72,5.67,3.73,4.53,1.38,54.1,57.6,67.9,71.5,72.9,69.1
107,1961,5.47,4.0,5.27,3.26,2.59,4.06,44.2,55.6,67.4,73.0,70.9,69.1
107,1962,1.53,5.02,2.6,9.73,3.82,2.57,48.3,66.7,70.6,71.3,71.1,61.9
107,1963,4.44,1.53,1.83,5.93,4.06,0.62,52.0,58.8,70.6,72.0,68.0,63.5
107,1964,8.44,1.88,4.87,3.15,1.14,1.21,51.9,64.7,71.7,73.4,70.1,65.1
107,1965,5.75,2.86,3.4,3.55,4.39,5.51,51.0,66.9,69.5,71.3,69.0,66.1
107,1966,3.88,2.97,2.74,2.53,1.82,4.79,47.4,55.6,69.9,76.7,69.6,62.3
107,1967,3.26,4.31,1.11,2.81,2.34,1.9,52.0,56.0,71.2,71.1,67.6,61.7
107,1968,2.81,7.04,3.76,3.12,4.64,1.99,51.5,56.4,70.9,73.8,72.5,64.3
107,1969,4.08,1.93,4.34,5.63,2.4,5.25,51.3,60.8,67.5,75.0,70.9,63.9
107,1970,6.38,4.11,1.88,4.89,2.13,5.56,51.9,63.7,69.2,73.1,71.1,67.5
107,1971,0.73,5.43,4.73,6.83,2.03,3.82,49.2,57.0,73.7,70.9,68.9,68.0
107,1972,7.02,3.15,5.42,3.91,3.44,6.91,48.4,63.1,65.4,72.7,70.9,66.0
107,1973,3.67,2.43,7.09,6.23,3.74,2.34,49.6,57.3,71.2,74.4,72.2,67.1
107,1974,3.88,8.19,6.23,1.8,4.85,3.29,51.9,58.8,66.0,75.1,70.9,59.9
107,1975,3.23,5.4,3.58,2.7,6.63,2.23,45.9,63.8,70.7,72.5,74.0,60.6
107,1976,1.19,2.76,7.85,2.65,2.18,1.79,52.2,57.0,69.6,72.3,68.4,61.5
107,1977,2.33,2.5,2.92,3.76,8.73,3.49,55.3,68.0,68.4,76.5,70.6,67.0
107,1978,4.09,4.2,3.33,5.45,5.07,1.82,50.5,57.8,70.3,73.7,71.0,68.3
107,1979,3.92,2.97,3.15,9.23,7.06,0.13,47.3,59.2,70.2,71.4,70.7,64.3
107,1980,2.71,2.32,5.01,3.75,4.24,3.33,47.2,61.8,67.7,77.3,75.5,66.5
107,1981,4.94,8.36,2.31,7.35,5.43,4.28,54.6,56.5,71.8,73.6,70.6,63.6
107,1982,3.1,5.25,4.96,5.1,4.68,1.61,44.4,66.1,65.3,73.6,69.1,63.6
107,1983,5.25,5.06,4.48,1.41,3.54,1.86,46.6,56.9,71.2,77.4,76.4,65.2
107,1984,4.24,4.6,1.85,4.31,2.61,3.9,48.1,57.7,73.7,70.6,72.5,62.7
107,1985,1.98,3.25,2.56,2.55,6.23,1.76,55.9,63.1,68.3,72.2,69.4,66.0
107,1986,2.74,4.98,3.79,4.39,1.53,4.67,53.4,61.8,71.2,75.9,67.9,68.0
107,1987,2.98,2.37,6.46,5.78,4.1,2.7,50.4,67.1,72.6,74.8,72.6,65.8
107,1988,3.06,1.08,0.4,4.04,2.19,3.11,49.5,63.1,71.6,75.8,76.3,65.7
107,1989,4.32,7.32,3.11,5.36,6.17,6.31,48.7,57.3,69.7,74.0,70.9,61.8
107,1990,2.92,6.02,5.78,6.2,3.36,2.2,49.3,58.2,70.0,72.2,69.7,65.5
107,1991,3.1,4.49,1.02,1.37,2.82,1.52,54.0,67.8,73.5,75.0,72.8,64.9
107,1992,4.82,1.63,2.06,12.0,3.51,5.79,49.3,59.5,66.3,71.7,66.9,63.0
107,1993,5.33,3.61,6.13,5.85,4.5,6.62,48.4,61.8,68.8,75.1,72.9,60.0
107,1994,6.55,3.26,4.26,3.47,3.57,2.71,51.5,57.9,72.8,72.4,68.2,63.7
107,1995,3.14,6.4,4.37,2.08,3.28,0.72,48.6,59.2,71.4,74.4,77.8,62.6
107,1996,6.72,9.09,4.79,4.02,1.17,2.77,46.8,59.7,69.6,70.5,71.7,62.9
107,1997,1.8,4.25,4.48,1.75,2.77,2.39,45.7,55.6,68.6,72.8,68.8,64.5
107,1998,4.39,5.66,10.58,4.97,3.3,0.74,52.5,66.1,70.9,72.7,73.5,69.1
107,1999,4.76,3.59,3.58,2.52,1.64,1.9,52.6,62.8,71.3,76.6,70.0,65.2
107,2000,2.03,4.49,6.48,2.47,4.55,5.4,49.7,63.7,69.6,70.6,71.6,64.2
107,2001,2.6,3.07,4.05,5.73,3.52,3.05,56.2,63.6,68.7,72.8,73.0,63.1
107,2002,5.84,7.82,4.42,3.58,5.11,3.05,52.7,57.9,72.6,76.0,73.2,67.5
107,2003,2.57,6.6,3.49,8.95,3.17,8.16,52.7,60.0,66.6,72.2,73.1,62.7
107,2004,1.39,6.64,5.24,4.48,4.02,0.47,53.3,65.6,68.5,71.0,67.6,67.0
107,2005,3.92,2.29,3.03,5.89,3.45,4.95,53.6,58.9,72.8,73.6,73.6,68.6
107,2006,4.48,4.75,5.87,5.17,5.68,3.19,54.8,59.5,69.1,74.7,72.1,61.8
107,2007,3.66,1.73,3.36,2.7,4.04,1.84,48.7,66.6,71.2,70.1,76.3,68.3
107,2008,3.1,6.02,8.14,6.27,2.49,2.66,51.0,57.2,71.4,72.1,69.6,66.4
107,2009,6.98,6.29,4.39,4.24,4.3,0.64,50.4,61.4,71.1,67.9,69.5,64.6
107,2010,2.34,4.86,10.15,4.73,1.63,1.91,56.8,63.8,73.9,75.2,74.7,66.5
107,2011,8.86,4.33,4.58,2.44,2.77,4.24,52.2,62.0,71.8,77.6,72.0,63.1
107,2012,1.66,2.99,1.21,0.82,6.18,6.97,52.4,67.6,71.0,79.6,71.3,63.0
107,2013,9.18,3.67,4.51,2.76,1.23,3.28,49.8,64.2,70.1,71.0,70.6,66.7
107,2014,4.13,2.98,4.83,3.23,4.7,2.88,51.6,62.5,71.9,67.2,71.0,62.8
107,2015,5.23,4.19,9.06,9.4,2.25,2.17,51.8,64.7,70.1,71.6,69.6,68.3
107,2016,4.23,3.45,4.99,5.56,4.17,3.84,51.2,60.3,72.1,73.0,74.2,69.1
107,2017,5.4,7.18,4.51,7.23,2.5,1.24,55.7,59.9,70.9,73.4,69.1,67.4
107,2018,4.45,2.97,7.48,2.87,6.53,6.53,44.1,70.1,73.1,72.8,73.1,69.3
107,2019,5.19,6.19,4.4,2.66,4.52,1.58,51.0,61.6,69.4,75.4,71.3,69.6
107,2020,2.34,4.34,4.0,5.98,2.14,0.84,47.9,59.2,71.4,75.4,71.3,64.5
107,2021,2.25,3.61,4.17,5.26,2.45,3.4,51.3,59.2,72.2,72.5,74.2,68.2
107,2022,2.31,5.31,1.29,2.13,5.18,1.49,48.5,64.4,71.7,74.2,71.9,65.0
107,2023,2.14,2.98,2.14,4.85,3.21,2.63,51.8,61.8,68.8,72.9,71.1,66.1
107,2024,6.87,4.25,2.95,4.53,2.5,2.28,53.4,66.1,72.0,71.2,72.2,67.3
107,2025,5.17,2.64,6.25,6.49,1.36,1.86,51.6,61.0,72.9,77.0,70.7,66.7
107,2026,4.82,4.11,6.06,2.79,8.08,,57.1,60.0,70.0,74.8,72.2,
109,1895,2.16,1.09,4.52,3.36,2.02,2.67,53.5,62.6,74.4,72.6,74.5,69.2
109,1896,1.02,3.65,4.52,7.0,5.53,4.4,59.1,69.0,71.4,75.3,73.3,63.5
109,1897,4.66,2.43,5.34,3.4,0.89,0.7,50.3,57.8,70.1,77.0,71.5,69.3
109,1898,1.83,2.93,3.81,3.06,3.81,6.1,50.1,62.9,73.1,76.0,72.9,69.0
109,1899,1.59,3.7,2.28,2.54,2.28,1.3,52.6,63.4,74.2,75.6,76.1,66.5
109,1900,1.15,5.06,5.9,4.68,2.15,1.89,51.5,64.6,71.5,75.8,78.9,71.1
109,1901,2.8,1.74,5.53,0.71,3.09,1.02,47.8,60.2,73.0,81.4,74.8,67.1
109,1902,2.13,4.06,7.42,3.39,3.02,4.98,50.5,66.7,70.4,76.4,71.6,63.9
109,1903,3.71,4.1,3.23,4.1,4.18,1.61,51.5,65.2,66.2,76.2,72.0,66.2
109,1904,2.48,3.25,3.46,2.49,1.71,3.75,46.5,61.5,69.0,73.0,71.1,66.5
109,1905,4.08,5.66,2.95,4.12,5.8,2.97,51.3,62.9,71.6,73.4,73.3,65.9
109,1906,2.35,2.6,3.77,2.79,4.73,4.32,53.4,62.8,69.8,73.5,75.4,69.8
109,1907,2.92,3.75,3.62,3.74,2.77,1.91,41.8,55.8,66.7,74.2,70.8,64.2
109,1908,5.33,6.43,1.79,1.5,1.61,0.78,51.6,63.2,69.9,75.0,73.4,69.5
109,1909,5.06,6.11,5.83,5.26,2.74,2.56,50.0,59.2,72.3,72.2,74.4,63.7
109,1910,3.19,3.47,2.22,7.35,1.91,3.66,52.3,56.7,68.3,74.2,70.7,67.3
109,1911,6.32,2.42,2.37,1.39,2.93,7.62,48.9,67.4,73.1,74.9,73.7,69.6
109,1912,5.7,5.06,3.01,5.71,5.58,3.5,53.3,63.7,68.2,74.7,70.9,67.4
109,1913,4.1,1.28,1.86,2.86,3.33,2.32,50.9,63.3,73.8,78.7,76.2,66.0
109,1914,3.59,1.38,0.98,2.82,5.18,2.6,51.5,64.4,76.1,78.5,74.4,65.8
109,1915,0.94,5.92,2.64,6.29,8.38,3.7,56.3,59.5,69.2,73.1,67.2,67.4
109,1916,2.38,3.8,6.65,2.87,2.9,2.67,49.7,64.0,67.5,80.3,75.3,64.6
109,1917,4.56,6.18,7.15,3.74,2.42,1.91,49.2,55.9,68.6,74.4,72.3,65.0
109,1918,5.72,5.61,3.5,3.81,3.36,4.37,48.2,67.1,71.3,72.6,77.9,58.4
109,1919,2.42,4.85,3.76,1.47,2.7,1.36,52.0,59.2,75.1,78.1,72.5,69.3
109,1920,5.41,4.22,2.58,3.51,3.32,2.3,46.6,60.6,70.3,73.0,71.4,68.5
109,1921,4.47,2.42,2.88,2.09,6.26,7.61,55.1,64.2,76.2,79.9,72.7,70.8
109,1922,8.39,3.24,1.64,3.44,2.37,1.72,54.4,65.4,73.3,73.8,72.9,70.2
109,1923,2.16,5.9,3.57,3.04,5.35,2.45,48.6,60.1,71.2,75.0,72.2,66.5
109,1924,4.38,4.59,5.63,1.65,5.27,2.72,52.2,54.5,70.5,71.5,72.3,62.0
109,1925,2.42,1.5,6.82,5.33,3.24,4.5,57.0,57.8,74.2,75.2,74.3,73.5
109,1926,4.52,2.26,2.55,3.04,8.35,9.63,45.4,63.9,67.8,77.2,75.7,68.4
109,1927,4.47,7.23,1.96,2.14,3.05,3.82,51.9,60.5,66.3,74.0,66.9,70.2
109,1928,2.9,2.76,6.24,2.69,3.63,1.2,46.5,60.6,65.6,74.4,73.8,61.5
109,1929,4.01,8.49,3.99,5.66,1.76,2.62,54.0,58.6,68.4,74.8,71.4,66.1
109,1930,3.3,2.03,2.41,1.24,1.37,2.72,54.2,63.3,71.0,77.4,74.8,68.0
109,1931,2.58,2.68,3.47,5.59,3.16,6.92,52.2,58.7,73.7,77.6,72.9,70.9
109,1932,2.45,1.78,6.39,4.25,3.58,7.3,51.1,62.0,72.3,76.2,72.9,65.2
109,1933,4.8,8.5,0.86,2.51,3.0,4.85,51.0,64.4,76.6,76.9,72.0,71.8
109,1934,1.58,1.52,5.22,3.23,5.51,5.24,51.5,65.4,77.0,79.9,73.1,65.1
109,1935,1.8,7.13,4.9,3.59,1.97,3.62,48.7,57.8,67.4,77.2,74.9,65.6
109,1936,3.85,1.13,1.0,2.12,2.02,4.54,47.4,65.1,72.1,82.1,79.7,70.0
109,1937,4.14,3.11,4.36,4.83,3.76,3.72,50.8,62.1,70.9,74.0,75.6,63.6
109,1938,1.78,5.8,6.43,3.88,3.29,1.42,53.4,61.0,69.2,75.2,74.6,67.6
109,1939,6.16,1.36,5.92,3.45,2.0,0.87,48.0,63.8,72.4,73.9,72.3,71.3
109,1940,6.75,3.76,3.17,1.34,2.12,1.12,48.2,58.0,71.0,74.4,74.9,63.6
109,1941,2.36,1.82,5.94,1.03,1.84,4.06,56.2,64.6,71.6,75.9,74.2,69.0
109,1942,3.12,4.45,7.3,2.88,4.8,2.91,55.1,62.5,71.5,75.6,72.2,64.5
109,1943,2.59,8.58,4.27,3.23,1.85,3.75,49.2,62.1,75.1,75.5,74.8,62.0
109,1944,7.13,3.3,1.65,1.42,3.26,2.56,50.3,67.5,74.5,75.5,73.7,65.6
109,1945,4.29,3.69,8.15,3.13,3.61,6.23,53.0,57.3,68.2,72.1,71.9,67.5
109,1946,1.56,6.84,2.27,2.24,3.98,1.13,53.4,59.0,70.9,74.3,68.4,64.7
109,1947,6.8,5.54,7.23,3.14,4.08,3.38,51.4,58.3,68.2,69.8,78.3,66.0
109,1948,3.16,2.74,4.79,5.85,1.96,3.18,54.5,60.3,71.0,74.0,72.4,66.2
109,1949,1.44,3.17,4.93,3.65,4.61,3.27,50.3,63.2,72.8,77.9,73.0,60.2
109,1950,3.64,3.11,5.33,2.36,3.25,5.39,45.9,63.2,68.6,71.8,69.7,63.7
109,1951,2.97,3.11,5.87,5.15,1.63,2.3,48.3,63.9,70.1,74.3,72.1,63.2
109,1952,4.06,4.08,7.47,2.76,2.83,3.62,51.9,61.2,76.6,77.0,72.3,64.8
109,1953,2.95,4.02,2.94,6.22,2.15,0.94,47.9,64.7,76.0,75.2,73.3,66.8
109,1954,3.04,2.39,2.29,1.86,3.84,1.45,57.1,57.9,75.1,77.9,74.0,69.7
109,1955,4.16,4.08,2.8,4.37,2.01,5.91,57.4,63.5,66.6,79.4,76.0,68.9
109,1956,3.92,6.14,4.17,3.35,2.77,1.9,49.4,62.8,71.9,73.6,73.4,64.1
109,1957,6.7,8.58,8.4,5.3,2.59,2.19,53.8,62.5,72.0,75.2,72.8,64.1
109,1958,3.26,4.84,7.22,7.46,3.47,4.01,51.7,61.1,67.6,73.6,71.5,65.5
109,1959,3.62,5.67,2.38,2.99,3.58,2.79,53.0,66.8,72.4,75.0,76.6,68.2
109,1960,1.84,4.72,8.07,2.71,2.49,1.07,55.2,58.8,69.4,72.5,74.3,70.1
109,1961,4.81,6.95,3.41,5.22,2.33,3.1,46.0,56.7,68.3,73.7,71.5,69.5
109,1962,1.47,5.1,1.99,8.06,4.64,3.36,49.9,68.7,71.6,73.2,72.0,62.2
109,1963,2.7,2.48,2.04,5.05,3.95,0.32,53.7,60.0,71.5,73.3,69.6,65.1
109,1964,8.65,1.04,3.21,4.25,1.64,1.24,54.8,65.6,72.7,75.0,72.0,66.2
109,1965,3.99,2.83,3.58,4.1,3.27,5.9,53.1,68.3,70.6,72.4,70.7,66.8
109,1966,4.13,2.28,2.82,2.25,2.52,5.72,49.1,57.7,70.2,77.1,70.9,63.3
109,1967,3.44,5.61,1.55,1.89,2.54,1.28,53.5,58.0,71.5,72.0,68.7,62.8
109,1968,3.29,9.69,3.52,3.81,2.74,2.55,53.0,58.5,71.6,74.9,73.6,65.2
109,1969,4.23,2.73,3.82,7.01,1.8,2.8,53.4,62.3,69.2,75.4,71.3,64.0
109,1970,5.21,2.73,2.58,3.23,2.35,3.0,53.6,64.4,70.1,73.4,72.5,69.4
109,1971,1.03,3.86,4.63,5.27,1.38,4.07,50.4,57.9,74.2,71.5,70.1,68.6
109,1972,6.12,2.23,5.79,2.65,2.9,6.13,50.8,64.0,66.5,73.2,72.1,67.4
109,1973,4.37,2.86,7.83,6.57,3.01,1.88,50.3,58.6,72.1,75.0,73.0,68.6
109,1974,3.35,8.27,4.52,0.69,5.5,5.72,53.8,60.9,66.9,75.2,72.0,60.4
109,1975,3.87,2.31,4.33,3.07,4.63,2.77,48.8,65.6,71.4,73.4,75.5,61.6
109,1976,1.12,3.44,4.09,2.88,3.12,3.13,53.6,58.6,70.5,73.2,70.1,62.2
109,1977,2.84,2.73,4.06,3.69,5.68,2.5,56.1,68.4,69.2,77.0,72.6,68.3
109,1978,3.14,4.62,3.47,6.36,5.53,0.67,52.6,59.6,71.4,74.2,72.1,68.8
109,1979,3.82,3.27,4.21,12.11,7.57,0.56,49.8,60.2,70.6,72.3,71.9,64.4
109,1980,2.58,3.14,5.9,3.57,5.36,3.4,48.7,62.8,68.8,77.4,76.3,67.3
109,1981,5.87,9.14,2.07,3.82,4.31,2.58,56.4,58.3,72.7,74.9,71.9,63.8
109,1982,2.4,4.59,4.8,4.26,3.14,1.8,46.9,67.1,66.2,74.8,69.5,63.5
109,1983,4.31,6.76,2.44,2.59,2.67,1.16,47.2,58.1,70.9,78.4,78.2,67.0
109,1984,4.97,4.16,1.96,3.92,1.52,3.82,50.0,58.7,74.3,71.8,73.8,63.8
109,1985,2.66,5.77,3.8,3.99,6.25,1.84,56.9,63.4,68.8,73.3,70.7,65.6
109,1986,3.41,5.79,3.5,4.7,3.73,4.75,54.0,63.1,72.3,77.1,68.7,68.4
109,1987,2.92,2.87,4.57,8.87,0.68,1.48,51.6,67.2,73.0,75.2,73.4,67.2
109,1988,3.61,1.17,0.64,4.37,2.7,1.77,51.3,63.2,72.1,76.3,76.2,65.4
109,1989,5.21,5.08,2.6,5.87,6.74,6.56,51.3,58.1,70.9,75.0,71.7,63.5
109,1990,2.7,7.81,3.64,5.59,4.81,2.58,50.3,59.2,69.9,72.6,70.6,66.4
109,1991,3.36,4.31,1.21,3.19,3.19,1.76,54.8,68.1,73.7,75.6,73.2,65.6
109,1992,4.58,2.69,2.57,12.17,2.21,2.73,51.3,59.6,66.4,73.0,67.9,64.0
109,1993,4.5,4.01,5.64,3.31,8.31,7.87,49.6,62.4,69.4,76.7,73.9,61.8
109,1994,5.7,3.36,3.33,2.83,2.94,3.21,52.6,58.2,73.5,73.5,69.7,63.9
109,1995,4.54,7.66,3.39,2.4,5.14,0.88,51.5,60.7,71.6,75.2,77.8,63.0
109,1996,7.92,8.56,4.82,3.41,1.27,5.82,48.5,61.5,70.7,72.0,73.3,63.9
109,1997,2.25,4.29,5.29,1.59,4.03,1.95,47.2,56.6,68.8,74.1,69.9,64.9
109,1998,6.05,5.79,9.8,4.22,2.25,0.74,52.3,66.5,71.2,73.6,74.1,69.4
109,1999,4.28,3.75,4.18,3.14,1.54,0.99,54.2,63.6,72.2,77.6,71.6,66.0
109,2000,3.84,4.3,5.57,4.13,5.44,6.02,50.4,64.7,71.0,72.2,71.7,64.6
109,2001,2.03,3.95,3.86,5.35,2.93,5.06,57.5,64.1,69.1,73.8,74.2,64.0
109,2002,6.46,8.77,4.73,2.19,1.54,4.42,54.0,59.3,72.8,76.8,75.8,69.4
109,2003,2.73,6.13,3.01,9.06,3.36,7.69,53.5,61.2,66.9,73.2,73.7,63.6
109,2004,1.49,6.96,4.39,5.78,4.19,0.24,53.6,66.9,69.9,72.0,69.0,67.4
109,2005,3.1,4.67,3.48,4.34,5.92,4.33,54.7,59.0,72.9,74.9,75.3,69.6
109,2006,4.62,4.98,6.34,4.73,3.41,3.91,55.7,60.1,69.7,75.0,74.2,62.6
109,2007,4.09,1.48,3.52,2.75,1.65,3.83,49.9,66.4,72.0,71.8,77.6,69.3
109,2008,2.81,6.39,11.59,6.38,1.71,2.31,52.6,57.6,71.8,73.0,71.2,67.6
109,2009,6.43,6.88,5.68,5.44,3.41,2.65,51.9,62.3,71.6,68.8,70.6,65.8
109,2010,3.16,5.24,8.85,3.2,0.6,0.7,57.6,64.3,74.3,76.2,75.9,67.6
109,2011,9.81,5.79,6.44,1.15,1.48,5.26,54.2,62.2,71.6,78.9,73.5,64.3
109,2012,2.84,2.77,0.37,0.87,4.47,5.93,52.7,67.6,71.1,81.5,72.4,63.6
109,2013,6.49,3.53,5.53,3.59,1.05,3.57,51.4,64.3,70.8,71.9,71.6,67.3
109,2014,6.18,3.81,6.35,3.76,4.12,3.21,53.2,62.9,72.2,68.7,72.2,63.7
109,2015,5.4,2.58,8.27,7.44,2.11,1.56,53.3,65.0,70.9,73.0,70.1,68.4
109,2016,4.33,3.53,4.41,6.34,6.46,4.2,52.9,60.4,72.9,74.4,76.0,70.0
109,2017,4.41,7.69,3.7,6.96,1.4,1.05,57.7,61.4,70.2,74.4,70.3,67.7
109,2018,4.7,2.08,5.82,3.1,5.33,5.97,45.9,70.6,74.0,74.6,74.0,70.2
109,2019,5.49,4.69,7.74,3.76,3.98,0.72,52.8,63.4,69.7,76.0,72.3,71.2
109,2020,2.15,6.01,2.17,5.34,2.79,0.17,49.2,59.6,71.8,76.4,71.9,65.5
109,2021,3.02,3.23,7.83,6.59,2.09,5.26,52.0,59.7,72.4,73.8,75.5,68.3
109,2022,4.0,4.97,1.54,4.8,4.19,2.04,49.9,64.8,72.3,76.1,72.9,66.3
109,2023,2.93,2.7,2.03,6.42,4.43,0.98,53.4,62.9,69.6,74.9,72.3,67.3
109,2024,7.43,6.29,2.7,5.7,3.18,2.45,56.1,67.8,72.6,73.7,73.5,68.7
109,2025,8.33,4.96,6.73,6.7,1.28,1.94,54.1,61.7,73.4,78.1,71.7,67.9
109,2026,3.36,8.21,5.6,1.8,5.87,,60.4,61.0,70.8,76.0,73.1,
111,1895,2.57,1.49,1.62,4.57,2.42,2.93,51.8,62.9,73.2,71.9,73.1,68.3
111,1896,2.78,4.89,3.69,7.23,4.54,5.08,54.8,67.6,69.0,73.5,72.0,60.8
111,1897,2.72,2.33,4.51,1.97,1.49,0.28,47.2,57.0,68.4,75.9,69.2,68.6
111,1898,1.78,5.06,4.71,1.97,4.14,4.25,46.8,60.5,72.2,74.2,71.7,67.8
111,1899,0.45,4.3,2.48,3.01,1.93,2.2,51.9,61.5,71.4,73.5,73.8,63.1
111,1900,1.28,3.72,3.53,4.73,3.99,1.71,50.6,61.7,68.5,72.5,76.1,65.8
111,1901,1.4,2.35,4.07,1.56,2.82,1.74,45.3,57.2,71.0,78.9,72.2,63.1
111,1902,2.5,4.97,11.72,6.87,2.06,5.1,45.6,61.9,66.8,73.3,68.2,60.0
111,1903,6.19,2.58,2.65,5.15,4.52,2.7,48.7,62.5,63.4,73.0,68.9,62.7
111,1904,3.76,3.2,1.24,3.29,2.96,4.18,42.8,59.2,67.6,70.6,67.7,63.7
111,1905,3.97,6.86,3.61,3.76,3.69,3.73,47.7,60.5,68.9,71.7,72.4,65.2
111,1906,1.9,2.75,2.38,4.8,6.15,3.52,50.9,61.3,67.8,70.7,73.5,66.7
111,1907,2.86,3.26,4.13,6.23,4.71,3.7,39.7,53.3,65.4,71.6,68.2,61.8
111,1908,3.87,7.96,1.66,3.12,2.5,1.74,48.7,60.1,68.5,73.3,71.3,67.8
111,1909,5.51,3.34,5.07,4.53,5.9,3.94,46.7,57.5,68.9,70.2,73.4,60.4
111,1910,2.73,4.88,1.19,4.89,4.72,4.98,50.3,53.6,66.6,73.2,69.2,63.3
111,1911,4.67,2.45,1.99,2.34,2.98,8.23,46.2,65.9,72.1,73.2,70.7,65.5
111,1912,3.76,4.87,4.09,4.62,4.11,1.99,49.4,61.5,66.3,72.2,68.9,65.3
111,1913,2.62,5.06,1.77,3.38,2.74,1.94,48.5,60.0,71.7,75.6,74.2,63.6
111,1914,2.18,4.34,1.52,1.02,3.19,2.69,48.5,62.1,71.5,75.2,72.7,63.3
111,1915,2.91,5.48,1.33,9.71,2.63,4.86,54.9,56.2,65.8,70.3,65.0,65.5
111,1916,1.61,6.57,5.93,0.97,1.95,3.21,46.8,60.3,65.2,78.8,75.3,63.5
111,1917,3.13,3.58,4.97,3.99,3.66,1.83,46.4,53.2,65.8,72.2,69.2,61.2
111,1918,3.36,4.78,3.47,3.71,2.86,3.47,44.8,64.4,68.7,70.6,75.5,56.9
111,1919,2.14,4.31,2.9,1.75,1.8,2.91,48.7,57.1,73.5,76.8,70.8,66.8
111,1920,6.24,2.76,2.07,2.82,1.97,1.89,43.1,57.8,70.0,71.4,69.6,67.0
111,1921,3.83,1.39,2.13,3.31,6.01,4.85,52.7,62.9,74.6,78.7,70.8,68.0
111,1922,4.86,3.11,1.45,2.93,1.69,1.64,49.5,64.5,70.9,72.3,72.2,67.4
111,1923,2.05,5.32,1.97,3.14,4.54,3.62,47.1,57.8,71.8,74.2,69.9,64.4
111,1924,3.0,2.96,8.39,2.37,5.36,3.1,48.9,53.8,67.0,70.3,70.8,59.0
111,1925,2.3,0.52,2.65,3.26,1.42,5.09,54.1,56.2,72.5,73.3,71.9,69.8
111,1926,2.65,3.14,4.76,4.42,4.77,10.0,41.8,61.1,64.9,73.6,73.3,64.0
111,1927,6.02,5.45,4.14,3.8,2.43,4.18,48.7,58.0,65.1,72.2,65.2,68.5
111,1928,2.04,1.9,4.99,5.0,3.66,1.67,44.6,59.9,64.1,72.9,72.5,60.2
111,1929,4.85,4.51,4.75,4.55,1.83,1.64,51.2,56.9,66.6,74.1,69.6,63.7
111,1930,4.6,2.14,2.61,2.62,2.0,2.74,50.5,61.6,69.7,75.2,72.5,65.5
111,1931,3.35,3.95,4.64,2.87,3.53,4.84,49.7,56.9,72.8,77.3,72.6,70.0
111,1932,1.9,1.18,3.58,3.52,3.61,3.58,48.6,61.2,71.5,75.2,72.6,63.2
111,1933,4.86,6.71,0.77,1.29,2.23,6.59,48.5,62.3,77.2,76.2,70.6,69.6
111,1934,2.11,0.69,2.7,1.31,5.79,8.26,48.6,65.4,75.7,79.4,71.6,63.7
111,1935,2.12,5.59,3.62,4.52,2.7,3.04,46.0,54.4,66.3,76.6,73.0,63.8
111,1936,2.48,2.78,0.47,0.36,4.55,4.99,44.6,63.6,69.3,80.6,77.0,68.0
111,1937,5.57,2.93,4.69,3.82,3.05,2.61,47.7,60.8,68.0,73.6,75.2,63.1
111,1938,2.76,4.32,5.5,5.65,3.15,3.84,51.0,60.2,68.0,74.2,74.6,65.8
111,1939,5.12,1.39,5.68,4.87,2.6,0.25,44.8,63.0,71.8,73.4,71.3,68.7
111,1940,3.42,5.23,3.61,1.03,3.4,0.96,45.8,56.2,70.5,74.6,73.2,63.6
111,1941,2.88,3.16,4.18,2.59,2.42,2.06,53.8,63.3,70.5,73.9,72.7,68.4
111,1942,2.49,3.7,2.88,5.25,4.49,3.72,53.7,61.5,70.4,74.7,70.6,62.1
111,1943,3.96,8.99,3.6,3.85,3.83,2.42,46.5,58.3,73.1,74.6,73.0,60.5
111,1944,6.49,5.33,1.96,1.27,2.84,1.49,47.0,65.7,73.3,74.0,72.7,65.3
111,1945,3.53,5.47,3.73,3.68,3.2,7.2,50.3,54.7,66.3,71.6,71.3,64.5
111,1946,1.51,4.38,5.31,1.48,1.99,1.79,51.6,57.3,69.1,74.1,68.0,65.1
111,1947,5.5,4.08,4.47,1.53,4.77,3.82,47.8,55.4,67.3,70.4,78.5,65.4
111,1948,2.95,4.66,4.92,4.51,2.17,2.86,53.3,56.7,69.1,74.0,71.9,66.5
111,1949,2.07,4.14,3.06,5.98,1.85,2.09,48.1,61.3,73.0,77.0,71.7,59.1
111,1950,6.93,1.55,6.14,4.3,2.16,4.82,42.6,60.8,68.7,71.0,69.2,63.3
111,1951,3.95,3.67,4.23,7.46,2.51,2.69,46.1,62.0,67.4,72.2,69.1,61.5
111,1952,4.79,5.21,5.77,2.05,4.55,1.34,50.2,58.7,74.4,76.5,71.1,64.0
111,1953,2.97,3.65,4.66,7.05,1.54,1.53,46.2,61.5,73.7,74.8,72.6,65.6
111,1954,4.32,3.2,3.49,4.36,4.5,0.42,54.2,56.2,74.4,75.3,71.4,68.0
111,1955,3.69,4.85,4.15,4.14,4.17,2.5,55.3,62.0,66.4,78.3,75.3,65.6
111,1956,4.93,5.12,2.23,3.32,3.12,0.79,47.5,60.6,72.2,72.0,71.8,63.7
111,1957,8.69,3.57,7.5,7.45,3.72,1.22,49.1,60.3,70.1,74.5,71.6,62.1
111,1958,2.06,1.89,11.95,5.86,3.17,2.57,50.4,60.3,64.0,72.5,71.6,64.4
111,1959,6.32,3.84,1.29,3.38,1.6,4.47,49.1,64.4,72.3,73.2,76.6,67.0
111,1960,3.78,2.94,6.92,2.08,3.95,3.24,53.3,57.5,67.6,71.7,72.4,68.6
111,1961,4.06,2.58,4.19,5.2,2.14,7.57,44.1,55.6,68.1,72.4,71.0,68.4
111,1962,1.78,4.1,2.69,6.16,1.77,2.67,48.7,66.6,70.9,70.7,71.1,62.1
111,1963,3.7,1.51,2.42,6.35,2.04,1.09,51.9,58.3,70.9,72.2,67.8,63.3
111,1964,4.89,0.65,4.16,4.0,2.06,2.91,50.4,65.3,72.0,73.3,69.3,64.8
111,1965,5.0,3.15,2.27,3.81,5.9,5.72,48.9,65.5,69.4,71.3,68.7,64.9
111,1966,5.44,4.46,2.66,1.7,2.84,2.53,46.9,55.2,70.6,76.4,69.3,62.0
111,1967,4.94,3.54,5.05,1.59,3.28,1.77,50.9,55.8,71.7,70.3,67.2,62.0
111,1968,4.06,4.02,5.81,3.13,4.45,2.28,50.7,56.5,71.2,72.9,72.2,64.3
111,1969,4.86,3.73,3.54,6.55,1.58,2.87,50.3,59.9,67.2,74.2,71.5,64.3
111,1970,6.3,6.8,4.21,5.38,3.27,7.8,50.7,63.7,69.4,73.4,71.5,66.6
111,1971,1.32,2.86,4.33,7.23,2.78,5.05,48.3,57.0,74.4,70.3,69.0,67.6
111,1972,5.11,3.25,5.92,3.89,6.22,8.45,46.9,62.3,65.6,72.2,71.4,65.3
111,1973,5.19,3.9,6.11,4.74,2.64,1.27,49.6,56.6,71.6,74.0,72.4,67.0
111,1974,3.41,6.45,5.29,1.17,3.48,3.27,51.8,57.6,66.7,75.6,70.8,60.2
111,1975,4.17,3.25,8.86,3.05,6.36,2.29,44.6,64.0,71.3,72.5,73.7,60.2
111,1976,2.87,4.48,6.08,3.78,1.42,2.8,52.1,56.5,70.5,73.0,68.3,61.7
111,1977,1.45,3.85,3.19,4.05,8.21,5.93,54.8,68.7,67.8,75.8,69.7,65.5
111,1978,4.0,4.24,4.18,3.14,3.33,2.28,49.6,58.6,71.0,73.2,71.4,69.0
111,1979,5.62,2.35,4.03,5.01,5.59,0.01,46.5,59.3,70.2,71.0,70.7,64.2
111,1980,2.28,1.77,6.55,2.0,5.45,4.84,46.6,62.0,67.6,76.4,75.2,65.9
111,1981,7.32,6.19,6.01,5.97,4.39,3.68,53.9,56.5,71.4,73.0,70.3,63.4
111,1982,3.01,3.82,3.49,4.43,2.89,1.43,44.5,66.4,65.6,73.7,68.2,63.3
111,1983,5.86,4.83,4.16,1.21,3.53,2.03,45.5,56.6,71.5,77.1,75.7,64.9
111,1984,3.26,7.2,2.72,3.01,1.44,1.54,47.4,57.5,73.3,71.2,73.2,63.4
111,1985,1.82,2.41,2.41,2.95,6.67,1.91,55.1,64.0,68.0,73.2,69.1,66.1
111,1986,2.06,6.02,6.01,3.93,1.67,5.47,53.6,61.2,70.5,76.0,68.6,67.7
111,1987,3.19,5.55,3.41,3.55,5.39,2.41,50.7,65.7,73.0,75.9,72.1,65.0
111,1988,2.11,1.34,0.53,1.67,2.26,2.56,48.7,63.3,72.6,76.6,77.3,65.9
111,1989,2.66,4.78,3.09,4.74,2.87,7.45,48.4,57.5,69.6,74.2,70.6,61.6
111,1990,2.49,4.44,4.11,5.81,4.58,1.41,49.4,57.2,70.2,71.8,70.2,65.9
111,1991,3.72,4.4,0.5,1.44,2.94,1.59,53.9,67.4,74.1,75.2,72.9,64.2
111,1992,2.09,1.06,3.17,7.41,1.68,5.95,47.3,59.4,66.9,70.6,66.9,62.6
111,1993,4.85,3.59,8.82,4.82,5.42,7.49,47.8,62.1,69.2,74.8,73.1,59.7
111,1994,5.79,1.86,4.63,5.13,2.7,1.88,51.2,58.9,72.0,72.2,68.2,64.8
111,1995,5.23,7.27,3.52,1.97,3.9,0.85,47.8,59.3,72.1,76.2,78.3,62.6
111,1996,3.56,6.4,4.86,7.38,1.68,1.97,46.5,58.4,70.4,70.8,71.7,63.1
111,1997,1.48,4.71,6.25,4.24,4.7,2.01,45.8,55.2,69.7,73.0,68.5,64.1
111,1998,4.64,4.82,7.09,4.96,2.88,1.47,51.4,66.4,70.6,73.1,73.3,69.3
111,1999,5.81,2.86,4.57,3.27,3.74,1.71,52.1,64.2,71.6,77.2,69.5,64.6
111,2000,3.39,3.91,6.3,5.38,1.85,2.92,48.9,63.4,69.4,71.2,71.8,65.0
111,2001,3.05,3.14,4.14,4.49,4.35,2.27,54.8,63.7,68.2,73.2,72.8,62.2
111,2002,3.82,5.59,2.81,4.31,4.77,1.94,51.3,56.7,72.5,76.2,72.4,66.7
111,2003,2.61,5.41,3.67,11.7,2.82,4.56,52.0,58.8,66.6,72.4,73.4,63.1
111,2004,1.02,6.08,6.06,3.04,9.77,0.82,52.1,64.1,68.1,71.4,66.9,66.5
111,2005,2.55,1.02,2.05,4.27,3.25,4.24,53.2,59.1,73.9,74.6,73.4,69.2
111,2006,4.42,5.21,2.38,5.83,4.99,3.81,54.5,59.8,69.3,75.2,72.6,62.3
111,2007,4.45,1.69,4.21,3.64,6.61,1.21,47.9,65.8,71.4,70.7,74.7,68.4
111,2008,2.64,3.87,5.27,3.04,2.61,9.01,51.1,56.8,71.6,72.6,69.8,66.1
111,2009,5.22,5.25,4.35,2.85,3.11,0.95,48.5,60.9,70.5,68.4,69.3,64.6
111,2010,2.72,5.41,7.96,3.34,2.22,3.01,56.2,63.0,72.7,76.0,74.8,65.8
111,2011,7.86,5.27,5.4,3.39,3.55,3.86,49.4,60.4,71.0,77.9,71.9,62.2
111,2012,2.13,3.32,3.74,1.99,5.23,2.4,51.8,66.2,70.5,78.5,70.5,63.3
111,2013,6.23,5.46,5.89,1.57,2.58,2.18,48.2,63.6,69.6,71.7,70.9,67.0
111,2014,2.97,4.84,9.28,4.04,5.93,4.19,49.6,61.9,71.7,68.0,71.7,63.4
111,2015,2.57,5.91,13.68,6.19,3.48,4.82,51.1,63.7,69.4,72.0,70.4,68.9
111,2016,3.04,2.89,3.93,7.53,8.38,3.87,49.7,60.0,72.1,73.5,74.5,69.7
111,2017,4.37,5.44,4.1,6.39,3.41,1.43,54.2,59.0,71.5,73.4,68.4,67.0
111,2018,2.2,2.39,5.82,2.59,3.54,3.11,42.0,68.5,72.7,73.0,73.4,69.0
111,2019,4.22,7.96,3.92,4.29,2.01,6.18,50.2,60.4,69.2,75.7,71.1,69.0
111,2020,3.47,5.5,4.56,3.69,2.0,2.78,47.8,58.9,72.4,75.6,71.5,64.5
111,2021,2.62,5.35,6.85,4.21,3.59,3.0,50.5,58.8,72.4,72.5,74.2,68.3
111,2022,2.6,4.09,3.0,5.51,3.5,1.77,46.8,63.4,71.3,73.2,71.6,65.3
111,2023,2.03,2.69,1.44,4.64,5.52,1.23,51.2,62.6,69.3,72.5,70.8,66.0
111,2024,7.31,4.3,3.64,6.15,4.2,1.24,51.9,65.3,72.5,71.5,71.4,67.2
111,2025,3.38,2.99,3.99,5.38,3.0,2.2,50.3,59.6,72.9,76.5,70.6,66.5
111,2026,6.1,1.5,7.51,2.32,6.65,,55.7,60.3,69.6,74.9,71.3,
113,1895,1.21,2.18,1.59,1.87,3.03,1.61,49.7,60.2,71.0,70.4,71.5,66.7
113,1896,3.25,4.3,3.83,11.17,5.67,5.04,54.0,66.0,68.1,71.4,69.9,59.2
113,1897,2.94,3.72,3.72,2.09,2.95,0.7,45.2,54.6,65.6,74.5,67.0,65.1
113,1898,1.51,4.78,2.53,3.77,2.7,3.57,44.0,58.5,68.7,73.1,70.0,65.2
113,1899,0.8,4.45,1.95,4.18,3.09,3.21,50.4,60.3,70.0,71.6,71.4,60.5
113,1900,2.02,2.9,5.79,6.15,3.64,1.48,47.8,61.3,67.1,70.7,74.1,65.0
113,1901,2.24,3.17,3.61,2.89,3.81,1.19,45.6,56.5,69.7,76.6,70.3,61.9
113,1902,1.45,4.48,8.67,3.68,1.31,6.15,45.6,59.8,63.5,71.5,65.8,59.3
113,1903,4.96,2.8,4.14,4.44,4.57,2.23,46.6,61.3,61.8,70.4,66.4,61.8
113,1904,3.15,3.44,1.88,3.55,4.74,3.26,41.8,57.8,65.5,69.8,66.0,62.5
113,1905,3.92,6.24,5.19,3.64,3.84,3.4,45.8,57.7,67.3,70.7,69.6,63.5
113,1906,2.47,2.79,4.37,3.51,5.43,2.34,49.3,60.2,67.2,70.2,72.5,66.9
113,1907,2.43,4.14,5.14,4.54,2.87,4.17,38.4,51.3,64.0,70.6,66.7,60.8
113,1908,2.65,5.68,1.68,2.75,3.45,0.73,47.2,59.4,66.9,72.0,69.0,66.6
113,1909,4.41,3.63,5.96,2.48,4.24,2.6,43.8,55.6,67.4,69.4,70.6,59.2
113,1910,3.27,2.71,0.78,3.83,4.4,4.02,48.4,53.1,64.8,72.8,68.3,62.2
113,1911,4.4,2.0,5.93,2.46,3.75,3.41,44.5,63.8,69.3,71.9,68.6,64.1
113,1912,2.73,4.03,2.44,4.01,6.23,2.71,47.8,60.2,65.2,71.7,67.2,64.5
113,1913,2.73,4.17,0.9,3.78,4.13,2.15,47.4,57.6,68.6,72.8,71.3,61.7
113,1914,2.99,5.04,3.57,1.56,4.64,2.47,44.6,59.8,68.8,73.3,70.3,62.1
113,1915,1.6,4.3,2.55,5.97,4.58,3.43,52.3,53.8,63.0,68.7,63.9,64.5
113,1916,1.7,5.36,5.54,0.91,2.47,3.6,46.3,58.8,62.7,76.9,72.7,61.5
113,1917,3.54,3.68,5.05,2.49,3.83,1.18,45.4,51.5,64.4,70.6,68.6,60.0
113,1918,2.71,3.8,2.9,1.39,1.71,4.34,45.3,64.3,67.7,69.8,75.3,55.8
113,1919,3.39,4.76,3.39,0.96,2.96,3.51,46.9,55.8,72.9,75.1,69.5,66.4
113,1920,5.74,2.09,4.86,4.21,1.82,1.98,41.8,56.2,68.2,68.6,68.2,65.2
113,1921,4.72,3.14,2.81,1.64,5.78,3.51,51.8,61.3,72.6,78.2,69.5,67.7
113,1922,4.8,4.99,2.14,2.31,1.28,1.61,48.7,62.8,69.0,70.9,71.1,67.2
113,1923,1.33,3.84,2.25,4.36,3.54,3.24,45.6,56.0,71.1,71.9,68.1,63.5
113,1924,2.44,3.46,7.18,2.01,2.24,3.53,46.2,52.2,64.8,68.0,68.7,57.8
113,1925,1.7,1.01,1.8,4.46,1.62,5.96,52.2,54.2,71.0,70.4,70.1,67.6
113,1926,2.79,2.34,3.6,2.75,4.8,7.45,40.5,58.3,62.5,71.2,71.7,62.2
113,1927,5.57,5.09,3.13,1.98,2.36,6.6,46.5,56.8,63.2,71.0,63.9,66.5
113,1928,1.7,2.11,4.52,2.46,4.48,1.38,43.2,57.6,62.2,72.0,71.8,59.6
113,1929,5.33,4.25,2.94,2.96,2.76,3.07,49.8,56.1,64.8,72.7,68.0,63.0
113,1930,2.59,2.96,2.51,1.2,1.28,3.32,47.9,59.4,67.7,73.9,70.5,65.1
113,1931,1.76,2.77,3.51,1.48,3.83,4.85,48.6,56.2,70.6,76.0,71.8,68.3
113,1932,1.77,1.96,3.61,3.7,1.73,5.48,46.2,59.2,69.6,72.3,71.2,62.3
113,1933,3.34,4.53,2.57,2.13,2.45,6.39,47.7,61.1,74.4,74.5,69.8,68.0
113,1934,2.01,1.17,2.22,1.25,3.25,5.4,46.5,63.4,75.5,78.8,71.6,64.4
113,1935,2.12,4.72,3.37,2.33,5.59,2.31,44.8,53.2,65.7,75.4,71.6,62.7
113,1936,1.89,1.87,1.83,1.33,3.81,4.97,42.2,62.1,66.9,76.9,74.8,66.6
113,1937,4.59,3.62,5.15,4.46,2.37,2.13,46.2,59.1,66.5,71.9,72.7,61.6
113,1938,2.35,4.91,4.98,3.94,3.01,3.27,49.5,58.9,66.2,71.7,72.7,63.5
113,1939,4.26,1.07,6.2,3.51,5.3,0.6,43.7,61.7,70.3,71.1,69.9,67.1
113,1940,3.13,5.23,4.16,1.84,2.54,0.78,43.9,55.6,69.3,73.1,71.5,62.2
113,1941,2.44,2.99,4.08,1.26,1.72,1.13,53.6,61.8,69.2,73.4,71.4,68.0
113,1942,1.82,2.46,4.66,5.27,4.97,4.26,51.9,60.7,69.2,72.4,68.8,60.8
113,1943,3.2,9.04,2.22,6.66,3.52,4.26,43.5,57.7,72.8,72.7,70.7,58.9
113,1944,4.54,4.72,2.37,1.4,2.73,2.08,44.1,63.7,71.7,72.6,72.3,63.5
113,1945,3.04,4.73,3.95,3.58,3.24,4.69,49.7,52.6,65.2,70.0,69.3,63.7
113,1946,1.01,3.55,5.36,2.17,1.84,1.29,48.5,56.5,67.4,72.4,67.0,64.7
113,1947,5.29,4.36,3.22,1.94,3.57,6.02,46.2,54.4,65.5,69.1,77.3,64.7
113,1948,2.43,4.27,5.36,3.13,2.19,2.14,51.8,56.7,67.8,72.6,70.8,66.3
113,1949,2.13,4.21,5.12,3.89,3.3,2.55,46.7,60.4,71.7,75.6,71.0,57.4
113,1950,5.63,1.84,6.0,5.56,3.38,5.27,41.3,60.0,67.2,69.0,68.2,61.4
113,1951,3.98,3.31,4.55,5.62,5.28,1.59,45.1,60.7,66.8,70.7,67.8,60.5
113,1952,3.58,4.94,3.7,4.04,2.34,2.77,48.6,56.8,72.7,74.6,69.6,63.0
113,1953,3.2,3.36,2.31,3.27,2.84,1.88,44.2,61.4,72.3,74.1,72.3,63.8
113,1954,4.93,2.19,5.66,5.56,7.08,1.94,52.0,54.4,71.4,72.0,68.9,64.8
113,1955,2.6,2.49,2.95,4.53,5.73,1.92,54.5,61.1,66.2,77.0,74.0,64.3
113,1956,5.45,4.85,2.05,3.61,3.58,0.76,45.3,58.2,70.0,71.4,70.0,61.6
113,1957,5.78,3.04,5.83,2.03,1.79,2.39,48.0,58.2,68.2,72.2,70.0,61.7
113,1958,1.84,1.43,5.69,7.63,4.53,4.06,48.8,58.3,63.7,71.1,69.7,62.6
113,1959,4.82,3.79,3.89,3.15,3.02,4.54,48.6,63.1,70.2,72.0,75.1,65.9
113,1960,3.71,4.47,5.43,2.11,2.81,3.62,51.3,56.5,66.2,70.1,71.2,66.6
113,1961,4.78,2.61,2.68,4.46,3.98,5.72,42.2,54.6,66.9,71.1,69.5,66.9
113,1962,1.45,4.79,2.78,3.83,1.8,2.05,47.5,64.7,68.6,69.4,70.3,60.7
113,1963,2.91,2.87,2.52,5.42,2.53,1.43,49.1,56.7,68.4,71.7,66.2,62.3
113,1964,4.63,2.32,3.93,3.85,2.94,2.43,49.0,63.0,70.0,73.2,68.2,63.3
113,1965,4.47,3.28,2.06,3.14,5.41,4.5,46.4,64.6,68.0,69.8,67.9,64.6
113,1966,4.03,3.6,1.71,3.97,3.15,1.49,45.2,53.4,70.0,74.3,68.6,61.3
113,1967,3.96,2.68,3.21,1.34,2.34,2.18,49.8,54.2,70.4,69.7,66.9,60.8
113,1968,3.07,4.71,7.76,3.16,4.34,2.76,49.9,55.4,68.6,71.7,71.2,63.1
113,1969,4.71,3.19,4.97,4.37,0.73,3.54,49.9,58.8,65.0,72.6,70.8,63.0
113,1970,4.75,4.06,2.44,4.19,2.21,6.23,48.7,62.1,68.3,72.6,70.6,64.9
113,1971,1.45,3.51,2.68,3.04,1.85,3.14,46.7,56.0,72.9,69.9,69.1,66.4
113,1972,4.2,3.62,2.49,4.2,3.01,7.91,46.3,61.2,64.8,71.6,70.0,63.8
113,1973,2.7,3.87,4.18,5.31,3.55,1.43,48.4,55.7,70.9,72.8,71.2,65.5
113,1974,2.7,4.76,3.94,0.6,2.64,3.27,49.9,56.5,65.6,73.8,70.4,59.8
113,1975,4.15,4.25,7.13,1.56,6.42,2.05,42.3,63.2,69.2,71.6,72.1,58.5
113,1976,2.42,3.52,4.75,5.69,1.71,2.99,50.2,56.6,69.8,72.0,67.4,60.9
113,1977,3.53,1.43,4.27,3.69,4.93,5.75,53.6,66.4,66.5,74.6,68.8,64.9
113,1978,3.96,2.88,3.18,3.42,3.16,2.35,47.5,59.0,68.3,71.1,70.3,67.7
113,1979,3.65,2.69,2.9,3.09,6.07,0.23,45.5,57.6,68.4,70.6,68.9,63.1
113,1980,3.35,3.22,4.18,4.62,6.57,3.69,46.2,60.1,66.2,74.6,72.8,64.6
113,1981,6.45,4.77,9.94,5.28,3.51,5.24,51.2,56.5,69.0,72.3,69.5,62.4
113,1982,2.35,4.0,4.0,3.85,2.13,3.02,43.0,65.2,64.4,73.0,68.1,62.5
113,1983,4.74,4.82,2.71,2.69,1.77,2.67,44.6,55.2,69.0,76.2,74.8,64.7
113,1984,3.68,4.95,1.95,3.83,1.58,4.79,46.6,54.9,71.4,69.8,71.9,61.9
113,1985,2.12,2.16,2.8,2.73,6.22,2.99,54.0,62.6,65.8,71.9,68.2,64.5
113,1986,2.0,3.72,6.77,6.87,2.93,4.75,51.3,60.1,68.1,73.9,67.0,65.4
113,1987,3.02,4.5,3.65,3.58,4.55,2.92,49.9,62.7,71.6,74.0,70.9,64.0
113,1988,2.78,1.63,0.63,3.74,3.85,4.05,48.0,61.3,70.5,74.8,74.3,63.2
113,1989,3.1,4.16,4.05,3.53,3.07,4.03,46.1,56.3,67.9,72.8,69.4,60.8
113,1990,2.65,5.65,4.56,4.96,6.4,3.13,48.4,56.1,68.2,71.0,68.7,64.0
113,1991,4.68,4.35,1.67,3.37,3.56,2.01,51.5,65.9,72.2,73.6,71.2,61.5
113,1992,2.75,2.46,2.34,7.41,2.3,6.27,46.4,57.5,64.0,69.4,65.8,61.2
113,1993,3.58,3.21,7.25,3.21,3.24,5.72,46.6,60.3,66.6,73.9,71.8,59.3
113,1994,4.98,1.37,4.14,3.44,2.82,1.24,50.4,56.5,70.7,71.7,67.1,63.6
113,1995,4.6,4.48,4.54,2.19,4.5,1.7,45.8,57.2,70.1,73.5,76.0,60.8
113,1996,4.23,6.31,5.78,4.62,3.46,2.66,45.2,56.6,69.7,69.1,71.1,62.9
113,1997,1.57,5.59,4.73,4.81,4.93,4.06,44.5,52.6,68.4,71.3,67.1,62.0
113,1998,4.11,2.32,4.53,4.01,5.05,0.89,49.7,64.8,68.6,71.4,71.4,66.8
113,1999,6.48,4.15,4.06,2.3,2.85,2.14,50.6,62.0,70.3,76.6,68.3,63.8
113,2000,3.03,5.1,5.96,2.19,3.97,3.92,47.9,61.2,67.9,69.5,69.9,62.5
113,2001,3.74,4.06,4.07,3.23,5.91,3.2,52.0,61.4,66.6,71.6,71.9,60.9
113,2002,3.85,4.63,3.09,3.14,1.87,1.82,49.9,54.6,70.5,75.2,72.1,67.1
113,2003,2.75,6.6,1.86,7.13,5.07,5.62,50.0,57.2,66.2,71.1,71.5,61.3
113,2004,0.3,7.28,5.02,5.43,4.53,1.11,51.1,62.5,66.7,70.5,66.6,65.3
113,2005,1.31,1.51,2.33,5.46,2.83,3.96,51.2,56.1,72.8,74.0,72.1,67.1
113,2006,2.07,6.28,2.47,5.52,3.9,2.36,52.4,58.0,68.0,73.8,71.0,60.7
113,2007,4.31,1.31,2.49,3.55,9.07,1.5,46.7,63.8,70.7,71.2,72.8,65.9
113,2008,2.61,3.51,4.56,3.6,1.26,5.65,50.5,55.8,69.8,71.9,70.0,65.8
113,2009,5.32,4.52,3.93,3.01,6.49,1.63,49.0,59.1,68.5,66.9,68.3,63.0
113,2010,3.92,6.17,6.15,3.18,1.12,2.21,54.0,61.8,70.6,74.5,73.1,64.4
113,2011,6.89,6.85,2.32,2.94,2.66,5.58,48.2,60.6,69.8,76.8,70.7,61.5
113,2012,1.13,1.57,0.93,3.94,4.09,2.3,49.7,65.5,70.4,78.6,68.8,62.2
113,2013,7.58,1.87,7.06,3.17,2.3,1.9,46.7,63.3,68.8,71.2,69.3,64.5
113,2014,3.57,4.33,4.58,2.03,2.97,3.86,48.4,59.9,70.7,67.3,70.7,62.0
113,2015,2.55,4.27,7.1,5.83,3.3,2.63,49.1,62.7,68.5,69.4,68.6,67.0
113,2016,3.02,3.24,4.76,2.18,4.61,3.88,48.5,58.8,69.8,73.2,73.8,67.5
113,2017,3.8,7.48,3.69,4.77,3.09,2.49,53.3,57.6,69.5,71.6,67.7,65.4
113,2018,3.01,4.68,4.85,3.41,6.77,1.82,41.6,65.8,70.4,72.6,72.3,67.5
113,2019,5.08,5.06,4.53,4.15,4.45,4.69,48.3,58.8,67.8,74.9,69.8,67.7
113,2020,2.96,4.38,2.24,2.38,3.65,1.67,45.6,57.2,70.3,75.3,70.9,62.6
113,2021,2.27,3.82,6.18,4.33,4.22,3.33,49.6,57.6,71.5,72.1,72.7,66.9
113,2022,2.83,4.1,2.59,5.95,4.43,1.66,45.1,62.6,69.9,72.7,70.8,63.9
113,2023,2.27,1.74,2.25,5.9,2.22,1.48,49.6,59.2,67.3,71.6,68.5,64.4
113,2024,5.56,4.19,3.38,4.63,1.69,1.86,51.1,63.2,71.2,70.7,70.4,66.5
113,2025,3.29,3.12,4.62,4.73,1.39,2.08,49.1,57.6,71.3,74.7,68.9,65.2
113,2026,7.22,2.29,3.53,3.59,4.97,,54.6,57.3,68.2,73.6,70.8,
115,1895,1.86,2.73,3.73,2.54,2.23,0.8,54.4,62.9,74.6,73.8,76.0,70.9
115,1896,0.41,5.18,5.6,6.6,3.95,4.66,60.6,70.2,72.6,76.1,74.8,65.2
115,1897,4.9,3.83,3.91,5.52,1.79,0.24,52.2,59.8,71.3,77.6,72.2,69.1
115,1898,1.37,4.52,4.47,3.86,3.03,4.59,50.7,65.1,74.4,77.9,75.9,72.1
115,1899,2.66,5.92,6.06,2.18,4.37,1.21,55.1,66.0,74.2,76.5,76.3,67.1
115,1900,2.14,5.16,2.89,4.38,3.35,1.05,52.7,64.9,72.7,76.4,79.2,72.9
115,1901,2.22,3.51,5.22,0.84,1.92,2.39,48.1,61.7,73.4,81.3,74.7,66.7
115,1902,2.66,5.05,4.59,3.15,0.99,3.68,51.8,67.0,71.6,76.6,72.9,64.5
115,1903,4.0,2.85,3.8,3.79,2.92,2.64,52.6,65.6,66.5,75.3,72.6,66.7
115,1904,2.03,2.6,2.33,2.08,1.98,2.89,46.8,62.6,70.5,73.3,72.6,67.7
115,1905,2.66,7.25,3.64,5.13,5.14,1.84,53.2,64.5,72.0,74.3,72.9,67.0
115,1906,0.98,1.41,3.09,6.01,4.47,7.18,54.6,63.1,71.9,75.1,76.6,70.4
115,1907,2.49,2.63,4.78,5.69,3.92,2.06,44.0,57.9,67.9,75.5,72.0,67.6
115,1908,5.25,7.01,3.06,2.18,1.11,0.69,53.6,64.5,70.9,75.4,75.2,70.7
115,1909,4.3,6.1,4.71,6.85,2.31,1.03,51.4,60.5,72.9,72.7,74.5,64.8
115,1910,2.55,3.49,2.77,6.38,1.69,3.69,52.9,58.1,67.9,74.9,72.1,68.6
115,1911,6.88,3.4,5.01,1.66,4.92,6.16,50.1,67.9,72.9,75.2,75.0,71.4
115,1912,6.4,6.15,2.23,4.09,9.04,4.17,55.9,65.0,69.3,76.2,72.1,68.8
115,1913,4.53,3.27,3.0,3.51,4.01,3.66,52.0,62.8,73.9,78.9,76.1,66.2
115,1914,3.48,2.14,3.52,3.04,6.54,1.94,52.8,63.7,74.7,77.5,74.1,65.9
115,1915,1.4,6.03,4.96,4.92,5.55,5.45,57.2,60.7,69.2,74.4,68.9,68.4
115,1916,2.69,4.54,5.18,2.72,3.38,3.58,51.5,65.1,67.3,78.6,75.9,64.3
115,1917,4.44,6.84,5.18,2.83,2.12,2.06,50.8,55.8,69.1,74.0,73.2,65.2
115,1918,2.45,3.37,4.04,3.74,3.83,1.83,49.8,67.9,70.9,71.9,78.5,59.8
115,1919,4.16,4.53,3.45,2.2,1.24,1.79,53.4,60.3,74.8,76.9,72.5,69.0
115,1920,6.63,3.96,2.84,3.47,4.53,3.25,48.8,61.4,70.2,73.2,70.9,67.6
115,1921,4.19,3.19,4.92,3.45,5.25,3.28,56.1,64.1,76.1,79.5,72.8,71.8
115,1922,4.59,2.73,1.64,3.2,3.4,3.63,55.9,66.6,73.8,75.6,73.7,70.7
115,1923,3.58,2.9,5.21,2.21,4.73,1.48,51.5,61.9,72.5,76.1,73.9,68.0
115,1924,2.51,4.06,5.54,1.8,3.72,2.94,54.2,57.1,71.6,72.3,74.0,62.3
115,1925,2.26,1.23,2.73,7.05,3.72,4.14,58.2,58.5,75.1,74.2,73.4,73.6
115,1926,5.82,2.54,3.75,5.31,7.96,5.43,47.2,64.3,68.4,75.7,75.4,68.8
115,1927,4.71,6.52,3.91,2.41,3.51,2.15,53.7,63.1,67.4,74.8,67.7,70.3
115,1928,4.04,1.62,7.79,2.77,2.51,1.65,48.8,61.0,66.9,75.0,74.8,63.1
115,1929,4.63,8.33,4.05,3.62,1.5,5.39,56.2,61.0,69.2,74.4,70.7,66.4
115,1930,1.68,0.84,1.4,1.4,2.04,4.23,55.4,64.5,71.6,78.8,74.8,69.2
115,1931,3.96,2.95,2.97,3.81,4.64,4.5,52.2,60.1,73.7,78.7,73.3,71.7
115,1932,3.03,0.8,4.89,4.29,4.94,6.64,51.8,63.2,72.5,76.9,73.9,67.1
115,1933,5.44,7.95,0.94,1.92,3.64,3.68,52.0,65.8,76.5,76.2,73.5,72.4
115,1934,0.94,1.36,4.27,1.64,2.62,3.82,52.8,66.3,76.7,81.0,74.2,68.0
115,1935,3.15,5.86,3.29,4.04,3.77,3.1,49.8,59.2,67.9,77.7,74.8,66.2
115,1936,3.84,0.9,0.2,1.92,3.08,4.03,48.4,66.1,73.4,81.0,79.7,71.2
115,1937,3.02,5.04,2.86,2.62,2.66,3.76,51.5,62.0,71.2,73.8,75.6,64.7
115,1938,2.01,3.74,2.07,6.96,4.47,4.2,55.9,63.4,70.3,75.9,75.5,68.3
115,1939,7.38,1.54,5.59,3.68,2.41,0.82,50.1,65.3,73.2,74.2,73.3,72.2
115,1940,7.46,3.15,3.67,0.74,3.53,1.35,49.5,59.9,71.5,75.1,75.2,64.4
115,1941,2.11,1.15,7.66,2.72,2.07,1.58,57.4,65.6,72.1,76.3,74.6,70.7
115,1942,3.2,3.99,5.15,3.28,3.79,2.69,56.1,63.8,72.6,76.4,72.8,65.9
115,1943,2.41,4.75,2.47,4.92,0.82,1.81,49.7,64.2,76.0,76.6,75.6,64.8
115,1944,4.35,3.34,1.7,1.57,4.42,2.18,52.5,69.2,75.8,76.7,74.8,66.5
115,1945,4.45,3.76,5.02,3.0,2.49,5.92,54.7,59.0,69.4,73.4,72.8,69.6
115,1946,1.75,5.0,3.27,4.01,3.23,1.56,54.6,61.0,71.5,74.2,68.8,66.9
115,1947,8.23,6.54,4.57,2.43,1.99,4.4,53.5,60.2,69.6,70.5,78.6,67.9
115,1948,6.45,3.27,3.33,4.92,2.25,1.03,56.5,61.5,71.8,75.2,73.4,68.1
115,1949,1.57,1.83,5.1,5.2,4.21,1.72,50.5,64.0,73.8,78.8,74.0,61.2
115,1950,4.28,3.22,4.33,3.9,2.3,6.13,47.5,63.7,69.2,72.0,69.9,64.4
115,1951,2.61,3.39,1.84,0.99,1.1,2.63,50.0,63.9,71.3,75.2,73.7,65.2
115,1952,2.98,3.5,3.31,3.44,2.37,3.12,52.8,62.1,76.5,77.7,73.2,65.9
115,1953,3.5,2.9,3.13,4.65,0.85,0.68,48.7,65.4,75.1,75.8,74.3,67.7
115,1954,2.54,1.93,3.23,2.03,7.85,1.9,58.7,57.8,73.6,77.0,74.0,70.2
115,1955,3.01,4.7,2.85,5.87,0.8,4.79,57.6,64.2,67.0,78.5,76.7,69.4
115,1956,3.32,5.16,3.27,4.67,2.43,3.21,49.7,62.9,71.4,74.0,72.8,63.5
115,1957,6.14,5.86,4.62,3.04,1.83,3.83,55.1,63.2,72.3,75.2,72.8,66.5
115,1958,4.25,5.07,4.75,5.78,5.19,4.37,52.7,61.8,68.2,73.5,71.7,65.9
115,1959,2.28,4.18,3.24,3.39,2.84,1.39,54.3,66.9,71.6,75.2,76.8,69.2
115,1960,1.27,4.78,7.89,3.42,1.97,1.25,56.3,59.5,69.9,72.8,74.8,69.4
115,1961,4.05,7.36,3.47,6.45,2.5,1.51,47.3,57.9,68.6,74.0,72.6,70.1
115,1962,0.86,4.74,2.8,7.76,1.71,3.72,50.9,68.8,71.6,73.8,73.5,63.1
115,1963,2.01,4.05,1.81,3.87,2.21,0.34,54.8,60.7,70.0,72.6,70.3,64.9
115,1964,5.14,1.02,4.95,3.74,2.58,1.7,56.2,65.1,72.1,74.7,73.2,66.9
115,1965,5.84,1.5,2.19,4.64,3.76,7.86,53.9,67.8,71.5,72.9,72.5,68.1
115,1966,6.03,2.39,1.59,3.2,3.45,3.46,50.5,59.0,70.4,77.3,72.4,64.3
115,1967,3.89,5.4,2.12,4.02,2.02,1.56,55.8,59.5,71.7,71.7,69.8,63.1
115,1968,3.57,10.43,3.12,4.82,4.73,2.38,54.0,60.0,71.4,74.6,74.4,66.4
115,1969,4.01,3.34,3.98,4.97,2.85,2.09,54.4,63.4,71.0,76.3,72.4,65.8
115,1970,6.5,1.81,4.21,4.0,2.37,5.47,55.4,65.3,70.9,73.9,73.3,71.0
115,1971,1.44,3.74,3.98,4.61,5.83,5.53,51.1,58.3,73.9,72.8,70.8,69.2
115,1972,6.29,4.56,1.89,3.45,2.47,5.04,52.4,63.0,66.2,74.2,72.8,69.0
115,1973,5.32,3.93,6.66,6.43,2.48,2.06,51.6,58.7,72.2,74.5,73.6,69.6
115,1974,3.98,5.81,3.28,3.3,6.19,5.35,54.5,62.1,67.3,74.4,73.2,61.9
115,1975,4.44,2.32,5.49,1.72,2.26,3.97,49.5,65.6,71.4,74.0,76.3,63.2
115,1976,1.0,2.35,5.92,1.8,4.16,2.87,54.0,59.5,70.8,73.2,70.7,63.4
115,1977,4.43,1.72,6.73,5.15,5.78,2.29,56.2,67.6,69.7,77.2,73.2,69.4
115,1978,2.81,4.92,3.85,5.63,4.77,1.19,53.6,60.2,71.6,74.5,73.2,70.0
115,1979,5.71,3.54,5.11,6.55,5.05,9.41,51.7,60.3,70.3,72.4,72.6,65.8
115,1980,2.21,5.41,3.64,3.64,5.85,1.87,50.2,63.3,69.2,77.3,76.9,68.7
115,1981,5.77,5.44,4.65,5.25,2.92,2.19,58.2,59.3,72.3,75.3,72.7,64.7
115,1982,2.29,4.91,4.41,2.34,4.66,1.99,48.5,67.6,67.4,76.0,70.8,65.6
115,1983,5.19,9.4,3.68,1.69,3.36,1.27,49.4,59.6,70.8,78.2,78.5,67.4
115,1984,5.36,6.19,1.82,4.23,2.71,3.67,51.0,59.3,73.8,71.9,74.0,65.5
115,1985,1.3,4.89,4.16,4.1,3.21,0.58,56.8,63.8,69.2,74.2,72.4,67.0
115,1986,1.92,4.64,2.96,3.98,2.59,3.94,55.0,64.5,72.7,77.2,71.0,69.6
115,1987,2.94,2.17,3.66,5.62,2.9,1.62,52.4,68.3,73.3,76.2,74.9,67.7
115,1988,3.96,1.93,0.81,4.87,2.45,3.38,52.4,62.9,71.4,77.5,76.9,66.7
115,1989,5.49,4.94,4.59,4.78,5.56,3.41,52.6,59.3,70.4,75.3,73.1,65.7
115,1990,3.81,8.78,6.31,3.67,4.94,3.33,52.4,60.3,70.6,73.7,72.4,67.4
115,1991,3.83,2.85,1.72,2.67,5.31,2.74,56.5,69.7,74.5,76.8,74.4,67.5
115,1992,2.74,3.66,4.69,6.87,3.45,2.53,53.6,60.6,67.6,73.9,69.5,64.9
115,1993,4.21,2.73,5.89,2.4,3.68,3.31,51.4,62.5,70.5,78.0,75.3,64.1
115,1994,6.49,3.12,3.44,5.42,3.32,1.0,55.1,58.5,74.0,74.6,71.4,65.1
115,1995,4.13,8.73,2.64,2.89,4.9,1.81,53.6,62.1,71.9,75.8,78.9,65.2
115,1996,8.95,10.52,6.47,3.01,1.56,5.95,50.5,63.4,71.0,72.4,74.0,65.6
115,1997,1.97,7.08,8.17,1.43,3.92,1.08,49.1,57.7,69.3,75.3,71.7,66.0
115,1998,8.56,4.62,7.95,5.18,2.56,1.52,53.5,66.8,72.1,74.4,75.3,71.2
115,1999,2.75,1.57,4.18,2.47,1.8,0.79,55.7,64.1,73.4,79.2,73.3,66.5
115,2000,4.25,5.12,4.77,5.35,4.7,4.59,52.8,66.0,72.2,73.3,72.9,65.5
115,2001,1.33,5.5,4.07,7.95,4.69,4.31,58.4,64.9,70.1,74.5,75.6,65.3
115,2002,6.48,8.99,3.31,1.99,1.24,6.56,56.1,60.4,73.6,77.6,76.9,71.2
115,2003,2.68,7.14,3.34,6.16,4.52,5.96,55.8,62.1,67.3,73.8,74.5,65.0
115,2004,4.56,7.25,2.85,6.85,3.28,0.81,53.9,67.9,71.2,73.1,70.6,68.2
115,2005,3.48,2.54,1.97,2.66,6.73,3.14,55.4,59.8,73.8,76.6,77.1,70.5
115,2006,5.14,3.97,4.83,3.44,4.17,5.17,57.5,61.3,69.6,76.3,76.6,64.1
115,2007,4.16,1.13,3.04,4.9,1.4,1.9,51.7,66.7,73.0,73.5,80.2,71.7
115,2008,3.3,6.86,5.32,3.68,2.14,1.95,55.0,60.0,72.8,73.8,73.2,70.0
115,2009,3.95,4.85,5.45,6.33,2.22,5.1,54.5,64.2,72.7,70.1,71.6,67.1
115,2010,2.42,5.87,7.14,3.45,1.56,0.31,58.6,65.7,74.8,77.2,77.0,68.9
115,2011,13.76,6.33,7.3,1.55,3.33,6.44,57.1,63.2,72.6,80.2,74.9,65.4
115,2012,2.73,3.4,1.88,2.05,1.98,5.03,54.3,68.3,72.3,80.4,74.5,66.1
115,2013,3.52,5.96,5.55,4.78,2.42,3.82,53.6,65.1,71.8,73.4,73.3,68.6
115,2014,7.52,2.98,4.83,4.89,2.95,2.75,55.3,64.7,73.3,71.0,74.3,66.3
115,2015,6.13,2.36,6.62,6.28,2.87,2.48,55.0,66.8,72.3,74.4,71.6,69.8
115,2016,5.09,3.82,4.1,5.43,5.96,2.91,54.9,61.8,74.1,76.8,78.4,71.8
115,2017,5.84,7.81,5.22,5.63,2.52,4.19,60.8,63.1,71.3,75.9,72.1,67.5
115,2018,4.39,5.14,4.73,4.11,6.96,7.81,49.6,71.7,75.0,76.2,76.1,72.1
115,2019,5.78,4.93,8.9,4.13,3.02,0.28,56.4,66.2,71.0,77.8,75.2,74.4
115,2020,4.44,5.55,3.63,5.8,4.02,2.09,51.9,61.2,72.9,78.4,74.2,67.6
115,2021,3.63,3.87,7.13,6.14,3.88,3.44,53.9,61.1,72.6,75.2,76.3,69.4
115,2022,3.48,6.39,2.7,4.75,8.37,2.43,52.4,66.7,73.1,77.1,74.7,68.4
115,2023,2.96,2.46,2.78,6.78,2.64,1.57,54.8,61.9,69.7,75.8,74.0,69.9
115,2024,5.73,5.81,1.55,4.01,2.16,5.7,58.1,68.2,73.8,76.2,76.0,71.7
115,2025,8.28,4.94,4.54,5.35,1.46,2.79,56.2,62.4,74.5,79.6,73.5,69.9
115,2026,4.47,6.45,6.49,3.51,6.61,,62.1,62.5,72.0,77.2,75.5,
117,1895,3.07,1.98,3.64,5.48,1.98,1.98,55.5,63.9,75.4,73.6,75.3,70.2
117,1896,0.48,5.98,4.88,5.43,3.15,5.21,60.4,69.3,71.4,75.3,74.0,65.4
117,1897,4.77,3.22,4.14,4.3,0.77,0.62,51.9,57.7,70.4,76.5,72.7,69.6
117,1898,2.23,4.74,4.01,1.91,4.08,5.62,50.4,64.8,74.1,77.2,74.9,70.3
117,1899,2.76,4.21,5.19,3.34,3.26,1.34,54.2,65.9,74.2,75.8,75.8,67.0
117,1900,1.56,4.2,8.46,3.37,3.61,1.55,53.9,65.2,72.0,76.1,79.8,72.0
117,1901,3.14,1.38,4.73,0.62,2.32,2.32,48.4,62.0,74.2,81.9,75.7,67.6
117,1902,2.19,8.27,6.69,1.67,3.07,4.15,52.0,68.2,71.0,76.1,72.5,65.1
117,1903,5.0,2.85,3.75,1.75,3.74,0.85,53.1,66.5,67.1,76.1,73.4,68.0
117,1904,2.42,1.86,4.47,3.4,1.9,3.62,48.8,62.8,70.8,73.2,72.9,69.1
117,1905,2.78,5.45,2.86,5.47,6.56,5.06,54.0,65.5,72.6,73.6,74.6,68.6
117,1906,1.45,1.72,3.29,2.35,4.78,5.48,56.0,64.5,72.5,74.9,76.9,71.9
117,1907,3.35,3.49,6.2,5.06,5.51,3.92,45.2,59.0,68.8,75.9,72.6,67.0
117,1908,5.44,5.46,1.71,2.37,1.03,0.73,54.7,65.2,72.1,76.5,75.1,70.8
117,1909,5.39,4.35,4.71,8.76,2.09,1.63,52.2,61.4,73.7,72.9,75.5,65.6
117,1910,4.76,4.71,2.72,8.84,1.07,4.34,53.6,58.8,69.3,74.8,71.7,69.3
117,1911,5.65,3.78,3.61,1.24,2.94,7.59,51.3,67.2,73.2,74.8,75.1,72.0
117,1912,6.31,5.61,2.18,5.2,6.1,3.99,54.9,64.8,68.2,76.4,72.8,69.0
117,1913,3.67,1.62,1.96,1.56,3.34,3.5,52.1,64.1,74.5,79.4,78.2,68.1
117,1914,3.14,0.95,1.93,2.13,7.17,2.19,53.0,64.2,76.4,78.2,75.2,66.4
117,1915,0.94,8.6,4.61,5.15,8.63,2.23,57.7,62.1,70.0,73.8,68.8,69.2
117,1916,3.41,3.66,8.66,4.17,5.36,1.95,51.4,65.5,68.4,79.0,76.5,66.0
117,1917,4.43,6.02,5.26,3.6,2.55,1.4,51.9,57.0,69.2,73.8,72.6,66.6
117,1918,3.22,6.78,3.76,4.93,3.74,3.4,50.8,67.8,71.5,72.1,78.7,60.3
117,1919,3.06,4.65,5.85,0.83,4.35,2.42,54.1,60.9,75.3,77.7,72.3,69.2
117,1920,5.16,4.69,1.69,3.71,5.78,3.35,49.6,61.8,70.7,73.5,71.2,68.1
117,1921,4.25,2.41,3.32,2.58,6.24,6.39,56.3,63.7,76.2,79.7,73.2,72.4
117,1922,4.58,3.44,2.96,4.64,1.01,1.78,56.5,66.1,73.0,73.8,73.4,71.0
117,1923,3.95,4.75,3.05,4.4,6.37,3.44,51.1,61.2,71.5,74.8,73.4,67.4
117,1924,4.37,4.81,4.05,1.43,4.19,3.11,54.7,57.2,72.2,71.8,73.7,63.4
117,1925,1.91,1.31,4.6,2.59,3.04,5.24,59.5,58.6,74.8,74.7,73.8,74.3
117,1926,3.53,1.08,3.24,3.32,5.17,5.69,48.4,64.4,68.5,76.1,75.1,69.8
117,1927,5.44,10.66,3.2,2.9,2.72,5.77,55.4,62.5,67.4,73.7,67.6,71.1
117,1928,4.07,4.43,7.49,2.85,4.3,1.07,49.2,61.2,66.6,73.9,74.5,62.6
117,1929,5.07,8.35,3.08,3.85,2.98,4.2,56.5,61.1,69.3,75.2,71.3,66.3
117,1930,1.7,1.16,2.32,0.56,2.3,5.15,56.0,63.9,70.8,78.5,75.1,69.0
117,1931,4.01,2.82,2.46,5.29,4.42,4.89,53.4,59.9,73.4,77.6,73.0,72.3
117,1932,3.86,1.36,5.23,4.06,5.36,7.11,53.7,62.9,72.5,76.7,73.5,66.6
117,1933,5.59,10.64,0.52,2.01,2.83,3.31,52.7,65.9,76.0,76.5,72.9,73.8
117,1934,1.25,1.53,5.64,2.61,5.18,4.87,53.6,65.6,76.6,79.4,74.5,66.5
117,1935,2.54,8.43,5.68,2.35,3.57,1.83,51.6,59.8,67.7,77.5,75.1,66.6
117,1936,3.55,1.58,0.87,3.54,0.9,3.54,49.4,66.0,72.9,80.9,80.4,72.2
117,1937,4.92,4.9,3.41,1.54,4.2,3.22,52.3,63.4,72.8,75.0,76.9,65.2
117,1938,1.31,5.07,3.78,6.64,2.76,2.78,56.8,64.0,70.6,76.3,76.9,69.7
117,1939,5.69,1.32,6.33,3.81,2.92,1.18,50.8,65.5,73.7,75.7,73.8,72.8
117,1940,7.21,3.61,3.22,1.3,2.65,1.6,51.6,60.4,72.4,75.4,75.9,64.7
117,1941,2.92,1.23,5.25,3.17,2.99,1.93,57.7,65.8,73.0,76.9,75.3,71.3
117,1942,3.33,4.51,10.06,3.26,2.49,1.65,55.5,63.3,72.1,76.3,73.8,66.6
117,1943,3.3,5.79,4.35,3.77,1.26,3.15,51.7,65.0,76.3,77.3,76.9,64.0
117,1944,6.08,3.63,1.15,1.95,7.54,3.51,53.4,68.9,76.4,76.2,74.9,66.8
117,1945,5.09,4.33,8.43,4.1,2.47,7.86,54.9,59.5,69.5,73.1,72.8,69.6
117,1946,2.33,6.81,3.7,3.39,4.2,0.94,56.5,60.9,72.5,74.8,69.0,66.3
117,1947,7.96,6.49,5.0,3.89,1.79,2.77,54.8,60.4,70.1,70.8,79.6,68.1
117,1948,4.25,3.46,2.98,7.72,1.54,2.46,57.5,62.1,72.1,75.2,73.0,67.7
117,1949,2.03,3.61,7.74,2.51,5.6,3.01,51.6,64.1,73.2,78.8,73.8,61.5
117,1950,5.48,4.26,5.54,2.78,4.12,5.36,48.7,64.4,70.5,71.9,70.3,65.1
117,1951,4.01,2.37,6.14,3.6,2.75,3.04,51.3,64.3,71.8,75.5,74.1,65.1
117,1952,3.0,2.23,6.0,1.53,1.94,3.51,53.2,63.3,77.8,77.8,74.3,65.9
117,1953,4.26,3.69,1.64,5.15,0.68,0.54,50.3,65.9,76.3,75.5,74.6,67.2
117,1954,2.97,3.09,2.8,1.94,5.39,3.5,59.4,58.5,74.9,78.2,75.9,70.6
117,1955,4.3,3.8,3.56,5.75,1.28,4.75,59.3,64.3,66.6,79.6,76.7,70.0
117,1956,4.67,4.37,4.57,2.82,3.1,2.45,51.2,64.0,71.9,74.6,73.5,64.4
117,1957,6.5,6.98,6.08,3.5,1.81,3.08,56.5,63.3,72.7,75.0,72.9,66.5
117,1958,3.55,5.27,5.49,9.35,4.98,4.17,53.5,62.2,68.9,74.3,72.7,67.0
117,1959,1.43,5.3,2.28,3.98,3.62,2.96,54.8,67.0,71.4,74.9,76.8,69.2
117,1960,1.86,5.05,7.29,3.79,1.76,0.79,56.6,59.9,70.3,73.0,75.1,71.1
117,1961,5.14,9.17,5.63,5.43,2.86,0.72,48.2,57.9,68.8,74.1,72.4,70.1
117,1962,0.96,4.49,4.21,4.0,3.03,2.97,50.4,69.6,71.6,73.9,73.1,63.3
117,1963,2.34,3.72,2.99,5.16,3.16,0.95,56.4,60.8,71.7,73.1,71.2,65.7
117,1964,4.8,1.6,6.83,4.6,2.01,1.93,57.4,65.4,73.0,74.3,73.4,67.0
117,1965,4.44,1.79,3.94,3.79,2.76,6.32,55.6,68.3,71.5,73.5,72.4,68.0
117,1966,6.4,3.08,1.31,3.69,4.81,3.06,50.2,59.2,70.4,78.2,71.6,64.4
117,1967,3.99,6.55,2.97,2.96,3.7,1.35,56.8,59.6,71.4,71.6,68.9,63.1
117,1968,4.92,8.1,2.66,4.95,5.98,3.49,54.3,60.1,71.8,74.9,74.4,66.1
117,1969,4.71,4.24,4.72,5.96,3.35,2.32,54.3,63.1,71.0,75.8,71.6,65.1
117,1970,6.17,3.36,6.5,3.14,3.69,1.97,55.7,65.5,70.9,73.1,73.4,72.1
117,1971,1.96,4.75,2.56,5.04,2.82,5.19,52.3,58.3,74.4,72.3,71.1,69.5
117,1972,7.76,3.13,2.1,3.94,4.15,3.89,53.4,64.0,68.1,74.1,72.8,69.9
117,1973,5.81,4.49,5.7,7.76,2.27,1.5,52.2,58.8,72.8,75.5,73.6,69.7
117,1974,3.9,7.26,3.0,1.77,8.08,5.48,54.6,63.2,67.0,74.7,72.8,61.7
117,1975,5.51,4.13,4.4,2.62,6.36,3.44,50.9,66.2,71.8,74.0,75.8,62.8
117,1976,1.24,4.65,5.1,4.47,3.65,3.65,54.2,58.5,70.4,73.6,70.6,63.6
117,1977,4.71,2.73,6.31,4.88,8.51,2.28,57.6,67.9,70.6,77.2,73.8,70.2
117,1978,3.94,5.54,2.96,8.07,7.2,1.08,54.5,60.7,72.2,75.3,72.9,69.5
117,1979,5.25,5.42,6.97,11.24,5.8,3.31,51.2,60.7,71.4,72.9,73.0,65.7
117,1980,3.43,4.38,4.5,4.6,3.23,2.69,50.9,62.9,69.8,78.0,77.7,68.6
117,1981,5.42,6.89,3.68,4.82,4.87,2.25,58.6,58.8,73.5,75.6,72.3,64.5
117,1982,2.87,4.69,4.68,3.99,5.33,4.26,48.2,67.1,67.3,76.0,70.9,64.7
117,1983,8.0,11.03,2.22,1.4,2.82,1.8,48.7,60.0,71.1,78.2,78.3,68.2
117,1984,6.71,4.35,1.4,4.55,2.77,4.92,51.7,60.0,74.5,72.5,73.6,64.8
117,1985,1.94,5.74,5.85,4.17,6.37,1.48,57.6,64.0,70.0,74.8,72.1,66.1
117,1986,2.04,3.43,3.14,6.29,3.67,4.34,55.7,64.7,73.0,77.7,70.3,70.0
117,1987,3.03,2.8,5.99,5.37,0.9,1.76,51.9,68.4,73.6,76.3,75.8,68.2
117,1988,2.48,1.74,0.58,5.2,2.54,3.02,52.5,63.2,72.5,76.5,76.9,65.9
117,1989,4.87,4.07,4.54,7.4,3.58,3.7,52.9,59.0,70.9,74.8,72.6,65.6
117,1990,3.22,9.65,6.46,4.07,3.23,2.27,51.4,59.8,70.5,73.9,71.9,68.0
117,1991,3.07,2.8,1.63,1.83,2.34,2.53,56.6,69.3,73.8,76.9,74.7,67.4
117,1992,2.33,3.35,1.67,6.19,3.71,2.87,53.6,60.2,67.7,74.6,69.4,65.2
117,1993,5.77,4.17,4.19,3.84,4.05,6.28,50.6,62.4,70.4,78.1,74.6,63.7
117,1994,6.84,3.63,2.85,2.28,3.34,4.5,54.7,58.8,73.6,74.5,71.4,63.9
117,1995,5.19,11.19,4.91,3.47,6.16,0.99,54.4,62.3,71.4,75.3,78.0,64.4
117,1996,10.14,9.21,6.03,4.25,1.86,9.22,50.1,64.9,71.6,72.5,73.6,64.7
117,1997,3.35,7.32,6.19,1.72,3.52,1.29,48.1,58.0,69.2,75.2,71.7,66.0
117,1998,8.57,5.94,7.48,4.1,3.98,0.77,53.4,67.0,72.4,74.8,74.4,70.6
117,1999,4.65,3.62,4.87,2.29,1.98,0.89,55.7,63.7,72.8,78.4,73.3,66.5
117,2000,3.29,3.87,6.07,5.09,7.25,4.73,51.6,65.4,71.7,73.0,73.0,64.8
117,2001,1.59,3.89,4.93,4.28,2.93,3.91,58.6,64.7,69.9,74.8,74.9,64.9
117,2002,6.67,8.88,3.62,1.69,2.01,5.38,56.1,60.4,73.6,77.7,76.5,70.7
117,2003,4.7,6.96,3.95,6.07,2.64,4.59,55.6,62.7,67.0,74.0,74.9,64.6
117,2004,3.66,10.51,2.79,6.66,4.12,0.31,54.0,68.2,71.1,72.8,69.8,67.3
117,2005,3.37,3.37,3.57,4.25,5.51,2.92,54.9,60.5,73.3,75.0,76.5,70.0
117,2006,5.15,4.95,4.7,4.56,5.45,8.09,57.4,61.2,70.7,75.6,75.3,63.1
117,2007,4.43,1.78,3.22,3.19,1.39,2.77,51.2,67.3,72.7,72.6,79.5,70.6
117,2008,5.24,7.32,4.07,5.56,1.22,3.35,53.6,59.8,73.7,74.3,72.1,68.4
117,2009,5.15,7.36,5.92,6.95,2.12,7.12,53.9,63.5,73.2,70.2,71.7,66.8
117,2010,3.15,6.2,6.03,4.06,1.29,0.39,59.0,65.9,76.2,77.6,76.8,68.1
117,2011,12.66,7.65,7.18,2.61,2.46,5.51,56.9,63.2,73.2,79.2,73.8,64.9
117,2012,2.92,3.0,0.65,3.13,2.37,7.51,55.0,69.4,72.3,81.7,73.4,65.8
117,2013,4.26,3.91,8.49,4.03,1.65,2.95,52.9,64.7,72.4,73.4,72.6,68.5
117,2014,8.72,5.61,4.18,4.56,4.92,3.16,55.4,64.9,73.9,70.7,73.6,65.3
117,2015,8.15,3.53,9.77,6.18,1.98,1.51,55.8,65.5,72.8,75.0,71.5,69.1
117,2016,5.21,4.47,4.67,5.75,5.3,1.91,54.8,61.7,74.6,76.5,76.5,71.2
117,2017,5.29,6.02,3.59,9.35,1.44,3.07,59.7,64.0,71.5,75.3,71.2,67.8
117,2018,4.04,3.32,8.33,2.72,2.95,7.2,48.4,71.0,74.8,74.9,75.2,71.5
117,2019,6.82,7.47,10.34,4.22,4.87,0.41,55.0,66.3,70.6,75.9,73.5,72.5
117,2020,3.9,5.69,3.61,6.85,4.34,1.42,50.8,60.9,72.1,76.9,72.2,65.7
117,2021,4.45,2.52,5.89,6.79,5.46,5.91,53.0,61.1,72.6,74.7,75.4,68.7
117,2022,4.37,6.69,2.26,9.8,3.24,3.17,51.7,66.3,72.0,76.0,73.8,67.0
117,2023,3.8,3.35,2.8,5.56,4.6,0.74,53.9,62.7,68.0,74.7,72.0,68.0
117,2024,6.31,6.2,1.75,5.57,2.73,5.05,57.0,67.3,72.8,74.2,74.1,69.4
117,2025,9.23,5.75,4.78,8.49,3.47,2.66,55.1,61.5,73.4,78.2,72.1,68.0
117,2026,5.35,7.62,8.98,3.01,5.85,,61.8,62.0,71.6,77.6,75.0,
119,1895,2.95,1.33,3.33,4.77,2.04,3.04,54.0,62.8,74.2,72.3,74.2,69.0
119,1896,1.05,4.62,4.72,7.28,5.54,4.51,59.3,69.1,71.2,75.1,73.3,63.6
119,1897,4.84,2.49,5.54,3.05,0.72,0.61,50.4,57.5,69.9,76.6,71.6,69.6
119,1898,2.11,3.41,3.74,2.57,3.74,6.27,50.3,62.9,72.8,75.6,72.8,68.6
119,1899,1.81,3.75,2.66,2.44,1.8,1.13,52.5,63.7,74.0,75.6,76.0,66.5
119,1900,1.02,5.0,7.77,5.2,2.22,2.37,51.9,64.6,71.3,75.7,78.9,70.8
119,1901,3.14,1.73,5.77,0.57,2.76,0.94,47.5,59.9,72.7,81.1,74.6,67.1
119,1902,2.26,3.79,6.18,3.96,3.81,4.61,50.5,67.3,70.6,76.4,71.7,63.8
119,1903,4.3,3.09,3.09,3.62,5.21,1.8,51.6,65.5,66.2,76.3,72.0,66.1
119,1904,2.98,3.07,3.72,2.54,1.86,3.91,46.7,61.6,69.4,72.9,71.6,67.0
119,1905,3.98,5.78,3.66,4.52,6.41,2.57,51.6,63.4,71.6,73.4,72.9,66.0
119,1906,2.24,2.55,3.3,2.67,4.95,3.97,53.7,63.1,70.3,73.4,75.3,70.4
119,1907,3.0,3.86,3.27,3.84,3.24,2.02,41.7,55.7,66.8,73.9,70.6,64.1
119,1908,5.86,7.34,1.94,1.83,1.66,0.85,51.5,63.3,69.9,74.7,73.5,69.7
119,1909,4.97,5.44,6.13,5.94,2.41,2.54,49.6,58.9,71.8,71.9,74.3,63.3
119,1910,3.38,3.24,2.59,8.11,1.83,3.87,51.9,56.8,68.3,73.9,70.7,67.2
119,1911,6.66,2.61,2.68,1.4,2.99,8.4,48.7,67.3,73.0,74.3,73.4,69.7
119,1912,6.18,5.46,3.32,6.52,6.5,3.71,53.2,63.4,67.8,74.3,70.7,67.3
119,1913,4.39,0.77,1.68,2.87,2.64,2.93,50.7,63.6,74.2,78.7,77.2,66.4
119,1914,3.85,0.91,0.61,2.96,5.0,2.94,51.6,64.6,76.5,78.5,74.7,65.9
119,1915,1.13,6.58,3.1,6.45,9.05,4.0,56.4,59.4,68.9,72.7,66.8,67.4
119,1916,2.01,3.68,7.0,2.88,2.39,2.5,49.8,64.1,67.3,80.5,75.3,64.8
119,1917,5.1,6.39,7.75,4.14,2.0,1.73,49.5,56.1,68.4,74.1,72.4,65.4
119,1918,6.26,5.9,3.88,4.43,2.9,4.96,48.2,67.1,71.3,72.4,77.8,58.4
119,1919,2.47,5.5,5.05,1.41,2.93,1.39,52.5,59.3,74.9,78.1,72.5,69.2
119,1920,5.31,4.75,1.91,2.53,4.22,2.28,47.3,61.0,69.8,72.8,71.1,68.8
119,1921,3.92,2.64,3.14,1.88,6.58,7.65,54.8,63.8,75.8,79.4,72.6,71.0
119,1922,8.36,3.71,2.05,3.14,1.93,1.77,54.2,65.2,73.0,73.1,72.5,70.2
119,1923,2.42,5.8,3.71,2.4,5.25,3.4,48.5,60.1,70.9,74.5,72.1,66.4
119,1924,3.96,4.98,5.31,1.63,4.25,2.46,52.2,54.4,69.8,70.8,72.1,62.2
119,1925,2.7,1.46,6.63,4.21,3.31,4.6,56.6,57.5,73.8,74.9,74.2,74.4
119,1926,4.55,1.81,2.94,2.41,8.35,7.59,45.1,63.6,67.4,76.9,75.0,68.6
119,1927,5.0,8.0,2.74,2.25,3.59,4.62,52.1,60.5,66.2,73.8,66.7,70.2
119,1928,3.48,3.13,7.23,2.73,4.14,1.48,46.3,60.4,65.6,74.2,73.7,61.3
119,1929,4.53,8.22,4.41,4.7,2.02,3.29,54.1,58.5,68.2,74.6,71.1,65.8
119,1930,3.28,1.58,2.79,1.2,1.5,3.05,54.2,63.2,70.5,77.5,74.6,68.5
119,1931,2.83,2.79,3.69,5.0,3.56,7.2,52.3,58.8,73.4,77.4,72.5,71.2
119,1932,2.65,2.09,5.36,3.61,4.3,7.14,51.2,61.6,72.1,76.3,72.7,65.2
119,1933,4.56,9.51,0.76,1.76,2.97,4.47,51.2,64.7,76.4,76.7,72.0,72.2
119,1934,1.45,1.45,4.94,3.19,6.33,5.64,51.4,65.2,76.8,79.3,73.1,65.2
119,1935,1.91,7.59,5.27,3.1,2.41,2.82,48.8,57.9,67.2,77.2,74.7,65.7
119,1936,3.43,1.26,0.89,2.48,1.44,4.67,47.6,65.6,72.2,81.8,79.4,70.5
119,1937,4.93,3.94,3.77,3.61,4.48,3.39,50.7,62.6,71.1,74.2,75.8,63.8
119,1938,1.97,5.18,5.95,4.04,3.29,1.67,53.8,61.6,69.4,75.2,74.8,68.3
119,1939,6.37,1.39,7.17,3.54,1.8,1.06,48.0,64.4,72.5,74.2,72.5,71.8
119,1940,7.12,4.19,3.6,1.96,2.19,1.45,48.7,57.7,70.9,74.1,74.5,63.8
119,1941,3.04,2.08,6.27,1.54,2.19,4.44,56.4,64.8,71.6,75.3,73.7,68.9
119,1942,3.53,4.41,6.96,3.43,3.42,2.27,55.3,62.7,71.6,75.5,72.2,65.2
119,1943,2.92,8.55,4.51,3.47,1.34,3.58,49.8,62.3,75.3,75.8,75.4,62.6
119,1944,7.18,3.44,1.86,1.46,4.11,1.75,50.2,67.5,74.8,75.6,73.9,66.3
119,1945,4.8,4.24,9.57,2.88,5.2,6.6,53.5,58.1,68.3,72.4,71.9,68.0
119,1946,1.61,6.21,2.67,2.14,3.18,1.3,54.2,59.1,71.3,74.5,68.3,65.3
119,1947,6.58,5.36,6.03,2.64,4.46,3.97,51.6,58.6,68.4,70.0,78.8,67.0
119,1948,3.22,2.66,3.98,7.72,1.63,3.18,55.2,60.1,71.0,73.7,72.1,66.5
119,1949,1.62,3.15,4.73,3.48,5.66,2.66,51.1,63.8,72.9,77.8,73.0,60.8
119,1950,3.87,3.19,4.95,2.83,3.2,5.97,46.1,63.6,69.2,72.0,70.0,64.1
119,1951,3.39,2.87,5.83,4.71,1.9,2.52,48.6,64.0,70.3,74.4,72.6,63.8
119,1952,4.71,4.05,6.28,2.61,2.72,3.21,52.4,61.6,77.2,77.5,73.0,65.7
119,1953,2.98,3.46,2.59,5.55,1.57,0.96,48.4,65.4,77.1,75.9,74.0,67.3
119,1954,2.9,2.58,2.85,1.68,4.74,1.84,57.3,58.2,75.4,78.3,74.8,70.1
119,1955,4.55,4.73,3.73,4.74,1.7,5.18,58.3,64.0,66.8,80.0,76.6,70.0
119,1956,3.74,5.79,4.78,3.34,2.52,2.07,49.6,62.9,72.2,73.9,73.2,64.7
119,1957,6.46,7.34,7.51,4.0,2.4,1.98,54.1,62.6,71.6,74.8,72.9,64.5
119,1958,3.04,4.34,8.04,7.7,3.15,4.71,52.1,61.0,67.5,73.2,72.0,65.9
119,1959,3.16,5.08,3.17,2.56,3.69,3.11,53.4,66.4,71.6,74.3,76.1,68.2
119,1960,2.29,4.53,7.24,3.36,2.17,0.86,55.9,58.6,70.0,73.0,74.7,70.9
119,1961,4.37,7.67,3.3,4.16,4.41,2.72,46.7,57.4,69.0,74.3,72.2,69.9
119,1962,1.63,4.66,3.07,7.74,4.3,3.28,49.8,69.4,71.9,73.6,72.2,62.8
119,1963,2.46,2.54,3.1,4.63,3.11,0.39,54.5,60.7,72.0,73.6,70.5,65.8
119,1964,6.68,1.44,3.62,4.99,1.2,1.2,55.5,66.2,73.3,75.4,72.4,66.7
119,1965,3.95,3.17,4.26,4.43,3.95,5.73,53.6,68.5,71.0,72.9,71.2,67.1
119,1966,4.18,2.86,1.95,3.85,2.59,5.09,49.1,58.1,70.3,77.5,71.2,63.8
119,1967,3.86,6.17,2.31,2.61,3.12,1.39,54.2,58.3,71.6,72.0,68.8,63.0
119,1968,3.83,9.64,3.23,4.32,2.83,2.9,53.3,59.0,72.2,75.3,74.2,65.6
119,1969,4.81,2.87,4.47,6.32,1.58,2.57,52.8,62.6,70.1,76.0,72.1,64.9
119,1970,5.22,3.51,3.75,3.27,3.07,3.35,53.9,64.4,69.6,72.8,72.3,69.9
119,1971,0.99,4.51,6.03,5.3,1.35,4.0,50.7,57.9,74.2,71.4,70.3,68.9
119,1972,6.61,2.25,3.71,2.34,3.85,6.66,51.3,64.0,66.8,73.5,72.4,67.9
119,1973,4.82,3.08,7.63,7.05,3.18,1.51,50.9,58.5,72.2,75.2,73.4,68.9
119,1974,3.26,9.95,4.79,0.97,5.59,5.81,53.7,61.3,67.0,75.2,72.2,60.7
119,1975,3.45,3.48,3.23,2.12,5.2,2.75,49.1,65.8,71.5,73.7,75.7,61.8
119,1976,1.1,2.81,4.43,2.52,2.65,3.52,53.8,58.3,70.5,73.1,70.2,62.4
119,1977,2.92,2.38,3.81,4.92,6.23,2.8,56.6,68.4,69.3,76.9,72.5,68.7
119,1978,3.18,5.22,2.18,7.36,5.86,0.59,52.8,59.6,71.5,74.7,72.2,69.1
119,1979,3.88,3.9,4.18,13.02,6.97,0.57,50.1,60.0,70.7,72.4,72.2,64.7
119,1980,3.05,2.83,6.48,4.64,3.98,3.87,48.9,62.7,69.1,77.5,76.6,67.5
119,1981,5.57,10.35,2.29,3.33,4.77,3.18,57.0,58.2,72.5,75.1,71.9,63.8
119,1982,2.51,4.66,5.71,4.59,4.94,2.79,46.8,66.9,66.2,75.1,69.7,63.9
119,1983,4.1,7.43,3.01,2.17,2.57,1.34,47.4,58.5,71.0,78.3,77.9,66.7
119,1984,5.9,3.82,2.6,4.26,1.24,3.97,50.3,58.9,74.3,71.9,73.6,64.0
119,1985,2.4,5.97,3.86,3.48,6.39,1.77,57.0,63.3,68.8,73.5,71.1,65.8
119,1986,3.03,5.38,3.84,6.07,2.75,4.72,54.4,63.6,72.2,77.1,69.0,68.5
119,1987,2.98,2.82,4.14,8.4,1.08,1.55,51.7,67.4,72.7,75.4,73.7,67.2
119,1988,3.41,1.45,0.47,3.79,1.54,2.05,51.6,63.2,72.2,76.5,76.4,65.5
119,1989,5.29,4.8,2.75,6.81,6.57,5.99,51.2,58.0,70.6,74.8,72.0,63.7
119,1990,2.61,8.38,4.13,6.01,3.68,2.62,50.4,59.4,70.3,73.2,71.0,66.5
119,1991,3.09,3.82,1.87,3.75,3.4,1.99,55.3,68.2,73.6,75.2,73.3,65.1
119,1992,5.22,2.66,2.44,10.67,1.91,3.24,51.5,59.6,66.7,73.4,68.2,64.1
119,1993,4.88,3.94,5.29,3.27,7.2,7.76,49.6,62.4,69.6,77.2,74.2,62.3
119,1994,5.85,3.01,2.72,3.41,3.61,3.6,53.0,58.2,73.5,73.7,70.0,63.8
119,1995,5.13,8.01,3.28,2.28,6.61,0.73,51.8,60.9,71.3,75.3,77.8,63.3
119,1996,7.98,8.59,4.62,2.76,2.51,6.09,48.4,62.0,70.3,71.5,73.4,63.7
119,1997,2.89,4.67,5.5,2.08,3.75,1.75,47.9,56.7,68.8,74.2,70.1,65.0
119,1998,6.75,6.34,11.05,3.95,2.74,0.65,52.9,66.7,71.4,74.0,74.1,69.7
119,1999,4.5,3.78,4.61,3.42,1.41,0.86,54.2,63.7,72.1,77.5,71.8,65.7
119,2000,4.06,4.09,5.7,4.25,5.27,6.85,50.8,64.8,71.2,72.1,71.8,64.9
119,2001,2.12,4.15,4.25,6.21,3.38,3.78,57.9,64.3,69.1,74.0,74.4,64.1
119,2002,6.14,8.74,4.14,3.93,1.59,5.17,54.1,59.0,72.9,76.9,75.6,69.4
119,2003,3.05,5.83,2.97,7.77,2.43,7.82,53.8,61.3,66.5,73.6,73.9,63.4
119,2004,1.43,7.22,3.18,7.17,4.23,0.43,53.5,67.2,69.9,72.1,69.0,66.9
119,2005,3.41,3.97,3.99,4.3,6.47,4.63,54.5,59.2,72.4,75.0,75.3,70.1
119,2006,4.45,5.15,5.33,3.81,3.09,6.05,56.4,60.8,70.1,75.1,74.6,62.9
119,2007,3.96,1.92,5.47,3.71,1.74,3.75,49.9,66.4,71.6,71.6,78.1,69.5
119,2008,3.06,6.55,13.5,6.66,0.89,2.72,52.6,57.5,72.4,73.9,71.7,67.6
119,2009,7.36,8.08,6.21,5.65,2.95,2.84,52.5,62.2,72.0,69.1,70.9,65.5
119,2010,3.71,5.72,8.38,4.53,0.67,1.2,57.9,64.2,74.7,76.3,76.0,67.6
119,2011,10.65,6.03,5.54,1.62,1.31,5.53,54.4,62.3,72.0,78.9,74.1,64.6
119,2012,3.27,2.48,0.39,1.4,4.1,6.69,53.7,68.1,70.3,81.7,72.5,64.3
119,2013,7.03,4.44,7.03,4.66,0.57,2.72,52.0,64.5,71.1,72.4,72.1,67.8
119,2014,6.43,3.89,6.33,4.99,3.53,3.97,54.1,63.5,73.0,69.5,73.2,64.1
119,2015,5.81,2.7,8.29,5.45,1.87,1.76,54.0,65.1,71.5,73.6,70.8,68.7
119,2016,4.94,3.65,4.69,7.17,6.52,4.34,53.5,60.4,73.9,75.1,76.8,70.8
119,2017,4.69,6.95,3.24,6.62,1.58,0.83,58.1,62.1,70.7,75.2,71.0,68.5
119,2018,4.53,2.54,6.48,3.5,4.83,6.87,46.3,71.1,74.6,75.2,74.6,70.9
119,2019,5.84,5.05,7.67,5.3,4.06,0.95,53.5,64.1,70.3,76.4,73.2,71.9
119,2020,2.35,5.73,2.12,5.9,2.69,0.17,49.8,60.1,72.3,77.0,72.6,66.0
119,2021,2.74,3.27,8.85,7.0,2.24,4.32,52.4,60.4,72.6,74.5,75.9,68.9
119,2022,4.26,5.82,1.39,4.64,4.3,2.18,50.8,65.4,72.3,76.2,73.6,67.1
119,2023,3.14,3.39,2.57,6.26,4.29,0.61,53.8,62.9,69.7,75.6,73.0,67.7
119,2024,6.98,5.47,2.57,5.31,2.29,2.41,56.8,68.2,72.8,74.2,74.8,68.8
119,2025,9.38,4.37,8.15,6.8,2.43,1.66,54.2,61.8,73.7,78.5,72.2,68.1
119,2026,3.73,7.36,6.9,2.95,6.15,,60.2,60.8,70.4,75.7,73.5,
121,1895,3.27,1.16,2.27,3.5,2.01,4.07,53.0,62.4,73.4,71.2,73.4,68.8
121,1896,1.43,4.67,5.16,7.34,3.95,5.06,58.0,69.0,70.4,74.2,72.7,62.7
121,1897,3.9,2.09,5.15,2.87,0.59,0.23,49.3,56.9,69.0,75.7,70.8,69.9
121,1898,2.37,3.52,5.34,1.96,3.21,5.24,49.0,62.0,72.3,74.5,72.5,68.2
121,1899,1.66,4.71,2.96,2.69,1.48,1.52,52.7,62.9,72.8,74.9,75.8,65.4
121,1900,0.94,5.51,6.45,4.66,2.72,2.29,52.1,64.5,70.1,74.7,77.9,69.2
121,1901,2.63,2.47,6.76,0.45,3.25,0.89,48.2,59.8,72.6,80.1,74.5,66.3
121,1902,1.43,3.46,7.2,3.26,3.61,4.81,49.6,66.3,69.2,75.2,70.2,62.7
121,1903,4.78,4.1,3.54,2.24,4.97,1.74,51.3,65.1,65.2,75.2,71.6,65.7
121,1904,3.38,2.77,2.38,2.63,2.93,3.73,45.8,61.2,68.9,72.3,70.5,66.1
121,1905,3.31,6.23,2.79,5.44,3.29,4.81,50.8,62.7,71.0,72.7,73.0,66.3
121,1906,2.13,3.86,2.44,2.56,3.37,5.57,53.2,63.0,69.6,72.4,75.0,70.0
121,1907,2.35,3.61,3.62,4.61,2.97,2.16,41.2,55.6,66.1,73.2,70.2,63.6
121,1908,5.56,6.99,1.7,2.58,0.8,1.09,50.8,62.2,68.9,73.9,73.0,69.1
121,1909,5.87,4.4,6.62,5.88,2.87,2.32,49.2,57.7,70.6,70.8,73.7,62.6
121,1910,3.05,3.75,2.19,8.49,1.98,5.52,50.4,55.6,68.1,73.8,70.8,65.7
121,1911,4.48,1.09,2.76,1.89,2.42,7.81,47.9,67.1,73.7,75.3,72.8,68.7
121,1912,4.91,3.93,2.62,5.21,4.84,2.14,53.2,63.9,67.7,74.3,70.9,67.4
121,1913,2.47,1.34,2.47,1.28,2.25,3.29,50.8,63.2,73.2,77.7,76.5,65.8
121,1914,2.64,1.91,2.06,1.56,3.94,2.36,51.8,64.9,75.6,77.8,74.6,65.3
121,1915,1.25,4.95,2.69,8.27,6.91,4.58,56.7,59.2,68.2,72.1,66.6,67.3
121,1916,1.52,4.66,6.68,1.25,1.98,1.93,48.8,63.4,66.6,80.0,75.8,64.6
121,1917,3.61,5.36,6.66,3.35,2.37,2.44,48.9,56.0,68.0,73.7,71.3,64.1
121,1918,6.94,3.46,3.63,2.11,2.71,5.48,47.6,67.5,71.2,72.6,78.2,58.2
121,1919,2.61,3.93,2.41,1.21,1.59,2.26,51.6,58.9,74.9,78.5,72.6,69.1
121,1920,5.59,3.72,2.24,2.72,2.01,2.17,45.6,60.5,70.7,73.2,71.3,68.5
121,1921,3.23,1.98,4.36,2.86,6.14,6.1,54.7,64.5,76.2,80.1,72.2,70.5
121,1922,8.64,2.61,1.47,3.63,2.38,1.18,52.7,65.9,73.2,74.0,73.1,69.7
121,1923,2.48,6.4,2.41,3.06,4.26,3.16,48.8,60.0,72.0,75.1,72.3,65.4
121,1924,3.14,5.18,6.44,0.97,6.87,3.12,51.9,54.6,68.7,71.5,72.2,61.0
121,1925,2.17,0.96,5.09,4.18,2.52,5.5,56.5,58.1,74.1,74.7,72.8,72.4
121,1926,3.75,3.61,1.98,3.86,6.94,10.35,44.2,63.6,66.9,76.4,74.9,67.0
121,1927,5.76,6.33,3.53,2.58,5.52,6.62,51.3,60.2,66.0,73.7,66.8,69.8
121,1928,2.39,3.18,7.28,4.52,3.59,3.14,46.2,60.8,65.3,74.5,73.8,61.3
121,1929,4.92,8.98,4.53,4.37,2.38,2.36,54.1,58.5,68.1,74.7,70.8,65.1
121,1930,3.25,1.54,2.34,2.42,1.52,3.4,54.0,63.0,70.7,76.7,74.6,67.5
121,1931,2.3,3.05,4.93,2.29,3.01,5.65,51.9,58.6,73.7,78.3,73.5,71.2
121,1932,1.84,1.34,5.1,2.55,3.85,5.04,51.2,62.6,72.7,76.6,73.6,65.0
121,1933,3.45,9.46,0.33,1.13,2.21,3.82,50.9,64.5,77.3,78.1,72.6,71.5
121,1934,2.29,0.84,3.43,2.32,4.64,7.29,51.0,66.1,77.7,80.5,73.1,64.4
121,1935,1.93,8.78,4.48,2.57,2.35,2.9,48.1,56.8,67.4,77.4,74.7,65.5
121,1936,3.02,2.04,0.84,1.48,2.51,5.78,46.8,65.3,71.9,82.0,79.1,69.5
121,1937,5.48,2.88,5.13,4.55,2.29,2.71,49.6,62.3,70.2,73.7,75.6,63.9
121,1938,3.5,5.78,4.62,5.73,5.24,1.25,53.2,61.4,69.5,75.5,75.2,67.9
121,1939,5.8,1.83,7.02,4.04,3.1,0.83,47.6,64.8,72.7,74.6,72.2,71.0
121,1940,4.4,5.92,3.01,1.0,2.79,1.58,48.2,58.6,72.1,75.4,74.8,64.2
121,1941,3.02,3.42,6.14,1.82,3.15,3.39,56.5,65.4,71.9,75.7,74.0,69.3
121,1942,2.38,4.65,7.37,4.31,2.41,1.98,55.6,62.8,71.7,76.0,72.3,64.2
121,1943,2.44,12.07,2.6,2.0,3.01,3.21,49.1,61.4,75.2,76.0,74.7,61.6
121,1944,6.3,4.73,3.17,1.76,4.15,2.13,49.4,67.8,75.1,75.4,73.5,66.2
121,1945,3.86,5.35,8.13,2.12,3.56,5.6,52.8,57.5,68.4,72.9,72.7,67.2
121,1946,1.66,8.2,4.55,1.82,2.45,1.34,53.6,59.2,71.3,74.9,68.7,65.4
121,1947,6.14,4.86,5.65,2.03,5.01,4.64,50.6,58.7,68.6,71.0,79.1,66.2
121,1948,3.37,3.86,5.08,4.75,2.13,3.4,55.3,60.3,71.6,75.0,73.4,67.3
121,1949,1.71,3.14,4.45,4.17,2.71,1.86,50.4,63.8,74.0,79.0,73.5,60.7
121,1950,4.16,1.59,5.94,4.1,3.58,6.26,45.4,63.8,69.4,72.2,70.2,64.4
121,1951,3.4,3.6,4.7,5.64,2.4,2.29,47.9,63.9,69.5,74.1,71.6,62.5
121,1952,3.92,3.28,7.79,2.71,3.35,2.62,51.7,61.3,76.6,77.1,71.9,65.5
121,1953,2.66,3.24,4.2,5.09,0.92,0.99,47.5,64.5,76.5,75.7,74.2,67.5
121,1954,3.41,3.98,2.3,3.63,3.82,1.2,56.3,58.1,75.7,77.9,73.5,69.7
121,1955,3.85,4.7,3.35,3.34,0.91,4.8,57.4,63.6,66.9,79.5,76.1,69.0
121,1956,3.83,4.87,2.79,3.76,2.57,1.13,48.8,63.0,72.4,73.6,73.0,64.4
121,1957,6.47,6.01,11.77,4.08,3.83,1.88,52.4,62.6,72.0,75.5,73.3,64.4
121,1958,2.22,3.94,7.78,8.33,3.42,4.07,52.1,61.5,67.0,72.9,72.5,65.8
121,1959,4.11,2.95,2.47,2.81,3.03,2.97,52.4,66.6,72.2,75.0,76.8,68.1
121,1960,1.96,4.36,7.71,2.32,2.26,1.52,55.5,59.0,69.4,72.6,74.7,70.6
121,1961,4.92,5.88,4.0,2.99,3.26,4.03,46.1,57.0,68.8,74.0,71.7,70.0
121,1962,2.22,4.98,3.29,7.59,2.24,4.12,49.9,68.8,71.8,72.4,72.4,63.0
121,1963,3.69,1.72,1.4,4.8,4.66,0.21,54.4,60.2,71.8,73.0,69.4,64.9
121,1964,8.46,1.55,2.98,3.12,1.67,1.21,53.6,65.9,72.8,74.4,71.5,66.0
121,1965,4.9,2.78,3.73,4.63,3.95,4.66,53.0,67.5,70.2,72.1,70.5,66.7
121,1966,4.96,2.27,2.88,2.36,1.65,4.86,48.6,57.1,70.5,77.5,71.1,63.4
121,1967,3.08,5.08,1.22,2.75,2.67,1.96,53.7,57.3,71.6,71.6,68.4,62.7
121,1968,2.93,8.55,3.76,3.02,2.89,2.09,52.2,58.0,71.8,74.6,73.5,65.6
121,1969,4.82,1.93,4.5,5.49,2.08,5.47,52.8,62.6,68.7,75.6,72.1,64.8
121,1970,6.35,3.01,3.07,3.09,2.1,4.7,53.4,64.8,70.1,74.0,72.7,69.4
121,1971,0.93,4.51,6.03,7.21,2.77,3.71,50.7,58.4,74.5,71.6,69.9,68.4
121,1972,6.48,3.33,4.68,1.98,4.28,5.03,50.2,63.7,67.0,73.5,72.2,67.4
121,1973,3.55,2.27,8.7,6.59,3.1,1.6,50.6,58.5,71.8,75.1,73.2,68.1
121,1974,4.96,7.21,4.44,0.65,5.99,3.77,53.5,60.3,66.7,75.7,71.9,60.7
121,1975,4.07,3.87,3.93,2.93,4.01,2.14,48.1,64.5,71.6,73.2,74.7,61.6
121,1976,1.17,2.74,4.66,3.05,2.05,2.6,53.6,58.3,70.5,73.5,69.8,62.8
121,1977,1.83,2.26,4.34,3.18,7.84,2.5,56.9,68.9,69.4,76.7,71.6,67.4
121,1978,3.9,3.84,1.56,6.33,6.06,1.46,52.3,59.2,71.5,74.3,71.6,69.0
121,1979,4.11,3.04,2.13,9.2,8.2,0.38,49.5,60.9,71.4,71.8,72.0,65.3
121,1980,2.39,2.05,4.84,3.22,4.06,3.51,48.8,63.2,68.9,78.2,76.2,67.3
121,1981,5.9,8.57,2.53,8.66,4.96,3.91,56.0,57.7,73.0,74.5,71.6,64.3
121,1982,2.59,5.95,4.66,5.65,3.52,2.71,46.4,66.9,66.3,74.9,69.9,64.5
121,1983,4.33,4.87,5.52,2.67,3.03,1.87,47.4,58.4,71.6,78.3,77.2,66.3
121,1984,5.02,4.28,2.0,3.3,2.48,5.67,49.0,58.7,74.6,71.9,73.3,63.8
121,1985,2.62,4.11,4.33,3.13,5.74,1.48,56.8,64.0,69.1,73.4,70.4,66.5
121,1986,2.59,6.2,4.83,5.18,1.5,3.89,54.7,63.3,72.4,77.0,69.1,68.6
121,1987,3.18,2.21,5.54,7.24,1.85,2.59,51.8,68.2,73.5,75.5,73.9,67.0
121,1988,3.17,1.57,0.34,3.08,1.4,2.02,51.5,63.7,73.0,76.9,77.4,66.7
121,1989,5.27,6.18,2.13,6.61,6.31,7.87,50.4,58.4,71.1,74.8,72.0,63.0
121,1990,2.87,6.2,4.9,8.0,4.09,2.13,50.5,59.4,71.1,73.5,71.1,66.9
121,1991,2.77,4.28,1.27,2.06,3.55,1.2,55.6,69.1,74.4,75.8,73.8,66.4
121,1992,5.12,1.46,1.84,10.29,2.97,5.46,50.6,60.4,67.6,73.2,68.3,64.5
121,1993,4.91,4.14,4.11,5.18,7.82,6.94,49.4,63.0,70.4,76.6,74.0,61.1
121,1994,5.81,3.56,2.66,3.12,2.57,3.15,53.2,59.1,73.8,73.6,69.7,64.5
121,1995,3.43,6.36,2.77,1.98,4.03,0.87,50.8,60.5,72.0,75.6,78.0,63.5
121,1996,7.28,8.62,6.03,2.86,1.79,2.74,48.4,61.5,71.0,72.0,73.1,63.6
121,1997,2.19,4.53,4.28,1.64,4.7,1.66,47.6,57.1,69.6,74.4,70.2,66.0
121,1998,4.64,5.17,10.17,3.71,3.33,1.04,53.0,66.7,71.6,73.9,74.2,70.2
121,1999,4.52,3.58,4.55,3.3,1.31,1.6,53.7,63.9,72.1,77.9,71.3,66.3
121,2000,2.67,3.53,6.83,3.5,5.18,5.55,50.8,64.9,70.6,72.2,72.7,64.7
121,2001,2.79,3.74,5.08,6.92,3.23,2.64,57.8,64.5,69.3,74.2,73.8,64.0
121,2002,6.97,8.31,4.03,3.27,2.67,2.82,53.5,59.0,73.2,77.2,74.7,69.1
121,2003,2.58,6.1,2.75,9.34,2.54,8.36,53.9,61.3,67.4,73.6,73.9,63.0
121,2004,1.24,6.91,4.33,3.8,3.73,0.53,54.4,67.1,70.0,72.2,68.6,67.5
121,2005,3.25,2.71,3.87,4.54,5.3,4.66,54.5,59.9,73.3,75.3,74.8,69.1
121,2006,4.41,4.59,4.98,3.89,4.24,3.38,56.3,60.5,70.4,75.7,73.5,63.1
121,2007,3.74,1.62,3.64,4.06,2.98,2.85,49.8,67.1,72.3,71.6,77.6,68.9
121,2008,3.65,5.98,11.69,5.75,1.81,4.46,51.7,58.1,72.6,73.5,70.8,67.0
121,2009,6.92,6.29,5.77,4.14,3.32,0.82,51.5,62.2,72.3,69.2,70.8,65.6
121,2010,2.53,4.67,9.25,4.76,0.62,1.33,58.1,64.2,75.0,76.7,76.4,67.9
121,2011,10.1,5.18,4.89,1.87,1.74,3.25,54.0,62.8,72.7,79.3,73.7,64.3
121,2012,2.85,2.6,0.53,0.62,4.18,4.98,53.5,68.2,71.5,81.0,72.6,64.2
121,2013,8.92,4.14,5.42,3.91,0.99,2.21,51.2,64.7,71.1,72.3,71.9,67.8
121,2014,5.59,3.25,6.75,3.44,4.07,2.89,53.2,63.6,73.1,68.9,72.6,64.0
121,2015,4.85,3.92,9.39,5.56,1.56,2.61,53.5,65.6,71.7,73.4,71.2,69.1
121,2016,4.77,3.23,4.54,6.64,5.03,2.97,52.7,61.4,73.8,74.8,75.8,70.4
121,2017,6.45,5.75,4.32,4.78,1.44,1.0,57.0,61.7,71.6,74.7,70.1,68.4
121,2018,5.4,2.75,7.9,4.52,4.83,8.42,45.0,71.1,74.4,74.1,74.3,70.6
121,2019,5.06,5.09,5.76,2.08,4.24,2.04,52.0,62.2,69.9,75.4,71.8,70.9
121,2020,2.78,5.01,5.34,5.86,2.02,0.79,48.2,59.9,72.2,76.0,72.2,65.3
121,2021,1.92,3.98,5.5,5.28,2.62,3.08,52.0,59.8,73.6,74.0,75.4,69.1
121,2022,3.05,4.84,1.56,2.56,6.87,1.74,49.1,64.7,72.5,75.8,73.0,65.9
121,2023,2.11,1.93,2.4,4.73,4.14,1.25,52.4,62.4,69.4,74.3,72.6,66.7
121,2024,7.14,3.65,2.33,4.74,2.09,2.7,54.4,66.9,73.0,72.8,73.3,68.4
121,2025,6.42,2.83,5.67,5.53,1.24,1.98,52.9,61.3,73.7,78.6,71.8,67.5
121,2026,5.28,5.47,6.81,3.43,8.39,,58.2,60.4,71.2,75.7,73.4,
123,1895,3.24,1.87,3.2,6.51,2.06,1.98,57.1,64.5,75.9,74.4,76.0,71.9
123,1896,0.66,6.63,4.29,6.0,1.92,4.95,62.5,70.3,72.3,76.6,75.8,66.6
123,1897,5.54,3.25,3.24,2.77,1.2,0.32,53.8,59.0,71.8,77.5,75.1,71.2
123,1898,3.11,5.28,3.32,2.3,5.09,4.28,51.2,66.5,75.3,77.4,76.2,71.9
123,1899,3.42,4.83,4.28,3.19,3.34,1.27,56.1,67.6,75.5,76.6,77.5,67.8
123,1900,2.14,3.89,7.42,4.22,2.55,1.99,54.9,66.0,73.1,77.4,80.9,72.9
123,1901,2.96,1.72,4.51,1.83,2.67,2.91,50.0,62.9,75.2,81.8,75.9,68.0
123,1902,2.26,4.49,5.11,1.23,2.99,5.15,52.9,69.8,72.9,77.5,74.8,66.2
123,1903,3.93,2.33,3.83,2.62,4.28,1.06,54.1,67.8,68.4,77.0,74.8,68.2
123,1904,3.03,2.05,3.98,3.45,1.95,3.6,49.6,64.4,72.3,74.6,74.6,70.1
123,1905,2.84,5.93,3.51,6.14,3.48,3.27,55.2,67.1,74.4,75.2,75.8,69.7
123,1906,1.64,1.91,4.68,3.47,4.53,6.12,57.6,65.6,73.5,75.2,77.4,72.3
123,1907,2.77,5.99,5.21,4.46,6.33,2.84,46.6,60.2,70.4,77.9,74.4,68.1
123,1908,7.11,4.36,2.67,2.99,2.06,0.78,56.0,65.9,73.0,76.8,76.2,71.7
123,1909,5.99,3.66,4.28,6.97,1.28,1.75,53.9,62.7,74.4,74.4,76.9,67.0
123,1910,5.65,3.93,4.2,10.9,2.44,4.12,54.5,60.5,70.1,76.0,73.1,70.4
123,1911,6.78,4.01,3.88,1.22,3.29,5.98,52.8,68.4,74.9,76.0,76.1,73.2
123,1912,6.91,4.43,2.93,5.6,5.5,3.29,57.2,66.0,69.6,76.9,73.8,69.9
123,1913,2.76,1.36,2.43,1.51,4.21,3.92,53.8,65.3,75.3,80.2,78.9,69.1
123,1914,2.92,1.07,1.96,2.35,5.52,3.11,54.6,65.5,78.4,79.3,76.2,67.0
123,1915,0.81,7.65,5.11,4.68,8.13,3.19,58.8,64.1,71.1,75.0,70.3,70.1
123,1916,3.26,3.27,6.93,3.51,3.52,2.53,52.5,66.4,69.6,79.4,77.2,67.1
123,1917,5.79,4.08,4.41,2.97,2.48,1.9,54.0,58.5,70.6,75.2,73.8,67.2
123,1918,3.59,5.74,3.95,3.08,3.21,2.7,52.2,69.3,73.2,73.5,79.9,61.0
123,1919,3.17,4.97,6.62,1.84,3.46,1.55,55.5,62.3,76.2,78.8,74.0,70.7
123,1920,5.35,4.0,2.1,4.36,4.72,3.48,51.6,63.5,71.6,74.4,72.9,69.7
123,1921,3.99,1.96,3.0,1.91,4.89,5.33,57.3,65.1,77.3,81.4,75.2,74.0
123,1922,3.41,3.88,3.14,4.16,0.97,1.39,58.0,67.2,74.5,74.9,74.6,71.8
123,1923,4.13,4.85,3.27,2.52,5.75,2.94,53.0,62.6,72.6,76.1,75.0,68.2
123,1924,4.92,4.85,3.93,1.8,3.19,3.53,56.5,58.7,73.6,73.1,75.6,64.9
123,1925,2.69,1.48,5.01,2.4,1.09,4.39,60.5,60.0,76.2,76.0,75.9,76.2
123,1926,3.97,1.59,2.86,3.03,6.11,4.95,49.7,65.6,70.0,77.6,76.6,71.4
123,1927,5.74,10.56,3.87,3.34,1.77,3.54,57.5,64.2,69.3,75.0,69.9,71.9
123,1928,4.09,4.08,11.52,2.96,3.37,0.58,51.0,62.3,68.6,75.9,76.3,64.1
123,1929,4.38,7.92,2.84,2.2,2.16,4.68,58.1,62.6,70.7,76.8,73.7,68.0
123,1930,0.68,1.93,2.65,0.51,1.29,4.31,57.8,65.6,72.4,80.1,76.8,70.6
123,1931,4.24,2.37,1.9,3.21,4.2,3.4,54.6,61.3,74.8,79.4,74.6,73.9
123,1932,4.82,0.91,3.8,3.01,4.74,4.47,55.1,64.5,73.9,78.0,75.3,67.9
123,1933,6.08,6.01,0.63,5.36,2.64,4.01,54.2,67.4,76.8,77.3,74.1,73.9
123,1934,1.68,1.99,4.71,3.66,3.03,4.31,55.4,66.8,77.4,80.5,76.3,67.5
123,1935,3.79,8.05,6.34,4.84,3.87,1.31,53.5,61.6,69.1,78.4,76.3,67.3
123,1936,4.26,0.91,0.57,3.48,1.7,4.01,51.3,67.9,75.6,82.2,82.0,73.9
123,1937,3.41,4.84,4.57,1.66,3.33,2.0,54.2,64.7,73.9,75.7,78.2,66.5
123,1938,1.75,6.87,4.97,5.23,3.98,4.59,58.2,65.0,71.7,76.8,77.7,70.1
123,1939,6.19,1.08,8.53,3.42,2.66,0.6,52.3,66.3,74.9,77.1,75.0,73.8
123,1940,6.63,2.92,2.62,2.85,3.27,2.26,53.4,62.8,74.4,76.8,77.0,66.8
123,1941,2.33,1.28,3.69,4.1,2.27,2.66,59.8,68.0,75.4,78.1,77.0,72.4
123,1942,4.08,3.23,7.12,2.04,4.68,2.86,57.6,65.3,74.5,78.1,75.4,67.8
123,1943,4.12,5.3,3.32,5.06,0.33,2.38,53.8,66.8,77.7,78.7,78.8,65.9
123,1944,5.73,4.53,1.36,2.14,4.46,4.74,55.4,70.2,78.1,77.7,76.8,68.6
123,1945,4.75,4.22,6.27,3.69,2.69,5.26,57.4,61.1,71.2,75.0,74.9,71.6
123,1946,2.45,5.91,3.0,5.53,5.11,1.38,58.6,62.6,73.8,76.2,70.6,68.1
123,1947,6.5,5.59,5.52,4.35,1.64,2.49,56.6,62.0,72.3,72.3,80.9,69.6
123,1948,6.5,2.32,2.02,6.53,1.28,2.18,58.9,64.0,75.1,77.3,75.0,69.5
123,1949,2.95,2.97,6.52,2.33,3.15,2.71,53.5,65.9,74.9,80.2,75.4,63.2
123,1950,4.87,7.7,4.68,3.67,7.38,8.72,50.3,66.1,72.2,73.0,72.0,65.8
123,1951,3.75,1.73,6.54,2.96,3.46,4.33,51.8,65.3,73.2,76.8,75.7,66.6
123,1952,2.33,2.91,5.48,1.07,2.55,2.45,54.3,64.8,79.2,79.8,75.5,66.5
123,1953,4.67,4.62,0.87,3.53,0.94,0.46,51.5,67.2,77.9,78.2,76.6,69.5
123,1954,3.82,3.13,2.66,1.83,3.73,3.71,60.5,60.0,76.0,79.4,77.9,71.3
123,1955,4.4,4.83,3.93,3.54,1.59,4.02,59.5,66.3,68.0,80.5,78.2,71.4
123,1956,3.46,3.65,3.19,4.75,2.93,1.9,52.7,65.3,73.2,76.2,75.1,66.0
123,1957,5.93,7.76,6.7,2.08,0.6,1.9,58.0,65.0,74.4,76.2,74.8,68.8
123,1958,3.81,2.99,5.84,10.19,4.0,3.69,54.7,63.9,70.7,76.0,74.4,68.1
123,1959,1.37,7.34,2.51,5.96,4.38,2.87,55.9,67.8,73.0,76.0,78.0,70.6
123,1960,2.22,4.56,6.06,1.49,2.0,1.63,58.1,61.3,72.0,74.6,76.6,71.7
123,1961,4.9,9.68,3.68,5.3,4.24,1.18,49.7,59.9,70.5,75.8,73.9,71.4
123,1962,0.96,4.81,4.89,3.8,3.18,5.13,51.9,72.2,72.9,75.5,75.1,64.8
123,1963,1.17,4.05,3.24,6.57,3.05,0.9,58.2,62.6,73.1,74.6,73.6,66.8
123,1964,5.58,3.53,2.51,3.22,1.94,3.26,58.3,66.9,74.6,76.2,75.7,68.0
123,1965,3.52,1.44,5.11,4.06,1.5,6.6,57.6,69.3,73.0,75.4,74.6,69.2
123,1966,7.8,4.08,1.56,3.29,4.47,2.91,52.4,61.3,71.9,79.8,73.1,65.7
123,1967,3.75,6.78,3.88,3.94,4.55,1.8,59.1,61.9,72.2,73.4,70.2,64.8
123,1968,4.71,6.58,2.23,3.5,2.66,4.83,56.5,62.8,73.8,76.5,76.1,67.6
123,1969,4.58,4.93,5.25,5.01,4.77,2.21,57.0,65.3,73.4,78.2,73.9,67.0
123,1970,10.55,2.43,6.27,3.33,3.33,2.81,57.2,67.2,72.1,74.8,74.9,73.5
123,1971,2.72,4.35,3.78,5.86,3.45,5.51,54.2,60.3,75.8,74.2,73.2,70.5
123,1972,9.07,3.22,1.37,4.87,2.78,2.98,55.4,65.9,70.6,75.8,74.8,71.8
123,1973,6.52,4.78,4.63,4.64,2.37,1.61,54.0,60.5,74.4,77.2,75.3,71.4
123,1974,3.65,6.34,2.93,2.05,8.96,4.78,56.2,65.0,68.8,76.0,74.1,62.8
123,1975,6.7,3.64,3.95,3.63,4.16,3.52,52.4,67.4,73.6,75.6,76.9,64.1
123,1976,1.24,5.24,5.87,3.36,2.64,3.56,55.7,60.1,71.4,74.9,71.9,65.2
123,1977,5.44,1.99,5.62,4.09,9.14,3.24,59.2,69.2,72.6,78.9,75.5,71.7
123,1978,3.66,4.07,2.31,6.35,6.38,1.33,56.4,62.7,73.9,77.4,75.2,71.1
123,1979,7.96,4.15,6.92,11.94,5.43,5.79,53.7,62.1,72.3,74.4,74.3,67.2
123,1980,3.7,4.45,5.08,6.06,2.98,3.3,52.0,64.2,71.6,79.5,78.5,70.0
123,1981,4.45,6.68,2.28,6.65,6.01,3.53,60.2,60.4,74.7,77.4,73.9,66.0
123,1982,3.28,3.31,5.1,4.0,6.02,6.15,50.5,68.5,69.3,77.5,72.8,66.2
123,1983,9.51,11.69,2.75,1.78,1.8,1.07,50.1,61.4,72.6,79.6,80.6,70.0
123,1984,5.54,5.85,1.23,4.13,2.93,5.65,53.9,61.4,76.0,74.3,75.1,66.5
123,1985,2.57,4.08,5.47,2.38,4.65,1.49,59.0,65.4,71.8,76.6,74.1,67.8
123,1986,1.67,4.08,3.12,6.06,4.09,5.35,57.3,66.5,75.0,78.9,72.1,71.4
123,1987,2.83,2.5,4.35,4.66,1.2,1.45,53.2,69.9,74.9,77.6,77.8,70.0
123,1988,2.74,2.25,0.93,8.29,4.81,2.44,55.0,64.8,73.7,77.6,77.6,67.9
123,1989,3.64,4.03,3.46,5.48,3.39,4.45,55.5,60.6,72.0,75.8,74.3,67.0
123,1990,3.65,10.88,3.76,3.86,4.23,2.36,53.3,61.6,72.6,75.5,73.7,69.6
123,1991,3.37,3.12,2.28,2.1,1.67,2.32,58.6,70.4,75.5,78.2,76.4,69.3
123,1992,2.5,3.57,2.81,6.76,2.61,3.66,55.9,62.0,69.4,76.5,70.9,67.0
123,1993,3.94,4.62,6.26,3.34,2.7,4.86,52.9,64.4,72.2,79.9,76.4,65.9
123,1994,5.54,3.11,3.44,1.55,3.45,3.3,57.2,60.5,74.9,76.1,72.9,65.4
123,1995,4.44,12.05,4.87,4.58,4.32,1.35,56.2,63.9,72.6,77.0,79.3,66.2
123,1996,8.81,7.35,5.48,3.91,1.12,8.62,51.5,67.0,72.9,74.4,75.0,66.3
123,1997,3.15,6.34,6.68,1.31,4.32,1.19,50.1,59.8,70.6,76.8,73.6,67.8
123,1998,6.83,5.58,7.64,6.3,3.86,0.94,54.2,68.3,73.9,76.5,75.7,72.8
123,1999,4.75,4.23,5.0,2.38,0.74,0.42,57.6,65.1,74.1,79.6,75.6,68.7
123,2000,3.07,4.36,6.21,3.91,5.83,3.82,53.6,66.9,73.0,74.6,75.2,66.8
123,2001,1.72,3.44,5.71,4.61,2.29,4.59,60.1,66.4,71.1,76.5,76.6,66.5
123,2002,7.03,8.18,2.84,2.04,1.73,6.02,58.4,62.6,74.6,78.8,77.4,71.9
123,2003,4.84,7.03,3.69,3.86,3.16,4.99,57.6,64.0,68.6,75.5,75.8,65.9
123,2004,4.93,10.4,3.49,5.7,4.56,0.11,56.3,69.2,72.6,74.4,71.5,68.6
123,2005,3.69,3.13,3.28,4.14,7.34,2.16,57.1,62.9,74.6,76.6,78.1,71.0
123,2006,4.87,6.99,5.46,5.33,5.48,10.13,60.1,62.7,72.3,76.8,76.7,64.0
123,2007,4.08,2.04,2.87,4.24,1.27,2.19,53.3,68.3,74.1,74.2,80.5,71.8
123,2008,6.06,6.63,3.68,3.58,1.27,1.4,54.8,61.6,74.8,75.3,73.8,70.7
123,2009,5.16,6.03,3.95,7.93,1.65,5.5,55.6,64.4,74.6,71.4,73.0,68.1
123,2010,4.03,6.88,3.34,5.3,1.16,0.66,60.9,67.4,77.1,78.3,78.3,70.2
123,2011,13.05,7.61,7.28,2.68,1.75,5.24,58.2,64.2,74.6,79.9,75.2,66.3
123,2012,1.63,3.54,2.01,3.51,2.87,6.94,57.9,70.1,73.4,82.0,74.4,66.9
123,2013,3.86,3.96,5.97,3.5,1.47,4.5,54.8,65.7,72.8,73.5,73.7,69.1
123,2014,9.41,4.8,3.46,3.29,4.21,1.91,56.9,65.8,74.4,71.7,74.8,66.5
123,2015,7.99,3.16,8.41,6.38,3.09,1.44,57.5,67.3,74.6,77.1,73.0,70.7
123,2016,5.42,5.75,2.77,7.74,3.71,2.36,55.8,61.8,75.4,76.6,77.1,71.6
123,2017,5.08,6.62,3.08,5.39,3.35,5.26,60.2,64.5,72.0,76.7,71.7,67.7
123,2018,3.99,3.59,10.26,2.72,4.22,7.84,48.8,71.4,75.1,75.7,75.1,71.4
123,2019,8.14,6.04,9.3,3.45,3.71,0.14,56.4,66.8,70.9,76.0,74.6,73.5
123,2020,4.33,6.61,5.13,4.24,5.31,3.71,51.3,61.6,72.4,77.2,72.5,66.7
123,2021,3.48,3.07,3.94,5.64,5.07,4.11,53.7,61.1,72.8,74.9,75.8,68.4
123,2022,4.81,4.08,2.39,9.55,4.75,2.27,52.5,67.2,72.8,77.0,74.3,67.1
123,2023,3.53,3.58,4.31,7.42,4.34,1.24,55.0,63.4,69.2,75.4,73.3,68.6
123,2024,5.82,7.43,1.52,6.13,2.71,6.33,57.5,67.5,73.2,74.9,74.5,69.9
123,2025,9.36,6.3,5.09,5.1,1.14,4.09,55.9,62.6,74.2,79.1,73.1,69.0
123,2026,3.51,6.09,9.75,4.72,3.8,,62.9,63.2,72.4,77.5,75.7,
125,1895,3.12,1.78,2.59,7.11,1.92,2.72,57.4,65.2,76.8,74.8,75.9,71.1
125,1896,1.25,6.98,5.43,4.31,2.28,4.91,62.9,71.9,73.3,76.2,75.9,65.5
125,1897,5.81,3.58,3.82,3.92,0.79,0.73,53.8,58.2,71.8,77.6,73.5,71.7
125,1898,3.23,4.94,4.37,2.5,4.15,5.51,51.5,64.8,74.3,77.2,75.6,71.5
125,1899,1.43,3.56,4.42,3.62,4.2,1.65,54.7,65.7,75.0,76.3,77.1,67.7
125,1900,1.25,4.22,9.46,4.82,1.95,4.52,53.6,65.2,72.8,77.5,80.7,71.4
125,1901,3.01,1.45,4.5,1.22,2.69,2.16,48.7,62.7,75.8,82.6,75.4,67.3
125,1902,2.18,3.54,5.21,2.65,3.01,3.38,51.9,70.4,72.4,76.8,73.4,64.2
125,1903,5.33,2.46,3.0,2.89,3.9,1.11,53.2,67.0,67.4,76.7,73.9,67.2
125,1904,2.84,3.07,4.38,2.67,3.31,5.55,48.1,63.2,70.5,73.8,72.5,68.5
125,1905,3.74,4.32,5.06,7.82,4.4,2.0,53.7,66.1,73.7,74.4,75.2,69.5
125,1906,1.59,1.77,3.54,2.54,4.29,5.84,56.6,65.3,72.7,74.9,77.1,71.9
125,1907,3.46,3.62,3.91,3.55,6.46,1.29,44.5,59.0,69.6,77.2,73.4,66.8
125,1908,5.44,5.69,1.82,3.28,1.52,1.48,54.3,65.2,72.4,76.5,75.2,71.1
125,1909,6.38,3.84,4.83,5.47,1.54,2.71,52.4,61.4,73.5,74.1,77.1,66.1
125,1910,4.21,3.56,2.5,8.59,1.75,8.04,53.4,59.0,69.9,75.3,72.6,69.3
125,1911,6.23,3.02,3.67,1.57,2.01,7.87,51.8,69.0,75.6,75.7,75.0,71.9
125,1912,6.78,4.36,3.33,5.59,5.14,4.64,55.5,65.6,68.5,76.3,73.3,69.2
125,1913,4.25,1.68,1.96,1.91,1.65,3.59,53.0,65.0,76.0,79.9,79.5,68.5
125,1914,3.28,0.63,2.08,1.76,4.11,4.6,53.6,66.1,78.0,79.5,76.2,66.9
125,1915,1.06,7.94,4.74,4.51,7.43,2.25,58.9,63.0,70.4,74.8,69.2,70.2
125,1916,2.37,3.43,9.94,2.71,4.25,2.75,51.4,65.8,68.9,80.2,77.0,67.0
125,1917,5.17,4.55,5.9,4.64,3.03,1.37,52.9,58.1,70.0,75.1,72.9,66.8
125,1918,6.43,6.1,3.77,3.81,3.05,4.7,50.5,69.1,72.5,73.5,79.0,60.5
125,1919,3.19,5.02,5.79,0.75,2.16,2.25,55.1,61.5,75.9,78.7,74.1,71.0
125,1920,3.32,5.09,1.94,2.75,5.03,4.57,50.5,63.2,71.9,74.9,72.7,69.6
125,1921,3.7,2.97,3.64,1.9,4.16,5.76,56.9,65.4,77.2,80.6,74.2,73.0
125,1922,4.82,4.13,2.52,3.76,1.62,1.6,57.3,67.3,74.3,74.8,74.4,71.5
125,1923,3.63,5.54,4.15,2.94,6.36,2.5,51.7,62.0,72.4,76.2,74.9,67.4
125,1924,2.59,4.16,4.34,2.66,3.63,2.65,55.8,57.8,73.2,73.0,75.0,64.0
125,1925,2.22,1.27,5.11,2.88,2.41,5.47,60.5,60.0,76.1,76.1,75.3,75.2
125,1926,3.65,0.87,2.18,1.95,3.91,5.98,48.5,66.4,70.2,78.2,76.8,70.9
125,1927,6.5,10.26,4.17,3.53,3.81,6.49,56.2,63.4,69.1,75.4,69.2,72.0
125,1928,4.39,3.56,7.57,2.16,2.91,0.93,50.0,62.9,67.6,77.3,76.9,64.7
125,1929,4.65,7.82,3.51,2.66,3.43,3.66,57.3,61.8,70.9,77.0,73.3,67.7
125,1930,1.56,0.91,3.19,0.37,2.38,4.7,56.9,65.4,72.4,80.6,76.9,70.1
125,1931,3.57,2.89,2.4,3.47,5.11,4.72,54.5,61.3,75.8,80.1,74.9,73.7
125,1932,3.46,1.01,3.3,2.67,5.04,7.88,55.0,64.6,74.8,78.7,75.4,67.7
125,1933,5.3,10.7,1.39,3.68,2.18,2.79,53.5,67.1,77.8,77.8,74.3,75.1
125,1934,1.19,1.65,5.69,4.56,5.19,6.36,54.6,67.3,78.7,80.8,75.9,67.1
125,1935,2.99,9.28,6.44,3.19,3.55,1.73,52.2,61.1,69.5,79.0,76.6,67.9
125,1936,3.43,1.44,1.81,2.69,1.21,4.11,50.1,68.4,74.7,83.1,81.6,72.9
125,1937,5.05,3.88,4.49,1.39,3.47,3.85,53.1,64.9,73.8,75.8,78.1,66.2
125,1938,1.78,5.48,5.84,5.89,3.8,1.94,56.8,64.4,71.6,76.8,77.6,70.2
125,1939,7.23,1.49,6.41,2.92,2.87,1.27,51.2,66.4,74.6,77.0,74.8,73.5
125,1940,6.99,3.29,2.29,2.05,1.92,1.75,52.3,61.4,73.6,77.2,77.0,66.8
125,1941,3.74,1.96,3.99,3.66,3.9,1.12,59.1,67.6,75.1,78.2,76.7,71.8
125,1942,3.19,4.31,7.89,3.7,2.48,1.21,57.4,65.0,73.8,77.4,74.5,67.5
125,1943,4.12,7.07,4.36,3.8,0.28,2.61,52.9,65.1,77.2,78.7,78.5,64.6
125,1944,6.78,3.74,1.59,0.85,5.27,3.85,54.1,69.1,77.3,77.7,76.2,68.1
125,1945,6.16,3.8,9.72,4.08,4.9,7.54,55.9,60.5,70.4,74.5,73.8,69.6
125,1946,2.38,8.12,4.47,3.2,6.29,1.4,57.5,61.8,73.4,76.4,70.5,67.4
125,1947,8.48,4.74,5.38,4.09,1.14,3.66,55.5,61.6,71.3,72.2,80.6,68.6
125,1948,4.23,4.42,4.1,9.19,0.98,2.66,58.0,62.9,73.7,76.4,74.3,68.6
125,1949,1.93,2.61,5.75,2.01,3.59,2.57,53.2,65.9,74.7,79.4,74.8,62.3
125,1950,6.17,4.29,4.6,4.07,3.78,7.8,49.8,65.7,71.8,73.4,71.3,65.8
125,1951,3.59,3.37,5.42,1.97,2.59,3.54,51.4,65.6,72.7,76.5,75.2,65.5
125,1952,4.24,2.37,4.04,2.59,2.1,3.27,54.2,64.5,79.5,78.9,75.4,67.2
125,1953,4.09,4.67,2.09,1.82,0.5,0.69,51.1,66.7,78.6,78.1,76.5,69.8
125,1954,2.53,2.52,1.87,1.45,4.63,3.63,60.0,60.2,77.1,80.3,76.9,71.5
125,1955,6.2,4.29,3.42,4.17,0.73,4.52,59.6,65.8,68.5,80.6,77.4,71.2
125,1956,5.73,3.31,3.12,3.7,2.63,2.59,52.1,65.7,73.9,75.8,74.9,66.2
125,1957,5.52,6.51,7.75,4.81,1.2,1.64,57.5,64.6,74.3,76.5,74.3,66.9
125,1958,3.2,3.84,5.04,15.11,2.99,2.78,54.5,64.0,70.0,75.1,74.0,67.9
125,1959,1.06,5.54,1.82,4.22,3.85,4.85,55.7,68.0,73.1,75.6,77.2,69.6
125,1960,2.48,5.81,6.76,3.57,2.48,0.6,57.8,60.7,71.5,74.1,75.8,72.0
125,1961,5.14,10.57,5.43,3.53,3.59,0.52,49.3,59.4,70.3,75.6,73.3,70.9
125,1962,1.14,3.61,4.05,3.17,2.92,3.39,52.2,71.7,73.0,75.7,74.5,64.6
125,1963,2.25,3.65,2.53,5.67,1.57,0.57,57.2,62.2,73.4,74.7,73.1,67.1
125,1964,4.74,2.48,5.78,4.13,2.11,2.43,58.1,67.1,74.5,76.0,74.2,67.5
125,1965,3.76,1.5,5.04,4.01,4.01,6.51,56.5,69.5,73.0,74.9,73.6,68.3
125,1966,5.58,4.06,2.07,1.62,4.5,4.92,51.5,60.5,72.4,80.2,72.7,64.9
125,1967,4.25,6.25,2.81,4.88,3.96,1.59,58.0,60.9,72.8,72.6,69.6,64.3
125,1968,3.72,6.63,2.08,3.78,3.76,2.53,55.8,62.0,73.7,76.5,75.5,67.1
125,1969,3.44,4.19,4.62,7.78,3.76,1.89,55.1,64.6,72.5,77.6,73.4,66.5
125,1970,5.51,2.95,5.72,3.87,3.01,1.88,56.9,67.1,71.6,74.6,74.6,73.2
125,1971,1.85,4.61,3.34,4.54,3.09,4.43,54.0,59.7,75.9,73.9,72.7,70.5
125,1972,8.54,2.3,2.42,3.92,3.84,2.64,54.9,65.8,70.4,75.0,74.0,70.9
125,1973,5.35,4.41,7.25,3.63,2.8,2.37,53.3,60.3,73.8,77.0,75.2,71.0
125,1974,3.61,6.45,3.88,0.91,8.74,4.4,55.3,64.5,68.6,76.5,73.7,62.8
125,1975,4.85,2.96,3.25,3.8,5.09,2.78,52.0,67.6,73.5,75.2,76.0,63.4
125,1976,1.54,6.25,3.97,3.48,2.75,4.16,55.6,59.6,71.3,75.0,71.2,64.6
125,1977,3.46,3.18,4.12,4.55,7.86,3.02,59.0,69.7,72.2,78.6,74.6,71.1
125,1978,3.65,3.7,1.48,6.01,4.97,1.07,55.2,62.1,74.0,77.2,74.5,70.9
125,1979,5.1,3.66,5.03,13.31,7.33,2.17,52.4,62.0,73.1,74.5,73.8,67.2
125,1980,2.96,3.19,4.98,5.44,3.05,3.34,51.6,64.4,71.9,80.0,79.5,70.5
125,1981,4.59,11.07,2.41,3.78,4.52,1.71,60.2,59.9,74.8,77.1,74.0,65.4
125,1982,2.48,4.31,4.65,2.82,3.49,5.62,49.7,68.9,68.8,76.9,72.6,65.9
125,1983,8.34,10.32,3.95,1.75,2.27,1.68,48.9,60.8,72.8,79.8,80.0,69.2
125,1984,6.35,4.42,1.08,3.2,1.64,4.81,52.7,61.0,76.5,74.0,74.9,65.7
125,1985,2.67,4.67,4.36,1.82,5.35,1.67,58.3,65.3,70.9,76.2,72.9,67.4
125,1986,1.78,4.78,3.47,7.67,3.48,3.95,57.2,65.7,74.7,79.0,71.5,71.2
125,1987,2.65,3.56,6.19,4.18,2.07,1.78,53.0,70.2,75.0,77.2,76.6,69.5
125,1988,2.68,1.97,0.77,4.97,3.02,2.16,54.3,65.2,73.8,77.9,78.0,68.0
125,1989,3.81,4.29,5.01,6.01,4.86,3.76,54.3,60.2,71.8,76.0,74.3,66.5
125,1990,3.56,11.83,5.87,5.13,3.46,2.31,52.9,60.8,72.9,75.0,73.1,68.9
125,1991,2.74,2.37,1.85,1.64,2.83,3.19,57.8,70.5,75.6,77.8,76.1,68.5
125,1992,1.89,3.87,2.58,6.9,2.45,4.01,54.6,61.5,69.4,76.3,70.6,66.3
125,1993,5.57,3.83,3.65,5.44,3.89,9.08,51.8,64.3,72.8,80.0,76.3,65.0
125,1994,6.02,2.84,3.28,2.25,2.38,2.81,56.1,60.6,75.2,76.0,72.3,65.8
125,1995,5.64,10.27,3.81,2.68,4.22,0.77,54.8,63.3,73.3,77.4,79.8,65.6
125,1996,9.99,9.37,5.98,5.48,1.74,6.56,50.8,66.3,73.5,74.4,75.1,65.6
125,1997,3.46,6.52,5.2,1.04,3.01,1.73,49.6,59.6,71.2,76.8,73.0,67.7
125,1998,8.04,5.34,6.04,5.83,3.7,1.28,54.5,68.3,73.9,76.4,75.8,72.5
125,1999,5.72,2.75,5.08,3.58,0.98,0.64,56.9,65.2,74.1,79.6,74.0,67.8
125,2000,2.8,3.68,8.3,4.8,10.27,3.87,52.9,66.8,72.8,74.4,74.9,66.7
125,2001,1.79,4.86,3.15,4.8,2.81,4.5,60.2,66.8,71.5,76.3,76.4,66.8
125,2002,5.82,9.63,3.37,1.5,1.4,5.34,57.4,62.2,75.5,79.7,77.8,72.7
125,2003,3.79,6.91,3.71,4.0,2.28,3.72,56.1,63.5,69.2,76.3,77.0,66.4
125,2004,1.79,8.86,2.7,5.85,4.57,0.88,55.9,69.0,72.0,74.0,71.1,68.9
125,2005,3.34,2.39,3.35,3.77,6.66,2.69,56.2,62.6,74.8,76.7,78.0,71.7
125,2006,5.41,5.71,4.12,4.37,4.54,7.37,59.5,63.0,73.0,77.6,76.8,64.3
125,2007,4.34,2.59,4.6,2.12,1.39,4.46,52.6,69.5,74.4,74.2,80.7,71.8
125,2008,5.75,6.79,4.18,4.77,0.81,4.27,54.9,61.2,75.6,75.6,73.2,69.3
125,2009,6.58,7.07,4.82,7.54,2.24,5.75,55.4,65.1,75.2,71.8,73.2,68.1
125,2010,3.69,5.63,4.76,5.87,1.75,0.73,60.6,67.4,78.0,79.1,78.7,69.9
125,2011,11.49,7.56,7.59,5.13,0.75,7.1,57.8,64.2,75.0,80.7,75.4,66.0
125,2012,2.25,2.43,0.63,1.94,3.14,8.21,57.0,70.6,73.6,83.0,74.7,66.7
125,2013,4.79,5.25,6.41,4.21,1.34,3.07,54.7,65.6,73.0,74.3,74.0,69.4
125,2014,8.41,4.74,4.75,3.16,4.99,2.78,55.7,65.9,75.1,71.9,75.1,66.7
125,2015,7.43,3.81,9.5,4.55,2.36,1.99,56.8,66.8,74.4,76.6,72.5,70.5
125,2016,4.88,5.12,2.75,7.34,5.83,3.45,55.9,62.7,76.2,77.0,77.6,72.0
125,2017,5.85,5.81,3.19,4.86,1.17,1.73,60.4,65.3,73.4,77.4,72.5,69.3
125,2018,3.35,3.58,9.42,2.62,2.62,7.56,49.2,72.7,76.4,76.7,76.2,73.0
125,2019,6.24,7.73,7.68,4.77,4.83,0.45,56.3,67.0,72.4,77.5,75.0,74.4
125,2020,3.4,4.86,4.84,6.78,3.44,1.01,52.3,62.7,74.5,78.7,74.2,67.9
125,2021,3.41,3.01,4.26,6.31,4.4,3.51,54.8,62.4,74.8,76.0,77.2,70.1
125,2022,4.34,6.7,2.14,10.02,2.26,2.71,53.5,67.8,74.7,78.1,75.3,68.5
125,2023,3.59,2.56,3.51,3.67,4.99,0.64,55.7,65.0,71.6,77.3,74.7,69.6
125,2024,6.93,5.32,2.02,4.83,1.48,5.22,58.8,69.1,75.2,76.2,75.5,70.9
125,2025,9.13,4.92,4.35,7.78,2.52,2.85,57.4,63.6,75.9,80.5,74.2,70.3
125,2026,4.33,6.33,8.57,2.75,3.68,,63.7,64.4,73.9,78.6,76.3,
127,1895,1.97,1.73,1.95,4.25,3.21,1.98,50.2,60.9,71.9,71.4,73.0,68.1
127,1896,3.23,5.7,3.91,7.64,6.0,5.03,53.4,65.8,68.6,72.3,71.0,59.4
127,1897,2.21,2.4,3.61,1.81,1.99,0.16,46.0,55.6,66.1,75.1,67.7,68.1
127,1898,1.17,3.37,3.73,2.75,4.06,3.17,44.8,58.4,71.4,72.8,71.0,67.9
127,1899,0.48,4.07,2.61,3.52,1.16,2.38,52.3,61.2,71.0,73.7,73.7,64.2
127,1900,1.1,2.85,2.96,5.02,5.4,1.61,50.6,61.6,68.8,71.8,74.8,65.4
127,1901,1.42,1.95,2.52,1.67,1.64,1.67,45.2,55.9,70.8,78.4,71.6,63.2
127,1902,2.69,7.02,8.15,5.97,3.34,4.86,45.0,61.6,64.8,72.2,67.0,60.1
127,1903,4.99,2.33,2.1,7.66,4.33,3.27,48.0,61.4,62.5,71.1,66.9,61.8
127,1904,4.37,3.98,1.43,2.32,2.97,3.28,41.6,58.3,67.5,70.2,67.8,64.1
127,1905,3.57,6.92,5.5,4.81,3.26,3.75,46.7,58.8,68.0,71.2,71.6,65.6
127,1906,2.11,2.13,3.43,3.03,3.94,2.32,49.7,59.4,66.5,70.0,73.1,66.6
127,1907,3.26,3.11,4.07,5.21,4.11,4.35,38.2,51.6,63.9,70.2,67.2,60.9
127,1908,3.41,6.61,1.81,3.07,2.89,1.24,47.3,59.0,66.8,72.5,70.2,67.4
127,1909,5.34,3.01,5.04,3.75,5.2,3.65,44.5,55.6,67.2,69.3,71.6,60.0
127,1910,3.62,4.74,0.72,2.9,4.84,4.55,48.5,52.3,64.7,73.1,68.7,62.6
127,1911,4.66,2.75,4.2,1.97,3.27,5.97,44.4,64.0,69.7,72.3,68.8,64.2
127,1912,3.45,4.66,3.38,5.38,5.14,3.61,48.0,59.9,64.7,71.0,67.3,64.4
127,1913,2.24,5.32,1.44,4.32,3.6,1.88,47.2,57.8,69.4,73.4,72.3,62.6
127,1914,1.82,4.39,3.52,1.37,4.47,1.99,46.9,60.1,69.5,74.0,71.1,62.8
127,1915,1.87,6.64,2.54,6.83,4.32,3.7,53.2,54.0,63.9,68.7,64.2,65.6
127,1916,1.66,4.54,7.25,0.67,2.57,4.05,46.3,59.1,62.8,77.3,73.4,62.0
127,1917,3.12,2.55,3.5,3.79,2.33,2.11,44.5,50.3,63.8,70.6,68.0,60.6
127,1918,3.35,4.56,3.69,2.82,2.21,2.9,43.8,63.1,67.0,69.4,74.6,56.5
127,1919,2.95,4.44,3.38,1.87,1.68,3.08,47.1,55.4,72.7,75.1,70.4,66.2
127,1920,6.54,2.57,4.01,2.93,1.51,3.37,41.4,55.6,68.9,69.5,68.3,65.9
127,1921,4.01,1.29,2.01,1.55,6.73,4.05,52.1,61.4,73.4,78.0,70.1,67.5
127,1922,4.15,3.46,0.65,2.66,1.43,2.59,47.8,63.3,69.5,71.1,71.4,66.8
127,1923,1.27,5.64,2.66,2.1,5.42,4.18,45.5,55.7,70.4,72.9,69.0,64.3
127,1924,2.58,3.21,8.02,2.28,3.88,2.97,47.4,52.4,65.7,69.2,69.8,59.0
127,1925,2.33,1.52,2.1,4.35,1.41,5.39,52.1,53.3,71.0,71.5,70.8,68.7
127,1926,2.53,3.39,4.85,4.68,4.14,6.39,40.5,59.2,63.6,71.8,72.3,63.8
127,1927,6.41,4.58,3.28,4.82,2.58,5.91,47.3,56.6,64.1,71.0,64.5,68.0
127,1928,2.16,1.92,3.65,4.57,4.51,2.03,43.7,58.3,63.0,71.9,71.3,59.6
127,1929,6.08,3.8,4.35,3.26,3.09,2.2,49.9,55.9,65.2,72.6,68.3,63.2
127,1930,3.1,2.62,2.47,2.5,2.0,2.39,48.3,60.3,68.6,73.4,71.5,65.4
127,1931,2.64,4.59,4.33,1.43,4.78,3.98,48.3,55.0,71.6,75.8,71.9,70.0
127,1932,1.54,1.95,3.58,4.94,5.23,1.74,46.5,59.4,70.3,73.5,71.6,62.2
127,1933,5.61,5.01,2.13,2.82,2.87,4.55,47.3,60.9,75.5,74.7,69.4,68.7
127,1934,1.92,0.65,2.13,0.72,6.83,6.33,47.8,64.1,73.2,77.7,71.1,63.9
127,1935,2.25,7.3,5.29,2.23,3.81,3.02,44.5,52.2,65.4,75.3,71.7,63.4
127,1936,2.8,2.13,1.11,0.2,5.97,5.93,42.9,62.2,66.3,77.3,74.6,66.2
127,1937,5.48,2.33,4.55,3.43,3.23,2.38,46.6,58.6,66.6,72.9,74.3,63.4
127,1938,2.87,5.65,5.84,5.76,2.96,5.28,49.2,58.9,66.8,73.0,73.4,64.5
127,1939,4.42,2.19,5.86,3.97,2.31,0.46,43.7,61.6,71.2,72.4,71.1,68.5
127,1940,3.82,6.29,4.03,1.37,4.14,0.75,44.3,55.0,69.1,73.2,72.3,62.8
127,1941,2.89,4.01,6.05,2.67,1.66,3.54,53.3,61.8,69.5,73.1,71.6,67.8
127,1942,2.55,3.28,3.45,3.38,3.61,3.15,52.0,60.6,69.5,73.7,70.1,61.7
127,1943,4.41,8.26,2.91,4.42,7.11,1.9,44.9,56.5,72.0,73.4,72.2,60.1
127,1944,4.95,4.24,2.6,1.56,2.79,1.96,45.0,64.0,72.4,72.7,72.6,64.9
127,1945,3.74,6.67,4.95,4.0,3.19,5.83,48.0,53.0,65.1,70.6,70.3,63.5
127,1946,1.72,3.33,7.99,0.6,4.27,2.17,50.0,56.0,67.8,73.4,67.6,64.4
127,1947,7.61,4.68,4.81,1.68,2.71,4.76,46.2,53.4,65.8,69.6,78.7,65.3
127,1948,2.08,6.27,3.67,2.01,1.51,2.22,52.3,54.4,67.5,74.2,71.7,66.7
127,1949,2.12,4.18,2.95,3.76,2.93,2.78,46.7,59.6,72.2,76.7,71.8,58.5
127,1950,5.84,1.77,8.07,5.44,1.9,2.56,41.8,59.6,67.9,69.9,68.5,62.7
127,1951,3.87,4.87,2.43,5.1,3.43,4.43,45.4,60.3,66.1,70.5,67.1,60.9
127,1952,3.87,3.88,5.55,2.47,2.05,1.26,48.8,57.0,72.8,75.1,70.1,63.4
127,1953,3.04,4.14,4.45,3.36,2.27,1.93,44.8,60.0,71.4,74.0,71.7,64.9
127,1954,5.61,2.36,3.37,6.45,5.72,1.51,52.0,54.9,72.7,73.2,70.2,66.8
127,1955,2.75,3.13,3.03,3.85,6.93,2.08,54.2,61.2,66.0,77.6,74.9,64.4
127,1956,5.52,4.72,2.25,3.99,2.81,0.67,46.2,59.4,71.6,71.6,71.2,63.5
127,1957,7.07,3.32,5.44,5.86,5.1,0.78,47.9,58.5,69.0,73.4,70.1,61.9
127,1958,2.0,1.45,7.56,5.23,5.09,2.0,49.2,59.5,63.0,71.1,70.7,64.1
127,1959,5.28,5.08,2.41,6.93,1.47,4.45,47.7,64.0,70.5,71.9,75.7,66.5
127,1960,3.37,2.52,4.85,3.15,4.3,2.07,51.6,56.8,66.1,70.9,71.8,67.9
127,1961,5.57,1.66,4.59,5.48,3.28,8.0,42.6,54.8,67.3,71.7,71.1,68.1
127,1962,1.67,2.99,3.3,4.05,2.11,1.47,48.0,65.7,69.3,69.7,70.9,62.1
127,1963,2.93,3.12,2.49,7.14,1.92,2.19,50.6,56.5,69.7,72.3,67.8,63.2
127,1964,4.65,1.59,3.68,3.85,2.45,5.47,49.6,64.4,70.8,73.2,69.0,64.0
127,1965,4.5,2.62,1.99,2.98,5.91,7.43,46.9,64.6,68.5,70.9,68.5,64.4
127,1966,5.35,5.0,2.68,3.94,3.55,1.36,45.8,53.9,69.8,75.4,68.7,62.2
127,1967,6.34,2.01,5.27,2.57,3.37,3.01,49.3,54.7,70.5,69.6,67.1,61.9
127,1968,3.28,2.69,6.76,3.54,4.4,3.75,50.6,56.1,69.9,72.3,72.3,64.2
127,1969,4.38,3.32,4.65,5.01,1.01,1.73,49.7,59.0,65.0,72.7,71.5,64.4
127,1970,5.06,4.39,5.31,5.23,1.83,6.31,49.2,62.5,68.2,72.8,71.2,65.4
127,1971,0.52,2.58,4.4,5.92,3.6,5.51,46.8,56.3,72.7,70.1,68.7,67.0
127,1972,3.68,3.3,2.91,4.18,5.04,7.51,45.1,60.6,64.4,71.4,70.6,63.8
127,1973,5.39,4.93,5.43,3.53,2.28,1.79,48.4,55.3,70.7,73.6,72.2,66.2
127,1974,4.38,5.57,3.66,2.52,2.07,4.05,50.8,56.5,65.4,74.5,70.2,60.2
127,1975,5.62,3.32,7.05,2.0,6.22,1.85,43.0,62.4,70.1,71.9,72.9,59.2
127,1976,3.97,4.24,3.95,4.06,1.81,2.55,51.1,55.6,69.5,72.5,67.4,61.4
127,1977,2.05,1.98,4.86,2.63,3.77,6.84,54.0,67.1,66.5,75.3,69.4,64.7
127,1978,4.03,4.52,2.87,3.74,3.36,2.49,47.9,58.0,69.2,71.3,70.4,68.1
127,1979,4.93,2.25,2.96,2.92,5.9,0.07,44.8,58.0,68.4,70.0,69.7,63.3
127,1980,2.33,2.24,3.7,2.03,7.59,4.63,45.8,60.2,66.1,75.3,73.4,64.7
127,1981,7.8,5.3,7.66,5.34,3.5,5.26,52.3,55.4,70.1,71.8,70.1,62.9
127,1982,2.45,3.89,2.76,4.75,1.89,2.91,43.4,65.2,63.6,73.1,68.4,62.9
127,1983,6.03,4.71,2.13,5.3,2.38,3.1,44.3,55.0,70.2,76.5,75.3,64.5
127,1984,3.74,6.01,4.44,3.11,1.1,3.27,46.4,56.5,71.5,70.9,73.0,62.7
127,1985,1.86,2.0,2.51,3.45,4.06,3.0,53.5,62.6,66.2,72.4,68.7,65.5
127,1986,2.05,3.47,4.83,4.72,2.91,5.06,52.4,59.6,68.5,74.7,67.4,66.4
127,1987,2.6,5.84,4.66,3.75,6.75,2.61,49.3,64.9,72.3,74.9,71.7,63.9
127,1988,2.81,1.77,0.9,2.61,4.79,2.01,47.9,61.3,71.5,75.0,75.6,65.1
127,1989,1.89,4.26,5.14,3.47,2.8,4.55,46.7,56.2,67.7,72.9,69.9,61.0
127,1990,2.54,6.53,3.85,5.26,8.72,2.55,48.5,55.7,69.0,70.9,69.7,65.0
127,1991,4.36,5.79,1.76,1.95,3.19,2.48,52.1,66.1,72.3,74.4,71.9,62.8
127,1992,1.69,0.76,2.38,5.75,1.66,7.42,45.7,57.4,64.4,69.1,66.0,62.0
127,1993,4.81,2.48,10.5,2.75,4.7,7.21,46.0,60.4,67.6,73.7,72.3,58.8
127,1994,2.9,1.52,6.18,4.02,4.11,2.21,50.7,56.3,69.4,71.4,67.7,64.1
127,1995,4.88,4.01,3.09,3.01,4.37,0.84,45.9,57.5,70.5,75.0,77.3,61.8
127,1996,4.0,6.72,6.15,8.22,1.77,3.36,45.4,56.3,68.5,69.5,71.6,62.8
127,1997,1.64,4.73,5.4,4.89,4.8,2.12,44.3,53.6,68.4,72.3,68.0,63.3
127,1998,4.1,3.03,4.53,4.12,3.95,1.73,50.1,64.6,69.3,72.6,72.6,68.2
127,1999,6.01,1.99,3.91,3.52,3.02,1.35,50.6,62.5,70.7,77.2,68.9,64.0
127,2000,3.47,3.25,8.04,2.41,2.77,3.91,47.6,62.4,68.2,70.5,71.2,64.0
127,2001,2.62,4.4,3.45,4.14,4.91,2.9,53.4,61.7,67.3,72.7,72.8,61.9
127,2002,4.69,5.67,1.79,2.4,2.62,2.19,49.7,55.2,71.1,75.9,72.4,67.0
127,2003,3.13,6.97,2.69,9.12,2.19,3.01,49.9,56.4,64.6,71.4,72.9,62.2
127,2004,1.11,6.12,3.76,4.15,7.71,0.7,50.5,60.9,67.1,70.9,66.5,65.5
127,2005,1.25,1.48,3.17,2.95,4.12,3.62,51.8,57.2,73.5,74.6,73.1,68.0
127,2006,2.93,3.29,2.33,6.06,5.61,3.3,53.2,58.4,67.6,74.5,71.4,61.2
127,2007,4.53,2.41,2.26,4.16,11.08,1.09,46.7,63.7,70.8,71.1,73.1,66.9
127,2008,3.55,2.94,2.92,2.85,3.36,11.46,50.2,55.5,70.5,72.2,69.6,65.8
127,2009,4.65,4.46,3.78,2.83,4.41,0.99,47.4,59.9,68.7,68.0,69.3,63.7
127,2010,3.46,6.03,6.64,5.38,1.78,3.13,54.1,61.8,71.0,75.6,74.4,64.4
127,2011,6.3,7.06,4.1,5.86,2.67,4.08,47.7,58.9,69.4,76.8,70.8,61.5
127,2012,1.62,3.31,2.97,4.9,3.66,2.05,49.1,64.6,70.0,78.3,69.7,62.4
127,2013,6.13,4.04,7.2,1.79,3.71,3.1,46.6,61.5,67.8,70.9,70.0,65.0
127,2014,2.58,4.68,8.52,2.67,9.61,3.53,47.8,59.8,70.5,67.3,71.0,62.5
127,2015,2.29,5.27,7.02,4.34,4.31,4.14,49.6,62.4,67.7,71.0,69.8,67.9
127,2016,2.96,3.32,2.21,5.06,9.97,2.52,47.8,58.9,70.9,73.7,74.4,69.0
127,2017,4.61,4.33,3.04,5.12,2.49,1.76,52.8,57.0,70.8,72.5,68.9,66.6
127,2018,1.56,5.18,3.56,2.69,5.32,3.74,40.3,65.8,71.0,72.9,73.1,67.5
127,2019,4.78,7.82,5.48,2.25,2.66,8.04,48.5,58.1,67.5,75.3,70.4,68.1
127,2020,5.22,7.96,3.53,2.92,1.68,2.7,45.9,58.4,72.2,75.5,71.8,63.7
127,2021,2.21,4.38,6.47,2.89,4.49,1.69,49.0,57.6,71.8,72.3,74.3,67.8
127,2022,2.71,4.05,2.6,4.47,2.69,1.49,45.4,62.2,70.2,73.2,71.6,64.7
127,2023,2.18,2.35,3.1,5.04,4.1,2.65,50.7,60.4,68.0,72.3,70.7,65.5
127,2024,5.7,4.13,3.16,4.72,3.47,2.39,51.5,63.7,72.1,71.3,71.4,67.3
127,2025,2.2,2.72,3.98,4.57,2.99,1.9,48.9,58.0,71.2,75.8,70.2,65.4
127,2026,5.75,1.79,9.24,3.29,5.79,,54.7,58.2,68.7,74.6,71.1,
129,1895,2.22,1.77,2.85,8.35,1.92,2.56,58.5,65.5,77.9,76.3,77.5,73.8
129,1896,1.94,6.87,5.5,4.17,2.15,3.88,63.8,71.8,73.7,78.6,78.6,67.6
129,1897,6.46,2.44,4.2,5.38,0.75,0.56,54.3,61.2,74.2,79.0,76.4,73.6
129,1898,4.31,5.12,4.49,3.57,3.41,4.12,52.6,67.3,76.7,78.5,77.7,73.0
129,1899,2.09,4.39,3.82,4.63,3.12,1.66,56.6,67.7,76.1,77.6,79.0,68.9
129,1900,1.42,4.23,9.49,3.46,1.41,3.82,55.5,67.7,73.7,78.8,82.0,73.0
129,1901,2.9,1.39,3.85,1.62,2.44,1.42,51.6,64.8,78.2,84.3,77.2,69.8
129,1902,2.19,2.49,4.3,1.84,2.15,2.87,54.5,72.3,75.2,79.0,76.4,66.3
129,1903,4.52,3.27,3.52,2.72,5.71,0.85,55.4,68.6,68.2,79.4,77.5,69.4
129,1904,3.76,3.74,3.9,4.01,2.57,5.53,50.3,65.3,72.2,75.6,75.1,70.8
129,1905,4.1,4.15,3.18,9.44,2.85,2.61,55.5,67.6,75.7,75.5,77.2,71.6
129,1906,2.13,0.97,3.07,4.35,4.17,7.21,59.2,67.6,75.2,77.0,79.1,73.7
129,1907,3.22,4.62,3.91,4.7,6.73,2.14,47.5,61.2,71.7,80.1,76.4,68.6
129,1908,6.01,5.83,1.44,2.65,1.68,1.1,56.3,66.5,74.5,78.5,77.8,72.9
129,1909,5.16,3.66,4.07,7.88,1.06,3.09,55.1,63.7,75.5,76.2,79.6,67.6
129,1910,4.23,2.77,3.49,8.0,2.24,5.69,55.3,61.1,72.5,77.5,74.7,71.0
129,1911,6.81,2.26,3.51,1.13,4.66,4.41,54.1,70.1,77.2,77.7,76.6,74.2
129,1912,5.45,3.51,4.55,6.67,5.03,4.61,58.4,67.6,70.1,78.5,75.2,70.9
129,1913,3.39,1.26,1.84,2.44,2.53,3.84,55.4,66.8,77.5,81.2,80.8,69.6
129,1914,3.04,0.56,2.37,1.37,4.19,4.82,56.1,67.9,80.4,81.6,78.1,68.0
129,1915,0.53,7.82,5.88,3.88,7.49,3.41,61.5,65.7,73.0,77.0,71.2,71.8
129,1916,2.54,2.91,6.97,2.75,5.63,1.84,53.6,67.7,70.6,81.5,78.8,68.5
129,1917,5.75,3.91,4.61,3.13,2.34,1.71,55.2,59.9,72.0,76.7,74.5,68.2
129,1918,6.67,5.01,3.0,2.49,4.12,4.15,51.8,70.1,75.0,76.1,80.9,62.0
129,1919,3.01,5.71,4.43,1.09,2.46,2.13,57.6,63.4,77.4,80.3,76.3,72.4
129,1920,2.74,6.48,2.29,3.47,4.28,4.03,52.8,64.7,73.3,76.7,74.4,71.2
129,1921,3.29,2.1,4.26,1.68,4.4,3.49,58.1,67.0,78.8,82.1,76.1,75.0
129,1922,4.87,3.36,2.33,3.22,2.2,2.58,58.9,68.7,76.3,76.8,76.7,72.5
129,1923,4.18,5.6,5.25,1.83,4.46,2.51,54.6,63.5,74.4,77.7,77.0,68.7
129,1924,2.97,4.33,5.03,3.43,1.27,3.73,56.8,58.9,73.6,73.8,77.1,65.7
129,1925,1.78,1.53,5.36,2.34,0.93,6.0,62.6,61.4,77.3,78.2,77.4,77.0
129,1926,2.92,0.59,1.99,1.83,5.37,3.86,50.1,67.9,72.4,79.7,78.0,72.7
129,1927,9.89,8.76,3.36,4.9,2.35,5.09,58.9,65.2,71.2,76.9,71.6,73.2
129,1928,4.85,4.3,9.79,1.84,2.76,0.32,52.6,65.5,70.2,79.4,78.4,65.8
129,1929,4.13,7.65,4.18,1.85,3.86,5.13,59.0,63.3,72.8,78.6,74.2,68.7
129,1930,1.16,0.93,2.6,0.5,2.68,6.37,58.7,67.3,74.2,81.8,77.4,71.3
129,1931,3.65,2.59,3.38,1.54,6.51,4.95,55.9,62.6,77.1,80.7,76.3,75.2
129,1932,3.41,1.2,1.35,3.09,5.01,8.63,57.1,66.4,76.8,80.0,77.1,69.5
129,1933,4.88,8.2,0.88,5.83,2.98,3.65,55.5,68.3,78.7,78.7,75.2,75.6
129,1934,2.29,2.11,2.83,4.92,3.9,7.85,57.4,68.4,79.3,82.0,77.4,68.2
129,1935,3.84,8.79,6.03,2.67,1.77,1.61,54.4,62.3,70.7,79.7,77.9,68.6
129,1936,4.06,1.24,1.47,1.64,0.96,3.27,51.5,69.2,76.2,84.2,83.3,74.0
129,1937,4.74,4.03,4.25,3.15,3.39,2.52,55.6,66.3,75.1,76.6,79.5,68.0
129,1938,2.37,5.41,3.08,6.28,3.53,3.05,58.8,66.4,72.9,77.9,78.8,70.9
129,1939,6.94,2.39,5.19,4.49,3.17,0.69,53.2,66.8,75.1,78.2,75.5,74.7
129,1940,6.64,3.17,2.34,1.91,1.86,0.98,54.1,62.2,74.2,77.4,77.4,67.8
129,1941,3.07,2.18,2.82,5.73,3.82,0.96,59.9,68.7,76.1,78.9,78.0,72.6
129,1942,3.91,4.57,4.17,2.65,4.03,1.26,58.8,65.7,75.3,79.1,75.4,68.4
129,1943,4.09,6.17,4.77,2.01,0.52,3.77,55.1,66.9,77.8,79.4,79.6,65.8
129,1944,5.95,2.91,1.57,1.29,2.9,1.88,56.0,69.9,78.6,78.1,77.3,69.5
129,1945,7.18,3.2,7.18,2.22,7.2,8.4,57.7,61.9,71.0,75.2,75.0,70.6
129,1946,2.31,8.12,2.13,4.01,7.16,1.74,59.5,63.0,74.9,77.2,72.0,68.1
129,1947,6.26,3.87,4.93,3.14,2.79,3.81,56.5,63.1,73.0,73.7,81.7,69.8
129,1948,4.65,3.99,3.27,5.2,1.79,3.59,59.2,63.8,74.8,77.6,75.5,69.7
129,1949,2.1,2.88,5.04,2.83,3.51,3.33,54.2,66.9,75.8,80.5,76.6,63.7
129,1950,6.41,5.6,4.24,4.48,5.56,4.23,51.6,66.9,73.5,74.6,72.3,66.9
129,1951,3.25,2.35,5.9,3.24,2.41,3.71,52.4,67.0,73.9,77.7,76.2,66.7
129,1952,3.36,3.32,2.31,2.05,3.0,2.79,54.8,65.5,80.5,80.7,76.6,68.0
129,1953,4.82,4.53,1.48,1.96,0.6,0.76,52.1,67.5,79.9,80.0,78.0,71.7
129,1954,3.84,3.32,1.71,2.71,5.56,3.01,61.5,61.5,78.2,82.0,79.3,72.7
129,1955,7.09,3.32,4.01,2.96,1.51,2.81,61.4,67.6,70.0,82.1,79.0,73.0
129,1956,3.88,4.26,2.33,4.09,2.3,2.47,53.7,66.6,75.2,77.7,76.6,67.6
129,1957,7.02,10.04,6.14,3.4,3.61,1.11,59.1,66.1,75.3,77.6,75.5,68.3
129,1958,4.15,4.49,5.69,9.35,2.81,2.85,55.9,65.6,71.8,77.1,75.9,69.2
129,1959,1.12,6.09,2.37,3.93,7.85,4.85,57.0,69.3,73.8,76.8,77.9,70.5
129,1960,2.97,4.68,5.8,2.67,3.31,1.33,59.0,62.7,73.6,75.7,77.2,72.8
129,1961,4.71,11.57,3.95,3.74,3.88,1.02,51.0,60.5,71.8,76.7,74.6,71.7
129,1962,1.66,4.22,3.54,2.12,3.43,4.21,53.6,73.3,73.9,77.2,76.0,66.1
129,1963,1.57,2.77,2.19,3.54,2.05,0.86,58.7,63.9,75.2,76.2,75.0,68.4
129,1964,4.94,2.21,2.01,3.39,1.84,4.0,59.6,68.9,76.4,77.6,76.1,68.9
129,1965,3.51,1.86,3.86,4.77,3.22,6.88,58.6,71.0,74.4,76.5,75.4,69.5
129,1966,7.07,4.62,1.78,1.87,2.65,2.73,53.6,62.4,73.5,81.4,74.0,66.2
129,1967,3.52,4.65,2.69,5.05,3.39,1.84,59.6,63.0,74.3,74.5,71.4,65.9
129,1968,5.52,4.72,2.64,4.56,3.4,2.55,57.2,63.8,75.5,77.9,77.4,68.4
129,1969,3.83,4.39,5.42,8.2,1.46,1.99,56.7,66.2,74.5,79.4,74.7,68.4
129,1970,6.83,4.18,5.94,2.85,3.04,4.61,58.7,68.9,73.3,76.4,76.1,74.1
129,1971,2.82,4.22,4.95,3.7,3.14,4.7,56.1,62.0,77.4,75.8,74.2,71.7
129,1972,7.26,2.28,2.16,4.52,3.18,2.99,56.5,67.2,72.3,76.5,75.3,71.7
129,1973,6.47,5.86,5.46,4.44,1.63,1.41,54.6,62.2,75.7,78.7,76.6,72.2
129,1974,3.42,6.41,4.45,0.94,7.54,3.79,57.3,66.1,70.0,78.7,74.8,63.6
129,1975,6.39,3.38,3.84,3.99,5.94,2.22,53.8,69.1,75.2,77.1,77.2,64.8
129,1976,1.57,5.45,4.65,3.36,0.46,2.6,57.4,61.2,72.8,76.9,73.4,66.9
129,1977,3.24,2.81,5.21,4.87,6.21,3.93,60.9,70.8,74.5,80.4,76.4,72.2
129,1978,3.62,3.25,0.92,4.96,5.09,2.29,57.8,64.1,75.6,79.4,76.5,72.2
129,1979,6.45,3.52,2.95,9.34,5.56,2.15,54.3,63.5,74.7,76.7,75.5,67.6
129,1980,2.8,3.27,3.98,3.94,1.99,2.96,53.7,65.8,73.9,81.8,81.4,72.3
129,1981,2.66,12.3,2.27,5.83,4.11,1.6,61.8,61.3,76.3,78.8,75.6,67.3
129,1982,3.04,4.4,3.27,3.23,3.41,4.64,51.8,70.5,70.6,78.7,74.3,67.3
129,1983,10.89,9.4,4.04,2.55,0.98,1.1,50.3,62.8,74.2,81.1,81.8,70.6
129,1984,5.91,4.48,1.51,2.11,2.35,4.89,54.4,63.0,78.1,76.1,76.6,67.2
129,1985,2.99,3.79,7.28,2.07,6.54,2.87,59.8,66.6,73.0,77.5,74.5,68.7
129,1986,2.08,4.76,3.96,5.64,3.18,4.56,59.2,67.6,76.6,80.8,73.2,72.6
129,1987,2.57,2.22,4.87,5.32,0.84,1.84,54.9,71.5,76.2,78.1,77.8,70.7
129,1988,2.14,2.24,1.23,5.85,1.94,2.45,56.2,66.6,75.3,78.8,79.4,69.2
129,1989,2.89,3.89,4.51,6.37,3.6,2.58,55.9,62.3,72.9,76.8,75.8,67.4
129,1990,3.86,10.51,3.59,2.54,2.76,2.87,53.9,62.4,74.5,77.0,74.3,70.4
129,1991,3.3,3.49,2.23,3.42,1.34,3.25,59.6,71.6,76.6,78.8,77.1,69.9
129,1992,1.99,3.84,1.67,6.56,4.08,4.4,56.4,63.0,70.8,77.8,71.6,67.5
129,1993,5.03,4.61,4.39,3.52,3.03,5.95,53.2,65.5,73.9,81.2,77.6,66.0
129,1994,5.24,2.08,3.79,1.31,2.47,2.6,57.5,62.5,76.5,77.3,73.7,66.4
129,1995,5.59,11.14,4.67,3.62,4.21,0.82,56.4,64.4,73.8,78.4,80.8,66.8
129,1996,11.48,6.92,5.68,4.56,1.93,6.23,52.6,67.9,74.4,75.5,76.4,67.0
129,1997,3.47,7.03,5.71,1.32,4.06,1.48,51.1,61.2,72.5,77.6,74.6,68.9
129,1998,7.34,6.47,5.8,4.8,3.42,1.07,55.9,70.1,75.5,78.1,76.8,74.0
129,1999,5.36,3.28,5.42,2.78,0.99,0.71,58.4,66.2,75.0,80.4,75.1,69.1
129,2000,2.28,3.29,7.85,4.1,4.48,3.57,54.5,68.1,74.0,75.6,76.9,68.4
129,2001,2.0,4.08,2.66,5.34,3.68,3.43,61.7,67.8,72.8,78.0,77.2,67.8
129,2002,7.32,7.0,3.45,1.81,0.84,5.92,59.4,63.7,77.2,81.5,79.8,74.1
129,2003,3.51,6.43,3.48,2.59,2.82,3.68,58.0,65.0,70.2,78.0,77.3,67.2
129,2004,2.45,8.85,2.43,6.53,4.66,0.09,57.5,70.2,73.9,75.6,72.4,70.0
129,2005,2.87,2.61,3.69,2.8,9.94,1.98,57.9,64.1,75.8,78.3,79.8,73.0
129,2006,2.56,5.04,3.16,6.48,4.74,9.22,61.0,64.4,74.8,78.6,78.2,65.8
129,2007,3.55,2.41,3.61,2.39,1.01,3.25,54.2,70.5,75.7,76.3,82.8,73.5
129,2008,5.99,6.79,4.14,5.37,1.2,1.83,55.2,63.2,76.5,77.2,75.5,71.6
129,2009,5.6,6.3,3.81,7.12,3.15,4.55,56.7,66.6,77.0,73.8,74.6,69.7
129,2010,3.76,3.73,3.37,3.48,1.28,0.79,62.1,68.6,79.4,80.4,80.7,71.7
129,2011,12.66,6.72,5.83,7.37,1.71,7.4,59.2,65.1,76.6,82.3,77.9,67.4
129,2012,1.59,1.25,0.45,2.34,4.68,6.84,59.3,72.0,75.6,84.4,76.3,68.6
129,2013,3.82,4.18,4.93,5.58,1.05,2.61,55.7,66.5,74.6,75.6,75.8,71.0
129,2014,8.82,3.42,3.88,4.24,4.63,2.44,57.5,67.4,76.1,73.2,77.1,68.2
129,2015,6.68,3.61,7.1,5.65,3.52,1.72,58.1,67.8,75.8,78.3,74.5,72.4
129,2016,4.95,5.11,3.16,8.0,4.55,3.11,57.0,64.1,78.0,79.1,79.2,73.3
129,2017,8.57,4.44,2.86,4.07,2.52,2.02,61.1,66.5,74.6,79.0,73.8,70.7
129,2018,3.92,4.85,7.99,2.43,1.82,7.53,50.3,73.2,77.6,77.9,77.0,73.7
129,2019,5.43,5.54,5.73,4.1,4.77,0.17,56.9,67.4,73.1,78.3,75.9,75.4
129,2020,3.41,5.24,7.42,6.2,4.23,1.93,53.1,63.6,75.4,79.9,75.2,69.2
129,2021,2.61,3.05,2.9,6.02,3.29,2.56,54.9,62.9,75.1,77.2,77.9,70.4
129,2022,3.8,3.1,1.79,6.69,2.63,2.21,55.0,69.1,76.5,79.8,76.8,69.9
129,2023,3.25,3.16,2.29,2.79,3.96,1.07,57.4,66.6,73.7,78.9,76.5,71.0
129,2024,5.27,5.91,1.6,6.13,1.95,6.14,60.0,70.0,76.8,77.6,77.0,72.4
129,2025,7.07,5.64,5.22,5.2,1.25,2.1,58.4,65.1,76.6,81.9,76.2,71.7
129,2026,2.96,4.15,7.09,2.47,3.38,,65.1,66.0,75.0,79.6,77.6,
131,1895,2.01,1.45,1.62,3.15,2.45,2.51,51.1,62.4,72.5,71.5,72.6,67.8
131,1896,2.89,4.9,3.68,8.89,5.79,4.87,54.2,66.9,68.1,72.4,71.0,60.0
131,1897,2.45,2.69,3.88,1.73,2.03,0.38,46.4,56.5,68.3,75.5,68.6,67.0
131,1898,1.7,4.6,3.72,3.0,4.18,3.07,46.1,59.7,71.1,73.3,70.4,66.4
131,1899,0.75,4.67,2.76,3.01,1.25,2.2,52.2,61.5,71.1,74.8,74.6,63.0
131,1900,1.43,3.39,4.02,5.53,3.64,1.87,50.0,62.2,68.5,72.6,75.6,66.0
131,1901,2.02,2.81,2.98,0.8,2.96,1.24,45.5,56.9,71.0,79.4,73.1,62.6
131,1902,1.88,5.36,10.47,5.95,1.76,4.1,45.8,63.1,66.5,72.7,67.9,59.7
131,1903,5.91,2.92,3.78,4.82,4.18,3.48,48.4,62.7,63.2,72.4,68.7,63.2
131,1904,4.45,3.72,1.33,4.54,2.84,4.07,42.4,59.5,67.4,70.6,67.2,64.2
131,1905,3.99,6.83,4.3,3.76,3.3,3.94,47.5,60.1,68.6,71.6,71.8,64.9
131,1906,2.21,2.08,3.51,4.09,4.47,3.17,50.0,60.9,67.8,70.8,73.7,66.6
131,1907,2.72,3.3,4.97,5.64,4.23,3.8,39.1,53.0,65.2,71.5,67.7,60.9
131,1908,3.63,6.34,1.75,3.66,2.61,1.0,48.2,60.8,68.3,72.9,70.6,67.3
131,1909,5.5,3.75,6.22,4.42,5.24,3.62,45.5,57.0,68.7,69.7,71.8,60.1
131,1910,3.63,4.09,0.95,3.46,3.87,5.26,49.3,53.9,66.0,73.6,69.2,62.9
131,1911,4.6,2.7,3.93,2.52,3.2,5.87,45.6,65.1,71.2,72.8,69.5,65.0
131,1912,3.65,3.84,3.72,5.55,4.79,2.57,48.9,61.6,66.0,72.1,68.0,65.1
131,1913,2.39,4.93,1.41,4.1,3.97,2.26,47.6,59.2,70.5,74.4,73.1,63.0
131,1914,2.16,3.88,2.21,1.1,3.96,2.22,47.8,61.6,71.2,75.2,72.1,63.5
131,1915,2.56,5.42,1.63,6.98,4.2,3.91,54.0,55.8,65.6,70.1,64.7,65.6
131,1916,1.99,6.14,6.63,1.75,3.09,3.98,46.9,60.4,64.4,77.9,74.2,62.6
131,1917,3.02,3.92,4.39,3.49,3.89,1.7,45.9,52.5,65.5,71.2,68.7,60.6
131,1918,2.88,3.99,3.33,3.14,2.72,4.01,44.8,64.2,68.3,70.0,75.2,56.4
131,1919,2.36,5.19,2.77,2.22,2.32,3.14,47.6,56.1,73.0,75.7,69.8,66.3
131,1920,5.24,2.44,3.82,4.56,1.79,1.64,42.9,57.3,69.0,70.0,68.9,65.6
131,1921,4.8,1.88,2.35,2.28,7.86,4.78,52.3,62.8,74.2,78.4,70.2,67.5
131,1922,5.35,3.51,1.44,2.67,2.12,1.79,49.2,64.0,70.5,71.7,71.4,66.9
131,1923,1.61,4.81,2.06,3.31,4.83,3.35,46.4,57.2,71.2,73.1,69.0,64.2
131,1924,3.18,3.18,7.28,2.43,3.29,3.09,47.7,53.1,66.6,69.2,69.6,58.2
131,1925,2.24,0.69,2.28,3.72,1.54,6.23,53.1,55.1,72.0,72.2,71.0,69.2
131,1926,2.95,3.42,4.12,2.96,3.59,7.76,41.1,60.1,63.8,72.2,72.7,63.5
131,1927,6.22,5.07,2.88,4.22,2.56,4.31,47.8,57.7,64.6,71.3,64.0,67.6
131,1928,1.61,2.37,4.6,4.01,4.7,1.11,44.2,58.7,63.0,72.5,71.4,59.6
131,1929,5.71,5.32,4.15,3.09,2.61,2.0,50.3,55.6,66.0,72.8,68.0,63.0
131,1930,4.28,2.33,2.5,3.24,2.82,3.37,49.5,60.6,68.7,73.8,70.6,64.6
131,1931,2.65,4.25,5.06,1.64,4.74,4.64,49.0,56.2,71.9,75.8,71.4,68.8
131,1932,2.3,1.63,4.28,3.49,2.97,4.19,47.5,59.7,70.4,73.5,71.2,62.0
131,1933,4.59,7.06,1.9,2.52,3.21,5.39,48.0,61.7,75.5,74.4,69.0,68.4
131,1934,1.84,0.94,2.6,1.39,6.89,7.86,47.9,64.3,74.7,79.0,70.9,63.4
131,1935,2.47,5.83,3.86,3.47,3.19,2.59,45.2,53.7,66.2,75.6,72.3,63.1
131,1936,2.99,2.93,1.47,0.14,6.34,5.27,44.0,62.9,67.9,79.3,75.8,67.0
131,1937,6.25,2.8,5.24,4.0,2.77,2.83,47.3,60.1,67.5,73.1,73.9,62.3
131,1938,2.98,4.2,5.82,5.22,2.75,5.24,50.1,59.2,67.3,73.1,73.2,64.3
131,1939,5.01,1.16,5.97,2.65,2.15,0.41,44.3,62.2,71.2,72.5,70.9,68.1
131,1940,3.57,5.36,3.91,0.83,3.66,1.33,44.8,56.0,70.3,73.9,72.5,62.6
131,1941,2.94,2.73,4.08,1.85,2.11,1.95,54.1,62.7,69.8,74.7,72.1,68.0
131,1942,2.37,3.56,3.64,5.79,3.46,4.79,53.3,61.3,69.7,74.1,69.3,61.5
131,1943,3.26,8.56,3.87,4.3,6.16,3.03,45.7,58.2,72.6,73.5,71.5,59.7
131,1944,5.83,4.94,1.77,1.38,3.43,1.88,46.4,65.5,73.3,73.9,72.9,64.4
131,1945,3.62,5.72,3.73,3.69,3.13,6.22,49.4,54.1,66.0,71.0,70.5,64.3
131,1946,1.31,3.77,5.99,0.99,2.0,1.68,50.7,57.3,68.9,73.7,67.6,64.8
131,1947,5.86,4.26,4.53,1.78,2.59,4.57,47.1,55.2,66.8,69.9,78.8,65.5
131,1948,2.54,5.35,6.21,2.99,2.26,2.92,52.9,57.0,68.9,73.8,71.4,66.5
131,1949,2.15,4.89,4.47,5.02,1.98,1.89,47.5,61.5,72.2,76.5,71.6,59.5
131,1950,6.34,1.15,6.69,6.71,2.37,4.11,42.7,61.2,68.1,70.0,68.4,62.6
131,1951,3.68,3.95,3.7,5.35,2.25,2.24,45.6,61.6,66.6,71.5,68.1,60.8
131,1952,4.53,5.31,5.41,2.58,4.68,1.78,49.0,58.1,73.8,75.7,70.1,63.3
131,1953,3.68,2.82,5.21,4.55,2.24,2.04,45.0,61.5,72.8,73.8,71.2,64.2
131,1954,4.18,2.75,4.4,4.62,4.5,0.87,53.0,55.1,72.8,73.5,70.1,66.8
131,1955,3.42,3.75,3.6,4.75,4.34,2.04,54.6,61.2,66.2,78.2,74.9,64.9
131,1956,4.47,5.52,1.57,3.34,2.98,0.87,46.4,60.1,71.8,72.1,71.4,62.5
131,1957,7.52,4.12,7.44,5.54,3.01,2.42,48.7,59.7,69.9,74.0,70.9,61.6
131,1958,1.64,1.75,11.71,5.37,4.28,2.85,49.7,59.7,63.8,72.2,70.4,63.8
131,1959,5.62,3.24,1.5,4.1,2.42,3.99,48.0,64.3,70.9,72.0,75.8,66.3
131,1960,3.93,3.12,4.29,3.04,5.5,2.87,52.6,57.1,67.3,71.3,71.7,67.1
131,1961,5.14,2.45,5.08,7.73,3.16,5.69,43.0,55.0,67.5,72.0,70.8,68.6
131,1962,1.59,3.31,3.52,4.31,3.46,1.44,47.5,66.1,70.1,70.0,70.7,60.9
131,1963,3.9,2.36,3.87,6.14,2.18,1.56,50.3,57.6,69.9,71.8,67.2,62.9
131,1964,4.67,0.78,4.57,3.66,2.23,3.3,50.0,65.0,71.1,73.1,68.9,63.8
131,1965,4.88,2.15,2.87,3.89,5.58,4.76,48.2,65.6,68.9,70.3,67.9,64.3
131,1966,4.63,4.33,2.74,2.93,2.5,4.05,45.6,54.0,70.0,74.9,68.9,61.5
131,1967,5.69,3.78,5.53,1.27,3.47,1.4,50.2,55.4,71.3,69.8,66.7,61.1
131,1968,4.29,4.5,5.12,2.79,5.46,2.63,50.8,56.2,70.0,72.2,71.5,63.5
131,1969,4.32,3.28,4.11,8.29,1.24,3.06,50.4,59.6,66.1,73.2,70.4,63.7
131,1970,6.4,4.4,3.53,4.75,2.4,7.55,49.8,63.1,68.4,72.4,70.4,65.0
131,1971,1.08,2.35,4.73,5.38,3.94,4.82,47.4,57.0,73.2,69.5,67.8,66.3
131,1972,5.48,3.12,3.11,2.94,4.66,8.07,46.7,61.8,64.6,71.6,70.2,63.4
131,1973,4.32,3.5,5.23,5.32,3.18,1.81,48.8,56.2,70.8,72.8,71.1,66.3
131,1974,3.77,6.16,3.76,1.23,1.66,3.12,51.3,57.5,66.0,74.3,70.6,59.2
131,1975,3.81,4.18,8.21,0.97,6.41,2.54,43.9,63.8,69.9,71.4,72.3,59.2
131,1976,2.6,2.84,4.69,3.13,1.77,2.75,51.8,56.7,69.8,72.1,67.0,61.1
131,1977,2.01,2.57,3.29,3.85,6.36,5.88,54.9,68.0,67.1,75.0,69.3,64.9
131,1978,3.63,4.22,2.87,2.73,2.79,1.39,49.2,58.4,69.1,71.9,70.7,68.1
131,1979,4.89,2.3,3.29,3.62,5.96,0.01,46.3,58.5,68.8,70.4,69.2,63.4
131,1980,3.01,2.11,5.26,1.65,7.61,3.46,46.5,61.4,66.5,76.0,73.5,65.0
131,1981,7.28,7.09,7.07,3.98,3.52,3.97,53.2,56.4,69.9,72.1,70.2,62.7
131,1982,2.69,3.81,3.05,4.27,2.22,2.16,44.2,65.8,64.8,73.3,68.2,62.3
131,1983,5.71,4.02,2.99,2.06,2.69,1.99,45.3,56.2,70.5,76.5,75.5,64.4
131,1984,3.06,6.08,2.69,2.67,1.43,2.36,46.7,56.4,72.5,70.5,72.8,63.1
131,1985,1.93,2.0,2.86,3.65,5.07,1.5,54.6,63.5,67.0,72.4,68.7,65.5
131,1986,1.88,5.55,6.22,5.2,1.23,5.24,52.5,60.4,69.9,75.2,67.8,66.6
131,1987,2.35,4.78,4.43,4.56,7.22,2.73,50.4,64.7,72.4,75.2,71.4,64.5
131,1988,2.65,1.4,1.47,2.41,4.51,3.12,48.4,62.3,71.6,74.7,75.5,64.1
131,1989,3.1,5.26,5.17,4.26,2.84,5.65,47.4,57.0,68.9,73.5,70.0,61.1
131,1990,2.21,4.22,3.71,6.04,7.66,1.42,48.5,56.8,69.4,71.5,69.6,64.6
131,1991,3.24,4.81,0.82,2.23,3.32,2.64,52.8,66.8,73.4,74.6,71.7,62.6
131,1992,3.07,1.18,2.52,6.81,2.28,6.41,46.5,58.3,65.2,70.0,66.4,62.1
131,1993,4.8,3.31,7.4,4.87,5.24,8.08,46.6,61.1,67.8,74.0,72.7,59.4
131,1994,5.74,2.0,6.58,4.44,2.49,2.18,50.6,57.5,70.6,71.9,67.8,63.8
131,1995,4.86,5.93,3.98,3.27,3.22,0.8,46.8,58.1,71.3,74.8,77.7,62.0
131,1996,4.16,7.08,5.22,8.64,2.41,3.21,45.9,57.6,69.8,69.8,71.6,62.5
131,1997,1.53,5.24,4.9,5.33,4.16,3.13,44.6,54.1,69.0,72.2,67.9,63.5
131,1998,4.52,3.59,6.92,4.99,3.85,2.08,51.2,65.8,70.0,72.6,72.8,68.2
131,1999,6.83,2.65,3.22,3.29,2.96,1.79,51.5,63.5,70.7,77.5,69.4,64.1
131,2000,2.75,4.09,5.96,3.33,2.54,3.65,48.3,62.5,68.8,70.6,71.2,63.8
131,2001,3.27,4.78,4.47,4.64,4.21,2.83,54.0,63.0,67.7,72.6,72.6,61.8
131,2002,4.21,5.02,2.49,4.19,3.03,2.18,50.3,55.7,71.8,76.3,72.4,67.3
131,2003,2.65,6.34,2.75,11.7,1.9,4.98,51.1,57.6,66.6,71.5,72.7,62.2
131,2004,0.68,6.05,4.07,4.93,8.49,1.28,51.5,63.2,67.8,71.0,66.5,65.8
131,2005,1.62,1.21,3.17,4.69,3.82,5.07,52.5,58.3,73.4,74.7,73.3,68.0
131,2006,3.43,4.78,3.4,5.91,7.42,1.83,53.5,58.1,69.0,74.6,71.9,61.5
131,2007,4.58,1.95,3.52,5.28,7.82,0.99,46.8,64.7,70.9,70.5,73.6,67.0
131,2008,2.82,4.42,5.46,3.06,5.85,6.62,50.6,55.9,70.7,71.8,69.6,65.9
131,2009,4.52,4.02,3.87,2.1,4.12,0.61,48.4,60.4,70.2,68.1,69.4,63.8
131,2010,3.22,5.24,6.64,6.08,2.01,2.74,55.4,62.8,72.2,75.3,74.5,65.2
131,2011,8.15,5.96,5.1,4.76,2.84,4.75,49.3,60.9,71.7,77.3,71.5,62.0
131,2012,1.77,1.29,3.07,3.41,3.54,2.87,50.9,66.5,71.0,78.4,70.6,63.1
131,2013,6.18,4.5,8.08,1.91,3.15,3.83,48.4,63.6,69.7,71.5,70.2,65.5
131,2014,3.27,4.23,6.37,2.8,9.15,4.88,49.3,61.2,71.9,68.0,71.2,62.7
131,2015,2.55,5.5,11.8,5.19,2.7,2.96,50.2,63.6,69.2,71.2,70.0,68.2
131,2016,4.49,3.12,2.93,4.61,10.01,4.89,49.1,59.3,71.7,73.2,74.4,68.9
131,2017,4.35,6.21,4.01,7.05,3.02,1.74,54.2,57.9,70.6,72.8,68.4,66.0
131,2018,2.33,4.14,5.86,1.9,5.05,2.6,41.8,67.5,72.0,73.4,73.1,68.1
131,2019,5.63,6.38,3.92,2.45,2.47,6.34,49.0,59.1,68.8,75.8,70.7,68.2
131,2020,3.23,3.66,3.53,2.31,3.09,1.61,46.4,58.7,72.1,75.7,71.4,63.6
131,2021,2.53,4.85,8.15,3.38,3.79,2.24,49.4,57.5,71.1,72.5,73.8,68.0
131,2022,2.57,3.47,4.0,4.68,3.83,1.43,45.4,61.7,70.4,73.2,71.7,64.5
131,2023,2.08,2.65,2.33,5.34,4.43,1.69,50.5,61.4,69.0,72.5,70.3,65.5
131,2024,7.33,3.6,5.0,8.22,3.04,1.48,51.7,65.0,71.9,71.2,71.2,66.8
131,2025,3.51,3.42,4.87,5.08,2.0,1.76,49.5,58.7,72.3,76.4,70.5,65.9
131,2026,8.63,1.37,8.95,2.49,8.45,,55.7,59.2,69.3,74.7,71.1,
133,1895,2.92,1.13,2.73,3.53,2.0,3.96,52.5,61.7,72.7,70.7,73.0,68.2
133,1896,1.19,4.53,5.29,7.12,4.8,4.79,58.4,68.8,70.7,74.3,72.7,62.9
133,1897,3.99,2.43,5.34,3.06,0.88,0.38,49.7,57.3,69.3,76.1,71.1,69.3
133,1898,2.17,3.38,4.7,2.27,3.31,5.26,49.5,62.2,72.4,74.1,71.8,67.7
133,1899,1.73,3.95,2.28,3.05,1.85,1.53,51.8,63.2,73.4,75.4,76.0,66.0
133,1900,0.86,5.73,7.26,4.62,2.54,2.24,52.2,64.7,70.5,75.3,78.4,70.2
133,1901,2.85,2.55,6.94,0.23,3.5,0.71,48.1,59.8,72.8,80.9,74.7,66.5
133,1902,1.68,3.28,6.76,3.72,2.9,5.42,50.0,66.4,69.7,75.8,70.7,63.2
133,1903,4.42,4.39,3.46,2.81,5.13,2.03,51.4,65.0,65.7,75.6,71.7,65.9
133,1904,3.22,2.81,2.96,3.03,2.35,3.31,46.0,61.1,69.0,72.7,70.9,66.4
133,1905,3.47,6.44,4.03,4.62,4.28,4.87,50.9,62.8,71.5,73.0,72.3,65.5
133,1906,2.56,3.49,2.75,2.92,3.21,4.89,53.0,62.9,69.9,72.8,75.2,70.7
133,1907,2.66,3.8,3.04,4.05,2.97,2.02,40.7,54.7,65.4,72.5,69.5,63.0
133,1908,5.73,6.4,1.58,2.01,1.2,0.88,50.3,61.8,68.4,73.4,72.2,68.3
133,1909,5.55,5.62,6.66,5.65,3.17,2.6,48.5,57.2,70.1,70.2,73.0,62.1
133,1910,3.17,3.54,2.36,7.46,2.1,4.76,50.0,55.0,67.3,73.0,69.9,65.5
133,1911,5.54,1.62,2.22,1.9,2.56,7.23,47.4,66.4,72.6,74.4,72.1,68.0
133,1912,5.37,4.76,3.24,4.8,5.49,3.03,52.4,63.0,67.1,73.7,70.0,66.5
133,1913,2.89,1.34,2.81,1.82,2.82,2.96,50.2,62.5,72.3,77.0,75.3,64.9
133,1914,2.98,1.96,1.65,1.72,4.2,2.6,51.0,64.1,74.8,77.4,73.7,64.8
133,1915,1.06,5.09,2.91,8.34,8.12,4.67,55.9,58.7,67.8,71.7,66.0,66.5
133,1916,1.39,3.86,8.18,1.51,2.24,2.03,49.2,63.5,66.8,80.4,74.7,63.8
133,1917,4.13,5.26,7.64,3.13,2.27,2.76,48.9,55.8,68.1,73.7,71.6,64.4
133,1918,6.28,4.43,3.35,2.88,2.66,4.55,47.9,67.2,71.0,72.4,77.9,58.4
133,1919,2.69,4.56,2.71,1.09,2.1,1.55,51.6,58.7,74.6,78.4,72.4,68.7
133,1920,6.0,3.67,2.15,3.46,3.03,2.12,45.9,60.5,70.1,72.4,71.3,68.7
133,1921,3.94,2.02,3.13,1.79,6.98,6.87,55.0,64.6,76.0,80.3,72.1,70.4
133,1922,10.07,3.33,1.5,4.15,2.66,1.52,53.3,65.1,72.4,73.0,72.3,69.4
133,1923,2.36,6.98,2.91,3.24,4.89,3.4,48.5,59.6,71.3,74.3,71.2,64.9
133,1924,3.18,5.0,6.19,1.22,5.9,2.31,51.7,53.6,67.8,70.8,71.3,61.4
133,1925,2.64,1.1,6.62,5.73,2.4,5.51,56.2,57.7,74.1,74.4,73.2,72.5
133,1926,3.97,3.44,2.18,3.37,8.6,10.84,44.2,63.4,66.8,76.8,74.9,67.2
133,1927,5.17,6.92,2.53,2.52,4.72,6.36,51.2,59.7,65.6,73.7,66.3,69.9
133,1928,2.85,3.1,8.23,4.02,3.94,2.4,45.4,60.4,65.1,74.2,73.5,61.1
133,1929,4.94,9.73,5.35,5.88,2.33,2.34,54.1,58.0,67.6,74.6,70.6,65.4
133,1930,3.09,1.79,2.6,2.09,1.69,3.37,53.7,62.8,70.4,76.5,74.5,67.3
133,1931,2.27,2.96,4.35,3.46,2.89,5.26,51.7,58.3,73.2,77.2,72.7,70.8
133,1932,1.96,1.75,5.96,3.28,4.18,5.99,50.8,62.0,71.7,75.8,72.9,64.6
133,1933,3.88,9.07,0.28,1.48,2.51,4.09,50.6,64.0,76.5,77.3,71.8,71.1
133,1934,2.21,1.07,3.63,2.53,5.16,6.69,51.0,65.3,76.9,79.9,72.5,64.4
133,1935,1.83,8.02,4.42,3.39,2.38,2.94,48.0,56.6,66.8,76.6,74.2,65.0
133,1936,3.41,1.64,0.79,1.3,2.54,5.91,46.5,64.4,71.4,81.6,78.8,69.0
133,1937,5.31,3.53,4.88,4.18,3.64,2.98,49.9,61.6,69.8,73.1,75.0,63.2
133,1938,3.41,5.87,5.16,6.12,4.42,1.37,53.1,60.8,68.8,74.6,74.3,67.4
133,1939,5.96,1.7,6.09,3.89,2.1,0.79,47.7,63.8,72.0,73.9,71.9,71.0
133,1940,5.69,5.4,4.14,0.94,2.89,1.25,48.2,58.0,70.7,74.4,74.3,63.6
133,1941,2.65,2.69,6.44,1.41,2.22,3.58,56.4,64.7,71.0,75.1,73.4,68.9
133,1942,2.83,5.18,7.54,4.14,2.86,2.46,55.3,62.2,70.9,75.0,71.5,63.9
133,1943,2.5,10.61,2.51,2.88,2.57,3.73,49.3,61.2,74.4,75.2,74.3,61.6
133,1944,6.33,3.86,3.51,1.97,3.77,1.77,48.9,67.2,74.4,74.9,73.4,66.0
133,1945,4.18,5.18,7.99,2.56,3.99,5.82,52.9,57.2,68.0,72.2,72.0,67.2
133,1946,1.46,8.52,2.88,2.0,3.26,1.26,53.3,58.7,70.7,74.3,68.3,64.4
133,1947,6.14,4.79,6.57,2.36,6.41,4.74,50.0,57.5,67.4,69.7,77.9,65.6
133,1948,3.16,3.43,4.56,5.28,2.18,3.35,54.2,59.5,70.5,73.9,72.2,66.2
133,1949,1.72,3.3,4.7,3.91,3.26,1.9,50.3,63.1,73.2,78.7,73.2,60.5
133,1950,3.98,1.71,5.99,3.26,2.41,6.45,45.1,62.8,68.8,72.1,69.9,63.8
133,1951,3.27,3.62,5.32,6.61,2.13,2.49,47.7,63.5,69.6,73.9,71.3,62.5
133,1952,4.21,3.51,8.07,2.39,2.81,2.79,51.8,60.9,76.4,76.9,71.6,65.1
133,1953,3.1,3.59,4.12,5.43,1.31,0.93,46.8,64.0,76.0,75.2,73.7,66.9
133,1954,3.03,3.03,2.23,2.6,4.06,1.16,56.0,57.6,75.2,77.3,72.9,69.1
133,1955,4.03,4.54,3.4,4.13,1.39,6.42,57.2,62.8,66.0,79.2,76.0,69.1
133,1956,4.71,5.52,4.18,3.46,2.69,1.46,48.5,62.1,71.7,73.1,72.7,64.1
133,1957,6.8,6.36,10.02,3.95,4.74,1.58,52.2,62.4,71.2,74.5,72.7,63.7
133,1958,2.68,4.11,8.15,7.98,3.73,4.0,51.9,60.8,66.8,72.7,71.7,65.2
133,1959,4.84,3.39,2.65,2.62,3.64,3.19,52.6,65.9,71.7,74.3,76.3,67.6
133,1960,1.98,4.53,7.25,2.58,3.72,1.62,55.4,58.2,68.8,72.2,73.8,69.9
133,1961,5.38,6.18,4.53,3.39,3.16,3.82,45.5,56.4,68.4,73.6,71.3,69.7
133,1962,1.77,5.21,2.94,8.11,3.41,4.27,49.0,68.0,71.2,72.2,71.6,62.1
133,1963,3.18,2.18,1.91,5.41,4.23,0.25,53.5,60.0,71.6,72.9,69.4,64.7
133,1964,8.54,1.73,3.41,3.64,1.37,1.3,53.4,65.6,72.6,74.6,71.2,66.0
133,1965,4.45,3.45,4.08,4.02,3.93,5.15,52.5,67.8,70.0,71.7,70.0,66.2
133,1966,4.1,2.17,2.11,3.09,2.05,5.08,48.5,57.1,70.2,76.9,70.9,63.2
133,1967,3.52,5.7,1.77,2.59,3.33,1.76,53.0,57.2,71.0,71.4,67.9,62.0
133,1968,3.2,9.1,3.9,2.24,3.26,2.56,52.3,57.4,71.3,74.6,72.9,65.2
133,1969,4.7,2.17,4.83,5.69,2.0,4.65,52.0,62.0,68.4,75.0,71.6,64.1
133,1970,5.68,3.6,3.42,3.78,3.05,3.97,52.9,64.2,69.5,72.9,72.1,68.5
133,1971,0.93,5.07,5.09,6.42,2.6,3.52,50.2,57.6,73.9,71.2,69.6,68.1
133,1972,6.42,2.53,4.16,2.58,3.64,5.49,49.6,63.6,66.2,73.1,71.5,66.9
133,1973,3.78,2.49,8.1,6.37,3.79,1.47,50.1,57.9,71.4,74.8,72.9,68.1
133,1974,4.1,7.95,5.15,0.84,6.27,4.32,53.0,60.0,66.3,75.1,71.7,60.3
133,1975,3.7,3.49,3.93,2.68,4.97,2.27,47.6,64.3,71.3,73.0,75.0,61.2
133,1976,1.14,2.18,5.84,3.38,1.94,2.71,53.1,57.6,69.8,72.6,69.2,62.3
133,1977,2.33,2.84,3.36,5.15,6.42,2.2,56.2,68.0,68.7,76.6,71.3,67.5
133,1978,3.39,5.02,2.27,6.53,7.17,1.54,51.8,58.8,71.0,73.9,71.6,69.0
133,1979,4.05,3.33,4.35,10.88,9.38,0.38,48.7,59.9,70.3,71.6,71.5,64.4
133,1980,2.59,2.42,5.53,5.08,5.56,3.96,48.2,62.6,68.5,77.5,76.0,67.1
133,1981,6.23,9.83,1.54,7.92,4.15,4.05,56.1,57.5,72.2,74.3,71.3,63.8
133,1982,2.68,5.92,5.47,5.19,3.61,1.83,46.3,66.5,65.7,74.4,69.6,63.7
133,1983,4.26,5.29,3.78,2.13,3.0,1.55,46.9,57.8,71.0,77.8,76.8,66.2
133,1984,4.61,4.37,2.1,3.77,2.01,4.83,49.0,58.2,73.9,71.5,73.0,63.4
133,1985,2.45,4.33,3.66,3.64,6.3,1.79,56.5,63.2,68.7,72.7,70.2,66.0
133,1986,2.65,6.27,4.4,5.74,1.9,3.73,53.7,62.3,71.5,76.3,68.1,67.8
133,1987,2.69,2.48,5.35,8.66,1.62,2.43,50.9,67.4,72.4,74.7,73.1,66.5
133,1988,3.52,1.13,0.26,4.3,1.6,2.12,50.6,62.7,72.1,76.0,76.1,65.6
133,1989,5.61,5.61,2.35,5.03,7.76,7.51,50.0,57.3,70.0,73.9,70.9,62.2
133,1990,2.42,7.16,4.35,6.36,3.89,2.36,50.0,58.7,69.7,72.3,70.1,65.9
133,1991,3.5,3.62,1.79,3.25,2.93,1.68,54.8,68.0,73.2,74.8,72.6,65.4
133,1992,5.27,1.75,2.08,10.56,2.62,4.7,50.0,59.1,66.2,72.3,67.5,63.5
133,1993,4.68,4.18,5.36,4.17,6.83,6.47,48.5,61.8,68.8,75.7,73.0,60.5
133,1994,5.68,3.42,4.53,2.83,2.51,2.9,52.4,57.8,72.8,72.7,68.8,63.9
133,1995,3.7,6.39,3.67,2.04,4.51,0.7,50.0,60.1,71.0,74.4,77.2,62.6
133,1996,7.21,9.15,4.28,3.14,1.65,4.15,47.4,60.5,69.7,71.0,72.3,63.1
133,1997,2.2,4.9,4.67,1.39,3.14,2.36,46.7,55.9,68.2,73.3,69.3,64.8
133,1998,5.2,5.62,10.69,3.81,2.61,1.0,52.3,65.9,70.7,72.7,73.3,69.4
133,1999,4.5,3.64,5.02,3.87,1.3,1.0,53.0,63.0,71.4,77.0,70.6,65.5
133,2000,3.96,4.4,6.04,3.26,6.01,6.16,49.6,63.6,70.0,71.1,71.0,63.6
133,2001,2.51,3.36,4.56,6.48,3.83,3.75,56.5,63.4,68.3,73.0,72.9,62.9
133,2002,5.86,8.39,4.14,3.56,2.74,4.29,52.9,58.0,72.1,75.9,74.0,67.8
133,2003,2.58,6.2,2.71,9.48,2.28,9.35,52.8,60.2,65.9,72.3,72.8,62.2
133,2004,1.28,7.46,3.57,5.61,3.77,0.4,53.0,65.7,68.7,71.0,67.6,66.2
133,2005,3.74,3.52,4.08,5.23,5.45,4.78,53.8,58.6,72.1,74.1,74.1,68.6
133,2006,4.29,5.04,5.62,3.38,3.92,5.53,55.3,59.3,69.0,74.4,72.7,61.8
133,2007,3.52,1.9,3.69,3.55,2.98,2.63,48.5,65.6,70.9,70.4,76.7,67.8
133,2008,3.2,6.31,13.03,6.41,1.16,3.33,51.1,56.6,71.4,72.2,70.0,66.5
133,2009,7.32,7.36,5.87,4.64,3.59,1.36,51.2,61.5,71.1,67.9,69.7,65.1
133,2010,2.73,5.14,9.9,4.92,0.78,1.18,57.0,63.3,73.6,75.2,74.6,66.5
133,2011,10.87,4.79,5.78,1.87,1.88,4.19,53.4,61.9,71.4,77.9,72.3,63.5
133,2012,2.71,2.85,0.58,0.69,6.0,6.45,52.4,66.9,70.0,80.4,71.3,63.0
133,2013,9.52,3.93,5.54,3.82,1.22,3.33,50.6,64.0,70.2,71.4,71.2,67.0
133,2014,5.6,3.49,6.05,3.66,3.71,3.07,52.6,62.7,71.9,67.9,71.7,63.3
133,2015,5.27,3.25,9.16,8.36,1.88,2.06,52.6,64.7,70.5,72.4,69.8,68.0
133,2016,4.05,3.52,4.69,6.08,5.51,4.27,52.1,60.3,72.6,73.9,75.2,69.6
133,2017,5.55,6.74,3.82,6.51,1.89,0.77,56.7,60.9,70.5,73.9,69.8,67.8
133,2018,4.81,2.38,6.82,3.42,5.88,6.51,45.0,70.4,73.5,73.7,73.5,69.8
133,2019,5.16,5.63,6.38,4.02,4.64,1.24,51.8,62.2,69.4,75.3,71.6,70.4
133,2020,2.15,5.46,3.94,4.78,2.26,0.4,48.4,59.3,71.4,75.7,71.5,64.9
133,2021,2.52,3.67,6.34,6.12,2.39,3.95,51.4,59.4,72.2,73.1,74.8,68.2
133,2022,3.16,4.96,1.52,3.39,6.6,1.76,49.4,64.6,71.7,75.1,72.4,65.7
133,2023,2.32,2.89,2.01,6.09,4.22,1.33,52.4,62.0,68.8,73.8,71.7,66.5
133,2024,7.14,4.76,2.48,5.04,2.65,2.28,54.9,66.8,72.1,72.4,73.3,68.0
133,2025,8.1,3.82,6.21,6.87,1.49,1.69,52.7,60.9,72.9,77.5,71.1,67.0
133,2026,4.04,6.3,6.54,2.8,6.67,,58.2,60.0,70.1,75.1,72.6,
135,1895,1.47,1.58,4.04,0.82,2.34,2.82,51.6,61.3,71.9,71.6,72.6,68.2
135,1896,1.97,3.87,4.2,8.48,8.74,5.66,57.2,67.6,68.6,72.8,70.4,60.8
135,1897,4.5,3.5,3.8,2.93,1.94,0.87,47.7,55.8,67.7,75.2,67.9,65.9
135,1898,2.59,4.89,2.77,2.83,3.52,3.38,47.0,60.7,70.6,74.5,71.7,68.0
135,1899,1.26,2.25,1.98,3.7,2.63,1.63,52.6,62.5,71.6,73.3,73.6,63.8
135,1900,2.06,4.62,5.0,4.31,3.32,2.54,49.1,62.6,69.0,72.9,75.6,68.1
135,1901,2.82,2.78,4.34,1.91,3.8,1.45,46.3,58.6,71.4,78.6,72.4,64.3
135,1902,1.86,3.2,8.41,2.16,1.86,4.81,48.3,64.0,67.7,74.4,68.8,62.8
135,1903,3.41,4.59,3.89,3.12,3.19,1.63,49.3,63.6,64.2,73.2,70.2,64.3
135,1904,4.33,3.82,3.58,2.49,2.11,2.65,43.5,59.8,67.4,70.8,68.2,64.6
135,1905,4.37,5.66,2.57,2.58,5.76,4.95,48.9,61.0,69.8,72.9,71.7,64.7
135,1906,2.06,2.25,2.71,3.11,6.13,2.22,51.5,61.9,68.9,71.9,73.7,67.4
135,1907,2.43,2.88,6.67,5.75,3.43,2.99,40.3,54.0,65.4,72.4,68.3,63.1
135,1908,3.35,4.55,2.86,3.57,1.88,0.73,50.5,61.9,68.6,73.2,71.0,67.9
135,1909,4.52,5.05,5.69,5.14,3.9,1.79,47.4,58.0,70.5,70.0,71.7,61.4
135,1910,3.26,3.82,1.92,3.23,1.03,7.05,50.4,55.2,66.0,73.0,69.7,64.6
135,1911,4.5,1.82,4.24,1.32,4.67,4.63,46.7,66.0,70.2,73.0,71.0,66.9
135,1912,4.51,3.51,2.67,5.99,5.19,3.48,51.1,62.4,66.2,72.7,68.5,65.2
135,1913,4.11,2.82,3.76,5.47,2.24,2.45,48.5,60.4,70.3,74.3,72.8,63.5
135,1914,3.48,2.35,2.8,2.71,4.54,1.96,49.5,62.7,71.6,74.9,72.0,63.3
135,1915,1.91,4.66,3.49,7.77,6.34,4.63,54.7,56.8,66.5,70.5,65.2,65.6
135,1916,2.75,3.96,5.2,1.17,4.02,2.28,47.9,61.7,64.5,77.4,73.3,63.0
135,1917,5.13,4.11,5.24,3.4,2.6,2.02,47.0,53.4,66.6,71.8,69.9,61.4
135,1918,4.71,3.82,3.44,2.76,3.65,3.93,46.4,65.7,68.9,70.5,76.6,56.3
135,1919,3.55,4.14,2.16,3.79,2.92,1.95,48.6,57.0,73.8,75.1,69.9,66.2
135,1920,6.92,2.71,4.22,5.24,3.91,1.88,44.2,58.4,69.1,70.2,69.0,66.1
135,1921,4.8,2.6,3.03,1.78,4.0,4.56,53.2,62.4,74.3,78.9,70.4,69.8
135,1922,8.23,3.93,2.18,4.13,3.26,2.46,52.1,64.6,71.3,72.2,70.6,67.8
135,1923,2.13,4.1,3.39,3.94,5.84,3.52,47.7,57.9,71.0,73.0,69.8,64.6
135,1924,2.24,3.66,9.35,2.03,1.99,3.74,49.9,53.7,68.0,69.6,70.7,59.6
135,1925,3.3,2.08,3.36,5.16,2.11,6.42,54.0,55.9,72.6,71.8,70.7,70.4
135,1926,3.24,3.12,2.83,2.56,8.23,11.56,42.7,60.5,65.0,72.6,73.0,65.8
135,1927,5.91,5.27,3.83,3.6,3.17,3.71,49.1,59.1,64.0,71.9,64.6,67.8
135,1928,3.18,2.49,8.36,3.96,2.0,0.5,45.4,58.4,63.4,72.4,72.5,60.6
135,1929,4.4,6.47,7.27,5.36,3.17,2.47,52.2,57.5,66.2,72.4,67.7,63.9
135,1930,2.37,1.67,4.06,2.48,3.13,3.71,50.8,61.2,68.0,73.7,70.3,64.6
135,1931,3.44,2.13,4.94,4.28,5.12,3.43,49.1,57.6,71.7,76.2,71.0,68.4
135,1932,2.27,0.74,6.56,2.34,1.42,6.94,48.2,60.2,70.9,73.8,71.2,63.6
135,1933,3.19,10.2,0.65,1.87,4.13,7.51,49.0,63.0,75.0,74.4,69.8,68.8
135,1934,1.9,0.71,3.08,1.74,3.83,4.32,48.8,63.4,75.5,79.0,71.7,65.2
135,1935,2.39,6.21,4.17,5.21,2.3,3.48,46.3,55.6,66.4,76.2,72.8,63.6
135,1936,3.16,2.43,1.71,1.93,3.68,4.18,44.8,63.1,69.1,78.7,76.1,68.1
135,1937,4.47,3.69,5.39,4.66,4.44,2.68,48.6,59.7,68.1,71.4,72.8,61.3
135,1938,3.36,6.57,5.85,5.47,1.64,4.09,50.8,59.7,67.0,72.5,73.1,65.2
135,1939,5.65,1.41,6.79,4.52,2.68,0.87,45.3,62.5,71.1,72.0,70.4,68.9
135,1940,6.11,4.19,2.29,1.94,2.54,0.9,45.2,56.4,70.3,73.4,72.5,62.0
135,1941,2.21,1.64,6.71,4.46,2.23,2.19,53.9,62.6,69.1,73.1,70.6,67.3
135,1942,2.93,4.02,4.31,4.94,3.78,2.8,52.7,60.9,69.7,73.5,69.7,62.3
135,1943,2.33,7.76,2.94,4.34,3.55,3.53,45.1,60.2,73.4,73.3,71.5,60.5
135,1944,6.18,3.73,1.74,1.55,3.98,1.85,47.4,65.9,73.5,74.1,72.9,64.5
135,1945,4.16,3.33,7.56,3.55,2.36,6.77,51.0,54.6,67.0,70.7,70.2,66.2
135,1946,1.67,6.53,3.96,3.0,1.57,0.54,49.7,57.0,68.6,72.4,66.1,64.6
135,1947,6.59,5.41,5.74,4.28,4.53,3.45,48.1,56.5,66.5,68.2,76.5,64.9
135,1948,5.76,3.38,5.33,3.4,1.9,3.14,52.9,58.5,69.0,72.9,70.6,65.5
135,1949,2.76,3.77,5.85,4.52,2.89,3.08,47.0,60.6,71.9,76.5,71.2,58.2
135,1950,4.09,2.48,7.26,4.72,4.25,5.43,42.9,61.0,66.6,69.9,67.8,62.1
135,1951,3.51,3.89,4.8,3.05,1.41,2.78,46.4,61.6,68.4,71.8,69.9,61.8
135,1952,3.85,3.82,2.41,2.71,3.94,5.05,49.4,58.8,74.3,76.2,70.0,63.1
135,1953,3.09,5.89,2.37,4.7,2.11,1.26,44.5,62.2,72.6,73.3,71.5,64.7
135,1954,3.38,2.6,2.79,3.35,5.01,0.32,54.6,54.9,72.1,73.6,70.4,67.0
135,1955,3.04,3.59,2.98,4.34,2.7,6.44,54.9,61.5,65.2,77.0,74.0,65.7
135,1956,4.23,4.48,3.94,3.03,2.71,0.67,46.4,60.3,69.6,71.5,71.5,61.8
135,1957,7.76,5.96,9.43,3.95,2.1,3.19,50.7,60.0,69.7,73.2,71.1,63.6
135,1958,3.63,4.15,13.32,5.71,4.17,3.48,49.7,58.1,64.7,71.7,69.8,63.3
135,1959,4.7,4.18,1.33,3.37,1.71,2.64,49.7,63.8,69.9,72.6,75.5,66.3
135,1960,1.63,4.39,2.79,3.36,2.94,0.81,52.4,57.2,66.8,69.4,72.1,67.4
135,1961,5.8,2.62,4.17,5.51,3.41,4.53,43.3,55.0,66.6,71.7,70.1,67.6
135,1962,0.78,4.8,2.94,9.08,2.95,1.69,47.9,65.9,69.3,70.6,70.0,60.5
135,1963,3.61,2.55,1.5,4.35,2.21,0.19,50.0,57.0,69.4,71.8,66.9,62.5
135,1964,9.59,1.12,4.35,3.34,1.63,1.07,51.0,63.4,70.3,73.0,69.3,64.3
135,1965,5.71,2.29,1.93,2.85,2.42,5.4,48.5,66.5,69.2,70.3,69.2,65.6
135,1966,3.21,3.22,2.09,2.73,2.37,4.94,46.4,54.8,69.2,74.9,69.5,61.6
135,1967,3.91,5.11,3.33,1.76,1.34,1.47,50.8,54.9,70.6,70.1,67.3,60.3
135,1968,2.66,7.14,5.11,3.68,4.94,2.7,50.5,56.2,69.7,72.6,71.8,63.6
135,1969,3.82,3.92,4.74,4.44,4.26,4.84,50.5,60.3,66.6,73.8,69.7,62.5
135,1970,5.04,2.54,4.11,3.79,2.2,2.46,50.8,63.3,68.7,72.1,70.6,67.1
135,1971,1.21,5.5,3.42,3.8,1.7,4.96,47.3,56.2,72.6,70.1,68.1,67.0
135,1972,6.36,4.85,3.74,3.1,1.81,7.88,47.9,61.6,64.4,71.9,70.4,65.2
135,1973,3.54,3.37,6.96,3.67,4.15,1.22,47.8,56.6,71.3,73.3,71.5,66.6
135,1974,2.77,4.37,4.17,1.28,6.12,2.88,51.2,57.9,65.8,73.4,70.6,59.3
135,1975,3.6,3.13,4.57,1.47,5.5,2.4,44.2,64.0,69.5,72.1,73.8,59.7
135,1976,1.57,2.48,5.0,2.3,2.16,1.75,51.2,57.4,70.1,71.8,68.0,61.3
135,1977,3.31,2.16,2.31,2.08,5.84,3.06,53.3,66.8,67.4,76.2,70.5,66.0
135,1978,4.56,3.54,3.53,3.53,6.48,0.72,49.2,57.6,70.0,72.3,70.4,67.4
135,1979,3.86,3.43,4.21,7.73,8.19,1.8,47.0,58.8,69.2,70.6,70.2,63.7
135,1980,2.2,3.34,8.44,4.46,5.62,1.94,47.5,60.4,66.8,74.5,74.3,66.0
135,1981,4.98,7.02,5.24,4.43,2.86,2.28,53.4,56.8,70.4,72.9,69.9,62.0
135,1982,1.98,4.74,4.01,2.54,2.74,1.49,44.8,65.7,65.4,72.7,68.0,62.8
135,1983,4.59,4.8,2.23,2.87,1.9,1.19,45.8,56.7,69.3,76.0,75.2,65.2
135,1984,4.83,4.14,1.13,3.73,2.85,4.04,47.5,56.7,72.7,69.5,71.5,61.9
135,1985,1.62,4.31,2.85,2.98,5.03,1.43,55.2,62.1,66.7,71.5,69.0,65.1
135,1986,3.74,4.6,6.19,6.48,2.3,4.52,52.8,61.5,70.1,74.5,68.2,67.2
135,1987,2.52,4.32,7.04,6.18,2.47,0.75,50.0,64.8,71.1,73.7,71.4,65.7
135,1988,2.49,1.33,0.96,3.93,2.32,3.47,48.9,62.2,70.6,75.5,74.4,63.7
135,1989,5.21,6.28,3.16,6.58,3.68,6.36,48.1,56.5,69.1,73.7,70.0,61.7
135,1990,2.56,6.55,4.45,5.66,6.33,3.05,49.3,56.8,68.8,71.9,69.4,64.8
135,1991,3.21,3.74,2.94,2.84,3.39,2.33,53.2,67.2,72.5,74.1,71.6,63.8
135,1992,4.88,2.18,4.96,10.31,3.46,3.36,48.9,58.3,64.4,71.3,66.3,62.6
135,1993,4.16,4.13,5.39,5.77,2.45,4.51,48.3,60.9,67.6,74.8,72.3,60.5
135,1994,4.47,2.64,3.93,3.51,3.64,1.42,51.3,56.8,71.9,71.8,68.0,62.9
135,1995,4.2,6.37,4.08,3.28,3.29,1.48,48.2,57.7,70.1,73.2,76.0,61.4
135,1996,6.18,6.83,3.79,5.08,1.15,4.89,47.5,58.0,70.2,70.4,71.3,62.5
135,1997,1.45,5.62,5.37,2.15,3.54,2.2,45.7,54.7,68.0,72.2,68.0,62.8
135,1998,5.49,3.1,7.96,6.17,3.51,1.2,51.5,64.9,69.5,71.8,72.3,67.8
135,1999,4.25,2.55,3.1,3.21,1.96,1.2,52.6,62.4,70.7,76.4,69.3,64.3
135,2000,3.97,4.98,5.05,3.88,4.33,5.19,49.3,62.8,69.5,70.3,69.4,62.5
135,2001,3.69,5.95,3.05,5.06,4.9,4.33,54.4,62.6,68.0,72.0,72.2,61.7
135,2002,5.96,6.02,2.5,1.8,3.03,3.12,51.9,56.8,72.0,75.8,73.8,68.0
135,2003,1.57,6.23,3.66,9.41,3.88,8.04,51.4,59.6,66.1,71.0,72.3,62.1
135,2004,1.52,5.45,5.59,4.39,4.14,0.43,51.7,65.1,67.9,70.5,67.5,65.8
135,2005,4.37,2.28,3.65,3.07,5.87,5.09,52.3,57.2,72.4,73.6,73.1,67.4
135,2006,3.61,5.84,4.98,3.65,4.61,2.56,53.7,58.5,67.9,74.2,72.1,61.1
135,2007,4.42,1.28,2.63,2.21,5.65,2.79,47.6,65.0,70.7,69.8,75.0,67.2
135,2008,2.62,4.48,7.67,4.22,2.04,1.2,51.4,57.0,71.0,71.7,69.6,66.5
135,2009,5.36,4.05,4.07,2.68,2.51,1.44,50.0,60.8,70.2,68.1,69.6,63.9
135,2010,2.28,5.24,8.18,3.15,3.05,1.11,56.1,63.2,72.7,75.1,73.5,66.0
135,2011,7.98,6.17,4.45,1.65,3.11,4.93,51.0,61.3,71.0,78.3,71.6,62.4
135,2012,1.16,4.12,0.96,2.41,4.14,6.51,50.7,66.5,70.6,78.3,70.3,62.7
135,2013,5.84,2.63,5.5,2.4,1.61,3.63,50.1,64.1,70.2,71.5,70.2,65.6
135,2014,6.49,3.47,7.21,2.71,5.79,2.44,51.1,62.2,71.2,68.0,71.0,62.6
135,2015,4.06,5.05,10.33,5.7,2.45,2.77,51.4,64.7,69.7,71.6,69.0,67.7
135,2016,3.17,3.37,3.37,3.09,7.13,2.61,50.8,60.0,71.4,73.9,75.0,69.1
135,2017,3.46,7.68,5.59,5.79,1.31,1.79,56.3,59.5,70.1,72.8,68.7,66.1
135,2018,4.19,2.47,5.61,4.14,5.49,5.67,43.5,68.4,71.9,71.8,72.9,68.8
135,2019,6.86,5.72,5.31,4.93,2.13,1.91,51.5,61.2,69.5,75.7,71.1,69.7
135,2020,1.91,5.13,2.72,4.77,2.23,2.35,48.1,58.3,70.7,75.4,70.7,64.2
135,2021,2.64,4.15,4.33,4.54,3.92,5.41,51.0,58.0,71.7,72.4,73.9,66.8
135,2022,3.19,5.09,2.48,5.11,3.08,2.12,48.2,64.1,71.3,74.0,71.5,65.2
135,2023,3.0,2.91,2.92,4.25,3.57,1.37,51.0,59.4,67.0,72.7,69.7,65.8
135,2024,7.85,3.04,2.89,3.95,2.98,3.35,54.0,65.7,71.6,71.6,71.7,66.9
135,2025,6.34,3.77,5.88,6.34,1.63,1.4,51.4,58.9,72.4,76.0,69.5,66.1
135,2026,4.09,5.84,4.59,2.96,13.22,,57.2,57.6,68.8,73.4,70.8,
137,1895,1.85,2.45,3.89,2.69,2.15,1.21,53.7,62.2,74.0,73.0,75.0,70.0
137,1896,0.51,4.74,5.36,6.27,4.4,5.24,59.6,69.2,71.6,75.2,73.4,63.9
137,1897,4.91,3.22,4.03,5.92,1.3,0.46,51.3,58.4,70.2,76.4,71.1,68.2
137,1898,1.35,4.11,3.77,3.36,3.49,5.74,49.6,63.3,73.7,76.7,74.5,70.8
137,1899,2.44,4.91,4.7,3.3,4.28,1.1,54.5,64.4,73.7,75.4,75.3,66.6
137,1900,2.15,5.17,3.43,4.64,3.08,0.96,51.9,64.2,71.8,75.4,78.3,71.3
137,1901,2.5,2.89,4.38,1.76,2.76,2.14,47.8,61.4,72.8,80.8,74.2,66.0
137,1902,2.47,4.56,6.89,3.68,1.28,5.15,51.0,66.3,70.9,75.8,71.8,64.0
137,1903,3.65,3.23,4.39,4.21,2.94,1.75,52.2,65.5,66.4,75.2,72.3,66.6
137,1904,2.29,3.28,3.45,2.3,1.63,2.94,47.1,62.3,70.1,73.2,72.1,67.6
137,1905,3.18,7.29,3.37,3.96,5.16,2.52,52.6,64.4,72.1,74.3,73.5,67.2
137,1906,1.48,1.86,3.05,4.3,3.73,6.2,54.5,62.9,71.4,74.4,75.9,70.2
137,1907,2.5,2.77,4.29,5.48,2.85,2.12,43.5,57.6,67.7,75.0,71.6,66.7
137,1908,4.64,7.27,2.32,2.05,1.54,0.74,53.4,64.4,70.9,75.3,74.5,70.4
137,1909,4.56,6.67,3.6,6.45,1.87,1.61,50.8,59.9,72.5,72.1,74.0,63.8
137,1910,2.73,3.84,2.22,6.9,1.33,3.43,52.3,57.1,67.5,74.2,70.9,67.7
137,1911,6.34,3.28,4.35,1.52,3.41,7.04,49.6,66.9,72.3,74.8,74.4,70.3
137,1912,5.6,4.99,2.3,6.24,7.26,3.56,55.1,64.4,67.9,75.2,71.6,67.8
137,1913,3.93,2.7,2.85,3.43,4.07,3.31,51.6,62.4,72.9,78.1,75.3,65.7
137,1914,3.61,1.74,2.7,2.54,5.58,2.15,52.5,63.4,74.5,76.9,73.8,65.6
137,1915,1.72,6.08,4.57,6.09,6.73,4.32,56.6,60.4,68.9,73.6,67.9,67.9
137,1916,3.17,4.4,5.66,3.71,3.0,4.55,50.6,64.8,66.8,78.4,75.2,64.7
137,1917,4.22,6.35,6.9,2.87,2.15,2.52,50.3,55.9,68.3,74.0,72.0,64.7
137,1918,3.41,4.14,3.57,3.66,3.86,3.02,49.4,67.3,70.6,71.9,77.8,59.1
137,1919,3.64,4.18,2.64,2.1,1.6,1.79,52.4,59.6,74.6,76.9,71.7,68.6
137,1920,6.6,3.83,3.34,2.89,4.58,3.12,47.8,60.5,70.0,72.8,70.8,67.3
137,1921,4.62,2.64,4.39,2.69,4.72,4.93,55.8,63.7,75.8,79.2,72.3,71.3
137,1922,5.25,3.1,1.14,3.29,2.84,2.42,54.9,66.2,73.4,74.9,73.1,70.4
137,1923,3.02,3.96,4.15,2.72,4.63,2.16,50.5,61.4,71.7,75.3,73.3,67.4
137,1924,2.58,3.47,4.29,2.14,3.5,4.19,53.4,56.1,71.0,71.5,73.1,61.5
137,1925,2.09,1.29,3.17,6.41,4.22,4.56,57.4,57.8,74.3,73.8,72.8,73.0
137,1926,4.5,2.66,3.14,4.95,6.83,6.42,46.1,63.5,67.1,75.1,74.7,68.1
137,1927,5.01,6.52,3.89,2.47,3.1,3.47,53.0,62.3,66.9,73.8,66.8,69.9
137,1928,3.83,2.47,7.27,3.32,3.42,1.06,48.0,60.4,66.1,74.4,74.1,62.3
137,1929,4.22,7.96,5.0,5.28,2.5,4.59,55.5,60.3,68.9,74.1,70.3,65.7
137,1930,1.91,1.29,1.46,1.13,2.05,4.18,54.2,63.5,70.8,77.7,73.6,68.1
137,1931,4.13,2.84,3.06,4.55,4.94,4.96,52.0,59.2,73.2,78.3,73.0,71.1
137,1932,2.86,0.79,5.74,4.45,3.7,6.0,51.1,62.6,72.1,76.2,73.3,66.1
137,1933,5.21,8.48,0.98,2.82,3.13,4.9,51.1,65.2,76.3,75.6,72.6,72.1
137,1934,1.0,1.24,4.48,1.61,2.98,4.24,52.2,65.7,76.2,80.2,73.2,67.0
137,1935,2.7,6.44,3.53,4.32,3.6,2.59,48.9,58.1,67.2,77.0,74.4,65.7
137,1936,3.51,1.64,0.42,1.82,2.41,4.31,47.6,65.5,72.2,80.8,79.6,70.6
137,1937,4.03,3.77,3.59,2.94,3.54,4.51,51.1,61.7,70.7,73.5,75.5,64.0
137,1938,2.0,6.55,3.65,5.42,3.29,3.1,55.0,62.7,69.6,75.2,74.9,67.8
137,1939,6.66,2.23,7.27,4.2,1.63,1.07,49.3,64.6,73.0,74.1,73.0,71.7
137,1940,7.37,3.83,3.77,0.79,2.05,1.26,48.4,59.0,70.7,74.3,74.5,63.8
137,1941,2.11,1.5,6.72,2.61,2.47,2.42,56.2,64.7,71.5,75.6,73.8,69.8
137,1942,2.67,4.88,5.87,3.25,4.43,2.37,55.5,63.5,71.9,75.6,72.1,65.5
137,1943,3.04,6.06,3.03,4.31,0.85,2.14,49.5,63.4,75.6,76.2,75.0,63.6
137,1944,5.1,3.87,1.25,2.16,4.89,2.78,51.7,68.7,75.2,75.7,74.2,65.9
137,1945,4.59,4.62,7.53,2.85,2.0,5.84,53.6,58.2,68.9,72.3,72.1,68.6
137,1946,2.0,5.13,3.64,3.89,3.91,0.79,53.7,60.2,71.0,73.5,67.9,65.8
137,1947,8.6,7.36,5.29,4.39,3.03,3.26,52.5,59.5,69.0,70.0,78.3,67.1
137,1948,4.97,3.19,3.15,3.85,1.8,1.21,56.0,61.5,71.2,74.7,72.5,67.3
137,1949,1.63,2.1,6.92,4.37,3.11,2.78,50.5,63.8,73.0,78.3,73.6,60.6
137,1950,4.76,4.23,6.14,3.62,3.71,4.82,47.0,63.6,69.1,71.6,69.7,63.9
137,1951,3.66,3.42,4.47,1.92,1.43,2.81,49.3,63.8,70.9,74.3,73.0,64.3
137,1952,3.04,3.14,4.45,1.95,2.59,3.53,51.6,61.6,76.3,77.4,72.7,65.4
137,1953,3.14,4.74,3.0,4.38,1.37,0.78,47.8,64.9,75.0,75.1,73.4,67.5
137,1954,3.38,2.92,2.23,2.19,4.88,1.84,57.3,57.2,73.7,76.9,73.7,69.4
137,1955,3.03,4.49,3.82,4.88,1.21,5.75,57.2,63.7,66.1,78.1,75.6,68.6
137,1956,4.42,6.25,4.09,4.18,2.6,2.93,49.0,63.0,70.8,73.8,72.4,63.5
137,1957,6.66,7.34,6.27,4.59,1.58,3.06,53.9,62.9,71.6,74.5,72.0,65.6
137,1958,4.55,6.88,6.5,8.93,4.14,4.72,52.0,60.4,67.2,72.7,70.7,64.8
137,1959,2.6,3.88,2.5,3.7,2.2,2.08,53.4,66.2,70.9,74.4,76.3,68.3
137,1960,1.33,5.45,9.33,4.29,3.41,1.01,55.3,58.9,68.9,71.8,73.7,69.1
137,1961,4.28,7.06,4.04,5.63,2.39,2.53,46.4,56.8,67.5,73.0,71.3,68.9
137,1962,1.19,4.68,2.96,6.87,3.22,1.78,49.8,68.0,70.2,72.5,71.7,61.8
137,1963,3.15,3.12,2.54,4.46,3.98,0.59,54.0,59.9,70.0,72.6,69.7,64.4
137,1964,6.53,1.11,4.24,3.69,2.12,1.44,55.2,64.5,72.1,74.2,71.8,65.8
137,1965,6.04,1.66,2.29,3.69,4.01,6.41,53.7,67.0,70.8,71.9,70.7,66.7
137,1966,5.99,2.73,2.32,2.88,4.0,3.67,49.5,57.9,69.2,76.3,70.5,62.7
137,1967,4.35,6.16,2.52,3.4,1.58,1.59,54.8,58.4,70.3,70.5,68.2,62.2
137,1968,3.34,10.88,3.25,5.14,3.74,2.27,53.0,58.7,70.5,73.4,73.2,65.1
137,1969,4.37,3.71,4.24,5.78,2.23,2.01,53.9,62.6,70.0,75.3,71.0,64.3
137,1970,6.64,1.77,3.71,3.82,2.64,4.76,54.2,64.7,69.8,72.7,71.9,69.8
137,1971,1.41,4.02,4.13,5.01,3.9,4.72,50.1,57.6,72.9,71.1,69.4,68.2
137,1972,6.88,4.84,2.33,3.81,2.11,4.45,51.4,62.6,65.9,73.2,71.7,68.2
137,1973,4.84,4.01,6.61,6.66,1.98,1.93,50.6,58.1,71.6,74.2,72.8,68.4
137,1974,4.07,6.35,3.37,2.72,6.54,6.26,53.9,61.4,66.5,73.6,71.7,60.6
137,1975,3.79,2.68,4.33,2.19,2.84,3.86,48.7,65.0,70.8,73.1,75.2,62.0
137,1976,1.09,2.86,5.29,2.46,3.9,3.04,53.2,58.6,69.9,72.5,69.4,62.4
137,1977,3.63,2.85,5.11,4.28,5.79,2.38,56.1,67.3,69.2,76.2,72.2,68.2
137,1978,3.34,4.66,4.23,6.3,6.89,1.0,53.0,59.6,70.9,73.3,71.9,68.6
137,1979,4.89,3.79,4.09,8.21,7.17,5.26,50.0,59.9,69.6,71.5,71.4,64.6
137,1980,2.38,5.64,4.01,3.58,6.14,2.14,49.2,62.7,68.5,76.8,76.3,67.9
137,1981,5.81,5.91,4.14,5.39,2.99,2.22,57.1,58.4,71.6,74.1,71.0,63.3
137,1982,2.14,5.67,4.6,2.95,3.99,1.53,47.6,66.9,66.3,74.6,69.5,64.0
137,1983,5.32,8.92,3.2,1.6,2.7,1.59,48.4,58.5,70.3,77.1,77.6,66.7
137,1984,5.61,4.82,1.78,5.05,3.58,4.15,50.1,58.6,73.2,71.3,72.9,64.3
137,1985,1.75,5.38,3.66,3.94,3.99,0.93,56.4,63.3,68.6,73.5,71.4,66.1
137,1986,2.03,3.77,2.51,4.66,2.27,4.2,54.3,63.6,71.8,76.2,69.9,68.8
137,1987,2.68,2.78,3.31,6.32,3.12,1.5,51.4,67.1,72.5,75.2,73.8,66.8
137,1988,3.93,2.06,0.73,4.81,3.06,3.05,51.2,62.4,71.0,76.4,75.8,65.4
137,1989,5.5,5.41,3.91,4.69,5.17,3.5,51.3,58.6,69.7,74.6,71.8,64.2
137,1990,3.39,9.87,4.55,3.95,4.33,3.73,51.0,59.2,69.7,72.8,71.2,66.6
137,1991,4.05,3.55,1.39,3.24,4.69,2.65,55.4,68.9,73.6,75.7,73.8,66.2
137,1992,2.87,2.99,4.26,9.46,3.49,2.55,52.3,59.6,66.6,73.2,68.4,64.1
137,1993,4.8,3.11,4.95,3.3,4.61,3.99,50.2,62.0,69.6,76.8,73.9,63.0
137,1994,6.05,3.29,3.43,4.0,3.78,1.42,54.0,57.7,73.1,73.6,70.1,64.0
137,1995,4.59,9.79,2.81,3.14,5.9,1.42,52.4,61.0,71.4,74.9,77.5,63.8
137,1996,9.03,9.78,6.5,3.56,1.88,5.71,49.7,62.1,70.2,71.6,72.7,64.3
137,1997,2.04,7.76,6.79,2.14,4.46,1.67,47.9,57.1,68.6,74.3,70.6,65.0
137,1998,8.43,5.61,8.62,5.07,2.14,1.2,52.5,66.2,71.3,73.4,73.9,70.3
137,1999,3.31,2.24,4.39,2.21,1.84,0.84,54.8,63.7,73.0,78.0,72.2,65.5
137,2000,4.44,4.99,5.09,4.79,4.89,4.97,51.2,65.0,71.5,72.0,71.6,64.4
137,2001,2.23,5.37,4.23,7.53,3.88,5.84,57.3,64.0,69.0,73.5,74.4,64.1
137,2002,6.99,9.73,4.69,1.97,2.15,5.51,55.3,59.4,72.7,76.6,75.6,69.9
137,2003,2.83,6.56,4.0,6.41,2.93,6.08,54.7,61.7,66.6,72.9,73.8,63.8
137,2004,3.81,7.14,3.74,6.24,3.46,0.49,53.3,67.1,70.3,72.2,69.5,67.4
137,2005,3.65,3.21,1.94,3.27,7.21,3.71,54.9,58.9,72.8,75.4,75.7,69.4
137,2006,5.5,4.81,4.88,4.2,4.9,5.08,56.8,60.3,68.8,75.2,75.0,62.8
137,2007,4.55,1.54,3.03,4.7,1.61,2.04,50.7,66.2,72.0,71.9,78.7,70.2
137,2008,3.22,7.29,7.23,4.69,2.22,1.93,53.6,58.9,71.8,73.0,71.5,68.1
137,2009,4.33,5.46,5.15,5.97,4.45,4.72,53.4,63.2,71.9,69.2,70.9,65.9
137,2010,2.67,5.35,8.05,3.33,2.04,0.51,58.1,65.0,74.3,76.5,76.1,68.4
137,2011,12.96,6.89,6.16,1.28,2.63,4.93,55.3,62.1,72.0,79.3,74.0,64.4
137,2012,2.92,3.51,1.02,2.49,2.21,4.52,53.4,68.0,70.9,79.7,72.9,64.5
137,2013,3.84,5.06,5.43,3.58,1.47,3.6,52.6,64.5,70.8,72.4,72.0,67.3
137,2014,6.72,4.29,4.75,5.09,3.3,2.54,54.3,63.6,72.2,69.3,72.7,64.8
137,2015,5.38,2.32,7.32,8.15,2.74,1.8,54.2,66.1,71.5,73.3,70.3,68.8
137,2016,5.0,3.31,4.29,5.12,6.48,4.42,53.9,60.8,72.8,74.6,76.3,70.0
137,2017,5.18,7.82,6.18,5.91,2.36,3.06,59.3,62.0,69.8,74.2,70.5,66.5
137,2018,4.75,3.62,6.42,4.73,5.81,6.71,47.8,70.6,73.1,74.2,74.2,70.5
137,2019,5.79,5.87,8.39,2.95,2.85,0.22,54.6,64.7,69.4,76.1,73.2,72.3
137,2020,3.18,5.15,3.55,4.38,4.67,1.14,50.6,60.1,71.6,76.5,72.2,65.9
137,2021,3.77,3.75,7.45,6.55,2.58,4.39,52.9,60.0,71.8,73.8,75.2,68.1
137,2022,3.28,6.33,3.11,5.05,4.52,3.2,51.2,65.6,71.6,75.7,73.3,66.6
137,2023,3.03,2.95,2.31,6.95,3.25,1.42,54.1,61.4,68.8,74.5,72.4,68.0
137,2024,5.29,5.08,1.75,5.31,3.55,4.88,56.9,67.1,72.4,74.1,73.7,69.2
137,2025,7.45,5.01,5.7,5.05,1.45,2.4,54.7,61.0,73.1,78.2,72.4,68.6
137,2026,4.4,7.6,5.85,1.82,7.88,,60.7,60.9,71.0,76.0,73.8,
139,1895,1.7,1.61,4.33,1.54,1.78,2.31,52.9,61.8,73.5,72.7,74.1,69.2
139,1896,1.39,3.43,4.3,6.43,6.66,5.54,58.1,68.7,70.7,74.3,71.9,62.3
139,1897,5.46,3.58,3.42,4.6,1.47,1.03,49.9,57.7,69.3,76.7,70.0,67.8
139,1898,1.66,3.11,2.75,3.68,3.96,5.8,48.6,62.0,72.8,76.0,73.5,69.7
139,1899,1.82,3.08,1.79,3.77,4.01,1.43,53.9,62.8,73.5,74.7,75.2,65.8
139,1900,1.99,5.8,4.29,5.9,3.58,1.77,50.9,64.1,70.9,74.5,77.5,70.2
139,1901,2.96,2.5,3.93,2.07,4.01,1.68,47.6,60.9,72.8,81.0,74.4,66.3
139,1902,2.21,4.23,8.83,2.43,1.51,5.82,49.5,65.5,69.7,75.3,71.0,64.0
139,1903,3.12,4.42,3.92,5.41,3.14,1.17,50.8,65.0,65.9,74.7,71.6,66.4
139,1904,3.0,3.73,3.31,2.72,1.61,3.17,45.8,61.3,69.0,72.6,70.9,66.9
139,1905,4.04,7.26,2.99,3.37,6.05,3.14,51.1,63.2,71.5,73.8,73.3,66.9
139,1906,2.07,2.38,4.18,3.24,4.77,3.72,53.7,63.0,70.3,73.3,75.2,69.4
139,1907,2.61,2.74,4.75,6.04,2.76,2.66,41.9,56.4,67.1,74.2,70.7,65.7
139,1908,3.81,6.0,2.48,2.52,1.78,0.76,52.1,63.0,69.7,74.7,73.0,69.9
139,1909,4.5,6.06,4.46,5.03,2.8,2.17,49.9,59.3,72.0,71.6,73.4,63.6
139,1910,3.07,4.39,1.98,6.19,1.24,5.2,51.7,56.3,67.0,73.8,70.5,66.8
139,1911,4.7,2.31,3.7,1.34,2.47,5.61,48.4,66.6,71.9,74.5,73.5,69.7
139,1912,4.89,3.81,1.57,5.42,5.55,3.33,53.3,63.7,67.6,74.4,70.8,67.3
139,1913,3.63,3.02,3.24,4.47,4.49,2.58,50.5,62.0,71.8,76.2,74.0,64.9
139,1914,4.04,1.8,2.65,1.77,4.85,2.34,51.1,63.3,73.9,76.5,73.3,65.4
139,1915,1.68,4.31,2.74,6.05,8.44,3.53,55.7,59.1,68.1,72.0,66.8,67.1
139,1916,3.51,4.14,5.63,3.06,3.94,3.27,49.0,63.2,66.0,78.1,74.0,64.0
139,1917,4.18,4.06,6.11,2.47,2.07,3.31,48.9,55.0,67.6,73.5,71.2,63.9
139,1918,5.07,4.14,3.2,2.43,3.53,4.11,48.4,66.8,70.1,71.8,77.3,58.4
139,1919,3.13,4.43,2.48,2.13,1.98,1.99,50.7,58.8,74.5,76.7,71.4,68.8
139,1920,6.84,3.68,3.36,3.97,2.54,1.97,46.2,59.7,69.7,72.1,70.8,67.4
139,1921,4.8,1.9,3.19,2.79,5.12,5.68,54.5,63.2,75.5,79.1,71.6,70.6
139,1922,7.01,2.82,1.06,4.88,3.98,1.95,53.7,65.7,72.8,73.7,71.8,69.4
139,1923,1.86,4.96,3.49,2.25,4.74,2.47,49.0,59.8,71.0,74.2,72.2,66.5
139,1924,2.37,3.92,5.77,1.89,3.2,3.92,51.9,54.8,70.2,71.1,72.1,61.2
139,1925,1.94,2.41,3.49,6.0,2.2,4.88,55.7,57.0,73.7,73.2,72.0,72.2
139,1926,3.51,4.18,1.93,4.75,9.46,9.65,44.9,62.4,66.2,74.5,74.3,67.4
139,1927,5.71,5.23,2.73,2.66,2.76,4.18,51.3,60.8,65.9,73.0,65.6,69.5
139,1928,3.52,2.53,6.64,3.0,3.09,0.96,46.7,59.7,64.9,73.5,73.6,61.8
139,1929,4.55,6.97,6.99,5.9,2.64,3.4,53.7,59.0,67.8,73.4,69.4,65.1
139,1930,1.81,1.86,2.37,1.45,2.21,3.76,52.7,62.6,69.6,76.1,73.0,67.0
139,1931,3.46,2.74,2.25,2.93,4.48,4.75,51.0,58.3,73.1,77.9,72.9,70.1
139,1932,2.2,0.65,5.83,4.59,1.99,8.05,50.0,61.7,71.9,75.0,72.5,65.0
139,1933,4.12,8.35,2.13,2.19,2.34,6.06,49.8,64.1,75.4,75.1,71.5,71.1
139,1934,1.02,1.24,3.2,2.33,2.28,4.16,50.6,64.9,76.5,79.7,72.8,66.2
139,1935,1.88,6.74,4.03,5.43,2.56,4.2,47.7,57.0,67.0,76.5,73.5,64.7
139,1936,3.54,1.58,0.85,1.03,3.0,7.24,46.0,64.3,71.0,80.3,78.4,69.1
139,1937,4.18,2.88,4.23,2.74,4.29,4.82,49.8,60.5,69.7,73.0,74.3,62.6
139,1938,2.67,6.81,5.17,5.08,1.87,3.21,53.0,61.5,68.5,74.1,74.0,66.6
139,1939,6.43,2.46,6.09,4.21,3.77,0.71,47.0,63.4,72.3,73.1,71.6,70.3
139,1940,6.19,4.06,3.41,0.57,2.22,1.22,47.2,58.0,70.9,74.1,73.8,63.5
139,1941,2.06,1.13,5.12,2.6,2.48,3.0,55.7,64.1,71.0,75.2,72.9,69.0
139,1942,2.66,4.32,6.2,3.26,5.01,3.33,54.6,62.6,71.2,75.1,71.1,64.0
139,1943,2.58,6.75,3.9,4.65,1.47,3.58,47.6,61.9,74.7,74.9,73.5,62.2
139,1944,6.67,3.58,1.09,2.34,3.32,2.41,50.1,67.6,74.4,75.3,73.6,65.4
139,1945,4.64,3.32,6.97,4.12,2.38,7.31,52.3,56.7,68.2,71.7,71.2,67.6
139,1946,1.47,5.56,4.09,3.42,3.48,0.39,52.1,58.9,70.0,73.1,67.4,65.2
139,1947,6.5,6.42,5.66,6.46,5.01,3.04,50.6,58.4,68.3,69.6,77.9,66.2
139,1948,4.49,3.41,3.26,4.17,1.44,2.21,54.7,60.7,70.9,74.3,71.9,66.5
139,1949,1.89,2.42,5.06,4.41,2.64,3.33,49.6,63.1,73.2,78.1,73.2,59.7
139,1950,4.58,2.98,5.25,3.28,3.49,5.66,45.5,62.9,68.0,71.4,69.0,63.7
139,1951,3.63,3.37,5.51,3.44,1.67,2.61,48.4,63.5,70.3,73.5,72.0,63.7
139,1952,3.65,3.32,4.05,1.67,2.7,4.53,50.8,60.8,75.8,76.9,71.8,64.4
139,1953,2.92,4.72,2.48,3.88,1.97,0.77,46.8,63.6,74.4,74.7,72.8,66.6
139,1954,3.65,2.41,2.19,2.57,4.89,1.21,56.7,56.2,73.3,75.6,72.4,68.0
139,1955,3.35,4.29,3.06,3.82,2.24,7.64,56.5,62.9,65.7,77.8,75.1,67.7
139,1956,3.83,6.45,3.05,3.38,2.54,1.35,48.2,61.6,70.4,73.0,72.0,63.0
139,1957,6.5,6.37,7.08,3.54,2.3,2.64,52.8,61.5,71.1,74.3,72.1,64.8
139,1958,3.5,6.04,8.9,8.9,4.27,4.02,51.5,59.8,66.3,73.0,71.1,64.9
139,1959,3.74,5.81,1.21,4.36,1.68,2.36,52.1,65.4,71.2,73.8,75.9,67.7
139,1960,1.47,4.94,6.44,4.09,3.15,1.54,54.5,58.6,68.5,71.3,73.2,69.1
139,1961,5.85,5.52,4.86,4.12,2.66,3.32,45.2,56.4,67.7,73.2,71.2,69.3
139,1962,0.85,4.32,1.73,7.1,4.19,1.71,49.1,67.9,70.7,71.8,71.2,61.7
139,1963,3.96,2.84,1.82,3.91,3.26,0.2,52.6,59.1,70.4,72.6,68.8,64.1
139,1964,9.08,0.7,2.97,5.79,2.49,1.2,53.4,64.9,71.9,74.0,70.7,65.2
139,1965,5.95,2.04,2.87,4.17,3.8,5.61,51.5,67.6,71.0,71.2,69.8,66.3
139,1966,3.67,2.8,2.44,3.03,5.05,4.52,48.6,56.6,69.6,75.9,70.2,62.6
139,1967,3.76,6.79,2.3,1.94,1.22,1.43,52.6,57.2,71.0,71.0,68.4,61.9
139,1968,2.95,9.82,4.68,5.04,4.49,2.36,52.2,57.7,70.8,73.9,73.3,64.7
139,1969,3.6,4.31,5.3,8.04,3.07,3.96,52.3,61.8,68.8,75.0,70.7,63.3
139,1970,5.54,1.8,2.97,4.84,2.35,3.14,52.8,64.4,69.3,72.8,71.5,68.7
139,1971,1.13,4.67,5.23,4.61,1.59,4.82,49.9,57.5,73.4,71.4,69.3,68.1
139,1972,5.86,4.95,3.72,2.28,1.39,5.53,50.1,63.3,65.4,73.0,71.3,67.1
139,1973,3.95,3.21,7.77,4.92,2.62,1.21,49.7,57.5,71.8,74.4,72.2,67.8
139,1974,2.98,6.08,4.97,1.41,7.09,5.31,52.5,59.7,66.2,74.3,71.5,60.3
139,1975,3.98,2.51,4.06,2.25,4.2,2.92,46.4,65.2,70.5,72.7,75.0,61.2
139,1976,1.27,2.86,5.07,4.1,2.72,2.33,52.7,58.2,70.5,72.4,69.2,62.1
139,1977,3.73,3.17,3.65,4.38,6.85,2.31,55.6,67.8,69.0,76.4,72.0,68.0
139,1978,4.18,4.52,3.88,5.66,7.98,1.0,51.5,58.7,70.4,72.9,71.3,67.9
139,1979,3.59,2.99,3.84,9.78,7.14,2.13,49.0,59.5,69.7,71.3,71.2,64.3
139,1980,2.11,3.98,5.18,4.91,6.3,1.84,48.4,62.3,68.0,76.1,75.9,67.2
139,1981,6.24,8.83,2.42,5.67,3.11,2.19,55.4,57.9,71.8,73.4,70.6,62.8
139,1982,1.79,5.27,3.55,3.53,2.6,0.93,46.7,66.6,65.8,74.0,69.1,63.5
139,1983,4.56,6.81,2.32,3.84,2.54,1.2,46.9,57.7,70.8,77.2,76.3,65.7
139,1984,5.35,4.35,1.91,4.41,2.57,4.3,49.3,58.0,73.8,70.6,72.3,62.9
139,1985,2.45,6.53,3.8,4.51,4.25,1.6,56.6,63.1,67.9,72.9,70.4,65.6
139,1986,2.87,5.32,3.63,4.69,2.03,6.28,53.8,62.9,71.5,75.8,69.4,68.3
139,1987,3.14,3.46,4.46,6.96,1.99,1.05,51.5,66.9,72.7,74.7,72.7,66.6
139,1988,3.51,1.49,0.87,3.47,2.08,3.0,50.4,63.4,71.1,76.6,75.7,65.1
139,1989,5.58,6.56,3.17,4.79,5.94,5.36,50.1,57.8,70.3,74.7,70.9,63.0
139,1990,2.86,8.08,3.72,5.72,5.67,2.85,50.0,58.2,69.9,72.4,70.4,65.5
139,1991,3.25,4.89,1.05,3.39,3.96,2.52,54.9,68.4,73.7,74.8,73.0,65.4
139,1992,4.89,2.17,3.74,9.83,3.15,2.65,50.9,59.3,66.1,72.0,67.5,63.5
139,1993,4.46,3.2,6.02,3.98,3.78,6.18,49.5,62.0,69.2,75.6,73.2,61.3
139,1994,5.95,2.85,4.37,2.86,3.08,1.88,52.6,57.8,73.0,73.1,69.2,63.9
139,1995,4.41,7.53,3.1,2.31,4.57,1.33,51.0,60.0,71.3,74.8,77.3,62.6
139,1996,8.03,10.52,5.02,4.04,1.65,5.96,48.3,60.5,70.2,71.5,72.1,63.2
139,1997,2.67,5.33,5.7,2.72,4.54,2.72,46.7,55.9,68.4,73.6,69.3,64.2
139,1998,7.1,4.6,9.87,3.5,1.86,0.53,52.5,66.0,70.5,72.7,73.4,69.4
139,1999,4.18,2.99,3.43,3.1,1.89,0.96,53.9,63.1,72.0,77.0,71.0,65.1
139,2000,4.3,5.2,5.83,3.37,3.78,4.5,50.6,64.1,70.2,71.6,71.0,63.4
139,2001,2.12,5.36,4.58,6.47,4.21,4.95,56.6,63.8,69.5,73.6,74.0,64.0
139,2002,6.64,7.77,3.89,1.8,2.74,3.4,53.5,58.4,73.0,76.3,75.4,69.6
139,2003,2.46,5.98,3.28,8.34,3.41,6.84,53.6,60.9,67.2,72.4,73.1,62.8
139,2004,2.14,6.74,4.96,5.46,3.93,0.31,52.9,66.5,69.6,71.7,68.6,67.2
139,2005,3.95,3.82,3.12,5.36,5.36,4.07,53.5,58.4,72.6,74.5,74.1,68.3
139,2006,4.92,7.04,4.74,5.66,4.57,3.69,55.3,59.7,68.7,74.9,73.1,61.8
139,2007,5.2,1.23,3.15,2.19,2.54,3.76,49.5,66.0,71.7,70.9,77.0,69.0
139,2008,2.65,5.48,8.95,5.79,2.09,1.98,52.2,57.8,71.2,72.3,70.5,67.2
139,2009,5.78,6.71,5.59,5.46,5.05,2.71,50.9,61.8,71.3,68.4,70.1,65.2
139,2010,3.0,4.58,11.01,3.03,1.85,0.51,57.5,64.0,73.7,75.7,74.9,67.4
139,2011,11.19,7.46,3.79,1.27,2.57,5.88,53.2,61.8,72.0,78.8,72.8,63.4
139,2012,2.44,3.5,0.5,1.59,3.91,5.99,51.6,67.1,70.8,79.9,71.7,63.4
139,2013,4.8,2.87,3.78,2.6,1.29,3.18,51.0,64.5,70.4,71.6,71.0,66.7
139,2014,5.7,4.71,5.83,3.2,5.21,2.77,53.3,63.2,72.4,68.6,71.8,63.9
139,2015,4.57,3.35,8.1,6.66,3.12,2.02,53.3,65.8,71.1,72.3,69.5,68.5
139,2016,5.03,2.93,5.26,4.28,7.06,4.72,52.6,59.8,72.3,73.6,75.1,69.8
139,2017,3.97,8.09,4.59,8.98,2.17,2.1,58.3,61.0,69.5,73.5,69.8,66.2
139,2018,4.83,2.56,6.42,4.2,6.5,5.98,45.8,69.9,73.0,73.6,73.4,69.8
139,2019,5.07,4.91,6.63,3.78,2.59,0.68,52.6,62.8,69.4,76.0,72.2,71.0
139,2020,2.28,5.21,3.55,3.85,3.99,0.45,49.4,59.2,71.2,75.8,71.5,65.1
139,2021,3.06,3.61,7.77,8.11,1.72,5.13,51.8,59.3,72.3,73.1,75.0,67.9
139,2022,3.5,6.79,3.25,4.22,4.15,2.66,49.8,64.8,71.8,75.6,72.8,65.8
139,2023,3.12,2.8,2.09,6.16,2.31,2.07,52.3,60.5,68.7,73.6,71.6,66.8
139,2024,7.24,5.43,3.12,5.69,2.44,3.12,55.6,66.8,72.2,72.7,72.9,68.1
139,2025,8.38,4.51,6.33,3.59,2.91,2.71,53.0,61.0,73.5,77.4,71.2,67.8
139,2026,3.46,7.95,5.48,1.85,11.56,,59.7,59.6,70.4,75.4,72.7,
141,1895,1.44,1.6,1.67,2.09,2.75,1.6,49.4,60.0,70.9,70.1,71.4,67.2
141,1896,2.76,4.21,3.72,8.31,5.57,5.06,53.3,65.6,67.7,70.9,69.9,59.1
141,1897,2.34,3.18,2.72,2.16,2.8,0.32,45.0,54.3,66.4,74.4,66.9,67.1
141,1898,1.19,3.33,3.54,2.29,3.83,2.63,44.8,58.2,70.1,73.2,70.2,66.0
141,1899,0.82,4.72,2.05,3.07,0.99,3.46,51.6,60.8,70.3,72.3,72.4,61.5
141,1900,1.3,2.28,2.91,5.98,5.9,1.63,49.0,61.2,67.7,71.2,74.3,65.0
141,1901,1.7,2.22,2.84,2.14,2.52,1.44,45.3,56.1,69.7,78.1,70.8,62.8
141,1902,2.36,6.89,7.97,4.75,2.29,4.73,45.5,60.9,64.0,71.6,66.3,59.6
141,1903,5.19,1.84,4.9,6.6,5.07,3.68,46.5,61.7,62.0,70.6,66.4,61.9
141,1904,3.38,4.0,1.34,2.95,3.36,2.72,40.1,58.0,66.1,69.9,66.4,62.8
141,1905,4.07,6.95,3.59,5.28,4.66,4.02,45.6,57.3,66.6,70.6,70.6,64.3
141,1906,2.2,2.44,4.46,3.17,3.79,1.76,48.2,59.0,66.6,69.9,72.7,66.8
141,1907,3.27,3.65,4.76,4.95,3.78,4.59,37.6,51.1,63.8,69.7,66.8,60.9
141,1908,3.29,7.1,2.34,2.23,2.48,1.03,46.6,59.1,66.6,72.3,69.7,67.6
141,1909,5.03,3.28,5.25,3.31,4.49,3.29,42.7,55.0,67.1,68.9,70.4,59.6
141,1910,3.45,4.48,1.12,1.98,3.75,5.53,47.6,52.5,65.0,73.4,68.9,61.8
141,1911,4.09,2.22,5.01,2.14,4.0,4.31,43.7,64.3,69.2,72.2,67.9,63.2
141,1912,3.21,5.48,2.12,7.05,6.55,3.87,47.6,59.7,64.9,70.3,66.5,63.9
141,1913,2.21,5.7,1.21,3.66,3.8,2.5,46.7,57.5,68.9,72.3,71.0,61.7
141,1914,2.07,5.37,3.84,1.16,4.2,2.06,46.0,60.1,69.0,73.4,70.0,62.3
141,1915,2.28,5.15,2.48,5.55,4.83,3.65,52.6,53.4,62.9,68.3,63.3,64.4
141,1916,1.55,6.09,6.46,1.36,2.85,5.48,46.3,58.8,62.2,76.9,72.5,61.2
141,1917,3.38,3.09,2.94,2.64,2.41,1.56,44.0,50.6,63.7,70.0,67.7,59.5
141,1918,2.42,4.96,3.35,1.18,2.34,3.41,44.3,63.5,67.0,69.5,74.1,55.6
141,1919,3.73,4.67,3.43,1.98,3.16,2.44,46.2,55.0,71.8,74.8,68.8,65.3
141,1920,5.74,1.99,3.19,3.28,1.07,1.87,41.0,55.8,68.0,68.6,68.4,65.6
141,1921,3.48,3.06,2.58,1.62,7.21,3.56,51.7,60.9,72.8,78.0,69.3,66.8
141,1922,3.96,5.07,2.76,2.84,1.19,1.11,48.1,62.6,69.0,70.3,70.7,67.3
141,1923,1.05,3.8,3.37,3.9,3.09,5.56,44.9,56.0,70.4,72.1,68.3,63.1
141,1924,2.34,3.38,6.91,1.71,3.13,4.01,45.9,51.5,64.6,67.8,68.3,57.2
141,1925,1.86,1.47,2.16,3.89,2.1,5.38,51.5,53.4,70.6,70.6,69.7,66.8
141,1926,2.55,4.42,5.12,3.67,3.01,5.31,39.8,58.4,62.0,71.0,71.2,62.1
141,1927,5.68,4.92,2.15,2.55,3.26,6.24,46.3,56.0,63.2,70.7,63.9,67.0
141,1928,1.88,2.15,5.48,2.8,6.16,2.56,42.9,57.2,62.0,71.6,70.6,58.8
141,1929,6.96,3.97,4.14,1.6,3.75,2.94,48.8,55.0,64.4,72.1,67.4,62.7
141,1930,3.22,2.89,2.4,2.12,1.34,2.04,47.6,59.4,67.8,73.0,70.3,64.7
141,1931,2.54,4.9,5.54,2.21,4.05,5.06,47.6,54.9,70.2,74.8,71.5,68.5
141,1932,1.07,2.98,2.85,4.44,4.46,2.59,45.9,58.8,69.4,72.4,70.2,61.6
141,1933,4.15,6.14,2.89,3.21,2.63,4.91,47.4,60.4,74.6,73.8,68.6,67.6
141,1934,2.05,1.24,2.21,1.54,4.6,5.76,46.4,63.5,74.0,77.4,70.6,63.3
141,1935,2.26,6.36,3.43,2.56,4.84,2.29,44.0,52.1,65.4,75.1,71.0,62.5
141,1936,3.14,2.14,1.62,0.48,4.52,5.06,42.6,61.8,66.7,77.4,74.4,65.7
141,1937,4.93,3.1,4.66,4.67,4.45,2.87,45.9,58.2,66.2,72.0,72.4,61.4
141,1938,2.44,5.39,4.59,4.55,2.43,4.19,48.5,58.2,66.0,72.4,72.8,63.1
141,1939,4.23,1.59,7.36,3.42,4.34,0.87,42.9,61.3,70.2,71.5,70.1,66.8
141,1940,4.06,5.64,5.13,1.24,4.27,1.55,43.6,54.9,68.8,73.4,71.4,61.4
141,1941,3.21,2.79,3.66,2.49,1.74,2.61,52.8,61.5,69.4,73.2,71.4,67.3
141,1942,2.56,3.22,3.02,4.62,4.82,3.1,51.7,60.2,68.9,72.7,68.9,60.3
141,1943,3.41,8.22,2.63,5.88,5.09,4.29,43.3,56.4,71.8,72.7,70.8,59.0
141,1944,4.42,4.49,2.38,1.39,2.68,2.53,44.3,63.3,71.7,72.6,72.3,63.6
141,1945,4.06,6.0,3.67,4.7,3.11,5.27,48.4,52.1,64.4,70.2,69.5,62.9
141,1946,1.44,3.92,5.85,0.47,1.93,2.53,48.4,55.8,67.2,72.8,67.4,64.2
141,1947,7.31,4.52,4.58,3.17,3.97,5.15,45.7,52.8,65.0,69.2,77.7,64.3
141,1948,2.06,5.38,5.04,2.4,1.24,2.25,51.5,55.1,66.7,73.3,71.1,65.8
141,1949,1.53,3.69,5.36,3.75,2.79,3.4,46.1,59.6,71.6,75.6,71.2,57.8
141,1950,5.6,2.31,7.82,5.77,1.01,3.68,40.7,59.7,66.9,69.2,68.2,62.1
141,1951,4.15,4.41,3.49,4.84,4.91,4.01,45.0,60.2,66.3,70.8,67.2,60.2
141,1952,3.21,4.92,4.53,3.78,3.76,1.52,48.4,56.5,71.9,74.1,69.4,63.1
141,1953,3.13,3.09,3.8,2.74,3.67,1.84,44.0,60.4,71.4,73.9,71.5,63.8
141,1954,5.78,2.4,4.03,6.15,5.73,1.71,51.6,54.1,71.7,72.5,69.0,65.6
141,1955,2.61,2.46,2.65,4.19,5.94,2.41,53.9,61.0,66.1,77.8,74.9,64.1
141,1956,4.87,5.26,2.43,3.05,3.95,0.53,45.3,58.6,71.2,71.3,70.4,61.8
141,1957,6.08,2.66,4.24,2.54,4.84,1.66,47.5,58.4,68.8,73.2,69.9,61.2
141,1958,2.14,1.74,5.18,6.76,5.14,2.83,48.7,58.8,63.1,71.0,70.0,62.9
141,1959,4.75,3.46,2.83,4.95,1.44,3.88,47.4,63.5,70.0,71.5,75.8,66.7
141,1960,2.97,2.85,5.46,2.7,3.78,3.05,50.8,56.7,65.8,70.2,71.2,67.3
141,1961,5.29,1.71,3.74,4.41,3.39,6.19,42.0,54.2,67.2,71.1,70.1,67.5
141,1962,2.29,2.72,3.96,4.34,2.73,1.47,47.0,64.8,68.9,69.1,70.5,60.6
141,1963,2.62,2.83,2.33,5.78,2.37,1.62,49.1,56.4,69.2,71.4,66.3,62.7
141,1964,4.36,1.63,4.18,4.58,3.24,3.34,49.3,63.1,70.3,72.7,68.1,62.4
141,1965,4.58,2.09,2.23,2.57,6.17,5.41,46.5,64.2,67.4,69.6,67.4,63.3
141,1966,5.33,4.1,2.15,4.23,4.85,1.28,44.9,52.6,69.3,73.7,67.5,61.4
141,1967,5.19,1.92,4.85,2.03,2.85,2.93,48.8,54.0,70.3,69.1,66.5,61.4
141,1968,3.17,3.09,8.03,2.8,3.47,4.61,49.9,55.3,68.8,71.2,71.3,63.7
141,1969,4.79,3.38,5.15,5.84,0.64,1.84,49.9,59.2,64.8,72.5,71.5,63.2
141,1970,5.44,4.11,4.02,5.19,2.81,5.62,48.5,61.6,67.7,72.0,70.2,64.3
141,1971,0.53,2.03,2.17,4.01,2.82,4.43,46.1,56.1,73.2,69.7,68.2,66.4
141,1972,3.83,3.64,2.43,4.13,3.71,8.19,45.4,60.4,64.4,70.8,69.7,62.7
141,1973,3.87,4.26,4.36,3.59,1.81,1.94,48.1,54.7,70.4,72.5,71.5,65.1
141,1974,3.53,5.33,3.88,1.2,1.49,4.04,50.1,56.0,65.2,73.6,70.0,59.7
141,1975,5.26,3.5,6.02,1.77,7.36,1.62,42.5,62.1,69.2,70.7,71.8,58.1
141,1976,3.92,5.07,5.64,5.44,2.51,3.01,51.1,55.7,69.4,71.7,67.4,60.2
141,1977,2.74,1.74,5.77,2.28,5.02,7.2,53.9,67.0,65.9,74.7,68.2,63.7
141,1978,3.86,3.29,4.14,5.05,3.68,3.04,47.2,58.4,68.2,70.4,70.4,67.2
141,1979,4.79,2.8,3.89,1.87,8.09,0.01,44.6,57.1,68.1,70.2,68.9,62.9
141,1980,3.22,2.42,4.88,3.3,7.29,4.9,45.8,59.8,65.6,74.4,72.4,63.7
141,1981,6.14,6.47,7.62,5.54,3.04,4.66,51.3,55.6,68.6,70.7,69.2,61.6
141,1982,1.72,4.81,2.97,5.89,3.38,2.66,43.0,65.1,63.6,72.7,67.8,62.1
141,1983,5.64,5.17,2.33,3.24,1.77,3.19,43.8,54.3,69.8,76.6,75.5,64.6
141,1984,4.11,5.14,3.91,2.54,1.76,4.33,46.4,55.0,71.2,70.1,72.4,61.6
141,1985,2.14,1.74,2.95,3.04,3.92,2.54,53.6,62.2,65.7,71.7,68.1,64.2
141,1986,2.08,4.09,5.86,6.48,2.2,5.14,50.9,59.4,67.8,74.2,66.6,65.1
141,1987,2.58,4.18,3.81,3.8,4.42,3.45,49.7,63.6,71.8,74.4,70.7,63.5
141,1988,3.16,1.7,0.9,2.52,5.69,3.58,47.6,61.2,70.7,74.2,74.2,63.6
141,1989,2.67,3.22,4.58,4.93,4.66,3.46,46.5,56.4,67.5,72.9,69.4,60.7
141,1990,2.88,6.41,4.17,4.87,5.58,3.91,47.9,55.9,68.2,70.5,68.8,64.0
141,1991,5.29,4.08,1.29,1.9,3.89,3.11,51.7,66.3,72.4,74.0,71.5,61.9
141,1992,2.22,1.43,2.19,5.97,2.06,8.21,45.4,57.5,64.1,68.9,65.7,60.8
141,1993,4.26,2.52,9.13,1.89,3.7,7.39,45.9,59.9,66.8,73.3,72.1,58.4
141,1994,2.92,1.04,6.64,4.39,3.9,3.05,50.0,56.2,69.9,71.8,67.1,63.6
141,1995,4.61,3.95,3.16,4.18,6.03,1.09,45.8,57.3,70.5,74.1,76.3,61.2
141,1996,4.19,7.33,6.5,7.6,1.34,3.44,44.6,56.6,69.3,69.2,70.8,62.5
141,1997,1.35,4.78,4.43,4.24,5.2,2.83,43.7,52.7,68.2,71.7,67.5,62.5
141,1998,4.03,2.19,3.84,3.29,5.39,1.72,49.5,64.8,68.4,71.8,72.2,67.0
141,1999,7.0,1.95,3.46,2.37,3.6,1.42,50.5,62.5,70.6,76.8,68.8,63.7
141,2000,3.68,4.7,7.34,3.12,2.45,3.67,47.2,61.4,67.6,69.8,70.2,62.6
141,2001,3.9,3.97,4.45,4.47,4.15,3.36,52.6,61.1,66.8,71.6,72.2,61.2
141,2002,4.22,5.62,2.27,3.19,2.78,1.45,49.0,54.1,70.7,75.5,71.8,67.3
141,2003,2.94,6.95,1.56,6.07,2.89,4.13,49.8,56.3,65.8,70.9,72.3,61.7
141,2004,0.69,6.41,4.72,4.31,6.55,1.16,50.3,61.4,66.6,70.5,66.4,65.3
141,2005,1.17,1.23,2.47,4.77,2.87,4.04,51.6,56.6,73.1,74.1,72.5,67.1
141,2006,2.28,4.56,1.98,8.01,4.24,2.95,52.4,57.7,67.8,74.1,70.6,60.7
141,2007,4.4,2.09,2.56,5.12,10.49,1.93,46.7,63.9,70.7,71.3,72.7,66.7
141,2008,2.69,3.1,3.86,2.89,2.4,11.25,50.2,55.8,69.8,72.4,69.6,65.3
141,2009,4.35,3.73,4.72,2.52,6.19,0.96,48.4,59.4,68.7,67.6,69.2,63.4
141,2010,3.05,5.74,5.88,4.0,1.29,2.38,54.0,61.3,70.3,74.7,73.6,64.4
141,2011,7.48,6.83,4.23,3.63,2.23,4.95,48.1,59.9,69.9,76.4,70.7,61.3
141,2012,1.99,2.02,1.87,4.96,4.61,1.83,49.2,64.4,70.3,78.6,69.4,62.4
141,2013,6.19,3.08,5.38,2.22,3.13,3.1,46.3,62.5,68.4,71.0,69.3,64.4
141,2014,2.69,5.17,7.35,2.3,4.87,3.23,48.0,59.6,70.7,67.5,70.8,62.1
141,2015,2.38,5.76,6.04,5.3,3.1,3.7,49.3,62.3,68.3,70.1,69.3,67.0
141,2016,3.64,3.57,4.2,3.14,10.18,3.76,47.7,58.2,69.8,72.8,73.8,67.9
141,2017,3.14,5.13,2.42,4.6,2.59,2.17,52.3,57.0,69.7,71.6,67.7,65.4
141,2018,2.97,7.05,4.71,3.62,5.23,2.27,40.4,66.0,70.3,72.5,72.4,67.0
141,2019,4.65,6.65,5.16,3.14,1.93,6.39,47.8,57.7,67.5,74.6,69.6,67.8
141,2020,4.23,4.44,2.79,2.68,3.44,1.89,45.4,57.8,71.2,75.4,71.4,63.1
141,2021,2.36,3.23,8.2,2.89,5.09,2.04,49.2,57.6,71.8,72.3,73.9,67.4
141,2022,3.26,3.22,2.48,5.4,2.88,2.46,45.2,61.9,69.8,73.2,72.0,64.6
141,2023,2.79,2.12,2.39,5.87,2.74,1.74,50.1,60.0,67.8,71.9,70.1,65.4
141,2024,5.09,4.63,4.19,5.49,1.98,2.88,51.5,63.7,71.7,71.2,71.5,67.1
141,2025,2.82,2.58,5.17,4.19,3.22,2.48,48.8,57.7,72.0,75.4,70.3,65.7
141,2026,6.64,1.94,8.06,4.04,4.61,,54.1,57.9,68.6,74.5,71.0,
143,1895,2.23,2.51,3.75,4.17,2.31,1.25,55.4,63.6,75.5,74.3,76.3,71.9
143,1896,0.21,5.33,6.22,5.86,3.55,4.79,60.7,69.6,72.2,76.4,74.5,65.2
143,1897,4.18,2.62,4.39,5.3,1.05,0.36,52.4,58.8,71.5,77.1,72.8,69.3
143,1898,1.81,4.4,3.57,2.14,4.02,5.1,50.0,64.9,74.7,77.7,75.3,71.0
143,1899,2.69,4.12,4.26,3.89,3.54,0.91,55.0,65.7,74.4,75.9,76.2,67.0
143,1900,2.02,4.82,4.02,3.77,3.08,0.85,53.1,65.0,73.0,76.6,79.4,72.4
143,1901,2.62,2.19,5.37,0.63,2.36,2.37,48.7,62.0,74.3,82.0,75.4,67.6
143,1902,2.29,6.21,4.84,2.61,2.38,3.82,51.9,67.8,71.8,76.8,73.0,64.9
143,1903,4.38,1.94,5.86,1.8,3.61,1.39,53.1,66.5,67.6,76.4,73.5,67.5
143,1904,2.29,2.13,3.26,1.93,1.28,2.78,48.6,63.4,71.6,74.2,73.3,68.9
143,1905,2.79,5.25,3.56,4.38,4.65,2.26,53.7,65.6,73.4,75.0,74.7,68.0
143,1906,1.81,2.12,2.55,2.39,3.15,5.73,55.4,63.9,72.9,75.2,76.7,71.2
143,1907,2.68,3.3,4.69,4.9,4.13,2.63,45.0,58.8,69.4,76.4,73.0,67.0
143,1908,5.55,6.48,2.34,2.09,1.41,0.96,54.2,65.5,72.4,76.6,75.3,71.1
143,1909,5.22,5.47,3.71,8.17,1.57,1.57,52.5,61.4,74.2,73.8,75.7,65.0
143,1910,4.08,4.79,3.02,8.03,1.88,3.06,53.6,58.9,69.6,75.6,72.0,68.6
143,1911,6.56,3.09,3.73,2.48,2.88,5.66,51.3,68.2,74.3,75.7,75.5,71.5
143,1912,6.39,4.87,2.48,3.21,7.07,3.6,56.1,66.1,69.3,76.5,73.1,69.4
143,1913,3.93,1.95,2.72,1.52,2.86,2.82,52.3,64.0,73.8,79.5,77.1,67.6
143,1914,3.48,1.42,2.29,2.71,6.09,1.83,52.7,64.0,75.6,77.7,74.6,66.8
143,1915,1.17,6.57,4.11,5.04,5.54,2.52,57.7,61.8,70.0,74.4,69.3,68.9
143,1916,3.6,3.81,6.62,3.86,4.28,3.54,51.5,65.4,68.0,78.4,76.4,65.7
143,1917,4.62,5.63,4.37,2.76,2.06,1.53,51.8,56.6,69.2,74.2,73.0,66.5
143,1918,3.31,5.37,3.14,3.44,4.25,2.69,51.4,68.1,71.9,72.9,79.4,60.5
143,1919,3.45,3.91,3.81,1.6,2.61,1.93,53.5,60.8,75.6,78.1,73.1,69.7
143,1920,6.37,3.78,2.53,2.23,4.37,4.51,49.1,61.4,70.8,74.0,71.7,69.3
143,1921,4.49,2.37,4.42,2.17,5.01,5.14,55.7,64.0,77.0,80.0,74.0,72.5
143,1922,4.43,2.89,1.79,4.04,2.52,2.12,56.3,66.4,73.7,75.2,74.4,71.7
143,1923,3.65,4.06,3.99,3.51,5.09,2.73,51.6,61.9,72.3,76.0,74.4,68.4
143,1924,4.11,4.11,4.68,1.63,3.78,4.4,54.6,57.4,72.5,72.4,74.7,63.4
143,1925,1.76,1.64,3.69,3.51,4.03,3.75,59.0,58.7,75.1,74.8,74.2,74.5
143,1926,4.51,2.05,2.56,4.13,5.33,4.23,47.5,64.4,68.7,76.5,76.2,70.3
143,1927,5.73,8.53,3.02,2.86,3.07,4.44,55.3,63.0,68.3,74.9,68.4,71.2
143,1928,4.36,3.33,7.49,3.04,4.71,0.82,49.2,61.3,67.2,74.7,74.7,63.1
143,1929,5.4,9.56,3.97,4.98,2.36,4.97,56.9,61.3,70.0,75.1,72.0,67.0
143,1930,1.71,0.93,1.93,0.98,2.34,4.84,55.4,64.3,71.5,79.2,75.4,69.4
143,1931,3.98,2.36,2.65,3.69,4.93,4.89,53.2,60.3,74.2,78.6,73.9,72.7
143,1932,3.46,0.78,5.22,3.47,4.85,4.7,52.6,62.9,72.5,77.0,74.0,67.2
143,1933,6.19,8.35,0.56,1.53,2.17,4.76,52.1,66.1,76.4,76.6,73.8,73.5
143,1934,1.06,0.79,6.88,1.95,5.02,4.37,53.6,66.3,76.6,80.3,74.4,67.1
143,1935,2.86,7.13,3.49,3.29,5.36,1.68,50.8,59.9,67.3,77.8,75.0,66.1
143,1936,3.92,1.09,0.93,3.62,1.25,3.39,48.9,65.8,73.2,81.5,80.8,72.6
143,1937,4.02,3.88,3.46,2.4,3.95,2.25,52.7,63.3,72.7,74.3,76.8,65.1
143,1938,1.88,5.69,2.72,7.25,4.83,1.99,56.2,64.2,70.3,76.5,76.5,69.7
143,1939,6.09,1.15,5.9,4.41,2.25,0.97,51.0,65.2,73.7,75.6,75.2,73.4
143,1940,7.37,3.24,4.47,1.33,2.41,1.22,50.4,59.0,71.5,75.0,75.7,64.9
143,1941,2.73,1.16,7.7,3.57,1.98,1.61,57.2,66.0,73.1,77.0,75.8,71.4
143,1942,3.5,4.8,6.18,3.29,4.12,1.89,56.0,63.7,73.5,77.0,74.4,67.3
143,1943,2.92,5.3,2.59,5.62,0.56,2.07,52.1,65.6,76.8,77.7,77.0,64.6
143,1944,4.94,3.85,0.97,2.05,7.55,3.73,53.3,69.4,76.6,76.7,75.9,67.4
143,1945,4.7,4.2,6.58,3.29,1.96,5.45,54.8,59.5,70.0,73.4,73.3,70.4
143,1946,2.07,5.89,2.81,5.7,6.11,0.83,55.5,61.2,72.1,74.6,69.0,66.4
143,1947,8.53,6.67,4.98,4.11,2.76,3.09,54.1,60.2,70.1,70.5,79.8,68.7
143,1948,5.47,3.34,2.81,4.95,1.97,1.43,57.0,62.6,72.6,75.6,73.6,68.4
143,1949,1.69,2.39,8.49,1.84,5.59,2.5,51.5,64.6,73.9,79.6,75.1,62.0
143,1950,5.34,6.78,5.64,3.39,3.69,4.44,48.8,64.4,70.6,72.8,71.0,65.2
143,1951,3.35,3.31,4.29,1.94,2.34,3.34,50.2,64.3,71.6,75.1,73.8,65.4
143,1952,2.73,3.01,4.39,1.29,1.61,3.39,53.1,62.8,77.3,78.3,74.4,66.3
143,1953,3.67,3.97,2.33,5.2,1.13,0.58,49.6,65.8,76.2,75.6,74.6,68.4
143,1954,2.53,2.55,2.84,1.35,5.83,2.68,58.4,58.3,74.7,78.8,76.1,71.0
143,1955,2.95,3.54,3.16,5.09,1.21,5.29,58.2,64.6,67.0,79.1,77.0,70.3
143,1956,3.13,4.36,4.96,2.83,3.58,3.57,50.9,63.8,72.0,74.9,73.6,65.0
143,1957,7.59,6.59,6.99,3.97,2.38,3.4,56.0,63.7,72.8,75.3,73.1,67.4
143,1958,3.64,4.92,4.47,7.91,4.06,4.9,53.3,62.4,68.8,73.9,72.5,66.6
143,1959,1.65,3.76,2.32,3.87,2.96,1.24,54.7,67.4,71.9,75.5,77.2,69.9
143,1960,1.16,3.98,9.5,3.65,2.31,0.66,56.8,59.8,70.1,73.2,75.4,70.3
143,1961,3.9,8.36,4.52,4.78,4.36,1.5,48.0,57.8,68.8,74.3,72.6,70.1
143,1962,0.77,5.29,3.0,4.21,3.05,3.65,50.6,69.4,71.6,73.8,73.6,63.5
143,1963,1.88,3.27,2.2,6.59,2.68,1.3,56.2,60.8,71.5,73.3,71.5,65.3
143,1964,4.57,1.51,6.55,3.31,1.68,2.07,57.2,65.8,72.9,75.0,73.6,67.0
143,1965,5.13,1.64,3.23,4.28,3.32,8.02,55.2,68.0,71.3,72.9,72.5,68.3
143,1966,7.06,2.35,1.52,4.46,3.75,3.4,50.8,60.0,71.1,78.3,71.8,64.7
143,1967,4.8,5.97,2.53,4.59,3.06,1.29,56.1,60.4,71.8,72.3,69.6,63.3
143,1968,4.52,8.19,2.29,5.11,2.96,2.82,54.8,60.5,71.8,75.4,75.0,66.3
143,1969,4.3,4.1,4.72,3.58,3.33,1.27,55.2,64.3,71.5,76.7,72.3,66.4
143,1970,6.75,2.88,4.42,2.17,3.95,3.12,55.9,66.2,71.3,74.2,74.1,71.8
143,1971,1.94,4.73,3.01,5.38,2.7,3.4,52.5,59.0,74.7,72.6,71.6,69.7
143,1972,8.05,3.89,2.42,4.11,2.85,5.44,53.0,64.0,67.6,74.4,73.2,69.7
143,1973,5.6,3.83,7.24,8.06,1.72,2.46,52.2,59.6,73.2,75.9,74.7,69.9
143,1974,4.13,6.88,2.71,2.86,6.41,5.21,55.1,62.9,67.3,74.7,72.9,61.8
143,1975,4.86,4.06,4.1,1.51,2.24,4.24,50.6,66.8,72.5,75.1,76.8,63.4
143,1976,0.94,3.23,7.31,4.03,2.95,3.62,54.7,59.2,71.0,73.9,70.8,63.3
143,1977,3.5,2.85,4.29,4.17,6.3,1.83,57.6,68.5,70.7,78.2,74.0,69.5
143,1978,3.29,5.06,4.29,7.72,6.28,1.02,54.5,60.7,72.6,75.2,73.4,70.2
143,1979,6.02,3.97,5.21,7.44,5.22,6.53,52.4,61.3,71.6,72.9,73.2,65.4
143,1980,2.45,4.93,4.07,5.65,4.06,2.2,50.8,63.9,70.1,78.5,78.5,69.5
143,1981,5.01,4.95,2.86,3.1,3.0,2.94,58.6,59.3,73.4,75.8,72.9,65.0
143,1982,2.92,4.68,5.74,4.02,4.23,3.08,48.8,68.0,67.9,76.0,70.9,64.7
143,1983,7.54,8.91,3.75,0.8,2.91,1.85,49.2,60.3,71.4,78.5,78.9,68.1
143,1984,5.25,6.77,1.5,4.65,2.61,3.16,52.3,60.3,74.7,72.7,74.0,65.2
143,1985,1.96,4.41,4.09,3.64,6.17,1.14,57.8,64.2,70.1,74.9,72.8,66.8
143,1986,2.29,3.47,2.68,5.47,2.65,4.0,55.6,65.1,73.2,77.3,70.9,70.7
143,1987,2.67,2.05,4.36,6.58,1.24,1.54,52.4,68.2,73.7,76.5,75.3,68.3
143,1988,3.63,2.28,0.49,6.87,2.92,3.68,52.7,63.4,73.1,77.3,77.0,66.7
143,1989,5.95,3.87,4.41,4.79,4.72,3.41,52.6,59.8,71.2,75.3,73.3,65.7
143,1990,3.75,9.79,5.57,2.86,2.96,2.69,52.4,60.8,71.5,74.5,72.8,68.2
143,1991,2.86,2.8,2.61,1.68,5.06,2.67,57.0,69.9,74.5,77.1,75.1,67.9
143,1992,2.89,2.94,4.23,8.69,7.84,2.34,54.4,60.7,68.2,75.2,69.6,65.4
143,1993,4.39,3.16,4.42,3.93,5.78,4.12,51.7,63.2,71.7,78.9,75.2,64.4
143,1994,6.26,3.49,2.3,2.2,3.13,3.08,55.7,59.6,74.4,75.5,72.2,65.0
143,1995,4.39,10.77,3.09,3.23,4.48,1.17,54.6,63.2,72.5,76.3,78.5,65.0
143,1996,10.5,9.12,4.42,5.78,2.12,7.12,50.5,65.2,72.5,73.7,74.0,65.9
143,1997,2.39,8.98,7.56,1.58,3.11,0.94,49.3,58.5,69.6,76.1,72.5,66.6
143,1998,7.16,4.75,6.44,4.58,3.08,1.01,53.8,67.8,73.2,75.2,75.4,71.5
143,1999,2.78,2.07,4.85,2.1,1.18,0.76,56.3,65.0,73.6,79.4,74.0,67.1
143,2000,4.25,3.62,5.45,4.71,5.28,4.54,53.0,66.6,72.6,73.8,73.6,65.9
143,2001,1.79,4.72,4.01,4.96,3.88,5.6,59.7,65.7,70.4,75.5,75.6,65.4
143,2002,6.86,8.34,3.92,2.25,1.81,5.87,56.8,61.2,73.8,77.6,77.0,71.4
143,2003,5.04,6.65,3.36,7.0,2.68,6.2,56.3,63.3,68.0,74.4,75.5,64.9
143,2004,4.95,11.0,2.55,6.88,3.36,0.42,55.1,69.4,72.1,73.6,70.7,68.2
143,2005,3.3,3.74,3.0,2.43,6.95,3.05,56.6,61.3,74.4,76.2,77.0,71.0
143,2006,5.09,4.42,5.96,3.42,5.95,6.21,58.7,61.3,71.0,76.7,75.9,63.6
143,2007,4.53,1.99,3.19,3.77,1.73,2.63,51.9,67.6,73.3,73.4,79.9,71.6
143,2008,3.14,6.0,5.45,3.15,1.22,3.47,55.0,61.0,74.0,75.0,73.0,69.6
143,2009,4.08,6.63,4.77,6.53,3.62,7.0,54.9,64.4,73.4,70.7,72.4,67.5
143,2010,3.17,5.17,7.1,2.92,2.44,0.27,59.4,66.4,76.2,78.2,77.5,69.7
143,2011,13.15,6.7,6.86,1.92,2.69,4.2,56.8,63.6,73.5,80.4,75.3,65.8
143,2012,3.6,4.2,1.11,3.09,2.55,6.28,55.4,69.8,72.5,81.2,74.0,66.4
143,2013,4.08,4.63,6.32,3.69,1.99,3.35,54.4,65.8,72.3,73.8,73.7,68.9
143,2014,8.41,4.69,3.63,4.88,4.0,2.81,56.6,65.7,74.2,71.4,74.1,66.4
143,2015,6.57,2.94,7.35,9.28,2.52,1.3,55.7,67.0,73.1,75.2,71.9,70.1
143,2016,4.66,3.88,3.9,5.48,6.65,3.1,55.6,62.4,74.8,76.9,77.5,71.9
143,2017,5.66,8.1,5.61,4.95,2.39,4.07,60.9,63.9,71.6,76.2,72.2,68.0
143,2018,4.66,4.41,6.6,5.0,7.56,7.6,49.5,71.9,74.8,75.7,75.8,71.7
143,2019,6.14,5.8,8.56,2.83,3.22,0.18,56.3,66.7,71.2,77.4,74.9,74.1
143,2020,3.73,4.91,3.96,4.65,4.22,1.71,51.8,61.8,72.9,78.0,73.4,67.1
143,2021,4.52,3.0,6.74,6.99,3.53,5.04,54.1,61.5,73.4,75.5,76.6,69.7
143,2022,3.32,5.87,3.49,6.68,5.08,3.58,53.2,67.4,73.7,77.8,75.1,68.5
143,2023,3.14,3.19,2.9,6.74,3.73,1.14,55.8,63.6,70.7,76.5,74.1,69.6
143,2024,4.99,5.13,1.9,5.09,3.55,5.85,57.9,68.5,74.1,75.9,75.1,70.5
143,2025,6.97,4.39,4.93,5.67,1.01,3.19,56.1,61.8,74.0,78.9,72.8,69.1
143,2026,5.45,8.41,6.0,3.01,5.11,,61.3,62.3,71.8,76.6,75.4,
145,1895,1.78,1.33,4.69,2.29,1.99,2.17,53.8,62.7,74.6,73.3,74.9,69.9
145,1896,1.2,3.08,4.53,6.25,5.28,5.23,58.8,69.2,71.6,75.2,73.0,63.3
145,1897,5.3,3.25,3.77,4.73,1.34,1.04,50.5,58.4,70.0,77.5,70.9,68.9
145,1898,1.59,2.93,3.14,3.79,3.62,6.36,49.5,63.0,73.5,76.7,74.0,70.0
145,1899,1.98,3.75,2.18,3.08,3.97,1.5,54.3,62.6,74.4,75.1,75.9,66.3
145,1900,1.79,5.76,4.12,4.71,2.79,1.35,51.7,64.8,71.7,75.5,78.5,71.1
145,1901,2.77,2.45,4.36,1.83,3.42,1.64,48.8,61.9,73.8,82.1,75.2,66.8
145,1902,2.18,4.41,8.46,2.63,1.64,5.77,50.5,66.2,70.4,76.0,71.9,64.4
145,1903,3.13,4.56,3.6,5.02,2.95,1.24,51.8,65.7,66.5,75.6,72.2,67.2
145,1904,2.33,3.86,3.31,2.51,1.5,3.42,47.0,62.1,69.5,73.5,71.4,67.2
145,1905,4.05,6.47,2.77,3.49,5.31,3.2,52.1,63.6,72.4,74.4,74.1,67.4
145,1906,2.16,2.15,4.52,3.21,4.63,4.58,54.7,63.8,70.6,74.1,75.9,70.0
145,1907,2.6,3.21,5.06,5.57,2.43,2.22,42.9,57.3,67.7,75.2,71.6,65.9
145,1908,4.11,6.38,2.46,1.91,1.64,0.74,53.0,63.9,70.6,75.9,74.0,70.9
145,1909,4.65,6.01,4.7,4.73,2.35,2.34,51.0,60.1,72.8,72.4,74.5,64.5
145,1910,3.02,4.02,1.94,8.3,1.54,4.4,52.9,57.1,68.0,74.5,71.1,67.4
145,1911,5.05,2.55,3.54,1.17,2.33,7.1,49.6,67.6,73.1,75.7,74.6,70.4
145,1912,5.23,4.4,2.11,6.07,5.65,3.26,54.4,64.6,68.7,75.4,71.7,68.1
145,1913,3.65,2.59,2.58,4.04,4.19,2.34,51.6,63.6,73.2,77.7,75.2,66.2
145,1914,3.84,1.64,2.46,2.38,5.86,2.73,52.1,64.5,75.7,77.8,74.2,66.1
145,1915,1.41,5.13,3.22,6.33,7.56,3.74,56.9,60.4,69.6,73.5,67.9,68.2
145,1916,3.06,4.73,5.94,3.29,3.71,3.8,50.1,64.4,67.4,79.4,75.3,65.0
145,1917,4.57,4.55,6.89,3.01,2.3,3.51,49.9,55.8,68.5,75.0,72.1,64.9
145,1918,5.23,4.57,3.14,1.78,4.44,3.77,49.2,67.8,71.2,73.2,78.3,59.0
145,1919,2.97,4.34,2.77,1.38,1.9,1.98,51.5,60.0,75.6,77.9,72.5,69.9
145,1920,6.22,4.09,3.62,3.75,2.34,2.18,46.8,60.4,70.9,73.4,71.8,68.3
145,1921,5.04,2.08,2.84,2.81,5.92,6.44,55.5,64.2,77.0,79.9,72.6,71.3
145,1922,7.05,2.8,0.98,4.55,3.75,1.5,54.7,66.8,74.2,74.9,73.0,70.8
145,1923,2.16,5.23,4.85,2.73,4.9,2.56,50.0,60.7,71.9,75.1,73.2,67.4
145,1924,2.9,4.43,5.16,1.96,3.81,3.58,52.7,55.7,71.8,72.0,73.1,62.2
145,1925,1.99,1.83,4.47,4.96,1.9,4.75,56.9,58.4,75.1,74.8,73.7,73.6
145,1926,3.38,3.91,2.12,4.78,9.31,9.56,45.8,63.9,67.6,76.0,75.6,68.6
145,1927,5.49,6.25,3.1,2.29,2.94,4.14,52.2,61.6,67.0,74.0,66.9,70.6
145,1928,3.85,2.09,6.25,3.41,2.61,0.69,47.6,60.7,66.0,74.5,74.5,62.7
145,1929,4.97,7.81,5.83,5.22,2.15,4.0,54.6,60.0,69.2,74.6,71.1,66.1
145,1930,2.05,2.32,2.36,1.04,1.98,3.39,53.9,63.8,71.0,77.5,74.4,68.2
145,1931,3.15,2.57,2.49,4.27,4.14,4.91,52.4,59.5,74.5,78.7,73.8,71.2
145,1932,2.05,0.86,6.45,4.25,2.52,7.88,51.2,62.8,72.9,76.2,73.6,66.0
145,1933,4.22,8.07,1.51,2.34,2.46,6.12,50.5,64.6,76.3,76.1,72.4,72.1
145,1934,1.0,1.21,4.19,2.47,2.38,4.73,51.8,66.2,77.4,80.8,73.6,66.8
145,1935,1.96,6.7,4.09,5.61,2.2,4.08,48.9,58.2,68.0,77.4,74.7,65.8
145,1936,3.44,1.65,0.75,0.95,3.17,5.69,47.2,65.7,72.3,81.7,79.6,70.3
145,1937,4.7,3.25,4.83,4.12,3.68,4.25,51.0,61.9,71.0,74.2,75.4,63.9
145,1938,2.41,6.58,5.76,4.93,2.83,2.21,53.9,62.3,69.5,75.5,75.2,67.7
145,1939,6.65,2.23,5.99,4.61,3.42,0.82,48.0,64.4,73.3,74.2,72.7,71.4
145,1940,6.62,4.29,2.65,0.71,1.98,1.14,48.2,58.8,72.0,75.0,74.9,64.3
145,1941,2.33,1.78,5.2,1.55,2.26,2.91,56.4,65.0,71.9,76.6,74.3,69.8
145,1942,2.88,4.43,6.93,2.53,6.64,2.95,55.5,63.5,72.0,76.1,72.3,65.0
145,1943,2.77,7.6,4.82,3.81,1.42,3.5,48.9,62.7,75.6,75.8,74.4,62.8
145,1944,7.28,3.45,1.28,2.83,4.31,2.89,51.1,68.4,75.3,76.0,74.1,65.9
145,1945,4.75,3.59,7.44,3.06,2.77,6.94,53.3,57.7,69.0,72.7,72.3,68.3
145,1946,1.49,6.18,3.18,2.9,3.35,0.73,53.4,60.0,71.2,74.4,68.6,66.0
145,1947,7.15,6.34,5.93,4.6,5.33,3.11,51.6,59.3,68.9,70.6,79.0,66.9
145,1948,3.77,3.36,3.39,5.46,1.22,2.95,55.2,61.5,71.9,75.0,73.0,67.1
145,1949,1.54,2.47,4.16,4.17,3.66,3.32,50.5,63.8,73.5,78.2,73.4,60.4
145,1950,4.58,3.49,4.93,2.79,3.2,4.55,46.7,63.8,68.7,72.0,69.9,64.2
145,1951,3.76,4.13,6.08,3.96,2.01,2.35,49.0,64.2,70.6,74.1,72.2,63.7
145,1952,3.41,3.84,6.35,2.44,2.43,4.46,51.6,61.6,76.4,77.0,72.6,65.1
145,1953,2.55,4.87,2.34,4.36,2.88,0.74,48.0,64.7,75.4,75.1,73.5,67.1
145,1954,3.52,2.5,1.96,1.83,4.46,1.51,57.6,57.5,74.3,77.2,73.1,69.1
145,1955,3.27,4.33,3.43,4.93,2.81,7.72,57.2,63.5,66.2,78.3,75.5,68.4
145,1956,4.02,6.83,4.83,4.21,2.61,1.55,49.0,62.6,71.1,73.4,72.8,63.5
145,1957,6.52,7.52,6.35,4.74,2.18,2.93,53.5,62.5,71.8,74.8,72.9,65.3
145,1958,4.24,6.4,8.93,7.69,3.8,4.53,52.0,60.7,67.1,73.5,71.8,65.6
145,1959,3.34,5.26,1.28,4.28,2.57,2.5,52.6,66.3,71.9,74.6,76.5,68.1
145,1960,1.55,5.24,7.32,3.71,4.07,1.57,55.0,59.1,69.2,72.1,73.9,69.9
145,1961,5.26,6.76,2.81,4.08,2.29,3.29,45.9,57.1,68.5,73.9,72.0,69.9
145,1962,1.03,4.49,1.71,7.2,4.66,1.82,49.8,68.7,71.5,72.6,71.8,62.4
145,1963,3.67,2.48,2.31,5.06,4.56,0.34,53.2,59.9,71.2,73.1,69.5,64.9
145,1964,9.15,0.72,2.99,4.53,2.18,1.41,53.9,65.4,72.5,74.9,71.7,66.1
145,1965,5.69,2.03,2.68,3.97,4.17,6.18,52.6,68.3,71.6,72.1,70.7,67.1
145,1966,3.89,2.76,2.3,3.01,4.08,5.17,49.2,57.7,70.3,77.0,70.9,63.2
145,1967,3.97,6.38,2.37,2.12,1.58,1.47,53.7,58.6,72.2,72.3,69.5,63.2
145,1968,3.16,10.48,3.94,5.07,4.16,2.25,53.0,58.6,71.5,74.8,73.9,65.5
145,1969,3.77,3.98,4.5,8.52,2.25,2.76,53.1,62.7,69.4,75.6,71.4,64.1
145,1970,6.36,2.1,2.74,4.57,3.0,3.42,53.1,65.1,70.2,73.6,72.4,69.6
145,1971,1.08,4.88,4.26,4.68,1.39,4.43,50.5,58.4,74.4,72.1,70.1,68.9
145,1972,6.12,4.25,4.37,2.49,1.64,5.22,50.8,64.3,66.3,73.7,72.4,67.9
145,1973,4.35,3.46,7.53,6.01,2.69,1.62,50.4,58.7,72.6,75.3,73.2,68.6
145,1974,3.11,7.4,4.96,1.12,6.56,5.76,53.3,60.8,66.9,75.2,72.4,60.9
145,1975,3.62,2.44,3.95,3.02,3.7,2.97,47.6,66.0,71.3,73.8,75.8,62.1
145,1976,1.11,2.59,4.71,4.33,3.24,3.07,53.4,59.1,71.4,73.5,70.0,63.1
145,1977,4.21,3.36,3.39,4.06,6.26,1.95,56.2,68.9,69.8,77.0,72.6,68.6
145,1978,3.75,4.6,4.81,6.08,9.29,0.69,52.1,59.6,71.6,74.4,72.4,69.1
145,1979,3.75,2.94,4.12,11.16,6.49,1.61,49.6,60.7,70.8,72.4,71.8,65.2
145,1980,2.12,4.35,4.83,3.59,6.84,2.31,48.8,63.4,68.9,77.2,76.6,68.1
145,1981,5.9,9.53,2.76,5.36,3.09,2.48,56.4,58.8,72.9,74.4,71.4,63.8
145,1982,1.69,4.19,3.81,3.17,2.65,0.97,47.5,67.7,66.7,75.1,69.8,63.9
145,1983,4.6,7.12,2.25,2.47,2.86,0.99,47.3,59.0,71.8,78.3,77.6,66.8
145,1984,5.43,4.28,2.15,4.32,3.25,3.94,50.0,59.1,74.8,71.6,73.4,64.1
145,1985,2.28,6.54,3.59,3.86,6.0,1.98,57.1,64.0,68.8,74.0,71.2,66.6
145,1986,3.05,5.65,2.79,4.61,1.89,5.58,54.8,63.7,72.5,76.9,70.0,69.0
145,1987,2.87,2.68,3.72,7.71,1.7,1.15,51.9,67.8,73.5,75.3,73.6,67.6
145,1988,3.88,1.44,0.74,4.24,2.69,2.71,51.3,63.8,72.0,76.6,76.1,65.5
145,1989,5.1,6.21,2.72,6.19,5.13,5.27,50.5,58.2,70.9,75.1,71.5,63.8
145,1990,2.6,8.19,3.65,4.95,4.59,2.96,50.6,59.0,70.4,73.2,71.0,66.4
145,1991,3.26,3.72,1.34,3.03,2.99,2.73,55.3,69.0,74.4,75.9,73.9,66.2
145,1992,4.27,2.63,2.86,8.84,3.02,2.78,51.7,60.2,66.6,72.8,68.2,64.4
145,1993,4.63,2.7,6.01,3.41,4.22,6.37,50.1,63.1,69.7,76.4,74.0,61.8
145,1994,6.32,3.58,3.82,2.79,2.7,2.35,53.3,58.6,73.6,73.6,70.0,64.6
145,1995,4.59,7.82,2.78,2.46,5.12,1.59,51.8,60.8,72.1,75.3,77.9,63.6
145,1996,9.07,8.81,4.49,3.47,1.83,6.01,48.9,61.2,70.9,72.3,73.1,64.0
145,1997,2.7,5.61,6.16,2.95,4.53,1.53,47.6,57.0,69.0,74.3,70.1,65.2
145,1998,6.96,5.17,10.13,3.46,2.07,0.46,53.4,66.6,70.9,73.5,74.0,70.0
145,1999,4.23,3.4,4.46,2.99,2.0,1.39,54.5,63.8,72.6,77.7,71.6,65.8
145,2000,4.3,5.2,5.47,3.38,4.02,5.36,51.1,64.9,71.4,72.5,71.7,64.3
145,2001,1.84,4.64,4.43,6.23,3.59,5.03,57.6,64.9,70.1,74.1,74.4,64.1
145,2002,7.31,8.23,3.98,2.06,2.71,4.22,53.9,59.0,73.4,77.3,76.0,70.2
145,2003,2.66,6.37,3.34,6.89,2.84,7.02,54.3,61.9,67.7,73.2,73.5,63.2
145,2004,1.9,7.06,4.48,5.52,3.87,0.22,53.8,67.2,70.5,72.5,69.5,68.1
145,2005,4.75,3.85,3.04,5.81,5.62,4.25,54.6,59.4,73.4,75.3,74.8,68.7
145,2006,4.77,6.46,5.52,5.81,4.58,4.13,56.0,60.4,69.8,75.3,73.8,62.6
145,2007,5.14,1.42,2.51,2.29,1.8,3.2,50.3,66.9,72.8,71.9,78.0,69.7
145,2008,2.55,5.78,9.97,6.0,2.59,1.99,52.6,58.5,72.1,73.3,71.3,67.8
145,2009,6.02,7.23,4.91,6.06,4.89,2.81,51.9,62.7,72.1,69.2,70.6,66.0
145,2010,3.31,4.66,10.58,2.99,1.22,0.57,58.2,64.8,74.5,76.7,75.7,68.0
145,2011,11.27,6.69,5.57,0.88,1.8,5.93,53.7,62.3,72.6,79.9,73.9,63.9
145,2012,2.8,3.24,0.3,1.03,3.54,6.12,52.8,68.4,72.0,81.1,72.8,64.2
145,2013,4.54,3.0,4.41,2.66,1.66,2.77,52.0,65.4,71.3,72.7,72.1,67.6
145,2014,5.83,4.28,5.18,4.18,3.25,2.79,53.9,63.7,73.2,69.4,72.4,64.5
145,2015,4.68,2.78,7.54,8.67,1.92,1.97,53.9,66.3,71.9,73.2,70.3,69.3
145,2016,5.01,3.0,4.37,5.88,7.37,4.04,53.2,61.0,73.4,74.4,75.8,70.3
145,2017,4.1,6.98,4.96,7.2,1.89,2.05,58.7,62.0,70.9,74.7,70.5,67.3
145,2018,4.85,2.64,6.49,3.95,5.2,5.56,46.5,71.0,74.0,74.5,74.2,70.4
145,2019,5.09,5.09,6.31,4.14,3.82,0.82,53.6,63.9,70.3,76.9,72.8,71.6
145,2020,2.3,5.78,3.0,4.12,5.18,0.32,49.7,59.8,71.8,76.3,71.9,65.7
145,2021,2.47,3.55,7.77,8.31,1.63,5.91,52.7,60.4,73.3,74.0,75.8,68.6
145,2022,3.54,6.08,2.21,4.79,4.62,2.99,50.8,65.9,73.0,76.7,73.6,66.7
145,2023,2.8,2.02,2.68,5.97,3.41,1.78,53.3,62.5,70.2,74.6,72.6,67.9
145,2024,6.43,6.53,2.91,5.67,2.77,2.75,56.6,67.8,73.2,73.8,73.8,69.0
145,2025,8.09,5.18,5.5,4.31,2.65,3.15,54.0,62.0,74.7,78.2,72.0,68.2
145,2026,3.52,8.22,5.0,2.03,9.98,,60.2,60.3,71.0,75.9,73.0,
147,1895,2.83,1.79,2.67,7.19,2.15,2.47,57.8,65.0,76.6,74.9,76.4,72.6
147,1896,1.04,6.78,4.54,5.53,2.03,4.69,63.2,71.2,73.0,77.2,77.0,67.2
147,1897,5.88,2.84,3.26,3.24,0.81,0.38,54.3,59.6,72.8,77.9,75.2,72.0
147,1898,3.46,5.61,3.1,2.43,4.39,3.86,52.0,66.8,76.0,77.6,76.4,72.5
147,1899,2.42,4.98,4.3,3.1,3.92,1.35,56.7,67.6,75.6,76.8,78.2,68.0
147,1900,1.68,4.27,9.48,3.93,1.9,2.53,55.1,66.3,73.1,78.3,81.9,72.8
147,1901,3.02,1.98,3.81,1.99,2.89,1.98,50.6,63.3,75.7,82.2,75.5,68.0
147,1902,2.42,3.27,4.03,1.52,1.97,4.83,53.0,70.4,73.5,77.9,75.3,65.8
147,1903,3.57,2.6,4.05,2.98,4.19,0.88,54.3,67.9,68.0,77.4,75.3,68.2
147,1904,3.57,2.4,3.84,3.32,2.03,4.14,49.5,64.6,72.3,74.7,74.4,70.1
147,1905,2.91,5.81,3.89,7.65,3.14,2.53,55.5,67.3,74.5,75.5,76.2,70.2
147,1906,1.74,1.47,4.4,3.45,5.02,6.3,58.0,65.8,73.6,75.6,77.6,72.8
147,1907,2.76,5.71,6.17,3.63,6.23,2.19,46.4,60.0,70.5,78.5,74.7,68.0
147,1908,7.24,4.54,2.8,2.52,2.23,0.89,56.0,65.9,73.3,77.2,76.7,71.8
147,1909,6.16,3.64,4.24,6.4,1.1,2.22,54.1,63.0,74.5,75.0,77.8,67.3
147,1910,5.74,3.47,5.3,11.79,1.59,5.01,54.4,60.6,70.3,76.4,74.0,70.9
147,1911,7.25,3.42,4.13,1.08,3.48,3.95,53.3,69.0,76.0,76.5,76.1,73.7
147,1912,6.98,4.23,3.73,5.79,5.54,3.35,58.0,66.5,69.7,77.4,74.2,70.4
147,1913,3.0,1.06,2.18,1.46,3.06,3.78,53.9,65.4,75.8,80.4,79.4,69.5
147,1914,2.95,1.0,2.58,1.83,4.4,3.69,54.7,65.9,78.8,80.0,76.9,67.7
147,1915,0.71,8.52,6.32,4.7,9.3,2.95,59.7,64.8,71.3,75.5,71.0,70.9
147,1916,3.29,3.31,7.36,2.08,3.09,2.87,52.6,66.5,69.7,80.2,77.8,67.8
147,1917,5.13,4.68,4.36,3.08,2.08,2.24,54.7,58.9,70.8,75.8,74.1,67.7
147,1918,4.2,4.79,4.01,2.93,2.49,3.4,52.0,69.6,74.1,74.2,80.2,61.3
147,1919,3.16,4.95,7.07,1.51,2.89,1.3,56.4,62.5,76.6,79.2,74.8,71.4
147,1920,4.2,4.37,3.56,3.79,3.83,3.72,52.5,64.3,72.3,75.2,73.8,70.7
147,1921,4.1,2.01,3.85,2.48,4.78,4.65,57.6,66.0,77.7,82.0,75.5,74.3
147,1922,4.04,2.83,2.6,3.79,1.38,1.59,58.6,67.5,75.1,75.6,74.8,72.0
147,1923,4.01,5.75,3.74,2.21,6.29,3.11,53.6,63.0,72.7,76.6,75.5,68.2
147,1924,3.92,4.98,5.32,2.37,1.66,2.38,57.0,58.4,73.8,73.8,76.4,65.4
147,1925,2.6,1.47,7.38,2.12,1.05,5.89,61.2,60.5,76.7,76.9,76.6,76.8
147,1926,3.67,1.05,3.85,2.53,4.99,4.12,50.2,66.2,70.7,78.2,77.0,71.9
147,1927,6.4,9.34,4.09,3.81,1.38,4.73,58.5,64.6,69.9,75.9,70.8,71.7
147,1928,4.45,3.88,11.53,1.48,3.24,0.25,51.7,63.2,68.9,77.3,77.3,64.7
147,1929,3.94,8.35,3.58,1.44,3.01,5.0,58.5,62.6,70.8,77.6,73.9,68.2
147,1930,0.78,1.62,2.63,0.53,1.41,4.59,58.1,66.0,72.5,80.6,77.1,70.6
147,1931,4.23,2.94,3.32,1.62,5.63,3.73,55.1,61.5,75.3,80.2,75.0,74.3
147,1932,4.41,0.85,3.29,2.77,4.26,5.68,55.8,65.0,74.5,78.7,75.9,68.5
147,1933,5.79,6.43,0.57,5.47,2.44,3.11,55.1,67.7,77.0,77.7,74.7,74.3
147,1934,1.93,1.95,7.78,4.49,4.25,5.98,55.8,67.4,77.7,80.9,76.8,67.4
147,1935,3.65,7.77,6.47,3.35,2.9,1.36,53.9,62.3,69.6,79.0,77.0,67.8
147,1936,3.96,1.71,0.89,2.95,1.35,3.9,51.9,68.6,76.1,83.1,82.1,74.1
147,1937,3.71,6.17,4.25,2.19,3.12,2.54,54.9,65.5,74.4,76.0,78.9,67.2
147,1938,1.49,6.6,6.17,5.69,3.74,3.38,58.5,65.2,72.0,77.1,78.1,70.3
147,1939,6.27,1.52,8.14,3.37,3.63,0.44,52.6,66.6,74.8,77.8,75.2,73.9
147,1940,6.67,3.2,2.39,2.97,3.23,1.85,54.0,62.7,74.4,77.3,77.4,67.6
147,1941,2.37,1.72,3.35,3.68,3.22,2.3,60.2,68.4,75.7,78.6,77.8,72.6
147,1942,3.76,3.83,4.87,2.19,4.35,2.98,58.0,65.6,75.0,78.6,75.7,68.1
147,1943,4.18,5.05,3.74,3.96,0.25,3.06,54.6,67.2,78.4,79.4,79.4,66.1
147,1944,5.1,3.5,1.47,1.76,3.42,3.21,55.4,70.0,78.4,78.2,77.2,69.1
147,1945,4.61,3.62,7.03,3.66,4.09,6.1,57.6,61.4,71.6,75.5,75.0,71.3
147,1946,2.46,6.13,2.89,4.82,4.23,1.21,59.0,63.2,74.3,76.9,71.3,68.5
147,1947,6.55,5.56,4.48,4.19,1.91,3.08,56.8,62.6,72.9,73.3,81.6,70.0
147,1948,6.16,3.09,2.45,5.47,1.14,2.56,59.2,64.3,75.8,77.9,75.2,69.8
147,1949,2.8,2.67,6.66,2.41,4.26,3.23,53.9,66.3,75.6,80.5,75.6,63.4
147,1950,5.02,6.17,3.54,3.84,6.82,7.19,50.7,66.5,72.8,73.8,72.3,66.3
147,1951,3.59,1.6,6.48,3.02,2.46,3.85,52.1,65.8,73.4,77.4,76.4,67.1
147,1952,2.49,3.74,3.77,1.32,2.84,2.57,54.9,65.2,80.1,80.3,76.0,66.9
147,1953,5.16,4.36,0.57,2.16,0.65,0.57,52.1,67.4,78.9,79.3,77.2,70.0
147,1954,4.16,3.64,2.05,1.96,3.86,3.15,60.8,60.4,76.7,80.3,78.0,71.5
147,1955,5.51,4.85,3.71,2.98,1.91,3.59,59.9,66.6,68.5,81.0,78.5,71.7
147,1956,3.36,3.97,2.46,4.13,3.22,1.74,53.2,66.0,73.8,76.8,75.5,66.5
147,1957,5.87,9.22,6.49,2.3,0.99,2.0,58.5,65.4,74.7,76.6,75.1,69.0
147,1958,3.87,3.21,5.68,8.5,3.17,3.02,55.0,64.3,70.9,76.6,75.0,68.6
147,1959,1.3,7.25,3.16,6.7,5.9,2.72,56.2,68.2,73.3,76.1,77.9,70.7
147,1960,2.51,4.62,5.48,1.35,2.59,1.61,58.3,61.7,72.6,75.3,76.9,72.1
147,1961,5.07,9.95,3.82,3.82,3.63,1.68,50.3,60.4,71.1,76.1,74.3,71.5
147,1962,1.11,4.89,4.35,2.83,3.04,5.1,52.6,72.5,73.3,76.2,75.6,65.4
147,1963,1.17,3.85,2.96,5.48,2.77,1.03,58.4,63.3,74.0,75.3,74.4,67.5
147,1964,5.2,3.01,2.82,3.11,1.99,3.31,58.8,67.4,75.1,76.9,76.0,68.4
147,1965,3.43,1.62,5.15,4.15,1.73,6.36,58.0,69.5,73.4,75.9,74.9,69.5
147,1966,7.37,3.95,1.4,1.96,4.33,3.53,53.0,61.7,72.6,80.7,73.6,65.9
147,1967,3.76,6.03,4.24,5.02,3.49,1.84,59.6,62.3,72.6,73.4,70.5,65.2
147,1968,4.6,5.92,2.86,4.22,2.47,4.25,56.8,63.1,74.3,77.0,76.6,68.0
147,1969,4.56,4.13,6.03,6.41,4.42,2.46,57.2,65.6,73.6,78.7,74.5,67.6
147,1970,10.22,2.62,6.14,3.09,2.86,2.74,57.7,67.7,72.4,75.3,75.6,73.8
147,1971,2.72,4.19,4.42,4.92,3.08,5.87,54.9,61.0,76.4,74.9,73.9,71.1
147,1972,8.01,2.68,1.41,4.45,2.31,2.92,56.0,66.3,71.6,76.1,75.2,72.2
147,1973,6.47,4.74,5.06,3.6,2.05,1.4,54.2,60.8,74.6,77.7,75.8,72.2
147,1974,3.51,5.68,3.48,1.68,9.4,4.98,56.4,65.6,69.2,76.7,74.3,63.3
147,1975,6.43,3.23,4.36,3.74,4.26,3.28,53.1,68.2,74.1,76.0,76.9,64.3
147,1976,1.25,5.37,5.82,3.76,1.77,3.34,56.4,60.6,71.8,75.5,72.3,65.8
147,1977,4.79,2.14,5.57,3.82,8.69,3.09,59.8,69.8,73.2,79.4,75.8,71.8
147,1978,3.67,4.12,2.18,5.36,5.75,1.53,56.7,63.2,74.8,77.9,75.5,71.5
147,1979,7.71,3.95,5.52,11.49,5.69,5.24,54.0,62.8,73.4,75.1,74.5,67.7
147,1980,3.7,4.25,5.5,5.4,2.5,3.09,52.6,64.7,72.6,80.2,79.6,71.1
147,1981,4.21,7.62,2.51,5.51,5.87,3.24,60.9,60.8,75.2,77.6,74.4,66.1
147,1982,3.2,3.28,5.13,3.37,4.77,6.35,51.2,69.2,69.8,77.7,73.3,66.5
147,1983,10.57,10.12,2.99,1.63,1.53,0.93,50.0,62.0,73.2,80.1,80.8,70.4
147,1984,5.43,5.96,1.5,3.28,2.7,5.66,54.3,62.0,76.8,75.0,75.7,67.0
147,1985,3.11,3.55,7.14,1.89,4.97,1.64,59.2,66.2,72.4,77.1,74.4,68.2
147,1986,1.78,4.41,2.8,5.73,3.6,5.38,58.2,67.1,75.8,79.6,72.5,71.8
147,1987,2.89,2.82,4.56,4.72,1.12,1.33,53.6,70.5,75.7,78.0,78.1,70.6
147,1988,2.56,2.07,0.99,7.38,3.98,2.37,55.6,65.4,74.2,78.2,78.1,68.6
147,1989,3.2,4.76,3.93,5.07,3.3,4.16,55.9,61.5,72.7,76.1,74.8,67.4
147,1990,4.12,9.87,3.29,3.8,4.44,1.9,53.7,62.0,73.6,76.1,74.0,70.1
147,1991,3.04,3.42,1.96,1.78,1.42,3.22,59.2,71.1,76.2,78.6,76.9,69.8
147,1992,2.46,3.93,2.25,6.88,2.59,4.21,56.1,62.6,70.3,77.1,71.3,67.4
147,1993,4.45,4.49,5.48,3.98,2.3,5.54,53.4,65.0,73.5,80.8,77.1,66.5
147,1994,5.67,2.72,3.8,1.99,3.42,2.63,57.9,61.4,75.8,76.7,73.3,66.1
147,1995,4.61,11.77,4.88,4.17,4.02,1.06,56.8,64.4,73.3,77.9,79.8,66.6
147,1996,9.34,6.65,4.93,3.71,1.58,8.73,52.0,67.6,73.8,75.3,75.4,66.6
147,1997,3.33,6.84,6.33,1.86,3.55,1.36,50.4,60.4,71.4,77.4,74.0,68.3
147,1998,7.15,5.12,7.47,5.09,3.42,1.06,54.8,68.9,74.7,77.3,76.3,73.4
147,1999,4.75,3.9,4.81,2.39,0.7,0.3,57.8,65.6,74.8,80.2,75.8,69.2
147,2000,2.81,4.31,6.25,3.76,6.61,4.03,53.9,67.7,73.8,75.1,75.8,67.3
147,2001,1.83,3.3,4.95,4.59,3.21,3.98,60.8,67.2,72.0,77.2,77.1,67.3
147,2002,7.44,7.61,2.8,1.86,1.48,6.42,58.9,63.3,75.6,79.7,78.0,72.6
147,2003,4.91,6.75,4.17,3.7,2.8,4.71,57.9,64.4,69.4,76.6,76.6,66.5
147,2004,4.55,9.66,2.45,4.84,4.01,0.28,57.0,69.9,73.5,75.2,72.3,69.3
147,2005,3.54,3.3,3.02,3.98,6.88,2.03,57.4,63.3,75.3,77.3,78.8,71.7
147,2006,4.11,5.99,5.28,6.12,5.31,10.62,60.6,63.5,73.3,77.5,77.4,64.6
147,2007,3.8,1.91,2.77,4.33,1.06,2.8,53.8,68.9,74.8,75.1,81.3,72.5
147,2008,6.09,6.3,3.53,3.92,1.05,1.34,55.1,62.4,75.7,76.3,74.5,71.1
147,2009,5.51,5.78,3.32,7.07,1.95,5.83,56.3,65.4,75.8,72.5,73.8,68.9
147,2010,3.98,5.83,2.75,5.3,1.15,0.57,61.4,68.3,78.4,79.1,79.2,70.8
147,2011,12.97,7.42,6.46,4.43,1.17,5.61,58.6,64.4,75.4,80.6,75.9,66.8
147,2012,1.3,3.02,1.79,2.97,3.64,5.56,58.8,71.0,74.4,82.8,75.3,67.7
147,2013,3.9,3.82,5.9,3.95,1.22,4.36,55.8,66.2,73.7,74.5,74.6,69.8
147,2014,10.87,4.12,3.94,2.31,4.83,1.89,57.3,66.6,75.3,72.7,75.8,67.4
147,2015,7.59,3.29,8.15,6.44,2.42,1.33,57.8,67.7,75.4,78.0,73.6,71.2
147,2016,5.55,5.03,2.95,8.48,3.13,2.41,56.4,62.6,76.4,77.4,77.7,71.9
147,2017,4.94,5.92,2.74,4.56,3.32,4.51,61.0,65.6,73.3,77.8,72.6,68.7
147,2018,3.73,5.39,8.81,2.38,2.69,7.6,49.8,72.3,76.4,76.9,76.0,72.2
147,2019,7.22,6.5,8.51,4.21,4.22,0.12,57.1,67.6,72.1,77.1,75.4,74.5
147,2020,4.51,5.98,5.66,4.65,5.42,3.74,52.4,62.8,73.9,78.4,73.8,67.6
147,2021,3.04,3.12,3.21,5.41,5.57,3.63,54.9,62.2,74.2,75.9,76.8,69.6
147,2022,4.79,4.29,2.19,8.03,3.66,2.32,53.7,68.0,74.4,78.4,75.4,68.1
147,2023,3.59,3.3,4.03,5.75,5.51,1.07,56.1,64.8,71.2,77.0,74.7,69.6
147,2024,5.14,7.17,1.58,6.48,1.94,6.35,58.6,68.5,74.6,76.1,75.3,70.8
147,2025,8.76,6.38,5.53,4.56,0.66,3.79,57.4,63.8,75.6,80.3,74.2,70.1
147,2026,3.07,5.21,9.92,4.04,3.31,,63.8,64.6,73.7,78.3,76.1,
149,1895,1.92,1.53,1.74,3.26,2.7,2.12,50.4,61.5,72.1,71.2,72.4,67.6
149,1896,2.95,5.19,3.85,8.76,6.0,4.84,53.8,66.4,68.2,72.0,70.7,59.6
149,1897,2.11,2.54,3.72,2.12,2.04,0.31,46.0,55.9,67.4,75.1,67.9,67.2
149,1898,1.38,3.52,3.64,2.82,4.2,2.98,45.4,59.1,71.2,73.1,70.5,66.6
149,1899,0.71,4.55,2.53,3.16,1.08,2.48,52.0,61.3,71.0,74.0,74.0,63.1
149,1900,1.32,2.95,3.36,5.63,4.53,1.78,50.0,61.9,68.5,72.2,75.1,65.6
149,1901,1.81,2.42,2.71,1.27,2.55,1.37,45.3,56.4,70.7,78.9,72.3,62.6
149,1902,2.17,6.29,8.95,5.76,2.33,4.35,45.4,62.4,65.7,72.3,67.3,59.6
149,1903,5.63,2.59,3.68,6.15,4.39,3.57,47.9,62.1,62.8,71.6,67.6,62.5
149,1904,4.22,3.89,1.35,3.63,3.11,3.54,41.6,58.9,67.2,70.4,67.2,63.9
149,1905,3.96,7.03,4.6,4.42,3.62,3.95,46.9,59.2,68.0,71.2,71.5,64.9
149,1906,2.33,2.23,3.87,3.12,3.66,2.24,49.3,60.1,67.1,70.2,73.2,66.6
149,1907,3.14,3.14,4.56,5.17,4.06,4.12,38.4,52.2,64.4,70.5,67.1,60.6
149,1908,3.4,6.6,1.82,3.01,2.87,1.07,47.4,59.9,67.4,72.4,70.0,67.1
149,1909,5.09,3.27,5.76,3.88,5.22,3.51,44.5,56.0,67.8,69.0,71.0,59.6
149,1910,4.0,4.43,0.75,2.86,4.69,4.83,48.4,53.0,65.2,73.4,68.7,62.4
149,1911,4.77,2.65,4.94,2.22,3.2,5.62,44.6,64.3,69.9,72.3,68.5,64.0
149,1912,3.68,4.5,3.29,6.51,5.53,3.24,48.1,60.5,65.1,71.3,67.0,64.3
149,1913,2.35,5.34,1.52,4.16,4.49,2.27,47.0,58.2,69.3,73.4,71.9,62.1
149,1914,1.98,4.61,2.96,1.42,4.6,2.1,46.9,60.6,70.1,74.3,71.0,62.9
149,1915,2.61,5.97,2.15,5.98,4.2,3.44,53.0,54.6,64.3,69.0,64.1,65.1
149,1916,1.82,6.14,7.29,1.52,2.71,4.63,46.5,59.6,63.3,77.2,73.2,61.8
149,1917,3.2,3.17,3.75,3.85,3.32,1.84,44.9,51.4,64.6,70.5,68.0,60.0
149,1918,2.82,4.3,3.46,2.51,2.39,3.54,44.3,63.7,67.5,69.5,74.5,56.0
149,1919,2.74,5.01,2.94,2.46,2.94,2.88,47.0,55.5,72.5,75.3,69.5,65.8
149,1920,5.28,2.33,3.93,4.23,1.32,2.0,42.1,56.6,68.8,69.5,68.5,65.6
149,1921,4.23,2.16,2.63,1.92,7.69,4.06,52.1,62.0,73.7,78.2,69.9,67.3
149,1922,4.61,3.86,1.64,2.72,1.68,1.8,48.4,63.4,69.9,71.2,71.2,66.8
149,1923,1.25,4.9,2.49,3.42,4.76,4.02,45.7,56.7,71.0,72.9,69.0,64.1
149,1924,2.47,3.15,7.26,2.27,3.36,3.18,46.9,52.5,65.8,68.7,69.3,58.1
149,1925,2.04,1.09,2.15,3.59,1.74,5.97,52.3,54.2,71.5,71.8,70.8,68.8
149,1926,2.78,3.88,4.47,3.67,3.65,6.39,40.5,59.5,63.0,71.6,72.1,63.2
149,1927,5.89,4.34,2.81,4.17,3.07,4.98,47.0,57.1,64.1,71.0,64.0,67.6
149,1928,1.73,2.24,4.26,3.68,5.5,1.53,43.6,58.1,62.8,72.1,71.2,59.2
149,1929,5.87,4.34,3.98,2.17,4.04,2.26,49.7,55.5,65.5,72.4,67.7,62.9
149,1930,3.87,2.54,2.64,2.8,2.51,2.98,48.6,60.2,68.4,73.4,70.6,64.7
149,1931,2.57,4.6,4.86,1.45,4.58,4.51,48.3,55.5,71.4,75.5,71.5,68.9
149,1932,1.69,2.25,3.85,4.4,4.02,3.3,46.8,59.2,70.1,73.1,70.9,61.9
149,1933,4.43,6.76,2.07,2.87,3.35,5.22,47.5,61.3,75.2,74.1,68.8,68.1
149,1934,1.82,0.97,2.43,1.2,6.54,7.3,47.5,64.0,74.1,78.2,70.6,63.2
149,1935,2.36,6.03,3.61,2.77,4.39,2.57,44.4,53.0,65.9,75.4,71.8,62.9
149,1936,2.87,2.66,1.55,0.15,6.31,5.18,43.3,62.4,67.2,78.3,75.1,66.5
149,1937,5.67,2.54,5.08,3.72,3.12,2.76,46.7,59.2,67.2,72.8,73.5,62.2
149,1938,2.98,4.76,5.51,5.38,2.84,5.89,49.4,58.9,66.8,72.7,72.8,64.0
149,1939,4.48,1.29,7.03,2.4,2.45,0.65,43.6,61.7,70.9,72.1,70.6,67.8
149,1940,3.77,6.24,4.06,0.89,4.08,1.35,44.2,55.6,69.9,73.5,72.2,62.1
149,1941,2.94,2.96,4.47,2.28,1.97,2.31,53.4,62.2,69.6,74.0,71.6,67.8
149,1942,2.37,3.37,3.68,5.27,3.98,4.21,52.6,61.0,69.6,73.9,69.3,61.4
149,1943,3.2,8.2,2.92,4.29,6.56,2.77,45.0,57.6,72.4,73.5,71.5,59.7
149,1944,5.46,4.73,1.73,1.42,3.26,2.06,45.7,64.9,73.0,73.5,72.6,64.5
149,1945,3.52,5.93,4.05,3.74,3.16,5.72,48.6,53.4,65.6,70.8,70.4,64.0
149,1946,1.44,3.59,6.88,0.77,2.53,2.24,50.0,56.8,68.5,73.5,67.4,64.6
149,1947,6.02,4.15,4.48,1.86,3.28,4.85,46.4,54.3,66.3,69.7,78.6,65.4
149,1948,2.24,5.52,6.14,2.82,1.72,2.52,52.5,56.1,68.2,74.0,71.5,66.4
149,1949,1.95,4.25,4.4,4.02,2.24,2.24,47.0,60.7,72.2,76.5,71.7,58.8
149,1950,5.62,1.49,7.14,6.12,2.03,3.21,42.0,60.7,68.1,69.9,68.3,62.4
149,1951,3.73,4.4,3.25,5.5,3.06,2.79,45.4,61.3,66.7,71.4,67.8,60.7
149,1952,4.01,4.75,5.28,2.91,3.29,1.68,48.8,57.8,73.1,75.2,70.1,63.3
149,1953,3.16,3.15,5.1,3.9,3.33,1.87,44.6,61.2,72.3,73.9,71.3,64.2
149,1954,4.78,2.71,4.43,5.97,5.38,1.16,52.4,54.8,72.7,73.2,69.9,66.3
149,1955,2.94,3.3,3.43,4.29,4.96,1.98,54.4,61.4,66.3,78.2,75.0,64.6
149,1956,5.02,5.14,2.53,3.38,3.25,0.67,46.1,59.9,71.9,71.9,71.1,62.6
149,1957,7.06,3.71,6.61,4.41,3.62,1.73,48.0,59.3,69.6,73.8,70.6,61.5
149,1958,1.75,1.69,9.38,5.51,5.39,2.89,49.2,59.5,63.7,71.7,70.4,63.7
149,1959,4.94,3.94,2.68,4.7,2.2,4.2,47.7,64.2,70.8,71.8,75.6,66.5
149,1960,4.23,2.72,3.96,3.32,5.27,2.93,51.9,57.0,66.8,70.9,71.4,67.4
149,1961,4.94,2.04,4.67,6.74,3.66,6.29,42.6,54.6,67.4,71.6,70.7,68.4
149,1962,1.67,3.16,3.07,3.44,2.98,1.69,47.3,65.8,69.8,69.8,70.7,61.2
149,1963,3.39,2.73,3.49,7.2,1.9,2.08,50.0,57.0,69.8,71.9,67.1,63.1
149,1964,4.2,1.05,4.12,4.35,2.51,3.75,49.6,64.6,70.9,73.2,68.7,63.6
149,1965,4.7,2.27,2.72,3.27,5.46,5.54,47.7,65.4,69.0,70.4,68.3,64.6
149,1966,4.88,4.36,2.34,3.76,3.33,2.61,45.6,53.8,70.0,75.1,68.7,61.7
149,1967,5.82,2.9,5.55,2.13,3.1,2.0,49.6,55.0,71.0,69.4,66.7,61.3
149,1968,4.2,4.14,6.06,3.13,4.98,3.22,50.9,56.1,69.9,72.2,71.8,64.0
149,1969,4.28,3.3,4.16,6.78,1.13,2.54,50.0,59.4,65.7,73.0,70.7,63.9
149,1970,5.76,4.56,4.16,5.26,1.72,7.32,49.2,62.9,68.3,72.4,70.8,65.1
149,1971,0.82,2.07,4.32,5.3,3.91,4.85,46.9,56.7,73.3,69.8,68.1,66.8
149,1972,4.81,3.67,2.31,4.13,5.01,8.38,46.1,61.6,64.9,71.5,70.3,63.8
149,1973,4.27,4.34,5.13,4.34,2.89,1.7,48.6,56.0,70.9,73.1,71.4,66.2
149,1974,3.95,6.08,3.29,1.44,1.43,3.69,51.0,57.2,65.9,74.5,70.7,59.8
149,1975,4.69,4.48,7.88,0.98,6.29,2.17,43.5,63.5,70.1,71.6,72.7,59.1
149,1976,2.98,3.7,5.05,3.83,2.06,2.69,51.7,56.3,69.9,72.3,67.3,60.9
149,1977,2.13,2.35,4.12,3.45,4.85,5.98,54.6,67.8,66.8,75.1,69.2,64.7
149,1978,3.65,4.09,2.35,3.31,3.15,2.12,48.6,58.4,69.0,71.7,70.7,67.8
149,1979,4.66,2.46,2.89,3.3,6.32,0.02,45.6,58.0,68.6,70.4,69.3,63.2
149,1980,2.76,2.47,4.51,1.99,7.65,4.09,46.1,60.7,66.3,75.6,73.4,64.6
149,1981,7.36,6.46,7.44,5.12,3.69,4.42,52.5,56.0,69.7,72.1,70.1,62.5
149,1982,2.35,3.85,2.97,4.62,2.75,2.5,43.8,65.7,64.4,73.3,68.4,62.5
149,1983,5.98,4.43,2.39,3.56,2.58,2.6,44.7,55.5,70.4,76.5,75.4,64.4
149,1984,3.29,5.76,3.94,2.91,1.22,2.8,46.6,56.1,72.0,70.4,72.7,62.6
149,1985,2.09,1.82,2.69,3.43,4.53,2.35,54.1,63.1,66.6,72.2,68.5,65.2
149,1986,1.94,4.74,6.03,5.95,1.8,5.43,52.2,60.0,69.3,75.0,67.5,66.2
149,1987,2.24,4.75,4.65,4.21,6.2,2.71,50.0,64.3,72.1,74.7,71.1,64.1
149,1988,2.71,1.76,1.46,2.93,4.99,3.2,48.0,62.0,71.2,74.5,74.8,64.1
149,1989,2.6,4.65,4.94,3.88,3.15,4.78,47.1,56.8,68.4,73.3,69.9,60.9
149,1990,2.59,4.96,3.82,5.94,7.8,2.24,48.4,56.5,69.0,71.2,69.6,64.4
149,1991,4.05,4.83,1.62,2.33,3.35,2.36,52.4,66.7,72.7,74.2,71.6,62.3
149,1992,2.45,1.17,2.29,6.15,2.25,6.59,46.2,58.2,64.8,69.6,66.1,61.7
149,1993,5.23,3.43,6.91,2.74,5.25,8.39,46.3,60.8,67.5,73.8,72.5,59.0
149,1994,4.14,1.62,7.16,4.27,3.16,2.56,50.6,56.9,70.1,71.8,67.7,63.8
149,1995,4.93,5.44,4.72,3.29,4.39,1.0,46.3,57.7,71.1,74.6,77.4,61.8
149,1996,4.63,6.3,6.55,8.78,1.77,4.06,45.4,57.2,69.6,69.7,71.6,62.6
149,1997,1.53,6.37,5.43,6.25,4.33,2.56,44.0,53.7,68.7,72.1,67.7,63.2
149,1998,4.46,3.24,5.2,4.99,3.63,1.73,50.6,65.4,69.5,72.4,72.6,68.0
149,1999,6.61,2.13,3.73,3.25,2.91,1.4,51.1,63.1,70.9,77.1,69.1,64.0
149,2000,3.34,3.81,6.93,3.25,2.7,3.46,47.8,62.2,68.3,70.5,70.9,63.4
149,2001,3.21,4.63,4.31,4.28,4.37,2.87,53.5,62.2,67.4,72.2,72.6,61.7
149,2002,4.35,4.83,2.21,2.9,2.6,1.81,49.8,55.2,71.6,76.1,72.1,67.2
149,2003,2.75,6.6,2.2,9.24,1.78,4.38,50.3,57.1,66.0,71.3,72.6,62.0
149,2004,0.74,6.37,3.59,4.46,8.18,1.19,50.8,62.2,67.3,70.9,66.3,65.4
149,2005,1.19,1.13,2.26,3.9,3.76,4.79,52.0,57.6,73.3,74.6,73.1,67.7
149,2006,2.9,4.31,3.01,5.23,7.12,2.25,53.3,58.0,68.3,74.4,71.3,61.1
149,2007,4.77,2.16,3.22,5.11,9.93,1.56,46.7,64.3,70.9,70.9,73.1,66.7
149,2008,3.2,3.68,4.55,2.41,5.02,8.91,50.4,55.7,70.5,72.1,69.4,65.7
149,2009,4.26,3.55,3.25,2.43,4.06,0.95,48.2,60.1,69.5,67.8,69.4,63.6
149,2010,3.19,5.75,6.33,5.09,2.05,2.71,54.6,62.3,71.5,75.2,74.2,64.7
149,2011,7.87,6.49,4.27,5.18,2.56,4.26,48.7,60.1,70.7,76.8,70.9,61.6
149,2012,1.62,1.52,3.58,3.48,3.54,2.07,49.9,65.7,70.7,78.6,70.0,62.8
149,2013,6.43,3.93,8.31,2.38,3.16,3.61,47.3,63.0,68.9,71.0,69.7,64.7
149,2014,2.57,4.25,6.91,2.26,8.54,5.01,48.5,60.3,71.3,67.7,71.0,62.4
149,2015,2.23,5.88,9.5,5.17,3.2,3.63,49.8,63.0,68.7,70.8,69.7,67.7
149,2016,3.58,3.71,3.37,3.68,10.68,4.87,48.3,58.9,71.0,73.3,74.4,68.6
149,2017,4.24,5.36,3.38,7.08,2.54,1.56,53.3,57.4,70.4,72.4,68.2,65.8
149,2018,2.45,4.9,5.02,1.93,5.23,2.89,41.3,67.0,71.5,73.2,73.0,67.6
149,2019,4.74,6.84,4.66,2.51,2.12,6.41,48.7,58.7,68.4,75.5,70.5,68.1
149,2020,4.47,4.53,3.25,2.77,2.67,1.83,46.0,58.7,72.1,75.7,71.6,63.6
149,2021,2.65,4.75,8.82,3.57,4.47,2.11,49.3,57.7,71.6,72.5,74.0,67.8
149,2022,3.02,3.38,3.18,6.03,3.76,1.45,45.3,62.0,70.4,73.3,72.0,64.5
149,2023,2.59,2.58,2.98,5.77,3.89,2.14,50.6,61.0,68.6,72.5,70.4,65.4
149,2024,6.92,4.65,4.08,6.9,2.94,2.12,51.9,64.6,72.0,71.3,71.4,67.0
149,2025,2.97,3.32,5.11,5.66,2.94,2.67,49.2,58.4,72.0,76.1,70.7,65.6
149,2026,8.1,1.66,8.45,4.64,6.95,,55.3,58.7,69.2,74.8,71.2,
151,1895,1.24,2.53,1.18,1.81,3.51,1.64,48.7,59.3,70.3,69.7,70.6,65.6
151,1896,4.92,3.59,3.74,11.76,6.21,5.49,52.8,65.4,68.1,71.0,69.6,58.4
151,1897,2.93,3.63,3.45,2.87,1.75,0.55,44.6,54.1,64.2,73.7,66.1,64.4
151,1898,1.2,3.59,2.56,4.47,3.19,4.15,43.8,57.8,68.2,72.3,69.4,64.3
151,1899,0.93,4.74,1.84,4.15,2.47,2.93,49.9,59.6,69.1,71.0,70.2,59.4
151,1900,2.18,2.31,5.11,7.6,2.83,1.45,47.1,60.4,66.2,70.1,73.7,65.1
151,1901,2.39,2.71,4.07,4.68,3.61,0.93,45.6,55.7,68.6,75.7,69.9,62.0
151,1902,1.19,4.83,8.41,4.35,1.16,5.5,45.2,58.8,62.7,71.0,65.4,59.2
151,1903,4.98,2.59,3.49,5.86,5.19,2.92,46.0,60.6,61.6,70.0,65.7,61.5
151,1904,2.64,3.55,2.01,3.58,4.23,3.62,41.4,57.4,65.1,69.2,65.6,62.0
151,1905,3.65,6.08,4.63,4.03,3.65,3.73,45.0,56.9,66.7,70.1,69.0,63.1
151,1906,2.41,3.26,4.56,3.83,5.7,2.29,49.0,59.2,66.6,69.9,71.7,66.2
151,1907,2.69,4.08,3.83,3.97,2.5,5.64,38.1,50.7,63.5,69.8,66.3,61.0
151,1908,2.41,6.29,2.28,2.67,4.27,0.72,46.7,58.9,66.6,71.9,68.3,66.2
151,1909,4.41,3.82,5.82,2.73,3.88,2.09,43.5,55.5,66.8,69.2,70.2,59.3
151,1910,3.38,2.76,1.24,4.65,3.22,3.66,48.5,52.8,64.5,72.0,67.8,62.1
151,1911,3.8,1.79,5.78,2.29,3.63,3.35,44.1,64.2,68.8,71.5,68.5,63.7
151,1912,2.48,3.77,2.89,3.27,4.47,2.55,47.2,59.4,64.8,71.2,66.5,64.8
151,1913,3.01,3.93,0.94,2.94,2.91,2.23,46.5,57.4,68.5,72.6,71.2,61.8
151,1914,3.25,5.45,3.27,1.94,4.78,2.65,44.6,59.2,68.4,72.7,70.0,61.6
151,1915,1.37,4.22,3.05,6.35,3.71,4.41,51.5,53.0,62.6,68.4,64.0,64.2
151,1916,1.37,5.22,5.88,0.74,2.46,2.92,45.7,57.8,61.8,76.4,72.3,61.3
151,1917,3.8,3.32,5.66,2.48,3.42,1.4,44.2,50.6,63.8,70.0,68.4,59.5
151,1918,2.43,3.62,2.17,1.64,1.46,3.91,44.4,63.7,67.1,69.8,74.8,55.4
151,1919,4.69,4.67,2.62,0.89,3.32,3.57,45.8,55.0,73.1,74.9,69.0,65.8
151,1920,6.46,1.66,3.74,3.12,2.66,1.99,40.4,55.4,68.2,68.7,67.5,64.5
151,1921,4.76,3.41,3.38,2.08,4.86,3.97,51.3,60.9,72.2,77.4,68.7,67.5
151,1922,5.03,6.14,2.77,2.24,1.72,2.15,48.2,62.3,68.7,70.8,70.2,66.4
151,1923,1.44,3.36,2.36,3.66,2.66,3.95,44.9,55.3,70.5,71.4,67.5,63.0
151,1924,2.25,3.1,6.92,2.95,2.16,3.45,45.4,52.0,64.4,67.9,68.2,57.7
151,1925,1.54,1.4,1.76,6.41,1.64,6.14,51.5,53.5,70.7,69.6,69.6,66.5
151,1926,3.08,2.18,4.28,1.97,4.65,5.93,39.4,57.7,62.4,71.6,71.0,61.8
151,1927,4.58,3.44,3.82,2.04,2.66,6.29,45.8,56.1,62.8,71.0,64.0,66.8
151,1928,2.06,2.67,4.56,2.62,3.16,1.69,42.8,57.4,61.7,71.9,71.1,59.3
151,1929,6.05,4.04,3.66,2.24,1.34,2.53,48.9,55.1,64.3,71.8,66.8,62.5
151,1930,2.3,2.72,2.42,0.55,1.78,3.16,46.9,58.9,67.6,74.2,69.5,64.4
151,1931,1.65,2.29,4.6,2.36,2.82,5.01,47.8,55.9,69.4,75.3,70.6,67.8
151,1932,1.91,2.45,3.7,3.5,1.96,5.39,45.0,59.0,69.0,71.9,70.8,62.0
151,1933,3.46,4.87,2.41,2.77,2.02,5.91,47.0,60.3,73.5,73.7,68.8,67.1
151,1934,2.93,1.48,1.99,0.93,2.93,4.71,45.1,62.5,74.7,77.6,70.0,64.4
151,1935,2.24,4.55,3.28,3.21,3.14,2.16,43.9,52.2,64.6,75.2,71.1,62.5
151,1936,2.52,1.64,2.12,1.29,2.25,5.76,41.8,61.8,67.1,76.1,74.0,65.8
151,1937,5.0,3.48,7.65,6.31,2.44,2.22,45.3,58.5,66.2,72.0,72.3,61.3
151,1938,2.81,4.76,4.68,4.05,3.21,2.93,48.5,58.3,66.2,71.7,72.3,62.7
151,1939,4.51,1.03,5.79,2.71,3.3,1.31,43.2,61.7,70.2,71.4,70.2,66.7
151,1940,2.81,5.59,5.41,2.55,3.98,0.79,43.0,54.8,68.6,72.9,70.1,61.6
151,1941,2.48,3.0,3.12,1.3,1.43,0.79,52.4,61.5,69.0,73.3,70.8,67.9
151,1942,2.02,1.94,5.72,4.43,5.41,3.9,51.8,60.3,68.7,72.2,68.0,60.4
151,1943,3.48,10.26,3.44,6.29,2.18,4.24,42.8,56.5,72.1,71.8,69.8,59.0
151,1944,4.51,5.09,2.86,0.96,2.58,2.05,43.0,62.8,71.2,72.7,71.9,63.5
151,1945,3.46,6.27,3.09,2.56,3.05,4.51,49.1,51.5,64.6,69.7,68.9,63.6
151,1946,1.22,3.39,5.37,0.89,2.37,1.89,48.0,56.0,66.8,72.3,66.5,64.2
151,1947,5.95,5.53,3.52,1.25,2.46,4.87,45.2,53.8,64.7,69.0,77.1,64.0
151,1948,2.3,4.43,4.29,2.32,1.47,2.9,51.2,56.1,66.8,72.3,70.3,65.7
151,1949,2.27,3.69,5.17,3.27,2.42,3.22,46.4,59.6,71.3,75.2,70.4,57.0
151,1950,7.0,1.14,5.43,5.54,2.77,5.53,40.8,59.6,66.8,68.3,67.3,61.0
151,1951,4.07,3.33,5.14,4.92,3.6,1.21,44.3,60.1,66.6,70.5,67.2,60.2
151,1952,3.29,4.26,2.47,3.32,2.03,2.27,48.1,56.0,71.8,74.1,68.9,62.7
151,1953,3.1,2.89,2.09,2.85,3.3,1.63,43.2,60.5,71.1,73.5,71.0,63.2
151,1954,4.59,1.44,5.16,5.13,4.72,2.2,50.9,53.4,70.6,71.0,68.1,64.1
151,1955,2.53,2.05,2.91,4.29,4.25,1.61,53.8,60.2,65.4,76.4,73.9,63.9
151,1956,5.64,5.13,2.24,3.63,3.58,0.67,44.5,57.0,69.2,70.5,69.3,60.6
151,1957,5.68,3.07,4.97,2.65,1.8,3.1,47.6,57.0,67.4,71.5,69.2,61.5
151,1958,2.35,1.68,4.5,5.76,3.92,4.75,48.3,57.4,62.6,70.5,68.7,62.3
151,1959,4.99,3.08,1.96,4.26,2.09,4.58,48.0,62.1,69.2,71.2,74.7,65.6
151,1960,3.1,4.32,5.54,2.87,2.26,2.68,50.3,55.5,64.7,68.9,70.2,65.7
151,1961,5.0,2.43,3.13,4.88,2.76,5.12,42.1,54.2,66.0,70.6,69.2,66.8
151,1962,1.4,4.7,2.42,4.25,1.74,1.76,46.6,64.1,68.0,68.7,69.5,60.3
151,1963,2.59,2.54,2.7,4.47,2.64,1.14,48.4,55.7,68.1,70.8,65.8,61.3
151,1964,4.05,2.02,3.26,2.6,2.92,2.23,48.2,61.9,68.7,72.7,67.2,62.4
151,1965,4.37,3.0,2.52,2.22,6.32,3.39,44.8,63.3,66.8,68.7,67.0,63.7
151,1966,3.52,3.42,2.03,3.71,3.6,1.36,44.3,52.2,68.8,73.2,67.9,60.6
151,1967,4.04,2.79,3.37,1.64,1.44,2.81,48.8,53.2,69.6,69.1,66.6,60.0
151,1968,2.95,4.99,5.89,4.47,3.72,3.27,49.4,54.7,67.8,70.8,70.6,62.6
151,1969,4.84,3.21,4.85,4.24,0.7,3.11,49.2,58.1,63.9,71.7,70.7,62.4
151,1970,4.58,3.6,2.57,4.96,1.44,5.16,47.7,60.9,67.6,72.0,70.2,63.8
151,1971,1.04,3.17,2.44,4.16,0.77,2.99,45.8,55.5,71.9,69.3,68.6,65.7
151,1972,3.45,3.84,2.09,4.14,2.15,7.59,45.1,60.3,63.9,70.8,69.2,63.0
151,1973,2.67,4.59,3.67,5.34,2.71,1.6,47.4,54.8,70.1,71.9,70.7,64.2
151,1974,2.92,5.25,3.93,0.64,1.82,3.26,49.0,55.7,64.9,72.8,69.7,59.0
151,1975,3.9,4.43,6.5,2.06,6.37,2.07,41.3,62.6,68.5,70.9,71.4,57.6
151,1976,2.55,3.81,4.44,4.93,0.9,2.97,49.2,55.7,68.9,71.2,66.7,59.7
151,1977,3.95,1.1,3.95,3.2,4.38,5.65,52.4,65.4,65.0,73.1,67.8,64.1
151,1978,3.87,2.54,4.07,3.48,2.84,2.69,46.6,58.3,66.9,69.9,69.1,66.2
151,1979,3.71,2.88,3.34,2.71,5.89,0.17,44.5,56.6,67.4,69.1,67.8,62.1
151,1980,3.57,3.39,3.85,6.08,4.59,3.55,45.7,58.9,64.7,72.6,72.1,63.7
151,1981,6.69,3.91,9.19,5.59,3.36,5.92,50.0,55.9,67.9,71.4,68.7,61.1
151,1982,2.35,4.27,4.4,3.54,1.9,3.01,42.4,64.4,64.1,72.1,67.5,61.6
151,1983,4.58,5.07,3.54,2.74,2.09,2.27,44.2,54.4,68.1,75.5,73.7,63.6
151,1984,4.33,4.59,1.65,2.81,1.66,5.72,46.5,53.8,70.9,69.7,71.3,61.0
151,1985,2.0,2.66,2.39,3.84,4.71,3.68,53.5,62.3,65.2,71.3,67.5,64.2
151,1986,2.15,4.23,4.64,6.28,2.61,4.57,50.6,59.6,67.2,73.1,66.8,64.5
151,1987,2.24,4.44,3.36,3.32,4.39,2.84,49.8,62.0,71.1,73.7,70.4,63.6
151,1988,2.26,2.09,0.72,2.92,3.73,4.85,47.5,60.7,69.7,74.6,74.0,61.9
151,1989,3.25,5.52,4.35,4.31,4.3,4.3,45.2,55.9,67.8,71.9,69.0,60.1
151,1990,2.38,6.09,4.23,2.97,5.15,3.0,48.0,55.2,67.3,70.0,68.0,63.4
151,1991,4.97,3.16,1.91,3.32,3.94,1.76,50.8,65.4,71.3,73.0,71.2,60.5
151,1992,2.85,2.37,2.62,8.58,2.3,5.84,45.6,57.0,63.5,68.6,65.2,60.4
151,1993,3.54,2.21,6.58,2.85,2.68,5.95,45.8,59.2,65.5,72.7,71.3,58.6
151,1994,4.32,1.28,3.29,3.27,3.5,1.33,49.2,55.9,70.2,71.3,66.4,63.2
151,1995,3.95,4.65,3.64,1.41,5.13,1.56,44.4,56.6,69.5,73.1,75.5,59.6
151,1996,4.29,6.78,7.32,3.46,3.84,2.67,44.6,55.8,69.1,68.7,70.3,62.2
151,1997,1.16,5.19,3.85,4.57,4.82,5.01,44.5,52.1,67.7,70.6,66.2,61.2
151,1998,3.84,1.7,3.7,3.3,7.27,1.04,49.1,64.4,68.2,71.7,71.0,65.9
151,1999,5.7,3.96,3.52,2.37,2.47,2.22,50.1,61.1,69.8,75.7,67.9,63.4
151,2000,3.47,5.71,6.07,2.46,3.72,4.33,47.2,60.1,67.5,68.8,69.0,61.4
151,2001,3.84,4.69,3.6,2.56,3.88,3.58,50.4,60.6,66.3,70.8,71.4,59.9
151,2002,4.03,5.04,2.26,2.84,2.02,2.35,49.6,53.6,69.7,74.7,71.3,66.5
151,2003,2.46,5.91,2.57,6.81,4.67,6.91,48.8,56.2,65.2,70.3,70.9,60.6
151,2004,0.3,6.62,5.34,6.1,3.25,1.41,50.6,61.0,65.9,69.6,66.0,65.0
151,2005,1.47,2.12,1.87,6.89,2.12,3.38,50.4,55.0,72.2,73.2,71.6,66.2
151,2006,1.93,5.59,2.78,6.7,3.09,2.72,51.6,57.2,67.1,72.8,70.3,60.0
151,2007,4.08,1.53,1.76,3.93,11.38,1.46,45.5,61.8,69.5,70.3,72.0,64.6
151,2008,2.73,2.69,4.13,4.31,0.64,6.39,49.9,54.7,69.3,70.6,69.4,65.2
151,2009,5.03,4.56,3.91,2.22,4.71,1.54,48.5,58.5,67.3,66.2,68.0,62.5
151,2010,4.06,6.91,5.87,2.76,2.2,2.79,52.7,61.1,70.0,73.8,72.3,63.5
151,2011,6.68,7.66,2.33,3.3,3.15,6.25,47.4,60.0,69.0,76.0,70.4,61.2
151,2012,1.79,1.24,0.97,3.05,3.89,2.88,48.9,64.3,69.8,77.4,68.8,62.0
151,2013,7.69,1.32,6.55,3.88,1.56,1.54,45.6,62.2,68.0,70.6,68.4,63.3
151,2014,2.99,4.3,3.92,1.23,2.33,4.01,47.5,58.8,69.0,66.3,69.9,61.3
151,2015,2.52,4.47,7.2,4.59,3.29,2.47,48.5,61.7,67.4,68.8,68.5,66.5
151,2016,3.73,2.86,4.5,3.76,4.22,2.86,48.0,58.3,69.1,72.4,73.2,67.2
151,2017,3.9,7.42,2.16,3.06,2.26,2.03,53.0,57.0,68.9,71.2,67.9,65.4
151,2018,3.39,7.32,5.99,1.71,4.58,3.03,41.4,64.9,69.2,72.3,72.1,66.6
151,2019,4.69,5.0,6.3,5.0,4.06,5.24,47.6,57.4,66.4,74.0,68.9,66.7
151,2020,2.59,4.58,2.28,2.61,2.49,2.42,44.8,56.3,69.2,75.0,70.5,62.1
151,2021,1.9,2.93,6.64,5.11,3.63,4.71,49.2,56.5,70.3,71.5,72.9,66.2
151,2022,2.82,5.4,4.02,5.35,4.74,1.56,44.6,61.5,69.2,71.7,70.2,63.9
151,2023,2.53,1.48,2.1,6.41,2.09,2.48,49.9,58.2,66.7,71.3,68.3,64.2
151,2024,5.28,4.64,3.12,3.87,2.6,1.49,51.0,62.9,70.8,70.3,70.4,66.6
151,2025,3.48,3.56,4.29,5.32,1.13,2.09,48.7,56.9,71.0,74.5,68.1,65.1
151,2026,7.61,2.2,3.43,3.89,3.38,,53.5,56.7,67.4,73.2,70.1,
153,1895,3.47,1.62,2.19,6.82,2.36,2.35,55.2,63.4,75.0,73.8,74.8,69.8
153,1896,1.15,4.59,5.93,7.48,2.94,4.7,60.2,70.2,72.2,75.9,74.0,64.0
153,1897,5.81,3.48,4.27,3.09,0.33,1.08,51.4,57.6,70.9,77.0,72.5,70.8
153,1898,3.54,3.64,4.05,2.62,3.58,7.02,49.6,63.2,73.6,76.6,74.0,69.7
153,1899,1.41,4.25,3.57,3.65,3.0,1.15,53.8,64.2,74.4,76.1,76.2,66.4
153,1900,1.29,4.38,7.96,6.45,2.16,4.16,54.0,65.0,72.6,77.0,79.1,70.8
153,1901,2.74,1.55,6.31,1.2,2.61,1.56,48.0,60.7,74.8,82.0,74.2,66.9
153,1902,2.23,4.2,7.2,2.3,5.05,3.29,49.8,69.5,71.9,77.1,72.3,64.0
153,1903,4.84,1.81,2.85,4.38,5.31,1.19,52.0,66.8,67.7,76.4,72.9,66.4
153,1904,2.31,3.85,3.31,3.71,2.81,5.37,47.5,62.4,70.0,73.6,71.7,68.0
153,1905,3.57,4.38,2.54,7.0,3.69,2.56,52.8,65.1,72.8,73.7,74.3,68.6
153,1906,1.52,1.91,2.58,3.42,6.5,4.48,55.6,64.6,71.4,74.1,76.2,71.1
153,1907,3.48,4.49,4.54,4.74,5.69,0.93,43.3,57.9,68.2,75.5,72.0,66.0
153,1908,4.88,9.22,2.38,3.23,1.26,1.62,53.2,64.0,71.2,75.4,74.2,70.6
153,1909,4.47,3.86,6.66,6.36,0.9,2.68,51.1,60.6,72.9,73.3,76.2,65.2
153,1910,3.11,3.58,2.56,10.17,1.27,5.65,52.8,58.6,69.3,74.8,71.8,67.7
153,1911,5.62,2.2,4.48,2.32,1.84,10.77,50.7,68.4,74.2,75.0,74.1,71.0
153,1912,5.2,5.31,3.19,7.19,4.89,4.59,55.0,64.8,67.9,75.2,72.2,68.9
153,1913,3.02,1.09,2.01,3.27,3.1,3.63,52.1,64.4,75.3,78.7,78.5,67.1
153,1914,3.26,0.73,1.37,1.85,4.02,3.51,52.7,65.5,77.3,79.2,75.7,66.4
153,1915,1.15,8.31,3.35,5.64,6.87,2.78,57.7,60.8,69.4,73.7,67.8,69.8
153,1916,1.58,3.61,8.48,2.21,2.81,2.41,50.5,64.9,67.5,79.8,76.5,66.4
153,1917,6.19,5.13,5.88,4.84,2.29,1.64,51.2,57.0,68.9,74.7,72.3,66.2
153,1918,6.8,6.7,4.66,3.91,4.94,5.62,49.2,67.6,71.5,72.7,78.2,59.5
153,1919,2.57,5.78,5.97,1.93,2.13,2.03,53.5,60.2,74.7,78.1,73.1,70.5
153,1920,3.62,5.86,1.16,2.76,4.29,2.53,48.2,61.8,70.5,74.2,72.0,69.5
153,1921,2.92,1.97,2.89,1.72,6.43,6.77,55.7,64.5,76.6,80.2,73.0,72.4
153,1922,6.47,4.49,2.7,3.23,2.2,1.03,55.4,66.4,74.1,74.8,73.6,71.2
153,1923,3.36,4.68,3.62,2.26,5.47,2.98,50.1,60.8,71.6,75.6,73.2,66.7
153,1924,2.12,4.72,3.94,1.86,3.23,4.48,53.7,55.9,71.1,71.4,73.5,61.8
153,1925,2.18,1.66,4.54,2.31,2.77,4.33,57.8,58.6,74.9,75.9,74.4,74.7
153,1926,3.98,1.46,2.21,2.44,6.39,7.1,46.5,64.9,68.4,77.6,75.5,69.9
153,1927,5.73,10.67,3.3,3.26,2.84,4.33,53.6,62.2,67.8,74.5,67.7,71.2
153,1928,3.28,3.85,7.48,1.87,3.1,1.64,48.0,61.4,66.2,75.4,75.0,62.4
153,1929,4.84,8.86,4.88,3.7,1.65,3.12,55.5,60.0,69.5,75.5,71.7,66.6
153,1930,2.67,1.13,3.33,0.32,1.98,4.36,55.0,64.4,71.4,79.4,75.9,69.5
153,1931,2.52,2.85,2.05,4.16,2.87,4.88,53.3,60.0,74.7,79.5,74.6,72.7
153,1932,2.54,1.3,4.09,2.34,5.06,6.65,52.9,63.3,73.9,77.7,74.8,66.9
153,1933,4.62,10.66,0.74,1.45,2.39,3.8,52.5,66.2,77.7,77.6,73.7,74.2
153,1934,1.34,1.54,3.74,5.36,4.24,6.26,52.7,66.3,78.6,80.7,74.8,66.8
153,1935,2.21,8.83,5.87,2.61,3.13,2.98,50.1,59.3,68.2,78.4,75.7,66.7
153,1936,3.41,1.3,1.29,3.06,1.2,3.88,48.2,66.8,73.1,82.8,80.3,71.7
153,1937,5.12,3.92,4.06,3.11,3.55,2.56,51.4,63.9,72.3,75.0,76.8,65.1
153,1938,2.14,5.7,7.74,6.0,4.73,2.42,55.1,63.2,70.3,76.0,76.3,69.4
153,1939,6.18,1.27,7.02,5.01,2.38,1.02,49.2,65.6,73.2,75.5,73.4,72.9
153,1940,5.91,3.98,3.33,2.29,2.21,1.38,50.1,59.2,72.7,76.0,76.1,65.6
153,1941,3.1,2.28,5.06,2.32,2.56,3.23,57.2,66.0,73.2,77.1,75.3,70.6
153,1942,3.23,4.47,8.26,6.17,3.69,2.07,56.0,63.8,72.5,76.4,73.2,66.7
153,1943,2.78,10.36,2.26,2.6,0.57,3.74,50.9,63.7,76.7,78.0,77.7,63.8
153,1944,7.3,2.87,2.0,1.24,4.95,1.27,52.0,68.5,76.4,77.4,75.7,67.6
153,1945,5.73,4.3,9.62,3.49,4.12,8.31,54.4,59.2,69.3,73.9,73.0,68.8
153,1946,2.13,8.13,4.11,3.51,4.45,1.93,55.4,60.0,72.1,75.5,69.0,66.5
153,1947,7.06,5.47,4.43,1.95,3.4,4.57,53.1,60.2,69.9,72.1,80.9,68.3
153,1948,2.82,3.4,4.46,5.67,1.17,3.63,56.8,61.4,72.5,75.4,73.7,68.1
153,1949,1.57,2.76,5.07,3.7,3.7,2.85,51.9,64.9,74.2,78.7,74.1,61.5
153,1950,4.25,4.02,4.44,3.03,3.89,5.55,47.7,64.7,70.3,72.9,71.2,65.7
153,1951,3.27,2.54,5.46,3.53,4.56,2.77,50.1,65.0,71.4,75.2,73.6,64.7
153,1952,4.37,2.51,4.51,2.31,1.13,3.91,52.8,62.6,78.1,78.2,74.4,67.0
153,1953,3.16,3.64,2.52,2.6,0.51,0.76,49.7,65.5,78.2,77.0,75.7,69.1
153,1954,2.39,2.72,1.75,1.39,4.33,2.74,58.7,59.4,77.0,80.6,76.3,71.5
153,1955,4.72,4.07,3.82,4.46,0.53,5.29,58.8,64.7,67.1,79.8,76.2,70.4
153,1956,3.9,6.06,3.61,3.77,1.88,1.69,50.5,63.6,73.1,74.2,73.9,64.8
153,1957,6.49,6.89,7.23,3.77,2.39,1.84,55.3,63.2,72.8,75.8,73.6,65.4
153,1958,2.42,4.65,5.9,10.48,2.34,4.12,53.2,62.5,68.5,73.8,73.0,66.5
153,1959,3.24,5.71,1.97,3.54,3.94,4.29,54.2,66.7,72.2,75.2,77.0,69.2
153,1960,2.35,4.82,4.59,2.8,1.45,0.43,56.3,59.4,70.6,73.3,75.7,72.0
153,1961,3.53,7.99,3.72,4.04,5.38,1.87,48.1,58.2,69.8,75.2,72.5,70.6
153,1962,1.96,4.55,2.86,4.53,4.35,2.59,51.2,70.8,73.0,74.5,73.1,63.8
153,1963,2.14,3.78,3.71,4.12,2.46,0.3,56.0,61.5,72.6,73.8,71.3,66.8
153,1964,4.63,1.68,3.43,4.4,1.58,1.54,56.1,66.8,73.8,75.4,73.1,67.0
153,1965,3.21,2.4,4.84,4.59,3.37,6.44,55.5,69.0,71.7,73.7,72.5,67.8
153,1966,5.29,3.52,2.12,1.83,3.23,6.53,50.5,58.9,71.3,79.2,72.0,64.6
153,1967,4.33,5.52,2.95,3.48,3.24,1.62,56.0,59.4,72.4,72.4,69.1,63.7
153,1968,4.07,7.96,2.83,4.36,2.83,2.11,53.9,60.1,73.0,75.8,75.1,66.5
153,1969,6.33,3.16,5.66,6.65,2.73,2.44,53.9,63.4,70.7,76.4,72.5,65.6
153,1970,5.89,2.59,5.55,3.68,2.94,3.01,55.1,66.2,70.3,74.2,73.4,71.7
153,1971,0.95,4.33,4.45,6.6,1.33,3.77,52.5,59.2,75.0,72.4,71.8,69.8
153,1972,7.37,1.85,3.11,1.95,3.9,5.45,52.6,65.0,69.2,74.8,73.3,69.2
153,1973,4.6,3.32,6.46,4.24,2.08,1.78,52.0,59.3,72.7,76.2,74.4,70.0
153,1974,3.84,9.85,4.31,1.42,6.36,7.84,54.6,62.4,67.7,76.3,72.8,61.8
153,1975,3.4,4.64,3.58,5.11,3.7,2.49,50.4,66.4,72.7,74.2,75.7,62.9
153,1976,1.2,3.32,3.39,3.61,1.87,3.8,54.7,59.0,70.8,75.1,71.2,64.2
153,1977,2.61,1.71,4.26,2.51,7.26,3.54,57.8,69.2,70.5,77.8,73.2,69.7
153,1978,2.77,5.93,1.84,7.43,4.54,0.67,54.3,60.7,72.9,76.0,73.2,69.9
153,1979,4.84,3.05,3.45,12.39,5.0,0.91,51.1,61.2,72.2,73.6,73.0,66.4
153,1980,2.68,2.28,5.55,3.6,4.06,4.2,50.7,63.8,70.6,79.3,77.7,69.6
153,1981,5.34,9.72,2.53,3.34,5.9,2.91,58.9,59.1,73.8,76.1,72.6,65.4
153,1982,2.47,6.23,4.88,4.34,3.34,4.13,48.2,68.0,67.2,76.0,71.2,65.5
153,1983,5.05,6.95,4.28,2.16,2.47,1.14,48.1,59.6,71.7,79.2,79.4,68.0
153,1984,7.03,4.66,1.53,3.57,1.62,4.51,51.2,60.0,75.8,73.2,74.0,64.2
153,1985,2.29,5.29,4.52,1.79,6.87,1.85,57.4,64.3,70.0,75.0,71.7,67.3
153,1986,2.89,5.72,2.16,6.3,2.25,4.1,56.4,65.1,73.6,78.4,70.2,70.1
153,1987,2.71,2.37,4.04,7.6,1.08,1.93,52.9,69.1,74.1,76.4,75.5,68.3
153,1988,2.5,1.76,0.71,5.85,1.9,1.52,53.2,64.3,73.8,77.4,77.3,67.2
153,1989,4.79,4.63,2.72,7.84,4.14,6.05,52.0,59.2,71.6,75.5,73.4,65.2
153,1990,3.09,8.96,5.51,4.56,2.56,2.94,51.6,60.7,72.1,74.9,72.3,67.9
153,1991,2.93,2.34,2.43,3.34,2.7,1.88,56.8,70.0,75.4,77.0,75.3,67.7
153,1992,4.39,2.38,2.27,8.53,2.91,4.61,52.5,61.3,69.3,75.0,69.9,65.5
153,1993,5.0,4.05,4.64,3.72,4.38,7.39,50.5,63.4,71.5,78.2,75.1,63.5
153,1994,7.05,2.55,2.37,3.78,3.87,3.2,54.7,60.5,75.1,75.5,71.3,64.9
153,1995,4.28,8.87,4.15,2.92,5.2,0.5,53.1,62.0,73.2,76.9,78.8,64.7
153,1996,7.22,8.37,3.77,1.88,0.89,5.32,49.8,63.4,72.1,73.5,74.6,64.8
153,1997,2.51,4.74,5.12,1.57,3.91,1.69,48.8,58.7,70.0,75.6,71.4,66.8
153,1998,7.36,5.18,7.97,4.33,4.31,1.06,53.7,67.8,72.6,75.5,75.2,71.1
153,1999,4.93,4.04,6.57,3.12,1.8,0.82,55.0,64.6,72.8,78.5,72.5,67.0
153,2000,3.52,3.91,5.83,6.41,6.7,6.16,52.4,66.1,72.3,73.8,74.3,66.1
153,2001,2.28,3.98,4.54,6.13,2.9,2.31,59.7,66.2,71.0,75.6,75.7,65.9
153,2002,4.57,10.25,2.27,2.22,1.76,3.96,56.1,60.8,74.8,79.0,76.6,71.1
153,2003,3.5,5.07,3.61,6.17,3.23,6.69,55.4,62.8,68.4,75.4,75.2,64.5
153,2004,1.52,6.95,1.81,7.41,3.87,0.93,55.8,68.2,71.4,73.3,70.2,68.3
153,2005,3.33,2.86,3.74,4.1,4.65,4.14,55.7,61.5,74.1,76.3,76.7,70.9
153,2006,5.41,4.68,3.8,3.15,3.79,6.28,58.3,62.4,72.4,77.0,75.7,64.3
153,2007,3.59,2.32,5.92,2.41,2.14,2.45,51.8,68.7,73.7,73.3,79.5,71.2
153,2008,3.33,7.27,12.56,5.22,1.15,4.54,53.4,59.7,74.6,75.3,73.1,68.8
153,2009,8.94,8.19,6.08,4.32,2.25,3.69,54.2,63.9,74.3,71.2,72.6,67.2
153,2010,3.4,5.71,7.58,5.05,0.97,1.41,60.0,65.9,76.7,78.1,77.9,69.4
153,2011,11.93,5.7,6.07,3.73,0.62,5.13,56.2,63.8,74.5,80.3,75.3,66.0
153,2012,3.78,1.61,0.56,1.3,3.98,6.39,56.3,69.9,73.2,83.4,74.6,66.1
153,2013,6.79,5.59,10.17,5.52,0.76,1.86,53.4,64.9,71.8,73.7,73.4,69.0
153,2014,7.37,3.7,5.62,3.74,3.82,4.76,55.1,64.7,74.4,71.0,74.1,65.2
153,2015,4.66,3.64,7.86,3.59,1.75,2.54,55.4,66.7,73.4,75.7,72.8,70.5
153,2016,5.22,4.1,3.88,5.83,5.94,3.67,54.8,62.3,76.0,76.4,77.3,71.4
153,2017,5.03,6.28,2.35,5.15,1.72,0.95,59.3,63.6,72.9,76.9,72.1,69.8
153,2018,3.79,3.08,8.47,3.58,4.81,6.07,47.7,73.4,76.5,76.9,75.8,72.8
153,2019,6.03,7.59,6.99,5.3,4.77,0.69,55.6,65.9,72.7,78.2,74.4,73.4
153,2020,2.61,5.11,2.89,7.45,2.88,0.46,52.0,62.0,74.8,78.3,73.9,67.5
153,2021,2.92,2.79,5.06,5.94,3.97,2.68,53.7,62.1,74.6,75.4,76.9,70.2
153,2022,4.25,5.59,1.72,7.3,4.06,2.18,52.6,67.4,74.7,77.7,75.0,68.2
153,2023,2.85,2.63,3.41,5.06,3.25,0.83,55.0,64.7,71.9,77.2,74.6,69.2
153,2024,7.62,5.47,1.85,4.57,1.79,2.68,57.7,69.0,75.0,75.6,75.2,70.2
153,2025,9.55,3.99,6.83,6.77,2.65,1.86,56.0,63.4,75.9,80.4,73.8,69.7
153,2026,4.52,5.97,6.86,2.49,4.35,,61.8,62.6,72.7,77.0,75.0,
155,1895,1.82,2.84,3.72,2.58,2.33,0.7,54.7,63.2,74.8,73.9,76.1,71.0
155,1896,0.34,5.57,5.69,6.78,3.74,4.64,60.9,70.4,72.8,76.2,75.0,65.4
155,1897,4.84,3.84,4.01,5.57,1.75,0.18,52.6,60.2,71.6,77.7,72.4,69.3
155,1898,1.35,4.63,4.67,3.88,3.01,4.49,51.0,65.6,74.5,78.0,76.0,72.2
155,1899,2.67,6.05,6.08,2.07,4.47,1.2,55.2,66.4,74.2,76.5,76.4,67.2
155,1900,2.13,5.18,2.88,4.41,3.41,1.07,53.0,65.1,72.9,76.6,79.3,73.1
155,1901,2.24,3.56,5.34,0.7,1.94,2.44,48.3,61.9,73.6,81.5,74.8,66.8
155,1902,2.64,5.17,4.19,3.14,1.01,3.61,52.1,67.3,71.7,76.7,73.0,64.7
155,1903,4.08,2.73,3.92,3.59,3.03,2.84,52.8,65.7,66.6,75.3,72.6,66.7
155,1904,1.98,2.61,2.27,2.04,2.0,2.96,47.1,62.8,70.6,73.2,72.6,67.8
155,1905,2.58,7.13,3.67,5.34,5.29,1.81,53.5,64.8,72.0,74.3,72.9,67.0
155,1906,0.94,1.49,3.15,6.11,4.41,7.54,54.7,63.2,72.0,75.1,76.6,70.5
155,1907,2.49,2.66,4.84,5.58,4.07,2.13,44.5,58.1,68.0,75.6,72.0,67.8
155,1908,5.38,7.21,3.11,2.25,1.06,0.74,53.8,64.7,71.0,75.4,75.2,70.6
155,1909,4.36,6.29,4.91,7.13,2.29,1.03,51.7,60.8,73.0,72.8,74.6,64.9
155,1910,2.6,3.49,2.93,6.54,1.76,3.56,53.2,58.3,68.0,75.0,72.1,68.8
155,1911,6.82,3.59,5.05,1.67,5.31,6.17,50.4,68.0,73.0,75.2,75.0,71.6
155,1912,6.52,6.37,2.43,4.2,9.6,4.24,56.2,65.3,69.4,76.3,72.2,69.0
155,1913,4.42,3.11,3.06,3.41,4.11,3.79,52.2,63.2,74.2,79.2,76.4,66.5
155,1914,3.49,2.18,3.67,3.14,6.5,2.05,53.2,64.0,74.8,77.7,74.4,66.0
155,1915,1.38,6.14,5.18,4.86,5.41,5.24,57.5,61.0,69.1,74.5,68.9,68.6
155,1916,2.73,4.49,5.2,2.7,3.49,3.74,51.7,65.5,67.5,78.5,76.0,64.3
155,1917,4.45,7.11,5.47,2.64,2.19,2.11,51.2,56.0,69.5,74.1,73.4,65.7
155,1918,2.44,3.42,3.68,4.14,3.72,1.78,50.1,68.1,71.3,71.9,78.8,60.2
155,1919,4.19,4.61,3.46,2.08,1.27,1.79,54.0,60.7,74.8,76.9,72.5,69.0
155,1920,7.45,3.74,3.28,3.19,5.22,3.14,49.3,61.9,70.3,73.3,71.0,67.8
155,1921,4.7,3.28,5.28,3.33,5.67,3.54,56.3,64.2,76.5,79.5,73.1,71.9
155,1922,4.75,3.16,1.88,3.88,2.53,3.47,56.5,66.7,73.9,75.8,74.0,71.1
155,1923,3.93,3.43,5.37,2.61,4.62,1.59,51.8,62.4,72.8,76.3,74.2,68.3
155,1924,2.9,3.95,4.28,2.41,2.86,3.82,54.9,57.6,72.1,72.6,74.3,62.6
155,1925,2.47,1.55,3.6,6.76,4.43,3.7,58.5,58.7,75.2,74.3,73.6,73.8
155,1926,5.65,2.39,3.57,4.97,6.71,5.02,47.7,64.7,68.7,75.9,75.6,69.0
155,1927,5.36,8.05,3.88,2.9,3.84,2.45,54.2,63.4,67.9,74.9,68.1,70.5
155,1928,4.09,2.74,9.05,3.79,2.73,1.48,49.1,61.2,67.3,75.2,75.0,63.4
155,1929,4.79,8.25,4.61,4.33,2.03,4.8,56.6,61.4,69.6,74.7,71.3,66.8
155,1930,1.76,1.21,1.14,1.23,2.05,4.32,55.7,64.8,71.8,79.3,75.2,69.4
155,1931,4.59,2.7,2.91,2.85,4.94,4.8,52.4,60.7,74.1,78.8,73.4,72.1
155,1932,2.94,0.81,5.25,4.95,5.68,5.38,52.3,63.6,72.6,77.2,74.2,67.5
155,1933,6.37,7.86,0.89,2.47,3.36,4.54,52.2,66.1,76.5,76.4,73.7,72.7
155,1934,1.12,1.42,4.4,1.8,3.44,3.27,53.4,66.7,76.6,80.8,74.1,67.8
155,1935,3.48,6.42,4.04,5.21,4.73,2.43,50.3,59.8,67.9,77.6,75.0,66.3
155,1936,4.23,1.04,0.25,2.61,2.52,4.24,48.8,66.5,73.7,81.1,80.2,71.6
155,1937,3.45,4.32,3.54,3.13,3.03,3.29,51.9,62.4,71.4,73.8,75.8,65.2
155,1938,2.3,4.42,2.27,6.03,4.57,2.93,56.4,64.1,70.8,76.2,75.8,68.7
155,1939,6.88,1.14,5.81,4.03,2.94,1.01,50.9,65.5,73.3,74.5,73.5,72.5
155,1940,6.42,2.84,3.81,1.16,3.4,1.25,50.1,60.2,71.5,75.1,75.4,64.4
155,1941,2.77,1.32,8.38,3.33,1.46,1.32,57.4,66.1,72.4,76.4,75.0,71.1
155,1942,3.25,3.84,6.2,2.91,3.49,2.5,56.5,64.1,73.1,76.6,73.3,66.3
155,1943,2.92,5.01,3.1,4.77,0.34,1.57,50.4,64.7,76.2,76.8,76.2,65.2
155,1944,4.8,3.45,1.14,2.09,5.42,2.66,53.0,69.5,76.1,76.8,74.8,66.6
155,1945,4.28,3.9,4.74,3.47,2.4,5.39,55.1,59.3,69.6,73.5,73.0,69.8
155,1946,1.95,4.94,3.73,4.97,3.65,1.59,55.2,61.3,71.6,74.3,69.1,66.9
155,1947,7.91,6.48,4.94,3.01,2.14,3.88,54.1,60.5,69.8,70.5,78.6,68.3
155,1948,7.14,2.72,3.03,4.04,2.59,1.01,57.1,62.1,72.2,75.5,73.8,68.6
155,1949,1.89,1.77,6.01,3.47,4.42,1.55,51.1,64.5,74.0,79.3,74.6,61.9
155,1950,4.39,4.26,5.03,3.83,3.79,4.78,47.8,64.2,69.7,72.4,70.5,64.8
155,1951,2.96,2.89,2.78,1.07,1.53,2.56,50.3,64.3,71.5,75.6,74.1,65.6
155,1952,2.69,3.2,3.38,2.61,2.23,3.05,53.2,62.7,76.9,78.3,73.9,66.3
155,1953,3.36,3.22,2.33,4.13,0.97,0.89,49.3,65.8,75.6,76.0,74.5,68.1
155,1954,2.46,2.29,2.91,1.96,5.91,2.79,59.2,58.1,73.9,77.6,74.9,70.4
155,1955,3.05,4.52,3.32,5.54,0.85,4.54,57.8,64.4,67.0,78.5,76.8,69.6
155,1956,3.17,5.28,4.13,4.24,3.24,3.17,50.4,63.4,71.6,74.3,72.9,63.9
155,1957,6.19,5.6,5.15,3.67,1.54,3.29,55.7,63.7,72.4,75.2,72.6,67.0
155,1958,4.19,5.15,4.61,6.74,4.77,4.35,53.3,62.1,68.5,73.6,71.6,65.7
155,1959,1.81,3.87,2.29,3.85,3.16,0.96,54.7,67.3,71.7,75.4,76.4,69.2
155,1960,1.29,4.64,9.35,4.13,1.54,1.59,56.7,59.7,70.1,73.0,75.0,69.6
155,1961,4.25,7.08,3.99,7.9,2.54,1.53,47.7,58.1,68.8,74.1,72.5,70.0
155,1962,0.81,4.81,2.72,7.05,1.99,3.55,50.9,69.0,71.3,73.9,73.5,63.2
155,1963,1.65,4.36,1.85,3.92,2.32,0.49,55.4,60.9,70.6,72.9,70.8,65.0
155,1964,4.78,1.29,4.86,3.86,2.6,1.72,56.6,65.1,72.3,74.8,73.4,67.0
155,1965,5.95,1.38,2.74,4.61,3.75,7.76,54.6,67.9,71.3,73.0,72.7,68.1
155,1966,6.34,2.09,1.33,2.59,3.36,3.46,50.9,59.4,70.4,77.5,72.3,64.1
155,1967,4.03,5.25,2.17,3.71,2.28,1.52,56.2,59.7,71.5,71.8,69.7,63.1
155,1968,3.46,9.07,3.41,4.4,4.39,2.43,54.3,60.3,71.4,74.6,74.7,66.6
155,1969,4.32,3.69,4.18,4.63,3.29,1.54,55.0,63.6,71.4,76.5,72.4,66.1
155,1970,6.34,2.1,4.42,3.87,2.33,5.14,55.8,65.5,70.9,74.0,73.4,71.0
155,1971,1.89,4.17,3.92,4.99,6.69,5.52,51.3,58.4,73.8,72.5,70.9,69.2
155,1972,6.39,4.15,1.91,3.25,2.64,5.37,52.7,63.1,66.7,74.1,72.9,69.2
155,1973,5.69,3.99,7.05,5.94,2.47,2.46,51.9,58.9,72.3,74.7,73.7,69.7
155,1974,4.01,6.07,3.09,2.64,6.49,5.32,54.9,62.5,67.3,74.2,72.9,62.1
155,1975,5.2,2.75,5.56,2.14,2.78,4.15,49.9,65.4,71.2,73.8,76.1,63.2
155,1976,1.0,2.6,6.41,1.88,3.81,3.08,53.8,59.4,70.6,73.3,70.6,63.4
155,1977,4.47,1.81,6.08,5.4,5.98,2.31,56.6,67.4,70.0,77.2,73.3,69.4
155,1978,2.79,4.86,3.32,5.32,4.86,1.44,54.1,60.3,71.7,74.5,73.3,69.9
155,1979,5.71,3.61,4.64,6.79,5.43,9.8,52.2,60.5,70.5,72.4,72.7,65.7
155,1980,2.47,4.96,3.63,3.79,5.39,1.83,50.5,63.1,69.2,77.7,77.1,69.0
155,1981,5.26,5.64,3.8,4.91,3.08,2.06,58.5,59.4,72.4,75.4,72.7,64.9
155,1982,2.38,4.97,4.6,2.37,3.91,2.56,48.6,67.6,67.6,76.0,70.9,65.4
155,1983,5.41,9.43,4.51,1.45,3.43,1.06,49.9,59.8,70.8,78.1,78.8,67.8
155,1984,5.54,6.6,1.77,4.67,2.54,3.4,51.5,59.7,73.8,72.2,74.2,65.7
155,1985,1.22,4.21,4.34,4.41,3.74,0.61,57.1,63.9,69.2,74.2,72.6,66.9
155,1986,2.01,4.73,3.09,4.14,2.27,3.84,55.3,65.0,73.0,77.3,71.0,69.8
155,1987,2.8,1.68,3.3,5.74,3.12,1.6,52.6,68.4,73.5,76.4,75.1,67.9
155,1988,3.81,2.01,0.56,4.35,2.68,3.38,52.6,62.8,71.6,77.6,77.0,66.8
155,1989,5.26,4.78,4.99,4.19,5.59,3.21,52.9,59.5,70.5,75.2,73.3,66.0
155,1990,3.9,8.62,6.74,3.38,4.88,3.28,52.7,60.4,70.8,73.9,72.3,67.5
155,1991,3.86,2.68,1.89,2.44,5.24,2.73,56.5,70.0,74.6,77.1,74.5,67.7
155,1992,2.83,4.38,5.1,6.67,3.86,2.98,53.8,60.8,67.9,74.3,69.6,65.1
155,1993,4.26,2.78,6.22,2.74,4.17,3.07,51.6,62.8,70.6,78.1,75.2,64.4
155,1994,7.08,3.42,3.18,4.93,3.02,1.18,55.3,59.0,74.0,74.8,71.4,65.2
155,1995,4.28,8.97,2.68,3.46,4.55,1.94,54.0,62.5,71.9,76.1,79.0,65.3
155,1996,8.88,11.2,6.04,3.3,1.74,6.33,50.7,63.9,71.1,72.7,74.0,65.7
155,1997,2.03,7.12,8.72,1.58,3.75,1.1,49.5,57.9,69.1,75.8,72.1,66.2
155,1998,8.39,4.3,8.1,5.53,2.49,1.3,53.6,67.2,72.3,74.4,75.4,71.4
155,1999,2.66,1.51,5.26,2.0,1.63,0.77,55.9,64.3,73.3,79.5,73.9,66.8
155,2000,4.3,4.61,5.02,5.58,5.53,4.88,53.1,66.3,72.2,73.6,73.0,65.6
155,2001,1.13,5.45,4.11,7.81,4.28,3.95,58.7,65.2,70.3,74.7,75.7,65.5
155,2002,6.12,8.53,3.6,1.76,1.25,6.92,56.5,60.9,73.6,77.6,76.9,71.4
155,2003,3.05,7.59,2.96,7.53,5.48,6.0,56.5,62.2,67.5,74.0,74.6,65.0
155,2004,4.44,7.63,2.16,6.32,3.28,0.85,54.2,68.1,71.3,73.2,70.7,68.3
155,2005,3.3,2.77,1.88,2.38,7.56,3.1,55.5,60.1,73.9,76.7,77.4,70.7
155,2006,5.1,4.27,4.8,3.47,5.19,5.55,57.8,61.4,69.7,76.5,76.7,64.3
155,2007,4.37,1.37,3.3,4.96,1.46,1.86,51.8,66.6,72.8,73.5,80.1,71.9
155,2008,3.46,6.78,5.21,3.64,2.12,2.46,55.3,60.1,72.8,73.8,73.2,69.8
155,2009,4.02,5.28,5.04,7.2,2.64,5.73,54.8,64.2,72.8,70.3,71.5,67.3
155,2010,2.64,6.17,7.27,3.58,1.53,0.27,58.9,65.7,74.8,77.2,77.0,68.8
155,2011,13.95,6.31,7.22,2.09,3.06,6.3,57.6,63.3,72.7,80.3,75.1,65.7
155,2012,2.59,3.52,1.59,2.17,2.4,5.35,54.7,68.4,72.0,80.4,74.4,66.0
155,2013,3.56,6.09,5.62,4.48,2.4,3.58,53.6,65.2,71.9,73.4,73.4,69.1
155,2014,8.05,3.16,4.06,5.47,2.73,2.68,55.7,65.0,73.4,71.1,74.4,66.5
155,2015,6.26,2.73,6.5,7.03,2.73,2.19,55.2,66.9,72.5,74.7,71.7,69.8
155,2016,4.99,4.1,4.65,5.63,5.79,2.76,55.4,62.2,74.4,77.2,78.8,72.2
155,2017,5.93,8.59,5.35,5.71,2.46,4.91,61.5,63.6,71.7,76.4,72.2,67.7
155,2018,4.51,5.75,5.39,4.28,6.96,7.86,50.3,71.8,75.2,76.2,76.4,72.4
155,2019,6.05,4.79,9.07,4.49,2.67,0.16,57.0,66.6,71.2,78.0,75.4,74.5
155,2020,4.46,5.3,3.92,5.29,4.15,2.24,52.5,61.6,73.0,78.8,74.4,67.8
155,2021,3.98,3.49,6.88,6.64,3.64,3.67,54.2,61.3,72.5,75.4,76.2,69.4
155,2022,3.45,5.59,2.89,5.25,8.79,2.77,53.0,67.1,73.2,77.3,74.9,68.8
155,2023,2.68,2.67,2.86,6.76,3.01,1.77,55.5,62.0,69.8,76.0,74.2,70.4
155,2024,5.57,5.71,1.7,3.76,2.45,5.89,58.6,68.5,73.8,76.3,76.3,71.8
155,2025,8.36,4.7,4.66,4.8,1.09,2.96,56.6,62.6,74.6,80.0,73.7,70.1
155,2026,4.58,6.25,6.13,3.3,7.4,,62.7,62.9,72.3,77.4,75.9,
157,1895,2.35,1.16,1.73,2.96,2.37,3.14,52.6,63.1,73.1,71.3,73.1,68.2
157,1896,2.27,4.58,3.71,8.01,5.52,4.85,55.2,68.0,68.1,73.8,72.4,62.1
157,1897,3.3,2.9,4.72,1.86,1.48,0.18,47.6,56.9,69.1,76.3,70.4,68.5
157,1898,2.15,5.4,5.34,2.5,3.71,3.03,47.9,61.5,72.6,75.2,72.6,68.4
157,1899,0.99,4.4,2.7,2.88,2.5,2.04,53.3,63.0,73.2,74.8,75.1,64.3
157,1900,1.26,4.59,5.49,4.7,3.97,1.79,51.3,64.4,70.0,74.5,77.9,68.3
157,1901,2.11,3.04,4.72,0.44,3.43,1.09,46.9,58.7,72.0,79.9,73.9,65.1
157,1902,2.19,3.44,10.64,5.35,1.54,4.22,48.2,64.3,67.6,74.4,69.1,62.1
157,1903,4.94,3.34,3.24,2.45,4.69,1.85,49.5,63.9,64.6,74.3,70.5,64.6
157,1904,3.79,3.13,2.45,5.32,2.85,4.1,43.8,60.2,68.3,71.5,68.8,64.8
157,1905,4.24,4.62,3.16,4.87,4.21,4.89,48.4,61.0,69.9,72.7,73.2,65.9
157,1906,2.03,3.17,2.64,3.69,5.31,3.66,51.6,62.0,68.8,72.0,74.6,68.3
157,1907,2.17,3.27,5.88,6.12,3.87,3.27,40.2,53.8,66.3,72.9,69.6,63.1
157,1908,4.27,5.91,1.74,3.43,1.4,0.81,49.5,61.6,69.1,73.9,72.2,68.4
157,1909,6.17,5.76,6.7,4.78,6.09,3.34,46.4,58.0,69.9,70.2,73.5,61.5
157,1910,2.95,3.93,2.28,4.44,2.59,4.94,50.3,55.2,67.4,74.0,70.5,64.1
157,1911,4.21,2.21,2.19,2.78,3.0,4.99,47.6,66.5,72.9,74.2,71.4,67.0
157,1912,4.21,3.92,3.37,3.59,4.79,2.46,51.0,62.7,66.8,73.4,69.8,66.8
157,1913,2.39,2.61,2.55,2.47,3.35,2.22,49.3,61.4,72.0,76.3,74.8,64.5
157,1914,2.84,2.73,1.62,0.72,3.83,2.22,49.6,63.4,73.2,76.9,73.6,64.7
157,1915,2.01,4.22,2.01,7.32,4.75,4.16,55.4,57.4,67.2,71.3,65.7,66.3
157,1916,1.7,5.35,6.0,2.99,2.45,2.1,47.8,61.2,65.0,78.7,75.0,63.8
157,1917,3.41,5.27,5.61,2.05,3.46,1.33,47.9,54.9,66.8,72.1,69.8,62.5
157,1918,3.97,4.65,3.02,2.83,3.48,5.68,46.5,65.4,69.3,71.2,75.9,56.7
157,1919,2.48,4.04,3.37,2.52,2.81,2.39,50.0,57.6,73.7,77.0,71.0,67.8
157,1920,6.17,3.37,2.83,4.91,2.2,2.28,43.9,59.2,69.8,71.7,69.9,67.4
157,1921,4.15,1.34,3.57,3.44,6.48,6.39,53.5,63.8,74.8,79.1,71.1,69.1
157,1922,5.98,2.87,1.62,3.58,2.14,1.29,51.1,64.8,71.9,72.7,72.5,68.8
157,1923,2.03,6.23,1.87,5.88,3.22,3.61,48.2,58.4,71.6,73.8,70.9,64.5
157,1924,3.59,4.45,7.09,1.0,4.88,4.19,50.3,54.0,67.6,70.5,71.3,59.7
157,1925,1.89,0.75,3.17,4.91,2.6,6.04,55.3,57.1,73.4,73.4,72.1,71.4
157,1926,4.13,4.57,2.15,3.01,6.87,11.14,43.1,62.2,65.8,75.0,74.0,65.2
157,1927,6.24,8.1,5.18,4.25,3.13,5.14,49.7,58.9,65.2,72.4,65.6,69.0
157,1928,1.78,3.26,8.19,4.53,3.65,2.43,45.5,59.9,64.2,73.3,72.9,60.4
157,1929,5.73,7.62,5.31,6.99,2.29,1.52,52.6,57.5,67.4,73.9,69.9,64.4
157,1930,3.58,1.78,2.0,2.9,1.74,3.39,51.9,61.8,69.6,75.2,72.8,66.3
157,1931,2.56,2.83,3.7,1.5,6.01,3.97,50.4,57.3,72.8,77.6,72.7,70.3
157,1932,3.12,1.46,3.17,3.61,3.81,4.79,49.9,61.5,71.9,75.3,72.4,63.5
157,1933,3.54,7.98,0.49,2.06,2.25,4.85,49.3,62.8,77.0,76.9,71.2,70.4
157,1934,1.38,0.7,2.3,2.14,5.27,7.14,49.5,65.2,76.8,79.8,72.0,64.4
157,1935,2.07,5.91,5.41,4.61,2.61,3.56,47.1,55.4,67.1,76.8,73.9,64.5
157,1936,2.38,3.31,0.81,0.67,5.11,6.49,45.4,63.7,70.5,81.3,77.8,68.5
157,1937,5.81,2.41,5.44,4.65,2.24,2.94,48.2,61.3,68.8,73.4,75.2,63.6
157,1938,3.3,5.53,4.9,5.59,3.11,3.0,51.8,60.3,68.7,74.9,74.9,66.8
157,1939,5.54,0.91,5.38,6.48,1.88,0.51,46.0,64.2,72.4,73.9,71.9,70.8
157,1940,3.34,4.23,3.76,1.14,2.82,1.33,47.0,57.2,71.0,75.0,74.1,63.8
157,1941,3.2,2.27,5.85,3.21,1.94,1.67,54.7,63.6,70.4,74.7,73.0,69.0
157,1942,2.71,3.7,5.21,4.31,2.99,3.24,54.4,61.5,70.4,74.9,71.0,62.8
157,1943,2.51,11.64,5.03,3.11,2.68,2.79,47.0,59.6,73.6,74.6,73.2,60.6
157,1944,6.03,5.23,1.81,1.43,3.04,1.69,47.9,66.2,73.7,74.8,73.3,65.6
157,1945,3.31,4.68,5.42,2.59,4.01,5.87,51.2,55.4,67.0,71.9,71.5,65.5
157,1946,1.54,5.97,5.09,2.85,2.68,1.43,51.9,57.6,69.2,74.0,67.9,65.0
157,1947,7.16,4.43,5.14,2.32,3.91,5.23,49.2,56.8,67.3,70.3,78.5,65.6
157,1948,4.2,4.26,4.92,4.42,2.6,3.53,54.1,58.8,70.3,74.6,72.3,66.4
157,1949,2.06,3.18,5.1,4.83,1.34,1.54,48.9,62.0,73.5,78.0,72.2,59.5
157,1950,4.61,2.08,6.66,3.88,3.28,5.04,44.1,62.8,68.8,71.5,69.4,63.6
157,1951,3.21,4.15,4.02,6.0,2.24,2.2,47.0,62.6,67.8,72.5,69.6,62.0
157,1952,5.35,6.51,7.04,2.4,4.29,3.76,50.5,59.6,75.0,76.4,71.1,64.5
157,1953,2.48,4.72,3.37,6.91,2.67,0.99,46.7,62.6,74.6,75.0,72.4,65.5
157,1954,3.52,3.04,2.3,2.43,4.67,0.75,54.6,56.3,74.2,76.2,72.3,68.7
157,1955,3.07,6.09,3.54,3.99,1.32,3.72,56.1,62.3,66.4,78.8,75.5,67.1
157,1956,2.09,5.19,1.71,3.54,2.62,0.84,47.5,60.9,71.4,72.0,71.9,63.4
157,1957,7.0,5.83,6.93,7.18,3.01,3.53,50.4,60.7,70.6,74.1,71.6,63.0
157,1958,2.02,2.59,11.9,9.95,4.39,2.36,50.8,59.5,65.1,72.3,71.2,65.0
157,1959,6.19,3.09,2.14,3.17,2.26,5.46,50.4,65.3,71.3,73.3,76.4,67.2
157,1960,2.29,5.24,5.59,3.7,5.53,1.98,53.6,58.0,68.2,71.4,72.8,69.2
157,1961,4.69,3.09,3.4,4.48,2.71,4.17,44.5,55.9,68.0,73.3,71.6,69.3
157,1962,1.63,4.5,2.39,7.74,3.06,1.8,48.9,67.3,71.1,71.6,71.1,62.3
157,1963,3.83,1.91,1.98,5.42,2.52,0.93,51.9,58.8,70.9,72.6,68.2,63.6
157,1964,9.02,1.22,5.39,3.8,1.45,1.34,51.8,65.0,71.9,73.7,70.0,65.5
157,1965,6.19,3.12,3.93,3.19,4.23,7.57,50.6,67.1,69.8,71.4,69.3,66.3
157,1966,3.43,3.82,2.17,2.95,2.83,3.84,47.5,55.5,70.4,76.8,69.6,62.3
157,1967,3.7,3.74,1.74,1.29,1.94,1.51,51.8,56.1,71.9,71.4,68.2,62.0
157,1968,2.85,6.56,4.76,4.18,4.94,1.52,51.3,56.7,71.3,73.7,72.6,64.5
157,1969,4.39,2.69,4.38,4.02,2.54,5.25,51.2,60.7,67.5,75.0,71.4,64.3
157,1970,7.12,4.43,1.9,5.95,1.43,5.1,51.6,64.2,69.9,73.6,71.3,67.2
157,1971,0.69,3.93,4.65,6.96,1.38,5.23,48.8,57.4,74.3,70.4,69.0,68.1
157,1972,6.86,2.71,4.71,4.09,2.95,8.14,48.4,63.1,65.8,72.6,71.5,66.2
157,1973,4.1,2.79,6.4,6.46,2.94,2.14,49.8,57.4,72.1,74.5,72.8,67.4
157,1974,3.19,6.86,6.14,1.26,3.68,3.13,52.2,59.1,66.8,75.6,71.5,60.2
157,1975,2.97,4.97,4.51,1.97,7.9,2.51,45.6,64.2,71.0,72.5,74.3,60.7
157,1976,1.36,2.65,7.46,2.52,1.97,1.8,52.7,57.9,70.4,72.6,68.8,62.1
157,1977,1.9,2.83,2.28,2.39,10.05,4.95,55.2,68.7,68.6,76.8,70.8,66.7
157,1978,4.46,3.76,5.46,4.67,3.75,0.98,50.1,58.5,71.0,73.4,71.6,68.7
157,1979,4.51,2.56,3.77,7.88,5.51,0.05,46.4,59.9,70.5,71.3,70.5,64.4
157,1980,2.63,2.12,6.68,4.36,3.64,2.74,47.3,62.4,67.8,77.4,75.5,66.6
157,1981,5.42,7.5,2.95,5.14,7.15,3.71,54.5,57.1,72.0,73.4,70.8,63.6
157,1982,3.41,4.74,4.82,3.89,4.49,1.41,44.1,66.1,65.4,73.7,69.2,64.0
157,1983,4.63,5.27,3.96,1.08,3.41,2.16,46.6,57.4,71.4,77.6,77.1,66.0
157,1984,3.33,5.74,1.62,3.94,2.2,2.55,48.4,58.0,74.3,71.0,73.0,63.4
157,1985,1.82,2.52,2.34,2.18,6.1,1.49,55.5,63.8,68.2,72.8,69.6,66.3
157,1986,2.23,5.63,3.52,3.57,1.6,5.77,53.4,62.1,71.5,76.6,68.8,68.8
157,1987,3.4,2.31,6.04,4.22,6.15,2.87,51.1,66.9,72.7,75.6,72.6,66.2
157,1988,2.65,0.89,0.31,4.4,2.94,2.49,49.9,63.6,72.1,76.2,76.1,65.8
157,1989,3.86,6.99,3.03,4.22,4.84,4.6,49.1,58.0,70.1,74.7,71.4,62.3
157,1990,2.51,5.19,4.24,6.03,4.11,1.78,49.6,58.5,70.5,72.2,69.8,65.7
157,1991,3.02,4.97,0.69,1.05,3.48,1.83,53.9,68.0,74.2,75.5,73.0,65.0
157,1992,3.52,1.16,1.71,11.73,1.63,5.7,48.8,60.1,67.0,71.6,67.2,63.3
157,1993,5.5,3.02,6.22,6.09,3.63,7.09,48.4,62.3,69.2,75.1,73.3,59.8
157,1994,8.18,2.15,5.71,4.67,5.13,2.03,51.9,58.6,72.6,72.6,68.4,64.3
157,1995,3.42,6.26,2.76,2.31,3.04,1.33,48.9,59.5,72.3,75.5,78.7,63.0
157,1996,4.31,6.01,5.35,5.29,1.26,2.9,46.9,59.3,70.4,70.6,71.9,63.2
157,1997,1.53,4.69,5.49,2.41,2.38,1.41,46.1,55.8,69.6,73.6,69.2,64.9
157,1998,3.93,5.07,9.73,4.47,3.04,1.14,52.3,66.5,71.0,72.9,73.3,69.4
157,1999,5.85,3.22,3.69,2.85,2.49,2.38,53.1,63.7,71.8,77.5,70.2,65.4
157,2000,1.41,5.78,6.52,4.3,2.26,3.33,49.9,64.0,69.8,71.2,72.2,64.6
157,2001,2.59,3.39,2.87,5.5,4.35,2.2,56.0,64.2,69.1,73.1,73.1,62.8
157,2002,5.63,5.46,4.12,3.84,5.63,2.09,52.2,58.0,72.9,76.3,73.0,67.6
157,2003,2.73,6.06,3.11,9.11,4.44,7.81,53.0,59.9,67.6,72.3,73.1,62.8
157,2004,1.5,5.8,8.91,4.56,3.82,0.44,53.4,65.5,68.4,71.2,67.6,67.1
157,2005,2.52,2.37,2.75,6.64,2.84,4.92,53.9,59.6,73.5,73.9,74.0,69.1
157,2006,3.94,4.94,3.09,4.87,4.64,2.71,54.6,59.9,69.7,75.4,72.4,62.3
157,2007,3.61,2.39,3.61,2.58,4.32,1.84,48.6,66.7,71.5,71.0,76.0,68.4
157,2008,2.88,5.56,5.75,5.37,2.61,3.18,51.0,57.4,71.9,72.8,70.0,66.6
157,2009,6.22,6.12,5.54,2.89,3.31,0.47,50.4,61.7,71.6,68.8,70.0,65.0
157,2010,2.57,5.1,9.72,4.43,2.47,2.11,56.9,64.0,74.0,75.8,75.2,66.3
157,2011,8.46,5.57,5.79,3.05,3.61,4.48,51.6,62.5,72.3,78.5,72.5,63.3
157,2012,1.92,2.9,1.45,1.03,5.88,4.78,52.6,67.8,71.9,79.7,71.6,63.3
157,2013,8.91,3.21,4.39,3.47,1.89,3.61,49.7,64.4,70.5,71.4,70.7,66.5
157,2014,4.04,4.2,4.98,3.96,5.77,4.43,51.0,62.3,72.3,67.9,71.3,62.5
157,2015,3.66,4.31,9.21,7.41,1.51,3.11,51.3,64.5,70.2,71.6,70.0,68.4
157,2016,3.32,2.36,5.56,5.18,5.77,3.68,50.5,60.4,72.2,73.0,74.6,69.1
157,2017,4.79,7.55,5.79,8.3,3.22,1.66,55.4,59.4,71.0,73.4,68.6,66.6
157,2018,2.78,3.44,6.37,2.96,5.66,3.88,43.4,69.6,73.0,72.8,73.2,68.9
157,2019,5.59,5.6,4.25,3.02,3.05,2.57,50.5,61.5,69.6,75.9,71.4,69.4
157,2020,3.16,3.38,3.44,4.04,2.93,2.07,47.7,59.2,72.1,75.3,71.0,64.4
157,2021,2.74,4.93,4.39,4.7,3.14,3.5,51.6,59.7,72.8,73.1,74.7,68.4
157,2022,2.29,4.52,1.45,3.0,5.05,1.26,48.6,64.5,72.1,74.5,72.4,65.1
157,2023,2.04,1.73,1.61,6.11,3.76,0.91,51.8,62.5,69.6,73.6,71.4,66.6
157,2024,6.75,3.1,2.65,5.51,3.04,1.72,52.9,66.2,72.4,71.9,71.9,67.5
157,2025,4.31,3.06,6.03,5.5,2.06,2.41,51.5,61.3,73.8,77.6,71.2,67.3
157,2026,6.66,2.69,8.19,2.84,6.59,,57.8,60.5,70.5,75.4,71.9,
159,1895,1.65,1.33,2.23,1.39,2.19,2.72,52.1,62.8,72.8,71.7,72.9,68.4
159,1896,2.31,4.2,4.05,12.39,5.72,5.31,56.0,67.7,68.7,72.9,71.2,61.3
159,1897,4.14,4.01,3.57,2.1,2.27,0.29,47.9,56.7,68.7,76.1,69.4,67.3
159,1898,2.27,5.54,3.03,3.04,3.58,2.85,47.5,60.9,71.7,75.3,72.1,67.9
159,1899,1.14,3.16,2.08,3.39,2.9,2.18,53.4,62.8,72.8,74.0,74.2,63.7
159,1900,1.71,4.04,4.78,4.24,3.57,2.01,50.9,64.2,69.9,74.0,76.6,67.9
159,1901,2.46,4.09,4.48,0.44,3.21,1.11,47.0,58.8,72.3,80.1,73.2,64.4
159,1902,1.98,2.91,9.05,4.55,1.14,5.49,48.5,64.3,67.6,74.1,68.8,62.2
159,1903,4.28,4.2,3.72,2.02,4.16,1.37,50.2,64.2,64.6,73.6,70.3,64.7
159,1904,3.77,3.86,4.07,3.41,2.56,2.96,44.2,59.9,67.7,71.1,68.1,64.3
159,1905,3.77,5.03,3.66,2.49,6.36,3.86,48.8,61.2,70.0,72.3,72.2,65.0
159,1906,2.43,2.69,2.66,2.71,5.19,3.08,51.9,62.2,68.6,71.6,74.3,67.9
159,1907,2.19,3.04,4.86,5.2,4.11,2.34,41.0,54.2,65.9,72.6,69.0,62.8
159,1908,3.35,4.91,1.45,2.8,1.25,0.82,49.8,61.8,68.7,73.7,72.4,68.2
159,1909,5.48,4.56,5.46,5.23,5.23,3.17,47.6,58.4,70.8,70.9,72.6,61.8
159,1910,3.31,3.02,1.73,2.99,2.18,4.99,50.9,56.1,67.4,74.2,70.4,64.4
159,1911,4.39,2.17,3.03,1.82,3.37,4.58,47.6,66.3,72.0,73.6,71.1,67.0
159,1912,4.2,4.05,1.9,4.14,4.87,3.41,50.9,62.9,67.0,73.2,69.5,66.1
159,1913,2.68,3.69,2.34,4.16,3.43,1.64,49.2,60.7,70.8,74.9,73.2,63.9
159,1914,2.91,3.03,1.6,1.13,4.94,2.08,50.4,62.9,73.0,76.4,73.1,64.6
159,1915,1.17,4.9,3.37,6.33,6.49,3.57,55.2,57.6,66.8,70.9,65.5,65.5
159,1916,1.18,4.3,6.16,2.42,2.87,1.78,48.4,61.0,65.2,78.3,74.4,63.9
159,1917,4.34,5.37,5.04,3.03,1.74,1.67,47.6,53.7,66.6,72.3,70.1,62.7
159,1918,4.93,4.28,2.94,2.87,3.94,5.53,47.5,66.1,70.1,71.0,76.2,57.2
159,1919,2.99,4.73,3.1,3.83,2.3,3.38,49.3,57.6,74.2,76.5,70.6,67.2
159,1920,7.08,3.26,5.0,5.23,1.45,2.97,44.2,58.6,69.8,71.5,69.4,66.6
159,1921,4.1,2.07,3.66,1.88,5.46,6.88,53.5,63.8,74.8,79.6,70.8,69.5
159,1922,7.08,2.7,0.71,3.27,1.67,1.63,51.3,64.7,71.5,72.6,72.1,68.7
159,1923,1.95,6.53,2.81,4.26,4.61,3.79,48.2,57.8,71.1,72.8,70.5,64.6
159,1924,3.67,4.33,7.83,1.2,4.29,4.62,50.1,53.8,68.1,70.3,71.1,59.2
159,1925,2.39,1.23,4.25,6.09,2.69,6.61,54.3,56.8,72.8,72.5,71.8,70.8
159,1926,3.97,3.21,2.46,2.49,7.74,12.16,43.1,61.7,65.6,74.0,73.7,64.7
159,1927,5.76,7.41,3.71,3.74,2.61,3.7,49.1,59.3,65.2,72.7,65.1,69.0
159,1928,2.16,3.24,8.05,3.93,3.9,1.28,45.4,59.3,63.9,73.1,72.5,60.7
159,1929,4.61,7.67,4.09,6.01,1.79,1.56,52.4,57.2,67.1,73.5,69.4,64.0
159,1930,3.21,2.07,3.41,2.93,2.06,3.87,51.2,61.7,69.5,74.9,71.7,65.8
159,1931,2.7,2.4,3.3,2.09,4.84,4.25,49.6,57.4,72.6,77.1,72.1,69.6
159,1932,3.63,1.08,4.51,2.54,2.19,5.93,49.6,61.0,71.2,75.2,72.3,63.5
159,1933,3.49,9.46,1.34,1.73,3.17,6.13,49.1,63.1,76.2,76.0,70.6,69.9
159,1934,1.74,0.59,2.63,3.18,4.71,5.2,49.6,65.0,76.6,79.0,71.6,65.2
159,1935,2.22,6.14,4.65,3.4,2.38,3.11,46.4,55.1,66.8,76.4,73.5,64.7
159,1936,2.43,2.94,1.47,0.55,4.75,5.57,45.1,63.7,70.1,80.0,77.2,68.2
159,1937,5.62,3.51,4.24,3.75,3.33,3.35,48.4,60.7,68.7,73.1,74.1,62.4
159,1938,3.29,5.08,6.06,3.38,2.54,2.46,51.6,60.7,68.7,74.4,74.6,66.3
159,1939,5.35,1.87,4.86,4.4,1.62,0.67,45.8,63.5,72.3,73.2,71.3,70.4
159,1940,4.34,3.45,2.61,1.32,2.27,0.93,46.2,56.9,71.3,74.8,73.9,63.1
159,1941,2.14,2.08,5.56,2.2,1.8,1.17,54.8,63.8,70.2,74.6,72.4,68.7
159,1942,2.84,4.33,4.42,4.54,3.72,3.17,54.2,61.8,70.6,74.9,70.8,63.0
159,1943,2.83,11.85,3.66,4.93,2.82,3.4,46.7,60.5,74.3,74.4,72.8,61.1
159,1944,6.3,4.3,1.48,0.99,2.89,2.19,47.9,66.6,74.5,75.0,73.7,65.4
159,1945,3.27,5.01,6.08,3.03,3.32,7.16,51.5,55.2,67.4,71.6,71.2,66.0
159,1946,1.58,6.59,3.84,2.3,2.42,0.82,51.1,57.6,69.2,73.2,67.4,65.0
159,1947,5.99,4.56,4.69,2.7,3.95,3.63,49.0,57.0,67.0,69.9,77.9,65.6
159,1948,5.04,4.26,4.87,4.46,2.16,2.8,53.6,58.9,70.2,74.2,72.1,66.2
159,1949,2.29,2.31,3.85,5.44,2.73,1.54,48.4,62.2,72.9,77.1,72.0,58.8
159,1950,4.11,2.37,4.26,3.71,2.41,6.6,44.1,62.3,68.1,70.9,69.6,63.3
159,1951,3.18,3.75,3.25,4.49,1.28,2.39,46.9,62.6,68.7,72.6,69.8,62.3
159,1952,4.09,6.26,4.12,2.63,3.86,5.34,50.1,59.3,74.9,76.0,70.1,63.7
159,1953,2.92,4.37,3.03,4.94,3.42,1.6,45.8,63.0,74.2,74.7,72.2,65.4
159,1954,3.15,2.72,3.14,3.15,3.39,0.66,55.5,56.0,73.9,75.5,72.0,68.1
159,1955,3.81,3.48,2.67,5.67,2.39,4.94,56.4,62.6,66.5,78.2,74.9,66.7
159,1956,2.7,7.28,3.25,4.62,2.91,0.94,47.5,60.8,71.0,72.0,71.7,63.2
159,1957,7.66,5.09,6.85,5.91,4.15,3.3,51.2,60.6,70.3,73.8,71.6,63.3
159,1958,1.67,2.76,11.02,6.59,3.36,2.9,50.8,59.1,65.4,72.3,70.5,63.9
159,1959,4.61,4.69,1.83,2.95,2.32,3.19,50.7,64.8,70.9,73.4,76.4,67.3
159,1960,2.09,3.77,3.95,4.86,4.08,1.03,53.3,57.7,67.2,70.3,72.4,68.6
159,1961,5.27,2.78,3.84,4.36,2.67,3.85,44.3,55.4,67.3,72.1,70.7,68.7
159,1962,1.22,4.34,2.72,6.1,2.7,1.41,48.5,66.7,70.3,71.0,70.8,61.2
159,1963,3.79,2.94,2.3,4.87,2.15,0.26,50.8,57.8,70.1,71.5,67.1,63.1
159,1964,8.5,1.77,3.84,5.13,1.49,0.94,51.3,64.1,71.0,73.3,69.6,64.4
159,1965,5.61,3.16,2.74,3.32,3.37,6.22,49.8,67.0,69.6,70.5,68.9,65.9
159,1966,3.03,2.92,2.61,2.24,1.64,4.89,47.0,54.6,70.2,76.0,70.0,61.6
159,1967,3.57,3.86,1.68,1.55,1.1,1.16,51.6,55.6,71.5,70.5,67.9,61.4
159,1968,2.67,6.01,3.34,1.97,3.54,2.1,51.3,56.4,70.5,73.0,72.8,64.0
159,1969,3.88,2.37,3.98,5.92,3.09,5.81,50.9,60.3,66.6,74.1,70.5,63.3
159,1970,5.5,4.14,1.93,6.61,3.16,4.01,51.0,63.2,68.9,72.4,71.1,66.7
159,1971,1.42,4.54,3.24,4.65,2.21,6.0,48.3,56.4,73.7,70.2,68.3,67.3
159,1972,6.95,2.89,3.91,4.45,2.25,7.93,48.2,62.9,65.4,72.2,70.5,65.7
159,1973,3.67,2.76,6.12,4.39,6.29,2.13,49.5,57.3,71.8,73.8,72.2,66.8
159,1974,3.79,5.69,4.86,1.01,4.75,2.48,51.3,58.7,66.3,74.6,71.0,60.0
159,1975,3.75,4.12,5.43,2.23,6.12,1.54,45.0,64.2,70.5,72.1,74.0,60.5
159,1976,1.41,2.2,5.94,4.73,1.51,1.82,52.3,58.4,71.0,72.7,68.7,61.5
159,1977,2.65,2.84,1.66,2.55,7.49,2.87,54.4,67.9,68.3,76.6,70.8,66.8
159,1978,4.24,3.51,3.65,5.1,5.22,0.47,49.7,58.1,70.1,72.7,70.8,68.0
159,1979,3.1,2.39,3.06,8.13,4.47,0.51,46.8,58.6,70.0,71.4,70.4,63.8
159,1980,2.4,2.82,8.32,3.32,6.9,3.13,47.3,61.8,67.4,76.3,75.1,66.2
159,1981,4.82,6.43,3.32,5.55,4.74,3.53,53.8,57.3,71.6,73.6,70.8,63.3
159,1982,2.93,4.14,4.45,3.0,4.01,0.79,44.6,66.3,65.5,73.6,69.2,63.4
159,1983,4.3,4.9,3.29,1.87,1.78,1.39,46.3,56.6,70.8,77.2,76.2,65.7
159,1984,3.81,3.91,2.03,3.21,2.93,3.98,47.4,56.6,72.9,70.0,71.9,62.2
159,1985,2.27,3.77,2.86,2.49,5.87,2.01,56.0,63.0,67.6,72.0,69.6,66.2
159,1986,2.72,6.38,3.89,5.27,2.12,4.54,52.8,61.7,71.0,76.0,68.3,67.6
159,1987,1.93,2.71,3.6,4.26,4.73,1.01,50.6,66.0,72.6,75.1,72.0,66.2
159,1988,3.84,0.76,0.48,4.19,1.8,2.9,48.7,62.4,71.4,76.2,75.8,64.8
159,1989,4.66,6.09,2.76,5.86,4.76,7.57,48.9,57.0,70.0,74.4,70.4,61.9
159,1990,2.58,6.02,5.81,3.57,5.56,2.08,49.1,57.2,69.3,72.0,69.5,64.9
159,1991,3.89,6.34,1.67,2.01,2.35,2.04,53.8,67.4,73.3,74.7,72.7,64.8
159,1992,4.67,2.24,4.49,11.14,2.48,5.64,49.0,59.0,65.6,71.2,66.7,62.7
159,1993,4.89,3.64,4.68,7.06,3.5,5.29,48.4,61.8,68.3,74.9,72.8,60.1
159,1994,5.29,3.27,3.52,3.46,5.02,1.58,51.2,57.4,72.0,72.4,67.8,63.5
159,1995,3.66,5.14,4.48,2.22,2.11,0.95,48.4,58.4,71.1,74.3,77.8,62.3
159,1996,5.1,6.18,3.37,5.4,0.96,4.72,47.0,58.5,70.4,70.2,71.6,63.0
159,1997,1.18,4.74,4.57,3.21,2.91,2.49,45.6,55.0,68.6,72.4,68.1,63.8
159,1998,4.46,4.09,10.41,6.33,5.22,0.89,52.4,65.8,70.3,72.3,72.9,68.4
159,1999,4.5,3.0,3.5,2.22,2.27,1.4,52.9,63.2,71.4,77.4,69.8,64.7
159,2000,1.72,5.39,5.31,2.92,3.17,4.7,49.9,63.4,69.2,70.7,71.0,63.1
159,2001,3.53,3.96,3.76,5.25,3.8,3.51,55.4,63.2,68.6,72.6,72.8,62.3
159,2002,5.04,5.39,2.94,2.48,4.0,3.17,52.3,57.3,72.6,76.3,74.0,67.7
159,2003,2.0,7.6,2.66,12.04,3.38,8.39,52.0,59.6,67.1,72.1,73.4,62.7
159,2004,1.4,4.86,6.23,4.35,4.84,1.66,53.0,65.8,68.9,71.0,67.9,67.0
159,2005,3.96,1.81,3.58,4.97,3.24,5.19,53.3,58.5,73.1,74.0,73.6,68.2
159,2006,4.3,4.99,5.57,3.81,5.0,4.1,54.5,58.9,68.9,74.8,72.5,62.1
159,2007,3.53,1.53,3.65,2.15,5.0,2.33,48.4,65.7,71.0,70.4,75.3,67.7
159,2008,2.69,5.51,6.7,4.39,2.78,1.97,51.5,56.7,71.3,72.2,70.0,66.6
159,2009,6.76,5.49,4.9,2.31,3.39,1.15,50.6,60.8,71.1,68.3,69.9,64.4
159,2010,2.33,4.8,11.7,3.84,3.36,0.91,56.6,63.3,72.9,75.0,74.2,66.4
159,2011,7.88,5.47,6.42,1.65,4.06,5.09,51.4,61.8,71.7,77.9,71.8,62.3
159,2012,1.6,2.45,1.6,2.89,4.38,5.84,51.7,66.6,70.8,78.9,70.5,63.3
159,2013,9.98,3.64,6.47,1.97,1.65,3.54,49.8,64.4,70.4,71.3,70.6,66.0
159,2014,4.77,4.56,5.15,2.56,5.85,3.9,51.1,61.5,72.0,67.7,71.3,62.9
159,2015,4.66,5.74,10.91,4.52,2.89,1.81,51.5,64.3,69.8,71.6,69.9,68.5
159,2016,3.58,3.67,5.24,3.61,4.76,3.77,51.0,59.7,71.7,73.1,75.0,69.1
159,2017,5.4,8.59,5.76,7.47,1.87,1.79,55.8,59.4,70.7,73.2,69.0,66.2
159,2018,3.35,1.83,6.54,3.36,7.91,5.63,43.8,69.0,72.9,73.0,73.2,68.7
159,2019,5.86,5.76,3.97,2.61,3.03,1.61,50.5,60.9,69.3,76.3,71.1,69.3
159,2020,2.3,4.98,4.08,5.03,2.44,1.35,48.0,58.6,70.9,75.4,70.9,64.6
159,2021,3.19,4.05,3.8,6.38,3.79,3.96,51.2,58.3,71.8,72.4,73.8,67.1
159,2022,2.5,5.7,1.75,3.71,3.72,2.47,48.1,63.8,71.6,74.0,72.0,64.9
159,2023,2.24,1.93,2.24,3.41,3.61,1.13,52.2,60.4,68.1,73.1,70.6,65.6
159,2024,7.51,4.81,3.36,4.83,3.94,2.33,53.3,66.4,71.9,71.5,72.0,67.0
159,2025,4.94,3.98,7.71,5.28,1.22,1.49,51.4,60.2,72.6,76.9,70.1,66.4
159,2026,4.86,4.37,5.67,4.4,11.74,,56.9,58.8,69.7,74.4,71.7,
161,1895,1.65,1.85,4.04,1.14,1.65,2.01,52.5,61.6,72.9,73.0,74.3,69.3
161,1896,1.44,3.44,4.08,6.53,8.48,5.56,58.2,68.9,70.1,74.2,71.9,62.0
161,1897,5.03,3.67,3.85,3.96,1.8,0.96,49.5,56.7,68.8,76.1,69.4,66.7
161,1898,1.8,3.33,2.7,3.21,3.75,4.74,48.2,61.8,71.9,75.4,73.2,69.1
161,1899,1.57,2.45,1.88,3.45,3.85,1.44,53.6,63.3,72.4,74.3,75.0,65.2
161,1900,1.82,5.77,4.89,6.09,3.15,1.93,49.9,63.3,69.9,73.8,76.8,70.0
161,1901,2.71,2.61,3.92,1.94,3.96,1.57,47.1,60.0,71.9,79.5,73.8,65.5
161,1902,2.16,3.67,8.74,2.24,1.84,4.75,49.2,65.0,68.8,74.8,70.4,63.9
161,1903,3.45,4.5,3.96,4.41,2.69,1.08,50.5,64.4,65.1,73.8,71.4,65.8
161,1904,3.1,3.68,3.25,2.33,1.39,2.77,45.2,60.8,68.5,71.6,70.2,66.4
161,1905,4.19,7.36,3.06,3.15,5.7,3.49,50.2,62.4,70.6,73.4,73.0,66.2
161,1906,2.02,1.93,2.88,3.48,4.89,2.86,52.6,62.1,69.7,73.0,75.1,68.9
161,1907,2.7,2.64,5.88,5.84,3.17,2.91,41.5,55.6,66.4,73.7,70.1,65.2
161,1908,3.8,5.26,2.52,3.86,1.79,0.75,51.7,62.6,69.1,73.9,72.2,68.5
161,1909,4.55,5.76,4.91,5.21,3.66,1.55,49.1,58.8,71.5,70.9,72.8,63.0
161,1910,3.22,4.81,1.64,4.28,0.84,5.66,51.4,56.0,66.1,73.5,70.7,66.6
161,1911,4.83,2.05,4.21,1.04,3.67,4.02,47.8,66.2,71.2,73.6,72.7,69.0
161,1912,5.1,2.88,1.88,3.52,4.84,2.74,52.7,63.2,66.8,74.0,70.4,66.7
161,1913,4.54,3.29,3.81,4.56,3.03,2.45,50.0,61.0,70.9,75.6,73.9,64.4
161,1914,3.77,1.75,2.94,2.53,5.17,1.76,50.2,62.5,72.6,75.7,72.4,64.6
161,1915,2.07,4.8,3.51,4.99,7.16,4.41,54.8,58.0,67.8,71.9,66.6,66.4
161,1916,3.24,3.88,5.88,1.49,4.3,2.4,49.3,62.8,65.3,78.0,74.0,63.4
161,1917,3.84,4.78,5.07,2.7,3.27,1.94,47.9,54.7,67.4,72.8,70.7,62.3
161,1918,4.91,4.27,4.27,3.76,5.66,3.99,47.4,66.3,69.3,71.0,76.3,57.4
161,1919,3.64,3.92,2.37,3.82,2.82,1.65,50.0,58.0,74.4,76.1,70.6,67.4
161,1920,6.93,3.0,2.7,4.21,4.59,2.45,45.8,59.4,69.5,71.5,70.2,66.6
161,1921,5.02,1.94,3.09,2.33,4.14,4.87,53.7,62.9,74.9,79.1,71.0,69.8
161,1922,7.49,3.82,1.93,4.09,4.04,3.32,53.3,65.2,72.2,73.1,71.1,68.2
161,1923,2.12,4.03,3.26,1.9,4.89,3.13,48.3,59.4,70.8,74.1,71.4,65.4
161,1924,1.97,4.25,8.22,2.46,2.16,3.49,50.9,54.4,69.2,70.4,71.4,60.5
161,1925,2.27,1.94,2.62,5.69,3.09,5.3,55.3,56.8,73.2,72.6,71.4,71.4
161,1926,3.35,4.04,2.26,3.95,9.23,10.37,44.4,61.6,66.0,73.5,73.6,67.1
161,1927,5.79,4.18,4.21,2.52,2.94,3.99,51.0,61.0,65.3,72.6,65.2,68.0
161,1928,3.65,2.13,7.67,2.6,2.81,1.07,46.7,59.0,64.7,73.2,73.2,60.7
161,1929,4.49,7.57,6.48,5.56,2.6,3.09,53.7,58.8,67.1,72.6,68.0,64.3
161,1930,1.68,1.65,2.11,1.85,2.19,4.59,52.3,62.0,68.8,75.2,71.7,66.4
161,1931,3.74,2.48,4.55,3.77,4.96,3.66,50.1,57.7,72.1,77.2,71.8,69.5
161,1932,2.05,0.45,6.94,4.08,1.95,6.46,49.5,60.9,71.5,74.4,71.5,64.5
161,1933,3.91,9.13,1.05,2.33,2.92,5.29,50.0,64.2,75.2,74.5,71.0,70.2
161,1934,1.07,1.06,3.1,2.07,3.08,3.67,49.8,64.0,75.8,79.5,72.2,66.0
161,1935,1.94,6.26,3.61,4.48,2.55,3.25,47.3,56.7,66.8,76.3,73.2,63.7
161,1936,3.77,2.0,0.77,1.68,3.73,6.23,45.8,63.2,70.1,79.1,76.9,68.4
161,1937,3.79,3.55,3.92,3.6,4.48,4.25,49.4,60.1,69.3,72.3,73.7,61.4
161,1938,2.62,6.53,5.11,5.11,1.52,4.21,52.7,61.0,68.3,73.5,73.6,66.0
161,1939,5.5,1.24,8.4,4.69,2.12,0.88,47.0,63.1,72.4,72.8,71.0,69.4
161,1940,6.19,4.44,3.36,1.25,2.24,1.2,46.9,57.8,70.5,73.7,73.2,62.2
161,1941,2.08,1.79,6.45,2.4,3.35,1.78,55.3,63.2,70.8,74.7,72.0,68.0
161,1942,2.2,4.08,5.34,3.27,5.1,2.66,53.7,62.2,71.1,74.8,70.7,63.5
161,1943,2.43,5.59,2.81,4.07,2.21,2.43,47.2,62.1,74.9,74.9,73.0,61.7
161,1944,5.13,3.21,1.63,1.93,4.2,1.93,49.8,67.1,73.9,75.1,73.4,64.7
161,1945,4.22,3.53,6.57,2.59,1.94,6.7,52.0,56.6,68.5,71.5,70.4,67.7
161,1946,1.55,5.35,3.22,3.33,2.83,0.48,51.5,59.1,70.2,72.9,66.7,64.4
161,1947,7.3,6.53,5.87,4.56,5.14,3.44,50.3,58.3,68.2,68.9,77.0,65.4
161,1948,4.68,3.69,3.2,4.58,2.14,2.42,54.2,59.9,70.4,74.1,71.0,66.2
161,1949,1.92,2.39,6.41,4.56,2.56,3.74,48.4,62.0,72.6,77.6,72.1,59.0
161,1950,4.44,3.34,5.68,3.0,3.9,6.25,45.0,62.5,67.6,70.8,67.8,62.6
161,1951,3.31,2.95,4.99,2.13,1.38,2.51,47.8,62.8,69.9,73.0,71.4,62.9
161,1952,3.6,3.61,3.93,1.76,3.0,3.56,50.5,60.3,74.9,76.9,71.0,64.1
161,1953,2.84,4.24,2.61,4.29,1.54,0.89,46.7,63.9,73.5,74.4,72.7,65.3
161,1954,3.59,2.44,3.27,4.7,5.17,1.25,55.8,56.2,73.1,74.9,72.2,67.8
161,1955,2.87,3.52,3.25,4.78,1.76,6.41,55.8,62.8,66.1,77.9,75.1,67.2
161,1956,4.35,6.02,3.88,3.62,2.17,1.65,47.4,61.6,70.6,72.9,72.0,62.6
161,1957,6.49,6.54,6.66,2.87,2.28,3.01,52.7,61.4,71.3,74.3,72.2,65.0
161,1958,4.26,6.26,8.49,8.94,4.68,3.5,50.6,59.6,66.6,73.1,71.0,64.8
161,1959,3.52,4.13,2.51,2.98,2.13,2.39,51.4,65.4,70.3,73.8,76.0,67.9
161,1960,1.36,4.89,4.9,3.52,3.45,1.08,53.8,58.9,68.4,71.3,73.5,69.0
161,1961,5.11,4.86,4.32,4.66,3.26,3.15,44.7,56.5,67.5,73.1,71.2,68.8
161,1962,0.93,5.83,1.65,7.14,3.12,1.92,48.4,67.7,70.6,72.3,71.0,61.6
161,1963,4.35,2.95,0.92,4.16,3.35,0.19,52.0,58.9,70.5,72.9,68.4,63.8
161,1964,8.08,0.9,3.38,3.77,2.1,1.15,53.2,64.7,72.0,74.3,70.9,65.3
161,1965,6.48,1.44,1.85,3.7,3.75,5.47,51.0,67.5,71.0,71.6,70.3,66.8
161,1966,3.97,3.39,2.1,3.35,4.09,4.41,48.5,56.4,69.8,75.8,70.2,62.5
161,1967,3.75,7.61,3.84,3.69,1.1,1.81,52.7,56.8,71.0,70.6,68.0,61.4
161,1968,2.75,10.75,3.98,6.47,3.75,3.22,51.7,57.6,70.4,73.1,72.7,64.4
161,1969,3.09,3.65,4.9,5.98,3.86,2.9,52.0,61.7,68.5,75.3,70.8,63.4
161,1970,7.21,1.51,4.21,3.91,3.46,3.12,53.1,64.0,69.5,72.5,71.2,68.6
161,1971,1.3,4.91,3.49,4.35,1.43,3.93,48.9,57.0,73.2,71.2,69.4,68.0
161,1972,6.38,4.41,2.78,2.03,2.02,4.46,50.0,62.4,65.1,73.5,71.1,66.9
161,1973,3.83,3.94,6.7,6.94,4.17,0.93,49.6,57.4,71.6,74.1,72.5,68.2
161,1974,3.39,4.94,5.26,1.36,5.95,4.35,52.5,60.1,66.6,73.9,72.0,60.1
161,1975,4.15,1.97,2.47,2.52,4.63,3.5,46.5,65.0,70.9,73.4,75.4,61.0
161,1976,1.43,2.08,5.73,2.89,5.35,1.95,52.0,58.5,70.3,72.4,68.9,61.7
161,1977,3.83,2.57,3.87,2.38,6.1,2.32,54.8,67.6,68.4,76.3,71.8,67.6
161,1978,3.6,3.88,4.81,5.19,7.4,0.78,50.9,58.8,70.0,72.9,71.5,68.0
161,1979,3.99,2.87,4.05,9.45,5.95,3.9,48.5,59.2,69.4,71.2,71.0,64.4
161,1980,2.57,5.63,5.26,5.54,9.33,1.72,48.3,61.8,67.6,75.8,75.9,67.0
161,1981,5.64,5.88,2.51,4.65,3.17,2.12,55.0,57.8,71.1,73.7,70.7,62.6
161,1982,2.05,6.11,4.51,3.77,3.68,2.01,46.2,66.5,65.6,74.0,69.0,63.5
161,1983,3.84,8.34,2.87,2.49,2.44,1.33,47.2,57.4,70.2,76.8,76.6,66.1
161,1984,5.41,3.84,1.61,3.92,3.69,5.08,49.2,57.9,73.4,70.4,72.7,63.4
161,1985,2.22,5.78,3.36,4.37,4.6,0.66,55.6,62.4,67.6,72.8,70.6,65.2
161,1986,2.46,4.26,3.57,5.01,2.24,4.62,53.6,62.8,70.9,75.4,69.5,68.1
161,1987,2.95,3.23,3.04,4.85,2.26,0.9,51.2,66.2,72.2,74.9,72.7,66.0
161,1988,2.91,1.51,0.72,4.55,2.32,3.0,50.4,62.4,70.0,76.3,75.4,64.2
161,1989,6.01,7.59,3.01,3.54,3.66,4.82,49.9,57.9,70.2,75.2,71.4,63.3
161,1990,2.89,8.04,3.36,5.95,5.88,3.4,49.8,58.5,69.4,72.9,70.7,65.6
161,1991,4.35,4.21,1.39,2.97,2.81,2.78,54.3,68.4,73.6,75.5,72.7,65.3
161,1992,3.69,3.41,4.2,9.05,2.88,2.29,50.9,59.3,65.9,72.7,67.8,63.3
161,1993,5.22,2.96,6.57,2.92,2.57,5.14,49.6,61.6,68.8,75.9,73.5,62.1
161,1994,5.34,2.79,4.54,3.05,3.12,1.78,52.6,57.7,73.1,73.5,69.6,63.5
161,1995,3.94,8.64,4.17,3.22,5.16,1.18,50.8,60.1,71.4,74.5,77.5,62.5
161,1996,8.79,9.72,4.94,4.78,0.54,5.05,48.9,60.0,70.5,71.5,72.3,63.7
161,1997,1.64,6.17,5.77,2.51,3.46,1.32,46.8,55.8,68.6,73.4,69.6,63.6
161,1998,6.91,4.58,9.07,6.1,2.14,0.53,52.2,65.6,70.2,72.8,73.6,69.0
161,1999,3.7,2.16,4.48,3.08,1.86,1.09,53.8,62.9,71.6,76.9,70.7,64.8
161,2000,4.07,4.44,4.87,4.68,4.04,5.22,51.0,63.9,70.6,71.1,70.1,63.4
161,2001,3.26,6.08,4.16,6.96,3.44,5.22,56.0,63.3,68.8,73.1,73.7,63.1
161,2002,7.25,7.06,4.09,1.33,2.13,4.78,53.4,58.4,72.5,76.5,75.8,69.4
161,2003,1.81,6.42,5.73,9.34,3.61,5.72,53.0,61.4,66.2,72.4,73.4,63.2
161,2004,3.06,6.38,4.4,4.32,3.34,0.41,52.5,66.1,69.8,72.1,68.8,67.3
161,2005,3.66,2.97,4.4,4.15,5.59,3.68,53.5,57.8,72.6,74.7,74.8,68.6
161,2006,4.44,5.59,4.8,6.85,3.95,4.34,55.3,59.6,68.4,74.8,73.8,62.2
161,2007,3.72,1.44,3.23,2.53,2.05,3.37,50.0,65.9,71.6,71.2,77.3,68.9
161,2008,2.73,5.47,7.12,4.36,1.36,1.66,52.8,57.9,71.0,72.2,71.4,67.7
161,2009,4.44,4.21,5.33,4.47,3.83,3.1,51.8,61.7,71.2,68.6,70.6,65.6
161,2010,2.53,5.25,8.65,2.91,1.89,0.73,56.7,64.3,73.5,75.8,74.8,67.1
161,2011,11.66,6.38,3.41,1.19,2.6,6.28,53.7,61.4,71.4,79.1,73.5,63.4
161,2012,2.69,3.28,1.05,2.51,2.93,5.87,52.4,67.2,71.0,79.6,71.9,63.3
161,2013,4.37,3.32,5.17,3.57,1.54,3.46,51.2,64.2,70.6,72.3,71.0,66.3
161,2014,5.85,4.01,7.15,3.21,4.39,2.31,52.9,63.0,71.9,68.9,72.3,63.8
161,2015,4.84,3.16,8.18,5.6,2.34,1.82,53.3,66.0,70.8,73.0,70.0,68.8
161,2016,4.04,3.06,4.34,4.32,6.29,5.19,52.4,60.3,72.6,74.4,76.0,69.6
161,2017,4.39,8.4,5.2,7.53,2.43,2.53,57.6,61.0,69.5,73.6,70.2,66.3
161,2018,5.22,3.04,5.77,4.58,4.82,6.7,46.2,69.6,72.9,73.9,73.9,70.4
161,2019,5.38,4.92,7.01,3.64,2.42,0.77,52.6,63.1,69.1,75.7,72.1,70.7
161,2020,2.35,5.33,3.53,4.49,3.43,0.76,49.3,59.0,71.1,75.9,71.9,65.3
161,2021,2.79,4.59,8.79,5.29,2.26,4.52,51.5,58.7,71.3,73.1,74.7,67.0
161,2022,3.3,7.34,3.92,3.57,2.57,3.0,49.0,64.2,70.6,74.6,72.2,65.4
161,2023,3.14,2.94,2.48,6.31,3.24,1.62,52.1,60.3,67.6,73.3,70.8,66.1
161,2024,6.92,4.17,2.93,6.71,2.63,4.3,55.3,66.3,71.4,72.6,72.5,67.7
161,2025,7.79,5.02,7.84,4.0,2.35,2.07,52.8,60.3,73.1,77.2,71.1,67.4
161,2026,3.77,8.73,5.22,2.88,9.45,,59.2,59.3,69.9,74.6,72.6,
163,1895,2.28,1.82,2.53,8.26,2.02,2.62,58.2,65.4,77.4,75.8,77.1,73.4
163,1896,1.71,6.86,5.11,4.54,2.47,4.04,63.6,71.7,73.6,78.3,78.2,67.6
163,1897,6.27,2.45,4.06,5.15,0.75,0.43,54.4,60.8,74.0,78.7,75.9,73.0
163,1898,4.04,5.01,4.14,3.07,3.67,4.14,52.5,67.1,76.8,78.4,77.5,73.0
163,1899,2.07,4.54,3.81,3.92,3.66,1.5,56.6,67.6,76.1,77.4,78.9,68.5
163,1900,1.38,4.18,9.88,3.49,1.52,3.7,55.2,67.3,73.8,79.2,82.2,72.9
163,1901,2.97,1.62,4.03,1.45,2.44,1.57,51.2,64.4,77.6,83.8,76.6,69.1
163,1902,2.23,2.35,4.18,1.88,2.0,3.42,54.1,71.9,74.8,78.6,76.0,65.9
163,1903,4.52,3.01,3.53,2.82,4.92,0.84,54.9,68.3,68.1,78.7,76.8,68.9
163,1904,3.62,3.38,3.85,3.54,2.7,5.06,50.1,64.9,72.0,75.2,74.8,70.5
163,1905,3.88,4.38,3.63,9.25,2.8,2.38,55.3,67.4,75.1,75.4,76.8,71.2
163,1906,2.06,1.11,3.44,3.98,4.24,6.84,58.6,66.9,74.6,76.6,78.7,73.4
163,1907,3.14,4.58,4.13,4.31,6.44,1.99,47.0,60.8,71.3,79.5,75.9,68.3
163,1908,6.13,5.25,1.68,2.58,1.66,1.28,56.1,66.3,74.1,78.1,77.4,72.5
163,1909,5.56,3.65,4.05,7.13,1.29,2.77,54.8,63.4,75.2,75.8,79.1,67.4
163,1910,4.4,2.84,3.8,8.88,1.9,6.11,54.8,60.7,71.8,77.1,74.5,70.9
163,1911,6.85,2.21,3.59,1.02,4.18,4.21,53.8,69.7,77.0,77.4,76.5,73.9
163,1912,5.89,3.53,4.46,6.06,4.93,4.52,58.1,67.2,69.8,78.1,74.9,70.7
163,1913,3.37,1.29,2.04,2.11,2.41,3.73,54.9,66.4,77.0,80.8,80.4,69.5
163,1914,3.07,0.55,2.64,1.44,3.78,4.94,55.6,67.2,79.8,81.0,77.7,67.9
163,1915,0.57,7.99,5.7,4.15,7.58,3.09,60.9,65.4,72.4,76.4,71.1,71.5
163,1916,2.79,2.87,7.38,2.41,4.46,2.15,53.3,67.3,70.3,81.2,78.5,68.3
163,1917,5.51,4.11,5.0,3.27,2.54,1.93,55.0,59.5,71.5,76.3,74.3,68.0
163,1918,6.3,4.56,3.32,2.49,3.35,3.99,51.6,69.9,74.5,75.3,80.5,61.7
163,1919,3.1,5.22,4.86,0.94,2.36,2.07,57.1,63.0,77.1,79.8,75.8,72.2
163,1920,3.1,5.84,3.09,3.65,3.8,4.37,52.6,64.5,73.1,76.2,74.3,71.1
163,1921,3.44,2.45,4.32,2.0,4.16,3.89,58.1,66.8,78.5,81.8,75.9,74.5
163,1922,4.77,3.08,2.38,3.7,2.56,2.51,59.0,68.3,75.9,76.2,75.9,72.3
163,1923,4.1,5.63,5.08,1.91,4.77,2.43,54.2,63.3,73.8,77.4,76.6,68.4
163,1924,2.91,4.25,4.53,3.44,1.52,3.13,56.8,58.6,73.7,73.8,76.7,65.5
163,1925,1.9,1.43,5.33,2.33,1.0,6.09,62.0,60.9,76.9,77.5,77.2,76.7
163,1926,3.05,0.47,2.08,1.61,4.75,4.04,49.9,67.5,72.0,79.3,77.7,72.4
163,1927,9.59,9.23,3.16,4.11,1.98,5.33,58.8,64.9,70.8,76.7,71.3,72.7
163,1928,5.11,4.05,9.88,1.36,3.02,0.23,52.2,64.7,69.7,79.0,78.3,65.6
163,1929,4.07,7.77,3.75,1.64,3.16,5.01,58.9,63.1,72.2,78.4,74.2,68.6
163,1930,1.02,1.08,2.88,0.47,2.21,5.03,58.4,66.8,73.7,81.4,77.4,71.0
163,1931,3.65,2.89,4.17,1.38,5.98,4.25,55.7,62.3,76.9,80.9,76.2,75.1
163,1932,3.59,0.9,1.67,2.69,4.75,8.24,56.8,66.0,76.4,80.0,77.0,69.4
163,1933,5.61,7.48,0.85,6.19,2.46,3.02,55.3,68.3,78.5,78.6,75.3,75.6
163,1934,2.12,2.05,4.6,4.37,4.29,7.72,56.9,68.3,79.1,81.8,77.3,68.1
163,1935,3.64,8.38,5.8,3.04,2.0,1.42,54.4,62.3,70.4,79.5,77.9,68.6
163,1936,4.16,1.47,1.33,1.69,1.01,2.95,51.6,69.2,76.2,84.2,83.2,74.2
163,1937,4.39,5.25,4.04,2.26,3.55,2.49,55.3,66.1,75.1,76.6,79.4,68.0
163,1938,1.8,5.54,3.84,5.63,3.19,2.67,58.5,65.8,72.6,77.6,78.5,70.8
163,1939,6.92,2.29,5.48,3.83,2.61,0.68,53.0,66.7,75.1,78.3,75.6,74.5
163,1940,6.75,3.51,1.7,2.17,2.23,1.01,54.0,62.2,74.2,77.5,77.5,67.6
163,1941,2.75,2.06,2.91,5.56,3.7,1.0,59.9,68.5,75.9,78.8,78.0,72.6
163,1942,4.01,4.5,4.0,2.07,4.08,1.46,58.5,65.7,75.4,79.2,75.7,68.3
163,1943,4.47,6.14,4.82,2.3,0.5,3.92,54.7,66.8,78.0,79.5,79.5,65.5
163,1944,5.66,3.0,1.69,1.3,2.9,2.47,55.9,69.9,78.6,78.2,77.2,69.3
163,1945,6.19,3.24,7.53,3.05,5.78,7.33,57.7,61.8,71.3,75.2,75.0,70.6
163,1946,2.12,8.42,2.57,3.19,6.6,1.25,59.2,62.9,74.6,77.0,71.6,68.0
163,1947,6.03,4.37,5.05,4.49,2.12,3.53,56.5,62.7,72.7,73.5,81.4,69.7
163,1948,4.73,3.91,2.47,5.13,1.55,3.86,59.1,63.7,75.1,77.4,75.1,69.5
163,1949,2.32,3.1,4.9,3.21,3.73,2.91,53.8,66.6,75.6,80.1,75.9,63.4
163,1950,5.96,6.1,3.76,5.48,6.57,4.06,51.2,66.8,73.2,74.2,71.9,66.7
163,1951,3.58,1.79,5.52,3.29,2.02,3.75,52.6,66.7,73.7,77.5,76.1,66.6
163,1952,3.03,3.54,2.78,1.86,3.31,2.76,54.9,65.6,80.6,80.2,76.3,67.8
163,1953,4.99,4.69,1.08,2.28,0.61,0.66,52.4,67.7,79.9,79.7,77.3,70.8
163,1954,3.85,3.64,1.55,2.16,4.68,3.02,61.4,61.2,77.7,81.3,78.4,72.7
163,1955,7.42,3.39,3.58,2.77,1.28,3.06,60.9,67.2,69.3,81.5,78.6,72.6
163,1956,3.62,4.57,2.31,3.14,2.28,2.34,53.5,66.6,74.6,77.3,76.1,67.3
163,1957,6.81,8.68,6.32,2.6,2.82,1.89,59.0,65.8,75.1,77.3,75.2,68.3
163,1958,4.34,4.17,5.09,10.14,2.22,3.33,55.5,65.4,71.4,76.8,75.5,69.0
163,1959,1.18,6.89,3.4,5.45,7.06,2.59,56.8,69.0,73.7,76.4,77.8,70.2
163,1960,2.93,4.15,6.26,1.99,3.7,1.64,58.7,62.3,73.2,75.5,76.9,72.4
163,1961,4.48,11.62,3.93,3.1,4.27,0.75,51.3,60.6,71.5,76.5,74.3,71.5
163,1962,1.28,4.88,3.3,2.1,2.6,5.09,53.9,73.2,73.7,77.1,75.7,65.6
163,1963,1.45,3.87,1.93,4.36,2.58,0.96,58.2,63.5,74.7,76.1,74.5,67.7
163,1964,4.84,2.22,2.09,3.3,1.43,3.81,59.6,68.2,75.8,77.3,75.7,68.6
163,1965,3.46,1.25,3.21,5.56,3.44,6.28,58.3,70.3,73.8,76.2,74.9,69.5
163,1966,6.75,3.76,1.63,1.77,3.02,3.65,53.6,62.1,73.3,81.3,73.8,65.9
163,1967,3.49,4.58,2.37,6.35,2.83,1.46,59.7,62.8,73.7,73.9,70.7,65.8
163,1968,4.03,4.69,2.77,5.65,2.95,3.25,57.0,63.6,75.0,77.6,77.2,68.3
163,1969,3.58,4.29,4.77,9.13,2.29,2.47,56.8,65.9,74.4,79.2,74.6,68.2
163,1970,7.28,3.78,6.07,3.4,2.82,3.69,58.8,68.7,72.8,75.9,75.7,73.9
163,1971,2.63,4.22,5.63,4.38,2.49,5.14,55.8,61.8,77.4,75.9,74.2,71.8
163,1972,7.05,2.68,2.36,4.35,3.01,2.04,56.5,66.6,72.0,76.2,74.8,71.4
163,1973,6.25,5.88,5.94,4.31,2.37,1.11,54.6,61.9,75.2,78.3,76.5,72.3
163,1974,3.82,6.24,3.71,1.16,7.83,4.28,56.8,66.3,70.0,78.2,74.3,63.3
163,1975,6.35,3.51,3.77,3.61,5.16,2.81,54.0,69.0,75.0,76.9,76.8,64.8
163,1976,1.37,6.68,4.59,2.93,0.59,3.27,56.9,61.2,72.6,76.6,73.0,66.7
163,1977,3.53,2.77,5.81,5.05,6.4,3.99,60.8,70.9,74.3,80.1,76.2,71.9
163,1978,3.57,4.14,1.02,6.09,3.97,2.4,57.4,63.9,75.7,78.7,76.1,71.8
163,1979,6.46,3.82,3.3,9.82,3.97,3.04,54.1,63.5,74.3,76.1,74.8,67.6
163,1980,2.78,3.75,5.56,4.38,2.12,3.24,53.2,65.6,73.4,81.6,80.9,71.9
163,1981,2.96,11.79,2.02,5.87,6.18,2.19,61.6,61.1,76.1,78.3,75.2,66.8
163,1982,3.17,4.28,3.37,2.48,3.63,5.4,51.7,70.2,70.4,78.6,73.8,66.9
163,1983,11.26,9.58,4.41,1.91,0.9,0.78,50.4,62.5,74.0,80.9,81.4,70.4
163,1984,5.8,4.09,2.39,2.21,2.7,6.01,54.2,62.7,77.8,75.7,76.0,66.6
163,1985,3.41,3.5,6.0,1.49,5.54,3.09,59.4,66.6,72.8,77.9,74.4,68.3
163,1986,2.2,3.73,3.59,5.59,2.99,3.99,58.7,67.4,76.3,80.3,72.9,72.4
163,1987,2.46,2.95,5.24,4.48,0.78,1.81,54.6,71.5,76.2,78.1,77.8,70.7
163,1988,2.15,1.63,0.98,6.12,3.06,1.97,56.0,66.5,75.2,78.6,78.9,68.9
163,1989,3.71,4.14,4.29,7.46,3.33,2.87,55.8,62.5,72.9,76.8,75.7,67.5
163,1990,3.9,10.77,3.81,2.03,3.44,2.76,53.9,62.5,74.5,76.7,74.5,70.3
163,1991,2.86,3.24,1.38,2.45,1.17,3.61,59.4,71.4,76.6,78.7,77.0,69.8
163,1992,1.78,4.51,1.63,7.53,3.78,3.7,56.5,63.0,70.9,77.7,71.5,67.3
163,1993,4.94,4.24,4.58,3.45,2.2,6.34,53.2,65.3,74.2,81.1,77.5,66.0
163,1994,5.24,1.57,3.41,1.78,2.57,2.45,57.6,62.6,76.4,77.3,73.6,66.4
163,1995,5.63,11.79,4.55,3.27,3.89,0.78,56.7,64.4,73.6,78.4,80.6,66.8
163,1996,11.84,7.33,6.33,4.11,1.62,7.79,52.5,67.8,74.6,75.7,76.1,66.9
163,1997,3.73,7.71,6.11,1.98,4.03,1.53,51.0,60.9,72.3,77.5,74.4,68.5
163,1998,7.72,6.29,6.23,4.81,3.11,0.79,55.5,69.9,75.3,77.8,76.8,74.0
163,1999,5.68,3.22,5.95,2.16,0.89,0.55,58.2,65.9,75.0,80.2,75.0,68.8
163,2000,2.39,3.16,6.69,4.0,5.29,4.62,54.3,67.9,73.9,75.5,76.4,67.9
163,2001,1.93,3.58,3.39,5.56,4.81,2.89,61.6,67.8,72.8,77.9,77.2,67.7
163,2002,7.82,6.31,3.21,2.72,1.04,5.91,58.9,63.3,76.8,80.7,79.2,73.6
163,2003,3.96,7.17,4.29,3.66,2.27,3.45,57.8,64.9,70.1,77.6,77.4,67.4
163,2004,2.32,8.93,1.83,6.06,3.95,0.13,57.5,69.8,74.1,75.6,72.7,70.1
163,2005,2.57,2.57,3.93,3.48,8.95,2.13,57.6,64.1,75.8,78.1,79.7,72.9
163,2006,2.81,5.2,3.7,6.76,5.72,9.91,60.8,64.3,74.6,78.4,78.2,65.5
163,2007,3.52,2.58,3.16,2.4,1.03,3.09,54.5,70.2,75.7,76.5,82.8,73.4
163,2008,6.07,6.82,3.19,4.22,0.84,1.55,55.1,63.2,76.6,77.4,75.6,71.6
163,2009,5.67,6.21,3.08,6.33,2.66,5.12,56.8,66.4,76.8,73.7,74.7,69.8
163,2010,3.45,4.0,2.73,4.42,0.91,0.56,61.7,68.9,79.4,80.5,80.8,71.8
163,2011,12.82,7.68,6.18,7.03,1.11,7.56,59.3,64.8,76.4,82.1,77.8,67.4
163,2012,1.67,2.13,0.63,1.98,4.1,6.24,59.1,72.1,75.6,84.2,76.5,68.4
163,2013,3.92,4.2,5.88,4.78,0.82,3.37,56.2,66.3,74.6,75.8,76.0,71.0
163,2014,10.4,3.43,4.04,3.61,4.49,2.59,57.7,67.6,76.4,73.6,77.4,68.6
163,2015,7.12,3.85,7.67,5.94,3.3,1.51,58.5,68.0,76.1,78.6,74.4,72.2
163,2016,5.35,4.46,3.21,8.18,3.44,2.9,56.8,63.8,77.4,78.5,78.7,72.9
163,2017,7.66,4.48,2.89,4.6,2.75,2.79,61.5,66.5,74.6,79.1,74.0,70.5
163,2018,3.78,5.88,7.47,2.8,1.64,7.77,50.4,73.4,77.7,78.2,77.1,73.6
163,2019,5.6,6.14,7.42,3.98,5.11,0.15,57.4,67.9,73.2,78.4,76.1,75.9
163,2020,3.46,5.03,6.9,6.25,4.44,2.11,53.2,63.6,75.5,79.9,75.5,69.2
163,2021,2.25,2.95,2.53,4.91,4.4,3.22,55.9,63.4,75.5,77.4,78.1,71.0
163,2022,4.08,3.91,1.47,6.11,2.56,2.11,54.9,69.0,76.4,79.9,76.8,69.9
163,2023,2.94,3.03,3.14,3.21,5.03,0.97,57.4,66.7,73.6,79.0,76.4,71.3
163,2024,5.59,6.96,1.91,6.17,1.35,5.63,60.0,69.9,76.4,77.5,76.9,72.8
163,2025,8.35,6.11,5.47,5.65,0.89,3.0,59.1,65.5,77.3,82.0,75.9,72.0
163,2026,2.64,4.4,9.37,2.32,3.41,,65.1,66.2,75.1,79.6,77.2,
165,1895,3.22,1.12,2.24,3.54,2.01,3.57,53.5,62.9,73.9,71.9,73.6,69.4
165,1896,1.52,4.9,4.69,7.27,3.78,5.2,58.1,69.6,70.8,75.1,73.0,62.9
165,1897,4.03,2.09,5.06,2.71,0.58,0.27,49.2,57.2,69.6,76.2,71.1,70.4
165,1898,2.42,3.61,5.17,1.96,3.3,4.79,49.1,62.4,73.0,75.2,73.5,68.9
165,1899,1.34,4.67,2.53,2.92,1.5,1.6,53.1,63.2,73.3,75.1,75.8,65.6
165,1900,1.0,5.2,5.96,5.1,3.62,2.35,52.1,64.8,70.5,74.8,77.9,68.6
165,1901,2.2,2.64,5.7,0.7,2.76,1.09,48.2,60.2,73.4,80.3,74.8,66.6
165,1902,1.54,3.51,8.33,3.65,3.53,4.13,49.5,66.6,69.5,75.3,70.4,62.8
165,1903,5.02,3.49,3.28,2.34,4.47,1.45,51.5,65.5,65.4,75.6,71.7,65.8
165,1904,3.21,2.7,2.55,2.67,3.45,3.72,46.2,61.9,69.2,72.5,70.5,66.4
165,1905,3.41,5.49,1.93,5.38,3.08,4.31,51.0,62.8,71.3,73.0,73.7,66.8
165,1906,1.87,3.12,2.45,2.64,3.69,4.79,53.4,63.3,69.7,72.8,75.2,69.7
165,1907,2.35,3.29,4.2,5.05,3.12,1.81,41.6,56.2,66.5,74.1,70.5,64.0
165,1908,5.18,7.73,1.9,2.62,0.84,1.36,51.1,62.5,69.4,74.4,73.5,69.5
165,1909,6.2,4.1,5.64,5.73,2.53,2.5,49.5,58.6,71.2,71.5,74.4,63.0
165,1910,2.98,4.14,2.33,7.04,1.89,5.09,51.3,56.4,68.5,74.4,71.0,65.7
165,1911,4.36,1.09,2.78,1.69,2.64,8.14,48.6,67.8,74.5,75.6,73.2,69.0
165,1912,4.97,3.91,2.71,5.91,4.65,2.31,53.6,64.4,68.0,74.5,71.3,67.8
165,1913,2.5,1.35,2.02,1.57,2.23,3.34,50.9,63.6,74.0,78.3,77.1,66.1
165,1914,2.62,2.09,1.81,1.71,3.48,2.22,52.0,65.3,75.9,77.9,74.8,65.4
165,1915,1.43,5.27,2.66,8.14,5.91,3.89,56.9,59.4,68.4,72.5,66.9,67.7
165,1916,1.3,5.36,5.57,1.49,1.99,1.99,49.0,63.3,66.6,80.1,76.3,65.0
165,1917,3.67,5.87,6.59,3.83,3.47,2.23,49.2,56.2,68.1,73.9,71.2,63.9
165,1918,6.84,3.56,4.24,1.95,2.8,5.75,47.5,67.3,71.3,72.6,78.3,58.1
165,1919,2.12,4.04,3.18,1.41,1.82,2.63,51.6,59.1,75.0,78.4,72.6,69.2
165,1920,5.31,3.73,2.05,2.47,1.79,2.31,45.7,60.7,71.3,73.6,71.4,68.5
165,1921,3.23,2.06,4.01,2.57,5.51,6.39,54.7,64.6,76.3,80.2,72.3,70.7
165,1922,8.12,2.44,1.79,3.62,1.97,1.02,52.7,66.2,73.5,74.2,73.3,69.7
165,1923,2.7,5.64,2.21,2.97,4.98,2.8,49.3,60.3,72.5,75.6,72.7,65.7
165,1924,3.35,4.71,6.88,0.86,6.85,3.6,52.3,55.3,69.4,72.0,72.8,61.2
165,1925,1.72,0.9,4.19,3.04,3.35,5.01,57.0,58.5,74.4,74.9,73.0,72.6
165,1926,4.07,3.6,2.27,3.26,6.15,10.5,44.5,63.8,67.0,76.3,75.0,67.2
165,1927,6.31,6.58,4.46,3.18,4.27,5.63,51.6,60.5,66.5,73.5,67.0,69.8
165,1928,2.17,3.19,6.41,4.81,3.46,2.9,46.9,61.2,65.5,74.7,74.0,61.5
165,1929,5.04,8.08,3.79,4.26,2.49,2.02,54.4,59.0,68.5,74.9,71.0,65.2
165,1930,3.39,1.25,2.39,1.96,1.66,3.23,54.1,63.5,71.0,77.1,74.7,67.9
165,1931,2.63,3.18,4.16,2.45,3.37,5.64,52.0,58.9,74.1,78.6,73.8,71.5
165,1932,1.55,1.34,4.21,2.52,3.58,3.73,51.6,63.0,73.2,76.8,74.0,65.3
165,1933,3.27,8.37,0.58,1.14,2.09,3.48,51.2,64.8,77.5,78.2,72.8,71.8
165,1934,1.89,0.65,3.02,2.66,4.69,6.97,51.1,66.2,78.0,80.8,73.6,64.6
165,1935,1.75,8.31,4.61,2.68,2.4,3.07,48.4,56.8,67.8,77.8,74.8,65.5
165,1936,3.03,2.57,0.83,1.86,2.64,5.29,47.2,65.7,72.2,82.3,79.4,69.9
165,1937,5.62,2.45,5.64,4.19,1.69,3.35,49.6,62.6,70.4,73.9,75.9,64.2
165,1938,3.35,5.28,5.01,5.55,5.61,1.32,53.3,61.7,69.9,75.8,75.6,68.3
165,1939,5.85,1.56,7.0,4.33,3.82,0.81,47.7,65.2,73.1,74.9,72.4,71.3
165,1940,3.72,5.53,3.11,1.29,3.03,1.36,48.8,59.0,72.7,75.9,75.2,64.6
165,1941,3.38,3.11,6.38,2.59,3.01,3.15,56.3,65.7,72.4,75.8,74.3,69.2
165,1942,2.62,4.11,6.43,4.14,2.08,2.3,55.7,63.1,72.1,76.4,72.5,64.7
165,1943,2.4,12.63,2.97,2.25,3.09,2.89,49.4,61.7,75.3,76.3,75.1,61.9
165,1944,6.63,5.22,2.74,1.93,3.99,2.22,49.7,67.8,75.6,75.7,74.0,66.8
165,1945,3.89,4.82,7.69,2.2,3.66,6.05,52.6,57.6,68.4,73.1,72.9,67.0
165,1946,1.64,7.64,5.55,1.8,2.22,1.57,53.7,59.4,71.5,75.0,69.0,65.9
165,1947,6.08,4.65,5.15,2.3,4.21,4.06,50.8,59.0,69.0,71.4,79.7,66.5
165,1948,2.91,3.58,5.02,4.44,1.8,3.9,55.6,60.5,72.0,75.2,73.7,67.9
165,1949,1.96,3.47,4.02,5.3,2.33,1.89,50.5,64.0,74.2,78.6,73.5,61.0
165,1950,4.29,1.89,5.87,4.42,3.05,6.91,45.8,64.4,69.8,72.3,70.2,64.8
165,1951,3.68,3.47,4.5,5.3,3.27,2.05,48.3,64.1,69.6,74.2,71.7,62.7
165,1952,3.84,4.28,7.23,2.48,3.48,2.39,51.8,61.4,76.9,77.4,72.1,65.7
165,1953,2.25,2.95,3.3,5.24,1.13,0.86,48.1,64.5,76.7,75.7,73.9,67.4
165,1954,3.81,3.1,2.32,3.77,4.01,1.05,56.6,58.2,76.1,78.3,73.7,70.2
165,1955,4.02,3.86,3.7,3.35,1.02,3.94,57.5,63.9,67.1,79.5,76.2,68.8
165,1956,3.25,4.98,3.31,4.16,3.06,1.26,49.1,63.6,72.8,73.6,73.1,64.7
165,1957,6.63,6.24,10.54,3.81,3.99,2.04,52.6,62.6,72.2,75.9,73.5,64.4
165,1958,2.35,3.25,8.57,8.68,3.89,3.89,52.0,61.7,66.8,72.9,72.8,66.1
165,1959,4.14,2.93,1.35,2.62,1.91,4.26,52.3,66.8,72.6,75.0,77.1,68.6
165,1960,2.03,4.34,7.66,2.49,1.34,1.27,55.1,59.1,69.8,72.6,74.6,70.9
165,1961,4.74,5.44,3.7,2.46,2.47,3.86,46.4,57.2,69.0,73.9,72.0,70.1
165,1962,2.18,5.48,3.54,8.33,2.57,3.06,50.2,69.2,72.2,72.8,72.6,63.4
165,1963,4.04,1.5,1.91,4.16,4.8,0.26,54.8,60.4,72.0,73.2,69.5,65.3
165,1964,7.62,0.9,2.89,3.39,1.52,1.72,53.8,66.3,73.3,74.6,71.8,66.1
165,1965,5.31,3.49,3.58,5.15,3.81,4.58,53.4,67.5,70.7,72.4,70.7,66.9
165,1966,5.05,2.4,2.26,1.47,1.85,5.25,48.9,57.3,70.9,78.1,71.3,63.6
165,1967,2.96,4.57,1.97,1.55,1.95,2.01,54.4,57.7,72.2,71.9,68.7,63.3
165,1968,2.84,7.9,3.77,4.54,3.57,1.68,52.3,58.4,72.1,74.6,73.7,65.7
165,1969,5.07,2.64,4.09,5.45,2.38,4.99,53.0,62.9,69.2,76.0,72.6,65.1
165,1970,6.93,3.64,2.95,3.53,2.02,4.37,53.5,65.2,70.5,74.6,72.9,69.6
165,1971,0.69,4.19,3.98,6.5,2.47,3.75,51.0,58.8,75.3,71.7,70.5,68.8
165,1972,6.48,2.55,4.29,2.01,4.1,6.5,50.6,63.9,67.7,73.9,72.7,67.8
165,1973,4.11,2.25,7.86,7.38,3.19,2.23,50.8,58.8,72.4,75.3,73.6,68.2
165,1974,4.32,7.36,4.99,0.64,5.61,3.53,53.9,60.7,67.3,76.2,72.0,60.9
165,1975,3.73,4.07,4.32,2.84,4.81,2.2,48.5,64.9,72.2,73.2,74.7,61.9
165,1976,0.95,3.04,4.86,3.19,1.89,2.19,54.2,58.9,70.9,73.8,69.7,63.0
165,1977,1.48,2.38,4.18,2.53,8.15,2.93,57.0,69.2,69.9,77.0,71.8,67.5
165,1978,3.34,4.33,2.23,5.54,5.55,1.32,52.6,60.0,72.1,74.6,72.0,69.5
165,1979,4.91,2.81,1.53,8.38,7.47,0.23,49.7,61.2,72.0,72.2,72.1,65.6
165,1980,2.38,1.83,4.71,2.63,4.08,3.25,48.9,63.4,69.3,78.5,76.4,67.7
165,1981,7.17,7.52,3.47,7.41,5.8,3.66,56.6,58.0,73.5,74.5,71.6,64.5
165,1982,2.28,5.21,4.4,5.57,3.42,2.18,46.3,67.4,66.8,75.3,70.2,64.8
165,1983,4.38,4.58,4.82,3.2,3.67,1.68,47.4,58.5,72.2,78.7,77.5,66.6
165,1984,5.21,4.35,2.01,4.03,2.44,4.82,49.4,58.8,75.4,72.2,73.6,64.0
165,1985,2.53,3.56,3.67,4.09,6.18,1.34,57.0,64.4,69.4,73.6,70.2,66.6
165,1986,2.26,5.72,4.92,4.3,1.51,4.47,55.2,64.0,73.0,77.5,69.5,69.2
165,1987,3.1,2.39,5.95,5.76,2.42,3.13,52.3,68.5,74.0,76.2,74.3,67.6
165,1988,2.43,1.93,0.43,3.18,1.66,2.32,51.8,64.4,73.7,77.5,77.9,67.1
165,1989,5.32,5.83,2.48,6.7,5.83,6.76,50.8,58.8,71.7,75.3,72.5,63.3
165,1990,3.03,6.26,5.34,6.95,3.82,2.02,50.8,59.5,71.7,74.1,71.6,67.5
165,1991,2.69,4.48,1.56,1.69,3.65,1.18,56.1,69.6,75.2,76.5,74.5,66.8
165,1992,4.78,1.37,2.15,10.83,2.5,4.69,50.7,60.9,68.4,73.2,68.4,64.6
165,1993,5.25,3.19,4.51,5.83,5.69,7.09,49.8,63.6,70.9,76.7,74.4,61.4
165,1994,7.09,3.97,2.01,3.14,3.14,3.27,53.5,59.8,74.5,74.2,70.2,64.9
165,1995,3.64,6.67,2.91,2.31,4.03,1.0,50.7,60.5,72.6,76.2,78.3,63.8
165,1996,6.28,8.5,5.95,3.21,2.03,2.46,48.5,61.8,71.2,72.4,73.1,63.7
165,1997,1.89,4.47,3.81,1.75,4.53,1.79,48.0,57.4,70.2,74.5,70.2,66.2
165,1998,4.52,6.06,10.08,3.51,3.46,1.53,53.5,67.0,71.9,74.3,74.5,70.9
165,1999,4.2,2.84,4.65,3.3,1.64,1.84,54.1,64.5,72.1,77.9,71.5,66.5
165,2000,2.42,4.11,6.41,3.22,3.44,4.55,50.9,65.0,70.7,72.5,73.3,65.2
165,2001,2.33,3.58,3.41,7.62,3.25,2.3,58.1,65.1,69.8,74.6,74.2,64.7
165,2002,6.43,7.99,3.49,3.18,4.21,1.97,53.9,59.4,73.9,78.0,75.0,69.6
165,2003,2.66,5.63,2.64,7.85,3.14,7.91,54.0,61.6,68.0,74.1,74.3,63.6
165,2004,1.57,5.47,4.31,3.76,3.36,0.68,54.8,67.5,70.4,72.7,69.2,68.0
165,2005,3.19,2.2,2.77,4.51,4.64,4.38,54.9,60.6,74.0,75.8,75.2,69.7
165,2006,4.36,4.33,4.04,5.23,3.86,2.49,56.6,61.3,71.2,76.4,74.0,63.7
165,2007,3.78,1.54,4.19,3.53,3.14,2.91,50.4,68.1,73.2,72.4,78.0,69.7
165,2008,3.33,5.83,10.99,5.33,1.57,5.0,51.9,58.6,73.4,74.1,71.3,67.2
165,2009,6.51,6.83,4.78,4.3,4.46,0.96,51.7,62.6,72.8,69.8,71.1,65.6
165,2010,2.6,4.81,8.6,5.78,1.13,1.91,58.8,64.6,75.4,77.3,76.7,68.1
165,2011,9.56,5.49,4.54,2.35,1.74,2.77,53.8,62.7,73.0,79.4,73.8,64.5
165,2012,2.39,2.24,0.87,0.43,4.35,4.89,54.1,68.6,72.0,81.3,73.0,64.5
165,2013,7.81,3.81,4.84,4.27,1.26,1.49,51.2,65.0,71.2,72.3,72.0,68.1
165,2014,4.96,3.67,7.06,3.44,4.38,3.39,53.0,63.6,73.3,69.4,72.9,64.3
165,2015,4.04,4.47,10.25,3.21,1.4,3.34,53.7,65.9,71.9,73.5,71.7,69.6
165,2016,4.38,3.38,4.96,6.61,5.85,3.03,52.8,61.6,74.4,75.2,76.0,70.9
165,2017,6.11,6.07,3.91,4.14,1.95,0.76,57.2,61.9,72.2,75.3,70.3,68.5
165,2018,4.11,3.33,6.93,3.77,4.55,6.47,44.8,70.9,74.4,74.0,74.2,70.5
165,2019,4.7,4.82,5.38,2.11,3.81,2.4,52.1,62.7,70.3,76.2,72.0,71.1
165,2020,3.54,4.29,5.14,6.04,1.8,1.03,48.7,59.8,72.5,76.1,71.9,65.5
165,2021,1.89,4.01,7.48,4.6,2.99,3.76,52.3,59.8,73.8,74.2,75.5,69.2
165,2022,2.92,4.08,1.65,3.14,5.67,1.48,49.5,65.0,72.8,75.7,72.9,66.2
165,2023,2.4,1.92,2.38,3.86,3.81,1.06,52.4,63.0,69.8,74.4,72.7,67.2
165,2024,6.78,3.46,2.29,6.03,2.49,2.34,54.3,67.0,73.3,72.8,73.0,68.5
165,2025,4.93,2.75,5.0,4.21,1.1,2.14,53.7,61.9,73.9,78.6,71.9,68.0
165,2026,6.08,4.49,7.66,3.39,8.98,,59.0,60.9,71.6,76.0,73.5,
167,1895,3.48,1.24,2.19,4.53,2.13,3.09,54.5,63.1,74.4,72.9,74.5,69.9
167,1896,1.31,4.91,5.46,7.76,3.65,5.2,59.4,70.2,71.8,75.8,73.8,63.6
167,1897,4.71,2.62,5.16,2.79,0.45,0.57,50.5,57.5,70.2,76.7,72.0,70.5
167,1898,2.79,3.39,4.46,2.01,3.21,6.03,49.7,62.9,73.4,76.0,73.7,69.0
167,1899,1.36,4.9,2.82,3.39,2.14,1.18,53.4,63.7,74.0,76.1,76.5,66.2
167,1900,1.09,5.03,6.75,5.1,2.84,3.2,53.3,65.2,71.5,76.1,78.8,70.1
167,1901,2.8,2.36,7.04,1.06,2.54,1.19,48.9,60.8,73.9,81.4,75.2,67.2
167,1902,1.77,4.16,7.68,3.08,4.23,4.04,49.8,68.0,70.8,76.4,71.2,63.7
167,1903,4.58,2.53,3.46,3.36,4.59,1.53,52.1,66.4,66.5,76.3,72.7,66.7
167,1904,3.02,3.41,2.66,2.63,2.68,4.51,47.1,62.3,69.8,73.4,71.6,67.3
167,1905,3.52,5.66,1.96,5.74,3.05,3.72,52.3,63.9,72.2,73.6,74.2,67.7
167,1906,1.85,2.52,2.67,2.92,4.15,4.77,54.5,64.2,70.7,73.8,76.2,71.0
167,1907,2.74,3.83,4.01,4.78,3.99,1.31,42.5,57.3,67.2,74.9,71.3,64.8
167,1908,5.19,9.0,2.27,2.73,0.91,1.51,52.2,63.0,69.9,74.9,74.2,70.1
167,1909,5.63,4.14,6.18,5.98,1.53,2.71,50.5,59.4,72.0,72.4,75.2,64.0
167,1910,3.14,3.94,2.5,8.29,1.65,4.94,52.1,57.5,68.9,74.9,71.6,66.5
167,1911,5.23,1.38,3.75,1.94,2.08,10.33,49.5,68.0,74.3,75.7,73.7,69.8
167,1912,5.08,4.71,2.81,7.06,4.61,2.8,54.6,64.5,68.1,74.8,71.8,68.0
167,1913,2.58,1.53,1.7,2.4,2.32,3.59,51.2,63.9,74.7,78.8,78.1,66.6
167,1914,2.73,1.29,1.95,2.09,3.71,2.7,52.6,65.5,76.7,78.5,75.3,65.5
167,1915,1.23,7.05,2.48,6.86,6.7,4.21,57.3,59.9,68.8,73.1,67.4,68.6
167,1916,1.4,4.44,7.18,2.1,2.04,1.99,49.8,64.1,67.2,80.5,76.5,65.6
167,1917,4.27,6.2,6.59,3.75,2.35,2.75,50.4,56.8,68.8,74.6,72.1,65.0
167,1918,7.01,4.29,4.42,2.41,3.4,5.93,48.3,67.4,71.6,73.1,78.9,58.7
167,1919,2.34,5.03,3.94,1.23,1.8,2.54,52.6,59.8,75.2,78.8,73.3,69.8
167,1920,4.56,4.72,2.08,2.42,2.49,2.48,47.0,61.3,71.0,74.0,72.1,69.1
167,1921,3.13,2.31,3.83,2.23,6.2,6.63,55.6,65.0,76.7,80.4,72.9,71.7
167,1922,8.59,2.91,1.77,3.55,2.0,1.12,54.3,66.5,74.1,74.8,73.8,70.8
167,1923,3.07,5.59,2.85,2.72,5.42,3.33,49.6,60.7,72.2,75.8,73.2,66.3
167,1924,2.91,5.48,5.19,1.05,5.58,3.6,53.1,55.4,70.1,71.8,73.2,61.5
167,1925,1.91,1.15,4.86,3.05,2.75,4.52,57.6,58.7,74.8,75.5,73.8,73.5
167,1926,3.57,2.87,2.05,2.9,5.29,9.44,45.3,64.2,67.4,77.0,75.4,68.4
167,1927,6.0,7.67,3.41,2.8,4.27,5.65,52.6,61.1,66.8,74.2,67.6,70.5
167,1928,2.6,3.62,7.44,2.89,3.17,2.43,47.3,61.3,65.8,75.2,74.7,61.9
167,1929,5.47,9.54,4.71,3.69,1.26,2.83,55.0,59.4,68.9,75.3,71.6,65.9
167,1930,2.99,1.4,2.83,1.4,1.79,4.01,54.8,63.9,71.4,78.3,75.5,68.7
167,1931,2.45,3.29,4.09,2.71,2.88,7.04,53.0,59.5,74.4,79.0,74.4,72.0
167,1932,1.79,1.62,4.74,2.05,3.7,4.37,52.1,63.0,73.5,77.6,74.5,66.2
167,1933,3.58,9.93,0.62,1.21,2.57,3.77,52.1,65.5,77.8,78.5,73.4,72.8
167,1934,2.12,1.12,3.23,4.11,4.37,6.9,51.9,66.4,78.3,81.0,74.0,65.2
167,1935,1.83,9.51,4.66,2.74,2.29,2.87,49.1,57.6,68.0,78.2,75.2,66.3
167,1936,3.8,1.81,0.75,2.57,1.37,4.8,48.0,66.3,72.8,82.7,80.2,70.7
167,1937,5.05,3.31,5.0,3.44,2.53,2.46,50.8,63.2,71.2,74.5,76.5,64.6
167,1938,3.03,5.66,6.34,5.92,4.91,1.48,54.2,62.3,70.2,76.1,76.2,69.0
167,1939,5.92,1.55,7.05,3.99,3.72,0.84,48.7,65.5,73.1,75.4,72.9,72.1
167,1940,5.04,5.68,2.94,1.76,2.63,1.45,49.4,59.2,72.8,75.9,75.8,65.2
167,1941,3.27,2.58,6.11,1.98,2.79,4.58,57.2,66.1,72.9,76.6,75.2,69.8
167,1942,2.82,4.92,7.74,5.01,2.43,2.1,56.4,63.5,72.5,76.8,73.2,65.4
167,1943,2.5,13.05,2.48,1.9,1.6,3.71,50.2,62.5,75.7,77.0,76.4,62.8
167,1944,6.77,4.07,2.06,1.9,4.17,1.84,51.0,68.4,76.1,76.6,74.9,67.5
167,1945,4.41,4.76,8.31,2.64,3.69,6.47,53.6,58.4,69.0,73.5,73.3,68.0
167,1946,1.72,8.37,3.64,2.93,3.0,1.63,54.6,59.9,72.0,75.5,69.2,66.1
167,1947,6.01,4.85,5.23,1.66,3.25,4.39,51.8,59.7,69.4,71.8,80.3,67.4
167,1948,2.66,3.49,3.78,5.46,1.53,3.89,56.2,60.8,72.0,75.1,74.0,68.0
167,1949,1.5,4.01,5.02,4.28,4.43,2.67,51.5,64.6,74.2,79.0,74.2,61.4
167,1950,3.78,2.52,5.78,4.31,2.55,5.3,46.8,64.7,69.9,72.7,70.9,65.2
167,1951,3.93,2.95,4.91,4.87,3.34,2.62,49.2,64.7,70.4,74.9,72.9,63.3
167,1952,4.29,3.32,6.03,2.7,2.0,2.83,52.8,62.0,77.5,77.8,73.1,66.3
167,1953,2.79,3.1,3.39,3.72,1.32,0.97,49.0,65.1,77.4,76.6,74.9,68.2
167,1954,2.85,3.0,2.16,3.53,3.93,1.51,57.7,58.9,76.6,79.4,75.1,71.0
167,1955,4.21,3.91,3.56,4.26,1.26,5.15,58.1,64.1,67.0,79.6,76.0,69.7
167,1956,4.12,5.19,3.76,2.89,2.48,1.69,49.6,63.0,72.4,73.9,73.5,64.6
167,1957,6.16,6.35,10.5,4.62,3.58,1.5,53.9,62.8,72.2,75.6,73.9,64.7
167,1958,2.29,4.39,6.72,10.36,2.73,3.79,52.3,61.9,67.5,72.8,72.8,66.4
167,1959,3.86,4.28,1.75,3.34,3.02,3.41,53.0,66.3,72.0,74.6,76.5,68.6
167,1960,1.87,4.2,5.08,2.06,1.28,1.0,55.4,58.9,70.1,72.6,74.8,71.2
167,1961,4.21,7.79,2.85,3.38,4.33,3.8,47.0,57.3,69.0,74.3,71.9,70.3
167,1962,1.85,4.89,2.68,6.7,2.89,3.06,51.1,70.2,72.7,73.8,72.5,63.3
167,1963,3.01,2.52,3.01,4.4,3.25,0.22,55.3,60.9,72.3,73.3,70.1,66.0
167,1964,6.52,1.45,2.53,4.89,1.36,1.44,54.9,66.4,73.5,74.9,72.0,66.6
167,1965,3.68,2.79,4.26,6.27,3.26,4.86,54.3,68.3,71.3,72.9,71.3,67.2
167,1966,5.39,2.59,3.05,2.02,2.81,7.26,49.7,58.2,70.9,78.3,71.4,64.2
167,1967,3.4,5.69,1.72,3.26,2.72,1.57,54.7,58.7,72.1,72.3,68.8,63.3
167,1968,3.4,8.69,2.89,4.08,1.98,2.01,53.4,59.2,72.4,75.3,74.2,66.2
167,1969,5.46,2.42,5.21,6.34,1.69,4.12,53.3,63.5,70.1,76.2,72.4,65.2
167,1970,5.46,3.69,3.71,3.21,2.52,4.28,54.0,65.8,70.3,74.4,72.9,70.3
167,1971,0.77,4.87,5.26,5.78,1.6,4.01,52.0,59.0,75.2,72.1,71.3,69.4
167,1972,6.58,2.8,2.37,1.63,4.84,4.51,51.4,64.8,68.7,74.5,73.0,68.4
167,1973,3.61,2.76,7.6,7.58,2.37,1.63,51.7,59.3,72.6,75.8,73.8,69.2
167,1974,4.48,9.19,4.39,0.74,7.09,5.19,54.4,61.4,67.3,76.2,72.3,61.2
167,1975,3.59,4.6,3.81,4.12,4.51,1.91,49.2,65.8,72.3,73.6,75.1,62.4
167,1976,1.16,2.38,4.55,2.82,1.56,3.39,54.4,59.0,70.9,74.2,70.5,63.5
167,1977,2.01,1.81,3.39,2.34,7.38,2.63,57.2,69.2,70.2,77.7,72.8,68.3
167,1978,3.09,4.84,1.99,6.38,5.05,0.74,53.1,60.2,72.6,75.2,72.4,69.6
167,1979,4.58,2.85,2.66,10.58,6.18,0.83,50.2,61.1,72.1,72.8,72.6,65.8
167,1980,2.56,2.13,6.38,2.78,3.99,4.37,50.0,63.6,70.2,79.0,76.9,68.6
167,1981,5.54,10.62,3.06,5.6,6.0,4.06,57.6,58.8,73.4,75.3,72.0,64.5
167,1982,2.43,6.17,5.25,5.3,3.05,3.68,47.9,67.7,66.6,75.8,70.8,65.3
167,1983,3.95,5.67,4.28,2.19,3.43,1.34,48.2,59.4,72.2,78.9,78.5,67.4
167,1984,5.96,4.36,2.13,3.18,1.89,4.8,50.3,59.8,75.7,73.1,74.2,64.4
167,1985,2.42,4.69,3.69,2.55,8.56,1.69,57.6,64.0,69.5,74.1,70.8,67.3
167,1986,2.79,4.91,3.51,5.03,1.78,3.92,55.8,64.8,73.5,77.7,69.6,69.6
167,1987,3.18,2.11,3.96,8.53,0.89,2.17,53.0,68.9,74.0,76.4,74.6,67.6
167,1988,2.49,1.92,0.43,6.02,1.31,1.78,52.4,64.0,73.7,77.5,77.3,67.3
167,1989,5.45,5.0,2.11,8.68,4.59,7.07,51.2,58.9,71.6,75.3,72.9,64.4
167,1990,3.16,6.99,5.08,6.66,3.28,2.3,50.9,60.0,71.5,74.5,71.9,67.7
167,1991,2.66,2.61,2.27,2.83,4.11,2.1,56.8,69.6,75.3,76.6,74.7,67.0
167,1992,5.51,1.7,2.79,10.22,3.16,4.2,51.9,61.1,68.8,74.3,69.4,65.2
167,1993,4.33,3.97,4.05,4.57,6.76,7.59,50.5,63.6,71.3,77.6,75.0,62.5
167,1994,6.7,2.81,2.45,4.25,4.04,3.43,54.2,60.5,75.1,75.1,70.9,65.1
167,1995,4.25,6.68,2.44,2.28,5.79,0.68,52.0,61.5,73.0,76.9,78.8,64.4
167,1996,7.25,8.31,4.66,1.82,1.37,3.91,49.1,62.8,71.7,73.1,74.3,63.9
167,1997,2.16,4.92,4.85,1.04,4.1,1.77,48.5,58.0,69.9,75.3,70.8,66.7
167,1998,6.09,5.17,8.59,3.48,3.99,0.93,53.8,67.7,72.5,75.4,75.4,71.1
167,1999,4.36,3.4,6.48,3.63,1.16,1.23,54.7,64.6,72.6,78.6,72.8,67.0
167,2000,3.55,4.07,6.59,5.9,4.71,5.54,52.0,65.8,71.8,73.6,73.9,65.3
167,2001,2.39,5.51,3.42,7.24,3.0,2.11,59.4,65.7,70.5,74.9,74.7,65.0
167,2002,5.47,10.42,2.99,2.61,2.08,3.23,55.1,60.0,74.3,78.6,76.0,70.1
167,2003,2.81,4.92,2.59,7.12,2.23,8.19,54.5,62.4,68.5,75.2,75.0,63.9
167,2004,1.4,5.41,2.67,4.66,4.21,0.9,55.3,67.8,71.3,73.3,70.3,68.6
167,2005,3.2,2.56,3.56,4.38,4.71,4.03,55.4,60.8,74.3,76.3,75.5,69.8
167,2006,4.45,4.8,4.52,4.12,2.73,4.83,57.5,62.0,71.8,76.8,75.0,64.0
167,2007,3.77,1.89,4.84,3.62,2.27,3.37,51.1,68.4,73.7,73.0,79.3,70.2
167,2008,3.36,5.54,13.85,4.9,1.03,4.49,52.6,59.2,74.0,74.9,72.6,68.5
167,2009,7.9,7.25,5.26,3.72,3.12,1.3,53.8,63.5,73.9,70.6,72.2,66.6
167,2010,3.88,5.01,7.91,5.53,0.82,1.39,59.4,64.9,76.0,77.9,77.6,68.7
167,2011,10.94,5.24,5.18,2.81,1.11,3.7,55.0,63.4,73.6,80.2,74.8,65.3
167,2012,3.48,1.93,0.42,0.66,4.13,5.02,55.4,69.6,73.1,83.2,74.5,65.7
167,2013,7.44,4.66,8.54,3.33,0.82,1.53,52.4,64.9,71.8,73.5,73.1,68.6
167,2014,6.63,3.04,7.0,3.03,3.28,3.5,54.5,64.4,74.2,70.4,73.9,64.8
167,2015,4.5,2.62,8.13,3.13,1.15,2.14,54.8,66.4,72.9,75.0,72.4,69.6
167,2016,5.41,2.63,4.53,6.37,4.72,3.76,54.1,62.2,75.2,76.2,77.2,71.2
167,2017,6.4,5.83,4.05,4.84,2.04,0.54,58.5,63.1,72.6,76.4,71.4,69.2
167,2018,4.6,2.73,6.07,3.81,5.61,5.76,46.7,72.4,75.7,75.7,75.0,71.5
167,2019,5.19,5.24,7.24,3.71,4.34,1.3,54.4,64.6,71.8,77.6,73.7,72.7
167,2020,2.43,4.57,3.63,6.84,2.09,0.42,50.9,61.0,73.7,77.4,73.0,66.6
167,2021,2.46,3.61,6.78,5.36,2.53,2.95,53.4,61.1,75.1,75.5,76.8,70.2
167,2022,3.65,4.85,1.34,4.68,5.7,1.67,51.9,66.6,74.2,77.5,74.6,67.5
167,2023,2.25,2.58,2.99,5.07,3.25,1.01,54.2,64.4,71.2,76.6,74.3,68.7
167,2024,7.18,4.08,2.1,5.1,1.81,2.38,56.7,68.4,74.5,75.2,75.0,69.8
167,2025,8.41,3.37,6.11,5.71,2.07,1.49,55.5,62.9,75.4,79.9,73.4,68.9
167,2026,4.63,5.31,7.48,3.0,6.13,,60.0,61.5,71.9,76.6,74.5,
169,1895,1.26,1.68,1.77,1.7,2.4,2.07,51.5,62.5,72.7,72.1,73.2,68.2
169,1896,2.64,5.34,3.93,12.2,6.51,5.05,55.9,67.6,69.0,72.8,71.0,60.7
169,1897,3.34,3.55,4.46,2.25,3.37,0.68,47.2,56.8,68.9,76.4,68.9,66.8
169,1898,2.18,6.02,3.22,3.45,2.38,3.4,47.1,60.4,71.4,75.6,72.2,67.3
169,1899,0.99,3.49,2.33,3.59,1.94,2.38,53.0,62.7,72.5,73.9,74.8,63.4
169,1900,1.78,3.92,6.22,3.58,3.51,1.86,50.2,64.0,69.4,73.9,76.6,67.0
169,1901,2.2,4.85,3.72,0.74,2.88,1.44,46.6,59.1,72.9,80.0,73.2,63.6
169,1902,1.6,3.51,9.16,4.67,1.81,6.74,48.5,63.6,67.2,74.1,68.3,61.5
169,1903,5.1,3.43,4.69,3.26,3.55,1.65,50.0,64.3,64.5,73.1,69.9,64.4
169,1904,4.05,3.4,2.66,5.25,3.12,3.74,43.4,59.9,67.5,71.4,67.4,64.0
169,1905,4.05,5.56,5.45,2.82,4.55,4.05,48.0,60.7,69.4,72.6,71.8,64.6
169,1906,2.56,2.14,3.55,3.24,6.87,3.29,51.2,62.4,69.2,72.0,74.5,67.9
169,1907,2.23,2.99,6.02,5.44,3.61,3.32,40.7,53.8,66.1,72.8,68.8,62.4
169,1908,3.15,4.91,1.69,3.27,1.74,0.93,49.6,61.8,69.2,73.8,71.6,68.3
169,1909,5.48,3.86,6.43,3.88,4.03,3.41,46.5,57.8,70.1,70.8,72.2,60.9
169,1910,3.53,2.72,0.95,2.98,3.2,5.65,50.4,55.4,67.1,74.6,70.4,63.6
169,1911,4.07,2.57,4.76,1.76,4.26,5.17,46.8,66.2,71.5,73.6,70.4,66.1
169,1912,3.82,3.96,3.35,4.0,4.32,3.28,50.0,62.8,67.3,73.4,69.2,65.7
169,1913,2.73,4.23,1.22,5.87,3.76,2.27,48.5,60.0,70.5,75.0,73.1,63.4
169,1914,2.9,4.13,2.83,2.08,4.32,2.39,48.8,62.9,71.9,75.9,73.0,64.2
169,1915,1.92,5.45,3.25,7.99,5.06,4.07,54.6,56.6,66.1,70.9,65.6,66.1
169,1916,2.18,4.47,6.38,1.82,2.28,2.95,47.8,61.0,64.9,78.5,74.5,63.2
169,1917,3.25,4.38,4.76,2.75,1.97,1.2,47.3,53.4,66.2,72.0,70.4,61.8
169,1918,3.06,3.84,2.9,2.69,2.41,5.35,46.9,66.0,69.6,70.7,76.4,56.8
169,1919,2.84,4.4,3.53,2.63,2.03,3.64,48.3,57.1,74.0,76.1,70.6,67.7
169,1920,5.78,2.59,3.81,5.68,1.93,2.79,44.4,58.0,69.8,70.6,69.1,66.6
169,1921,3.36,1.98,2.71,1.38,5.15,3.64,53.2,63.9,75.2,80.3,71.6,69.4
169,1922,4.53,3.23,1.87,3.34,1.44,1.56,50.2,64.3,70.9,72.2,71.9,68.6
169,1923,1.62,5.57,2.76,5.41,4.37,3.99,46.4,57.1,71.8,73.2,69.9,64.9
169,1924,4.33,3.84,7.74,1.21,2.95,3.92,48.1,53.1,67.0,70.4,71.1,59.0
169,1925,2.5,0.47,2.84,4.04,2.03,5.3,53.6,55.9,72.7,72.3,71.4,70.3
169,1926,4.05,3.13,2.79,4.08,5.54,9.15,42.7,60.8,64.9,73.4,73.9,64.4
169,1927,5.76,6.05,3.71,3.21,2.3,4.16,48.7,59.3,65.2,73.0,65.5,68.6
169,1928,1.8,2.38,5.74,4.64,3.85,0.94,45.2,59.3,64.4,73.3,73.1,60.7
169,1929,6.03,6.3,2.9,3.69,4.41,2.02,51.9,57.5,67.0,74.0,69.3,63.9
169,1930,3.34,2.0,3.09,2.99,2.77,2.72,50.3,61.3,69.2,75.1,71.6,66.1
169,1931,2.59,2.48,5.1,3.27,4.48,4.3,49.6,57.7,72.6,77.4,72.6,69.7
169,1932,3.54,2.0,3.47,3.37,1.89,5.43,48.3,60.6,71.1,74.2,72.0,63.0
169,1933,3.2,6.34,1.24,2.01,4.16,5.66,49.0,63.0,76.3,75.9,70.4,69.2
169,1934,1.38,1.03,3.09,2.77,5.2,4.94,48.8,64.6,76.2,79.6,71.5,64.7
169,1935,2.7,5.14,4.11,2.45,2.98,2.39,45.7,54.6,66.8,76.4,73.1,63.9
169,1936,2.12,2.55,3.02,0.68,5.04,4.44,44.7,63.5,69.4,79.9,76.7,67.8
169,1937,5.74,3.73,5.87,4.91,4.19,3.14,48.2,60.4,68.7,73.6,74.3,62.5
169,1938,3.07,4.46,6.5,4.94,3.46,3.19,50.9,60.2,68.2,73.9,74.3,65.5
169,1939,4.95,1.47,4.43,3.52,2.43,0.66,45.4,63.6,72.3,73.6,71.8,69.4
169,1940,4.4,3.74,3.02,2.0,2.02,0.72,45.0,56.6,71.0,74.4,73.3,62.8
169,1941,2.35,3.06,5.26,2.39,1.59,1.38,54.4,62.9,70.1,74.6,72.6,69.1
169,1942,2.87,3.19,4.32,7.44,3.57,2.71,53.5,61.7,70.3,74.3,70.2,62.0
169,1943,2.76,10.74,2.07,5.6,5.29,3.7,46.1,60.0,74.3,74.4,72.2,60.5
169,1944,6.87,7.0,1.08,1.87,2.69,1.58,46.5,65.8,73.9,74.9,74.0,65.5
169,1945,3.03,5.31,4.53,4.34,4.89,5.82,51.1,54.6,67.1,71.8,71.0,65.7
169,1946,1.03,4.95,4.23,2.28,1.69,2.14,50.7,58.1,69.3,74.1,68.3,65.7
169,1947,5.57,4.16,4.85,1.77,3.01,4.72,48.1,56.4,67.0,70.7,78.9,65.6
169,1948,3.22,4.18,5.1,3.21,2.19,2.9,53.3,58.9,69.8,74.5,72.2,66.8
169,1949,2.29,4.32,6.6,4.77,3.07,2.28,47.9,62.0,73.1,77.3,72.7,58.9
169,1950,5.79,1.74,5.16,4.3,2.43,5.6,43.0,61.7,68.5,71.4,70.3,63.1
169,1951,3.6,3.64,3.84,3.78,2.24,1.76,46.2,62.4,68.7,72.9,69.8,61.7
169,1952,4.49,5.36,3.82,2.09,4.11,3.6,49.6,58.5,74.8,76.5,70.9,63.6
169,1953,3.52,2.77,3.09,3.99,3.5,1.69,45.4,62.7,73.8,75.0,73.1,65.1
169,1954,3.13,3.39,4.69,4.71,5.57,1.54,53.6,55.0,73.1,74.1,72.0,66.5
169,1955,3.12,2.63,3.11,6.7,3.23,2.5,55.6,62.1,66.8,78.6,75.5,66.2
169,1956,2.35,4.43,2.71,4.17,3.59,0.63,47.1,60.4,71.1,72.7,71.7,62.5
169,1957,8.06,4.08,6.73,3.94,3.25,2.81,49.7,60.4,70.7,73.9,71.2,62.8
169,1958,1.9,1.97,10.68,5.38,3.82,2.61,50.8,58.9,64.9,72.9,70.5,63.9
169,1959,7.21,3.52,3.27,2.3,2.21,4.36,49.8,64.5,71.1,73.3,76.7,67.4
169,1960,2.0,3.96,3.79,3.23,4.43,1.86,52.4,58.0,67.5,71.0,72.3,67.9
169,1961,5.4,2.44,3.77,5.31,2.86,4.28,43.5,55.4,67.7,72.5,70.9,68.7
169,1962,1.15,4.71,3.32,4.23,2.27,2.2,48.6,66.4,70.1,70.7,71.4,61.8
169,1963,4.57,2.98,3.09,4.77,2.23,0.52,50.5,57.8,70.0,72.1,67.3,63.2
169,1964,6.3,2.18,4.34,5.57,1.55,2.43,50.6,64.1,70.9,73.4,69.3,64.3
169,1965,4.85,2.97,2.29,3.32,4.98,3.87,48.8,66.6,69.4,70.5,68.7,66.1
169,1966,2.74,3.55,1.93,2.95,2.35,3.13,46.7,54.6,70.9,75.7,70.1,62.5
169,1967,4.14,4.03,2.52,1.78,1.93,1.75,51.2,55.7,71.9,71.0,68.1,62.2
169,1968,2.55,6.07,4.46,2.52,5.49,2.72,51.2,56.2,70.6,73.7,72.6,64.1
169,1969,4.5,2.69,6.53,6.87,1.59,4.24,51.0,60.3,65.6,73.5,71.3,64.3
169,1970,5.54,4.09,3.32,6.7,2.02,5.09,50.7,63.6,69.4,73.2,71.5,66.6
169,1971,1.11,4.55,4.39,4.53,2.99,5.74,48.3,57.0,73.8,70.8,69.0,67.4
169,1972,7.14,3.47,2.93,3.88,3.2,8.86,47.6,62.7,65.5,72.3,71.1,65.3
169,1973,3.61,3.6,5.6,5.02,5.24,1.37,49.6,56.5,72.1,73.7,72.1,66.5
169,1974,2.79,5.94,3.53,1.31,4.09,4.61,51.4,58.0,66.6,74.7,71.2,60.3
169,1975,3.34,3.37,6.81,1.01,7.34,2.65,44.5,64.2,70.7,72.5,73.4,59.9
169,1976,2.32,2.23,5.2,3.87,1.11,1.86,52.2,57.8,70.5,72.6,68.8,62.3
169,1977,3.03,1.79,2.58,4.69,7.72,5.28,55.2,67.5,67.8,76.1,70.5,66.2
169,1978,4.91,3.28,2.77,3.11,3.38,1.87,49.7,58.6,69.4,72.2,71.2,68.6
169,1979,3.16,2.18,3.55,5.73,4.04,0.51,46.8,59.0,70.1,71.4,70.0,63.8
169,1980,2.6,3.25,5.27,6.14,5.34,2.99,47.5,61.1,67.3,76.1,74.6,65.7
169,1981,5.24,4.98,7.19,3.52,2.76,3.4,53.0,57.1,71.0,73.0,70.8,63.4
169,1982,2.87,4.45,4.62,1.99,3.49,1.62,44.7,66.4,65.7,74.0,69.2,63.5
169,1983,5.29,5.4,3.76,2.59,1.52,2.14,45.8,56.5,70.2,76.9,76.1,65.5
169,1984,3.25,5.43,2.11,3.67,1.47,3.26,47.5,56.6,73.2,70.3,72.5,62.9
169,1985,1.88,2.51,3.2,2.38,6.3,2.15,55.3,62.9,67.0,72.7,69.8,65.6
169,1986,2.03,5.06,5.34,6.04,2.72,3.78,52.5,61.2,70.0,75.3,68.2,67.3
169,1987,2.53,4.68,4.44,4.18,6.66,2.57,50.8,64.7,72.9,75.3,72.2,66.0
169,1988,3.74,0.66,0.73,2.93,3.38,2.84,48.3,62.5,71.4,76.4,75.3,63.9
169,1989,3.26,5.47,3.35,5.66,2.93,4.94,47.5,57.2,69.1,74.0,70.2,61.7
169,1990,2.35,5.7,3.45,4.55,7.33,2.18,49.5,57.8,69.8,72.1,69.9,65.1
169,1991,3.73,6.3,1.78,3.36,4.01,1.57,53.4,67.2,73.6,74.9,72.4,63.8
169,1992,4.19,2.42,2.78,7.98,2.2,5.61,48.0,58.6,65.2,71.3,67.0,62.8
169,1993,4.52,3.39,5.8,4.51,3.18,6.03,48.2,61.5,67.8,75.1,72.6,60.4
169,1994,5.2,2.52,4.96,4.07,3.89,1.43,51.3,57.2,71.8,72.7,68.2,64.3
169,1995,4.34,4.11,6.1,2.86,3.07,0.51,48.4,58.4,71.0,74.5,77.7,62.6
169,1996,3.97,5.03,5.59,7.44,1.36,3.54,46.7,58.0,70.3,70.2,72.1,63.7
169,1997,1.23,5.89,5.18,4.84,3.71,3.6,45.3,54.4,69.0,72.3,68.5,63.9
169,1998,5.63,2.82,6.17,6.2,4.66,1.65,51.8,65.8,70.4,72.6,72.9,68.3
169,1999,5.14,2.87,2.87,2.26,4.14,2.22,52.2,62.6,71.6,78.1,69.5,63.8
169,2000,2.49,4.82,7.7,3.39,2.37,5.06,49.8,62.9,69.3,70.8,71.4,63.9
169,2001,3.98,4.72,4.51,5.33,5.38,3.58,54.9,62.9,68.4,72.8,73.0,62.8
169,2002,4.26,4.8,2.29,2.56,3.33,2.78,51.8,57.0,71.4,76.4,73.8,68.4
169,2003,3.03,7.77,3.24,10.97,6.69,8.03,51.4,59.6,67.2,72.4,73.5,63.1
169,2004,0.96,7.09,6.12,4.26,6.14,1.36,51.9,63.9,67.9,71.0,67.2,66.8
169,2005,2.14,1.65,3.18,4.61,2.88,4.65,52.7,57.7,72.8,74.4,73.6,68.5
169,2006,4.29,6.11,3.81,4.58,4.71,2.4,54.4,58.9,68.9,74.7,72.0,61.9
169,2007,3.63,1.4,2.96,2.86,8.01,3.19,47.4,65.2,71.5,71.2,74.4,67.2
169,2008,2.82,5.44,4.41,2.62,2.26,2.84,51.8,56.5,71.1,72.4,70.3,67.0
169,2009,5.91,3.44,3.61,2.78,4.17,1.16,49.7,60.3,70.2,68.5,70.1,64.6
169,2010,2.98,5.08,7.46,4.01,2.61,1.54,55.8,63.6,72.9,75.6,74.2,65.9
169,2011,6.83,6.83,5.08,1.64,4.22,5.79,50.2,61.5,71.4,78.2,71.9,62.2
169,2012,0.97,1.46,1.34,2.65,4.73,3.29,50.9,66.2,70.6,78.6,70.0,63.0
169,2013,8.24,2.8,7.03,3.36,2.33,2.68,48.5,63.9,69.8,71.7,69.8,64.7
169,2014,4.14,3.39,6.2,1.59,5.21,3.94,49.7,61.1,71.5,68.1,71.0,62.7
169,2015,2.97,4.25,11.72,5.03,2.27,2.76,50.6,63.8,69.4,71.2,69.8,68.3
169,2016,3.89,3.42,5.91,3.12,6.42,3.31,49.8,59.4,71.0,74.1,75.4,68.9
169,2017,4.12,8.17,4.63,6.11,2.51,1.65,54.6,58.8,70.6,72.9,68.8,66.1
169,2018,2.37,2.65,5.8,4.37,7.37,2.48,42.6,67.9,72.0,73.4,73.3,68.6
169,2019,5.37,6.37,3.25,3.5,2.75,3.61,49.7,60.4,69.7,76.6,71.3,69.1
169,2020,2.15,4.39,2.71,3.11,2.23,2.6,46.8,58.7,71.3,76.0,71.6,64.1
169,2021,2.63,4.37,5.12,3.51,2.72,4.15,50.8,58.7,72.7,72.9,74.2,67.6
169,2022,2.29,4.13,2.33,5.54,2.69,2.0,47.0,63.9,71.4,74.2,72.4,65.2
169,2023,2.71,2.75,2.67,4.45,3.84,1.71,51.2,60.8,68.4,73.4,70.5,65.9
169,2024,7.49,4.31,4.34,5.12,2.36,2.09,52.4,65.8,72.6,72.6,72.5,68.1
169,2025,3.78,3.75,5.52,5.15,1.79,1.5,51.5,59.6,72.8,76.7,70.6,67.0
169,2026,7.48,3.2,4.85,3.39,10.51,,57.0,59.0,69.5,74.8,71.7,
171,1895,2.71,1.25,1.99,3.94,2.21,3.4,52.5,62.9,73.3,71.2,72.7,68.1
171,1896,1.95,4.74,3.63,6.96,4.1,4.99,55.9,68.3,69.0,74.2,72.0,61.9
171,1897,3.46,2.29,4.85,2.54,1.06,0.2,47.8,57.0,69.1,75.9,70.3,69.3
171,1898,2.2,4.66,5.67,2.11,3.79,3.86,48.1,61.9,72.8,74.6,73.1,68.6
171,1899,1.02,4.27,2.1,2.83,1.55,2.2,52.8,62.7,72.8,74.0,74.7,64.2
171,1900,1.07,4.9,4.97,5.6,4.39,1.84,51.1,63.8,69.7,73.8,77.0,67.1
171,1901,1.63,2.86,4.12,0.47,2.98,1.24,46.8,58.8,72.1,79.4,73.6,65.1
171,1902,2.21,3.28,11.5,5.21,2.07,3.98,48.1,64.2,67.6,74.1,69.4,61.7
171,1903,5.7,3.64,2.73,2.77,4.83,1.74,50.1,64.2,64.8,74.6,70.4,64.4
171,1904,3.24,2.6,2.42,4.59,3.39,3.8,44.4,60.6,68.3,71.6,69.3,65.3
171,1905,4.09,4.65,2.65,4.82,3.72,4.86,49.4,61.6,70.3,72.8,73.2,65.7
171,1906,1.94,3.39,2.27,3.29,5.89,3.36,52.3,62.6,69.1,72.2,74.5,68.3
171,1907,2.51,3.29,5.54,6.35,3.24,3.12,40.9,54.3,66.4,73.2,69.5,63.5
171,1908,4.5,7.15,1.43,2.74,1.24,1.34,49.7,61.7,69.3,74.1,72.3,68.5
171,1909,6.4,4.91,5.71,5.3,5.3,2.98,47.6,58.2,70.1,70.4,73.7,61.5
171,1910,2.67,4.71,2.11,4.99,2.5,5.04,51.0,55.3,67.9,74.0,70.1,64.3
171,1911,4.07,1.77,2.0,2.46,3.04,6.18,47.9,67.2,73.6,74.4,71.9,67.3
171,1912,4.85,3.94,3.36,4.91,4.69,2.43,51.5,63.3,67.1,73.4,70.1,67.0
171,1913,2.53,2.01,2.61,2.09,3.35,2.66,49.8,62.3,72.6,76.7,75.3,64.7
171,1914,2.71,3.17,1.49,1.1,3.15,2.0,50.2,64.1,74.0,76.9,73.9,64.7
171,1915,2.05,4.47,2.38,8.52,4.45,4.49,56.0,58.0,67.4,71.3,65.8,66.6
171,1916,1.44,6.05,4.91,2.23,2.24,2.16,48.3,61.9,65.4,79.1,75.7,64.1
171,1917,3.87,5.1,6.3,3.15,4.08,1.29,48.0,55.2,67.1,72.7,70.0,62.7
171,1918,5.15,4.32,4.48,2.43,3.31,5.19,46.4,66.1,69.8,71.4,76.4,57.0
171,1919,2.01,3.53,3.56,1.96,2.61,2.52,50.2,57.9,73.9,77.3,71.3,68.1
171,1920,6.18,3.28,1.53,3.52,2.44,2.15,44.2,59.6,70.5,72.3,70.2,67.7
171,1921,3.79,1.32,3.16,3.04,5.22,6.08,53.5,63.7,75.1,79.3,71.3,69.4
171,1922,6.27,2.89,1.75,3.73,1.67,1.15,51.3,65.0,72.1,72.8,72.3,68.5
171,1923,2.31,6.09,1.83,4.11,4.02,3.18,48.6,59.0,71.8,74.4,71.2,64.7
171,1924,3.37,3.86,8.06,1.03,5.8,4.03,51.0,54.5,68.0,70.9,71.8,60.2
171,1925,1.8,0.54,2.81,3.41,3.25,5.2,55.7,57.6,73.7,74.0,72.3,71.6
171,1926,4.46,4.03,2.26,3.19,8.0,11.58,43.5,62.6,66.2,75.2,74.2,65.5
171,1927,6.79,7.53,5.25,3.69,2.85,5.34,50.3,59.3,65.7,72.6,66.0,69.0
171,1928,1.91,2.83,6.66,5.37,3.37,2.64,45.8,60.4,64.7,73.6,73.1,60.6
171,1929,5.42,6.82,4.11,5.8,2.84,1.35,53.2,58.0,67.6,74.1,70.0,64.5
171,1930,3.89,1.52,2.14,2.26,1.86,2.85,52.5,62.4,69.9,75.7,73.2,66.9
171,1931,2.94,3.26,3.76,2.94,4.31,4.09,50.7,57.7,73.2,77.6,72.8,70.6
171,1932,1.9,1.27,3.09,3.6,4.31,4.22,50.4,62.2,72.3,75.6,72.9,64.1
171,1933,3.55,7.52,0.58,1.35,1.76,4.55,49.7,63.1,77.4,77.2,71.6,70.8
171,1934,1.37,0.61,2.64,1.87,4.87,7.27,49.9,65.8,77.1,79.8,72.4,64.3
171,1935,1.77,6.36,4.76,4.06,2.65,3.75,47.7,55.9,67.3,77.0,73.9,64.4
171,1936,2.49,3.41,0.79,1.08,4.3,5.86,45.8,64.2,70.8,81.8,78.1,69.1
171,1937,5.93,2.26,5.96,4.06,1.9,4.05,48.5,61.7,69.2,73.5,75.3,63.6
171,1938,3.01,5.13,4.8,5.58,4.67,2.84,52.0,60.6,68.9,74.8,74.8,67.2
171,1939,5.92,1.47,6.14,6.4,2.83,0.63,46.1,64.5,72.5,73.9,71.8,70.4
171,1940,3.08,4.9,3.95,1.15,3.21,1.22,47.5,57.6,71.4,75.3,74.1,64.0
171,1941,3.25,2.99,5.06,4.17,2.66,1.79,54.8,64.1,71.0,74.3,73.0,68.8
171,1942,2.77,3.66,4.71,4.13,2.75,3.21,54.5,62.0,70.7,75.0,71.1,63.4
171,1943,2.64,11.7,3.95,3.37,3.41,2.5,47.7,59.8,73.9,75.0,73.5,60.9
171,1944,6.41,5.24,2.87,1.6,3.73,1.85,48.0,66.3,74.0,74.7,73.3,65.9
171,1945,3.59,4.79,5.53,2.59,3.73,6.54,51.3,55.8,67.0,72.1,71.7,65.5
171,1946,1.46,5.53,6.87,2.33,2.02,1.58,52.4,58.0,69.9,74.2,68.4,65.5
171,1947,6.66,4.23,5.11,2.18,4.81,4.66,49.2,57.0,67.8,70.6,79.0,65.8
171,1948,2.78,3.62,5.58,5.83,1.97,3.79,54.3,58.9,70.7,74.7,72.4,67.2
171,1949,2.24,4.14,3.65,6.44,1.48,1.48,49.0,62.3,73.4,77.5,72.1,60.1
171,1950,4.72,2.22,5.81,3.65,2.55,6.26,44.0,62.7,69.3,71.6,69.2,64.1
171,1951,3.34,3.78,4.35,5.8,2.98,2.08,47.2,62.6,68.0,72.9,70.2,62.4
171,1952,4.63,5.49,7.04,2.07,4.15,2.39,50.8,60.2,75.6,76.7,71.3,64.9
171,1953,2.1,3.38,2.79,6.65,1.36,0.81,47.0,62.5,75.1,74.6,72.7,66.3
171,1954,3.96,2.7,3.11,2.63,4.43,0.4,55.0,56.7,74.5,76.4,72.1,69.2
171,1955,3.18,4.27,3.58,3.38,1.49,3.15,56.2,62.7,66.4,78.6,75.4,67.0
171,1956,2.32,4.93,2.98,4.25,2.75,0.97,48.1,62.0,71.9,72.0,72.1,64.1
171,1957,6.61,5.6,6.72,5.69,4.34,2.82,50.4,61.2,70.9,74.7,72.1,63.2
171,1958,2.18,2.29,10.67,8.46,4.94,3.1,51.3,60.5,65.0,72.1,71.6,65.2
171,1959,5.64,3.53,0.93,2.34,1.7,5.57,50.6,65.5,72.1,73.7,76.7,67.7
171,1960,2.81,3.97,6.86,3.4,3.33,2.02,53.6,58.3,68.5,71.8,73.0,69.5
171,1961,4.36,3.38,4.04,3.55,1.99,4.4,45.0,56.5,68.6,73.2,71.7,69.5
171,1962,1.9,5.59,3.15,9.34,2.99,2.59,49.1,67.5,71.2,71.4,71.4,62.6
171,1963,4.0,1.37,1.79,4.99,3.01,0.56,52.9,59.2,71.4,72.8,68.4,64.3
171,1964,7.65,0.68,5.13,4.51,1.89,2.05,51.9,65.6,72.3,73.6,70.1,65.2
171,1965,5.73,4.37,3.24,3.3,4.44,6.64,51.0,66.6,69.8,71.6,69.4,66.0
171,1966,4.35,3.27,1.95,1.73,2.68,4.25,47.9,56.0,70.6,77.1,70.0,62.6
171,1967,3.61,4.01,2.39,1.45,2.07,1.5,52.4,56.4,71.9,71.0,67.9,62.5
171,1968,3.36,6.34,4.96,5.5,5.2,2.04,51.1,57.1,71.4,73.3,72.4,64.6
171,1969,4.97,3.19,3.94,4.55,2.68,4.89,51.5,61.1,68.0,74.9,71.8,64.4
171,1970,7.3,5.3,2.53,5.63,1.97,6.29,51.8,64.4,69.8,73.7,71.6,67.5
171,1971,0.71,3.63,3.34,7.45,2.0,4.61,49.4,57.8,75.0,70.5,69.3,68.0
171,1972,6.23,2.22,5.6,3.34,3.56,8.25,48.6,63.1,66.2,72.7,71.8,66.4
171,1973,4.79,2.85,6.42,6.73,3.07,2.38,49.8,57.6,72.0,74.5,72.8,67.3
171,1974,3.43,7.11,5.73,1.11,4.42,3.39,52.4,59.1,66.8,75.8,71.1,60.2
171,1975,2.93,3.8,4.57,2.5,6.94,2.24,46.2,64.2,71.4,72.3,74.1,60.8
171,1976,1.13,2.86,6.57,2.72,1.86,2.17,52.9,58.1,70.3,72.9,68.8,62.2
171,1977,1.66,3.27,2.72,3.51,10.01,4.55,55.6,68.6,68.9,76.6,70.6,66.5
171,1978,3.4,4.62,3.75,4.4,4.07,1.25,50.8,59.1,71.4,73.6,71.7,69.3
171,1979,5.26,2.31,2.89,7.64,6.91,0.02,47.1,60.2,70.9,71.4,71.0,64.6
171,1980,2.29,1.72,6.25,2.97,3.6,3.19,47.6,62.7,68.1,77.6,75.7,66.7
171,1981,7.18,6.51,3.76,6.57,7.01,4.14,55.1,57.0,72.5,73.3,70.7,63.9
171,1982,2.88,4.91,4.42,4.03,4.07,1.09,44.3,66.5,65.8,74.0,69.2,64.1
171,1983,4.88,4.69,3.8,1.98,3.84,1.65,46.4,57.4,71.7,78.0,76.8,65.8
171,1984,3.81,5.64,2.07,4.62,2.11,2.81,48.3,58.0,74.5,71.2,73.0,63.3
171,1985,1.97,2.52,2.35,4.14,6.58,1.36,55.7,64.1,68.5,72.6,69.2,66.0
171,1986,1.99,6.4,4.76,3.72,1.67,5.31,54.0,62.6,71.8,76.8,68.9,68.7
171,1987,3.32,2.62,5.89,4.14,5.33,3.11,51.1,67.2,73.0,75.7,72.8,66.4
171,1988,2.15,1.5,0.3,2.87,2.18,2.91,50.3,64.0,72.9,76.6,77.0,66.1
171,1989,4.28,5.73,2.47,3.7,4.31,4.35,49.5,58.1,70.6,74.5,71.6,62.1
171,1990,2.8,6.25,5.19,5.8,3.57,1.6,49.9,58.4,70.8,72.4,70.3,66.2
171,1991,2.86,4.75,1.02,0.95,2.92,1.35,54.7,68.4,74.2,75.7,73.4,65.5
171,1992,3.49,1.25,2.71,11.26,1.72,4.4,48.9,60.2,67.4,71.4,67.0,63.2
171,1993,6.16,3.17,7.48,7.15,4.12,7.18,48.4,62.6,69.5,75.1,73.3,60.1
171,1994,9.07,2.67,4.06,3.3,4.19,2.88,51.6,58.8,73.0,72.7,68.7,64.2
171,1995,4.03,7.25,2.67,2.71,2.94,1.0,48.9,59.2,72.3,75.6,78.0,63.1
171,1996,3.82,6.73,5.28,5.04,1.51,1.92,47.2,59.7,70.3,71.3,71.7,63.2
171,1997,1.44,4.58,4.9,2.31,2.95,1.21,46.3,55.9,69.6,73.4,68.8,64.9
171,1998,4.69,5.5,10.47,4.26,2.97,1.32,52.5,66.5,71.0,73.1,73.4,69.9
171,1999,5.02,2.74,3.72,2.82,2.02,2.21,52.8,63.8,71.5,77.0,70.2,65.2
171,2000,1.79,5.88,5.67,4.17,2.38,3.84,49.8,64.0,69.9,71.4,72.4,65.0
171,2001,2.43,2.87,2.99,5.35,5.14,2.58,56.6,64.4,69.4,73.6,73.2,63.3
171,2002,5.34,6.0,3.3,4.89,8.29,1.67,52.4,58.2,73.3,76.7,73.0,67.8
171,2003,2.74,5.56,2.68,8.76,4.7,7.67,52.9,60.3,67.3,72.9,73.2,63.1
171,2004,1.55,5.53,8.87,4.36,4.62,0.62,53.5,66.0,68.9,71.6,67.9,67.4
171,2005,3.04,1.88,3.11,6.02,2.34,4.76,54.1,60.1,74.0,74.6,74.2,69.3
171,2006,4.29,4.79,2.65,6.06,4.3,3.06,55.0,60.2,69.9,75.4,72.4,62.5
171,2007,3.74,1.9,3.33,2.33,3.89,1.92,49.0,66.9,71.8,71.2,76.2,68.5
171,2008,2.51,5.58,7.1,4.65,1.79,4.32,51.0,57.3,72.5,72.8,70.2,66.4
171,2009,5.57,6.1,3.84,3.74,4.18,0.79,50.2,61.8,71.6,68.9,69.7,64.7
171,2010,2.38,4.86,9.42,3.71,2.4,2.61,57.4,64.0,74.5,76.2,75.2,66.6
171,2011,8.26,5.52,4.3,2.1,2.58,4.17,52.0,62.0,72.3,78.5,72.5,63.3
171,2012,1.85,2.73,2.36,1.28,6.1,4.48,53.0,67.8,71.6,79.9,71.6,63.4
171,2013,8.17,3.56,5.07,3.18,1.94,2.25,50.0,64.4,70.6,71.4,71.0,67.1
171,2014,4.05,3.57,6.82,4.37,4.71,4.03,51.3,62.6,72.4,68.4,71.6,63.1
171,2015,3.61,5.15,9.54,5.86,1.78,4.14,52.0,64.9,70.6,72.1,70.4,68.6
171,2016,3.04,3.23,4.27,5.54,5.96,4.0,51.0,60.8,73.0,73.7,74.8,69.6
171,2017,6.16,7.0,3.96,4.24,3.41,1.47,55.8,60.0,71.6,73.9,68.9,67.0
171,2018,2.72,3.46,5.89,2.7,4.69,4.45,43.6,69.7,73.4,72.9,73.4,69.3
171,2019,4.94,5.09,3.8,2.87,2.28,3.44,50.7,61.8,69.8,75.8,71.4,69.9
171,2020,4.39,4.21,3.85,4.36,2.37,1.83,48.1,59.2,72.3,75.3,71.0,64.5
171,2021,2.17,4.88,6.73,4.66,2.85,3.18,51.4,59.4,72.7,73.0,74.5,68.5
171,2022,2.31,3.61,1.47,3.62,4.84,1.25,48.6,64.6,72.2,74.3,71.8,65.1
171,2023,2.44,2.11,1.45,5.48,4.12,0.86,51.6,62.7,69.6,73.4,71.4,66.4
171,2024,6.94,3.53,2.47,6.82,3.94,1.9,53.0,66.1,72.8,71.9,71.6,67.6
171,2025,4.04,3.02,4.5,4.6,1.63,2.42,52.2,61.2,73.5,77.5,71.2,67.6
171,2026,6.74,2.38,8.04,3.72,9.01,,58.0,60.8,70.6,75.4,72.1,
173,1895,2.68,1.77,2.54,7.55,2.04,2.67,57.8,65.1,76.9,75.1,76.5,72.4
173,1896,1.43,6.93,5.03,4.84,2.37,4.51,63.3,71.6,73.3,77.4,77.3,66.9
173,1897,6.04,2.79,3.71,4.0,0.75,0.45,54.2,59.7,73.1,78.1,74.9,72.2
173,1898,3.46,5.22,3.64,2.7,4.22,3.95,52.2,66.5,76.2,78.0,76.9,72.6
173,1899,1.94,4.39,4.19,3.56,4.08,1.53,56.1,67.0,75.6,76.8,78.2,67.9
173,1900,1.36,4.29,9.83,3.86,1.74,3.5,54.6,66.4,73.3,78.8,82.0,72.3
173,1901,3.01,1.76,3.89,1.58,2.64,1.76,50.4,63.6,76.4,82.7,75.7,68.0
173,1902,2.31,2.84,4.26,1.96,2.01,4.04,53.0,70.8,73.6,77.8,75.0,65.1
173,1903,4.28,2.72,3.64,2.93,4.13,0.89,54.1,67.7,67.8,77.6,75.4,68.0
173,1904,3.44,2.88,3.98,3.06,2.74,4.82,49.2,64.2,71.7,74.5,73.9,69.7
173,1905,3.44,4.93,4.21,8.48,3.14,2.22,54.9,67.0,74.4,75.2,76.1,70.3
173,1906,1.84,1.41,3.92,3.22,4.54,6.32,57.7,65.9,73.6,75.7,77.7,72.7
173,1907,3.04,4.8,4.96,3.65,6.28,1.8,46.0,59.8,70.5,78.4,74.6,67.6
173,1908,6.41,4.96,2.17,2.67,1.86,1.27,55.5,65.7,73.3,77.2,76.5,71.7
173,1909,6.18,3.67,4.2,6.08,1.33,2.53,53.9,62.6,74.4,75.0,78.0,66.9
173,1910,4.85,3.2,4.23,10.07,1.63,6.28,54.1,60.0,70.6,76.3,73.8,70.5
173,1911,6.98,2.49,3.78,1.12,3.11,4.57,53.0,69.1,76.4,76.7,75.9,73.3
173,1912,6.72,3.88,4.08,5.56,5.15,4.15,57.3,66.4,69.4,77.3,74.2,70.1
173,1913,3.46,1.36,2.22,1.67,2.32,3.68,53.9,65.5,76.2,80.3,79.6,69.2
173,1914,3.11,0.73,2.78,1.63,3.88,4.66,54.6,66.2,78.9,80.1,76.9,67.5
173,1915,0.73,8.33,5.83,4.54,8.29,2.7,59.9,64.5,71.4,75.6,70.6,70.8
173,1916,3.03,3.08,8.1,2.11,3.54,2.7,52.4,66.5,69.6,80.6,77.8,67.6
173,1917,5.32,4.41,5.08,3.4,2.5,2.0,54.3,58.8,70.7,75.7,73.8,67.5
173,1918,5.76,4.77,3.77,2.95,2.64,3.89,51.2,69.5,73.7,74.4,79.8,61.1
173,1919,3.21,4.98,6.21,1.09,2.42,1.9,56.1,62.3,76.6,79.2,75.0,71.6
173,1920,3.57,5.03,3.29,3.54,3.83,4.54,52.0,64.1,72.5,75.4,73.7,70.5
173,1921,3.84,2.54,4.18,2.2,4.18,4.49,57.5,66.2,77.8,81.5,75.3,73.8
173,1922,4.52,3.03,2.34,3.78,1.89,1.88,58.5,67.6,75.2,75.4,74.8,71.8
173,1923,3.98,5.79,4.42,2.19,5.79,2.72,53.2,62.7,72.9,76.8,75.7,67.8
173,1924,3.14,4.33,4.87,2.9,1.93,2.38,56.6,58.1,73.6,73.6,76.1,65.0
173,1925,2.24,1.34,6.2,2.36,1.19,5.87,61.2,60.4,76.6,76.9,76.5,76.2
173,1926,3.34,0.67,2.79,1.93,4.54,4.72,49.6,66.6,71.1,78.6,77.1,71.6
173,1927,7.75,9.7,3.91,3.75,1.95,5.75,58.1,64.3,70.0,76.0,70.5,71.9
173,1928,4.79,3.5,10.3,0.97,3.27,0.23,51.4,63.6,68.7,77.9,77.6,65.0
173,1929,4.12,8.15,3.74,1.46,3.5,4.4,58.2,62.5,71.2,77.8,73.9,68.1
173,1930,0.84,1.17,2.73,0.55,1.6,4.04,57.8,65.9,72.8,80.8,77.1,70.4
173,1931,4.43,3.16,4.14,1.25,5.75,3.99,55.2,61.6,76.0,80.4,75.4,74.3
173,1932,3.8,0.72,2.25,2.54,4.81,6.98,55.9,65.2,75.2,79.1,76.1,68.5
173,1933,6.15,7.48,0.87,5.57,2.38,2.65,54.7,67.6,77.7,78.0,74.8,74.9
173,1934,1.94,2.26,7.45,4.34,5.13,6.94,55.8,67.6,78.4,81.1,76.8,67.4
173,1935,3.31,8.46,6.01,3.78,2.35,1.62,53.6,62.0,69.8,79.1,77.2,68.0
173,1936,3.83,1.87,1.41,2.36,1.23,3.16,51.4,68.7,75.8,83.5,82.3,73.8
173,1937,4.18,5.99,3.63,1.74,3.24,3.03,54.5,65.5,74.5,76.1,78.8,67.2
173,1938,1.53,5.55,5.77,5.31,2.97,2.22,57.9,65.1,72.1,77.1,78.0,70.4
173,1939,6.96,2.31,7.3,3.36,2.72,0.65,52.3,66.6,74.8,77.8,75.2,73.9
173,1940,6.54,3.44,1.86,2.21,2.59,1.16,53.6,62.2,74.2,77.3,77.3,67.3
173,1941,2.84,2.2,3.08,3.88,3.78,1.17,59.8,68.1,75.6,78.5,77.6,72.3
173,1942,3.78,4.05,4.62,2.32,3.33,1.7,57.9,65.4,74.9,78.5,75.4,68.0
173,1943,4.4,5.66,4.7,3.49,0.23,3.25,54.1,66.4,78.0,79.2,79.2,65.3
173,1944,5.25,3.17,1.85,1.48,3.53,2.62,55.2,69.7,78.2,78.0,76.9,68.7
173,1945,5.14,3.08,7.06,3.11,5.41,6.58,57.2,61.2,71.3,75.2,74.6,70.5
173,1946,2.18,7.51,2.86,3.05,4.79,0.95,58.7,62.8,74.1,76.7,71.2,67.9
173,1947,6.36,5.0,4.25,4.99,2.15,3.33,56.3,62.3,72.4,73.1,81.2,69.5
173,1948,4.7,3.78,2.64,5.43,1.43,3.05,58.8,63.5,75.0,77.2,74.7,69.2
173,1949,2.29,2.7,5.63,2.81,3.98,2.54,53.5,66.2,75.2,79.8,75.3,62.8
173,1950,5.27,6.98,3.58,4.73,5.83,5.43,50.5,66.2,72.6,73.7,71.6,66.2
173,1951,3.66,1.88,6.32,3.14,1.95,3.63,52.0,65.8,73.2,77.1,75.9,66.3
173,1952,2.88,3.61,2.99,1.81,2.95,2.65,54.6,65.1,80.2,79.6,75.8,67.1
173,1953,5.61,4.38,0.68,2.52,0.68,0.66,52.0,67.2,79.2,79.0,76.7,69.9
173,1954,3.43,3.46,2.19,1.49,3.35,2.81,60.7,60.4,76.9,80.4,77.5,71.8
173,1955,6.52,3.67,3.24,2.93,1.03,3.48,60.0,66.4,68.5,80.8,77.9,71.7
173,1956,3.43,4.57,2.22,3.1,3.68,2.01,52.9,66.1,73.9,76.5,75.4,66.6
173,1957,5.96,8.81,6.24,2.66,1.51,2.6,58.4,65.2,74.6,76.6,74.8,68.1
173,1958,4.13,3.71,5.68,8.91,1.99,2.68,54.7,64.5,70.6,76.3,74.9,68.4
173,1959,1.19,5.93,3.4,5.42,6.33,2.7,56.0,68.3,73.2,75.8,77.5,70.0
173,1960,2.65,4.26,6.11,2.06,3.25,1.74,58.2,61.5,72.6,75.0,76.5,72.0
173,1961,4.77,11.03,4.33,3.28,3.66,0.92,50.6,60.3,71.0,76.0,73.9,71.2
173,1962,1.23,4.65,3.66,2.46,2.61,4.78,53.2,72.6,73.2,76.5,75.4,65.1
173,1963,1.44,4.38,2.09,5.01,2.21,0.85,57.8,63.0,74.0,75.5,74.0,67.3
173,1964,4.78,2.24,2.48,3.31,2.44,3.25,58.9,67.4,75.2,76.8,75.4,68.0
173,1965,3.32,1.33,3.97,4.69,2.63,5.64,57.5,69.5,73.4,75.7,74.5,69.1
173,1966,6.36,3.92,1.37,1.89,3.96,3.58,52.9,61.3,72.8,80.8,73.4,65.4
173,1967,3.87,5.42,2.8,6.53,2.86,1.45,59.4,61.8,72.9,72.9,70.0,65.1
173,1968,3.71,6.0,2.38,4.37,2.7,3.38,56.7,62.9,74.3,77.1,76.3,67.8
173,1969,3.49,4.04,4.9,7.95,3.97,2.9,56.3,65.3,73.6,78.6,74.2,67.6
173,1970,7.32,3.04,5.73,4.16,2.79,3.23,58.1,68.0,72.3,75.2,75.3,73.8
173,1971,2.55,4.07,4.09,4.94,2.86,5.73,55.2,60.8,76.8,75.3,73.6,71.4
173,1972,7.69,2.41,1.72,5.09,3.09,2.47,56.1,66.2,71.4,75.5,74.5,71.6
173,1973,5.95,4.94,6.22,4.14,3.15,1.56,54.3,61.0,74.5,77.6,76.0,72.1
173,1974,3.75,6.78,3.75,0.95,8.63,4.71,56.1,65.8,69.3,77.1,74.0,63.2
173,1975,6.24,3.14,3.57,3.81,5.36,3.04,53.2,68.4,74.3,76.0,76.4,64.3
173,1976,1.46,6.25,5.04,3.31,1.1,3.49,56.3,60.4,71.8,75.6,72.0,65.7
173,1977,4.09,2.68,5.08,4.2,8.1,3.64,59.9,70.3,73.4,79.4,75.6,71.6
173,1978,3.55,4.09,1.69,5.9,4.39,2.01,56.3,63.3,75.0,78.0,75.2,71.4
173,1979,6.45,3.77,4.56,12.1,6.28,3.63,53.5,62.8,73.8,75.3,74.2,67.6
173,1980,2.72,3.76,5.46,5.22,1.95,3.35,52.5,64.9,72.7,80.6,80.1,71.4
173,1981,3.67,9.9,1.86,4.97,6.51,2.48,61.1,60.6,75.4,77.6,74.6,65.8
173,1982,2.98,4.17,3.95,2.78,3.71,7.38,51.0,69.5,69.8,77.6,73.2,66.3
173,1983,10.38,9.63,4.14,1.69,1.57,1.12,49.9,61.8,73.5,80.3,80.7,69.9
173,1984,5.76,4.57,1.86,2.8,2.28,5.63,53.8,62.0,77.1,74.8,75.3,66.2
173,1985,3.0,3.91,5.77,1.67,4.75,2.52,58.9,66.1,72.4,77.4,74.0,67.9
173,1986,1.91,3.75,3.37,5.62,3.28,4.34,57.9,66.9,75.8,79.6,72.2,71.8
173,1987,2.53,4.25,5.95,4.38,1.09,1.72,53.7,70.8,75.7,77.8,77.5,70.3
173,1988,2.38,1.82,0.79,5.92,3.43,2.38,55.4,65.8,74.3,78.2,78.3,68.6
173,1989,3.99,4.48,4.33,6.26,4.06,3.06,55.5,61.6,72.4,76.4,75.1,67.4
173,1990,4.01,10.79,3.92,3.73,4.47,2.15,53.4,61.8,73.7,76.0,73.9,70.0
173,1991,2.83,3.1,1.92,1.88,1.56,3.18,58.8,71.0,76.1,78.1,76.7,69.4
173,1992,1.91,4.06,2.0,7.39,2.99,4.02,55.8,62.3,70.3,77.1,71.0,67.0
173,1993,4.84,3.87,4.33,4.03,2.57,6.83,53.1,64.8,73.8,80.8,77.1,66.0
173,1994,5.66,2.06,3.42,1.65,3.29,2.18,57.5,61.4,76.0,76.7,72.9,66.0
173,1995,5.09,11.54,4.55,3.78,3.75,0.69,56.4,64.2,73.4,78.0,80.0,66.3
173,1996,11.13,7.77,5.25,3.84,1.88,8.95,51.8,67.5,74.2,75.2,75.4,66.3
173,1997,3.58,8.02,6.31,2.63,3.7,1.87,50.4,60.4,71.7,77.2,74.0,68.0
173,1998,7.73,5.38,7.49,4.51,3.41,0.65,54.8,69.1,74.9,77.4,76.3,73.3
173,1999,5.37,3.57,5.76,2.28,0.81,0.37,57.6,65.4,74.6,80.1,75.0,68.5
173,2000,2.6,3.84,6.94,4.5,6.41,4.51,53.7,67.6,73.7,75.0,75.8,67.2
173,2001,1.79,3.41,3.8,5.6,5.02,3.23,60.9,67.3,72.3,77.2,76.9,67.3
173,2002,8.06,6.6,2.93,2.7,1.19,6.27,58.6,63.1,76.0,80.0,78.3,73.0
173,2003,4.3,7.43,4.1,3.57,2.0,3.56,57.5,64.4,69.6,76.9,77.0,66.6
173,2004,2.84,9.41,1.53,5.53,3.57,0.71,57.1,69.8,73.6,75.1,72.3,69.5
173,2005,3.13,3.03,3.37,3.53,7.2,2.02,57.0,63.3,75.4,77.4,78.9,72.0
173,2006,3.53,5.31,4.8,5.94,5.7,9.8,60.4,63.7,73.6,77.8,77.6,64.8
173,2007,4.14,2.25,2.51,2.87,0.86,3.29,53.7,69.4,75.0,75.5,81.8,72.7
173,2008,6.34,6.43,3.54,3.69,0.82,1.44,55.0,62.5,76.1,76.7,74.6,70.8
173,2009,6.43,6.08,3.1,6.34,1.99,6.91,56.4,66.0,76.3,73.1,74.3,69.3
173,2010,3.69,5.18,3.0,5.16,1.28,0.51,61.4,68.6,79.0,79.7,79.7,70.9
173,2011,12.71,8.14,6.13,6.49,0.72,6.79,58.9,64.5,75.7,81.4,76.7,66.9
173,2012,1.6,3.04,1.15,1.97,3.92,5.58,58.7,71.5,74.8,83.4,75.7,67.9
173,2013,3.85,4.28,6.36,4.92,1.29,3.65,55.9,66.2,74.0,75.1,75.1,70.2
173,2014,11.37,3.99,4.13,2.71,5.09,2.41,57.1,66.9,75.8,73.0,76.4,67.8
173,2015,7.35,3.57,8.42,6.38,2.49,1.4,57.9,67.6,75.5,78.0,73.6,71.2
173,2016,5.43,4.43,2.95,8.78,2.63,2.49,56.6,63.2,77.0,78.0,78.1,72.2
173,2017,6.54,4.91,3.04,4.25,2.71,3.31,61.4,66.1,74.0,78.4,73.2,69.5
173,2018,3.63,6.43,8.04,2.52,1.71,8.05,50.2,73.0,77.2,77.6,76.6,73.0
173,2019,5.69,7.73,8.25,4.2,5.37,0.14,57.2,67.9,72.9,77.8,75.6,75.1
173,2020,4.12,5.61,5.75,5.33,5.19,2.44,52.9,63.3,75.0,79.2,74.8,68.3
173,2021,2.63,3.16,2.54,5.45,5.66,3.74,55.6,63.0,75.1,76.7,77.5,70.4
173,2022,4.53,4.58,1.97,6.69,2.6,2.41,54.4,68.4,75.4,79.1,76.2,68.9
173,2023,3.47,3.19,3.61,4.15,6.42,0.87,56.6,65.8,72.4,78.0,75.6,70.2
173,2024,5.1,6.68,1.71,6.92,1.18,5.57,59.4,69.3,75.6,76.9,76.0,71.6
173,2025,9.15,6.21,4.91,5.45,0.68,3.33,58.4,64.5,76.6,81.0,74.9,70.9
173,2026,2.74,4.96,9.63,2.84,3.23,,64.3,65.4,74.6,79.0,76.5,
175,1895,2.52,2.35,3.97,4.67,1.96,1.44,55.0,63.3,75.1,73.6,75.5,70.7
175,1896,0.28,5.14,5.46,6.31,3.93,4.74,60.2,69.1,71.4,75.7,74.0,64.9
175,1897,4.17,2.7,4.28,5.23,0.85,0.53,52.0,58.5,70.8,76.6,72.8,69.0
175,1898,2.08,4.21,3.23,1.81,4.06,5.17,49.7,64.6,74.3,77.3,75.0,70.2
175,1899,2.83,4.12,4.54,3.41,3.44,1.03,54.0,65.1,73.6,75.1,75.6,66.5
175,1900,1.8,4.22,5.99,3.6,3.47,1.01,52.8,64.5,72.0,75.8,79.0,71.8
175,1901,2.93,1.93,6.02,0.63,2.55,2.28,48.3,61.8,73.8,81.4,75.2,66.9
175,1902,2.28,6.73,5.74,2.19,2.88,4.14,51.8,67.8,71.1,76.2,72.6,64.5
175,1903,4.99,2.32,4.7,1.65,3.4,1.17,52.8,66.2,67.0,76.0,73.2,67.4
175,1904,2.38,2.2,3.78,2.56,1.46,3.13,48.5,62.9,71.0,73.4,72.8,68.6
175,1905,3.03,5.28,2.97,4.98,4.98,3.75,53.6,65.3,72.8,73.9,74.6,68.0
175,1906,1.57,1.88,2.63,2.47,4.07,5.51,54.9,63.4,72.2,74.3,76.0,70.8
175,1907,3.02,3.65,5.6,4.92,5.04,3.45,44.8,58.5,68.6,75.7,72.4,66.6
175,1908,5.54,6.03,1.87,2.09,1.12,0.93,54.1,65.0,71.7,76.3,74.8,70.4
175,1909,5.13,4.82,4.14,8.44,1.56,1.56,52.1,61.1,73.6,73.0,75.2,65.0
175,1910,4.8,4.96,3.36,8.1,1.56,3.37,53.3,58.5,68.8,74.8,71.4,68.4
175,1911,6.16,3.67,3.59,2.07,2.73,6.38,50.8,67.2,73.2,74.9,74.9,71.2
175,1912,6.42,5.26,2.2,3.61,6.28,3.64,55.3,65.0,68.2,76.0,72.4,68.6
175,1913,3.55,1.79,2.7,1.6,2.58,3.17,51.8,63.8,73.6,78.9,76.9,67.6
175,1914,3.43,1.23,2.39,2.08,7.0,2.06,52.5,63.7,75.6,77.4,74.4,66.3
175,1915,1.01,7.74,4.28,5.8,6.08,2.39,57.3,61.6,69.6,73.6,68.8,68.4
175,1916,3.76,3.86,7.3,4.71,5.12,2.75,51.2,65.1,67.8,78.0,75.8,65.1
175,1917,4.76,5.67,4.3,3.0,2.33,1.35,51.3,56.2,68.6,73.4,72.2,65.9
175,1918,3.16,6.08,3.26,3.75,4.35,2.92,50.8,67.5,71.2,72.0,78.5,59.6
175,1919,3.16,4.47,4.49,1.53,3.64,2.25,53.4,60.2,74.9,77.4,72.2,68.9
175,1920,5.61,4.21,1.85,2.42,5.34,4.21,48.7,61.0,70.0,73.2,71.1,68.3
175,1921,4.43,2.38,3.78,2.05,5.52,4.77,55.4,63.4,76.1,79.5,73.3,71.9
175,1922,4.6,3.05,2.59,4.11,1.95,1.83,56.2,65.9,73.1,74.1,73.5,70.7
175,1923,3.97,4.28,3.91,4.53,4.99,3.23,51.0,61.4,71.6,75.1,73.7,67.5
175,1924,4.11,4.48,4.3,1.61,3.74,3.98,54.3,57.1,71.8,71.5,73.7,62.9
175,1925,1.95,1.56,4.1,2.69,3.74,4.48,58.8,58.2,74.5,74.3,73.8,73.9
175,1926,3.96,1.73,2.66,3.71,5.22,4.63,47.3,63.9,68.1,75.9,75.2,69.6
175,1927,5.63,9.89,3.06,3.03,2.88,4.96,55.0,62.2,67.4,73.9,67.7,70.5
175,1928,4.32,3.89,7.47,2.65,4.48,0.98,48.7,61.0,66.2,73.7,73.9,62.0
175,1929,5.5,9.78,3.45,4.08,2.44,4.65,56.5,61.0,69.3,74.7,71.3,66.2
175,1930,1.6,1.06,2.21,0.74,2.42,5.23,55.4,63.9,70.8,78.7,75.1,68.8
175,1931,4.32,2.61,3.46,4.29,4.5,5.18,53.0,59.7,73.4,77.5,72.6,71.9
175,1932,3.74,1.15,4.76,3.89,5.11,6.3,52.4,62.5,72.1,76.5,73.4,66.4
175,1933,6.1,9.38,0.49,1.71,2.3,4.4,51.9,65.6,75.8,76.2,73.0,73.2
175,1934,1.25,1.22,6.86,2.16,5.42,4.61,53.2,65.8,76.3,79.5,74.3,66.4
175,1935,2.71,7.52,4.72,2.55,4.07,1.92,51.0,59.5,67.0,77.2,74.7,65.8
175,1936,4.07,1.07,1.07,3.22,1.1,3.24,48.7,65.2,72.3,80.8,79.8,71.8
175,1937,4.7,4.38,3.9,1.46,4.0,2.62,52.1,63.0,72.3,74.2,76.2,64.8
175,1938,1.64,5.16,3.26,8.2,3.77,2.66,56.0,63.6,69.8,75.7,76.1,69.0
175,1939,5.74,1.24,5.77,4.06,2.29,1.02,50.3,65.0,73.1,75.2,74.0,72.6
175,1940,7.13,3.78,5.01,1.38,2.41,1.28,50.7,59.3,71.6,74.7,75.3,64.3
175,1941,2.85,0.98,6.31,3.85,2.73,1.61,56.9,65.4,72.6,76.5,75.2,70.7
175,1942,3.22,4.8,7.45,3.65,3.57,1.68,55.6,63.2,72.4,76.1,73.6,66.4
175,1943,3.34,4.83,2.56,4.13,0.65,2.64,51.5,65.0,76.0,77.0,76.7,63.8
175,1944,5.61,4.16,0.86,2.49,7.56,3.98,53.1,69.0,76.2,76.0,74.9,66.6
175,1945,4.79,3.96,7.56,3.75,2.23,6.27,54.5,59.2,69.4,72.9,72.6,69.5
175,1946,2.2,7.23,3.26,5.19,4.5,0.76,55.7,60.6,71.8,74.1,68.4,65.8
175,1947,8.31,5.98,5.33,5.02,3.1,2.99,54.1,60.0,69.6,70.3,78.9,67.7
175,1948,5.58,3.57,3.39,7.84,1.92,1.89,56.8,61.8,71.8,74.8,72.5,67.2
175,1949,1.79,3.45,8.87,2.61,6.86,2.5,51.3,64.3,73.2,78.4,73.8,61.1
175,1950,5.56,5.72,5.97,3.25,4.14,4.11,48.5,64.2,70.1,72.0,70.2,64.6
175,1951,3.59,2.78,4.53,2.17,2.76,3.25,50.3,63.9,71.2,74.7,73.5,64.8
175,1952,3.01,2.85,4.38,1.96,1.68,3.5,52.9,62.8,77.1,77.7,74.2,65.7
175,1953,3.76,4.02,2.14,6.29,1.16,0.4,49.8,65.9,76.0,75.1,73.9,67.6
175,1954,3.13,2.3,2.81,1.52,4.75,3.56,58.8,58.2,74.2,78.4,75.4,70.5
175,1955,2.99,3.31,3.72,5.17,1.27,5.41,58.3,64.2,66.4,78.5,76.0,69.8
175,1956,3.88,3.77,4.95,3.41,3.41,2.63,50.8,63.8,71.4,74.1,72.6,64.0
175,1957,7.06,6.63,7.66,3.88,2.45,3.05,56.0,63.1,72.2,74.6,72.4,66.5
175,1958,3.4,4.84,4.75,8.17,4.09,5.6,52.8,62.0,68.3,73.6,71.9,66.4
175,1959,1.45,4.17,2.65,3.25,3.27,1.66,54.3,67.1,71.3,74.9,76.3,69.1
175,1960,1.52,4.17,9.36,3.82,2.37,0.93,56.4,59.6,69.7,72.5,74.8,70.3
175,1961,4.04,8.61,4.38,4.67,4.16,1.13,47.8,57.5,68.3,73.9,71.9,69.6
175,1962,0.85,4.65,3.08,4.46,3.08,2.79,50.7,69.4,71.2,73.5,73.1,62.9
175,1963,2.02,3.06,2.7,5.87,2.82,1.44,55.9,60.4,71.0,72.6,70.4,64.7
175,1964,5.84,1.85,6.95,3.37,2.0,2.1,56.8,65.1,72.5,74.2,73.0,66.4
175,1965,4.76,1.98,3.31,4.07,2.77,7.31,55.2,67.8,70.9,72.8,72.0,67.7
175,1966,7.08,2.62,1.37,4.1,4.16,3.04,50.3,59.4,70.5,77.8,71.1,63.9
175,1967,4.49,6.31,3.3,3.53,3.95,1.23,56.4,59.7,71.0,71.5,68.5,62.5
175,1968,4.32,8.94,1.99,6.16,3.61,3.62,53.8,59.6,71.5,74.8,74.5,65.9
175,1969,4.32,4.13,5.5,4.98,3.18,1.79,54.6,63.4,71.2,75.9,71.6,65.1
175,1970,6.05,3.79,5.71,2.38,3.38,2.89,55.4,65.7,71.0,73.5,73.3,71.4
175,1971,1.96,4.74,2.89,5.98,3.04,3.89,51.6,58.5,74.3,72.2,70.9,69.3
175,1972,8.1,2.86,2.65,4.62,3.42,5.01,52.8,63.6,68.0,74.0,72.8,69.5
175,1973,5.72,4.16,5.24,7.03,1.69,1.85,51.8,59.0,72.9,75.4,73.6,69.3
175,1974,4.6,7.71,2.64,1.82,6.48,6.05,54.5,62.6,66.7,74.2,72.5,61.4
175,1975,5.75,3.69,4.45,1.58,2.94,4.01,50.6,66.2,71.8,74.2,76.0,62.8
175,1976,0.98,4.38,5.7,3.92,3.35,3.56,54.2,58.6,70.3,73.3,70.3,63.0
175,1977,3.86,2.47,5.14,4.35,9.04,1.7,57.3,67.9,70.3,77.3,73.5,69.5
175,1978,3.44,5.36,2.76,7.85,6.08,1.18,54.4,60.4,72.1,74.9,72.7,69.3
175,1979,5.7,4.28,5.28,8.55,5.3,4.85,51.4,60.8,71.1,72.5,72.6,65.1
175,1980,2.98,4.26,4.04,5.03,3.54,2.73,50.4,63.2,69.9,78.0,77.8,68.8
175,1981,5.85,5.84,3.43,3.65,4.08,3.01,58.5,58.9,73.2,75.3,72.1,64.3
175,1982,2.82,4.54,5.12,3.59,4.94,3.99,48.3,67.2,67.3,75.3,70.5,64.4
175,1983,7.57,9.56,2.99,1.32,3.87,1.94,48.7,59.8,70.8,78.2,78.1,67.8
175,1984,6.01,5.59,1.31,4.4,1.74,2.99,51.8,59.8,74.3,71.9,73.4,64.7
175,1985,1.55,5.3,6.43,4.27,6.97,1.01,57.1,63.8,69.8,74.3,71.9,65.8
175,1986,2.19,2.6,2.76,6.01,3.19,4.12,55.4,64.4,72.8,77.0,70.2,70.1
175,1987,2.76,2.53,4.85,5.34,0.86,1.74,51.8,67.9,73.0,76.0,75.1,67.7
175,1988,2.96,1.47,0.51,6.13,2.12,4.14,52.6,63.1,72.8,76.7,76.4,65.9
175,1989,5.61,3.68,4.88,6.47,3.67,3.18,52.6,59.2,70.6,74.7,72.4,65.2
175,1990,3.45,8.99,5.73,3.66,2.96,2.11,51.7,60.2,70.9,73.9,72.1,67.8
175,1991,2.98,3.01,1.97,1.62,4.58,3.52,56.5,69.3,73.8,76.6,74.5,67.4
175,1992,2.93,3.01,2.83,7.3,5.29,2.08,53.6,60.2,67.7,74.7,69.1,65.0
175,1993,4.63,3.45,4.0,3.9,6.24,4.64,51.0,62.5,70.7,78.3,74.7,63.9
175,1994,6.3,3.59,2.61,2.21,2.79,3.95,55.4,59.2,73.9,74.8,71.7,64.2
175,1995,4.64,11.02,4.22,3.16,5.51,0.98,54.2,62.9,71.7,75.6,78.0,64.4
175,1996,10.5,8.59,5.68,4.91,2.44,7.51,50.2,65.0,71.8,72.8,73.4,64.9
175,1997,2.65,8.15,7.1,1.88,3.39,1.39,48.6,58.4,69.2,75.3,71.8,66.1
175,1998,7.92,4.99,7.37,3.9,3.21,0.56,53.4,67.3,72.4,74.7,74.5,70.9
175,1999,4.0,3.2,4.77,2.16,1.93,0.69,55.9,64.0,72.8,78.8,73.4,66.7
175,2000,4.27,4.0,5.65,4.93,6.08,4.51,51.9,65.7,71.8,73.0,73.0,64.8
175,2001,1.78,4.45,4.91,4.24,3.31,4.64,59.1,64.8,69.9,75.0,74.8,64.7
175,2002,6.01,8.14,3.24,1.8,1.94,5.74,56.0,60.7,73.5,77.3,76.5,70.7
175,2003,4.85,6.59,3.42,5.09,2.87,4.75,55.6,62.9,67.2,73.8,74.8,64.2
175,2004,4.17,10.43,2.35,4.89,3.87,0.17,54.5,68.3,71.4,72.9,69.9,67.7
175,2005,3.73,3.37,3.93,3.64,5.57,2.8,55.5,60.7,73.5,75.2,76.3,70.2
175,2006,5.15,4.84,5.02,3.99,5.76,7.6,57.7,60.8,70.4,75.3,75.2,63.0
175,2007,4.34,1.81,2.85,4.24,1.39,3.16,51.1,66.8,72.6,72.7,79.3,70.9
175,2008,3.87,6.63,4.0,3.94,1.31,3.8,53.9,60.5,73.7,74.4,72.1,69.1
175,2009,4.76,7.48,5.04,7.16,2.84,6.81,53.9,63.5,72.9,70.1,71.7,66.8
175,2010,3.38,6.02,6.55,3.45,1.72,0.33,58.8,65.9,76.1,77.6,76.9,68.6
175,2011,13.3,7.09,6.58,2.29,2.72,5.61,56.8,63.2,73.1,79.4,74.3,64.8
175,2012,3.26,4.46,1.03,3.64,2.34,6.34,55.0,69.3,72.2,81.1,73.4,65.8
175,2013,4.64,3.66,7.79,4.06,1.4,3.32,53.2,64.8,72.0,73.1,72.7,68.2
175,2014,8.66,4.61,3.32,4.76,4.89,2.97,55.8,65.1,73.9,70.8,73.6,65.7
175,2015,8.24,2.78,8.39,7.13,2.37,1.68,55.6,65.9,72.8,74.9,71.6,69.3
175,2016,4.85,4.44,4.58,5.52,6.01,2.21,54.9,61.8,74.4,76.3,76.4,71.2
175,2017,4.91,6.29,3.66,5.8,2.05,3.5,60.2,63.8,71.4,75.4,71.4,67.7
175,2018,4.07,3.66,7.55,3.42,4.46,8.6,48.6,71.2,74.7,75.0,75.1,71.4
175,2019,6.58,6.2,9.58,3.25,3.83,0.26,55.4,66.3,70.7,76.6,74.1,73.4
175,2020,4.35,5.15,3.69,6.72,5.38,2.05,51.1,61.0,72.2,77.1,72.5,66.2
175,2021,4.3,2.34,4.82,7.72,4.43,5.89,53.3,61.2,72.8,75.0,75.8,69.0
175,2022,4.15,5.58,2.75,7.8,3.65,2.43,52.3,66.7,73.0,76.9,74.3,67.6
175,2023,3.47,3.44,3.43,5.2,4.52,1.05,54.6,63.0,69.4,75.6,73.0,68.6
175,2024,6.33,5.92,1.88,5.63,2.83,5.81,57.2,67.7,73.2,74.9,74.3,69.7
175,2025,8.83,4.83,4.78,6.04,1.94,3.32,55.4,61.7,73.6,78.2,72.1,68.2
175,2026,5.3,8.29,7.74,3.54,4.45,,61.4,62.0,71.4,76.5,74.8,
177,1895,1.56,1.69,4.21,0.75,1.62,2.44,51.8,61.1,72.3,72.3,73.4,68.7
177,1896,1.56,3.37,3.9,6.86,9.04,5.55,57.5,68.2,69.5,73.4,71.0,61.3
177,1897,4.88,3.68,3.97,3.46,1.75,1.1,48.6,56.1,68.3,75.6,68.7,66.2
177,1898,1.98,3.54,2.78,2.83,3.87,3.99,47.4,61.4,71.2,74.9,72.4,68.3
177,1899,1.45,2.21,1.89,3.29,3.81,1.53,52.8,62.8,71.8,73.7,74.3,64.3
177,1900,1.83,5.46,5.21,5.94,3.14,2.25,49.2,62.8,69.4,73.2,76.0,69.2
177,1901,2.74,2.61,4.16,1.92,3.95,1.54,46.5,59.3,71.5,78.8,73.1,64.8
177,1902,2.08,3.47,8.83,2.07,1.99,4.58,48.4,64.5,68.1,74.4,69.5,63.3
177,1903,3.43,4.51,4.09,4.26,2.83,1.27,49.7,63.8,64.6,73.2,70.6,65.0
177,1904,3.49,3.69,3.31,2.32,1.43,2.83,44.2,60.2,67.9,70.9,69.2,65.5
177,1905,4.2,6.76,3.1,2.86,5.7,3.8,49.4,61.5,70.0,72.9,72.2,65.4
177,1906,2.15,1.86,2.62,3.2,5.16,2.65,51.7,61.7,69.2,72.4,74.3,68.1
177,1907,2.65,2.65,6.47,5.58,3.33,3.02,40.7,54.7,65.9,73.0,69.1,64.2
177,1908,3.67,5.03,2.64,3.86,1.88,0.86,50.8,62.0,68.6,73.3,71.3,67.8
177,1909,4.49,5.5,5.46,5.32,3.99,1.58,48.2,58.3,71.1,70.4,72.0,62.2
177,1910,3.34,4.69,1.66,3.76,0.79,6.39,50.8,55.5,65.9,73.1,70.0,65.8
177,1911,4.76,1.93,4.42,1.09,4.01,3.94,47.2,66.0,70.8,73.1,71.8,68.1
177,1912,4.96,2.95,1.98,4.24,5.05,2.83,51.9,62.8,66.5,73.4,69.5,66.0
177,1913,4.25,3.04,4.23,5.04,2.61,2.55,49.2,60.7,70.4,74.9,73.4,64.1
177,1914,3.73,1.85,3.07,2.48,4.73,1.95,49.8,62.6,72.0,75.2,72.2,64.0
177,1915,2.12,4.36,3.37,5.5,7.09,4.41,54.4,57.4,67.2,71.2,65.8,65.8
177,1916,3.46,3.6,5.75,1.12,4.76,2.3,48.5,62.2,64.9,77.6,73.3,63.0
177,1917,4.22,4.43,4.98,2.51,3.22,1.88,47.4,54.3,67.0,72.1,70.0,61.7
177,1918,4.85,3.94,3.82,3.46,5.21,3.96,46.9,65.9,68.9,70.4,76.0,56.8
177,1919,3.36,4.03,2.31,4.12,3.02,1.68,49.3,57.5,74.0,75.4,70.0,66.7
177,1920,7.0,2.89,3.0,4.44,4.22,1.73,45.1,58.9,69.1,70.7,69.4,66.1
177,1921,5.18,1.88,3.14,2.2,3.95,4.84,53.2,62.6,74.5,78.6,70.4,69.4
177,1922,7.78,3.62,2.21,4.46,3.91,3.06,52.6,64.7,71.5,72.3,70.4,67.6
177,1923,1.97,4.16,3.01,2.24,5.06,3.38,47.7,58.7,70.5,73.3,70.5,64.9
177,1924,1.87,4.05,9.12,2.25,2.37,3.85,50.3,54.0,68.6,69.8,70.8,60.0
177,1925,2.43,2.33,3.11,5.25,2.79,5.43,54.5,55.9,72.6,72.0,70.7,70.5
177,1926,3.32,3.71,1.97,3.61,9.09,11.41,43.6,60.8,65.1,72.6,73.0,66.0
177,1927,6.41,4.1,3.74,2.81,3.07,4.32,49.9,59.7,64.4,71.8,64.6,67.6
177,1928,3.59,2.37,7.79,3.22,2.52,0.74,46.0,58.4,63.7,72.5,72.7,60.3
177,1929,4.72,7.06,7.12,5.02,2.42,3.1,52.8,57.8,66.3,72.2,67.5,63.9
177,1930,1.65,1.58,2.66,2.11,2.12,4.79,51.3,61.2,67.8,73.9,70.7,65.2
177,1931,3.66,2.21,4.66,2.23,4.09,2.91,49.4,57.4,71.7,76.6,71.4,68.8
177,1932,2.38,0.57,5.96,3.12,1.97,7.26,48.7,60.3,71.0,73.6,70.9,63.7
177,1933,3.68,9.09,0.79,2.17,2.74,5.52,49.3,63.4,74.7,73.9,70.2,69.2
177,1934,1.36,0.99,2.42,2.48,4.13,3.72,49.0,63.2,75.5,78.8,71.5,65.0
177,1935,1.64,6.81,3.76,4.17,2.69,3.54,46.7,55.9,66.3,75.8,72.5,62.8
177,1936,4.02,1.8,1.01,2.06,4.06,5.16,45.3,62.8,69.3,78.4,76.2,67.9
177,1937,4.08,3.12,4.38,3.62,4.7,3.36,49.0,59.9,68.7,71.6,73.1,60.8
177,1938,2.97,6.47,4.72,5.02,1.85,3.41,51.4,60.3,67.4,72.7,73.0,65.3
177,1939,5.69,1.62,6.84,4.56,3.11,0.78,46.0,62.5,71.5,72.2,70.3,68.5
177,1940,5.71,4.23,3.43,1.56,2.25,0.94,46.0,56.9,70.0,73.2,72.6,61.6
177,1941,2.07,1.13,6.02,2.7,3.0,2.61,54.4,62.7,69.9,73.9,71.0,67.2
177,1942,2.35,4.04,4.3,4.6,5.12,2.75,53.1,61.5,70.2,74.0,70.0,62.6
177,1943,2.48,5.85,2.25,4.35,3.07,3.25,46.1,61.1,74.0,73.8,72.0,60.7
177,1944,6.25,3.53,2.14,1.85,4.06,2.25,48.7,66.3,73.1,74.4,73.0,64.3
177,1945,4.66,3.24,7.38,2.74,2.01,6.36,51.4,55.5,67.6,70.7,69.8,66.6
177,1946,1.59,5.45,3.77,3.3,1.96,0.37,50.2,57.8,69.2,72.3,66.1,64.0
177,1947,6.3,6.1,6.48,3.57,5.18,3.34,49.0,57.3,67.2,68.2,76.5,64.8
177,1948,4.81,3.71,3.42,3.23,2.05,2.75,53.4,59.2,69.3,73.2,70.5,65.7
177,1949,2.34,2.74,5.42,4.2,3.22,4.14,47.8,61.1,72.1,76.8,71.5,58.3
177,1950,4.44,2.98,5.64,3.19,4.54,5.56,44.1,61.8,66.6,69.8,67.2,62.0
177,1951,3.52,3.18,4.7,2.21,1.61,2.83,47.1,61.9,68.9,72.2,70.7,62.0
177,1952,3.74,3.3,4.14,1.63,3.11,3.66,49.8,59.5,74.1,76.2,70.4,63.2
177,1953,3.08,5.0,2.74,4.38,1.5,1.0,45.8,62.7,72.5,73.4,72.0,64.6
177,1954,4.04,2.38,2.73,4.36,5.59,0.84,54.9,55.5,72.3,74.1,71.4,66.9
177,1955,3.03,3.16,3.33,4.87,2.1,6.32,55.4,62.1,65.5,77.4,74.6,66.7
177,1956,3.91,5.47,2.59,3.21,2.18,1.52,47.0,60.8,69.9,72.2,71.5,62.0
177,1957,6.27,6.16,7.67,2.56,1.6,3.35,51.5,60.5,70.4,73.7,71.6,64.2
177,1958,3.97,5.44,10.91,7.84,5.44,3.35,50.0,58.8,65.6,72.5,70.3,63.9
177,1959,3.65,4.5,1.75,3.15,1.84,2.22,50.5,64.4,70.1,72.9,75.5,67.0
177,1960,1.31,5.06,3.58,3.01,2.2,0.98,53.1,58.1,67.8,70.3,73.0,68.2
177,1961,6.24,3.88,5.03,4.73,2.67,4.06,44.1,56.0,67.1,72.6,70.6,68.4
177,1962,0.79,5.87,1.62,7.39,3.69,1.62,48.0,66.8,70.2,71.5,70.5,60.8
177,1963,4.07,2.56,1.12,4.52,2.96,0.12,50.9,57.9,70.0,72.3,67.6,63.0
177,1964,8.45,1.18,3.91,3.92,1.83,1.14,52.3,64.4,71.2,73.6,70.3,64.7
177,1965,6.26,1.73,1.89,2.79,3.02,4.87,50.0,67.2,70.4,71.2,69.9,66.2
177,1966,3.54,2.91,2.07,3.13,3.95,4.56,47.6,55.7,69.5,75.2,69.8,61.9
177,1967,3.73,7.41,3.51,2.43,0.82,1.58,51.8,56.1,70.9,70.6,67.9,60.9
177,1968,2.32,10.07,3.8,4.75,4.65,3.02,50.8,57.0,70.3,73.0,72.4,63.8
177,1969,3.33,3.93,5.33,7.79,3.39,3.71,50.8,61.0,67.7,74.7,70.2,62.9
177,1970,5.79,2.07,4.14,3.82,3.23,2.4,52.3,63.4,68.9,72.1,70.9,67.9
177,1971,1.3,4.93,4.63,4.06,1.65,4.76,47.8,56.7,73.0,70.6,69.0,67.7
177,1972,6.88,4.62,3.2,1.89,1.91,5.83,48.9,62.1,64.8,72.8,70.6,66.1
177,1973,3.79,3.08,7.03,6.36,3.29,0.72,48.6,56.9,71.4,73.8,72.0,67.7
177,1974,3.15,4.66,4.4,1.36,6.22,4.17,51.7,59.1,66.3,73.7,71.4,59.5
177,1975,4.67,2.92,2.77,1.87,3.94,3.36,45.4,64.5,70.3,72.8,74.8,60.3
177,1976,1.51,2.54,6.0,2.0,3.46,1.82,51.4,58.0,70.1,72.1,68.6,61.4
177,1977,3.66,2.52,3.22,2.44,5.74,2.17,54.1,67.1,67.8,76.1,71.1,66.7
177,1978,4.29,4.02,5.01,3.98,6.59,1.35,49.8,58.1,69.6,72.3,70.6,67.3
177,1979,3.85,3.22,4.46,10.64,8.22,2.92,47.6,58.8,68.8,70.8,70.4,63.9
177,1980,2.27,4.83,6.32,5.18,6.7,1.66,47.8,61.0,66.9,75.0,75.0,66.1
177,1981,5.24,6.88,2.86,5.8,3.18,2.17,54.0,57.0,70.7,72.9,70.1,62.2
177,1982,2.02,5.49,4.5,2.3,4.22,1.47,45.4,65.6,64.9,73.1,68.6,62.9
177,1983,4.14,5.84,2.91,2.42,2.13,1.36,46.3,56.6,69.8,76.2,75.7,65.3
177,1984,4.89,4.01,1.96,3.61,2.54,5.16,48.4,57.3,72.9,69.8,72.0,62.5
177,1985,1.94,5.28,3.09,4.32,3.67,0.94,55.3,62.0,66.9,71.9,69.6,64.9
177,1986,3.08,4.61,3.8,5.31,2.49,4.82,52.9,62.3,70.5,74.8,68.8,67.6
177,1987,2.94,3.93,3.9,6.81,1.99,0.86,50.6,65.7,71.7,74.2,72.0,65.6
177,1988,2.69,1.33,1.07,3.75,2.02,2.91,49.7,62.5,69.8,75.9,74.9,64.0
177,1989,5.06,7.34,3.38,3.32,2.83,5.77,49.0,57.0,69.4,74.3,70.3,62.4
177,1990,2.89,8.43,2.87,6.43,7.38,2.82,49.4,57.6,69.2,72.2,69.9,65.1
177,1991,3.78,4.11,1.94,3.28,3.46,2.65,53.6,67.7,72.7,74.5,72.0,64.4
177,1992,5.15,2.72,4.28,9.64,3.15,2.34,49.9,58.7,65.3,71.7,67.1,62.7
177,1993,4.45,3.67,6.05,4.22,3.21,5.16,48.8,60.9,68.1,75.1,72.6,61.2
177,1994,4.93,3.01,5.28,3.74,3.13,2.09,51.7,56.9,72.3,72.7,68.6,63.0
177,1995,4.19,7.71,3.89,2.98,3.17,1.15,49.5,59.0,70.6,73.8,76.8,62.0
177,1996,7.85,8.17,5.15,4.46,0.82,5.68,48.2,59.4,70.3,70.8,71.6,62.9
177,1997,1.68,5.81,5.2,3.26,3.48,1.99,46.2,55.2,68.2,72.7,68.8,63.0
177,1998,6.03,4.42,9.37,3.91,3.06,0.47,51.7,65.2,69.8,72.1,72.7,68.2
177,1999,4.06,2.23,2.96,3.31,1.87,0.98,53.1,62.6,71.1,76.5,69.8,64.0
177,2000,4.11,4.57,5.39,3.66,4.14,4.33,50.1,63.4,69.7,70.3,69.3,62.6
177,2001,3.61,6.5,3.83,6.98,3.65,5.41,55.1,62.6,68.4,72.5,72.8,62.3
177,2002,7.33,6.59,3.34,1.53,1.95,3.92,52.3,57.7,72.2,76.1,74.9,68.8
177,2003,1.39,6.87,3.74,10.31,5.49,6.32,52.5,60.2,66.1,71.6,72.5,62.5
177,2004,2.04,6.16,5.5,4.07,3.5,0.43,52.2,65.4,68.8,71.4,68.0,66.5
177,2005,4.15,2.63,4.54,3.51,5.06,3.93,52.7,57.4,72.6,73.8,74.1,68.1
177,2006,4.24,6.04,4.76,6.63,4.6,3.56,54.5,59.3,68.0,74.4,72.8,61.7
177,2007,3.97,1.22,2.95,2.23,3.52,4.22,49.0,65.6,71.2,70.6,76.2,68.0
177,2008,2.59,5.06,7.89,4.28,1.44,2.04,52.4,57.7,70.7,71.6,70.5,67.1
177,2009,4.73,3.81,5.39,3.58,3.74,3.01,50.7,60.6,70.5,68.4,69.9,64.8
177,2010,2.65,5.14,8.07,3.41,1.94,0.77,56.6,63.5,73.0,75.5,74.2,66.6
177,2011,10.91,6.5,2.93,1.66,2.71,6.7,52.6,61.4,70.9,78.7,72.6,63.0
177,2012,2.17,2.67,1.1,2.49,3.82,7.65,51.6,66.5,70.7,78.8,71.0,62.7
177,2013,5.04,3.04,5.47,2.97,2.19,2.75,50.1,63.9,70.2,71.9,70.4,66.0
177,2014,6.15,4.03,6.83,2.92,4.84,2.32,52.1,62.7,71.6,68.2,71.6,63.0
177,2015,4.91,4.24,8.65,5.04,1.93,1.82,52.2,65.2,70.1,72.1,69.4,68.1
177,2016,3.98,2.81,3.55,4.24,6.31,3.91,51.7,60.2,71.9,74.0,75.5,69.2
177,2017,3.61,8.59,5.13,7.76,2.14,2.78,57.1,60.3,69.7,73.0,69.6,66.0
177,2018,5.04,2.73,5.73,5.94,4.69,7.67,45.1,68.8,72.2,72.7,73.4,69.2
177,2019,5.49,4.94,5.83,4.33,3.01,0.98,52.0,61.8,69.0,75.2,71.3,69.8
177,2020,2.12,5.75,2.72,5.92,3.42,0.84,48.6,58.5,70.6,75.1,71.2,64.6
177,2021,2.66,3.91,6.88,4.83,2.22,4.68,51.0,57.7,71.1,72.2,73.9,66.5
177,2022,3.09,6.16,3.81,4.21,3.05,1.9,48.3,63.6,70.1,73.9,71.4,64.9
177,2023,2.99,2.96,2.35,5.3,3.21,1.22,51.4,59.7,67.1,72.5,69.8,65.4
177,2024,7.68,3.54,3.33,6.35,2.28,5.12,54.4,65.3,70.7,71.5,71.7,66.9
177,2025,7.12,4.63,6.95,4.16,2.41,1.7,51.9,59.2,72.8,76.3,69.7,66.4
177,2026,3.79,7.88,5.08,3.05,12.15,,57.9,58.0,69.0,73.2,71.6,
179,1895,1.09,1.72,2.27,1.46,2.66,2.09,51.6,62.1,72.6,72.2,73.3,68.4
179,1896,2.56,5.11,4.06,11.58,7.2,5.19,56.5,67.8,69.3,73.2,71.1,60.8
179,1897,3.55,3.46,4.49,2.46,3.36,0.79,47.2,56.7,68.3,76.3,68.6,66.8
179,1898,2.5,6.23,3.05,4.13,2.37,3.72,47.0,60.5,71.3,75.7,72.6,67.9
179,1899,0.81,3.28,2.34,4.18,1.94,2.43,53.2,62.7,72.5,73.7,74.7,63.7
179,1900,1.96,4.79,6.78,3.66,3.81,1.95,49.6,63.5,69.0,73.8,76.7,67.5
179,1901,2.45,5.0,3.53,1.16,2.81,1.51,46.9,58.9,72.9,79.5,73.0,64.3
179,1902,1.51,3.28,8.74,3.88,1.78,7.14,48.8,63.3,67.1,74.0,68.3,61.8
179,1903,4.71,3.69,4.66,3.09,3.31,1.63,49.9,64.2,64.6,73.0,70.0,64.1
179,1904,4.25,3.34,2.7,5.34,3.09,3.32,43.3,59.8,67.4,71.4,67.6,64.1
179,1905,3.96,5.38,5.43,2.99,4.17,4.3,48.2,60.8,69.5,73.0,71.9,64.6
179,1906,2.38,2.48,3.34,2.76,6.75,2.57,51.4,62.7,69.4,72.4,74.6,68.1
179,1907,2.14,2.8,5.6,6.55,3.05,3.0,40.8,53.9,66.1,72.9,69.1,63.0
179,1908,2.76,4.43,1.84,3.46,1.69,0.87,50.2,61.9,69.3,74.0,71.5,68.5
179,1909,5.0,3.93,5.76,4.04,4.07,2.76,46.9,57.9,70.3,70.9,72.4,61.2
179,1910,3.11,3.25,1.15,3.0,2.74,5.69,50.3,54.8,66.5,73.8,70.2,63.6
179,1911,4.39,2.06,4.08,2.04,4.71,4.33,46.4,65.9,70.7,73.4,70.7,66.0
179,1912,4.06,3.76,3.0,5.06,4.85,3.56,49.7,62.3,66.6,73.0,69.0,65.3
179,1913,3.04,3.48,1.45,6.43,3.86,2.21,48.1,59.7,70.1,74.7,72.6,62.9
179,1914,3.07,4.68,2.64,2.92,4.76,2.19,48.2,62.2,71.1,74.9,72.4,63.1
179,1915,1.95,4.8,3.17,8.37,5.12,4.24,54.3,56.0,65.6,70.5,65.4,65.7
179,1916,2.38,4.45,5.95,1.52,2.76,2.8,47.5,60.6,64.4,78.0,74.2,63.0
179,1917,3.34,4.59,5.2,2.85,1.77,1.12,46.8,53.0,66.0,71.8,70.1,61.2
179,1918,3.07,3.6,3.18,2.73,1.7,4.97,46.3,65.7,69.2,70.5,76.7,56.4
179,1919,2.66,4.11,2.73,2.54,1.65,2.81,48.0,56.6,73.8,75.5,70.6,67.2
179,1920,6.1,2.66,3.84,5.54,2.72,2.45,43.8,57.7,69.6,70.3,68.9,66.1
179,1921,3.75,2.96,3.22,1.54,3.98,3.43,52.6,62.7,74.4,79.7,71.2,69.2
179,1922,5.14,4.39,2.46,3.97,1.49,1.95,50.1,64.0,70.8,72.0,71.6,68.1
179,1923,1.85,5.37,2.77,5.29,5.16,3.83,46.4,56.6,71.5,73.0,69.6,64.6
179,1924,3.29,4.64,7.89,1.24,2.81,4.15,48.0,52.7,66.9,70.3,71.1,59.1
179,1925,2.1,0.8,2.45,4.26,2.08,5.21,53.2,55.6,73.0,71.8,70.8,70.1
179,1926,3.69,3.32,2.46,3.48,5.7,10.22,42.3,60.2,64.7,72.8,73.7,64.6
179,1927,5.91,6.03,3.3,3.03,2.38,3.5,48.0,58.7,64.2,72.5,64.9,68.0
179,1928,2.02,2.22,5.49,5.15,2.14,0.57,44.6,58.5,63.3,72.6,72.5,60.8
179,1929,4.61,6.4,3.67,5.33,4.72,1.86,51.6,57.2,66.2,73.1,68.2,63.2
179,1930,2.91,1.93,2.81,2.96,2.92,2.76,49.6,60.9,68.5,74.3,70.6,65.0
179,1931,2.76,2.03,4.13,2.84,4.12,4.4,48.9,57.2,72.1,76.8,71.8,69.1
179,1932,3.18,1.44,3.82,2.75,1.55,4.9,47.4,59.8,71.0,73.7,71.4,62.8
179,1933,2.74,7.82,1.62,2.36,3.44,6.54,48.4,62.3,75.6,75.2,70.1,68.8
179,1934,1.51,0.68,2.31,1.74,4.46,4.51,48.2,64.0,76.0,79.5,71.5,64.7
179,1935,2.15,5.53,3.84,3.79,3.06,2.33,45.3,54.3,66.6,76.1,72.7,63.8
179,1936,1.82,2.65,2.56,1.64,3.41,3.98,44.4,63.1,68.7,78.6,75.6,67.8
179,1937,4.93,4.54,5.03,4.73,4.39,2.89,47.9,59.5,68.1,72.6,73.4,62.0
179,1938,2.85,4.28,6.1,4.75,2.56,2.75,50.7,59.9,67.8,73.0,73.8,64.9
179,1939,4.43,1.05,4.77,4.65,3.03,0.75,44.6,63.1,71.8,72.8,71.2,68.8
179,1940,4.26,3.88,3.74,1.53,2.17,0.96,44.6,56.4,70.6,74.1,72.6,62.5
179,1941,2.04,2.71,5.81,1.9,2.07,1.31,53.9,62.7,69.9,74.2,71.8,68.3
179,1942,2.75,3.32,3.86,6.06,3.59,3.16,53.1,61.2,70.1,74.0,69.9,61.8
179,1943,2.76,10.44,3.34,7.47,3.96,3.51,45.0,59.5,73.8,73.8,71.6,60.1
179,1944,6.34,5.37,1.39,1.59,3.16,1.51,45.8,65.2,73.5,74.1,73.2,65.0
179,1945,3.2,4.23,5.66,4.02,2.64,5.1,50.7,53.8,66.5,71.1,70.4,65.4
179,1946,1.02,5.59,4.38,2.92,1.61,1.27,49.6,57.2,68.3,73.1,67.3,65.1
179,1947,5.77,4.53,5.29,4.04,2.97,4.23,47.4,56.3,66.4,69.9,77.8,65.0
179,1948,3.6,3.83,4.53,3.18,1.98,3.1,52.5,58.2,69.4,73.4,71.4,66.1
179,1949,2.51,4.3,5.33,3.97,2.0,2.88,47.5,61.3,72.8,76.5,71.8,58.4
179,1950,5.19,1.43,4.32,3.21,3.98,4.87,42.6,61.4,67.5,70.3,68.9,62.4
179,1951,3.61,3.55,4.09,3.78,1.87,2.26,46.3,61.2,68.5,72.1,69.4,61.6
179,1952,4.52,5.01,2.89,2.35,3.27,4.7,49.4,58.0,74.6,75.7,70.0,63.1
179,1953,3.13,3.18,1.95,3.38,2.17,2.12,44.8,61.9,73.2,74.2,72.9,64.4
179,1954,2.91,3.02,3.54,3.78,5.88,1.39,54.0,55.1,72.3,73.1,70.9,66.5
179,1955,3.15,2.23,2.18,5.86,4.33,2.37,55.3,61.8,66.5,77.8,74.8,66.1
179,1956,2.21,4.92,4.58,4.39,2.42,0.63,46.5,59.5,70.6,71.9,71.3,61.7
179,1957,7.73,4.46,6.85,3.69,2.13,4.47,49.6,59.4,69.5,72.7,70.7,62.9
179,1958,2.67,2.89,9.58,5.56,4.64,3.31,50.0,58.4,64.2,72.0,69.9,63.4
179,1959,6.49,4.27,4.46,3.48,3.22,3.28,49.5,64.1,70.1,72.6,75.7,66.6
179,1960,1.78,4.55,3.79,3.61,3.0,1.7,52.3,57.5,67.1,70.5,72.2,67.4
179,1961,5.94,2.55,3.49,5.23,2.88,3.92,43.5,55.4,67.6,72.3,70.7,68.5
179,1962,1.17,4.64,2.72,4.51,2.5,2.12,48.5,66.2,70.0,70.8,70.9,61.5
179,1963,3.84,2.91,2.84,4.8,1.71,0.69,49.8,57.4,69.8,72.2,67.4,63.0
179,1964,7.1,2.24,4.08,2.89,1.64,1.47,50.2,63.8,70.4,73.4,69.8,64.5
179,1965,4.56,2.58,2.42,2.83,2.67,4.68,48.1,65.7,68.7,70.5,69.1,66.2
179,1966,2.26,3.28,2.25,4.11,2.3,3.5,46.3,54.2,70.4,75.0,69.6,61.3
179,1967,3.82,4.24,3.05,1.81,1.56,1.71,51.0,54.9,71.2,70.6,67.8,61.4
179,1968,2.88,5.65,4.12,3.43,5.11,2.41,50.8,56.2,70.4,73.0,72.2,64.2
179,1969,3.78,3.32,5.53,4.3,1.31,5.59,50.7,60.4,66.2,74.1,71.7,64.0
179,1970,5.57,4.03,3.57,4.73,1.57,3.95,50.1,63.5,69.5,73.1,71.4,66.8
179,1971,1.29,4.44,4.14,4.17,2.38,6.41,47.4,57.0,73.6,71.1,69.1,67.4
179,1972,6.73,3.67,3.14,4.4,1.67,7.95,48.1,62.1,65.9,72.8,70.8,65.1
179,1973,3.01,2.69,4.94,4.26,4.95,0.98,49.5,56.6,72.2,74.0,72.4,66.7
179,1974,2.99,5.47,3.1,0.84,4.42,2.88,51.8,58.6,67.4,75.2,71.9,60.4
179,1975,3.24,3.76,6.39,0.76,7.79,2.46,44.5,64.5,70.7,72.6,73.4,59.8
179,1976,1.88,2.61,4.36,3.75,1.52,2.31,52.1,58.0,71.0,72.6,68.7,62.2
179,1977,3.65,1.54,2.79,4.57,6.6,3.92,55.0,67.8,68.2,76.6,70.4,66.2
179,1978,4.53,3.13,2.63,2.8,4.51,1.75,49.2,59.2,69.9,72.8,71.1,69.0
179,1979,2.98,2.88,3.33,4.83,4.32,0.51,47.2,59.6,69.7,72.1,70.1,64.2
179,1980,2.73,3.36,5.18,5.02,4.91,2.52,47.4,61.2,67.6,76.2,75.2,66.7
179,1981,4.59,5.08,7.79,3.28,2.44,3.46,52.8,57.8,71.2,74.1,71.0,63.5
179,1982,2.61,3.91,4.18,2.48,3.45,1.51,44.8,66.8,65.9,74.1,69.0,63.2
179,1983,4.52,4.29,2.86,2.56,1.44,1.62,46.1,57.3,70.6,77.5,76.8,66.2
179,1984,4.04,4.79,2.3,3.22,2.2,2.92,47.4,57.0,73.3,71.0,72.9,62.6
179,1985,1.74,2.67,3.51,2.47,4.49,2.75,55.6,63.6,67.5,73.2,70.2,65.9
179,1986,2.51,4.3,5.91,6.24,3.37,4.25,52.3,61.7,70.0,75.6,68.5,67.7
179,1987,2.28,3.77,5.3,3.6,5.11,0.94,50.8,64.9,72.5,75.1,72.0,66.1
179,1988,2.58,0.95,0.71,4.25,2.85,2.78,49.2,63.2,72.2,76.5,75.4,64.4
179,1989,3.81,6.45,3.7,3.53,3.85,4.53,47.6,57.2,69.4,74.5,70.4,62.0
179,1990,2.05,6.25,3.8,4.9,7.73,2.32,49.8,57.3,69.3,71.9,69.5,64.8
179,1991,4.14,5.37,1.25,3.07,3.37,1.86,53.3,67.1,73.4,74.4,72.1,63.5
179,1992,4.56,2.73,2.48,8.73,2.43,5.87,48.2,58.7,65.0,71.1,67.0,62.8
179,1993,4.85,3.21,5.27,6.59,2.41,4.63,48.4,61.4,67.8,74.9,72.9,60.6
179,1994,4.93,2.31,4.6,2.81,3.11,1.3,51.6,57.6,72.1,72.6,68.2,64.2
179,1995,4.62,4.41,5.92,2.22,3.09,0.47,47.8,58.5,70.8,74.2,77.2,62.4
179,1996,3.89,6.97,4.31,7.35,1.15,4.18,47.3,58.1,70.8,70.8,72.1,63.6
179,1997,1.32,5.94,5.3,4.43,3.18,3.61,46.0,54.7,69.0,72.6,68.5,63.9
179,1998,5.3,2.64,5.85,8.31,5.07,1.57,51.8,66.1,70.4,72.5,72.8,68.6
179,1999,4.84,3.48,2.31,1.48,3.48,1.69,52.1,62.8,71.6,78.1,69.8,64.7
179,2000,2.33,4.65,7.05,2.61,4.34,4.29,49.7,63.2,69.3,71.0,70.6,63.3
179,2001,3.52,4.67,3.82,5.58,4.28,3.79,54.8,63.0,68.6,72.9,72.8,62.5
179,2002,3.8,4.89,2.46,3.47,3.44,2.72,52.1,57.2,72.2,76.8,73.8,68.5
179,2003,2.91,8.16,3.66,10.09,5.46,7.02,50.9,59.0,66.7,72.2,72.9,62.3
179,2004,1.21,5.73,6.32,4.72,6.05,1.32,52.5,64.2,68.5,71.3,67.9,66.6
179,2005,3.37,1.68,2.67,4.33,2.53,4.79,52.5,57.4,73.2,74.9,73.8,68.3
179,2006,4.65,5.72,3.79,3.75,3.39,2.91,54.3,59.0,69.1,75.0,72.5,61.6
179,2007,4.15,1.03,2.36,2.57,8.02,2.8,47.5,65.0,72.1,71.3,74.7,67.3
179,2008,2.76,5.13,5.39,3.09,1.94,2.23,51.6,57.2,71.6,72.6,70.5,67.4
179,2009,6.35,3.49,3.78,2.94,2.87,1.42,49.6,60.7,70.3,68.8,70.2,64.5
179,2010,3.33,6.06,7.3,4.39,3.62,1.0,56.1,63.5,73.3,76.1,74.5,66.4
179,2011,6.11,7.93,3.73,1.19,4.37,5.42,50.3,62.0,71.3,79.1,72.3,62.6
179,2012,1.01,2.13,1.68,3.57,4.81,3.96,51.4,66.9,71.6,78.8,70.5,63.4
179,2013,7.29,2.61,5.29,3.86,3.19,2.76,48.5,64.2,69.9,71.8,70.1,64.5
179,2014,4.81,3.96,5.62,3.0,6.03,4.33,50.2,61.5,71.5,68.4,71.0,62.8
179,2015,3.52,4.66,13.04,8.12,3.45,2.64,50.7,63.9,68.8,71.1,69.7,68.0
179,2016,2.98,3.17,4.85,2.34,5.07,4.22,49.6,59.6,71.0,73.6,74.6,68.5
179,2017,4.41,8.08,5.28,5.47,2.26,1.79,55.0,58.9,70.6,72.4,68.1,65.9
179,2018,2.67,2.61,6.67,3.31,7.71,2.38,42.8,67.4,72.0,72.5,72.8,68.3
179,2019,5.55,7.05,3.82,4.5,3.58,2.0,50.1,60.7,69.6,76.2,70.7,69.0
179,2020,2.59,4.26,3.09,3.91,2.72,2.69,47.4,58.8,71.2,76.2,71.0,63.9
179,2021,2.83,4.44,4.24,4.65,3.48,4.17,51.2,58.8,72.2,72.6,73.8,67.5
179,2022,2.39,5.2,2.26,6.7,2.91,2.16,47.5,64.2,71.9,73.8,71.8,65.4
179,2023,2.34,2.96,2.4,4.61,3.32,1.88,51.5,60.1,68.2,73.4,70.0,65.7
179,2024,7.6,3.72,3.06,3.31,2.89,2.09,53.3,66.0,72.6,72.2,72.4,67.9
179,2025,4.46,3.6,4.49,4.4,1.28,1.21,51.3,59.2,72.7,76.5,70.1,66.8
179,2026,5.78,3.55,4.59,2.61,9.75,,57.4,58.5,69.7,74.9,71.7,
181,1895,2.21,1.27,1.56,3.13,2.4,2.9,52.1,63.1,73.0,71.5,72.9,68.0
181,1896,2.69,4.62,3.36,8.12,5.74,4.95,54.2,67.3,67.5,73.3,71.9,61.2
181,1897,2.83,2.87,4.38,1.58,1.8,0.3,46.9,56.8,68.8,76.1,69.7,67.6
181,1898,1.96,5.47,4.43,2.73,3.97,2.92,47.1,60.8,72.0,74.6,71.8,67.5
181,1899,0.83,4.54,2.71,2.91,2.14,2.06,52.9,62.4,72.4,74.8,74.7,63.4
181,1900,1.48,3.74,4.96,5.03,3.62,1.84,50.6,63.5,69.5,73.6,76.8,66.9
181,1901,2.04,3.07,3.88,0.64,3.01,1.23,46.2,58.1,71.8,79.8,73.5,63.8
181,1902,2.02,4.12,11.9,6.2,1.52,4.11,46.9,63.5,67.4,73.8,68.5,60.9
181,1903,5.43,2.8,3.54,3.79,4.4,2.66,49.0,63.5,64.1,73.5,69.7,63.9
181,1904,4.35,3.23,1.77,5.26,2.58,4.23,43.1,60.0,68.0,71.0,67.8,64.2
181,1905,4.2,5.78,3.63,4.27,3.57,4.12,47.9,60.8,69.3,72.2,72.4,65.2
181,1906,2.02,2.37,2.97,4.57,5.34,3.61,51.0,61.7,68.4,71.5,74.2,67.2
181,1907,2.43,3.32,5.33,6.26,4.21,3.54,39.9,53.7,66.0,72.4,68.7,62.1
181,1908,4.02,6.34,1.73,4.07,2.18,0.96,49.1,61.4,69.0,73.6,71.4,67.8
181,1909,5.95,4.72,6.12,5.02,5.79,3.65,46.4,58.0,69.5,70.2,73.0,60.9
181,1910,3.11,4.12,1.56,4.31,2.97,5.31,50.2,54.8,66.9,73.9,69.8,63.7
181,1911,4.53,2.67,2.5,2.84,2.98,5.89,46.7,66.1,72.3,73.5,70.7,66.2
181,1912,4.02,3.7,3.99,4.56,4.23,2.17,49.9,62.4,66.6,72.8,69.2,66.2
181,1913,2.39,4.13,1.61,3.46,3.5,2.16,48.5,60.4,71.7,75.6,74.3,64.0
181,1914,2.26,3.25,1.73,0.66,3.56,2.24,48.8,62.6,72.2,76.2,73.1,64.1
181,1915,2.49,4.59,1.15,7.67,4.03,4.41,55.1,56.8,66.7,71.0,65.3,66.0
181,1916,2.04,6.04,5.94,2.39,3.4,3.16,47.4,60.9,65.2,78.6,75.1,63.6
181,1917,3.14,4.87,5.32,2.57,4.32,1.37,47.3,53.8,66.3,71.8,69.4,61.5
181,1918,3.13,4.23,2.72,3.31,3.49,4.76,45.6,64.7,68.9,70.8,75.7,56.6
181,1919,2.21,4.79,3.0,2.24,2.32,3.24,48.8,57.1,73.4,76.4,70.4,67.0
181,1920,5.88,2.88,3.08,4.26,2.33,1.55,43.5,58.4,69.7,71.0,69.5,66.8
181,1921,4.53,1.63,2.91,3.13,7.02,5.89,52.9,63.5,74.6,78.7,70.7,68.3
181,1922,5.4,2.77,1.9,3.05,2.26,1.47,50.3,64.6,71.3,72.3,72.0,67.8
181,1923,2.02,4.97,1.81,4.44,3.78,3.12,47.3,57.9,71.6,73.6,69.9,64.4
181,1924,3.67,3.64,7.33,1.79,4.07,3.52,48.9,53.5,67.3,70.0,70.5,58.9
181,1925,2.18,0.43,2.4,3.62,1.52,5.83,54.2,56.3,72.8,73.0,71.8,70.4
181,1926,3.29,3.48,3.33,2.7,5.28,9.28,42.1,61.3,65.1,73.7,73.7,64.3
181,1927,6.17,6.5,3.59,3.92,2.38,4.56,48.7,58.2,65.0,71.9,64.9,68.4
181,1928,1.58,2.8,6.18,4.18,3.66,1.51,44.9,59.6,63.8,73.0,72.4,60.1
181,1929,5.87,5.85,5.05,5.22,1.62,1.95,51.5,56.8,66.9,73.7,69.4,63.9
181,1930,4.21,2.06,1.91,3.8,2.25,3.51,50.7,61.5,69.5,74.7,72.0,65.3
181,1931,2.76,3.5,4.78,1.97,4.73,4.04,49.9,56.9,72.7,77.0,72.3,69.8
181,1932,2.66,1.2,3.16,3.07,3.24,4.62,48.6,60.8,71.6,74.9,72.2,62.9
181,1933,4.31,7.0,0.84,2.2,2.61,5.46,48.6,62.3,76.8,75.9,70.3,69.5
181,1934,1.67,0.7,2.47,1.61,6.67,7.27,48.5,65.0,76.1,79.5,71.5,63.8
181,1935,2.2,5.19,4.39,5.13,2.16,3.02,46.3,54.8,66.9,76.3,73.3,63.7
181,1936,2.86,3.08,0.69,0.22,5.36,5.76,44.8,63.5,69.6,80.8,77.1,68.0
181,1937,5.59,2.8,5.14,3.66,2.26,3.02,47.8,61.0,68.2,73.4,75.0,63.2
181,1938,2.76,4.51,5.35,5.53,2.52,3.52,51.2,60.0,68.2,74.3,74.5,65.7
181,1939,5.59,1.12,5.48,4.52,1.8,0.28,45.1,63.3,71.8,73.2,71.6,69.3
181,1940,3.4,4.47,3.9,1.14,2.82,1.26,45.9,56.6,70.7,74.7,73.5,63.4
181,1941,3.18,2.37,4.26,2.18,1.94,1.69,54.3,63.2,70.3,74.6,72.8,68.6
181,1942,2.6,3.62,4.23,5.36,3.47,3.99,53.9,61.4,70.2,74.6,70.3,62.0
181,1943,2.97,9.7,4.62,3.72,3.62,3.11,46.1,58.7,72.9,74.0,72.3,60.0
181,1944,6.21,5.02,1.72,1.16,2.89,1.35,47.2,65.7,73.4,74.3,73.2,64.9
181,1945,3.57,4.98,4.21,3.9,3.84,6.42,50.4,55.0,66.4,71.3,70.8,64.7
181,1946,1.36,4.53,4.81,2.09,2.27,1.5,51.3,57.2,68.9,73.7,67.8,65.0
181,1947,6.21,4.4,4.57,1.47,3.06,4.5,48.1,55.9,67.0,70.0,78.5,65.3
181,1948,2.88,4.67,5.67,3.76,2.98,3.14,53.2,57.5,69.4,73.8,71.6,66.1
181,1949,2.02,4.82,4.49,4.8,1.69,1.73,48.4,61.6,72.7,76.7,71.5,59.4
181,1950,5.98,1.45,6.02,4.43,2.23,5.2,43.1,61.5,68.4,70.5,68.8,62.8
181,1951,3.47,3.55,3.87,5.64,2.01,2.18,46.3,62.0,67.0,71.7,68.8,61.3
181,1952,5.24,5.95,5.59,1.95,4.95,2.46,50.1,58.7,74.3,76.1,70.6,63.8
181,1953,3.12,3.28,3.82,6.07,2.21,1.49,46.1,61.9,73.7,74.3,72.0,65.2
181,1954,3.44,3.34,3.7,3.65,4.56,0.79,54.1,56.0,73.6,75.0,71.2,68.0
181,1955,3.61,4.75,3.58,4.59,2.74,2.91,55.2,61.7,66.0,78.1,75.2,66.1
181,1956,3.07,5.49,1.79,3.39,2.89,0.8,47.1,60.6,71.4,71.8,71.8,63.1
181,1957,7.21,4.6,6.63,7.44,3.09,2.46,49.5,60.0,70.0,73.9,71.3,62.2
181,1958,1.89,2.08,12.45,6.65,4.02,2.94,50.4,59.8,64.1,72.1,70.8,64.3
181,1959,6.89,3.12,1.6,3.66,1.69,4.39,49.3,64.6,71.3,72.7,76.1,66.8
181,1960,2.98,3.96,5.37,3.86,5.28,2.17,53.4,57.6,67.9,71.4,72.3,68.0
181,1961,4.43,2.79,3.23,5.89,2.66,5.09,44.1,55.7,67.9,72.6,71.2,68.6
181,1962,1.39,3.75,3.29,6.96,2.69,1.78,48.5,66.6,70.7,70.7,70.8,61.5
181,1963,4.15,1.6,2.16,6.0,2.38,0.84,51.5,58.4,70.6,72.4,67.6,63.1
181,1964,5.98,0.71,4.07,3.33,1.81,2.15,50.7,64.9,71.5,73.2,69.5,64.6
181,1965,4.72,2.7,3.05,3.73,4.85,4.86,49.4,66.0,68.9,70.8,68.5,65.1
181,1966,4.54,3.82,2.22,2.21,2.67,2.9,46.7,54.9,70.2,75.8,69.4,61.8
181,1967,4.34,3.48,2.74,1.02,3.37,1.27,51.1,55.6,71.6,70.5,67.4,61.6
181,1968,3.72,6.03,4.84,3.83,6.16,2.15,50.7,56.4,70.8,72.8,72.0,63.9
181,1969,4.24,2.98,4.41,7.05,1.89,4.32,50.8,60.1,67.1,74.1,71.0,63.8
181,1970,6.57,5.46,2.7,4.7,3.18,6.92,50.7,63.6,69.2,73.2,70.8,66.3
181,1971,0.99,3.13,5.0,6.45,2.29,5.06,48.0,57.1,73.6,69.9,68.4,67.1
181,1972,6.16,2.73,3.51,2.64,3.98,8.31,47.6,62.4,65.4,72.1,71.0,65.0
181,1973,4.39,2.86,5.52,5.82,2.96,2.1,49.4,56.7,71.5,73.8,72.0,66.8
181,1974,3.1,5.52,4.74,0.92,2.71,3.26,51.7,58.3,66.7,75.0,70.9,59.7
181,1975,2.94,4.33,7.62,1.74,7.9,2.92,44.9,64.0,70.6,72.0,73.2,60.0
181,1976,1.91,2.47,5.61,2.32,1.68,2.25,52.2,57.4,70.1,72.4,68.1,61.6
181,1977,1.85,2.89,2.71,2.88,9.15,6.33,55.0,68.4,67.9,75.8,70.0,65.8
181,1978,3.77,4.05,4.68,3.8,3.42,1.17,49.8,58.6,70.2,72.6,71.1,68.5
181,1979,4.82,2.29,3.79,4.84,4.99,0.01,46.5,59.4,69.7,70.8,69.9,63.9
181,1980,2.9,1.75,6.56,2.33,5.38,3.05,47.0,61.9,67.1,76.6,74.6,65.9
181,1981,5.72,7.24,5.48,3.98,5.0,3.28,54.0,56.8,71.2,72.7,70.3,63.2
181,1982,2.96,4.04,3.76,3.53,2.7,1.75,44.2,65.9,65.1,73.3,68.5,63.1
181,1983,5.14,4.82,3.69,1.02,2.66,1.82,45.8,57.1,70.7,77.0,76.1,65.1
181,1984,3.33,6.43,1.68,3.39,1.8,2.31,47.5,57.4,73.6,71.0,73.0,63.4
181,1985,1.85,2.34,2.42,2.3,5.51,1.11,55.1,63.9,67.8,72.9,69.2,66.0
181,1986,1.9,6.17,5.31,4.43,1.52,5.18,53.0,61.2,70.9,75.8,68.4,68.0
181,1987,3.21,3.85,4.14,4.26,7.11,2.74,50.6,66.0,72.4,75.2,72.1,65.3
181,1988,2.26,1.14,0.65,2.79,3.31,2.38,49.2,63.0,72.3,75.6,76.0,65.2
181,1989,3.71,6.3,4.07,3.95,3.46,5.59,48.2,57.6,69.6,74.0,70.5,61.6
181,1990,2.58,4.62,3.83,5.05,6.76,1.27,49.1,57.7,70.1,71.7,69.5,65.2
181,1991,3.39,4.66,0.69,1.48,3.51,2.42,53.5,67.4,73.9,75.1,72.4,64.1
181,1992,3.19,1.21,2.06,7.73,2.88,5.8,47.6,59.3,66.3,70.8,66.8,62.5
181,1993,4.68,3.06,7.19,4.71,4.74,7.64,47.7,61.8,68.7,74.6,72.9,59.6
181,1994,7.67,2.1,6.07,6.1,3.52,1.7,51.4,58.3,71.7,71.9,68.1,64.0
181,1995,4.46,6.51,3.12,2.94,3.19,1.27,48.2,59.0,71.7,75.5,78.1,62.7
181,1996,3.13,5.01,4.13,7.07,1.29,2.58,46.7,58.7,70.2,70.2,71.6,62.9
181,1997,1.35,5.69,5.48,3.65,3.18,1.88,45.6,55.2,69.4,72.9,68.6,64.1
181,1998,4.25,4.38,8.59,6.03,2.78,1.11,51.6,66.1,70.7,72.8,73.0,68.9
181,1999,5.75,2.71,3.49,2.87,3.42,2.27,52.4,63.7,71.4,77.4,69.7,64.8
181,2000,2.16,4.23,6.4,4.94,1.91,3.66,49.5,63.6,69.4,71.0,71.7,64.4
181,2001,4.07,4.15,3.95,6.37,4.44,2.39,55.1,63.5,68.4,73.1,72.9,62.2
181,2002,4.25,4.59,2.76,4.6,4.12,1.76,51.4,57.1,72.6,76.3,72.8,67.3
181,2003,2.81,6.17,3.08,12.12,3.67,6.09,52.2,58.9,67.2,72.0,73.1,62.6
181,2004,0.92,6.47,6.3,4.2,7.43,0.92,52.5,64.5,68.1,71.0,67.0,66.1
181,2005,2.22,1.14,2.93,4.69,3.45,6.08,53.1,59.0,73.2,74.0,73.5,68.6
181,2006,4.15,5.23,3.43,5.76,5.58,2.49,54.2,59.2,69.5,75.1,72.4,62.2
181,2007,4.17,2.21,3.68,3.53,5.87,1.95,47.8,65.6,71.0,70.7,74.5,67.7
181,2008,2.5,5.08,4.83,3.87,3.72,4.93,50.8,56.9,71.6,72.5,69.8,66.1
181,2009,5.0,5.38,4.29,2.41,3.6,0.87,49.5,61.2,71.0,68.6,69.6,64.3
181,2010,3.3,5.21,9.2,4.49,2.77,2.55,56.2,63.4,73.1,75.5,74.7,65.8
181,2011,7.79,5.45,6.41,3.84,3.41,4.47,50.5,61.8,72.1,78.2,72.0,62.6
181,2012,1.93,2.42,2.08,1.92,5.13,2.97,52.0,67.3,71.6,79.2,71.2,63.2
181,2013,7.4,4.27,6.47,2.26,2.22,3.76,49.1,64.2,70.3,71.7,70.6,66.2
181,2014,3.25,4.41,7.01,2.97,8.03,4.95,50.3,62.0,72.2,68.1,71.5,62.7
181,2015,3.12,5.1,11.69,6.04,2.23,3.11,50.8,64.1,69.8,71.6,70.3,68.4
181,2016,3.55,2.54,3.97,5.83,7.92,4.06,49.8,60.0,72.0,73.1,74.5,69.1
181,2017,4.81,6.31,5.69,6.06,3.71,1.59,54.7,58.7,70.9,73.1,68.2,66.2
181,2018,2.53,3.76,7.47,2.26,5.57,2.9,42.5,68.5,72.5,72.9,73.0,68.5
181,2019,5.06,6.05,3.51,2.34,2.19,4.44,49.7,60.3,69.2,75.7,70.9,68.7
181,2020,2.83,3.58,3.96,2.92,3.38,1.53,47.2,58.8,72.1,75.6,71.1,64.0
181,2021,2.81,5.46,5.38,3.46,2.84,2.64,50.5,58.6,71.9,72.8,74.3,68.4
181,2022,2.41,3.28,2.38,4.64,4.65,1.66,47.2,63.5,71.2,73.6,71.9,64.8
181,2023,2.03,1.65,1.46,4.32,4.59,1.01,51.2,62.1,69.4,73.0,70.8,66.1
181,2024,7.2,2.81,3.56,6.37,3.24,1.52,52.1,65.5,72.1,71.4,71.3,67.1
181,2025,3.54,3.04,3.83,4.46,1.81,1.84,50.6,60.2,73.4,77.2,70.9,66.7
181,2026,7.0,1.63,8.05,2.36,7.06,,56.8,60.2,70.0,75.2,71.2,
183,1895,1.12,2.02,1.81,1.93,2.75,1.59,50.6,61.2,71.6,71.1,72.4,67.3
183,1896,2.71,5.04,3.93,11.79,5.55,4.87,55.1,66.6,68.5,72.0,70.4,59.7
183,1897,3.11,3.71,3.91,1.85,3.59,0.92,46.0,55.6,67.1,75.4,67.7,65.6
183,1898,1.81,5.73,2.82,3.63,2.15,3.49,45.3,59.2,69.7,74.3,71.2,66.1
183,1899,0.78,4.24,2.12,4.05,2.85,3.41,51.5,61.2,71.1,72.4,73.2,61.9
183,1900,1.93,3.93,6.79,4.73,3.92,1.73,48.6,62.4,67.9,72.1,75.3,65.6
183,1901,2.28,4.37,3.26,1.52,3.35,1.49,45.9,57.7,71.5,78.0,71.4,62.2
183,1902,1.48,3.92,8.86,3.63,1.58,7.71,47.0,61.3,65.0,72.4,66.7,60.0
183,1903,4.85,3.11,4.23,3.7,3.81,1.71,48.2,62.5,62.8,71.2,67.8,62.6
183,1904,3.74,3.34,1.98,5.08,4.14,3.46,42.4,58.4,66.1,70.4,66.5,63.0
183,1905,4.12,6.0,5.92,3.06,4.09,3.68,46.7,59.1,68.0,71.5,70.5,63.6
183,1906,2.49,2.39,3.84,3.16,5.92,2.59,49.9,61.3,68.1,70.9,73.4,67.3
183,1907,2.19,3.51,5.46,5.63,2.96,3.62,39.3,52.2,64.8,71.6,67.8,61.5
183,1908,2.71,5.15,1.66,2.92,2.54,0.82,48.3,60.3,67.9,72.6,70.1,67.3
183,1909,4.79,3.6,6.36,2.84,4.15,2.85,45.0,56.3,68.5,69.9,71.4,59.7
183,1910,3.26,2.56,0.74,3.42,4.28,5.04,49.3,53.8,65.6,73.6,69.2,62.5
183,1911,4.34,2.57,5.18,2.14,4.06,4.06,45.5,64.6,70.1,72.6,69.4,65.0
183,1912,3.38,4.05,3.24,4.12,5.27,2.97,48.6,61.2,66.1,72.4,68.2,64.7
183,1913,2.64,4.08,1.03,5.63,4.34,2.21,47.8,58.4,69.1,73.7,71.9,62.0
183,1914,2.82,4.58,3.46,2.3,4.69,2.37,46.0,61.0,69.8,74.0,71.3,62.6
183,1915,1.65,5.0,2.96,7.83,4.75,3.95,53.2,54.8,64.1,69.5,64.6,65.0
183,1916,2.15,4.69,6.0,1.21,2.45,2.91,46.6,59.6,63.5,77.4,73.4,62.0
183,1917,3.37,4.01,5.15,2.48,2.91,1.05,46.2,52.0,64.8,70.9,69.4,60.4
183,1918,2.61,3.72,2.99,2.03,1.83,4.8,46.0,65.0,68.3,70.0,75.8,56.2
183,1919,2.81,4.72,3.11,1.52,2.44,3.23,47.5,56.3,73.4,75.5,70.1,67.3
183,1920,5.34,2.3,4.1,5.42,2.04,2.11,43.2,56.9,69.0,69.3,68.5,65.8
183,1921,4.14,2.88,2.77,1.62,5.24,2.93,52.4,62.2,73.8,79.3,70.6,68.4
183,1922,4.09,3.93,1.82,3.02,0.96,1.48,49.0,63.4,69.8,71.4,71.6,68.0
183,1923,1.55,4.93,2.38,5.22,4.85,3.4,45.5,56.2,71.6,72.4,68.9,64.2
183,1924,3.36,4.1,8.09,1.62,2.56,3.14,46.8,52.2,65.6,69.4,70.3,58.3
183,1925,1.93,0.86,2.01,3.62,1.83,5.07,52.7,54.8,71.9,71.2,70.6,69.0
183,1926,3.35,3.13,2.63,3.7,5.24,8.95,41.6,59.3,63.5,71.9,72.8,63.3
183,1927,6.31,5.75,2.81,2.62,1.92,5.52,47.3,57.8,63.8,71.8,64.3,67.1
183,1928,1.93,2.59,4.88,3.99,3.37,1.01,43.9,58.1,63.0,72.2,72.6,60.1
183,1929,5.2,5.43,3.12,3.65,4.27,2.38,50.8,56.8,65.6,73.0,68.5,63.1
183,1930,3.53,2.62,2.56,2.16,1.72,2.57,48.8,60.2,68.0,74.3,70.8,65.2
183,1931,2.07,2.91,4.38,1.69,3.27,3.74,48.8,56.7,71.4,76.5,72.1,68.8
183,1932,2.67,2.16,3.8,2.74,1.54,4.26,47.0,59.4,70.2,72.8,71.5,62.5
183,1933,3.47,5.52,2.18,1.97,2.6,5.59,48.1,61.8,75.3,75.2,70.4,68.5
183,1934,1.94,1.16,2.24,1.73,3.49,5.03,47.4,63.9,76.1,79.3,71.7,64.4
183,1935,2.52,5.37,3.92,2.69,4.26,2.33,45.1,53.7,66.2,75.9,72.2,63.0
183,1936,1.55,2.16,2.49,1.09,3.88,5.13,43.3,62.6,67.8,78.1,75.7,66.9
183,1937,5.07,3.69,5.37,4.05,3.04,2.45,47.1,59.3,67.4,72.5,73.4,61.8
183,1938,2.98,5.43,6.53,4.63,3.09,2.87,50.1,59.4,67.1,72.4,73.3,64.1
183,1939,4.72,1.06,6.01,3.95,3.35,0.58,44.3,62.4,71.3,72.2,70.7,68.0
183,1940,4.01,5.14,3.66,2.1,1.67,0.85,44.2,55.8,69.8,73.4,72.1,62.2
183,1941,2.57,3.19,4.35,1.32,2.02,1.01,53.6,61.9,69.5,73.6,71.6,68.3
183,1942,2.39,2.86,4.93,6.47,3.64,3.85,52.5,60.8,69.6,73.0,69.5,61.3
183,1943,3.25,9.15,1.83,6.18,4.05,3.96,44.3,58.5,73.4,73.4,71.3,59.4
183,1944,6.32,5.14,2.11,1.6,2.61,1.88,44.8,64.4,72.5,73.4,73.0,64.3
183,1945,3.1,5.4,4.47,4.67,3.25,4.44,50.2,53.2,65.9,70.6,69.9,64.6
183,1946,0.86,4.74,3.82,3.2,1.69,1.7,49.1,56.8,67.9,72.8,67.3,64.9
183,1947,4.98,4.13,3.63,2.67,2.86,5.37,46.8,55.2,66.0,69.6,77.9,65.0
183,1948,1.97,4.06,4.64,3.58,2.18,2.54,52.2,57.5,68.5,73.2,71.2,66.5
183,1949,1.88,4.26,5.3,3.36,3.39,2.29,47.1,61.0,72.2,76.2,71.8,58.1
183,1950,5.29,1.65,6.15,4.9,3.68,4.04,41.9,60.7,67.6,69.9,69.0,62.2
183,1951,3.6,3.74,4.62,5.74,3.87,1.48,45.8,61.1,67.5,71.5,68.8,61.0
183,1952,3.82,6.55,4.08,3.84,2.91,2.75,49.1,57.4,73.6,75.4,70.2,63.2
183,1953,3.27,3.06,2.19,3.05,2.96,1.82,44.7,61.8,73.0,74.6,73.1,64.5
183,1954,3.86,2.68,3.95,4.86,5.73,1.56,52.7,54.8,72.1,73.0,70.0,65.4
183,1955,2.52,3.04,2.76,6.27,4.24,2.0,55.1,61.5,66.4,77.6,74.7,65.2
183,1956,3.97,4.45,2.31,3.15,2.92,0.92,46.1,59.0,70.2,71.8,70.8,61.7
183,1957,6.27,3.18,6.36,2.88,2.92,3.42,48.6,58.9,69.1,72.6,70.3,62.0
183,1958,1.71,1.77,7.07,6.8,4.82,3.64,49.5,58.4,64.0,71.6,70.0,63.1
183,1959,5.59,4.67,5.27,2.38,2.15,3.9,49.0,63.5,70.1,72.3,75.8,66.4
183,1960,3.09,4.47,4.94,2.6,3.43,2.55,51.6,57.0,66.5,70.1,71.6,67.0
183,1961,5.04,2.57,3.45,5.29,3.01,4.75,42.8,55.0,67.3,71.6,70.2,67.9
183,1962,1.38,4.71,2.18,2.85,1.72,1.43,48.0,65.5,69.5,70.0,71.0,61.0
183,1963,3.6,2.63,2.94,6.0,1.44,1.43,49.6,57.1,69.1,72.0,66.9,62.7
183,1964,4.97,2.97,4.59,4.55,2.48,2.35,49.7,63.5,70.2,73.4,68.7,63.9
183,1965,4.42,3.2,1.92,3.36,4.19,3.57,47.4,65.3,68.6,70.0,68.3,65.5
183,1966,3.22,3.63,2.09,3.48,3.09,2.27,46.0,53.8,70.0,74.7,69.2,61.7
183,1967,4.0,3.47,3.17,2.0,2.42,1.28,50.4,54.6,70.9,70.0,67.6,61.3
183,1968,3.33,6.33,6.14,3.42,4.37,2.76,50.9,55.8,69.7,72.6,72.0,63.8
183,1969,4.23,3.21,5.72,4.62,0.59,3.76,50.2,59.3,65.4,73.1,71.5,64.0
183,1970,5.14,3.79,2.26,4.85,2.04,6.0,49.4,62.6,68.6,72.7,71.2,65.6
183,1971,1.38,4.18,3.17,3.58,2.57,5.15,47.4,56.5,73.4,70.3,69.0,66.9
183,1972,5.46,3.54,2.96,3.69,3.84,7.47,47.0,61.9,65.0,72.0,70.2,64.5
183,1973,2.88,3.06,4.86,5.58,4.67,1.54,49.1,56.1,71.5,73.1,71.6,65.9
183,1974,2.83,4.37,3.63,0.45,2.79,3.47,50.8,57.3,66.6,74.3,71.1,60.4
183,1975,3.48,3.98,7.3,1.23,6.81,2.93,43.6,63.6,69.9,72.0,72.8,59.3
183,1976,2.41,2.59,3.92,4.77,1.77,2.37,51.4,57.2,70.5,72.2,68.2,61.4
183,1977,3.68,1.4,3.41,4.59,5.71,5.58,54.6,66.8,67.2,75.2,69.6,65.6
183,1978,4.38,3.13,2.47,2.92,2.91,2.24,48.4,59.0,69.0,71.6,70.9,68.5
183,1979,2.99,2.47,2.43,4.3,4.5,0.51,46.4,58.2,69.0,71.1,69.6,63.6
183,1980,2.92,2.96,4.87,4.27,7.17,3.16,47.2,60.6,67.1,75.5,73.9,65.4
183,1981,6.47,4.9,8.02,4.27,2.87,4.27,51.9,56.8,69.8,72.9,70.4,63.2
183,1982,2.69,4.09,4.07,2.67,2.53,2.49,44.1,65.8,65.1,73.5,68.8,62.8
183,1983,5.14,4.51,2.0,2.01,1.47,2.56,45.3,56.2,69.9,76.6,76.0,65.3
183,1984,2.99,5.06,2.18,4.61,1.85,3.32,47.0,55.7,72.1,70.0,72.4,62.4
183,1985,2.13,2.43,3.13,1.43,6.68,2.9,54.8,63.0,66.5,72.6,69.2,65.0
183,1986,1.99,3.7,8.44,7.1,2.84,4.98,51.7,60.8,68.9,74.6,67.4,66.3
183,1987,2.81,4.77,3.68,3.4,5.06,2.12,50.3,63.2,71.9,74.3,71.2,64.6
183,1988,3.0,1.01,0.76,4.35,3.05,3.24,48.4,62.0,71.1,75.5,74.6,63.6
183,1989,3.36,4.32,3.65,3.54,2.47,4.38,46.6,56.6,68.3,73.3,69.6,61.3
183,1990,2.78,5.0,4.7,5.37,8.29,2.45,48.6,57.1,68.6,71.1,68.9,64.4
183,1991,4.41,6.07,1.69,2.74,3.63,1.79,52.2,66.2,72.9,73.9,71.5,62.4
183,1992,3.21,2.43,2.31,6.87,2.72,6.46,47.0,58.2,64.6,70.1,66.2,61.7
183,1993,3.95,3.32,6.67,3.37,2.69,6.77,47.4,61.0,67.5,74.8,72.0,60.1
183,1994,6.36,1.86,5.97,4.43,2.41,1.69,50.8,57.0,71.3,72.0,67.2,63.7
183,1995,4.84,4.03,4.5,2.25,3.9,0.77,46.8,57.5,70.6,73.6,76.6,61.6
183,1996,3.56,6.29,5.18,6.45,2.51,2.84,46.3,57.1,69.8,69.5,72.0,63.6
183,1997,1.62,6.52,4.19,6.65,3.91,4.56,44.9,53.4,69.1,72.0,68.1,63.2
183,1998,4.81,2.22,5.2,5.13,4.2,0.81,50.9,65.6,69.5,71.7,72.0,67.4
183,1999,6.68,3.98,3.11,1.62,3.15,2.61,51.3,62.1,71.1,77.5,69.1,64.2
183,2000,2.53,5.17,7.14,2.92,3.99,3.88,48.5,62.1,68.4,70.0,70.4,63.2
183,2001,4.47,3.59,4.2,4.77,5.69,3.07,53.3,62.0,67.5,72.1,72.3,61.9
183,2002,4.11,4.96,2.68,2.94,2.43,2.47,50.9,55.8,70.9,75.9,72.7,67.3
183,2003,2.53,6.93,2.73,9.09,6.32,5.49,50.6,58.0,66.5,71.7,72.5,61.8
183,2004,0.56,7.38,5.23,5.0,6.6,1.2,51.9,63.2,67.4,70.8,66.9,65.7
183,2005,1.73,1.43,3.42,4.63,2.27,3.85,52.1,56.5,72.6,74.3,72.8,67.7
183,2006,2.72,6.24,3.03,4.19,4.47,2.63,53.2,58.2,68.5,74.3,71.5,61.0
183,2007,3.64,1.26,2.6,3.31,6.88,2.18,47.0,64.3,71.0,71.0,73.4,66.4
183,2008,2.68,4.86,4.97,2.58,1.74,4.0,51.1,56.0,70.2,72.1,70.2,66.6
183,2009,5.45,4.01,3.32,3.41,6.91,1.43,49.1,59.5,69.2,67.2,68.6,63.9
183,2010,3.9,5.38,6.7,3.5,1.78,1.63,54.5,62.6,71.6,75.1,73.4,64.8
183,2011,6.49,7.01,2.87,1.34,2.8,5.28,49.0,60.7,70.6,77.6,71.1,61.5
183,2012,0.77,1.55,1.07,4.04,4.5,2.41,50.0,65.6,70.1,78.5,69.1,62.0
183,2013,7.76,2.14,8.09,2.42,3.86,2.24,47.1,63.4,69.1,71.3,69.3,64.2
183,2014,3.9,4.03,5.32,2.13,4.23,4.4,48.6,60.2,71.0,67.4,70.4,62.0
183,2015,2.75,4.11,8.75,6.1,2.93,2.69,49.2,62.8,68.6,69.8,68.7,67.3
183,2016,2.97,3.88,5.66,2.12,5.31,4.35,49.2,58.7,70.0,73.1,74.1,67.7
183,2017,4.14,7.84,5.11,5.89,2.92,2.08,53.6,57.8,69.8,71.6,67.5,65.1
183,2018,2.35,3.41,4.71,4.52,8.4,1.68,42.0,66.3,71.1,72.7,72.3,68.1
183,2019,4.93,4.88,3.75,4.05,5.16,3.76,49.1,59.6,68.7,75.7,70.5,68.0
183,2020,2.53,4.68,2.55,2.61,3.51,1.76,45.8,57.8,70.5,75.3,70.9,63.0
183,2021,2.4,4.58,4.86,5.58,3.91,3.8,50.2,58.6,71.9,72.2,73.0,67.2
183,2022,2.75,4.46,2.19,7.36,3.18,1.53,45.3,63.1,70.5,72.8,71.0,64.2
183,2023,2.11,2.41,2.79,5.06,3.09,1.44,50.1,60.2,67.8,72.0,69.2,65.0
183,2024,6.57,4.09,3.1,4.72,1.7,1.46,51.8,64.3,71.8,71.6,71.1,67.3
183,2025,3.35,2.96,4.79,3.65,1.65,1.61,50.1,58.5,72.1,75.3,69.6,66.0
183,2026,6.94,2.68,4.15,2.72,9.25,,55.2,57.6,68.8,73.8,71.0,
